{"analytics": {
    "transformation_node": "[3, 1, 2, 3]",
    "total_records": 100000,
    "information_loss": "0.17427338920355417",
    "smallest_equivalence_class_size": 50,
    "largest_equivalence_class_size": 429,
    "num_equivalence_classes": 610,
    "num_suppressed": 1876,
    "average_equivalence_class_size": 160.85901639344263,
    "positives_percentage_per_age_bin": {
        "[57.0, 65.0]": 50.24991669443519,
        "[33.0, 41.0]": 49.48984958451667,
        "[9.0, 17.0]": 54.59978655282818,
        "[73.0, 81.0]": 55.013927576601674,
        "[1.0, 9.0]": 87.55226761016404,
        "[65.0, 73.0]": 51.102032039565636,
        "[41.0, 49.0]": 49.99471067386015,
        "[49.0, 57.0]": 50.11023622047244,
        "[25.0, 33.0]": 50.13142676900431,
        "*": 55.330490405117274,
        "[81.0, 87.0]": 86.58492607284529,
        "[17.0, 25.0]": 51.04886625439554
    },
    "positives_percentage_per_gender": {
        "Others": 40.71541815299247,
        "Male": 40.11998594306943,
        "Female": 73.14559616536849
    }
}}