distCode,distName,officeCode,officeName,shopNo,address,month,year,rcsAfsc,rcsFsc,rcsAap,totalRcs,unitsAfsc,unitsFsc,unitsAap,totalUnits,requirmentAfscQty,requirmentFscQty,requirmentAapcQty,totalReqQty,obAfscQty,obFscQty,obAapcQty,totalObQty,tobeAlloctedAfscQty,tobeAlloctedFscQty,tobeAlloctedAapcQty,totalTobeAllocatedQty,partialAllocatedPercentage,partialAllocatedAfscQty,partialAllocatedFscQty,partialAllocatedAapcQty,totalPartialAllocatedQty,finalAllocatedPercentage,finalAllocatedAfscQty,finalAllocatedFscQty,finalAllocatedAapcQty,totalFinalAllocatedQty
532,Adilabad,532001,Talamadugu,1901001,DR Depo TALAMADUGU  Talamadugu,6,2024,39,1069,0,1108,131,3259,0,3390,1365,19554,0,20919,0,2277,0,2277,1365,17277,0,18642,0,0,0,0,0,100.0,1365,17277,0,18642
532,Adilabad,532001,Talamadugu,1901002,Sunkari Ramesh  Sunkidi,6,2024,20,564,0,584,70,1807,0,1877,700,10842,0,11542,0,1008,0,1008,700,9834,0,10534,0,0,0,0,0,100.0,700,9834,0,10534
532,Adilabad,532001,Talamadugu,1901003,Sakipelli Gajanan  Umdam,6,2024,17,275,0,292,60,892,0,952,595,5352,0,5947,29,466,0,495,566,4886,0,5452,0,0,0,0,0,100.0,566,4886,0,5452
532,Adilabad,532001,Talamadugu,1901004,Rebbathi Rakesh  Lingi,6,2024,14,390,1,405,45,1302,1,1348,490,7812,10,8312,0,603,0,603,490,7209,10,7709,0,0,0,0,0,100.0,490,7209,10,7709
532,Adilabad,532001,Talamadugu,1901005,T Manohar  Kuchulapur,6,2024,156,814,0,970,528,2797,0,3325,5460,16782,0,22242,140,786,0,926,5320,15996,0,21316,0,0,0,0,0,100.0,5320,15996,0,21316
532,Adilabad,532001,Talamadugu,1901006,K Subash  Khodad,6,2024,40,490,0,530,122,1498,0,1620,1400,8988,0,10388,105,609,0,714,1295,8379,0,9674,0,0,0,0,0,100.0,1295,8379,0,9674
532,Adilabad,532001,Talamadugu,1901007,Bitla Swaroopa  Ruyyadi,6,2024,11,540,0,551,43,1628,0,1671,385,9768,0,10153,0,1074,0,1074,385,8694,0,9079,0,0,0,0,0,100.0,385,8694,0,9079
532,Adilabad,532001,Talamadugu,1901008,DR DEPO UMRI  Umri,6,2024,66,302,0,368,209,959,0,1168,2310,5754,0,8064,35,24,0,59,2275,5730,0,8005,0,0,0,0,0,100.0,2275,5730,0,8005
532,Adilabad,532001,Talamadugu,1901009,DR DEPO PALSI B  Palsi-B,6,2024,22,315,0,337,81,1159,0,1240,770,6954,0,7724,0,318,0,318,770,6636,0,7406,0,0,0,0,0,100.0,770,6636,0,7406
532,Adilabad,532001,Talamadugu,1901010,G Jyothi  Bharampur,6,2024,117,802,0,919,399,2727,0,3126,4095,16362,0,20457,0,330,0,330,4095,16032,0,20127,0,0,0,0,0,100.0,4095,16032,0,20127
532,Adilabad,532001,Talamadugu,1901011,Md Musa  Khajjarla,6,2024,9,590,1,600,28,1821,1,1850,315,10926,10,11251,64,1553,10,1627,251,9373,0,9624,0,0,0,0,0,100.0,251,9373,0,9624
532,Adilabad,532001,Talamadugu,1901012,Md Musa  Devapur,6,2024,28,835,0,863,72,2705,0,2777,980,16230,0,17210,25,252,0,277,955,15978,0,16933,0,0,0,0,0,100.0,955,15978,0,16933
532,Adilabad,532001,Talamadugu,1901013,K Ramulu  Palli -B,6,2024,23,429,0,452,70,1416,0,1486,805,8496,0,9301,0,522,0,522,805,7974,0,8779,0,0,0,0,0,100.0,805,7974,0,8779
532,Adilabad,532001,Talamadugu,1901014,A Shamrao  Palli -K,6,2024,9,172,0,181,20,544,0,564,315,3264,0,3579,35,180,0,215,280,3084,0,3364,0,0,0,0,0,100.0,280,3084,0,3364
532,Adilabad,532001,Talamadugu,1901015,Kandi Narendar  Arli -K,6,2024,64,357,0,421,234,1074,0,1308,2240,6444,0,8684,280,1278,0,1558,1960,5166,0,7126,0,0,0,0,0,100.0,1960,5166,0,7126
532,Adilabad,532001,Talamadugu,1901016,"DR DEPO PUNAGUDA  Jhari,poonaguda",6,2024,54,810,0,864,194,2815,0,3009,1890,16890,0,18780,70,1554,0,1624,1820,15336,0,17156,0,0,0,0,0,100.0,1820,15336,0,17156
532,Adilabad,532002,Tamsi,1902001,DR DEPO TAMSI-B  DR DEPOT TAMSI-B,6,2024,53,757,0,810,183,2286,0,2469,1855,13716,0,15571,0,900,0,900,1855,12816,0,14671,0,0,0,0,0,100.0,1855,12816,0,14671
532,Adilabad,532002,Tamsi,1902002,DR DEPO GIRGAON  DR DEPOT  GIRGAON,6,2024,38,449,0,487,145,1631,0,1776,1330,9786,0,11116,105,1314,0,1419,1225,8472,0,9697,0,0,0,0,0,100.0,1225,8472,0,9697
532,Adilabad,532002,Tamsi,1902003,Surram Bhumanna  1-78 WADDADI,6,2024,22,318,0,340,80,1007,0,1087,770,6042,0,6812,35,48,0,83,735,5994,0,6729,0,0,0,0,0,100.0,735,5994,0,6729
532,Adilabad,532002,Tamsi,1902004,A Mohan  HASNAPUR,6,2024,12,231,0,243,42,669,0,711,420,4014,0,4434,0,114,0,114,420,3900,0,4320,0,0,0,0,0,100.0,420,3900,0,4320
532,Adilabad,532002,Tamsi,1902005,T Rudra Devi  H.NO.2-47 PONNARI,6,2024,41,595,0,636,127,1846,0,1973,1435,11076,0,12511,0,443,0,443,1435,10633,0,12068,0,0,0,0,0,100.0,1435,10633,0,12068
532,Adilabad,532002,Tamsi,1902006,Kompelli Bhagavandlu  KAPPARLA,6,2024,28,469,0,497,85,1510,0,1595,980,9060,0,10040,0,474,0,474,980,8586,0,9566,0,0,0,0,0,100.0,980,8586,0,9566
532,Adilabad,532002,Tamsi,1902007,"Argula Suresh  3-144, KHAPPARLA",6,2024,31,418,0,449,86,1262,0,1348,1085,7572,0,8657,140,551,0,691,945,7021,0,7966,0,0,0,0,0,100.0,945,7021,0,7966
532,Adilabad,532002,Tamsi,1902009,Yelchalwar Vijaya SHG  BANDALNAGAPUR,6,2024,32,624,0,656,91,1854,0,1945,1120,11124,0,12244,0,413,0,413,1120,10711,0,11831,0,0,0,0,0,100.0,1120,10711,0,11831
532,Adilabad,532002,Tamsi,1902010,Yelchalwar Vijaya SHG  GHOTKURI,6,2024,28,345,0,373,100,932,0,1032,980,5592,0,6572,70,790,0,860,910,4802,0,5712,0,0,0,0,0,100.0,910,4802,0,5712
532,Adilabad,532002,Tamsi,1902011,K Rajitha  JAMDI,6,2024,28,328,0,356,87,988,0,1075,980,5928,0,6908,105,522,0,627,875,5406,0,6281,0,0,0,0,0,100.0,875,5406,0,6281
532,Adilabad,532004,Jainad,1904001,Thouta Adella Bai  Jainath,6,2024,35,724,0,759,101,2117,0,2218,1225,12702,0,13927,70,1368,0,1438,1155,11334,0,12489,0,0,0,0,0,100.0,1155,11334,0,12489
532,Adilabad,532004,Jainad,1904002,Kopula Laxmi  Jainath,6,2024,48,654,0,702,130,1851,0,1981,1680,11106,0,12786,0,262,0,262,1680,10844,0,12524,0,0,0,0,0,100.0,1680,10844,0,12524
532,Adilabad,532004,Jainad,1904003,Kole Dada Rao  Nirala,6,2024,21,469,0,490,67,1562,0,1629,735,9372,0,10107,0,828,0,828,735,8544,0,9279,0,0,0,0,0,100.0,735,8544,0,9279
532,Adilabad,532004,Jainad,1904004,A Ganganna  Laxmipur,6,2024,30,517,0,547,95,1561,0,1656,1050,9366,0,10416,35,780,0,815,1015,8586,0,9601,0,0,0,0,0,100.0,1015,8586,0,9601
532,Adilabad,532004,Jainad,1904005,Vemula Gangamani  Deepaiguda,6,2024,41,730,0,771,117,2086,0,2203,1435,12516,0,13951,0,1530,0,1530,1435,10986,0,12421,0,0,0,0,0,100.0,1435,10986,0,12421
532,Adilabad,532004,Jainad,1904006,Goukar Waman  Bahdurpur,6,2024,34,403,0,437,94,1133,0,1227,1190,6798,0,7988,35,246,0,281,1155,6552,0,7707,0,0,0,0,0,100.0,1155,6552,0,7707
532,Adilabad,532004,Jainad,1904007,Sama Sunitha  Kura,6,2024,35,419,0,454,113,1240,0,1353,1225,7440,0,8665,0,538,0,538,1225,6902,0,8127,0,0,0,0,0,100.0,1225,6902,0,8127
532,Adilabad,532004,Jainad,1904008,Buradkar Akhil  Makoda,6,2024,13,193,0,206,38,548,0,586,455,3288,0,3743,0,186,0,186,455,3102,0,3557,0,0,0,0,0,100.0,455,3102,0,3557
532,Adilabad,532004,Jainad,1904009,M Santosh  Belgaon,6,2024,23,363,0,386,59,1110,0,1169,805,6660,0,7465,70,1008,0,1078,735,5652,0,6387,0,0,0,0,0,100.0,735,5652,0,6387
532,Adilabad,532004,Jainad,1904010,Kusuma Premala Bai  Khapri,6,2024,21,345,0,366,58,978,0,1036,735,5868,0,6603,35,912,0,947,700,4956,0,5656,0,0,0,0,0,100.0,700,4956,0,5656
532,Adilabad,532004,Jainad,1904011,Akula Pothanna  Umri,6,2024,19,100,0,119,60,278,0,338,665,1668,0,2333,0,198,0,198,665,1470,0,2135,0,0,0,0,0,100.0,665,1470,0,2135
532,Adilabad,532004,Jainad,1904012,Akula Pothanna  Karanji,6,2024,30,366,0,396,92,1171,0,1263,1050,7026,0,8076,0,1254,0,1254,1050,5772,0,6822,0,0,0,0,0,100.0,1050,5772,0,6822
532,Adilabad,532004,Jainad,1904013,B Ashamma  Ada,6,2024,16,359,0,375,48,1029,0,1077,560,6174,0,6734,0,486,0,486,560,5688,0,6248,0,0,0,0,0,100.0,560,5688,0,6248
532,Adilabad,532004,Jainad,1904014,Sudamreddy Gummadi  Kamta,6,2024,20,278,0,298,65,813,0,878,700,4878,0,5578,0,390,0,390,700,4488,0,5188,0,0,0,0,0,100.0,700,4488,0,5188
532,Adilabad,532004,Jainad,1904015,R Ramanna  Pippalgaon,6,2024,6,109,0,115,20,301,0,321,210,1806,0,2016,0,6,0,6,210,1800,0,2010,0,0,0,0,0,100.0,210,1800,0,2010
532,Adilabad,532004,Jainad,1904016,Kamde Supriya  Balapur,6,2024,50,576,0,626,156,1815,0,1971,1750,10890,0,12640,70,726,0,796,1680,10164,0,11844,0,0,0,0,0,100.0,1680,10164,0,11844
532,Adilabad,532004,Jainad,1904017,Boyar Kavishwar  Sawapur,6,2024,8,230,0,238,24,726,0,750,280,4356,0,4636,0,544,0,544,280,3812,0,4092,0,0,0,0,0,100.0,280,3812,0,4092
532,Adilabad,532004,Jainad,1904018,Athram Mohan  Lekarwada,6,2024,14,303,0,317,42,960,0,1002,490,5760,0,6250,35,942,0,977,455,4818,0,5273,0,0,0,0,0,100.0,455,4818,0,5273
532,Adilabad,532004,Jainad,1904019,Ch Kishan  Pendalwada,6,2024,55,591,0,646,160,1807,0,1967,1925,10842,0,12767,105,1031,0,1136,1820,9811,0,11631,0,0,0,0,0,100.0,1820,9811,0,11631
532,Adilabad,532004,Jainad,1904020,Sidam Abhiman  Sankgvi -K,6,2024,29,386,0,415,69,1118,0,1187,1015,6708,0,7723,105,966,0,1071,910,5742,0,6652,0,0,0,0,0,100.0,910,5742,0,6652
532,Adilabad,532004,Jainad,1904021,N Durga  Kouta,6,2024,43,425,0,468,145,1240,0,1385,1505,7440,0,8945,70,756,0,826,1435,6684,0,8119,0,0,0,0,0,100.0,1435,6684,0,8119
532,Adilabad,532004,Jainad,1904022,B Jitendar  Taroda -B,6,2024,7,278,0,285,28,839,0,867,245,5034,0,5279,0,504,0,504,245,4530,0,4775,0,0,0,0,0,100.0,245,4530,0,4775
532,Adilabad,532004,Jainad,1904023,B Jitendar  Hashampur,6,2024,8,116,0,124,30,340,0,370,280,2040,0,2320,0,246,0,246,280,1794,0,2074,0,0,0,0,0,100.0,280,1794,0,2074
532,Adilabad,532004,Jainad,1904024,K Godavari  Bhoraj,6,2024,2,309,0,311,7,898,0,905,70,5388,0,5458,0,366,0,366,70,5022,0,5092,0,0,0,0,0,100.0,70,5022,0,5092
532,Adilabad,532004,Jainad,1904025,Vanitha  Guda,6,2024,9,613,0,622,36,1964,0,2000,315,11784,0,12099,0,906,0,906,315,10878,0,11193,0,0,0,0,0,100.0,315,10878,0,11193
532,Adilabad,532004,Jainad,1904026,Athram Dattu  Rampur -T,6,2024,11,219,0,230,26,658,0,684,385,3948,0,4333,70,450,0,520,315,3498,0,3813,0,0,0,0,0,100.0,315,3498,0,3813
532,Adilabad,532004,Jainad,1904027,Rauth Surekha  Gimma -B,6,2024,1,661,0,662,2,1981,0,1983,35,11886,0,11921,0,888,0,888,35,10998,0,11033,0,0,0,0,0,100.0,35,10998,0,11033
532,Adilabad,532004,Jainad,1904028,Adellu Bollu  Korata,6,2024,7,220,0,227,18,620,0,638,245,3720,0,3965,0,744,0,744,245,2976,0,3221,0,0,0,0,0,100.0,245,2976,0,3221
532,Adilabad,532004,Jainad,1904029,L Gajanand  Akoli,6,2024,19,312,0,331,66,886,0,952,665,5316,0,5981,0,594,0,594,665,4722,0,5387,0,0,0,0,0,100.0,665,4722,0,5387
532,Adilabad,532004,Jainad,1904030,B Raju  Kamai,6,2024,13,165,0,178,42,460,0,502,455,2760,0,3215,0,42,0,42,455,2718,0,3173,0,0,0,0,0,100.0,455,2718,0,3173
532,Adilabad,532004,Jainad,1904031,A Shailaja  Mandagada,6,2024,29,352,0,381,83,1033,0,1116,1015,6198,0,7213,0,484,0,484,1015,5714,0,6729,0,0,0,0,0,100.0,1015,5714,0,6729
532,Adilabad,532004,Jainad,1904032,V Vittal  Pipprwada,6,2024,21,402,0,423,80,1250,0,1330,735,7500,0,8235,0,0,0,0,735,7500,0,8235,0,0,0,0,0,100.0,735,7500,0,8235
532,Adilabad,532004,Jainad,1904033,Vanitha  Poosai,6,2024,5,196,0,201,16,581,0,597,175,3486,0,3661,0,270,0,270,175,3216,0,3391,0,0,0,0,0,100.0,175,3216,0,3391
532,Adilabad,532004,Jainad,1904034,Kinaka Krishnaveni  Pardi -B,6,2024,9,308,0,317,25,893,0,918,315,5358,0,5673,35,1032,0,1067,280,4326,0,4606,0,0,0,0,0,100.0,280,4326,0,4606
532,Adilabad,532004,Jainad,1904035,G Narsing  Mangurla,6,2024,34,238,0,272,108,785,0,893,1190,4710,0,5900,70,582,0,652,1120,4128,0,5248,0,0,0,0,0,100.0,1120,4128,0,5248
532,Adilabad,532004,Jainad,1904036,Venu  Sundaragiri,6,2024,21,155,0,176,55,445,0,500,735,2670,0,3405,105,318,0,423,630,2352,0,2982,0,0,0,0,0,100.0,630,2352,0,2982
532,Adilabad,532004,Jainad,1904037,Sidam Kavishwar  Kanapa Mediguda,6,2024,16,607,0,623,49,1800,0,1849,560,10800,0,11360,10,1339,0,1349,550,9461,0,10011,0,0,0,0,0,100.0,550,9461,0,10011
532,Adilabad,532004,Jainad,1904038,M Shankar  Janimi,6,2024,125,349,0,474,405,1172,0,1577,4375,7032,0,11407,350,828,0,1178,4025,6204,0,10229,0,0,0,0,0,100.0,4025,6204,0,10229
532,Adilabad,532005,Bela,1905001,DR Depo BELA  BELA,6,2024,40,729,0,769,131,2250,0,2381,1400,13500,0,14900,0,1722,0,1722,1400,11778,0,13178,0,0,0,0,0,100.0,1400,11778,0,13178
532,Adilabad,532005,Bela,1905002,N RAMESH  BHADI,6,2024,8,421,0,429,30,1368,0,1398,280,8208,0,8488,0,534,0,534,280,7674,0,7954,0,0,0,0,0,100.0,280,7674,0,7954
532,Adilabad,532005,Bela,1905003,A MOHAN REDDY  SIRSANNA,6,2024,39,500,0,539,120,1542,0,1662,1365,9252,0,10617,0,763,0,763,1365,8489,0,9854,0,0,0,0,0,100.0,1365,8489,0,9854
532,Adilabad,532005,Bela,1905004,B LATHA  GUDA,6,2024,16,313,0,329,52,971,0,1023,560,5826,0,6386,0,348,0,348,560,5478,0,6038,0,0,0,0,0,100.0,560,5478,0,6038
532,Adilabad,532005,Bela,1905005,JAKKULA YOGESH  AWALPUR,6,2024,30,387,0,417,86,1113,0,1199,1050,6678,0,7728,0,768,0,768,1050,5910,0,6960,0,0,0,0,0,100.0,1050,5910,0,6960
532,Adilabad,532005,Bela,1905006,Ch Shamala  Doptala,6,2024,14,410,0,424,45,1257,0,1302,490,7542,0,8032,0,444,0,444,490,7098,0,7588,0,0,0,0,0,100.0,490,7098,0,7588
532,Adilabad,532005,Bela,1905007,V Ravinder  Dahegoan,6,2024,38,480,0,518,133,1519,0,1652,1330,9114,0,10444,35,654,0,689,1295,8460,0,9755,0,0,0,0,0,100.0,1295,8460,0,9755
532,Adilabad,532005,Bela,1905008,Mesram Vilas  Mohabbatpur,6,2024,17,221,0,238,60,658,0,718,595,3948,0,4543,0,966,0,966,595,2982,0,3577,0,0,0,0,0,100.0,595,2982,0,3577
532,Adilabad,532005,Bela,1905009,G Pushpa  Bhedoda,6,2024,28,382,0,410,96,1095,0,1191,980,6570,0,7550,0,360,0,360,980,6210,0,7190,0,0,0,0,0,100.0,980,6210,0,7190
532,Adilabad,532005,Bela,1905010,"N Anitha  Junoni,warnoor",6,2024,33,446,0,479,110,1467,0,1577,1155,8802,0,9957,0,54,0,54,1155,8748,0,9903,0,0,0,0,0,100.0,1155,8748,0,9903
532,Adilabad,532005,Bela,1905011,P Rajeshwar  Patan,6,2024,17,251,0,268,61,769,0,830,595,4614,0,5209,0,576,0,576,595,4038,0,4633,0,0,0,0,0,100.0,595,4038,0,4633
532,Adilabad,532005,Bela,1905012,B Jeevan  Sangidi,6,2024,63,620,0,683,209,1831,0,2040,2205,10986,0,13191,70,852,0,922,2135,10134,0,12269,0,0,0,0,0,100.0,2135,10134,0,12269
532,Adilabad,532005,Bela,1905013,T Gambheer  Kapsi-B,6,2024,2,230,0,232,7,671,0,678,70,4026,0,4096,35,330,0,365,35,3696,0,3731,0,0,0,0,0,100.0,35,3696,0,3731
532,Adilabad,532005,Bela,1905014,"M Shesh Rao  Kobbai,Magroola",6,2024,35,580,0,615,117,1780,0,1897,1225,10680,0,11905,35,686,0,721,1190,9994,0,11184,0,0,0,0,0,100.0,1190,9994,0,11184
532,Adilabad,532005,Bela,1905015,M Sangeetha  Khogdur,6,2024,12,426,0,438,46,1280,0,1326,420,7680,0,8100,0,540,0,540,420,7140,0,7560,0,0,0,0,0,100.0,420,7140,0,7560
532,Adilabad,532005,Bela,1905016,P Udhav  Pitgaon,6,2024,19,159,0,178,77,519,0,596,665,3114,0,3779,0,198,0,198,665,2916,0,3581,0,0,0,0,0,100.0,665,2916,0,3581
532,Adilabad,532005,Bela,1905017,"R Amul  Ponnala,Ramkam",6,2024,12,301,0,313,43,962,0,1005,420,5772,0,6192,0,312,0,312,420,5460,0,5880,0,0,0,0,0,100.0,420,5460,0,5880
532,Adilabad,532005,Bela,1905018,Madavi Vijay  Karoni -B,6,2024,26,288,0,314,110,937,0,1047,910,5622,0,6532,0,846,0,846,910,4776,0,5686,0,0,0,0,0,100.0,910,4776,0,5686
532,Adilabad,532005,Bela,1905019,S Eshwerdas  Sonkhas Kadki,6,2024,17,412,0,429,72,1316,0,1388,595,7896,0,8491,35,1428,0,1463,560,6468,0,7028,0,0,0,0,0,100.0,560,6468,0,7028
532,Adilabad,532005,Bela,1905020,DR Depo CHANDPALLY  SDRD Chandpally,6,2024,8,333,0,341,36,1049,0,1085,280,6294,0,6574,0,516,0,516,280,5778,0,6058,0,0,0,0,0,100.0,280,5778,0,6058
532,Adilabad,532005,Bela,1905021,M Nagorao  Chaprala,6,2024,37,567,0,604,104,1743,0,1847,1295,10458,0,11753,70,1195,0,1265,1225,9263,0,10488,0,0,0,0,0,100.0,1225,9263,0,10488
532,Adilabad,532005,Bela,1905022,"Athram Kishan  Takli,Bhavani Guda",6,2024,30,386,0,416,103,1179,0,1282,1050,7074,0,8124,0,600,0,600,1050,6474,0,7524,0,0,0,0,0,100.0,1050,6474,0,7524
532,Adilabad,532005,Bela,1905023,"Madavi Potu  Masala-B,Masala -K",6,2024,73,285,0,358,224,945,0,1169,2555,5670,0,8225,70,342,0,412,2485,5328,0,7813,0,0,0,0,0,100.0,2485,5328,0,7813
532,Adilabad,532005,Bela,1905024,DR Depo SAYEEDPUR  DRDepo Sayeedpur,6,2024,110,1004,0,1114,312,3831,0,4143,3850,22986,0,26836,210,1566,0,1776,3640,21420,0,25060,0,0,0,0,0,100.0,3640,21420,0,25060
532,Adilabad,532005,Bela,1905025,DR Depo TOYAGUDA  SDRD Toyaguda,6,2024,24,325,0,349,73,1203,0,1276,840,7218,0,8058,35,351,0,386,805,6867,0,7672,0,0,0,0,0,100.0,805,6867,0,7672
532,Adilabad,532005,Bela,1905026,KAMBLE NAVANEET  Bela,6,2024,35,520,0,555,106,1785,0,1891,1225,10710,0,11935,0,144,0,144,1225,10566,0,11791,0,0,0,0,0,100.0,1225,10566,0,11791
532,Adilabad,532006,Narnoor,1906001,DR DEPO NARNOOR  NARNOOR,6,2024,107,933,5,1045,369,3183,5,3557,3745,19098,50,22893,455,3744,40,4239,3290,15354,10,18654,0,0,0,0,0,100.0,3290,15354,10,18654
532,Adilabad,532006,Narnoor,1906002,DR DEPO BHEEMPUR  Bheempoor,6,2024,60,398,3,461,170,1322,3,1495,2100,7932,30,10062,0,1074,0,1074,2100,6858,30,8988,0,0,0,0,0,100.0,2100,6858,30,8988
532,Adilabad,532006,Narnoor,1906003,Mesram Vimala  Gunajala,6,2024,43,503,1,547,129,1835,1,1965,1505,11010,10,12525,210,2497,0,2707,1295,8513,10,9818,0,0,0,0,0,100.0,1295,8513,10,9818
532,Adilabad,532006,Narnoor,1906004,DR DEPO KOTHAPALLY H  Kothapally H,6,2024,64,289,5,358,196,1031,5,1232,2240,6186,50,8476,210,798,30,1038,2030,5388,20,7438,0,0,0,0,0,100.0,2030,5388,20,7438
532,Adilabad,532006,Narnoor,1906005,Rathod Anitha  Mahagaon,6,2024,62,451,37,550,184,1777,37,1998,2170,10662,370,13202,175,234,160,569,1995,10428,210,12633,0,0,0,0,0,100.0,1995,10428,210,12633
532,Adilabad,532006,Narnoor,1906006,J Balaji  Thadihatnoor,6,2024,127,918,4,1049,401,3125,4,3530,4445,18750,40,23235,525,7095,20,7640,3920,11655,20,15595,0,0,0,0,0,100.0,3920,11655,20,15595
532,Adilabad,532006,Narnoor,1906007,Jadhav Savithra Bai  Nagalkonda,6,2024,31,670,0,701,93,2353,0,2446,1085,14118,0,15203,70,391,0,461,1015,13727,0,14742,0,0,0,0,0,100.0,1015,13727,0,14742
532,Adilabad,532006,Narnoor,1906008,G Thirupathi  Balanpoor,6,2024,24,226,1,251,70,853,1,924,840,5118,10,5968,315,234,0,549,525,4884,10,5419,0,0,0,0,0,100.0,525,4884,10,5419
532,Adilabad,532006,Narnoor,1906009,Ganesh Rathod  Umri,6,2024,68,500,15,583,198,1823,15,2036,2380,10938,150,13468,35,426,30,491,2345,10512,120,12977,0,0,0,0,0,100.0,2345,10512,120,12977
532,Adilabad,532006,Narnoor,1906011,DR DEPO SUNGAPUR  Sungapoor,6,2024,106,406,16,528,325,1543,16,1884,3710,9258,160,13128,490,1255,80,1825,3220,8003,80,11303,0,0,0,0,0,100.0,3220,8003,80,11303
532,Adilabad,532006,Narnoor,1906012,Pawar Santhosh  Chorgaon,6,2024,17,295,2,314,61,1099,2,1162,595,6594,20,7209,0,534,0,534,595,6060,20,6675,0,0,0,0,0,100.0,595,6060,20,6675
532,Adilabad,532006,Narnoor,1906016,Rathod Prahlad  Khairdatwa,6,2024,48,321,0,369,138,1185,0,1323,1680,7110,0,8790,35,1110,0,1145,1645,6000,0,7645,0,0,0,0,0,100.0,1645,6000,0,7645
532,Adilabad,532006,Narnoor,1906022,DR DEPO MALANGI  Malangi,6,2024,30,401,8,439,90,1436,8,1534,1050,8616,80,9746,0,54,0,54,1050,8562,80,9692,0,0,0,0,0,100.0,1050,8562,80,9692
532,Adilabad,532006,Narnoor,1906023,Jugnak Jugu Devi Mahalaxmi SHG  Mankapoor,6,2024,13,467,5,485,36,1647,5,1688,455,9882,50,10387,35,258,20,313,420,9624,30,10074,0,0,0,0,0,100.0,420,9624,30,10074
532,Adilabad,532007,Indravelly,1907001,DR Depo Indervelly  INDERVELLY,6,2024,136,1346,0,1482,398,4646,0,5044,4760,27876,0,32636,140,1249,0,1389,4620,26627,0,31247,0,0,0,0,0,100.0,4620,26627,0,31247
532,Adilabad,532007,Indravelly,1907002,Rathod Thavraya  DEVAPUR FP SHOP INDERVELLY (I/C),6,2024,45,880,0,925,125,2949,0,3074,1575,17694,0,19269,35,294,0,329,1540,17400,0,18940,0,0,0,0,0,100.0,1540,17400,0,18940
532,Adilabad,532007,Indravelly,1907003,Rathod Savithra Bai  MARKAGUDA H/O INDERVELLY,6,2024,169,681,0,850,516,2393,0,2909,5915,14358,0,20273,280,0,0,280,5635,14358,0,19993,0,0,0,0,0,100.0,5635,14358,0,19993
532,Adilabad,532007,Indravelly,1907004,DR Depo Wadagaon  D.R.DEPOT. WADGOAN,6,2024,95,1040,0,1135,310,3711,0,4021,3325,22266,0,25591,145,6294,0,6439,3180,15972,0,19152,0,0,0,0,0,100.0,3180,15972,0,19152
532,Adilabad,532007,Indravelly,1907005,Athram Paikubai SHG  DHODANDA,6,2024,49,366,0,415,141,1297,0,1438,1715,7782,0,9497,35,511,0,546,1680,7271,0,8951,0,0,0,0,0,100.0,1680,7271,0,8951
532,Adilabad,532007,Indravelly,1907006,Adey Dhanraj  Muthnur,6,2024,69,505,0,574,191,1720,0,1911,2415,10320,0,12735,385,618,0,1003,2030,9702,0,11732,0,0,0,0,0,100.0,2030,9702,0,11732
532,Adilabad,532007,Indravelly,1907007,Adey Dhanraj  GINNERA,6,2024,100,520,0,620,312,1970,0,2282,3500,11820,0,15320,70,217,0,287,3430,11603,0,15033,0,0,0,0,0,100.0,3430,11603,0,15033
532,Adilabad,532007,Indravelly,1907008,DR Depo Shankarguda  D.R.DEPOT. SHANKARGUDA,6,2024,28,261,0,289,70,860,0,930,980,5160,0,6140,0,624,0,624,980,4536,0,5516,0,0,0,0,0,100.0,980,4536,0,5516
532,Adilabad,532007,Indravelly,1907009,DR Depo Keslapur  KESLAPUR,6,2024,30,262,0,292,93,941,0,1034,1050,5646,0,6696,105,462,0,567,945,5184,0,6129,0,0,0,0,0,100.0,945,5184,0,6129
532,Adilabad,532007,Indravelly,1907010,DR Depo Dasnapur  D.R.DEPOT. DASNAPUR,6,2024,104,804,0,908,309,2966,0,3275,3640,17796,0,21436,245,1500,0,1745,3395,16296,0,19691,0,0,0,0,0,100.0,3395,16296,0,19691
532,Adilabad,532007,Indravelly,1907014,Jadhav Kubber Singh  DHANORA---B,6,2024,164,513,0,677,453,1806,0,2259,5740,10836,0,16576,35,642,0,677,5705,10194,0,15899,0,0,0,0,0,100.0,5705,10194,0,15899
532,Adilabad,532007,Indravelly,1907015,Rathod Thavraya  DEVAPUR,6,2024,43,380,0,423,140,1330,0,1470,1505,7980,0,9485,35,216,0,251,1470,7764,0,9234,0,0,0,0,0,100.0,1470,7764,0,9234
532,Adilabad,532007,Indravelly,1907016,DR Depo Gourapur  D.R.DEPOT. GOURAPUR,6,2024,62,727,0,789,201,2757,0,2958,2170,16542,0,18712,0,486,0,486,2170,16056,0,18226,0,0,0,0,0,100.0,2170,16056,0,18226
532,Adilabad,532007,Indravelly,1907017,Jadhav Kubber Singh  YEMAIKUNTA,6,2024,55,361,0,416,163,1367,0,1530,1925,8202,0,10127,0,108,0,108,1925,8094,0,10019,0,0,0,0,0,100.0,1925,8094,0,10019
532,Adilabad,532007,Indravelly,1907018,Jadhav Sanjeev Kumar  HARKAPUR,6,2024,83,347,0,430,279,1208,0,1487,2905,7248,0,10153,35,576,0,611,2870,6672,0,9542,0,0,0,0,0,100.0,2870,6672,0,9542
532,Adilabad,532007,Indravelly,1907102,DR Depo Keslaguda  Keslaguda,6,2024,19,175,0,194,60,614,0,674,665,3684,0,4349,525,1440,0,1965,140,2244,0,2384,0,0,0,0,0,100.0,140,2244,0,2384
532,Adilabad,532008,Gudihathnur,1908001,DR Depo Gudihathnoor  2-3 DR DEPT GUDIHATHNOOR,6,2024,98,1506,4,1608,375,5165,4,5544,3430,30990,40,34460,0,7656,10,7666,3430,23334,30,26794,0,0,0,0,0,100.0,3430,23334,30,26794
532,Adilabad,532008,Gudihathnur,1908002,N Srinivas  1-5/1    GUDIHATHNOOR,6,2024,72,976,3,1051,238,3291,3,3532,2520,19746,30,22296,0,8,10,18,2520,19738,20,22278,0,0,0,0,0,100.0,2520,19738,20,22278
532,Adilabad,532008,Gudihathnur,1908003,Thagre Narpatha Bai  KOLHARI,6,2024,39,607,1,647,131,2074,1,2206,1365,12444,10,13819,0,563,0,563,1365,11881,10,13256,0,0,0,0,0,100.0,1365,11881,10,13256
532,Adilabad,532008,Gudihathnur,1908004,Ravinder G  4-25 TOSHAM,6,2024,33,502,0,535,118,1738,0,1856,1155,10428,0,11583,0,885,0,885,1155,9543,0,10698,0,0,0,0,0,100.0,1155,9543,0,10698
532,Adilabad,532008,Gudihathnur,1908005,Parchaki Lachu  SEETAGONDI,6,2024,69,523,0,592,241,1781,0,2022,2415,10686,0,13101,0,366,0,366,2415,10320,0,12735,0,0,0,0,0,100.0,2415,10320,0,12735
532,Adilabad,532008,Gudihathnur,1908006,Kamre Vithal  H.NO. 1-73 KAMLAPUR,6,2024,78,389,0,467,232,1272,0,1504,2730,7632,0,10362,0,192,0,192,2730,7440,0,10170,0,0,0,0,0,100.0,2730,7440,0,10170
532,Adilabad,532008,Gudihathnur,1908007,DR Depo Shanthapur  Shanthapur,6,2024,37,564,5,606,120,1883,5,2008,1295,11298,50,12643,0,1146,10,1156,1295,10152,40,11487,0,0,0,0,0,100.0,1295,10152,40,11487
532,Adilabad,532008,Gudihathnur,1908008,K Srinivas  4-27/1 MANNUR,6,2024,55,607,1,663,195,2083,1,2279,1925,12498,10,14433,140,930,0,1070,1785,11568,10,13363,0,0,0,0,0,100.0,1785,11568,10,13363
532,Adilabad,532008,Gudihathnur,1908009,Jadhav Gourishankar  Gudihathnoor,6,2024,60,546,1,607,202,1851,1,2054,2100,11106,10,13216,0,0,10,10,2100,11106,0,13206,0,0,0,0,0,100.0,2100,11106,0,13206
532,Adilabad,532008,Gudihathnur,1908010,Sedmaki Bheem Rao  Tosham,6,2024,54,516,0,570,174,1784,0,1958,1890,10704,0,12594,0,972,0,972,1890,9732,0,11622,0,0,0,0,0,100.0,1890,9732,0,11622
532,Adilabad,532008,Gudihathnur,1908011,Patne Baliram  Mannur,6,2024,27,742,0,769,96,2437,0,2533,945,14622,0,15567,35,48,0,83,910,14574,0,15484,0,0,0,0,0,100.0,910,14574,0,15484
532,Adilabad,532008,Gudihathnur,1908012,K Srinivas  Sub-DR Depot Suryaguda H/o Umri,6,2024,23,286,3,312,82,1055,3,1140,805,6330,30,7165,70,2988,20,3078,735,3342,10,4087,0,0,0,0,0,100.0,735,3342,10,4087
532,Adilabad,532009,Ichoda,1909001,DR Depo Ichoda  DR.DEPOT ICHODA,6,2024,152,613,4,769,447,2062,5,2514,5320,12372,40,17732,105,270,0,375,5215,12102,40,17357,0,0,0,0,0,100.0,5215,12102,40,17357
532,Adilabad,532009,Ichoda,1909002,Padigela Rajeshwar  ICHODA,6,2024,65,674,1,740,180,2292,1,2473,2275,13752,10,16037,175,3915,10,4100,2100,9837,0,11937,0,0,0,0,0,100.0,2100,9837,0,11937
532,Adilabad,532009,Ichoda,1909003,Battula Ushanna  ICHODA,6,2024,30,665,1,696,86,2609,1,2696,1050,15654,10,16714,0,534,0,534,1050,15120,10,16180,0,0,0,0,0,100.0,1050,15120,10,16180
532,Adilabad,532009,Ichoda,1909004,M Satyanarayana  ICHODA,6,2024,32,619,1,652,88,2139,1,2228,1120,12834,10,13964,0,1516,0,1516,1120,11318,10,12448,0,0,0,0,0,100.0,1120,11318,10,12448
532,Adilabad,532009,Ichoda,1909005,Sonna Subhash  BOREGAON,6,2024,44,864,2,910,134,2601,2,2737,1540,15606,20,17166,175,4398,0,4573,1365,11208,20,12593,0,0,0,0,0,100.0,1365,11208,20,12593
532,Adilabad,532009,Ichoda,1909006,Padigela Rajeshwar  MADHAPUR,6,2024,17,317,3,337,47,1172,3,1222,595,7032,30,7657,35,1014,10,1059,560,6018,20,6598,0,0,0,0,0,100.0,560,6018,20,6598
532,Adilabad,532009,Ichoda,1909007,Jadav Naresh  MUKRA---K,6,2024,32,603,1,636,108,2106,1,2215,1120,12636,10,13766,0,1272,10,1282,1120,11364,0,12484,0,0,0,0,0,100.0,1120,11364,0,12484
532,Adilabad,532009,Ichoda,1909008,Narala Kaveri  KOKASMANUUR,6,2024,43,583,1,627,145,1963,1,2109,1505,11778,10,13293,70,987,0,1057,1435,10791,10,12236,0,0,0,0,0,100.0,1435,10791,10,12236
532,Adilabad,532009,Ichoda,1909009,Palve Sanjeev  ADEGAON---K,6,2024,39,639,3,681,131,2071,3,2205,1365,12426,30,13821,175,870,0,1045,1190,11556,30,12776,0,0,0,0,0,100.0,1190,11556,30,12776
532,Adilabad,532009,Ichoda,1909010,Musle Vinayak Rao  GERJAM,6,2024,53,893,3,949,162,3030,3,3195,1855,18180,30,20065,0,1272,0,1272,1855,16908,30,18793,0,0,0,0,0,100.0,1855,16908,30,18793
532,Adilabad,532009,Ichoda,1909013,Kodapa Jangubabu  TALAMADRI,6,2024,20,351,2,373,65,1095,2,1162,700,6570,20,7290,35,60,0,95,665,6510,20,7195,0,0,0,0,0,100.0,665,6510,20,7195
532,Adilabad,532009,Ichoda,1909015,Jadhav Srihari  DHABA-B,6,2024,31,374,2,407,114,1394,2,1510,1085,8364,20,9469,75,1758,10,1843,1010,6606,10,7626,0,0,0,0,0,100.0,1010,6606,10,7626
532,Adilabad,532009,Ichoda,1909016,Durva Krishna  NARSAPUR,6,2024,32,510,1,543,82,1718,1,1801,1120,10308,10,11438,280,1003,0,1283,840,9305,10,10155,0,0,0,0,0,100.0,840,9305,10,10155
532,Adilabad,532009,Ichoda,1909017,DR Depo Sirichelma  SIRICHELMA,6,2024,24,650,2,676,65,2266,2,2333,840,13596,20,14456,140,1275,10,1425,700,12321,10,13031,0,0,0,0,0,100.0,700,12321,10,13031
532,Adilabad,532009,Ichoda,1909018,D Tharachand  GUNDALA,6,2024,23,678,2,703,66,2923,2,2991,805,17538,20,18363,0,1500,10,1510,805,16038,10,16853,0,0,0,0,0,100.0,805,16038,10,16853
532,Adilabad,532009,Ichoda,1909020,Md Mustafa  KESHAVAPATANAM,6,2024,35,612,3,650,92,2958,3,3053,1225,17748,30,19003,41,330,10,381,1184,17418,20,18622,0,0,0,0,0,100.0,1184,17418,20,18622
532,Adilabad,532009,Ichoda,1909021,Dukre Tulasiram  MANKAPUR,6,2024,40,409,0,449,114,1471,0,1585,1400,8826,0,10226,140,264,0,404,1260,8562,0,9822,0,0,0,0,0,100.0,1260,8562,0,9822
532,Adilabad,532009,Ichoda,1909022,Basha Bhojanna  MALYAL,6,2024,37,618,0,655,120,2152,0,2272,1295,12912,0,14207,105,540,0,645,1190,12372,0,13562,0,0,0,0,0,100.0,1190,12372,0,13562
532,Adilabad,532009,Ichoda,1909024,Sub DR Depo Babjipet  H.NO.1-56 Babjipet vg.of Ichoda,6,2024,5,125,0,130,16,450,0,466,175,2700,0,2875,0,60,0,60,175,2640,0,2815,0,0,0,0,0,100.0,175,2640,0,2815
532,Adilabad,532010,Bajarhathnoor,1910001,B Sarashwathi  Bazarhathnoor-I H.No.3-160,6,2024,10,314,0,324,33,936,0,969,350,5616,0,5966,0,1626,0,1626,350,3990,0,4340,0,0,0,0,0,100.0,350,3990,0,4340
532,Adilabad,532010,Bajarhathnoor,1910002,B Sarashwathi  Bazarhathnoor,6,2024,11,317,0,328,34,973,0,1007,385,5838,0,6223,0,0,0,0,385,5838,0,6223,0,0,0,0,0,100.0,385,5838,0,6223
532,Adilabad,532010,Bajarhathnoor,1910003,"DR Depo Bazarhathnoor  Bazarhathnoor-III, Belding",6,2024,96,477,0,573,293,1508,0,1801,3360,9048,0,12408,700,2898,0,3598,2660,6150,0,8810,0,0,0,0,0,100.0,2660,6150,0,8810
532,Adilabad,532010,Bajarhathnoor,1910004,"Jalke Drupatha Bai  H.No.4-14, Bazarhathnoor",6,2024,14,312,0,326,40,1003,0,1043,490,6018,0,6508,0,6,0,6,490,6012,0,6502,0,0,0,0,0,100.0,490,6012,0,6502
532,Adilabad,532010,Bajarhathnoor,1910005,U GIRIDHAR  DAHEGOAN-I,6,2024,16,254,0,270,50,734,0,784,560,4404,0,4964,0,18,0,18,560,4386,0,4946,0,0,0,0,0,100.0,560,4386,0,4946
532,Adilabad,532010,Bajarhathnoor,1910006,Ramelly Poshetty  DAHEGOAN-II,6,2024,25,340,0,365,84,998,0,1082,875,5988,0,6863,210,882,0,1092,665,5106,0,5771,0,0,0,0,0,100.0,665,5106,0,5771
532,Adilabad,532010,Bajarhathnoor,1910007,Swarnalatha  TEMBI,6,2024,40,649,0,689,136,2317,0,2453,1400,13902,0,15302,70,1452,0,1522,1330,12450,0,13780,0,0,0,0,0,100.0,1330,12450,0,13780
532,Adilabad,532010,Bajarhathnoor,1910008,"K Ramesh Reddy  H.No.2-64/1, Pipri",6,2024,21,537,0,558,47,1484,0,1531,735,8904,0,9639,35,1122,0,1157,700,7782,0,8482,0,0,0,0,0,100.0,700,7782,0,8482
532,Adilabad,532010,Bajarhathnoor,1910009,DR DEPO JATHARLA  JATHARLA,6,2024,43,453,0,496,156,1448,0,1604,1505,8688,0,10193,105,1080,0,1185,1400,7608,0,9008,0,0,0,0,0,100.0,1400,7608,0,9008
532,Adilabad,532010,Bajarhathnoor,1910010,Mesram Thursa Bai  Dharampoori,6,2024,16,203,0,219,59,715,0,774,560,4290,0,4850,0,390,0,390,560,3900,0,4460,0,0,0,0,0,100.0,560,3900,0,4460
532,Adilabad,532010,Bajarhathnoor,1910011,E Kushwartha Bai  BHOSRA,6,2024,13,271,0,284,33,906,0,939,455,5436,0,5891,35,978,0,1013,420,4458,0,4878,0,0,0,0,0,100.0,420,4458,0,4878
532,Adilabad,532010,Bajarhathnoor,1910012,Swarnalatha  RAMPOOR,6,2024,13,435,0,448,40,1412,0,1452,455,8472,0,8927,0,2160,0,2160,455,6312,0,6767,0,0,0,0,0,100.0,455,6312,0,6767
532,Adilabad,532010,Bajarhathnoor,1910013,Komapoth Mohan  H.NO.3-58 GP GIRNOOR,6,2024,30,520,0,550,72,1537,0,1609,1050,9222,0,10272,0,624,0,624,1050,8598,0,9648,0,0,0,0,0,100.0,1050,8598,0,9648
532,Adilabad,532010,Bajarhathnoor,1910014,"Arelly Rajamani  H.No.2-77/1, WARTHAMANNOR",6,2024,12,355,0,367,47,1108,0,1155,420,6648,0,7068,0,768,0,768,420,5880,0,6300,0,0,0,0,0,100.0,420,5880,0,6300
532,Adilabad,532010,Bajarhathnoor,1910015,"DR DEPO BUTHAI-K  DOOR NO,46 BHUTAI-K",6,2024,24,244,0,268,92,875,0,967,840,5250,0,6090,140,1014,0,1154,700,4236,0,4936,0,0,0,0,0,100.0,700,4236,0,4936
532,Adilabad,532010,Bajarhathnoor,1910016,"Rathod Vasanth Rao  D.NO.5-73, BHUTAI-B",6,2024,22,497,0,519,74,1860,0,1934,770,11160,0,11930,0,396,0,396,770,10764,0,11534,0,0,0,0,0,100.0,770,10764,0,11534
532,Adilabad,532010,Bajarhathnoor,1910017,Chowhan Gnaneshwar  H.NO.1-86. BHUTAI-B-II,6,2024,80,242,0,322,240,823,0,1063,2800,4938,0,7738,140,733,0,873,2660,4205,0,6865,0,0,0,0,0,100.0,2660,4205,0,6865
532,Adilabad,532010,Bajarhathnoor,1910018,Takda Jaisingh  CHINTHALSANGVI,6,2024,2,140,0,142,10,501,0,511,70,3006,0,3076,0,396,0,396,70,2610,0,2680,0,0,0,0,0,100.0,70,2610,0,2680
532,Adilabad,532010,Bajarhathnoor,1910019,JADAV DHANRAJ  GOKONDA,6,2024,21,270,0,291,60,1054,0,1114,735,6324,0,7059,175,528,0,703,560,5796,0,6356,0,0,0,0,0,100.0,560,5796,0,6356
532,Adilabad,532010,Bajarhathnoor,1910020,"Patil Rajaram  D.NO.1-56, MORKHANDI",6,2024,13,305,0,318,50,955,0,1005,455,5730,0,6185,0,606,0,606,455,5124,0,5579,0,0,0,0,0,100.0,455,5124,0,5579
532,Adilabad,532010,Bajarhathnoor,1910030,SUB-DR DEPO DEDRA  DEDRA,6,2024,4,192,0,196,17,744,0,761,140,4464,0,4604,0,12,0,12,140,4452,0,4592,0,0,0,0,0,100.0,140,4452,0,4592
532,Adilabad,532011,Boath,1911001,"R Kashinath  H.NO.10-16, Boath (B)",6,2024,69,477,0,546,223,1485,0,1708,2415,8910,0,11325,0,0,0,0,2415,8910,0,11325,0,0,0,0,0,100.0,2415,8910,0,11325
532,Adilabad,532011,Boath,1911002,R Mangamma  Boath (B),6,2024,70,624,0,694,228,1875,0,2103,2450,11250,0,13700,0,0,0,0,2450,11250,0,13700,0,0,0,0,0,100.0,2450,11250,0,13700
532,Adilabad,532011,Boath,1911003,"R Shankar  H.NO.10-52, Boath (B)",6,2024,32,532,0,564,91,1595,0,1686,1120,9570,0,10690,0,1882,0,1882,1120,7688,0,8808,0,0,0,0,0,100.0,1120,7688,0,8808
532,Adilabad,532011,Boath,1911004,Kadergutla Uma  Boath (B),6,2024,27,459,0,486,72,1353,0,1425,945,8118,0,9063,0,0,0,0,945,8118,0,9063,0,0,0,0,0,100.0,945,8118,0,9063
532,Adilabad,532011,Boath,1911005,"Kadergutla Uma  H.NO.7-36, Boath (B)",6,2024,78,810,2,890,241,2421,2,2664,2730,14526,20,17276,175,1,0,176,2555,14525,20,17100,0,0,0,0,0,100.0,2555,14525,20,17100
532,Adilabad,532011,Boath,1911006,Kummari Prabhakar  Kangutta,6,2024,28,467,0,495,92,1350,0,1442,980,8100,0,9080,35,996,0,1031,945,7104,0,8049,0,0,0,0,0,100.0,945,7104,0,8049
532,Adilabad,532011,Boath,1911007,"Gangadhar Kumram  H.NO.3-50, Patnapur",6,2024,17,229,0,246,56,763,0,819,595,4578,0,5173,210,1916,0,2126,385,2662,0,3047,0,0,0,0,0,100.0,385,2662,0,3047
532,Adilabad,532011,Boath,1911008,Chintha Santhosh  Karathwada,6,2024,26,234,0,260,88,728,0,816,910,4368,0,5278,0,390,0,390,910,3978,0,4888,0,0,0,0,0,100.0,910,3978,0,4888
532,Adilabad,532011,Boath,1911009,DR Depo Marlapally  Marlapally,6,2024,53,684,0,737,165,2078,0,2243,1855,12468,0,14323,245,1698,0,1943,1610,10770,0,12380,0,0,0,0,0,100.0,1610,10770,0,12380
532,Adilabad,532011,Boath,1911010,Rathod Yeshwanth  Kantegoan,6,2024,35,568,0,603,109,1955,0,2064,1225,11730,0,12955,0,216,0,216,1225,11514,0,12739,0,0,0,0,0,100.0,1225,11514,0,12739
532,Adilabad,532011,Boath,1911011,"Gangadhar Kumram  H.NO.1-35, Nakkalawada",6,2024,25,193,0,218,82,673,0,755,875,4038,0,4913,875,3978,0,4853,0,60,0,60,0,0,0,0,0,100.0,0,60,0,60
532,Adilabad,532011,Boath,1911012,Pathipaka Sudhakar  Dhannur (B),6,2024,38,544,0,582,134,1530,0,1664,1330,9180,0,10510,0,372,0,372,1330,8808,0,10138,0,0,0,0,0,100.0,1330,8808,0,10138
532,Adilabad,532011,Boath,1911013,"Admala Venkata Ramana  H.NO.2-1, Dhannur (B)",6,2024,50,589,0,639,158,1797,0,1955,1750,10782,0,12532,0,1194,0,1194,1750,9588,0,11338,0,0,0,0,0,100.0,1750,9588,0,11338
532,Adilabad,532011,Boath,1911014,Ch Rupasundari  Pochera,6,2024,33,690,0,723,99,1966,0,2065,1155,11796,0,12951,35,1122,0,1157,1120,10674,0,11794,0,0,0,0,0,100.0,1120,10674,0,11794
532,Adilabad,532011,Boath,1911015,"Kokkula Laxmi  H.NO.1-6 , Kuchulapur",6,2024,37,413,0,450,114,1109,0,1223,1295,6654,0,7949,0,702,0,702,1295,5952,0,7247,0,0,0,0,0,100.0,1295,5952,0,7247
532,Adilabad,532011,Boath,1911016,Thondakuri Narsu Bai  Andur,6,2024,48,373,0,421,201,1382,0,1583,1680,8292,0,9972,70,1260,0,1330,1610,7032,0,8642,0,0,0,0,0,100.0,1610,7032,0,8642
532,Adilabad,532011,Boath,1911017,"Pasula Gangadar  H.NO.5-35, Sonala",6,2024,28,810,0,838,91,2413,0,2504,980,14478,0,15458,0,12,0,12,980,14466,0,15446,0,0,0,0,0,100.0,980,14466,0,15446
532,Adilabad,532011,Boath,1911018,T Rukmabai  Sonala,6,2024,34,884,0,918,115,3007,0,3122,1190,18042,0,19232,140,6,0,146,1050,18036,0,19086,0,0,0,0,0,100.0,1050,18036,0,19086
532,Adilabad,532011,Boath,1911019,"Chilakadi Ravindar  H.NO.5-49, Kowtha (B)",6,2024,31,644,0,675,95,1944,0,2039,1085,11664,0,12749,35,1200,0,1235,1050,10464,0,11514,0,0,0,0,0,100.0,1050,10464,0,11514
532,Adilabad,532011,Boath,1911020,O Laxmi Veena  Kowtha (B),6,2024,29,520,0,549,94,1533,0,1627,1015,9198,0,10213,35,912,0,947,980,8286,0,9266,0,0,0,0,0,100.0,980,8286,0,9266
532,Adilabad,532011,Boath,1911021,DR Depot Padri-B  Pardi (B),6,2024,24,467,0,491,77,1616,0,1693,840,9696,0,10536,0,2082,0,2082,840,7614,0,8454,0,0,0,0,0,100.0,840,7614,0,8454
532,Adilabad,532011,Boath,1911022,Garad Ashwini  Kota (K),6,2024,23,382,0,405,79,1408,0,1487,805,8448,0,9253,0,637,0,637,805,7811,0,8616,0,0,0,0,0,100.0,805,7811,0,8616
532,Adilabad,532011,Boath,1911023,"Rathod Devidas  2-38 , Suryanagar",6,2024,29,340,0,369,109,1117,0,1226,1015,6702,0,7717,0,636,0,636,1015,6066,0,7081,0,0,0,0,0,100.0,1015,6066,0,7081
532,Adilabad,532011,Boath,1911024,Ch Premsingh  Chinthalbori,6,2024,32,441,0,473,91,1594,0,1685,1120,9564,0,10684,5,0,0,5,1115,9564,0,10679,0,0,0,0,0,100.0,1115,9564,0,10679
532,Adilabad,532012,Neradigonda,1912001,Jadhav Vasanth Rao  Buggaram,6,2024,25,497,0,522,91,1720,0,1811,875,10320,0,11195,70,18,0,88,805,10302,0,11107,0,0,0,0,0,100.0,805,10302,0,11107
532,Adilabad,532012,Neradigonda,1912002,DR Depo Wankidi  Wankidi,6,2024,80,816,0,896,255,2907,0,3162,2800,17442,0,20242,105,1668,0,1773,2695,15774,0,18469,0,0,0,0,0,100.0,2695,15774,0,18469
532,Adilabad,532012,Neradigonda,1912003,Akula Lachanna  H.NO.1-86,6,2024,44,682,0,726,148,2067,0,2215,1540,12402,0,13942,0,836,0,836,1540,11566,0,13106,0,0,0,0,0,100.0,1540,11566,0,13106
532,Adilabad,532012,Neradigonda,1912004,Syed Amrulla Shah  3-58 Waddur,6,2024,48,523,0,571,143,1776,0,1919,1680,10656,0,12336,70,574,0,644,1610,10082,0,11692,0,0,0,0,0,100.0,1610,10082,0,11692
532,Adilabad,532012,Neradigonda,1912005,"Buka Anitha  H.NO.3-1, Waddur",6,2024,30,564,0,594,90,1716,0,1806,1050,10296,0,11346,5,120,0,125,1045,10176,0,11221,0,0,0,0,0,100.0,1045,10176,0,11221
532,Adilabad,532012,Neradigonda,1912006,M Linga Reddy  Tejapur,6,2024,62,653,0,715,222,1840,0,2062,2170,11040,0,13210,0,308,0,308,2170,10732,0,12902,0,0,0,0,0,100.0,2170,10732,0,12902
532,Adilabad,532012,Neradigonda,1912007,DR DEPO Neradigonda  G.P.NERADIGONDA,6,2024,94,1076,0,1170,320,3573,0,3893,3290,21438,0,24728,35,1824,0,1859,3255,19614,0,22869,0,0,0,0,0,100.0,3255,19614,0,22869
532,Adilabad,532012,Neradigonda,1912008,R Bagubai  Venkatapur,6,2024,22,164,0,186,86,539,0,625,770,3234,0,4004,35,0,0,35,735,3234,0,3969,0,0,0,0,0,100.0,735,3234,0,3969
532,Adilabad,532012,Neradigonda,1912009,A Sujatha  H.NO.1-40,6,2024,19,314,0,333,65,920,0,985,665,5520,0,6185,35,1044,0,1079,630,4476,0,5106,0,0,0,0,0,100.0,630,4476,0,5106
532,Adilabad,532012,Neradigonda,1912010,Rukma Bai Chavan  Wagdhari,6,2024,23,259,0,282,83,918,0,1001,805,5508,0,6313,0,264,0,264,805,5244,0,6049,0,0,0,0,0,100.0,805,5244,0,6049
532,Adilabad,532012,Neradigonda,1912011,Madavi Goverdhan  H.NO.1-83/2,6,2024,24,534,0,558,79,1915,0,1994,840,11490,0,12330,0,1668,0,1668,840,9822,0,10662,0,0,0,0,0,100.0,840,9822,0,10662
532,Adilabad,532012,Neradigonda,1912012,Sub DR Depo Boregaon  Boregaon,6,2024,8,218,0,226,26,771,0,797,280,4626,0,4906,0,186,0,186,280,4440,0,4720,0,0,0,0,0,100.0,280,4440,0,4720
532,Adilabad,532012,Neradigonda,1912013,Madavi Goverdhan  GUTHPALA,6,2024,26,250,0,276,108,850,0,958,910,5100,0,6010,35,1596,0,1631,875,3504,0,4379,0,0,0,0,0,100.0,875,3504,0,4379
532,Adilabad,532012,Neradigonda,1912014,DR Depo Lingatla  LINGATLA,6,2024,40,299,0,339,163,1053,0,1216,1400,6318,0,7718,35,463,0,498,1365,5855,0,7220,0,0,0,0,0,100.0,1365,5855,0,7220
532,Adilabad,532012,Neradigonda,1912015,DR Depo Koritikal-K  KORTIKAL-K,6,2024,16,267,0,283,57,943,0,1000,560,5658,0,6218,0,618,0,618,560,5040,0,5600,0,0,0,0,0,100.0,560,5040,0,5600
532,Adilabad,532012,Neradigonda,1912016,DR Depo Chinnabuggaram  CHINNABUGGARAM,6,2024,17,187,0,204,57,688,0,745,595,4128,0,4723,280,294,0,574,315,3834,0,4149,0,0,0,0,0,100.0,315,3834,0,4149
532,Adilabad,532026,Utnur,1926001,Jadhav Prameela  Utnoor-1,6,2024,100,980,0,1080,225,3382,0,3607,3500,20292,0,23792,665,2384,0,3049,2835,17908,0,20743,0,0,0,0,0,100.0,2835,17908,0,20743
532,Adilabad,532026,Utnur,1926002,DR DEPO Utnoor  Utnoor-II,6,2024,126,892,0,1018,254,3185,0,3439,4410,19110,0,23520,140,5094,0,5234,4270,14016,0,18286,0,0,0,0,0,100.0,4270,14016,0,18286
532,Adilabad,532026,Utnur,1926003,Nalleni Kistaiah  Utnoor - III,6,2024,89,672,0,761,182,2287,0,2469,3115,13722,0,16837,0,10,0,10,3115,13712,0,16827,0,0,0,0,0,100.0,3115,13712,0,16827
532,Adilabad,532026,Utnur,1926004,Durva Waman Rao  Utnoor- IV Old Utnoor,6,2024,104,515,0,619,258,1812,0,2070,3640,10872,0,14512,315,642,0,957,3325,10230,0,13555,0,0,0,0,0,100.0,3325,10230,0,13555
532,Adilabad,532026,Utnur,1926005,Bhukya Sreenivas  Gangapur,6,2024,197,372,0,569,536,1443,0,1979,6895,8658,0,15553,875,6,0,881,6020,8652,0,14672,0,0,0,0,0,100.0,6020,8652,0,14672
532,Adilabad,532026,Utnur,1926006,Ch Chanchala Bai  Lakkaram,6,2024,145,587,0,732,350,2082,0,2432,5075,12492,0,17567,200,1720,0,1920,4875,10772,0,15647,0,0,0,0,0,100.0,4875,10772,0,15647
532,Adilabad,532026,Utnur,1926007,J Kousalya Bai Dathathreya SHG  Nagapur,6,2024,104,696,0,800,251,2504,0,2755,3640,15024,0,18664,490,3180,0,3670,3150,11844,0,14994,0,0,0,0,0,100.0,3150,11844,0,14994
532,Adilabad,532026,Utnur,1926008,B Vijayalaxmi  Shampur,6,2024,92,535,0,627,224,1911,0,2135,3220,11466,0,14686,0,260,0,260,3220,11206,0,14426,0,0,0,0,0,100.0,3220,11206,0,14426
532,Adilabad,532026,Utnur,1926009,Kishan Thitre  Umri,6,2024,215,329,0,544,701,1238,0,1939,7525,7428,0,14953,350,666,0,1016,7175,6762,0,13937,0,0,0,0,0,100.0,7175,6762,0,13937
532,Adilabad,532026,Utnur,1926010,DR DEPO Yenka  Yenka,6,2024,34,174,0,208,91,572,0,663,1190,3432,0,4622,605,978,0,1583,585,2454,0,3039,0,0,0,0,0,100.0,585,2454,0,3039
532,Adilabad,532026,Utnur,1926011,DR DEPO Yenda  Yenda,6,2024,160,325,0,485,553,1180,0,1733,5600,7080,0,12680,350,966,0,1316,5250,6114,0,11364,0,0,0,0,0,100.0,5250,6114,0,11364
532,Adilabad,532026,Utnur,1926012,DR DEPO Narasapur-B  Narsapur-B,6,2024,27,345,0,372,70,1310,0,1380,945,7860,0,8805,140,438,0,578,805,7422,0,8227,0,0,0,0,0,100.0,805,7422,0,8227
532,Adilabad,532026,Utnur,1926013,Vagmare Dhanraj  Narsapur-B -II,6,2024,12,146,0,158,34,538,0,572,420,3228,0,3648,0,714,0,714,420,2514,0,2934,0,0,0,0,0,100.0,420,2514,0,2934
532,Adilabad,532026,Utnur,1926014,Kamble Tulasidas  Gotti,6,2024,31,253,0,284,104,897,0,1001,1085,5382,0,6467,175,1866,0,2041,910,3516,0,4426,0,0,0,0,0,100.0,910,3516,0,4426
532,Adilabad,532026,Utnur,1926015,Arka Mothu Bai Nagoba SHG  Laxttiepet,6,2024,141,312,0,453,538,1207,0,1745,4935,7242,0,12177,770,997,0,1767,4165,6245,0,10410,0,0,0,0,0,100.0,4165,6245,0,10410
532,Adilabad,532026,Utnur,1926016,DR DEPO Pulimadugu  Pulimadugu,6,2024,59,328,0,387,184,1114,0,1298,2065,6684,0,8749,140,762,0,902,1925,5922,0,7847,0,0,0,0,0,100.0,1925,5922,0,7847
532,Adilabad,532026,Utnur,1926017,Jadhav Athmaram  Sakera,6,2024,58,381,0,439,164,1348,0,1512,2030,8088,0,10118,175,672,0,847,1855,7416,0,9271,0,0,0,0,0,100.0,1855,7416,0,9271
532,Adilabad,532026,Utnur,1926018,Kanaka Renuka  Salewada-K-I,6,2024,49,250,0,299,144,945,0,1089,1715,5670,0,7385,0,1344,0,1344,1715,4326,0,6041,0,0,0,0,0,100.0,1715,4326,0,6041
532,Adilabad,532026,Utnur,1926019,Jadhav Athmaram  Salewada-K-II,6,2024,46,243,0,289,131,918,0,1049,1610,5508,0,7118,140,36,0,176,1470,5472,0,6942,0,0,0,0,0,100.0,1470,5472,0,6942
532,Adilabad,532026,Utnur,1926020,Kendre Mukthabai  Salewada-B,6,2024,14,74,0,88,45,243,0,288,490,1458,0,1948,0,0,0,0,490,1458,0,1948,0,0,0,0,0,100.0,490,1458,0,1948
532,Adilabad,532026,Utnur,1926021,Kendre Mukthabai  Tandra,6,2024,50,393,0,443,124,1533,0,1657,1750,9198,0,10948,0,690,0,690,1750,8508,0,10258,0,0,0,0,0,100.0,1750,8508,0,10258
532,Adilabad,532026,Utnur,1926022,Ada Heera bai SHG  Salewada-B-II,6,2024,15,114,0,129,43,427,0,470,525,2562,0,3087,0,78,0,78,525,2484,0,3009,0,0,0,0,0,100.0,525,2484,0,3009
532,Adilabad,532026,Utnur,1926023,DR DEPO Hasnapur-l  Hasnapur-I,6,2024,71,666,0,737,191,2470,0,2661,2485,14820,0,17305,525,3072,0,3597,1960,11748,0,13708,0,0,0,0,0,100.0,1960,11748,0,13708
532,Adilabad,532026,Utnur,1926024,Rathod Somaji Naik  Hasnapur-II,6,2024,59,340,0,399,205,1202,0,1407,2065,7212,0,9277,70,0,0,70,1995,7212,0,9207,0,0,0,0,0,100.0,1995,7212,0,9207
532,Adilabad,532026,Utnur,1926025,Jugnak Manku  Chanduri,6,2024,115,368,0,483,288,1280,0,1568,4025,7680,0,11705,437,426,0,863,3588,7254,0,10842,0,0,0,0,0,100.0,3588,7254,0,10842
532,Adilabad,532026,Utnur,1926026,K Sujatha  Dhanthanpalli,6,2024,238,393,0,631,655,1238,0,1893,8330,7428,0,15758,1470,1698,0,3168,6860,5730,0,12590,0,0,0,0,0,100.0,6860,5730,0,12590
532,Adilabad,532026,Utnur,1926027,Pandra Jalimshaw  Ghanpur,6,2024,61,249,0,310,173,917,0,1090,2135,5502,0,7637,455,703,0,1158,1680,4799,0,6479,0,0,0,0,0,100.0,1680,4799,0,6479
532,Adilabad,532026,Utnur,1926028,Ada Laxmibai Jangubai SHG  Narsapur-J,6,2024,3,97,0,100,8,381,0,389,105,2286,0,2391,105,2202,0,2307,0,84,0,84,0,0,0,0,0,100.0,0,84,0,84
532,Adilabad,532026,Utnur,1926029,DR DEPO Birsaipet  Birsaipet,6,2024,96,519,0,615,278,1819,0,2097,3360,10914,0,14274,315,2448,0,2763,3045,8466,0,11511,0,0,0,0,0,100.0,3045,8466,0,11511
532,Adilabad,532026,Utnur,1926030,Atram Manku Bai Swashakthi SHG  Lakkaram-II,6,2024,154,564,2,720,358,1998,2,2358,5390,11988,20,17398,3535,7308,20,10863,1855,4680,0,6535,0,0,0,0,0,100.0,1855,4680,0,6535
532,Adilabad,532026,Utnur,1926031,Neerati Vasantha  Malaguda,6,2024,210,270,0,480,639,1020,0,1659,7350,6120,0,13470,1505,924,0,2429,5845,5196,0,11041,0,0,0,0,0,100.0,5845,5196,0,11041
532,Adilabad,532026,Utnur,1926032,Kameri Poshanna  Kothaguda,6,2024,128,323,0,451,339,1089,0,1428,4480,6534,0,11014,40,498,0,538,4440,6036,0,10476,0,0,0,0,0,100.0,4440,6036,0,10476
532,Adilabad,532003,Adilabad,1981001,ASHRAF ALI KHAN  (KHANAPUR),6,2024,1,798,0,799,1,2641,0,2642,35,15846,0,15881,0,1218,0,1218,35,14628,0,14663,0,0,0,0,0,100.0,35,14628,0,14663
532,Adilabad,532003,Adilabad,1981002,B VANDANA  (KOLIPURA),6,2024,1,614,0,615,2,2251,0,2253,35,13506,0,13541,0,1126,0,1126,35,12380,0,12415,0,0,0,0,0,100.0,35,12380,0,12415
532,Adilabad,532003,Adilabad,1981003,R Suhasini  (BRAHMANWADA),6,2024,4,515,0,519,13,1663,0,1676,140,9978,0,10118,0,12,0,12,140,9966,0,10106,0,0,0,0,0,100.0,140,9966,0,10106
532,Adilabad,532003,Adilabad,1981004,T Bhagwan Singh  (KOLIPURA),6,2024,2,581,0,583,4,1813,0,1817,70,10878,0,10948,0,1272,0,1272,70,9606,0,9676,0,0,0,0,0,100.0,70,9606,0,9676
532,Adilabad,532003,Adilabad,1981005,Dinesh Kumar Agarwal  (MOCHIGALLY),6,2024,6,412,1,419,15,1254,1,1270,210,7524,10,7744,0,2784,10,2794,210,4740,0,4950,0,0,0,0,0,100.0,210,4740,0,4950
532,Adilabad,532003,Adilabad,1981006,Shaik Aqlaq Ahmed  (KHANAPUR),6,2024,12,844,0,856,42,2890,0,2932,420,17340,0,17760,0,312,0,312,420,17028,0,17448,0,0,0,0,0,100.0,420,17028,0,17448
532,Adilabad,532003,Adilabad,1981007,Kannala Laxmi  (TIRPELLY),6,2024,8,713,3,724,32,2358,3,2393,280,14148,30,14458,0,2982,20,3002,280,11166,10,11456,0,0,0,0,0,100.0,280,11166,10,11456
532,Adilabad,532003,Adilabad,1981008,Jannawar Sunil Kumar  (BRAMANWADA),6,2024,3,656,0,659,7,2364,0,2371,105,14184,0,14289,0,963,0,963,105,13221,0,13326,0,0,0,0,0,100.0,105,13221,0,13326
532,Adilabad,532003,Adilabad,1981009,Asapu Vilas  (ASHOK ROAD),6,2024,2,652,0,654,8,2236,0,2244,70,13416,0,13486,0,1940,0,1940,70,11476,0,11546,0,0,0,0,0,100.0,70,11476,0,11546
532,Adilabad,532003,Adilabad,1981010,Kunchawar Devendra Kumar  (SHANTHI NAGAR)1-2-39/4,6,2024,6,682,0,688,22,2423,0,2445,210,14538,0,14748,0,6360,0,6360,210,8178,0,8388,0,0,0,0,0,100.0,210,8178,0,8388
532,Adilabad,532003,Adilabad,1981011,Shanam Vinaya  (BOKKALAGUDA),6,2024,4,419,0,423,14,1509,0,1523,140,9054,0,9194,0,1796,0,1796,140,7258,0,7398,0,0,0,0,0,100.0,140,7258,0,7398
532,Adilabad,532003,Adilabad,1981012,Uppalanchi Neelkanth  (JAMA MASJID ROAD),6,2024,5,490,0,495,17,1791,0,1808,175,10746,0,10921,0,62,0,62,175,10684,0,10859,0,0,0,0,0,100.0,175,10684,0,10859
532,Adilabad,532003,Adilabad,1981013,"Birkurwar Hareendra I/C  (4-5-624/4, BHUKTAPUR)",6,2024,8,336,0,344,25,1188,0,1213,280,7128,0,7408,0,2172,0,2172,280,4956,0,5236,0,0,0,0,0,100.0,280,4956,0,5236
532,Adilabad,532003,Adilabad,1981014,Alluri Krishnaveni  (BUKTHAPUR),6,2024,14,795,0,809,27,2736,0,2763,490,16416,0,16906,0,4,0,4,490,16412,0,16902,0,0,0,0,0,100.0,490,16412,0,16902
532,Adilabad,532003,Adilabad,1981015,Kommu Sreeja  (BOKKALGUDA),6,2024,4,727,0,731,15,2698,0,2713,140,16188,0,16328,0,484,0,484,140,15704,0,15844,0,0,0,0,0,100.0,140,15704,0,15844
532,Adilabad,532003,Adilabad,1981016,G Bhagawanlu  (J.MASID ADD.),6,2024,4,478,0,482,10,1530,0,1540,140,9180,0,9320,0,3098,0,3098,140,6082,0,6222,0,0,0,0,0,100.0,140,6082,0,6222
532,Adilabad,532003,Adilabad,1981017,Sheela Choudhary  (BHUKTAPUR),6,2024,26,467,1,494,63,1577,1,1641,910,9462,10,10382,10,5842,0,5852,900,3620,10,4530,0,0,0,0,0,100.0,900,3620,10,4530
532,Adilabad,532003,Adilabad,1981018,Hafeeza Begum  (VIDYANAGAR),6,2024,22,592,0,614,78,2118,0,2196,770,12708,0,13478,0,0,0,0,770,12708,0,13478,0,0,0,0,0,100.0,770,12708,0,13478
532,Adilabad,532003,Adilabad,1981019,Beema Laxmi Ayyappa Mahila SHG  Shantinagar Ward No 33,6,2024,6,632,0,638,18,2200,0,2218,210,13200,0,13410,0,5624,0,5624,210,7576,0,7786,0,0,0,0,0,100.0,210,7576,0,7786
532,Adilabad,532003,Adilabad,1981020,Bojjalwar Shuklamber  (ADB),6,2024,0,548,0,548,0,1933,0,1933,0,11598,0,11598,0,2292,0,2292,0,9306,0,9306,0,0,0,0,0,100.0,0,9306,0,9306
532,Adilabad,532003,Adilabad,1981021,Syed Zakeer  (R.COLONEY),6,2024,8,860,0,868,22,2938,0,2960,280,17628,0,17908,0,0,0,0,280,17628,0,17908,0,0,0,0,0,100.0,280,17628,0,17908
532,Adilabad,532003,Adilabad,1981022,T Bharath Singh  (BHUKTAPUR),6,2024,13,536,0,549,31,1699,0,1730,455,10194,0,10649,0,0,0,0,455,10194,0,10649,0,0,0,0,0,100.0,455,10194,0,10649
532,Adilabad,532003,Adilabad,1981023,Birkurwar Hareendra  CHOTA TALAB,6,2024,6,698,0,704,12,2497,0,2509,210,14982,0,15192,35,9764,0,9799,175,5218,0,5393,0,0,0,0,0,100.0,175,5218,0,5393
532,Adilabad,532003,Adilabad,1981024,Alluri Krishnaveni  (VIDYANAGAR),6,2024,5,726,2,733,11,2461,2,2474,175,14766,20,14961,0,6,10,16,175,14760,10,14945,0,0,0,0,0,100.0,175,14760,10,14945
532,Adilabad,532003,Adilabad,1981025,D Rakesh  RANISATTIJI ROAD,6,2024,8,572,0,580,17,1834,0,1851,280,11004,0,11284,0,77,0,77,280,10927,0,11207,0,0,0,0,0,100.0,280,10927,0,11207
532,Adilabad,532003,Adilabad,1981026,K Jayanthi  VINAYAK CHOWK,6,2024,7,638,0,645,17,1996,0,2013,245,11976,0,12221,0,262,0,262,245,11714,0,11959,0,0,0,0,0,100.0,245,11714,0,11959
532,Adilabad,532003,Adilabad,1981027,Chakrapuwar Vasanth Rao  BOKKALGUDA,6,2024,6,710,0,716,16,2395,0,2411,210,14370,0,14580,0,96,0,96,210,14274,0,14484,0,0,0,0,0,100.0,210,14274,0,14484
532,Adilabad,532003,Adilabad,1981028,Dasari Rekha  (BHAGYA NAGAR),6,2024,0,524,0,524,0,1948,0,1948,0,11688,0,11688,0,4054,0,4054,0,7634,0,7634,0,0,0,0,0,100.0,0,7634,0,7634
532,Adilabad,532003,Adilabad,1981029,Kommawar Bhoomanna  (FILTERBED),6,2024,27,837,0,864,102,2823,0,2925,945,16938,0,17883,0,2814,0,2814,945,14124,0,15069,0,0,0,0,0,100.0,945,14124,0,15069
532,Adilabad,532003,Adilabad,1981030,Shaik Mohammed Naseer  (TATIGUDA),6,2024,3,779,0,782,7,2757,0,2764,105,16542,0,16647,0,5082,0,5082,105,11460,0,11565,0,0,0,0,0,100.0,105,11460,0,11565
532,Adilabad,532003,Adilabad,1981031,Tingani Kamala  (SHANTINAGAR),6,2024,7,744,0,751,16,2430,0,2446,245,14580,0,14825,0,1344,0,1344,245,13236,0,13481,0,0,0,0,0,100.0,245,13236,0,13481
532,Adilabad,532003,Adilabad,1981032,Dikondawar Vishwanath  (CHOTA TALABD),6,2024,6,752,0,758,17,2602,0,2619,210,15612,0,15822,35,84,0,119,175,15528,0,15703,0,0,0,0,0,100.0,175,15528,0,15703
532,Adilabad,532003,Adilabad,1981033,J Sunanda  (MAHALAXMI WADA),6,2024,2,678,0,680,9,2411,0,2420,70,14466,0,14536,0,678,0,678,70,13788,0,13858,0,0,0,0,0,100.0,70,13788,0,13858
532,Adilabad,532003,Adilabad,1981034,Teegala Sangeetha  Khanapur,6,2024,2,627,0,629,6,2431,0,2437,70,14586,0,14656,0,382,0,382,70,14204,0,14274,0,0,0,0,0,100.0,70,14204,0,14274
532,Adilabad,532003,Adilabad,1981035,D Krishna  Indra Nagar,6,2024,4,872,0,876,13,2973,0,2986,140,17838,0,17978,35,248,0,283,105,17590,0,17695,0,0,0,0,0,100.0,105,17590,0,17695
532,Adilabad,532003,Adilabad,1981036,Shivaneethiwar Sujatha  (BHAGYA NAGAR),6,2024,6,1002,0,1008,20,3486,0,3506,210,20916,0,21126,0,1460,0,1460,210,19456,0,19666,0,0,0,0,0,100.0,210,19456,0,19666
532,Adilabad,532003,Adilabad,1981037,A Ashok Kumar  KRANTHI NAGAR,6,2024,3,743,0,746,10,2571,0,2581,105,15426,0,15531,0,3638,0,3638,105,11788,0,11893,0,0,0,0,0,100.0,105,11788,0,11893
532,Adilabad,532003,Adilabad,1981038,Laxmi Narasimhaswamy  (J.NAGAR),6,2024,6,683,0,689,11,2516,0,2527,210,15096,0,15306,0,2310,0,2310,210,12786,0,12996,0,0,0,0,0,100.0,210,12786,0,12996
532,Adilabad,532003,Adilabad,1981039,Bhagath Madhukar  (QURSHIDNAGAR),6,2024,7,859,0,866,20,3057,0,3077,245,18342,0,18587,0,9420,0,9420,245,8922,0,9167,0,0,0,0,0,100.0,245,8922,0,9167
532,Adilabad,532003,Adilabad,1981040,Dhahipade Karuna  (GANDHI NAGAR),6,2024,2,821,0,823,9,2789,0,2798,70,16734,0,16804,0,3972,0,3972,70,12762,0,12832,0,0,0,0,0,100.0,70,12762,0,12832
532,Adilabad,532003,Adilabad,1981041,Asapwar Mangala  (RANDHIVA NAGAR),6,2024,4,878,0,882,15,3035,0,3050,140,18210,0,18350,0,1541,0,1541,140,16669,0,16809,0,0,0,0,0,100.0,140,16669,0,16809
532,Adilabad,532003,Adilabad,1981042,Sanda Sathish  (C.H.L NAGAR),6,2024,1,961,0,962,3,3466,0,3469,35,20796,0,20831,0,3425,0,3425,35,17371,0,17406,0,0,0,0,0,100.0,35,17371,0,17406
532,Adilabad,532003,Adilabad,1981043,G Gangamma  (J.J.NAGAR),6,2024,3,919,2,924,7,3310,2,3319,105,19860,20,19985,0,10796,0,10796,105,9064,20,9189,0,0,0,0,0,100.0,105,9064,20,9189
532,Adilabad,532088,Adilabad Rural,1988001,Ch Vinod  (RAMAI),6,2024,45,433,0,478,134,1333,0,1467,1575,7998,0,9573,0,262,0,262,1575,7736,0,9311,0,0,0,0,0,100.0,1575,7736,0,9311
532,Adilabad,532088,Adilabad Rural,1988002,A Ganesh reddy  (POCHARA),6,2024,0,480,0,480,0,1465,0,1465,0,8790,0,8790,0,798,0,798,0,7992,0,7992,0,0,0,0,0,100.0,0,7992,0,7992
532,Adilabad,532088,Adilabad Rural,1988003,Chanda Ravi  BHEEMSARI),6,2024,1,758,0,759,2,2390,0,2392,35,14340,0,14375,0,1513,0,1513,35,12827,0,12862,0,0,0,0,0,100.0,35,12827,0,12862
532,Adilabad,532088,Adilabad Rural,1988004,GADICHERLA DEVENDRA CHARI  (ANKUNTA),6,2024,9,1024,0,1033,32,3558,0,3590,315,21348,0,21663,0,3998,0,3998,315,17350,0,17665,0,0,0,0,0,100.0,315,17350,0,17665
532,Adilabad,532088,Adilabad Rural,1988005,Gorla Adellu  (LANDASANGVI),6,2024,0,517,0,517,0,1609,0,1609,0,9654,0,9654,0,766,0,766,0,8888,0,8888,0,0,0,0,0,100.0,0,8888,0,8888
532,Adilabad,532088,Adilabad Rural,1988006,P Kamalakar  ARLLI (B),6,2024,0,312,0,312,0,971,0,971,0,5826,0,5826,0,690,0,690,0,5136,0,5136,0,0,0,0,0,100.0,0,5136,0,5136
532,Adilabad,532088,Adilabad Rural,1988007,Rebbath Ramesh  (BELLURI),6,2024,0,140,0,140,0,422,0,422,0,2532,0,2532,0,1104,0,1104,0,1428,0,1428,0,0,0,0,0,100.0,0,1428,0,1428
532,Adilabad,532088,Adilabad Rural,1988008,U Lalitha  (JAMDAPUR),6,2024,1,410,0,411,2,1196,0,1198,35,7176,0,7211,0,996,0,996,35,6180,0,6215,0,0,0,0,0,100.0,35,6180,0,6215
532,Adilabad,532088,Adilabad Rural,1988009,Y Manjula Reddy  (RAMPUR),6,2024,0,297,0,297,0,911,0,911,0,5466,0,5466,0,72,0,72,0,5394,0,5394,0,0,0,0,0,100.0,0,5394,0,5394
532,Adilabad,532088,Adilabad Rural,1988010,Md Siraj Ahmad  (CHANDA T ),6,2024,2,731,0,733,6,2429,0,2435,70,14574,0,14644,0,954,0,954,70,13620,0,13690,0,0,0,0,0,100.0,70,13620,0,13690
532,Adilabad,532088,Adilabad Rural,1988011,Chowan Kishan  (KHANAPUR),6,2024,10,326,0,336,34,1065,0,1099,350,6390,0,6740,0,12,0,12,350,6378,0,6728,0,0,0,0,0,100.0,350,6378,0,6728
532,Adilabad,532088,Adilabad Rural,1988012,Rathod Sujatha  (CHECHIDHARI),6,2024,1,189,0,190,1,633,0,634,35,3798,0,3833,0,0,0,0,35,3798,0,3833,0,0,0,0,0,100.0,35,3798,0,3833
532,Adilabad,532088,Adilabad Rural,1988013,SIDAM BHEEMRAO  (HATTIGUTTA),6,2024,114,166,0,280,440,626,0,1066,3990,3756,0,7746,456,264,0,720,3534,3492,0,7026,0,0,0,0,0,100.0,3534,3492,0,7026
532,Adilabad,532088,Adilabad Rural,1988014,Godbode Balasahab  (LOHARA),6,2024,18,188,0,206,50,846,0,896,630,5076,0,5706,105,276,0,381,525,4800,0,5325,0,0,0,0,0,100.0,525,4800,0,5325
532,Adilabad,532088,Adilabad Rural,1988015,Kumra Somu  (CHINCHUGAT),6,2024,72,543,0,615,214,2107,0,2321,2520,12642,0,15162,70,864,0,934,2450,11778,0,14228,0,0,0,0,0,100.0,2450,11778,0,14228
532,Adilabad,532088,Adilabad Rural,1988016,Heerakumra Hamsa Bai  (YASHODABURIKE ),6,2024,22,90,0,112,71,377,0,448,770,2262,0,3032,105,174,0,279,665,2088,0,2753,0,0,0,0,0,100.0,665,2088,0,2753
532,Adilabad,532088,Adilabad Rural,1988017,Tingani Kalavathi  (LOKARI),6,2024,2,312,0,314,3,1005,0,1008,70,6030,0,6100,0,474,0,474,70,5556,0,5626,0,0,0,0,0,100.0,70,5556,0,5626
532,Adilabad,532088,Adilabad Rural,1988018,Rathod Lakkibai  (KANDALA),6,2024,117,216,0,333,457,796,0,1253,4095,4776,0,8871,210,636,0,846,3885,4140,0,8025,0,0,0,0,0,100.0,3885,4140,0,8025
532,Adilabad,532088,Adilabad Rural,1988019,Menchu Latha  (WANWAT),6,2024,0,151,0,151,0,580,0,580,0,3480,0,3480,0,342,0,342,0,3138,0,3138,0,0,0,0,0,100.0,0,3138,0,3138
532,Adilabad,532088,Adilabad Rural,1988020,Athram Bharsaw  (MAMIDIGUDA),6,2024,64,212,0,276,272,838,0,1110,2240,5028,0,7268,140,18,0,158,2100,5010,0,7110,0,0,0,0,0,100.0,2100,5010,0,7110
532,Adilabad,532088,Adilabad Rural,1988021,Tekam Baliram  (PIPPALDAHRI),6,2024,85,447,1,533,274,1469,1,1744,2975,8814,10,11799,385,5064,0,5449,2590,3750,10,6350,0,0,0,0,0,100.0,2590,3750,10,6350
532,Adilabad,532088,Adilabad Rural,1988022,Sonajoke Kailas  (KUMBAJARRI),6,2024,1,165,0,166,4,521,0,525,35,3126,0,3161,0,136,0,136,35,2990,0,3025,0,0,0,0,0,100.0,35,2990,0,3025
532,Adilabad,532088,Adilabad Rural,1988023,K Swarnamala  ( KANCHEKANTI),6,2024,0,424,0,424,0,1471,0,1471,0,8826,0,8826,0,302,0,302,0,8524,0,8524,0,0,0,0,0,100.0,0,8524,0,8524
532,Adilabad,532088,Adilabad Rural,1988024,MESRAM SHIVA PRASAD  (THATHOLI),6,2024,20,581,0,601,67,1838,0,1905,700,11028,0,11728,0,546,0,546,700,10482,0,11182,0,0,0,0,0,100.0,700,10482,0,11182
532,Adilabad,532088,Adilabad Rural,1988025,DR DEPO ANKOLI  (ANKOLI),6,2024,33,928,0,961,85,2769,0,2854,1155,16614,0,17769,0,1878,0,1878,1155,14736,0,15891,0,0,0,0,0,100.0,1155,14736,0,15891
532,Adilabad,532088,Adilabad Rural,1988026,DR DEPO YAPALGUDA  (YAPALGUDA),6,2024,20,1115,0,1135,52,3441,0,3493,700,20646,0,21346,0,2669,0,2669,700,17977,0,18677,0,0,0,0,0,100.0,700,17977,0,18677
532,Adilabad,532089,Bheempur,1989001,Gaddam Swamy  PIPPALKOTI,6,2024,54,814,0,868,175,2671,0,2846,1890,16026,0,17916,35,981,0,1016,1855,15045,0,16900,0,0,0,0,0,100.0,1855,15045,0,16900
532,Adilabad,532089,Bheempur,1989002,Gaddam Swamy  THAMSI.K,6,2024,12,345,0,357,33,1093,0,1126,420,6558,0,6978,140,1218,0,1358,280,5340,0,5620,0,0,0,0,0,100.0,280,5340,0,5620
532,Adilabad,532089,Bheempur,1989003,"M Anil Kumar  H.NO.2-27/2,  NIPANI",6,2024,36,561,0,597,107,1568,0,1675,1260,9408,0,10668,35,978,0,1013,1225,8430,0,9655,0,0,0,0,0,100.0,1225,8430,0,9655
532,Adilabad,532089,Bheempur,1989004,DR Depo BHEEMPUR  DR DEPOT   BHEEMPUR,6,2024,53,426,0,479,217,1421,0,1638,1855,8526,0,10381,0,510,0,510,1855,8016,0,9871,0,0,0,0,0,100.0,1855,8016,0,9871
532,Adilabad,532089,Bheempur,1989005,Athram Ranjana  Gunjala,6,2024,17,215,0,232,58,783,0,841,595,4698,0,5293,0,660,0,660,595,4038,0,4633,0,0,0,0,0,100.0,595,4038,0,4633
532,Adilabad,532089,Bheempur,1989006,A Shalik Rao  WADGAON,6,2024,29,291,0,320,85,972,0,1057,1015,5832,0,6847,35,830,0,865,980,5002,0,5982,0,0,0,0,0,100.0,980,5002,0,5982
532,Adilabad,532089,Bheempur,1989007,Syed Saleem  H.NO.1-51 GONA,6,2024,7,102,0,109,29,375,0,404,245,2250,0,2495,35,168,0,203,210,2082,0,2292,0,0,0,0,0,100.0,210,2082,0,2292
532,Adilabad,532089,Bheempur,1989008,Swamy Katham  Kamatwada,6,2024,9,87,0,96,37,273,0,310,315,1638,0,1953,0,138,0,138,315,1500,0,1815,0,0,0,0,0,100.0,315,1500,0,1815
532,Adilabad,532089,Bheempur,1989009,D Sujatha  1-39 DHANORA,6,2024,17,315,0,332,60,957,0,1017,595,5742,0,6337,6,546,0,552,589,5196,0,5785,0,0,0,0,0,100.0,589,5196,0,5785
532,Adilabad,532089,Bheempur,1989010,DR Depo Andharband  DR DEPOT  ANDERBAND,6,2024,71,699,0,770,242,2321,0,2563,2485,13926,0,16411,0,924,0,924,2485,13002,0,15487,0,0,0,0,0,100.0,2485,13002,0,15487
532,Adilabad,532089,Bheempur,1989011,A Lila  WADOOR,6,2024,22,340,0,362,65,1043,0,1108,770,6258,0,7028,35,708,0,743,735,5550,0,6285,0,0,0,0,0,100.0,735,5550,0,6285
532,Adilabad,532089,Bheempur,1989012,R Ganganna  ARLI.T,6,2024,102,774,0,876,328,2407,0,2735,3570,14442,0,18012,140,1854,0,1994,3430,12588,0,16018,0,0,0,0,0,100.0,3430,12588,0,16018
532,Adilabad,532089,Bheempur,1989013,Savai Swamy  H.NO.1-59 ANTERGOAN,6,2024,18,266,0,284,61,772,0,833,630,4632,0,5262,70,564,0,634,560,4068,0,4628,0,0,0,0,0,100.0,560,4068,0,4628
532,Adilabad,532089,Bheempur,1989014,G Subhash  GOMUTRI,6,2024,46,468,0,514,168,1420,0,1588,1610,8520,0,10130,70,666,0,736,1540,7854,0,9394,0,0,0,0,0,100.0,1540,7854,0,9394
532,Adilabad,532089,Bheempur,1989015,P Lasmanna  H.NO.2-48 KARANJI-T,6,2024,68,654,0,722,250,1825,0,2075,2380,10950,0,13330,35,885,0,920,2345,10065,0,12410,0,0,0,0,0,100.0,2345,10065,0,12410
532,Adilabad,532090,Gadiguda,1990001,Jadhav Datta  Lokari-B,6,2024,102,352,0,454,311,1304,0,1615,3570,7824,0,11394,205,468,0,673,3365,7356,0,10721,0,0,0,0,0,100.0,3365,7356,0,10721
532,Adilabad,532090,Gadiguda,1990002,K Anusuya  DHABA - K,6,2024,57,409,1,467,181,1381,1,1563,1995,8286,10,10291,175,248,0,423,1820,8038,10,9868,0,0,0,0,0,100.0,1820,8038,10,9868
532,Adilabad,532090,Gadiguda,1990003,Pender Vittal  Paraswada K,6,2024,115,278,1,394,391,1081,1,1473,4025,6486,10,10521,140,180,10,330,3885,6306,0,10191,0,0,0,0,0,100.0,3885,6306,0,10191
532,Adilabad,532090,Gadiguda,1990004,DR Depo Lokari K  LOKARI - K,6,2024,10,330,5,345,26,1138,5,1169,350,6828,50,7228,0,0,0,0,350,6828,50,7228,0,0,0,0,0,100.0,350,6828,50,7228
532,Adilabad,532090,Gadiguda,1990005,A Srinivas  KHANDOW,6,2024,106,467,27,600,407,1615,27,2049,3710,9690,270,13670,280,1447,80,1807,3430,8243,190,11863,0,0,0,0,0,100.0,3430,8243,190,11863
532,Adilabad,532090,Gadiguda,1990006,Madavi Jangu  Kothapally G,6,2024,95,843,3,941,273,3188,3,3464,3325,19128,30,22483,0,2838,10,2848,3325,16290,20,19635,0,0,0,0,0,100.0,3325,16290,20,19635
532,Adilabad,532090,Gadiguda,1990007,Jadhav Dasarath  DONGARGAON,6,2024,151,257,6,414,471,1006,6,1483,5285,6036,60,11381,81,582,20,683,5204,5454,40,10698,0,0,0,0,0,100.0,5204,5454,40,10698
532,Adilabad,532090,Gadiguda,1990008,S Rao Sabab  Kolama,6,2024,81,377,8,466,267,1263,9,1539,2835,7578,80,10493,105,846,30,981,2730,6732,50,9512,0,0,0,0,0,100.0,2730,6732,50,9512
532,Adilabad,532090,Gadiguda,1990009,DR Depo Gadiguda  GADIGUDA,6,2024,190,746,10,946,662,2517,10,3189,6650,15102,100,21852,180,36,20,236,6470,15066,80,21616,0,0,0,0,0,100.0,6470,15066,80,21616
532,Adilabad,532090,Gadiguda,1990010,DR Depo Pipri  Pipri,6,2024,123,299,6,428,347,1293,6,1646,4305,7758,60,12123,560,366,40,966,3745,7392,20,11157,0,0,0,0,0,100.0,3745,7392,20,11157
532,Adilabad,532091,Mavala,1991001,Boddukuri Jyothi  Kailashnagar,6,2024,4,954,0,958,10,3243,0,3253,140,19458,0,19598,0,2609,0,2609,140,16849,0,16989,0,0,0,0,0,100.0,140,16849,0,16989
532,Adilabad,532091,Mavala,1991002,Tigutla Anil  Ramnagar,6,2024,11,1339,0,1350,39,4550,0,4589,385,27300,0,27685,0,7934,0,7934,385,19366,0,19751,0,0,0,0,0,100.0,385,19366,0,19751
532,Adilabad,532091,Mavala,1991003,Boddikuri Shiva Kumar  Subhashnagar,6,2024,6,898,0,904,17,2959,0,2976,210,17754,0,17964,0,3084,0,3084,210,14670,0,14880,0,0,0,0,0,100.0,210,14670,0,14880
532,Adilabad,532091,Mavala,1991004,Nampelly Venu Gopal  DASNAPUR,6,2024,11,1552,0,1563,30,5626,0,5656,385,33756,0,34141,0,3017,0,3017,385,30739,0,31124,0,0,0,0,0,100.0,385,30739,0,31124
532,Adilabad,532091,Mavala,1991005,Nehanaaz  Dasnapur,6,2024,8,676,0,684,33,2210,0,2243,280,13260,0,13540,0,604,0,604,280,12656,0,12936,0,0,0,0,0,100.0,280,12656,0,12936
532,Adilabad,532091,Mavala,1991006,B Mohan Reddy  (Battisargaon,6,2024,32,1316,0,1348,114,4355,0,4469,1120,26130,0,27250,35,6330,0,6365,1085,19800,0,20885,0,0,0,0,0,100.0,1085,19800,0,20885
532,Adilabad,532091,Mavala,1991007,Yera Shudakar  MAvala,6,2024,12,1027,0,1039,32,3341,0,3373,420,20046,0,20466,0,5734,0,5734,420,14312,0,14732,0,0,0,0,0,100.0,420,14312,0,14732
532,Adilabad,532091,Mavala,1991009,SAMA PRANAVI  KRK Colony,6,2024,12,563,0,575,42,2085,0,2127,420,12510,0,12930,245,1872,0,2117,175,10638,0,10813,0,0,0,0,0,100.0,175,10638,0,10813
532,Adilabad,532091,Mavala,1991010,DASARI AKANKSHA  KRK Colony,6,2024,12,800,0,812,35,2867,0,2902,420,17202,0,17622,175,974,0,1149,245,16228,0,16473,0,0,0,0,0,100.0,245,16228,0,16473
532,Adilabad,532091,Mavala,1991011,Thodasm Shankar  (WAGAPUR),6,2024,88,333,0,421,259,952,0,1211,3080,5712,0,8792,140,630,0,770,2940,5082,0,8022,0,0,0,0,0,100.0,2940,5082,0,8022
532,Adilabad,532092,Sirikonda,1992001,BATTI ANKUL  KONDAPUR,6,2024,59,411,0,470,188,1403,0,1591,2065,8418,0,10483,70,0,0,70,1995,8418,0,10413,0,0,0,0,0,100.0,1995,8418,0,10413
532,Adilabad,532092,Sirikonda,1992002,Rathod Menaka  Rimma,6,2024,67,697,0,764,184,2569,0,2753,2345,15414,0,17759,70,420,0,490,2275,14994,0,17269,0,0,0,0,0,100.0,2275,14994,0,17269
532,Adilabad,532092,Sirikonda,1992003,Rathod Santhosh  WAIPET,6,2024,116,813,0,929,322,3018,0,3340,4060,18108,0,22168,0,24,0,24,4060,18084,0,22144,0,0,0,0,0,100.0,4060,18084,0,22144
532,Adilabad,532092,Sirikonda,1992004,Sub DR Depo Sunkidi  H.NO 1-53 Sunkidi,6,2024,9,169,0,178,27,587,0,614,315,3522,0,3837,0,90,0,90,315,3432,0,3747,0,0,0,0,0,100.0,315,3432,0,3747
532,Adilabad,532092,Sirikonda,1992005,Rathnala Radhabai  PONNA,6,2024,31,434,2,467,98,1475,2,1575,1085,8850,20,9955,0,900,0,900,1085,7950,20,9055,0,0,0,0,0,100.0,1085,7950,20,9055
532,Adilabad,532092,Sirikonda,1992006,DR Depo Sirikonda  SIRIKONDA,6,2024,34,705,2,741,106,2467,2,2575,1190,14802,20,16012,70,2203,10,2283,1120,12599,10,13729,0,0,0,0,0,100.0,1120,12599,10,13729
532,Adilabad,532092,Sirikonda,1992007,S Madhav  SOANPALLY,6,2024,33,395,3,431,109,1300,3,1412,1155,7800,30,8985,70,1140,20,1230,1085,6660,10,7755,0,0,0,0,0,100.0,1085,6660,10,7755
532,Adilabad,532092,Sirikonda,1992008,Athram Yadhav Rao  NERADIGONDA -----G,6,2024,32,344,3,379,120,1300,3,1423,1120,7800,30,8950,35,780,20,835,1085,7020,10,8115,0,0,0,0,0,100.0,1085,7020,10,8115
533,Nizamabad,533001,Ranjal,1801001,"I/c B.Aruna  H.No 8-117/1 , Bhagepalle",6,2024,14,198,0,212,32,576,0,608,490,3456,0,3946,35,342,0,377,455,3114,0,3569,0,0,0,0,0,100.0,455,3114,0,3569
533,Nizamabad,533001,Ranjal,1801002,"S.Sailu  H.No  4-36 , Boregaon",6,2024,23,662,0,685,64,2133,0,2197,805,12798,0,13603,0,1842,0,1842,805,10956,0,11761,0,0,0,0,0,100.0,805,10956,0,11761
533,Nizamabad,533001,Ranjal,1801003,"J.Shanker  H.No  6-30 , Dupalle",6,2024,43,541,0,584,97,1648,0,1745,1505,9888,0,11393,140,562,0,702,1365,9326,0,10691,0,0,0,0,0,100.0,1365,9326,0,10691
533,Nizamabad,533001,Ranjal,1801004,"B.Aruna  H.No  1-75 , Kalyapur",6,2024,36,628,4,668,73,1762,4,1839,1260,10572,40,11872,35,870,20,925,1225,9702,20,10947,0,0,0,0,0,100.0,1225,9702,20,10947
533,Nizamabad,533001,Ranjal,1801005,"D.Hanmanthu  H.No  1-35 , Kandakurthi",6,2024,12,564,0,576,27,1975,0,2002,420,11850,0,12270,0,4015,0,4015,420,7835,0,8255,0,0,0,0,0,100.0,420,7835,0,8255
533,Nizamabad,533001,Ranjal,1801006,"I/C J.Shanker  H.No  6-30 , Kunepalle",6,2024,22,405,0,427,64,1169,0,1233,770,7014,0,7784,0,1086,0,1086,770,5928,0,6698,0,0,0,0,0,100.0,770,5928,0,6698
533,Nizamabad,533001,Ranjal,1801007,"Razia Sulthana  H.No  8-332 , NEELA",6,2024,18,405,0,423,50,1345,0,1395,630,8070,0,8700,0,0,0,0,630,8070,0,8700,0,0,0,0,0,100.0,630,8070,0,8700
533,Nizamabad,533001,Ranjal,1801008,"I/C Ravindrababu  H.No  5-65 , Neela",6,2024,11,632,0,643,30,2049,0,2079,385,12294,0,12679,0,0,0,0,385,12294,0,12679,0,0,0,0,0,100.0,385,12294,0,12679
533,Nizamabad,533001,Ranjal,1801009,"L.Anasuya  H.No  8-117/2 , SLSP Neela",6,2024,21,371,0,392,48,1453,0,1501,735,8718,0,9453,35,19,0,54,700,8699,0,9399,0,0,0,0,0,100.0,700,8699,0,9399
533,Nizamabad,533001,Ranjal,1801010,"Radha Prathap  H.No  8-11 , Renjal",6,2024,18,630,0,648,48,1888,0,1936,630,11328,0,11958,0,1158,0,1158,630,10170,0,10800,0,0,0,0,0,100.0,630,10170,0,10800
533,Nizamabad,533001,Ranjal,1801011,"I/c Radha Prathap  H.No  8-11 , Renjal",6,2024,22,500,0,522,56,1401,0,1457,770,8406,0,9176,0,864,0,864,770,7542,0,8312,0,0,0,0,0,100.0,770,7542,0,8312
533,Nizamabad,533001,Ranjal,1801012,"Athiya Begum  H.No  2-100/74 , Satapur",6,2024,28,560,0,588,56,2058,0,2114,980,12348,0,13328,0,859,0,859,980,11489,0,12469,0,0,0,0,0,100.0,980,11489,0,12469
533,Nizamabad,533001,Ranjal,1801013,"B.Kanakalatha  H.No  4-74/1 , Tadbilolli",6,2024,58,402,1,461,147,1314,1,1462,2030,7884,10,9924,70,936,0,1006,1960,6948,10,8918,0,0,0,0,0,100.0,1960,6948,10,8918
533,Nizamabad,533001,Ranjal,1801014,"Md.Sajid  H.No  2-98 , Veerannaguta",6,2024,17,632,0,649,33,2081,0,2114,595,12486,0,13081,0,0,0,0,595,12486,0,13081,0,0,0,0,0,100.0,595,12486,0,13081
533,Nizamabad,533001,Ranjal,1801015,"RAVINDRA BABU  5-65, KANDAKURTHI",6,2024,9,538,0,547,27,1956,0,1983,315,11736,0,12051,0,0,0,0,315,11736,0,12051,0,0,0,0,0,100.0,315,11736,0,12051
533,Nizamabad,533001,Ranjal,1801016,"G.Anuradha  H.No  5-101 , NEELA",6,2024,15,482,0,497,32,1690,0,1722,525,10140,0,10665,0,0,0,0,525,10140,0,10665,0,0,0,0,0,100.0,525,10140,0,10665
533,Nizamabad,533001,Ranjal,1801017,"P.Rajeshwar  H.No  6-16/A , TADBILOLI",6,2024,42,405,0,447,105,1387,0,1492,1470,8322,0,9792,0,120,0,120,1470,8202,0,9672,0,0,0,0,0,100.0,1470,8202,0,9672
533,Nizamabad,533001,Ranjal,1801018,"P PRABHAKAR  H.No  7-26 , RENJAL",6,2024,34,626,0,660,90,1882,0,1972,1190,11292,0,12482,0,36,0,36,1190,11256,0,12446,0,0,0,0,0,100.0,1190,11256,0,12446
533,Nizamabad,533001,Ranjal,1801019,"K Pramod Kumar  H.No  3-24/1 , DUPALLE 2",6,2024,22,437,0,459,64,1311,0,1375,770,7866,0,8636,140,2166,0,2306,630,5700,0,6330,0,0,0,0,0,100.0,630,5700,0,6330
533,Nizamabad,533001,Ranjal,1801020,"G VIMALATHA  H.No  2-91, SATAPUR",6,2024,42,517,0,559,111,1614,0,1725,1470,9684,0,11154,0,756,0,756,1470,8928,0,10398,0,0,0,0,0,100.0,1470,8928,0,10398
533,Nizamabad,533002,Navipet,1802001,"1802001  H.No. 2-24, Near Gramapanchath, Ananthagiri",6,2024,14,251,1,266,41,821,1,863,490,4926,10,5426,0,372,0,372,490,4554,10,5054,0,0,0,0,0,100.0,490,4554,10,5054
533,Nizamabad,533002,Navipet,1802002,"1802002  H.No. 3-116, Ambedkar Statue, Abhangapatnam",6,2024,22,495,1,518,60,1586,1,1647,770,9516,10,10296,0,1062,0,1062,770,8454,10,9234,0,0,0,0,0,100.0,770,8454,10,9234
533,Nizamabad,533002,Navipet,1802003,"1802003  H.No:1-119/12,Near Ambedkar Statuch,Mahantham",6,2024,10,269,2,281,29,757,2,788,350,4542,20,4912,35,210,20,265,315,4332,0,4647,0,0,0,0,0,100.0,315,4332,0,4647
533,Nizamabad,533002,Navipet,1802004,"1802004  H.No. 2-53/3, Mokanaplly",6,2024,12,310,1,323,41,948,1,990,420,5688,10,6118,35,2886,10,2931,385,2802,0,3187,0,0,0,0,0,100.0,385,2802,0,3187
533,Nizamabad,533002,Navipet,1802005,"1802005  H.No. 4-5, Bada Masjeed, Navipet",6,2024,50,554,7,611,142,1850,7,1999,1750,11100,70,12920,0,2364,20,2384,1750,8736,50,10536,0,0,0,0,0,100.0,1750,8736,50,10536
533,Nizamabad,533002,Navipet,1802006,"1802006  H.No.8-68,Subash Nagar,Navipet",6,2024,55,563,10,628,161,1852,10,2023,1925,11112,100,13137,140,2082,50,2272,1785,9030,50,10865,0,0,0,0,0,100.0,1785,9030,50,10865
533,Nizamabad,533002,Navipet,1802007,"1802007  H.No:5-75,Post Office Line",6,2024,59,355,2,416,168,1102,2,1272,2065,6612,20,8697,35,76,0,111,2030,6536,20,8586,0,0,0,0,0,100.0,2030,6536,20,8586
533,Nizamabad,533002,Navipet,1802010,1802010  Near GP Kosli,6,2024,30,534,1,565,83,1571,1,1655,1050,9426,10,10486,70,2184,0,2254,980,7242,10,8232,0,0,0,0,0,100.0,980,7242,10,8232
533,Nizamabad,533002,Navipet,1802011,"1802011  H.No. 2-16, SC Colony, Yamcha",6,2024,42,485,2,529,122,1601,2,1725,1470,9606,20,11096,210,1111,0,1321,1260,8495,20,9775,0,0,0,0,0,100.0,1260,8495,20,9775
533,Nizamabad,533002,Navipet,1802012,1802012  At Old GP Bulding,6,2024,33,395,6,434,91,1319,6,1416,1155,7914,60,9129,0,642,10,652,1155,7272,50,8477,0,0,0,0,0,100.0,1155,7272,50,8477
533,Nizamabad,533002,Navipet,1802013,"1802013  Shivalayam Road,Jannepally",6,2024,14,366,0,380,49,1140,0,1189,490,6840,0,7330,0,282,0,282,490,6558,0,7048,0,0,0,0,0,100.0,490,6558,0,7048
533,Nizamabad,533002,Navipet,1802014,"1802014  H.No:3-24,Near Old GP,Narayanapur",6,2024,23,326,2,351,59,1007,2,1068,805,6042,20,6867,0,108,0,108,805,5934,20,6759,0,0,0,0,0,100.0,805,5934,20,6759
533,Nizamabad,533002,Navipet,1802015,1802015  H.No:1-42. Pothangal,6,2024,53,327,15,395,143,1020,15,1178,1855,6120,150,8125,0,636,40,676,1855,5484,110,7449,0,0,0,0,0,100.0,1855,5484,110,7449
533,Nizamabad,533002,Navipet,1802016,"1802016  H.No. 2-15, Kamalapur",6,2024,42,420,0,462,136,1205,0,1341,1470,7230,0,8700,490,1332,0,1822,980,5898,0,6878,0,0,0,0,0,100.0,980,5898,0,6878
533,Nizamabad,533002,Navipet,1802017,"1802017  1-61,Near Old GP,Siranpally",6,2024,16,271,1,288,52,836,1,889,560,5016,10,5586,0,300,0,300,560,4716,10,5286,0,0,0,0,0,100.0,560,4716,10,5286
533,Nizamabad,533002,Navipet,1802018,1802018  Near Hanman Temple,6,2024,10,437,3,450,26,1506,3,1535,350,9036,30,9416,0,816,0,816,350,8220,30,8600,0,0,0,0,0,100.0,350,8220,30,8600
533,Nizamabad,533002,Navipet,1802019,"1802019  H.No:7-7,Binola",6,2024,14,484,6,504,31,1341,6,1378,490,8046,60,8596,105,3150,50,3305,385,4896,10,5291,0,0,0,0,0,100.0,385,4896,10,5291
533,Nizamabad,533002,Navipet,1802020,1802020  H.No:7-1 Near GP Binola,6,2024,34,466,11,511,102,1271,11,1384,1190,7626,110,8926,0,210,0,210,1190,7416,110,8716,0,0,0,0,0,100.0,1190,7416,110,8716
533,Nizamabad,533002,Navipet,1802023,1802023  Near Hanman temple,6,2024,11,153,1,165,31,484,1,516,385,2904,10,3299,0,450,0,450,385,2454,10,2849,0,0,0,0,0,100.0,385,2454,10,2849
533,Nizamabad,533002,Navipet,1802024,"1802024  H.No:2-77,Near GP,Abbapur-M",6,2024,48,303,1,352,146,857,1,1004,1680,5142,10,6832,0,714,0,714,1680,4428,10,6118,0,0,0,0,0,100.0,1680,4428,10,6118
533,Nizamabad,533002,Navipet,1802026,"1802026  H.No:2-43,Lingapur",6,2024,31,323,0,354,92,1035,0,1127,1085,6210,0,7295,0,330,0,330,1085,5880,0,6965,0,0,0,0,0,100.0,1085,5880,0,6965
533,Nizamabad,533002,Navipet,1802027,"1802027  H.No.1-138, Near Old G.P, Thungini",6,2024,21,177,3,201,61,513,3,577,735,3078,30,3843,35,144,10,189,700,2934,20,3654,0,0,0,0,0,100.0,700,2934,20,3654
533,Nizamabad,533002,Navipet,1802028,"Ravi  H.No. 5-102/18, Sitharam Nagar Colony, Kosli",6,2024,17,569,0,586,53,1944,0,1997,595,11664,0,12259,0,0,0,0,595,11664,0,12259,0,0,0,0,0,100.0,595,11664,0,12259
533,Nizamabad,533002,Navipet,1802029,"Arun Kumar  H.No;3-83/1,Jannipally",6,2024,15,407,0,422,47,1272,0,1319,525,7632,0,8157,70,1255,0,1325,455,6377,0,6832,0,0,0,0,0,100.0,455,6377,0,6832
533,Nizamabad,533002,Navipet,1802030,"Satyanarayana  H.No. 4-127, Near Bus Stand, Pothangal",6,2024,24,260,10,294,56,874,10,940,840,5244,100,6184,0,504,40,544,840,4740,60,5640,0,0,0,0,0,100.0,840,4740,60,5640
533,Nizamabad,533002,Navipet,1802031,"Anil  H.No. 2-89, Near Hanman Temple, Naleshwar",6,2024,11,369,0,380,28,1243,0,1271,385,7458,0,7843,0,372,0,372,385,7086,0,7471,0,0,0,0,0,100.0,385,7086,0,7471
533,Nizamabad,533002,Navipet,1802032,"Gangaram  H.No.1-100/1, Near Maseed, Nizampur",6,2024,18,326,1,345,52,992,1,1045,630,5952,10,6592,70,444,0,514,560,5508,10,6078,0,0,0,0,0,100.0,560,5508,10,6078
533,Nizamabad,533002,Navipet,1802159,"1802159  H.No. 3-67, BC Colony, Nagepur",6,2024,29,685,0,714,74,2318,0,2392,1015,13908,0,14923,70,1578,0,1648,945,12330,0,13275,0,0,0,0,0,100.0,945,12330,0,13275
533,Nizamabad,533002,Navipet,1802160,"1802160  H.No. 1-126, Maddepally",6,2024,10,308,0,318,29,1110,0,1139,350,6660,0,7010,35,744,0,779,315,5916,0,6231,0,0,0,0,0,100.0,315,5916,0,6231
533,Nizamabad,533002,Navipet,1802172,"1802172  Near GP,,Rampur",6,2024,18,326,5,349,53,1019,5,1077,630,6114,50,6794,105,972,0,1077,525,5142,50,5717,0,0,0,0,0,100.0,525,5142,50,5717
533,Nizamabad,533002,Navipet,1802173,"1802173  Near GP,FatheNagar",6,2024,7,232,0,239,21,861,0,882,245,5166,0,5411,0,378,0,378,245,4788,0,5033,0,0,0,0,0,100.0,245,4788,0,5033
533,Nizamabad,533002,Navipet,1802176,1802176  Abbapur (B),6,2024,18,310,0,328,50,1144,0,1194,630,6864,0,7494,99,1230,0,1329,531,5634,0,6165,0,0,0,0,0,100.0,531,5634,0,6165
533,Nizamabad,533002,Navipet,1802177,"P RAMESH  H.No. 5-54/1, Station Road, Abhangapatnam",6,2024,27,303,7,337,68,1144,7,1219,945,6864,70,7879,175,1674,20,1869,770,5190,50,6010,0,0,0,0,0,100.0,770,5190,50,6010
533,Nizamabad,533002,Navipet,1802178,"K RAMESH  H.No. 2-53/3, Mokanaplly",6,2024,2,297,1,300,6,846,1,853,70,5076,10,5156,0,72,0,72,70,5004,10,5084,0,0,0,0,0,100.0,70,5004,10,5084
533,Nizamabad,533002,Navipet,1802179,"M PRAKASH  NEAR POLICE STATION, NAVIPET",6,2024,31,511,0,542,91,1579,0,1670,1085,9474,0,10559,70,1596,0,1666,1015,7878,0,8893,0,0,0,0,0,100.0,1015,7878,0,8893
533,Nizamabad,533002,Navipet,1802180,"K SANJIV KUMAR  H.No. 3-49, Ekalvya Stachu, Navipet",6,2024,48,522,5,575,142,1766,5,1913,1680,10596,50,12326,0,1746,0,1746,1680,8850,50,10580,0,0,0,0,0,100.0,1680,8850,50,10580
533,Nizamabad,533002,Navipet,1802181,"AFROZ BEGUM  H.No. 5-75, Post Office Line, Daryapur",6,2024,39,462,3,504,105,1620,3,1728,1365,9720,30,11115,5,0,20,25,1360,9720,10,11090,0,0,0,0,0,100.0,1360,9720,10,11090
533,Nizamabad,533003,Nandipet,1803001,"Chandraiah  3-12, Opp.Corporation Bank, Ailapur",6,2024,24,418,1,443,68,1257,1,1326,840,7542,10,8392,0,342,0,342,840,7200,10,8050,0,0,0,0,0,100.0,840,7200,10,8050
533,Nizamabad,533003,Nandipet,1803002,"G. Sagar  2-54, Opp.G.P.Andhranagar",6,2024,14,367,6,387,36,979,6,1021,490,5874,60,6424,35,1158,10,1203,455,4716,50,5221,0,0,0,0,0,100.0,455,4716,50,5221
533,Nizamabad,533003,Nandipet,1803003,"S.Sujatha  1-69, Nandipet Main road beside, Badguna",6,2024,16,497,3,516,41,1411,3,1455,560,8466,30,9056,0,420,20,440,560,8046,10,8616,0,0,0,0,0,100.0,560,8046,10,8616
533,Nizamabad,533003,Nandipet,1803004,"P. Swayam Prabha Devi  2-70, Beside G.P.Main Road, Bazarkothur",6,2024,24,328,0,352,58,986,0,1044,840,5916,0,6756,0,0,0,0,840,5916,0,6756,0,0,0,0,0,100.0,840,5916,0,6756
533,Nizamabad,533003,Nandipet,1803005,"Bankar Bhagavan  1-79, Main Bus stand, CH.Kondur",6,2024,16,340,2,358,39,1208,2,1249,560,7248,20,7828,0,858,10,868,560,6390,10,6960,0,0,0,0,0,100.0,560,6390,10,6960
533,Nizamabad,533003,Nandipet,1803006,"Sathya  Gangu  2-24, Near Rajendla Devanna Kirana shop, Chimrajpally",6,2024,15,353,12,380,36,1125,12,1173,525,6750,120,7395,0,486,60,546,525,6264,60,6849,0,0,0,0,0,100.0,525,6264,60,6849
533,Nizamabad,533003,Nandipet,1803007,"Bhanakar Vittal Rao  4-55/10, Dubba Water tank beside, Kamtam",6,2024,34,556,4,594,95,1676,4,1775,1190,10056,40,11286,105,1242,10,1357,1085,8814,30,9929,0,0,0,0,0,100.0,1085,8814,30,9929
533,Nizamabad,533003,Nandipet,1803008,"1803008  2-105/23, Near High School, Lakkampally",6,2024,13,328,10,351,33,920,10,963,455,5520,100,6075,35,786,30,851,420,4734,70,5224,0,0,0,0,0,100.0,420,4734,70,5224
533,Nizamabad,533003,Nandipet,1803009,"1803009  1-64, Main road beside, Mallaram",6,2024,5,108,7,120,16,379,7,402,175,2274,70,2519,0,0,20,20,175,2274,50,2499,0,0,0,0,0,100.0,175,2274,50,2499
533,Nizamabad,533003,Nandipet,1803010,"CH.Chinnaiah  9-75, Munnurkapu Sangam, Nandipet",6,2024,27,505,7,539,79,1575,7,1661,945,9450,70,10465,0,0,20,20,945,9450,50,10445,0,0,0,0,0,100.0,945,9450,50,10445
533,Nizamabad,533003,Nandipet,1803011,"1803011  4-80, Majid shelter, Armoor Road, Nandipet",6,2024,11,524,10,545,25,1844,10,1879,385,11064,100,11549,0,0,60,60,385,11064,40,11489,0,0,0,0,0,100.0,385,11064,40,11489
533,Nizamabad,533003,Nandipet,1803012,"Vulli sushma @ Sujatha  3-173/8/B, Shelter, VRA's Association building, Near to Urdu Medium school, Nandipet",6,2024,24,435,6,465,67,1520,6,1593,840,9120,60,10020,0,0,0,0,840,9120,60,10020,0,0,0,0,0,100.0,840,9120,60,10020
533,Nizamabad,533003,Nandipet,1803013,"1803013  1-23/2/A, Opp.Dist Anteena, Talveda",6,2024,26,397,6,429,66,1224,6,1296,910,7344,60,8314,35,0,20,55,875,7344,40,8259,0,0,0,0,0,100.0,875,7344,40,8259
533,Nizamabad,533003,Nandipet,1803014,"S.Sujatha  3-2, Gandhi Statue near, Ummeda",6,2024,25,534,2,561,59,1699,2,1760,875,10194,20,11089,0,162,0,162,875,10032,20,10927,0,0,0,0,0,100.0,875,10032,20,10927
533,Nizamabad,533003,Nandipet,1803015,"KS Brahmam  5-17, Near Pedda Hanuman Mandir, Velmal",6,2024,34,484,1,519,92,1426,1,1519,1190,8556,10,9756,0,474,0,474,1190,8082,10,9282,0,0,0,0,0,100.0,1190,8082,10,9282
533,Nizamabad,533003,Nandipet,1803016,"C Venkateshwar  7-70, Near Govt.High School, Velmal",6,2024,12,578,7,597,23,1846,7,1876,420,11076,70,11566,35,1542,40,1617,385,9534,30,9949,0,0,0,0,0,100.0,385,9534,30,9949
533,Nizamabad,533003,Nandipet,1803024,"Ikramuddin  7-98, Opp.G.P, Khudavandpur",6,2024,82,440,22,544,211,1479,22,1712,2870,8874,220,11964,0,0,0,0,2870,8874,220,11964,0,0,0,0,0,100.0,2870,8874,220,11964
533,Nizamabad,533003,Nandipet,1803029,"J Narsaih  1-33/2, Near SC Sangam & Hanuman Temple, Shapur",6,2024,28,454,6,488,83,1395,6,1484,980,8370,60,9410,70,306,20,396,910,8064,40,9014,0,0,0,0,0,100.0,910,8064,40,9014
533,Nizamabad,533003,Nandipet,1803030,"Chandra Shekar  4-123, Near Ramalayam Temple, Siddapur",6,2024,37,382,1,420,93,1088,1,1182,1295,6528,10,7833,35,0,10,45,1260,6528,0,7788,0,0,0,0,0,100.0,1260,6528,0,7788
533,Nizamabad,533003,Nandipet,1803033,"Jangala Narsayya  5-14, Opp: G.P.Side, Vannel K",6,2024,45,592,11,648,114,1755,11,1880,1575,10530,110,12215,210,2358,20,2588,1365,8172,90,9627,0,0,0,0,0,100.0,1365,8172,90,9627
533,Nizamabad,533003,Nandipet,1803034,"1803034  3-84, Opp: Ricemill, Ailapur",6,2024,29,389,3,421,79,1126,3,1208,1015,6756,30,7801,0,1478,10,1488,1015,5278,20,6313,0,0,0,0,0,100.0,1015,5278,20,6313
533,Nizamabad,533003,Nandipet,1803035,"R.Sharath Babu  1-93, Near Anganwadi, Jojipet",6,2024,8,318,3,329,20,929,3,952,280,5574,30,5884,0,1440,10,1450,280,4134,20,4434,0,0,0,0,0,100.0,280,4134,20,4434
533,Nizamabad,533003,Nandipet,1803036,"D.Ramarao  3-71/1, Main Road (Sriram Tailor), CH.Kondur",6,2024,15,316,3,334,32,969,3,1004,525,5814,30,6369,35,0,10,45,490,5814,20,6324,0,0,0,0,0,100.0,490,5814,20,6324
533,Nizamabad,533003,Nandipet,1803037,"Budda Chinniah  5-110/1, Kurla Beedi Factory beside, Nandipet",6,2024,32,438,14,484,81,1343,14,1438,1120,8058,140,9318,0,0,0,0,1120,8058,140,9318,0,0,0,0,0,100.0,1120,8058,140,9318
533,Nizamabad,533003,Nandipet,1803038,"Mood Jyothi  1-162/14,Back Side of Masjid, Nandipet",6,2024,23,457,5,485,68,1652,5,1725,805,9912,50,10767,0,0,20,20,805,9912,30,10747,0,0,0,0,0,100.0,805,9912,30,10747
533,Nizamabad,533003,Nandipet,1803039,"K.Gangadhar  1-7/1, Near Airtel tower, Talveda",6,2024,25,426,2,453,75,1299,2,1376,875,7794,20,8689,0,1158,20,1178,875,6636,0,7511,0,0,0,0,0,100.0,875,6636,0,7511
533,Nizamabad,533003,Nandipet,1803040,"1803040  1-40, SC Colony Velmal to Aloor road, Velmal",6,2024,38,466,3,507,95,1440,3,1538,1330,8640,30,10000,35,6,0,41,1295,8634,30,9959,0,0,0,0,0,100.0,1295,8634,30,9959
533,Nizamabad,533003,Nandipet,1803041,"G. Sagar  12-124, 1st Water tank, Koulpur H/o. Velmal",6,2024,21,289,8,318,54,895,8,957,735,5370,80,6185,0,294,0,294,735,5076,80,5891,0,0,0,0,0,100.0,735,5076,80,5891
533,Nizamabad,533003,Nandipet,1803042,"Manglarapu Sayanna  6-59, After Yellamma Gutta Shelter, Right Side, Khudavandpur",6,2024,35,460,14,509,82,1416,14,1512,1225,8496,140,9861,70,0,50,120,1155,8496,90,9741,0,0,0,0,0,100.0,1155,8496,90,9741
533,Nizamabad,533003,Nandipet,1803043,"R.Gangamani  3-77/1, Hanuman Temple, Dubba, Rajnagar, Nandipet",6,2024,30,498,6,534,81,1670,6,1757,1050,10020,60,11130,75,704,0,779,975,9316,60,10351,0,0,0,0,0,100.0,975,9316,60,10351
533,Nizamabad,533003,Nandipet,1803044,"Deshinla sukanya  H.No:1-54/3,Mayapur,Nandipet",6,2024,13,149,0,162,37,489,0,526,455,2934,0,3389,0,534,0,534,455,2400,0,2855,0,0,0,0,0,100.0,455,2400,0,2855
533,Nizamabad,533004,Armur,1804001,Santosh Kumar  ZIRARATH NAGAR,6,2024,29,471,6,506,77,1638,6,1721,1015,9828,60,10903,0,0,30,30,1015,9828,30,10873,0,0,0,0,0,100.0,1015,9828,30,10873
533,Nizamabad,533004,Armur,1804002,T Radhika  RAM NAGAR,6,2024,15,454,1,470,34,1524,1,1559,525,9144,10,9679,0,0,10,10,525,9144,0,9669,0,0,0,0,0,100.0,525,9144,0,9669
533,Nizamabad,533004,Armur,1804003,Batthula Bhoomeshwar  ZIRAYATH NAGAR,6,2024,23,497,1,521,55,1667,1,1723,805,10002,10,10817,0,12,0,12,805,9990,10,10805,0,0,0,0,0,100.0,805,9990,10,10805
533,Nizamabad,533004,Armur,1804004,Bashetty Umarani  HUSNABAD COLONY,6,2024,25,532,4,561,55,1676,4,1735,875,10056,40,10971,0,0,10,10,875,10056,30,10961,0,0,0,0,0,100.0,875,10056,30,10961
533,Nizamabad,533004,Armur,1804005,Srinivas  HOUSING BOARD,6,2024,41,508,2,551,97,1778,2,1877,1435,10668,20,12123,0,6,10,16,1435,10662,10,12107,0,0,0,0,0,100.0,1435,10662,10,12107
533,Nizamabad,533004,Armur,1804006,Jouna Sudharshan  DAYANAND NAGAR,6,2024,24,440,1,465,57,1450,1,1508,840,8700,10,9550,0,0,0,0,840,8700,10,9550,0,0,0,0,0,100.0,840,8700,10,9550
533,Nizamabad,533004,Armur,1804007,D Gangamani  MARKET GROUND,6,2024,16,436,1,453,40,1477,1,1518,560,8862,10,9432,0,6,0,6,560,8856,10,9426,0,0,0,0,0,100.0,560,8856,10,9426
533,Nizamabad,533004,Armur,1804008,B Narayana  GOLE BANGALA,6,2024,34,470,7,511,87,1518,7,1612,1190,9108,70,10368,0,0,10,10,1190,9108,60,10358,0,0,0,0,0,100.0,1190,9108,60,10358
533,Nizamabad,533004,Armur,1804009,Bhumeshwer  PEDDA BAZAR,6,2024,65,444,3,512,167,1370,3,1540,2275,8220,30,10525,70,0,0,70,2205,8220,30,10455,0,0,0,0,0,100.0,2205,8220,30,10455
533,Nizamabad,533004,Armur,1804010,K Shoba  KINDI BAZAR,6,2024,35,489,5,529,94,1500,5,1599,1225,9000,50,10275,0,0,10,10,1225,9000,40,10265,0,0,0,0,0,100.0,1225,9000,40,10265
533,Nizamabad,533004,Armur,1804011,P Gopi Krishna  KASHI HANUMAN GALLY,6,2024,26,547,2,575,71,1688,3,1762,910,10128,20,11058,35,0,0,35,875,10128,20,11023,0,0,0,0,0,100.0,875,10128,20,11023
533,Nizamabad,533004,Armur,1804012,MD Nayeemuddin  SAIDABAD COLONY,6,2024,37,497,3,537,91,1765,3,1859,1295,10590,30,11915,0,0,0,0,1295,10590,30,11915,0,0,0,0,0,100.0,1295,10590,30,11915
533,Nizamabad,533004,Armur,1804015,D Swapna  AMDHAPOOR,6,2024,19,342,4,365,49,1017,4,1070,665,6102,40,6807,0,366,0,366,665,5736,40,6441,0,0,0,0,0,100.0,665,5736,40,6441
533,Nizamabad,533004,Armur,1804016,PACS  ANKAPOOR,6,2024,45,560,4,609,130,1842,4,1976,1575,11052,40,12667,140,113,0,253,1435,10939,40,12414,0,0,0,0,0,100.0,1435,10939,40,12414
533,Nizamabad,533004,Armur,1804017,Mahilamandali  ANKAPOOR,6,2024,56,555,5,616,163,1707,5,1875,1960,10242,50,12252,0,0,30,30,1960,10242,20,12222,0,0,0,0,0,100.0,1960,10242,20,12222
533,Nizamabad,533004,Armur,1804018,B Sudheer kumar  CHEPOOR,6,2024,31,536,1,568,66,1669,1,1736,1085,10014,10,11109,0,60,10,70,1085,9954,0,11039,0,0,0,0,0,100.0,1085,9954,0,11039
533,Nizamabad,533004,Armur,1804019,S Ganesh  CHEPOOR,6,2024,19,484,0,503,40,1418,0,1458,665,8508,0,9173,0,372,0,372,665,8136,0,8801,0,0,0,0,0,100.0,665,8136,0,8801
533,Nizamabad,533004,Armur,1804022,D. Srinivas  FATHEPOOR,6,2024,40,584,9,633,90,1778,9,1877,1400,10668,90,12158,0,78,50,128,1400,10590,40,12030,0,0,0,0,0,100.0,1400,10590,40,12030
533,Nizamabad,533004,Armur,1804024,PACS  GOVINDPET,6,2024,37,459,4,500,102,1470,6,1578,1295,8820,40,10155,105,378,0,483,1190,8442,40,9672,0,0,0,0,0,100.0,1190,8442,40,9672
533,Nizamabad,533004,Armur,1804025,E Sarith  ISSAPALLY,6,2024,32,773,1,806,96,2241,1,2338,1120,13446,10,14576,0,306,10,316,1120,13140,0,14260,0,0,0,0,0,100.0,1120,13140,0,14260
533,Nizamabad,533004,Armur,1804026,S Sayanna  KHANAPOOR,6,2024,20,367,1,388,52,1090,1,1143,700,6540,10,7250,35,168,0,203,665,6372,10,7047,0,0,0,0,0,100.0,665,6372,10,7047
533,Nizamabad,533004,Armur,1804027,Sambaru Radha  KOMANPALLY,6,2024,18,436,5,459,44,1294,5,1343,630,7764,50,8444,70,948,0,1018,560,6816,50,7426,0,0,0,0,0,100.0,560,6816,50,7426
533,Nizamabad,533004,Armur,1804028,T Raju  KOTARMOOR,6,2024,58,639,9,706,182,2081,9,2272,2030,12486,90,14606,35,0,20,55,1995,12486,70,14551,0,0,0,0,0,100.0,1995,12486,70,14551
533,Nizamabad,533004,Armur,1804029,D Swami  MAMIDIPALLY,6,2024,36,584,5,625,113,1934,5,2052,1260,11604,50,12914,0,78,20,98,1260,11526,30,12816,0,0,0,0,0,100.0,1260,11526,30,12816
533,Nizamabad,533004,Armur,1804030,Narsaiah  MAGGIDI,6,2024,31,489,0,520,97,1639,0,1736,1085,9834,0,10919,0,888,0,888,1085,8946,0,10031,0,0,0,0,0,100.0,1085,8946,0,10031
533,Nizamabad,533004,Armur,1804033,K Ashanna  MANTHANI,6,2024,19,337,4,360,52,1022,4,1078,665,6132,40,6837,0,852,10,862,665,5280,30,5975,0,0,0,0,0,100.0,665,5280,30,5975
533,Nizamabad,533004,Armur,1804035,Zareena Begum  PERKIT,6,2024,44,536,5,585,131,1766,5,1902,1540,10596,50,12186,70,18,10,98,1470,10578,40,12088,0,0,0,0,0,100.0,1470,10578,40,12088
533,Nizamabad,533004,Armur,1804036,M Gangamani  PERKIT,6,2024,26,433,3,462,97,1776,3,1876,910,10656,30,11596,0,0,0,0,910,10656,30,11596,0,0,0,0,0,100.0,910,10656,30,11596
533,Nizamabad,533004,Armur,1804037,B Swarnalatha  PIPRI,6,2024,29,488,3,520,68,1465,3,1536,1015,8790,30,9835,0,48,10,58,1015,8742,20,9777,0,0,0,0,0,100.0,1015,8742,20,9777
533,Nizamabad,533004,Armur,1804038,P Sharada  PIPRI,6,2024,22,493,3,518,58,1388,3,1449,770,8328,30,9128,0,0,0,0,770,8328,30,9128,0,0,0,0,0,100.0,770,8328,30,9128
533,Nizamabad,533004,Armur,1804039,G Arun  RAMPOOR,6,2024,11,167,3,181,30,470,3,503,385,2820,30,3235,35,294,0,329,350,2526,30,2906,0,0,0,0,0,100.0,350,2526,30,2906
533,Nizamabad,533004,Armur,1804040,T Rajaram  SURBIRYAL,6,2024,40,602,2,644,114,1905,2,2021,1400,11430,20,12850,0,990,0,990,1400,10440,20,11860,0,0,0,0,0,100.0,1400,10440,20,11860
533,Nizamabad,533004,Armur,1804041,G Meera  ZIRAYATH NAGAR,6,2024,23,473,7,503,60,1603,7,1670,805,9618,70,10493,0,270,0,270,805,9348,70,10223,0,0,0,0,0,100.0,805,9348,70,10223
533,Nizamabad,533004,Armur,1804042,Madari Premalatha  ODDERA COLNY,6,2024,32,407,5,444,91,1450,5,1546,1120,8700,50,9870,0,4510,40,4550,1120,4190,10,5320,0,0,0,0,0,100.0,1120,4190,10,5320
533,Nizamabad,533004,Armur,1804043,C Ganga Mohan  ZIRAYATH NAGAR,6,2024,25,422,0,447,68,1493,0,1561,875,8958,0,9833,0,0,0,0,875,8958,0,9833,0,0,0,0,0,100.0,875,8958,0,9833
533,Nizamabad,533004,Armur,1804044,A Srinivas  BE SIDE SUB JILE,6,2024,15,546,1,562,45,1850,1,1896,525,11100,10,11635,0,0,0,0,525,11100,10,11635,0,0,0,0,0,100.0,525,11100,10,11635
533,Nizamabad,533004,Armur,1804045,M Srinivas  TEACHERS COLONY,6,2024,28,524,1,553,72,1751,1,1824,980,10506,10,11496,0,534,0,534,980,9972,10,10962,0,0,0,0,0,100.0,980,9972,10,10962
533,Nizamabad,533004,Armur,1804046,I/C M Srinivas  RAJARAM NAGAR COLONY,6,2024,41,489,13,543,112,1617,13,1742,1435,9702,130,11267,0,6,60,66,1435,9696,70,11201,0,0,0,0,0,100.0,1435,9696,70,11201
533,Nizamabad,533004,Armur,1804047,B Pavani  HUSNABAD GALLY,6,2024,18,442,4,464,49,1501,4,1554,630,9006,40,9676,0,0,0,0,630,9006,40,9676,0,0,0,0,0,100.0,630,9006,40,9676
533,Nizamabad,533004,Armur,1804048,J Sudershan  ASHOK NAGAR,6,2024,18,451,2,471,39,1481,2,1522,630,8886,20,9536,0,0,0,0,630,8886,20,9536,0,0,0,0,0,100.0,630,8886,20,9536
533,Nizamabad,533004,Armur,1804049,J Gangadhar  ASHOK NAGAR,6,2024,22,475,1,498,46,1490,1,1537,770,8940,10,9720,0,0,0,0,770,8940,10,9720,0,0,0,0,0,100.0,770,8940,10,9720
533,Nizamabad,533004,Armur,1804051,S Suresh  MAMIDIPALLY,6,2024,36,623,4,663,104,2122,4,2230,1260,12732,40,14032,0,96,0,96,1260,12636,40,13936,0,0,0,0,0,100.0,1260,12636,40,13936
533,Nizamabad,533004,Armur,1804052,L Naresh  MAMIDIPALLY,6,2024,21,609,2,632,64,2096,2,2162,735,12576,20,13331,0,0,0,0,735,12576,20,13331,0,0,0,0,0,100.0,735,12576,20,13331
533,Nizamabad,533004,Armur,1804053,B Hemalatha  MANTHANI,6,2024,21,373,1,395,62,1091,1,1154,735,6546,10,7291,0,6,0,6,735,6540,10,7285,0,0,0,0,0,100.0,735,6540,10,7285
533,Nizamabad,533004,Armur,1804054,M A Azeem Pasha  PERKIT,6,2024,45,592,3,640,128,2232,5,2365,1575,13392,30,14997,0,1,10,11,1575,13391,20,14986,0,0,0,0,0,100.0,1575,13391,20,14986
533,Nizamabad,533004,Armur,1804055,K Naresh  PERKIT,6,2024,37,492,11,540,111,1649,11,1771,1295,9894,110,11299,0,0,30,30,1295,9894,80,11269,0,0,0,0,0,100.0,1295,9894,80,11269
533,Nizamabad,533004,Armur,1804056,"Kum Naikini Shirisha  H.No. 4-80, Govindpet village, Armoor Mandal",6,2024,15,463,3,481,50,1483,4,1537,525,8898,30,9453,0,6,10,16,525,8892,20,9437,0,0,0,0,0,100.0,525,8892,20,9437
533,Nizamabad,533004,Armur,1804057,"Smt. Asapuram Rajitha alias Eleti Rajitha  H.No.7-31, Pipri Village, Armoor Mandal",6,2024,20,474,0,494,62,1414,0,1476,700,8484,0,9184,0,0,0,0,700,8484,0,9184,0,0,0,0,0,100.0,700,8484,0,9184
533,Nizamabad,533005,Balkonda,1805001,"Farath Begum  5-30/1, Main Bazar, Balkonda",6,2024,29,541,2,572,71,1655,2,1728,1015,9930,20,10965,0,222,0,222,1015,9708,20,10743,0,0,0,0,0,100.0,1015,9708,20,10743
533,Nizamabad,533005,Balkonda,1805002,"Sirikanti Sagar  13-58 Nadimi gally,Balkonda",6,2024,34,421,1,456,79,1226,1,1306,1190,7356,10,8556,0,1812,0,1812,1190,5544,10,6744,0,0,0,0,0,100.0,1190,5544,10,6744
533,Nizamabad,533005,Balkonda,1805003,"Vasudha  H.No.8-40/1, Balkonda",6,2024,35,421,0,456,70,1396,0,1466,1225,8376,0,9601,0,0,0,0,1225,8376,0,9601,0,0,0,0,0,100.0,1225,8376,0,9601
533,Nizamabad,533005,Balkonda,1805004,"Butti Raju  2-68, Armoor galli",6,2024,39,491,1,531,83,1587,1,1671,1365,9522,10,10897,0,348,0,348,1365,9174,10,10549,0,0,0,0,0,100.0,1365,9174,10,10549
533,Nizamabad,533005,Balkonda,1805005,"Shaik Maheboob  H.No.16-30/1, Ithwarpet",6,2024,16,271,0,287,47,760,0,807,560,4560,0,5120,0,306,0,306,560,4254,0,4814,0,0,0,0,0,100.0,560,4254,0,4814
533,Nizamabad,533005,Balkonda,1805006,"K.Vishala  H.No.17-14/1, Bassapur",6,2024,18,293,0,311,45,910,0,955,630,5460,0,6090,0,96,0,96,630,5364,0,5994,0,0,0,0,0,100.0,630,5364,0,5994
533,Nizamabad,533005,Balkonda,1805012,"Bharathi @ Susheela  H.No.3-89, Nagapoor",6,2024,22,372,0,394,46,1064,0,1110,770,6384,0,7154,0,168,0,168,770,6216,0,6986,0,0,0,0,0,100.0,770,6216,0,6986
533,Nizamabad,533005,Balkonda,1805013,"K.Janardhan  2-37 Near Gram Panchayath,Jalalpur",6,2024,22,337,0,359,51,972,0,1023,770,5832,0,6602,0,228,0,228,770,5604,0,6374,0,0,0,0,0,100.0,770,5604,0,6374
533,Nizamabad,533005,Balkonda,1805019,"Laxman  H.No.3-75, Kissannagar",6,2024,13,545,0,558,34,1630,0,1664,455,9780,0,10235,0,654,0,654,455,9126,0,9581,0,0,0,0,0,100.0,455,9126,0,9581
533,Nizamabad,533005,Balkonda,1805020,"A.Sreemati  H.No.3-4, Kissannagar",6,2024,24,475,0,499,52,1447,0,1499,840,8682,0,9522,0,1104,0,1104,840,7578,0,8418,0,0,0,0,0,100.0,840,7578,0,8418
533,Nizamabad,533005,Balkonda,1805022,"T.Ramesh  H. No 5-34, Padmashali veedhi, Vannel B",6,2024,9,518,0,527,19,1583,0,1602,315,9498,0,9813,0,0,0,0,315,9498,0,9813,0,0,0,0,0,100.0,315,9498,0,9813
533,Nizamabad,533005,Balkonda,1805023,Talla Laxmi Narayana  Opp.SBH Bank  Vannel B,6,2024,4,486,0,490,8,1389,0,1397,140,8334,0,8474,0,72,0,72,140,8262,0,8402,0,0,0,0,0,100.0,140,8262,0,8402
533,Nizamabad,533005,Balkonda,1805024,"Kottala Sreeja  H.No.2-45, Bodepally",6,2024,14,609,0,623,41,1575,0,1616,490,9450,0,9940,0,0,0,0,490,9450,0,9940,0,0,0,0,0,100.0,490,9450,0,9940
533,Nizamabad,533005,Balkonda,1805025,"Muthemma  H.No.3-109/3, Chittapoor",6,2024,26,772,0,798,74,2207,0,2281,910,13242,0,14152,0,324,0,324,910,12918,0,13828,0,0,0,0,0,100.0,910,12918,0,13828
533,Nizamabad,533005,Balkonda,1805026,"T.Gangadhar  H.No.5-16, Srirampoor",6,2024,18,151,4,173,57,427,4,488,630,2562,40,3232,0,24,0,24,630,2538,40,3208,0,0,0,0,0,100.0,630,2538,40,3208
533,Nizamabad,533005,Balkonda,1805039,"A.Anjaiah  H.No.19-37/2, Nehrunagar, Balkonda",6,2024,32,483,0,515,73,1611,0,1684,1120,9666,0,10786,0,408,0,408,1120,9258,0,10378,0,0,0,0,0,100.0,1120,9258,0,10378
533,Nizamabad,533005,Balkonda,1805041,"Botla Sravanthi  15-124/2A, BALKONDA",6,2024,42,443,1,486,96,1293,1,1390,1470,7758,10,9238,0,222,0,222,1470,7536,10,9016,0,0,0,0,0,100.0,1470,7536,10,9016
533,Nizamabad,533005,Balkonda,1805042,"Latha@ Soujanya  NEAR VENKATESHWARA SCHOOL, BALKONDA",6,2024,35,620,0,655,76,1972,0,2048,1225,11832,0,13057,70,502,0,572,1155,11330,0,12485,0,0,0,0,0,100.0,1155,11330,0,12485
533,Nizamabad,533006,Mortad,1806001,1806001  Morthad,6,2024,22,469,0,491,64,1376,0,1440,770,8256,0,9026,0,0,0,0,770,8256,0,9026,0,0,0,0,0,100.0,770,8256,0,9026
533,Nizamabad,533006,Mortad,1806002,1806002  Morthad,6,2024,19,444,0,463,50,1486,0,1536,665,8916,0,9581,0,2400,0,2400,665,6516,0,7181,0,0,0,0,0,100.0,665,6516,0,7181
533,Nizamabad,533006,Mortad,1806003,1806003  Morthad,6,2024,19,504,0,523,53,1725,0,1778,665,10350,0,11015,0,12,0,12,665,10338,0,11003,0,0,0,0,0,100.0,665,10338,0,11003
533,Nizamabad,533006,Mortad,1806004,1806004  Morthad,6,2024,17,499,0,516,46,1468,0,1514,595,8808,0,9403,0,1374,0,1374,595,7434,0,8029,0,0,0,0,0,100.0,595,7434,0,8029
533,Nizamabad,533006,Mortad,1806005,1806005  Morthad,6,2024,18,443,0,461,44,1382,0,1426,630,8292,0,8922,0,0,0,0,630,8292,0,8922,0,0,0,0,0,100.0,630,8292,0,8922
533,Nizamabad,533006,Mortad,1806006,1806006  Morthad,6,2024,19,370,0,389,46,1034,0,1080,665,6204,0,6869,0,1056,0,1056,665,5148,0,5813,0,0,0,0,0,100.0,665,5148,0,5813
533,Nizamabad,533006,Mortad,1806007,1806007  Sunket,6,2024,19,396,0,415,48,1105,0,1153,665,6630,0,7295,180,1122,0,1302,485,5508,0,5993,0,0,0,0,0,100.0,485,5508,0,5993
533,Nizamabad,533006,Mortad,1806008,1806008  Sunket,6,2024,24,420,0,444,64,1144,0,1208,840,6864,0,7704,0,66,0,66,840,6798,0,7638,0,0,0,0,0,100.0,840,6798,0,7638
533,Nizamabad,533006,Mortad,1806011,1806011  Waddiat,6,2024,25,486,0,511,60,1286,0,1346,875,7716,0,8591,0,846,0,846,875,6870,0,7745,0,0,0,0,0,100.0,875,6870,0,7745
533,Nizamabad,533006,Mortad,1806012,1806012  Donpal,6,2024,21,330,0,351,47,1002,0,1049,735,6012,0,6747,0,138,0,138,735,5874,0,6609,0,0,0,0,0,100.0,735,5874,0,6609
533,Nizamabad,533006,Mortad,1806016,1806016  Palem,6,2024,19,421,0,440,53,1244,0,1297,665,7464,0,8129,0,144,0,144,665,7320,0,7985,0,0,0,0,0,100.0,665,7320,0,7985
533,Nizamabad,533006,Mortad,1806017,1806017  Palem,6,2024,22,434,0,456,56,1274,0,1330,770,7644,0,8414,0,450,0,450,770,7194,0,7964,0,0,0,0,0,100.0,770,7194,0,7964
533,Nizamabad,533006,Mortad,1806018,1806018  Shetpally,6,2024,32,712,0,744,83,2026,0,2109,1120,12156,0,13276,35,1632,0,1667,1085,10524,0,11609,0,0,0,0,0,100.0,1085,10524,0,11609
533,Nizamabad,533006,Mortad,1806019,1806019  Not Available,6,2024,19,588,0,607,54,1496,0,1550,665,8976,0,9641,0,1212,0,1212,665,7764,0,8429,0,0,0,0,0,100.0,665,7764,0,8429
533,Nizamabad,533006,Mortad,1806020,1806020  Not Available,6,2024,23,529,0,552,71,1510,0,1581,805,9060,0,9865,0,0,0,0,805,9060,0,9865,0,0,0,0,0,100.0,805,9060,0,9865
533,Nizamabad,533006,Mortad,1806021,1806021  Not Available,6,2024,17,565,0,582,42,1625,0,1667,595,9750,0,10345,0,264,0,264,595,9486,0,10081,0,0,0,0,0,100.0,595,9486,0,10081
533,Nizamabad,533006,Mortad,1806026,1806026  Not Available,6,2024,24,375,0,399,66,1085,0,1151,840,6510,0,7350,0,0,0,0,840,6510,0,7350,0,0,0,0,0,100.0,840,6510,0,7350
533,Nizamabad,533006,Mortad,1806027,1806027  Not Available,6,2024,28,350,0,378,68,967,0,1035,980,5802,0,6782,210,960,0,1170,770,4842,0,5612,0,0,0,0,0,100.0,770,4842,0,5612
533,Nizamabad,533006,Mortad,1806030,1806030  Not Available,6,2024,30,162,0,192,79,443,0,522,1050,2658,0,3708,175,126,0,301,875,2532,0,3407,0,0,0,0,0,100.0,875,2532,0,3407
533,Nizamabad,533007,Kammarpally,1807001,1807001  H.NO8-80  CHOUTUPALLY(V) KAMMARPALLY(M),6,2024,26,582,0,608,70,1716,0,1786,910,10296,0,11206,70,27,0,97,840,10269,0,11109,0,0,0,0,0,100.0,840,10269,0,11109
533,Nizamabad,533007,Kammarpally,1807002,1807002  H.NO8-90 CHOUTUPALLY(V) KAMMARPALLY(M),6,2024,23,638,0,661,61,1776,0,1837,805,10656,0,11461,273,2057,0,2330,532,8599,0,9131,0,0,0,0,0,100.0,532,8599,0,9131
533,Nizamabad,533007,Kammarpally,1807003,1807003  H.NO  2-92       NAGAPOOR(V) KAMMARPALLY(M),6,2024,24,288,0,312,43,854,0,897,840,5124,0,5964,0,217,0,217,840,4907,0,5747,0,0,0,0,0,100.0,840,4907,0,5747
533,Nizamabad,533007,Kammarpally,1807004,1807004  H.NO 1-90      INAYATH NAGAR (V) KAMMARPALLY(M),6,2024,16,212,0,228,51,672,0,723,560,4032,0,4592,35,468,0,503,525,3564,0,4089,0,0,0,0,0,100.0,525,3564,0,4089
533,Nizamabad,533007,Kammarpally,1807005,1807005  H.NO 5-2  KONASAMUNDAR (V) KAMMARPALLY(M),6,2024,22,544,0,566,53,1651,0,1704,770,9906,0,10676,35,660,0,695,735,9246,0,9981,0,0,0,0,0,100.0,735,9246,0,9981
533,Nizamabad,533007,Kammarpally,1807006,1807006  H.NO 5-31 KONASAMUNDAR(V) KAMMARPALLY(M),6,2024,19,487,0,506,41,1463,0,1504,665,8778,0,9443,0,540,0,540,665,8238,0,8903,0,0,0,0,0,100.0,665,8238,0,8903
533,Nizamabad,533007,Kammarpally,1807007,1807007  H.NO 8-86      UPLOOR(V) KAMMARPALLY(M),6,2024,36,460,0,496,66,1436,0,1502,1260,8616,0,9876,210,660,0,870,1050,7956,0,9006,0,0,0,0,0,100.0,1050,7956,0,9006
533,Nizamabad,533007,Kammarpally,1807008,1807008  H.NO 6-62      UPLOOR(V) KAMMARPALLY(M),6,2024,16,481,0,497,29,1487,0,1516,560,8922,0,9482,0,1420,0,1420,560,7502,0,8062,0,0,0,0,0,100.0,560,7502,0,8062
533,Nizamabad,533007,Kammarpally,1807009,1807009  H.NO 1-08 UPLOOR(V) KAMMARPALLY(M),6,2024,7,142,0,149,15,347,0,362,245,2082,0,2327,35,120,0,155,210,1962,0,2172,0,0,0,0,0,100.0,210,1962,0,2172
533,Nizamabad,533007,Kammarpally,1807010,1807010  H.NO 1-131 AMEERNAGAR(V) KAMMARPALLY(M),6,2024,18,356,0,374,43,1107,0,1150,630,6642,0,7272,0,954,0,954,630,5688,0,6318,0,0,0,0,0,100.0,630,5688,0,6318
533,Nizamabad,533007,Kammarpally,1807011,1807011  H.NO7-98 HASAKOTTUR(V) KAMMARPALLY(M),6,2024,38,602,0,640,101,1605,0,1706,1330,9630,0,10960,140,570,0,710,1190,9060,0,10250,0,0,0,0,0,100.0,1190,9060,0,10250
533,Nizamabad,533007,Kammarpally,1807012,1807012  H.NO 7-81 HASAKOTTUR(V) KAMMARPALLY(M),6,2024,41,655,0,696,91,1745,0,1836,1435,10470,0,11905,105,594,0,699,1330,9876,0,11206,0,0,0,0,0,100.0,1330,9876,0,11206
533,Nizamabad,533007,Kammarpally,1807013,1807013  H.NO 3-39  BASHEERABAD(V) KAMMARPALLY(M),6,2024,28,554,0,582,58,1607,0,1665,980,9642,0,10622,35,726,0,761,945,8916,0,9861,0,0,0,0,0,100.0,945,8916,0,9861
533,Nizamabad,533007,Kammarpally,1807014,1807014  H.NO 121 BASHEERABAD(V) KAMMARPALLY(M),6,2024,28,573,0,601,62,1701,0,1763,980,10206,0,11186,0,600,0,600,980,9606,0,10586,0,0,0,0,0,100.0,980,9606,0,10586
533,Nizamabad,533007,Kammarpally,1807015,1807015  H.NO 2-50 NARSAPOOR(V) KAMMARPALLY(M),6,2024,27,381,0,408,70,1026,0,1096,945,6156,0,7101,35,84,0,119,910,6072,0,6982,0,0,0,0,0,100.0,910,6072,0,6982
533,Nizamabad,533007,Kammarpally,1807016,1807016  H.NO 6-87 KAMMARPALLY(V) KAMMARPALLY(M),6,2024,17,440,0,457,42,1402,0,1444,595,8412,0,9007,0,919,0,919,595,7493,0,8088,0,0,0,0,0,100.0,595,7493,0,8088
533,Nizamabad,533007,Kammarpally,1807017,1807017  H.NO1-95/2 KAMMARPALLY(V) KAMMARPALLY(M),6,2024,26,483,0,509,47,1604,0,1651,910,9624,0,10534,0,0,0,0,910,9624,0,10534,0,0,0,0,0,100.0,910,9624,0,10534
533,Nizamabad,533007,Kammarpally,1807020,1807020  GRAM PANCHAYATH  KONAPOOR(V) KAMMARPALLY(M),6,2024,34,596,0,630,94,1764,0,1858,1190,10584,0,11774,0,276,0,276,1190,10308,0,11498,0,0,0,0,0,100.0,1190,10308,0,11498
533,Nizamabad,533007,Kammarpally,1807022,"Ettedi Pushpalatha alias Sama Sumalatha  H.No.2-61, Avariwada, uploor village, kammarpally mandal",6,2024,11,441,0,452,14,925,0,939,385,5550,0,5935,210,1092,0,1302,175,4458,0,4633,0,0,0,0,0,100.0,175,4458,0,4633
533,Nizamabad,533007,Kammarpally,1807023,"Halde Sai Prasad  H.No.1-19/1, Hasakothur road, Kammarpally village and mandal",6,2024,7,358,0,365,15,959,0,974,245,5754,0,5999,0,114,0,114,245,5640,0,5885,0,0,0,0,0,100.0,245,5640,0,5885
533,Nizamabad,533007,Kammarpally,1807024,"Smt. Vankar Gowthami alias Bathnasi Rajitha  H.No.7-71/13, Kammarpally village and mandal",6,2024,0,438,0,438,0,1131,0,1131,0,6786,0,6786,0,173,0,173,0,6613,0,6613,0,0,0,0,0,100.0,0,6613,0,6613
533,Nizamabad,533008,Bheemgal,1808001,S Vanaja  Bheemgal,6,2024,46,496,4,546,129,1552,4,1685,1610,9312,40,10962,0,0,10,10,1610,9312,30,10952,0,0,0,0,0,100.0,1610,9312,30,10952
533,Nizamabad,533008,Bheemgal,1808002,V Lalitha  Bheemgal,6,2024,29,458,0,487,66,1599,0,1665,1015,9594,0,10609,0,0,0,0,1015,9594,0,10609,0,0,0,0,0,100.0,1015,9594,0,10609
533,Nizamabad,533008,Bheemgal,1808003,1808003  Not Available,6,2024,16,565,2,583,46,1993,2,2041,560,11958,20,12538,0,0,10,10,560,11958,10,12528,0,0,0,0,0,100.0,560,11958,10,12528
533,Nizamabad,533008,Bheemgal,1808004,1808004  Not Available,6,2024,18,465,2,485,39,1422,2,1463,630,8532,20,9182,0,936,0,936,630,7596,20,8246,0,0,0,0,0,100.0,630,7596,20,8246
533,Nizamabad,533008,Bheemgal,1808005,1808005  Not Available,6,2024,36,518,7,561,79,1662,7,1748,1260,9972,70,11302,0,0,0,0,1260,9972,70,11302,0,0,0,0,0,100.0,1260,9972,70,11302
533,Nizamabad,533008,Bheemgal,1808006,1808006  Not Available,6,2024,19,368,0,387,40,1090,0,1130,665,6540,0,7205,0,312,0,312,665,6228,0,6893,0,0,0,0,0,100.0,665,6228,0,6893
533,Nizamabad,533008,Bheemgal,1808007,1808007  Not Available,6,2024,21,346,1,368,46,1061,1,1108,735,6366,10,7111,0,5,10,15,735,6361,0,7096,0,0,0,0,0,100.0,735,6361,0,7096
533,Nizamabad,533008,Bheemgal,1808008,1808008  Not Available,6,2024,15,480,0,495,38,1360,0,1398,525,8160,0,8685,0,414,0,414,525,7746,0,8271,0,0,0,0,0,100.0,525,7746,0,8271
533,Nizamabad,533008,Bheemgal,1808009,1808009  Not Available,6,2024,50,559,0,609,116,1844,0,1960,1750,11064,0,12814,140,912,0,1052,1610,10152,0,11762,0,0,0,0,0,100.0,1610,10152,0,11762
533,Nizamabad,533008,Bheemgal,1808010,1808010  Not Available,6,2024,35,392,0,427,87,1192,0,1279,1225,7152,0,8377,0,684,0,684,1225,6468,0,7693,0,0,0,0,0,100.0,1225,6468,0,7693
533,Nizamabad,533008,Bheemgal,1808011,1808011  Not Available,6,2024,27,265,0,292,78,728,0,806,945,4368,0,5313,0,354,0,354,945,4014,0,4959,0,0,0,0,0,100.0,945,4014,0,4959
533,Nizamabad,533008,Bheemgal,1808012,1808012  Not Available,6,2024,27,483,2,512,67,1401,2,1470,945,8406,20,9371,0,240,0,240,945,8166,20,9131,0,0,0,0,0,100.0,945,8166,20,9131
533,Nizamabad,533008,Bheemgal,1808013,1808013  Not Available,6,2024,45,572,3,620,119,1828,3,1950,1575,10968,30,12573,35,570,10,615,1540,10398,20,11958,0,0,0,0,0,100.0,1540,10398,20,11958
533,Nizamabad,533008,Bheemgal,1808014,1808014  Not Available,6,2024,33,325,0,358,74,1000,0,1074,1155,6000,0,7155,0,306,0,306,1155,5694,0,6849,0,0,0,0,0,100.0,1155,5694,0,6849
533,Nizamabad,533008,Bheemgal,1808015,1808015  Not Available,6,2024,32,226,1,259,96,722,1,819,1120,4332,10,5462,70,738,0,808,1050,3594,10,4654,0,0,0,0,0,100.0,1050,3594,10,4654
533,Nizamabad,533008,Bheemgal,1808016,1808016  Not Available,6,2024,35,505,2,542,87,1560,2,1649,1225,9360,20,10605,0,252,20,272,1225,9108,0,10333,0,0,0,0,0,100.0,1225,9108,0,10333
533,Nizamabad,533008,Bheemgal,1808017,1808017  Not Available,6,2024,44,337,1,382,103,1019,1,1123,1540,6114,10,7664,140,678,0,818,1400,5436,10,6846,0,0,0,0,0,100.0,1400,5436,10,6846
533,Nizamabad,533008,Bheemgal,1808018,1808018  Not Available,6,2024,29,406,2,437,56,1190,2,1248,1015,7140,20,8175,70,6,0,76,945,7134,20,8099,0,0,0,0,0,100.0,945,7134,20,8099
533,Nizamabad,533008,Bheemgal,1808019,1808019  Not Available,6,2024,27,232,1,260,65,646,1,712,945,3876,10,4831,210,180,0,390,735,3696,10,4441,0,0,0,0,0,100.0,735,3696,10,4441
533,Nizamabad,533008,Bheemgal,1808020,1808020  Not Available,6,2024,49,292,0,341,166,1080,0,1246,1715,6480,0,8195,70,0,0,70,1645,6480,0,8125,0,0,0,0,0,100.0,1645,6480,0,8125
533,Nizamabad,533008,Bheemgal,1808021,1808021  Not Available,6,2024,31,602,1,634,79,1914,1,1994,1085,11484,10,12579,0,680,10,690,1085,10804,0,11889,0,0,0,0,0,100.0,1085,10804,0,11889
533,Nizamabad,533008,Bheemgal,1808022,1808022  Not Available,6,2024,31,409,1,441,82,1521,1,1604,1085,9126,10,10221,35,2286,10,2331,1050,6840,0,7890,0,0,0,0,0,100.0,1050,6840,0,7890
533,Nizamabad,533008,Bheemgal,1808023,1808023  Not Available,6,2024,32,315,0,347,79,923,0,1002,1120,5538,0,6658,0,108,0,108,1120,5430,0,6550,0,0,0,0,0,100.0,1120,5430,0,6550
533,Nizamabad,533008,Bheemgal,1808024,1808024  Not Available,6,2024,16,468,2,486,47,1433,2,1482,560,8598,20,9178,0,618,0,618,560,7980,20,8560,0,0,0,0,0,100.0,560,7980,20,8560
533,Nizamabad,533008,Bheemgal,1808025,1808025  Not Available,6,2024,20,506,0,526,72,1785,0,1857,700,10710,0,11410,70,660,0,730,630,10050,0,10680,0,0,0,0,0,100.0,630,10050,0,10680
533,Nizamabad,533008,Bheemgal,1808026,1808026  Not Available,6,2024,33,224,0,257,133,820,0,953,1155,4920,0,6075,175,222,0,397,980,4698,0,5678,0,0,0,0,0,100.0,980,4698,0,5678
533,Nizamabad,533008,Bheemgal,1808027,T RAVINDAR  BHEEMGAL,6,2024,13,423,2,438,34,1328,2,1364,455,7968,20,8443,0,2934,0,2934,455,5034,20,5509,0,0,0,0,0,100.0,455,5034,20,5509
533,Nizamabad,533008,Bheemgal,1808028,B RAJU NAYAK  BHEEMGAL,6,2024,29,591,2,622,97,1977,2,2076,1015,11862,20,12897,0,300,0,300,1015,11562,20,12597,0,0,0,0,0,100.0,1015,11562,20,12597
533,Nizamabad,533008,Bheemgal,1808029,PENTA LALITHA  BHEEMGAL,6,2024,27,498,1,526,61,1524,1,1586,945,9144,10,10099,0,24,0,24,945,9120,10,10075,0,0,0,0,0,100.0,945,9120,10,10075
533,Nizamabad,533008,Bheemgal,1808030,E SANJIV  BADA BHEEMGAL,6,2024,11,366,0,377,28,1135,0,1163,385,6810,0,7195,0,2214,0,2214,385,4596,0,4981,0,0,0,0,0,100.0,385,4596,0,4981
533,Nizamabad,533008,Bheemgal,1808031,Y SRAVATHI  BADA BHEEMGAL,6,2024,18,396,3,417,55,1315,3,1373,630,7890,30,8550,0,0,0,0,630,7890,30,8550,0,0,0,0,0,100.0,630,7890,30,8550
533,Nizamabad,533008,Bheemgal,1808032,PARAMESHWAR  CHENGAL,6,2024,6,530,0,536,10,1600,0,1610,210,9600,0,9810,0,570,0,570,210,9030,0,9240,0,0,0,0,0,100.0,210,9030,0,9240
533,Nizamabad,533008,Bheemgal,1808034,K LATHA  GONGOPULA,6,2024,38,382,1,421,68,1096,1,1165,1330,6576,10,7916,420,1080,0,1500,910,5496,10,6416,0,0,0,0,0,100.0,910,5496,10,6416
533,Nizamabad,533008,Bheemgal,1808035,MULUGU NAGESHWAR  MUCHKUR,6,2024,32,328,0,360,78,1062,0,1140,1120,6372,0,7492,0,1,0,1,1120,6371,0,7491,0,0,0,0,0,100.0,1120,6371,0,7491
533,Nizamabad,533008,Bheemgal,1808036,K SRIDAR GOUD  MUCHKUR,6,2024,52,283,2,337,151,885,2,1038,1820,5310,20,7150,595,1738,20,2353,1225,3572,0,4797,0,0,0,0,0,100.0,1225,3572,0,4797
533,Nizamabad,533008,Bheemgal,1808037,J RAJITHA  PALLIKONDA,6,2024,37,403,1,441,94,1155,1,1250,1295,6930,10,8235,210,318,0,528,1085,6612,10,7707,0,0,0,0,0,100.0,1085,6612,10,7707
533,Nizamabad,533008,Bheemgal,1808038,E.Narayana  Mendora,6,2024,22,429,0,451,75,1322,0,1397,770,7932,0,8702,70,1284,0,1354,700,6648,0,7348,0,0,0,0,0,100.0,700,6648,0,7348
533,Nizamabad,533008,Bheemgal,1808039,G.Sayanna  Devanpally,6,2024,22,201,0,223,87,686,0,773,770,4116,0,4886,105,588,0,693,665,3528,0,4193,0,0,0,0,0,100.0,665,3528,0,4193
533,Nizamabad,533008,Bheemgal,1808040,Afshan praveen  Babapur,6,2024,19,380,0,399,48,1320,0,1368,665,7920,0,8585,0,30,0,30,665,7890,0,8555,0,0,0,0,0,100.0,665,7890,0,8555
533,Nizamabad,533009,Velpur,1809001,"1809001  H. No. 5-57, Mothe Village",6,2024,38,451,12,501,94,1259,12,1365,1330,7554,120,9004,0,660,0,660,1330,6894,120,8344,0,0,0,0,0,100.0,1330,6894,120,8344
533,Nizamabad,533009,Velpur,1809002,"1809002  H. No7-93, Venkatapur Road, Vailpoor",6,2024,24,502,5,531,60,1402,5,1467,840,8412,50,9302,0,3750,40,3790,840,4662,10,5512,0,0,0,0,0,100.0,840,4662,10,5512
533,Nizamabad,533009,Velpur,1809003,"1809003  H. No. 5-51/1, Tenugu Wada, P Nadkuda",6,2024,30,747,8,785,70,2223,8,2301,1050,13338,80,14468,0,60,10,70,1050,13278,70,14398,0,0,0,0,0,100.0,1050,13278,70,14398
533,Nizamabad,533009,Velpur,1809004,"1809004  H. No. 1-17/1, Ankannagari Wada, P. Nadkuda",6,2024,34,499,2,535,79,1409,2,1490,1190,8454,20,9664,35,606,10,651,1155,7848,10,9013,0,0,0,0,0,100.0,1155,7848,10,9013
533,Nizamabad,533009,Velpur,1809005,"1809005  H. No. 2-6, Wadi (v)",6,2024,24,295,11,330,55,774,11,840,840,4644,110,5594,0,84,80,164,840,4560,30,5430,0,0,0,0,0,100.0,840,4560,30,5430
533,Nizamabad,533009,Velpur,1809006,"1809006  H. No. 11-53, Hanuman Temple Street, Vailpoor",6,2024,33,612,3,648,83,1642,3,1728,1155,9852,30,11037,35,0,0,35,1120,9852,30,11002,0,0,0,0,0,100.0,1120,9852,30,11002
533,Nizamabad,533009,Velpur,1809007,"1809007  H. No.6-61, Main Road, Vailpoor (v)",6,2024,21,490,1,512,64,1322,1,1387,735,7932,10,8677,0,102,10,112,735,7830,0,8565,0,0,0,0,0,100.0,735,7830,0,8565
533,Nizamabad,533009,Velpur,1809008,"1809008  H. No. 7-38, Guradikapu Street, Padgal (v)",6,2024,33,364,2,399,71,1081,2,1154,1155,6486,20,7661,35,126,0,161,1120,6360,20,7500,0,0,0,0,0,100.0,1120,6360,20,7500
533,Nizamabad,533009,Velpur,1809009,"1809009  H. No. 7-38, Guradikapu Street, Padgal (v)",6,2024,25,296,0,321,65,972,0,1037,875,5832,0,6707,0,84,0,84,875,5748,0,6623,0,0,0,0,0,100.0,875,5748,0,6623
533,Nizamabad,533009,Velpur,1809010,"1809010  H. No. 1-3, Main Road, Anksapoor",6,2024,26,405,0,431,51,1177,0,1228,910,7062,0,7972,35,48,0,83,875,7014,0,7889,0,0,0,0,0,100.0,875,7014,0,7889
533,Nizamabad,533009,Velpur,1809011,"1809011  H. No. 6-102/4, Main Road, Anksapoor",6,2024,28,480,0,508,49,1327,0,1376,980,7962,0,8942,35,300,0,335,945,7662,0,8607,0,0,0,0,0,100.0,945,7662,0,8607
533,Nizamabad,533009,Velpur,1809012,"1809012  H. No. 1-77, Pochampally (v)",6,2024,15,231,6,252,41,670,6,717,525,4020,60,4605,0,150,20,170,525,3870,40,4435,0,0,0,0,0,100.0,525,3870,40,4435
533,Nizamabad,533009,Velpur,1809013,"1809013  H. No. 2-30, BC Colony Komanpally (v)",6,2024,20,219,11,250,58,600,11,669,700,3600,110,4410,0,480,20,500,700,3120,90,3910,0,0,0,0,0,100.0,700,3120,90,3910
533,Nizamabad,533009,Velpur,1809014,"1809014  H. No. 2-86, Akloor (v)",6,2024,19,412,1,432,46,1204,1,1251,665,7224,10,7899,0,780,0,780,665,6444,10,7119,0,0,0,0,0,100.0,665,6444,10,7119
533,Nizamabad,533009,Velpur,1809015,"1809015  H. No. 6-55/1 SC Wada, Mothe (v)",6,2024,44,455,5,504,109,1262,5,1376,1540,7572,50,9162,0,432,0,432,1540,7140,50,8730,0,0,0,0,0,100.0,1540,7140,50,8730
533,Nizamabad,533009,Velpur,1809016,"1809016  H. No. 2-131, Kothapally(k)",6,2024,17,46,5,68,51,106,5,162,595,636,50,1281,140,6,50,196,455,630,0,1085,0,0,0,0,0,100.0,455,630,0,1085
533,Nizamabad,533009,Velpur,1809017,"1809017  H. No. 7-18, Kukunoor (v)",6,2024,35,392,0,427,93,1114,0,1207,1225,6684,0,7909,35,114,0,149,1190,6570,0,7760,0,0,0,0,0,100.0,1190,6570,0,7760
533,Nizamabad,533009,Velpur,1809018,"1809018  H. No. 2-20, Venkatapoor (v)",6,2024,24,342,6,372,72,933,6,1011,840,5598,60,6498,35,84,20,139,805,5514,40,6359,0,0,0,0,0,100.0,805,5514,40,6359
533,Nizamabad,533009,Velpur,1809019,"1809019  H. No. 1-96, Lakhora (v)",6,2024,34,624,10,668,93,1731,10,1834,1190,10386,100,11676,0,462,10,472,1190,9924,90,11204,0,0,0,0,0,100.0,1190,9924,90,11204
533,Nizamabad,533009,Velpur,1809020,"1809020  H. No. 2-119, Gandhi Road,Ameenapoor(v)",6,2024,26,428,9,463,66,1162,9,1237,910,6972,90,7972,0,704,10,714,910,6268,80,7258,0,0,0,0,0,100.0,910,6268,80,7258
533,Nizamabad,533009,Velpur,1809021,"1809021  H. No. 2-103, Kothaplly(n)",6,2024,22,191,8,221,46,521,8,575,770,3126,80,3976,70,132,20,222,700,2994,60,3754,0,0,0,0,0,100.0,700,2994,60,3754
533,Nizamabad,533009,Velpur,1809022,"1809022  H. No. 1-18, Jankampet (v)",6,2024,20,328,6,354,47,918,7,972,700,5508,60,6268,0,144,10,154,700,5364,50,6114,0,0,0,0,0,100.0,700,5364,50,6114
533,Nizamabad,533009,Velpur,1809023,"1809023  H. No. 1-92, Sahebpet (v)",6,2024,11,100,0,111,32,286,0,318,385,1716,0,2101,0,210,0,210,385,1506,0,1891,0,0,0,0,0,100.0,385,1506,0,1891
533,Nizamabad,533009,Velpur,1809024,"1809024  H. No. 2-93, Guradikapur Sangam, Padgal (V)",6,2024,26,423,0,449,55,1245,0,1300,910,7470,0,8380,0,0,0,0,910,7470,0,8380,0,0,0,0,0,100.0,910,7470,0,8380
533,Nizamabad,533009,Velpur,1809025,"Kurra Papanna  H. No. 13-10/4/1, BC Colony, Vailpoor",6,2024,29,305,4,338,79,840,4,923,1015,5040,40,6095,0,0,10,10,1015,5040,30,6085,0,0,0,0,0,100.0,1015,5040,30,6085
533,Nizamabad,533009,Velpur,1809026,"1806009  H. No. 2-80, Ramannapet (V)",6,2024,19,545,0,564,46,1579,0,1625,665,9474,0,10139,0,6,0,6,665,9468,0,10133,0,0,0,0,0,100.0,665,9468,0,10133
533,Nizamabad,533009,Velpur,1809027,"1806010  H. No. 1-33/1, Ramannapet (v)",6,2024,23,635,0,658,67,1888,0,1955,805,11328,0,12133,0,1542,0,1542,805,9786,0,10591,0,0,0,0,0,100.0,805,9786,0,10591
533,Nizamabad,533009,Velpur,1809028,"Allepu Santhosh kumar  H.No.9-49, Near primary school, Padgal oddera colony",6,2024,1,109,0,110,3,341,0,344,35,2046,0,2081,0,0,0,0,35,2046,0,2081,0,0,0,0,0,100.0,35,2046,0,2081
533,Nizamabad,533010,Jakranpally,1810003,"Abdul Shukur  1-40/1 Near Pochamma Temple, Argul",6,2024,32,485,0,517,93,1467,0,1560,1120,8802,0,9922,0,0,0,0,1120,8802,0,9922,0,0,0,0,0,100.0,1120,8802,0,9922
533,Nizamabad,533010,Jakranpally,1810005,"K Ramadas  3-88, Near Hanuman Temple, Brahmanpally",6,2024,22,689,0,711,45,1989,0,2034,770,11934,0,12704,140,1956,0,2096,630,9978,0,10608,0,0,0,0,0,100.0,630,9978,0,10608
533,Nizamabad,533010,Jakranpally,1810006,"Saraswathi  5-34, Nearl Old GP, Thorlikonda",6,2024,13,493,0,506,35,1483,0,1518,455,8898,0,9353,0,6,0,6,455,8892,0,9347,0,0,0,0,0,100.0,455,8892,0,9347
533,Nizamabad,533010,Jakranpally,1810007,"P. Sayanna  7-82, Society Godown, Thorlikonda",6,2024,16,508,0,524,43,1653,0,1696,560,9918,0,10478,0,1908,0,1908,560,8010,0,8570,0,0,0,0,0,100.0,560,8010,0,8570
533,Nizamabad,533010,Jakranpally,1810008,"B Sudharshan  6-110, Nehru Stachu, Kaliote",6,2024,14,547,0,561,38,1599,0,1637,490,9594,0,10084,70,1182,0,1252,420,8412,0,8832,0,0,0,0,0,100.0,420,8412,0,8832
533,Nizamabad,533010,Jakranpally,1810009,B. Kishan  Hanuman Temple 4-38,6,2024,18,542,0,560,34,1572,0,1606,630,9432,0,10062,35,6,0,41,595,9426,0,10021,0,0,0,0,0,100.0,595,9426,0,10021
533,Nizamabad,533010,Jakranpally,1810010,"N Narayana  2-56, Near Bustand, Manoharabad",6,2024,30,216,0,246,64,613,0,677,1050,3678,0,4728,140,624,0,764,910,3054,0,3964,0,0,0,0,0,100.0,910,3054,0,3964
533,Nizamabad,533010,Jakranpally,1810011,"Srinivas Goud  3-153/1, Near ZP High School, Kolipak",6,2024,29,682,0,711,62,2009,0,2071,1015,12054,0,13069,0,402,0,402,1015,11652,0,12667,0,0,0,0,0,100.0,1015,11652,0,12667
533,Nizamabad,533010,Jakranpally,1810012,"AP Gangaram I/c  2-35/10 Near Water Tank GP, Secendrapoor",6,2024,55,524,0,579,136,1625,0,1761,1925,9750,0,11675,35,417,0,452,1890,9333,0,11223,0,0,0,0,0,100.0,1890,9333,0,11223
533,Nizamabad,533010,Jakranpally,1810013,"PACS sectetary  2-16/6,Munipally,",6,2024,7,268,0,275,18,818,0,836,245,4908,0,5153,0,402,0,402,245,4506,0,4751,0,0,0,0,0,100.0,245,4506,0,4751
533,Nizamabad,533010,Jakranpally,1810014,"B. Mahendhar  3-28/1/1, Near SC Sangam, Munipally",6,2024,16,312,0,328,41,942,0,983,560,5652,0,6212,0,18,0,18,560,5634,0,6194,0,0,0,0,0,100.0,560,5634,0,6194
533,Nizamabad,533010,Jakranpally,1810015,"T Shaker  2-36/12/1, Near Ambedkar Colony, Laxmapoor",6,2024,19,423,0,442,50,1338,0,1388,665,8028,0,8693,0,672,0,672,665,7356,0,8021,0,0,0,0,0,100.0,665,7356,0,8021
533,Nizamabad,533010,Jakranpally,1810016,"S Laxman  4-38, Near Majid, Padkal",6,2024,29,386,0,415,79,1084,0,1163,1015,6504,0,7519,70,438,0,508,945,6066,0,7011,0,0,0,0,0,100.0,945,6066,0,7011
533,Nizamabad,533010,Jakranpally,1810017,"P Srinivas  1-109, Near GP, Padkal",6,2024,34,395,0,429,87,1241,0,1328,1190,7446,0,8636,0,72,0,72,1190,7374,0,8564,0,0,0,0,0,100.0,1190,7374,0,8564
533,Nizamabad,533010,Jakranpally,1810018,"B Sudarshan I/c  3-70, Near Hanuman Temple",6,2024,21,399,0,420,54,1067,0,1121,735,6402,0,7137,0,564,0,564,735,5838,0,6573,0,0,0,0,0,100.0,735,5838,0,6573
533,Nizamabad,533010,Jakranpally,1810019,"AP Gangaram  1-61, Near Hanuman Temple, Keshpally",6,2024,28,551,0,579,66,1603,0,1669,980,9618,0,10598,105,992,0,1097,875,8626,0,9501,0,0,0,0,0,100.0,875,8626,0,9501
533,Nizamabad,533010,Jakranpally,1810020,"Sunitha  2-18/37, Near water Tank, Narayanpet",6,2024,29,207,0,236,83,637,0,720,1015,3822,0,4837,35,24,0,59,980,3798,0,4778,0,0,0,0,0,100.0,980,3798,0,4778
533,Nizamabad,533010,Jakranpally,1810021,"R. Ganesh  1-2, Near Hanuman Temple, Puppalpally",6,2024,42,624,0,666,115,1995,0,2110,1470,11970,0,13440,0,366,0,366,1470,11604,0,13074,0,0,0,0,0,100.0,1470,11604,0,13074
533,Nizamabad,533010,Jakranpally,1810022,"Shaheda Begum  5-23, Near Gangaputra Sangam, Jakranpally",6,2024,21,505,0,526,46,1508,0,1554,735,9048,0,9783,0,150,0,150,735,8898,0,9633,0,0,0,0,0,100.0,735,8898,0,9633
533,Nizamabad,533010,Jakranpally,1810023,"Swapna  4-73, Near ZP High Schook, Argul",6,2024,31,485,0,516,94,1312,0,1406,1085,7872,0,8957,35,588,0,623,1050,7284,0,8334,0,0,0,0,0,100.0,1050,7284,0,8334
533,Nizamabad,533010,Jakranpally,1810024,"Ganesh  6-49/1, Near Masjid, Munipally",6,2024,23,588,0,611,72,1977,0,2049,805,11862,0,12667,0,588,0,588,805,11274,0,12079,0,0,0,0,0,100.0,805,11274,0,12079
533,Nizamabad,533010,Jakranpally,1810025,"K. Ramesh  1-18, Guradi Sangam, Padkal",6,2024,33,397,0,430,81,1186,0,1267,1155,7116,0,8271,35,888,0,923,1120,6228,0,7348,0,0,0,0,0,100.0,1120,6228,0,7348
533,Nizamabad,533010,Jakranpally,1810472,"M. Rajeshwar  8-83/2, Main Road, Jakrnapally",6,2024,22,633,0,655,58,1850,0,1908,770,11100,0,11870,0,972,0,972,770,10128,0,10898,0,0,0,0,0,100.0,770,10128,0,10898
533,Nizamabad,533010,Jakranpally,1810473,"P Laxman  4-6, Hanuman Temple, Jakrnapally",6,2024,16,526,0,542,47,1555,0,1602,560,9330,0,9890,0,474,0,474,560,8856,0,9416,0,0,0,0,0,100.0,560,8856,0,9416
533,Nizamabad,533011,Makloor,1811001,1811001  5-120/1 Makloor - I,6,2024,24,466,1,491,65,1509,2,1576,840,9054,10,9904,140,0,0,140,700,9054,10,9764,0,0,0,0,0,100.0,700,9054,10,9764
533,Nizamabad,533011,Makloor,1811002,1811002  8-3 Durganagar,6,2024,22,339,0,361,76,1185,0,1261,770,7110,0,7880,41,888,0,929,729,6222,0,6951,0,0,0,0,0,100.0,729,6222,0,6951
533,Nizamabad,533011,Makloor,1811003,1811003  Krishna Nagar,6,2024,8,346,0,354,25,1157,0,1182,280,6942,0,7222,35,3336,0,3371,245,3606,0,3851,0,0,0,0,0,100.0,245,3606,0,3851
533,Nizamabad,533011,Makloor,1811004,1811004  Madhapoor,6,2024,22,399,0,421,54,1271,0,1325,770,7626,0,8396,0,2070,0,2070,770,5556,0,6326,0,0,0,0,0,100.0,770,5556,0,6326
533,Nizamabad,533011,Makloor,1811005,1811005  3-95  Munnurukapu Sangam Borgaon (K),6,2024,17,781,0,798,53,2501,0,2554,595,15006,0,15601,0,2886,0,2886,595,12120,0,12715,0,0,0,0,0,100.0,595,12120,0,12715
533,Nizamabad,533011,Makloor,1811006,1811006  3-35 Manikbhandar,6,2024,28,560,3,591,83,1918,3,2004,980,11508,30,12518,0,18,0,18,980,11490,30,12500,0,0,0,0,0,100.0,980,11490,30,12500
533,Nizamabad,533011,Makloor,1811007,1811007  Madhanpally,6,2024,58,733,0,791,160,2230,0,2390,2030,13380,0,15410,0,2220,0,2220,2030,11160,0,13190,0,0,0,0,0,100.0,2030,11160,0,13190
533,Nizamabad,533011,Makloor,1811008,1811008  Amrad,6,2024,32,484,0,516,75,1467,0,1542,1120,8802,0,9922,70,0,0,70,1050,8802,0,9852,0,0,0,0,0,100.0,1050,8802,0,9852
533,Nizamabad,533011,Makloor,1811009,1811009  8-4 Muthyampally,6,2024,44,382,0,426,124,1263,0,1387,1540,7578,0,9118,0,126,0,126,1540,7452,0,8992,0,0,0,0,0,100.0,1540,7452,0,8992
533,Nizamabad,533011,Makloor,1811010,1811010  Oddatpally,6,2024,33,413,0,446,89,1196,0,1285,1155,7176,0,8331,0,840,0,840,1155,6336,0,7491,0,0,0,0,0,100.0,1155,6336,0,7491
533,Nizamabad,533011,Makloor,1811016,1811016  5-100/6 Mamidipally,6,2024,24,635,2,661,71,1910,2,1983,840,11460,20,12320,0,1212,0,1212,840,10248,20,11108,0,0,0,0,0,100.0,840,10248,20,11108
533,Nizamabad,533011,Makloor,1811017,1811017  2-83 Chinnapoor,6,2024,22,455,0,477,54,1387,0,1441,770,8322,0,9092,70,1014,0,1084,700,7308,0,8008,0,0,0,0,0,100.0,700,7308,0,8008
533,Nizamabad,533011,Makloor,1811018,V Srinivas  Kothapally,6,2024,34,462,0,496,92,1306,0,1398,1190,7836,0,9026,0,1368,0,1368,1190,6468,0,7658,0,0,0,0,0,100.0,1190,6468,0,7658
533,Nizamabad,533011,Makloor,1811019,1811019  2-64 Gunjili,6,2024,31,398,6,435,84,1212,6,1302,1085,7272,60,8417,70,366,0,436,1015,6906,60,7981,0,0,0,0,0,100.0,1015,6906,60,7981
533,Nizamabad,533011,Makloor,1811020,1811020  Chikli,6,2024,32,401,0,433,81,1187,0,1268,1120,7122,0,8242,105,516,0,621,1015,6606,0,7621,0,0,0,0,0,100.0,1015,6606,0,7621
533,Nizamabad,533011,Makloor,1811021,1811021  Vallabhapur,6,2024,30,186,0,216,68,523,0,591,1050,3138,0,4188,35,330,0,365,1015,2808,0,3823,0,0,0,0,0,100.0,1015,2808,0,3823
533,Nizamabad,533011,Makloor,1811022,1811022  2-45 Bonkanpally,6,2024,10,355,0,365,25,992,0,1017,350,5952,0,6302,35,744,0,779,315,5208,0,5523,0,0,0,0,0,100.0,315,5208,0,5523
533,Nizamabad,533011,Makloor,1811023,1811023  Mullangi (B),6,2024,3,336,0,339,6,1050,0,1056,105,6300,0,6405,35,12,0,47,70,6288,0,6358,0,0,0,0,0,100.0,70,6288,0,6358
533,Nizamabad,533011,Makloor,1811024,1811024  5-25 Mettu,6,2024,22,143,0,165,61,430,0,491,770,2580,0,3350,0,282,0,282,770,2298,0,3068,0,0,0,0,0,100.0,770,2298,0,3068
533,Nizamabad,533011,Makloor,1811025,1811025  4-91 Gangaramandha,6,2024,33,216,0,249,87,621,0,708,1155,3726,0,4881,105,864,0,969,1050,2862,0,3912,0,0,0,0,0,100.0,1050,2862,0,3912
533,Nizamabad,533011,Makloor,1811026,1811026  2-61/5 Gottumukla,6,2024,19,830,0,849,45,2407,0,2452,665,14442,0,15107,0,1840,0,1840,665,12602,0,13267,0,0,0,0,0,100.0,665,12602,0,13267
533,Nizamabad,533011,Makloor,1811027,1811027  Dharmora,6,2024,9,268,0,277,26,811,0,837,315,4866,0,5181,0,810,0,810,315,4056,0,4371,0,0,0,0,0,100.0,315,4056,0,4371
533,Nizamabad,533011,Makloor,1811028,1811028  1-42 Mamdapoor,6,2024,8,223,0,231,17,633,0,650,280,3798,0,4078,35,276,0,311,245,3522,0,3767,0,0,0,0,0,100.0,245,3522,0,3767
533,Nizamabad,533011,Makloor,1811029,"M SWAPNA  H.NO.5-100, NAYABADI STREET, MAKLOOR 2, MAKLOOR",6,2024,20,507,0,527,59,1758,0,1817,700,10548,0,11248,0,1788,0,1788,700,8760,0,9460,0,0,0,0,0,100.0,700,8760,0,9460
533,Nizamabad,533011,Makloor,1811030,1811030  Manikbhandar,6,2024,23,602,0,625,75,1991,0,2066,805,11946,0,12751,0,0,0,0,805,11946,0,12751,0,0,0,0,0,100.0,805,11946,0,12751
533,Nizamabad,533011,Makloor,1811031,1811031  7-29 Amrad - II,6,2024,30,377,0,407,75,1105,0,1180,1050,6630,0,7680,0,1914,0,1914,1050,4716,0,5766,0,0,0,0,0,100.0,1050,4716,0,5766
533,Nizamabad,533011,Makloor,1811033,M.Suresh   5-120/1 Madhapoor,6,2024,17,326,2,345,43,1113,2,1158,595,6678,20,7293,0,1338,10,1348,595,5340,10,5945,0,0,0,0,0,100.0,595,5340,10,5945
533,Nizamabad,533013,Yedapally,1813001,"1813001  1-1, Ambam",6,2024,22,415,2,439,60,1401,2,1463,770,8406,20,9196,70,1356,0,1426,700,7050,20,7770,0,0,0,0,0,100.0,700,7050,20,7770
533,Nizamabad,533013,Yedapally,1813002,"1813002  3-63, ARP Camp",6,2024,61,607,6,674,174,1941,6,2121,2135,11646,60,13841,35,348,30,413,2100,11298,30,13428,0,0,0,0,0,100.0,2100,11298,30,13428
533,Nizamabad,533013,Yedapally,1813003,"1813003  GP,Brahmanpally I/c",6,2024,20,225,3,248,54,711,3,768,700,4266,30,4996,0,2298,10,2308,700,1968,20,2688,0,0,0,0,0,100.0,700,1968,20,2688
533,Nizamabad,533013,Yedapally,1813004,"1813004  4-101, Jankampet",6,2024,29,863,1,893,88,2986,1,3075,1015,17916,10,18941,0,233,0,233,1015,17683,10,18708,0,0,0,0,0,100.0,1015,17683,10,18708
533,Nizamabad,533013,Yedapally,1813005,1813005  4-84/1,6,2024,6,537,1,544,16,1700,1,1717,210,10200,10,10420,0,552,0,552,210,9648,10,9868,0,0,0,0,0,100.0,210,9648,10,9868
533,Nizamabad,533013,Yedapally,1813006,"1813006  PACCS, Jaithapur",6,2024,20,380,2,402,66,1076,2,1144,700,6456,20,7176,70,858,20,948,630,5598,0,6228,0,0,0,0,0,100.0,630,5598,0,6228
533,Nizamabad,533013,Yedapally,1813007,"1813007  5-85/1, Mangalpad I/c",6,2024,53,574,3,630,157,1784,3,1944,1855,10704,30,12589,105,2028,0,2133,1750,8676,30,10456,0,0,0,0,0,100.0,1750,8676,30,10456
533,Nizamabad,533013,Yedapally,1813008,"1813008  2-33, MSC Farm",6,2024,17,362,1,380,57,1217,1,1275,595,7302,10,7907,140,2898,0,3038,455,4404,10,4869,0,0,0,0,0,100.0,455,4404,10,4869
533,Nizamabad,533013,Yedapally,1813009,"1813009  1-78, Jamlam I/c",6,2024,10,216,0,226,26,641,0,667,350,3846,0,4196,280,3384,0,3664,70,462,0,532,0,0,0,0,0,100.0,70,462,0,532
533,Nizamabad,533013,Yedapally,1813010,"1813010  5-15, Dharmaram",6,2024,18,176,2,196,42,527,2,571,630,3162,20,3812,41,492,0,533,589,2670,20,3279,0,0,0,0,0,100.0,589,2670,20,3279
533,Nizamabad,533013,Yedapally,1813011,"1813011  9-54, Nehru Nagar",6,2024,23,521,0,544,69,2175,0,2244,805,13050,0,13855,0,414,0,414,805,12636,0,13441,0,0,0,0,0,100.0,805,12636,0,13441
533,Nizamabad,533013,Yedapally,1813012,"1813012  1-15, Pocharam I/c",6,2024,43,296,3,342,118,883,3,1004,1505,5298,30,6833,70,726,0,796,1435,4572,30,6037,0,0,0,0,0,100.0,1435,4572,30,6037
533,Nizamabad,533013,Yedapally,1813013,"1813013  4-89/2, Thanakalan",6,2024,19,624,7,650,57,1941,7,2005,665,11646,70,12381,0,42,20,62,665,11604,50,12319,0,0,0,0,0,100.0,665,11604,50,12319
533,Nizamabad,533013,Yedapally,1813014,"1813014  7-57, Kurnapally",6,2024,62,786,4,852,210,2359,4,2573,2170,14154,40,16364,35,1374,10,1419,2135,12780,30,14945,0,0,0,0,0,100.0,2135,12780,30,14945
533,Nizamabad,533013,Yedapally,1813015,"1813015  5-88, Yedapally-1 I/c",6,2024,41,649,2,692,131,2084,2,2217,1435,12504,20,13959,0,0,0,0,1435,12504,20,13959,0,0,0,0,0,100.0,1435,12504,20,13959
533,Nizamabad,533013,Yedapally,1813016,"1813016  5-88, Yedapally-2",6,2024,28,729,2,759,80,2355,2,2437,980,14130,20,15130,0,0,0,0,980,14130,20,15130,0,0,0,0,0,100.0,980,14130,20,15130
533,Nizamabad,533013,Yedapally,1813017,"1813017  17-24, Yedapally-3",6,2024,32,679,1,712,110,2373,1,2484,1120,14238,10,15368,0,0,0,0,1120,14238,10,15368,0,0,0,0,0,100.0,1120,14238,10,15368
533,Nizamabad,533013,Yedapally,1813018,"1813018  19-60, Waddepaly",6,2024,10,352,0,362,28,1063,0,1091,350,6378,0,6728,70,2556,0,2626,280,3822,0,4102,0,0,0,0,0,100.0,280,3822,0,4102
533,Nizamabad,533013,Yedapally,1813019,"P. JAYASREE  7-32, NEHRU NAGAR",6,2024,16,469,1,486,41,1803,1,1845,560,10818,10,11388,385,3228,0,3613,175,7590,10,7775,0,0,0,0,0,100.0,175,7590,10,7775
533,Nizamabad,533013,Yedapally,1813020,"Ramakumari  15-42/1, Yedapally-4",6,2024,26,372,3,401,85,1280,3,1368,910,7680,30,8620,280,3060,10,3350,630,4620,20,5270,0,0,0,0,0,100.0,630,4620,20,5270
533,Nizamabad,533014,Bodhan,1814024,PACCS LTD  PENTA KHURDH-1,6,2024,46,402,0,448,144,1131,0,1275,1610,6786,0,8396,70,1608,0,1678,1540,5178,0,6718,0,0,0,0,0,100.0,1540,5178,0,6718
533,Nizamabad,533014,Bodhan,1814025,"I/C B.SAILU  SRINIVAS NAGAR, CHEKKI CAMP",6,2024,32,308,1,341,85,943,1,1029,1120,5658,10,6788,805,5556,0,6361,315,102,10,427,0,0,0,0,0,100.0,315,102,10,427
533,Nizamabad,533014,Bodhan,1814030,KHALEEMUDDIN  KOPPARGA,6,2024,37,395,0,432,113,1387,0,1500,1295,8322,0,9617,315,3006,0,3321,980,5316,0,6296,0,0,0,0,0,100.0,980,5316,0,6296
533,Nizamabad,533014,Bodhan,1814031,B.R.MANIK RAO  KALDURKI,6,2024,85,1000,0,1085,221,3341,0,3562,2975,20046,0,23021,140,1368,0,1508,2835,18678,0,21513,0,0,0,0,0,100.0,2835,18678,0,21513
533,Nizamabad,533014,Bodhan,1814032,K. SHANKAR  SANGAM,6,2024,65,653,3,721,173,2004,3,2180,2275,12024,30,14329,455,2445,0,2900,1820,9579,30,11429,0,0,0,0,0,100.0,1820,9579,30,11429
533,Nizamabad,533014,Bodhan,1814036,CH. RAMULU  OOTPALLY,6,2024,27,526,1,554,83,1603,1,1687,945,9618,10,10573,0,2352,10,2362,945,7266,0,8211,0,0,0,0,0,100.0,945,7266,0,8211
533,Nizamabad,533014,Bodhan,1814037,PACCS LTD  AMDAPUR,6,2024,62,737,2,801,182,2333,2,2517,2170,13998,20,16188,245,1848,0,2093,1925,12150,20,14095,0,0,0,0,0,100.0,1925,12150,20,14095
533,Nizamabad,533014,Bodhan,1814038,S. MANORAMA  BELLAL,6,2024,19,457,0,476,48,1418,0,1466,665,8508,0,9173,35,376,0,411,630,8132,0,8762,0,0,0,0,0,100.0,630,8132,0,8762
533,Nizamabad,533014,Bodhan,1814039,RENUKA  HANGARGA,6,2024,30,220,0,250,101,804,0,905,1050,4824,0,5874,70,588,0,658,980,4236,0,5216,0,0,0,0,0,100.0,980,4236,0,5216
533,Nizamabad,533014,Bodhan,1814041,B. SRINIVAS  ERAJPALLY,6,2024,35,679,4,718,94,1964,4,2062,1225,11784,40,13049,0,48,30,78,1225,11736,10,12971,0,0,0,0,0,100.0,1225,11736,10,12971
533,Nizamabad,533014,Bodhan,1814042,B.V.P.GUPTHA  MAVANDHI KALAN,6,2024,33,233,0,266,100,681,0,781,1155,4086,0,5241,64,276,0,340,1091,3810,0,4901,0,0,0,0,0,100.0,1091,3810,0,4901
533,Nizamabad,533014,Bodhan,1814043,A. RATHNA KUMARI  ACHANPALLY,6,2024,90,721,0,811,275,2435,0,2710,3150,14610,0,17760,245,0,0,245,2905,14610,0,17515,0,0,0,0,0,100.0,2905,14610,0,17515
533,Nizamabad,533014,Bodhan,1814044,A. LAXMI  PENTA KALAN,6,2024,61,446,1,508,143,1358,1,1502,2135,8148,10,10293,245,840,0,1085,1890,7308,10,9208,0,0,0,0,0,100.0,1890,7308,10,9208
533,Nizamabad,533014,Bodhan,1814045,PACCS LTD  MINARPALLY,6,2024,45,243,0,288,135,758,0,893,1575,4548,0,6123,0,264,0,264,1575,4284,0,5859,0,0,0,0,0,100.0,1575,4284,0,5859
533,Nizamabad,533014,Bodhan,1814046,"CH. SRIDHAR  PEGADAPALLY, BHULAXMI CAMP",6,2024,59,737,0,796,191,2333,0,2524,2065,13998,0,16063,70,1248,0,1318,1995,12750,0,14745,0,0,0,0,0,100.0,1995,12750,0,14745
533,Nizamabad,533014,Bodhan,1814048,"CH. PRAKASH  KHANDGAON, BHICKNELLY",6,2024,54,373,0,427,161,1234,0,1395,1890,7404,0,9294,175,612,0,787,1715,6792,0,8507,0,0,0,0,0,100.0,1715,6792,0,8507
533,Nizamabad,533014,Bodhan,1814049,M. RACHAPPA  NAGANPALLY,6,2024,43,312,0,355,118,874,0,992,1505,5244,0,6749,70,716,0,786,1435,4528,0,5963,0,0,0,0,0,100.0,1435,4528,0,5963
533,Nizamabad,533014,Bodhan,1814051,BABU RAO  BHAVANIPET,6,2024,27,230,0,257,85,659,0,744,945,3954,0,4899,210,792,0,1002,735,3162,0,3897,0,0,0,0,0,100.0,735,3162,0,3897
533,Nizamabad,533014,Bodhan,1814052,V. SWAROOPA  BARDIPOOR,6,2024,27,276,0,303,64,829,0,893,945,4974,0,5919,140,1026,0,1166,805,3948,0,4753,0,0,0,0,0,100.0,805,3948,0,4753
533,Nizamabad,533014,Bodhan,1814053,E. SUDARSHAN  MAVANDHI KURDH,6,2024,27,254,0,281,84,812,0,896,945,4872,0,5817,35,336,0,371,910,4536,0,5446,0,0,0,0,0,100.0,910,4536,0,5446
533,Nizamabad,533014,Bodhan,1814554,NUSRATH SULTHANA  PENTA KHURDH-2,6,2024,41,369,0,410,125,1108,0,1233,1435,6648,0,8083,0,918,0,918,1435,5730,0,7165,0,0,0,0,0,100.0,1435,5730,0,7165
533,Nizamabad,533014,Bodhan,1814556,O. MARUTHI  SIDDAPUR,6,2024,27,141,0,168,80,467,0,547,945,2802,0,3747,0,102,0,102,945,2700,0,3645,0,0,0,0,0,100.0,945,2700,0,3645
533,Nizamabad,533014,Bodhan,1814557,SK. VIKARALI  OOTPALLY,6,2024,14,460,0,474,34,1507,0,1541,490,9042,0,9532,0,2406,0,2406,490,6636,0,7126,0,0,0,0,0,100.0,490,6636,0,7126
533,Nizamabad,533014,Bodhan,1814558,D. SAVITHA  RAJIVNAGAR THANDA,6,2024,26,215,0,241,70,789,0,859,910,4734,0,5644,0,552,0,552,910,4182,0,5092,0,0,0,0,0,100.0,910,4182,0,5092
533,Nizamabad,533014,Bodhan,1814559,I/C R.SHESHAIAH  NARSAPUR,6,2024,35,152,1,188,108,542,1,651,1225,3252,10,4487,280,384,0,664,945,2868,10,3823,0,0,0,0,0,100.0,945,2868,10,3823
533,Nizamabad,533014,Bodhan,1814560,R. SHESHAIAH  LANGDAPUR,6,2024,34,136,0,170,119,424,0,543,1190,2544,0,3734,70,186,0,256,1120,2358,0,3478,0,0,0,0,0,100.0,1120,2358,0,3478
533,Nizamabad,533015,Kotgiri,1815001,Shaik Mannan  I/C kotagiri,6,2024,33,742,4,779,98,2391,4,2493,1155,14346,40,15541,0,3348,10,3358,1155,10998,30,12183,0,0,0,0,0,100.0,1155,10998,30,12183
533,Nizamabad,533015,Kotgiri,1815002,B Sunitha  I/C Kotagiri,6,2024,22,763,2,787,65,2455,2,2522,770,14730,20,15520,0,4494,10,4504,770,10236,10,11016,0,0,0,0,0,100.0,770,10236,10,11016
533,Nizamabad,533015,Kotgiri,1815003,Mohammed Ansar Ahmed  Kotagiri,6,2024,62,619,2,683,191,2366,2,2559,2170,14196,20,16386,0,0,0,0,2170,14196,20,16386,0,0,0,0,0,100.0,2170,14196,20,16386
533,Nizamabad,533015,Kotgiri,1815004,Maka Kishore Chandra  Ethonda camp,6,2024,21,337,0,358,60,1072,0,1132,735,6432,0,7167,70,756,0,826,665,5676,0,6341,0,0,0,0,0,100.0,665,5676,0,6341
533,Nizamabad,533015,Kotgiri,1815005,SUDDEWAR LAXMAN  Ethonda,6,2024,28,726,7,761,81,2388,8,2477,980,14328,70,15378,0,2933,20,2953,980,11395,50,12425,0,0,0,0,0,100.0,980,11395,50,12425
533,Nizamabad,533015,Kotgiri,1815006,Mirjapur Sayanna  Yadgarpur,6,2024,44,231,1,276,146,668,1,815,1540,4008,10,5558,140,858,0,998,1400,3150,10,4560,0,0,0,0,0,100.0,1400,3150,10,4560
533,Nizamabad,533015,Kotgiri,1815015,M.D.Aziz  I/C Kothapally,6,2024,48,559,0,607,136,1800,0,1936,1680,10800,0,12480,140,1170,0,1310,1540,9630,0,11170,0,0,0,0,0,100.0,1540,9630,0,11170
533,Nizamabad,533015,Kotgiri,1815016,Mohammed Ansar Ahmed  I/C Adkaspally,6,2024,107,467,4,578,335,1378,4,1717,3745,8268,40,12053,35,0,0,35,3710,8268,40,12018,0,0,0,0,0,100.0,3710,8268,40,12018
533,Nizamabad,533015,Kotgiri,1815017,M.Rajeshwar  I/C Suddulam,6,2024,20,244,0,264,68,882,0,950,700,5292,0,5992,0,666,0,666,700,4626,0,5326,0,0,0,0,0,100.0,700,4626,0,5326
533,Nizamabad,533015,Kotgiri,1815018,M.Rajeshwar  Eklaspur,6,2024,35,270,0,305,105,824,0,929,1225,4944,0,6169,0,1020,0,1020,1225,3924,0,5149,0,0,0,0,0,100.0,1225,3924,0,5149
533,Nizamabad,533015,Kotgiri,1815021,Shaik Mannan  Hegdoli,6,2024,45,369,3,417,132,1077,3,1212,1575,6462,30,8067,35,582,0,617,1540,5880,30,7450,0,0,0,0,0,100.0,1540,5880,30,7450
533,Nizamabad,533015,Kotgiri,1815022,M.D.Aziz  Sunikini,6,2024,66,401,0,467,222,1499,0,1721,2310,8994,0,11304,105,942,0,1047,2205,8052,0,10257,0,0,0,0,0,100.0,2205,8052,0,10257
533,Nizamabad,533015,Kotgiri,1815029,Shaik Mannan  KOTAGIRI,6,2024,57,666,4,727,160,2069,4,2233,1995,12414,40,14449,70,1566,0,1636,1925,10848,40,12813,0,0,0,0,0,100.0,1925,10848,40,12813
533,Nizamabad,533015,Kotgiri,1815030,P ANJANEYLU  VALLABHAPUR,6,2024,20,196,1,217,71,669,1,741,700,4014,10,4724,70,294,0,364,630,3720,10,4360,0,0,0,0,0,100.0,630,3720,10,4360
533,Nizamabad,533015,Kotgiri,1815036,Rajeshwar  Rampur,6,2024,13,175,0,188,38,533,0,571,455,3198,0,3653,0,690,0,690,455,2508,0,2963,0,0,0,0,0,100.0,455,2508,0,2963
533,Nizamabad,533020,Varni,1820001,Atimela Nagesh  varni,6,2024,68,508,0,576,195,1476,0,1671,2380,8856,0,11236,0,319,0,319,2380,8537,0,10917,0,0,0,0,0,100.0,2380,8537,0,10917
533,Nizamabad,533020,Varni,1820002,Vuduthala Ajaya  SNPURAM-I,6,2024,37,625,0,662,109,1808,0,1917,1295,10848,0,12143,0,122,0,122,1295,10726,0,12021,0,0,0,0,0,100.0,1295,10726,0,12021
533,Nizamabad,533020,Varni,1820003,1820003  S.N.Puram-II,6,2024,10,622,1,633,26,1939,1,1966,350,11634,10,11994,35,36,10,81,315,11598,0,11913,0,0,0,0,0,100.0,315,11598,0,11913
533,Nizamabad,533020,Varni,1820004,1820005  WADDEPALLY,6,2024,44,825,0,869,138,2731,0,2869,1540,16386,0,17926,0,6144,0,6144,1540,10242,0,11782,0,0,0,0,0,100.0,1540,10242,0,11782
533,Nizamabad,533020,Varni,1820005,Chokkam Latha  SRINAGAR,6,2024,21,469,0,490,63,1307,0,1370,735,7842,0,8577,0,1584,0,1584,735,6258,0,6993,0,0,0,0,0,100.0,735,6258,0,6993
533,Nizamabad,533020,Varni,1820006,Kammari Ramesh  JAKORA,6,2024,45,811,0,856,138,2533,0,2671,1575,15198,0,16773,35,648,0,683,1540,14550,0,16090,0,0,0,0,0,100.0,1540,14550,0,16090
533,Nizamabad,533020,Varni,1820007,Debbaddy Laxmi Narayana  JALALPUR-I,6,2024,64,696,1,761,208,2351,1,2560,2240,14106,10,16356,0,210,10,220,2240,13896,0,16136,0,0,0,0,0,100.0,2240,13896,0,16136
533,Nizamabad,533020,Varni,1820008,Getike Kashiram  JALALPUR-II,6,2024,55,821,1,877,191,2822,1,3014,1925,16932,10,18867,105,1463,0,1568,1820,15469,10,17299,0,0,0,0,0,100.0,1820,15469,10,17299
533,Nizamabad,533020,Varni,1820009,Addepally Venkatakrishna Rao  SHANKORA,6,2024,9,454,0,463,22,1519,0,1541,315,9114,0,9429,0,918,0,918,315,8196,0,8511,0,0,0,0,0,100.0,315,8196,0,8511
533,Nizamabad,533020,Varni,1820019,Vibhuthi Gangadhar Appa  HUMNAPUR,6,2024,28,542,0,570,97,1608,0,1705,980,9648,0,10628,105,1752,0,1857,875,7896,0,8771,0,0,0,0,0,100.0,875,7896,0,8771
533,Nizamabad,533020,Varni,1820022,Deshaipet Sunandha  TAGELEPALLY,6,2024,82,731,1,814,222,2300,1,2523,2870,13800,10,16680,0,426,0,426,2870,13374,10,16254,0,0,0,0,0,100.0,2870,13374,10,16254
533,Nizamabad,533020,Varni,1820028,101  Paidimal,6,2024,17,610,0,627,61,2237,0,2298,595,13422,0,14017,105,1674,0,1779,490,11748,0,12238,0,0,0,0,0,100.0,490,11748,0,12238
533,Nizamabad,533020,Varni,1820029,Bardhaval Jaggu  SIDDAPUR,6,2024,11,331,0,342,33,1253,0,1286,385,7518,0,7903,105,1128,0,1233,280,6390,0,6670,0,0,0,0,0,100.0,280,6390,0,6670
533,Nizamabad,533020,Varni,1820030,B Ravi  Sevalal Thanda,6,2024,11,372,0,383,32,1294,0,1326,385,7764,0,8149,1,24,0,25,384,7740,0,8124,0,0,0,0,0,100.0,384,7740,0,8124
533,Nizamabad,533021,Dichpally,1821001,"S.SHANTHA KUMARI  H.No.2-7, Bardipur",6,2024,36,652,8,696,106,2146,8,2260,1260,12876,80,14216,0,1260,10,1270,1260,11616,70,12946,0,0,0,0,0,100.0,1260,11616,70,12946
533,Nizamabad,533021,Dichpally,1821002,"K.THRIVENI  H.No.5-90, Dichpally",6,2024,24,390,3,417,57,1239,4,1300,840,7434,30,8304,0,426,10,436,840,7008,20,7868,0,0,0,0,0,100.0,840,7008,20,7868
533,Nizamabad,533021,Dichpally,1821003,"T.GANGADHAR  H.No.2-32, Dichpally",6,2024,26,419,2,447,74,1415,2,1491,910,8490,20,9420,0,0,0,0,910,8490,20,9420,0,0,0,0,0,100.0,910,8490,20,9420
533,Nizamabad,533021,Dichpally,1821004,"I.SANDHYA RANI  H.No.2-10, Nadipally",6,2024,25,453,9,487,64,1396,9,1469,875,8376,90,9341,70,863,40,973,805,7513,50,8368,0,0,0,0,0,100.0,805,7513,50,8368
533,Nizamabad,533021,Dichpally,1821005,"B.SADANAND  H.No.4-100/2, Nadipally (T)",6,2024,27,289,0,316,93,1086,0,1179,945,6516,0,7461,70,0,0,70,875,6516,0,7391,0,0,0,0,0,100.0,875,6516,0,7391
533,Nizamabad,533021,Dichpally,1821006,"Incharge R.RAJARAM  H.No.6-75/5, Dichpally R/S",6,2024,30,671,7,708,82,2370,7,2459,1050,14220,70,15340,0,180,40,220,1050,14040,30,15120,0,0,0,0,0,100.0,1050,14040,30,15120
533,Nizamabad,533021,Dichpally,1821007,"I/c M.KAVITHA  H.No.3-31, Ghanpur",6,2024,17,585,11,613,37,2010,11,2058,595,12060,110,12765,0,2010,60,2070,595,10050,50,10695,0,0,0,0,0,100.0,595,10050,50,10695
533,Nizamabad,533021,Dichpally,1821008,"M.KAVITHA  H.No.3-31, Ghanpur",6,2024,34,593,2,629,71,2068,4,2143,1190,12408,20,13618,0,0,0,0,1190,12408,20,13618,0,0,0,0,0,100.0,1190,12408,20,13618
533,Nizamabad,533021,Dichpally,1821013,1821013  H. No.  Dharmaram,6,2024,12,445,1,458,36,1297,1,1334,420,7782,10,8212,0,2034,0,2034,420,5748,10,6178,0,0,0,0,0,100.0,420,5748,10,6178
533,Nizamabad,533021,Dichpally,1821014,"P.RUKMINI CHATHANYA  H.No.2-41, Dharmaram",6,2024,30,490,1,521,68,1535,1,1604,1050,9210,10,10270,0,162,0,162,1050,9048,10,10108,0,0,0,0,0,100.0,1050,9048,10,10108
533,Nizamabad,533021,Dichpally,1821015,"M.SHESHA PADMA  H.No.3-16/1, Dharmaram",6,2024,18,503,1,522,38,1522,1,1561,630,9132,10,9772,0,0,0,0,630,9132,10,9772,0,0,0,0,0,100.0,630,9132,10,9772
533,Nizamabad,533021,Dichpally,1821016,"O.Narsaiah  H.No.3-47, Mittapally",6,2024,65,669,1,735,135,2298,1,2434,2275,13788,10,16073,245,1446,0,1691,2030,12342,10,14382,0,0,0,0,0,100.0,2030,12342,10,14382
533,Nizamabad,533021,Dichpally,1821017,"P.RAGHUPATHI  H.No.3-84/1, Kamalapur",6,2024,50,343,0,393,125,1181,0,1306,1750,7086,0,8836,140,0,0,140,1610,7086,0,8696,0,0,0,0,0,100.0,1610,7086,0,8696
533,Nizamabad,533021,Dichpally,1821019,"C.CHANDRA SHEKAR  H.No.10-13, Narsingpur",6,2024,46,307,0,353,115,1041,0,1156,1610,6246,0,7856,0,6,0,6,1610,6240,0,7850,0,0,0,0,0,100.0,1610,6240,0,7850
533,Nizamabad,533021,Dichpally,1821023,"K.Suvarna  H.No.6-73, Rampur",6,2024,31,538,1,570,85,1697,1,1783,1085,10182,10,11277,35,1374,10,1419,1050,8808,0,9858,0,0,0,0,0,100.0,1050,8808,0,9858
533,Nizamabad,533021,Dichpally,1821024,"K.Laxmai Narayana  H.No.2-92/B, Rampur",6,2024,45,578,0,623,95,1861,0,1956,1575,11166,0,12741,0,726,0,726,1575,10440,0,12015,0,0,0,0,0,100.0,1575,10440,0,12015
533,Nizamabad,533021,Dichpally,1821025,"R.RAJARAM  H.No.1-26/1,  Mentrajpally",6,2024,66,467,1,534,143,1685,1,1829,2310,10110,10,12430,245,2082,0,2327,2065,8028,10,10103,0,0,0,0,0,100.0,2065,8028,10,10103
533,Nizamabad,533021,Dichpally,1821026,"R.RAJARAM  H.No-7-47, Mentrajpally",6,2024,54,494,4,552,148,1762,4,1914,1890,10572,40,12502,46,18,10,74,1844,10554,30,12428,0,0,0,0,0,100.0,1844,10554,30,12428
533,Nizamabad,533021,Dichpally,1821027,"I/c D.RAJASREE  H.No.1-61, Yanampally",6,2024,95,675,3,773,241,2313,3,2557,3325,13878,30,17233,0,1416,10,1426,3325,12462,20,15807,0,0,0,0,0,100.0,3325,12462,20,15807
533,Nizamabad,533021,Dichpally,1821028,"S.VIJAYA LAXMI  H.No.2-51, Suddulam",6,2024,64,568,0,632,168,1836,0,2004,2240,11016,0,13256,0,1224,0,1224,2240,9792,0,12032,0,0,0,0,0,100.0,2240,9792,0,12032
533,Nizamabad,533021,Dichpally,1821029,"D.SWAPNA  H.No.1-7, Koratpally",6,2024,45,601,0,646,131,1977,0,2108,1575,11862,0,13437,0,1146,0,1146,1575,10716,0,12291,0,0,0,0,0,100.0,1575,10716,0,12291
533,Nizamabad,533021,Dichpally,1821030,"T.Paul  H.No.3-38, Doosgon",6,2024,26,762,0,788,69,2517,0,2586,910,15102,0,16012,0,738,0,738,910,14364,0,15274,0,0,0,0,0,100.0,910,14364,0,15274
533,Nizamabad,533021,Dichpally,1821032,"E.Lalitha  H.No-1-80/1, Bibipoor",6,2024,21,230,1,252,71,846,1,918,735,5076,10,5821,0,108,0,108,735,4968,10,5713,0,0,0,0,0,100.0,735,4968,10,5713
533,Nizamabad,533021,Dichpally,1821034,"Md Ismail  H.No.5-33, Lingasamudram",6,2024,25,128,0,153,53,401,0,454,875,2406,0,3281,0,0,0,0,875,2406,0,3281,0,0,0,0,0,100.0,875,2406,0,3281
533,Nizamabad,533021,Dichpally,1821035,"K.SARASWATHI  H.No.4-32, Devpally",6,2024,112,54,0,166,300,210,0,510,3920,1260,0,5180,770,12,0,782,3150,1248,0,4398,0,0,0,0,0,100.0,3150,1248,0,4398
533,Nizamabad,533021,Dichpally,1821036,"I/c Md Ismail  H.No.4-112, Devnagar",6,2024,136,84,0,220,324,299,0,623,4760,1794,0,6554,0,0,0,0,4760,1794,0,6554,0,0,0,0,0,100.0,4760,1794,0,6554
533,Nizamabad,533021,Dichpally,1821037,"Gundaram Nirosha  H. No. 11-6, Sampally",6,2024,59,377,1,437,151,1271,1,1423,2065,7626,10,9701,0,540,10,550,2065,7086,0,9151,0,0,0,0,0,100.0,2065,7086,0,9151
533,Nizamabad,533021,Dichpally,1821038,"K.VANITHA  H.No.1-5/3/G, Amruthapau",6,2024,56,625,3,684,118,2046,3,2167,1960,12276,30,14266,0,12,10,22,1960,12264,20,14244,0,0,0,0,0,100.0,1960,12264,20,14244
533,Nizamabad,533021,Dichpally,1821039,"D.RAJASREE  H.No.7-83/2,  Dichpally",6,2024,64,419,1,484,152,1378,1,1531,2240,8268,10,10518,140,834,10,984,2100,7434,0,9534,0,0,0,0,0,100.0,2100,7434,0,9534
533,Nizamabad,533021,Dichpally,1821040,"S GANGADHAR  H.NO.7-83/2, DICHPALLY",6,2024,26,359,0,385,63,1120,0,1183,910,6720,0,7630,0,24,0,24,910,6696,0,7606,0,0,0,0,0,100.0,910,6696,0,7606
533,Nizamabad,533021,Dichpally,1821252,I/c K Vanitha  Mullangi,6,2024,20,493,0,513,41,1388,0,1429,700,8328,0,9028,0,420,0,420,700,7908,0,8608,0,0,0,0,0,100.0,700,7908,0,8608
533,Nizamabad,533022,Dharpally,1822001,Sri V Yellaiah  SEETHAIPET 4-10,6,2024,25,542,2,569,89,1758,2,1849,875,10548,20,11443,0,492,0,492,875,10056,20,10951,0,0,0,0,0,100.0,875,10056,20,10951
533,Nizamabad,533022,Dharpally,1822002,Ganga Laxmi Kala  DHARPALLY,6,2024,21,534,2,557,58,1515,2,1575,735,9090,20,9845,0,132,0,132,735,8958,20,9713,0,0,0,0,0,100.0,735,8958,20,9713
533,Nizamabad,533022,Dharpally,1822003,J.Mohanlal  DHARPALLY 8-89/1,6,2024,32,580,0,612,104,1625,0,1729,1120,9750,0,10870,70,912,0,982,1050,8838,0,9888,0,0,0,0,0,100.0,1050,8838,0,9888
533,Nizamabad,533022,Dharpally,1822004,B.VIJAYA LAXMI  DHARPALY B 1-66/65/7/1,6,2024,23,604,0,627,72,1796,0,1868,805,10776,0,11581,70,1384,0,1454,735,9392,0,10127,0,0,0,0,0,100.0,735,9392,0,10127
533,Nizamabad,533022,Dharpally,1822005,J.Bhooma Goud  GOVINDPALLY 1-86,6,2024,13,524,0,537,37,1426,0,1463,455,8556,0,9011,0,846,0,846,455,7710,0,8165,0,0,0,0,0,100.0,455,7710,0,8165
533,Nizamabad,533022,Dharpally,1822007,G.Ganga Reddy  DHAMMANNAPET 1-7,6,2024,25,642,0,667,76,1900,0,1976,875,11400,0,12275,70,792,0,862,805,10608,0,11413,0,0,0,0,0,100.0,805,10608,0,11413
533,Nizamabad,533022,Dharpally,1822011,T. Gangamani  DUBBAK 5-87,6,2024,36,659,1,696,83,1832,1,1916,1260,10992,10,12262,245,2790,0,3035,1015,8202,10,9227,0,0,0,0,0,100.0,1015,8202,10,9227
533,Nizamabad,533022,Dharpally,1822012,G. Bhooma Goud  DUBBAK H.NO 3-112,6,2024,36,575,0,611,79,1643,0,1722,1260,9858,0,11118,0,174,0,174,1260,9684,0,10944,0,0,0,0,0,100.0,1260,9684,0,10944
533,Nizamabad,533022,Dharpally,1822013,K.Balrajaiah  RAMADUGU H.NO 4-66,6,2024,23,649,0,672,56,1896,0,1952,805,11376,0,12181,35,1020,0,1055,770,10356,0,11126,0,0,0,0,0,100.0,770,10356,0,11126
533,Nizamabad,533022,Dharpally,1822014,K. Praveen Kumar  KESHARAM 1-17/1,6,2024,23,214,0,237,60,620,0,680,805,3720,0,4525,105,210,0,315,700,3510,0,4210,0,0,0,0,0,100.0,700,3510,0,4210
533,Nizamabad,533022,Dharpally,1822015,J. Gangamani  MAILARAM 1-78,6,2024,22,491,0,513,74,1318,0,1392,770,7908,0,8678,70,1062,0,1132,700,6846,0,7546,0,0,0,0,0,100.0,700,6846,0,7546
533,Nizamabad,533022,Dharpally,1822020,G.Laxmi Bai  DB THANDA 6-73/3,6,2024,22,377,0,399,70,1212,0,1282,770,7272,0,8042,0,438,0,438,770,6834,0,7604,0,0,0,0,0,100.0,770,6834,0,7604
533,Nizamabad,533022,Dharpally,1822023,N.Gangadhar  RAMADUGU H.NO 2-22,6,2024,28,578,0,606,75,1769,0,1844,980,10614,0,11594,140,1332,0,1472,840,9282,0,10122,0,0,0,0,0,100.0,840,9282,0,10122
533,Nizamabad,533022,Dharpally,1822024,T.Jamuna  DHARPALLY-I H.NO 1-2,6,2024,15,333,0,348,38,991,0,1029,525,5946,0,6471,35,453,0,488,490,5493,0,5983,0,0,0,0,0,100.0,490,5493,0,5983
533,Nizamabad,533022,Dharpally,1822026,"K ARUNA KUMARI  H.NO.8-78, DHARPALLY",6,2024,11,619,0,630,26,1886,0,1912,385,11316,0,11701,35,96,0,131,350,11220,0,11570,0,0,0,0,0,100.0,350,11220,0,11570
533,Nizamabad,533022,Dharpally,1822028,N.Sumalatha  DHARPALLY -II H.NO.1-66/65/N/2,6,2024,16,363,1,380,44,1156,1,1201,560,6936,10,7506,35,1758,0,1793,525,5178,10,5713,0,0,0,0,0,100.0,525,5178,10,5713
533,Nizamabad,533022,Dharpally,1822100,Laxmi Narsaiah  HONNAJIPET H.NO.1-17,6,2024,34,822,3,859,106,2628,4,2738,1190,15768,30,16988,0,2178,0,2178,1190,13590,30,14810,0,0,0,0,0,100.0,1190,13590,30,14810
533,Nizamabad,533022,Dharpally,1822101,Katta Gangadhar  Wadi 10-12,6,2024,34,383,5,422,89,1177,7,1273,1190,7062,50,8302,0,348,10,358,1190,6714,40,7944,0,0,0,0,0,100.0,1190,6714,40,7944
533,Nizamabad,533022,Dharpally,1822102,Teekya  Kotalpally 1-7/5,6,2024,28,121,0,149,82,386,0,468,980,2316,0,3296,140,204,0,344,840,2112,0,2952,0,0,0,0,0,100.0,840,2112,0,2952
533,Nizamabad,533022,Dharpally,1822103,Ch.Ramesh  HONNAJIPET H.NO 7-20,6,2024,28,574,1,603,90,1804,1,1895,980,10824,10,11814,0,0,0,0,980,10824,10,11814,0,0,0,0,0,100.0,980,10824,10,11814
533,Nizamabad,533022,Dharpally,1822104,I/c T. Gangaman  DUBBAK 5-87,6,2024,38,543,0,581,105,1684,0,1789,1330,10104,0,11434,175,1434,0,1609,1155,8670,0,9825,0,0,0,0,0,100.0,1155,8670,0,9825
533,Nizamabad,533023,Sirikonda,1823001,1823001  Kondur,6,2024,17,383,3,403,33,1133,3,1169,595,6798,30,7423,35,828,0,863,560,5970,30,6560,0,0,0,0,0,100.0,560,5970,30,6560
533,Nizamabad,533023,Sirikonda,1823002,"1823002  H. No. 1-17/1, Pedda Walgote",6,2024,50,850,3,903,116,2535,3,2654,1750,15210,30,16990,0,1764,20,1784,1750,13446,10,15206,0,0,0,0,0,100.0,1750,13446,10,15206
533,Nizamabad,533023,Sirikonda,1823003,"1823003  H. No. 7-27, Narsingpally, Nyavanandi",6,2024,35,217,2,254,91,651,2,744,1225,3906,20,5151,175,882,10,1067,1050,3024,10,4084,0,0,0,0,0,100.0,1050,3024,10,4084
533,Nizamabad,533023,Sirikonda,1823004,"1823004  H. No. 1-17/1, Pandimadugu",6,2024,56,401,0,457,164,1502,0,1666,1960,9012,0,10972,70,132,0,202,1890,8880,0,10770,0,0,0,0,0,100.0,1890,8880,0,10770
533,Nizamabad,533023,Sirikonda,1823005,"1823005  H. No. 1-1, Chimanpally",6,2024,55,343,0,398,180,1104,0,1284,1925,6624,0,8549,105,156,0,261,1820,6468,0,8288,0,0,0,0,0,100.0,1820,6468,0,8288
533,Nizamabad,533023,Sirikonda,1823006,"1823006  H. No. 2-38/1, Mailaram",6,2024,36,445,0,481,90,1237,0,1327,1260,7422,0,8682,0,66,0,66,1260,7356,0,8616,0,0,0,0,0,100.0,1260,7356,0,8616
533,Nizamabad,533023,Sirikonda,1823007,"1823007  H. No. 1-41, Pakala",6,2024,35,177,0,212,108,594,0,702,1225,3564,0,4789,105,366,0,471,1120,3198,0,4318,0,0,0,0,0,100.0,1120,3198,0,4318
533,Nizamabad,533023,Sirikonda,1823008,"1823008  H. No. 5-57/3, Nyavanandi",6,2024,35,591,1,627,76,1713,1,1790,1225,10278,10,11513,35,636,0,671,1190,9642,10,10842,0,0,0,0,0,100.0,1190,9642,10,10842
533,Nizamabad,533023,Sirikonda,1823009,"1823009  Main Road, Ravutla",6,2024,26,424,0,450,70,1239,0,1309,910,7434,0,8344,175,2370,0,2545,735,5064,0,5799,0,0,0,0,0,100.0,735,5064,0,5799
533,Nizamabad,533023,Sirikonda,1823010,"1823010  H. No. 3-138, Gadkole",6,2024,34,437,0,471,86,1355,0,1441,1190,8130,0,9320,0,438,0,438,1190,7692,0,8882,0,0,0,0,0,100.0,1190,7692,0,8882
533,Nizamabad,533023,Sirikonda,1823011,"1823011  H. No. 1-53, Musheer Nagar",6,2024,23,399,0,422,62,1370,0,1432,805,8220,0,9025,0,456,0,456,805,7764,0,8569,0,0,0,0,0,100.0,805,7764,0,8569
533,Nizamabad,533023,Sirikonda,1823012,"1823012  H. No. 1-57, Kondapoor",6,2024,87,730,0,817,235,2527,0,2762,3045,15162,0,18207,75,792,0,867,2970,14370,0,17340,0,0,0,0,0,100.0,2970,14370,0,17340
533,Nizamabad,533023,Sirikonda,1823013,"1823013  H. No. 2-78, Ramadugu",6,2024,42,436,0,478,104,1330,0,1434,1470,7980,0,9450,105,906,0,1011,1365,7074,0,8439,0,0,0,0,0,100.0,1365,7074,0,8439
533,Nizamabad,533023,Sirikonda,1823014,"1823014  H. No. 1-85/3/1, Sirikonda",6,2024,44,740,0,784,105,2171,0,2276,1540,13026,0,14566,0,6,0,6,1540,13020,0,14560,0,0,0,0,0,100.0,1540,13020,0,14560
533,Nizamabad,533023,Sirikonda,1823015,"1823015  H. No. 2-48, Thatipally",6,2024,33,378,1,412,85,1223,1,1309,1155,7338,10,8503,70,576,10,656,1085,6762,0,7847,0,0,0,0,0,100.0,1085,6762,0,7847
533,Nizamabad,533023,Sirikonda,1823016,"1823016  H. No. 2-4, Hussain Nagar",6,2024,35,427,1,463,84,1349,1,1434,1225,8094,10,9329,140,1086,0,1226,1085,7008,10,8103,0,0,0,0,0,100.0,1085,7008,10,8103
533,Nizamabad,533023,Sirikonda,1823018,1823018  Chinna Walgote,6,2024,32,346,0,378,89,962,0,1051,1120,5772,0,6892,110,1206,0,1316,1010,4566,0,5576,0,0,0,0,0,100.0,1010,4566,0,5576
533,Nizamabad,533023,Sirikonda,1823019,1823019  H. No. 2-78-28,6,2024,27,240,0,267,68,599,0,667,945,3594,0,4539,105,516,0,621,840,3078,0,3918,0,0,0,0,0,100.0,840,3078,0,3918
533,Nizamabad,533023,Sirikonda,1823020,"1823020  H. No. 1-19, Thumpally",6,2024,53,675,0,728,150,2155,0,2305,1855,12930,0,14785,35,756,0,791,1820,12174,0,13994,0,0,0,0,0,100.0,1820,12174,0,13994
533,Nizamabad,533023,Sirikonda,1823024,"1823024  H. No. 6-85/1, Sirikonda",6,2024,28,431,2,461,77,1363,2,1442,980,8178,20,9178,245,2052,10,2307,735,6126,10,6871,0,0,0,0,0,100.0,735,6126,10,6871
533,Nizamabad,533023,Sirikonda,1823026,1823026  Nyavanandi-II,6,2024,32,525,0,557,77,1518,0,1595,1120,9108,0,10228,35,2610,0,2645,1085,6498,0,7583,0,0,0,0,0,100.0,1085,6498,0,7583
533,Nizamabad,533023,Sirikonda,1823027,"K.Rakesh  H. No. 1-56, Kondur",6,2024,25,486,0,511,56,1317,0,1373,875,7902,0,8777,0,618,0,618,875,7284,0,8159,0,0,0,0,0,100.0,875,7284,0,8159
533,Nizamabad,533023,Sirikonda,1823028,"B.Ramesh  Bypass Roas, Ravutla",6,2024,30,451,0,481,69,1424,0,1493,1050,8544,0,9594,0,30,0,30,1050,8514,0,9564,0,0,0,0,0,100.0,1050,8514,0,9564
533,Nizamabad,533023,Sirikonda,1823029,"G. Ankush  H. No. 1-29, Gadkole -II",6,2024,37,442,0,479,79,1244,0,1323,1295,7464,0,8759,0,60,0,60,1295,7404,0,8699,0,0,0,0,0,100.0,1295,7404,0,8699
533,Nizamabad,533037,chandur,1837001,"B.Suresh  Near Hanuman temple, Chandur",6,2024,17,625,0,642,48,1929,0,1977,595,11574,0,12169,70,2916,0,2986,525,8658,0,9183,0,0,0,0,0,100.0,525,8658,0,9183
533,Nizamabad,533037,chandur,1837002,"K.Usha Rani  Near Rammandir,Chandur",6,2024,20,818,0,838,57,2529,0,2586,700,15174,0,15874,0,126,0,126,700,15048,0,15748,0,0,0,0,0,100.0,700,15048,0,15748
533,Nizamabad,533037,chandur,1837003,"N. Narasimhulu  Near Badapahd road, Laxmapur",6,2024,41,1007,0,1048,144,3541,0,3685,1435,21246,0,22681,105,1506,0,1611,1330,19740,0,21070,0,0,0,0,0,100.0,1330,19740,0,21070
533,Nizamabad,533037,chandur,1837004,"K.Usha rani  Near Community hall, Ghanpur",6,2024,20,376,0,396,56,1164,0,1220,700,6984,0,7684,0,756,0,756,700,6228,0,6928,0,0,0,0,0,100.0,700,6228,0,6928
533,Nizamabad,533038,Mosra,1838001,"K RAJA LAXMI  near, Ambedkar statue",6,2024,31,518,0,549,79,1606,0,1685,1085,9636,0,10721,35,2208,0,2243,1050,7428,0,8478,0,0,0,0,0,100.0,1050,7428,0,8478
533,Nizamabad,533038,Mosra,1838002,B.Shankar  5-77/4A Beside chakali sangam mosra,6,2024,46,528,1,575,140,1644,1,1785,1610,9864,10,11484,0,624,0,624,1610,9240,10,10860,0,0,0,0,0,100.0,1610,9240,10,10860
533,Nizamabad,533038,Mosra,1838003,G.Gopal Reddy  Kummaram chourasath mosra,6,2024,15,610,0,625,45,1919,0,1964,525,11514,0,12039,0,108,0,108,525,11406,0,11931,0,0,0,0,0,100.0,525,11406,0,11931
533,Nizamabad,533038,Mosra,1838004,N.Gangaram  Near Masjid Govoor,6,2024,27,398,0,425,76,1377,0,1453,945,8262,0,9207,70,6,0,76,875,8256,0,9131,0,0,0,0,0,100.0,875,8256,0,9131
533,Nizamabad,533038,Mosra,1838005,"N.Gangaram  Near, Masjid cinthakunta",6,2024,14,409,0,423,38,1234,0,1272,490,7404,0,7894,0,3132,0,3132,490,4272,0,4762,0,0,0,0,0,100.0,490,4272,0,4762
533,Nizamabad,533038,Mosra,1838006,"P.Ramulu  Near,Indira colony Thimmapur",6,2024,12,1057,0,1069,36,3207,0,3243,420,19242,0,19662,0,2628,0,2628,420,16614,0,17034,0,0,0,0,0,100.0,420,16614,0,17034
533,Nizamabad,533039,Aloor,1839001,D.Saroja Rani  H.No 2-52 Gandhi Road,6,2024,38,613,5,656,90,1806,8,1904,1330,10836,50,12216,0,0,0,0,1330,10836,50,12216,0,0,0,0,0,100.0,1330,10836,50,12216
533,Nizamabad,533039,Aloor,1839002,"G.Mohan  4-4/2, Mahalaxmi temple, Aloor",6,2024,30,529,6,565,79,1588,8,1675,1050,9528,60,10638,0,810,10,820,1050,8718,50,9818,0,0,0,0,0,100.0,1050,8718,50,9818
533,Nizamabad,533039,Aloor,1839003,"G.Gangamani  Near ZPHS School, Aloor",6,2024,32,622,6,660,83,1846,6,1935,1120,11076,60,12256,0,936,20,956,1120,10140,40,11300,0,0,0,0,0,100.0,1120,10140,40,11300
533,Nizamabad,533039,Aloor,1839004,"E.Lingamaiah  5-8 Near GP, Degaon",6,2024,17,407,1,425,47,1217,1,1265,595,7302,10,7907,0,630,0,630,595,6672,10,7277,0,0,0,0,0,100.0,595,6672,10,7277
533,Nizamabad,533039,Aloor,1839005,"E.Lingamaiah  5-8 Near GP, Degaon",6,2024,20,387,1,408,52,1179,1,1232,700,7074,10,7784,0,0,0,0,700,7074,10,7784,0,0,0,0,0,100.0,700,7074,10,7784
533,Nizamabad,533039,Aloor,1839006,"G.Gangamani  Near Chouleshwari Temple, Gaggupally",6,2024,17,372,1,390,39,1110,1,1150,595,6660,10,7265,0,210,0,210,595,6450,10,7055,0,0,0,0,0,100.0,595,6450,10,7055
533,Nizamabad,533039,Aloor,1839007,"M.Nagamani  8-27, Near Bastand ,Macherla",6,2024,31,522,3,556,79,1601,3,1683,1085,9606,30,10721,0,6,0,6,1085,9600,30,10715,0,0,0,0,0,100.0,1085,9600,30,10715
533,Nizamabad,533039,Aloor,1839008,"M.Gangaram  Near Ramamandir,Macherla",6,2024,22,481,4,507,60,1402,4,1466,770,8412,40,9222,0,0,20,20,770,8412,20,9202,0,0,0,0,0,100.0,770,8412,20,9202
533,Nizamabad,533039,Aloor,1839009,"Y.Varalaxmi  180/40-34 Ambethker Colony , Mirdhapally",6,2024,39,408,7,454,98,1267,7,1372,1365,7602,70,9037,1,198,10,209,1364,7404,60,8828,0,0,0,0,0,100.0,1364,7404,60,8828
533,Nizamabad,533039,Aloor,1839010,"PACS KALLEDI  2-64 GP Office, Kalledi",6,2024,33,495,5,533,86,1524,6,1616,1155,9144,50,10349,210,2736,10,2956,945,6408,40,7393,0,0,0,0,0,100.0,945,6408,40,7393
533,Nizamabad,533039,Aloor,1839011,"Kuna Harisha  Near Bramham gari temple, Kalledi",6,2024,43,501,4,548,119,1504,4,1627,1505,9024,40,10569,35,12,10,57,1470,9012,30,10512,0,0,0,0,0,100.0,1470,9012,30,10512
533,Nizamabad,533039,Aloor,1839012,"CH.Shakunthala  Near ZPHS School,Deekampally",6,2024,28,577,0,605,76,1591,0,1667,980,9546,0,10526,35,558,0,593,945,8988,0,9933,0,0,0,0,0,100.0,945,8988,0,9933
533,Nizamabad,533039,Aloor,1839013,k.Suresh  Near old GP building,6,2024,27,546,0,573,66,1796,0,1862,945,10776,0,11721,0,692,0,692,945,10084,0,11029,0,0,0,0,0,100.0,945,10084,0,11029
533,Nizamabad,533039,Aloor,1839014,D.Pandari  H.No 4-70/1 Malapalli,6,2024,23,539,0,562,64,1837,0,1901,805,11022,0,11827,0,1206,0,1206,805,9816,0,10621,0,0,0,0,0,100.0,805,9816,0,10621
533,Nizamabad,533039,Aloor,1839015,"K.Mani sai  Near Hanuman temple, Ramchandrapally",6,2024,42,581,0,623,99,1788,0,1887,1470,10728,0,12198,105,990,0,1095,1365,9738,0,11103,0,0,0,0,0,100.0,1365,9738,0,11103
533,Nizamabad,533040,Donkeshwar,1840001,"J. Rajeshwar  Near Dargha,Annaram",6,2024,20,330,8,358,48,965,8,1021,700,5790,80,6570,0,1230,50,1280,700,4560,30,5290,0,0,0,0,0,100.0,700,4560,30,5290
533,Nizamabad,533040,Donkeshwar,1840002,"M. Shankar goud  Near Busstand,Dattapoor",6,2024,27,370,2,399,67,1225,2,1294,945,7350,20,8315,0,0,0,0,945,7350,20,8315,0,0,0,0,0,100.0,945,7350,20,8315
533,Nizamabad,533040,Donkeshwar,1840003,"K. Pushpalatha  SC Colony, Donkeshwar",6,2024,26,456,7,489,72,1417,7,1496,910,8502,70,9482,35,630,30,695,875,7872,40,8787,0,0,0,0,0,100.0,875,7872,40,8787
533,Nizamabad,533040,Donkeshwar,1840004,"G. Devakala  Back side of GP, Donkeshwar",6,2024,36,488,6,530,104,1475,6,1585,1260,8850,60,10170,210,1284,20,1514,1050,7566,40,8656,0,0,0,0,0,100.0,1050,7566,40,8656
533,Nizamabad,533040,Donkeshwar,1840005,"J.Rajeswar  Near GP,Gadepally",6,2024,25,254,10,289,63,742,10,815,875,4452,100,5427,0,138,40,178,875,4314,60,5249,0,0,0,0,0,100.0,875,4314,60,5249
533,Nizamabad,533040,Donkeshwar,1840006,I/c M.Shanker Goud  Ganga Samundhar,6,2024,16,193,2,211,45,559,2,606,560,3354,20,3934,35,786,20,841,525,2568,0,3093,0,0,0,0,0,100.0,525,2568,0,3093
533,Nizamabad,533040,Donkeshwar,1840007,"S.Bhagya  Near Mala Sangam,GG Nadkuda",6,2024,31,473,12,516,85,1382,12,1479,1085,8292,120,9497,140,1980,50,2170,945,6312,70,7327,0,0,0,0,0,100.0,945,6312,70,7327
533,Nizamabad,533040,Donkeshwar,1840008,"KV Rajendra Prasad  Near masjid,Komatpally",6,2024,9,143,5,157,21,434,5,460,315,2604,50,2969,0,216,10,226,315,2388,40,2743,0,0,0,0,0,100.0,315,2388,40,2743
533,Nizamabad,533040,Donkeshwar,1840009,"K.Chandrakala  Near Guradi kapu sangam, Marampalli",6,2024,46,574,16,636,121,1685,16,1822,1610,10110,160,11880,140,816,50,1006,1470,9294,110,10874,0,0,0,0,0,100.0,1470,9294,110,10874
533,Nizamabad,533040,Donkeshwar,1840010,"A Sadanand  Pochamma Colony,Nikalpoor",6,2024,29,544,7,580,70,1609,7,1686,1015,9654,70,10739,70,714,20,804,945,8940,50,9935,0,0,0,0,0,100.0,945,8940,50,9935
533,Nizamabad,533040,Donkeshwar,1840011,"K Nara Goud  G.P Road,Noothpally",6,2024,44,675,3,722,124,1801,3,1928,1540,10806,30,12376,0,810,10,820,1540,9996,20,11556,0,0,0,0,0,100.0,1540,9996,20,11556
533,Nizamabad,533040,Donkeshwar,1840012,"Ch Laxmi  Munnuru Kapu Sangam,Sirpoor",6,2024,29,322,3,354,77,970,3,1050,1015,5820,30,6865,105,780,10,895,910,5040,20,5970,0,0,0,0,0,100.0,910,5040,20,5970
533,Nizamabad,533040,Donkeshwar,1840013,"G Sukanya  Dattapoor Road,Thondakur",6,2024,11,338,2,351,30,1064,2,1096,385,6384,20,6789,0,714,0,714,385,5670,20,6075,0,0,0,0,0,100.0,385,5670,20,6075
533,Nizamabad,533041,Saloora,1841001,"M. Archana  lingayath colony, Near vagdevi school, saloora",6,2024,46,530,1,577,152,1690,1,1843,1610,10140,10,11760,0,480,10,490,1610,9660,0,11270,0,0,0,0,0,100.0,1610,9660,0,11270
533,Nizamabad,533041,Saloora,1841002,S.Sailu  3-70 SALOORA,6,2024,44,431,0,475,134,1379,0,1513,1540,8274,0,9814,105,1380,0,1485,1435,6894,0,8329,0,0,0,0,0,100.0,1435,6894,0,8329
533,Nizamabad,533041,Saloora,1841003,"R.Laxman  tenugu colony, saloora",6,2024,33,429,1,463,94,1424,1,1519,1155,8544,10,9709,70,630,0,700,1085,7914,10,9009,0,0,0,0,0,100.0,1085,7914,10,9009
533,Nizamabad,533041,Saloora,1841004,"Y Padma kumari  Near, G.P office fathepur",6,2024,48,455,1,504,130,1305,1,1436,1680,7830,10,9520,490,2082,0,2572,1190,5748,10,6948,0,0,0,0,0,100.0,1190,5748,10,6948
533,Nizamabad,533041,Saloora,1841005,D Prameela  3-38/1 Tagelly,6,2024,17,302,0,319,47,927,0,974,595,5562,0,6157,70,528,0,598,525,5034,0,5559,0,0,0,0,0,100.0,525,5034,0,5559
533,Nizamabad,533041,Saloora,1841006,"K. Mallaih  Near socity, Kummanpally",6,2024,55,543,0,598,154,1585,0,1739,1925,9510,0,11435,175,1302,0,1477,1750,8208,0,9958,0,0,0,0,0,100.0,1750,8208,0,9958
533,Nizamabad,533041,Saloora,1841007,"B.Shekar  Near Shivalayam,",6,2024,51,812,1,864,162,2866,1,3029,1785,17196,10,18991,210,1978,0,2188,1575,15218,10,16803,0,0,0,0,0,100.0,1575,15218,10,16803
533,Nizamabad,533041,Saloora,1841008,"S Nirmala  Sc Colony, Mandarna",6,2024,35,486,0,521,94,1497,0,1591,1225,8982,0,10207,35,1440,0,1475,1190,7542,0,8732,0,0,0,0,0,100.0,1190,7542,0,8732
533,Nizamabad,533041,Saloora,1841009,"MD. Ghouse  Near Busstand, Khajapur",6,2024,33,327,1,361,117,1102,1,1220,1155,6612,10,7777,5,0,0,5,1150,6612,10,7772,0,0,0,0,0,100.0,1150,6612,10,7772
533,Nizamabad,533041,Saloora,1841010,Chinnappa Reddy  salampad,6,2024,54,681,0,735,146,1984,0,2130,1890,11904,0,13794,140,1506,0,1646,1750,10398,0,12148,0,0,0,0,0,100.0,1750,10398,0,12148
533,Nizamabad,533041,Saloora,1841011,"N. Vijaya laxmi  Near Socity, Jadi Jamalpur",6,2024,61,599,0,660,207,1703,0,1910,2135,10218,0,12353,315,2172,0,2487,1820,8046,0,9866,0,0,0,0,0,100.0,1820,8046,0,9866
533,Nizamabad,533042,Pothangal,1842001,"S Laxman  Near, Bus Stand Domaledgi",6,2024,43,270,0,313,140,848,0,988,1505,5088,0,6593,0,576,0,576,1505,4512,0,6017,0,0,0,0,0,100.0,1505,4512,0,6017
533,Nizamabad,533042,Pothangal,1842002,"Azmath Sulthana  Near Water Tank, Sompur",6,2024,39,489,1,529,122,1455,1,1578,1365,8730,10,10105,0,810,10,820,1365,7920,0,9285,0,0,0,0,0,100.0,1365,7920,0,9285
533,Nizamabad,533042,Pothangal,1842003,"R.Rajareddy  Near Ramamandir, Kallur",6,2024,23,545,4,572,59,1712,4,1775,805,10272,40,11117,0,2066,0,2066,805,8206,40,9051,0,0,0,0,0,100.0,805,8206,40,9051
533,Nizamabad,533042,Pothangal,1842004,"Nasim Sulthana  Near GP, Jallapay",6,2024,63,666,0,729,193,2291,0,2484,2205,13746,0,15951,70,1992,0,2062,2135,11754,0,13889,0,0,0,0,0,100.0,2135,11754,0,13889
533,Nizamabad,533042,Pothangal,1842005,Sham Shuddin  1-21 Karegoan,6,2024,57,512,1,570,161,1667,2,1830,1995,10002,10,12007,105,1608,0,1713,1890,8394,10,10294,0,0,0,0,0,100.0,1890,8394,10,10294
533,Nizamabad,533042,Pothangal,1842006,"M D Shadulla  Near, G.P Ofiice , kollur",6,2024,64,106,3,173,196,295,3,494,2240,1770,30,4040,175,306,0,481,2065,1464,30,3559,0,0,0,0,0,100.0,2065,1464,30,3559
533,Nizamabad,533042,Pothangal,1842007,"MAHAJAN SANDEP  8-42/2,Near GP Office Pothangal",6,2024,35,477,1,513,95,1632,1,1728,1225,9792,10,11027,0,1614,0,1614,1225,8178,10,9413,0,0,0,0,0,100.0,1225,8178,10,9413
533,Nizamabad,533042,Pothangal,1842008,B.Maruthi  2-60 kodicheral,6,2024,31,312,1,344,89,1011,1,1101,1085,6066,10,7161,35,1020,0,1055,1050,5046,10,6106,0,0,0,0,0,100.0,1050,5046,10,6106
533,Nizamabad,533042,Pothangal,1842009,m. Kalpana  1-60/2 Thirmalapur (v),6,2024,32,184,1,217,96,566,1,663,1120,3396,10,4526,350,1086,0,1436,770,2310,10,3090,0,0,0,0,0,100.0,770,2310,10,3090
533,Nizamabad,533042,Pothangal,1842010,Shaik Shamshuddin  3-62/1 Hangara faram,6,2024,74,475,1,550,214,1569,1,1784,2590,9414,10,12014,356,2520,10,2886,2234,6894,0,9128,0,0,0,0,0,100.0,2234,6894,0,9128
533,Nizamabad,533042,Pothangal,1842011,"B.Parvathi  2-44/62 Jallapally, (V)",6,2024,28,249,0,277,87,795,0,882,980,4770,0,5750,210,954,0,1164,770,3816,0,4586,0,0,0,0,0,100.0,770,3816,0,4586
533,Nizamabad,533042,Pothangal,1842012,"Mustaq Ahmed  Near GP Office,Pothangal",6,2024,49,465,3,517,155,1667,3,1825,1715,10002,30,11747,0,968,0,968,1715,9034,30,10779,0,0,0,0,0,100.0,1715,9034,30,10779
533,Nizamabad,533042,Pothangal,1842013,"B Sunitha  Near Rajeshwari Temple,Pothangal",6,2024,27,397,1,425,81,1362,1,1444,945,8172,10,9127,0,299,0,299,945,7873,10,8828,0,0,0,0,0,100.0,945,7873,10,8828
533,Nizamabad,533042,Pothangal,1842014,G Saikiran  Old Pothangal Govt Primiry School,6,2024,38,386,0,424,110,1246,0,1356,1330,7476,0,8806,0,539,0,539,1330,6937,0,8267,0,0,0,0,0,100.0,1330,6937,0,8267
533,Nizamabad,533042,Pothangal,1842015,M Sailoo  Near Govt School,6,2024,44,391,2,437,142,1250,2,1394,1540,7500,20,9060,105,630,10,745,1435,6870,10,8315,0,0,0,0,0,100.0,1435,6870,10,8315
533,Nizamabad,533012,Nizamabad,1881003,Godavari W/o Ramaiah  HANUMAN NAGAR,6,2024,12,982,0,994,23,2777,0,2800,420,16662,0,17082,0,0,0,0,420,16662,0,17082,0,0,0,0,0,100.0,420,16662,0,17082
533,Nizamabad,533012,Nizamabad,1881006,C. Uma W/o Rajendra Kumar  GOLE HANUMAN,6,2024,2,516,0,518,2,1745,0,1747,70,10470,0,10540,0,3,0,3,70,10467,0,10537,0,0,0,0,0,100.0,70,10467,0,10537
533,Nizamabad,533012,Nizamabad,1881007,D.G. Suresh Kumar S/o Gondla Swamy  BOYI GALLY WEEKLY BAZAR,6,2024,11,734,1,746,23,2473,1,2497,385,14838,10,15233,0,12,0,12,385,14826,10,15221,0,0,0,0,0,100.0,385,14826,10,15221
533,Nizamabad,533012,Nizamabad,1881008,I/c G. Ganga Laxmi ( FPS 18)  WEEKLY BAZAR,6,2024,1,154,0,155,3,665,0,668,35,3990,0,4025,0,0,0,0,35,3990,0,4025,0,0,0,0,0,100.0,35,3990,0,4025
533,Nizamabad,533012,Nizamabad,1881009,I/c D.G.Suresh Kumar ( FPS 7 )  WEKLY BAZAR,6,2024,2,671,0,673,2,2203,0,2205,70,13218,0,13288,0,0,0,0,70,13218,0,13288,0,0,0,0,0,100.0,70,13218,0,13288
533,Nizamabad,533012,Nizamabad,1881010,N. Limba  KASBA GALLY,6,2024,8,588,0,596,10,2324,0,2334,280,13944,0,14224,0,0,0,0,280,13944,0,14224,0,0,0,0,0,100.0,280,13944,0,14224
533,Nizamabad,533012,Nizamabad,1881011,I/c S. Sailu ( FPS 62 )  HAIMADPURA COLONY,6,2024,11,800,0,811,18,3150,0,3168,385,18900,0,19285,0,660,0,660,385,18240,0,18625,0,0,0,0,0,100.0,385,18240,0,18625
533,Nizamabad,533012,Nizamabad,1881012,Somineni Rajender S/o Lingam  MAISAMMA VEEDHI,6,2024,21,1192,0,1213,28,3966,0,3994,735,23796,0,24531,0,0,0,0,735,23796,0,24531,0,0,0,0,0,100.0,735,23796,0,24531
533,Nizamabad,533012,Nizamabad,1881013,I/c Somineni Rajender ( FPS 12 )  MAISAMMA VEEDHI,6,2024,12,785,1,798,18,2626,1,2645,420,15756,10,16186,0,0,0,0,420,15756,10,16186,0,0,0,0,0,100.0,420,15756,10,16186
533,Nizamabad,533012,Nizamabad,1881014,I/c C. Ayodhyam ( FPS 42 )  SHIVAJI NAGAR,6,2024,4,361,0,365,13,1186,0,1199,140,7116,0,7256,0,1362,0,1362,140,5754,0,5894,0,0,0,0,0,100.0,140,5754,0,5894
533,Nizamabad,533012,Nizamabad,1881015,Dikonda Ramdas S/o Purushotham  BADA BAZAR,6,2024,5,708,1,714,6,2254,2,2262,175,13524,10,13709,0,0,0,0,175,13524,10,13709,0,0,0,0,0,100.0,175,13524,10,13709
533,Nizamabad,533012,Nizamabad,1881016,Smt. C Padmavathi  KASAB GALLY,6,2024,18,818,2,838,28,2734,2,2764,630,16404,20,17054,0,0,10,10,630,16404,10,17044,0,0,0,0,0,100.0,630,16404,10,17044
533,Nizamabad,533012,Nizamabad,1881017,Ganga Rama Dattaiah  BADA BAZAR,6,2024,8,829,1,838,20,3108,1,3129,280,18648,10,18938,0,1,0,1,280,18647,10,18937,0,0,0,0,0,100.0,280,18647,10,18937
533,Nizamabad,533012,Nizamabad,1881018,G. Ganga Laxmi  WEEKLY BAZAR,6,2024,0,494,0,494,0,2040,0,2040,0,12240,0,12240,0,636,0,636,0,11604,0,11604,0,0,0,0,0,100.0,0,11604,0,11604
533,Nizamabad,533012,Nizamabad,1881019,I/c P . Sharadha ( FPS 67 )  KILLA ROAD,6,2024,6,419,0,425,11,1716,0,1727,210,10296,0,10506,0,0,0,0,210,10296,0,10506,0,0,0,0,0,100.0,210,10296,0,10506
533,Nizamabad,533012,Nizamabad,1881021,"C. Hima Bindu W/o Partha Sarathi  H.NO;3-5-270, SHIVAJI NAGAR",6,2024,25,965,0,990,36,3272,0,3308,875,19632,0,20507,0,0,0,0,875,19632,0,20507,0,0,0,0,0,100.0,875,19632,0,20507
533,Nizamabad,533012,Nizamabad,1881038,Asma Fathima W/o M.A.Baqi  DARUGALLY,6,2024,1,638,0,639,1,2607,0,2608,35,15642,0,15677,0,0,0,0,35,15642,0,15677,0,0,0,0,0,100.0,35,15642,0,15677
533,Nizamabad,533012,Nizamabad,1881039,C. Mohan Rao S/o Narsimlu  LINE GALLY,6,2024,6,950,0,956,8,3804,0,3812,210,22824,0,23034,0,0,0,0,210,22824,0,23034,0,0,0,0,0,100.0,210,22824,0,23034
533,Nizamabad,533012,Nizamabad,1881040,Shahnaz Begum W/o Fayazuddin  BARKATHPURA,6,2024,12,777,0,789,22,3008,0,3030,420,18048,0,18468,0,0,0,0,420,18048,0,18468,0,0,0,0,0,100.0,420,18048,0,18468
533,Nizamabad,533012,Nizamabad,1881041,SWARUPA RANI  JANDA GALLI,6,2024,1,566,0,567,1,2119,0,2120,35,12714,0,12749,0,6,0,6,35,12708,0,12743,0,0,0,0,0,100.0,35,12708,0,12743
533,Nizamabad,533012,Nizamabad,1881042,Srinivas  GAJULPET,6,2024,5,1034,0,1039,6,3357,0,3363,175,20142,0,20317,0,0,0,0,175,20142,0,20317,0,0,0,0,0,100.0,175,20142,0,20317
533,Nizamabad,533012,Nizamabad,1881043,V.K. Padma W/o Venkat Swamy  HAZAM COLONY,6,2024,14,1286,0,1300,20,5375,0,5395,490,32250,0,32740,0,0,0,0,490,32250,0,32740,0,0,0,0,0,100.0,490,32250,0,32740
533,Nizamabad,533012,Nizamabad,1881044,D. Neethu KIran W/o Chandra Shekar  HASHMI COLONY,6,2024,30,2086,1,2117,47,8243,1,8291,1050,49458,10,50518,0,3840,0,3840,1050,45618,10,46678,0,0,0,0,0,100.0,1050,45618,10,46678
533,Nizamabad,533012,Nizamabad,1881045,Mohd Abdul Mujeeb  BARKATHPURA,6,2024,10,1004,0,1014,22,3989,0,4011,350,23934,0,24284,0,0,0,0,350,23934,0,24284,0,0,0,0,0,100.0,350,23934,0,24284
533,Nizamabad,533012,Nizamabad,1881046,Ahmedi Begum W/o M.A.Raheem Mujeeb  AHMEDPURA COLONY,6,2024,8,1341,0,1349,18,5297,0,5315,280,31782,0,32062,0,0,0,0,280,31782,0,32062,0,0,0,0,0,100.0,280,31782,0,32062
533,Nizamabad,533012,Nizamabad,1881047,"I/C C. HIMA BINDU  H.NO;9-19-34/2, MALA PALLY",6,2024,8,1070,0,1078,15,4356,0,4371,280,26136,0,26416,0,2,0,2,280,26134,0,26414,0,0,0,0,0,100.0,280,26134,0,26414
533,Nizamabad,533012,Nizamabad,1881048,N. Ramchandram S/o Rajaiah  VARNI ROAD,6,2024,17,1173,1,1191,22,4347,1,4370,595,26082,10,26687,0,0,0,0,595,26082,10,26687,0,0,0,0,0,100.0,595,26082,10,26687
533,Nizamabad,533012,Nizamabad,1881049,E.Poshetty S/o Lingaiah  GAJULPET,6,2024,13,787,0,800,28,2692,0,2720,455,16152,0,16607,0,2346,0,2346,455,13806,0,14261,0,0,0,0,0,100.0,455,13806,0,14261
533,Nizamabad,533012,Nizamabad,1881050,Ch. Padma W/o Ravinder  VARNI ROAD  ITI,6,2024,8,1209,0,1217,11,4164,0,4175,280,24984,0,25264,0,4,0,4,280,24980,0,25260,0,0,0,0,0,100.0,280,24980,0,25260
533,Nizamabad,533012,Nizamabad,1881051,Dikonda Ramdas S/o Purushotham  BADA BAZAR,6,2024,3,534,0,537,5,1674,0,1679,105,10044,0,10149,0,0,0,0,105,10044,0,10149,0,0,0,0,0,100.0,105,10044,0,10149
533,Nizamabad,533012,Nizamabad,1881052,M. Chandra Shekar S/o Ramulu  BADA BAZAR,6,2024,8,794,0,802,18,2699,0,2717,280,16194,0,16474,0,0,0,0,280,16194,0,16474,0,0,0,0,0,100.0,280,16194,0,16474
533,Nizamabad,533012,Nizamabad,1881053,I/C M. CHENDRA SHEKAR  BADA BAZAR,6,2024,3,468,0,471,6,1562,0,1568,105,9372,0,9477,0,0,0,0,105,9372,0,9477,0,0,0,0,0,100.0,105,9372,0,9477
533,Nizamabad,533012,Nizamabad,1881057,Lingari Padmaja  GAJULPET,6,2024,10,616,0,626,14,2103,0,2117,350,12618,0,12968,0,0,0,0,350,12618,0,12968,0,0,0,0,0,100.0,350,12618,0,12968
533,Nizamabad,533012,Nizamabad,1881060,K. Gangaram S/o Yellaiah  Khilla Road,6,2024,11,682,0,693,16,2397,0,2413,385,14382,0,14767,105,2287,0,2392,280,12095,0,12375,0,0,0,0,0,100.0,280,12095,0,12375
533,Nizamabad,533012,Nizamabad,1881062,S. Sailu S/o Chinna Bheemanna  HAIMADPURA COLONY,6,2024,6,857,0,863,10,3499,0,3509,210,20994,0,21204,0,3222,0,3222,210,17772,0,17982,0,0,0,0,0,100.0,210,17772,0,17982
533,Nizamabad,533012,Nizamabad,1881064,B.Laxmamma W/o Kishore Yadav  VINAYAK NAGAR,6,2024,4,1025,0,1029,12,3546,0,3558,140,21276,0,21416,0,0,0,0,140,21276,0,21416,0,0,0,0,0,100.0,140,21276,0,21416
533,Nizamabad,533012,Nizamabad,1881066,"P. Uma Devi W/o Hari Babu  H.No:3-7-132/4, RAITHU BAZAR PULANG",6,2024,5,564,0,569,8,1953,0,1961,175,11718,0,11893,0,138,0,138,175,11580,0,11755,0,0,0,0,0,100.0,175,11580,0,11755
533,Nizamabad,533012,Nizamabad,1881068,P. Venkat Laxmi W/o Raju  KOTA GALLI,6,2024,12,1059,0,1071,23,3533,0,3556,420,21198,0,21618,0,2106,0,2106,420,19092,0,19512,0,0,0,0,0,100.0,420,19092,0,19512
533,Nizamabad,533012,Nizamabad,1881069,S. SWARUPA RANI  KOTAGALLI,6,2024,11,826,0,837,21,2766,0,2787,385,16596,0,16981,0,0,0,0,385,16596,0,16981,0,0,0,0,0,100.0,385,16596,0,16981
533,Nizamabad,533012,Nizamabad,1881081,I/C E. Poshetty  KILLA ROAD,6,2024,12,658,0,670,20,2549,0,2569,420,15294,0,15714,0,0,0,0,420,15294,0,15714,0,0,0,0,0,100.0,420,15294,0,15714
533,Nizamabad,533012,Nizamabad,1881082,Safiya Begum W/o Mohd Abdul Raheem  HAIMADHPURA COLONY,6,2024,9,961,0,970,15,3813,0,3828,315,22878,0,23193,0,6,0,6,315,22872,0,23187,0,0,0,0,0,100.0,315,22872,0,23187
533,Nizamabad,533012,Nizamabad,1881083,Karnala Vijaya D/o Ramulu  INDRAPUR VARNI ROAD,6,2024,31,1573,0,1604,58,5360,0,5418,1085,32160,0,33245,0,0,0,0,1085,32160,0,33245,0,0,0,0,0,100.0,1085,32160,0,33245
533,Nizamabad,533012,Nizamabad,1881086,M. Lalitha W/o Prakash  ANAND NAGAR,6,2024,5,551,0,556,13,1946,0,1959,175,11676,0,11851,0,8148,0,8148,175,3528,0,3703,0,0,0,0,0,100.0,175,3528,0,3703
533,Nizamabad,533012,Nizamabad,1881087,G Godavari alias Adepu Anuradha  Khilla Road,6,2024,9,992,1,1002,15,3911,1,3927,315,23466,10,23791,0,0,0,0,315,23466,10,23791,0,0,0,0,0,100.0,315,23466,10,23791
533,Nizamabad,533014,Bodhan,1882501,"A. RAMASWAMI  WARD NO. 9, BEHIND RDO OFFICE h no 1-1-297",6,2024,83,568,1,652,241,2116,1,2358,2905,12696,10,15611,1085,4518,0,5603,1820,8178,10,10008,0,0,0,0,0,100.0,1820,8178,10,10008
533,Nizamabad,533014,Bodhan,1882502,"KHEZER AHMED  WARD O. 10, RAKASIPET",6,2024,54,677,0,731,163,2578,0,2741,1890,15468,0,17358,245,662,0,907,1645,14806,0,16451,0,0,0,0,0,100.0,1645,14806,0,16451
533,Nizamabad,533014,Bodhan,1882503,"ABDUL RASHEED  WARD NO. 12, NEW MAJID 1-2-685",6,2024,50,780,1,831,161,2758,1,2920,1750,16548,10,18308,0,2810,0,2810,1750,13738,10,15498,0,0,0,0,0,100.0,1750,13738,10,15498
533,Nizamabad,533014,Bodhan,1882504,"S. PADMAVATHI  WARD NO. 14, OPP. EXISE OFFICE",6,2024,72,777,0,849,239,2399,0,2638,2520,14394,0,16914,735,5280,0,6015,1785,9114,0,10899,0,0,0,0,0,100.0,1785,9114,0,10899
533,Nizamabad,533014,Bodhan,1882505,"RANJANA KABDE  WARD NO. 16, AZAMGUNJ",6,2024,38,591,0,629,118,2093,0,2211,1330,12558,0,13888,665,4656,0,5321,665,7902,0,8567,0,0,0,0,0,100.0,665,7902,0,8567
533,Nizamabad,533014,Bodhan,1882506,"P.V. RAMANA  WARD NO. 17, AZAMGUNJ",6,2024,43,317,0,360,141,1019,0,1160,1505,6114,0,7619,0,1230,0,1230,1505,4884,0,6389,0,0,0,0,0,100.0,1505,4884,0,6389
533,Nizamabad,533014,Bodhan,1882507,"AZAR MOHINUDDIN  WARD NO. 32, SHARBATHI CANAL2-4-94",6,2024,85,823,1,909,257,3030,1,3288,2975,18180,10,21165,10,962,0,972,2965,17218,10,20193,0,0,0,0,0,100.0,2965,17218,10,20193
533,Nizamabad,533014,Bodhan,1882508,"K. GANDHI  WARD NO. 19, LBS NAGAR",6,2024,39,434,0,473,117,1469,0,1586,1365,8814,0,10179,1120,7776,0,8896,245,1038,0,1283,0,0,0,0,0,100.0,245,1038,0,1283
533,Nizamabad,533014,Bodhan,1882509,"K. RAMAKANTH  WARD NO. 29, BESIDE NIKHILDHAM3-3-137",6,2024,69,560,2,631,207,1982,2,2191,2415,11892,20,14327,315,2518,0,2833,2100,9374,20,11494,0,0,0,0,0,100.0,2100,9374,20,11494
533,Nizamabad,533014,Bodhan,1882510,"AKTHARMOHINUDDIN  WARD NO. 25, BADABAJAR, NEAR NOOR MAJID1-4-2025",6,2024,67,512,0,579,207,1839,0,2046,2345,11034,0,13379,420,3100,0,3520,1925,7934,0,9859,0,0,0,0,0,100.0,1925,7934,0,9859
533,Nizamabad,533014,Bodhan,1882511,"N. NANDINI  WARD NO. 29, RENJAL BASE3-3-137/1",6,2024,32,403,0,435,93,1382,0,1475,1120,8292,0,9412,0,0,0,0,1120,8292,0,9412,0,0,0,0,0,100.0,1120,8292,0,9412
533,Nizamabad,533014,Bodhan,1882512,"G. DRONA GOUD  WARD NO. 23, NARSI ROAD",6,2024,76,467,0,543,232,1463,0,1695,2660,8778,0,11438,490,2808,0,3298,2170,5970,0,8140,0,0,0,0,0,100.0,2170,5970,0,8140
533,Nizamabad,533014,Bodhan,1882513,"PARUSHURAM  WARD NO. 32, THATTIKOT3-1-257",6,2024,57,549,0,606,171,1615,0,1786,1995,9690,0,11685,805,3000,0,3805,1190,6690,0,7880,0,0,0,0,0,100.0,1190,6690,0,7880
533,Nizamabad,533014,Bodhan,1882514,"SK. YASEEN ALI  WARD NO. 31, NARSI ROAD",6,2024,33,314,0,347,104,1169,0,1273,1155,7014,0,8169,420,3318,0,3738,735,3696,0,4431,0,0,0,0,0,100.0,735,3696,0,4431
533,Nizamabad,533014,Bodhan,1882515,"SUVARNA  WARD NO. 32, NEW AREA HOSPITAL",6,2024,33,325,0,358,98,1084,0,1182,1155,6504,0,7659,385,3036,0,3421,770,3468,0,4238,0,0,0,0,0,100.0,770,3468,0,4238
533,Nizamabad,533014,Bodhan,1882516,"SHAHANAZ KOUSAR  WARD NO. 2, OPPOSITE MADIRE MAJID",6,2024,54,635,0,689,182,2484,0,2666,1890,14904,0,16794,665,3498,0,4163,1225,11406,0,12631,0,0,0,0,0,100.0,1225,11406,0,12631
533,Nizamabad,533014,Bodhan,1882517,"B. CHIRANJEEVI  WARD NO. 5, NEW CRISTIAL TALKIES4-7-219",6,2024,87,312,1,400,278,1017,1,1296,3045,6102,10,9157,3045,6102,10,9157,0,0,0,0,0,0,0,0,0,100.0,0,0,0,0
533,Nizamabad,533014,Bodhan,1882518,"I/C K.RAMAKANTH  WARD NO. 6, DHOBIGALLY, SHAKKAR NAGAR",6,2024,89,419,3,511,280,1367,3,1650,3115,8202,30,11347,1855,4788,30,6673,1260,3414,0,4674,0,0,0,0,0,100.0,1260,3414,0,4674
533,Nizamabad,533014,Bodhan,1882519,"I/C K.S. PADMAVATHI  WARD NO. 6, DHOBIGALLY, SHAKKAR NAGAR",6,2024,69,508,0,577,227,1721,0,1948,2415,10326,0,12741,0,2088,0,2088,2415,8238,0,10653,0,0,0,0,0,100.0,2415,8238,0,10653
533,Nizamabad,533014,Bodhan,1882520,"NASEREEN FATHIMA  WARD NO. 5, NEW CRISTAL TALKIES",6,2024,81,242,0,323,266,831,0,1097,2835,4986,0,7821,510,2924,0,3434,2325,2062,0,4387,0,0,0,0,0,100.0,2325,2062,0,4387
533,Nizamabad,533014,Bodhan,1882521,"MD. AHMED  WARD NO. 7, NEW SHAKKAR NAGAR, POST OFFICE",6,2024,44,390,0,434,140,1351,0,1491,1540,8106,0,9646,140,996,0,1136,1400,7110,0,8510,0,0,0,0,0,100.0,1400,7110,0,8510
533,Nizamabad,533014,Bodhan,1882522,"MD. MOHINUDDIN  WARD NO. 29, RENJAL BASE1-4-2582",6,2024,22,526,0,548,72,1905,0,1977,770,11430,0,12200,105,12,0,117,665,11418,0,12083,0,0,0,0,0,100.0,665,11418,0,12083
533,Nizamabad,533014,Bodhan,1882523,"MEER AIJAZ ALI  WARD NO. 3, BESIDE GOVT (G) HIGH SCHOOL, SHAKKAR NAGAR",6,2024,41,478,0,519,135,1892,0,2027,1435,11352,0,12787,385,5308,0,5693,1050,6044,0,7094,0,0,0,0,0,100.0,1050,6044,0,7094
533,Nizamabad,533014,Bodhan,1882561,"FARHEEN SULTHANA  WARD NO. 10, ANWAR ULOOM SCHOOL ROAD",6,2024,35,646,0,681,109,2497,0,2606,1225,14982,0,16207,1225,14700,0,15925,0,282,0,282,0,0,0,0,0,100.0,0,282,0,282
533,Nizamabad,533014,Bodhan,1882562,"B. YADAGIRI  WARD NO. 13, GOSAM BASTHI, RAKASIPET",6,2024,82,698,0,780,258,2193,0,2451,2870,13158,0,16028,0,2749,0,2749,2870,10409,0,13279,0,0,0,0,0,100.0,2870,10409,0,13279
533,Nizamabad,533014,Bodhan,1882563,"G. VIJAYA LAXMI  WARD NO. 32, SHARBATHI CANAL1-4-6",6,2024,48,408,1,457,156,1257,1,1414,1680,7542,10,9232,0,0,0,0,1680,7542,10,9232,0,0,0,0,0,100.0,1680,7542,10,9232
533,Nizamabad,533014,Bodhan,1882564,"K. NAVYA  WARD NO. 29, RENJAL BASE",6,2024,19,489,2,510,61,1492,2,1555,665,8952,20,9637,0,384,10,394,665,8568,10,9243,0,0,0,0,0,100.0,665,8568,10,9243
533,Nizamabad,533014,Bodhan,1882565,"P. UMA  WARD NO. 22, NEAR HEAD POST OFFICE",6,2024,53,480,0,533,156,1625,0,1781,1855,9750,0,11605,245,2946,0,3191,1610,6804,0,8414,0,0,0,0,0,100.0,1610,6804,0,8414
533,Nizamabad,533014,Bodhan,1882566,"SANAUDDIN  WARD NO. 25, RENJAL BASE, JALAL BOOKARY ROAD",6,2024,51,549,0,600,170,1989,0,2159,1785,11934,0,13719,0,0,0,0,1785,11934,0,13719,0,0,0,0,0,100.0,1785,11934,0,13719
533,Nizamabad,533014,Bodhan,1882567,"PUSHPALATHA  WARD NO. 19, MARKET ROAD, LBS NAGAR",6,2024,63,479,1,543,212,1836,1,2049,2205,11016,10,13231,175,2146,0,2321,2030,8870,10,10910,0,0,0,0,0,100.0,2030,8870,10,10910
533,Nizamabad,533014,Bodhan,1882568,"ANJUM SULTHANA  WARD NO. 7, NEW SHAKKAR NAGAR, POST OFFICE",6,2024,86,671,0,757,275,2635,0,2910,3010,15810,0,18820,675,472,0,1147,2335,15338,0,17673,0,0,0,0,0,100.0,2335,15338,0,17673
533,Nizamabad,533086,Mupkal,1886002,1805007  H. No.4-53  Mupkal,6,2024,22,542,0,564,58,1629,0,1687,770,9774,0,10544,0,0,0,0,770,9774,0,10544,0,0,0,0,0,100.0,770,9774,0,10544
533,Nizamabad,533086,Mupkal,1886003,"1805008  6-31, Opp. Mahila Mandali",6,2024,18,507,0,525,40,1597,0,1637,630,9582,0,10212,0,0,0,0,630,9582,0,10212,0,0,0,0,0,100.0,630,9582,0,10212
533,Nizamabad,533086,Mupkal,1886004,"1805009  H.No.2-47, Nallor",6,2024,20,580,0,600,43,1609,0,1652,700,9654,0,10354,0,564,0,564,700,9090,0,9790,0,0,0,0,0,100.0,700,9090,0,9790
533,Nizamabad,533086,Mupkal,1886005,"1805014  H.No.2-34, Kothapally",6,2024,28,675,0,703,64,1812,0,1876,980,10872,0,11852,0,336,0,336,980,10536,0,11516,0,0,0,0,0,100.0,980,10536,0,11516
533,Nizamabad,533086,Mupkal,1886006,"1805015  H.No.4-60, Nagampet",6,2024,12,459,0,471,36,1306,0,1342,420,7836,0,8256,35,684,0,719,385,7152,0,7537,0,0,0,0,0,100.0,385,7152,0,7537
533,Nizamabad,533086,Mupkal,1886007,"1805016  H.No.2-11, Vempally",6,2024,13,502,0,515,31,1419,0,1450,455,8514,0,8969,0,654,0,654,455,7860,0,8315,0,0,0,0,0,100.0,455,7860,0,8315
533,Nizamabad,533086,Mupkal,1886008,"1805017  H.No.6-19, Renjerla",6,2024,14,522,0,536,22,1548,0,1570,490,9288,0,9778,35,6,0,41,455,9282,0,9737,0,0,0,0,0,100.0,455,9282,0,9737
533,Nizamabad,533086,Mupkal,1886009,"1805018  H.No. 3-18,Renjarla",6,2024,10,543,0,553,21,1533,0,1554,350,9198,0,9548,0,6,0,6,350,9192,0,9542,0,0,0,0,0,100.0,350,9192,0,9542
533,Nizamabad,533086,Mupkal,1886010,"1805021  H.No.3-22/1A, Vencheriyal",6,2024,32,357,2,391,67,999,2,1068,1120,5994,20,7134,35,168,10,213,1085,5826,10,6921,0,0,0,0,0,100.0,1085,5826,10,6921
533,Nizamabad,533086,Mupkal,1886011,"1805040  H.No. 3-80,   Mupkal",6,2024,21,544,0,565,45,1672,0,1717,735,10032,0,10767,0,0,0,0,735,10032,0,10767,0,0,0,0,0,100.0,735,10032,0,10767
533,Nizamabad,533087,Mendora,1887002,"1805010  H.No.5-18/1, Bussapoor",6,2024,24,660,0,684,53,1820,0,1873,840,10920,0,11760,0,60,0,60,840,10860,0,11700,0,0,0,0,0,100.0,840,10860,0,11700
533,Nizamabad,533087,Mendora,1887003,"1805011  H.No.3-50+B14, Soanpet",6,2024,27,391,0,418,65,1113,0,1178,945,6678,0,7623,0,762,0,762,945,5916,0,6861,0,0,0,0,0,100.0,945,5916,0,6861
533,Nizamabad,533087,Mendora,1887004,"1805027  H.No.4-84, Chakiryal",6,2024,18,483,0,501,51,1288,0,1339,630,7728,0,8358,0,360,0,360,630,7368,0,7998,0,0,0,0,0,100.0,630,7368,0,7998
533,Nizamabad,533087,Mendora,1887005,"1805028  H.No.2-104/2, Velgatoor",6,2024,22,780,0,802,55,2365,0,2420,770,14190,0,14960,0,552,0,552,770,13638,0,14408,0,0,0,0,0,100.0,770,13638,0,14408
533,Nizamabad,533087,Mendora,1887006,"1805029  H.No.6-30/2, Mendora",6,2024,17,493,0,510,40,1350,0,1390,595,8100,0,8695,70,312,0,382,525,7788,0,8313,0,0,0,0,0,100.0,525,7788,0,8313
533,Nizamabad,533087,Mendora,1887007,"1805030  H.No.4-1, Mendora",6,2024,20,482,0,502,31,1404,0,1435,700,8424,0,9124,70,0,0,70,630,8424,0,9054,0,0,0,0,0,100.0,630,8424,0,9054
533,Nizamabad,533087,Mendora,1887008,"1805031  H.No.1-111, Savel",6,2024,30,691,0,721,78,1954,0,2032,1050,11724,0,12774,35,711,0,746,1015,11013,0,12028,0,0,0,0,0,100.0,1015,11013,0,12028
533,Nizamabad,533087,Mendora,1887009,"1805032  H.No.1-2/4, Kodicherla",6,2024,26,341,0,367,63,862,0,925,910,5172,0,6082,0,396,0,396,910,4776,0,5686,0,0,0,0,0,100.0,910,4776,0,5686
533,Nizamabad,533087,Mendora,1887010,"1805033  H.No.2-47/2, Doodgoan",6,2024,17,584,0,601,44,1525,0,1569,595,9150,0,9745,0,180,0,180,595,8970,0,9565,0,0,0,0,0,100.0,595,8970,0,9565
533,Nizamabad,533087,Mendora,1887011,"Shaik Umar Sherif  H.No5-119., Doodgaon",6,2024,21,293,0,314,46,919,0,965,735,5514,0,6249,0,0,0,0,735,5514,0,6249,0,0,0,0,0,100.0,735,5514,0,6249
533,Nizamabad,533087,Mendora,1887012,"1805035  H.No.Ct 329, SRSP, Pochampad",6,2024,12,257,0,269,33,832,0,865,420,4992,0,5412,105,3192,0,3297,315,1800,0,2115,0,0,0,0,0,100.0,315,1800,0,2115
533,Nizamabad,533087,Mendora,1887013,1805036  H.No.  4-26  Pochampad,6,2024,2,223,0,225,6,699,0,705,70,4194,0,4264,0,0,0,0,70,4194,0,4264,0,0,0,0,0,100.0,70,4194,0,4264
533,Nizamabad,533087,Mendora,1887014,"1805037  H.No.4-29, Pochampad",6,2024,13,223,0,236,31,720,0,751,455,4320,0,4775,35,132,0,167,420,4188,0,4608,0,0,0,0,0,100.0,420,4188,0,4608
533,Nizamabad,533087,Mendora,1887015,"1805038  H.No.4-32, Pochampad",6,2024,9,246,0,255,25,793,0,818,315,4758,0,5073,0,114,0,114,315,4644,0,4959,0,0,0,0,0,100.0,315,4644,0,4959
533,Nizamabad,533087,Mendora,1887016,"MD HARUN RASHID  MULGI NO.1, DOODGAON (V), BALKONDA",6,2024,11,402,0,413,30,1110,0,1140,385,6660,0,7045,35,642,0,677,350,6018,0,6368,0,0,0,0,0,100.0,350,6018,0,6368
533,Nizamabad,533088,Indalwai,1888002,R. Bala Sailu  H.No :- 1-83 Indalwai,6,2024,32,522,3,557,84,1814,3,1901,1120,10884,30,12034,0,0,20,20,1120,10884,10,12014,0,0,0,0,0,100.0,1120,10884,10,12014
533,Nizamabad,533088,Indalwai,1888003,Incharge R. Bala Sailu  H.No :- 1-83 Indalwai (Incharge),6,2024,57,546,2,605,141,1737,2,1880,1995,10422,20,12437,0,2292,0,2292,1995,8130,20,10145,0,0,0,0,0,100.0,1995,8130,20,10145
533,Nizamabad,533088,Indalwai,1888004,"Incharge M . Kashinatha Goud  H.No :- 2-70,Thirmanpally (Incharge)",6,2024,25,515,0,540,65,1617,0,1682,875,9702,0,10577,0,0,0,0,875,9702,0,10577,0,0,0,0,0,100.0,875,9702,0,10577
533,Nizamabad,533088,Indalwai,1888005,M . Kashinatha Goud  H.NO:- 2-121 Chandrtanpally,6,2024,29,395,0,424,74,1247,0,1321,1015,7482,0,8497,0,130,0,130,1015,7352,0,8367,0,0,0,0,0,100.0,1015,7352,0,8367
533,Nizamabad,533088,Indalwai,1888006,Ch .Lingam  H.NO :- 1-20 Mallapur,6,2024,22,317,6,345,48,947,6,1001,770,5682,60,6512,0,108,10,118,770,5574,50,6394,0,0,0,0,0,100.0,770,5574,50,6394
533,Nizamabad,533088,Indalwai,1888007,"D. Laxmi Narayana  H.No :-5-53, Gannaram",6,2024,40,452,1,493,99,1377,1,1477,1400,8262,10,9672,0,0,10,10,1400,8262,0,9662,0,0,0,0,0,100.0,1400,8262,0,9662
533,Nizamabad,533088,Indalwai,1888008,K. Venu Gopal Reddy  H.No :- 2-102 Gannaram,6,2024,30,471,0,501,72,1635,0,1707,1050,9810,0,10860,0,1956,0,1956,1050,7854,0,8904,0,0,0,0,0,100.0,1050,7854,0,8904
533,Nizamabad,533088,Indalwai,1888009,R. Vijaya Laxmi  H.NO:- 4-56 Gannaram,6,2024,45,444,0,489,130,1624,0,1754,1575,9744,0,11319,0,0,0,0,1575,9744,0,11319,0,0,0,0,0,100.0,1575,9744,0,11319
533,Nizamabad,533088,Indalwai,1888010,P. Vasanth Rao  H.NO:- 3-37 Threyambakpet,6,2024,15,248,0,263,47,841,0,888,525,5046,0,5571,11,235,0,246,514,4811,0,5325,0,0,0,0,0,100.0,514,4811,0,5325
533,Nizamabad,533088,Indalwai,1888011,B. Vasanth Rao  H.NO:- 6-102 Gannaram,6,2024,54,544,2,600,130,1705,2,1837,1890,10230,20,12140,0,660,10,670,1890,9570,10,11470,0,0,0,0,0,100.0,1890,9570,10,11470
533,Nizamabad,533088,Indalwai,1888012,"Incharge B. Vasanth Rao  H.NO.3-39, THIRMANPALLY (Incharge)",6,2024,17,398,0,415,58,1436,0,1494,595,8616,0,9211,0,522,0,522,595,8094,0,8689,0,0,0,0,0,100.0,595,8094,0,8689
533,Nizamabad,533088,Indalwai,1888013,"P. Gangadhar  H.No :- 1-12-83, Nallavally",6,2024,15,759,0,774,37,2181,0,2218,525,13086,0,13611,0,1236,0,1236,525,11850,0,12375,0,0,0,0,0,100.0,525,11850,0,12375
533,Nizamabad,533088,Indalwai,1888014,"V. Annapurna  H.No :- 2-31, Nallavally",6,2024,6,646,0,652,15,1897,0,1912,210,11382,0,11592,0,2100,0,2100,210,9282,0,9492,0,0,0,0,0,100.0,210,9282,0,9492
533,Nizamabad,533088,Indalwai,1888015,Shanaz Begum  H..NO :- 7-35,6,2024,2,484,0,486,3,1475,0,1478,70,8850,0,8920,0,486,0,486,70,8364,0,8434,0,0,0,0,0,100.0,70,8364,0,8434
533,Nizamabad,533088,Indalwai,1888016,k.Geetha  H..NO :- 4-481 Sirnapally,6,2024,6,510,1,517,18,1537,1,1556,210,9222,10,9442,0,474,0,474,210,8748,10,8968,0,0,0,0,0,100.0,210,8748,10,8968
533,Nizamabad,533088,Indalwai,1888017,L.Gopal  H.No :- 1-86/2 Donkal,6,2024,15,268,0,283,47,756,0,803,525,4536,0,5061,35,852,0,887,490,3684,0,4174,0,0,0,0,0,100.0,490,3684,0,4174
533,Nizamabad,533088,Indalwai,1888018,"M.Parusuram  H.NO: - 1-100/5 ,Gouraram",6,2024,20,510,0,530,58,1687,0,1745,700,10122,0,10822,0,468,0,468,700,9654,0,10354,0,0,0,0,0,100.0,700,9654,0,10354
533,Nizamabad,533088,Indalwai,1888019,"Lambani Chandhar  H.No :- 1-1, Vengalpahad",6,2024,17,168,0,185,68,770,0,838,595,4620,0,5215,0,18,0,18,595,4602,0,5197,0,0,0,0,0,100.0,595,4602,0,5197
533,Nizamabad,533088,Indalwai,1888020,G. Karuna  H.No :- 3-15/1 Lolam,6,2024,22,439,0,461,64,1149,0,1213,770,6894,0,7664,0,504,0,504,770,6390,0,7160,0,0,0,0,0,100.0,770,6390,0,7160
533,Nizamabad,533088,Indalwai,1888021,"T . Ramesh  H.NO: - 4-27 ,Ansanpally",6,2024,12,684,0,696,40,2074,0,2114,420,12444,0,12864,0,930,0,930,420,11514,0,11934,0,0,0,0,0,100.0,420,11514,0,11934
533,Nizamabad,533088,Indalwai,1888022,"T.  Gangaram  H.No :- 7-76/1, Yellareddypally",6,2024,32,319,0,351,87,908,0,995,1120,5448,0,6568,145,708,0,853,975,4740,0,5715,0,0,0,0,0,100.0,975,4740,0,5715
533,Nizamabad,533088,Indalwai,1888023,"MD. Haseena Begam  H.NO.5-136/, YELLAREDDYPALLY",6,2024,14,468,0,482,34,1303,0,1337,490,7818,0,8308,0,852,0,852,490,6966,0,7456,0,0,0,0,0,100.0,490,6966,0,7456
533,Nizamabad,533089,Mopal,1889001,"R. Srihari S/o Raghavulu  H.No.5-50, Borgaon (P)",6,2024,38,627,0,665,105,2093,0,2198,1330,12558,0,13888,0,4,0,4,1330,12554,0,13884,0,0,0,0,0,100.0,1330,12554,0,13884
533,Nizamabad,533089,Mopal,1889002,"Ch Sujatha  H.No.1-117/1, Borgaon (P)",6,2024,12,489,0,501,32,1636,0,1668,420,9816,0,10236,0,0,0,0,420,9816,0,10236,0,0,0,0,0,100.0,420,9816,0,10236
533,Nizamabad,533089,Mopal,1889003,"Sri P Santosh Kumar S/o P Pentaiah  H.No.8-64, Aryanagar Colony, Community Hall, Nizamabad (M & D)",6,2024,25,631,1,657,52,2244,1,2297,875,13464,10,14349,0,1590,10,1600,875,11874,0,12749,0,0,0,0,0,100.0,875,11874,0,12749
533,Nizamabad,533089,Mopal,1889004,"J Sumalatha  H.No.1-21, Mopal",6,2024,13,913,0,926,33,2840,0,2873,455,17040,0,17495,0,522,0,522,455,16518,0,16973,0,0,0,0,0,100.0,455,16518,0,16973
533,Nizamabad,533089,Mopal,1889005,"R Srihari  H.No.1-185, Thanakurd",6,2024,6,279,0,285,22,906,0,928,210,5436,0,5646,0,732,0,732,210,4704,0,4914,0,0,0,0,0,100.0,210,4704,0,4914
533,Nizamabad,533089,Mopal,1889006,"D. Devender S/o Ramulu  H.No. 1-6, Kanjar (V)",6,2024,19,967,0,986,46,3136,0,3182,665,18816,0,19481,0,1200,0,1200,665,17616,0,18281,0,0,0,0,0,100.0,665,17616,0,18281
533,Nizamabad,533089,Mopal,1889007,"SRI KORVA SAILU I/c  H.No.2-12, Kulaspur",6,2024,18,626,0,644,48,2260,0,2308,630,13560,0,14190,105,1890,0,1995,525,11670,0,12195,0,0,0,0,0,100.0,525,11670,0,12195
533,Nizamabad,533089,Mopal,1889008,"SRI KORVA SAILU  1-1-, KULAS PUR, NIZAMABAD",6,2024,21,640,0,661,60,2140,0,2200,735,12840,0,13575,0,0,0,0,735,12840,0,13575,0,0,0,0,0,100.0,735,12840,0,13575
533,Nizamabad,533089,Mopal,1889009,"A Raju  H.No.1-24, Manchippa",6,2024,58,871,0,929,145,2866,0,3011,2030,17196,0,19226,0,0,0,0,2030,17196,0,19226,0,0,0,0,0,100.0,2030,17196,0,19226
533,Nizamabad,533089,Mopal,1889010,"M. Ramesh S/o Venkanna  H.No. 6-41, Narsingpallyo",6,2024,12,719,0,731,36,2279,0,2315,420,13674,0,14094,0,0,0,0,420,13674,0,14094,0,0,0,0,0,100.0,420,13674,0,14094
533,Nizamabad,533089,Mopal,1889011,"Vasim Sulthana  H.No.3-81/5,Mudakpally",6,2024,28,659,0,687,64,1955,0,2019,980,11730,0,12710,175,3966,0,4141,805,7764,0,8569,0,0,0,0,0,100.0,805,7764,0,8569
533,Nizamabad,533089,Mopal,1889012,"Shanthabai  H.No.2-87, Mudakpally",6,2024,9,356,0,365,20,1271,0,1291,315,7626,0,7941,0,678,0,678,315,6948,0,7263,0,0,0,0,0,100.0,315,6948,0,7263
533,Nizamabad,533089,Mopal,1889013,"G Kalpana S/o Shiva Kalpole  H.No.1-43, Kalpole (V),",6,2024,10,249,0,259,22,875,0,897,350,5250,0,5600,0,966,0,966,350,4284,0,4634,0,0,0,0,0,100.0,350,4284,0,4634
533,Nizamabad,533089,Mopal,1889014,"M Somnath  H.No.1-34, Bhairapur",6,2024,16,242,0,258,62,830,0,892,560,4980,0,5540,0,42,0,42,560,4938,0,5498,0,0,0,0,0,100.0,560,4938,0,5498
533,Nizamabad,533089,Mopal,1889015,"Ladkubai  H.No1-55, Amrad",6,2024,21,530,0,551,87,1875,0,1962,735,11250,0,11985,70,2136,0,2206,665,9114,0,9779,0,0,0,0,0,100.0,665,9114,0,9779
533,Nizamabad,533089,Mopal,1889016,"D Bhoomaiah  H.No.2-64, Sirpur",6,2024,28,804,0,832,54,2307,0,2361,980,13842,0,14822,35,564,0,599,945,13278,0,14223,0,0,0,0,0,100.0,945,13278,0,14223
533,Nizamabad,533089,Mopal,1889017,"K Ashok Kumar  H.No.3-90, Nyalkal",6,2024,34,603,0,637,82,1831,0,1913,1190,10986,0,12176,0,2916,0,2916,1190,8070,0,9260,0,0,0,0,0,100.0,1190,8070,0,9260
533,Nizamabad,533089,Mopal,1889018,"A. Bhagya Laxmi W/o Vidya Sagar  H.No.2-83, Nyalkal",6,2024,39,456,0,495,96,1448,0,1544,1365,8688,0,10053,0,72,0,72,1365,8616,0,9981,0,0,0,0,0,100.0,1365,8616,0,9981
533,Nizamabad,533089,Mopal,1889019,"GV Gopal  H.No.5-121, Chinapur",6,2024,37,677,0,714,105,2086,0,2191,1295,12516,0,13811,0,870,0,870,1295,11646,0,12941,0,0,0,0,0,100.0,1295,11646,0,12941
533,Nizamabad,533089,Mopal,1889020,"1812098  H.No.1-55, Badsi (V)",6,2024,26,586,0,612,73,1866,0,1939,910,11196,0,12106,35,684,0,719,875,10512,0,11387,0,0,0,0,0,100.0,875,10512,0,11387
533,Nizamabad,533090,Nizamabad (North),1890001,i/c A. Balamani  11-1-71 APHB COLONY KANTESHWAR,6,2024,7,785,0,792,12,2619,0,2631,245,15714,0,15959,0,2954,0,2954,245,12760,0,13005,0,0,0,0,0,100.0,245,12760,0,13005
533,Nizamabad,533090,Nizamabad (North),1890002,A.BALAMANI  11-3-83 KANTESHWRA,6,2024,4,866,1,871,15,2972,1,2988,140,17832,10,17982,0,0,0,0,140,17832,10,17982,0,0,0,0,0,100.0,140,17832,10,17982
533,Nizamabad,533090,Nizamabad (North),1890003,I/C M SHOBHA RANI  11-2-161 KANTESHWAR,6,2024,6,639,1,646,20,2068,1,2089,210,12408,10,12628,0,18,10,28,210,12390,0,12600,0,0,0,0,0,100.0,210,12390,0,12600
533,Nizamabad,533090,Nizamabad (North),1890004,M. Shobha Rani W/o Shyam Kumar  11-2-161 KANTESHWAR,6,2024,3,615,0,618,5,2128,0,2133,105,12768,0,12873,0,0,0,0,105,12768,0,12873,0,0,0,0,0,100.0,105,12768,0,12873
533,Nizamabad,533090,Nizamabad (North),1890005,K. Prakash S/oVenkat Narsimlu  5-10-877/1 YELLAMMA GUTTA,6,2024,5,684,0,689,13,2409,0,2422,175,14454,0,14629,0,0,0,0,175,14454,0,14629,0,0,0,0,0,100.0,175,14454,0,14629
533,Nizamabad,533090,Nizamabad (North),1890006,i/c N.Padhmavathi  5-10-275 YELLAMA GUTTA,6,2024,9,814,0,823,13,2756,0,2769,315,16536,0,16851,0,2394,0,2394,315,14142,0,14457,0,0,0,0,0,100.0,315,14142,0,14457
533,Nizamabad,533090,Nizamabad (North),1890007,( I/c ) K. Sai Krishna  5-4-167 DWARAKA NAGAR,6,2024,0,65,0,65,0,250,0,250,0,1500,0,1500,0,0,0,0,0,1500,0,1500,0,0,0,0,0,100.0,0,1500,0,1500
533,Nizamabad,533090,Nizamabad (North),1890008,K. Sai Krishna  5-4-167 DWARAKA NAGAR,6,2024,3,635,0,638,5,2014,0,2019,105,12084,0,12189,0,0,0,0,105,12084,0,12189,0,0,0,0,0,100.0,105,12084,0,12189
533,Nizamabad,533090,Nizamabad (North),1890009,P. Sharadha W/o Neelaiah  5-5-126  POCHAMMA GALLI,6,2024,4,679,5,688,6,2328,5,2339,140,13968,50,14158,0,6,10,16,140,13962,40,14142,0,0,0,0,0,100.0,140,13962,40,14142
533,Nizamabad,533090,Nizamabad (North),1890010,I/C P.Ramadevi  7-2-27 GOSHALA,6,2024,5,372,0,377,13,1252,0,1265,175,7512,0,7687,0,0,0,0,175,7512,0,7687,0,0,0,0,0,100.0,175,7512,0,7687
533,Nizamabad,533090,Nizamabad (North),1890011,M. Veerender S/o Gangayya  7-2-27 GOSHALA,6,2024,7,637,0,644,9,2272,0,2281,245,13632,0,13877,0,0,0,0,245,13632,0,13877,0,0,0,0,0,100.0,245,13632,0,13877
533,Nizamabad,533090,Nizamabad (North),1890012,Vallabh Sarda S/o Sukhdev Sarda  7-2-154 MARWADI GALLY,6,2024,10,543,0,553,12,1906,0,1918,350,11436,0,11786,0,0,0,0,350,11436,0,11786,0,0,0,0,0,100.0,350,11436,0,11786
533,Nizamabad,533090,Nizamabad (North),1890013,i/c K.Sambayya  7-1-327 MIRCHCOMPOUND,6,2024,5,431,0,436,5,1400,0,1405,175,8400,0,8575,0,0,0,0,175,8400,0,8575,0,0,0,0,0,100.0,175,8400,0,8575
533,Nizamabad,533090,Nizamabad (North),1890014,R. Shekar S/o Rajanna  7-10-89 BODHAN ROAD MIRCHI COMPOUND,6,2024,3,864,0,867,8,3484,0,3492,105,20904,0,21009,0,0,0,0,105,20904,0,21009,0,0,0,0,0,100.0,105,20904,0,21009
533,Nizamabad,533090,Nizamabad (North),1890015,L. Kalavathi D/o Rajaram  7-14-714 KHOJA COLONY,6,2024,3,1144,0,1147,10,4324,0,4334,105,25944,0,26049,0,10776,0,10776,105,15168,0,15273,0,0,0,0,0,100.0,105,15168,0,15273
533,Nizamabad,533090,Nizamabad (North),1890016,K. Sambaiah S/o Vittal  12-1-13 ARSAPALLY,6,2024,16,1424,0,1440,35,4915,0,4950,560,29490,0,30050,0,0,0,0,560,29490,0,30050,0,0,0,0,0,100.0,560,29490,0,30050
533,Nizamabad,533090,Nizamabad (North),1890017,"G, Durga Bai W/o Kishan  NIZAM COLONY ARSAPALLY ROAD",6,2024,5,939,0,944,12,3586,0,3598,175,21516,0,21691,0,3756,0,3756,175,17760,0,17935,0,0,0,0,0,100.0,175,17760,0,17935
533,Nizamabad,533090,Nizamabad (North),1890018,P.Ramadevi  6-25-305 GURBABADI ROAD,6,2024,3,478,0,481,4,1593,0,1597,105,9558,0,9663,0,165,0,165,105,9393,0,9498,0,0,0,0,0,100.0,105,9393,0,9498
533,Nizamabad,533090,Nizamabad (North),1890019,Ch. Anuradha W/o Naga Bhushanam  6-9-96 NAMDEVWADA,6,2024,5,901,0,906,8,2986,0,2994,175,17916,0,18091,0,1,0,1,175,17915,0,18090,0,0,0,0,0,100.0,175,17915,0,18090
533,Nizamabad,533090,Nizamabad (North),1890020,Vijaya Ram Prasad D/o Ram Prasad  6-13-12 NAMDEVWADA,6,2024,3,539,0,542,7,1959,0,1966,105,11754,0,11859,0,0,0,0,105,11754,0,11859,0,0,0,0,0,100.0,105,11754,0,11859
533,Nizamabad,533090,Nizamabad (North),1890021,P. Divya D/o Ganga Kishan  6-14-83  NAMDEVWADA,6,2024,6,589,0,595,13,1907,0,1920,210,11442,0,11652,0,0,0,0,210,11442,0,11652,0,0,0,0,0,100.0,210,11442,0,11652
533,Nizamabad,533090,Nizamabad (North),1890022,K RAJAMALLU  6-15-37 GURBABADI ROAD,6,2024,10,796,2,808,19,2638,2,2659,350,15828,20,16198,0,22,10,32,350,15806,10,16166,0,0,0,0,0,100.0,350,15806,10,16166
533,Nizamabad,533090,Nizamabad (North),1890023,I/C M. PADMAVATHI  6-18-97/2 DUBBA,6,2024,1,322,0,323,1,1026,0,1027,35,6156,0,6191,0,0,0,0,35,6156,0,6191,0,0,0,0,0,100.0,35,6156,0,6191
533,Nizamabad,533090,Nizamabad (North),1890024,I/C P.Divya  6-15-37/A GURBABADI ROAD,6,2024,3,784,1,788,6,2548,1,2555,105,15288,10,15403,0,0,10,10,105,15288,0,15393,0,0,0,0,0,100.0,105,15288,0,15393
533,Nizamabad,533090,Nizamabad (North),1890025,I/c G.Kamala  6--8-81 DUBBA,6,2024,4,621,0,625,7,2003,0,2010,140,12018,0,12158,0,1074,0,1074,140,10944,0,11084,0,0,0,0,0,100.0,140,10944,0,11084
533,Nizamabad,533090,Nizamabad (North),1890026,J.Srikanth  6-19-33 DUBBA,6,2024,3,638,0,641,6,2226,0,2232,105,13356,0,13461,0,6,0,6,105,13350,0,13455,0,0,0,0,0,100.0,105,13350,0,13455
533,Nizamabad,533090,Nizamabad (North),1890027,Smt G.Kamala  6-22-407 DUBBA,6,2024,6,718,0,724,17,2308,0,2325,210,13848,0,14058,0,384,0,384,210,13464,0,13674,0,0,0,0,0,100.0,210,13464,0,13674
533,Nizamabad,533090,Nizamabad (North),1890028,I/C SHIVA KUMAR  6-24-47 LABOUR COLONY,6,2024,12,662,0,674,24,2301,0,2325,420,13806,0,14226,0,0,0,0,420,13806,0,14226,0,0,0,0,0,100.0,420,13806,0,14226
533,Nizamabad,533090,Nizamabad (North),1890029,K RAJAMALLU  6-23-300/97 GOUTHAMNAGAR,6,2024,4,559,2,565,15,1891,2,1908,140,11346,20,11506,0,21,0,21,140,11325,20,11485,0,0,0,0,0,100.0,140,11325,20,11485
533,Nizamabad,533090,Nizamabad (North),1890030,I/C K. BAYAMMA  6-23-822 GOUTHAM NAGAR,6,2024,4,954,0,958,4,3306,0,3310,140,19836,0,19976,35,0,0,35,105,19836,0,19941,0,0,0,0,0,100.0,105,19836,0,19941
533,Nizamabad,533090,Nizamabad (North),1890031,P. Gangamani W/o Narender  6-18-66 NGOS COLONY,6,2024,8,689,0,697,16,2437,0,2453,280,14622,0,14902,0,0,0,0,280,14622,0,14902,0,0,0,0,0,100.0,280,14622,0,14902
533,Nizamabad,533090,Nizamabad (North),1890032,M.PADMAVATHI  6-8-97/2 ADARSHNAGAR,6,2024,8,1040,0,1048,21,3571,0,3592,280,21426,0,21706,0,0,0,0,280,21426,0,21706,0,0,0,0,0,100.0,280,21426,0,21706
533,Nizamabad,533090,Nizamabad (North),1890033,J. Chitra Rekha W/o Vidya Sagar  6-8-54 HAMALWADI,6,2024,10,951,0,961,11,3188,0,3199,350,19128,0,19478,0,168,0,168,350,18960,0,19310,0,0,0,0,0,100.0,350,18960,0,19310
533,Nizamabad,533090,Nizamabad (North),1890034,Shiva Kumar S/o Ramwallbjio  6-5-27 HAMAL WADI,6,2024,14,813,0,827,29,2749,0,2778,490,16494,0,16984,0,0,0,0,490,16494,0,16984,0,0,0,0,0,100.0,490,16494,0,16984
533,Nizamabad,533090,Nizamabad (North),1890035,K. Bhayamma W/o T.V. Prabhakar  11-1-471 CHENDRA SHEKAR COLONY,6,2024,3,843,0,846,6,2925,0,2931,105,17550,0,17655,0,6,0,6,105,17544,0,17649,0,0,0,0,0,100.0,105,17544,0,17649
533,Nizamabad,533090,Nizamabad (North),1890036,I/C Hima Bindu  5-11-186 YELLAMMA GUTTA,6,2024,7,605,0,612,18,2104,0,2122,245,12624,0,12869,0,1588,0,1588,245,11036,0,11281,0,0,0,0,0,100.0,245,11036,0,11281
533,Nizamabad,533090,Nizamabad (North),1890037,B. Laxmi  6-13-32 NAMDEVWADA,6,2024,3,614,0,617,5,2057,0,2062,105,12342,0,12447,0,2,0,2,105,12340,0,12445,0,0,0,0,0,100.0,105,12340,0,12445
533,Nizamabad,533090,Nizamabad (North),1890038,N. Padmavathi W/o Sudarshan  1-12-68/1 VINAYAKNAGAR,6,2024,5,1047,0,1052,10,3555,0,3565,175,21330,0,21505,70,882,0,952,105,20448,0,20553,0,0,0,0,0,100.0,105,20448,0,20553
533,Nizamabad,533090,Nizamabad (North),1890039,M. Bala Rajaiah S/o Rajesham  1-2-113/1PHULANG,6,2024,8,764,0,772,15,3031,0,3046,280,18186,0,18466,35,0,0,35,245,18186,0,18431,0,0,0,0,0,100.0,245,18186,0,18431
533,Nizamabad,533090,Nizamabad (North),1890040,I/C VALLABH SARDA  7-2-154 MARWADI GALLY,6,2024,5,558,0,563,13,2340,0,2353,175,14040,0,14215,0,0,0,0,175,14040,0,14215,0,0,0,0,0,100.0,175,14040,0,14215
533,Nizamabad,533090,Nizamabad (North),1890041,Mahankali Narsimlu  9-20-104/2MALAPALLY,6,2024,3,786,0,789,4,3135,0,3139,105,18810,0,18915,0,0,0,0,105,18810,0,18915,0,0,0,0,0,100.0,105,18810,0,18915
533,Nizamabad,533090,Nizamabad (North),1890042,I/C P. VENKATA LAXMI  1-4-132 JANDA GALLI,6,2024,7,547,0,554,8,1765,0,1773,245,10590,0,10835,0,0,0,0,245,10590,0,10835,0,0,0,0,0,100.0,245,10590,0,10835
533,Nizamabad,533090,Nizamabad (North),1890043,Imran Begum W/o Qamar Khan  9-20-251 MALAPALLY,6,2024,9,1819,0,1828,22,7632,0,7654,315,45792,0,46107,0,0,0,0,315,45792,0,46107,0,0,0,0,0,100.0,315,45792,0,46107
533,Nizamabad,533091,Nizamabad (Rural),1891021,M. Thirumala  H.No;3-28  Madavanagar Nizamabad (M &D ),6,2024,28,711,0,739,84,2385,0,2469,980,14310,0,15290,0,0,0,0,980,14310,0,15290,0,0,0,0,0,100.0,980,14310,0,15290
533,Nizamabad,533091,Nizamabad (Rural),1891022,Pasunuri Ravikanth  H.No; Goopanpally Nizamabad (M &D ),6,2024,31,704,0,735,83,2311,0,2394,1085,13866,0,14951,0,390,0,390,1085,13476,0,14561,0,0,0,0,0,100.0,1085,13476,0,14561
533,Nizamabad,533091,Nizamabad (Rural),1891023,Sridevi W/o Late Shiva Kumar  H.No;1-72/3 Mubarakanagae Nizamabad (M &D ),6,2024,12,483,0,495,30,1635,0,1665,420,9810,0,10230,0,0,0,0,420,9810,0,10230,0,0,0,0,0,100.0,420,9810,0,10230
533,Nizamabad,533091,Nizamabad (Rural),1891024,"N Ramesh S/o N Gangaram  H.No.2-19, Mubaraknagar (V), Nizamabad (M &D )",6,2024,18,568,0,586,46,1834,0,1880,630,11004,0,11634,0,0,0,0,630,11004,0,11634,0,0,0,0,0,100.0,630,11004,0,11634
533,Nizamabad,533091,Nizamabad (Rural),1891025,K Bhagya Laxmi  H.No;5-10 Khanapur Nizamabad (M &D ),6,2024,17,640,0,657,36,2087,0,2123,595,12522,0,13117,0,2406,0,2406,595,10116,0,10711,0,0,0,0,0,100.0,595,10116,0,10711
533,Nizamabad,533091,Nizamabad (Rural),1891026,"I/C K Bhagya Laxmi  H.No;10-9, BHAGYANAGAR, KHANAPUR, NIZAMABAD",6,2024,0,622,0,622,0,2141,0,2141,0,12846,0,12846,0,0,0,0,0,12846,0,12846,0,0,0,0,0,100.0,0,12846,0,12846
533,Nizamabad,533091,Nizamabad (Rural),1891027,K. Gangadhar S/o Gangaram  H.No3-82/2 Kaloor Nizamabad (M &D ),6,2024,63,673,0,736,195,2060,0,2255,2205,12360,0,14565,0,642,0,642,2205,11718,0,13923,0,0,0,0,0,100.0,2205,11718,0,13923
533,Nizamabad,533091,Nizamabad (Rural),1891028,"K. Shoba  H.No:-2-98/27,Kundur Nizamabad (M &D )",6,2024,35,516,0,551,73,1574,0,1647,1225,9444,0,10669,0,1140,0,1140,1225,8304,0,9529,0,0,0,0,0,100.0,1225,8304,0,9529
533,Nizamabad,533091,Nizamabad (Rural),1891029,Anil Kumar  H.No:-1-85/2 Thirmapally Nizamabad (M &D ),6,2024,12,607,0,619,23,1844,0,1867,420,11064,0,11484,35,2112,0,2147,385,8952,0,9337,0,0,0,0,0,100.0,385,8952,0,9337
533,Nizamabad,533091,Nizamabad (Rural),1891030,M. Rajya Laxmi W/o Suresh  H.No:-1-96 palda Nizamabad (M &D ),6,2024,5,597,0,602,11,1750,0,1761,175,10500,0,10675,0,1206,0,1206,175,9294,0,9469,0,0,0,0,0,100.0,175,9294,0,9469
533,Nizamabad,533091,Nizamabad (Rural),1891031,Vanaja W/o Laxman  H.No:-6-20-145 jalapur Nizamabad (M &D ),6,2024,23,336,0,359,55,965,0,1020,805,5790,0,6595,0,840,0,840,805,4950,0,5755,0,0,0,0,0,100.0,805,4950,0,5755
533,Nizamabad,533091,Nizamabad (Rural),1891032,R. Ganga Kishan  H.No:-2-27  Malkapur Nizamabad (M &D ),6,2024,45,450,0,495,107,1350,0,1457,1575,8100,0,9675,35,1200,0,1235,1540,6900,0,8440,0,0,0,0,0,100.0,1540,6900,0,8440
533,Nizamabad,533091,Nizamabad (Rural),1891033,"A. Gopal S/o Gangaram  H.No;3-97/1 Gundaram, Nizamabad(M&D)",6,2024,24,498,0,522,39,1411,0,1450,840,8466,0,9306,0,6,0,6,840,8460,0,9300,0,0,0,0,0,100.0,840,8460,0,9300
533,Nizamabad,533091,Nizamabad (Rural),1891034,"SMT A SAVITHA  H.No:3-55, GUNDARAM(V), NIZAMABAD",6,2024,19,659,0,678,40,1965,0,2005,665,11790,0,12455,0,4356,0,4356,665,7434,0,8099,0,0,0,0,0,100.0,665,7434,0,8099
533,Nizamabad,533091,Nizamabad (Rural),1891035,O. Srinivas  H.No:8-12/37New 8-103/A Ramnagar Gundaram Nizamabad (M &D ),6,2024,25,492,0,517,66,1714,0,1780,875,10284,0,11159,0,0,0,0,875,10284,0,11159,0,0,0,0,0,100.0,875,10284,0,11159
533,Nizamabad,533091,Nizamabad (Rural),1891036,S. Kalpavathi D/o Bhaskar Rao  H.No:-2-13/4 Sarangapur Nizamabad (M &D ),6,2024,18,782,0,800,53,2592,0,2645,630,15552,0,16182,35,24,0,59,595,15528,0,16123,0,0,0,0,0,100.0,595,15528,0,16123
533,Nizamabad,533091,Nizamabad (Rural),1891037,Pushpalatha  H.No:2-87 Mallaram-I Nizamabad (M &D ),6,2024,15,623,0,638,37,1910,0,1947,525,11460,0,11985,0,1224,0,1224,525,10236,0,10761,0,0,0,0,0,100.0,525,10236,0,10761
533,Nizamabad,533091,Nizamabad (Rural),1891038,"Sri Etikala Venkatesh S/o Etikala Dasu  H.No.5-73/1, Mallaram-II   (V), Nizamabad (M&D)",6,2024,4,471,0,475,18,1763,0,1781,140,10578,0,10718,0,1470,0,1470,140,9108,0,9248,0,0,0,0,0,100.0,140,9108,0,9248
533,Nizamabad,533091,Nizamabad (Rural),1891039,Maru W/o Prem Das  H.No:5-11 Malkapur (T) Nizamabad (M &D ),6,2024,39,449,0,488,142,1684,0,1826,1365,10104,0,11469,70,876,0,946,1295,9228,0,10523,0,0,0,0,0,100.0,1295,9228,0,10523
533,Nizamabad,533091,Nizamabad (Rural),1891040,S. Narayana Goud S/o Chandra Goud  H.No:3-79 Malkapur (J)   Nizamabad (M &D,6,2024,21,595,0,616,55,1724,0,1779,735,10344,0,11079,0,672,0,672,735,9672,0,10407,0,0,0,0,0,100.0,735,9672,0,10407
533,Nizamabad,533091,Nizamabad (Rural),1891041,Bantu Manoj Raj S/o Laxmi Narayana  H.No:1-103 Muthakunta Nizamabad (M &D ),6,2024,14,324,0,338,27,1005,0,1032,490,6030,0,6520,0,1236,0,1236,490,4794,0,5284,0,0,0,0,0,100.0,490,4794,0,5284
533,Nizamabad,533091,Nizamabad (Rural),1891042,I/C Devadanam  H.No:Keshapur Nizamabad (M &D ),6,2024,34,152,0,186,91,489,0,580,1190,2934,0,4124,70,144,0,214,1120,2790,0,3910,0,0,0,0,0,100.0,1120,2790,0,3910
533,Nizamabad,533091,Nizamabad (Rural),1891043,Ch.Harikrishna  H.No:1-142 Dharamaram(M) Nizamabad (M &D ),6,2024,37,388,0,425,107,1312,0,1419,1295,7872,0,9167,105,462,0,567,1190,7410,0,8600,0,0,0,0,0,100.0,1190,7410,0,8600
533,Nizamabad,533092,Rudrur,1892002,"M.K.Shanker  H.No. 1-72/1,  Siddapur",6,2024,35,98,1,134,115,286,1,402,1225,1716,10,2951,99,96,0,195,1126,1620,10,2756,0,0,0,0,0,100.0,1126,1620,10,2756
533,Nizamabad,533092,Rudrur,1892003,"P.Ramulur  H.No.2-22,Raikur",6,2024,45,377,0,422,131,1287,0,1418,1575,7722,0,9297,210,1159,0,1369,1365,6563,0,7928,0,0,0,0,0,100.0,1365,6563,0,7928
533,Nizamabad,533092,Rudrur,1892004,"P.Ramulu  Old Mahila Mandali , Raikur Camp",6,2024,25,126,0,151,75,375,0,450,875,2250,0,3125,0,82,0,82,875,2168,0,3043,0,0,0,0,0,100.0,875,2168,0,3043
533,Nizamabad,533092,Rudrur,1892005,"T Srinivas  H.No. 1-98, Ranampally",6,2024,37,202,0,239,113,735,0,848,1295,4410,0,5705,45,216,0,261,1250,4194,0,5444,0,0,0,0,0,100.0,1250,4194,0,5444
533,Nizamabad,533092,Rudrur,1892006,"Ahmed Hussain  2-76, Suleman Nagar",6,2024,65,480,2,547,185,2321,2,2508,2275,13926,20,16221,0,1560,10,1570,2275,12366,10,14651,0,0,0,0,0,100.0,2275,12366,10,14651
533,Nizamabad,533092,Rudrur,1892007,"Ahmed Hussain  2-35,Chikkatpally",6,2024,52,248,3,303,153,708,3,864,1820,4248,30,6098,0,0,10,10,1820,4248,20,6088,0,0,0,0,0,100.0,1820,4248,20,6088
533,Nizamabad,533092,Rudrur,1892008,"1820020  2-70/1, Boppapur",6,2024,24,301,0,325,65,944,0,1009,840,5664,0,6504,0,1482,0,1482,840,4182,0,5022,0,0,0,0,0,100.0,840,4182,0,5022
533,Nizamabad,533092,Rudrur,1892009,"1820023  10-4,Ambam",6,2024,45,574,0,619,135,1575,0,1710,1575,9450,0,11025,204,1619,0,1823,1371,7831,0,9202,0,0,0,0,0,100.0,1371,7831,0,9202
533,Nizamabad,533092,Rudrur,1892010,"1820024  2-59/2, Akbar Nagar",6,2024,47,369,0,416,132,1149,0,1281,1645,6894,0,8539,0,816,0,816,1645,6078,0,7723,0,0,0,0,0,100.0,1645,6078,0,7723
533,Nizamabad,533092,Rudrur,1892011,"1820025  5-95 ,Rudrur",6,2024,40,572,1,613,116,1797,1,1914,1400,10782,10,12192,0,264,10,274,1400,10518,0,11918,0,0,0,0,0,100.0,1400,10518,0,11918
533,Nizamabad,533092,Rudrur,1892012,"1820026  H.No. 1-88, Rudrur",6,2024,31,560,0,591,94,1942,0,2036,1085,11652,0,12737,0,426,0,426,1085,11226,0,12311,0,0,0,0,0,100.0,1085,11226,0,12311
533,Nizamabad,533092,Rudrur,1892013,"T Srinivas  5-78,Rudrur",6,2024,36,586,0,622,102,1785,0,1887,1260,10710,0,11970,105,2256,0,2361,1155,8454,0,9609,0,0,0,0,0,100.0,1155,8454,0,9609
533,Nizamabad,533092,Rudrur,1892014,"Abdul Raheem  12-100/1,Weekly market ,Rudrur .",6,2024,92,566,0,658,295,1921,0,2216,3220,11526,0,14746,0,0,0,0,3220,11526,0,14746,0,0,0,0,0,100.0,3220,11526,0,14746
533,Nizamabad,533093,yergatla,1893002,1806014  Domchanda,6,2024,21,436,0,457,62,1369,0,1431,735,8214,0,8949,0,0,0,0,735,8214,0,8949,0,0,0,0,0,100.0,735,8214,0,8949
533,Nizamabad,533093,yergatla,1893003,1806013  Gummirayl,6,2024,9,424,0,433,18,1308,0,1326,315,7848,0,8163,0,594,0,594,315,7254,0,7569,0,0,0,0,0,100.0,315,7254,0,7569
533,Nizamabad,533093,yergatla,1893004,1806015  Tadpakal,6,2024,11,514,0,525,34,1489,0,1523,385,8934,0,9319,0,738,0,738,385,8196,0,8581,0,0,0,0,0,100.0,385,8196,0,8581
533,Nizamabad,533093,yergatla,1893005,1806022  Battapoor,6,2024,9,427,0,436,19,1239,0,1258,315,7434,0,7749,0,234,0,234,315,7200,0,7515,0,0,0,0,0,100.0,315,7200,0,7515
533,Nizamabad,533093,yergatla,1893006,1806023  Yergatla-1,6,2024,10,466,0,476,29,1387,0,1416,350,8322,0,8672,0,520,0,520,350,7802,0,8152,0,0,0,0,0,100.0,350,7802,0,8152
533,Nizamabad,533093,yergatla,1893007,1806024  Yergatla-2,6,2024,21,455,0,476,39,1272,0,1311,735,7632,0,8367,0,0,0,0,735,7632,0,8367,0,0,0,0,0,100.0,735,7632,0,8367
533,Nizamabad,533093,yergatla,1893008,1806025  Yergatla-3,6,2024,12,464,1,477,23,1493,1,1517,420,8958,10,9388,0,1980,10,1990,420,6978,0,7398,0,0,0,0,0,100.0,420,6978,0,7398
533,Nizamabad,533093,yergatla,1893009,1806028  Thorthi,6,2024,23,553,0,576,59,1585,0,1644,805,9510,0,10315,0,694,0,694,805,8816,0,9621,0,0,0,0,0,100.0,805,8816,0,9621
533,Nizamabad,533093,yergatla,1893010,1806029  Tallarampor,6,2024,16,364,0,380,53,1025,0,1078,560,6150,0,6710,0,312,0,312,560,5838,0,6398,0,0,0,0,0,100.0,560,5838,0,6398
533,Nizamabad,533093,yergatla,1893011,B SRINIVAS  Tallarampoor,6,2024,24,358,0,382,70,1094,0,1164,840,6564,0,7404,70,711,0,781,770,5853,0,6623,0,0,0,0,0,100.0,770,5853,0,6623
533,Nizamabad,533093,yergatla,1893012,"Smt. Chinthala Manaswini alias Godisela Rasagna  H.No. 5-89, Nagendra nagar",6,2024,13,175,0,188,32,545,0,577,455,3270,0,3725,0,36,0,36,455,3234,0,3689,0,0,0,0,0,100.0,455,3234,0,3689
534,Karimnagar,534027,GANGADHARA,2027501,V Ramya  Gangadhara,6,2024,26,427,0,453,80,1206,0,1286,910,7236,0,8146,17,870,0,887,893,6366,0,7259,0,0,0,0,0,100.0,893,6366,0,7259
534,Karimnagar,534027,GANGADHARA,2027502,G Rajamani  Mangapeta,6,2024,44,348,0,392,100,1081,0,1181,1540,6486,0,8026,0,898,0,898,1540,5588,0,7128,0,0,0,0,0,100.0,1540,5588,0,7128
534,Karimnagar,534027,GANGADHARA,2027503,Bolladi Lingareddy  Laxmidevipally,6,2024,12,498,0,510,29,1388,0,1417,420,8328,0,8748,0,1110,0,1110,420,7218,0,7638,0,0,0,0,0,100.0,420,7218,0,7638
534,Karimnagar,534027,GANGADHARA,2027504,Chatla Vijetha  Gangadhara,6,2024,25,548,0,573,69,1551,0,1620,875,9306,0,10181,0,1464,0,1464,875,7842,0,8717,0,0,0,0,0,100.0,875,7842,0,8717
534,Karimnagar,534027,GANGADHARA,2027505,R Neeraja  Narayanapur,6,2024,26,520,0,546,63,1449,0,1512,910,8694,0,9604,35,1500,0,1535,875,7194,0,8069,0,0,0,0,0,100.0,875,7194,0,8069
534,Karimnagar,534027,GANGADHARA,2027506,Gaddam Saroja  Burugupally,6,2024,35,452,0,487,97,1295,0,1392,1225,7770,0,8995,140,54,0,194,1085,7716,0,8801,0,0,0,0,0,100.0,1085,7716,0,8801
534,Karimnagar,534027,GANGADHARA,2027507,D Balaiah  Burugupally,6,2024,38,409,0,447,110,1196,0,1306,1330,7176,0,8506,0,1302,0,1302,1330,5874,0,7204,0,0,0,0,0,100.0,1330,5874,0,7204
534,Karimnagar,534027,GANGADHARA,2027508,Kanukam Manemma  NARSIMHULAPALLY,6,2024,7,241,0,248,21,674,0,695,245,4044,0,4289,35,492,0,527,210,3552,0,3762,0,0,0,0,0,100.0,210,3552,0,3762
534,Karimnagar,534027,GANGADHARA,2027509,Kanukam Manemma  Sarvareddipally,6,2024,17,323,0,340,63,917,0,980,595,5502,0,6097,105,486,0,591,490,5016,0,5506,0,0,0,0,0,100.0,490,5016,0,5506
534,Karimnagar,534027,GANGADHARA,2027510,MYLGANI RAMULU  Kondaipally,6,2024,17,332,0,349,41,987,0,1028,595,5922,0,6517,175,678,0,853,420,5244,0,5664,0,0,0,0,0,100.0,420,5244,0,5664
534,Karimnagar,534027,GANGADHARA,2027511,Bhurugu Mallesham  Cherlapally H/o.Ryalapally,6,2024,10,200,0,210,24,585,0,609,350,3510,0,3860,105,756,0,861,245,2754,0,2999,0,0,0,0,0,100.0,245,2754,0,2999
534,Karimnagar,534027,GANGADHARA,2027512,Dindugala Nampally  Ryalapally,6,2024,14,388,0,402,31,1092,0,1123,490,6552,0,7042,0,762,0,762,490,5790,0,6280,0,0,0,0,0,100.0,490,5790,0,6280
534,Karimnagar,534027,GANGADHARA,2027513,J Rajesham  Kachireddipally,6,2024,29,389,0,418,83,1099,0,1182,1015,6594,0,7609,140,1080,0,1220,875,5514,0,6389,0,0,0,0,0,100.0,875,5514,0,6389
534,Karimnagar,534027,GANGADHARA,2027514,K Nagalaxmi  Venkataipally,6,2024,12,394,0,406,25,1100,0,1125,420,6600,0,7020,35,1164,0,1199,385,5436,0,5821,0,0,0,0,0,100.0,385,5436,0,5821
534,Karimnagar,534027,GANGADHARA,2027515,B Ashalu  Mallapur,6,2024,21,482,0,503,62,1361,0,1423,735,8166,0,8901,0,2028,0,2028,735,6138,0,6873,0,0,0,0,0,100.0,735,6138,0,6873
534,Karimnagar,534027,GANGADHARA,2027516,Eladasari Vimala  Kurikial,6,2024,44,762,0,806,118,2178,0,2296,1540,13068,0,14608,35,2010,0,2045,1505,11058,0,12563,0,0,0,0,0,100.0,1505,11058,0,12563
534,Karimnagar,534027,GANGADHARA,2027517,Domakonda padma  UPPARAMALLIAL,6,2024,31,525,0,556,85,1489,0,1574,1085,8934,0,10019,35,1554,0,1589,1050,7380,0,8430,0,0,0,0,0,100.0,1050,7380,0,8430
534,Karimnagar,534027,GANGADHARA,2027518,Parlapelli Sunanda  Upperamallial,6,2024,27,547,0,574,82,1574,0,1656,945,9444,0,10389,70,1548,0,1618,875,7896,0,8771,0,0,0,0,0,100.0,875,7896,0,8771
534,Karimnagar,534027,GANGADHARA,2027519,Domakonda padma  Thadijerry,6,2024,14,382,0,396,29,1089,0,1118,490,6534,0,7024,70,1104,0,1174,420,5430,0,5850,0,0,0,0,0,100.0,420,5430,0,5850
534,Karimnagar,534027,GANGADHARA,2027520,Vemula Raju  Garshakurthi,6,2024,12,493,0,505,37,1457,0,1494,420,8742,0,9162,0,432,0,432,420,8310,0,8730,0,0,0,0,0,100.0,420,8310,0,8730
534,Karimnagar,534027,GANGADHARA,2027521,D Laxmipathi  Garshakurthi,6,2024,20,505,0,525,69,1455,0,1524,700,8730,0,9430,0,48,0,48,700,8682,0,9382,0,0,0,0,0,100.0,700,8682,0,9382
534,Karimnagar,534027,GANGADHARA,2027522,R Thirupathi  Garshakurthi,6,2024,44,453,0,497,124,1357,0,1481,1540,8142,0,9682,0,1350,0,1350,1540,6792,0,8332,0,0,0,0,0,100.0,1540,6792,0,8332
534,Karimnagar,534027,GANGADHARA,2027523,G Pochamma  Achampalli,6,2024,26,588,1,615,67,1703,1,1771,910,10218,10,11138,175,1410,0,1585,735,8808,10,9553,0,0,0,0,0,100.0,735,8808,10,9553
534,Karimnagar,534027,GANGADHARA,2027524,Panduga Yellaiah  Achampally,6,2024,20,402,0,422,50,1110,0,1160,700,6660,0,7360,35,846,0,881,665,5814,0,6479,0,0,0,0,0,100.0,665,5814,0,6479
534,Karimnagar,534027,GANGADHARA,2027525,B SUMANTH  Gattubuthkur,6,2024,1,319,0,320,4,924,0,928,35,5544,0,5579,0,480,0,480,35,5064,0,5099,0,0,0,0,0,100.0,35,5064,0,5099
534,Karimnagar,534027,GANGADHARA,2027526,B Venkata laxmi  Gattubuthkur,6,2024,2,300,0,302,10,849,0,859,70,5094,0,5164,0,810,0,810,70,4284,0,4354,0,0,0,0,0,100.0,70,4284,0,4354
534,Karimnagar,534027,GANGADHARA,2027527,ALISHETTI NARAYANA  Gattubuthkur,6,2024,1,323,0,324,1,909,0,910,35,5454,0,5489,0,492,0,492,35,4962,0,4997,0,0,0,0,0,100.0,35,4962,0,4997
534,Karimnagar,534027,GANGADHARA,2027528,B Bharathi  Himmathnagar,6,2024,14,418,0,432,35,1223,0,1258,490,7338,0,7828,70,744,0,814,420,6594,0,7014,0,0,0,0,0,100.0,420,6594,0,7014
534,Karimnagar,534027,GANGADHARA,2027529,B Ramchandram  Muppidipally,6,2024,17,195,0,212,57,494,0,551,595,2964,0,3559,0,924,0,924,595,2040,0,2635,0,0,0,0,0,100.0,595,2040,0,2635
534,Karimnagar,534027,GANGADHARA,2027530,Bellapu Rajitha  Narayanapur,6,2024,10,203,0,213,19,603,0,622,350,3618,0,3968,0,372,0,372,350,3246,0,3596,0,0,0,0,0,100.0,350,3246,0,3596
534,Karimnagar,534027,GANGADHARA,2027531,D Nagabushnam  Venkampally,6,2024,8,263,0,271,18,814,0,832,280,4884,0,5164,0,456,0,456,280,4428,0,4708,0,0,0,0,0,100.0,280,4428,0,4708
534,Karimnagar,534027,GANGADHARA,2027532,S Sulochana  Laxmindevipally,6,2024,9,280,0,289,21,780,0,801,315,4680,0,4995,35,990,0,1025,280,3690,0,3970,0,0,0,0,0,100.0,280,3690,0,3970
534,Karimnagar,534027,GANGADHARA,2027533,Thallapasula Naresh  Gangadhara,6,2024,29,559,0,588,78,1671,0,1749,1015,10026,0,11041,0,1884,0,1884,1015,8142,0,9157,0,0,0,0,0,100.0,1015,8142,0,9157
534,Karimnagar,534027,GANGADHARA,2027534,Bhurugu Mallesham  Ryalapally,6,2024,5,132,0,137,11,413,0,424,175,2478,0,2653,0,126,0,126,175,2352,0,2527,0,0,0,0,0,100.0,175,2352,0,2527
534,Karimnagar,534027,GANGADHARA,2027535,Mamidi Ashok  Nyalakondapally,6,2024,12,245,0,257,21,657,0,678,420,3942,0,4362,0,2,0,2,420,3940,0,4360,0,0,0,0,0,100.0,420,3940,0,4360
534,Karimnagar,534027,GANGADHARA,2027536,P Mahender  Kasaram,6,2024,10,264,0,274,22,757,0,779,350,4542,0,4892,0,0,0,0,350,4542,0,4892,0,0,0,0,0,100.0,350,4542,0,4892
534,Karimnagar,534027,GANGADHARA,2027537,V Suguna  Islampur,6,2024,19,142,0,161,45,376,0,421,665,2256,0,2921,105,6,0,111,560,2250,0,2810,0,0,0,0,0,100.0,560,2250,0,2810
534,Karimnagar,534027,GANGADHARA,2027538,E Laxmi  GopalRaoPalli,6,2024,12,229,0,241,37,657,0,694,420,3942,0,4362,0,52,0,52,420,3890,0,4310,0,0,0,0,0,100.0,420,3890,0,4310
534,Karimnagar,534030,Choppadandi,2030701,"M Mallesham IC  H.NO. 11-17, CHOPPADANDI",6,2024,33,490,0,523,84,1483,0,1567,1155,8898,0,10053,35,0,0,35,1120,8898,0,10018,0,0,0,0,0,100.0,1120,8898,0,10018
534,Karimnagar,534030,Choppadandi,2030702,"Kallepelly Ajaybabu  H.NO. 14-110, CHOPPADANDI",6,2024,79,368,0,447,163,1086,0,1249,2765,6516,0,9281,0,0,0,0,2765,6516,0,9281,0,0,0,0,0,100.0,2765,6516,0,9281
534,Karimnagar,534030,Choppadandi,2030703,"G Padma  H.NO. 1-434, CHOPPADANDI",6,2024,28,615,0,643,68,1883,0,1951,980,11298,0,12278,0,0,0,0,980,11298,0,12278,0,0,0,0,0,100.0,980,11298,0,12278
534,Karimnagar,534030,Choppadandi,2030704,"Kolapuri Anasurya  H.NO.16-8, CHOPPADANDI",6,2024,66,772,0,838,159,2273,0,2432,2310,13638,0,15948,0,18,0,18,2310,13620,0,15930,0,0,0,0,0,100.0,2310,13620,0,15930
534,Karimnagar,534030,Choppadandi,2030705,"G Padma  H.NO.2-95, CHOPPADANDI",6,2024,30,359,0,389,66,1072,0,1138,1050,6432,0,7482,35,2730,0,2765,1015,3702,0,4717,0,0,0,0,0,100.0,1015,3702,0,4717
534,Karimnagar,534030,Choppadandi,2030706,"A Srinivas  H.NO. 9-112, CHOPPADANDI (V) & (M)",6,2024,24,559,0,583,44,1675,0,1719,840,10050,0,10890,0,6,0,6,840,10044,0,10884,0,0,0,0,0,100.0,840,10044,0,10884
534,Karimnagar,534030,Choppadandi,2030707,KOTTE SUNITHA  H.NO. 2-176 Choppadandi,6,2024,19,375,0,394,55,1021,0,1076,665,6126,0,6791,70,1134,0,1204,595,4992,0,5587,0,0,0,0,0,100.0,595,4992,0,5587
534,Karimnagar,534030,Choppadandi,2030708,"Rapelli Srinivas  H.NO 2-26, ARNAKONDA (V), CHOPPADANDI (M)",6,2024,28,591,0,619,51,1623,0,1674,980,9738,0,10718,0,0,0,0,980,9738,0,10718,0,0,0,0,0,100.0,980,9738,0,10718
534,Karimnagar,534030,Choppadandi,2030709,"M Ramesh  H.NO 5-29/1, ARNAKONDA (V), CHOPPADANDI (M)",6,2024,31,605,0,636,48,1595,0,1643,1085,9570,0,10655,0,0,0,0,1085,9570,0,10655,0,0,0,0,0,100.0,1085,9570,0,10655
534,Karimnagar,534030,Choppadandi,2030710,"Cheepelli Gangaiah  H.NO 5-30/10, ARNAKONDA (V), CHOPPADANDI (M)",6,2024,32,491,0,523,69,1417,0,1486,1120,8502,0,9622,245,3780,0,4025,875,4722,0,5597,0,0,0,0,0,100.0,875,4722,0,5597
534,Karimnagar,534030,Choppadandi,2030711,Gajjela Shankaraiah  H.NO 1-178 Revelli H/o Ragampeta CHOPPADANDI (M),6,2024,26,322,0,348,55,889,0,944,910,5334,0,6244,140,576,0,716,770,4758,0,5528,0,0,0,0,0,100.0,770,4758,0,5528
534,Karimnagar,534030,Choppadandi,2030712,Eedulai Lavanya Alias Padmavathi  H.NO 1-102 Desaipet H/o Ragampeta CHOPPADANDI (M),6,2024,21,374,0,395,41,1003,0,1044,735,6018,0,6753,0,450,0,450,735,5568,0,6303,0,0,0,0,0,100.0,735,5568,0,6303
534,Karimnagar,534030,Choppadandi,2030713,Basaveni Laxmirajyam  H.NO 1-37/A Ragampeta (V)CHOPPADANDI (M),6,2024,22,413,0,435,57,1148,0,1205,770,6888,0,7658,70,1350,0,1420,700,5538,0,6238,0,0,0,0,0,100.0,700,5538,0,6238
534,Karimnagar,534030,Choppadandi,2030714,Basaveni Laxmirajyam  H.NO 2-70 Ragampeta (V)CHOPPADANDI (M),6,2024,20,384,0,404,45,1124,0,1169,700,6744,0,7444,35,934,0,969,665,5810,0,6475,0,0,0,0,0,100.0,665,5810,0,6475
534,Karimnagar,534030,Choppadandi,2030715,BOLLAM NARAYANA  H.NO 4-45 Ragampeta (V)CHOPPADANDI (M),6,2024,40,352,0,392,103,983,0,1086,1400,5898,0,7298,70,12,0,82,1330,5886,0,7216,0,0,0,0,0,100.0,1330,5886,0,7216
534,Karimnagar,534030,Choppadandi,2030716,N Sujatha  H.NO 1-97 Chityalapally (V)CHOPPADANDI (M),6,2024,25,321,0,346,58,863,0,921,875,5178,0,6053,105,606,0,711,770,4572,0,5342,0,0,0,0,0,100.0,770,4572,0,5342
534,Karimnagar,534030,Choppadandi,2030717,CH Manjula  H.NO 4-70  Gumlapur (V)CHOPPADANDI (M),6,2024,31,401,0,432,64,1062,0,1126,1085,6372,0,7457,315,408,0,723,770,5964,0,6734,0,0,0,0,0,100.0,770,5964,0,6734
534,Karimnagar,534030,Choppadandi,2030718,CH Manjula  H.NO 4-70 Gumlapur (V)CHOPPADANDI (M),6,2024,22,464,0,486,52,1289,0,1341,770,7734,0,8504,0,1704,0,1704,770,6030,0,6800,0,0,0,0,0,100.0,770,6030,0,6800
534,Karimnagar,534030,Choppadandi,2030719,Chama Anjali  H.NO 2-48 Katnapelly (V)CHOPPADANDI (M),6,2024,28,431,0,459,47,1160,0,1207,980,6960,0,7940,70,120,0,190,910,6840,0,7750,0,0,0,0,0,100.0,910,6840,0,7750
534,Karimnagar,534030,Choppadandi,2030720,Myakala Ramu  H.NO 1-11 Konerupalli (V) Choppadandi (M),6,2024,16,228,0,244,54,674,0,728,560,4044,0,4604,35,47,0,82,525,3997,0,4522,0,0,0,0,0,100.0,525,3997,0,4522
534,Karimnagar,534030,Choppadandi,2030721,Myakala Ramu  H.NO 3-85 Rukmapur  (V) Choppadandi (M),6,2024,46,512,0,558,129,1562,0,1691,1610,9372,0,10982,175,1398,0,1573,1435,7974,0,9409,0,0,0,0,0,100.0,1435,7974,0,9409
534,Karimnagar,534030,Choppadandi,2030722,K Vanaja  H.NO 1-108 Rukmapur  (V) Choppadandi (M),6,2024,24,245,0,269,54,749,0,803,840,4494,0,5334,0,0,0,0,840,4494,0,5334,0,0,0,0,0,100.0,840,4494,0,5334
534,Karimnagar,534030,Choppadandi,2030723,M Mallesham  H.NO 1-33 Kolimikunta(V) Choppadandi (M),6,2024,18,453,0,471,47,1298,0,1345,630,7788,0,8418,0,1350,0,1350,630,6438,0,7068,0,0,0,0,0,100.0,630,6438,0,7068
534,Karimnagar,534030,Choppadandi,2030724,P Gattaiah  H.NO 2-30 Chakunta (V) Choppadandi (M),6,2024,31,368,0,399,73,1049,0,1122,1085,6294,0,7379,245,552,0,797,840,5742,0,6582,0,0,0,0,0,100.0,840,5742,0,6582
534,Karimnagar,534030,Choppadandi,2030725,P Gattaiah  H.NO 3-167  Chakunta (V) Choppadandi (M),6,2024,24,386,0,410,45,1113,0,1158,840,6678,0,7518,0,1578,0,1578,840,5100,0,5940,0,0,0,0,0,100.0,840,5100,0,5940
534,Karimnagar,534030,Choppadandi,2030726,Chiluka Renuka  H.NO 3-37 Vedurugatta  (V) Choppadandi (M),6,2024,27,273,0,300,67,797,0,864,945,4782,0,5727,70,786,0,856,875,3996,0,4871,0,0,0,0,0,100.0,875,3996,0,4871
534,Karimnagar,534030,Choppadandi,2030727,Jakkula Sridhar Rao  H.NO 2-78 Vedurugatta  (V) Choppadandi (M),6,2024,23,437,0,460,44,1278,0,1322,805,7668,0,8473,70,0,0,70,735,7668,0,8403,0,0,0,0,0,100.0,735,7668,0,8403
534,Karimnagar,534030,Choppadandi,2030728,Ponnam Thirupathamma  H.NO 2-97 Bhoopalapatnam (V) Choppadandi (M),6,2024,17,357,0,374,36,1004,0,1040,595,6024,0,6619,0,1428,0,1428,595,4596,0,5191,0,0,0,0,0,100.0,595,4596,0,5191
534,Karimnagar,534030,Choppadandi,2030729,Ponnam Thirupathamma  H.NO 2-97 Bhoopalapatnam (V) Choppadandi (M),6,2024,39,418,0,457,90,1245,0,1335,1365,7470,0,8835,0,78,0,78,1365,7392,0,8757,0,0,0,0,0,100.0,1365,7392,0,8757
534,Karimnagar,534030,Choppadandi,2030730,M Thirupathi  H.NO 3-18 Mangalapally (V)CHOPPADANDI (M),6,2024,20,275,0,295,36,760,0,796,700,4560,0,5260,105,876,0,981,595,3684,0,4279,0,0,0,0,0,100.0,595,3684,0,4279
534,Karimnagar,534030,Choppadandi,2030731,"Maheshuni Mallesham  1-498/2,Choppadandi (V) & (M)",6,2024,52,728,0,780,109,2263,0,2372,1820,13578,0,15398,0,1056,0,1056,1820,12522,0,14342,0,0,0,0,0,100.0,1820,12522,0,14342
534,Karimnagar,534030,Choppadandi,2030732,Myakala Ramu  H.NO 1-11 Katnapelly (V) Choppadandi (M),6,2024,24,319,0,343,62,870,0,932,840,5220,0,6060,350,3048,0,3398,490,2172,0,2662,0,0,0,0,0,100.0,490,2172,0,2662
534,Karimnagar,534030,Choppadandi,2030733,Thota Sriramulu  H.NO 3-37 Vedurugatta  (V) Choppadandi (M),6,2024,24,307,0,331,54,911,0,965,840,5466,0,6306,210,1062,0,1272,630,4404,0,5034,0,0,0,0,0,100.0,630,4404,0,5034
534,Karimnagar,534030,Choppadandi,2030734,"Gangothri SHG  H,NO:1-163/1 PEDDAKURMAPALLY,RAGAMPETA",6,2024,17,269,0,286,30,794,0,824,595,4764,0,5359,0,156,0,156,595,4608,0,5203,0,0,0,0,0,100.0,595,4608,0,5203
534,Karimnagar,534030,Choppadandi,2030735,M RAMU  SambaiahPally,6,2024,10,213,0,223,22,600,0,622,350,3600,0,3950,0,150,0,150,350,3450,0,3800,0,0,0,0,0,100.0,350,3450,0,3800
534,Karimnagar,534033,Jammikunta,2033201,"Repala Sridevi  H.No.8-2-9/1, Jammikunta",6,2024,15,708,0,723,39,2177,0,2216,525,13062,0,13587,0,402,0,402,525,12660,0,13185,0,0,0,0,0,100.0,525,12660,0,13185
534,Karimnagar,534033,Jammikunta,2033202,"Pathakala Rajender  H.No.15-2-57/1, Keshavapur",6,2024,12,289,0,301,38,824,0,862,420,4944,0,5364,0,1014,0,1014,420,3930,0,4350,0,0,0,0,0,100.0,420,3930,0,4350
534,Karimnagar,534033,Jammikunta,2033203,"Revelli Supriya  H.No.7-1-67, Jammikunta",6,2024,15,639,0,654,33,1904,0,1937,525,11424,0,11949,0,4170,0,4170,525,7254,0,7779,0,0,0,0,0,100.0,525,7254,0,7779
534,Karimnagar,534033,Jammikunta,2033204,"Aitha Dayakar  H.No.7-2-60, Jammikunta",6,2024,9,526,0,535,28,1549,0,1577,315,9294,0,9609,0,5838,0,5838,315,3456,0,3771,0,0,0,0,0,100.0,315,3456,0,3771
534,Karimnagar,534033,Jammikunta,2033205,"Bairumalla Sandhyarani  DCMS Complex, Jammikunta",6,2024,6,666,0,672,16,2086,0,2102,210,12516,0,12726,0,72,0,72,210,12444,0,12654,0,0,0,0,0,100.0,210,12444,0,12654
534,Karimnagar,534033,Jammikunta,2033206,"Gajula Rajakumari  H.No.6-3-79/1, Jammikunta",6,2024,28,798,0,826,80,2299,0,2379,980,13794,0,14774,0,0,0,0,980,13794,0,14774,0,0,0,0,0,100.0,980,13794,0,14774
534,Karimnagar,534033,Jammikunta,2033207,"Garrepalli Venkateshwarlu  H.No.2-1-30/1, Jammikunta",6,2024,13,1008,0,1021,35,3053,0,3088,455,18318,0,18773,0,0,0,0,455,18318,0,18773,0,0,0,0,0,100.0,455,18318,0,18773
534,Karimnagar,534033,Jammikunta,2033208,"Pothula Umadevi  H.No.10-55/94, Abadi Jammikunta",6,2024,18,352,0,370,37,998,0,1035,630,5988,0,6618,0,0,0,0,630,5988,0,6618,0,0,0,0,0,100.0,630,5988,0,6618
534,Karimnagar,534033,Jammikunta,2033209,"Bongoni Anusha  H.No2-80, Jaggaiahpalli",6,2024,14,375,0,389,36,1111,0,1147,490,6666,0,7156,0,258,0,258,490,6408,0,6898,0,0,0,0,0,100.0,490,6408,0,6898
534,Karimnagar,534033,Jammikunta,2033210,"Moluguri Mogilaiah  H.No.18-1-13, Mothukulagudem",6,2024,12,928,0,940,31,2704,0,2735,420,16224,0,16644,0,3126,0,3126,420,13098,0,13518,0,0,0,0,0,100.0,420,13098,0,13518
534,Karimnagar,534033,Jammikunta,2033211,"Parlapalli Kousalya  H.No.1-15/74, Machanapalli",6,2024,33,815,0,848,92,2364,0,2456,1155,14184,0,15339,0,2226,0,2226,1155,11958,0,13113,0,0,0,0,0,100.0,1155,11958,0,13113
534,Karimnagar,534033,Jammikunta,2033212,"Rayilla Sarala  H.No.1-22, Kothapalli",6,2024,54,705,0,759,141,2062,0,2203,1890,12372,0,14262,0,726,0,726,1890,11646,0,13536,0,0,0,0,0,100.0,1890,11646,0,13536
534,Karimnagar,534033,Jammikunta,2033213,"Bommideni Jayalaxmi  H.No.2-38/1, Kothapalli",6,2024,55,831,0,886,160,2461,0,2621,1925,14766,0,16691,35,24,0,59,1890,14742,0,16632,0,0,0,0,0,100.0,1890,14742,0,16632
534,Karimnagar,534033,Jammikunta,2033216,"Kunamalla Prabhakar  H.No.3-25, Saidabad",6,2024,31,537,0,568,92,1562,0,1654,1085,9372,0,10457,210,1920,0,2130,875,7452,0,8327,0,0,0,0,0,100.0,875,7452,0,8327
534,Karimnagar,534033,Jammikunta,2033217,"Polu Sammaiah  H.No.1-7, Dharmaram",6,2024,57,768,0,825,170,2218,0,2388,1995,13308,0,15303,70,3138,0,3208,1925,10170,0,12095,0,0,0,0,0,100.0,1925,10170,0,12095
534,Karimnagar,534033,Jammikunta,2033218,"Bommideni Rajamani  H.No.4-99/1, Korapalli",6,2024,25,471,0,496,65,1255,0,1320,875,7530,0,8405,0,78,0,78,875,7452,0,8327,0,0,0,0,0,100.0,875,7452,0,8327
534,Karimnagar,534033,Jammikunta,2033219,"Kallepally Harika  H.No.4-29, Korapalli",6,2024,30,544,0,574,89,1510,0,1599,1050,9060,0,10110,35,2148,0,2183,1015,6912,0,7927,0,0,0,0,0,100.0,1015,6912,0,7927
534,Karimnagar,534033,Jammikunta,2033220,"Velpula Vinoda  H.No.1-124/1, Vilasagar",6,2024,18,488,0,506,58,1357,0,1415,630,8142,0,8772,35,1596,0,1631,595,6546,0,7141,0,0,0,0,0,100.0,595,6546,0,7141
534,Karimnagar,534033,Jammikunta,2033221,"Panjala Lingamurthy  H.No.6-61, Nagampet",6,2024,23,459,0,482,62,1234,0,1296,805,7404,0,8209,105,1212,0,1317,700,6192,0,6892,0,0,0,0,0,100.0,700,6192,0,6892
534,Karimnagar,534033,Jammikunta,2033222,"Bijigiri Venkatesh  H.No.1-9, Bijigirisharif",6,2024,27,658,0,685,72,1793,0,1865,945,10758,0,11703,0,1968,0,1968,945,8790,0,9735,0,0,0,0,0,100.0,945,8790,0,9735
534,Karimnagar,534033,Jammikunta,2033223,"Akinapalli Bhadraiah  H.No.3-56, Shayampet",6,2024,25,462,0,487,81,1336,0,1417,875,8016,0,8891,140,1986,0,2126,735,6030,0,6765,0,0,0,0,0,100.0,735,6030,0,6765
534,Karimnagar,534033,Jammikunta,2033225,"Chetti Padma  H.No.3-40, Gandrapalli",6,2024,23,453,0,476,76,1192,0,1268,805,7152,0,7957,105,2448,0,2553,700,4704,0,5404,0,0,0,0,0,100.0,700,4704,0,5404
534,Karimnagar,534033,Jammikunta,2033226,"Burra Ravi  H.No.12-26, Thanugula",6,2024,29,529,0,558,100,1385,0,1485,1015,8310,0,9325,0,1074,0,1074,1015,7236,0,8251,0,0,0,0,0,100.0,1015,7236,0,8251
534,Karimnagar,534033,Jammikunta,2033227,"Komuravelli Jagadeshwar  H.No.2-19, Vavilala",6,2024,32,327,0,359,76,898,0,974,1120,5388,0,6508,315,1728,0,2043,805,3660,0,4465,0,0,0,0,0,100.0,805,3660,0,4465
534,Karimnagar,534033,Jammikunta,2033228,"Daggula Lingaiah  H.No.1-90, Vavilala",6,2024,51,675,0,726,111,1839,0,1950,1785,11034,0,12819,315,2670,0,2985,1470,8364,0,9834,0,0,0,0,0,100.0,1470,8364,0,9834
534,Karimnagar,534033,Jammikunta,2033234,"Elaveni Thirumala  H.No.4-87, Madipalli",6,2024,22,497,0,519,58,1299,0,1357,770,7794,0,8564,0,0,0,0,770,7794,0,8564,0,0,0,0,0,100.0,770,7794,0,8564
534,Karimnagar,534033,Jammikunta,2033235,"Enamanagandla Shekharaiah  H.No.4-87, Madipalli",6,2024,16,692,0,708,31,1999,0,2030,560,11994,0,12554,35,4914,0,4949,525,7080,0,7605,0,0,0,0,0,100.0,525,7080,0,7605
534,Karimnagar,534033,Jammikunta,2033245,"Gulli Mogili  H.No.6-1-9, Jammikunta",6,2024,27,709,0,736,69,2148,0,2217,945,12888,0,13833,35,3234,0,3269,910,9654,0,10564,0,0,0,0,0,100.0,910,9654,0,10564
534,Karimnagar,534033,Jammikunta,2033246,"Lingala thirupathi  H.No.7-82/1, Papakkapalli",6,2024,24,348,0,372,54,958,0,1012,840,5748,0,6588,35,1128,0,1163,805,4620,0,5425,0,0,0,0,0,100.0,805,4620,0,5425
534,Karimnagar,534033,Jammikunta,2033247,"Medipelli Raju  H.No.3-61/A, Ramannapalli",6,2024,30,492,0,522,85,1401,0,1486,1050,8406,0,9456,175,2772,0,2947,875,5634,0,6509,0,0,0,0,0,100.0,875,5634,0,6509
534,Karimnagar,534033,Jammikunta,2033248,"Thuniki Omkar  H.No.6-40, Venkateshwarlapalli",6,2024,14,359,0,373,33,1022,0,1055,490,6132,0,6622,140,2094,0,2234,350,4038,0,4388,0,0,0,0,0,100.0,350,4038,0,4388
534,Karimnagar,534033,Jammikunta,2033249,"Chinthala Srinivas  H.No.5-16/1, Shambunipalli",6,2024,20,263,0,283,54,656,0,710,700,3936,0,4636,0,846,0,846,700,3090,0,3790,0,0,0,0,0,100.0,700,3090,0,3790
534,Karimnagar,534033,Jammikunta,2033250,"Kuna Padma  H.No.11-1-26, Abadi Jammikunta",6,2024,6,340,0,346,11,943,0,954,210,5658,0,5868,0,1470,0,1470,210,4188,0,4398,0,0,0,0,0,100.0,210,4188,0,4398
534,Karimnagar,534033,Jammikunta,2033251,Ellandula Rama Raju  Peddampalli,6,2024,12,187,0,199,35,525,0,560,420,3150,0,3570,0,336,0,336,420,2814,0,3234,0,0,0,0,0,100.0,420,2814,0,3234
534,Karimnagar,534033,Jammikunta,2033252,Mirza Moin Baig  Church Colony,6,2024,28,359,0,387,77,1073,0,1150,980,6438,0,7418,0,0,0,0,980,6438,0,7418,0,0,0,0,0,100.0,980,6438,0,7418
534,Karimnagar,534033,Jammikunta,2033253,Ragula Renuka  Kapulapalli,6,2024,1,89,0,90,3,247,0,250,35,1482,0,1517,0,312,0,312,35,1170,0,1205,0,0,0,0,0,100.0,35,1170,0,1205
534,Karimnagar,534033,Jammikunta,2033254,Vadija Sunitha  Papaiahpalli,6,2024,9,164,0,173,26,466,0,492,315,2796,0,3111,35,258,0,293,280,2538,0,2818,0,0,0,0,0,100.0,280,2538,0,2818
534,Karimnagar,534033,Jammikunta,2033255,K Jagadeeshwar  Naguram,6,2024,26,355,0,381,63,963,0,1026,910,5778,0,6688,0,0,0,0,910,5778,0,6688,0,0,0,0,0,100.0,910,5778,0,6688
534,Karimnagar,534033,Jammikunta,2033256,Bhadrapu Srinivas  Naagaram,6,2024,10,135,0,145,21,358,0,379,350,2148,0,2498,0,350,0,350,350,1798,0,2148,0,0,0,0,0,100.0,350,1798,0,2148
534,Karimnagar,534033,Jammikunta,2033257,E Shekharaiah  Ankushapur,6,2024,8,230,0,238,14,693,0,707,280,4158,0,4438,0,0,0,0,280,4158,0,4438,0,0,0,0,0,100.0,280,4158,0,4438
534,Karimnagar,534033,Jammikunta,2033258,Kamera Mamatha  Govindapur,6,2024,6,77,0,83,18,237,0,255,210,1422,0,1632,0,78,0,78,210,1344,0,1554,0,0,0,0,0,100.0,210,1344,0,1554
534,Karimnagar,534034,Veenavanka,2034301,"U.Chandramouli  2-39,  Narsingapur",6,2024,27,467,0,494,86,1359,0,1445,945,8154,0,9099,105,2154,0,2259,840,6000,0,6840,0,0,0,0,0,100.0,840,6000,0,6840
534,Karimnagar,534034,Veenavanka,2034302,"Mohammad Mukram Khan  1-69/2, Veenavanka",6,2024,43,512,0,555,115,1414,0,1529,1505,8484,0,9989,595,3,0,598,910,8481,0,9391,0,0,0,0,0,100.0,910,8481,0,9391
534,Karimnagar,534034,Veenavanka,2034303,"Ramidi Laxmaiah  1-34 , Veenavanka",6,2024,57,537,0,594,138,1617,0,1755,1995,9702,0,11697,0,1398,0,1398,1995,8304,0,10299,0,0,0,0,0,100.0,1995,8304,0,10299
534,Karimnagar,534034,Veenavanka,2034304,"M.Srinivas  1-06, Valbhapur",6,2024,23,332,0,355,54,851,0,905,805,5106,0,5911,140,1512,0,1652,665,3594,0,4259,0,0,0,0,0,100.0,665,3594,0,4259
534,Karimnagar,534034,Veenavanka,2034305,"Pallela Swarupa  2-88, Bethgal",6,2024,42,769,0,811,129,2221,0,2350,1470,13326,0,14796,105,1062,0,1167,1365,12264,0,13629,0,0,0,0,0,100.0,1365,12264,0,13629
534,Karimnagar,534034,Veenavanka,2034306,"Y.Suresh  4-30, Kanaparthi",6,2024,31,418,0,449,81,1184,0,1265,1085,7104,0,8189,105,1416,0,1521,980,5688,0,6668,0,0,0,0,0,100.0,980,5688,0,6668
534,Karimnagar,534034,Veenavanka,2034307,"Dershnal Sanjiv Rao  4-1, Reddypalli",6,2024,15,633,0,648,46,1826,0,1872,525,10956,0,11481,0,1422,0,1422,525,9534,0,10059,0,0,0,0,0,100.0,525,9534,0,10059
534,Karimnagar,534034,Veenavanka,2034308,"M.Venkatachalam  2-65, Ghanmukla",6,2024,24,412,0,436,70,1162,0,1232,840,6972,0,7812,35,1068,0,1103,805,5904,0,6709,0,0,0,0,0,100.0,805,5904,0,6709
534,Karimnagar,534034,Veenavanka,2034309,"Maturi Bhagyalaxmi  1-103/14, Ghanmukla",6,2024,21,355,0,376,56,1001,0,1057,735,6006,0,6741,105,786,0,891,630,5220,0,5850,0,0,0,0,0,100.0,630,5220,0,5850
534,Karimnagar,534034,Veenavanka,2034310,"Polu Anurada  9-74/14, Bonthupalli",6,2024,23,390,0,413,75,1046,0,1121,805,6276,0,7081,35,1170,0,1205,770,5106,0,5876,0,0,0,0,0,100.0,770,5106,0,5876
534,Karimnagar,534034,Veenavanka,2034311,Ambala Swapna  Korkal,6,2024,23,359,0,382,62,1001,0,1063,805,6006,0,6811,245,702,0,947,560,5304,0,5864,0,0,0,0,0,100.0,560,5304,0,5864
534,Karimnagar,534034,Veenavanka,2034312,"A.Rajendar  6-36, Narsimlapalli",6,2024,11,300,0,311,31,820,0,851,385,4920,0,5305,0,804,0,804,385,4116,0,4501,0,0,0,0,0,100.0,385,4116,0,4501
534,Karimnagar,534034,Veenavanka,2034313,"Bommideni Chandraswamy  1-61, Pothireddypalli",6,2024,40,645,0,685,97,1885,0,1982,1400,11310,0,12710,140,1242,0,1382,1260,10068,0,11328,0,0,0,0,0,100.0,1260,10068,0,11328
534,Karimnagar,534034,Veenavanka,2034314,"D.Vasantha  1-55, Kondapaka",6,2024,28,491,0,519,78,1299,0,1377,980,7794,0,8774,315,3138,0,3453,665,4656,0,5321,0,0,0,0,0,100.0,665,4656,0,5321
534,Karimnagar,534034,Veenavanka,2034315,"K.Venkatanarsaiah  3-18, Mallareddypalli",6,2024,26,540,0,566,85,1505,0,1590,910,9030,0,9940,210,1038,0,1248,700,7992,0,8692,0,0,0,0,0,100.0,700,7992,0,8692
534,Karimnagar,534034,Veenavanka,2034316,"K.Srilatha  1-121, Sriramulapeta",6,2024,17,335,0,352,44,885,0,929,595,5310,0,5905,0,0,0,0,595,5310,0,5905,0,0,0,0,0,100.0,595,5310,0,5905
534,Karimnagar,534034,Veenavanka,2034317,"Edelli Chandra Reddy  1-60, Deshaipalli",6,2024,17,388,0,405,37,1066,0,1103,595,6396,0,6991,70,1182,0,1252,525,5214,0,5739,0,0,0,0,0,100.0,525,5214,0,5739
534,Karimnagar,534034,Veenavanka,2034318,"Syed Masood  6-83, Challur",6,2024,31,778,0,809,89,2195,0,2284,1085,13170,0,14255,70,1776,0,1846,1015,11394,0,12409,0,0,0,0,0,100.0,1015,11394,0,12409
534,Karimnagar,534034,Veenavanka,2034319,"Kota Sujatha  1-62, Elbaka",6,2024,29,730,0,759,76,1914,0,1990,1015,11484,0,12499,70,1140,0,1210,945,10344,0,11289,0,0,0,0,0,100.0,945,10344,0,11289
534,Karimnagar,534034,Veenavanka,2034320,Kanakam Prashanth  Gangaram,6,2024,26,624,0,650,70,1627,0,1697,910,9762,0,10672,105,1182,0,1287,805,8580,0,9385,0,0,0,0,0,100.0,805,8580,0,9385
534,Karimnagar,534034,Veenavanka,2034321,"Kalla Satyanarayana  2-96, Mamidalapalli",6,2024,25,658,0,683,77,1873,0,1950,875,11238,0,12113,70,1980,0,2050,805,9258,0,10063,0,0,0,0,0,100.0,805,9258,0,10063
534,Karimnagar,534034,Veenavanka,2034322,"B.Rama  7-24/1, Ippalapalli",6,2024,24,303,0,327,64,826,0,890,840,4956,0,5796,140,1140,0,1280,700,3816,0,4516,0,0,0,0,0,100.0,700,3816,0,4516
534,Karimnagar,534034,Veenavanka,2034323,"K.Srikala  3-11, Valbhapur",6,2024,19,457,0,476,48,1267,0,1315,665,7602,0,8267,105,1110,0,1215,560,6492,0,7052,0,0,0,0,0,100.0,560,6492,0,7052
534,Karimnagar,534034,Veenavanka,2034324,"M.Padma  7-82, Kistampeta",6,2024,18,242,0,260,59,622,0,681,630,3732,0,4362,0,60,0,60,630,3672,0,4302,0,0,0,0,0,100.0,630,3672,0,4302
534,Karimnagar,534034,Veenavanka,2034325,Yedla Bhuchi Reddy  Gollapalli,6,2024,14,473,0,487,38,1290,0,1328,490,7740,0,8230,0,240,0,240,490,7500,0,7990,0,0,0,0,0,100.0,490,7500,0,7990
534,Karimnagar,534034,Veenavanka,2034326,"G.Sammaiah  6-26, Brahmanapalli",6,2024,10,194,0,204,23,558,0,581,350,3348,0,3698,70,966,0,1036,280,2382,0,2662,0,0,0,0,0,100.0,280,2382,0,2662
534,Karimnagar,534034,Veenavanka,2034327,"M.D Janimiya  5-31, Himmathnagar",6,2024,15,395,0,410,34,1098,0,1132,525,6588,0,7113,0,404,0,404,525,6184,0,6709,0,0,0,0,0,100.0,525,6184,0,6709
534,Karimnagar,534034,Veenavanka,2034328,"U.Sunitha  6-100/38, Challur",6,2024,33,487,0,520,79,1436,0,1515,1155,8616,0,9771,245,2052,0,2297,910,6564,0,7474,0,0,0,0,0,100.0,910,6564,0,7474
534,Karimnagar,534034,Veenavanka,2034329,U. Chandramouli  Narsingapur,6,2024,19,410,0,429,55,1058,0,1113,665,6348,0,7013,0,12,0,12,665,6336,0,7001,0,0,0,0,0,100.0,665,6336,0,7001
534,Karimnagar,534034,Veenavanka,2034330,Ramidi Srinivas  Ramakrishnapur,6,2024,4,117,0,121,5,315,0,320,140,1890,0,2030,0,0,0,0,140,1890,0,2030,0,0,0,0,0,100.0,140,1890,0,2030
534,Karimnagar,534034,Veenavanka,2034331,Ramidi Srinivas  Lasmakkapalli,6,2024,9,165,0,174,15,461,0,476,315,2766,0,3081,0,1584,0,1584,315,1182,0,1497,0,0,0,0,0,100.0,315,1182,0,1497
534,Karimnagar,534034,Veenavanka,2034332,Maturi Bhagyalaxmi  Mallannapally,6,2024,6,164,0,170,20,457,0,477,210,2742,0,2952,0,0,0,0,210,2742,0,2952,0,0,0,0,0,100.0,210,2742,0,2952
534,Karimnagar,534035,MANAKONDUR,2035201,Mohammad Anwar  Manakondur Village,6,2024,31,638,0,669,83,1826,0,1909,1085,10956,0,12041,35,780,0,815,1050,10176,0,11226,0,0,0,0,0,100.0,1050,10176,0,11226
534,Karimnagar,534035,MANAKONDUR,2035202,Ammigalla Devaki Devi  Srinivasnagar H/o Manakondur Village,6,2024,17,387,0,404,34,1073,0,1107,595,6438,0,7033,35,924,0,959,560,5514,0,6074,0,0,0,0,0,100.0,560,5514,0,6074
534,Karimnagar,534035,MANAKONDUR,2035203,G Narsaiah  Jaggaiahpally H/o Manakondur Village,6,2024,29,304,0,333,70,858,0,928,1015,5148,0,6163,105,366,0,471,910,4782,0,5692,0,0,0,0,0,100.0,910,4782,0,5692
534,Karimnagar,534035,MANAKONDUR,2035204,B Komuraiah  Sadashivapally H/o Manakondur Village,6,2024,5,453,0,458,13,1358,0,1371,175,8148,0,8323,35,258,0,293,140,7890,0,8030,0,0,0,0,0,100.0,140,7890,0,8030
534,Karimnagar,534035,MANAKONDUR,2035205,P Bhoom Rao  Lingapoor Village,6,2024,15,310,0,325,36,957,0,993,525,5742,0,6267,0,234,0,234,525,5508,0,6033,0,0,0,0,0,100.0,525,5508,0,6033
534,Karimnagar,534035,MANAKONDUR,2035206,G Venkataiah  Lingapoor Village,6,2024,16,320,0,336,45,971,0,1016,560,5826,0,6386,140,1098,0,1238,420,4728,0,5148,0,0,0,0,0,100.0,420,4728,0,5148
534,Karimnagar,534035,MANAKONDUR,2035207,P Jayapradha IC  Annaram Village,6,2024,36,485,0,521,115,1428,0,1543,1260,8568,0,9828,0,1230,0,1230,1260,7338,0,8598,0,0,0,0,0,100.0,1260,7338,0,8598
534,Karimnagar,534035,MANAKONDUR,2035208,P Jayapradha  Annaram Village,6,2024,35,450,0,485,70,1359,0,1429,1225,8154,0,9379,0,0,0,0,1225,8154,0,9379,0,0,0,0,0,100.0,1225,8154,0,9379
534,Karimnagar,534035,MANAKONDUR,2035209,P Rajitha  Annaram Village,6,2024,32,470,0,502,64,1494,0,1558,1120,8964,0,10084,0,18,0,18,1120,8946,0,10066,0,0,0,0,0,100.0,1120,8946,0,10066
534,Karimnagar,534035,MANAKONDUR,2035210,B Jyothi  Munjampalli Village,6,2024,37,709,0,746,76,2087,0,2163,1295,12522,0,13817,0,858,0,858,1295,11664,0,12959,0,0,0,0,0,100.0,1295,11664,0,12959
534,Karimnagar,534035,MANAKONDUR,2035212,B Parameshwaraiah  Chenjerlla Village,6,2024,21,484,0,505,54,1393,0,1447,735,8358,0,9093,0,648,0,648,735,7710,0,8445,0,0,0,0,0,100.0,735,7710,0,8445
534,Karimnagar,534035,MANAKONDUR,2035213,B Kanakaiah  Chnejerlla Village,6,2024,26,476,0,502,58,1324,0,1382,910,7944,0,8854,35,1699,0,1734,875,6245,0,7120,0,0,0,0,0,100.0,875,6245,0,7120
534,Karimnagar,534035,MANAKONDUR,2035214,S Rajashekar  Kadharagudem H/o Chenjerlla Village,6,2024,14,295,0,309,26,802,0,828,490,4812,0,5302,105,864,0,969,385,3948,0,4333,0,0,0,0,0,100.0,385,3948,0,4333
534,Karimnagar,534035,MANAKONDUR,2035215,M Rama Devi  Eedulagattapalli Village,6,2024,26,543,0,569,71,1468,0,1539,910,8808,0,9718,76,2028,0,2104,834,6780,0,7614,0,0,0,0,0,100.0,834,6780,0,7614
534,Karimnagar,534035,MANAKONDUR,2035216,A Uma Devi  Gattududdenapalli Village,6,2024,29,415,0,444,59,1211,0,1270,1015,7266,0,8281,70,156,0,226,945,7110,0,8055,0,0,0,0,0,100.0,945,7110,0,8055
534,Karimnagar,534035,MANAKONDUR,2035217,P Sarojana  Gattududdenapalli Village,6,2024,26,420,0,446,66,1178,0,1244,910,7068,0,7978,0,0,0,0,910,7068,0,7978,0,0,0,0,0,100.0,910,7068,0,7978
534,Karimnagar,534035,MANAKONDUR,2035218,M Laxmirajam  Gangipalli Village,6,2024,21,494,0,515,42,1410,0,1452,735,8460,0,9195,70,3516,0,3586,665,4944,0,5609,0,0,0,0,0,100.0,665,4944,0,5609
534,Karimnagar,534035,MANAKONDUR,2035219,Thallapelli Srikanth  Gangipalli Village,6,2024,29,516,0,545,73,1529,0,1602,1015,9174,0,10189,0,0,0,0,1015,9174,0,10189,0,0,0,0,0,100.0,1015,9174,0,10189
534,Karimnagar,534035,MANAKONDUR,2035220,M Laxmi Rajam  Gangipalli Village,6,2024,21,510,0,531,47,1448,0,1495,735,8688,0,9423,0,0,0,0,735,8688,0,9423,0,0,0,0,0,100.0,735,8688,0,9423
534,Karimnagar,534035,MANAKONDUR,2035221,G Srinivas  Devampalli Village,6,2024,34,643,0,677,96,1868,0,1964,1190,11208,0,12398,210,2154,0,2364,980,9054,0,10034,0,0,0,0,0,100.0,980,9054,0,10034
534,Karimnagar,534035,MANAKONDUR,2035222,S Ananatha Reddy  Lalithapoor Village,6,2024,18,296,0,314,42,896,0,938,630,5376,0,6006,70,462,0,532,560,4914,0,5474,0,0,0,0,0,100.0,560,4914,0,5474
534,Karimnagar,534035,MANAKONDUR,2035223,Ch Sadananda Chary  Kellada Village,6,2024,24,507,0,531,57,1462,0,1519,840,8772,0,9612,105,2232,0,2337,735,6540,0,7275,0,0,0,0,0,100.0,735,6540,0,7275
534,Karimnagar,534035,MANAKONDUR,2035224,A Lachaiah  Vannaram Village,6,2024,21,393,0,414,57,1148,0,1205,735,6888,0,7623,70,1338,0,1408,665,5550,0,6215,0,0,0,0,0,100.0,665,5550,0,6215
534,Karimnagar,534035,MANAKONDUR,2035225,T Vakula Devi  Kondapalkala Village,6,2024,15,392,0,407,35,1102,0,1137,525,6612,0,7137,35,726,0,761,490,5886,0,6376,0,0,0,0,0,100.0,490,5886,0,6376
534,Karimnagar,534035,MANAKONDUR,2035226,G Omkaram  Kondapalkala Village,6,2024,17,410,0,427,29,1145,0,1174,595,6870,0,7465,35,1218,0,1253,560,5652,0,6212,0,0,0,0,0,100.0,560,5652,0,6212
534,Karimnagar,534035,MANAKONDUR,2035227,K Ravi Kumar  Kondapalkala Village,6,2024,21,408,0,429,47,1194,0,1241,735,7164,0,7899,0,816,0,816,735,6348,0,7083,0,0,0,0,0,100.0,735,6348,0,7083
534,Karimnagar,534035,MANAKONDUR,2035228,K Rajamouli  Maddikunta Villge,6,2024,15,374,0,389,31,1078,0,1109,525,6468,0,6993,105,1218,0,1323,420,5250,0,5670,0,0,0,0,0,100.0,420,5250,0,5670
534,Karimnagar,534035,MANAKONDUR,2035229,K Laxmi  Vegurupally Village,6,2024,9,340,0,349,23,957,0,980,315,5742,0,6057,70,144,0,214,245,5598,0,5843,0,0,0,0,0,100.0,245,5598,0,5843
534,Karimnagar,534035,MANAKONDUR,2035230,D Chandaraiah  Vegurupally Village,6,2024,17,364,0,381,43,1026,0,1069,595,6156,0,6751,105,2436,0,2541,490,3720,0,4210,0,0,0,0,0,100.0,490,3720,0,4210
534,Karimnagar,534035,MANAKONDUR,2035231,Nelaveni Ramulu  Pachunoor Village,6,2024,15,462,0,477,39,1381,0,1420,525,8286,0,8811,0,696,0,696,525,7590,0,8115,0,0,0,0,0,100.0,525,7590,0,8115
534,Karimnagar,534035,MANAKONDUR,2035232,N Srinivasa Chary  Pachunoor Village,6,2024,10,474,0,484,19,1342,0,1361,350,8052,0,8402,70,2022,0,2092,280,6030,0,6310,0,0,0,0,0,100.0,280,6030,0,6310
534,Karimnagar,534035,MANAKONDUR,2035233,G Laxminarayana  Utoor Village,6,2024,35,594,0,629,64,1597,0,1661,1225,9582,0,10807,175,0,0,175,1050,9582,0,10632,0,0,0,0,0,100.0,1050,9582,0,10632
534,Karimnagar,534035,MANAKONDUR,2035234,G Laxminarayana  Utoor Village,6,2024,25,566,0,591,55,1477,0,1532,875,8862,0,9737,105,3768,0,3873,770,5094,0,5864,0,0,0,0,0,100.0,770,5094,0,5864
534,Karimnagar,534035,MANAKONDUR,2035235,R Shankar  Veldhi Village,6,2024,19,379,0,398,55,1093,0,1148,665,6558,0,7223,105,1302,0,1407,560,5256,0,5816,0,0,0,0,0,100.0,560,5256,0,5816
534,Karimnagar,534035,MANAKONDUR,2035236,B Narsingam  Veldhi Village,6,2024,21,370,0,391,52,968,0,1020,735,5808,0,6543,280,3258,0,3538,455,2550,0,3005,0,0,0,0,0,100.0,455,2550,0,3005
534,Karimnagar,534035,MANAKONDUR,2035237,K Jayapal Reddy  Rangapeta H/o Veldhi Village,6,2024,22,604,0,626,60,1720,0,1780,770,10320,0,11090,461,4242,0,4703,309,6078,0,6387,0,0,0,0,0,100.0,309,6078,0,6387
534,Karimnagar,534035,MANAKONDUR,2035238,Uppu Mallesham  Laxmipoor Village,6,2024,26,543,0,569,66,1565,0,1631,910,9390,0,10300,175,1146,0,1321,735,8244,0,8979,0,0,0,0,0,100.0,735,8244,0,8979
534,Karimnagar,534035,MANAKONDUR,2035239,Undinti Shiva Kumar  Manakondur Village,6,2024,29,548,0,577,76,1746,0,1822,1015,10476,0,11491,210,3894,0,4104,805,6582,0,7387,0,0,0,0,0,100.0,805,6582,0,7387
534,Karimnagar,534035,MANAKONDUR,2035240,Nelli Soujanya SHG  Manakondur Village,6,2024,26,637,0,663,72,2083,0,2155,910,12498,0,13408,0,0,0,0,910,12498,0,13408,0,0,0,0,0,100.0,910,12498,0,13408
534,Karimnagar,534035,MANAKONDUR,2035241,Nallagonda Rajaiah  Kondapalkala  Village,6,2024,15,453,0,468,37,1330,0,1367,525,7980,0,8505,35,966,0,1001,490,7014,0,7504,0,0,0,0,0,100.0,490,7014,0,7504
534,Karimnagar,534035,MANAKONDUR,2035242,Kolani As Yella Laxmi  MANJUNATH MAHILA S.S POCHAMPALLY,6,2024,10,263,0,273,25,778,0,803,350,4668,0,5018,175,324,0,499,175,4344,0,4519,0,0,0,0,0,100.0,175,4344,0,4519
534,Karimnagar,534035,MANAKONDUR,2035243,"U Shiva Kumar  8-102/1, Manakondur",6,2024,9,395,0,404,26,1131,0,1157,315,6786,0,7101,0,2220,0,2220,315,4566,0,4881,0,0,0,0,0,100.0,315,4566,0,4881
534,Karimnagar,534035,MANAKONDUR,2035244,"N Srinivasa Chary  4-38, Manakondur",6,2024,7,348,0,355,12,1016,0,1028,245,6096,0,6341,70,12,0,82,175,6084,0,6259,0,0,0,0,0,100.0,175,6084,0,6259
534,Karimnagar,534035,MANAKONDUR,2035245,P Sarojana  Shamshabad,6,2024,9,193,0,202,28,578,0,606,315,3468,0,3783,140,1164,0,1304,175,2304,0,2479,0,0,0,0,0,100.0,175,2304,0,2479
534,Karimnagar,534035,MANAKONDUR,2035246,Kemasaram Sirisha Wo K Kumar  Peddurpally,6,2024,6,97,0,103,14,261,0,275,210,1566,0,1776,105,6,0,111,105,1560,0,1665,0,0,0,0,0,100.0,105,1560,0,1665
534,Karimnagar,534035,MANAKONDUR,2035247,Adepu Srilatha Prasanna Anjaneya Swashkthi Group  Nijaithigudem,6,2024,11,245,0,256,21,700,0,721,385,4200,0,4585,35,144,0,179,350,4056,0,4406,0,0,0,0,0,100.0,350,4056,0,4406
534,Karimnagar,534036,KARIMNAGAR,2036167,"S Thirupathi  3-56,Arepally",6,2024,91,742,0,833,253,2346,0,2599,3185,14076,0,17261,105,1386,0,1491,3080,12690,0,15770,0,0,0,0,0,100.0,3080,12690,0,15770
534,Karimnagar,534036,KARIMNAGAR,2036169,"D Narahari Rao  3-1, Nagunoor",6,2024,28,498,0,526,68,1541,0,1609,980,9246,0,10226,0,366,0,366,980,8880,0,9860,0,0,0,0,0,100.0,980,8880,0,9860
534,Karimnagar,534036,KARIMNAGAR,2036170,"B Mallaiah  4-11,Nagunoor",6,2024,24,478,0,502,67,1371,0,1438,840,8226,0,9066,0,264,0,264,840,7962,0,8802,0,0,0,0,0,100.0,840,7962,0,8802
534,Karimnagar,534036,KARIMNAGAR,2036171,"Velpula Ravinder Rao  1-18, Fakirpet",6,2024,31,155,0,186,81,453,0,534,1085,2718,0,3803,175,720,0,895,910,1998,0,2908,0,0,0,0,0,100.0,910,1998,0,2908
534,Karimnagar,534036,KARIMNAGAR,2036172,"CH  Venkatesh  5-89,Chamanapally",6,2024,45,402,0,447,118,1153,0,1271,1575,6918,0,8493,525,3300,0,3825,1050,3618,0,4668,0,0,0,0,0,100.0,1050,3618,0,4668
534,Karimnagar,534036,KARIMNAGAR,2036173,"G Shankaraiah  5-40,Chamanapally",6,2024,47,494,0,541,116,1440,0,1556,1645,8640,0,10285,630,1229,0,1859,1015,7411,0,8426,0,0,0,0,0,100.0,1015,7411,0,8426
534,Karimnagar,534036,KARIMNAGAR,2036174,"Sri Parameshawara group  3-66,Theegalaguttapally",6,2024,56,1103,0,1159,146,3351,0,3497,1960,20106,0,22066,0,2161,0,2161,1960,17945,0,19905,0,0,0,0,0,100.0,1960,17945,0,19905
534,Karimnagar,534036,KARIMNAGAR,2036175,"A Anitha  4-47,Charalabuthkur",6,2024,40,363,0,403,67,1023,0,1090,1400,6138,0,7538,210,1170,0,1380,1190,4968,0,6158,0,0,0,0,0,100.0,1190,4968,0,6158
534,Karimnagar,534036,KARIMNAGAR,2036176,"K Shanakaraiah  3-73/73,Cherlabuthkur",6,2024,35,401,0,436,70,1071,0,1141,1225,6426,0,7651,0,0,0,0,1225,6426,0,7651,0,0,0,0,0,100.0,1225,6426,0,7651
534,Karimnagar,534036,KARIMNAGAR,2036177,"Boddula Ganesham  1-38,Jublinaagr",6,2024,42,345,0,387,104,1007,0,1111,1470,6042,0,7512,70,720,0,790,1400,5322,0,6722,0,0,0,0,0,100.0,1400,5322,0,6722
534,Karimnagar,534036,KARIMNAGAR,2036178,"Balmuri Jagan Mohan Rao  4-4,Mogdumpur",6,2024,96,742,0,838,304,2217,0,2521,3360,13302,0,16662,140,1200,0,1340,3220,12102,0,15322,0,0,0,0,0,100.0,3220,12102,0,15322
534,Karimnagar,534036,KARIMNAGAR,2036179,"Sadineni Muniraju  2-30,Vallampad",6,2024,91,370,0,461,266,1059,0,1325,3185,6354,0,9539,280,834,0,1114,2905,5520,0,8425,0,0,0,0,0,100.0,2905,5520,0,8425
534,Karimnagar,534036,KARIMNAGAR,2036180,"Sadhineni Lavanya  2-56,Elabothram",6,2024,52,491,0,543,127,1356,0,1483,1820,8136,0,9956,140,1500,0,1640,1680,6636,0,8316,0,0,0,0,0,100.0,1680,6636,0,8316
534,Karimnagar,534036,KARIMNAGAR,2036181,"G Poshaiah  2-14, Irukulla",6,2024,22,368,0,390,53,1112,0,1165,770,6672,0,7442,105,1188,0,1293,665,5484,0,6149,0,0,0,0,0,100.0,665,5484,0,6149
534,Karimnagar,534036,KARIMNAGAR,2036184,"B Laxman  2-11, Bommakal",6,2024,34,591,0,625,87,1724,0,1811,1190,10344,0,11534,70,0,0,70,1120,10344,0,11464,0,0,0,0,0,100.0,1120,10344,0,11464
534,Karimnagar,534036,KARIMNAGAR,2036185,"P Shobarani  3-10, Bommakal",6,2024,53,794,0,847,149,2533,0,2682,1855,15198,0,17053,0,1470,0,1470,1855,13728,0,15583,0,0,0,0,0,100.0,1855,13728,0,15583
534,Karimnagar,534036,KARIMNAGAR,2036186,"G Kiran Kumar IC  3-45/3, Durshed",6,2024,70,593,0,663,201,1853,0,2054,2450,11118,0,13568,0,397,0,397,2450,10721,0,13171,0,0,0,0,0,100.0,2450,10721,0,13171
534,Karimnagar,534036,KARIMNAGAR,2036187,"Bejjenki Anjaiah  1-5, Gopalpur",6,2024,85,836,0,921,205,2432,0,2637,2975,14592,0,17567,35,0,0,35,2940,14592,0,17532,0,0,0,0,0,100.0,2940,14592,0,17532
534,Karimnagar,534036,KARIMNAGAR,2036188,"Ch Rajaiah  1-34,Chegurthi",6,2024,50,495,0,545,133,1470,0,1603,1750,8820,0,10570,385,2328,0,2713,1365,6492,0,7857,0,0,0,0,0,100.0,1365,6492,0,7857
534,Karimnagar,534036,KARIMNAGAR,2036201,"T Purnachandar  7-4,Bommakal",6,2024,44,683,0,727,117,2120,0,2237,1540,12720,0,14260,140,5472,0,5612,1400,7248,0,8648,0,0,0,0,0,100.0,1400,7248,0,8648
534,Karimnagar,534036,KARIMNAGAR,2036203,"Sri sai Mahila Group IC  3-45/3,Nallakuntapalli",6,2024,18,141,0,159,47,423,0,470,630,2538,0,3168,0,24,0,24,630,2514,0,3144,0,0,0,0,0,100.0,630,2514,0,3144
534,Karimnagar,534036,KARIMNAGAR,2036205,"T Thirumala  2-6,Bahadurkhanpet",6,2024,27,226,0,253,57,655,0,712,945,3930,0,4875,35,1080,0,1115,910,2850,0,3760,0,0,0,0,0,100.0,910,2850,0,3760
534,Karimnagar,534036,KARIMNAGAR,2036207,"M Rangaiah  3-73/12,Cherlabuthkur",6,2024,44,334,0,378,94,962,0,1056,1540,5772,0,7312,140,828,0,968,1400,4944,0,6344,0,0,0,0,0,100.0,1400,4944,0,6344
534,Karimnagar,534036,KARIMNAGAR,2036208,"Yezadanibegum  11-27,Nagunoor",6,2024,35,486,0,521,91,1445,0,1536,1225,8670,0,9895,0,1170,0,1170,1225,7500,0,8725,0,0,0,0,0,100.0,1225,7500,0,8725
534,Karimnagar,534036,KARIMNAGAR,2036209,"Gajula Kiran Kumar  3-45/3, Durshed",6,2024,39,412,0,451,88,1106,0,1194,1365,6636,0,8001,840,1878,0,2718,525,4758,0,5283,0,0,0,0,0,100.0,525,4758,0,5283
534,Karimnagar,534036,KARIMNAGAR,2036212,Mahila Group M Govardhan  Mandulapally,6,2024,18,162,0,180,46,580,0,626,630,3480,0,4110,0,1062,0,1062,630,2418,0,3048,0,0,0,0,0,100.0,630,2418,0,3048
534,Karimnagar,534036,KARIMNAGAR,2036213,"G Shankaraiah  5-40, Chamanpally",6,2024,18,162,0,180,39,482,0,521,630,2892,0,3522,105,0,0,105,525,2892,0,3417,0,0,0,0,0,100.0,525,2892,0,3417
534,Karimnagar,534036,KARIMNAGAR,2036214,"Sri Paremeshwar Group  3-66,Theegalaguttapally",6,2024,34,671,0,705,84,2141,0,2225,1190,12846,0,14036,0,1272,0,1272,1190,11574,0,12764,0,0,0,0,0,100.0,1190,11574,0,12764
534,Karimnagar,534036,KARIMNAGAR,2036215,"T Purna chandar  7-4,Bommakal",6,2024,28,494,0,522,82,1630,0,1712,980,9780,0,10760,630,4080,0,4710,350,5700,0,6050,0,0,0,0,0,100.0,350,5700,0,6050
534,Karimnagar,534037,RAMADUGU,2037601,Syed Musthaq  Ramadugu,6,2024,32,528,0,560,95,1552,0,1647,1120,9312,0,10432,0,1122,0,1122,1120,8190,0,9310,0,0,0,0,0,100.0,1120,8190,0,9310
534,Karimnagar,534037,RAMADUGU,2037602,Sd Imdad Ali  Ramadugu,6,2024,31,455,0,486,94,1335,0,1429,1085,8010,0,9095,35,108,0,143,1050,7902,0,8952,0,0,0,0,0,100.0,1050,7902,0,8952
534,Karimnagar,534037,RAMADUGU,2037603,J Mallamma  Sriramulapalli,6,2024,30,243,0,273,102,635,0,737,1050,3810,0,4860,210,606,0,816,840,3204,0,4044,0,0,0,0,0,100.0,840,3204,0,4044
534,Karimnagar,534037,RAMADUGU,2037604,K Bhumaiah  Laxmipur,6,2024,37,507,0,544,110,1407,0,1517,1295,8442,0,9737,70,1572,0,1642,1225,6870,0,8095,0,0,0,0,0,100.0,1225,6870,0,8095
534,Karimnagar,534037,RAMADUGU,2037605,M Kavitha  Venkatraopalli,6,2024,37,579,0,616,116,1618,0,1734,1295,9708,0,11003,105,1554,0,1659,1190,8154,0,9344,0,0,0,0,0,100.0,1190,8154,0,9344
534,Karimnagar,534037,RAMADUGU,2037606,S Anjan Kumar  Vedira,6,2024,24,439,0,463,75,1221,0,1296,840,7326,0,8166,0,1230,0,1230,840,6096,0,6936,0,0,0,0,0,100.0,840,6096,0,6936
534,Karimnagar,534037,RAMADUGU,2037607,D Shankaraiah  Vedira,6,2024,16,438,0,454,60,1191,0,1251,560,7146,0,7706,35,1386,0,1421,525,5760,0,6285,0,0,0,0,0,100.0,525,5760,0,6285
534,Karimnagar,534037,RAMADUGU,2037608,Panyala Prema Latha  Thirmalapur,6,2024,37,359,0,396,100,921,0,1021,1295,5526,0,6821,0,618,0,618,1295,4908,0,6203,0,0,0,0,0,100.0,1295,4908,0,6203
534,Karimnagar,534037,RAMADUGU,2037609,Panyala Prema Latha  Thirmalapur,6,2024,50,362,0,412,143,978,0,1121,1750,5868,0,7618,140,1230,0,1370,1610,4638,0,6248,0,0,0,0,0,100.0,1610,4638,0,6248
534,Karimnagar,534037,RAMADUGU,2037610,Kaatam Rajitha  Chippakurthi,6,2024,22,225,0,247,66,590,0,656,770,3540,0,4310,140,912,0,1052,630,2628,0,3258,0,0,0,0,0,100.0,630,2628,0,3258
534,Karimnagar,534037,RAMADUGU,2037611,J Mallaiah  Kokkerakunta,6,2024,38,572,0,610,121,1734,0,1855,1330,10404,0,11734,315,948,0,1263,1015,9456,0,10471,0,0,0,0,0,100.0,1015,9456,0,10471
534,Karimnagar,534037,RAMADUGU,2037612,M Akhil  Koratpalli,6,2024,35,292,0,327,108,799,0,907,1225,4794,0,6019,105,780,0,885,1120,4014,0,5134,0,0,0,0,0,100.0,1120,4014,0,5134
534,Karimnagar,534037,RAMADUGU,2037613,K Rajesham  Rudraram,6,2024,33,423,0,456,94,1163,0,1257,1155,6978,0,8133,140,1254,0,1394,1015,5724,0,6739,0,0,0,0,0,100.0,1015,5724,0,6739
534,Karimnagar,534037,RAMADUGU,2037614,S Suryanarayana  Rudraram,6,2024,56,471,0,527,172,1262,0,1434,1960,7572,0,9532,105,1644,0,1749,1855,5928,0,7783,0,0,0,0,0,100.0,1855,5928,0,7783
534,Karimnagar,534037,RAMADUGU,2037615,A Narsinga Rao  Mothe,6,2024,46,352,0,398,138,925,0,1063,1610,5550,0,7160,315,1212,0,1527,1295,4338,0,5633,0,0,0,0,0,100.0,1295,4338,0,5633
534,Karimnagar,534037,RAMADUGU,2037616,R.Kanakaiah  Vannaram,6,2024,41,576,0,617,125,1790,0,1915,1435,10740,0,12175,175,1404,0,1579,1260,9336,0,10596,0,0,0,0,0,100.0,1260,9336,0,10596
534,Karimnagar,534037,RAMADUGU,2037617,M Chandra mohan  Velichala,6,2024,31,788,0,819,107,2294,0,2401,1085,13764,0,14849,70,1182,0,1252,1015,12582,0,13597,0,0,0,0,0,100.0,1015,12582,0,13597
534,Karimnagar,534037,RAMADUGU,2037618,P Munemma  Velichala,6,2024,23,575,0,598,82,1580,0,1662,805,9480,0,10285,70,1662,0,1732,735,7818,0,8553,0,0,0,0,0,100.0,735,7818,0,8553
534,Karimnagar,534037,RAMADUGU,2037619,Machha Swarupa  Gundi,6,2024,24,318,0,342,66,903,0,969,840,5418,0,6258,35,1188,0,1223,805,4230,0,5035,0,0,0,0,0,100.0,805,4230,0,5035
534,Karimnagar,534037,RAMADUGU,2037620,Machha Swarupa  Gundi,6,2024,24,282,0,306,68,807,0,875,840,4842,0,5682,0,0,0,0,840,4842,0,5682,0,0,0,0,0,100.0,840,4842,0,5682
534,Karimnagar,534037,RAMADUGU,2037621,R Bharathi  Gopalraopet,6,2024,30,606,0,636,86,1694,0,1780,1050,10164,0,11214,0,156,0,156,1050,10008,0,11058,0,0,0,0,0,100.0,1050,10008,0,11058
534,Karimnagar,534037,RAMADUGU,2037622,Swargam Laxmi Narayana  Gopalraopet,6,2024,43,507,0,550,126,1537,0,1663,1505,9222,0,10727,0,0,0,0,1505,9222,0,10727,0,0,0,0,0,100.0,1505,9222,0,10727
534,Karimnagar,534037,RAMADUGU,2037623,GANTLA LAXMA REDDY  Dathojipet,6,2024,52,341,0,393,153,936,0,1089,1820,5616,0,7436,35,666,0,701,1785,4950,0,6735,0,0,0,0,0,100.0,1785,4950,0,6735
534,Karimnagar,534037,RAMADUGU,2037624,Parlapalli Laxmi  Shanagar,6,2024,34,383,0,417,84,1000,0,1084,1190,6000,0,7190,140,480,0,620,1050,5520,0,6570,0,0,0,0,0,100.0,1050,5520,0,6570
534,Karimnagar,534037,RAMADUGU,2037625,Arapelly Rajalingam  Deshrajpalli,6,2024,42,505,0,547,128,1345,0,1473,1470,8070,0,9540,0,2004,0,2004,1470,6066,0,7536,0,0,0,0,0,100.0,1470,6066,0,7536
534,Karimnagar,534037,RAMADUGU,2037626,Arigela Sujatha  Deshrajpalli,6,2024,28,498,0,526,82,1361,0,1443,980,8166,0,9146,70,0,0,70,910,8166,0,9076,0,0,0,0,0,100.0,910,8166,0,9076
534,Karimnagar,534037,RAMADUGU,2037627,M Ramesh  Ramadugu,6,2024,32,425,0,457,113,1308,0,1421,1120,7848,0,8968,0,762,0,762,1120,7086,0,8206,0,0,0,0,0,100.0,1120,7086,0,8206
534,Karimnagar,534037,RAMADUGU,2037628,Narla Manga  Gopalraopet,6,2024,32,537,0,569,92,1551,0,1643,1120,9306,0,10426,0,0,0,0,1120,9306,0,10426,0,0,0,0,0,100.0,1120,9306,0,10426
534,Karimnagar,534037,RAMADUGU,2037629,Misala Prabhakar  VEDIRA,6,2024,35,357,0,392,121,1015,0,1136,1225,6090,0,7315,0,150,0,150,1225,5940,0,7165,0,0,0,0,0,100.0,1225,5940,0,7165
534,Karimnagar,534037,RAMADUGU,2037630,P Laxmi  Kurumapalli,6,2024,19,307,0,326,48,856,0,904,665,5136,0,5801,245,1104,0,1349,420,4032,0,4452,0,0,0,0,0,100.0,420,4032,0,4452
534,Karimnagar,534037,RAMADUGU,2037631,K Rajitha  H. No.2-41/1 Ramachandrapur H/o Chippakurthi,6,2024,23,284,0,307,59,789,0,848,805,4734,0,5539,0,432,0,432,805,4302,0,5107,0,0,0,0,0,100.0,805,4302,0,5107
534,Karimnagar,534037,RAMADUGU,2037632,A Narsinga Rao  H. No. 1.229 Mothe,6,2024,27,155,0,182,66,450,0,516,945,2700,0,3645,0,78,0,78,945,2622,0,3567,0,0,0,0,0,100.0,945,2622,0,3567
534,Karimnagar,534037,RAMADUGU,2037633,P Laxmi  H. No. 1-4 Shanagar,6,2024,21,125,0,146,57,297,0,354,735,1782,0,2517,0,36,0,36,735,1746,0,2481,0,0,0,0,0,100.0,735,1746,0,2481
534,Karimnagar,534047,THIMMAPUR,2047301,Nagnoori Neela  Thimmapur,6,2024,29,530,0,559,85,1601,0,1686,1015,9606,0,10621,35,1896,0,1931,980,7710,0,8690,0,0,0,0,0,100.0,980,7710,0,8690
534,Karimnagar,534047,THIMMAPUR,2047302,P Mallesham  Thimmapur,6,2024,24,549,0,573,70,1718,0,1788,840,10308,0,11148,0,18,0,18,840,10290,0,11130,0,0,0,0,0,100.0,840,10290,0,11130
534,Karimnagar,534047,THIMMAPUR,2047303,"Syed Riyazuddin Ahmed  LMD Colony, Thimmapur",6,2024,6,193,1,200,16,618,1,635,210,3708,10,3928,0,0,0,0,210,3708,10,3928,0,0,0,0,0,100.0,210,3708,10,3928
534,Karimnagar,534047,THIMMAPUR,2047304,S Priyanka  Alugunoor,6,2024,32,686,0,718,83,2031,0,2114,1120,12186,0,13306,140,3302,0,3442,980,8884,0,9864,0,0,0,0,0,100.0,980,8884,0,9864
534,Karimnagar,534047,THIMMAPUR,2047305,Enakonda Radhamma  Alugunoor,6,2024,41,636,0,677,127,1886,0,2013,1435,11316,0,12751,105,1530,0,1635,1330,9786,0,11116,0,0,0,0,0,100.0,1330,9786,0,11116
534,Karimnagar,534047,THIMMAPUR,2047306,M Anil Kumar  Rama Krishna Colony H/o. Nusthulapur(V),6,2024,36,675,0,711,113,2286,0,2399,1260,13716,0,14976,0,1158,0,1158,1260,12558,0,13818,0,0,0,0,0,100.0,1260,12558,0,13818
534,Karimnagar,534047,THIMMAPUR,2047307,K Sathaiah  Nusthulapur,6,2024,25,566,0,591,65,1811,0,1876,875,10866,0,11741,0,378,0,378,875,10488,0,11363,0,0,0,0,0,100.0,875,10488,0,11363
534,Karimnagar,534047,THIMMAPUR,2047308,P Satyanarayana  Gundlacherupalli H/o. Nusthulapur(V),6,2024,25,306,0,331,72,991,0,1063,875,5946,0,6821,0,672,0,672,875,5274,0,6149,0,0,0,0,0,100.0,875,5274,0,6149
534,Karimnagar,534047,THIMMAPUR,2047309,Ch Jyothi  Kothapalli,6,2024,36,446,1,483,107,1228,1,1336,1260,7368,10,8638,35,0,0,35,1225,7368,10,8603,0,0,0,0,0,100.0,1225,7368,10,8603
534,Karimnagar,534047,THIMMAPUR,2047310,B Laxman  Renikunta,6,2024,29,423,0,452,80,1311,0,1391,1015,7866,0,8881,70,2460,0,2530,945,5406,0,6351,0,0,0,0,0,100.0,945,5406,0,6351
534,Karimnagar,534047,THIMMAPUR,2047311,Ch Padma  Renikunta,6,2024,33,444,0,477,87,1264,0,1351,1155,7584,0,8739,35,186,0,221,1120,7398,0,8518,0,0,0,0,0,100.0,1120,7398,0,8518
534,Karimnagar,534047,THIMMAPUR,2047312,B Anjaiah  Gollapalli H/o. Nedunoor(V),6,2024,32,319,0,351,88,922,0,1010,1120,5532,0,6652,35,990,0,1025,1085,4542,0,5627,0,0,0,0,0,100.0,1085,4542,0,5627
534,Karimnagar,534047,THIMMAPUR,2047313,K Vanitha  Nedunoor,6,2024,29,256,1,286,82,709,1,792,1015,4254,10,5279,35,738,0,773,980,3516,10,4506,0,0,0,0,0,100.0,980,3516,10,4506
534,Karimnagar,534047,THIMMAPUR,2047314,B Anjaiah  Jugundla H/o. Vachunoor(V),6,2024,16,188,2,206,48,540,2,590,560,3240,20,3820,70,756,10,836,490,2484,10,2984,0,0,0,0,0,100.0,490,2484,10,2984
534,Karimnagar,534047,THIMMAPUR,2047315,Uppuleti Kondaiah  Vachunoor,6,2024,35,329,0,364,100,944,0,1044,1225,5664,0,6889,105,24,0,129,1120,5640,0,6760,0,0,0,0,0,100.0,1120,5640,0,6760
534,Karimnagar,534047,THIMMAPUR,2047316,V Renuka Devi  Nallagonda,6,2024,40,449,0,489,141,1357,0,1498,1400,8142,0,9542,35,1632,0,1667,1365,6510,0,7875,0,0,0,0,0,100.0,1365,6510,0,7875
534,Karimnagar,534047,THIMMAPUR,2047317,Katkuri Ramanareddy  Parlapalli,6,2024,37,375,0,412,77,1017,0,1094,1295,6102,0,7397,70,6,0,76,1225,6096,0,7321,0,0,0,0,0,100.0,1225,6096,0,7321
534,Karimnagar,534047,THIMMAPUR,2047318,Neerumalla Haimavathi  Parlapalli,6,2024,18,346,0,364,48,958,0,1006,630,5748,0,6378,35,714,0,749,595,5034,0,5629,0,0,0,0,0,100.0,595,5034,0,5629
534,Karimnagar,534047,THIMMAPUR,2047319,Neerumalla Haimavathi  Parlapalli,6,2024,11,327,1,339,24,924,1,949,385,5544,10,5939,0,768,10,778,385,4776,0,5161,0,0,0,0,0,100.0,385,4776,0,5161
534,Karimnagar,534047,THIMMAPUR,2047320,N Rajeshwar Rao  Mogilipalem,6,2024,43,457,0,500,145,1279,0,1424,1505,7674,0,9179,70,1026,0,1096,1435,6648,0,8083,0,0,0,0,0,100.0,1435,6648,0,8083
534,Karimnagar,534047,THIMMAPUR,2047321,N Premalatha  Mogilipalem,6,2024,27,482,0,509,74,1473,0,1547,945,8838,0,9783,0,1920,0,1920,945,6918,0,7863,0,0,0,0,0,100.0,945,6918,0,7863
534,Karimnagar,534047,THIMMAPUR,2047322,Naradasu Rajeshwar Rao  Polampalli,6,2024,54,799,5,858,148,2390,5,2543,1890,14340,50,16280,210,2532,20,2762,1680,11808,30,13518,0,0,0,0,0,100.0,1680,11808,30,13518
534,Karimnagar,534047,THIMMAPUR,2047323,M. Ramulu  Mallapur,6,2024,42,706,0,748,123,2067,0,2190,1470,12402,0,13872,0,1410,0,1410,1470,10992,0,12462,0,0,0,0,0,100.0,1470,10992,0,12462
534,Karimnagar,534047,THIMMAPUR,2047324,Ravula Srilatha  Mannempalli,6,2024,42,468,0,510,116,1474,0,1590,1470,8844,0,10314,239,1674,0,1913,1231,7170,0,8401,0,0,0,0,0,100.0,1231,7170,0,8401
534,Karimnagar,534047,THIMMAPUR,2047325,Thudicherla Mallaiah  Porandla,6,2024,27,417,0,444,83,1217,0,1300,945,7302,0,8247,0,768,0,768,945,6534,0,7479,0,0,0,0,0,100.0,945,6534,0,7479
534,Karimnagar,534047,THIMMAPUR,2047327,A. Sujatha  Indiranagar H/o. Nusthulapur(V),6,2024,27,334,0,361,66,1001,0,1067,945,6006,0,6951,70,330,0,400,875,5676,0,6551,0,0,0,0,0,100.0,875,5676,0,6551
534,Karimnagar,534047,THIMMAPUR,2047328,Kodamunja Sharada  Mahatmanagar H/o. Thimmapur(M),6,2024,25,327,2,354,62,979,2,1043,875,5874,20,6769,0,342,20,362,875,5532,0,6407,0,0,0,0,0,100.0,875,5532,0,6407
534,Karimnagar,534047,THIMMAPUR,2047329,"Varala Laxmi Wo Narsaiah  H.No. 4-100/36, R/o. Venkateshwara Colony, Alugunoor",6,2024,6,323,0,329,22,1006,0,1028,210,6036,0,6246,0,0,0,0,210,6036,0,6246,0,0,0,0,0,100.0,210,6036,0,6246
534,Karimnagar,534047,THIMMAPUR,2047330,"Madisetti Kavitha Wo Venkanna  H.No. 4-60/2, R/o.Makthapalli H/o. Nallagonda(V)",6,2024,12,243,0,255,41,700,0,741,420,4200,0,4620,35,924,0,959,385,3276,0,3661,0,0,0,0,0,100.0,385,3276,0,3661
534,Karimnagar,534047,THIMMAPUR,2047331,M Anil Kumar  Subash Nagar,6,2024,9,315,0,324,21,823,0,844,315,4938,0,5253,0,0,0,0,315,4938,0,5253,0,0,0,0,0,100.0,315,4938,0,5253
534,Karimnagar,534047,THIMMAPUR,2047332,B Anjaiah  Rama Hanuman Nagar,6,2024,13,80,0,93,35,221,0,256,455,1326,0,1781,0,96,0,96,455,1230,0,1685,0,0,0,0,0,100.0,455,1230,0,1685
534,Karimnagar,534047,THIMMAPUR,2047333,N Rajeshwar Rao  Narsingapur,6,2024,11,109,0,120,36,331,0,367,385,1986,0,2371,0,30,0,30,385,1956,0,2341,0,0,0,0,0,100.0,385,1956,0,2341
534,Karimnagar,534047,THIMMAPUR,2047334,K Soujanya  Mannempalli,6,2024,7,185,0,192,19,497,0,516,245,2982,0,3227,0,18,0,18,245,2964,0,3209,0,0,0,0,0,100.0,245,2964,0,3209
534,Karimnagar,534047,THIMMAPUR,2047335,Arelli Vanaja  Porandla,6,2024,14,324,0,338,39,920,0,959,490,5520,0,6010,0,24,0,24,490,5496,0,5986,0,0,0,0,0,100.0,490,5496,0,5986
534,Karimnagar,534048,Kesavapatnam,2048601,Bojja Ramadevi  7-104/C Keshavapatanam,6,2024,43,478,0,521,116,1385,0,1501,1505,8310,0,9815,0,0,0,0,1505,8310,0,9815,0,0,0,0,0,100.0,1505,8310,0,9815
534,Karimnagar,534048,Kesavapatnam,2048602,Bakki Mogili  4-88 SC colony Keshavapatanam,6,2024,38,386,0,424,109,1098,0,1207,1330,6588,0,7918,1225,6498,0,7723,105,90,0,195,0,0,0,0,0,100.0,105,90,0,195
534,Karimnagar,534048,Kesavapatnam,2048603,Samala Venkataswamy  1-109 Vankayagudem,6,2024,26,219,0,245,57,612,0,669,910,3672,0,4582,0,0,0,0,910,3672,0,4582,0,0,0,0,0,100.0,910,3672,0,4582
534,Karimnagar,534048,Kesavapatnam,2048604,Molguri Srinivas  2-106 Pochammaveedhi tadikal,6,2024,30,463,0,493,77,1324,0,1401,1050,7944,0,8994,0,82,0,82,1050,7862,0,8912,0,0,0,0,0,100.0,1050,7862,0,8912
534,Karimnagar,534048,Kesavapatnam,2048605,J Bhoomaiah  5-83 Pochammaveedhi Chinthagutta,6,2024,26,281,0,307,67,811,0,878,910,4866,0,5776,245,678,0,923,665,4188,0,4853,0,0,0,0,0,100.0,665,4188,0,4853
534,Karimnagar,534048,Kesavapatnam,2048606,Neduru Komala  H No 2-77 Yeradapalli,6,2024,47,741,0,788,124,2156,0,2280,1645,12936,0,14581,35,1884,0,1919,1610,11052,0,12662,0,0,0,0,0,100.0,1610,11052,0,12662
534,Karimnagar,534048,Kesavapatnam,2048607,J Raju  H No 1-27 hanuman Colony Ambalpoor,6,2024,27,399,0,426,71,1111,0,1182,945,6666,0,7611,0,588,0,588,945,6078,0,7023,0,0,0,0,0,100.0,945,6078,0,7023
534,Karimnagar,534048,Kesavapatnam,2048608,Vanaparthi Nagaiah  1-91 Near GP kareempeta,6,2024,39,447,1,487,107,1348,1,1456,1365,8088,10,9463,46,702,0,748,1319,7386,10,8715,0,0,0,0,0,100.0,1319,7386,10,8715
534,Karimnagar,534048,Kesavapatnam,2048609,B Padma  3-45 Muthram,6,2024,29,611,0,640,94,1754,0,1848,1015,10524,0,11539,0,762,0,762,1015,9762,0,10777,0,0,0,0,0,100.0,1015,9762,0,10777
534,Karimnagar,534048,Kesavapatnam,2048610,K Vijaya  H No 1-58 Near GP Kannapoor,6,2024,25,441,0,466,67,1190,0,1257,875,7140,0,8015,0,108,0,108,875,7032,0,7907,0,0,0,0,0,100.0,875,7032,0,7907
534,Karimnagar,534048,Kesavapatnam,2048611,Ch Pushpalatha  H No 4-61/3  Chinthalapalli,6,2024,36,496,0,532,110,1299,0,1409,1260,7794,0,9054,35,930,0,965,1225,6864,0,8089,0,0,0,0,0,100.0,1225,6864,0,8089
534,Karimnagar,534048,Kesavapatnam,2048612,K Yellamma  H No 6-106   Molangoor,6,2024,26,521,0,547,78,1481,0,1559,910,8886,0,9796,175,2172,0,2347,735,6714,0,7449,0,0,0,0,0,100.0,735,6714,0,7449
534,Karimnagar,534048,Kesavapatnam,2048613,Aliguvelly Nagashiromani  H No 6-2 Molangoor,6,2024,27,408,0,435,77,1090,0,1167,945,6540,0,7485,0,1272,0,1272,945,5268,0,6213,0,0,0,0,0,100.0,945,5268,0,6213
534,Karimnagar,534048,Kesavapatnam,2048614,Mathangi Mamatha  H No 1-1 Sc Colony kachapoor,6,2024,19,251,0,270,52,652,0,704,665,3912,0,4577,140,738,0,878,525,3174,0,3699,0,0,0,0,0,100.0,525,3174,0,3699
534,Karimnagar,534048,Kesavapatnam,2048615,"Vallakatla Bhadraiah  H No 3-90 Metpalli ,",6,2024,21,506,1,528,54,1444,1,1499,735,8664,10,9409,105,2190,0,2295,630,6474,10,7114,0,0,0,0,0,100.0,630,6474,10,7114
534,Karimnagar,534048,Kesavapatnam,2048616,Ch Mamatha  H No 5-57 Lingapoor,6,2024,33,707,0,740,74,1946,0,2020,1155,11676,0,12831,0,1566,0,1566,1155,10110,0,11265,0,0,0,0,0,100.0,1155,10110,0,11265
534,Karimnagar,534048,Kesavapatnam,2048617,Gotte Saraiah  Amudalapalli,6,2024,45,537,0,582,109,1447,0,1556,1575,8682,0,10257,175,864,0,1039,1400,7818,0,9218,0,0,0,0,0,100.0,1400,7818,0,9218
534,Karimnagar,534048,Kesavapatnam,2048618,G Komuramma  H No 3-22/8  Rajapoor,6,2024,37,606,0,643,86,1624,0,1710,1295,9744,0,11039,70,1050,0,1120,1225,8694,0,9919,0,0,0,0,0,100.0,1225,8694,0,9919
534,Karimnagar,534048,Kesavapatnam,2048619,T Anjali  2-121 Sc Colony Kothagattu,6,2024,34,382,0,416,81,1068,0,1149,1190,6408,0,7598,35,66,0,101,1155,6342,0,7497,0,0,0,0,0,100.0,1155,6342,0,7497
534,Karimnagar,534048,Kesavapatnam,2048620,B Srivedha  3-40 Gaddapaka,6,2024,20,525,0,545,44,1394,0,1438,700,8364,0,9064,0,1194,0,1194,700,7170,0,7870,0,0,0,0,0,100.0,700,7170,0,7870
534,Karimnagar,534048,Kesavapatnam,2048621,P Parsharamulu  H No 1-90 Keshavapatnam,6,2024,38,559,1,598,83,1599,1,1683,1330,9594,10,10934,0,144,0,144,1330,9450,10,10790,0,0,0,0,0,100.0,1330,9450,10,10790
534,Karimnagar,534048,Kesavapatnam,2048622,Thirupathi Renuka  H No 4-111/1 Thadikal,6,2024,31,469,0,500,85,1299,0,1384,1085,7794,0,8879,0,936,0,936,1085,6858,0,7943,0,0,0,0,0,100.0,1085,6858,0,7943
534,Karimnagar,534048,Kesavapatnam,2048623,D Premalatha  2-8 Dharmaram,6,2024,36,558,1,595,90,1580,1,1671,1260,9480,10,10750,0,1908,10,1918,1260,7572,0,8832,0,0,0,0,0,100.0,1260,7572,0,8832
534,Karimnagar,534048,Kesavapatnam,2048624,U Sammireddy  H No 3-3  Kothagattu,6,2024,29,365,0,394,71,997,0,1068,1015,5982,0,6997,0,1146,0,1146,1015,4836,0,5851,0,0,0,0,0,100.0,1015,4836,0,5851
534,Karimnagar,534048,Kesavapatnam,2048625,Mandadi Mahipal Alias Mahipal Reddy  H No 5-16 Metpalli,6,2024,38,521,0,559,88,1486,0,1574,1330,8916,0,10246,140,6,0,146,1190,8910,0,10100,0,0,0,0,0,100.0,1190,8910,0,10100
534,Karimnagar,534048,Kesavapatnam,2048626,P Rathnakar  H No    Ippalapalli,6,2024,19,324,0,343,49,940,0,989,665,5640,0,6305,210,1674,0,1884,455,3966,0,4421,0,0,0,0,0,100.0,455,3966,0,4421
534,Karimnagar,534048,Kesavapatnam,2048627,Bamandla Pally Satyanarayana  H No 2-29 kachapoor,6,2024,16,247,0,263,34,619,0,653,560,3714,0,4274,105,474,0,579,455,3240,0,3695,0,0,0,0,0,100.0,455,3240,0,3695
534,Karimnagar,534048,Kesavapatnam,2048628,"B Kavitha  4-85/1, Gollapally",6,2024,3,194,0,197,7,562,0,569,105,3372,0,3477,0,192,0,192,105,3180,0,3285,0,0,0,0,0,100.0,105,3180,0,3285
534,Karimnagar,534048,Kesavapatnam,2048629,"Yamunuri Shobha  1-96/5, Arkandla",6,2024,3,168,0,171,12,478,0,490,105,2868,0,2973,0,36,0,36,105,2832,0,2937,0,0,0,0,0,100.0,105,2832,0,2937
534,Karimnagar,534048,Kesavapatnam,2048630,"K Yellamma  7-101, Maktha",6,2024,3,83,0,86,10,227,0,237,105,1362,0,1467,0,120,0,120,105,1242,0,1347,0,0,0,0,0,100.0,105,1242,0,1347
534,Karimnagar,534048,Kesavapatnam,2048631,"S Srinivas  4-64/2, Gaddapaka",6,2024,6,154,0,160,16,430,0,446,210,2580,0,2790,35,150,0,185,175,2430,0,2605,0,0,0,0,0,100.0,175,2430,0,2605
534,Karimnagar,534048,Kesavapatnam,2048632,"E Roja  1-35, Kalwala",6,2024,6,113,0,119,15,322,0,337,210,1932,0,2142,35,222,0,257,175,1710,0,1885,0,0,0,0,0,100.0,175,1710,0,1885
534,Karimnagar,534049,Huzurabad,2049101,"Bandari Sai Chandu  20-436,Huzurabad",6,2024,52,994,0,1046,140,3075,0,3215,1820,18450,0,20270,175,84,0,259,1645,18366,0,20011,0,0,0,0,0,100.0,1645,18366,0,20011
534,Karimnagar,534049,Huzurabad,2049102,"Thummala Kondaiah  9-41/1,Huzurabad",6,2024,23,378,0,401,60,1124,0,1184,805,6744,0,7549,0,0,0,0,805,6744,0,7549,0,0,0,0,0,100.0,805,6744,0,7549
534,Karimnagar,534049,Huzurabad,2049103,"P Mahendar  2-30,Huzurabad",6,2024,76,488,0,564,208,1337,0,1545,2660,8022,0,10682,0,0,0,0,2660,8022,0,10682,0,0,0,0,0,100.0,2660,8022,0,10682
534,Karimnagar,534049,Huzurabad,2049104,"Bollam Mogilaiah  11-15,Huzurabad",6,2024,21,417,0,438,46,1277,0,1323,735,7662,0,8397,35,1644,0,1679,700,6018,0,6718,0,0,0,0,0,100.0,700,6018,0,6718
534,Karimnagar,534049,Huzurabad,2049105,"E Satyanarayana  13-46/1, Huzurabad",6,2024,10,643,0,653,31,1966,0,1997,350,11796,0,12146,0,72,0,72,350,11724,0,12074,0,0,0,0,0,100.0,350,11724,0,12074
534,Karimnagar,534049,Huzurabad,2049106,"P Chandramouli  3-93, Huzurabad",6,2024,38,374,0,412,106,1087,0,1193,1330,6522,0,7852,0,504,0,504,1330,6018,0,7348,0,0,0,0,0,100.0,1330,6018,0,7348
534,Karimnagar,534049,Huzurabad,2049107,"S ASHOK  19-69, Huzurabad",6,2024,27,556,0,583,69,1609,0,1678,945,9654,0,10599,0,1764,0,1764,945,7890,0,8835,0,0,0,0,0,100.0,945,7890,0,8835
534,Karimnagar,534049,Huzurabad,2049108,"Farida banu  15-40/A, Huzurabad",6,2024,34,391,0,425,88,1100,0,1188,1190,6600,0,7790,0,12,0,12,1190,6588,0,7778,0,0,0,0,0,100.0,1190,6588,0,7778
534,Karimnagar,534049,Huzurabad,2049109,"Mamunoori Anjan Kumar  15-89,Huzurabad",6,2024,37,634,0,671,105,1955,0,2060,1295,11730,0,13025,0,102,0,102,1295,11628,0,12923,0,0,0,0,0,100.0,1295,11628,0,12923
534,Karimnagar,534049,Huzurabad,2049110,"B Srilatha  6-09,Dammakkapeta",6,2024,31,386,0,417,83,1078,0,1161,1085,6468,0,7553,0,114,0,114,1085,6354,0,7439,0,0,0,0,0,100.0,1085,6354,0,7439
534,Karimnagar,534049,Huzurabad,2049111,"G Srilatha  1-112, Rampoor",6,2024,23,516,0,539,52,1457,0,1509,805,8742,0,9547,140,1596,0,1736,665,7146,0,7811,0,0,0,0,0,100.0,665,7146,0,7811
534,Karimnagar,534049,Huzurabad,2049112,"K Varalaxmi  1-19,Rangapoor",6,2024,36,581,0,617,88,1583,0,1671,1260,9498,0,10758,0,870,0,870,1260,8628,0,9888,0,0,0,0,0,100.0,1260,8628,0,9888
534,Karimnagar,534049,Huzurabad,2049113,"S Satyanarayana  3-54,Peddapapaiahpally",6,2024,30,427,0,457,85,1146,0,1231,1050,6876,0,7926,35,582,0,617,1015,6294,0,7309,0,0,0,0,0,100.0,1015,6294,0,7309
534,Karimnagar,534049,Huzurabad,2049114,S Rajamouli  2-109 Pothireddypeta,6,2024,26,358,0,384,60,1050,0,1110,910,6300,0,7210,70,120,0,190,840,6180,0,7020,0,0,0,0,0,100.0,840,6180,0,7020
534,Karimnagar,534049,Huzurabad,2049115,"D Dasu  2-1,Pothireddypeta",6,2024,23,390,0,413,50,1136,0,1186,805,6816,0,7621,0,1560,0,1560,805,5256,0,6061,0,0,0,0,0,100.0,805,5256,0,6061
534,Karimnagar,534049,Huzurabad,2049116,"P Paididda Raju  2-39, Sirasapally",6,2024,59,865,0,924,118,2510,0,2628,2065,15060,0,17125,35,2064,0,2099,2030,12996,0,15026,0,0,0,0,0,100.0,2030,12996,0,15026
534,Karimnagar,534049,Huzurabad,2049117,"Kannam Manemma  12-48,Chelpoor",6,2024,40,553,0,593,115,1482,0,1597,1400,8892,0,10292,70,864,0,934,1330,8028,0,9358,0,0,0,0,0,100.0,1330,8028,0,9358
534,Karimnagar,534049,Huzurabad,2049118,Myakam Lavanya  12-58/1 Thokalapally H/o Chelpur,6,2024,31,508,0,539,82,1407,0,1489,1085,8442,0,9527,175,1866,0,2041,910,6576,0,7486,0,0,0,0,0,100.0,910,6576,0,7486
534,Karimnagar,534049,Huzurabad,2049119,"M Dhanalaxmi  10-63 Shalapally,Chelpoor",6,2024,26,462,0,488,69,1331,0,1400,910,7986,0,8896,0,84,0,84,910,7902,0,8812,0,0,0,0,0,100.0,910,7902,0,8812
534,Karimnagar,534049,Huzurabad,2049120,"R Komal  3-49/1,Jupaka",6,2024,44,531,0,575,102,1432,0,1534,1540,8592,0,10132,210,2064,0,2274,1330,6528,0,7858,0,0,0,0,0,100.0,1330,6528,0,7858
534,Karimnagar,534049,Huzurabad,2049121,"M Vinay  2-80/1, Kanukulagidda",6,2024,43,565,0,608,122,1546,0,1668,1505,9276,0,10781,140,1561,0,1701,1365,7715,0,9080,0,0,0,0,0,100.0,1365,7715,0,9080
534,Karimnagar,534049,Huzurabad,2049122,K Babu Rao  2-8 Bornapally,6,2024,46,701,0,747,115,1982,0,2097,1610,11892,0,13502,35,1062,0,1097,1575,10830,0,12405,0,0,0,0,0,100.0,1575,10830,0,12405
534,Karimnagar,534049,Huzurabad,2049123,"V Madhusudhan Rao  2-54, Kanudugula",6,2024,35,768,0,803,97,2264,0,2361,1225,13584,0,14809,0,1428,0,1428,1225,12156,0,13381,0,0,0,0,0,100.0,1225,12156,0,13381
534,Karimnagar,534049,Huzurabad,2049124,G Shiva kumar  1-38 Dahramarajpally,6,2024,26,532,0,558,69,1485,0,1554,910,8910,0,9820,35,1044,0,1079,875,7866,0,8741,0,0,0,0,0,100.0,875,7866,0,8741
534,Karimnagar,534049,Huzurabad,2049125,B Srinivas  1-64 Singapoor,6,2024,56,733,0,789,133,1972,0,2105,1960,11832,0,13792,210,1380,0,1590,1750,10452,0,12202,0,0,0,0,0,100.0,1750,10452,0,12202
534,Karimnagar,534049,Huzurabad,2049126,"S Ramaiah  3-6/1, Katrapally",6,2024,48,569,0,617,129,1554,0,1683,1680,9324,0,11004,0,1380,0,1380,1680,7944,0,9624,0,0,0,0,0,100.0,1680,7944,0,9624
534,Karimnagar,534049,Huzurabad,2049127,"Y Mohan Reddy  4-33, Thummanapally",6,2024,26,406,0,432,67,1029,0,1096,910,6174,0,7084,70,408,0,478,840,5766,0,6606,0,0,0,0,0,100.0,840,5766,0,6606
534,Karimnagar,534049,Huzurabad,2049128,"MD Shahana Sulthana  12-48, Chelpoor",6,2024,33,447,0,480,80,1222,0,1302,1155,7332,0,8487,0,594,0,594,1155,6738,0,7893,0,0,0,0,0,100.0,1155,6738,0,7893
534,Karimnagar,534049,Huzurabad,2049129,"D Geethakumari  2-19, Kothapally",6,2024,43,785,0,828,143,2246,0,2389,1505,13476,0,14981,35,896,0,931,1470,12580,0,14050,0,0,0,0,0,100.0,1470,12580,0,14050
534,Karimnagar,534049,Huzurabad,2049130,"M Venkatachalam  8-98, Huzurabad",6,2024,16,279,0,295,43,772,0,815,560,4632,0,5192,0,978,0,978,560,3654,0,4214,0,0,0,0,0,100.0,560,3654,0,4214
534,Karimnagar,534049,Huzurabad,2049131,"N Satyanarayana Reddy  2-34, Chinnapapaiahpally",6,2024,15,219,0,234,35,595,0,630,525,3570,0,4095,35,300,0,335,490,3270,0,3760,0,0,0,0,0,100.0,490,3270,0,3760
534,Karimnagar,534049,Huzurabad,2049132,"D Vindoda  1-54, Ippalanarsingapoor",6,2024,38,687,0,725,93,1967,0,2060,1330,11802,0,13132,35,1176,0,1211,1295,10626,0,11921,0,0,0,0,0,100.0,1295,10626,0,11921
534,Karimnagar,534049,Huzurabad,2049133,"Ch Sammaiah  1-148, Peddapapaiahpally",6,2024,42,524,0,566,116,1377,0,1493,1470,8262,0,9732,70,1554,0,1624,1400,6708,0,8108,0,0,0,0,0,100.0,1400,6708,0,8108
534,Karimnagar,534049,Huzurabad,2049134,"A Komura Reddy  14-67/2, Rajapally",6,2024,25,317,0,342,63,853,0,916,875,5118,0,5993,0,534,0,534,875,4584,0,5459,0,0,0,0,0,100.0,875,4584,0,5459
534,Karimnagar,534049,Huzurabad,2049135,"B Vanitha  5-44, Rampoor",6,2024,26,472,0,498,63,1391,0,1454,910,8346,0,9256,35,558,0,593,875,7788,0,8663,0,0,0,0,0,100.0,875,7788,0,8663
534,Karimnagar,534049,Huzurabad,2049136,"A Sammakka  1-102/1,Venkatraopally",6,2024,25,385,0,410,67,1121,0,1188,875,6726,0,7601,0,0,0,0,875,6726,0,7601,0,0,0,0,0,100.0,875,6726,0,7601
534,Karimnagar,534049,Huzurabad,2049137,Y Mohan Reddy IC  Mandadipalli H/o Thummanapalli(V),6,2024,13,125,0,138,39,357,0,396,455,2142,0,2597,210,744,0,954,245,1398,0,1643,0,0,0,0,0,100.0,245,1398,0,1643
534,Karimnagar,534049,Huzurabad,2049138,"Mididhoddi Ravi  2-10, Thummanapally",6,2024,20,313,0,333,47,846,0,893,700,5076,0,5776,0,180,0,180,700,4896,0,5596,0,0,0,0,0,100.0,700,4896,0,5596
534,Karimnagar,534049,Huzurabad,2049139,Kadipikonda Akhila  Bothalapalli H/o Jupaka(V),6,2024,4,138,0,142,6,370,0,376,140,2220,0,2360,0,162,0,162,140,2058,0,2198,0,0,0,0,0,100.0,140,2058,0,2198
534,Karimnagar,534049,Huzurabad,2049140,Emmadi Pravalika  Kandugula (V),6,2024,22,217,0,239,57,631,0,688,770,3786,0,4556,0,384,0,384,770,3402,0,4172,0,0,0,0,0,100.0,770,3402,0,4172
534,Karimnagar,534052,Saidapur,2052801,Bathula Saiteja  Saidapur,6,2024,25,294,0,319,63,803,0,866,875,4818,0,5693,210,2082,0,2292,665,2736,0,3401,0,0,0,0,0,100.0,665,2736,0,3401
534,Karimnagar,534052,Saidapur,2052802,Nelli Pushpaleela  Saidapur,6,2024,31,287,0,318,93,785,0,878,1085,4710,0,5795,0,90,0,90,1085,4620,0,5705,0,0,0,0,0,100.0,1085,4620,0,5705
534,Karimnagar,534052,Saidapur,2052803,Burla Vasantha Rani  Jagiripally,6,2024,29,413,0,442,61,1171,0,1232,1015,7026,0,8041,140,1734,0,1874,875,5292,0,6167,0,0,0,0,0,100.0,875,5292,0,6167
534,Karimnagar,534052,Saidapur,2052804,Myakala Raju  Venkepally,6,2024,43,583,0,626,107,1581,0,1688,1505,9486,0,10991,0,0,0,0,1505,9486,0,10991,0,0,0,0,0,100.0,1505,9486,0,10991
534,Karimnagar,534052,Saidapur,2052805,Yalam Rajireddy  Duddenapally,6,2024,34,372,0,406,111,1008,0,1119,1190,6048,0,7238,0,0,0,0,1190,6048,0,7238,0,0,0,0,0,100.0,1190,6048,0,7238
534,Karimnagar,534052,Saidapur,2052806,A Madhavi  Duddenapally,6,2024,29,400,0,429,92,1069,0,1161,1015,6414,0,7429,175,3486,0,3661,840,2928,0,3768,0,0,0,0,0,100.0,840,2928,0,3768
534,Karimnagar,534052,Saidapur,2052807,Thodeti Vasantha  Ghanpur,6,2024,37,545,0,582,86,1404,0,1490,1295,8424,0,9719,0,984,0,984,1295,7440,0,8735,0,0,0,0,0,100.0,1295,7440,0,8735
534,Karimnagar,534052,Saidapur,2052808,Alugoori Shankar Llingam  Akunur,6,2024,41,571,2,614,132,1455,2,1589,1435,8730,20,10185,210,2594,0,2804,1225,6136,20,7381,0,0,0,0,0,100.0,1225,6136,20,7381
534,Karimnagar,534052,Saidapur,2052809,Gangishetti Rajaiah  Venkateshwrlapally,6,2024,21,254,1,276,54,730,1,785,735,4380,10,5125,70,402,0,472,665,3978,10,4653,0,0,0,0,0,100.0,665,3978,10,4653
534,Karimnagar,534052,Saidapur,2052810,Thakur Sangeetha Bai  Perkapally,6,2024,9,312,0,321,27,907,0,934,315,5442,0,5757,70,1806,0,1876,245,3636,0,3881,0,0,0,0,0,100.0,245,3636,0,3881
534,Karimnagar,534052,Saidapur,2052811,Muthyala Gouthamkumar  Gollagudem,6,2024,37,288,1,326,116,737,1,854,1295,4422,10,5727,105,432,10,547,1190,3990,0,5180,0,0,0,0,0,100.0,1190,3990,0,5180
534,Karimnagar,534052,Saidapur,2052812,Usakoila Chandramouli  Raikal,6,2024,40,702,0,742,122,1821,0,1943,1400,10926,0,12326,315,2172,0,2487,1085,8754,0,9839,0,0,0,0,0,100.0,1085,8754,0,9839
534,Karimnagar,534052,Saidapur,2052813,Nadigadda Raju  Bommakal,6,2024,21,440,0,461,53,1112,0,1165,735,6672,0,7407,70,1950,0,2020,665,4722,0,5387,0,0,0,0,0,100.0,665,4722,0,5387
534,Karimnagar,534052,Saidapur,2052814,Spinoj Kumar  Godishala,6,2024,42,649,0,691,125,1833,0,1958,1470,10998,0,12468,245,3114,0,3359,1225,7884,0,9109,0,0,0,0,0,100.0,1225,7884,0,9109
534,Karimnagar,534052,Saidapur,2052815,Gujjula Laxma Reddy  Gujjulapally,6,2024,24,360,1,385,66,954,1,1021,840,5724,10,6574,40,852,0,892,800,4872,10,5682,0,0,0,0,0,100.0,800,4872,10,5682
534,Karimnagar,534052,Saidapur,2052816,Choppari Ramadevi  Elabotharam,6,2024,36,384,2,422,91,1182,2,1275,1260,7092,20,8372,105,672,0,777,1155,6420,20,7595,0,0,0,0,0,100.0,1155,6420,20,7595
534,Karimnagar,534052,Saidapur,2052817,Akula Rajitha  Ramchadrapur,6,2024,30,356,0,386,92,966,0,1058,1050,5796,0,6846,105,750,0,855,945,5046,0,5991,0,0,0,0,0,100.0,945,5046,0,5991
534,Karimnagar,534052,Saidapur,2052818,Juneni Koteshwar Rao  Ammanagurthi,6,2024,36,529,0,565,111,1441,0,1552,1260,8646,0,9906,70,1782,0,1852,1190,6864,0,8054,0,0,0,0,0,100.0,1190,6864,0,8054
534,Karimnagar,534052,Saidapur,2052819,Paidimalla Archana  Somaram,6,2024,31,453,0,484,95,1265,0,1360,1085,7590,0,8675,105,2304,0,2409,980,5286,0,6266,0,0,0,0,0,100.0,980,5286,0,6266
534,Karimnagar,534052,Saidapur,2052820,Kotha Swaroopa Rani  Eklaspur,6,2024,43,610,0,653,129,1603,0,1732,1505,9618,0,11123,105,1705,0,1810,1400,7913,0,9313,0,0,0,0,0,100.0,1400,7913,0,9313
534,Karimnagar,534052,Saidapur,2052821,Billa Rajitha Rani  Vennampally,6,2024,24,267,0,291,48,690,0,738,840,4140,0,4980,0,0,0,0,840,4140,0,4980,0,0,0,0,0,100.0,840,4140,0,4980
534,Karimnagar,534052,Saidapur,2052822,Bingi Gopal  Gollapally,6,2024,34,378,0,412,94,1027,0,1121,1190,6162,0,7352,0,54,0,54,1190,6108,0,7298,0,0,0,0,0,100.0,1190,6108,0,7298
534,Karimnagar,534052,Saidapur,2052823,Manchikatla Sadanandam  Chinthalapally,6,2024,8,139,0,147,21,385,0,406,280,2310,0,2590,35,0,0,35,245,2310,0,2555,0,0,0,0,0,100.0,245,2310,0,2555
534,Karimnagar,534052,Saidapur,2052824,"Arugonda Nagaraju  H.No.6-108, Yellampalli(V)",6,2024,31,376,0,407,82,1022,0,1104,1085,6132,0,7217,0,822,0,822,1085,5310,0,6395,0,0,0,0,0,100.0,1085,5310,0,6395
534,Karimnagar,534052,Saidapur,2052825,Kotte Sainath Reddy  Lasmannapally,6,2024,40,614,0,654,85,1624,0,1709,1400,9744,0,11144,70,2232,0,2302,1330,7512,0,8842,0,0,0,0,0,100.0,1330,7512,0,8842
534,Karimnagar,534052,Saidapur,2052826,Dumala Sridhar  Arepally,6,2024,11,223,0,234,21,641,0,662,385,3846,0,4231,0,0,0,0,385,3846,0,4231,0,0,0,0,0,100.0,385,3846,0,4231
534,Karimnagar,534052,Saidapur,2052827,Chenevi Sumalatha  Sarvaipet,6,2024,22,306,1,329,56,837,1,894,770,5022,10,5802,0,60,10,70,770,4962,0,5732,0,0,0,0,0,100.0,770,4962,0,5732
534,Karimnagar,534052,Saidapur,2052828,V Manoj Kumar  Nallaniramaiahpally,6,2024,8,69,0,77,29,189,0,218,280,1134,0,1414,35,36,0,71,245,1098,0,1343,0,0,0,0,0,100.0,245,1098,0,1343
534,Karimnagar,534052,Saidapur,2052829,Pathipaka.Ramya  Ramulapally,6,2024,16,155,1,172,46,434,1,481,560,2604,10,3174,0,438,0,438,560,2166,10,2736,0,0,0,0,0,100.0,560,2166,10,2736
534,Karimnagar,534052,Saidapur,2052830,Banothu Jyothi  Raikal Thanda,6,2024,23,131,0,154,62,368,0,430,805,2208,0,3013,280,972,0,1252,525,1236,0,1761,0,0,0,0,0,100.0,525,1236,0,1761
534,Karimnagar,534052,Saidapur,2052831,Veeramalla Mahipal Reddy  Gundlapally,6,2024,12,144,1,157,37,377,1,415,420,2262,10,2692,0,126,0,126,420,2136,10,2566,0,0,0,0,0,100.0,420,2136,10,2566
534,Karimnagar,534053,CHIGURUMAMIDI,2053901,"Thallapalli Bhaskar  H.No.7-124, Chigurumamidi",6,2024,63,667,0,730,151,1864,0,2015,2205,11184,0,13389,115,1164,0,1279,2090,10020,0,12110,0,0,0,0,0,100.0,2090,10020,0,12110
534,Karimnagar,534053,CHIGURUMAMIDI,2053902,"Katam Narsaiah  H.No.3-6, Chigurumamidi",6,2024,36,558,0,594,99,1579,0,1678,1260,9474,0,10734,350,3262,0,3612,910,6212,0,7122,0,0,0,0,0,100.0,910,6212,0,7122
534,Karimnagar,534053,CHIGURUMAMIDI,2053903,"Vontela Rajitha  H.No.3-70, Seetharampur",6,2024,18,341,0,359,38,999,0,1037,630,5994,0,6624,0,882,0,882,630,5112,0,5742,0,0,0,0,0,100.0,630,5112,0,5742
534,Karimnagar,534053,CHIGURUMAMIDI,2053904,"Nallala Vanaja  H.NO.1-06, Lambadipalli",6,2024,21,353,0,374,41,1001,0,1042,735,6006,0,6741,70,720,0,790,665,5286,0,5951,0,0,0,0,0,100.0,665,5286,0,5951
534,Karimnagar,534053,CHIGURUMAMIDI,2053905,"Javvaji Ramulu  H.No.8-21, Rekonda",6,2024,5,542,0,547,11,1447,0,1458,175,8682,0,8857,0,1626,0,1626,175,7056,0,7231,0,0,0,0,0,100.0,175,7056,0,7231
534,Karimnagar,534053,CHIGURUMAMIDI,2053906,"Javvaji Ramulu  H.No.4-64, Rekonda",6,2024,15,521,0,536,37,1399,0,1436,525,8394,0,8919,105,1710,0,1815,420,6684,0,7104,0,0,0,0,0,100.0,420,6684,0,7104
534,Karimnagar,534053,CHIGURUMAMIDI,2053907,"Deshini Jyothi  H.No.5-151/A, Bommanapalli",6,2024,43,648,0,691,115,1796,0,1911,1505,10776,0,12281,315,1500,0,1815,1190,9276,0,10466,0,0,0,0,0,100.0,1190,9276,0,10466
534,Karimnagar,534053,CHIGURUMAMIDI,2053908,"G Kamala IC  H.No.2-112, Bommanapalli",6,2024,41,488,0,529,103,1352,0,1455,1435,8112,0,9547,105,1656,0,1761,1330,6456,0,7786,0,0,0,0,0,100.0,1330,6456,0,7786
534,Karimnagar,534053,CHIGURUMAMIDI,2053909,"T Sujatha IC  H.No.4-37, Ullampalli",6,2024,32,431,0,463,90,1256,0,1346,1120,7536,0,8656,210,1062,0,1272,910,6474,0,7384,0,0,0,0,0,100.0,910,6474,0,7384
534,Karimnagar,534053,CHIGURUMAMIDI,2053910,"Bedigam Bhadraiah  H.No.2-33, Sundaragiri",6,2024,22,452,0,474,59,1279,0,1338,770,7674,0,8444,105,1560,0,1665,665,6114,0,6779,0,0,0,0,0,100.0,665,6114,0,6779
534,Karimnagar,534053,CHIGURUMAMIDI,2053911,"Bingi Sarojana  H.No.2-11, Kondapoor",6,2024,43,739,0,782,100,2141,0,2241,1505,12846,0,14351,70,2706,0,2776,1435,10140,0,11575,0,0,0,0,0,100.0,1435,10140,0,11575
534,Karimnagar,534053,CHIGURUMAMIDI,2053912,"Mattela Komuraiah  H.No.2-81, Navabpet",6,2024,31,562,0,593,81,1568,0,1649,1085,9408,0,10493,0,444,0,444,1085,8964,0,10049,0,0,0,0,0,100.0,1085,8964,0,10049
534,Karimnagar,534053,CHIGURUMAMIDI,2053913,"Kanthala Madhuravathi  H.NO.2-31/2, Navabpet",6,2024,34,504,0,538,98,1482,0,1580,1190,8892,0,10082,35,1182,0,1217,1155,7710,0,8865,0,0,0,0,0,100.0,1155,7710,0,8865
534,Karimnagar,534053,CHIGURUMAMIDI,2053914,"Dussa Rajamani  H.NO.6-58/1, Indurthi",6,2024,24,484,0,508,59,1291,0,1350,840,7746,0,8586,0,728,0,728,840,7018,0,7858,0,0,0,0,0,100.0,840,7018,0,7858
534,Karimnagar,534053,CHIGURUMAMIDI,2053915,"Vemula Ravinder  H.No.9-29, Indurthi",6,2024,21,281,0,302,52,731,0,783,735,4386,0,5121,0,6,0,6,735,4380,0,5115,0,0,0,0,0,100.0,735,4380,0,5115
534,Karimnagar,534053,CHIGURUMAMIDI,2053916,"Gattu Madhu  H.No.1-48, Ogulapur",6,2024,24,407,0,431,53,1072,0,1125,840,6432,0,7272,0,960,0,960,840,5472,0,6312,0,0,0,0,0,100.0,840,5472,0,6312
534,Karimnagar,534053,CHIGURUMAMIDI,2053917,"Ravula Manohara  H.No.10-71, Gagireddypalli",6,2024,33,412,0,445,107,1343,0,1450,1155,8058,0,9213,0,624,0,624,1155,7434,0,8589,0,0,0,0,0,100.0,1155,7434,0,8589
534,Karimnagar,534053,CHIGURUMAMIDI,2053918,"Boini Chandraiah  H.No.3-41, Mudimanikyam",6,2024,31,270,0,301,94,749,0,843,1085,4494,0,5579,0,510,0,510,1085,3984,0,5069,0,0,0,0,0,100.0,1085,3984,0,5069
534,Karimnagar,534053,CHIGURUMAMIDI,2053919,"E Papaiah  H.No.3-54/1, Ramancha",6,2024,21,617,0,638,53,1779,0,1832,735,10674,0,11409,35,2076,0,2111,700,8598,0,9298,0,0,0,0,0,100.0,700,8598,0,9298
534,Karimnagar,534053,CHIGURUMAMIDI,2053920,"Sambari Bharathamma  H.No.1-80/D, Mulkanoor",6,2024,21,363,0,384,62,953,0,1015,735,5718,0,6453,0,678,0,678,735,5040,0,5775,0,0,0,0,0,100.0,735,5040,0,5775
534,Karimnagar,534053,CHIGURUMAMIDI,2053921,"Mora Manemma  H.No.1-90, Rekonda",6,2024,80,423,0,503,221,1173,0,1394,2800,7038,0,9838,350,864,0,1214,2450,6174,0,8624,0,0,0,0,0,100.0,2450,6174,0,8624
534,Karimnagar,534053,CHIGURUMAMIDI,2053922,"Buriki Hanumandlu  H.No.6-28, Indurthi",6,2024,28,345,0,373,58,988,0,1046,980,5928,0,6908,315,3330,0,3645,665,2598,0,3263,0,0,0,0,0,100.0,665,2598,0,3263
534,Karimnagar,534053,CHIGURUMAMIDI,2053923,"Peechu Aruna  H.No.1-15, Peechupalli",6,2024,14,197,0,211,27,526,0,553,490,3156,0,3646,0,204,0,204,490,2952,0,3442,0,0,0,0,0,100.0,490,2952,0,3442
534,Karimnagar,534053,CHIGURUMAMIDI,2053924,"Thallapally Sujatha  H.No.5-11, Sundharagiri",6,2024,42,488,0,530,110,1472,0,1582,1470,8832,0,10302,35,696,0,731,1435,8136,0,9571,0,0,0,0,0,100.0,1435,8136,0,9571
534,Karimnagar,534053,CHIGURUMAMIDI,2053925,"Donapati Rajitha  H.No.2-120/6, Mudimanikyam",6,2024,17,322,0,339,38,821,0,859,595,4926,0,5521,105,636,0,741,490,4290,0,4780,0,0,0,0,0,100.0,490,4290,0,4780
534,Karimnagar,534053,CHIGURUMAMIDI,2053926,"Makutam Laxmi  H.NO.2-69, Mulakanoor",6,2024,27,374,0,401,72,1015,0,1087,945,6090,0,7035,0,590,0,590,945,5500,0,6445,0,0,0,0,0,100.0,945,5500,0,6445
534,Karimnagar,534053,CHIGURUMAMIDI,2053927,"Andhe Bhulaxmi  H.No.8-68/4, Gunukulapalli",6,2024,8,172,0,180,19,466,0,485,280,2796,0,3076,35,984,0,1019,245,1812,0,2057,0,0,0,0,0,100.0,245,1812,0,2057
534,Karimnagar,534058,Ellandakunta,2058001,"Kandala Thirupathi  H.No.7-124, Ellanthakunta",6,2024,40,579,0,619,104,1557,0,1661,1400,9342,0,10742,35,1794,0,1829,1365,7548,0,8913,0,0,0,0,0,100.0,1365,7548,0,8913
534,Karimnagar,534058,Ellandakunta,2058002,"Kandala Cheralu  H.No.2-84, Ellanthakunta",6,2024,38,682,0,720,93,1876,0,1969,1330,11256,0,12586,35,900,0,935,1295,10356,0,11651,0,0,0,0,0,100.0,1295,10356,0,11651
534,Karimnagar,534058,Ellandakunta,2058003,"Marapalli Sampath  H.No.3-30, Chinnakomatipalli",6,2024,12,372,0,384,31,1092,0,1123,420,6552,0,6972,35,1194,0,1229,385,5358,0,5743,0,0,0,0,0,100.0,385,5358,0,5743
534,Karimnagar,534058,Ellandakunta,2058004,"M KRISHNAPRIYA  H.No.1-112, Tekurthy",6,2024,27,444,0,471,65,1203,0,1268,945,7218,0,8163,35,1524,0,1559,910,5694,0,6604,0,0,0,0,0,100.0,910,5694,0,6604
534,Karimnagar,534058,Ellandakunta,2058005,"Sappi Pochaiah  H.No.1-18, Vanthadupula",6,2024,17,394,0,411,42,1033,0,1075,595,6198,0,6793,0,984,0,984,595,5214,0,5809,0,0,0,0,0,100.0,595,5214,0,5809
534,Karimnagar,534058,Ellandakunta,2058006,"Vinjapuri Swarnalatha  H.No.3-07, Sriramulapalli",6,2024,25,503,0,528,72,1434,0,1506,875,8604,0,9479,0,6,0,6,875,8598,0,9473,0,0,0,0,0,100.0,875,8598,0,9473
534,Karimnagar,534058,Ellandakunta,2058007,"Garrepalli Venkatrajam  H.No.5-16, Rachapalli",6,2024,19,289,0,308,51,761,0,812,665,4566,0,5231,35,150,0,185,630,4416,0,5046,0,0,0,0,0,100.0,630,4416,0,5046
534,Karimnagar,534058,Ellandakunta,2058008,"Durishetty Laxminarayana  H.No.1-8, Kanagarthi",6,2024,47,791,0,838,145,2184,0,2329,1645,13104,0,14749,245,2558,0,2803,1400,10546,0,11946,0,0,0,0,0,100.0,1400,10546,0,11946
534,Karimnagar,534058,Ellandakunta,2058009,"Gannu Sampath Incharge  H.No.2-7-1, Sirsedu",6,2024,4,319,0,323,4,837,0,841,140,5022,0,5162,0,2118,0,2118,140,2904,0,3044,0,0,0,0,0,100.0,140,2904,0,3044
534,Karimnagar,534058,Ellandakunta,2058010,"Pingili Rajireddy  H.No.2-61, Bujunoor",6,2024,24,423,0,447,53,1121,0,1174,840,6726,0,7566,0,636,0,636,840,6090,0,6930,0,0,0,0,0,100.0,840,6090,0,6930
534,Karimnagar,534058,Ellandakunta,2058011,"Injam Saritha  H.No.8-33, Seethampet",6,2024,25,636,0,661,52,1687,0,1739,875,10122,0,10997,0,1698,0,1698,875,8424,0,9299,0,0,0,0,0,100.0,875,8424,0,9299
534,Karimnagar,534058,Ellandakunta,2058012,"Marri Rajabhadraiah  H.No.2-96, Sirsedu",6,2024,22,582,0,604,56,1578,0,1634,770,9468,0,10238,105,924,0,1029,665,8544,0,9209,0,0,0,0,0,100.0,665,8544,0,9209
534,Karimnagar,534058,Ellandakunta,2058013,"Gannu Sampath  H.No.2-7-1, Sirsedu",6,2024,25,539,0,564,83,1466,0,1549,875,8796,0,9671,35,2640,0,2675,840,6156,0,6996,0,0,0,0,0,100.0,840,6156,0,6996
534,Karimnagar,534058,Ellandakunta,2058014,"Devunuri Prabhakar  H.No.3-145, Mallial",6,2024,47,775,0,822,128,2120,0,2248,1645,12720,0,14365,175,2754,0,2929,1470,9966,0,11436,0,0,0,0,0,100.0,1470,9966,0,11436
534,Karimnagar,534058,Ellandakunta,2058015,"Challuri Padma  H.No.2-11, Patharlapalli",6,2024,23,350,0,373,62,966,0,1028,805,5796,0,6601,0,750,0,750,805,5046,0,5851,0,0,0,0,0,100.0,805,5046,0,5851
534,Karimnagar,534058,Ellandakunta,2058016,"V APARANJI  H.No.1-34/2, Laxmajipalli",6,2024,14,504,0,518,26,1329,0,1355,490,7974,0,8464,35,1044,0,1079,455,6930,0,7385,0,0,0,0,0,100.0,455,6930,0,7385
534,Karimnagar,534058,Ellandakunta,2058017,"Madduri Sadanandam  H.No.1-105, Rachapalli",6,2024,18,518,0,536,45,1389,0,1434,630,8334,0,8964,0,1854,0,1854,630,6480,0,7110,0,0,0,0,0,100.0,630,6480,0,7110
534,Karimnagar,534058,Ellandakunta,2058018,K SHRAVANI  Mallannapalli,6,2024,2,189,0,191,4,514,0,518,70,3084,0,3154,0,54,0,54,70,3030,0,3100,0,0,0,0,0,100.0,70,3030,0,3100
534,Karimnagar,534058,Ellandakunta,2058019,Elaveni Jayapal  Gaddivanipalli,6,2024,7,244,0,251,16,660,0,676,245,3960,0,4205,70,924,0,994,175,3036,0,3211,0,0,0,0,0,100.0,175,3036,0,3211
534,Karimnagar,534058,Ellandakunta,2058020,N RAJABHADRAIAH  Bogampadu,6,2024,5,264,0,269,8,636,0,644,175,3816,0,3991,0,1410,0,1410,175,2406,0,2581,0,0,0,0,0,100.0,175,2406,0,2581
534,Karimnagar,534058,Ellandakunta,2058021,K.CHERALU  Vagoddu Ramannapally,6,2024,4,147,0,151,8,387,0,395,140,2322,0,2462,0,210,0,210,140,2112,0,2252,0,0,0,0,0,100.0,140,2112,0,2252
534,Karimnagar,534059,Ganneruvaram,2059001,"Gunukula Laxmi Narsimha Reddy  H.No.1-19, Gunukulkondapur (v) Bejjanki (M)",6,2024,35,530,0,565,100,1615,0,1715,1225,9690,0,10915,140,2142,0,2282,1085,7548,0,8633,0,0,0,0,0,100.0,1085,7548,0,8633
534,Karimnagar,534059,Ganneruvaram,2059002,"Ch Bapi  H.No.5-17, Gundlapalli (v) Bejjanki (M)",6,2024,26,429,1,456,62,1270,1,1333,910,7620,10,8540,0,852,10,862,910,6768,0,7678,0,0,0,0,0,100.0,910,6768,0,7678
534,Karimnagar,534059,Ganneruvaram,2059003,"V Veerakumar  H.No.9-57, Cheemalakuntapalli (v) Bejjanki (M)",6,2024,16,294,0,310,42,910,0,952,560,5460,0,6020,70,1063,0,1133,490,4397,0,4887,0,0,0,0,0,100.0,490,4397,0,4887
534,Karimnagar,534059,Ganneruvaram,2059004,"Anumandla Padma  H.No.6-25, Jangapalli (v) Bejjanki (M)",6,2024,31,398,0,429,101,1121,0,1222,1085,6726,0,7811,0,1464,0,1464,1085,5262,0,6347,0,0,0,0,0,100.0,1085,5262,0,6347
534,Karimnagar,534059,Ganneruvaram,2059005,"Ch Sampath  H.No.2-80, Jangapalli (v) Bejjanki (M)",6,2024,14,450,0,464,35,1360,0,1395,490,8160,0,8650,35,1566,0,1601,455,6594,0,7049,0,0,0,0,0,100.0,455,6594,0,7049
534,Karimnagar,534059,Ganneruvaram,2059006,"B Ramesh  H.No.1-92, Gopalpur (v) Bejjanki (M)",6,2024,9,132,0,141,28,376,0,404,315,2256,0,2571,70,534,0,604,245,1722,0,1967,0,0,0,0,0,100.0,245,1722,0,1967
534,Karimnagar,534059,Ganneruvaram,2059007,"Noundla Soujanya  H.No.1-147, Madhapur (v) Bejjanki (M)",6,2024,27,386,0,413,80,1110,0,1190,945,6660,0,7605,0,942,0,942,945,5718,0,6663,0,0,0,0,0,100.0,945,5718,0,6663
534,Karimnagar,534059,Ganneruvaram,2059008,"T Shankara Chary  H.No.2-120/1, Mylaram (v) Bejjanki (M)",6,2024,27,427,0,454,84,1288,0,1372,945,7728,0,8673,35,954,0,989,910,6774,0,7684,0,0,0,0,0,100.0,910,6774,0,7684
534,Karimnagar,534059,Ganneruvaram,2059009,"A Balaiah  H.No.3-10, Hanmajipalli (v) Bejjanki (M)",6,2024,35,497,0,532,77,1493,0,1570,1225,8958,0,10183,105,1128,0,1233,1120,7830,0,8950,0,0,0,0,0,100.0,1120,7830,0,8950
534,Karimnagar,534059,Ganneruvaram,2059010,"B Prathap Reddy  H.No.2-76, Paruvella (v) Bejjanki (M)",6,2024,25,407,0,432,66,1132,0,1198,875,6792,0,7667,35,936,0,971,840,5856,0,6696,0,0,0,0,0,100.0,840,5856,0,6696
534,Karimnagar,534059,Ganneruvaram,2059011,"V Raji Reddy  H.No.1-1, Ganneruvaram (v) Bejjanki (M)",6,2024,10,226,0,236,30,713,0,743,350,4278,0,4628,0,0,0,0,350,4278,0,4628,0,0,0,0,0,100.0,350,4278,0,4628
534,Karimnagar,534059,Ganneruvaram,2059012,"Gali Anjaneyulu  H.No.6-67/18/1, Ganneruvaram (v) Bejjanki (M)",6,2024,33,570,0,603,101,1743,0,1844,1155,10458,0,11613,0,0,0,0,1155,10458,0,11613,0,0,0,0,0,100.0,1155,10458,0,11613
534,Karimnagar,534059,Ganneruvaram,2059013,"Haripriya Gramaikya Sangam SHG  H.No.6-67/18/1, Ganneruvaram (v) Bejjanki (",6,2024,43,524,0,567,106,1526,0,1632,1505,9156,0,10661,70,3792,0,3862,1435,5364,0,6799,0,0,0,0,0,100.0,1435,5364,0,6799
534,Karimnagar,534059,Ganneruvaram,2059014,"Katukoori Laxmi  H.No.1-69, Khasimpet (v) Bejjanki (M)",6,2024,22,422,0,444,62,1173,0,1235,770,7038,0,7808,35,774,0,809,735,6264,0,6999,0,0,0,0,0,100.0,735,6264,0,6999
534,Karimnagar,534059,Ganneruvaram,2059015,Shankara Chary  Sambaiahpalli,6,2024,0,64,0,64,0,212,0,212,0,1272,0,1272,0,0,0,0,0,1272,0,1272,0,0,0,0,0,100.0,0,1272,0,1272
534,Karimnagar,534059,Ganneruvaram,2059016,Gali Anjaneyulu  Chakalvanipalli,6,2024,4,155,0,159,12,513,0,525,140,3078,0,3218,0,0,0,0,140,3078,0,3218,0,0,0,0,0,100.0,140,3078,0,3218
534,Karimnagar,534059,Ganneruvaram,2059017,Gali Anjaneyulu IC  SC Community hall Yeswada,6,2024,4,51,0,55,11,157,0,168,140,942,0,1082,0,0,0,0,140,942,0,1082,0,0,0,0,0,100.0,140,942,0,1082
534,Karimnagar,534059,Ganneruvaram,2059018,B Prathap Reddy  Chokkaraopally,6,2024,7,144,0,151,14,425,0,439,245,2550,0,2795,0,0,0,0,245,2550,0,2795,0,0,0,0,0,100.0,245,2550,0,2795
534,Karimnagar,534060,Kothapally,2060001,"B Prudhvi  2-25,Vijayapuri",6,2024,11,445,0,456,32,1485,0,1517,385,8910,0,9295,5,3,0,8,380,8907,0,9287,0,0,0,0,0,100.0,380,8907,0,9287
534,Karimnagar,534060,Kothapally,2060002,"Co Operative Stores  8-35/1,Kothapalli",6,2024,30,392,0,422,82,1182,0,1264,1050,7092,0,8142,0,6,0,6,1050,7086,0,8136,0,0,0,0,0,100.0,1050,7086,0,8136
534,Karimnagar,534060,Kothapally,2060003,"Co Operative Stores  8-35/1, Kothapalli",6,2024,26,402,0,428,74,1187,0,1261,910,7122,0,8032,0,0,0,0,910,7122,0,8032,0,0,0,0,0,100.0,910,7122,0,8032
534,Karimnagar,534060,Kothapally,2060004,"B Rajesham  7-72,Kothapalli",6,2024,29,299,0,328,70,890,0,960,1015,5340,0,6355,70,3456,0,3526,945,1884,0,2829,0,0,0,0,0,100.0,945,1884,0,2829
534,Karimnagar,534060,Kothapally,2060005,"S Bagyalaxmi  1-1110,Laxmipur,Malkapur",6,2024,37,544,0,581,104,1549,0,1653,1295,9294,0,10589,0,0,0,0,1295,9294,0,10589,0,0,0,0,0,100.0,1295,9294,0,10589
534,Karimnagar,534060,Kothapally,2060006,"Guntapelli Ravinder  3-91/1,Malkapur",6,2024,31,289,0,320,86,823,0,909,1085,4938,0,6023,0,372,0,372,1085,4566,0,5651,0,0,0,0,0,100.0,1085,4566,0,5651
534,Karimnagar,534060,Kothapally,2060007,"P Laxmi  4-88, Chinthakunta",6,2024,14,550,0,564,46,1640,0,1686,490,9840,0,10330,0,5958,0,5958,490,3882,0,4372,0,0,0,0,0,100.0,490,3882,0,4372
534,Karimnagar,534060,Kothapally,2060008,"G Mallaiah  1-50, Padmanagar",6,2024,37,361,0,398,92,1107,0,1199,1295,6642,0,7937,70,468,0,538,1225,6174,0,7399,0,0,0,0,0,100.0,1225,6174,0,7399
534,Karimnagar,534060,Kothapally,2060009,"Arukala Vijaya  1-288,Rekurthi",6,2024,35,530,0,565,83,1598,0,1681,1225,9588,0,10813,0,108,0,108,1225,9480,0,10705,0,0,0,0,0,100.0,1225,9480,0,10705
534,Karimnagar,534060,Kothapally,2060010,"S.Umadevi  1-40,Seetharampur",6,2024,13,351,0,364,29,1039,0,1068,455,6234,0,6689,175,1238,0,1413,280,4996,0,5276,0,0,0,0,0,100.0,280,4996,0,5276
534,Karimnagar,534060,Kothapally,2060011,"V Laxmirajam  7-45,Elgandal",6,2024,45,340,0,385,103,963,0,1066,1575,5778,0,7353,105,876,0,981,1470,4902,0,6372,0,0,0,0,0,100.0,1470,4902,0,6372
534,Karimnagar,534060,Kothapally,2060012,"MD Rizwana  1-54,Elgandal",6,2024,55,405,0,460,132,1193,0,1325,1925,7158,0,9083,35,168,0,203,1890,6990,0,8880,0,0,0,0,0,100.0,1890,6990,0,8880
534,Karimnagar,534060,Kothapally,2060013,"V Chandrakala  9-91,Elgandal",6,2024,54,344,0,398,108,982,0,1090,1890,5892,0,7782,560,2604,0,3164,1330,3288,0,4618,0,0,0,0,0,100.0,1330,3288,0,4618
534,Karimnagar,534060,Kothapally,2060014,"K Latha  2-19,Kamanpur",6,2024,35,367,0,402,85,1078,0,1163,1225,6468,0,7693,0,0,0,0,1225,6468,0,7693,0,0,0,0,0,100.0,1225,6468,0,7693
534,Karimnagar,534060,Kothapally,2060015,"G Ravindar  3-75,Asifnaagr",6,2024,26,384,0,410,73,1178,0,1251,910,7068,0,7978,0,1584,0,1584,910,5484,0,6394,0,0,0,0,0,100.0,910,5484,0,6394
534,Karimnagar,534060,Kothapally,2060016,"K Thirupathamma  2-8,Baddipalli",6,2024,49,389,0,438,101,1031,0,1132,1715,6186,0,7901,0,684,0,684,1715,5502,0,7217,0,0,0,0,0,100.0,1715,5502,0,7217
534,Karimnagar,534060,Kothapally,2060017,"G Maruthi  4-55/1,Nagulamalyal",6,2024,20,208,0,228,68,771,0,839,700,4626,0,5326,0,108,0,108,700,4518,0,5218,0,0,0,0,0,100.0,700,4518,0,5218
534,Karimnagar,534060,Kothapally,2060018,"Kuragayala Shobharani  1-84,Kazipur",6,2024,38,446,0,484,83,1265,0,1348,1330,7590,0,8920,105,1176,0,1281,1225,6414,0,7639,0,0,0,0,0,100.0,1225,6414,0,7639
534,Karimnagar,534060,Kothapally,2060019,"Shravani Mahila Group  3-54,Sriramramulapalli",6,2024,6,100,0,106,13,271,0,284,210,1626,0,1836,0,162,0,162,210,1464,0,1674,0,0,0,0,0,100.0,210,1464,0,1674
534,Karimnagar,534060,Kothapally,2060020,"B Komuraiah  3-54,Ramulapalli,kamanpur",6,2024,28,345,0,373,73,1044,0,1117,980,6264,0,7244,0,6,0,6,980,6258,0,7238,0,0,0,0,0,100.0,980,6258,0,7238
534,Karimnagar,534060,Kothapally,2060021,"D Vanaja  3-23,Asifnagar",6,2024,36,346,0,382,96,1028,0,1124,1260,6168,0,7428,0,684,0,684,1260,5484,0,6744,0,0,0,0,0,100.0,1260,5484,0,6744
534,Karimnagar,534060,Kothapally,2060022,"Co Operative Stores  3-93,Kothapalli",6,2024,31,303,0,334,80,858,0,938,1085,5148,0,6233,0,0,0,0,1085,5148,0,6233,0,0,0,0,0,100.0,1085,5148,0,6233
534,Karimnagar,534060,Kothapally,2060023,G Maruthi  Kotha Kondapur,6,2024,38,332,0,370,63,690,0,753,1330,4140,0,5470,210,1398,0,1608,1120,2742,0,3862,0,0,0,0,0,100.0,1120,2742,0,3862
534,Karimnagar,534060,Kothapally,2060024,B Prudhvi  Vijayapuri,6,2024,27,440,0,467,80,1406,0,1486,945,8436,0,9381,455,3790,0,4245,490,4646,0,5136,0,0,0,0,0,100.0,490,4646,0,5136
534,Karimnagar,534060,Kothapally,2060025,B Prudhvi  Vijayapuri,6,2024,27,439,0,466,88,1458,0,1546,945,8748,0,9693,70,1327,0,1397,875,7421,0,8296,0,0,0,0,0,100.0,875,7421,0,8296
534,Karimnagar,534060,Kothapally,2060026,Co Operative Siciety  Kothapalli,6,2024,56,388,0,444,129,1185,0,1314,1960,7110,0,9070,0,0,0,0,1960,7110,0,9070,0,0,0,0,0,100.0,1960,7110,0,9070
534,Karimnagar,534060,Kothapally,2060027,Co Operative Siciety  Kothapalli,6,2024,39,398,0,437,110,1202,0,1312,1365,7212,0,8577,70,1950,0,2020,1295,5262,0,6557,0,0,0,0,0,100.0,1295,5262,0,6557
534,Karimnagar,534060,Kothapally,2060028,B Rajesham  Kothapalli,6,2024,21,318,0,339,56,940,0,996,735,5640,0,6375,0,30,0,30,735,5610,0,6345,0,0,0,0,0,100.0,735,5610,0,6345
534,Karimnagar,534060,Kothapally,2060029,G Ravinder  Malkapur,6,2024,29,321,0,350,87,903,0,990,1015,5418,0,6433,0,366,0,366,1015,5052,0,6067,0,0,0,0,0,100.0,1015,5052,0,6067
534,Karimnagar,534060,Kothapally,2060030,P Laxmi  Chintakunta,6,2024,37,549,0,586,101,1714,0,1815,1295,10284,0,11579,0,1308,0,1308,1295,8976,0,10271,0,0,0,0,0,100.0,1295,8976,0,10271
534,Karimnagar,534060,Kothapally,2060031,P Laxmi  Chintakunta,6,2024,47,540,0,587,121,1702,0,1823,1645,10212,0,11857,840,5040,0,5880,805,5172,0,5977,0,0,0,0,0,100.0,805,5172,0,5977
534,Karimnagar,534060,Kothapally,2060032,P Laxmi  Chintakunta,6,2024,17,568,0,585,41,1767,0,1808,595,10602,0,11197,35,7500,0,7535,560,3102,0,3662,0,0,0,0,0,100.0,560,3102,0,3662
534,Karimnagar,534060,Kothapally,2060033,A Vijaya  Rekurthi,6,2024,30,562,0,592,75,1740,0,1815,1050,10440,0,11490,0,690,0,690,1050,9750,0,10800,0,0,0,0,0,100.0,1050,9750,0,10800
534,Karimnagar,534060,Kothapally,2060034,S Umadevi  Seetharampur,6,2024,29,337,0,366,78,1033,0,1111,1015,6198,0,7213,140,960,0,1100,875,5238,0,6113,0,0,0,0,0,100.0,875,5238,0,6113
534,Karimnagar,534060,Kothapally,2060035,G Ravinder  Asifnagar,6,2024,30,394,0,424,77,1254,0,1331,1050,7524,0,8574,140,0,0,140,910,7524,0,8434,0,0,0,0,0,100.0,910,7524,0,8434
534,Karimnagar,534060,Kothapally,2060036,G Maruthi  Nagulamalyala,6,2024,18,256,0,274,49,837,0,886,630,5022,0,5652,0,534,0,534,630,4488,0,5118,0,0,0,0,0,100.0,630,4488,0,5118
534,Karimnagar,534060,Kothapally,2060037,D Vanaja  Asifnagar,6,2024,36,359,0,395,83,1041,0,1124,1260,6246,0,7506,70,3,0,73,1190,6243,0,7433,0,0,0,0,0,100.0,1190,6243,0,7433
534,Karimnagar,534060,Kothapally,2060038,Co Operative Siciety  Kothapalli,6,2024,42,318,0,360,96,909,0,1005,1470,5454,0,6924,210,48,0,258,1260,5406,0,6666,0,0,0,0,0,100.0,1260,5406,0,6666
534,Karimnagar,534084,KARIMNAGAR URBAN,2084101,"Desha Thara  1-2-24,Maruthinagar,Karimnagr",6,2024,25,561,0,586,51,1761,0,1812,875,10566,0,11441,0,1614,0,1614,875,8952,0,9827,0,0,0,0,0,100.0,875,8952,0,9827
534,Karimnagar,534084,KARIMNAGAR URBAN,2084102,"Konduri Laxmi Kantham  3-1-95,Old bazar,Karimnagar",6,2024,35,550,0,585,83,1757,0,1840,1225,10542,0,11767,175,192,0,367,1050,10350,0,11400,0,0,0,0,0,100.0,1050,10350,0,11400
534,Karimnagar,534084,KARIMNAGAR URBAN,2084103,"Battala Eshwaramma  1-6-87,Kattarampur,Karimnagar",6,2024,39,865,0,904,92,2839,0,2931,1365,17034,0,18399,420,3053,0,3473,945,13981,0,14926,0,0,0,0,0,100.0,945,13981,0,14926
534,Karimnagar,534084,KARIMNAGAR URBAN,2084105,"Muddasani Shamanthakamani  8-2-188,Kattarampur,Karimnagar",6,2024,41,930,0,971,105,3007,0,3112,1435,18042,0,19477,0,0,0,0,1435,18042,0,19477,0,0,0,0,0,100.0,1435,18042,0,19477
534,Karimnagar,534084,KARIMNAGAR URBAN,2084106,"NaseemSulathana  6-1-73,Ashoknagar,Karimnagar",6,2024,29,926,0,955,70,2925,0,2995,1015,17550,0,18565,350,9174,0,9524,665,8376,0,9041,0,0,0,0,0,100.0,665,8376,0,9041
534,Karimnagar,534084,KARIMNAGAR URBAN,2084107,"Kanna Bhaskar  4-5-61,Ahmedpura,,Karimnagar",6,2024,28,822,0,850,66,2559,0,2625,980,15354,0,16334,35,858,0,893,945,14496,0,15441,0,0,0,0,0,100.0,945,14496,0,15441
534,Karimnagar,534084,KARIMNAGAR URBAN,2084108,"M Srinivas  6-5-17,Sainagar,Karimnagar",6,2024,51,665,0,716,137,2062,0,2199,1785,12372,0,14157,0,0,0,0,1785,12372,0,14157,0,0,0,0,0,100.0,1785,12372,0,14157
534,Karimnagar,534084,KARIMNAGAR URBAN,2084109,"Regulapati Venkateshwar Rao  7-1-28,Mukarampura,Karimnagar",6,2024,28,965,0,993,85,2903,0,2988,980,17418,0,18398,0,3204,0,3204,980,14214,0,15194,0,0,0,0,0,100.0,980,14214,0,15194
534,Karimnagar,534084,KARIMNAGAR URBAN,2084110,"KURA DHARMARAJU  2-4-110,Boiwada,Karimnagar",6,2024,31,780,0,811,77,2474,0,2551,1085,14844,0,15929,140,3468,0,3608,945,11376,0,12321,0,0,0,0,0,100.0,945,11376,0,12321
534,Karimnagar,534084,KARIMNAGAR URBAN,2084111,"Nagula Shivakumar  8-7-136,Kothirampur,Karimnagar",6,2024,18,427,0,445,49,1346,0,1395,630,8076,0,8706,0,0,0,0,630,8076,0,8706,0,0,0,0,0,100.0,630,8076,0,8706
534,Karimnagar,534084,KARIMNAGAR URBAN,2084112,"N Anjaiah  1-5-22,Padmashaliveedi,,Karimnagar",6,2024,24,653,0,677,59,2005,0,2064,840,12030,0,12870,420,3402,0,3822,420,8628,0,9048,0,0,0,0,0,100.0,420,8628,0,9048
534,Karimnagar,534084,KARIMNAGAR URBAN,2084113,"Ch Prakash  5-6-10,Old bazar,Karimnagar",6,2024,47,765,0,812,116,2470,0,2586,1645,14820,0,16465,350,646,0,996,1295,14174,0,15469,0,0,0,0,0,100.0,1295,14174,0,15469
534,Karimnagar,534084,KARIMNAGAR URBAN,2084114,"Manthri Saroja  9-7-126/2,Markandeyanagar,Karimnagar",6,2024,31,877,0,908,65,2839,0,2904,1085,17034,0,18119,105,2710,0,2815,980,14324,0,15304,0,0,0,0,0,100.0,980,14324,0,15304
534,Karimnagar,534084,KARIMNAGAR URBAN,2084115,"Butti Sharan Kumar  5-3-254,Mangaliwada,,Karimnagar",6,2024,57,808,0,865,140,2763,0,2903,1995,16578,0,18573,245,5508,0,5753,1750,11070,0,12820,0,0,0,0,0,100.0,1750,11070,0,12820
534,Karimnagar,534084,KARIMNAGAR URBAN,2084116,"Nagula Komuraiah  2-3-18,Boiwada,Karimnagar",6,2024,39,450,0,489,88,1370,0,1458,1365,8220,0,9585,0,18,0,18,1365,8202,0,9567,0,0,0,0,0,100.0,1365,8202,0,9567
534,Karimnagar,534084,KARIMNAGAR URBAN,2084117,"Vemula Shankraiah  2-6-178,MarketRoad,Karimnagar",6,2024,24,764,0,788,65,2428,0,2493,840,14568,0,15408,0,0,0,0,840,14568,0,15408,0,0,0,0,0,100.0,840,14568,0,15408
534,Karimnagar,534084,KARIMNAGAR URBAN,2084118,"B Samatha  10-5-780/1,Kisannagar,Karimnagar",6,2024,36,664,1,701,113,2143,1,2257,1260,12858,10,14128,0,966,10,976,1260,11892,0,13152,0,0,0,0,0,100.0,1260,11892,0,13152
534,Karimnagar,534084,KARIMNAGAR URBAN,2084119,"Sriramoju Srinivas Rao  1-6-94,Laxminagar,Karimnagar",6,2024,35,943,0,978,80,2899,0,2979,1225,17394,0,18619,245,2676,0,2921,980,14718,0,15698,0,0,0,0,0,100.0,980,14718,0,15698
534,Karimnagar,534084,KARIMNAGAR URBAN,2084120,"Siripuram Srinivas  3-4-10,Sainagar,Karimnagar",6,2024,17,658,0,675,47,2122,0,2169,595,12732,0,13327,105,1602,0,1707,490,11130,0,11620,0,0,0,0,0,100.0,490,11130,0,11620
534,Karimnagar,534084,KARIMNAGAR URBAN,2084121,"Siripuram Anjaiah  5-3-76,Oldbazar,Karimnagar",6,2024,16,559,1,576,39,1902,1,1942,560,11412,10,11982,0,132,0,132,560,11280,10,11850,0,0,0,0,0,100.0,560,11280,10,11850
534,Karimnagar,534084,KARIMNAGAR URBAN,2084122,"VELDANDI PRAVEEN KUMAR  1-3-80,Housing board Colony,Karimnagar",6,2024,31,949,0,980,78,2975,0,3053,1085,17850,0,18935,35,0,0,35,1050,17850,0,18900,0,0,0,0,0,100.0,1050,17850,0,18900
534,Karimnagar,534084,KARIMNAGAR URBAN,2084124,"Banothu Rajitha  6-1-344,Hussainpura,Karimnagar",6,2024,29,837,0,866,71,2910,0,2981,1015,17460,0,18475,245,2699,0,2944,770,14761,0,15531,0,0,0,0,0,100.0,770,14761,0,15531
534,Karimnagar,534084,KARIMNAGAR URBAN,2084125,"Piska Shankariah  1-3-92,Padamashaliveedi,Karimnagar",6,2024,28,504,0,532,56,1693,0,1749,980,10158,0,11138,175,6570,0,6745,805,3588,0,4393,0,0,0,0,0,100.0,805,3588,0,4393
534,Karimnagar,534084,KARIMNAGAR URBAN,2084126,"Vemula Shankraiah  3-6-133/2,Subashnagar,Karimnagar",6,2024,44,768,0,812,98,2386,0,2484,1540,14316,0,15856,0,156,0,156,1540,14160,0,15700,0,0,0,0,0,100.0,1540,14160,0,15700
534,Karimnagar,534084,KARIMNAGAR URBAN,2084127,"Daksharam Parimala  5-3-27/a,Ashoknagar,Karimnagar",6,2024,35,863,0,898,72,2839,0,2911,1225,17034,0,18259,0,4992,0,4992,1225,12042,0,13267,0,0,0,0,0,100.0,1225,12042,0,13267
534,Karimnagar,534084,KARIMNAGAR URBAN,2084128,"Macha Prakash IC  10-5-232,GandhiRoad,Karimnagar",6,2024,50,634,3,687,148,1958,3,2109,1750,11748,30,13528,1365,9564,20,10949,385,2184,10,2579,0,0,0,0,0,100.0,385,2184,10,2579
534,Karimnagar,534084,KARIMNAGAR URBAN,2084130,"Konjarla Rajamouli  1-3-136,Maruthinagar,Karimnagar",6,2024,31,497,0,528,67,1463,0,1530,1085,8778,0,9863,210,2340,0,2550,875,6438,0,7313,0,0,0,0,0,100.0,875,6438,0,7313
534,Karimnagar,534084,KARIMNAGAR URBAN,2084131,"Krishnamaneni Venkat Ramarao  3-3-127/a,Kothirampur,Karimnagar",6,2024,50,857,0,907,122,2694,0,2816,1750,16164,0,17914,210,0,0,210,1540,16164,0,17704,0,0,0,0,0,100.0,1540,16164,0,17704
534,Karimnagar,534084,KARIMNAGAR URBAN,2084132,"Siripuram Harish  6-3-122,Durgamma gadda,Karimnagar",6,2024,39,912,0,951,97,3044,0,3141,1365,18264,0,19629,70,1914,0,1984,1295,16350,0,17645,0,0,0,0,0,100.0,1295,16350,0,17645
534,Karimnagar,534084,KARIMNAGAR URBAN,2084133,"Regulapati Venkateshwar Rao  5-6-103,Maruthinagar,Karimnagar",6,2024,33,553,0,586,72,1814,0,1886,1155,10884,0,12039,105,2166,0,2271,1050,8718,0,9768,0,0,0,0,0,100.0,1050,8718,0,9768
534,Karimnagar,534084,KARIMNAGAR URBAN,2084134,"Enukonda Venkatram Reddy  7-2-557,Mankammathota,Karimnagar",6,2024,47,884,0,931,117,2738,0,2855,1645,16428,0,18073,0,0,0,0,1645,16428,0,18073,0,0,0,0,0,100.0,1645,16428,0,18073
534,Karimnagar,534084,KARIMNAGAR URBAN,2084135,"Naini Mahender  2-8-44,Jyothinagar,Karimnagar",6,2024,14,615,0,629,35,1937,0,1972,490,11622,0,12112,0,738,0,738,490,10884,0,11374,0,0,0,0,0,100.0,490,10884,0,11374
534,Karimnagar,534084,KARIMNAGAR URBAN,2084136,"Kousar Tasleem Sultana  3-1-218,ChristianColony,Karimnagar",6,2024,22,929,0,951,67,2885,0,2952,770,17310,0,18080,140,9030,0,9170,630,8280,0,8910,0,0,0,0,0,100.0,630,8280,0,8910
534,Karimnagar,534084,KARIMNAGAR URBAN,2084137,"Mohammed Qhais  6-6-171,Gandhiroad,Karimnagar",6,2024,50,894,0,944,127,2844,0,2971,1750,17064,0,18814,0,2345,0,2345,1750,14719,0,16469,0,0,0,0,0,100.0,1750,14719,0,16469
534,Karimnagar,534084,KARIMNAGAR URBAN,2084138,"Gattu Janardhan  6-6-206,Sharma nagar,Karimnagar",6,2024,18,428,0,446,48,1412,0,1460,630,8472,0,9102,0,1115,0,1115,630,7357,0,7987,0,0,0,0,0,100.0,630,7357,0,7987
534,Karimnagar,534084,KARIMNAGAR URBAN,2084139,"Gali Gattaiah  2-10-986,Bhagyanagar,Karimnagar",6,2024,53,861,0,914,128,2935,0,3063,1855,17610,0,19465,15,0,0,15,1840,17610,0,19450,0,0,0,0,0,100.0,1840,17610,0,19450
534,Karimnagar,534084,KARIMNAGAR URBAN,2084140,"Yaswada Ashok  3-6-69/1,Adharshnagar,Karimnagar",6,2024,27,568,0,595,83,1799,0,1882,945,10794,0,11739,0,0,0,0,945,10794,0,11739,0,0,0,0,0,100.0,945,10794,0,11739
534,Karimnagar,534084,KARIMNAGAR URBAN,2084141,"Mohammed Sarvar  7-4-61,Kashmirgadda,Karimnagar",6,2024,22,881,0,903,55,2936,0,2991,770,17616,0,18386,0,1861,0,1861,770,15755,0,16525,0,0,0,0,0,100.0,770,15755,0,16525
534,Karimnagar,534084,KARIMNAGAR URBAN,2084142,"Goli Radhakishan  3-7-46,Vavilalapally,Karimnagar",6,2024,54,818,0,872,148,2603,0,2751,1890,15618,0,17508,0,254,0,254,1890,15364,0,17254,0,0,0,0,0,100.0,1890,15364,0,17254
534,Karimnagar,534084,KARIMNAGAR URBAN,2084143,"Ahmed Saleemuddin  6-6-165,Sharmanagar,Karimnagar",6,2024,22,715,0,737,54,2221,0,2275,770,13326,0,14096,0,2100,0,2100,770,11226,0,11996,0,0,0,0,0,100.0,770,11226,0,11996
534,Karimnagar,534084,KARIMNAGAR URBAN,2084144,"Regulapati Venkateshwar Rao  7-1-28,Mukarampura,Karimnagar",6,2024,50,794,0,844,124,2578,0,2702,1750,15468,0,17218,35,2124,0,2159,1715,13344,0,15059,0,0,0,0,0,100.0,1715,13344,0,15059
534,Karimnagar,534084,KARIMNAGAR URBAN,2084145,"Ambethkar Stores  6-6-345,Ambethkarnagar,Karimnagar",6,2024,31,760,0,791,77,2432,0,2509,1085,14592,0,15677,0,4602,0,4602,1085,9990,0,11075,0,0,0,0,0,100.0,1085,9990,0,11075
534,Karimnagar,534084,KARIMNAGAR URBAN,2084146,"Ch Bhaskar  2-10-278,Jyothinagar,Karimnagar",6,2024,51,923,0,974,111,2863,0,2974,1785,17178,0,18963,0,3972,0,3972,1785,13206,0,14991,0,0,0,0,0,100.0,1785,13206,0,14991
534,Karimnagar,534084,KARIMNAGAR URBAN,2084147,"Rodda Srinivas  10-4-220/1,Vavilalapally,Karimnagar",6,2024,41,953,0,994,110,3201,0,3311,1435,19206,0,20641,175,0,0,175,1260,19206,0,20466,0,0,0,0,0,100.0,1260,19206,0,20466
534,Karimnagar,534084,KARIMNAGAR URBAN,2084148,"Allenki laxmaiah  3-7-601,Vavilalapally,Karimnagar",6,2024,40,526,0,566,97,1671,0,1768,1400,10026,0,11426,105,210,0,315,1295,9816,0,11111,0,0,0,0,0,100.0,1295,9816,0,11111
534,Karimnagar,534084,KARIMNAGAR URBAN,2084149,"Chinthala Naresh Babu  10-5-671,Kisannagar,Karimnagar",6,2024,52,874,0,926,127,2803,0,2930,1820,16818,0,18638,0,1212,0,1212,1820,15606,0,17426,0,0,0,0,0,100.0,1820,15606,0,17426
534,Karimnagar,534084,KARIMNAGAR URBAN,2084150,"B Ramulu  7-1-350,Sapthagiricolony,Karimnagar",6,2024,39,861,1,901,88,2888,1,2977,1365,17328,10,18703,70,2152,0,2222,1295,15176,10,16481,0,0,0,0,0,100.0,1295,15176,10,16481
534,Karimnagar,534084,KARIMNAGAR URBAN,2084151,"U Padma  8-3-14,Kattarampur,Karimnagar",6,2024,39,834,0,873,109,2874,0,2983,1365,17244,0,18609,280,251,0,531,1085,16993,0,18078,0,0,0,0,0,100.0,1085,16993,0,18078
534,Karimnagar,534084,KARIMNAGAR URBAN,2084152,"Arroju Gangaram  8-7-45,Kothirampur,Karimnagar",6,2024,26,841,0,867,78,2667,0,2745,910,16002,0,16912,0,5326,0,5326,910,10676,0,11586,0,0,0,0,0,100.0,910,10676,0,11586
534,Karimnagar,534084,KARIMNAGAR URBAN,2084153,"BURLA VEERESHAM  8-4-216,Ganeshnagar,Karimnagar",6,2024,28,873,0,901,71,2906,0,2977,980,17436,0,18416,0,4,0,4,980,17432,0,18412,0,0,0,0,0,100.0,980,17432,0,18412
534,Karimnagar,534084,KARIMNAGAR URBAN,2084154,"Geesa Sudhakar  8-1-262,Kattarampur,Karimnagar",6,2024,54,835,0,889,133,2645,0,2778,1890,15870,0,17760,70,3636,0,3706,1820,12234,0,14054,0,0,0,0,0,100.0,1820,12234,0,14054
534,Karimnagar,534084,KARIMNAGAR URBAN,2084155,"Dyavanapelly Srinivas Rao  10-5-138,Kisannagar,Karimnagar",6,2024,69,816,0,885,182,2502,0,2684,2415,15012,0,17427,315,1458,0,1773,2100,13554,0,15654,0,0,0,0,0,100.0,2100,13554,0,15654
534,Karimnagar,534084,KARIMNAGAR URBAN,2084156,"DAVU GOPAL REDDY  9-5-154/3,Telephone quaters,Karimnagar",6,2024,55,846,0,901,134,2747,0,2881,1925,16482,0,18407,595,5040,0,5635,1330,11442,0,12772,0,0,0,0,0,100.0,1330,11442,0,12772
534,Karimnagar,534084,KARIMNAGAR URBAN,2084157,"P Rajireddy  10-2-549,Vidhyanagar,Karimnagar",6,2024,49,886,0,935,101,2831,0,2932,1715,16986,0,18701,0,0,0,0,1715,16986,0,18701,0,0,0,0,0,100.0,1715,16986,0,18701
534,Karimnagar,534084,KARIMNAGAR URBAN,2084158,"Shaik Hyder  9-7-167,Ramnagar,Karimnagar",6,2024,34,868,0,902,91,2832,0,2923,1190,16992,0,18182,0,0,0,0,1190,16992,0,18182,0,0,0,0,0,100.0,1190,16992,0,18182
534,Karimnagar,534084,KARIMNAGAR URBAN,2084159,"Macha Prakash  10-6-60,Kisannagar,Karimnagar",6,2024,56,718,0,774,151,2277,0,2428,1960,13662,0,15622,630,5184,0,5814,1330,8478,0,9808,0,0,0,0,0,100.0,1330,8478,0,9808
534,Karimnagar,534084,KARIMNAGAR URBAN,2084160,"Peddi Pushpalatha  9-2-49,Godamgadda,Karimnagar",6,2024,40,875,0,915,98,2775,0,2873,1400,16650,0,18050,350,4384,0,4734,1050,12266,0,13316,0,0,0,0,0,100.0,1050,12266,0,13316
534,Karimnagar,534084,KARIMNAGAR URBAN,2084161,"Malothu Sarojana  10-2-145,Vidhyanagar,Karimnagar",6,2024,34,880,0,914,87,2824,0,2911,1190,16944,0,18134,0,0,0,0,1190,16944,0,18134,0,0,0,0,0,100.0,1190,16944,0,18134
534,Karimnagar,534084,KARIMNAGAR URBAN,2084162,"B Eshwaramma  1-6-87,Kattarampur",6,2024,11,394,0,405,21,1265,0,1286,385,7590,0,7975,0,0,0,0,385,7590,0,7975,0,0,0,0,0,100.0,385,7590,0,7975
534,Karimnagar,534084,KARIMNAGAR URBAN,2084163,"Vemula Shankraiah  2-6-178,MarketRoad",6,2024,6,402,0,408,13,1400,0,1413,210,8400,0,8610,0,0,0,0,210,8400,0,8610,0,0,0,0,0,100.0,210,8400,0,8610
534,Karimnagar,534084,KARIMNAGAR URBAN,2084164,Banothu Rajitha  6-2-188/1 Hussainpura,6,2024,13,394,0,407,31,1293,0,1324,455,7758,0,8213,0,0,0,0,455,7758,0,8213,0,0,0,0,0,100.0,455,7758,0,8213
534,Karimnagar,534084,KARIMNAGAR URBAN,2084165,"G Venkateshwarlu  5-3-27/a,Ashoknagar",6,2024,10,394,0,404,19,1411,0,1430,350,8466,0,8816,0,18,0,18,350,8448,0,8798,0,0,0,0,0,100.0,350,8448,0,8798
534,Karimnagar,534084,KARIMNAGAR URBAN,2084166,"Gali Gattaiah  2-10-986,Bhagyanagar",6,2024,8,401,0,409,26,1219,0,1245,280,7314,0,7594,0,1232,0,1232,280,6082,0,6362,0,0,0,0,0,100.0,280,6082,0,6362
534,Karimnagar,534084,KARIMNAGAR URBAN,2084167,"G.Radha kishan  3-7-46,Vavilalapally",6,2024,4,403,0,407,10,1141,0,1151,140,6846,0,6986,0,1056,0,1056,140,5790,0,5930,0,0,0,0,0,100.0,140,5790,0,5930
534,Karimnagar,534084,KARIMNAGAR URBAN,2084168,"B RAMULU IC  9-7-126/2,Markandeyanagar",6,2024,12,393,0,405,25,1088,0,1113,420,6528,0,6948,0,1711,0,1711,420,4817,0,5237,0,0,0,0,0,100.0,420,4817,0,5237
534,Karimnagar,534084,KARIMNAGAR URBAN,2084169,"Burla Veeresham  8-4-216,Ganeshnagar",6,2024,5,403,0,408,15,1170,0,1185,175,7020,0,7195,0,2893,0,2893,175,4127,0,4302,0,0,0,0,0,100.0,175,4127,0,4302
534,Karimnagar,534084,KARIMNAGAR URBAN,2084170,"Davu Gopal reddy  9-5-154/3,Telephone quarters",6,2024,24,382,0,406,55,1216,0,1271,840,7296,0,8136,175,8,0,183,665,7288,0,7953,0,0,0,0,0,100.0,665,7288,0,7953
534,Karimnagar,534084,KARIMNAGAR URBAN,2084171,"P Rajireddy  10-2-549,Vidhyanagar",6,2024,8,401,0,409,18,1157,0,1175,280,6942,0,7222,0,162,0,162,280,6780,0,7060,0,0,0,0,0,100.0,280,6780,0,7060
534,Karimnagar,534084,KARIMNAGAR URBAN,2084172,"Shaik Hyder  9-7-167,Ramnagar",6,2024,6,402,0,408,8,1160,0,1168,210,6960,0,7170,0,0,0,0,210,6960,0,7170,0,0,0,0,0,100.0,210,6960,0,7170
534,Karimnagar,534084,KARIMNAGAR URBAN,2084173,"Peddi Pushpalatha  9-2-49,Godamgadda",6,2024,20,386,0,406,48,1153,0,1201,700,6918,0,7618,10,192,0,202,690,6726,0,7416,0,0,0,0,0,100.0,690,6726,0,7416
534,Karimnagar,534084,KARIMNAGAR URBAN,2084176,Malothu Sarojana  Beside kora school vidhyanagar,6,2024,7,402,0,409,22,1238,0,1260,245,7428,0,7673,0,0,0,0,245,7428,0,7673,0,0,0,0,0,100.0,245,7428,0,7673
535,Medak,535005,Regode,1705001,Kummari Nagarani  REGODE,6,2024,46,431,0,477,129,1383,0,1512,1610,8298,0,9908,135,12,0,147,1475,8286,0,9761,0,0,0,0,0,100.0,1475,8286,0,9761
535,Medak,535005,Regode,1705002,Kummari Nagarani  REGODE,6,2024,9,77,0,86,37,288,0,325,315,1728,0,2043,0,0,0,0,315,1728,0,2043,0,0,0,0,0,100.0,315,1728,0,2043
535,Medak,535005,Regode,1705003,I/C V PRABHAKAR  Thatpally,6,2024,9,218,0,227,27,688,0,715,315,4128,0,4443,0,726,0,726,315,3402,0,3717,0,0,0,0,0,100.0,315,3402,0,3717
535,Medak,535005,Regode,1705004,101  CHOWDERPALLY,6,2024,11,286,0,297,26,917,0,943,385,5502,0,5887,35,324,0,359,350,5178,0,5528,0,0,0,0,0,100.0,350,5178,0,5528
535,Medak,535005,Regode,1705005,Sangannagari Kankamma  THIMAPUR,6,2024,10,186,0,196,28,595,0,623,350,3570,0,3920,35,1578,0,1613,315,1992,0,2307,0,0,0,0,0,100.0,315,1992,0,2307
535,Medak,535005,Regode,1705006,Mala Kistaiah  Kothwalaplly Village Regode Mandal,6,2024,24,393,0,417,67,1315,0,1382,840,7890,0,8730,175,2388,0,2563,665,5502,0,6167,0,0,0,0,0,100.0,665,5502,0,6167
535,Medak,535005,Regode,1705007,Nagaram Kalpana  JAGRIYAL,6,2024,20,295,0,315,60,871,0,931,700,5226,0,5926,245,2052,0,2297,455,3174,0,3629,0,0,0,0,0,100.0,455,3174,0,3629
535,Medak,535005,Regode,1705008,Mailaram Baswaraj  KONDAPUR,6,2024,21,189,0,210,63,645,0,708,735,3870,0,4605,0,768,0,768,735,3102,0,3837,0,0,0,0,0,100.0,735,3102,0,3837
535,Medak,535005,Regode,1705009,BALAIAH  R Itikyala Regode Mandal,6,2024,30,404,1,435,88,1275,1,1364,1050,7650,10,8710,105,1981,0,2086,945,5669,10,6624,0,0,0,0,0,100.0,945,5669,10,6624
535,Medak,535005,Regode,1705012,Ankatala Papi Reddy  SINDOLE,6,2024,19,357,0,376,50,1269,0,1319,665,7614,0,8279,105,2034,0,2139,560,5580,0,6140,0,0,0,0,0,100.0,560,5580,0,6140
535,Medak,535005,Regode,1705013,Konadoddi Sanjeevulu  T Lingampally Village Regode Mandal,6,2024,31,430,0,461,84,1393,0,1477,1085,8358,0,9443,70,1584,0,1654,1015,6774,0,7789,0,0,0,0,0,100.0,1015,6774,0,7789
535,Medak,535005,Regode,1705014,101  TATPALLY Village Regode Mandal,6,2024,11,182,0,193,44,607,0,651,385,3642,0,4027,0,810,0,810,385,2832,0,3217,0,0,0,0,0,100.0,385,2832,0,3217
535,Medak,535005,Regode,1705015,101  Dosapally Village Regode Mandal,6,2024,19,259,0,278,49,826,0,875,665,4956,0,5621,175,1224,0,1399,490,3732,0,4222,0,0,0,0,0,100.0,490,3732,0,4222
535,Medak,535005,Regode,1705016,Kore Badrappa  Gakwada Village Regode Mandal,6,2024,51,668,0,719,132,2145,0,2277,1785,12870,0,14655,35,2118,0,2153,1750,10752,0,12502,0,0,0,0,0,100.0,1750,10752,0,12502
535,Medak,535005,Regode,1705024,101  MARPALLY,6,2024,27,457,0,484,66,1468,0,1534,945,8808,0,9753,70,2250,0,2320,875,6558,0,7433,0,0,0,0,0,100.0,875,6558,0,7433
535,Medak,535005,Regode,1705025,Thalari Vittal  Pocharam Village Regode Mandal,6,2024,10,123,0,133,24,387,0,411,350,2322,0,2672,35,672,0,707,315,1650,0,1965,0,0,0,0,0,100.0,315,1650,0,1965
535,Medak,535005,Regode,1705026,Thalari Vittal  PYARARAM,6,2024,20,243,0,263,54,878,0,932,700,5268,0,5968,105,1134,0,1239,595,4134,0,4729,0,0,0,0,0,100.0,595,4134,0,4729
535,Medak,535005,Regode,1705028,santhosh  REGODE,6,2024,40,446,0,486,121,1405,0,1526,1400,8430,0,9830,70,612,0,682,1330,7818,0,9148,0,0,0,0,0,100.0,1330,7818,0,9148
535,Medak,535005,Regode,1705029,Vadthya Jemni Bai  DNT Thanda Regode Mandal,6,2024,16,308,0,324,55,1190,0,1245,560,7140,0,7700,350,5178,0,5528,210,1962,0,2172,0,0,0,0,0,100.0,210,1962,0,2172
535,Medak,535006,Shankarampet (A),1706001,Annaladeshi Bhaskar  SHANKARAMPET (A),6,2024,34,482,0,516,92,1635,0,1727,1190,9810,0,11000,0,2232,0,2232,1190,7578,0,8768,0,0,0,0,0,100.0,1190,7578,0,8768
535,Medak,535006,Shankarampet (A),1706002,saritha  SHANKARAMPET (A),6,2024,39,512,0,551,116,1728,0,1844,1365,10368,0,11733,0,684,0,684,1365,9684,0,11049,0,0,0,0,0,100.0,1365,9684,0,11049
535,Medak,535006,Shankarampet (A),1706003,Katighar Saraswathi  SHANKARAMPET A3,6,2024,41,444,0,485,116,1536,0,1652,1435,9216,0,10651,0,78,0,78,1435,9138,0,10573,0,0,0,0,0,100.0,1435,9138,0,10573
535,Medak,535006,Shankarampet (A),1706004,G. Ramesh Kumar  AREPALLY,6,2024,15,138,0,153,54,447,0,501,525,2682,0,3207,35,642,0,677,490,2040,0,2530,0,0,0,0,0,100.0,490,2040,0,2530
535,Medak,535006,Shankarampet (A),1706005,PALLEBOYINA VINOD KUMAR  TIRUMALAPUR,6,2024,39,483,0,522,118,1681,0,1799,1365,10086,0,11451,210,2700,0,2910,1155,7386,0,8541,0,0,0,0,0,100.0,1155,7386,0,8541
535,Medak,535006,Shankarampet (A),1706006,Kuntla Rajamani  KAMALAPUR,6,2024,25,399,0,424,67,1349,0,1416,875,8094,0,8969,0,1224,0,1224,875,6870,0,7745,0,0,0,0,0,100.0,875,6870,0,7745
535,Medak,535006,Shankarampet (A),1706008,Dara Sangaiah  CHEELAPALLI,6,2024,40,517,0,557,121,1601,0,1722,1400,9606,0,11006,105,2178,0,2283,1295,7428,0,8723,0,0,0,0,0,100.0,1295,7428,0,8723
535,Medak,535006,Shankarampet (A),1706009,Bhuthkuri Sudharshnam  MALKAPUR,6,2024,37,521,2,560,102,1730,2,1834,1295,10380,20,11695,0,2358,10,2368,1295,8022,10,9327,0,0,0,0,0,100.0,1295,8022,10,9327
535,Medak,535006,Shankarampet (A),1706010,Vadla Anusujua  BADDARAM,6,2024,17,298,2,317,46,988,2,1036,595,5928,20,6543,105,1566,0,1671,490,4362,20,4872,0,0,0,0,0,100.0,490,4362,20,4872
535,Medak,535006,Shankarampet (A),1706011,101  GOTTIMUKKULA,6,2024,33,498,0,531,93,1596,0,1689,1155,9576,0,10731,250,4110,0,4360,905,5466,0,6371,0,0,0,0,0,100.0,905,5466,0,6371
535,Medak,535006,Shankarampet (A),1706012,Konam Jagan  TENKATI,6,2024,27,331,0,358,83,1102,0,1185,945,6612,0,7557,245,2184,0,2429,700,4428,0,5128,0,0,0,0,0,100.0,700,4428,0,5128
535,Medak,535006,Shankarampet (A),1706013,Jangali Rama Goud  GOPANI VENKATAPUR,6,2024,11,213,0,224,25,702,0,727,385,4212,0,4597,245,1512,0,1757,140,2700,0,2840,0,0,0,0,0,100.0,140,2700,0,2840
535,Medak,535006,Shankarampet (A),1706014,101  BUJARAN PALLI,6,2024,26,444,0,470,85,1412,0,1497,910,8472,0,9382,105,2796,0,2901,805,5676,0,6481,0,0,0,0,0,100.0,805,5676,0,6481
535,Medak,535006,Shankarampet (A),1706015,Laxmagouni Eshwar Goud  UTHLOOR,6,2024,31,477,0,508,78,1615,0,1693,1085,9690,0,10775,210,3384,0,3594,875,6306,0,7181,0,0,0,0,0,100.0,875,6306,0,7181
535,Medak,535006,Shankarampet (A),1706016,Pentala Prathap Goud  RAMOJIPALLI,6,2024,31,350,1,382,85,1186,1,1272,1085,7116,10,8211,280,2154,0,2434,805,4962,10,5777,0,0,0,0,0,100.0,805,4962,10,5777
535,Medak,535006,Shankarampet (A),1706017,Pentala Prathap Goud  NARAYANAPALLY,6,2024,4,58,1,63,12,193,1,206,140,1158,10,1308,35,300,0,335,105,858,10,973,0,0,0,0,0,100.0,105,858,10,973
535,Medak,535006,Shankarampet (A),1706018,Vadla Srinivas  KOTHAPETA,6,2024,13,216,0,229,26,662,0,688,455,3972,0,4427,70,570,0,640,385,3402,0,3787,0,0,0,0,0,100.0,385,3402,0,3787
535,Medak,535006,Shankarampet (A),1706019,Nakka Sailu  VIROJPALLY,6,2024,36,399,0,435,102,1428,0,1530,1260,8568,0,9828,70,1770,0,1840,1190,6798,0,7988,0,0,0,0,0,100.0,1190,6798,0,7988
535,Medak,535006,Shankarampet (A),1706020,Kalali Srinivas Goud  JUKAL,6,2024,39,524,0,563,121,1656,0,1777,1365,9936,0,11301,0,528,0,528,1365,9408,0,10773,0,0,0,0,0,100.0,1365,9408,0,10773
535,Medak,535006,Shankarampet (A),1706021,Chilkamukku Kistaiah  DHANAMPALLY,6,2024,11,120,1,132,40,419,5,464,385,2514,10,2909,210,966,10,1186,175,1548,0,1723,0,0,0,0,0,100.0,175,1548,0,1723
535,Medak,535006,Shankarampet (A),1706022,Chilkamukku Kistaiah  SHIVAIPALLY,6,2024,21,275,1,297,52,922,1,975,735,5532,10,6277,245,1416,0,1661,490,4116,10,4616,0,0,0,0,0,100.0,490,4116,10,4616
535,Medak,535006,Shankarampet (A),1706023,Kannayyagari Sangamani  MADSHATPALLY,6,2024,28,401,2,431,74,1176,2,1252,980,7056,20,8056,315,1914,10,2239,665,5142,10,5817,0,0,0,0,0,100.0,665,5142,10,5817
535,Medak,535006,Shankarampet (A),1706024,101  MUSAPET,6,2024,37,470,1,508,108,1482,1,1591,1295,8892,10,10197,350,2994,0,3344,945,5898,10,6853,0,0,0,0,0,100.0,945,5898,10,6853
535,Medak,535006,Shankarampet (A),1706025,Ashala Gari Saiender  BURGUPALLY,6,2024,38,530,0,568,110,1753,0,1863,1330,10518,0,11848,490,3402,0,3892,840,7116,0,7956,0,0,0,0,0,100.0,840,7116,0,7956
535,Medak,535006,Shankarampet (A),1706026,Bijja Laxmaiah  MAKTHA LAXMAPUR,6,2024,35,369,0,404,110,1293,0,1403,1225,7758,0,8983,420,3144,0,3564,805,4614,0,5419,0,0,0,0,0,100.0,805,4614,0,5419
535,Medak,535006,Shankarampet (A),1706027,Hatkar Rukmini Bai  KOLAPALLY,6,2024,21,305,0,326,49,1049,0,1098,735,6294,0,7029,0,756,0,756,735,5538,0,6273,0,0,0,0,0,100.0,735,5538,0,6273
535,Medak,535006,Shankarampet (A),1706028,Perumandla Chandrakala  KATTELA VENKATAPOUR,6,2024,22,324,1,347,55,1046,1,1102,770,6276,10,7056,355,3696,0,4051,415,2580,10,3005,0,0,0,0,0,100.0,415,2580,10,3005
535,Medak,535007,Alladurg,1707001,"Yatakari Salamma  H.NO.---, KAIDAMPALLY",6,2024,20,361,0,381,57,1141,0,1198,700,6846,0,7546,210,2035,0,2245,490,4811,0,5301,0,0,0,0,0,100.0,490,4811,0,5301
535,Medak,535007,Alladurg,1707002,"Papamma Gari Sangappa  H.NO.1-69/1, CHEVELLA VILLAGE",6,2024,30,485,0,515,83,1496,0,1579,1050,8976,0,10026,70,1626,0,1696,980,7350,0,8330,0,0,0,0,0,100.0,980,7350,0,8330
535,Medak,535007,Alladurg,1707003,"101  H.NO.--, RAMPUR VILLAGE",6,2024,20,343,0,363,62,1059,0,1121,700,6354,0,7054,175,2262,0,2437,525,4092,0,4617,0,0,0,0,0,100.0,525,4092,0,4617
535,Medak,535007,Alladurg,1707007,Muradi Venkatesham  Alladurg,6,2024,29,250,0,279,106,840,0,946,1015,5040,0,6055,175,462,0,637,840,4578,0,5418,0,0,0,0,0,100.0,840,4578,0,5418
535,Medak,535007,Alladurg,1707009,"101  H.NO.1-99, MAHAMMADAPUR",6,2024,36,462,0,498,95,1531,0,1626,1260,9186,0,10446,280,2196,0,2476,980,6990,0,7970,0,0,0,0,0,100.0,980,6990,0,7970
535,Medak,535007,Alladurg,1707010,"Begari Bhoomaiah  H.NO.12-71, VENKATRAOPET",6,2024,18,264,0,282,47,811,0,858,630,4866,0,5496,0,1050,0,1050,630,3816,0,4446,0,0,0,0,0,100.0,630,3816,0,4446
535,Medak,535007,Alladurg,1707011,"Patlolla Laxmi  H.NO.11-133, REDDYPALLY VILLAGE",6,2024,20,333,0,353,55,1053,0,1108,700,6318,0,7018,0,2280,0,2280,700,4038,0,4738,0,0,0,0,0,100.0,700,4038,0,4738
535,Medak,535007,Alladurg,1707012,"Chinthakayala Narsimlu  H.NO.3-45, CHILVER",6,2024,35,604,0,639,97,1885,0,1982,1225,11310,0,12535,210,2958,0,3168,1015,8352,0,9367,0,0,0,0,0,100.0,1015,8352,0,9367
535,Medak,535007,Alladurg,1707015,"VEERABATHINI KOUSALYA  H.NO.1-57, MUPPARAM VILLAGE",6,2024,30,459,0,489,78,1532,0,1610,1050,9192,0,10242,210,2766,0,2976,840,6426,0,7266,0,0,0,0,0,100.0,840,6426,0,7266
535,Medak,535007,Alladurg,1707018,"Sukuri Sangamma  H.NO.1-51/1, BAHIRANDIBBA",6,2024,25,417,0,442,78,1317,0,1395,875,7902,0,8777,245,1692,0,1937,630,6210,0,6840,0,0,0,0,0,100.0,630,6210,0,6840
535,Medak,535007,Alladurg,1707021,Muradi Venkatesham  Not Available,6,2024,24,359,0,383,71,1179,0,1250,840,7074,0,7914,0,2934,0,2934,840,4140,0,4980,0,0,0,0,0,100.0,840,4140,0,4980
535,Medak,535007,Alladurg,1707022,Chennagori Vittal  Not Available,6,2024,25,414,0,439,61,1362,0,1423,875,8172,0,9047,0,924,0,924,875,7248,0,8123,0,0,0,0,0,100.0,875,7248,0,8123
535,Medak,535007,Alladurg,1707024,Marvelli Satyanarayana Goud  Gadipeddapur,6,2024,27,383,0,410,72,1269,0,1341,945,7614,0,8559,0,1362,0,1362,945,6252,0,7197,0,0,0,0,0,100.0,945,6252,0,7197
535,Medak,535007,Alladurg,1707025,Bollaram Swarupa  APPAJIPALLY VILLAGE,6,2024,23,507,0,530,56,1701,0,1757,805,10206,0,11011,70,2532,0,2602,735,7674,0,8409,0,0,0,0,0,100.0,735,7674,0,8409
535,Medak,535007,Alladurg,1707026,Shenigepally Pochaiah  Gadipeddapur,6,2024,29,419,0,448,85,1305,0,1390,1015,7830,0,8845,350,2472,0,2822,665,5358,0,6023,0,0,0,0,0,100.0,665,5358,0,6023
535,Medak,535007,Alladurg,1707027,"bhaskar  2-54, Muslapur Village",6,2024,27,448,0,475,71,1417,0,1488,945,8502,0,9447,175,2490,0,2665,770,6012,0,6782,0,0,0,0,0,100.0,770,6012,0,6782
535,Medak,535007,Alladurg,1707028,"Kalali Kavitha  3-61, Muslapur Village",6,2024,32,455,0,487,69,1414,0,1483,1120,8484,0,9604,245,1800,0,2045,875,6684,0,7559,0,0,0,0,0,100.0,875,6684,0,7559
535,Medak,535007,Alladurg,1707029,Madduri Eshwaramma  Alladurg Village,6,2024,25,279,0,304,59,861,0,920,875,5166,0,6041,525,3966,0,4491,350,1200,0,1550,0,0,0,0,0,100.0,350,1200,0,1550
535,Medak,535007,Alladurg,1707030,Avula Yadamma  Alladurg,6,2024,25,299,0,324,60,917,0,977,875,5502,0,6377,0,42,0,42,875,5460,0,6335,0,0,0,0,0,100.0,875,5460,0,6335
535,Medak,535007,Alladurg,1707031,"Manga Shashikala  142-5, Alladurg",6,2024,24,296,0,320,72,891,0,963,840,5346,0,6186,0,846,0,846,840,4500,0,5340,0,0,0,0,0,100.0,840,4500,0,5340
535,Medak,535007,Alladurg,1707032,"Badhena Bethaiah  14-30, Seethanagar",6,2024,15,192,0,207,53,640,0,693,525,3840,0,4365,70,1032,0,1102,455,2808,0,3263,0,0,0,0,0,100.0,455,2808,0,3263
535,Medak,535008,Tekmal,1708001,Kodapaka Kistaiah  salojipally h/o tekmal,6,2024,13,197,0,210,31,648,0,679,455,3888,0,4343,70,810,0,880,385,3078,0,3463,0,0,0,0,0,100.0,385,3078,0,3463
535,Medak,535008,Tekmal,1708002,Peddaram Kistaiah  BODAGAT,6,2024,18,321,0,339,45,1070,0,1115,630,6420,0,7050,175,1644,0,1819,455,4776,0,5231,0,0,0,0,0,100.0,455,4776,0,5231
535,Medak,535008,Tekmal,1708003,BHUPAL GOUD  BODMATPALLY,6,2024,23,372,0,395,53,1176,0,1229,805,7056,0,7861,0,0,0,0,805,7056,0,7861,0,0,0,0,0,100.0,805,7056,0,7861
535,Medak,535008,Tekmal,1708004,G LAXMAIAH  YELUPUGONDA,6,2024,28,509,0,537,82,1706,0,1788,980,10236,0,11216,175,5280,0,5455,805,4956,0,5761,0,0,0,0,0,100.0,805,4956,0,5761
535,Medak,535008,Tekmal,1708005,S. Swathi  Achannapally,6,2024,28,393,0,421,99,1270,0,1369,980,7620,0,8600,70,1440,0,1510,910,6180,0,7090,0,0,0,0,0,100.0,910,6180,0,7090
535,Medak,535008,Tekmal,1708006,Goshke Swarooparani  TAMPLOOR,6,2024,27,579,0,606,65,1887,0,1952,945,11322,0,12267,140,3006,0,3146,805,8316,0,9121,0,0,0,0,0,100.0,805,8316,0,9121
535,Medak,535008,Tekmal,1708007,VITTAL  YELLAMPALLY,6,2024,15,257,0,272,47,890,0,937,525,5340,0,5865,0,228,0,228,525,5112,0,5637,0,0,0,0,0,100.0,525,5112,0,5637
535,Medak,535008,Tekmal,1708008,KISTA REDDY  YELLUPET,6,2024,35,681,0,716,106,2416,0,2522,1225,14496,0,15721,0,1086,0,1086,1225,13410,0,14635,0,0,0,0,0,100.0,1225,13410,0,14635
535,Medak,535008,Tekmal,1708009,Arekela Janardhana Reddy  BARDIPUR,6,2024,20,392,0,412,56,1283,0,1339,700,7698,0,8398,140,1842,0,1982,560,5856,0,6416,0,0,0,0,0,100.0,560,5856,0,6416
535,Medak,535008,Tekmal,1708010,"Konda Rani  SURAMPALLY, H/O. YELUPUGONDA",6,2024,14,207,0,221,44,694,0,738,490,4164,0,4654,0,0,0,0,490,4164,0,4654,0,0,0,0,0,100.0,490,4164,0,4654
535,Medak,535008,Tekmal,1708011,K DURGAIAH  HASAN MOHAMMAD PALLY,6,2024,15,322,0,337,43,1110,0,1153,525,6660,0,7185,70,1458,0,1528,455,5202,0,5657,0,0,0,0,0,100.0,455,5202,0,5657
535,Medak,535008,Tekmal,1708012,Sara Gouramma  YELAKURTHY,6,2024,14,257,0,271,33,894,0,927,490,5364,0,5854,140,1365,0,1505,350,3999,0,4349,0,0,0,0,0,100.0,350,3999,0,4349
535,Medak,535008,Tekmal,1708013,amrutha  KORAMPALLY,6,2024,16,341,0,357,37,1118,0,1155,560,6708,0,7268,0,1323,0,1323,560,5385,0,5945,0,0,0,0,0,100.0,560,5385,0,5945
535,Medak,535008,Tekmal,1708014,Begari Kamakshi  EKLASPUR,6,2024,7,159,0,166,14,543,0,557,245,3258,0,3503,35,486,0,521,210,2772,0,2982,0,0,0,0,0,100.0,210,2772,0,2982
535,Medak,535008,Tekmal,1708015,NIRMALA  Palvancha,6,2024,25,500,0,525,62,1576,0,1638,875,9456,0,10331,70,2562,0,2632,805,6894,0,7699,0,0,0,0,0,100.0,805,6894,0,7699
535,Medak,535008,Tekmal,1708016,B KISTAMMA  DADAIPALLY,6,2024,27,394,0,421,77,1302,0,1379,945,7812,0,8757,140,1134,0,1274,805,6678,0,7483,0,0,0,0,0,100.0,805,6678,0,7483
535,Medak,535008,Tekmal,1708017,M SATHAIAH  Dhanoora,6,2024,25,503,0,528,61,1658,0,1719,875,9948,0,10823,291,3300,0,3591,584,6648,0,7232,0,0,0,0,0,100.0,584,6648,0,7232
535,Medak,535008,Tekmal,1708018,Pathigari Sailaja  KUSANGI,6,2024,21,508,0,529,42,1685,0,1727,735,10110,0,10845,0,1584,0,1584,735,8526,0,9261,0,0,0,0,0,100.0,735,8526,0,9261
535,Medak,535008,Tekmal,1708019,N MALLESHAM  KADLOOR,6,2024,29,547,0,576,84,1791,0,1875,1015,10746,0,11761,280,4140,0,4420,735,6606,0,7341,0,0,0,0,0,100.0,735,6606,0,7341
535,Medak,535008,Tekmal,1708020,"Yellupeta Jyothi  SARMANKUNTA, H/O. TEKMAL",6,2024,14,249,0,263,44,915,0,959,490,5490,0,5980,105,1692,0,1797,385,3798,0,4183,0,0,0,0,0,100.0,385,3798,0,4183
535,Medak,535008,Tekmal,1708021,Sriram Manasa  TEKMAL,6,2024,60,459,0,519,154,1504,0,1658,2100,9024,0,11124,35,390,0,425,2065,8634,0,10699,0,0,0,0,0,100.0,2065,8634,0,10699
535,Medak,535008,Tekmal,1708022,CH SHASHIKALA  TEKMAL,6,2024,67,391,0,458,162,1290,0,1452,2345,7740,0,10085,70,532,0,602,2275,7208,0,9483,0,0,0,0,0,100.0,2275,7208,0,9483
535,Medak,535008,Tekmal,1708023,Baja Vasudha  TEKMAL,6,2024,38,338,0,376,89,1136,0,1225,1330,6816,0,8146,875,3426,0,4301,455,3390,0,3845,0,0,0,0,0,100.0,455,3390,0,3845
535,Medak,535008,Tekmal,1708024,"K LAXMINARAYANA  CHALLPALLY, H/O. TEKMAL",6,2024,6,112,0,118,16,408,0,424,210,2448,0,2658,0,426,0,426,210,2022,0,2232,0,0,0,0,0,100.0,210,2022,0,2232
535,Medak,535008,Tekmal,1708025,Venkaiahgari Sailoo  Kammarikatha H/o.Yelupugonda,6,2024,8,152,0,160,28,505,0,533,280,3030,0,3310,35,582,0,617,245,2448,0,2693,0,0,0,0,0,100.0,245,2448,0,2693
535,Medak,535008,Tekmal,1708026,Goundla Laxmi  Venkatapur H/o.Tekmal,6,2024,10,193,0,203,24,643,0,667,350,3858,0,4208,70,498,0,568,280,3360,0,3640,0,0,0,0,0,100.0,280,3360,0,3640
535,Medak,535008,Tekmal,1708027,K RAJU  Sangya Tanda H/o.Tekmal,6,2024,10,159,0,169,33,640,0,673,350,3840,0,4190,280,2832,0,3112,70,1008,0,1078,0,0,0,0,0,100.0,70,1008,0,1078
535,Medak,535008,Tekmal,1708028,T HEMALATHA  YELAKURTHI 2,6,2024,11,150,0,161,27,470,0,497,385,2820,0,3205,70,762,0,832,315,2058,0,2373,0,0,0,0,0,100.0,315,2058,0,2373
535,Medak,535008,Tekmal,1708029,I/C Sheri Kista Reddy  SHABAD,6,2024,17,117,0,134,47,418,0,465,595,2508,0,3103,35,144,0,179,560,2364,0,2924,0,0,0,0,0,100.0,560,2364,0,2924
535,Medak,535009,Papannapet,1709001,Munigala Manohar  PODCHANPALLY VILLAGE,6,2024,19,554,0,573,52,1719,0,1771,665,10314,0,10979,0,1362,0,1362,665,8952,0,9617,0,0,0,0,0,100.0,665,8952,0,9617
535,Medak,535009,Papannapet,1709002,Mummani Bikshapathi  ABLAPUR,6,2024,14,343,0,357,26,1126,0,1152,490,6756,0,7246,0,708,0,708,490,6048,0,6538,0,0,0,0,0,100.0,490,6048,0,6538
535,Medak,535009,Papannapet,1709003,Maturi Shankaraiah  GANDHARPALLY,6,2024,30,530,0,560,74,1531,0,1605,1050,9186,0,10236,175,2844,0,3019,875,6342,0,7217,0,0,0,0,0,100.0,875,6342,0,7217
535,Medak,535009,Papannapet,1709004,Patlolla Sairam reddy  MALLAMPET,6,2024,27,535,0,562,92,1849,0,1941,945,11094,0,12039,175,1620,0,1795,770,9474,0,10244,0,0,0,0,0,100.0,770,9474,0,10244
535,Medak,535009,Papannapet,1709005,Lunavath Samya  RAMTHIRTHAM,6,2024,34,444,0,478,88,1662,0,1750,1190,9972,0,11162,105,1794,0,1899,1085,8178,0,9263,0,0,0,0,0,100.0,1085,8178,0,9263
535,Medak,535009,Papannapet,1709006,B BIKSHAPATHI  CHITHRIYAL,6,2024,10,194,0,204,28,632,0,660,350,3792,0,4142,0,738,0,738,350,3054,0,3404,0,0,0,0,0,100.0,350,3054,0,3404
535,Medak,535009,Papannapet,1709007,Buchha Molla Yadamma  YELLAPUR,6,2024,26,317,0,343,65,993,0,1058,910,5958,0,6868,0,6,0,6,910,5952,0,6862,0,0,0,0,0,100.0,910,5952,0,6862
535,Medak,535009,Papannapet,1709008,uppari mahesh  YOUSUFPET,6,2024,33,555,0,588,70,1706,0,1776,1155,10236,0,11391,245,2064,0,2309,910,8172,0,9082,0,0,0,0,0,100.0,910,8172,0,9082
535,Medak,535009,Papannapet,1709009,P. RAJESHWARI  KODAPAK,6,2024,40,437,0,477,103,1317,0,1420,1400,7902,0,9302,0,114,0,114,1400,7788,0,9188,0,0,0,0,0,100.0,1400,7788,0,9188
535,Medak,535009,Papannapet,1709010,Mannem Raj Kumar  KOTHAPALLY,6,2024,25,473,0,498,56,1454,0,1510,875,8724,0,9599,0,2394,0,2394,875,6330,0,7205,0,0,0,0,0,100.0,875,6330,0,7205
535,Medak,535009,Papannapet,1709011,Madanala Lingaiah  KURTHIWADA,6,2024,16,373,0,389,30,1142,0,1172,560,6852,0,7412,0,852,0,852,560,6000,0,6560,0,0,0,0,0,100.0,560,6000,0,6560
535,Medak,535009,Papannapet,1709012,P ASHAIAH  SEETHANAGARAM,6,2024,11,197,0,208,26,665,0,691,385,3990,0,4375,35,798,0,833,350,3192,0,3542,0,0,0,0,0,100.0,350,3192,0,3542
535,Medak,535009,Papannapet,1709013,I/C YESAIAH  MINPUR,6,2024,17,212,0,229,52,674,0,726,595,4044,0,4639,210,1272,0,1482,385,2772,0,3157,0,0,0,0,0,100.0,385,2772,0,3157
535,Medak,535009,Papannapet,1709014,Komatisale Dasharatham  NARSINGI,6,2024,22,453,0,475,55,1503,0,1558,770,9018,0,9788,210,2232,0,2442,560,6786,0,7346,0,0,0,0,0,100.0,560,6786,0,7346
535,Medak,535009,Papannapet,1709015,Vaali Jagadeeshwar  NAGSANPALLY,6,2024,14,362,0,376,42,1198,0,1240,490,7188,0,7678,105,732,0,837,385,6456,0,6841,0,0,0,0,0,100.0,385,6456,0,6841
535,Medak,535009,Papannapet,1709016,K BAGAIAH  BACHARAM,6,2024,23,377,0,400,60,1180,0,1240,805,7080,0,7885,175,1254,0,1429,630,5826,0,6456,0,0,0,0,0,100.0,630,5826,0,6456
535,Medak,535009,Papannapet,1709017,Sevella Vinay Reddy  THAMMAIPALLY,6,2024,7,105,0,112,17,321,0,338,245,1926,0,2171,0,288,0,288,245,1638,0,1883,0,0,0,0,0,100.0,245,1638,0,1883
535,Medak,535009,Papannapet,1709018,Vaggu Sangaiah  Kandipally,6,2024,15,186,0,201,53,636,0,689,525,3816,0,4341,0,684,0,684,525,3132,0,3657,0,0,0,0,0,100.0,525,3132,0,3657
535,Medak,535009,Papannapet,1709019,L CHANDAR  ANNARAM,6,2024,24,468,0,492,85,1472,0,1557,840,8832,0,9672,336,4093,0,4429,504,4739,0,5243,0,0,0,0,0,100.0,504,4739,0,5243
535,Medak,535009,Papannapet,1709020,Singarapu Shankaraiah  PAPANNAPET,6,2024,26,419,0,445,69,1350,0,1419,910,8100,0,9010,0,810,0,810,910,7290,0,8200,0,0,0,0,0,100.0,910,7290,0,8200
535,Medak,535009,Papannapet,1709021,Mussetti Vijaya Laxmi  PAPANNAPET,6,2024,34,436,0,470,91,1387,0,1478,1190,8322,0,9512,0,1332,0,1332,1190,6990,0,8180,0,0,0,0,0,100.0,1190,6990,0,8180
535,Medak,535009,Papannapet,1709022,Vaali Jagadeeshwar  NAGSANPALLY-II,6,2024,12,260,0,272,36,836,0,872,420,5016,0,5436,0,984,0,984,420,4032,0,4452,0,0,0,0,0,100.0,420,4032,0,4452
535,Medak,535009,Papannapet,1709023,Bairi Suresh  ENKEPALLY,6,2024,7,193,0,200,20,583,0,603,245,3498,0,3743,0,108,0,108,245,3390,0,3635,0,0,0,0,0,100.0,245,3390,0,3635
535,Medak,535009,Papannapet,1709024,Jajala Shobharani  GAJULAGUDEM,6,2024,7,324,0,331,20,969,0,989,245,5814,0,6059,0,768,0,768,245,5046,0,5291,0,0,0,0,0,100.0,245,5046,0,5291
535,Medak,535009,Papannapet,1709025,Begari Srinivas  ARKELA,6,2024,35,275,0,310,104,957,0,1061,1225,5742,0,6967,420,1716,0,2136,805,4026,0,4831,0,0,0,0,0,100.0,805,4026,0,4831
535,Medak,535009,Papannapet,1709026,GUGULOTH VASANTH  DAKYA THANDA ARKELA,6,2024,25,154,0,179,87,583,0,670,875,3498,0,4373,35,612,0,647,840,2886,0,3726,0,0,0,0,0,100.0,840,2886,0,3726
535,Medak,535009,Papannapet,1709027,YADAGIRI  PATHALINGAIPALLY,6,2024,35,552,0,587,86,1990,0,2076,1225,11940,0,13165,595,5406,0,6001,630,6534,0,7164,0,0,0,0,0,100.0,630,6534,0,7164
535,Medak,535009,Papannapet,1709028,VENKA GOUD  KOTHALINGAIPALLY,6,2024,17,271,0,288,42,862,0,904,595,5172,0,5767,175,966,0,1141,420,4206,0,4626,0,0,0,0,0,100.0,420,4206,0,4626
535,Medak,535009,Papannapet,1709029,Dharavath Ravi  Podchanpally LT,6,2024,8,348,0,356,20,1109,0,1129,280,6654,0,6934,105,1350,0,1455,175,5304,0,5479,0,0,0,0,0,100.0,175,5304,0,5479
535,Medak,535009,Papannapet,1709030,Mahammed Farhat Begum  Kodapak-II,6,2024,41,392,0,433,107,1191,0,1298,1435,7146,0,8581,175,2364,0,2539,1260,4782,0,6042,0,0,0,0,0,100.0,1260,4782,0,6042
535,Medak,535009,Papannapet,1709031,YESAIAH  Minpur,6,2024,11,224,0,235,33,702,0,735,385,4212,0,4597,0,1146,0,1146,385,3066,0,3451,0,0,0,0,0,100.0,385,3066,0,3451
535,Medak,535009,Papannapet,1709032,Bandalla Sathaiah  CHEEKODE,6,2024,31,375,0,406,70,1258,0,1328,1085,7548,0,8633,420,2820,0,3240,665,4728,0,5393,0,0,0,0,0,100.0,665,4728,0,5393
535,Medak,535009,Papannapet,1709033,Bandalla Sathaiah  KOMPALLY,6,2024,21,267,0,288,62,959,0,1021,735,5754,0,6489,315,3006,0,3321,420,2748,0,3168,0,0,0,0,0,100.0,420,2748,0,3168
535,Medak,535009,Papannapet,1709034,Police Sangappa  MUDDAPUR,6,2024,10,157,0,167,16,540,0,556,350,3240,0,3590,35,594,0,629,315,2646,0,2961,0,0,0,0,0,100.0,315,2646,0,2961
535,Medak,535009,Papannapet,1709035,Dodle Narender Rao  Yousufpet,6,2024,49,470,0,519,119,1442,0,1561,1715,8652,0,10367,525,2220,0,2745,1190,6432,0,7622,0,0,0,0,0,100.0,1190,6432,0,7622
535,Medak,535009,Papannapet,1709036,G Ganesh  Kothapally,6,2024,35,212,0,247,89,620,0,709,1225,3720,0,4945,350,0,0,350,875,3720,0,4595,0,0,0,0,0,100.0,875,3720,0,4595
535,Medak,535009,Papannapet,1709037,Vadla Prabhakar  Doulapur,6,2024,5,111,0,116,16,355,0,371,175,2130,0,2305,35,420,0,455,140,1710,0,1850,0,0,0,0,0,100.0,140,1710,0,1850
535,Medak,535009,Papannapet,1709038,Ghanapuram Padmaja  Namapur,6,2024,6,159,0,165,19,552,0,571,210,3312,0,3522,0,468,0,468,210,2844,0,3054,0,0,0,0,0,100.0,210,2844,0,3054
535,Medak,535009,Papannapet,1709039,RAJU  Pomlathanda,6,2024,13,155,0,168,36,620,0,656,455,3720,0,4175,35,708,0,743,420,3012,0,3432,0,0,0,0,0,100.0,420,3012,0,3432
535,Medak,535009,Papannapet,1709040,Vali Veeramani  Laxminagar,6,2024,8,267,0,275,11,759,0,770,280,4554,0,4834,0,60,0,60,280,4494,0,4774,0,0,0,0,0,100.0,280,4494,0,4774
535,Medak,535009,Papannapet,1709041,Maldodi Durgaiah  Papannapet-I,6,2024,42,372,0,414,116,1182,0,1298,1470,7092,0,8562,70,1554,0,1624,1400,5538,0,6938,0,0,0,0,0,100.0,1400,5538,0,6938
535,Medak,535009,Papannapet,1709042,Erra Jayaraj  Yellapur-II,6,2024,17,281,0,298,43,907,0,950,595,5442,0,6037,70,1068,0,1138,525,4374,0,4899,0,0,0,0,0,100.0,525,4374,0,4899
535,Medak,535009,Papannapet,1709043,Thotla Shivaramulu  Sheripally,6,2024,6,104,0,110,7,292,0,299,210,1752,0,1962,35,222,0,257,175,1530,0,1705,0,0,0,0,0,100.0,175,1530,0,1705
535,Medak,535009,Papannapet,1709044,SIDDIRAMULU  KURTHIWADA,6,2024,26,361,0,387,54,1075,0,1129,910,6450,0,7360,315,1830,0,2145,595,4620,0,5215,0,0,0,0,0,100.0,595,4620,0,5215
535,Medak,535009,Papannapet,1709045,Munigala Manohar  PODCHANPALY-II,6,2024,10,361,0,371,33,1142,0,1175,350,6852,0,7202,0,1818,0,1818,350,5034,0,5384,0,0,0,0,0,100.0,350,5034,0,5384
535,Medak,535010,Kulcharam,1710001,Mirajdar Govinda Rao  H.NO.1-41 RAMPUR (V) KULCHARAM (M),6,2024,34,342,0,376,75,1131,0,1206,1190,6786,0,7976,280,1146,0,1426,910,5640,0,6550,0,0,0,0,0,100.0,910,5640,0,6550
535,Medak,535010,Kulcharam,1710002,Somannagari Ram Chendra Reddy  H.NO.1-8 PAITHARA  (V) KULCHARAM (M),6,2024,29,459,0,488,92,1547,0,1639,1015,9282,0,10297,105,1176,0,1281,910,8106,0,9016,0,0,0,0,0,100.0,910,8106,0,9016
535,Medak,535010,Kulcharam,1710003,Kamini Srinivas  Not Available,6,2024,41,530,0,571,106,1738,0,1844,1435,10428,0,11863,105,1210,0,1315,1330,9218,0,10548,0,0,0,0,0,100.0,1330,9218,0,10548
535,Medak,535010,Kulcharam,1710004,Saini Siddiramulu  Pothamshettipally,6,2024,34,356,0,390,76,1200,0,1276,1190,7200,0,8390,175,966,0,1141,1015,6234,0,7249,0,0,0,0,0,100.0,1015,6234,0,7249
535,Medak,535010,Kulcharam,1710005,Peddula Durgaiah  H.NO.3-65 KISTAPUR  (V) KULCHARAM (M),6,2024,32,434,0,466,74,1509,0,1583,1120,9054,0,10174,179,1608,0,1787,941,7446,0,8387,0,0,0,0,0,100.0,941,7446,0,8387
535,Medak,535010,Kulcharam,1710006,101  H NO.3-50 AMSAN PALLY (V) KOLCHARAM (M),6,2024,46,651,0,697,130,2110,0,2240,1610,12660,0,14270,175,1758,0,1933,1435,10902,0,12337,0,0,0,0,0,100.0,1435,10902,0,12337
535,Medak,535010,Kulcharam,1710007,Arige Ramulu  Not Available,6,2024,35,443,0,478,95,1519,0,1614,1225,9114,0,10339,210,2340,0,2550,1015,6774,0,7789,0,0,0,0,0,100.0,1015,6774,0,7789
535,Medak,535010,Kulcharam,1710008,Nizampuram Prabhakar  H.NO.2-36 SANGAIPET (V) KULCHARAM (M),6,2024,42,542,0,584,121,1983,0,2104,1470,11898,0,13368,35,1794,0,1829,1435,10104,0,11539,0,0,0,0,0,100.0,1435,10104,0,11539
535,Medak,535010,Kulcharam,1710009,Bojja Vijaya Laxmi  KULCHARAM,6,2024,43,467,0,510,110,1637,0,1747,1505,9822,0,11327,70,1284,0,1354,1435,8538,0,9973,0,0,0,0,0,100.0,1435,8538,0,9973
535,Medak,535010,Kulcharam,1710010,"Vadla Sathyanarayana  CHINNAGHANPUR(V), KULCHARAM (M)",6,2024,26,327,0,353,76,1220,0,1296,910,7320,0,8230,175,814,0,989,735,6506,0,7241,0,0,0,0,0,100.0,735,6506,0,7241
535,Medak,535010,Kulcharam,1710011,"Chintakunta Yegonda  POTHAMSHETPALLY (V), KULCHARAM(M)",6,2024,30,336,0,366,73,1164,0,1237,1050,6984,0,8034,105,604,0,709,945,6380,0,7325,0,0,0,0,0,100.0,945,6380,0,7325
535,Medak,535010,Kulcharam,1710012,Madari Balaraju  H.NO.3-89 YENGANDLA (V) KULCHARAM (M,6,2024,42,771,0,813,109,2544,0,2653,1470,15264,0,16734,0,2862,0,2862,1470,12402,0,13872,0,0,0,0,0,100.0,1470,12402,0,13872
535,Medak,535010,Kulcharam,1710013,Jogipeta Upendar Goud  Not Available,6,2024,37,414,0,451,112,1423,0,1535,1295,8538,0,9833,175,1254,0,1429,1120,7284,0,8404,0,0,0,0,0,100.0,1120,7284,0,8404
535,Medak,535010,Kulcharam,1710014,Dubbagalla Swamy  H NO.1-15/A KONGODE (V) KOLCHARAM (M),6,2024,29,503,0,532,81,1684,0,1765,1015,10104,0,11119,210,2472,0,2682,805,7632,0,8437,0,0,0,0,0,100.0,805,7632,0,8437
535,Medak,535010,Kulcharam,1710015,Thammishetti Rajalingam  Not Available,6,2024,39,444,0,483,100,1497,0,1597,1365,8982,0,10347,0,942,0,942,1365,8040,0,9405,0,0,0,0,0,100.0,1365,8040,0,9405
535,Medak,535010,Kulcharam,1710016,Battini Santhosh  Not Available,6,2024,18,372,0,390,50,1304,0,1354,630,7824,0,8454,0,1512,0,1512,630,6312,0,6942,0,0,0,0,0,100.0,630,6312,0,6942
535,Medak,535010,Kulcharam,1710017,Pothanak Nagesh  Not Available,6,2024,33,477,0,510,77,1560,0,1637,1155,9360,0,10515,315,3648,0,3963,840,5712,0,6552,0,0,0,0,0,100.0,840,5712,0,6552
535,Medak,535010,Kulcharam,1710018,papagoud  kalal,6,2024,23,259,0,282,54,857,0,911,805,5142,0,5947,105,558,0,663,700,4584,0,5284,0,0,0,0,0,100.0,700,4584,0,5284
535,Medak,535010,Kulcharam,1710019,Tunkulapally Laxman Rao  Not Available,6,2024,17,283,0,300,43,988,0,1031,595,5928,0,6523,140,924,0,1064,455,5004,0,5459,0,0,0,0,0,100.0,455,5004,0,5459
535,Medak,535010,Kulcharam,1710020,Kanneboina Dhanraj  Not Available,6,2024,15,367,0,382,41,1129,0,1170,525,6774,0,7299,70,546,0,616,455,6228,0,6683,0,0,0,0,0,100.0,455,6228,0,6683
535,Medak,535010,Kulcharam,1710021,Tekmal Sivasankar  Not Available,6,2024,11,153,0,164,26,512,0,538,385,3072,0,3457,0,138,0,138,385,2934,0,3319,0,0,0,0,0,100.0,385,2934,0,3319
535,Medak,535010,Kulcharam,1710022,Sri D. Ramesh  pothireddypally,6,2024,14,253,0,267,44,937,0,981,490,5622,0,6112,35,672,0,707,455,4950,0,5405,0,0,0,0,0,100.0,455,4950,0,5405
535,Medak,535011,Medak,1711001,KAMMARI NAVEEN KUMAR  AUSULAPALLY,6,2024,60,739,0,799,133,2314,0,2447,2100,13884,0,15984,245,1146,0,1391,1855,12738,0,14593,0,0,0,0,0,100.0,1855,12738,0,14593
535,Medak,535011,Medak,1711003,Kalali Jayaram Goud  MAQDOOMPUR,6,2024,18,278,0,296,47,843,0,890,630,5058,0,5688,105,768,0,873,525,4290,0,4815,0,0,0,0,0,100.0,525,4290,0,4815
535,Medak,535011,Medak,1711004,sathya vathi  RACHAPALLY,6,2024,47,764,0,811,123,2325,0,2448,1645,13950,0,15595,0,996,0,996,1645,12954,0,14599,0,0,0,0,0,100.0,1645,12954,0,14599
535,Medak,535011,Medak,1711005,Thota Bikshapathi  PATHUR,6,2024,64,668,0,732,142,2141,0,2283,2240,12846,0,15086,0,0,0,0,2240,12846,0,15086,0,0,0,0,0,100.0,2240,12846,0,15086
535,Medak,535011,Medak,1711007,Golla Ravindar  RAYANPALLY,6,2024,27,345,0,372,63,1045,0,1108,945,6270,0,7215,105,1050,0,1155,840,5220,0,6060,0,0,0,0,0,100.0,840,5220,0,6060
535,Medak,535011,Medak,1711008,Dodala Gopal  THIMMANAGAR,6,2024,45,452,0,497,120,1594,0,1714,1575,9564,0,11139,175,1748,0,1923,1400,7816,0,9216,0,0,0,0,0,100.0,1400,7816,0,9216
535,Medak,535011,Medak,1711009,Bommarthi Ravindar  VENKATAPUR,6,2024,76,543,1,620,191,1731,1,1923,2660,10386,10,13056,525,2508,10,3043,2135,7878,0,10013,0,0,0,0,0,100.0,2135,7878,0,10013
535,Medak,535011,Medak,1711010,Taraka Srinivas  BALANAGAR,6,2024,24,414,0,438,62,1320,0,1382,840,7920,0,8760,140,1584,0,1724,700,6336,0,7036,0,0,0,0,0,100.0,700,6336,0,7036
535,Medak,535011,Medak,1711014,Neerudi Ramdas  KHAZIPALLY,6,2024,53,430,0,483,133,1310,0,1443,1855,7860,0,9715,315,1182,0,1497,1540,6678,0,8218,0,0,0,0,0,100.0,1540,6678,0,8218
535,Medak,535011,Medak,1711015,Gujjari Bhikshapathi  RAYALAMADUGU,6,2024,52,315,0,367,151,888,0,1039,1820,5328,0,7148,175,1242,0,1417,1645,4086,0,5731,0,0,0,0,0,100.0,1645,4086,0,5731
535,Medak,535011,Medak,1711016,sharada  MAMBOJIPALLY,6,2024,45,444,0,489,123,1452,0,1575,1575,8712,0,10287,0,0,0,0,1575,8712,0,10287,0,0,0,0,0,100.0,1575,8712,0,10287
535,Medak,535011,Medak,1711017,Balina Naveena  MACHAVARAM,6,2024,46,536,0,582,139,1493,0,1632,1610,8958,0,10568,0,2167,0,2167,1610,6791,0,8401,0,0,0,0,0,100.0,1610,6791,0,8401
535,Medak,535011,Medak,1711018,Velmakanne Kamsamma  PEROOR,6,2024,35,331,0,366,98,999,0,1097,1225,5994,0,7219,210,1410,0,1620,1015,4584,0,5599,0,0,0,0,0,100.0,1015,4584,0,5599
535,Medak,535011,Medak,1711019,Kasa Rama Lingam  CHITYAL,6,2024,40,350,1,391,121,1106,1,1228,1400,6636,10,8046,315,1290,0,1605,1085,5346,10,6441,0,0,0,0,0,100.0,1085,5346,10,6441
535,Medak,535011,Medak,1711020,Margam Lingam  JANAKAMPALLY,6,2024,31,435,0,466,89,1431,0,1520,1085,8586,0,9671,245,2442,0,2687,840,6144,0,6984,0,0,0,0,0,100.0,840,6144,0,6984
535,Medak,535011,Medak,1711024,Sunkari Pochaiah  MAGTA BHOOPATHIPUR,6,2024,39,509,0,548,109,1645,0,1754,1365,9870,0,11235,0,822,0,822,1365,9048,0,10413,0,0,0,0,0,100.0,1365,9048,0,10413
535,Medak,535011,Medak,1711040,shekar  Shivaipally,6,2024,77,424,0,501,170,1359,0,1529,2695,8154,0,10849,455,2166,0,2621,2240,5988,0,8228,0,0,0,0,0,100.0,2240,5988,0,8228
535,Medak,535012,Shankarampet (R),1712001,Bhashipalli Swamy  3-84 KHAJAPUR,6,2024,52,613,0,665,171,2142,0,2313,1820,12852,0,14672,321,2742,0,3063,1499,10110,0,11609,0,0,0,0,0,100.0,1499,10110,0,11609
535,Medak,535012,Shankarampet (R),1712002,K MALLESHAM GOUD  2-77 AMBAJIPET,6,2024,18,300,0,318,49,951,0,1000,630,5706,0,6336,70,872,0,942,560,4834,0,5394,0,0,0,0,0,100.0,560,4834,0,5394
535,Medak,535012,Shankarampet (R),1712003,Shivagari Siddiramulu  MIRZAPALLY,6,2024,44,542,0,586,172,1744,0,1916,1540,10464,0,12004,70,1668,0,1738,1470,8796,0,10266,0,0,0,0,0,100.0,1470,8796,0,10266
535,Medak,535012,Shankarampet (R),1712004,"Pullagalla Narsimulu  1-3, JANGARAI",6,2024,23,394,0,417,63,1273,0,1336,805,7638,0,8443,315,4098,0,4413,490,3540,0,4030,0,0,0,0,0,100.0,490,3540,0,4030
535,Medak,535012,Shankarampet (R),1712006,Singamolla Jayamma  1-56 KORVIPALLY,6,2024,32,215,0,247,112,833,0,945,1120,4998,0,6118,385,1176,0,1561,735,3822,0,4557,0,0,0,0,0,100.0,735,3822,0,4557
535,Medak,535012,Shankarampet (R),1712007,SUREDDY MAMATHA  GAVALLAPALLY,6,2024,66,773,0,839,222,2593,0,2815,2310,15558,0,17868,140,264,0,404,2170,15294,0,17464,0,0,0,0,0,100.0,2170,15294,0,17464
535,Medak,535012,Shankarampet (R),1712008,Pullani Balaiah  MADOOR VILLAGE,6,2024,28,409,0,437,79,1360,0,1439,980,8160,0,9140,350,3696,0,4046,630,4464,0,5094,0,0,0,0,0,100.0,630,4464,0,5094
535,Medak,535012,Shankarampet (R),1712009,Rathula Mohan  S KONDAPUR,6,2024,30,478,0,508,88,1663,0,1751,1050,9978,0,11028,525,4608,0,5133,525,5370,0,5895,0,0,0,0,0,100.0,525,5370,0,5895
535,Medak,535012,Shankarampet (R),1712010,Kethavath Hari  8-9 KAMARAM THANDA,6,2024,11,247,0,258,36,854,0,890,385,5124,0,5509,105,216,0,321,280,4908,0,5188,0,0,0,0,0,100.0,280,4908,0,5188
535,Medak,535012,Shankarampet (R),1712011,Bandaru Santhosh Kumar  2-45 GAJAGTLAPALLY,6,2024,25,451,0,476,83,1423,0,1506,875,8538,0,9413,140,1992,0,2132,735,6546,0,7281,0,0,0,0,0,100.0,735,6546,0,7281
535,Medak,535012,Shankarampet (R),1712012,Karre Venkataiah  1-36 KAMARAM,6,2024,11,136,0,147,32,431,0,463,385,2586,0,2971,35,570,0,605,350,2016,0,2366,0,0,0,0,0,100.0,350,2016,0,2366
535,Medak,535012,Shankarampet (R),1712015,I YADAGIRI  SHALIPET,6,2024,49,813,0,862,136,2690,0,2826,1715,16140,0,17855,0,0,0,0,1715,16140,0,17855,0,0,0,0,0,100.0,1715,16140,0,17855
535,Medak,535012,Shankarampet (R),1712016,Narishetti Verasham  1-82 CHANDAMPET,6,2024,24,555,0,579,73,1838,0,1911,840,11028,0,11868,140,3186,0,3326,700,7842,0,8542,0,0,0,0,0,100.0,700,7842,0,8542
535,Medak,535012,Shankarampet (R),1712017,Bandaru Mallesham  6-30 VENKATRAO PALLY,6,2024,29,476,0,505,80,1520,0,1600,1015,9120,0,10135,0,0,0,0,1015,9120,0,10135,0,0,0,0,0,100.0,1015,9120,0,10135
535,Medak,535012,Shankarampet (R),1712018,Karne Saritha  4-3 SANGAIPALLY,6,2024,13,224,0,237,41,716,0,757,455,4296,0,4751,105,426,0,531,350,3870,0,4220,0,0,0,0,0,100.0,350,3870,0,4220
535,Medak,535012,Shankarampet (R),1712019,Pullagalla Narsimulu  6-61 RUDRARAM,6,2024,25,406,0,431,81,1414,0,1495,875,8484,0,9359,70,666,0,736,805,7818,0,8623,0,0,0,0,0,100.0,805,7818,0,8623
535,Medak,535012,Shankarampet (R),1712020,Javvaji Bikshapathi  14-77 BAGIRTHIPALLY,6,2024,11,249,0,260,32,865,0,897,385,5190,0,5575,0,768,0,768,385,4422,0,4807,0,0,0,0,0,100.0,385,4422,0,4807
535,Medak,535012,Shankarampet (R),1712021,Sirigadde Shankaraiah  3-84 DHARIPALLY,6,2024,41,641,0,682,132,2157,0,2289,1435,12942,0,14377,0,2280,0,2280,1435,10662,0,12097,0,0,0,0,0,100.0,1435,10662,0,12097
535,Medak,535012,Shankarampet (R),1712022,Dathrika Nagaraju  5-21 SURARAM,6,2024,19,400,0,419,58,1271,0,1329,665,7626,0,8291,0,1452,0,1452,665,6174,0,6839,0,0,0,0,0,100.0,665,6174,0,6839
535,Medak,535012,Shankarampet (R),1712023,Bheemari Anjaneyulu  5-22 TURKALA MANDAPUR,6,2024,27,376,0,403,91,1428,0,1519,945,8568,0,9513,0,324,0,324,945,8244,0,9189,0,0,0,0,0,100.0,945,8244,0,9189
535,Medak,535012,Shankarampet (R),1712024,padala Laxmi  4-39 CHANDAPUR,6,2024,13,194,0,207,36,607,0,643,455,3642,0,4097,0,0,0,0,455,3642,0,4097,0,0,0,0,0,100.0,455,3642,0,4097
535,Medak,535012,Shankarampet (R),1712025,Karnam Srinivas  SHANKARAMPET(R),6,2024,40,618,0,658,126,2030,0,2156,1400,12180,0,13580,0,0,0,0,1400,12180,0,13580,0,0,0,0,0,100.0,1400,12180,0,13580
535,Medak,535012,Shankarampet (R),1712026,Thumma Shankaraiah  2-41 SHANKARAMPET (R),6,2024,45,577,0,622,149,1913,0,2062,1575,11478,0,13053,0,354,0,354,1575,11124,0,12699,0,0,0,0,0,100.0,1575,11124,0,12699
535,Medak,535012,Shankarampet (R),1712027,Vadloori Santhosh Kumar  SURARAM,6,2024,24,367,0,391,85,1190,0,1275,840,7140,0,7980,0,1404,0,1404,840,5736,0,6576,0,0,0,0,0,100.0,840,5736,0,6576
535,Medak,535012,Shankarampet (R),1712028,GUGULOTH SURYA  JANGARAI LT,6,2024,13,240,0,253,42,873,0,915,455,5238,0,5693,70,822,0,892,385,4416,0,4801,0,0,0,0,0,100.0,385,4416,0,4801
535,Medak,535013,Ramayampet,1713001,Police Siddiramulu  Akkannapet-1,6,2024,34,474,0,508,109,1392,0,1501,1190,8352,0,9542,175,666,0,841,1015,7686,0,8701,0,0,0,0,0,100.0,1015,7686,0,8701
535,Medak,535013,Ramayampet,1713002,k sai yeshwanth  H.NO.5-37 AKKANNAPET,6,2024,32,499,0,531,113,1542,0,1655,1120,9252,0,10372,0,936,0,936,1120,8316,0,9436,0,0,0,0,0,100.0,1120,8316,0,9436
535,Medak,535013,Ramayampet,1713003,Jaligama Baga Goud  H.NO. 2-68 J LINGAPUR,6,2024,42,557,0,599,124,1684,0,1808,1470,10104,0,11574,280,1944,0,2224,1190,8160,0,9350,0,0,0,0,0,100.0,1190,8160,0,9350
535,Medak,535013,Ramayampet,1713004,Surannagari Siddiramulu  H.NO. 1-125 THONIGANDLA,6,2024,21,314,0,335,64,949,0,1013,735,5694,0,6429,70,1410,0,1480,665,4284,0,4949,0,0,0,0,0,100.0,665,4284,0,4949
535,Medak,535013,Ramayampet,1713005,Yacham Narsimulu  LAXMAPUR,6,2024,19,447,0,466,50,1293,0,1343,665,7758,0,8423,0,1692,0,1692,665,6066,0,6731,0,0,0,0,0,100.0,665,6066,0,6731
535,Medak,535013,Ramayampet,1713006,incharge d santhosha  H.NO. 1-09 KATRIYAL,6,2024,40,605,0,645,119,1954,0,2073,1400,11724,0,13124,237,1704,0,1941,1163,10020,0,11183,0,0,0,0,0,100.0,1163,10020,0,11183
535,Medak,535013,Ramayampet,1713007,Yacham Narsimulu  Danthepalle,6,2024,22,230,0,252,82,713,0,795,770,4278,0,5048,70,498,0,568,700,3780,0,4480,0,0,0,0,0,100.0,700,3780,0,4480
535,Medak,535013,Ramayampet,1713008,d santhosha  Parvathapur,6,2024,23,347,0,370,75,1063,0,1138,805,6378,0,7183,145,1098,0,1243,660,5280,0,5940,0,0,0,0,0,100.0,660,5280,0,5940
535,Medak,535013,Ramayampet,1713009,"Yesugari Rajender Redddy  H.NO.20-38, Komatipalle",6,2024,17,319,0,336,57,1033,0,1090,595,6198,0,6793,0,648,0,648,595,5550,0,6145,0,0,0,0,0,100.0,595,5550,0,6145
535,Medak,535013,Ramayampet,1713011,Maddhuri Laxmi  H.NO. 9-93 SUTHARPALLY,6,2024,19,329,0,348,55,1030,0,1085,665,6180,0,6845,140,996,0,1136,525,5184,0,5709,0,0,0,0,0,100.0,525,5184,0,5709
535,Medak,535013,Ramayampet,1713016,Kummari Kumar  Golparthy H/o Ramamayampet,6,2024,18,345,0,363,54,1061,0,1115,630,6366,0,6996,0,0,0,0,630,6366,0,6996,0,0,0,0,0,100.0,630,6366,0,6996
535,Medak,535013,Ramayampet,1713020,Ammolla Ramesh  H.NO. SHIVAIPALLY,6,2024,11,206,0,217,36,646,0,682,385,3876,0,4261,70,366,0,436,315,3510,0,3825,0,0,0,0,0,100.0,315,3510,0,3825
535,Medak,535013,Ramayampet,1713021,BADE SIDDARAMULU  H.NO. 2-45 D DHARMARAM,6,2024,26,453,0,479,75,1496,0,1571,910,8976,0,9886,0,18,0,18,910,8958,0,9868,0,0,0,0,0,100.0,910,8958,0,9868
535,Medak,535013,Ramayampet,1713022,D BHOOPATHI  H.NO.5-52 D DHARAMARAM,6,2024,36,437,0,473,113,1414,0,1527,1260,8484,0,9744,175,2658,0,2833,1085,5826,0,6911,0,0,0,0,0,100.0,1085,5826,0,6911
535,Medak,535013,Ramayampet,1713025,Gouru Rajamani  Railapur,6,2024,38,538,0,576,117,1662,0,1779,1330,9972,0,11302,35,2394,0,2429,1295,7578,0,8873,0,0,0,0,0,100.0,1295,7578,0,8873
535,Medak,535013,Ramayampet,1713027,Thota Srinivas  H.NO.2-27 RAMAYAMPET,6,2024,39,401,0,440,124,1255,0,1379,1365,7530,0,8895,0,396,0,396,1365,7134,0,8499,0,0,0,0,0,100.0,1365,7134,0,8499
535,Medak,535013,Ramayampet,1713030,"Nooli Narendar Rao  H.NO. 4-63,Venkatapur-R",6,2024,12,443,0,455,31,1334,0,1365,420,8004,0,8424,70,1795,0,1865,350,6209,0,6559,0,0,0,0,0,100.0,350,6209,0,6559
535,Medak,535013,Ramayampet,1713031,Madavareddygari Bramhananda Reddy  Konapur,6,2024,39,627,0,666,107,1950,0,2057,1365,11700,0,13065,70,996,0,1066,1295,10704,0,11999,0,0,0,0,0,100.0,1295,10704,0,11999
535,Medak,535013,Ramayampet,1713032,KUSTHIBALAKRISHNA  H.NO. DAMARACHERVU,6,2024,21,413,0,434,66,1254,0,1320,735,7524,0,8259,35,30,0,65,700,7494,0,8194,0,0,0,0,0,100.0,700,7494,0,8194
535,Medak,535013,Ramayampet,1713037,Cholleti Raju  H.No. 5-63 Ramayampet,6,2024,60,536,0,596,205,1696,0,1901,2100,10176,0,12276,0,4,0,4,2100,10172,0,12272,0,0,0,0,0,100.0,2100,10172,0,12272
535,Medak,535013,Ramayampet,1713038,Thota Rajasheker  H.No. 12-04 Ramayampet,6,2024,27,451,0,478,91,1464,0,1555,945,8784,0,9729,0,0,0,0,945,8784,0,9729,0,0,0,0,0,100.0,945,8784,0,9729
535,Medak,535013,Ramayampet,1713039,"Kovvuri Lalitha  H.No. 5-49, Ramayampet",6,2024,41,464,0,505,118,1472,0,1590,1435,8832,0,10267,0,1777,0,1777,1435,7055,0,8490,0,0,0,0,0,100.0,1435,7055,0,8490
535,Medak,535013,Ramayampet,1713040,Pushpakar Umarani Vakula  H.No. 11-34 Ramayampet,6,2024,33,467,0,500,96,1482,0,1578,1155,8892,0,10047,0,0,0,0,1155,8892,0,10047,0,0,0,0,0,100.0,1155,8892,0,10047
535,Medak,535013,Ramayampet,1713041,Pabba Sridhar  H.No. 5-35 Ramayampet,6,2024,33,600,0,633,95,1944,0,2039,1155,11664,0,12819,0,0,0,0,1155,11664,0,12819,0,0,0,0,0,100.0,1155,11664,0,12819
535,Medak,535013,Ramayampet,1713042,Mettu Gangaram  Ramayampet,6,2024,44,572,0,616,133,1989,0,2122,1540,11934,0,13474,0,0,0,0,1540,11934,0,13474,0,0,0,0,0,100.0,1540,11934,0,13474
535,Medak,535023,Chegunta,1723003,Koyalcar Laxmi Bayi  2-56,6,2024,16,288,0,304,49,914,0,963,560,5484,0,6044,0,756,0,756,560,4728,0,5288,0,0,0,0,0,100.0,560,4728,0,5288
535,Medak,535023,Chegunta,1723004,Nadem Venkat Goud  4-44,6,2024,28,267,1,296,84,853,1,938,980,5118,10,6108,0,900,0,900,980,4218,10,5208,0,0,0,0,0,100.0,980,4218,10,5208
535,Medak,535023,Chegunta,1723005,Yerram Lalitha  5-17 KARNALPALLY,6,2024,17,470,3,490,51,1550,3,1604,595,9300,30,9925,0,768,0,768,595,8532,30,9157,0,0,0,0,0,100.0,595,8532,30,9157
535,Medak,535023,Chegunta,1723006,Venkatesham Gari Siddiramulu  2-75 ANANATHASAGAR,6,2024,35,437,2,474,110,1469,2,1581,1225,8814,20,10059,0,750,0,750,1225,8064,20,9309,0,0,0,0,0,100.0,1225,8064,20,9309
535,Medak,535023,Chegunta,1723007,Madigela Ashok  1-10 CHITTOJIPALLY,6,2024,23,300,1,324,73,883,1,957,805,5298,10,6113,35,792,0,827,770,4506,10,5286,0,0,0,0,0,100.0,770,4506,10,5286
535,Medak,535023,Chegunta,1723008,Thodupunuri Nagesh  1-57,6,2024,20,344,0,364,55,1197,0,1252,700,7182,0,7882,0,510,0,510,700,6672,0,7372,0,0,0,0,0,100.0,700,6672,0,7372
535,Medak,535023,Chegunta,1723009,Biski Prashanth  KAREEMNAGAR,6,2024,15,202,2,219,47,700,2,749,525,4200,20,4745,70,414,10,494,455,3786,10,4251,0,0,0,0,0,100.0,455,3786,10,4251
535,Medak,535023,Chegunta,1723010,Muradi Bikshapathi  2-18 BONAL,6,2024,42,472,2,516,126,1533,2,1661,1470,9198,20,10688,70,1434,10,1514,1400,7764,10,9174,0,0,0,0,0,100.0,1400,7764,10,9174
535,Medak,535023,Chegunta,1723013,Nelluri Laxmi  PULIMAMIDI,6,2024,26,275,4,305,76,996,4,1076,910,5976,40,6926,70,702,0,772,840,5274,40,6154,0,0,0,0,0,100.0,840,5274,40,6154
535,Medak,535023,Chegunta,1723014,Uppal Balaiah  MAKKARAJPET,6,2024,29,371,2,402,93,1257,2,1352,1015,7542,20,8577,105,1062,0,1167,910,6480,20,7410,0,0,0,0,0,100.0,910,6480,20,7410
535,Medak,535023,Chegunta,1723017,Aitha Divakar  4-1 CHEGUNTA,6,2024,11,564,0,575,24,1917,0,1941,385,11502,0,11887,0,1788,0,1788,385,9714,0,10099,0,0,0,0,0,100.0,385,9714,0,10099
535,Medak,535023,Chegunta,1723018,Rangammagari Yadavareddy  B KONDAPUR 1,6,2024,22,258,1,281,77,783,1,861,770,4698,10,5478,0,1866,10,1876,770,2832,0,3602,0,0,0,0,0,100.0,770,2832,0,3602
535,Medak,535023,Chegunta,1723019,Maripally Bixapathi  3-19 IBRAHIMPUR,6,2024,18,305,0,323,55,1005,0,1060,630,6030,0,6660,105,1776,0,1881,525,4254,0,4779,0,0,0,0,0,100.0,525,4254,0,4779
535,Medak,535023,Chegunta,1723020,Uppala Sunitha  4-12 GOLLAPALLY,6,2024,5,260,0,265,16,900,0,916,175,5400,0,5575,70,540,0,610,105,4860,0,4965,0,0,0,0,0,100.0,105,4860,0,4965
535,Medak,535023,Chegunta,1723021,ANNAPOORNA  2-84,6,2024,29,393,3,425,88,1317,3,1408,1015,7902,30,8947,70,854,0,924,945,7048,30,8023,0,0,0,0,0,100.0,945,7048,30,8023
535,Medak,535023,Chegunta,1723024,Thadisina Sharada Bai  CHANDAIPET,6,2024,31,457,2,490,116,1533,2,1651,1085,9198,20,10303,105,1002,0,1107,980,8196,20,9196,0,0,0,0,0,100.0,980,8196,20,9196
535,Medak,535023,Chegunta,1723025,Appala Vittal  PEDDASHIVANOOR,6,2024,18,309,2,329,51,944,2,997,630,5664,20,6314,70,1362,10,1442,560,4302,10,4872,0,0,0,0,0,100.0,560,4302,10,4872
535,Medak,535023,Chegunta,1723028,CH PADMABAI  MAKKARAJPET,6,2024,24,377,2,403,77,1254,2,1333,840,7524,20,8384,0,1362,10,1372,840,6162,10,7012,0,0,0,0,0,100.0,840,6162,10,7012
535,Medak,535023,Chegunta,1723029,KETHAVATH Lalitha  KASANPALLY,6,2024,13,247,0,260,41,778,0,819,455,4668,0,5123,0,768,0,768,455,3900,0,4355,0,0,0,0,0,100.0,455,3900,0,4355
535,Medak,535023,Chegunta,1723030,Kamshetty Santhosh Kumar  RAMPUR,6,2024,14,265,0,279,48,953,0,1001,490,5718,0,6208,0,960,0,960,490,4758,0,5248,0,0,0,0,0,100.0,490,4758,0,5248
535,Medak,535023,Chegunta,1723031,Neerudi Santhosh  3-17 B KONDAPUR,6,2024,22,231,0,253,78,675,0,753,770,4050,0,4820,70,126,0,196,700,3924,0,4624,0,0,0,0,0,100.0,700,3924,0,4624
535,Medak,535023,Chegunta,1723032,Kondi Mallesham  2-105/1,6,2024,17,246,2,265,52,821,2,875,595,4926,20,5541,0,150,20,170,595,4776,0,5371,0,0,0,0,0,100.0,595,4776,0,5371
535,Medak,535023,Chegunta,1723033,Alla Sravanthi  KISTAPUR,6,2024,16,98,0,114,39,315,0,354,560,1890,0,2450,0,0,0,0,560,1890,0,2450,0,0,0,0,0,100.0,560,1890,0,2450
535,Medak,535023,Chegunta,1723034,Raisunnisa Begam  7-55/1 CHEGUNTA,6,2024,8,446,0,454,26,1467,0,1493,280,8802,0,9082,0,2556,0,2556,280,6246,0,6526,0,0,0,0,0,100.0,280,6246,0,6526
535,Medak,535023,Chegunta,1723035,Chittaboina Srinivas  3-80/1 CHEGUNTA,6,2024,18,521,0,539,45,1791,0,1836,630,10746,0,11376,0,11,0,11,630,10735,0,11365,0,0,0,0,0,100.0,630,10735,0,11365
535,Medak,535023,Chegunta,1723037,Maripally Madhavi  1-121,6,2024,16,348,0,364,47,1176,0,1223,560,7056,0,7616,70,750,0,820,490,6306,0,6796,0,0,0,0,0,100.0,490,6306,0,6796
535,Medak,535023,Chegunta,1723043,"Lunavath Chittamma  Gollapally Tanda,",6,2024,5,255,0,260,20,934,0,954,175,5604,0,5779,0,732,0,732,175,4872,0,5047,0,0,0,0,0,100.0,175,4872,0,5047
535,Medak,535023,Chegunta,1723044,Aellaboina Ramchander  2-70,6,2024,38,389,0,427,132,1249,0,1381,1330,7494,0,8824,210,1086,0,1296,1120,6408,0,7528,0,0,0,0,0,100.0,1120,6408,0,7528
535,Medak,535023,Chegunta,1723045,Janagama Sujatha  1-801,6,2024,24,373,1,398,80,1202,1,1283,840,7212,10,8062,70,1398,10,1478,770,5814,0,6584,0,0,0,0,0,100.0,770,5814,0,6584
535,Medak,535023,Chegunta,1723048,Bondla Radhika  1-22,6,2024,22,285,1,308,63,899,1,963,770,5394,10,6174,105,684,10,799,665,4710,0,5375,0,0,0,0,0,100.0,665,4710,0,5375
535,Medak,535023,Chegunta,1723049,prabhakar  5-12/2,6,2024,11,149,1,161,36,478,1,515,385,2868,10,3263,210,1140,0,1350,175,1728,10,1913,0,0,0,0,0,100.0,175,1728,10,1913
535,Medak,535024,Yeldurthy,1724001,Gaddam Ramesh  SHETTIPALLY KALAN,6,2024,23,508,0,531,42,1652,0,1694,805,9912,0,10717,35,1560,0,1595,770,8352,0,9122,0,0,0,0,0,100.0,770,8352,0,9122
535,Medak,535024,Yeldurthy,1724002,Reddyshetty Narayana  EDULAPALLY,6,2024,18,204,0,222,53,693,0,746,630,4158,0,4788,35,318,0,353,595,3840,0,4435,0,0,0,0,0,100.0,595,3840,0,4435
535,Medak,535024,Yeldurthy,1724003,Kanukanti Hemalatha  UPPULINGAPUR,6,2024,20,451,0,471,50,1328,0,1378,700,7968,0,8668,70,462,0,532,630,7506,0,8136,0,0,0,0,0,100.0,630,7506,0,8136
535,Medak,535024,Yeldurthy,1724006,Bobbili Nagesh  HASTHALPUR,6,2024,22,314,0,336,65,1114,0,1179,770,6684,0,7454,175,1728,0,1903,595,4956,0,5551,0,0,0,0,0,100.0,595,4956,0,5551
535,Medak,535024,Yeldurthy,1724007,Bhanur Swaroopa  MELLOR,6,2024,25,326,0,351,68,1009,0,1077,875,6054,0,6929,81,1104,0,1185,794,4950,0,5744,0,0,0,0,0,100.0,794,4950,0,5744
535,Medak,535024,Yeldurthy,1724009,Komirishetti Chandraiah  YELDURTHY-4,6,2024,25,403,0,428,60,1233,0,1293,875,7398,0,8273,0,902,0,902,875,6496,0,7371,0,0,0,0,0,100.0,875,6496,0,7371
535,Medak,535024,Yeldurthy,1724010,Manikonda Rukmini  MANGALPARTHY,6,2024,25,482,0,507,68,1470,0,1538,875,8820,0,9695,70,1926,0,1996,805,6894,0,7699,0,0,0,0,0,100.0,805,6894,0,7699
535,Medak,535024,Yeldurthy,1724011,Chityala Narendhar  MANEPALLY,6,2024,22,378,0,400,54,1109,0,1163,770,6654,0,7424,105,1772,0,1877,665,4882,0,5547,0,0,0,0,0,100.0,665,4882,0,5547
535,Medak,535024,Yeldurthy,1724012,Karkatakam Bhaskar  ANDUGULAPALLY,6,2024,21,413,0,434,51,1322,0,1373,735,7932,0,8667,35,1542,0,1577,700,6390,0,7090,0,0,0,0,0,100.0,700,6390,0,7090
535,Medak,535024,Yeldurthy,1724013,Kotha Rajender  YELDURTHY-2,6,2024,24,397,0,421,53,1215,0,1268,840,7290,0,8130,35,456,0,491,805,6834,0,7639,0,0,0,0,0,100.0,805,6834,0,7639
535,Medak,535024,Yeldurthy,1724014,Pentam Jyothi  YELDURTHY-1,6,2024,23,389,0,412,57,1186,0,1243,805,7116,0,7921,0,0,0,0,805,7116,0,7921,0,0,0,0,0,100.0,805,7116,0,7921
535,Medak,535024,Yeldurthy,1724015,Gokani Kumar Goud  MANNEVAR JALAPUR,6,2024,21,449,0,470,45,1401,0,1446,735,8406,0,9141,0,1914,0,1914,735,6492,0,7227,0,0,0,0,0,100.0,735,6492,0,7227
535,Medak,535024,Yeldurthy,1724016,Jonnavada Bikshapathi  ESHWANTHARAOPET,6,2024,20,340,0,360,48,1141,0,1189,700,6846,0,7546,35,1068,0,1103,665,5778,0,6443,0,0,0,0,0,100.0,665,5778,0,6443
535,Medak,535024,Yeldurthy,1724017,Sunke Narsimlu  KUKNOOR,6,2024,22,385,0,407,65,1254,0,1319,770,7524,0,8294,35,360,0,395,735,7164,0,7899,0,0,0,0,0,100.0,735,7164,0,7899
535,Medak,535024,Yeldurthy,1724018,Kaleru Veeramani  BANDAPOSANIPALLY,6,2024,18,331,0,349,49,940,0,989,630,5640,0,6270,35,1182,0,1217,595,4458,0,5053,0,0,0,0,0,100.0,595,4458,0,5053
535,Medak,535024,Yeldurthy,1724019,Kaleru Chandrika Aliyas Anuradha  RAMAYIPALLY,6,2024,17,443,0,460,45,1405,0,1450,595,8430,0,9025,35,1380,0,1415,560,7050,0,7610,0,0,0,0,0,100.0,560,7050,0,7610
535,Medak,535024,Yeldurthy,1724020,Gorre Shekulu  DHAMARANCHA,6,2024,25,467,0,492,64,1455,0,1519,875,8730,0,9605,0,1416,0,1416,875,7314,0,8189,0,0,0,0,0,100.0,875,7314,0,8189
535,Medak,535024,Yeldurthy,1724021,Nagulapalli Kistta Reddy  DHARMARAM,6,2024,20,255,0,275,51,874,0,925,700,5244,0,5944,70,1074,0,1144,630,4170,0,4800,0,0,0,0,0,100.0,630,4170,0,4800
535,Medak,535024,Yeldurthy,1724022,Hanmadri Mahesh Goud  YELDURTHY-3,6,2024,20,386,0,406,40,1147,0,1187,700,6882,0,7582,0,1128,0,1128,700,5754,0,6454,0,0,0,0,0,100.0,700,5754,0,6454
535,Medak,535024,Yeldurthy,1724024,POTHARAM GOPAL REDDY  CHERLA PALLY,6,2024,13,246,0,259,27,745,0,772,455,4470,0,4925,105,256,0,361,350,4214,0,4564,0,0,0,0,0,100.0,350,4214,0,4564
535,Medak,535024,Yeldurthy,1724027,Gomaram Lakshman  BASWAPUR,6,2024,12,246,0,258,31,750,0,781,420,4500,0,4920,35,1212,0,1247,385,3288,0,3673,0,0,0,0,0,100.0,385,3288,0,3673
535,Medak,535024,Yeldurthy,1724028,Hanumadri Veera Goud  AREGUDEM,6,2024,11,246,0,257,19,750,0,769,385,4500,0,4885,140,1470,0,1610,245,3030,0,3275,0,0,0,0,0,100.0,245,3030,0,3275
535,Medak,535024,Yeldurthy,1724030,Guda Shankaraiah  MANEPALLY-2,6,2024,21,371,0,392,37,1108,0,1145,735,6648,0,7383,210,1368,0,1578,525,5280,0,5805,0,0,0,0,0,100.0,525,5280,0,5805
535,Medak,535024,Yeldurthy,1724031,Banoth srinivas  shamishireddypalli thanda,6,2024,10,146,0,156,24,436,0,460,350,2616,0,2966,105,486,0,591,245,2130,0,2375,0,0,0,0,0,100.0,245,2130,0,2375
535,Medak,535024,Yeldurthy,1724032,"Gaddameedi Ramamma  SC COLONY, KUKUNOOR (V)",6,2024,21,325,0,346,53,1018,0,1071,735,6108,0,6843,175,1740,0,1915,560,4368,0,4928,0,0,0,0,0,100.0,560,4368,0,4928
535,Medak,535025,Kowdipalle,1725001,Naini Mallesham  H.No: 2-72 Kanchanpally VIllage Kowdipally Mandal,6,2024,30,518,0,548,82,1666,0,1748,1050,9996,0,11046,210,2004,0,2214,840,7992,0,8832,0,0,0,0,0,100.0,840,7992,0,8832
535,Medak,535025,Kowdipalle,1725002,"101  H.No.5-65 Sadashivapally Village, Kowdipally Mandal Medak District.",6,2024,19,404,0,423,48,1335,0,1383,665,8010,0,8675,0,900,0,900,665,7110,0,7775,0,0,0,0,0,100.0,665,7110,0,7775
535,Medak,535025,Kowdipalle,1725003,"101  H.No: 0-00
Dharmasagar Village Kowdiaplly Mandal",6,2024,10,152,0,162,24,498,0,522,350,2988,0,3338,0,786,0,786,350,2202,0,2552,0,0,0,0,0,100.0,350,2202,0,2552
535,Medak,535025,Kowdipalle,1725011,Bansuwada Padmavathi  H NO.1-39/B MAHAMMAD NAGAR VILLAGE KOWDIPALLY MANDAL MEDAK DISTRICT,6,2024,64,598,2,664,186,2011,2,2199,2240,12066,20,14326,175,2563,0,2738,2065,9503,20,11588,0,0,0,0,0,100.0,2065,9503,20,11588
535,Medak,535025,Kowdipalle,1725012,Azimera Pandu  H NO.1-107  KANNARAM VILLAGE,6,2024,31,317,0,348,102,1102,0,1204,1085,6612,0,7697,35,990,0,1025,1050,5622,0,6672,0,0,0,0,0,100.0,1050,5622,0,6672
535,Medak,535025,Kowdipalle,1725013,Nelluri Suguna  H.NO.2-46 SALABATHPUR VILLAGE KOWDIPALLY MANDAL MEDAK DISTRICT,6,2024,58,671,0,729,186,2262,0,2448,2030,13572,0,15602,280,1842,0,2122,1750,11730,0,13480,0,0,0,0,0,100.0,1750,11730,0,13480
535,Medak,535025,Kowdipalle,1725014,1725014  H.No.1-88 RAILAPUR VILLAGE KOWDIPALLY MANDAL MEDAK DISTRICT,6,2024,40,645,0,685,127,1990,0,2117,1400,11940,0,13340,70,1536,0,1606,1330,10404,0,11734,0,0,0,0,0,100.0,1330,10404,0,11734
535,Medak,535025,Kowdipalle,1725015,SARA PARVATHAMMA  H NO.3-09. THIMMAPUR VILLAGE KOWDIPALLY MANDAL MEDAK DISTRICT,6,2024,26,551,1,578,71,1736,1,1808,910,10416,10,11336,0,1836,10,1846,910,8580,0,9490,0,0,0,0,0,100.0,910,8580,0,9490
535,Medak,535025,Kowdipalle,1725016,Chinthala Rani  H NO.1-85/A. BUJRAMPET VILLAGE KOWDIPALLY MANDAL MEDAK DISTRICT,6,2024,31,454,0,485,108,1543,0,1651,1085,9258,0,10343,35,560,0,595,1050,8698,0,9748,0,0,0,0,0,100.0,1050,8698,0,9748
535,Medak,535025,Kowdipalle,1725017,"101  H.NO.2-86/1, KUKATLAPALLY VILLAGE KOWDIPALLY MANDAL MEDAKDISTRICT",6,2024,25,429,0,454,65,1363,0,1428,875,8178,0,9053,105,960,0,1065,770,7218,0,7988,0,0,0,0,0,100.0,770,7218,0,7988
535,Medak,535025,Kowdipalle,1725018,"Bodla Ramulu  H NO.3-22, YELMAKANNA VILLAGE",6,2024,22,438,0,460,65,1346,0,1411,770,8076,0,8846,35,2118,0,2153,735,5958,0,6693,0,0,0,0,0,100.0,735,5958,0,6693
535,Medak,535025,Kowdipalle,1725019,Manne Laxmi  H No.3-96 KOTTALA VILLAGE KOWDIPALLY MANDAL MEDAK DISTRICT,6,2024,38,428,0,466,125,1491,0,1616,1330,8946,0,10276,0,1476,0,1476,1330,7470,0,8800,0,0,0,0,0,100.0,1330,7470,0,8800
535,Medak,535025,Kowdipalle,1725020,"Katroth Sony  H NO.3-87/1,  THUNIKI VILLAGE KOWDIPALLY MANDAL MEDAK DISTRICT",6,2024,16,371,0,387,52,1182,0,1234,560,7092,0,7652,0,712,0,712,560,6380,0,6940,0,0,0,0,0,100.0,560,6380,0,6940
535,Medak,535025,Kowdipalle,1725021,Gandi Gouragoud  H No.2-10 VENKATRAO PET VILLAGE KOWDIPALLY MANDAL MEDAK DISTRICT,6,2024,22,432,0,454,47,1392,0,1439,770,8352,0,9122,70,1260,0,1330,700,7092,0,7792,0,0,0,0,0,100.0,700,7092,0,7792
535,Medak,535025,Kowdipalle,1725022,Gunda Padma  H.NO.1-50 RAJPET VILLAGE KOWDIPALLY MANDAL MEDAK DISTRICT,6,2024,21,421,0,442,55,1294,0,1349,735,7764,0,8499,70,318,0,388,665,7446,0,8111,0,0,0,0,0,100.0,665,7446,0,8111
535,Medak,535025,Kowdipalle,1725023,Gajula Kistaiah  H No.1-32 MUTRAJPALLY VILLAGE KOWDIPALLY MANDAL MEDAK DISTRICT,6,2024,28,463,0,491,69,1445,0,1514,980,8670,0,9650,140,1716,0,1856,840,6954,0,7794,0,0,0,0,0,100.0,840,6954,0,7794
535,Medak,535025,Kowdipalle,1725029,"BEESA PURUSHOTHAM  H.NO.3-128, KOWDIPALLY VILLAGE KOWDIPALLY MANDAL MEDAK DISTRICT",6,2024,40,358,0,398,110,1107,0,1217,1400,6642,0,8042,0,0,0,0,1400,6642,0,8042,0,0,0,0,0,100.0,1400,6642,0,8042
535,Medak,535025,Kowdipalle,1725030,Devasot Daakya  H No.4-202 KOWDIPALLY VILLAGE KOWDIPALLY MANDAL MEDAK DISTRICT,6,2024,28,279,0,307,63,866,0,929,980,5196,0,6176,0,0,0,0,980,5196,0,6176,0,0,0,0,0,100.0,980,5196,0,6176
535,Medak,535025,Kowdipalle,1725031,"Kanuganti Samuel  H NO.3-45, DEVULAPALLY VILLAGE KOWDIPALLY MANDAL MEDAK DISTRICT",6,2024,17,395,0,412,52,1292,0,1344,595,7752,0,8347,0,936,0,936,595,6816,0,7411,0,0,0,0,0,100.0,595,6816,0,7411
535,Medak,535025,Kowdipalle,1725033,Jakkapally Manemma  H NO.1-14 ANTHARAM VILLAGE KOWDIPALLY MANDAL MEDAK DISTRICT,6,2024,25,300,0,325,74,1025,0,1099,875,6150,0,7025,105,162,0,267,770,5988,0,6758,0,0,0,0,0,100.0,770,5988,0,6758
535,Medak,535025,Kowdipalle,1725034,"shailaja  H NO.3-52, VENKATAPUR (R) VILLAGE KOWDIPALLY MANDAL MEDAK DISTRICT",6,2024,14,212,0,226,33,670,0,703,490,4020,0,4510,35,864,0,899,455,3156,0,3611,0,0,0,0,0,100.0,455,3156,0,3611
535,Medak,535025,Kowdipalle,1725036,Itaboina Kishan  H No.3-25 KOWDIPALLY VILLAGE KOWDIPALLY MANDAL MEDAK DISTRICT,6,2024,29,218,0,247,87,651,0,738,1015,3906,0,4921,70,1070,0,1140,945,2836,0,3781,0,0,0,0,0,100.0,945,2836,0,3781
535,Medak,535025,Kowdipalle,1725037,"Kummari Santhosha  H NO.1-81/1, THUNIKI VILLAGE KOWDIPALLY MANDAL MEDAK DISTRICT",6,2024,16,356,0,372,53,1116,0,1169,560,6696,0,7256,0,864,0,864,560,5832,0,6392,0,0,0,0,0,100.0,560,5832,0,6392
535,Medak,535025,Kowdipalle,1725038,"Pathloth Kishan  H NO.1-86, BUJRAMPET VILLAGE",6,2024,29,421,0,450,88,1436,0,1524,1015,8616,0,9631,140,1358,0,1498,875,7258,0,8133,0,0,0,0,0,100.0,875,7258,0,8133
535,Medak,535041,Narsapur,1741001,"K NARSIMULU  1-60, AVANCHA",6,2024,34,486,0,520,91,1518,0,1609,1190,9108,0,10298,0,576,0,576,1190,8532,0,9722,0,0,0,0,0,100.0,1190,8532,0,9722
535,Medak,535041,Narsapur,1741002,"BEGARI SUJATHA  1-22, RAMACHANDRAPUR",6,2024,20,297,0,317,47,1066,0,1113,700,6396,0,7096,0,144,0,144,700,6252,0,6952,0,0,0,0,0,100.0,700,6252,0,6952
535,Medak,535041,Narsapur,1741003,"101  2-89, RUSTUMPET",6,2024,35,653,0,688,96,2173,0,2269,1225,13038,0,14263,105,972,0,1077,1120,12066,0,13186,0,0,0,0,0,100.0,1120,12066,0,13186
535,Medak,535041,Narsapur,1741004,"P. BIKSHAPATHI  1-71, MOOSAPET",6,2024,68,516,0,584,192,1618,0,1810,2380,9708,0,12088,175,852,0,1027,2205,8856,0,11061,0,0,0,0,0,100.0,2205,8856,0,11061
535,Medak,535041,Narsapur,1741005,"Yathalra Sanjeeva Reddy  9-11, NAGULAPALLY",6,2024,29,330,0,359,77,977,0,1054,1015,5862,0,6877,0,828,0,828,1015,5034,0,6049,0,0,0,0,0,100.0,1015,5034,0,6049
535,Medak,535041,Narsapur,1741006,"101  1-60, CHIPPALTHURTHI",6,2024,23,433,0,456,64,1422,0,1486,805,8532,0,9337,140,1038,0,1178,665,7494,0,8159,0,0,0,0,0,100.0,665,7494,0,8159
535,Medak,535041,Narsapur,1741007,"Mood Chander  1-98, MOHAMMADABAD",6,2024,28,278,0,306,109,974,0,1083,980,5844,0,6824,105,204,0,309,875,5640,0,6515,0,0,0,0,0,100.0,875,5640,0,6515
535,Medak,535041,Narsapur,1741008,"101  2-42, JAKKUPALLY",6,2024,24,227,0,251,57,807,0,864,840,4842,0,5682,35,150,0,185,805,4692,0,5497,0,0,0,0,0,100.0,805,4692,0,5497
535,Medak,535041,Narsapur,1741009,"Anduri Veeresham  1-78, NATHNAIPALLY",6,2024,31,336,0,367,84,1084,0,1168,1085,6504,0,7589,0,271,0,271,1085,6233,0,7318,0,0,0,0,0,100.0,1085,6233,0,7318
535,Medak,535041,Narsapur,1741010,"M SHANKERAIAH  2-5, KAGAZMADDUR",6,2024,31,513,0,544,72,1598,0,1670,1085,9588,0,10673,140,600,0,740,945,8988,0,9933,0,0,0,0,0,100.0,945,8988,0,9933
535,Medak,535041,Narsapur,1741011,"PILLI ANAND KUMAR  NEAR SHADIKHANA, NARSAPUR",6,2024,24,476,0,500,54,1562,0,1616,840,9372,0,10212,630,6576,0,7206,210,2796,0,3006,0,0,0,0,0,100.0,210,2796,0,3006
535,Medak,535041,Narsapur,1741012,"Kaleru Swaroopa  7-42, DHOBIGALLY, NARSAPUR",6,2024,20,544,0,564,59,1860,0,1919,700,11160,0,11860,0,1164,0,1164,700,9996,0,10696,0,0,0,0,0,100.0,700,9996,0,10696
535,Medak,535041,Narsapur,1741013,"Manda Sudha  18-4, LIBRARY ROAD,NARSAPUR",6,2024,27,449,0,476,74,1347,0,1421,945,8082,0,9027,0,4296,0,4296,945,3786,0,4731,0,0,0,0,0,100.0,945,3786,0,4731
535,Medak,535041,Narsapur,1741014,101  NARSAPUR - 4,6,2024,36,603,0,639,99,1966,0,2065,1260,11796,0,13056,0,114,0,114,1260,11682,0,12942,0,0,0,0,0,100.0,1260,11682,0,12942
535,Medak,535041,Narsapur,1741015,"Patlolla Swaroopa Rani  1-4, IBRAHIMBAD",6,2024,36,469,0,505,105,1573,0,1678,1260,9438,0,10698,105,1332,0,1437,1155,8106,0,9261,0,0,0,0,0,100.0,1155,8106,0,9261
535,Medak,535041,Narsapur,1741016,101  ADMAPUR,6,2024,13,186,0,199,37,574,0,611,455,3444,0,3899,0,324,0,324,455,3120,0,3575,0,0,0,0,0,100.0,455,3120,0,3575
535,Medak,535041,Narsapur,1741017,101  AHMEDNAGAR,6,2024,25,422,0,447,95,1309,0,1404,875,7854,0,8729,35,972,0,1007,840,6882,0,7722,0,0,0,0,0,100.0,840,6882,0,7722
535,Medak,535041,Narsapur,1741018,B TULSAIAH  REDDIPALLY,6,2024,10,429,0,439,22,1332,0,1354,350,7992,0,8342,0,635,0,635,350,7357,0,7707,0,0,0,0,0,100.0,350,7357,0,7707
535,Medak,535041,Narsapur,1741019,101  MANTHOOR,6,2024,11,228,0,239,20,690,0,710,385,4140,0,4525,105,948,0,1053,280,3192,0,3472,0,0,0,0,0,100.0,280,3192,0,3472
535,Medak,535041,Narsapur,1741020,"Mucharla Gopal Goud  2-2, KHAJIPET",6,2024,21,332,0,353,42,1089,0,1131,735,6534,0,7269,35,444,0,479,700,6090,0,6790,0,0,0,0,0,100.0,700,6090,0,6790
535,Medak,535041,Narsapur,1741021,"Gamanagari Venkata Swamy  2-50, CHINNA CHINTHAKUNTA",6,2024,24,437,0,461,52,1502,0,1554,840,9012,0,9852,35,564,0,599,805,8448,0,9253,0,0,0,0,0,100.0,805,8448,0,9253
535,Medak,535041,Narsapur,1741022,"101  1-79, PEDDA CHINTHAKUNTA",6,2024,26,389,0,415,50,1284,0,1334,910,7704,0,8614,175,1380,0,1555,735,6324,0,7059,0,0,0,0,0,100.0,735,6324,0,7059
535,Medak,535041,Narsapur,1741023,"MAHAMMAD SARDAR  3-64, NARAYANPUR",6,2024,13,347,0,360,33,1062,0,1095,455,6372,0,6827,35,246,0,281,420,6126,0,6546,0,0,0,0,0,100.0,420,6126,0,6546
535,Medak,535041,Narsapur,1741024,"Uppala Nagarani  1-44, ACHAMPET",6,2024,5,220,1,226,7,711,1,719,175,4266,10,4451,70,366,10,446,105,3900,0,4005,0,0,0,0,0,100.0,105,3900,0,4005
535,Medak,535041,Narsapur,1741025,"CHENDI SRINIVAS GOUD  1-39, LINGAPUR",6,2024,13,362,0,375,27,1137,0,1164,455,6822,0,7277,0,192,0,192,455,6630,0,7085,0,0,0,0,0,100.0,455,6630,0,7085
535,Medak,535041,Narsapur,1741026,"VAL DAS JANARDHAN GOUD  1-77, BRAHMANPALLY",6,2024,14,539,0,553,34,1760,0,1794,490,10560,0,11050,0,1494,0,1494,490,9066,0,9556,0,0,0,0,0,100.0,490,9066,0,9556
535,Medak,535041,Narsapur,1741027,"gopal goud  4-92, TUJALPUR",6,2024,7,413,0,420,13,1211,0,1224,245,7266,0,7511,70,1914,0,1984,175,5352,0,5527,0,0,0,0,0,100.0,175,5352,0,5527
535,Medak,535041,Narsapur,1741028,Guddi Sathyamma  TIRUMALAPUR,6,2024,1,142,0,143,2,425,0,427,35,2550,0,2585,35,582,0,617,0,1968,0,1968,0,0,0,0,0,100.0,0,1968,0,1968
535,Medak,535041,Narsapur,1741029,Kaleru Swaroopa  NARSAPUR - 5 (HANMANTHAPUR),6,2024,30,420,0,450,69,1353,0,1422,1050,8118,0,9168,0,378,0,378,1050,7740,0,8790,0,0,0,0,0,100.0,1050,7740,0,8790
535,Medak,535041,Narsapur,1741030,MOHAMMAD FAHEEMUDDIN  NARSAPUR - 6,6,2024,26,541,0,567,69,1925,0,1994,910,11550,0,12460,0,1884,0,1884,910,9666,0,10576,0,0,0,0,0,100.0,910,9666,0,10576
535,Medak,535041,Narsapur,1741031,Manda Sudha  NARSAPUR - 7 (HANMANTHAPUR),6,2024,29,511,0,540,64,1821,0,1885,1015,10926,0,11941,0,6468,0,6468,1015,4458,0,5473,0,0,0,0,0,100.0,1015,4458,0,5473
535,Medak,535041,Narsapur,1741032,"PILLI ANAND KUMAR  1-82 HANMAN MANDIR, NARSAPUR-8",6,2024,54,538,0,592,131,1780,0,1911,1890,10680,0,12570,1120,6378,0,7498,770,4302,0,5072,0,0,0,0,0,100.0,770,4302,0,5072
535,Medak,535041,Narsapur,1741033,Bandi Prabhaker  MADAPUR,6,2024,12,181,0,193,30,619,0,649,420,3714,0,4134,35,762,0,797,385,2952,0,3337,0,0,0,0,0,100.0,385,2952,0,3337
535,Medak,535041,Narsapur,1741034,"101  5-77, GUDEMGADDA",6,2024,14,192,0,206,25,581,0,606,490,3486,0,3976,35,258,0,293,455,3228,0,3683,0,0,0,0,0,100.0,455,3228,0,3683
535,Medak,535041,Narsapur,1741035,Nunavath Shankar  THULJARAMPET,6,2024,11,119,0,130,37,399,0,436,385,2394,0,2779,0,66,0,66,385,2328,0,2713,0,0,0,0,0,100.0,385,2328,0,2713
535,Medak,535042,Shivampet,1742001,KUMMARI VEERESHAM  H.NO.1-31 VILLAGE SHIVAMPET MANDAL MEDAK DISTRICT,6,2024,25,567,0,592,71,1989,0,2060,875,11934,0,12809,70,1578,0,1648,805,10356,0,11161,0,0,0,0,0,100.0,805,10356,0,11161
535,Medak,535042,Shivampet,1742002,Vanjari Ganesh  H.NO.1-18 VILLAGE PILLUTLA SHIVAMPET MANDAL MEDAK DISTRICT,6,2024,27,453,0,480,78,1420,0,1498,945,8520,0,9465,0,2076,0,2076,945,6444,0,7389,0,0,0,0,0,100.0,945,6444,0,7389
535,Medak,535042,Shivampet,1742003,Ningaraboyina Prabhakar  H.NO 1-38 KOTHAPET VILLAGE SHIVAMPET MANDAL MEDAK DISTRICT,6,2024,29,402,0,431,86,1231,0,1317,1015,7386,0,8401,280,1830,0,2110,735,5556,0,6291,0,0,0,0,0,100.0,735,5556,0,6291
535,Medak,535042,Shivampet,1742004,Gajavada Venkatesham  H.NO.7-30 ALLIPUR VILLAGE SHIVAMPET MANDAL MEDAK DISTRICT,6,2024,32,472,0,504,84,1592,0,1676,1120,9552,0,10672,0,918,0,918,1120,8634,0,9754,0,0,0,0,0,100.0,1120,8634,0,9754
535,Medak,535042,Shivampet,1742005,A Komuraiah  H.NO 1-25  THIMMAPUR VILLAGE SHIVAMPET MANDAL MEDAK DISTRICT,6,2024,16,288,0,304,45,994,0,1039,560,5964,0,6524,35,204,0,239,525,5760,0,6285,0,0,0,0,0,100.0,525,5760,0,6285
535,Medak,535042,Shivampet,1742006,Vadla Papaiah  H.NO 1-156 CHINNAGOTTIMUKLA SHIVAMPET MANDAL MEDAK DISTRICT,6,2024,38,416,0,454,122,1392,0,1514,1330,8352,0,9682,140,1326,0,1466,1190,7026,0,8216,0,0,0,0,0,100.0,1190,7026,0,8216
535,Medak,535042,Shivampet,1742007,Kummari Bhagyamma  H.NO 2-33 CHENDI VILLAGE SHIVAMPET VILLAGE MEDAK DISTRICT,6,2024,22,292,0,314,65,1007,0,1072,770,6042,0,6812,35,396,0,431,735,5646,0,6381,0,0,0,0,0,100.0,735,5646,0,6381
535,Medak,535042,Shivampet,1742008,Gidde Santhosha  H.NO.1-40 VILLAGE USIRIKAPALLY MANDAL SHIVAMPET MEDAK DISTRICT,6,2024,18,305,0,323,58,899,0,957,630,5394,0,6024,70,684,0,754,560,4710,0,5270,0,0,0,0,0,100.0,560,4710,0,5270
535,Medak,535042,Shivampet,1742009,Pathrala Penta Goud  H.NO 1-1 POTHULABOGUDA VILLAGE SHIVAMPET MANDAL MEDAK DISTRICT,6,2024,21,265,0,286,73,853,0,926,735,5118,0,5853,140,1008,0,1148,595,4110,0,4705,0,0,0,0,0,100.0,595,4110,0,4705
535,Medak,535042,Shivampet,1742010,Tatikonda Sandhya  H.NO:1-32/A PAMBANDA VILLAGE SHIVAMPET MANDAL MEDAK DISTRICT,6,2024,26,400,0,426,82,1251,0,1333,910,7506,0,8416,222,1998,0,2220,688,5508,0,6196,0,0,0,0,0,100.0,688,5508,0,6196
535,Medak,535042,Shivampet,1742011,Thati Mallikarjun  Not Available,6,2024,18,234,0,252,52,760,0,812,630,4560,0,5190,0,546,0,546,630,4014,0,4644,0,0,0,0,0,100.0,630,4014,0,4644
535,Medak,535042,Shivampet,1742012,SUDHAKAR  H.NO 1-52 SHABASHPALLY VILLAGE SHIVAMPET MANDAL MEDAK DISTRICT,6,2024,16,256,0,272,38,843,0,881,560,5058,0,5618,0,156,0,156,560,4902,0,5462,0,0,0,0,0,100.0,560,4902,0,5462
535,Medak,535042,Shivampet,1742014,Gangam Srinivas  DONTHI VILLAGE SHIVAMPET MANDAL MEDAK DISTRICT,6,2024,28,477,0,505,99,1547,0,1646,980,9282,0,10262,35,1284,0,1319,945,7998,0,8943,0,0,0,0,0,100.0,945,7998,0,8943
535,Medak,535042,Shivampet,1742015,Vuppala Govinda Raju  H.NO 1-86 SHIVAMPET VILLAGE & MANDAL MEDAK DISTRICT,6,2024,40,535,0,575,112,1682,0,1794,1400,10092,0,11492,0,1458,0,1458,1400,8634,0,10034,0,0,0,0,0,100.0,1400,8634,0,10034
535,Medak,535042,Shivampet,1742016,Samala Kamalamma  PEDDAGOTTIMUKLA VILLAGE SHIVAMPET MANDA; MEDAK DISTRICT,6,2024,16,321,0,337,47,979,0,1026,560,5874,0,6434,0,624,0,624,560,5250,0,5810,0,0,0,0,0,100.0,560,5250,0,5810
535,Medak,535042,Shivampet,1742017,Singireddy Pentamma  H.NO 1-16 CHENNAPUR VILLAGE SHIVAMPET MANDAL MEDAK DISTRICT,6,2024,18,303,0,321,57,944,0,1001,630,5664,0,6294,35,780,0,815,595,4884,0,5479,0,0,0,0,0,100.0,595,4884,0,5479
535,Medak,535042,Shivampet,1742018,Chinthala Yashoda  H.NO 1-27 KONTHANPALLY VILLAGE SHIVAMPET MANDAL MEDAK DISTRICT,6,2024,31,526,0,557,93,1512,0,1605,1085,9072,0,10157,70,2304,0,2374,1015,6768,0,7783,0,0,0,0,0,100.0,1015,6768,0,7783
535,Medak,535042,Shivampet,1742019,Bajari Padma  H.NO 3-187 GUNDLAP[ALLY VILLAGE SHIVAMPET MANDAL MEDAK DISTRICT,6,2024,26,412,0,438,82,1248,0,1330,910,7488,0,8398,105,1296,0,1401,805,6192,0,6997,0,0,0,0,0,100.0,805,6192,0,6997
535,Medak,535042,Shivampet,1742021,Cheguri Sathyanarayana  H.NO 1-45 SIKINDLAPUR VILLAGE SHIVAMPET MANDAL MEDAK DISTRICT,6,2024,12,231,0,243,24,706,0,730,420,4236,0,4656,175,1236,0,1411,245,3000,0,3245,0,0,0,0,0,100.0,245,3000,0,3245
535,Medak,535042,Shivampet,1742022,Aleti Latha  H.NO2-15 VIL;AGE BIJILIPUR MANDAL SHIVAMPET MEDAK DISTRICT,6,2024,17,215,0,232,58,739,0,797,595,4434,0,5029,5,792,0,797,590,3642,0,4232,0,0,0,0,0,100.0,590,3642,0,4232
535,Medak,535042,Shivampet,1742024,Mahammad Chand Pasha  H.NO 3-41 NAWABPET VILLAGE SHIVAMPET MANDAL MEDAK DISTRICT,6,2024,27,417,0,444,69,1276,0,1345,945,7656,0,8601,140,1278,0,1418,805,6378,0,7183,0,0,0,0,0,100.0,805,6378,0,7183
535,Medak,535042,Shivampet,1742029,Nenavath Buchya  H.NO 6-173 NANUTHANDA H/O SHIVAMPET VILL & MANDAL MEDAK DISTRICT,6,2024,24,298,0,322,97,1017,0,1114,840,6102,0,6942,175,1356,0,1531,665,4746,0,5411,0,0,0,0,0,100.0,665,4746,0,5411
535,Medak,535042,Shivampet,1742030,Kothapeta Venkatesh Goud  H.NO 7-20 GUDUR VILLAGE SHIVAMPET MANDAL MEDAK DISTRICT,6,2024,21,290,0,311,71,1017,0,1088,735,6102,0,6837,35,618,0,653,700,5484,0,6184,0,0,0,0,0,100.0,700,5484,0,6184
535,Medak,535042,Shivampet,1742031,Vanjari Ganesh  H.NO4-47 SHIVAMPET  VILLAGE AND MANDAL MEDAK DISTRICT,6,2024,28,416,0,444,79,1278,0,1357,980,7668,0,8648,44,786,0,830,936,6882,0,7818,0,0,0,0,0,100.0,936,6882,0,7818
535,Medak,535042,Shivampet,1742032,LINGARAJU  Chandi,6,2024,16,280,0,296,39,931,0,970,560,5586,0,6146,35,168,0,203,525,5418,0,5943,0,0,0,0,0,100.0,525,5418,0,5943
535,Medak,535042,Shivampet,1742033,Donthi Indiramma  H.NO;1-24 GOMARAM (V) SHIVAMPET (*M) MEDAK DISTRICT,6,2024,27,493,0,520,72,1455,0,1527,945,8730,0,9675,105,1248,0,1353,840,7482,0,8322,0,0,0,0,0,100.0,840,7482,0,8322
535,Medak,535042,Shivampet,1742034,Padma Palle  Gomaram,6,2024,24,413,0,437,68,1296,0,1364,840,7776,0,8616,0,882,0,882,840,6894,0,7734,0,0,0,0,0,100.0,840,6894,0,7734
535,Medak,535042,Shivampet,1742035,Dacharam Swapna  H.NO 3-58 LACHIREDDY GUDA VILLAGE SHIVAMPET MANDAL MEDAK DISTRICT,6,2024,17,243,0,260,55,753,0,808,595,4518,0,5113,105,936,0,1041,490,3582,0,4072,0,0,0,0,0,100.0,490,3582,0,4072
535,Medak,535042,Shivampet,1742036,DONTHI LAXMAIAH  LINGOJIGUDA VILLAGE SHIVAMPET MANDAL MEDAK DISTRICT,6,2024,12,200,0,212,37,630,0,667,420,3780,0,4200,35,546,0,581,385,3234,0,3619,0,0,0,0,0,100.0,385,3234,0,3619
535,Medak,535042,Shivampet,1742037,VARAMMA  H.NO 1-33 MAQDUMPUR VILLAGE SHIVAMPET MANDAL MEDAK DISTRICT,6,2024,15,216,0,231,50,750,0,800,525,4500,0,5025,0,840,0,840,525,3660,0,4185,0,0,0,0,0,100.0,525,3660,0,4185
535,Medak,535042,Shivampet,1742038,Mogudampally Nagaraju  H.NO 6-38 DONTHI VILLAGE SHIVAMPET MANDAL MEDAK DISTRICT,6,2024,37,457,0,494,122,1512,0,1634,1295,9072,0,10367,0,1242,0,1242,1295,7830,0,9125,0,0,0,0,0,100.0,1295,7830,0,9125
535,Medak,535042,Shivampet,1742039,Seguri Maheswar  H.NO 3-23 PEDDAGOTTIMUKLA VILLAGE SHIVAMPET MANDAL MEDAK DISTRICT,6,2024,18,322,0,340,51,1054,0,1105,630,6324,0,6954,0,378,0,378,630,5946,0,6576,0,0,0,0,0,100.0,630,5946,0,6576
535,Medak,535042,Shivampet,1742040,"Peddaboina Mamatha  D.NO. 1-45,DANTHANPALLY",6,2024,15,258,0,273,48,756,0,804,525,4536,0,5061,35,828,0,863,490,3708,0,4198,0,0,0,0,0,100.0,490,3708,0,4198
535,Medak,535043,Tupran,1743001,"Varganti Sunitha  H.NO.1-16,Padalpally",6,2024,15,353,0,368,32,1154,0,1186,525,6924,0,7449,210,510,0,720,315,6414,0,6729,0,0,0,0,0,100.0,315,6414,0,6729
535,Medak,535043,Tupran,1743002,"Pachhimadla Shoba  H.NO 2-34,Brahmanapally",6,2024,8,287,0,295,25,895,0,920,280,5370,0,5650,0,1170,0,1170,280,4200,0,4480,0,0,0,0,0,100.0,280,4200,0,4480
535,Medak,535043,Tupran,1743003,"G SHYAMALA  H.NO. 5-29,Venkatapur PT",6,2024,17,100,0,117,35,321,0,356,595,1926,0,2521,35,234,0,269,560,1692,0,2252,0,0,0,0,0,100.0,560,1692,0,2252
535,Medak,535043,Tupran,1743004,Varganti Sunitha  Vattur,6,2024,16,88,0,104,40,303,0,343,560,1818,0,2378,210,450,0,660,350,1368,0,1718,0,0,0,0,0,100.0,350,1368,0,1718
535,Medak,535043,Tupran,1743005,"Yengali Jayalaxmi  NEAR GRAMA PANCHAYATH, Nagulapally",6,2024,39,385,0,424,99,1282,0,1381,1365,7692,0,9057,140,1116,0,1256,1225,6576,0,7801,0,0,0,0,0,100.0,1225,6576,0,7801
535,Medak,535043,Tupran,1743006,"Chinthala Venkat Narsaiah Goud  CO-OPERATIVE BUILDING, Islampur",6,2024,25,409,0,434,54,1344,0,1398,875,8064,0,8939,0,504,0,504,875,7560,0,8435,0,0,0,0,0,100.0,875,7560,0,8435
535,Medak,535043,Tupran,1743007,"Elitam Venkatesh  H.NO.1-24,Venkatarathnapur",6,2024,13,167,0,180,39,559,0,598,455,3354,0,3809,0,390,0,390,455,2964,0,3419,0,0,0,0,0,100.0,455,2964,0,3419
535,Medak,535043,Tupran,1743008,Myakala Praveen Kumar  H.NO. Dhatharpally,6,2024,9,168,0,177,27,527,0,554,315,3162,0,3477,0,468,0,468,315,2694,0,3009,0,0,0,0,0,100.0,315,2694,0,3009
535,Medak,535043,Tupran,1743009,Thaduri Yadireddy  OWN HOUSE Gundareddypally,6,2024,26,404,0,430,70,1280,0,1350,910,7680,0,8590,105,1254,0,1359,805,6426,0,7231,0,0,0,0,0,100.0,805,6426,0,7231
535,Medak,535043,Tupran,1743010,"Vadyaram Srinivas  H.NO. 1-2, NEAR BRAHMANA VEEDHI, TOOPRAN",6,2024,97,667,0,764,282,2021,0,2303,3395,12126,0,15521,70,1109,0,1179,3325,11017,0,14342,0,0,0,0,0,100.0,3325,11017,0,14342
535,Medak,535043,Tupran,1743011,"Pattabhi Srinivas  BEHAND MAHANKALI TEMPLE,",6,2024,47,935,0,982,126,2930,0,3056,1645,17580,0,19225,280,1025,0,1305,1365,16555,0,17920,0,0,0,0,0,100.0,1365,16555,0,17920
535,Medak,535043,Tupran,1743012,"Donthi Vasantha  NEAR WATER TANK, UDIPI HOTEL SANDI, TUPRAN",6,2024,47,937,0,984,120,3020,0,3140,1645,18120,0,19765,280,1122,0,1402,1365,16998,0,18363,0,0,0,0,0,100.0,1365,16998,0,18363
535,Medak,535043,Tupran,1743013,"Damarancha Rathna Kumari  BACKSIDE OF TEMPLE, Tatabapanpally",6,2024,35,276,0,311,99,843,0,942,1225,5058,0,6283,210,1242,0,1452,1015,3816,0,4831,0,0,0,0,0,100.0,1015,3816,0,4831
535,Medak,535043,Tupran,1743014,"Yerpula Kalpana  NEAR GRANDALAYAM, Tupran",6,2024,109,601,0,710,309,1860,0,2169,3815,11160,0,14975,0,312,0,312,3815,10848,0,14663,0,0,0,0,0,100.0,3815,10848,0,14663
535,Medak,535043,Tupran,1743015,Devata Venkata Chandran  H.NO. 4-96 Ravelly,6,2024,31,598,0,629,85,2146,0,2231,1085,12876,0,13961,70,436,0,506,1015,12440,0,13455,0,0,0,0,0,100.0,1015,12440,0,13455
535,Medak,535043,Tupran,1743017,Manne Yadagiri  NEAR GRAMA PANCHAYATH Imampur,6,2024,24,237,0,261,58,832,0,890,840,4992,0,5832,0,426,0,426,840,4566,0,5406,0,0,0,0,0,100.0,840,4566,0,5406
535,Medak,535043,Tupran,1743023,"Pallepati Bhoopal  H.NO.1-62/3, NEAR DURGAMMA TEMPLE Malkapur",6,2024,11,374,0,385,26,1157,0,1183,385,6942,0,7327,105,1122,0,1227,280,5820,0,6100,0,0,0,0,0,100.0,280,5820,0,6100
535,Medak,535043,Tupran,1743024,Bayyaram Ashok Goud  Konaipally PB,6,2024,9,189,0,198,23,577,0,600,315,3462,0,3777,35,252,0,287,280,3210,0,3490,0,0,0,0,0,100.0,280,3210,0,3490
535,Medak,535043,Tupran,1743025,"Thigulla Padma  1-50,Venkataipally",6,2024,6,438,0,444,14,1395,0,1409,210,8370,0,8580,35,1908,0,1943,175,6462,0,6637,0,0,0,0,0,100.0,175,6462,0,6637
535,Medak,535043,Tupran,1743026,Mohammed Shafiuddin  H.NO 1-93 Kishtapur,6,2024,6,326,0,332,20,1058,0,1078,210,6348,0,6558,35,1818,0,1853,175,4530,0,4705,0,0,0,0,0,100.0,175,4530,0,4705
535,Medak,535043,Tupran,1743027,"Chitturi Pentaiah  H.NO. 2-13, NEAR MAHILA MANDALI Yavapur",6,2024,8,537,0,545,27,1696,0,1723,280,10176,0,10456,0,942,0,942,280,9234,0,9514,0,0,0,0,0,100.0,280,9234,0,9514
535,Medak,535043,Tupran,1743028,Gajula Nagesh  H.NO. Ghanpur,6,2024,17,376,0,393,49,1278,0,1327,595,7668,0,8263,0,132,0,132,595,7536,0,8131,0,0,0,0,0,100.0,595,7536,0,8131
535,Medak,535043,Tupran,1743030,Esuri Narsamma  H.NO. Allapur,6,2024,39,435,0,474,95,1328,0,1423,1365,7968,0,9333,140,1098,0,1238,1225,6870,0,8095,0,0,0,0,0,100.0,1225,6870,0,8095
535,Medak,535043,Tupran,1743039,"srilatha  H.NO.1-94, SC COLONY Ghanpur",6,2024,26,345,0,371,81,1057,0,1138,910,6342,0,7252,140,716,0,856,770,5626,0,6396,0,0,0,0,0,100.0,770,5626,0,6396
535,Medak,535043,Tupran,1743040,Jinka Swamy  1-61 NARSAMPALLY,6,2024,17,306,0,323,47,929,0,976,595,5574,0,6169,0,852,0,852,595,4722,0,5317,0,0,0,0,0,100.0,595,4722,0,5317
535,Medak,535047,Masaipet,1747001,Uppala Balamallaiah  POTHANSHETPALLY,6,2024,8,64,2,74,29,275,2,306,280,1650,20,1950,35,348,0,383,245,1302,20,1567,0,0,0,0,0,100.0,245,1302,20,1567
535,Medak,535047,Masaipet,1747002,Karingula Janardan Reddy  POTHANPALLY,6,2024,9,370,0,379,25,1482,0,1507,315,8892,0,9207,0,822,0,822,315,8070,0,8385,0,0,0,0,0,100.0,315,8070,0,8385
535,Medak,535047,Masaipet,1747003,Megavath Jaggu  CHETLATHIMAIPALLY,6,2024,7,272,2,281,23,914,2,939,245,5484,20,5749,0,1097,10,1107,245,4387,10,4642,0,0,0,0,0,100.0,245,4387,10,4642
535,Medak,535047,Masaipet,1747004,Megavath Baddu  NADIMITHANDA,6,2024,11,287,0,298,47,1083,0,1130,385,6498,0,6883,0,432,0,432,385,6066,0,6451,0,0,0,0,0,100.0,385,6066,0,6451
535,Medak,535047,Masaipet,1747005,Kallem Narsimlu  RAMANTHAPUR,6,2024,25,363,0,388,54,1155,0,1209,875,6930,0,7805,0,1842,0,1842,875,5088,0,5963,0,0,0,0,0,100.0,875,5088,0,5963
535,Medak,535047,Masaipet,1747006,Vadla Sathyanarayana  KOPPULAPALLY,6,2024,26,380,0,406,72,1448,0,1520,910,8688,0,9598,35,798,0,833,875,7890,0,8765,0,0,0,0,0,100.0,875,7890,0,8765
535,Medak,535047,Masaipet,1747007,Syed Mujeeb Urrahaman Hashmi  MASAIPET,6,2024,23,436,0,459,62,1466,0,1528,805,8796,0,9601,70,258,0,328,735,8538,0,9273,0,0,0,0,0,100.0,735,8538,0,9273
535,Medak,535047,Masaipet,1747008,Kuntla Prabhakar  ACHAMPET,6,2024,30,414,0,444,93,1199,0,1292,1050,7194,0,8244,70,1902,0,1972,980,5292,0,6272,0,0,0,0,0,100.0,980,5292,0,6272
535,Medak,535047,Masaipet,1747009,Pinnepurala Gangadhar  MASAIPET-2,6,2024,22,422,0,444,46,1318,0,1364,770,7908,0,8678,0,894,0,894,770,7014,0,7784,0,0,0,0,0,100.0,770,7014,0,7784
535,Medak,535047,Masaipet,1747010,Ponnam Veena  MASAIPET-3,6,2024,21,417,0,438,46,1359,0,1405,735,8154,0,8889,175,1704,0,1879,560,6450,0,7010,0,0,0,0,0,100.0,560,6450,0,7010
535,Medak,535047,Masaipet,1747011,Kummri Yadagiri  BOMMARAM,6,2024,23,382,0,405,71,1240,0,1311,805,7440,0,8245,70,948,0,1018,735,6492,0,7227,0,0,0,0,0,100.0,735,6492,0,7227
535,Medak,535011,Medak,1784001,Eluri Krishnamurthy  CHAMAN STREET,6,2024,37,410,1,448,77,1291,1,1369,1295,7746,10,9051,180,698,10,888,1115,7048,0,8163,0,0,0,0,0,100.0,1115,7048,0,8163
535,Medak,535011,Medak,1784002,Pendker Narsoji  KOLIGADDA CIRCLE,6,2024,43,412,1,456,93,1428,1,1522,1505,8568,10,10083,0,640,0,640,1505,7928,10,9443,0,0,0,0,0,100.0,1505,7928,10,9443
535,Medak,535011,Medak,1784003,Banda Balakrishna  FATHENAGAR NEAR BHARTH GAS,6,2024,34,525,0,559,69,1653,0,1722,1190,9918,0,11108,210,1242,0,1452,980,8676,0,9656,0,0,0,0,0,100.0,980,8676,0,9656
535,Medak,535011,Medak,1784004,Eluri Krishnamurthy  FATHENAGAR STREET,6,2024,51,543,0,594,113,1732,0,1845,1785,10392,0,12177,0,0,0,0,1785,10392,0,12177,0,0,0,0,0,100.0,1785,10392,0,12177
535,Medak,535011,Medak,1784005,Shivva Ramesh  GOLKONDA STREET NEAR L.I.C,6,2024,22,463,1,486,41,1511,1,1553,770,9066,10,9846,35,48,0,83,735,9018,10,9763,0,0,0,0,0,100.0,735,9018,10,9763
535,Medak,535011,Medak,1784006,Gajawada Srinivas  PILDIDDI STREET,6,2024,28,559,0,587,65,1907,0,1972,980,11442,0,12422,0,0,0,0,980,11442,0,12422,0,0,0,0,0,100.0,980,11442,0,12422
535,Medak,535011,Medak,1784007,Doulaghar Vijay Kumar  AZAMPURA  STREET,6,2024,32,476,0,508,70,1606,0,1676,1120,9636,0,10756,0,0,0,0,1120,9636,0,10756,0,0,0,0,0,100.0,1120,9636,0,10756
535,Medak,535011,Medak,1784008,Pendker Narsoji  KOLIGADDA CIRCLE,6,2024,24,486,0,510,55,1637,0,1692,840,9822,0,10662,0,72,0,72,840,9750,0,10590,0,0,0,0,0,100.0,840,9750,0,10590
535,Medak,535011,Medak,1784009,Konda Sujatha  MUNCIPAL COMPLEX MEDAK,6,2024,22,429,0,451,48,1348,0,1396,770,8088,0,8858,0,66,0,66,770,8022,0,8792,0,0,0,0,0,100.0,770,8022,0,8792
535,Medak,535011,Medak,1784010,Bajjuri Bikshapathi  AZAMPURA  STREET,6,2024,42,522,1,565,85,1685,1,1771,1470,10110,10,11590,0,0,0,0,1470,10110,10,11590,0,0,0,0,0,100.0,1470,10110,10,11590
535,Medak,535011,Medak,1784011,Eluri Lingam  ARAB GALLY STREET,6,2024,35,387,0,422,63,1353,0,1416,1225,8118,0,9343,0,18,0,18,1225,8100,0,9325,0,0,0,0,0,100.0,1225,8100,0,9325
535,Medak,535011,Medak,1784012,Lambadi Bharathi  RAM NAGAR COLONY STREET,6,2024,26,462,2,490,62,1590,2,1654,910,9540,20,10470,0,0,20,20,910,9540,0,10450,0,0,0,0,0,100.0,910,9540,0,10450
535,Medak,535011,Medak,1784013,Shivva Ramesh  ARAB GALLY STREET,6,2024,43,437,0,480,88,1340,0,1428,1505,8040,0,9545,0,364,0,364,1505,7676,0,9181,0,0,0,0,0,100.0,1505,7676,0,9181
535,Medak,535011,Medak,1784014,Mohammed Azeem  DAYARA STREET,6,2024,50,476,1,527,101,1560,1,1662,1750,9360,10,11120,490,1914,0,2404,1260,7446,10,8716,0,0,0,0,0,100.0,1260,7446,10,8716
535,Medak,535011,Medak,1784015,"PadmaPrakasham  J.N  ROAD, STREET",6,2024,44,470,0,514,94,1504,0,1598,1540,9024,0,10564,0,56,0,56,1540,8968,0,10508,0,0,0,0,0,100.0,1540,8968,0,10508
535,Medak,535011,Medak,1784016,Chokkam Anjaneyulu  NAVAPET STREET,6,2024,48,431,0,479,98,1403,0,1501,1680,8418,0,10098,0,678,0,678,1680,7740,0,9420,0,0,0,0,0,100.0,1680,7740,0,9420
535,Medak,535011,Medak,1784017,"Avari Nagarathna  J.N  ROAD, STREET",6,2024,43,446,0,489,77,1517,0,1594,1505,9102,0,10607,0,318,0,318,1505,8784,0,10289,0,0,0,0,0,100.0,1505,8784,0,10289
535,Medak,535011,Medak,1784018,"NARSAMMA  RASHEED COLONY, MEDAK TOWN",6,2024,25,482,0,507,51,1607,0,1658,875,9642,0,10517,560,5640,0,6200,315,4002,0,4317,0,0,0,0,0,100.0,315,4002,0,4317
535,Medak,535011,Medak,1784019,Mohammed Shahed Hussain  JAMBI KUNTA STREET,6,2024,25,347,0,372,39,1089,0,1128,875,6534,0,7409,0,1642,0,1642,875,4892,0,5767,0,0,0,0,0,100.0,875,4892,0,5767
535,Medak,535011,Medak,1784020,Medi Hanumanth Rao  RAM NAGAR COLONY STREET,6,2024,39,410,0,449,104,1378,0,1482,1365,8268,0,9633,35,1140,0,1175,1330,7128,0,8458,0,0,0,0,0,100.0,1330,7128,0,8458
535,Medak,535088,Haveli Ghanpur,1788002,Sangepu Ashok  AURANGABAD,6,2024,39,542,0,581,100,1789,0,1889,1365,10734,0,12099,560,3804,0,4364,805,6930,0,7735,0,0,0,0,0,100.0,805,6930,0,7735
535,Medak,535088,Haveli Ghanpur,1788003,Cheekoti Anand  B.THIMMAIPALLY,6,2024,58,403,0,461,132,1263,0,1395,2030,7578,0,9608,700,2358,0,3058,1330,5220,0,6550,0,0,0,0,0,100.0,1330,5220,0,6550
535,Medak,535088,Haveli Ghanpur,1788004,CH Kalpana  BOGADA BHOOPATHIPUR,6,2024,18,415,0,433,37,1273,0,1310,630,7638,0,8268,140,1842,0,1982,490,5796,0,6286,0,0,0,0,0,100.0,490,5796,0,6286
535,Medak,535088,Haveli Ghanpur,1788005,chintala sumalatha  BURGUPALLY 1,6,2024,67,613,0,680,173,2066,0,2239,2345,12396,0,14741,525,2754,0,3279,1820,9642,0,11462,0,0,0,0,0,100.0,1820,9642,0,11462
535,Medak,535088,Haveli Ghanpur,1788006,Bakka Savitri  BURGUPALLY 2,6,2024,67,660,0,727,164,2139,0,2303,2345,12834,0,15179,0,1500,0,1500,2345,11334,0,13679,0,0,0,0,0,100.0,2345,11334,0,13679
535,Medak,535088,Haveli Ghanpur,1788007,i/c padma  BYATHOLE,6,2024,30,253,0,283,86,780,0,866,1050,4680,0,5730,0,1140,0,1140,1050,3540,0,4590,0,0,0,0,0,100.0,1050,3540,0,4590
535,Medak,535088,Haveli Ghanpur,1788008,Mooda Boina Avon  FAREEDPUR,6,2024,35,336,0,371,72,1033,0,1105,1225,6198,0,7423,280,516,0,796,945,5682,0,6627,0,0,0,0,0,100.0,945,5682,0,6627
535,Medak,535088,Haveli Ghanpur,1788009,Pydi Hanumandlu  GANGAPUR,6,2024,33,369,0,402,100,1082,0,1182,1155,6492,0,7647,700,2250,0,2950,455,4242,0,4697,0,0,0,0,0,100.0,455,4242,0,4697
535,Medak,535088,Haveli Ghanpur,1788010,Nakka Jagapathi  HAVELIGHANPUR 1,6,2024,57,467,0,524,145,1508,0,1653,1995,9048,0,11043,403,2064,0,2467,1592,6984,0,8576,0,0,0,0,0,100.0,1592,6984,0,8576
535,Medak,535088,Haveli Ghanpur,1788011,Nakka Jagapathi  HAVELIGHANPUR 2,6,2024,51,461,0,512,139,1536,0,1675,1785,9216,0,11001,70,3210,0,3280,1715,6006,0,7721,0,0,0,0,0,100.0,1715,6006,0,7721
535,Medak,535088,Haveli Ghanpur,1788012,Burka Yesaiah  JAKKANNAPET,6,2024,55,643,0,698,141,1938,0,2079,1925,11628,0,13553,140,1656,0,1796,1785,9972,0,11757,0,0,0,0,0,100.0,1785,9972,0,11757
535,Medak,535088,Haveli Ghanpur,1788013,Panyala Premalatha Reddy  KOTHAPALLY,6,2024,31,386,0,417,86,1204,0,1290,1085,7224,0,8309,175,1056,0,1231,910,6168,0,7078,0,0,0,0,0,100.0,910,6168,0,7078
535,Medak,535088,Haveli Ghanpur,1788014,Lingala Sudhakar  KUCHANPALLY,6,2024,89,631,1,721,201,2085,1,2287,3115,12510,10,15635,256,2370,0,2626,2859,10140,10,13009,0,0,0,0,0,100.0,2859,10140,10,13009
535,Medak,535088,Haveli Ghanpur,1788015,K PADMA  LINGASANPALLY,6,2024,29,287,0,316,67,966,0,1033,1015,5796,0,6811,29,468,0,497,986,5328,0,6314,0,0,0,0,0,100.0,986,5328,0,6314
535,Medak,535088,Haveli Ghanpur,1788016,Yellaboyina Laxmi  MUTHAIKOTA,6,2024,17,509,0,526,46,1490,0,1536,595,8940,0,9535,0,1104,0,1104,595,7836,0,8431,0,0,0,0,0,100.0,595,7836,0,8431
535,Medak,535088,Haveli Ghanpur,1788017,Gokan Indira  MUTHAIPALLY,6,2024,23,236,0,259,60,709,0,769,805,4254,0,5059,175,1056,0,1231,630,3198,0,3828,0,0,0,0,0,100.0,630,3198,0,3828
535,Medak,535088,Haveli Ghanpur,1788018,Chakali Sailu  NAGAPUR,6,2024,49,440,0,489,123,1448,0,1571,1715,8688,0,10403,350,1518,0,1868,1365,7170,0,8535,0,0,0,0,0,100.0,1365,7170,0,8535
535,Medak,535088,Haveli Ghanpur,1788019,Narsa Gouni Yadagoud  RAJPET,6,2024,72,642,0,714,199,2123,0,2322,2520,12738,0,15258,525,1650,0,2175,1995,11088,0,13083,0,0,0,0,0,100.0,1995,11088,0,13083
535,Medak,535088,Haveli Ghanpur,1788020,Narayana Gari Veena Vani  SARDHANA 1,6,2024,48,405,0,453,123,1277,0,1400,1680,7662,0,9342,420,3582,0,4002,1260,4080,0,5340,0,0,0,0,0,100.0,1260,4080,0,5340
535,Medak,535088,Haveli Ghanpur,1788021,Narayana Gari Veena Vani  SARDHANA 2,6,2024,46,316,0,362,94,1026,0,1120,1610,6156,0,7766,175,0,0,175,1435,6156,0,7591,0,0,0,0,0,100.0,1435,6156,0,7591
535,Medak,535088,Haveli Ghanpur,1788022,Maili Mallesham  SHAMNAPUR,6,2024,68,554,0,622,186,1886,0,2072,2380,11316,0,13696,840,5550,0,6390,1540,5766,0,7306,0,0,0,0,0,100.0,1540,5766,0,7306
535,Medak,535088,Haveli Ghanpur,1788023,Katroth Sarvan  SULTHANPUR,6,2024,36,256,0,292,95,938,0,1033,1260,5628,0,6888,175,954,0,1129,1085,4674,0,5759,0,0,0,0,0,100.0,1085,4674,0,5759
535,Medak,535088,Haveli Ghanpur,1788024,Manda Dhurgamani  THOGUTA,6,2024,38,425,0,463,81,1354,0,1435,1330,8124,0,9454,0,1622,0,1622,1330,6502,0,7832,0,0,0,0,0,100.0,1330,6502,0,7832
535,Medak,535088,Haveli Ghanpur,1788025,Panyala Premalatha Reddy  WADI,6,2024,62,400,0,462,164,1374,0,1538,2170,8244,0,10414,560,2400,0,2960,1610,5844,0,7454,0,0,0,0,0,100.0,1610,5844,0,7454
535,Medak,535089,Narsing,1789002,Janagama Sreenivas Goud  2-20 SHANKAPOOR,6,2024,40,540,0,580,127,1869,0,1996,1400,11214,0,12614,140,1512,0,1652,1260,9702,0,10962,0,0,0,0,0,100.0,1260,9702,0,10962
535,Medak,535089,Narsing,1789003,Manchikatla Dayakar  ZAPTHI SHIVNOOR,6,2024,38,547,0,585,110,1930,0,2040,1330,11580,0,12910,210,2664,0,2874,1120,8916,0,10036,0,0,0,0,0,100.0,1120,8916,0,10036
535,Medak,535089,Narsing,1789004,Thalla Swaroopa  3-39 SHERIPALLY,6,2024,37,579,0,616,119,1868,0,1987,1295,11208,0,12503,70,1606,0,1676,1225,9602,0,10827,0,0,0,0,0,100.0,1225,9602,0,10827
535,Medak,535089,Narsing,1789005,Chindam Nagabhushnam  VALLUR,6,2024,20,254,2,276,69,869,2,940,700,5214,20,5934,70,1002,10,1082,630,4212,10,4852,0,0,0,0,0,100.0,630,4212,10,4852
535,Medak,535089,Narsing,1789006,Kapu Vasantha  BHEEMRAOPALLY,6,2024,5,116,1,122,15,416,1,432,175,2496,10,2681,35,72,0,107,140,2424,10,2574,0,0,0,0,0,100.0,140,2424,10,2574
535,Medak,535089,Narsing,1789007,Siddireddy Gari Rupender Reddy  VALLABHAPUR,6,2024,20,236,1,257,63,784,1,848,700,4704,10,5414,140,378,0,518,560,4326,10,4896,0,0,0,0,0,100.0,560,4326,10,4896
535,Medak,535089,Narsing,1789008,A BALAMANI  NARSINGI,6,2024,14,369,0,383,42,1268,0,1310,490,7608,0,8098,35,678,0,713,455,6930,0,7385,0,0,0,0,0,100.0,455,6930,0,7385
535,Medak,535089,Narsing,1789009,Mohammad Musthak  NARSAMPALLY,6,2024,23,381,0,404,68,1230,0,1298,805,7380,0,8185,210,2838,0,3048,595,4542,0,5137,0,0,0,0,0,100.0,595,4542,0,5137
535,Medak,535089,Narsing,1789010,Mohammad Musthak  3-36 NARSAMPALLY THANDA,6,2024,10,120,0,130,38,415,0,453,350,2490,0,2840,0,234,0,234,350,2256,0,2606,0,0,0,0,0,100.0,350,2256,0,2606
535,Medak,535089,Narsing,1789011,Thota Manjula  NARSINGI,6,2024,22,386,0,408,56,1214,0,1270,770,7284,0,8054,0,6,0,6,770,7278,0,8048,0,0,0,0,0,100.0,770,7278,0,8048
535,Medak,535089,Narsing,1789012,A SDDIARAM REDDY  8-93 NARSINGI,6,2024,24,344,0,368,76,1064,0,1140,840,6384,0,7224,0,1146,0,1146,840,5238,0,6078,0,0,0,0,0,100.0,840,5238,0,6078
535,Medak,535089,Narsing,1789013,Kammari Anasuya  NARSINGI,6,2024,21,425,0,446,68,1438,0,1506,735,8628,0,9363,0,906,0,906,735,7722,0,8457,0,0,0,0,0,100.0,735,7722,0,8457
535,Medak,535089,Narsing,1789014,Konderi Rajaiah  8-117NARSINGI,6,2024,19,390,0,409,55,1307,0,1362,665,7842,0,8507,0,960,0,960,665,6882,0,7547,0,0,0,0,0,100.0,665,6882,0,7547
535,Medak,535090,Chilipiched,1790002,Gaundla Anthagoud  H NO.1-31 CHILIPCHED VILLAGE,6,2024,30,428,0,458,89,1359,0,1448,1050,8154,0,9204,35,216,0,251,1015,7938,0,8953,0,0,0,0,0,100.0,1015,7938,0,8953
535,Medak,535090,Chilipiched,1790003,J JEEVLA  RAHEEMGUDA VILLAGE,6,2024,28,306,0,334,94,1038,0,1132,980,6228,0,7208,175,1044,0,1219,805,5184,0,5989,0,0,0,0,0,100.0,805,5184,0,5989
535,Medak,535090,Chilipiched,1790004,P GOURAMMA  H NO. 00 SOMAKKAPET,6,2024,26,456,0,482,73,1586,0,1659,910,9516,0,10426,35,2760,0,2795,875,6756,0,7631,0,0,0,0,0,100.0,875,6756,0,7631
535,Medak,535090,Chilipiched,1790005,Sara Swamy Goud  H NO.00  DASGUDA VILLAGE,6,2024,14,249,0,263,27,777,0,804,490,4662,0,5152,35,1332,0,1367,455,3330,0,3785,0,0,0,0,0,100.0,455,3330,0,3785
535,Medak,535090,Chilipiched,1790006,A Padmalatha  H NO.1-46 FAIZABAD VILLAGE,6,2024,16,589,0,605,51,1697,0,1748,560,10182,0,10742,0,1716,0,1716,560,8466,0,9026,0,0,0,0,0,100.0,560,8466,0,9026
535,Medak,535090,Chilipiched,1790007,Veerannagari Narsimha Reddy  H NO.00  BANDAPOTHUGAL,6,2024,16,300,0,316,47,942,0,989,560,5652,0,6212,0,1092,0,1092,560,4560,0,5120,0,0,0,0,0,100.0,560,4560,0,5120
535,Medak,535090,Chilipiched,1790008,"Gadhe Satyanarayana  H.NO.3-17, GOUTHAPUR  VILLAGE",6,2024,12,470,0,482,22,1378,0,1400,420,8268,0,8688,70,1278,0,1348,350,6990,0,7340,0,0,0,0,0,100.0,350,6990,0,7340
535,Medak,535090,Chilipiched,1790009,"L DEEPLA  H.NO.00, CHANDOOR  VILLAGE",6,2024,49,581,0,630,134,1901,0,2035,1715,11406,0,13121,350,2340,0,2690,1365,9066,0,10431,0,0,0,0,0,100.0,1365,9066,0,10431
535,Medak,535090,Chilipiched,1790010,"KAMMARI NAGA RAJU  H NO.1-84, CHITKUL VILLAGE",6,2024,41,634,0,675,97,1946,0,2043,1435,11676,0,13111,35,1675,0,1710,1400,10001,0,11401,0,0,0,0,0,100.0,1400,10001,0,11401
535,Medak,535090,Chilipiched,1790011,"Talari Shiva Leela  H NO.1-25, JAGGAMPET VILLAGE",6,2024,35,440,0,475,100,1413,0,1513,1225,8478,0,9703,0,228,0,228,1225,8250,0,9475,0,0,0,0,0,100.0,1225,8250,0,9475
535,Medak,535090,Chilipiched,1790012,"Patlolla Malleswari  H NO.00,  GANGARAM VILLAGE",6,2024,16,352,0,368,33,1093,0,1126,560,6558,0,7118,0,366,0,366,560,6192,0,6752,0,0,0,0,0,100.0,560,6192,0,6752
535,Medak,535090,Chilipiched,1790013,Kowdipally Venkat Ramreddy  H NO.00  SEELAMPALLY,6,2024,15,285,0,300,36,917,0,953,525,5502,0,6027,0,615,0,615,525,4887,0,5412,0,0,0,0,0,100.0,525,4887,0,5412
535,Medak,535090,Chilipiched,1790014,Maasannagari Narshimha Reddy  H NO.00  CHITKUL-II,6,2024,13,217,0,230,29,597,0,626,455,3582,0,4037,0,312,0,312,455,3270,0,3725,0,0,0,0,0,100.0,455,3270,0,3725
535,Medak,535090,Chilipiched,1790015,Ramavath Sardar  H NO.2-71 AJJAMARRI VILLAGE,6,2024,30,394,0,424,86,1292,0,1378,1050,7752,0,8802,175,1776,0,1951,875,5976,0,6851,0,0,0,0,0,100.0,875,5976,0,6851
535,Medak,535091,Manoharabad,1791002,G VIJAYA LAXMI  H.NO.4-96 Lingareddypet,6,2024,22,317,0,339,70,1110,0,1180,770,6660,0,7430,35,240,0,275,735,6420,0,7155,0,0,0,0,0,100.0,735,6420,0,7155
535,Medak,535091,Manoharabad,1791003,Bollena Shankaraiah  PALATA,6,2024,15,244,0,259,46,709,0,755,525,4254,0,4779,0,798,0,798,525,3456,0,3981,0,0,0,0,0,100.0,525,3456,0,3981
535,Medak,535091,Manoharabad,1791004,Venkatolla Renuka  OWN HOUSE Ramaipally,6,2024,12,250,0,262,41,797,0,838,420,4782,0,5202,0,258,0,258,420,4524,0,4944,0,0,0,0,0,100.0,420,4524,0,4944
535,Medak,535091,Manoharabad,1791005,"Manne Saritha  NEAR PRIMARY SCHOOL,Venkatapur AG",6,2024,17,311,0,328,56,1053,0,1109,595,6318,0,6913,0,667,0,667,595,5651,0,6246,0,0,0,0,0,100.0,595,5651,0,6246
535,Medak,535091,Manoharabad,1791006,"DURGAM JAYAMMA  H.NO. 1-24, KONAIPALLY PT",6,2024,30,353,0,383,75,1145,0,1220,1050,6870,0,7920,105,990,0,1095,945,5880,0,6825,0,0,0,0,0,100.0,945,5880,0,6825
535,Medak,535091,Manoharabad,1791007,Uppalapu Ragavendra Reddy  CHETLA GOURARAM,6,2024,10,177,0,187,28,589,0,617,350,3534,0,3884,0,0,0,0,350,3534,0,3884,0,0,0,0,0,100.0,350,3534,0,3884
535,Medak,535091,Manoharabad,1791008,"Tekmal Navaneetha  H.NO. 1-63, Manoharabad",6,2024,42,517,0,559,105,1728,0,1833,1470,10368,0,11838,0,456,0,456,1470,9912,0,11382,0,0,0,0,0,100.0,1470,9912,0,11382
535,Medak,535091,Manoharabad,1791009,"Potti Ajay Kumar  H. NO.2-20, NEAR APGVB Manoharabad",6,2024,43,566,0,609,116,1832,0,1948,1505,10992,0,12497,35,750,0,785,1470,10242,0,11712,0,0,0,0,0,100.0,1470,10242,0,11712
535,Medak,535091,Manoharabad,1791010,"Uppunuthala Naveen  H.NO. 2-94, SC COLONY,Jeedipally",6,2024,11,417,0,428,40,1361,0,1401,385,8166,0,8551,35,1050,0,1085,350,7116,0,7466,0,0,0,0,0,100.0,350,7116,0,7466
535,Medak,535091,Manoharabad,1791011,"Vislavath Jagannatham  H.NO. 3-100, MAIN ROAD, Kucharam",6,2024,23,519,0,542,78,1638,0,1716,805,9828,0,10633,0,1008,0,1008,805,8820,0,9625,0,0,0,0,0,100.0,805,8820,0,9625
535,Medak,535091,Manoharabad,1791012,"Muthyam Prabhakar  H.NO. 1-45, NEAR GP OFFICE, Kallakal",6,2024,59,740,0,799,158,2409,0,2567,2065,14454,0,16519,180,667,0,847,1885,13787,0,15672,0,0,0,0,0,100.0,1885,13787,0,15672
535,Medak,535091,Manoharabad,1791013,"A SATHYANARAYANA GOUD  H.NO. 2-44, SUBASCHANDRABOSH, Kallakal",6,2024,36,691,0,727,102,2247,0,2349,1260,13482,0,14742,70,241,0,311,1190,13241,0,14431,0,0,0,0,0,100.0,1190,13241,0,14431
535,Medak,535091,Manoharabad,1791014,"Singi Suguna  H.NO. 1-48,Mupireddypally",6,2024,10,336,0,346,19,1061,0,1080,350,6366,0,6716,0,6,0,6,350,6360,0,6710,0,0,0,0,0,100.0,350,6360,0,6710
535,Medak,535091,Manoharabad,1791015,"U JAGANMOHAN REDDY  H.NO. 1-14, Rangaipally",6,2024,22,333,0,355,56,1091,0,1147,770,6546,0,7316,70,510,0,580,700,6036,0,6736,0,0,0,0,0,100.0,700,6036,0,6736
535,Medak,535091,Manoharabad,1791016,G NARSIMULU  Kondapur,6,2024,15,197,0,212,32,599,0,631,525,3594,0,4119,0,96,0,96,525,3498,0,4023,0,0,0,0,0,100.0,525,3498,0,4023
535,Medak,535091,Manoharabad,1791017,Kokkonda Rajani  H.NO 1-98/B POTHARAM VILLAGE SHIVAMPET MANDAL MEDAK DISTRICT,6,2024,19,285,0,304,52,884,0,936,665,5304,0,5969,70,732,0,802,595,4572,0,5167,0,0,0,0,0,100.0,595,4572,0,5167
535,Medak,535091,Manoharabad,1791018,Allanki Dhanalaxmi  H.NO 1-61 PARIKIBANDA VILLAGE SHIVAMPET MANDAL MEDAK DISTRICT,6,2024,29,503,0,532,76,1665,0,1741,1015,9990,0,11005,0,720,0,720,1015,9270,0,10285,0,0,0,0,0,100.0,1015,9270,0,10285
535,Medak,535092,Nizampet,1792002,Neelam Thirupathi  H.NO. 1-72 NARLAPUR,6,2024,20,367,0,387,50,1068,0,1118,700,6408,0,7108,140,881,0,1021,560,5527,0,6087,0,0,0,0,0,100.0,560,5527,0,6087
535,Medak,535092,Nizampet,1792003,Bathula Suguna  H. NO. NARLAPUR,6,2024,27,309,0,336,68,887,0,955,945,5322,0,6267,35,1032,0,1067,910,4290,0,5200,0,0,0,0,0,100.0,910,4290,0,5200
535,Medak,535092,Nizampet,1792004,Veedem Devadas  H.NO. THIPPANAGULLA,6,2024,28,443,0,471,102,1408,0,1510,980,8448,0,9428,0,1098,0,1098,980,7350,0,8330,0,0,0,0,0,100.0,980,7350,0,8330
535,Medak,535092,Nizampet,1792005,Palla Siddiramulu  2-85 NANDIGAMA,6,2024,30,495,0,525,96,1492,0,1588,1050,8952,0,10002,0,216,0,216,1050,8736,0,9786,0,0,0,0,0,100.0,1050,8736,0,9786
535,Medak,535092,Nizampet,1792006,Ramavath Narender  BACHURAJPALLY,6,2024,30,423,0,453,88,1320,0,1408,1050,7920,0,8970,350,2490,0,2840,700,5430,0,6130,0,0,0,0,0,100.0,700,5430,0,6130
535,Medak,535092,Nizampet,1792007,Battula Rajaiah  H.NO. 4-36,6,2024,33,590,0,623,85,1725,0,1810,1155,10350,0,11505,0,2526,0,2526,1155,7824,0,8979,0,0,0,0,0,100.0,1155,7824,0,8979
535,Medak,535092,Nizampet,1792008,Nandhala Krishnamurthy  H.NO. 2-47 KALWAKUNTA,6,2024,37,628,0,665,90,1863,0,1953,1295,11178,0,12473,175,1242,0,1417,1120,9936,0,11056,0,0,0,0,0,100.0,1120,9936,0,11056
535,Medak,535092,Nizampet,1792009,Chikyala Rajeshwar Rao  H.NO. 3-24 CHALMEDA,6,2024,28,553,0,581,69,1627,0,1696,980,9762,0,10742,0,0,0,0,980,9762,0,10742,0,0,0,0,0,100.0,980,9762,0,10742
535,Medak,535092,Nizampet,1792010,Baindla Mysamma  H.NO. 2-17 CHALMEDA,6,2024,27,518,0,545,79,1650,0,1729,945,9900,0,10845,70,2142,0,2212,875,7758,0,8633,0,0,0,0,0,100.0,875,7758,0,8633
535,Medak,535092,Nizampet,1792011,Paripati Rajini  H.NO. 2-17 CHALMEDA,6,2024,17,363,0,380,49,1042,0,1091,595,6252,0,6847,35,2496,0,2531,560,3756,0,4316,0,0,0,0,0,100.0,560,3756,0,4316
535,Medak,535092,Nizampet,1792012,Souda Balaraju  RAMPUR,6,2024,18,320,0,338,46,992,0,1038,630,5952,0,6582,140,1770,0,1910,490,4182,0,4672,0,0,0,0,0,100.0,490,4182,0,4672
535,Medak,535092,Nizampet,1792013,Deshetty Raju  H.NO. 7-27 NASKAL,6,2024,21,386,0,407,66,1187,0,1253,735,7122,0,7857,0,0,0,0,735,7122,0,7857,0,0,0,0,0,100.0,735,7122,0,7857
535,Medak,535092,Nizampet,1792014,Gugloth Ravi  H.NO. 11-97 NAGARAM,6,2024,22,212,0,234,73,701,0,774,770,4206,0,4976,140,996,0,1136,630,3210,0,3840,0,0,0,0,0,100.0,630,3210,0,3840
535,Medak,535092,Nizampet,1792015,KOMMIDI JEEVAN REDDY  NANDAGOKUL,6,2024,15,319,0,334,40,961,0,1001,525,5766,0,6291,0,337,0,337,525,5429,0,5954,0,0,0,0,0,100.0,525,5429,0,5954
535,Medak,535092,Nizampet,1792016,CHALIMETI BHAGYALAXMI  H.NO. 7-47/2,6,2024,28,459,0,487,76,1443,0,1519,980,8658,0,9638,0,408,0,408,980,8250,0,9230,0,0,0,0,0,100.0,980,8250,0,9230
535,Medak,535092,Nizampet,1792017,Thallapalli Radha  H.NO. 4-70 NIZAMPET,6,2024,34,451,0,485,92,1460,0,1552,1190,8760,0,9950,0,1248,0,1248,1190,7512,0,8702,0,0,0,0,0,100.0,1190,7512,0,8702
535,Medak,535092,Nizampet,1792018,BANDARI KAVITHA  H.NO. 4-53 NIZAMPET,6,2024,33,381,0,414,98,1200,0,1298,1155,7200,0,8355,0,0,0,0,1155,7200,0,8355,0,0,0,0,0,100.0,1155,7200,0,8355
535,Medak,535092,Nizampet,1792019,Kajjapu Bixapathi  VENKATAPUR K,6,2024,26,462,0,488,79,1368,0,1447,910,8208,0,9118,35,1242,0,1277,875,6966,0,7841,0,0,0,0,0,100.0,875,6966,0,7841
536,Hyderabad,536071,Malakpet-1,1671101,"Gadepaga Balakrishna  16-1-18/25/A, SAIDABAD",6,2024,72,879,23,974,253,3260,23,3536,2520,19560,230,22310,980,2394,110,3484,1540,17166,120,18826,0,0,0,0,0,100.0,1540,17166,120,18826
536,Hyderabad,536071,Malakpet-1,1671104,"G. Suresh  16-2-147/4/5/A, AKBARBAGH",6,2024,50,623,19,692,142,2415,20,2577,1750,14490,190,16430,0,3632,110,3742,1750,10858,80,12688,0,0,0,0,0,100.0,1750,10858,80,12688
536,Hyderabad,536071,Malakpet-1,1671105,"Mirayala Srinivasulu  16-2-705/1/2/3/M/1, ANAND NAGAR",6,2024,33,556,17,606,109,2067,17,2193,1155,12402,170,13727,20,1662,110,1792,1135,10740,60,11935,0,0,0,0,0,100.0,1135,10740,60,11935
536,Hyderabad,536071,Malakpet-1,1671106,"MD ABDUL BAQUER  17-8-533/109, BAGH-E-JAHANARA",6,2024,43,1179,17,1239,132,4837,17,4986,1505,29022,170,30697,45,2732,60,2837,1460,26290,110,27860,0,0,0,0,0,100.0,1460,26290,110,27860
536,Hyderabad,536071,Malakpet-1,1671108,"K.Ashok  16-2-302,Patan Colony, Malakpet",6,2024,32,680,12,724,95,2519,12,2626,1120,15114,120,16354,475,6979,0,7454,645,8135,120,8900,0,0,0,0,0,100.0,645,8135,120,8900
536,Hyderabad,536071,Malakpet-1,1671109,P. Sailaja  16-2-705/1/2/3,6,2024,52,553,10,615,165,2099,10,2274,1820,12594,100,14514,35,1476,0,1511,1785,11118,100,13003,0,0,0,0,0,100.0,1785,11118,100,13003
536,Hyderabad,536071,Malakpet-1,1671111,M SRINIVASULU  16-2-742/F/A/9 ASMANGHAT,6,2024,76,643,4,723,236,2438,5,2679,2660,14628,40,17328,380,3211,30,3621,2280,11417,10,13707,0,0,0,0,0,100.0,2280,11417,10,13707
536,Hyderabad,536071,Malakpet-1,1671113,V CHANDRA SHEKAR  16-2-752/21/33/A TRIVENI NAGAR GADDIANNARAM,6,2024,57,1046,19,1122,184,3748,19,3951,1995,22488,190,24673,350,4644,40,5034,1645,17844,150,19639,0,0,0,0,0,100.0,1645,17844,150,19639
536,Hyderabad,536071,Malakpet-1,1671114,P ASHOK  16-1-24/343/A SAIDABAD,6,2024,56,735,25,816,173,2658,25,2856,1960,15948,250,18158,350,4371,210,4931,1610,11577,40,13227,0,0,0,0,0,100.0,1610,11577,40,13227
536,Hyderabad,536071,Malakpet-1,1671119,K N OM PRAKASH  16-7-261 AZAMPURA,6,2024,93,1159,23,1275,285,4688,23,4996,3255,28128,230,31613,685,2917,120,3722,2570,25211,110,27891,0,0,0,0,0,100.0,2570,25211,110,27891
536,Hyderabad,536071,Malakpet-1,1671123,Kamal Chand Gupta  16-8-130/1/B KALADERA MALAKPET,6,2024,93,1020,21,1134,277,4089,21,4387,3255,24534,210,27999,220,995,170,1385,3035,23539,40,26614,0,0,0,0,0,100.0,3035,23539,40,26614
536,Hyderabad,536071,Malakpet-1,1671124,RAVULA LAKSHMIKANTHAM  16-3-174 CHANCHALGUDA,6,2024,34,852,10,896,100,3465,12,3577,1190,20790,100,22080,210,2204,0,2414,980,18586,100,19666,0,0,0,0,0,100.0,980,18586,100,19666
536,Hyderabad,536071,Malakpet-1,1671126,ASOODANI KODUMAL  16-8-567/1/2 NEW MALAKPET,6,2024,87,1095,16,1198,281,4418,16,4715,3045,26508,160,29713,595,2786,50,3431,2450,23722,110,26282,0,0,0,0,0,100.0,2450,23722,110,26282
536,Hyderabad,536071,Malakpet-1,1671129,K. Manjula  16-9-438/1/A/A OLD MALAKPET,6,2024,69,1239,18,1326,194,4964,18,5176,2415,29784,180,32379,315,876,90,1281,2100,28908,90,31098,0,0,0,0,0,100.0,2100,28908,90,31098
536,Hyderabad,536071,Malakpet-1,1671131,KOTADI BHANU PRASAD  16-9-307/11 SHANKAR NAGAR MALAKPET,6,2024,102,1226,38,1366,307,4808,38,5153,3570,28848,380,32798,5,306,90,401,3565,28542,290,32397,0,0,0,0,0,100.0,3565,28542,290,32397
536,Hyderabad,536071,Malakpet-1,1671132,"M.N  SREELATHA  16-10-316/1/C, OLD MALAKPET",6,2024,84,1195,32,1311,250,4620,32,4902,2940,27720,320,30980,835,4370,280,5485,2105,23350,40,25495,0,0,0,0,0,100.0,2105,23350,40,25495
536,Hyderabad,536071,Malakpet-1,1671136,MOTIKER DHANESH  16-11-16/N/132 PRASANTH NAGARCOLONY MALAKPET,6,2024,76,1006,14,1096,226,3822,20,4068,2660,22932,140,25732,805,3936,70,4811,1855,18996,70,20921,0,0,0,0,0,100.0,1855,18996,70,20921
536,Hyderabad,536071,Malakpet-1,1671137,"Akula Rameshwar Rao  16-11-310/2/A/E, SALEEM NAGAR",6,2024,74,1002,20,1096,218,3720,20,3958,2590,22320,200,25110,545,928,130,1603,2045,21392,70,23507,0,0,0,0,0,100.0,2045,21392,70,23507
536,Hyderabad,536071,Malakpet-1,1671138,Mubasheer Ahmed Khan  16-2-741/D/4 TV TOWER MALAKPET,6,2024,53,624,7,684,156,2478,7,2641,1855,14868,70,16793,245,5724,10,5979,1610,9144,60,10814,0,0,0,0,0,100.0,1610,9144,60,10814
536,Hyderabad,536071,Malakpet-1,1671139,"Chittumalla Ram Narayana  16-11-456, MOOSARAMBAGH",6,2024,33,723,16,772,90,2524,17,2631,1155,15144,160,16459,595,6108,100,6803,560,9036,60,9656,0,0,0,0,0,100.0,560,9036,60,9656
536,Hyderabad,536071,Malakpet-1,1671140,V. Om Prakash  16-2-740/75/113 VK DHAGENAGAR,6,2024,51,545,13,609,161,2019,13,2193,1785,12114,130,14029,0,1248,20,1268,1785,10866,110,12761,0,0,0,0,0,100.0,1785,10866,110,12761
536,Hyderabad,536071,Malakpet-1,1671141,"K. Chandra Shaker  17-1-386/1/63, SINGARENI COLONY",6,2024,77,947,15,1039,254,3357,16,3627,2695,20142,150,22987,175,7044,70,7289,2520,13098,80,15698,0,0,0,0,0,100.0,2520,13098,80,15698
536,Hyderabad,536071,Malakpet-1,1671142,N Dhananjaya  17-1-391/T/126 SINGARENI COLONY,6,2024,43,486,15,544,128,1753,15,1896,1505,10518,150,12173,105,4302,110,4517,1400,6216,40,7656,0,0,0,0,0,100.0,1400,6216,40,7656
536,Hyderabad,536071,Malakpet-1,1671143,K. Kavitha  8-50/5 GOWTHAM NAGAR HYDERABAD,6,2024,41,680,12,733,128,2444,12,2584,1435,14664,120,16219,105,2868,10,2983,1330,11796,110,13236,0,0,0,0,0,100.0,1330,11796,110,13236
536,Hyderabad,536071,Malakpet-1,1671144,N Kranthi Kumar  17-1-391/T/69 SINGARENI COLONY,6,2024,24,516,4,544,87,1931,4,2022,840,11586,40,12466,0,2989,0,2989,840,8597,40,9477,0,0,0,0,0,100.0,840,8597,40,9477
536,Hyderabad,536071,Malakpet-1,1671145,"P. Samyuktha  12-27, P & T COLONY, GADDIANARAM,HYD",6,2024,27,646,22,695,82,2263,22,2367,945,13578,220,14743,0,1169,180,1349,945,12409,40,13394,0,0,0,0,0,100.0,945,12409,40,13394
536,Hyderabad,536071,Malakpet-1,1671146,"Pabba Venkateshwarlu  14-144, MANIKANTA AOTS, SREE KADANDARAM NAGAR, DILSUKNAGAR",6,2024,35,732,12,779,112,2480,12,2604,1225,14880,120,16225,0,1814,30,1844,1225,13066,90,14381,0,0,0,0,0,100.0,1225,13066,90,14381
536,Hyderabad,536071,Malakpet-1,1671147,Amarlapudi Uday Bhaskar  17-1-391/B/46 SARASWATHI NAGAR,6,2024,40,490,11,541,134,1809,11,1954,1400,10854,110,12364,0,3113,80,3193,1400,7741,30,9171,0,0,0,0,0,100.0,1400,7741,30,9171
536,Hyderabad,536071,Malakpet-1,1671149,"Mucharla Praveen Kumar  17-3-76/6,REIN BAZAR",6,2024,38,1142,16,1196,111,4690,16,4817,1330,28140,160,29630,0,1732,50,1782,1330,26408,110,27848,0,0,0,0,0,100.0,1330,26408,110,27848
536,Hyderabad,536071,Malakpet-1,1671151,"JENIGALA PARVATHALU  17-1-33/A, OLD SANTOSH NAGAR",6,2024,75,942,23,1040,233,3698,23,3954,2625,22188,230,25043,0,3642,180,3822,2625,18546,50,21221,0,0,0,0,0,100.0,2625,18546,50,21221
536,Hyderabad,536071,Malakpet-1,1671152,"Ramavath Govind Naik  17-1-244, SANTOSH NAGAR",6,2024,40,1145,14,1199,113,4686,15,4814,1400,28116,140,29656,210,5605,50,5865,1190,22511,90,23791,0,0,0,0,0,100.0,1190,22511,90,23791
536,Hyderabad,536071,Malakpet-1,1671154,"SYED AKBER  17-1-181/M/103, MADANNAPET",6,2024,77,1095,30,1202,221,4544,32,4797,2695,27264,300,30259,0,18,140,158,2695,27246,160,30101,0,0,0,0,0,100.0,2695,27246,160,30101
536,Hyderabad,536071,Malakpet-1,1671155,PIPPADAPALLY BALRAJ  17-2-305/1/A KURMAGUDA,6,2024,65,795,17,877,187,3262,17,3466,2275,19572,170,22017,315,6484,120,6919,1960,13088,50,15098,0,0,0,0,0,100.0,1960,13088,50,15098
536,Hyderabad,536071,Malakpet-1,1671156,S Jagan Mohan Rao  17-2-305/44/45 KURMAGUDA,6,2024,68,796,12,876,211,3247,12,3470,2380,19482,120,21982,985,5416,80,6481,1395,14066,40,15501,0,0,0,0,0,100.0,1395,14066,40,15501
536,Hyderabad,536071,Malakpet-1,1671157,"Gorantla Yadagiri  17-2-258/A/3, MADANNAPET",6,2024,82,785,19,886,237,2949,19,3205,2870,17694,190,20754,0,1803,60,1863,2870,15891,130,18891,0,0,0,0,0,100.0,2870,15891,130,18891
536,Hyderabad,536071,Malakpet-1,1671158,A PUSHPAVATHI  17-2-313 KURMAGUDA,6,2024,94,910,19,1023,285,3492,22,3799,3290,20952,190,24432,1280,2912,160,4352,2010,18040,30,20080,0,0,0,0,0,100.0,2010,18040,30,20080
536,Hyderabad,536071,Malakpet-1,1671160,SAYA RAJESHWARI  17-2-780/C/1 SAIDABAD MADANNAPET,6,2024,67,809,24,900,195,3215,24,3434,2345,19290,240,21875,606,3412,100,4118,1739,15878,140,17757,0,0,0,0,0,100.0,1739,15878,140,17757
536,Hyderabad,536071,Malakpet-1,1671161,GORIGE SANTOSH KUMAR  17-2-816 MADANNAPET,6,2024,56,791,25,872,161,3008,25,3194,1960,18048,250,20258,0,26,10,36,1960,18022,240,20222,0,0,0,0,0,100.0,1960,18022,240,20222
536,Hyderabad,536071,Malakpet-1,1671162,"Syed Fasi uddin  17-2-1135/B, REIN BAZAR,  MALAKPET",6,2024,26,839,8,873,79,3538,8,3625,910,21228,80,22218,35,4662,40,4737,875,16566,40,17481,0,0,0,0,0,100.0,875,16566,40,17481
536,Hyderabad,536071,Malakpet-1,1671166,"Ahmed Ali  17-3-3/1/381, AZMATH NAGAR",6,2024,28,1159,12,1199,77,4757,12,4846,980,28542,120,29642,315,8700,100,9115,665,19842,20,20527,0,0,0,0,0,100.0,665,19842,20,20527
536,Hyderabad,536071,Malakpet-1,1671167,Raja Sree  17-3-789 YAKUTPURA,6,2024,47,1115,41,1203,131,4699,41,4871,1645,28194,410,30249,525,3556,360,4441,1120,24638,50,25808,0,0,0,0,0,100.0,1120,24638,50,25808
536,Hyderabad,536071,Malakpet-1,1671168,THAKUR JAWAHAR SINGH  17-3-627 CHUNNEKI BATTI,6,2024,19,1097,17,1133,53,4645,17,4715,665,27870,170,28705,0,4570,40,4610,665,23300,130,24095,0,0,0,0,0,100.0,665,23300,130,24095
536,Hyderabad,536071,Malakpet-1,1671169,BEDERWA RAJENDAR  17-3-86/1&2 RAIN BAZAR,6,2024,24,1168,8,1200,70,4848,8,4926,840,29088,80,30008,0,1,0,1,840,29087,80,30007,0,0,0,0,0,100.0,840,29087,80,30007
536,Hyderabad,536071,Malakpet-1,1671171,"Mohd Azam  17-3-527/5, BADA BAZAR",6,2024,40,1142,18,1200,118,4792,18,4928,1400,28752,180,30332,280,7363,80,7723,1120,21389,100,22609,0,0,0,0,0,100.0,1120,21389,100,22609
536,Hyderabad,536071,Malakpet-1,1671172,KUTADI MINA KUMAR  16-1-311/2RT SAIDABAD COLONY,6,2024,64,739,14,817,207,2644,14,2865,2240,15864,140,18244,735,6608,40,7383,1505,9256,100,10861,0,0,0,0,0,100.0,1505,9256,100,10861
536,Hyderabad,536071,Malakpet-1,1671174,"M KRISHNA RAO  17-3-821/822, YAKUTPURA",6,2024,56,1051,24,1131,162,4324,24,4510,1960,25944,240,28144,0,484,60,544,1960,25460,180,27600,0,0,0,0,0,100.0,1960,25460,180,27600
536,Hyderabad,536071,Malakpet-1,1671176,"Ahmed Ali  17-3A-124/1, YAKUTPURA",6,2024,33,1161,9,1203,91,4708,9,4808,1155,28248,90,29493,35,8772,10,8817,1120,19476,80,20676,0,0,0,0,0,100.0,1120,19476,80,20676
536,Hyderabad,536071,Malakpet-1,1671177,"KANNA BOHENI BHAGYALATHA  17-3-792, YAKUTPURA",6,2024,38,991,15,1044,98,4203,15,4316,1330,25218,150,26698,0,1720,0,1720,1330,23498,150,24978,0,0,0,0,0,100.0,1330,23498,150,24978
536,Hyderabad,536071,Malakpet-1,1671180,"Faheem Fatima  17-4-537/1, DABEERPURA",6,2024,45,1140,15,1200,134,4634,15,4783,1575,27804,150,29529,595,7339,70,8004,980,20465,80,21525,0,0,0,0,0,100.0,980,20465,80,21525
536,Hyderabad,536071,Malakpet-1,1671181,"B.Renuka  17-5-364, DABEERPURA",6,2024,53,1266,24,1343,163,5317,29,5509,1855,31902,240,33997,550,6066,190,6806,1305,25836,50,27191,0,0,0,0,0,100.0,1305,25836,50,27191
536,Hyderabad,536071,Malakpet-1,1671183,"D. Nagaraj  17-7-835, YAKUTPURA",6,2024,73,1151,21,1245,188,4705,22,4915,2555,28230,210,30995,210,844,0,1054,2345,27386,210,29941,0,0,0,0,0,100.0,2345,27386,210,29941
536,Hyderabad,536071,Malakpet-1,1671185,"Mohd Noorul Meraj  17-8-415/A/2, BAGH-E-JAHANARA",6,2024,52,1318,17,1387,150,5513,17,5680,1820,33078,170,35068,0,4240,50,4290,1820,28838,120,30778,0,0,0,0,0,100.0,1820,28838,120,30778
536,Hyderabad,536071,Malakpet-1,1671186,"SHAIK OSMAN  17-8-114/1, CHILKALGUDA",6,2024,63,1222,28,1313,186,5084,28,5298,2205,30504,280,32989,430,3624,120,4174,1775,26880,160,28815,0,0,0,0,0,100.0,1775,26880,160,28815
536,Hyderabad,536071,Malakpet-1,1671187,SIRUGUMALLA PUSHPA RANI  17-9-663 CHOWNI CHANCHALGUDA,6,2024,59,1054,20,1133,164,4378,20,4562,2065,26268,200,28533,0,4840,90,4930,2065,21428,110,23603,0,0,0,0,0,100.0,2065,21428,110,23603
536,Hyderabad,536071,Malakpet-1,1671189,"Priyadarshini  16-11-405/10, MOOSARAMBAGH",6,2024,48,697,6,751,142,2485,6,2633,1680,14910,60,16650,525,4080,10,4615,1155,10830,50,12035,0,0,0,0,0,100.0,1155,10830,50,12035
536,Hyderabad,536071,Malakpet-1,1671192,"AMARLAPUDI UDAY BHASKAR  17-1-391/V/32, SAIDABAD",6,2024,59,658,21,738,193,2440,21,2654,2065,14640,210,16915,0,3966,120,4086,2065,10674,90,12829,0,0,0,0,0,100.0,2065,10674,90,12829
536,Hyderabad,536071,Malakpet-1,1671193,A. Radhika  17-1-391 SUBRAHMANYAM NAGAR,6,2024,71,823,13,907,220,3031,13,3264,2485,18186,130,20801,275,7684,10,7969,2210,10502,120,12832,0,0,0,0,0,100.0,2210,10502,120,12832
536,Hyderabad,536071,Malakpet-1,1671194,"D PADMA  17-1-391/S/424, SINGARENI COLONY",6,2024,84,902,22,1008,259,3369,22,3650,2940,20214,220,23374,0,2286,20,2306,2940,17928,200,21068,0,0,0,0,0,100.0,2940,17928,200,21068
536,Hyderabad,536071,Malakpet-1,1671195,"RACHURI RADHA  16-2-37, ASMANGADH",6,2024,64,660,7,731,186,2467,7,2660,2240,14802,70,17112,665,8068,60,8793,1575,6734,10,8319,0,0,0,0,0,100.0,1575,6734,10,8319
536,Hyderabad,536071,Malakpet-1,1671196,"Kamal chand Gupta  17-1-182/S/30/A, MADANAPET",6,2024,68,1039,27,1134,224,4262,27,4513,2380,25572,270,28222,590,1932,210,2732,1790,23640,60,25490,0,0,0,0,0,100.0,1790,23640,60,25490
536,Hyderabad,536071,Malakpet-1,1671198,"MAHASETTY KAVITHA  18/111, CHAITANYAPURI, KAMALANAGAR",6,2024,19,1138,3,1160,74,3948,3,4025,665,23688,30,24383,70,4652,0,4722,595,19036,30,19661,0,0,0,0,0,100.0,595,19036,30,19661
536,Hyderabad,536071,Malakpet-1,1671199,"M Tejaswini  19-64/A, V V NAGAR",6,2024,21,1127,12,1160,73,3822,12,3907,735,22932,120,23787,0,2,20,22,735,22930,100,23765,0,0,0,0,0,100.0,735,22930,100,23765
536,Hyderabad,536071,Malakpet-1,1671201,"V. Padmavathi  17-1-375/27/B, KHELANDER NAGAR",6,2024,50,1104,21,1175,146,4494,21,4661,1750,26964,210,28924,0,3713,100,3813,1750,23251,110,25111,0,0,0,0,0,100.0,1750,23251,110,25111
536,Hyderabad,536071,Malakpet-1,1671202,"AYESHA SULTANA  17-1-30/57/3, NEHRU NAGAR, HYDERABAD",6,2024,61,1117,23,1201,189,4674,23,4886,2135,28044,230,30409,420,0,70,490,1715,28044,160,29919,0,0,0,0,0,100.0,1715,28044,160,29919
536,Hyderabad,536071,Malakpet-1,1671203,"ARCHANA  16-9-906, MALAKPET HYD",6,2024,102,1173,39,1314,313,4696,40,5049,3570,28176,390,32136,420,8460,210,9090,3150,19716,180,23046,0,0,0,0,0,100.0,3150,19716,180,23046
536,Hyderabad,536071,Malakpet-1,1671204,"TULASI PADMA  16-10-1/3, MCH COLONY",6,2024,98,1209,18,1325,298,4707,19,5024,3430,28242,180,31852,240,2700,80,3020,3190,25542,100,28832,0,0,0,0,0,100.0,3190,25542,100,28832
536,Hyderabad,536071,Malakpet-1,1671205,"PABBA RAMANAMMA  16-1-24/C/9/A, SAIDABAD",6,2024,86,1094,19,1199,250,4025,19,4294,3010,24150,190,27350,180,4113,60,4353,2830,20037,130,22997,0,0,0,0,0,100.0,2830,20037,130,22997
536,Hyderabad,536071,Malakpet-1,1671206,"Vadthya Vasntha  16-11-511,D/76  MOOSARAMBAGH, HYD",6,2024,64,613,13,690,203,2330,14,2547,2240,13980,130,16350,440,1282,100,1822,1800,12698,30,14528,0,0,0,0,0,100.0,1800,12698,30,14528
536,Hyderabad,536071,Malakpet-1,1671208,"K. Bhagya Latha  17-1-391/2/29, VISHNUNAGAR",6,2024,36,502,7,545,118,1834,11,1963,1260,11004,70,12334,875,8878,70,9823,385,2126,0,2511,0,0,0,0,0,100.0,385,2126,0,2511
536,Hyderabad,536072,Yakutpura-2,1672202,"D. Gayathri bai  22-2-853, Noor Khan Bazar",6,2024,52,866,0,918,126,3362,0,3488,1820,20172,0,21992,385,0,0,385,1435,20172,0,21607,0,0,0,0,0,100.0,1435,20172,0,21607
536,Hyderabad,536072,Yakutpura-2,1672204,"Mohd Raheem Uddin  16-6-536, KATTELAMANDI",6,2024,53,568,0,621,125,2282,0,2407,1855,13692,0,15547,420,1435,0,1855,1435,12257,0,13692,0,0,0,0,0,100.0,1435,12257,0,13692
536,Hyderabad,536072,Yakutpura-2,1672205,"Jain Yashoda  16-6-193/2,KATTELAMANDI",6,2024,54,684,0,738,170,2709,0,2879,1890,16254,0,18144,105,1120,0,1225,1785,15134,0,16919,0,0,0,0,0,100.0,1785,15134,0,16919
536,Hyderabad,536072,Yakutpura-2,1672206,"Bajranglal Jakhotia  22-1-246,KALIKHABAR",6,2024,61,937,0,998,158,3494,0,3652,2135,20964,0,23099,0,185,0,185,2135,20779,0,22914,0,0,0,0,0,100.0,2135,20779,0,22914
536,Hyderabad,536072,Yakutpura-2,1672207,"B Satish Kumar  22-1-521,KALIKHABAR",6,2024,44,656,0,700,132,2513,0,2645,1540,15078,0,16618,303,1631,0,1934,1237,13447,0,14684,0,0,0,0,0,100.0,1237,13447,0,14684
536,Hyderabad,536072,Yakutpura-2,1672208,"M. Sudha  18-1-292/47/3, SHIVAJI NAGAR",6,2024,86,1118,0,1204,259,4403,0,4662,3010,26418,0,29428,350,2916,0,3266,2660,23502,0,26162,0,0,0,0,0,100.0,2660,23502,0,26162
536,Hyderabad,536072,Yakutpura-2,1672211,"Sakilam Venkata Ramana  22-2-138, KOMATWADI",6,2024,71,858,0,929,190,3396,0,3586,2485,20376,0,22861,1210,6263,0,7473,1275,14113,0,15388,0,0,0,0,0,100.0,1275,14113,0,15388
536,Hyderabad,536072,Yakutpura-2,1672212,"C.Srinivas  22-2-168,KOMATWADI",6,2024,51,1065,0,1116,146,4184,0,4330,1785,25104,0,26889,175,0,0,175,1610,25104,0,26714,0,0,0,0,0,100.0,1610,25104,0,26714
536,Hyderabad,536072,Yakutpura-2,1672213,"Nenavath Gemiya Naik  18-1-292/47/B/22, SHIVAJI NAGAR",6,2024,101,1107,0,1208,287,4288,0,4575,3535,25728,0,29263,380,9634,0,10014,3155,16094,0,19249,0,0,0,0,0,100.0,3155,16094,0,19249
536,Hyderabad,536072,Yakutpura-2,1672214,"K. Gyaneshwari  18-1-292/A/18,PARVATHI NAGAR",6,2024,43,1162,0,1205,112,4802,0,4914,1505,28812,0,30317,0,762,0,762,1505,28050,0,29555,0,0,0,0,0,100.0,1505,28050,0,29555
536,Hyderabad,536072,Yakutpura-2,1672215,"Mohd Afsar Pasha  22-4-258, ALIJAH KOTLA",6,2024,28,1379,0,1407,74,5794,0,5868,980,34764,0,35744,0,4,0,4,980,34760,0,35740,0,0,0,0,0,100.0,980,34760,0,35740
536,Hyderabad,536072,Yakutpura-2,1672216,"Mohammed Yousuf Uddin  18-13-17/A/10/1/B,BANDLAGUDA",6,2024,47,1160,0,1207,116,4838,0,4954,1645,29028,0,30673,175,6465,0,6640,1470,22563,0,24033,0,0,0,0,0,100.0,1470,22563,0,24033
536,Hyderabad,536072,Yakutpura-2,1672219,"Laxmi Narayana Biyani  22-4-538, ALIJAH KOTLA",6,2024,47,1064,0,1111,120,4359,0,4479,1645,26154,0,27799,175,3696,0,3871,1470,22458,0,23928,0,0,0,0,0,100.0,1470,22458,0,23928
536,Hyderabad,536072,Yakutpura-2,1672222,"Preeti  22-5-620/A,ALIJAH KOTLA",6,2024,35,581,0,616,119,2598,0,2717,1225,15588,0,16813,315,2514,0,2829,910,13074,0,13984,0,0,0,0,0,100.0,910,13074,0,13984
536,Hyderabad,536072,Yakutpura-2,1672223,"Preeti  22-5-479, PUNJESHA",6,2024,23,969,0,992,74,4044,0,4118,805,24264,0,25069,210,1559,0,1769,595,22705,0,23300,0,0,0,0,0,100.0,595,22705,0,23300
536,Hyderabad,536072,Yakutpura-2,1672225,"Alija kotla Society  18-7-198/B/6/A, Aman Nagar",6,2024,58,1144,0,1202,196,5044,0,5240,2030,30264,0,32294,210,1230,0,1440,1820,29034,0,30854,0,0,0,0,0,100.0,1820,29034,0,30854
536,Hyderabad,536072,Yakutpura-2,1672227,"Mula Praveen Kumar  22-8-453, PURANI HAVELI",6,2024,16,729,0,745,46,2894,0,2940,560,17364,0,17924,0,5016,0,5016,560,12348,0,12908,0,0,0,0,0,100.0,560,12348,0,12908
536,Hyderabad,536072,Yakutpura-2,1672228,"Anitha P  22-5-856, Sadar Mahal",6,2024,43,1164,0,1207,138,4776,0,4914,1505,28656,0,30161,70,8544,0,8614,1435,20112,0,21547,0,0,0,0,0,100.0,1435,20112,0,21547
536,Hyderabad,536072,Yakutpura-2,1672229,"K. ANNAPOORNA  18-1-29/47/A/16/A,UPPUGUDA",6,2024,62,1145,0,1207,181,4558,0,4739,2170,27348,0,29518,685,2631,0,3316,1485,24717,0,26202,0,0,0,0,0,100.0,1485,24717,0,26202
536,Hyderabad,536072,Yakutpura-2,1672231,"K Gopala Krishna  23-2-114/B/2,MOGHAL PURA",6,2024,54,1146,0,1200,144,4758,0,4902,1890,28548,0,30438,1055,12445,0,13500,835,16103,0,16938,0,0,0,0,0,100.0,835,16103,0,16938
536,Hyderabad,536072,Yakutpura-2,1672233,"Ranga Dharmender Kumar  23-3-466, GOWLI PURA",6,2024,31,501,0,532,88,2091,0,2179,1085,12546,0,13631,0,0,0,0,1085,12546,0,13631,0,0,0,0,0,100.0,1085,12546,0,13631
536,Hyderabad,536072,Yakutpura-2,1672234,"D Sharada  23-4-329,GOWLI PURA",6,2024,79,1141,0,1220,247,4548,0,4795,2765,27288,0,30053,765,5056,0,5821,2000,22232,0,24232,0,0,0,0,0,100.0,2000,22232,0,24232
536,Hyderabad,536072,Yakutpura-2,1672236,"Vidya Sagar  23-4-695,SULTAN SHAHI",6,2024,90,1117,0,1207,293,4137,0,4430,3150,24822,0,27972,775,5563,0,6338,2375,19259,0,21634,0,0,0,0,0,100.0,2375,19259,0,21634
536,Hyderabad,536072,Yakutpura-2,1672238,"P Soundarya  18-6-623/1, LAL DARWAZA",6,2024,41,301,0,342,115,1078,0,1193,1435,6468,0,7903,20,1028,0,1048,1415,5440,0,6855,0,0,0,0,0,100.0,1415,5440,0,6855
536,Hyderabad,536072,Yakutpura-2,1672239,"J B Suma Latha  23-5-758,LAL DARWAZA",6,2024,79,863,0,942,223,3162,0,3385,2765,18972,0,21737,945,6172,0,7117,1820,12800,0,14620,0,0,0,0,0,100.0,1820,12800,0,14620
536,Hyderabad,536072,Yakutpura-2,1672240,"S Shoba Rani  23-5-1101,GOWLI PURA",6,2024,110,985,0,1095,279,3546,0,3825,3850,21276,0,25126,0,0,0,0,3850,21276,0,25126,0,0,0,0,0,100.0,3850,21276,0,25126
536,Hyderabad,536072,Yakutpura-2,1672242,"Gaddam Kamala  23-6-74/52,GOWLI PURA",6,2024,60,941,0,1001,174,3675,0,3849,2100,22050,0,24150,0,0,0,0,2100,22050,0,24150,0,0,0,0,0,100.0,2100,22050,0,24150
536,Hyderabad,536072,Yakutpura-2,1672243,"Shetty Sree Latha  23-2-593/2,HARIBOWLI",6,2024,73,822,1,896,238,3583,1,3822,2555,21498,10,24063,910,4095,0,5005,1645,17403,10,19058,0,0,0,0,0,100.0,1645,17403,10,19058
536,Hyderabad,536072,Yakutpura-2,1672244,"V.Gopal  18-12-418/7a/a, Hafeez baba Nagar",6,2024,82,1159,0,1241,279,4888,0,5167,2870,29328,0,32198,560,2474,0,3034,2310,26854,0,29164,0,0,0,0,0,100.0,2310,26854,0,29164
536,Hyderabad,536072,Yakutpura-2,1672245,"Santi Bal Raj  18-8-297/16,TANAJI NAGAR UPPUGUDA",6,2024,93,1139,0,1232,288,3981,0,4269,3255,23886,0,27141,420,4476,0,4896,2835,19410,0,22245,0,0,0,0,0,100.0,2835,19410,0,22245
536,Hyderabad,536072,Yakutpura-2,1672248,"J Ramesh  18-2-138/4/A,JANGAMMET",6,2024,91,1109,0,1200,287,4279,0,4566,3185,25674,0,28859,1505,9660,0,11165,1680,16014,0,17694,0,0,0,0,0,100.0,1680,16014,0,17694
536,Hyderabad,536072,Yakutpura-2,1672250,"K. Ramakrishna  18-2-342,JANGAMMET",6,2024,102,1079,2,1183,289,4148,2,4439,3570,24888,20,28478,640,11658,20,12318,2930,13230,0,16160,0,0,0,0,0,100.0,2930,13230,0,16160
536,Hyderabad,536072,Yakutpura-2,1672251,"Koriginja Sujatha  18-2-654/3,JANGAMMET",6,2024,70,1131,0,1201,215,4601,0,4816,2450,27606,0,30056,615,12334,0,12949,1835,15272,0,17107,0,0,0,0,0,100.0,1835,15272,0,17107
536,Hyderabad,536072,Yakutpura-2,1672252,"Paga Ganesh Rao  18-3-563/5,LAL DARWAZA",6,2024,83,804,0,887,216,2887,0,3103,2905,17322,0,20227,0,8731,0,8731,2905,8591,0,11496,0,0,0,0,0,100.0,2905,8591,0,11496
536,Hyderabad,536072,Yakutpura-2,1672253,"M  Shashikala  18-4-181/B,ALIABAD",6,2024,71,744,0,815,189,2516,0,2705,2485,15096,0,17581,455,1485,0,1940,2030,13611,0,15641,0,0,0,0,0,100.0,2030,13611,0,15641
536,Hyderabad,536072,Yakutpura-2,1672254,"Pilli Sudershan  18-4-742,ALIABAD",6,2024,80,863,0,943,202,2996,0,3198,2800,17976,0,20776,105,55,0,160,2695,17921,0,20616,0,0,0,0,0,100.0,2695,17921,0,20616
536,Hyderabad,536072,Yakutpura-2,1672255,Akula Kishore Kumar  18-5-97 MEKALA BANDA,6,2024,105,1091,0,1196,289,3879,0,4168,3675,23274,0,26949,1645,4056,0,5701,2030,19218,0,21248,0,0,0,0,0,100.0,2030,19218,0,21248
536,Hyderabad,536072,Yakutpura-2,1672256,"K Gopala Krishna  18-2-739/1,HARIBOWLI",6,2024,46,802,1,849,130,3258,1,3389,1610,19548,10,21168,385,2283,0,2668,1225,17265,10,18500,0,0,0,0,0,100.0,1225,17265,10,18500
536,Hyderabad,536072,Yakutpura-2,1672259,"PRASHANTH  18-6-457/A, Maqdoompura",6,2024,87,538,0,625,265,2004,0,2269,3045,12024,0,15069,1420,2116,0,3536,1625,9908,0,11533,0,0,0,0,0,100.0,1625,9908,0,11533
536,Hyderabad,536072,Yakutpura-2,1672260,Myle Saraswathi  Not Available,6,2024,59,977,0,1036,199,3495,0,3694,2065,20970,0,23035,525,5670,0,6195,1540,15300,0,16840,0,0,0,0,0,100.0,1540,15300,0,16840
536,Hyderabad,536072,Yakutpura-2,1672261,"Mamidi Venkat Kumar  18-7-466, Ambica Nagar",6,2024,116,1084,0,1200,356,3955,0,4311,4060,23730,0,27790,1790,6071,0,7861,2270,17659,0,19929,0,0,0,0,0,100.0,2270,17659,0,19929
536,Hyderabad,536072,Yakutpura-2,1672262,Brother wood Co-Operative society  Not Available,6,2024,69,1143,0,1212,225,5044,0,5269,2415,30264,0,32679,1050,8492,0,9542,1365,21772,0,23137,0,0,0,0,0,100.0,1365,21772,0,23137
536,Hyderabad,536072,Yakutpura-2,1672266,"Mohammed Ghouse  18-7-527, Kandikalgate",6,2024,122,1091,0,1213,422,4085,0,4507,4270,24510,0,28780,1785,2092,0,3877,2485,22418,0,24903,0,0,0,0,0,100.0,2485,22418,0,24903
536,Hyderabad,536072,Yakutpura-2,1672267,"Gouri Shetty Vishwanatham  18-7-466/20, Uppuguda",6,2024,89,1079,0,1168,286,4030,0,4316,3115,24180,0,27295,385,2534,0,2919,2730,21646,0,24376,0,0,0,0,0,100.0,2730,21646,0,24376
536,Hyderabad,536072,Yakutpura-2,1672268,"B Sujatha  18-7-466/1/d, Hanuman Nagar",6,2024,69,1103,0,1172,233,4278,0,4511,2415,25668,0,28083,0,2304,0,2304,2415,23364,0,25779,0,0,0,0,0,100.0,2415,23364,0,25779
536,Hyderabad,536072,Yakutpura-2,1672269,"Parki Prabhakar  18-8-224/11/ARAJA NARSIMHA COLONY, RIYASATH NAGAR",6,2024,7,1175,0,1182,22,4914,0,4936,245,29484,0,29729,0,4240,0,4240,245,25244,0,25489,0,0,0,0,0,100.0,245,25244,0,25489
536,Hyderabad,536072,Yakutpura-2,1672270,"Lalitha Co-op store Itd  18-8-225/10,RAJA NARSIMHA COLONY, RIYASATH NAGAR",6,2024,30,1160,0,1190,106,4877,0,4983,1050,29262,0,30312,105,8861,0,8966,945,20401,0,21346,0,0,0,0,0,100.0,945,20401,0,21346
536,Hyderabad,536072,Yakutpura-2,1672271,"Vishwanatham Srisailam  18-8-33 & 34,BHANNAKA, EDI BAZAR",6,2024,77,1120,2,1199,230,4981,7,5218,2695,29886,20,32601,0,0,0,0,2695,29886,20,32601,0,0,0,0,0,100.0,2695,29886,20,32601
536,Hyderabad,536072,Yakutpura-2,1672272,"Dharavath Ramkoti  18-8-412/A, UPPUGUDA",6,2024,68,1071,0,1139,193,3764,0,3957,2380,22584,0,24964,0,0,0,0,2380,22584,0,24964,0,0,0,0,0,100.0,2380,22584,0,24964
536,Hyderabad,536072,Yakutpura-2,1672273,"Arra Jagadishwar  18-8-395/6,UPPUGUDA",6,2024,128,1099,0,1227,339,3808,0,4147,4480,22848,0,27328,0,0,0,0,4480,22848,0,27328,0,0,0,0,0,100.0,4480,22848,0,27328
536,Hyderabad,536072,Yakutpura-2,1672275,"Kalakond Narsimha  18-1-337/A/16/A,SAI BABA NAGAR",6,2024,96,1112,0,1208,252,4343,0,4595,3360,26058,0,29418,1195,321,0,1516,2165,25737,0,27902,0,0,0,0,0,100.0,2165,25737,0,27902
536,Hyderabad,536072,Yakutpura-2,1672276,"Jyothi Dhar Sing  18-9-313/1, Chandrayanagutta",6,2024,84,1230,0,1314,238,4708,0,4946,2940,28248,0,31188,910,10890,0,11800,2030,17358,0,19388,0,0,0,0,0,100.0,2030,17358,0,19388
536,Hyderabad,536072,Yakutpura-2,1672277,"Gautam Chand Jain  18-2-39/3/C,CHANDYANGUTTA",6,2024,90,1118,0,1208,258,4550,0,4808,3150,27300,0,30450,420,0,0,420,2730,27300,0,30030,0,0,0,0,0,100.0,2730,27300,0,30030
536,Hyderabad,536072,Yakutpura-2,1672278,"Malkedkar Mohan Jee  18-10-38/f/17/a/1,BARKAS",6,2024,45,1155,0,1200,136,4823,0,4959,1575,28938,0,30513,185,2024,0,2209,1390,26914,0,28304,0,0,0,0,0,100.0,1390,26914,0,28304
536,Hyderabad,536072,Yakutpura-2,1672279,"Mohammed Bin Mubarak  18-10-35/1/A, BARKAS",6,2024,56,942,0,998,184,4176,0,4360,1960,25056,0,27016,595,3948,0,4543,1365,21108,0,22473,0,0,0,0,0,100.0,1365,21108,0,22473
536,Hyderabad,536072,Yakutpura-2,1672280,"Mohd Altaf  18-11-38/1,BARKAS",6,2024,36,759,0,795,91,3329,0,3420,1260,19974,0,21234,0,6330,0,6330,1260,13644,0,14904,0,0,0,0,0,100.0,1260,13644,0,14904
536,Hyderabad,536072,Yakutpura-2,1672282,"Sogra Begum  18-11-420,BARKAS",6,2024,14,985,0,999,32,4138,0,4170,490,24828,0,25318,0,5298,0,5298,490,19530,0,20020,0,0,0,0,0,100.0,490,19530,0,20020
536,Hyderabad,536072,Yakutpura-2,1672283,"Batchu Srinivas Rao  18-8-223/120/A/9,RAKSHAPURAM COLONY",6,2024,38,1162,0,1200,113,4770,0,4883,1330,28620,0,29950,0,60,0,60,1330,28560,0,29890,0,0,0,0,0,100.0,1330,28560,0,29890
536,Hyderabad,536072,Yakutpura-2,1672284,"Myle Kiran Kumar  18-13-6/72,BANDLAGUDA",6,2024,66,1132,0,1198,190,4575,0,4765,2310,27450,0,29760,700,7858,0,8558,1610,19592,0,21202,0,0,0,0,0,100.0,1610,19592,0,21202
536,Hyderabad,536072,Yakutpura-2,1672285,B Srilatha  Not Available,6,2024,33,1137,0,1170,107,4273,0,4380,1155,25638,0,26793,0,6246,0,6246,1155,19392,0,20547,0,0,0,0,0,100.0,1155,19392,0,20547
536,Hyderabad,536072,Yakutpura-2,1672288,"T Archana  18-12-419/A/124, Hafez baba nagar",6,2024,126,1197,0,1323,356,4986,0,5342,4410,29916,0,34326,740,3914,0,4654,3670,26002,0,29672,0,0,0,0,0,100.0,3670,26002,0,29672
536,Hyderabad,536072,Yakutpura-2,1672289,"T Kiran  18-7-425/2,TALABKATTA, BHAVANI NAGAR",6,2024,44,1108,1,1153,130,4716,1,4847,1540,28296,10,29846,265,1702,10,1977,1275,26594,0,27869,0,0,0,0,0,100.0,1275,26594,0,27869
536,Hyderabad,536072,Yakutpura-2,1672292,"Chilumkoti Chandrashekar  18-3-463/1,JANGAMMET",6,2024,105,1097,0,1202,299,4252,0,4551,3675,25512,0,29187,125,130,0,255,3550,25382,0,28932,0,0,0,0,0,100.0,3550,25382,0,28932
536,Hyderabad,536072,Yakutpura-2,1672294,"Akhtar Sultana  18-7-423/A/957/1,TALABKATTA, BHAVANI NAGAR",6,2024,28,1190,2,1220,85,5380,6,5471,980,32280,20,33280,0,1417,20,1437,980,30863,0,31843,0,0,0,0,0,100.0,980,30863,0,31843
536,Hyderabad,536072,Yakutpura-2,1672295,"Surishetty Mahesh Kumar  18-7-614/3/1,UPPUGUDA",6,2024,69,1101,0,1170,191,3955,0,4146,2415,23730,0,26145,10,0,0,10,2405,23730,0,26135,0,0,0,0,0,100.0,2405,23730,0,26135
536,Hyderabad,536072,Yakutpura-2,1672296,"Brother wood Co-Operative society  18-7-425/216/1,TALABKATTA, BHAVANI NAGAR",6,2024,23,1127,0,1150,67,4852,0,4919,805,29112,0,29917,245,19662,0,19907,560,9450,0,10010,0,0,0,0,0,100.0,560,9450,0,10010
536,Hyderabad,536072,Yakutpura-2,1672297,"Nasreen Aziz  18-7-423/a/38,TALABKATTA, BHAVANI NAGAR",6,2024,42,1216,0,1258,146,5145,0,5291,1470,30870,0,32340,430,3692,0,4122,1040,27178,0,28218,0,0,0,0,0,100.0,1040,27178,0,28218
536,Hyderabad,536072,Yakutpura-2,1672298,"K Padma  18-7-739/32/a,UPPUGUDA",6,2024,23,1141,1,1165,71,4492,1,4564,805,26952,10,27767,0,1525,10,1535,805,25427,0,26232,0,0,0,0,0,100.0,805,25427,0,26232
536,Hyderabad,536072,Yakutpura-2,1672299,"Tahera Begum  18-7-299/123/8,AMAN NAGAR, RANGELI KHIDKI",6,2024,25,1097,0,1122,82,4684,0,4766,875,28104,0,28979,0,2877,0,2877,875,25227,0,26102,0,0,0,0,0,100.0,875,25227,0,26102
536,Hyderabad,536072,Yakutpura-2,1672300,"A.RADHIKA  18-8-224/5/69,RAJ NARSIMHA COLONY, RIYASATH NAGAR",6,2024,47,1161,0,1208,162,4782,0,4944,1645,28692,0,30337,0,8,0,8,1645,28684,0,30329,0,0,0,0,0,100.0,1645,28684,0,30329
536,Hyderabad,536072,Yakutpura-2,1672301,"Curukundhi Bheema Jagadish Chandran  18-8-253/141,JAMAL COLONY, MOIN BAGH",6,2024,23,1241,0,1264,75,5423,0,5498,805,32538,0,33343,140,0,0,140,665,32538,0,33203,0,0,0,0,0,100.0,665,32538,0,33203
536,Hyderabad,536072,Yakutpura-2,1672302,"B Jyothi  18-8-278/46/1,RAKSHPURAM COLONY",6,2024,84,1101,0,1185,274,4206,0,4480,2940,25236,0,28176,140,940,0,1080,2800,24296,0,27096,0,0,0,0,0,100.0,2800,24296,0,27096
536,Hyderabad,536072,Yakutpura-2,1672303,"S Prashanthi  18-8-589/37,EDI BAZAR",6,2024,60,1143,1,1204,160,4843,2,5005,2100,29058,10,31168,210,4194,0,4404,1890,24864,10,26764,0,0,0,0,0,100.0,1890,24864,10,26764
536,Hyderabad,536072,Yakutpura-2,1672304,"Surekha Kommirshetty  18-8-224/5/326,RAJ NARSIMHA COLONY, RIYASATH NAGAR",6,2024,67,1099,0,1166,209,4598,0,4807,2345,27588,0,29933,615,10474,0,11089,1730,17114,0,18844,0,0,0,0,0,100.0,1730,17114,0,18844
536,Hyderabad,536072,Yakutpura-2,1672305,"Madhukar Rao  18-8-476/41, Rakshapuram Colocny",6,2024,66,1139,0,1205,229,4610,0,4839,2310,27660,0,29970,630,6511,0,7141,1680,21149,0,22829,0,0,0,0,0,100.0,1680,21149,0,22829
536,Hyderabad,536072,Yakutpura-2,1672306,"Anees Fatima  18-10-7,BARKAS",6,2024,70,1130,0,1200,201,4972,0,5173,2450,29832,0,32282,0,468,0,468,2450,29364,0,31814,0,0,0,0,0,100.0,2450,29364,0,31814
536,Hyderabad,536072,Yakutpura-2,1672307,Vadithya Munnilal Naik  18-13-17/A/10/32 BANDLAGUDA,6,2024,95,1105,0,1200,276,4624,0,4900,3325,27744,0,31069,475,756,0,1231,2850,26988,0,29838,0,0,0,0,0,100.0,2850,26988,0,29838
536,Hyderabad,536072,Yakutpura-2,1672308,"Azher Ayesha  18-12-418/10/B/21,HAFEZ BABA NAGAR",6,2024,105,1219,0,1324,282,4701,0,4983,3675,28206,0,31881,1995,12876,0,14871,1680,15330,0,17010,0,0,0,0,0,100.0,1680,15330,0,17010
536,Hyderabad,536072,Yakutpura-2,1672315,D3315  Yakathpura,6,2024,2,1198,0,1200,9,4461,0,4470,70,26766,0,26836,0,15234,0,15234,70,11532,0,11602,0,0,0,0,0,100.0,70,11532,0,11602
536,Hyderabad,536072,Yakutpura-2,1672316,D3316  Yakathpura,6,2024,0,1201,0,1201,0,4871,0,4871,0,29226,0,29226,0,3646,0,3646,0,25580,0,25580,0,0,0,0,0,100.0,0,25580,0,25580
536,Hyderabad,536072,Yakutpura-2,1672317,D3317  Yakathpura,6,2024,1,1083,0,1084,4,4198,0,4202,35,25188,0,25223,0,3380,0,3380,35,21808,0,21843,0,0,0,0,0,100.0,35,21808,0,21843
536,Hyderabad,536072,Yakutpura-2,1672318,D3318  Yakathpura,6,2024,3,1080,0,1083,13,4177,0,4190,105,25062,0,25167,0,0,0,0,105,25062,0,25167,0,0,0,0,0,100.0,105,25062,0,25167
536,Hyderabad,536072,Yakutpura-2,1672319,D3319  Yakathpura,6,2024,1,1199,0,1200,5,4699,0,4704,35,28194,0,28229,0,3286,0,3286,35,24908,0,24943,0,0,0,0,0,100.0,35,24908,0,24943
536,Hyderabad,536073,Charminar-3,1673301,"RATAN SINGH  13-6-437/10/A, Khadeer bagh, Hyd",6,2024,32,946,0,978,93,3621,0,3714,1120,21726,0,22846,0,2766,0,2766,1120,18960,0,20080,0,0,0,0,0,100.0,1120,18960,0,20080
536,Hyderabad,536073,Charminar-3,1673302,"ASHOK KUMAR JAIN  13-5-300/1, Karwan, Hyd",6,2024,38,1065,0,1103,94,4191,0,4285,1330,25146,0,26476,0,6036,0,6036,1330,19110,0,20440,0,0,0,0,0,100.0,1330,19110,0,20440
536,Hyderabad,536073,Charminar-3,1673303,"D. Ganesh  13-6-251/5/9, Jaffer guda, Karwan",6,2024,44,756,0,800,118,2620,0,2738,1540,15720,0,17260,0,2478,0,2478,1540,13242,0,14782,0,0,0,0,0,100.0,1540,13242,0,14782
536,Hyderabad,536073,Charminar-3,1673304,"G Srinivas  13-6-840,Ramsingh pura, Karwan",6,2024,74,767,0,841,204,2802,0,3006,2590,16812,0,19402,175,3434,0,3609,2415,13378,0,15793,0,0,0,0,0,100.0,2415,13378,0,15793
536,Hyderabad,536073,Charminar-3,1673305,"M.PRAKASH  13-6-346, Ramsinghpura, Hyd",6,2024,68,704,0,772,204,2584,0,2788,2380,15504,0,17884,245,7122,0,7367,2135,8382,0,10517,0,0,0,0,0,100.0,2135,8382,0,10517
536,Hyderabad,536073,Charminar-3,1673306,"A. ANIL KUMAR  13-6-347/4, Karwan, Hyd",6,2024,18,1182,0,1200,63,4071,0,4134,630,24426,0,25056,0,10,0,10,630,24416,0,25046,0,0,0,0,0,100.0,630,24416,0,25046
536,Hyderabad,536073,Charminar-3,1673307,"Pasupu Bharathi Devi  13-5-158/82/B, Karwan, Hyd",6,2024,23,938,0,961,55,3598,0,3653,805,21588,0,22393,0,4042,0,4042,805,17546,0,18351,0,0,0,0,0,100.0,805,17546,0,18351
536,Hyderabad,536073,Charminar-3,1673308,"P. Rekha  13-5-580/5/1, Karwan, Hyd",6,2024,23,802,0,825,74,3200,0,3274,805,19200,0,20005,70,1691,0,1761,735,17509,0,18244,0,0,0,0,0,100.0,735,17509,0,18244
536,Hyderabad,536073,Charminar-3,1673309,"N. Surender Singh  13-4-62, Karwan, Hyd",6,2024,14,1119,0,1133,44,4347,0,4391,490,26082,0,26572,140,1136,0,1276,350,24946,0,25296,0,0,0,0,0,100.0,350,24946,0,25296
536,Hyderabad,536073,Charminar-3,1673310,"M. SURESH  13-4-750/12, Sabjimandi, Karwan",6,2024,12,957,0,969,41,3558,0,3599,420,21348,0,21768,0,4752,0,4752,420,16596,0,17016,0,0,0,0,0,100.0,420,16596,0,17016
536,Hyderabad,536073,Charminar-3,1673311,"M. Dwarka Das  19-5-17/A/28/A & 3 Badhurapura, Kishanbagh",6,2024,91,940,0,1031,286,3913,0,4199,3185,23478,0,26663,1191,10178,0,11369,1994,13300,0,15294,0,0,0,0,0,100.0,1994,13300,0,15294
536,Hyderabad,536073,Charminar-3,1673312,"Shoba Sharma  13-5-832/11, Sabjimandi, Mustaid",6,2024,10,987,0,997,38,4152,0,4190,350,24912,0,25262,0,1872,0,1872,350,23040,0,23390,0,0,0,0,0,100.0,350,23040,0,23390
536,Hyderabad,536073,Charminar-3,1673313,"M. MAHESHWARI  13-4-527/A/4, Sabjimandi, Hyd",6,2024,12,1059,0,1071,31,4231,0,4262,420,25386,0,25806,0,7880,0,7880,420,17506,0,17926,0,0,0,0,0,100.0,420,17506,0,17926
536,Hyderabad,536073,Charminar-3,1673314,"V. SUDARSHAN  13-3-690/24/1, Indira Nagar, Jiyaguda, Hyd",6,2024,24,866,0,890,71,3290,0,3361,840,19740,0,20580,420,1136,0,1556,420,18604,0,19024,0,0,0,0,0,100.0,420,18604,0,19024
536,Hyderabad,536073,Charminar-3,1673315,"D. NAGAMANI  13-3-594/2, Jiyaguda, Hyd",6,2024,12,1154,0,1166,47,4214,0,4261,420,25284,0,25704,35,3452,0,3487,385,21832,0,22217,0,0,0,0,0,100.0,385,21832,0,22217
536,Hyderabad,536073,Charminar-3,1673316,"PADAM  KUMAR  13-3-506/38/3, Imampura, Hyd",6,2024,16,1097,0,1113,53,4101,0,4154,560,24606,0,25166,105,5730,0,5835,455,18876,0,19331,0,0,0,0,0,100.0,455,18876,0,19331
536,Hyderabad,536073,Charminar-3,1673317,"K Anand  13-3-1103/27, Jiyaguda, Hyd",6,2024,23,791,0,814,104,3014,0,3118,805,18084,0,18889,630,3328,0,3958,175,14756,0,14931,0,0,0,0,0,100.0,175,14756,0,14931
536,Hyderabad,536073,Charminar-3,1673318,"Md. Bala Krishna  13-3-652/16/A, Jiyaguda,Hyd",6,2024,23,814,0,837,71,3129,0,3200,805,18774,0,19579,0,698,0,698,805,18076,0,18881,0,0,0,0,0,100.0,805,18076,0,18881
536,Hyderabad,536073,Charminar-3,1673319,"J. MANJULA DEVI  13-3-600/A/7, Jiyaguda, Hyd",6,2024,8,881,0,889,25,3472,0,3497,280,20832,0,21112,0,7119,0,7119,280,13713,0,13993,0,0,0,0,0,100.0,280,13713,0,13993
536,Hyderabad,536073,Charminar-3,1673320,"R. CHANDRA SHEKAR  13-3-614/B/1, Iqbalgunj, Pooranapool, Hyd",6,2024,11,895,0,906,39,3360,0,3399,385,20160,0,20545,0,9092,0,9092,385,11068,0,11453,0,0,0,0,0,100.0,385,11068,0,11453
536,Hyderabad,536073,Charminar-3,1673321,"Ankam Laxmi Bai  13-2-142, Jiyaguda, Hyd",6,2024,13,815,0,828,39,3048,0,3087,455,18288,0,18743,35,178,0,213,420,18110,0,18530,0,0,0,0,0,100.0,420,18110,0,18530
536,Hyderabad,536073,Charminar-3,1673323,"GYANI CHANDER  13-2-360/17/A, Shiva Nagar, Raheempura, Hyd",6,2024,14,677,0,691,40,2491,0,2531,490,14946,0,15436,0,240,0,240,490,14706,0,15196,0,0,0,0,0,100.0,490,14706,0,15196
536,Hyderabad,536073,Charminar-3,1673324,"R Shashipal Singh  13-2-335/2, Jaalihanuman, Dulpet, Hyd",6,2024,10,626,0,636,22,2248,0,2270,350,13488,0,13838,0,423,0,423,350,13065,0,13415,0,0,0,0,0,100.0,350,13065,0,13415
536,Hyderabad,536073,Charminar-3,1673325,"K. INDIRA  13-2-585, Raheempura, Hyd",6,2024,16,1105,0,1121,42,3943,0,3985,560,23658,0,24218,0,3158,0,3158,560,20500,0,21060,0,0,0,0,0,100.0,560,20500,0,21060
536,Hyderabad,536073,Charminar-3,1673327,"Neelam Jai Ramulu  13-2-610, Puranapool, Hyd",6,2024,9,637,0,646,22,2280,0,2302,315,13680,0,13995,0,1652,0,1652,315,12028,0,12343,0,0,0,0,0,100.0,315,12028,0,12343
536,Hyderabad,536073,Charminar-3,1673329,"B. VEERENDER  19-4-332/A/14, Kishan Bagh, Hyd",6,2024,58,1142,0,1200,187,4498,0,4685,2030,26988,0,29018,420,11298,0,11718,1610,15690,0,17300,0,0,0,0,0,100.0,1610,15690,0,17300
536,Hyderabad,536073,Charminar-3,1673332,"Nilesh Singhania  21-2-674/1, Urdhugalli, Charkamman, Hyd",6,2024,34,914,0,948,93,3286,0,3379,1190,19716,0,20906,0,1418,0,1418,1190,18298,0,19488,0,0,0,0,0,100.0,1190,18298,0,19488
536,Hyderabad,536073,Charminar-3,1673333,"Guvvas Shobha Rani  19-4-371/411/A, Nandimusai,Kishanbagh,Hyd",6,2024,13,1019,0,1032,34,4086,0,4120,455,24516,0,24971,0,6234,0,6234,455,18282,0,18737,0,0,0,0,0,100.0,455,18282,0,18737
536,Hyderabad,536073,Charminar-3,1673334,"GADDAM LAXMAN  13-6-421/A/19/A, Kanakadurga nagar, Guddimalkapur, Hyd",6,2024,22,887,0,909,81,3286,0,3367,770,19716,0,20486,0,6120,0,6120,770,13596,0,14366,0,0,0,0,0,100.0,770,13596,0,14366
536,Hyderabad,536073,Charminar-3,1673339,"B. SAI KRISHNA  21-3-106, Tagarikanaka, Chelapur, Hyd",6,2024,1,320,0,321,5,1143,0,1148,35,6858,0,6893,0,2094,0,2094,35,4764,0,4799,0,0,0,0,0,100.0,35,4764,0,4799
536,Hyderabad,536073,Charminar-3,1673340,"C. KISHAN DAS  13-5-610/19/6, Mallmit, Krawan, Hyd",6,2024,10,754,0,764,36,2964,0,3000,350,17784,0,18134,70,3878,0,3948,280,13906,0,14186,0,0,0,0,0,100.0,280,13906,0,14186
536,Hyderabad,536073,Charminar-3,1673341,C Sunitha  Tagged on to 392,6,2024,42,990,0,1032,108,4043,0,4151,1470,24258,0,25728,315,3789,0,4104,1155,20469,0,21624,0,0,0,0,0,100.0,1155,20469,0,21624
536,Hyderabad,536073,Charminar-3,1673342,"K. LAXMI NARASAMMA  20-3-696/2, Tagarikanaka, Hyd",6,2024,52,578,0,630,187,2333,0,2520,1820,13998,0,15818,840,1372,0,2212,980,12626,0,13606,0,0,0,0,0,100.0,980,12626,0,13606
536,Hyderabad,536073,Charminar-3,1673345,"Malika Begum  20-4-973/15/3, Kilwath, Hyd",6,2024,17,876,0,893,51,3612,0,3663,595,21672,0,22267,245,6758,0,7003,350,14914,0,15264,0,0,0,0,0,100.0,350,14914,0,15264
536,Hyderabad,536073,Charminar-3,1673346,"P. RANI  20-4-639, Shahgunj, Hyd",6,2024,7,874,0,881,27,3484,0,3511,245,20904,0,21149,0,3533,0,3533,245,17371,0,17616,0,0,0,0,0,100.0,245,17371,0,17616
536,Hyderabad,536073,Charminar-3,1673347,"Mohammed Fazal Ahmed  20-3-778, Jalalkuncha, Hyd",6,2024,2,235,0,237,8,903,0,911,70,5418,0,5488,0,2226,0,2226,70,3192,0,3262,0,0,0,0,0,100.0,70,3192,0,3262
536,Hyderabad,536073,Charminar-3,1673348,"Rajender Bajaj  20-3-832/3, Jalalkuncha, Hyd",6,2024,26,718,0,744,91,2733,0,2824,910,16398,0,17308,0,3399,0,3399,910,12999,0,13909,0,0,0,0,0,100.0,910,12999,0,13909
536,Hyderabad,536073,Charminar-3,1673349,"Vinod Kumar Jain  20-3-230/1, Hussainialam, Hyd",6,2024,8,646,0,654,32,2587,0,2619,280,15522,0,15802,0,1902,0,1902,280,13620,0,13900,0,0,0,0,0,100.0,280,13620,0,13900
536,Hyderabad,536073,Charminar-3,1673351,"M. Srinivas Rao  20-2-154/2, Kabutarkhanna, Hyd",6,2024,5,757,0,762,9,2706,0,2715,175,16236,0,16411,0,2545,0,2545,175,13691,0,13866,0,0,0,0,0,100.0,175,13691,0,13866
536,Hyderabad,536073,Charminar-3,1673352,"PARAMANAND  19-1-947, Gollakidiki, Hyd",6,2024,20,966,0,986,54,3529,0,3583,700,21174,0,21874,35,6067,0,6102,665,15107,0,15772,0,0,0,0,0,100.0,665,15107,0,15772
536,Hyderabad,536073,Charminar-3,1673353,"Purushottam Das Bajaj  20-2-606/6, Baragalli, Hyd",6,2024,8,529,0,537,21,2089,0,2110,280,12534,0,12814,0,2171,0,2171,280,10363,0,10643,0,0,0,0,0,100.0,280,10363,0,10643
536,Hyderabad,536073,Charminar-3,1673354,"V Vandana  21-4-1069, Charmahal, Hyd",6,2024,33,911,0,944,101,3380,0,3481,1155,20280,0,21435,140,5214,0,5354,1015,15066,0,16081,0,0,0,0,0,100.0,1015,15066,0,16081
536,Hyderabad,536073,Charminar-3,1673355,"Pusthe Umarani  20-1-30, Inside Puranapool, Hyd",6,2024,17,630,0,647,51,2241,0,2292,595,13446,0,14041,0,454,0,454,595,12992,0,13587,0,0,0,0,0,100.0,595,12992,0,13587
536,Hyderabad,536073,Charminar-3,1673356,"P. SAROJINI DEVI  20-1-29, Inside Puranapool, Hyd",6,2024,23,491,0,514,67,1712,0,1779,805,10272,0,11077,70,144,0,214,735,10128,0,10863,0,0,0,0,0,100.0,735,10128,0,10863
536,Hyderabad,536073,Charminar-3,1673357,"Panna Jai Prakash  20-1-606/2, Inside Puranapool, Hyd",6,2024,26,351,0,377,76,1258,0,1334,910,7548,0,8458,280,4742,0,5022,630,2806,0,3436,0,0,0,0,0,100.0,630,2806,0,3436
536,Hyderabad,536073,Charminar-3,1673358,"Barkath Ullah Baig  19-1-923/4, Murali nagar, Hyd",6,2024,40,1206,0,1246,113,4836,0,4949,1400,29016,0,30416,350,3357,0,3707,1050,25659,0,26709,0,0,0,0,0,100.0,1050,25659,0,26709
536,Hyderabad,536073,Charminar-3,1673359,"Shaik Khaja Hussain  19-1-436/A/128/A, Osmanbagh, Hyd",6,2024,4,1014,0,1018,12,4027,0,4039,140,24162,0,24302,35,9534,0,9569,105,14628,0,14733,0,0,0,0,0,100.0,105,14628,0,14733
536,Hyderabad,536073,Charminar-3,1673360,"C. LAXMI NARAYANA  19-1-118/1, Dhoodhbowli, Hyd",6,2024,15,898,0,913,42,3391,0,3433,525,20346,0,20871,0,2144,0,2144,525,18202,0,18727,0,0,0,0,0,100.0,525,18202,0,18727
536,Hyderabad,536073,Charminar-3,1673362,P. VIJAYANAND  Not Available,6,2024,11,497,0,508,32,1938,0,1970,385,11628,0,12013,0,396,0,396,385,11232,0,11617,0,0,0,0,0,100.0,385,11232,0,11617
536,Hyderabad,536073,Charminar-3,1673363,"HUSSAIN BIN AHMED  20-3-1, Dhoodhbowli, Hyd",6,2024,3,571,0,574,9,2198,0,2207,105,13188,0,13293,0,0,0,0,105,13188,0,13293,0,0,0,0,0,100.0,105,13188,0,13293
536,Hyderabad,536073,Charminar-3,1673364,"K. JYOTHI  13-6-830/B/1, Karwan, Hyd",6,2024,8,824,0,832,25,2832,0,2857,280,16992,0,17272,0,4086,0,4086,280,12906,0,13186,0,0,0,0,0,100.0,280,12906,0,13186
536,Hyderabad,536073,Charminar-3,1673365,"Hussain Bin Ahmed  19-2-691/1, Dhoodhbowli, Hyd",6,2024,45,1202,0,1247,120,4872,0,4992,1575,29232,0,30807,0,3788,0,3788,1575,25444,0,27019,0,0,0,0,0,100.0,1575,25444,0,27019
536,Hyderabad,536073,Charminar-3,1673366,"K. PRABHAKAR  19-1-659, Dhoodhbowli, Hyd",6,2024,12,912,0,924,38,3410,0,3448,420,20460,0,20880,0,4268,0,4268,420,16192,0,16612,0,0,0,0,0,100.0,420,16192,0,16612
536,Hyderabad,536073,Charminar-3,1673368,"K. Rajesh Kumar  19-2-371/2, Dhoodhbowli, Hyd",6,2024,17,1088,0,1105,55,4376,0,4431,595,26256,0,26851,0,1942,0,1942,595,24314,0,24909,0,0,0,0,0,100.0,595,24314,0,24909
536,Hyderabad,536073,Charminar-3,1673369,"GULAM Mustafa  19-2-11/32/A, Misrigunj, Chandulal Baradari, Hyd",6,2024,16,1234,0,1250,53,5035,0,5088,560,30210,0,30770,70,10772,0,10842,490,19438,0,19928,0,0,0,0,0,100.0,490,19438,0,19928
536,Hyderabad,536073,Charminar-3,1673370,"Mohammed Zaki uddin  19-2-123/2/E/3, Kalapathar, Hyd",6,2024,15,1234,0,1249,53,4992,0,5045,525,29952,0,30477,0,558,0,558,525,29394,0,29919,0,0,0,0,0,100.0,525,29394,0,29919
536,Hyderabad,536073,Charminar-3,1673371,"SALEHE BEGUM  19-4-280/B/115/96, Nawabsab kunta, Hyd",6,2024,49,1206,0,1255,137,5137,0,5274,1715,30822,0,32537,245,9330,0,9575,1470,21492,0,22962,0,0,0,0,0,100.0,1470,21492,0,22962
536,Hyderabad,536073,Charminar-3,1673372,"Syed Nayeem Uddin  19-2-132/B, Tadban, Hyd",6,2024,12,1237,0,1249,44,5068,0,5112,420,30408,0,30828,140,4016,0,4156,280,26392,0,26672,0,0,0,0,0,100.0,280,26392,0,26672
536,Hyderabad,536073,Charminar-3,1673373,"Syed Basheer Uddin  19-2-180/57, Mochi colony, Himayathpura, Hyd",6,2024,51,1196,0,1247,133,4890,0,5023,1785,29340,0,31125,350,6326,0,6676,1435,23014,0,24449,0,0,0,0,0,100.0,1435,23014,0,24449
536,Hyderabad,536073,Charminar-3,1673374,"VIJAY RANI  19-2-197/87/A/3, Ramnaspura, Hyd",6,2024,72,1178,0,1250,198,4834,0,5032,2520,29004,0,31524,0,3373,0,3373,2520,25631,0,28151,0,0,0,0,0,100.0,2520,25631,0,28151
536,Hyderabad,536073,Charminar-3,1673375,"Shobha Rani  19-4-397, Badhurpura, Hyd",6,2024,71,961,0,1032,204,4047,0,4251,2485,24282,0,26767,0,3768,0,3768,2485,20514,0,22999,0,0,0,0,0,100.0,2485,20514,0,22999
536,Hyderabad,536073,Charminar-3,1673376,"MOHD OMER  19-5-15/6/4/5, Badhurpura, Hyd",6,2024,43,988,0,1031,128,4067,0,4195,1505,24402,0,25907,0,3673,0,3673,1505,20729,0,22234,0,0,0,0,0,100.0,1505,20729,0,22234
536,Hyderabad,536073,Charminar-3,1673377,"K. YADAV REDDY  19-4-321/B, Kishan bagh, Hyd",6,2024,17,1182,0,1199,50,4793,0,4843,595,28758,0,29353,0,3114,0,3114,595,25644,0,26239,0,0,0,0,0,100.0,595,25644,0,26239
536,Hyderabad,536073,Charminar-3,1673378,"Kamandla Kumara Swamy  19-2-369/C/6/A, Chandulal, Hyd",6,2024,4,1241,0,1245,17,5118,0,5135,140,30708,0,30848,0,7872,0,7872,140,22836,0,22976,0,0,0,0,0,100.0,140,22836,0,22976
536,Hyderabad,536073,Charminar-3,1673379,"KHALED BAHAZIQ  19-3-631/2/2 & 2/4, Misrigunj, Hyd",6,2024,63,1174,0,1237,166,4808,0,4974,2205,28848,0,31053,140,238,0,378,2065,28610,0,30675,0,0,0,0,0,100.0,2065,28610,0,30675
536,Hyderabad,536073,Charminar-3,1673380,"WAHEED UDDIN  19-3-703/B, Shhakargunj, Hyd",6,2024,17,1233,0,1250,59,5150,0,5209,595,30900,0,31495,0,4016,0,4016,595,26884,0,27479,0,0,0,0,0,100.0,595,26884,0,27479
536,Hyderabad,536073,Charminar-3,1673381,"Abida Sultana  20-7-218/A/2, Qazipura, Hyd",6,2024,12,871,0,883,33,3649,0,3682,420,21894,0,22314,105,3612,0,3717,315,18282,0,18597,0,0,0,0,0,100.0,315,18282,0,18597
536,Hyderabad,536073,Charminar-3,1673382,"Sunkari Sri Ranga  20-7-321, Fathe Darwaza, Hyd",6,2024,8,794,0,802,25,3198,0,3223,280,19188,0,19468,0,1474,0,1474,280,17714,0,17994,0,0,0,0,0,100.0,280,17714,0,17994
536,Hyderabad,536073,Charminar-3,1673383,"MOHD YASEEN  20-5-338, Qazipura, Hyd",6,2024,7,955,0,962,18,3942,0,3960,245,23652,0,23897,35,961,0,996,210,22691,0,22901,0,0,0,0,0,100.0,210,22691,0,22901
536,Hyderabad,536073,Charminar-3,1673384,"New Model Consumer Co-Op Store Ltd  20-5-664/1/1, Qazipura, Hyd",6,2024,0,471,0,471,0,2048,0,2048,0,12288,0,12288,0,0,0,0,0,12288,0,12288,0,0,0,0,0,100.0,0,12288,0,12288
536,Hyderabad,536073,Charminar-3,1673385,"K. Rameshwar Rao  20-6-545, Syedali, Chabuthra, Hyd",6,2024,7,776,0,783,23,2995,0,3018,245,17970,0,18215,0,3073,0,3073,245,14897,0,15142,0,0,0,0,0,100.0,245,14897,0,15142
536,Hyderabad,536073,Charminar-3,1673386,"M. Rahul Kumar  13-6-343/1/B, Ram Singhpura, Hyd",6,2024,12,739,0,751,48,2625,0,2673,420,15750,0,16170,0,860,0,860,420,14890,0,15310,0,0,0,0,0,100.0,420,14890,0,15310
536,Hyderabad,536073,Charminar-3,1673388,"N. JOGENDER  19-3-992/993, shamshergunj, Hyd",6,2024,59,1232,0,1291,184,5256,0,5440,2065,31536,0,33601,490,8028,0,8518,1575,23508,0,25083,0,0,0,0,0,100.0,1575,23508,0,25083
536,Hyderabad,536073,Charminar-3,1673389,"SYED MAHMOOD SHAKIR  Not Available19-3-528/A/40, Payeembagh, Jannuma, Hyd",6,2024,62,1187,0,1249,180,5095,0,5275,2170,30570,0,32740,210,10148,0,10358,1960,20422,0,22382,0,0,0,0,0,100.0,1960,20422,0,22382
536,Hyderabad,536073,Charminar-3,1673390,"SYED ARSHAD HUSSAIN  19-3-306/12/B, Madina colony, Hyd",6,2024,24,1225,0,1249,93,5248,0,5341,840,31488,0,32328,0,5524,0,5524,840,25964,0,26804,0,0,0,0,0,100.0,840,25964,0,26804
536,Hyderabad,536073,Charminar-3,1673391,"HEMANTH KUMAR  19-3-294/1/4/A, Vatteepally, Hyd",6,2024,67,1182,0,1249,214,4959,0,5173,2345,29754,0,32099,0,2978,0,2978,2345,26776,0,29121,0,0,0,0,0,100.0,2345,26776,0,29121
536,Hyderabad,536073,Charminar-3,1673392,"C. SUNITHA  19-5-432/2, Kishan bagh, X Roads, Hyd",6,2024,12,1186,0,1198,43,4818,0,4861,420,28908,0,29328,0,6666,0,6666,420,22242,0,22662,0,0,0,0,0,100.0,420,22242,0,22662
536,Hyderabad,536073,Charminar-3,1673393,"Aziz Unnisa Begum  19-3-262/50/9, Janunuma, Falakunama,Hyd",6,2024,10,1240,0,1250,37,4953,0,4990,350,29718,0,30068,0,1,0,1,350,29717,0,30067,0,0,0,0,0,100.0,350,29717,0,30067
536,Hyderabad,536073,Charminar-3,1673394,"Mohammed Shakeel  19-4-279/E/20, Nawabsabkunta, Hyd",6,2024,21,1229,0,1250,42,4621,0,4663,735,27726,0,28461,70,12871,0,12941,665,14855,0,15520,0,0,0,0,0,100.0,665,14855,0,15520
536,Hyderabad,536073,Charminar-3,1673395,"Rekha Kumari  19-2-143/4, Ramnaspura, Hyd",6,2024,59,1188,0,1247,175,5085,0,5260,2065,30510,0,32575,210,7450,0,7660,1855,23060,0,24915,0,0,0,0,0,100.0,1855,23060,0,24915
536,Hyderabad,536073,Charminar-3,1673396,"M. Pranusha  13-5-431/12, Tallagada, Kulsumpura, Hyd",6,2024,12,1308,0,1320,44,5402,0,5446,420,32412,0,32832,35,12278,0,12313,385,20134,0,20519,0,0,0,0,0,100.0,385,20134,0,20519
536,Hyderabad,536073,Charminar-3,1673397,"RAMESHWARI  13-6-243/1/A, Ramsinghpura, Hyd",6,2024,9,870,1,880,26,3204,1,3231,315,19224,10,19549,0,9422,10,9432,315,9802,0,10117,0,0,0,0,0,100.0,315,9802,0,10117
536,Hyderabad,536073,Charminar-3,1673398,"J Thara  13-3-506/18/106, Jiyaguda, Hyd",6,2024,10,755,0,765,31,2883,0,2914,350,17298,0,17648,0,6002,0,6002,350,11296,0,11646,0,0,0,0,0,100.0,350,11296,0,11646
536,Hyderabad,536073,Charminar-3,1673399,"ASIA GOUHAR  19-2-18/C/4, Kalapathar, Hyd",6,2024,5,1245,0,1250,19,5178,0,5197,175,31068,0,31243,70,2232,0,2302,105,28836,0,28941,0,0,0,0,0,100.0,105,28836,0,28941
536,Hyderabad,536073,Charminar-3,1673400,"SABIHA BEGUM  19-2-238/3/H, Rahmathpura, Hyd",6,2024,95,1154,0,1249,286,4760,0,5046,3325,28560,0,31885,1155,5532,0,6687,2170,23028,0,25198,0,0,0,0,0,100.0,2170,23028,0,25198
536,Hyderabad,536073,Charminar-3,1673401,"M. VASANTHA Reddy  21-4-835, Puranapool, Hyd",6,2024,43,898,0,941,134,3194,0,3328,1505,19164,0,20669,385,3666,0,4051,1120,15498,0,16618,0,0,0,0,0,100.0,1120,15498,0,16618
536,Hyderabad,536073,Charminar-3,1673402,"K. BHAGYAVATHI  19-4-322/6, Kishanbagh, Hyd",6,2024,18,1182,0,1200,60,4814,0,4874,630,28884,0,29514,0,8608,0,8608,630,20276,0,20906,0,0,0,0,0,100.0,630,20276,0,20906
536,Hyderabad,536073,Charminar-3,1673403,"Bodla Vasanth Reddy  19-4-322/6, Kishanbagh, Hyd",6,2024,10,1190,0,1200,28,4933,0,4961,350,29598,0,29948,0,10362,0,10362,350,19236,0,19586,0,0,0,0,0,100.0,350,19236,0,19586
536,Hyderabad,536073,Charminar-3,1673405,"MASHAK JABEEN  19-3-1089/B/38, Madina colony, Hyd",6,2024,45,1205,0,1250,202,5141,0,5343,1575,30846,0,32421,0,13848,0,13848,1575,16998,0,18573,0,0,0,0,0,100.0,1575,16998,0,18573
536,Hyderabad,536073,Charminar-3,1673406,"Abdul Rahman Bin Ali  19-3-294/68/254/A, SHOP.NO.1&2, Fathima Nagar, Hyd",6,2024,33,1217,0,1250,150,4894,0,5044,1155,29364,0,30519,0,0,0,0,1155,29364,0,30519,0,0,0,0,0,100.0,1155,29364,0,30519
536,Hyderabad,536073,Charminar-3,1673407,"Saleha Begum  19-3-262/A/50/44/6, Mohameda, Vatteepally, Hyd",6,2024,9,1242,0,1251,29,5490,0,5519,315,32940,0,33255,0,0,0,0,315,32940,0,33255,0,0,0,0,0,100.0,315,32940,0,33255
536,Hyderabad,536073,Charminar-3,1673408,"G. Subash  19-3-294/68/1H/6C, Handicapped colony, Vatteepally, Hyd",6,2024,36,1214,0,1250,122,5035,0,5157,1260,30210,0,31470,0,0,0,0,1260,30210,0,31470,0,0,0,0,0,100.0,1260,30210,0,31470
536,Hyderabad,536073,Charminar-3,1673430,D3422  Charminar,6,2024,1,1236,0,1237,4,5481,0,5485,35,32886,0,32921,0,0,0,0,35,32886,0,32921,0,0,0,0,0,100.0,35,32886,0,32921
536,Hyderabad,536073,Charminar-3,1673431,D3431  Charminar,6,2024,0,1236,0,1236,0,4785,0,4785,0,28710,0,28710,0,4186,0,4186,0,24524,0,24524,0,0,0,0,0,100.0,0,24524,0,24524
536,Hyderabad,536073,Charminar-3,1673432,D3432  Charminar,6,2024,1,1236,0,1237,4,5250,0,5254,35,31500,0,31535,0,7610,0,7610,35,23890,0,23925,0,0,0,0,0,100.0,35,23890,0,23925
536,Hyderabad,536073,Charminar-3,1673433,Abdul Rahman Bin Ali  Charminar,6,2024,3,1235,0,1238,13,5253,0,5266,105,31518,0,31623,0,3990,0,3990,105,27528,0,27633,0,0,0,0,0,100.0,105,27528,0,27633
536,Hyderabad,536074,Nampally-4,1674403,"Myana Satyanarayana  2-4-671, SUNDER NAGAR, KACHIGUDA.",6,2024,111,1046,1,1158,285,3930,1,4216,3885,23580,10,27475,840,2416,0,3256,3045,21164,10,24219,0,0,0,0,0,100.0,3045,21164,10,24219
536,Hyderabad,536074,Nampally-4,1674405,Purshotham Doke  3-1-522 NIMBOLIADDA.,6,2024,107,900,1,1008,296,3216,1,3513,3745,19296,10,23051,1650,3737,0,5387,2095,15559,10,17664,0,0,0,0,0,100.0,2095,15559,10,17664
536,Hyderabad,536074,Nampally-4,1674407,A. Nanda Kishore  3-1-697/698 NIMBOLIADDA.,6,2024,63,1100,0,1163,155,3916,0,4071,2205,23496,0,25701,0,3162,0,3162,2205,20334,0,22539,0,0,0,0,0,100.0,2205,20334,0,22539
536,Hyderabad,536074,Nampally-4,1674409,Pentala Sreesailam  3-2-345 CHAPPAL BAZAR.,6,2024,38,930,1,969,107,3201,1,3309,1330,19206,10,20546,0,5501,10,5511,1330,13705,0,15035,0,0,0,0,0,100.0,1330,13705,0,15035
536,Hyderabad,536074,Nampally-4,1674411,D. Harika  3-2-411 CHAPPAL BAZAAR.,6,2024,27,516,1,544,53,1823,1,1877,945,10938,10,11893,0,2816,10,2826,945,8122,0,9067,0,0,0,0,0,100.0,945,8122,0,9067
536,Hyderabad,536074,Nampally-4,1674412,International Consumer Co-Op-Society  3-2-533 CHAPPAL BAZAAR.,6,2024,32,671,2,705,80,2333,2,2415,1120,13998,20,15138,175,1024,0,1199,945,12974,20,13939,0,0,0,0,0,100.0,945,12974,20,13939
536,Hyderabad,536074,Nampally-4,1674419,Daram Buchaiah  3-4-757/1 BARKATPURA.,6,2024,47,923,1,971,127,3151,1,3279,1645,18906,10,20561,370,4681,10,5061,1275,14225,0,15500,0,0,0,0,0,100.0,1275,14225,0,15500
536,Hyderabad,536074,Nampally-4,1674421,Sree Rama Mutually Aided Consumer Co-op Society  3-4-485 BARKATPURA.,6,2024,21,759,1,781,52,2593,1,2646,735,15558,10,16303,0,1,0,1,735,15557,10,16302,0,0,0,0,0,100.0,735,15557,10,16302
536,Hyderabad,536074,Nampally-4,1674423,Peram Ramesh  3-2-13 KACHIGUDA.,6,2024,26,443,0,469,74,1563,0,1637,910,9378,0,10288,280,540,0,820,630,8838,0,9468,0,0,0,0,0,100.0,630,8838,0,9468
536,Hyderabad,536074,Nampally-4,1674424,P Yashida  3-4-1005/3 BARKATPURA.,6,2024,45,580,0,625,129,1992,0,2121,1575,11952,0,13527,35,2660,0,2695,1540,9292,0,10832,0,0,0,0,0,100.0,1540,9292,0,10832
536,Hyderabad,536074,Nampally-4,1674426,Shyam Sunder Sharma  Not Available,6,2024,25,947,1,973,61,3226,1,3288,875,19356,10,20241,105,848,10,963,770,18508,0,19278,0,0,0,0,0,100.0,770,18508,0,19278
536,Hyderabad,536074,Nampally-4,1674431,P. Srinivas  4-1-45/36 HANUMANTEKDI.,6,2024,29,1004,0,1033,71,3576,0,3647,1015,21456,0,22471,105,1936,0,2041,910,19520,0,20430,0,0,0,0,0,100.0,910,19520,0,20430
536,Hyderabad,536074,Nampally-4,1674434,Sungumahanty Achuta Kumari  4-3-174/3 K S GUDA.,6,2024,9,454,1,464,15,1507,1,1523,315,9042,10,9367,0,59,0,59,315,8983,10,9308,0,0,0,0,0,100.0,315,8983,10,9308
536,Hyderabad,536074,Nampally-4,1674435,Gita R Rani  4-3-345/9 GUJRAT GALLI.,6,2024,20,492,0,512,57,1743,0,1800,700,10458,0,11158,560,129,0,689,140,10329,0,10469,0,0,0,0,0,100.0,140,10329,0,10469
536,Hyderabad,536074,Nampally-4,1674436,"Shrikishan Agarwal  3-3-994/2,  KUTBIGUDA.",6,2024,51,1150,0,1201,141,3872,0,4013,1785,23232,0,25017,245,1938,0,2183,1540,21294,0,22834,0,0,0,0,0,100.0,1540,21294,0,22834
536,Hyderabad,536074,Nampally-4,1674439,Ganti Satyanarayana Murthy  4-7-1105/4 ESAMIYA BAZAR.,6,2024,15,487,1,503,42,1662,1,1705,525,9972,10,10507,0,1649,10,1659,525,8323,0,8848,0,0,0,0,0,100.0,525,8323,0,8848
536,Hyderabad,536074,Nampally-4,1674440,ANAND KUMAR  4-8-276 GOWLIGUDA.,6,2024,14,428,0,442,27,1443,0,1470,490,8658,0,9148,35,2203,0,2238,455,6455,0,6910,0,0,0,0,0,100.0,455,6455,0,6910
536,Hyderabad,536074,Nampally-4,1674443,P B Swaroopa Rani  5-2-110 JAM BAGH .,6,2024,72,1019,1,1092,168,3522,1,3691,2520,21132,10,23662,1106,9,0,1115,1414,21123,10,22547,0,0,0,0,0,100.0,1414,21123,10,22547
536,Hyderabad,536074,Nampally-4,1674444,Panuganti V Rahul  5-2-261 OSMAN GUNJ.,6,2024,29,1066,0,1095,73,3615,0,3688,1015,21690,0,22705,0,4735,0,4735,1015,16955,0,17970,0,0,0,0,0,100.0,1015,16955,0,17970
536,Hyderabad,536074,Nampally-4,1674446,K Manjula  14-2-134/23  GOSHAMAHAL.,6,2024,18,328,0,346,47,1218,0,1265,630,7308,0,7938,350,1548,0,1898,280,5760,0,6040,0,0,0,0,0,100.0,280,5760,0,6040
536,Hyderabad,536074,Nampally-4,1674447,"K Manjula  14-2-37/2, GOSHAMAHAL.",6,2024,33,366,1,400,63,1276,1,1340,1155,7656,10,8821,260,1521,0,1781,895,6135,10,7040,0,0,0,0,0,100.0,895,6135,10,7040
536,Hyderabad,536074,Nampally-4,1674449,Abdul Quddus Khan  5-4-708/B/2 KATTALMANDI.,6,2024,45,1022,0,1067,129,3417,0,3546,1575,20502,0,22077,665,8315,0,8980,910,12187,0,13097,0,0,0,0,0,100.0,910,12187,0,13097
536,Hyderabad,536074,Nampally-4,1674450,Kaveti Srinivas  5-4-708/B/4 KATTALMANDI,6,2024,38,1038,0,1076,112,3618,0,3730,1330,21708,0,23038,490,2215,0,2705,840,19493,0,20333,0,0,0,0,0,100.0,840,19493,0,20333
536,Hyderabad,536074,Nampally-4,1674452,Prem Chand Agarwal  5-5-214 AGHAPURA.,6,2024,39,936,1,976,98,3397,1,3496,1365,20382,10,21757,0,0,0,0,1365,20382,10,21757,0,0,0,0,0,100.0,1365,20382,10,21757
536,Hyderabad,536074,Nampally-4,1674456,Chillampally Venkatesh  5-9-54/35/1 PHOOLBAGH.,6,2024,55,593,1,649,116,1864,1,1981,1925,11184,10,13119,315,1350,10,1675,1610,9834,0,11444,0,0,0,0,0,100.0,1610,9834,0,11444
536,Hyderabad,536074,Nampally-4,1674464,G. Ravinder Kumar  14-3-136/2 GOSHAMAHAL,6,2024,36,843,2,881,99,3126,2,3227,1260,18756,20,20036,0,1872,0,1872,1260,16884,20,18164,0,0,0,0,0,100.0,1260,16884,20,18164
536,Hyderabad,536074,Nampally-4,1674466,G Venkat Rao  Not Available,6,2024,30,543,0,573,79,1925,0,2004,1050,11550,0,12600,505,1653,0,2158,545,9897,0,10442,0,0,0,0,0,100.0,545,9897,0,10442
536,Hyderabad,536074,Nampally-4,1674467,J. Vandana  14-9-103 CHUDIBAZAR,6,2024,8,389,0,397,27,1321,0,1348,280,7926,0,8206,0,122,0,122,280,7804,0,8084,0,0,0,0,0,100.0,280,7804,0,8084
536,Hyderabad,536074,Nampally-4,1674468,"Chennu Anjaiah  14-5-127, CHUDI BAZAR",6,2024,17,555,0,572,33,1966,0,1999,595,11796,0,12391,140,15,0,155,455,11781,0,12236,0,0,0,0,0,100.0,455,11781,0,12236
536,Hyderabad,536074,Nampally-4,1674469,Sarita Bai  14-9-70 CHUDIBAZAR,6,2024,49,847,1,897,117,3005,1,3123,1715,18030,10,19755,105,11,0,116,1610,18019,10,19639,0,0,0,0,0,100.0,1610,18019,10,19639
536,Hyderabad,536074,Nampally-4,1674470,Challa Pandu  14-5-24 CHUDIBAZAR,6,2024,41,728,1,770,100,2594,1,2695,1435,15564,10,17009,910,2737,10,3657,525,12827,0,13352,0,0,0,0,0,100.0,525,12827,0,13352
536,Hyderabad,536074,Nampally-4,1674471,Jeevan Singh Thakur  14-8-385/4 JUMERATHBAZAAR,6,2024,24,421,0,445,55,1531,0,1586,840,9186,0,10026,245,4338,0,4583,595,4848,0,5443,0,0,0,0,0,100.0,595,4848,0,5443
536,Hyderabad,536074,Nampally-4,1674472,Prakash Singh  14-8-427 JUMERATHBAZAAR,6,2024,11,457,0,468,25,1643,0,1668,385,9858,0,10243,0,298,0,298,385,9560,0,9945,0,0,0,0,0,100.0,385,9560,0,9945
536,Hyderabad,536074,Nampally-4,1674473,Jeevan Singh Thakur  14-6-285 JINSI CHURAHA,6,2024,24,554,1,579,56,1993,1,2050,840,11958,10,12808,210,3226,0,3436,630,8732,10,9372,0,0,0,0,0,100.0,630,8732,10,9372
536,Hyderabad,536074,Nampally-4,1674474,Thakur Abhishek Singh  Not Available,6,2024,17,369,1,387,40,1326,1,1367,595,7956,10,8561,245,3849,10,4104,350,4107,0,4457,0,0,0,0,0,100.0,350,4107,0,4457
536,Hyderabad,536074,Nampally-4,1674475,Shobha  14-9-429/1 CHUDIBAZAR,6,2024,31,531,0,562,82,1911,0,1993,1085,11466,0,12551,70,12,0,82,1015,11454,0,12469,0,0,0,0,0,100.0,1015,11454,0,12469
536,Hyderabad,536074,Nampally-4,1674476,"Lal Singh  14-10-303  DHOOLPET, HYDERABAD",6,2024,55,652,0,707,130,2304,0,2434,1925,13824,0,15749,245,1840,0,2085,1680,11984,0,13664,0,0,0,0,0,100.0,1680,11984,0,13664
536,Hyderabad,536074,Nampally-4,1674477,"Maheshwari  14-9-838/3,  DHOOLPET, HYDERABAD",6,2024,30,493,0,523,80,1734,0,1814,1050,10404,0,11454,105,0,0,105,945,10404,0,11349,0,0,0,0,0,100.0,945,10404,0,11349
536,Hyderabad,536074,Nampally-4,1674478,Panwala Ashok Singh  Not Available,6,2024,35,508,0,543,70,1810,0,1880,1225,10860,0,12085,317,2749,0,3066,908,8111,0,9019,0,0,0,0,0,100.0,908,8111,0,9019
536,Hyderabad,536074,Nampally-4,1674479,ASHWIN RAJ SINGH  Not Available,6,2024,57,566,0,623,138,2080,0,2218,1995,12480,0,14475,265,1816,0,2081,1730,10664,0,12394,0,0,0,0,0,100.0,1730,10664,0,12394
536,Hyderabad,536074,Nampally-4,1674480,Om Prakash  Not Available,6,2024,40,405,0,445,78,1518,0,1596,1400,9108,0,10508,595,3565,0,4160,805,5543,0,6348,0,0,0,0,0,100.0,805,5543,0,6348
536,Hyderabad,536074,Nampally-4,1674481,Dhonthi Jaya Prakash Rao  14-3-62/2 GOSHAMAHAL,6,2024,68,812,0,880,203,3046,0,3249,2380,18276,0,20656,500,3323,0,3823,1880,14953,0,16833,0,0,0,0,0,100.0,1880,14953,0,16833
536,Hyderabad,536074,Nampally-4,1674486,Mallam Mallikarjun  15-4-189 GOWLIGUDA,6,2024,63,903,1,967,169,3092,1,3262,2205,18552,10,20767,105,100,0,205,2100,18452,10,20562,0,0,0,0,0,100.0,2100,18452,10,20562
536,Hyderabad,536074,Nampally-4,1674489,"Varsha Singh  15-7-36, KOLSAWADI",6,2024,47,503,0,550,136,1845,0,1981,1645,11070,0,12715,0,2655,0,2655,1645,8415,0,10060,0,0,0,0,0,100.0,1645,8415,0,10060
536,Hyderabad,536074,Nampally-4,1674490,"Bharat Bhooshan  15-7-146/A, KOLSAWADI",6,2024,38,389,0,427,113,1427,0,1540,1330,8562,0,9892,210,3416,0,3626,1120,5146,0,6266,0,0,0,0,0,100.0,1120,5146,0,6266
536,Hyderabad,536074,Nampally-4,1674492,Mekala Manjula Yadav  15-8-374 BEGUM BAZAR,6,2024,43,838,1,882,101,2883,1,2985,1505,17298,10,18813,245,1887,10,2142,1260,15411,0,16671,0,0,0,0,0,100.0,1260,15411,0,16671
536,Hyderabad,536074,Nampally-4,1674494,Chander Prakash Agarwal  15-9-483/1 OSMAN GUNJ,6,2024,51,800,3,854,133,2880,3,3016,1785,17280,30,19095,565,13,30,608,1220,17267,0,18487,0,0,0,0,0,100.0,1220,17267,0,18487
536,Hyderabad,536074,Nampally-4,1674495,A Raj Kumar  KACHIGUDA,6,2024,76,1087,4,1167,187,4051,4,4242,2660,24306,40,27006,310,1518,10,1838,2350,22788,30,25168,0,0,0,0,0,100.0,2350,22788,30,25168
536,Hyderabad,536074,Nampally-4,1674496,Zeenath Rehman  Not Available,6,2024,20,952,0,972,69,3605,0,3674,700,21630,0,22330,35,6526,0,6561,665,15104,0,15769,0,0,0,0,0,100.0,665,15104,0,15769
536,Hyderabad,536074,Nampally-4,1674497,"S Geetha  5-5-191, PATELNAGAR.",6,2024,30,969,3,1002,58,3614,3,3675,1050,21684,30,22764,0,6732,0,6732,1050,14952,30,16032,0,0,0,0,0,100.0,1050,14952,30,16032
536,Hyderabad,536074,Nampally-4,1674498,Godse Rajeshwari Goud  Not Available,6,2024,59,564,0,623,109,1930,0,2039,2065,11580,0,13645,420,2837,0,3257,1645,8743,0,10388,0,0,0,0,0,100.0,1645,8743,0,10388
536,Hyderabad,536074,Nampally-4,1674499,Thakur Ranveer Singh  14-5-1015 CHUDIBAZAR,6,2024,20,242,0,262,48,953,0,1001,700,5718,0,6418,35,1027,0,1062,665,4691,0,5356,0,0,0,0,0,100.0,665,4691,0,5356
536,Hyderabad,536074,Nampally-4,1674500,Koyal Kar Pulkal Rajender  NAMPALLY,6,2024,40,840,1,881,112,3264,1,3377,1400,19584,10,20994,0,207,0,207,1400,19377,10,20787,0,0,0,0,0,100.0,1400,19377,10,20787
536,Hyderabad,536075,Mehdipatnam-5,1675501,"M. Lalith Narayana  11-2-558/3/1, Agapura, Hyd",6,2024,21,913,1,935,74,3554,4,3632,735,21324,10,22069,245,4946,10,5201,490,16378,0,16868,0,0,0,0,0,100.0,490,16378,0,16868
536,Hyderabad,536075,Mehdipatnam-5,1675503,Battu Yadaiah  5-6-634/1/A/9	AGAPURA,6,2024,60,1171,0,1231,221,4808,0,5029,2100,28848,0,30948,805,1160,0,1965,1295,27688,0,28983,0,0,0,0,0,100.0,1295,27688,0,28983
536,Hyderabad,536075,Mehdipatnam-5,1675505,Syed Murtuza Quadri  11-5-597/19	RED HILLS,6,2024,41,1159,0,1200,141,4374,0,4515,1435,26244,0,27679,105,1193,0,1298,1330,25051,0,26381,0,0,0,0,0,100.0,1330,25051,0,26381
536,Hyderabad,536075,Mehdipatnam-5,1675506,"G. Venkat Rao  8-1-33,	SHAIKPET",6,2024,19,887,0,906,43,2992,0,3035,665,17952,0,18617,0,0,0,0,665,17952,0,18617,0,0,0,0,0,100.0,665,17952,0,18617
536,Hyderabad,536075,Mehdipatnam-5,1675507,Mohd. Aijaz  9-2-42/7	LANGER HOUSE,6,2024,22,1234,0,1256,105,4897,0,5002,770,29382,0,30152,90,4779,0,4869,680,24603,0,25283,0,0,0,0,0,100.0,680,24603,0,25283
536,Hyderabad,536075,Mehdipatnam-5,1675508,"Khaja Moin Uddin Quadri  9-2-287/A,	LANGER HOUSE",6,2024,26,734,0,760,106,2717,0,2823,910,16302,0,17212,0,3912,0,3912,910,12390,0,13300,0,0,0,0,0,100.0,910,12390,0,13300
536,Hyderabad,536075,Mehdipatnam-5,1675509,Katkuree Om Sai Krishna Kumar  9-2-421	LANGER HOUSE,6,2024,30,1083,0,1113,105,3999,0,4104,1050,23994,0,25044,175,8634,0,8809,875,15360,0,16235,0,0,0,0,0,100.0,875,15360,0,16235
536,Hyderabad,536075,Mehdipatnam-5,1675510,"Syed Ibrahim  9-2-410/14,	LANGER HOUSE",6,2024,35,1078,0,1113,143,4068,0,4211,1225,24408,0,25633,0,1170,0,1170,1225,23238,0,24463,0,0,0,0,0,100.0,1225,23238,0,24463
536,Hyderabad,536075,Mehdipatnam-5,1675511,"Sajeeda Begum  9-1-34/15/A/67,	GOLCONDA",6,2024,28,1244,0,1272,102,4592,0,4694,980,27552,0,28532,0,7558,0,7558,980,19994,0,20974,0,0,0,0,0,100.0,980,19994,0,20974
536,Hyderabad,536075,Mehdipatnam-5,1675512,Ayesha Begum  9-3-125/237/8	GOLCONDA,6,2024,33,1167,0,1200,136,4817,0,4953,1155,28902,0,30057,0,0,0,0,1155,28902,0,30057,0,0,0,0,0,100.0,1155,28902,0,30057
536,Hyderabad,536075,Mehdipatnam-5,1675513,"Kanamanoore Bheemaiah  9-4-86/15/6 KAKATIYA NAGAR, HYD",6,2024,22,1250,0,1272,75,5089,0,5164,770,30534,0,31304,175,10204,0,10379,595,20330,0,20925,0,0,0,0,0,100.0,595,20330,0,20925
536,Hyderabad,536075,Mehdipatnam-5,1675514,"Bejini Raghu Veer  9-4-57/D/1/2/1, HAKEEM PET.HYD",6,2024,30,1267,0,1297,121,5109,0,5230,1050,30654,0,31704,280,6384,0,6664,770,24270,0,25040,0,0,0,0,0,100.0,770,24270,0,25040
536,Hyderabad,536075,Mehdipatnam-5,1675515,Khaja Naseer Uddin Quadri  9-5-101/A/1	RAMDEV GUDA,6,2024,45,634,0,679,154,2472,0,2626,1575,14832,0,16407,11,1728,0,1739,1564,13104,0,14668,0,0,0,0,0,100.0,1564,13104,0,14668
536,Hyderabad,536075,Mehdipatnam-5,1675517,Mohammed Subhan Khan  9-8-440/A/3	GOLCONDA,6,2024,33,1792,0,1825,126,7429,0,7555,1155,44574,0,45729,420,2865,0,3285,735,41709,0,42444,0,0,0,0,0,100.0,735,41709,0,42444
536,Hyderabad,536075,Mehdipatnam-5,1675518,Bogi Arun Kumar  9-10-19.	GOLCONDA,6,2024,26,1253,0,1279,102,5451,0,5553,910,32706,0,33616,105,0,0,105,805,32706,0,33511,0,0,0,0,0,100.0,805,32706,0,33511
536,Hyderabad,536075,Mehdipatnam-5,1675519,"G. Aritha  9-10-21/7/A/2&3,GOLCONDA",6,2024,42,1332,2,1376,173,5302,3,5478,1470,31812,20,33302,245,3853,20,4118,1225,27959,0,29184,0,0,0,0,0,100.0,1225,27959,0,29184
536,Hyderabad,536075,Mehdipatnam-5,1675521,"C. Rajakumari  9-4-86/222/19, KAKATIYA NAGAR, HYD",6,2024,47,1224,0,1271,171,4948,0,5119,1645,29688,0,31333,420,2646,0,3066,1225,27042,0,28267,0,0,0,0,0,100.0,1225,27042,0,28267
536,Hyderabad,536075,Mehdipatnam-5,1675522,"R. Kousalya  11-3-1153,GOLCONDA",6,2024,59,1315,0,1374,285,5194,0,5479,2065,31164,0,33229,630,5,0,635,1435,31159,0,32594,0,0,0,0,0,100.0,1435,31159,0,32594
536,Hyderabad,536075,Mehdipatnam-5,1675526,"Amar Singh  10-3-444/56,VIJAYANAGAR COLONY",6,2024,38,1157,0,1195,136,4429,0,4565,1330,26574,0,27904,280,7374,0,7654,1050,19200,0,20250,0,0,0,0,0,100.0,1050,19200,0,20250
536,Hyderabad,536075,Mehdipatnam-5,1675527,Godugu Rohith  8-1-16/1/A	SHAIKPET,6,2024,41,1026,0,1067,146,3621,0,3767,1435,21726,0,23161,35,9384,0,9419,1400,12342,0,13742,0,0,0,0,0,100.0,1400,12342,0,13742
536,Hyderabad,536075,Mehdipatnam-5,1675528,"Nasreen Unnisa  13-1-1233/44/A/1, JHERRA,HYD",6,2024,9,621,0,630,32,2570,0,2602,315,15420,0,15735,0,2766,0,2766,315,12654,0,12969,0,0,0,0,0,100.0,315,12654,0,12969
536,Hyderabad,536075,Mehdipatnam-5,1675529,"R.BALA MANI  13-1-484/1/A, INDIRA NAGAR, HYD",6,2024,32,743,0,775,96,2987,0,3083,1120,17922,0,19042,560,9294,0,9854,560,8628,0,9188,0,0,0,0,0,100.0,560,8628,0,9188
536,Hyderabad,536075,Mehdipatnam-5,1675530,"P.Balvantha Rao  10-4-35/13/1 C,	FIRST LANCER",6,2024,35,1326,0,1361,119,5130,0,5249,1225,30780,0,32005,70,2298,0,2368,1155,28482,0,29637,0,0,0,0,0,100.0,1155,28482,0,29637
536,Hyderabad,536075,Mehdipatnam-5,1675531,Vandana Singh  VIJAYANAGAR COLONY,6,2024,37,935,0,972,136,3769,0,3905,1295,22614,0,23909,420,494,0,914,875,22120,0,22995,0,0,0,0,0,100.0,875,22120,0,22995
536,Hyderabad,536075,Mehdipatnam-5,1675533,MD. Abdul Jaleel  0	FIRST LANCER,6,2024,31,1149,0,1180,115,4483,0,4598,1085,26898,0,27983,385,1614,0,1999,700,25284,0,25984,0,0,0,0,0,100.0,700,25284,0,25984
536,Hyderabad,536075,Mehdipatnam-5,1675534,Rahmath Unnisa  10-6-190	FIRST LANCER,6,2024,42,1159,0,1201,159,4877,0,5036,1470,29262,0,30732,0,5368,0,5368,1470,23894,0,25364,0,0,0,0,0,100.0,1470,23894,0,25364
536,Hyderabad,536075,Mehdipatnam-5,1675536,"Surya Prakash Singh  11-1-1196, AFZAL SAGAR, HABEEB NAGAR,HYD",6,2024,44,1247,4,1295,151,4715,4,4870,1540,28290,40,29870,175,4814,30,5019,1365,23476,10,24851,0,0,0,0,0,100.0,1365,23476,10,24851
536,Hyderabad,536075,Mehdipatnam-5,1675537,"Bandela Urmila  11-1-619,	BOIGUDA KAMAN",6,2024,44,1162,1,1207,132,4488,1,4621,1540,26928,10,28478,840,625,10,1475,700,26303,0,27003,0,0,0,0,0,100.0,700,26303,0,27003
536,Hyderabad,536075,Mehdipatnam-5,1675538,Bende Anjaneyulu  11-1-1210	AFZAL SAGAR,6,2024,46,1252,0,1298,171,4928,0,5099,1610,29568,0,31178,560,3241,0,3801,1050,26327,0,27377,0,0,0,0,0,100.0,1050,26327,0,27377
536,Hyderabad,536075,Mehdipatnam-5,1675539,Mohd Zakir  -	AGHAPURA,6,2024,42,1265,0,1307,155,5152,0,5307,1470,30912,0,32382,665,9648,0,10313,805,21264,0,22069,0,0,0,0,0,100.0,805,21264,0,22069
536,Hyderabad,536075,Mehdipatnam-5,1675543,"Shaik Arif  12-1-645/6,	ASIFNAGAR",6,2024,62,1033,0,1095,229,3920,0,4149,2170,23520,0,25690,0,2832,0,2832,2170,20688,0,22858,0,0,0,0,0,100.0,2170,20688,0,22858
536,Hyderabad,536075,Mehdipatnam-5,1675548,"Suryawanshi Sunita  11-3-924/2/D,	MALLEPALLY",6,2024,21,889,0,910,84,3578,0,3662,735,21468,0,22203,0,3096,0,3096,735,18372,0,19107,0,0,0,0,0,100.0,735,18372,0,19107
536,Hyderabad,536075,Mehdipatnam-5,1675549,"G Padma  13-1-484, INDIRA NAGAR, HYD",6,2024,25,734,0,759,80,2865,0,2945,875,17190,0,18065,140,2518,0,2658,735,14672,0,15407,0,0,0,0,0,100.0,735,14672,0,15407
536,Hyderabad,536075,Mehdipatnam-5,1675550,"Vijaya Lakshmi  11-2-171, NAMPALLY, HYD",6,2024,39,1173,0,1212,138,4455,0,4593,1365,26730,0,28095,700,2383,0,3083,665,24347,0,25012,0,0,0,0,0,100.0,665,24347,0,25012
536,Hyderabad,536075,Mehdipatnam-5,1675552,K Shiva Kumar  12-1-485/142	INDIRA NAGAR,6,2024,30,556,0,586,107,2203,0,2310,1050,13218,0,14268,505,5348,0,5853,545,7870,0,8415,0,0,0,0,0,100.0,545,7870,0,8415
536,Hyderabad,536075,Mehdipatnam-5,1675553,"Satish Kumar Bandela  12-1-349/50,	ASIFNAGAR",6,2024,44,649,0,693,147,2577,0,2724,1540,15462,0,17002,0,1946,0,1946,1540,13516,0,15056,0,0,0,0,0,100.0,1540,13516,0,15056
536,Hyderabad,536075,Mehdipatnam-5,1675556,Vajjola Radhika  12-1-1062	ASIFNAGAR,6,2024,38,655,0,693,128,2624,0,2752,1330,15744,0,17074,70,1634,0,1704,1260,14110,0,15370,0,0,0,0,0,100.0,1260,14110,0,15370
536,Hyderabad,536075,Mehdipatnam-5,1675557,"Killewale Kishan Lal  13-1-1256/A/1,	SEETARAM BAGH",6,2024,27,638,0,665,80,2383,0,2463,945,14298,0,15243,210,1016,0,1226,735,13282,0,14017,0,0,0,0,0,100.0,735,13282,0,14017
536,Hyderabad,536075,Mehdipatnam-5,1675558,"Darga Yadaiah  12-1-86/11,	KUMARWADI",6,2024,29,727,0,756,90,2671,0,2761,1015,16026,0,17041,0,2847,0,2847,1015,13179,0,14194,0,0,0,0,0,100.0,1015,13179,0,14194
536,Hyderabad,536075,Mehdipatnam-5,1675560,Kuchu Hari Krishna  12-1-925/1/A/3/B	FEELKHANA,6,2024,32,650,0,682,110,2632,0,2742,1120,15792,0,16912,230,3060,0,3290,890,12732,0,13622,0,0,0,0,0,100.0,890,12732,0,13622
536,Hyderabad,536075,Mehdipatnam-5,1675561,"Kuchu Hari Krishna  12-1-648/1,	ASIFNAGAR",6,2024,21,579,1,601,69,2318,1,2388,735,13908,10,14653,0,2304,0,2304,735,11604,10,12349,0,0,0,0,0,100.0,735,11604,10,12349
536,Hyderabad,536075,Mehdipatnam-5,1675562,Chintha Balaiah  12-1-614/52	ASIFNAGAR,6,2024,48,753,0,801,166,2860,0,3026,1680,17160,0,18840,245,198,0,443,1435,16962,0,18397,0,0,0,0,0,100.0,1435,16962,0,18397
536,Hyderabad,536075,Mehdipatnam-5,1675563,J. Suvarna  Pr. No. 156/3RT VIJAY NAGAR COLONY  HYD,6,2024,28,1168,0,1196,86,4527,0,4613,980,27162,0,28142,40,6280,0,6320,940,20882,0,21822,0,0,0,0,0,100.0,940,20882,0,21822
536,Hyderabad,536075,Mehdipatnam-5,1675564,K Heeraman  12-2-914/1/C	ZEBABAGH,6,2024,28,691,0,719,106,2825,0,2931,980,16950,0,17930,105,676,0,781,875,16274,0,17149,0,0,0,0,0,100.0,875,16274,0,17149
536,Hyderabad,536075,Mehdipatnam-5,1675565,"Gundla Yadaiah  12-2-37/18/1,ZEBABAGH",6,2024,38,648,1,687,144,2733,1,2878,1330,16398,10,17738,0,53,10,63,1330,16345,0,17675,0,0,0,0,0,100.0,1330,16345,0,17675
536,Hyderabad,536075,Mehdipatnam-5,1675566,Georige Arun Kumar  12-2-563/531	GUDIMALKAPUR,6,2024,41,713,0,754,134,2551,0,2685,1435,15306,0,16741,140,0,0,140,1295,15306,0,16601,0,0,0,0,0,100.0,1295,15306,0,16601
536,Hyderabad,536075,Mehdipatnam-5,1675567,"Taher Ali Gallawala  12-1-565/A/8, MURAD NAGAR HYD",6,2024,44,788,0,832,167,3320,0,3487,1540,19920,0,21460,585,4204,0,4789,955,15716,0,16671,0,0,0,0,0,100.0,955,15716,0,16671
536,Hyderabad,536075,Mehdipatnam-5,1675568,Georige Yadaiah  12-2-442	GUDIMALKAPUR,6,2024,10,734,0,744,36,2949,0,2985,350,17694,0,18044,105,456,0,561,245,17238,0,17483,0,0,0,0,0,100.0,245,17238,0,17483
536,Hyderabad,536075,Mehdipatnam-5,1675569,"Gundla Yadaiah  12-2-422/105,	PRIYA COLONY,HYD",6,2024,31,757,0,788,123,3162,0,3285,1085,18972,0,20057,0,2132,0,2132,1085,16840,0,17925,0,0,0,0,0,100.0,1085,16840,0,17925
536,Hyderabad,536075,Mehdipatnam-5,1675571,Nathi Venkatrao  12-2-709/25/27	GUDIMALKAPUR,6,2024,44,700,0,744,136,2783,0,2919,1540,16698,0,18238,630,4716,0,5346,910,11982,0,12892,0,0,0,0,0,100.0,910,11982,0,12892
536,Hyderabad,536075,Mehdipatnam-5,1675572,"Georige Arun Kumar  12-2-708, HUDA COLONY HYD",6,2024,37,866,0,903,117,3129,0,3246,1295,18774,0,20069,385,2148,0,2533,910,16626,0,17536,0,0,0,0,0,100.0,910,16626,0,17536
536,Hyderabad,536075,Mehdipatnam-5,1675573,"Khala Mahila Co-Op-Super Bazar  13-1-1234/A/22, SARWAR NAGAR,HYD",6,2024,21,836,0,857,81,3765,0,3846,735,22590,0,23325,0,1310,0,1310,735,21280,0,22015,0,0,0,0,0,100.0,735,21280,0,22015
536,Hyderabad,536075,Mehdipatnam-5,1675575,Aakash Singh  13-1-935/1/2	MANGALHAT,6,2024,41,695,0,736,117,2715,0,2832,1435,16290,0,17725,1225,3001,0,4226,210,13289,0,13499,0,0,0,0,0,100.0,210,13289,0,13499
536,Hyderabad,536075,Mehdipatnam-5,1675576,Umesh Kumar  0	MANGALHAT,6,2024,29,507,0,536,85,2027,0,2112,1015,12162,0,13177,105,2700,0,2805,910,9462,0,10372,0,0,0,0,0,100.0,910,9462,0,10372
536,Hyderabad,536075,Mehdipatnam-5,1675577,Anita Bai  13-1-60.	MANGALHAT,6,2024,32,688,0,720,117,2681,0,2798,1120,16086,0,17206,0,1023,0,1023,1120,15063,0,16183,0,0,0,0,0,100.0,1120,15063,0,16183
536,Hyderabad,536075,Mehdipatnam-5,1675578,Vinod Singh  13-1-826	MANGALHAT,6,2024,48,1039,0,1087,158,3927,0,4085,1680,23562,0,25242,560,6242,0,6802,1120,17320,0,18440,0,0,0,0,0,100.0,1120,17320,0,18440
536,Hyderabad,536075,Mehdipatnam-5,1675579,"Shyam Sunder  13-1-230/1, Indira Nagar",6,2024,23,830,0,853,78,3380,0,3458,805,20280,0,21085,455,2002,0,2457,350,18278,0,18628,0,0,0,0,0,100.0,350,18278,0,18628
536,Hyderabad,536075,Mehdipatnam-5,1675580,Sunrise Consumer CO-op Stores  13-1-1234/A/22/2&3	ZERRA,6,2024,59,1147,0,1206,205,4816,0,5021,2065,28896,0,30961,525,980,0,1505,1540,27916,0,29456,0,0,0,0,0,100.0,1540,27916,0,29456
536,Hyderabad,536075,Mehdipatnam-5,1675581,NITESH RAJ SINGH  13-1-547	MANGALHAT,6,2024,34,542,0,576,101,2103,0,2204,1190,12618,0,13808,125,145,0,270,1065,12473,0,13538,0,0,0,0,0,100.0,1065,12473,0,13538
536,Hyderabad,536075,Mehdipatnam-5,1675583,"Amith Kishore  10-6-66,	FIRST LANCER",6,2024,17,1090,0,1107,61,4366,0,4427,595,26196,0,26791,0,2892,0,2892,595,23304,0,23899,0,0,0,0,0,100.0,595,23304,0,23899
536,Hyderabad,536075,Mehdipatnam-5,1675584,Aerva Madhavi  10-4-771/498	FIRST LANCER,6,2024,57,1236,1,1294,216,5039,1,5256,1995,30234,10,32239,75,7164,0,7239,1920,23070,10,25000,0,0,0,0,0,100.0,1920,23070,10,25000
536,Hyderabad,536075,Mehdipatnam-5,1675587,"Sandu Suvarna  12-2-790/88/4, AYODHYA NAGAR",6,2024,42,676,0,718,140,2436,0,2576,1470,14616,0,16086,735,7032,0,7767,735,7584,0,8319,0,0,0,0,0,100.0,735,7584,0,8319
536,Hyderabad,536075,Mehdipatnam-5,1675588,"Mudavath Subhash Naik  9-10-416,	RESHAM BAGH, HYD",6,2024,28,1241,0,1269,93,5349,0,5442,980,32094,0,33074,0,76,0,76,980,32018,0,32998,0,0,0,0,0,100.0,980,32018,0,32998
536,Hyderabad,536075,Mehdipatnam-5,1675589,G. Hemanth Kumar  9-1-43/54	LANGER HOUSE,6,2024,38,1231,0,1269,140,4388,0,4528,1330,26328,0,27658,0,5586,0,5586,1330,20742,0,22072,0,0,0,0,0,100.0,1330,20742,0,22072
536,Hyderabad,536075,Mehdipatnam-5,1675592,"E VIJAYA LAXMI  9-4-61/19/A,MEHRAJ COLONY,HAKIMPET,HYDERABAD",6,2024,30,1245,0,1275,109,5376,0,5485,1050,32256,0,33306,420,14290,0,14710,630,17966,0,18596,0,0,0,0,0,100.0,630,17966,0,18596
536,Hyderabad,536075,Mehdipatnam-5,1675593,Gopalapu Hamsaveni  8-1-328/A/47	SHAIKPET,6,2024,48,1078,1,1127,167,3980,1,4148,1680,23880,10,25570,280,2822,0,3102,1400,21058,10,22468,0,0,0,0,0,100.0,1400,21058,10,22468
536,Hyderabad,536075,Mehdipatnam-5,1675594,"Gorige Sham Kumar  9-4-62/152, HAKEEMPET HYD",6,2024,22,1274,0,1296,73,5123,0,5196,770,30738,0,31508,280,8817,0,9097,490,21921,0,22411,0,0,0,0,0,100.0,490,21921,0,22411
536,Hyderabad,536075,Mehdipatnam-5,1675595,Uma Shanker Sing  9-10-68/A/40/1	GOLCONDA,6,2024,25,1346,0,1371,93,5475,0,5568,875,32850,0,33725,0,2,0,2,875,32848,0,33723,0,0,0,0,0,100.0,875,32848,0,33723
536,Hyderabad,536075,Mehdipatnam-5,1675596,S. Narsimha Rao  13-1-466/1	MANGALHAT,6,2024,28,694,0,722,86,2734,0,2820,980,16404,0,17384,70,2730,0,2800,910,13674,0,14584,0,0,0,0,0,100.0,910,13674,0,14584
536,Hyderabad,536075,Mehdipatnam-5,1675597,"Narsing  13-1-547/A/1, ASIF NAGAR	ZERRA",6,2024,9,322,0,331,29,1298,0,1327,315,7788,0,8103,35,1490,0,1525,280,6298,0,6578,0,0,0,0,0,100.0,280,6298,0,6578
536,Hyderabad,536075,Mehdipatnam-5,1675598,A.Shanta  13-1-1237/40/A	INDIRA NAGAR,6,2024,32,857,0,889,91,3646,0,3737,1120,21876,0,22996,385,3368,0,3753,735,18508,0,19243,0,0,0,0,0,100.0,735,18508,0,19243
536,Hyderabad,536075,Mehdipatnam-5,1675599,Katta Ramadevi  12-2-631/1/A	GUDIMALKAPUR,6,2024,56,662,0,718,177,2409,0,2586,1960,14454,0,16414,315,3424,0,3739,1645,11030,0,12675,0,0,0,0,0,100.0,1645,11030,0,12675
536,Hyderabad,536075,Mehdipatnam-5,1675602,Atmala Mutyavathi  12-1-645/4	ASIFNAGAR,6,2024,29,685,0,714,97,2651,0,2748,1015,15906,0,16921,70,1764,0,1834,945,14142,0,15087,0,0,0,0,0,100.0,945,14142,0,15087
536,Hyderabad,536075,Mehdipatnam-5,1675603,"Ramavath Santosh Kumar  9-4-97/13, TOLI CHOWKI HYD",6,2024,16,1259,0,1275,53,5275,0,5328,560,31650,0,32210,0,4470,0,4470,560,27180,0,27740,0,0,0,0,0,100.0,560,27180,0,27740
536,Hyderabad,536075,Mehdipatnam-5,1675605,K Heeraman  12-2-37/1/A/2	ASIFNAGAR,6,2024,21,698,0,719,78,2735,0,2813,735,16410,0,17145,280,10074,0,10354,455,6336,0,6791,0,0,0,0,0,100.0,455,6336,0,6791
536,Hyderabad,536075,Mehdipatnam-5,1675607,"K Anupama  13-1-230/1, JHIRA ASIF NAGAR",6,2024,23,530,0,553,71,2315,0,2386,805,13890,0,14695,180,3594,0,3774,625,10296,0,10921,0,0,0,0,0,100.0,625,10296,0,10921
536,Hyderabad,536075,Mehdipatnam-5,1675608,"B Prakash  9-4-86/144/3,TOLICHOWKI",6,2024,44,1196,0,1240,132,4657,0,4789,1540,27942,0,29482,280,1944,0,2224,1260,25998,0,27258,0,0,0,0,0,100.0,1260,25998,0,27258
536,Hyderabad,536075,Mehdipatnam-5,1675609,"Santosh Bajaj  11-1-878/1, SEETHARAMBAGH, HYD",6,2024,52,1243,0,1295,189,4927,0,5116,1820,29562,0,31382,315,5249,0,5564,1505,24313,0,25818,0,0,0,0,0,100.0,1505,24313,0,25818
536,Hyderabad,536075,Mehdipatnam-5,1675611,"Mohd Omer  13-1-1233, NATRAJ NAGAR, HYD",6,2024,19,498,0,517,70,2174,0,2244,665,13044,0,13709,280,2941,0,3221,385,10103,0,10488,0,0,0,0,0,100.0,385,10103,0,10488
536,Hyderabad,536075,Mehdipatnam-5,1675612,"K Anuradha  8-1-302/68, SHIKPET HYD",6,2024,26,1041,0,1067,72,3809,0,3881,910,22854,0,23764,0,2842,0,2842,910,20012,0,20922,0,0,0,0,0,100.0,910,20012,0,20922
536,Hyderabad,536075,Mehdipatnam-5,1675614,D3614  Mehdipatnam,6,2024,9,1190,1,1200,42,5090,4,5136,315,30540,10,30865,0,8902,10,8912,315,21638,0,21953,0,0,0,0,0,100.0,315,21638,0,21953
536,Hyderabad,536075,Mehdipatnam-5,1675616,D3616  Mehdipatnam,6,2024,6,1194,0,1200,17,4870,0,4887,210,29220,0,29430,0,11166,0,11166,210,18054,0,18264,0,0,0,0,0,100.0,210,18054,0,18264
536,Hyderabad,536076,Amberpet-6,1676602,"A.VIJAYALAXMI  3-6-761,HIMAYATHNAGAR",6,2024,12,3592,0,3604,28,6170,0,6198,420,37020,0,37440,0,3260,0,3260,420,33760,0,34180,0,0,0,0,0,100.0,420,33760,0,34180
536,Hyderabad,536076,Amberpet-6,1676609,"B.VIDYADHAR  1-2-382/E, DOMALAGUDA",6,2024,33,1064,0,1097,80,3654,0,3734,1155,21924,0,23079,385,5106,0,5491,770,16818,0,17588,0,0,0,0,0,100.0,770,16818,0,17588
536,Hyderabad,536076,Amberpet-6,1676610,"J. INDIRA  1-2-361/3, DOMALAGUDA",6,2024,27,1073,0,1100,74,3743,0,3817,945,22458,0,23403,35,2788,0,2823,910,19670,0,20580,0,0,0,0,0,100.0,910,19670,0,20580
536,Hyderabad,536076,Amberpet-6,1676611,K R K PRASAD  1-2-152 DOMALGUDA,6,2024,20,1147,0,1167,43,3938,0,3981,700,23628,0,24328,0,4062,0,4062,700,19566,0,20266,0,0,0,0,0,100.0,700,19566,0,20266
536,Hyderabad,536076,Amberpet-6,1676613,K PARIMAL KUMAR  1-2-361/15 DOMALGUDA,6,2024,37,1064,1,1102,91,3740,1,3832,1295,22440,10,23745,0,5514,0,5514,1295,16926,10,18231,0,0,0,0,0,100.0,1295,16926,10,18231
536,Hyderabad,536076,Amberpet-6,1676616,B NANEEN KUMAR  1-2-606/95 BANDA MAISAMMA NAGAR,6,2024,60,1041,0,1101,137,3648,0,3785,2100,21888,0,23988,350,4944,0,5294,1750,16944,0,18694,0,0,0,0,0,100.0,1750,16944,0,18694
536,Hyderabad,536076,Amberpet-6,1676617,K ANJI REDDY  1-10-191/A/1 ASHOK NAGAR,6,2024,28,889,0,917,75,2979,0,3054,980,17874,0,18854,0,2376,0,2376,980,15498,0,16478,0,0,0,0,0,100.0,980,15498,0,16478
536,Hyderabad,536076,Amberpet-6,1676618,V MANIK RAO  1-10-22/3/C ASHOK NAGAR,6,2024,38,859,0,897,86,2970,0,3056,1330,17820,0,19150,35,6,0,41,1295,17814,0,19109,0,0,0,0,0,100.0,1295,17814,0,19109
536,Hyderabad,536076,Amberpet-6,1676619,RAMAVATH CHAKRU  2-3-645 PREM NAGAR,6,2024,15,1102,0,1117,42,3758,0,3800,525,22548,0,23073,11,1288,0,1299,514,21260,0,21774,0,0,0,0,0,100.0,514,21260,0,21774
536,Hyderabad,536076,Amberpet-6,1676623,E APPA RAO  1-1-230/2/5 CHIKKADPALLY,6,2024,27,672,0,699,67,2271,0,2338,945,13626,0,14571,665,2436,0,3101,280,11190,0,11470,0,0,0,0,0,100.0,280,11190,0,11470
536,Hyderabad,536076,Amberpet-6,1676624,I.SURYANARAYANA RAJU  1-1-364/22 RTC X ROADS,6,2024,8,548,0,556,22,1884,0,1906,280,11304,0,11584,0,2163,0,2163,280,9141,0,9421,0,0,0,0,0,100.0,280,9141,0,9421
536,Hyderabad,536076,Amberpet-6,1676627,G MALLESH  1-1-592/F GANDHI NAGAR,6,2024,39,716,0,755,78,2380,0,2458,1365,14280,0,15645,105,2324,0,2429,1260,11956,0,13216,0,0,0,0,0,100.0,1260,11956,0,13216
536,Hyderabad,536076,Amberpet-6,1676632,"E. Narsing  1-7-398/2, BAKARAM",6,2024,22,546,0,568,63,1993,0,2056,770,11958,0,12728,210,1352,0,1562,560,10606,0,11166,0,0,0,0,0,100.0,560,10606,0,11166
536,Hyderabad,536076,Amberpet-6,1676633,V.VENKATAREDDY  1-7-268/1 BAKARAM,6,2024,7,645,0,652,13,2346,0,2359,245,14076,0,14321,0,714,0,714,245,13362,0,13607,0,0,0,0,0,100.0,245,13362,0,13607
536,Hyderabad,536076,Amberpet-6,1676634,"P.HANAMANTH RAO  1-7-1022/8/13/A, GEMINI COLONY",6,2024,3,716,0,719,7,2618,0,2625,105,15708,0,15813,35,4244,0,4279,70,11464,0,11534,0,0,0,0,0,100.0,70,11464,0,11534
536,Hyderabad,536076,Amberpet-6,1676635,P.JYOTHI LAXMI  1-7-510/2/1 HARINAGAR,6,2024,9,708,0,717,26,2543,0,2569,315,15258,0,15573,0,366,0,366,315,14892,0,15207,0,0,0,0,0,100.0,315,14892,0,15207
536,Hyderabad,536076,Amberpet-6,1676636,SHAHZADI BEGUM  1-7-572/B/2 ZAMISTANPUR,6,2024,7,644,0,651,28,2334,0,2362,245,14004,0,14249,0,2721,0,2721,245,11283,0,11528,0,0,0,0,0,100.0,245,11283,0,11528
536,Hyderabad,536076,Amberpet-6,1676637,"K.Y.SHANKAR RAO  1-7-578, RAMNAGAR",6,2024,6,592,1,599,15,2074,1,2090,210,12444,10,12664,0,6162,0,6162,210,6282,10,6502,0,0,0,0,0,100.0,210,6282,10,6502
536,Hyderabad,536076,Amberpet-6,1676638,P.LALITH BAI  1-7-578/8/2 RAMNAGAR,6,2024,21,617,0,638,41,2226,0,2267,735,13356,0,14091,35,2070,0,2105,700,11286,0,11986,0,0,0,0,0,100.0,700,11286,0,11986
536,Hyderabad,536076,Amberpet-6,1676641,"K.SANDHYA  1-9-129/23, RAM NAGAR",6,2024,23,529,0,552,49,1809,0,1858,805,10854,0,11659,280,4171,0,4451,525,6683,0,7208,0,0,0,0,0,100.0,525,6683,0,7208
536,Hyderabad,536076,Amberpet-6,1676642,"SAYA PRAKASH  1-9-135, RAM NAGAR",6,2024,9,578,0,587,20,1961,0,1981,315,11766,0,12081,0,690,0,690,315,11076,0,11391,0,0,0,0,0,100.0,315,11076,0,11391
536,Hyderabad,536076,Amberpet-6,1676644,K.SANDHYA  1-9-9/2/4 RAMNAGAR,6,2024,34,574,0,608,66,1938,0,2004,1190,11628,0,12818,0,997,0,997,1190,10631,0,11821,0,0,0,0,0,100.0,1190,10631,0,11821
536,Hyderabad,536076,Amberpet-6,1676645,"I.SAMPOORNA  1-9-129/16/1/B/3/A, RAM NAGAR",6,2024,11,605,0,616,29,2075,0,2104,385,12450,0,12835,140,1152,0,1292,245,11298,0,11543,0,0,0,0,0,100.0,245,11298,0,11543
536,Hyderabad,536076,Amberpet-6,1676646,"Y.RANI  1-9-53/16/A, RAMNAGAR",6,2024,15,761,0,776,33,2566,0,2599,525,15396,0,15921,210,2128,0,2338,315,13268,0,13583,0,0,0,0,0,100.0,315,13268,0,13583
536,Hyderabad,536076,Amberpet-6,1676647,K. Suryakala  1-9-267/1 MUSHEERABAD,6,2024,22,564,0,586,53,2019,0,2072,770,12114,0,12884,0,0,0,0,770,12114,0,12884,0,0,0,0,0,100.0,770,12114,0,12884
536,Hyderabad,536076,Amberpet-6,1676648,P.MADHUSUDHAN RAO  1-9-754 ADIKMET,6,2024,10,597,0,607,28,2046,0,2074,350,12276,0,12626,35,3302,0,3337,315,8974,0,9289,0,0,0,0,0,100.0,315,8974,0,9289
536,Hyderabad,536076,Amberpet-6,1676650,S.KISHAN RAO  1-9-295/6 VIDYANAGAR,6,2024,12,555,1,568,36,1947,1,1984,420,11682,10,12112,0,1312,10,1322,420,10370,0,10790,0,0,0,0,0,100.0,420,10370,0,10790
536,Hyderabad,536076,Amberpet-6,1676651,CH GOURAIAH  1-9-295/28 VIDYANAGAR,6,2024,16,566,0,582,29,1963,0,1992,560,11778,0,12338,0,1078,0,1078,560,10700,0,11260,0,0,0,0,0,100.0,560,10700,0,11260
536,Hyderabad,536076,Amberpet-6,1676656,MD.MOINUZZAMAN  1-8-518/16/1 CHIKADPALLY,6,2024,17,716,0,733,49,2439,0,2488,595,14634,0,15229,0,4627,0,4627,595,10007,0,10602,0,0,0,0,0,100.0,595,10007,0,10602
536,Hyderabad,536076,Amberpet-6,1676657,S.GULAB BAI  1-8-497/4 CHIKKADPALLY,6,2024,14,718,1,733,39,2487,1,2527,490,14922,10,15422,0,518,0,518,490,14404,10,14904,0,0,0,0,0,100.0,490,14404,10,14904
536,Hyderabad,536076,Amberpet-6,1676658,V SRILAXMI  1-8-156/1 CHIKKADPALLY,6,2024,16,716,0,732,52,2440,0,2492,560,14640,0,15200,0,666,0,666,560,13974,0,14534,0,0,0,0,0,100.0,560,13974,0,14534
536,Hyderabad,536076,Amberpet-6,1676660,"T.S.PRABHAVATHI  EWS, 300,BAGH LINGAM PALLY",6,2024,17,715,0,732,62,2454,0,2516,595,14724,0,15319,70,424,0,494,525,14300,0,14825,0,0,0,0,0,100.0,525,14300,0,14825
536,Hyderabad,536076,Amberpet-6,1676662,"MUMTHAZ BEGUM  2-3-603/49/50/51, PATEL NAGAR",6,2024,23,1007,0,1030,55,3664,0,3719,805,21984,0,22789,0,6117,0,6117,805,15867,0,16672,0,0,0,0,0,100.0,805,15867,0,16672
536,Hyderabad,536076,Amberpet-6,1676665,"M RAGHAVENDRA GUPTA  2-1-563/2/1, NALLA KUNTA",6,2024,19,827,0,846,52,2897,0,2949,665,17382,0,18047,105,4955,0,5060,560,12427,0,12987,0,0,0,0,0,100.0,560,12427,0,12987
536,Hyderabad,536076,Amberpet-6,1676668,"N. Anjaiah  2-1-513/8/B, NALLAKUNTA",6,2024,29,774,0,803,64,2678,0,2742,1015,16068,0,17083,0,2520,0,2520,1015,13548,0,14563,0,0,0,0,0,100.0,1015,13548,0,14563
536,Hyderabad,536076,Amberpet-6,1676670,"K. Abhinav Deepak  2-2-1118/3/6, NALLAKUNTA",6,2024,26,447,0,473,48,1492,0,1540,910,8952,0,9862,0,252,0,252,910,8700,0,9610,0,0,0,0,0,100.0,910,8700,0,9610
536,Hyderabad,536076,Amberpet-6,1676671,S SRINIVASLU  2-2-1167/A/62 NALLAKUNTA,6,2024,20,626,0,646,46,2208,0,2254,700,13248,0,13948,0,1818,0,1818,700,11430,0,12130,0,0,0,0,0,100.0,700,11430,0,12130
536,Hyderabad,536076,Amberpet-6,1676672,"M.JANARDHAN  2-21137/5/G, NALLAKUNTA",6,2024,12,664,1,677,37,2285,1,2323,420,13710,10,14140,175,1027,0,1202,245,12683,10,12938,0,0,0,0,0,100.0,245,12683,10,12938
536,Hyderabad,536076,Amberpet-6,1676673,"Padher Goutham Kumar  2-2-1104/A, NEW INDIRA NAGAR",6,2024,12,696,0,708,45,2373,0,2418,420,14238,0,14658,0,1903,0,1903,420,12335,0,12755,0,0,0,0,0,100.0,420,12335,0,12755
536,Hyderabad,536076,Amberpet-6,1676674,"Annapurna  2-3-18/5/1,TULSINAGAR",6,2024,29,960,0,989,92,3541,0,3633,1015,21246,0,22261,0,4191,0,4191,1015,17055,0,18070,0,0,0,0,0,100.0,1015,17055,0,18070
536,Hyderabad,536076,Amberpet-6,1676675,B.SWAMY MAHENDER  2-3-19/8/2/1 TULSINAGAR,6,2024,56,1015,0,1071,162,3542,0,3704,1960,21252,0,23212,35,2532,0,2567,1925,18720,0,20645,0,0,0,0,0,100.0,1925,18720,0,20645
536,Hyderabad,536076,Amberpet-6,1676676,Ravula Laxmaiah  2-2-1075/31/1/A BATHUKAMMAKUNTA,6,2024,37,665,0,702,90,2232,0,2322,1295,13392,0,14687,420,1900,0,2320,875,11492,0,12367,0,0,0,0,0,100.0,875,11492,0,12367
536,Hyderabad,536076,Amberpet-6,1676677,SYED IMADUDDIN  2-3-48/2/1 QUADRI BAGH,6,2024,20,986,0,1006,34,3740,0,3774,700,22440,0,23140,0,903,0,903,700,21537,0,22237,0,0,0,0,0,100.0,700,21537,0,22237
536,Hyderabad,536076,Amberpet-6,1676678,"T. PRUDVI GOUD  2-2-1043, AMBERPET",6,2024,30,592,0,622,80,2059,0,2139,1050,12354,0,13404,35,136,0,171,1015,12218,0,13233,0,0,0,0,0,100.0,1015,12218,0,13233
536,Hyderabad,536076,Amberpet-6,1676679,P PREMALATHA  2-2-735/B POCHAMMABASTI,6,2024,54,592,0,646,115,2115,0,2230,1890,12690,0,14580,140,522,0,662,1750,12168,0,13918,0,0,0,0,0,100.0,1750,12168,0,13918
536,Hyderabad,536076,Amberpet-6,1676680,Karmoju Vijaya Laxmi  2-2-730/12 AMBERPET,6,2024,36,716,0,752,76,2445,0,2521,1260,14670,0,15930,420,6582,0,7002,840,8088,0,8928,0,0,0,0,0,100.0,840,8088,0,8928
536,Hyderabad,536076,Amberpet-6,1676681,SD.AKTHAR  2-2-1109/80/C AMBERPET,6,2024,32,769,4,805,69,2721,4,2794,1120,16326,40,17486,0,1154,0,1154,1120,15172,40,16332,0,0,0,0,0,100.0,1120,15172,40,16332
536,Hyderabad,536076,Amberpet-6,1676682,P. KRISHNA LEELA  2-2-647/187/1 BAGHAMBERPET,6,2024,30,746,0,776,58,2531,0,2589,1050,15186,0,16236,175,1080,0,1255,875,14106,0,14981,0,0,0,0,0,100.0,875,14106,0,14981
536,Hyderabad,536076,Amberpet-6,1676683,"P.SRI RAMULU  2-2-642/3, AMBERPET",6,2024,40,709,0,749,94,2571,0,2665,1400,15426,0,16826,35,779,0,814,1365,14647,0,16012,0,0,0,0,0,100.0,1365,14647,0,16012
536,Hyderabad,536076,Amberpet-6,1676684,T. RAMULU PATEL  2-2-186/17/C/2/F AMBERPET,6,2024,52,772,1,825,113,2714,1,2828,1820,16284,10,18114,630,5396,0,6026,1190,10888,10,12088,0,0,0,0,0,100.0,1190,10888,10,12088
536,Hyderabad,536076,Amberpet-6,1676685,K. ESHWARI  2-3-647/A/352/A PATELNAGAR,6,2024,17,1008,0,1025,40,3688,0,3728,595,22128,0,22723,420,9170,0,9590,175,12958,0,13133,0,0,0,0,0,100.0,175,12958,0,13133
536,Hyderabad,536076,Amberpet-6,1676687,"SRI ANJANEYA CONSUMERS CO-OPERATIVE SOCIETY LTD  2-2-92/B/12, AMBERPET",6,2024,39,719,2,760,108,2601,2,2711,1365,15606,20,16991,105,2634,10,2749,1260,12972,10,14242,0,0,0,0,0,100.0,1260,12972,10,14242
536,Hyderabad,536076,Amberpet-6,1676688,K KRISHNA MURTHY  2-3-528/C/1 AMBERPET,6,2024,14,794,1,809,31,2917,1,2949,490,17502,10,18002,35,5458,0,5493,455,12044,10,12509,0,0,0,0,0,100.0,455,12044,10,12509
536,Hyderabad,536076,Amberpet-6,1676689,B.KUMAR  2-3-703/A/B/64 AMBERPET,6,2024,55,1030,1,1086,138,3574,1,3713,1925,21444,10,23379,455,8170,0,8625,1470,13274,10,14754,0,0,0,0,0,100.0,1470,13274,10,14754
536,Hyderabad,536076,Amberpet-6,1676691,CH.PANDARI  2-3-733/A/2 ZINDATELASMATH,6,2024,55,999,0,1054,110,3457,0,3567,1925,20742,0,22667,1365,9628,0,10993,560,11114,0,11674,0,0,0,0,0,100.0,560,11114,0,11674
536,Hyderabad,536076,Amberpet-6,1676692,"Behara Krishna Kumari  2-3-703/B/1/1, TIRUMALA NAGAR",6,2024,35,995,0,1030,85,3510,0,3595,1225,21060,0,22285,0,0,0,0,1225,21060,0,22285,0,0,0,0,0,100.0,1225,21060,0,22285
536,Hyderabad,536076,Amberpet-6,1676694,P.NAGALAXMI  2-1-190 VIDYANAGAR,6,2024,11,960,0,971,24,3531,0,3555,385,21186,0,21571,0,1290,0,1290,385,19896,0,20281,0,0,0,0,0,100.0,385,19896,0,20281
536,Hyderabad,536076,Amberpet-6,1676695,Usha Kumari Sharma  2-3-603/49/115 PATELNAGAR,6,2024,18,1031,0,1049,49,3771,0,3820,630,22626,0,23256,105,8394,0,8499,525,14232,0,14757,0,0,0,0,0,100.0,525,14232,0,14757
536,Hyderabad,536076,Amberpet-6,1676697,"C.SRAVAN KUMAR  2-3-64/1/1/E/B, KHADRIBAGH",6,2024,53,977,0,1030,113,3560,0,3673,1855,21360,0,23215,210,5292,0,5502,1645,16068,0,17713,0,0,0,0,0,100.0,1645,16068,0,17713
536,Hyderabad,536076,Amberpet-6,1676698,"G BALUNAIK  2-3-512/A/40, CHENNAREDDYNAGAR",6,2024,11,1110,0,1121,33,3904,0,3937,385,23424,0,23809,210,3300,0,3510,175,20124,0,20299,0,0,0,0,0,100.0,175,20124,0,20299
536,Hyderabad,536076,Amberpet-6,1676699,K.THIRUPATHI  2-2-1103/9/93 GOLNAKA,6,2024,19,845,0,864,49,2813,0,2862,665,16878,0,17543,0,640,0,640,665,16238,0,16903,0,0,0,0,0,100.0,665,16238,0,16903
536,Hyderabad,536076,Amberpet-6,1676703,Sapavat Sreenu  2-3-647/A/109 PREMNAGAR,6,2024,30,996,0,1026,78,3397,0,3475,1050,20382,0,21432,315,5106,0,5421,735,15276,0,16011,0,0,0,0,0,100.0,735,15276,0,16011
536,Hyderabad,536076,Amberpet-6,1676704,A.ARUNA  2-3-603/50/36 PATELNAGAR,6,2024,45,1006,0,1051,118,3518,0,3636,1575,21108,0,22683,525,10644,0,11169,1050,10464,0,11514,0,0,0,0,0,100.0,1050,10464,0,11514
536,Hyderabad,536076,Amberpet-6,1676705,"T.SHASHIKALA  2-2-185/38/B, MALIIKARJUNA NAGAR",6,2024,50,823,0,873,113,2857,0,2970,1750,17142,0,18892,0,426,0,426,1750,16716,0,18466,0,0,0,0,0,100.0,1750,16716,0,18466
536,Hyderabad,536076,Amberpet-6,1676706,SHAKIRA SULTANA  2-2-647/234/2 BAGH AMBERPET,6,2024,34,718,4,756,78,2488,4,2570,1190,14928,40,16158,1015,13980,20,15015,175,948,20,1143,0,0,0,0,0,100.0,175,948,20,1143
536,Hyderabad,536076,Amberpet-6,1676707,P ALIVLELU MANGA  2-2-1104/6/A TILAKNAGAR,6,2024,18,629,0,647,37,2208,0,2245,630,13248,0,13878,35,2382,0,2417,595,10866,0,11461,0,0,0,0,0,100.0,595,10866,0,11461
536,Hyderabad,536076,Amberpet-6,1676708,L.RANI  1-8-598/13 ACHAIAHNAGAR,6,2024,12,720,0,732,35,2451,0,2486,420,14706,0,15126,175,714,0,889,245,13992,0,14237,0,0,0,0,0,100.0,245,13992,0,14237
536,Hyderabad,536076,Amberpet-6,1676709,V.MALATHI  2-3-603/50/A/165 PATELNAGAR,6,2024,41,1016,0,1057,92,3731,0,3823,1435,22386,0,23821,35,4552,0,4587,1400,17834,0,19234,0,0,0,0,0,100.0,1400,17834,0,19234
536,Hyderabad,536076,Amberpet-6,1676710,VIJAYA LAXMI  1-9-19/40 TRT QRTS RAMNAGAR,6,2024,38,603,0,641,90,2066,0,2156,1330,12396,0,13726,255,1272,0,1527,1075,11124,0,12199,0,0,0,0,0,100.0,1075,11124,0,12199
536,Hyderabad,536077,Khairatabad-7,1677702,"A.LAXMAN RAO  6-1-586, KHARIATHABAD.",6,2024,41,1093,0,1134,117,3845,0,3962,1435,23070,0,24505,0,1838,0,1838,1435,21232,0,22667,0,0,0,0,0,100.0,1435,21232,0,22667
536,Hyderabad,536077,Khairatabad-7,1677703,"A SRINIVASA RAO  6-1-589, KHAIRATABAD",6,2024,79,1120,0,1199,201,3979,0,4180,2765,23874,0,26639,945,1410,0,2355,1820,22464,0,24284,0,0,0,0,0,100.0,1820,22464,0,24284
536,Hyderabad,536077,Khairatabad-7,1677704,"V VEDAVATHY  8-2-613/53, GOURISHANKARNAGAR, B.HILLS, HYD.",6,2024,38,1177,0,1215,122,4144,0,4266,1330,24864,0,26194,280,3946,0,4226,1050,20918,0,21968,0,0,0,0,0,100.0,1050,20918,0,21968
536,Hyderabad,536077,Khairatabad-7,1677706,"Mohammed Abdul Laeeq  6-2-191, ACGUARDS, HYD.",6,2024,29,748,0,777,93,2982,0,3075,1015,17892,0,18907,105,3134,0,3239,910,14758,0,15668,0,0,0,0,0,100.0,910,14758,0,15668
536,Hyderabad,536077,Khairatabad-7,1677707,"Mohan lal agrawal  6-2-486, CHINTHALBASTHI, KHAIRATABAD, HYD.",6,2024,54,1146,0,1200,167,4169,0,4336,1890,25014,0,26904,35,2133,0,2168,1855,22881,0,24736,0,0,0,0,0,100.0,1855,22881,0,24736
536,Hyderabad,536077,Khairatabad-7,1677708,"G BHAGWANDAS  10-1-141/2, CHINTHALBASTHI, KHAIRATABAD, HYD.",6,2024,35,467,0,502,102,1665,0,1767,1225,9990,0,11215,0,1442,0,1442,1225,8548,0,9773,0,0,0,0,0,100.0,1225,8548,0,9773
536,Hyderabad,536077,Khairatabad-7,1677709,"P Mahima Rani  8-3-299/6, RAHMATHNAGAR, YOUSUFUGDA, HYD.",6,2024,41,1143,0,1184,119,3945,0,4064,1435,23670,0,25105,0,0,0,0,1435,23670,0,25105,0,0,0,0,0,100.0,1435,23670,0,25105
536,Hyderabad,536077,Khairatabad-7,1677715,"B. Venkateswarlu  6-3-609/48/4/1, ANAND NAGAR COLONY, KHIARATABAD, HYD.",6,2024,79,876,0,955,271,2940,0,3211,2765,17640,0,20405,140,1783,0,1923,2625,15857,0,18482,0,0,0,0,0,100.0,2625,15857,0,18482
536,Hyderabad,536077,Khairatabad-7,1677716,"V. Basava linga Murthy  8-3-228/678/448, KARMIKANAGAR, YOUSUFGUDA, HYD.",6,2024,54,1104,0,1158,157,3952,0,4109,1890,23712,0,25602,875,731,0,1606,1015,22981,0,23996,0,0,0,0,0,100.0,1015,22981,0,23996
536,Hyderabad,536077,Khairatabad-7,1677718,"Kantayapalem Anuradha  8-4-367/56, VINAYAKRAONAGAR, BORABANDA, HYD.",6,2024,57,1013,0,1070,153,3686,0,3839,1995,22116,0,24111,536,7048,0,7584,1459,15068,0,16527,0,0,0,0,0,100.0,1459,15068,0,16527
536,Hyderabad,536077,Khairatabad-7,1677719,"M. HARINA  8-2-96, PANJAGUTTA, HYDERABAD",6,2024,43,1157,0,1200,121,4011,0,4132,1505,24066,0,25571,140,1398,0,1538,1365,22668,0,24033,0,0,0,0,0,100.0,1365,22668,0,24033
536,Hyderabad,536077,Khairatabad-7,1677720,"G. PUSHPAVATHY  105/C, VENGALRAO NAGAR, MADHURANAGAR, HYD.",6,2024,42,833,0,875,119,2851,0,2970,1470,17106,0,18576,1015,6830,0,7845,455,10276,0,10731,0,0,0,0,0,100.0,455,10276,0,10731
536,Hyderabad,536077,Khairatabad-7,1677724,"KISHAN GOPAL  6-3-1240/154, MS MAKTHA, KHAIRATABAD, HYD.",6,2024,38,1187,0,1225,111,4503,0,4614,1330,27018,0,28348,35,6786,0,6821,1295,20232,0,21527,0,0,0,0,0,100.0,1295,20232,0,21527
536,Hyderabad,536077,Khairatabad-7,1677725,"M. PADMAVATHI  8-4-369/299/B, BORABANDA, HYD.",6,2024,39,1030,0,1069,101,3738,0,3839,1365,22428,0,23793,210,8520,0,8730,1155,13908,0,15063,0,0,0,0,0,100.0,1155,13908,0,15063
536,Hyderabad,536077,Khairatabad-7,1677728,"SOWBAGYA CO-OP MAHILA SUPER BAZAR.LTD  7-1-282/26,BALKAMPET,HYD",6,2024,60,844,0,904,165,2876,0,3041,2100,17256,0,19356,210,2976,0,3186,1890,14280,0,16170,0,0,0,0,0,100.0,1890,14280,0,16170
536,Hyderabad,536077,Khairatabad-7,1677730,"MD TAHER  PASHA  8-4-369/305,SWARAJ NAGAR,BORABANDA,HYD",6,2024,35,1036,0,1071,93,4038,0,4131,1225,24228,0,25453,315,4644,0,4959,910,19584,0,20494,0,0,0,0,0,100.0,910,19584,0,20494
536,Hyderabad,536077,Khairatabad-7,1677731,"Badri Vishal Sharma  7-1-307/A/5,SANATHNAGAR,HYD",6,2024,39,546,0,585,112,1893,0,2005,1365,11358,0,12723,105,1335,0,1440,1260,10023,0,11283,0,0,0,0,0,100.0,1260,10023,0,11283
536,Hyderabad,536077,Khairatabad-7,1677732,"K. V SHASHIKALA  7-1-309/2,BALKAMPET ,HYD",6,2024,41,795,0,836,103,2721,0,2824,1435,16326,0,17761,280,1081,0,1361,1155,15245,0,16400,0,0,0,0,0,100.0,1155,15245,0,16400
536,Hyderabad,536077,Khairatabad-7,1677734,"J. VARALAKSHMI  7-1-401/A,AMEERPET,HYD",6,2024,58,778,0,836,149,2653,0,2802,2030,15918,0,17948,175,2384,0,2559,1855,13534,0,15389,0,0,0,0,0,100.0,1855,13534,0,15389
536,Hyderabad,536077,Khairatabad-7,1677735,"V KARUNASAGAR  7-1-401/A/11,SANJEEVA REDDY NAGAR,HYD",6,2024,55,858,0,913,162,2943,0,3105,1925,17658,0,19583,175,1613,0,1788,1750,16045,0,17795,0,0,0,0,0,100.0,1750,16045,0,17795
536,Hyderabad,536077,Khairatabad-7,1677740,"G. BHADRAIAH  7-2-1087/7/A T.10744,SANATHNAGAR,HYD",6,2024,36,528,0,564,86,1825,0,1911,1260,10950,0,12210,315,3210,0,3525,945,7740,0,8685,0,0,0,0,0,100.0,945,7740,0,8685
536,Hyderabad,536077,Khairatabad-7,1677742,"H. MADHAVI  7-2-810/1,SANATHNAGAR,HYD",6,2024,19,543,0,562,66,1900,0,1966,665,11400,0,12065,0,6,0,6,665,11394,0,12059,0,0,0,0,0,100.0,665,11394,0,12059
536,Hyderabad,536077,Khairatabad-7,1677744,"B. PANDU  7-2-1060,SANATHNAGAR,HYD",6,2024,31,823,0,854,73,2877,0,2950,1085,17262,0,18347,210,2568,0,2778,875,14694,0,15569,0,0,0,0,0,100.0,875,14694,0,15569
536,Hyderabad,536077,Khairatabad-7,1677746,"G. NAGU BAI  7-2-1019,SANATHNGAR,HYD",6,2024,21,541,1,563,41,1884,1,1926,735,11304,10,12049,105,2336,0,2441,630,8968,10,9608,0,0,0,0,0,100.0,630,8968,10,9608
536,Hyderabad,536077,Khairatabad-7,1677747,"R. CHANDULAL  SRT 990,SANATHNAGAR,HYD",6,2024,14,550,0,564,44,2018,0,2062,490,12108,0,12598,0,0,0,0,490,12108,0,12598,0,0,0,0,0,100.0,490,12108,0,12598
536,Hyderabad,536077,Khairatabad-7,1677748,"L. PRASHANTH  SRT 799,SANATHNAGAR,HYD",6,2024,25,538,0,563,69,1935,0,2004,875,11610,0,12485,140,362,0,502,735,11248,0,11983,0,0,0,0,0,100.0,735,11248,0,11983
536,Hyderabad,536077,Khairatabad-7,1677750,"Pathi Devender  6-3-408,PANJAGUTTA,HYD",6,2024,97,1145,0,1242,276,4123,0,4399,3395,24738,0,28133,0,1582,0,1582,3395,23156,0,26551,0,0,0,0,0,100.0,3395,23156,0,26551
536,Hyderabad,536077,Khairatabad-7,1677752,"Chintakindi Satyanarayana  8-2-272/35/72,BANJARA HILLS ,RD NO.3,HYD",6,2024,33,799,0,832,105,3062,0,3167,1155,18372,0,19527,35,6128,0,6163,1120,12244,0,13364,0,0,0,0,0,100.0,1120,12244,0,13364
536,Hyderabad,536077,Khairatabad-7,1677753,Vaila Vedavathi  Not Available,6,2024,31,1007,0,1038,97,3784,0,3881,1085,22704,0,23789,140,4774,0,4914,945,17930,0,18875,0,0,0,0,0,100.0,945,17930,0,18875
536,Hyderabad,536077,Khairatabad-7,1677754,"K. RAJENDER  8-2-676/1/B/30/7/8,BANJARA HILLS ,SRIRAM NAGAR,HYD",6,2024,26,1081,0,1107,79,3914,0,3993,910,23484,0,24394,280,9000,0,9280,630,14484,0,15114,0,0,0,0,0,100.0,630,14484,0,15114
536,Hyderabad,536077,Khairatabad-7,1677755,"Shaik Yousuf  8-2-751/11,BANJARA HILLS ,HYD",6,2024,27,1147,0,1174,86,4672,0,4758,945,28032,0,28977,455,12532,0,12987,490,15500,0,15990,0,0,0,0,0,100.0,490,15500,0,15990
536,Hyderabad,536077,Khairatabad-7,1677756,Mohd abdul khayyum  8-3-169/RN/60/1378 SPR HILLS BORABANDA HYD,6,2024,51,1019,0,1070,174,3638,0,3812,1785,21828,0,23613,175,872,0,1047,1610,20956,0,22566,0,0,0,0,0,100.0,1610,20956,0,22566
536,Hyderabad,536077,Khairatabad-7,1677757,Kondi Gopal  NO. 5 6 HOUSING BOARD SHOP S R NAGAR HYD,6,2024,37,840,0,877,110,2882,0,2992,1295,17292,0,18587,245,3699,0,3944,1050,13593,0,14643,0,0,0,0,0,100.0,1050,13593,0,14643
536,Hyderabad,536077,Khairatabad-7,1677759,D REKHA  8-3-228/853/E RAHMATH NAGAR HYD,6,2024,46,1150,0,1196,137,3828,0,3965,1610,22968,0,24578,315,5221,0,5536,1295,17747,0,19042,0,0,0,0,0,100.0,1295,17747,0,19042
536,Hyderabad,536077,Khairatabad-7,1677761,G.R Usha Kiran  8-3-228/678/571SRI RAM NAGAR YOUSUFGUDA HYD,6,2024,28,975,0,1003,79,3536,0,3615,980,21216,0,22196,385,4033,0,4418,595,17183,0,17778,0,0,0,0,0,100.0,595,17183,0,17778
536,Hyderabad,536077,Khairatabad-7,1677762,"Bhimaraju Chalapathi Rao  RD NO.17,JUBILEE HILLS STORES,JUBILEE HILLS",6,2024,34,1161,0,1195,112,3985,0,4097,1190,23910,0,25100,0,3624,0,3624,1190,20286,0,21476,0,0,0,0,0,100.0,1190,20286,0,21476
536,Hyderabad,536077,Khairatabad-7,1677764,"D. MALLAPPA  8-3-231/B/24,KRISHNA NAGAR,YOUSUFGUDA,HYD",6,2024,37,840,0,877,115,2758,0,2873,1295,16548,0,17843,490,7837,0,8327,805,8711,0,9516,0,0,0,0,0,100.0,805,8711,0,9516
536,Hyderabad,536077,Khairatabad-7,1677766,"P.Narsingh Rao  8-3-237/4/9/4,YOUSUFGUDA,HYD",6,2024,56,1098,0,1154,176,3830,0,4006,1960,22980,0,24940,385,1903,0,2288,1575,21077,0,22652,0,0,0,0,0,100.0,1575,21077,0,22652
536,Hyderabad,536077,Khairatabad-7,1677768,"Devavarapu Sita Rama Rao  8-2-293/82/MRC/11/A,FILM NAGAR,HYD",6,2024,44,1057,0,1101,126,3660,0,3786,1540,21960,0,23500,735,0,0,735,805,21960,0,22765,0,0,0,0,0,100.0,805,21960,0,22765
536,Hyderabad,536077,Khairatabad-7,1677769,"C. KAVITHA RATHOD  8-3-653,YELLAREDDYGUDA,HYD",6,2024,58,817,0,875,167,2957,0,3124,2030,17742,0,19772,0,552,0,552,2030,17190,0,19220,0,0,0,0,0,100.0,2030,17190,0,19220
536,Hyderabad,536077,Khairatabad-7,1677770,"V. NARSIMHA  8-3-755/2,YELLAREDDYGUDA,AMPT,HYD",6,2024,49,828,0,877,138,2893,0,3031,1715,17358,0,19073,0,2628,0,2628,1715,14730,0,16445,0,0,0,0,0,100.0,1715,14730,0,16445
536,Hyderabad,536077,Khairatabad-7,1677772,"M. J. Shanker Naik  8-3-965/8,YELLAREDDYGUDA,HYD",6,2024,56,821,0,877,161,2830,0,2991,1960,16980,0,18940,1400,12208,0,13608,560,4772,0,5332,0,0,0,0,0,100.0,560,4772,0,5332
536,Hyderabad,536077,Khairatabad-7,1677773,"JANAKIRAM  8-3-228/678/1273/A,SRIRAM NAGAR,YOUSUFGUDA,HYD",6,2024,38,1002,0,1040,116,3531,0,3647,1330,21186,0,22516,560,2921,0,3481,770,18265,0,19035,0,0,0,0,0,100.0,770,18265,0,19035
536,Hyderabad,536077,Khairatabad-7,1677775,"H. Damoodar Reddy  8-3-169/132/A,HF NAGAR,BORABANDA,HYD",6,2024,29,782,0,811,80,2971,0,3051,1015,17826,0,18841,105,1236,0,1341,910,16590,0,17500,0,0,0,0,0,100.0,910,16590,0,17500
536,Hyderabad,536077,Khairatabad-7,1677776,"B.Kavitha  8-3-228/659,RAHMATNAGAR,HYD",6,2024,41,1086,0,1127,106,3750,0,3856,1435,22500,0,23935,0,18,0,18,1435,22482,0,23917,0,0,0,0,0,100.0,1435,22482,0,23917
536,Hyderabad,536077,Khairatabad-7,1677777,"M. Mourya Kiran  8-4-390/60/4/1,ERRAGADDA,HYD",6,2024,49,1017,0,1066,143,3932,0,4075,1715,23592,0,25307,455,9029,0,9484,1260,14563,0,15823,0,0,0,0,0,100.0,1260,14563,0,15823
536,Hyderabad,536077,Khairatabad-7,1677778,"P. Laxmi Ravali  8-4-39/A/2,ERRAGADDA,HYD",6,2024,48,1023,0,1071,159,3775,0,3934,1680,22650,0,24330,280,7896,0,8176,1400,14754,0,16154,0,0,0,0,0,100.0,1400,14754,0,16154
536,Hyderabad,536077,Khairatabad-7,1677780,"Eppal Jaganmohan  8-4-543/30,ERRAGADDA,HYD",6,2024,51,1020,0,1071,138,3921,0,4059,1785,23526,0,25311,140,6839,0,6979,1645,16687,0,18332,0,0,0,0,0,100.0,1645,16687,0,18332
536,Hyderabad,536077,Khairatabad-7,1677781,"R. ANANDAM  8-4-544/590/3,SULTAN NAGAR,ERRAGADDA,HYD",6,2024,39,1031,0,1070,123,3913,0,4036,1365,23478,0,24843,945,4313,0,5258,420,19165,0,19585,0,0,0,0,0,100.0,420,19165,0,19585
536,Hyderabad,536077,Khairatabad-7,1677783,"S Nageshwar Rao  10-1-603,CHINTALBASTI,KHAIRTABAD,HYD",6,2024,57,885,0,942,175,3098,0,3273,1995,18588,0,20583,315,2184,0,2499,1680,16404,0,18084,0,0,0,0,0,100.0,1680,16404,0,18084
536,Hyderabad,536077,Khairatabad-7,1677788,"SRIKANTH.K.J  8-3-169/8/609,SPR HILLS,BORABANDA,HYD",6,2024,62,1083,0,1145,178,3846,0,4024,2170,23076,0,25246,245,1482,0,1727,1925,21594,0,23519,0,0,0,0,0,100.0,1925,21594,0,23519
536,Hyderabad,536077,Khairatabad-7,1677789,"Kothapally Sudarshan  8-3-231/C/88,VENKATAGIRI,HYD",6,2024,36,840,0,876,93,2883,0,2976,1260,17298,0,18558,455,3306,0,3761,805,13992,0,14797,0,0,0,0,0,100.0,805,13992,0,14797
536,Hyderabad,536077,Khairatabad-7,1677791,"V. PRASAD  247/1,NRR PURAM,BORABANDA",6,2024,37,816,0,853,126,3086,0,3212,1295,18516,0,19811,0,0,0,0,1295,18516,0,19811,0,0,0,0,0,100.0,1295,18516,0,19811
536,Hyderabad,536077,Khairatabad-7,1677792,"V Rama Devi  8-2-684/80/A,NBT NAGAR,BANJARA HILLS ,HYD",6,2024,42,1157,0,1199,110,3932,0,4042,1470,23592,0,25062,560,6807,0,7367,910,16785,0,17695,0,0,0,0,0,100.0,910,16785,0,17695
536,Hyderabad,536077,Khairatabad-7,1677796,"Chintakindi Satyanarayana  8-2-293/192/38,RD NO.14,BANJARA HILLS,HYD",6,2024,33,1163,0,1196,102,4025,0,4127,1155,24150,0,25305,595,858,0,1453,560,23292,0,23852,0,0,0,0,0,100.0,560,23292,0,23852
536,Hyderabad,536077,Khairatabad-7,1677797,"C. SHEELA  8-2-293/D/9,INDIRA NAGAR,KRISHNA NAGAR,HYD",6,2024,43,1149,0,1192,112,3828,0,3940,1505,22968,0,24473,140,5268,0,5408,1365,17700,0,19065,0,0,0,0,0,100.0,1365,17700,0,19065
536,Hyderabad,536077,Khairatabad-7,1677800,"B. SRINIVAS  6-1-912/E,KHAIRTABAD,HYD",6,2024,40,1160,0,1200,139,4073,0,4212,1400,24438,0,25838,0,524,0,524,1400,23914,0,25314,0,0,0,0,0,100.0,1400,23914,0,25314
536,Hyderabad,536077,Khairatabad-7,1677801,"G. SHRAVAN KUMAR  6-3-1247/218/A,SOMAJIGUDA,HYD",6,2024,61,1156,0,1217,154,4186,0,4340,2135,25116,0,27251,805,6400,0,7205,1330,18716,0,20046,0,0,0,0,0,100.0,1330,18716,0,20046
536,Hyderabad,536077,Khairatabad-7,1677803,"Kalpalatha  6-2-613/75/L/317,BANJARA HILLS ,HYD",6,2024,36,1184,0,1220,97,4294,0,4391,1260,25764,0,27024,0,1272,0,1272,1260,24492,0,25752,0,0,0,0,0,100.0,1260,24492,0,25752
536,Hyderabad,536077,Khairatabad-7,1677804,"M. RAJU  G-544,NRR PURAM,SITE-III,BORABANDA,HYD",6,2024,34,1120,0,1154,109,3931,0,4040,1190,23586,0,24776,455,204,0,659,735,23382,0,24117,0,0,0,0,0,100.0,735,23382,0,24117
536,Hyderabad,536077,Khairatabad-7,1677805,"Kotla Srikanth  8-4-367/140, BORABANDA",6,2024,40,1030,0,1070,91,3693,0,3784,1400,22158,0,23558,420,5276,0,5696,980,16882,0,17862,0,0,0,0,0,100.0,980,16882,0,17862
536,Hyderabad,536077,Khairatabad-7,1677806,"V.MAHANANDA REDDY  8-2-686/34,NBT NAGAR,BANJARA HILLS,HYD",6,2024,45,1114,0,1159,135,3755,0,3890,1575,22530,0,24105,0,0,0,0,1575,22530,0,24105,0,0,0,0,0,100.0,1575,22530,0,24105
536,Hyderabad,536077,Khairatabad-7,1677807,"G. SATYANARAYANA  8-3-169/1045,SPR HILLS,BORABANDA,HYD",6,2024,51,1129,0,1180,151,3868,0,4019,1785,23208,0,24993,315,6344,0,6659,1470,16864,0,18334,0,0,0,0,0,100.0,1470,16864,0,18334
536,Hyderabad,536077,Khairatabad-7,1677808,"G. SANJEEVA RAO  8-3-278/678/41, Karmika Nagar yousufguda",6,2024,47,1020,0,1067,147,3581,0,3728,1645,21486,0,23131,0,451,0,451,1645,21035,0,22680,0,0,0,0,0,100.0,1645,21035,0,22680
536,Hyderabad,536077,Khairatabad-7,1677810,"V. SRIDHAR  8-2-269/19/293/D/7, INDIRA NAGAR HYD",6,2024,64,1134,0,1198,219,3780,0,3999,2240,22680,0,24920,280,7424,0,7704,1960,15256,0,17216,0,0,0,0,0,100.0,1960,15256,0,17216
536,Hyderabad,536077,Khairatabad-7,1677811,"Bandaru Satya Simha Srinivas  8-3-169/20,HF NAGAR,BORABANDA,HYD",6,2024,58,1097,0,1155,175,4011,0,4186,2030,24066,0,26096,175,2311,0,2486,1855,21755,0,23610,0,0,0,0,0,100.0,1855,21755,0,23610
536,Hyderabad,536077,Khairatabad-7,1677813,S.SRINIVAS  7-1-307/25/10/A B K GUDA HYD,6,2024,39,898,0,937,111,2876,0,2987,1365,17256,0,18621,140,2082,0,2222,1225,15174,0,16399,0,0,0,0,0,100.0,1225,15174,0,16399
536,Hyderabad,536077,Khairatabad-7,1677814,M.SRINIVASULU  PLOT NO 166 FILM NAGAR HYD,6,2024,21,1183,0,1204,61,3976,0,4037,735,23856,0,24591,0,2580,0,2580,735,21276,0,22011,0,0,0,0,0,100.0,735,21276,0,22011
536,Hyderabad,536077,Khairatabad-7,1677815,K RAM MOHAN RAO  H NO 145/G FILM NAGAR HYD,6,2024,46,1151,0,1197,132,4041,0,4173,1610,24246,0,25856,0,0,0,0,1610,24246,0,25856,0,0,0,0,0,100.0,1610,24246,0,25856
536,Hyderabad,536077,Khairatabad-7,1677817,"B. PRASAD GOUD  8-3-228/678/1587,SRIRAM NAGAR,YOUSUFGUDA,HYD",6,2024,34,972,0,1006,110,3637,0,3747,1190,21822,0,23012,280,3567,0,3847,910,18255,0,19165,0,0,0,0,0,100.0,910,18255,0,19165
536,Hyderabad,536077,Khairatabad-7,1677818,"B. SRINIVAS  8-3-231/A/29/1,KRISHNA NAGAR,HYD",6,2024,49,1195,0,1244,151,3949,0,4100,1715,23694,0,25409,140,3250,0,3390,1575,20444,0,22019,0,0,0,0,0,100.0,1575,20444,0,22019
536,Hyderabad,536077,Khairatabad-7,1677819,"M.RAMANANDA KRISHNA  SHOP NO.1,SHOPPING COMPLEX,A G CLY,HYD",6,2024,40,1029,0,1069,135,3897,0,4032,1400,23382,0,24782,315,2778,0,3093,1085,20604,0,21689,0,0,0,0,0,100.0,1085,20604,0,21689
536,Hyderabad,536077,Khairatabad-7,1677821,"G. LAXMI  8-3-228/1190,JAWAHAR NAGAR,RAHMATNAGAR,HYD",6,2024,43,975,0,1018,144,3393,0,3537,1505,20358,0,21863,490,1839,0,2329,1015,18519,0,19534,0,0,0,0,0,100.0,1015,18519,0,19534
536,Hyderabad,536077,Khairatabad-7,1677822,"R Mounika  8-3-228/333,RAHMATNAGAR,HYD",6,2024,46,1153,0,1199,134,3954,0,4088,1610,23724,0,25334,0,1222,0,1222,1610,22502,0,24112,0,0,0,0,0,100.0,1610,22502,0,24112
536,Hyderabad,536077,Khairatabad-7,1677823,B.SAVITHA  8-3-229/C/1/2 VENKATAGIRI HYD,6,2024,34,876,0,910,94,3104,0,3198,1190,18624,0,19814,105,5826,0,5931,1085,12798,0,13883,0,0,0,0,0,100.0,1085,12798,0,13883
536,Hyderabad,536077,Khairatabad-7,1677824,"K. SHOBHA RANI  8-4-544/74/1/A,ERRAGADDA,HYD",6,2024,24,1044,0,1068,78,3809,0,3887,840,22854,0,23694,0,1656,0,1656,840,21198,0,22038,0,0,0,0,0,100.0,840,21198,0,22038
536,Hyderabad,536077,Khairatabad-7,1677825,"RAHMAT KHANAM  378-1,NRR PURAM ,BORABANDA,HYD",6,2024,19,1117,0,1136,63,3994,0,4057,665,23964,0,24629,140,4719,0,4859,525,19245,0,19770,0,0,0,0,0,100.0,525,19245,0,19770
536,Hyderabad,536077,Khairatabad-7,1677826,"B. URMILA  8-4-371/A/26,BORABANDA,HYD",6,2024,62,1117,0,1179,186,4248,0,4434,2170,25488,0,27658,560,8712,0,9272,1610,16776,0,18386,0,0,0,0,0,100.0,1610,16776,0,18386
536,Hyderabad,536077,Khairatabad-7,1677827,"B. MANGAMMA  8-4-370/593,BORABANDA,HYD",6,2024,62,1006,0,1068,175,3533,0,3708,2170,21198,0,23368,0,5178,0,5178,2170,16020,0,18190,0,0,0,0,0,100.0,2170,16020,0,18190
536,Hyderabad,536077,Khairatabad-7,1677828,"Y B VAUSNDHARA  8-4-546/23/1,BORABANDA,HYD",6,2024,43,1158,0,1201,133,4203,0,4336,1505,25218,0,26723,420,5738,0,6158,1085,19480,0,20565,0,0,0,0,0,100.0,1085,19480,0,20565
536,Hyderabad,536077,Khairatabad-7,1677829,"P. PADMAVATHI  6-3-1185/125/2,B S MAKTHA,HYD",6,2024,75,1175,0,1250,217,4084,0,4301,2625,24504,0,27129,1050,3672,0,4722,1575,20832,0,22407,0,0,0,0,0,100.0,1575,20832,0,22407
536,Hyderabad,536078,Begumpet-8,1678801,"CH. SHIVA KUAMR  1-2-170/4, KALASIGUDA",6,2024,8,1124,0,1132,33,3707,0,3740,280,22242,0,22522,0,0,0,0,280,22242,0,22522,0,0,0,0,0,100.0,280,22242,0,22522
536,Hyderabad,536078,Begumpet-8,1678805,"The Satguru Consumer co-op Stores LTD  1-35-401/A, RASOOLPURA",6,2024,116,1168,0,1284,250,4253,0,4503,4060,25518,0,29578,2085,5141,0,7226,1975,20377,0,22352,0,0,0,0,0,100.0,1975,20377,0,22352
536,Hyderabad,536078,Begumpet-8,1678806,"K.S. GEETA BAI  2-3-544, KACHIBOWLI, NALLAGUTTA",6,2024,81,1086,0,1167,184,3831,0,4015,2835,22986,0,25821,805,4662,0,5467,2030,18324,0,20354,0,0,0,0,0,100.0,2030,18324,0,20354
536,Hyderabad,536078,Begumpet-8,1678807,"Uppala Vijaya Laxmi  1-10-215/T40, BEGUMPET",6,2024,40,657,0,697,83,2218,0,2301,1400,13308,0,14708,315,3367,0,3682,1085,9941,0,11026,0,0,0,0,0,100.0,1085,9941,0,11026
536,Hyderabad,536078,Begumpet-8,1678808,"P. BHAVANI  1-11-39/4/A, OLD CUSTOMS BASTI BEGUMPET",6,2024,45,662,0,707,75,2362,0,2437,1575,14172,0,15747,0,996,0,996,1575,13176,0,14751,0,0,0,0,0,100.0,1575,13176,0,14751
536,Hyderabad,536078,Begumpet-8,1678809,"D. RANI  C2-40-688, BALAMRAI",6,2024,68,1216,0,1284,153,4235,0,4388,2380,25410,0,27790,160,1800,0,1960,2220,23610,0,25830,0,0,0,0,0,100.0,2220,23610,0,25830
536,Hyderabad,536078,Begumpet-8,1678810,S. VINOD KUMAR  PLOT NO.26 RASOOLPURA,6,2024,105,1177,0,1282,252,4291,0,4543,3675,25746,0,29421,320,5702,0,6022,3355,20044,0,23399,0,0,0,0,0,100.0,3355,20044,0,23399
536,Hyderabad,536078,Begumpet-8,1678811,"K.R. RAVI KUMAR  1-19-5, RASOOLPURA",6,2024,130,1150,0,1280,312,4220,0,4532,4550,25320,0,29870,1260,8068,0,9328,3290,17252,0,20542,0,0,0,0,0,100.0,3290,17252,0,20542
536,Hyderabad,536078,Begumpet-8,1678812,"K.S. PRASHANTH BABU  1-19-4&5,  RASOOLPURA",6,2024,91,1184,0,1275,203,4215,0,4418,3185,25290,0,28475,860,3018,0,3878,2325,22272,0,24597,0,0,0,0,0,100.0,2325,22272,0,24597
536,Hyderabad,536078,Begumpet-8,1678813,"Y Meena Kumari  1-35-383,  RASOOLPURA",6,2024,88,1204,0,1292,184,4321,0,4505,3080,25926,0,29006,490,5028,0,5518,2590,20898,0,23488,0,0,0,0,0,100.0,2590,20898,0,23488
536,Hyderabad,536078,Begumpet-8,1678815,"G.Swapna  2-4-193, RAM GOPALPET, PITTAL BASTI",6,2024,43,1175,0,1218,106,4150,0,4256,1505,24900,0,26405,140,991,0,1131,1365,23909,0,25274,0,0,0,0,0,100.0,1365,23909,0,25274
536,Hyderabad,536078,Begumpet-8,1678821,"D. BHARATHI  5-3-185 TO 188, HYDERBASTI",6,2024,40,690,0,730,86,2313,0,2399,1400,13878,0,15278,0,66,0,66,1400,13812,0,15212,0,0,0,0,0,100.0,1400,13812,0,15212
536,Hyderabad,536078,Begumpet-8,1678824,"S. NAGESHWAR RAO  6-3-171/10/5, JAINAGAR COLONY, NEW BHOIGUDA",6,2024,51,947,0,998,138,3266,0,3404,1785,19596,0,21381,835,6382,0,7217,950,13214,0,14164,0,0,0,0,0,100.0,950,13214,0,14164
536,Hyderabad,536078,Begumpet-8,1678825,"E Jainder  6-2-305&306, NEW BHOIGUDA",6,2024,64,936,0,1000,142,3255,0,3397,2240,19530,0,21770,210,2969,0,3179,2030,16561,0,18591,0,0,0,0,0,100.0,2030,16561,0,18591
536,Hyderabad,536078,Begumpet-8,1678826,"G. Ajay kumar  6-4-423/1 KRISHNA NAGR COLONY, NEW BHOIGUDA",6,2024,47,952,0,999,111,3365,0,3476,1645,20190,0,21835,175,6474,0,6649,1470,13716,0,15186,0,0,0,0,0,100.0,1470,13716,0,15186
536,Hyderabad,536078,Begumpet-8,1678828,"M.R. VINOD  6-4-380, BHOLAKPUR",6,2024,58,941,0,999,145,3244,0,3389,2030,19464,0,21494,735,7908,0,8643,1295,11556,0,12851,0,0,0,0,0,100.0,1295,11556,0,12851
536,Hyderabad,536078,Begumpet-8,1678830,"T. NARSING RAO  6-6-427/6, GANDHINAGAR , BHOIGUDA",6,2024,81,918,0,999,200,3285,0,3485,2835,19710,0,22545,1085,5700,0,6785,1750,14010,0,15760,0,0,0,0,0,100.0,1750,14010,0,15760
536,Hyderabad,536078,Begumpet-8,1678831,"M. MAHESH KUMAR  6-3-171/10, JAINAGAR COLONY, NEW BHOIGUDA",6,2024,60,937,0,997,154,3257,0,3411,2100,19542,0,21642,1085,12462,0,13547,1015,7080,0,8095,0,0,0,0,0,100.0,1015,7080,0,8095
536,Hyderabad,536078,Begumpet-8,1678833,"S. SUNITHA  6-6-427/1/2, GANDHINAGAR , BHOIGUDA",6,2024,66,938,0,1004,142,3176,0,3318,2310,19056,0,21366,630,732,0,1362,1680,18324,0,20004,0,0,0,0,0,100.0,1680,18324,0,20004
536,Hyderabad,536078,Begumpet-8,1678834,"Tadaka Vajreshwari  5-2-27, JERRA",6,2024,34,825,0,859,74,2824,0,2898,1190,16944,0,18134,805,3633,0,4438,385,13311,0,13696,0,0,0,0,0,100.0,385,13311,0,13696
536,Hyderabad,536078,Begumpet-8,1678836,"K. SHIVA KUMAR  7-1-1017/18, MONDA MARKET",6,2024,50,1288,0,1338,99,4391,0,4490,1750,26346,0,28096,0,0,0,0,1750,26346,0,28096,0,0,0,0,0,100.0,1750,26346,0,28096
536,Hyderabad,536078,Begumpet-8,1678838,"Gunda Jagadishwar  8-3-189,  MONDA MARKET",6,2024,39,1305,0,1344,91,4367,0,4458,1365,26202,0,27567,409,1136,0,1545,956,25066,0,26022,0,0,0,0,0,100.0,956,25066,0,26022
536,Hyderabad,536078,Begumpet-8,1678840,"M. SHIVA KUMAR  PLOT NO.9, BAPUJINAGAR, BOWENPALLY",6,2024,84,1088,0,1172,210,3668,0,3878,2940,22008,0,24948,291,1206,0,1497,2649,20802,0,23451,0,0,0,0,0,100.0,2649,20802,0,23451
536,Hyderabad,536078,Begumpet-8,1678844,"Ganta Sudheer Kumar  4-6-123, MONDA MARKET",6,2024,57,1284,0,1341,90,4299,0,4389,1995,25794,0,27789,641,3490,0,4131,1354,22304,0,23658,0,0,0,0,0,100.0,1354,22304,0,23658
536,Hyderabad,536078,Begumpet-8,1678846,"B. KRISHNA HARI  1-3-455,  KAWADIGUDA",6,2024,69,1083,0,1152,203,3577,0,3780,2415,21462,0,23877,280,1692,0,1972,2135,19770,0,21905,0,0,0,0,0,100.0,2135,19770,0,21905
536,Hyderabad,536078,Begumpet-8,1678847,"M. SWAROOPA RANI  1-3-429,  KAWADIGUDA",6,2024,30,829,0,859,70,2701,0,2771,1050,16206,0,17256,180,2520,0,2700,870,13686,0,14556,0,0,0,0,0,100.0,870,13686,0,14556
536,Hyderabad,536078,Begumpet-8,1678848,"Bule Shivaji Dharmendra  1-3-183/39/8,  KAWADIGUDA",6,2024,59,633,0,692,156,2150,0,2306,2065,12900,0,14965,0,0,0,0,2065,12900,0,14965,0,0,0,0,0,100.0,2065,12900,0,14965
536,Hyderabad,536078,Begumpet-8,1678850,"N. ASHOK REDDY  1-3-183/A/6,  KAWADIGUDA",6,2024,91,1068,0,1159,200,3466,0,3666,3185,20796,0,23981,1155,4116,0,5271,2030,16680,0,18710,0,0,0,0,0,100.0,2030,16680,0,18710
536,Hyderabad,536078,Begumpet-8,1678851,"Bandu Vijayalaxmi  1-3-282,  KAWADIGUDA",6,2024,92,615,0,707,195,2122,0,2317,3220,12732,0,15952,525,1596,0,2121,2695,11136,0,13831,0,0,0,0,0,100.0,2695,11136,0,13831
536,Hyderabad,536078,Begumpet-8,1678853,"SURAJ BHAN  1-4-27, BHOLAKPUR, MUSHEERABAD",6,2024,52,1216,0,1268,88,4751,0,4839,1820,28506,0,30326,560,5051,0,5611,1260,23455,0,24715,0,0,0,0,0,100.0,1260,23455,0,24715
536,Hyderabad,536078,Begumpet-8,1678854,"M V Sudhakar Raju  1-4-348/12/1, BHOLAKPUR, MUSHEERABAD",6,2024,46,1224,0,1270,77,4886,0,4963,1610,29316,0,30926,431,3990,0,4421,1179,25326,0,26505,0,0,0,0,0,100.0,1179,25326,0,26505
536,Hyderabad,536078,Begumpet-8,1678855,"K. Narender  1-4-491, BHOLAKPUR, MUSHEERABAD",6,2024,69,1200,0,1269,153,4867,0,5020,2415,29202,0,31617,745,5587,0,6332,1670,23615,0,25285,0,0,0,0,0,100.0,1670,23615,0,25285
536,Hyderabad,536078,Begumpet-8,1678857,"Keshava Mallikarjun  1-4-944/1, BHOLAKPUR, MUSHEERABAD",6,2024,60,1208,0,1268,113,4565,0,4678,2100,27390,0,29490,35,4975,0,5010,2065,22415,0,24480,0,0,0,0,0,100.0,2065,22415,0,24480
536,Hyderabad,536078,Begumpet-8,1678858,"M.P. SHIVA PRASAD  1-4-27/71/33, BHOLAKPUR, MUSHEERABAD",6,2024,84,1186,0,1270,176,4659,0,4835,2940,27954,0,30894,875,3216,0,4091,2065,24738,0,26803,0,0,0,0,0,100.0,2065,24738,0,26803
536,Hyderabad,536078,Begumpet-8,1678859,"Gopishetty Rajender  PLOT NO. 23, BHEL COLONY, RASOOLPURA",6,2024,106,1176,0,1282,236,4053,0,4289,3710,24318,0,28028,350,3803,0,4153,3360,20515,0,23875,0,0,0,0,0,100.0,3360,20515,0,23875
536,Hyderabad,536078,Begumpet-8,1678861,"J. SHANKAR  1-25-109, NEW BOWENPALLY",6,2024,48,1124,0,1172,105,3891,0,3996,1680,23346,0,25026,910,679,0,1589,770,22667,0,23437,0,0,0,0,0,100.0,770,22667,0,23437
536,Hyderabad,536078,Begumpet-8,1678863,"B. RAJENDRA KUMAR  MULGI NO. 3,  NEW BOWENPALLY",6,2024,50,1150,0,1200,97,3917,0,4014,1750,23502,0,25252,0,3962,0,3962,1750,19540,0,21290,0,0,0,0,0,100.0,1750,19540,0,21290
536,Hyderabad,536078,Begumpet-8,1678864,"P. RAGHAVA REDDY  1-12-175,  NEW BOWENPALLY",6,2024,114,1083,0,1197,257,3696,0,3953,3990,22176,0,26166,369,4318,0,4687,3621,17858,0,21479,0,0,0,0,0,100.0,3621,17858,0,21479
536,Hyderabad,536078,Begumpet-8,1678867,"D.Sravan Kumar  2-6-1960, SIKH VILLAGE",6,2024,88,910,0,998,227,3174,0,3401,3080,19044,0,22124,350,860,0,1210,2730,18184,0,20914,0,0,0,0,0,100.0,2730,18184,0,20914
536,Hyderabad,536078,Begumpet-8,1678868,"P.C. JAIN  2-14-101/A, KARKHANA",6,2024,81,1082,0,1163,156,3815,0,3971,2835,22890,0,25725,415,1846,0,2261,2420,21044,0,23464,0,0,0,0,0,100.0,2420,21044,0,23464
536,Hyderabad,536078,Begumpet-8,1678869,"K. VENKAT PRASAD  SHOP. NO. 22/B, VASAVI COLONY, PICKET",6,2024,66,723,0,789,144,2447,0,2591,2310,14682,0,16992,630,2238,0,2868,1680,12444,0,14124,0,0,0,0,0,100.0,1680,12444,0,14124
536,Hyderabad,536078,Begumpet-8,1678870,"N. Ravikiran  3-72-278, KAKAGUDA SEC-BAD",6,2024,39,539,0,578,92,1753,0,1845,1365,10518,0,11883,105,1446,0,1551,1260,9072,0,10332,0,0,0,0,0,100.0,1260,9072,0,10332
536,Hyderabad,536078,Begumpet-8,1678872,"S. PADMAVATHI  PLOT. NO. 63, RAILWAY COLONY SEC-BAD",6,2024,45,704,0,749,108,2406,0,2514,1575,14436,0,16011,105,720,0,825,1470,13716,0,15186,0,0,0,0,0,100.0,1470,13716,0,15186
536,Hyderabad,536078,Begumpet-8,1678873,"VIJAY ANAND  3-7-256, PICKET",6,2024,83,749,0,832,210,2431,0,2641,2905,14586,0,17491,250,877,0,1127,2655,13709,0,16364,0,0,0,0,0,100.0,2655,13709,0,16364
536,Hyderabad,536078,Begumpet-8,1678874,"Bommala Anuradha  3-6-220, WEST MAREDPALLY",6,2024,76,769,0,845,173,2539,0,2712,2660,15234,0,17894,1015,3048,0,4063,1645,12186,0,13831,0,0,0,0,0,100.0,1645,12186,0,13831
536,Hyderabad,536078,Begumpet-8,1678876,"M. MURALI  PLOY. NO. 9B, TIRMALAGIRI, SEC-BAD",6,2024,81,990,0,1071,205,3329,0,3534,2835,19974,0,22809,140,1894,0,2034,2695,18080,0,20775,0,0,0,0,0,100.0,2695,18080,0,20775
536,Hyderabad,536078,Begumpet-8,1678878,"Vishal Kumar  3-12-249, LALBAZAR TIRMALAGIRI",6,2024,33,1029,0,1062,71,3435,0,3506,1155,20610,0,21765,245,2288,0,2533,910,18322,0,19232,0,0,0,0,0,100.0,910,18322,0,19232
536,Hyderabad,536078,Begumpet-8,1678880,N. Kalavathi  Not Available,6,2024,64,1003,0,1067,153,3354,0,3507,2240,20124,0,22364,35,8352,0,8387,2205,11772,0,13977,0,0,0,0,0,100.0,2205,11772,0,13977
536,Hyderabad,536078,Begumpet-8,1678882,"BALAKRISHNA  4-6-381, BOLLARAM SEC-BAD",6,2024,26,552,0,578,63,1730,0,1793,910,10380,0,11290,0,640,0,640,910,9740,0,10650,0,0,0,0,0,100.0,910,9740,0,10650
536,Hyderabad,536078,Begumpet-8,1678883,"N. Kalavathi  PLOT.NO. 4, BOLLARAM SEC-BAD",6,2024,47,1037,0,1084,120,3288,0,3408,1645,19728,0,21373,175,3382,0,3557,1470,16346,0,17816,0,0,0,0,0,100.0,1470,16346,0,17816
536,Hyderabad,536078,Begumpet-8,1678884,"G. SHANTA KUMARI  PLOT NO. 1231, RISALABAZR",6,2024,46,889,0,935,114,2956,0,3070,1610,17736,0,19346,0,1454,0,1454,1610,16282,0,17892,0,0,0,0,0,100.0,1610,16282,0,17892
536,Hyderabad,536078,Begumpet-8,1678885,"Kanyaka parmeshwari Co.operative Super Bazar  H.NO.970,  RISALABAZR",6,2024,48,463,0,511,112,1556,0,1668,1680,9336,0,11016,595,2280,0,2875,1085,7056,0,8141,0,0,0,0,0,100.0,1085,7056,0,8141
536,Hyderabad,536078,Begumpet-8,1678886,"Gujula Vijay Kumar  H.NO.185, KARKHANA",6,2024,98,1047,0,1145,192,3713,0,3905,3430,22278,0,25708,260,85,0,345,3170,22193,0,25363,0,0,0,0,0,100.0,3170,22193,0,25363
536,Hyderabad,536078,Begumpet-8,1678887,"C. LAKSHMI  6-5-377, BANSILALPET",6,2024,44,1004,0,1048,102,3479,0,3581,1540,20874,0,22414,175,4350,0,4525,1365,16524,0,17889,0,0,0,0,0,100.0,1365,16524,0,17889
536,Hyderabad,536078,Begumpet-8,1678888,P. VEERESHAM  PLOT NO. 40 WEST MARENDPALLY,6,2024,71,668,0,739,165,2370,0,2535,2485,14220,0,16705,1190,6228,0,7418,1295,7992,0,9287,0,0,0,0,0,100.0,1295,7992,0,9287
536,Hyderabad,536078,Begumpet-8,1678890,"Jangiti Shantha Alias Lavanya  1-4-27/72/14/2, BHOLAKPUR , MUSHEERABAD",6,2024,56,1208,0,1264,116,4525,0,4641,1960,27150,0,29110,175,3666,0,3841,1785,23484,0,25269,0,0,0,0,0,100.0,1785,23484,0,25269
536,Hyderabad,536078,Begumpet-8,1678892,"M.Mohit Yadav  3-36-4, WEST MARENDPALLY",6,2024,53,689,0,742,124,2416,0,2540,1855,14496,0,16351,210,956,0,1166,1645,13540,0,15185,0,0,0,0,0,100.0,1645,13540,0,15185
536,Hyderabad,536078,Begumpet-8,1678895,"M. MARIE  1-13-18, BALAMRAI",6,2024,117,1153,0,1270,251,4013,0,4264,4095,24078,0,28173,320,4620,0,4940,3775,19458,0,23233,0,0,0,0,0,100.0,3775,19458,0,23233
536,Hyderabad,536078,Begumpet-8,1678896,"Sangisetti Meena  1-4-29, NEW BOWENPALLY",6,2024,48,1124,0,1172,105,3868,0,3973,1680,23208,0,24888,525,4458,0,4983,1155,18750,0,19905,0,0,0,0,0,100.0,1155,18750,0,19905
536,Hyderabad,536078,Begumpet-8,1678898,A. Lakshmi  PLOT NO.13 TIRMALAGIRI,6,2024,23,1044,0,1067,60,3598,0,3658,805,21588,0,22393,0,420,0,420,805,21168,0,21973,0,0,0,0,0,100.0,805,21168,0,21973
536,Hyderabad,536078,Begumpet-8,1678899,"C. Rakesh Babu  3-6-217/A/1, WEST MAREDPALLT",6,2024,42,609,0,651,65,2088,0,2153,1470,12528,0,13998,245,5429,0,5674,1225,7099,0,8324,0,0,0,0,0,100.0,1225,7099,0,8324
536,Hyderabad,536078,Begumpet-8,1678900,"J.R. Bhavani  1-8-502/12, BEGUMPET",6,2024,50,941,0,991,110,3397,0,3507,1750,20382,0,22132,245,2912,0,3157,1505,17470,0,18975,0,0,0,0,0,100.0,1505,17470,0,18975
536,Hyderabad,536078,Begumpet-8,1678901,"UMA RANI  1-8-573/1,  BEGUMPET",6,2024,30,955,0,985,52,3449,0,3501,1050,20694,0,21744,105,2988,0,3093,945,17706,0,18651,0,0,0,0,0,100.0,945,17706,0,18651
536,Hyderabad,536078,Begumpet-8,1678902,"Shailender Singh  1-11-151, BEMPET",6,2024,48,1137,0,1185,88,3771,0,3859,1680,22626,0,24306,597,3992,0,4589,1083,18634,0,19717,0,0,0,0,0,100.0,1083,18634,0,19717
536,Hyderabad,536078,Begumpet-8,1678905,"Yakkali Subramanyam  1-8-506/4, BEGUMPET",6,2024,38,955,0,993,69,3314,0,3383,1330,19884,0,21214,245,4436,0,4681,1085,15448,0,16533,0,0,0,0,0,100.0,1085,15448,0,16533
536,Hyderabad,536078,Begumpet-8,1678908,"Yakkali Subramanyam  1-11-302, BEGUMPET",6,2024,21,282,0,303,31,944,0,975,735,5664,0,6399,0,665,0,665,735,4999,0,5734,0,0,0,0,0,100.0,735,4999,0,5734
536,Hyderabad,536078,Begumpet-8,1678911,D3911  Begumpet,6,2024,4,1255,0,1259,11,4444,0,4455,140,26664,0,26804,0,5352,0,5352,140,21312,0,21452,0,0,0,0,0,100.0,140,21312,0,21452
536,Hyderabad,536079,Secunderabad-9,1679001,D3001  Yakathpura,6,2024,0,1001,0,1001,0,3193,0,3193,0,19158,0,19158,0,6492,0,6492,0,12666,0,12666,0,0,0,0,0,100.0,0,12666,0,12666
536,Hyderabad,536079,Secunderabad-9,1679901,"T. Varalakshmi  11-3-296/8/1, Sec-bad",6,2024,52,659,0,711,153,2380,0,2533,1820,14280,0,16100,595,6624,0,7219,1225,7656,0,8881,0,0,0,0,0,100.0,1225,7656,0,8881
536,Hyderabad,536079,Secunderabad-9,1679903,"Arkhatala Narsingh Rao  9-2-720, Sec-bad",6,2024,134,1252,0,1386,391,4145,0,4536,4690,24870,0,29560,0,1216,0,1216,4690,23654,0,28344,0,0,0,0,0,100.0,4690,23654,0,28344
536,Hyderabad,536079,Secunderabad-9,1679905,"D Renuka  11-3-267/20, PARSIGUTTA",6,2024,85,863,0,948,270,3014,0,3284,2975,18084,0,21059,0,318,0,318,2975,17766,0,20741,0,0,0,0,0,100.0,2975,17766,0,20741
536,Hyderabad,536079,Secunderabad-9,1679908,"T.V. Rakesh  6-1-130, Sec-bad",6,2024,86,684,0,770,235,2335,0,2570,3010,14010,0,17020,0,1336,0,1336,3010,12674,0,15684,0,0,0,0,0,100.0,3010,12674,0,15684
536,Hyderabad,536079,Secunderabad-9,1679909,"Molugu Vishwanatham  1-6-943, MUSHEERABAD",6,2024,73,908,0,981,214,3323,0,3537,2555,19938,0,22493,70,12,0,82,2485,19926,0,22411,0,0,0,0,0,100.0,2485,19926,0,22411
536,Hyderabad,536079,Secunderabad-9,1679911,"B Kadga Mandeshwari  1-6-212/65/107/93, BAPUJI NAGAR",6,2024,85,880,0,965,263,3142,0,3405,2975,18852,0,21827,1015,5269,0,6284,1960,13583,0,15543,0,0,0,0,0,100.0,1960,13583,0,15543
536,Hyderabad,536079,Secunderabad-9,1679912,"L Kavitha  1-6-212/64/B4, MCH COLONY",6,2024,71,891,0,962,215,3161,0,3376,2485,18966,0,21451,560,6364,0,6924,1925,12602,0,14527,0,0,0,0,0,100.0,1925,12602,0,14527
536,Hyderabad,536079,Secunderabad-9,1679913,"Badugu Satyamma  1-6-877/1, MUSHEERABAD",6,2024,82,879,0,961,251,3296,0,3547,2870,19776,0,22646,985,7165,0,8150,1885,12611,0,14496,0,0,0,0,0,100.0,1885,12611,0,14496
536,Hyderabad,536079,Secunderabad-9,1679914,"Yata Balanarsaiah  1-6-222/12, PARSIGUTTA",6,2024,81,881,0,962,243,3174,0,3417,2835,19044,0,21879,1085,7400,0,8485,1750,11644,0,13394,0,0,0,0,0,100.0,1750,11644,0,13394
536,Hyderabad,536079,Secunderabad-9,1679915,"Manda Karuna Latha  1-6-212/65/85, MCH COLONY PARSIGUTTA",6,2024,80,883,0,963,226,3154,0,3380,2800,18924,0,21724,715,3918,0,4633,2085,15006,0,17091,0,0,0,0,0,100.0,2085,15006,0,17091
536,Hyderabad,536079,Secunderabad-9,1679917,"M N Jaya Surya Narayana  11-3-267/19, ASHOK NAGAR",6,2024,89,816,0,905,257,2891,0,3148,3115,17346,0,20461,180,201,0,381,2935,17145,0,20080,0,0,0,0,0,100.0,2935,17145,0,20080
536,Hyderabad,536079,Secunderabad-9,1679919,"Mohd. Irfan Mujeeb  11-4-630, SECUNDERABAD",6,2024,7,1064,0,1071,24,3809,0,3833,245,22854,0,23099,0,3344,0,3344,245,19510,0,19755,0,0,0,0,0,100.0,245,19510,0,19755
536,Hyderabad,536079,Secunderabad-9,1679920,"Basheer Unnisa  11-4-904, SECUNDERABAD",6,2024,17,971,0,988,55,3448,0,3503,595,20688,0,21283,0,1272,0,1272,595,19416,0,20011,0,0,0,0,0,100.0,595,19416,0,20011
536,Hyderabad,536079,Secunderabad-9,1679923,"Hari Prasad  11-4-300, SECUNDERABAD",6,2024,26,930,0,956,72,3249,0,3321,910,19494,0,20404,385,7584,0,7969,525,11910,0,12435,0,0,0,0,0,100.0,525,11910,0,12435
536,Hyderabad,536079,Secunderabad-9,1679924,"Doosa Govinda Rajulu  11-3-312/1/A, PARSIGUTTA",6,2024,28,915,0,943,93,3166,0,3259,980,18996,0,19976,0,3931,0,3931,980,15065,0,16045,0,0,0,0,0,100.0,980,15065,0,16045
536,Hyderabad,536079,Secunderabad-9,1679928,"Bende Bhasker Rao  11-2-130, CHILKALAGUDA, SEC-BAD",6,2024,83,1067,0,1150,253,3658,0,3911,2905,21948,0,24853,500,4342,0,4842,2405,17606,0,20011,0,0,0,0,0,100.0,2405,17606,0,20011
536,Hyderabad,536079,Secunderabad-9,1679929,"HARI RAJ KUMAR  12-2-145, MK.NAGAR",6,2024,105,1094,0,1199,303,3781,0,4084,3675,22686,0,26361,630,2224,0,2854,3045,20462,0,23507,0,0,0,0,0,100.0,3045,20462,0,23507
536,Hyderabad,536079,Secunderabad-9,1679935,"Alladi Raja Shekaraiah  12-10-587, SECBAD",6,2024,112,1084,0,1196,329,3652,0,3981,3920,21912,0,25832,805,4410,0,5215,3115,17502,0,20617,0,0,0,0,0,100.0,3115,17502,0,20617
536,Hyderabad,536079,Secunderabad-9,1679936,"T. NANDA KISHORE SINGH  12-10-590/85, SECBAD",6,2024,128,908,0,1036,369,3148,0,3517,4480,18888,0,23368,1450,1631,0,3081,3030,17257,0,20287,0,0,0,0,0,100.0,3030,17257,0,20287
536,Hyderabad,536079,Secunderabad-9,1679937,"Nangally Shusheela  12-10-626/1, INDIRA NAGAR,WARASIGUDA",6,2024,115,1087,0,1202,336,3801,0,4137,4025,22806,0,26831,865,3418,0,4283,3160,19388,0,22548,0,0,0,0,0,100.0,3160,19388,0,22548
536,Hyderabad,536079,Secunderabad-9,1679938,"Ch. Venkateshwarlu  11-3-384/2/9/A, PADMA RAO NAGAR",6,2024,70,679,0,749,219,2595,0,2814,2450,15570,0,18020,26,2560,0,2586,2424,13010,0,15434,0,0,0,0,0,100.0,2424,13010,0,15434
536,Hyderabad,536079,Secunderabad-9,1679939,"Minalarani Gopal Naidu  11-3-298/1, SRINIVAS NAGAR,",6,2024,24,809,0,833,97,2930,0,3027,840,17580,0,18420,210,4927,0,5137,630,12653,0,13283,0,0,0,0,0,100.0,630,12653,0,13283
536,Hyderabad,536079,Secunderabad-9,1679941,"Kata Venkataiah  12-11-1438, BOUDHANAGAR",6,2024,90,1114,0,1204,255,3904,0,4159,3150,23424,0,26574,585,1830,0,2415,2565,21594,0,24159,0,0,0,0,0,100.0,2565,21594,0,24159
536,Hyderabad,536079,Secunderabad-9,1679942,"Dhoot Bhaghirath  12-11-1447, BOUDHANAGAR",6,2024,76,1124,0,1200,220,3951,0,4171,2660,23706,0,26366,105,74,0,179,2555,23632,0,26187,0,0,0,0,0,100.0,2555,23632,0,26187
536,Hyderabad,536079,Secunderabad-9,1679945,"Sannaye Ashok  12-11-867, WARASIGUDA",6,2024,90,1111,0,1201,261,3887,0,4148,3150,23322,0,26472,765,5781,0,6546,2385,17541,0,19926,0,0,0,0,0,100.0,2385,17541,0,19926
536,Hyderabad,536079,Secunderabad-9,1679947,"Donthi Krupendranath  12-15-1018,MK, NAGAR",6,2024,84,798,0,882,243,2801,0,3044,2940,16806,0,19746,525,759,0,1284,2415,16047,0,18462,0,0,0,0,0,100.0,2415,16047,0,18462
536,Hyderabad,536079,Secunderabad-9,1679948,"Madipadige V Prakash  12-15-453/A, MK, NAGAR",6,2024,89,835,1,925,265,3007,1,3273,3115,18042,10,21167,525,4471,0,4996,2590,13571,10,16171,0,0,0,0,0,100.0,2590,13571,10,16171
536,Hyderabad,536079,Secunderabad-9,1679951,"K Rajeshwar Goud  12-1-275, LALAPET",6,2024,106,1101,0,1207,306,3899,0,4205,3710,23394,0,27104,35,0,0,35,3675,23394,0,27069,0,0,0,0,0,100.0,3675,23394,0,27069
536,Hyderabad,536079,Secunderabad-9,1679952,"Vadakattu Suryanarayana  12-14-245/1, LALAPET",6,2024,131,1069,0,1200,427,3719,0,4146,4585,22314,0,26899,1223,3961,0,5184,3362,18353,0,21715,0,0,0,0,0,100.0,3362,18353,0,21715
536,Hyderabad,536079,Secunderabad-9,1679956,"Vadakattu Suryanarayana  12-1-1/A/57/6, LALAPET",6,2024,91,1107,0,1198,274,3834,0,4108,3185,23004,0,26189,0,5634,0,5634,3185,17370,0,20555,0,0,0,0,0,100.0,3185,17370,0,20555
536,Hyderabad,536079,Secunderabad-9,1679958,"Bangari Narsimha  12-1-1310, NORTH LALAGUDA",6,2024,108,892,0,1000,347,3108,0,3455,3780,18648,0,22428,1000,4083,0,5083,2780,14565,0,17345,0,0,0,0,0,100.0,2780,14565,0,17345
536,Hyderabad,536079,Secunderabad-9,1679962,"Amul Mary  12-1-1054, NORTH LALAGUDA",6,2024,101,1101,0,1202,312,3742,0,4054,3535,22452,0,25987,0,1700,0,1700,3535,20752,0,24287,0,0,0,0,0,100.0,3535,20752,0,24287
536,Hyderabad,536079,Secunderabad-9,1679963,"M. AGAIAH  12-1-1079/1,  NORTH LALAGUDA",6,2024,96,1106,0,1202,288,3901,0,4189,3360,23406,0,26766,0,1994,0,1994,3360,21412,0,24772,0,0,0,0,0,100.0,3360,21412,0,24772
536,Hyderabad,536079,Secunderabad-9,1679966,"Paspunuti Balamani  12-8-464, METTUGUDA",6,2024,137,863,0,1000,393,2845,0,3238,4795,17070,0,21865,66,4361,0,4427,4729,12709,0,17438,0,0,0,0,0,100.0,4729,12709,0,17438
536,Hyderabad,536079,Secunderabad-9,1679968,"Manchikanti Narsing Rao  12-8-181, METTUGUDA",6,2024,112,726,1,839,330,2448,1,2779,3920,14688,10,18618,1505,4416,10,5931,2415,10272,0,12687,0,0,0,0,0,100.0,2415,10272,0,12687
536,Hyderabad,536079,Secunderabad-9,1679969,"Maduram Savithri  12-8-388/6/1/A, METTUGUDA",6,2024,102,704,1,807,294,2349,1,2644,3570,14094,10,17674,592,294,10,896,2978,13800,0,16778,0,0,0,0,0,100.0,2978,13800,0,16778
536,Hyderabad,536079,Secunderabad-9,1679973,"Lavangu Ravinder  10-1-690/1, EAST MARREDPALLY",6,2024,118,891,0,1009,336,3038,0,3374,4130,18228,0,22358,560,2418,0,2978,3570,15810,0,19380,0,0,0,0,0,100.0,3570,15810,0,19380
536,Hyderabad,536079,Secunderabad-9,1679977,"A S Vivekanand  10-4-188/A, ADDAGUTTA",6,2024,125,823,0,948,374,2924,0,3298,4375,17544,0,21919,1800,1266,0,3066,2575,16278,0,18853,0,0,0,0,0,100.0,2575,16278,0,18853
536,Hyderabad,536079,Secunderabad-9,1679978,"K Bheem Rao  10-3-10, EAST MARREDPALLY",6,2024,143,942,0,1085,458,3138,0,3596,5005,18828,0,23833,935,1998,0,2933,4070,16830,0,20900,0,0,0,0,0,100.0,4070,16830,0,20900
536,Hyderabad,536079,Secunderabad-9,1679980,"Danam Narsing Rao  10-2-20/3, WEST MARREDPALLY",6,2024,119,771,0,890,357,2703,0,3060,4165,16218,0,20383,1855,5598,0,7453,2310,10620,0,12930,0,0,0,0,0,100.0,2310,10620,0,12930
536,Hyderabad,536079,Secunderabad-9,1679981,"Praveen Kumar Gollyalla  10-5-825/1, ADDAGUTTA",6,2024,158,934,0,1092,473,3271,0,3744,5530,19626,0,25156,280,1178,0,1458,5250,18448,0,23698,0,0,0,0,0,100.0,5250,18448,0,23698
536,Hyderabad,536079,Secunderabad-9,1679983,"Saroja  12-12-145, MK. NAGAR",6,2024,79,767,0,846,202,2632,0,2834,2765,15792,0,18557,665,3499,0,4164,2100,12293,0,14393,0,0,0,0,0,100.0,2100,12293,0,14393
536,Hyderabad,536079,Secunderabad-9,1679986,"T MURALI KRISHNA GUPTA  10-3-P42/B, EAST MARREDPALLY",6,2024,138,994,0,1132,399,3442,0,3841,4830,20652,0,25482,1030,4222,0,5252,3800,16430,0,20230,0,0,0,0,0,100.0,3800,16430,0,20230
536,Hyderabad,536079,Secunderabad-9,1679987,"Mohammed Saleem  12-13-829/1, TARNAKA",6,2024,60,729,0,789,202,2508,0,2710,2100,15048,0,17148,0,1560,0,1560,2100,13488,0,15588,0,0,0,0,0,100.0,2100,13488,0,15588
536,Hyderabad,536079,Secunderabad-9,1679988,"Andool Yashwantha Kumari  12-11-885, WARASIGUDA",6,2024,102,1098,2,1202,296,3879,2,4177,3570,23274,20,26864,500,2910,0,3410,3070,20364,20,23454,0,0,0,0,0,100.0,3070,20364,20,23454
536,Hyderabad,536079,Secunderabad-9,1679989,"Neeli Mallikarjun Rao  10-3-190/32/1, EAST MARREDPALLY",6,2024,139,941,0,1080,392,3260,0,3652,4865,19560,0,24425,0,307,0,307,4865,19253,0,24118,0,0,0,0,0,100.0,4865,19253,0,24118
536,Hyderabad,536079,Secunderabad-9,1679991,"Julakanti Manjula  1-6-212/65/107/142/5, GP COLONY RAMNAGAR",6,2024,53,670,0,723,161,2321,0,2482,1855,13926,0,15781,420,1158,0,1578,1435,12768,0,14203,0,0,0,0,0,100.0,1435,12768,0,14203
536,Hyderabad,536079,Secunderabad-9,1679992,"Vanjarapu Ramadevi  11-4-322/19/A, SECBAD",6,2024,62,969,1,1032,184,3336,1,3521,2170,20016,10,22196,0,678,0,678,2170,19338,10,21518,0,0,0,0,0,100.0,2170,19338,10,21518
536,Hyderabad,536079,Secunderabad-9,1679993,"Kotla Uma Devi  12-11-1412/2, WARASIGUDA",6,2024,89,1112,0,1201,275,3912,0,4187,3115,23472,0,26587,65,5,0,70,3050,23467,0,26517,0,0,0,0,0,100.0,3050,23467,0,26517
536,Hyderabad,536079,Secunderabad-9,1679996,"E.Pooja  10-5-816, ADDAGUTTA",6,2024,77,824,0,901,217,2822,0,3039,2695,16932,0,19627,140,1198,0,1338,2555,15734,0,18289,0,0,0,0,0,100.0,2555,15734,0,18289
536,Hyderabad,536079,Secunderabad-9,1679997,"G B Nithya Subhashini  10-4-A/13,  ADDAGUTTA",6,2024,118,751,0,869,337,2584,0,2921,4130,15504,0,19634,110,3675,0,3785,4020,11829,0,15849,0,0,0,0,0,100.0,4020,11829,0,15849
536,Hyderabad,536079,Secunderabad-9,1679998,"CH. RENUKA  10-1-690/1, EAST MARREDPALLY",6,2024,157,955,0,1112,483,3277,0,3760,5495,19662,0,25157,1145,4143,0,5288,4350,15519,0,19869,0,0,0,0,0,100.0,4350,15519,0,19869
536,Hyderabad,536076,Amberpet-6,1699999,epos demo  10-6-190	FIRST LANCER,6,2024,0,3,0,3,0,4,0,4,0,24,0,24,0,24,0,24,0,0,0,0,0,0,0,0,0,100.0,0,0,0,0
537,Ranga Reddy,537100,Gandipet,1500002,D SUMAN KUMAR  NARSINGI-I,6,2024,18,667,0,685,37,2312,0,2349,630,13872,0,14502,0,246,0,246,630,13626,0,14256,0,0,0,0,0,100.0,630,13626,0,14256
537,Ranga Reddy,537100,Gandipet,1500003,Duddu Suman  NARSINGI-II,6,2024,18,502,0,520,42,1730,0,1772,630,10380,0,11010,0,22,0,22,630,10358,0,10988,0,0,0,0,0,100.0,630,10358,0,10988
537,Ranga Reddy,537100,Gandipet,1500004,Chintala Nirmala  HYDERSHAKOTE,6,2024,15,775,0,790,42,2392,0,2434,525,14352,0,14877,70,906,0,976,455,13446,0,13901,0,0,0,0,0,100.0,455,13446,0,13901
537,Ranga Reddy,537100,Gandipet,1500005,Jangily Anuradha  PEERANCHERVU,6,2024,42,951,0,993,114,3203,0,3317,1470,19218,0,20688,0,3216,0,3216,1470,16002,0,17472,0,0,0,0,0,100.0,1470,16002,0,17472
537,Ranga Reddy,537100,Gandipet,1500006,SRINIVAS  KISMATHPUR,6,2024,22,465,0,487,57,1515,0,1572,770,9090,0,9860,175,90,0,265,595,9000,0,9595,0,0,0,0,0,100.0,595,9000,0,9595
537,Ranga Reddy,537100,Gandipet,1500007,NASEEM SULTANA  DARGA KALIZ KHAN,6,2024,12,636,0,648,27,2393,0,2420,420,14358,0,14778,0,174,0,174,420,14184,0,14604,0,0,0,0,0,100.0,420,14184,0,14604
537,Ranga Reddy,537100,Gandipet,1500008,G Venkatesh  MANCHIREVULA,6,2024,17,541,0,558,37,1832,0,1869,595,10992,0,11587,0,0,0,0,595,10992,0,11587,0,0,0,0,0,100.0,595,10992,0,11587
537,Ranga Reddy,537100,Gandipet,1500009,K VANAJA  PUPPALGUDA,6,2024,8,348,1,357,30,1134,2,1166,280,6804,10,7094,0,6,10,16,280,6798,0,7078,0,0,0,0,0,100.0,280,6798,0,7078
537,Ranga Reddy,537100,Gandipet,1500010,YADAMMA  NEKNAMPUR,6,2024,18,397,0,415,49,1251,0,1300,630,7506,0,8136,0,18,0,18,630,7488,0,8118,0,0,0,0,0,100.0,630,7488,0,8118
537,Ranga Reddy,537100,Gandipet,1500011,KRISHNA VENI  KOKAPET,6,2024,39,649,0,688,96,2095,0,2191,1365,12570,0,13935,175,3480,0,3655,1190,9090,0,10280,0,0,0,0,0,100.0,1190,9090,0,10280
537,Ranga Reddy,537100,Gandipet,1500012,Madapathi Jyothi  GANDIPET,6,2024,19,447,0,466,43,1435,0,1478,665,8610,0,9275,140,7,0,147,525,8603,0,9128,0,0,0,0,0,100.0,525,8603,0,9128
537,Ranga Reddy,537100,Gandipet,1500013,M SWETHA  VATTINAGULAPALLY,6,2024,37,830,0,867,72,2722,0,2794,1295,16332,0,17627,0,1294,0,1294,1295,15038,0,16333,0,0,0,0,0,100.0,1295,15038,0,16333
537,Ranga Reddy,537100,Gandipet,1500014,VASANTHA  MANIKONDAJAGIR,6,2024,34,580,0,614,88,1661,0,1749,1190,9966,0,11156,490,3588,0,4078,700,6378,0,7078,0,0,0,0,0,100.0,700,6378,0,7078
537,Ranga Reddy,537100,Gandipet,1500015,HEMA  BANDLAGUDAJAGIR,6,2024,31,1254,2,1287,68,4204,7,4279,1085,25224,20,26329,0,2507,0,2507,1085,22717,20,23822,0,0,0,0,0,100.0,1085,22717,20,23822
537,Ranga Reddy,537100,Gandipet,1500016,Vallapu Annapurna  HIMAYATHSAGAR,6,2024,14,404,0,418,39,1353,0,1392,490,8118,0,8608,0,498,0,498,490,7620,0,8110,0,0,0,0,0,100.0,490,7620,0,8110
537,Ranga Reddy,537100,Gandipet,1500017,Mundapuram Srinivas  Hydershakote,6,2024,25,849,0,874,66,2765,0,2831,875,16590,0,17465,0,3492,0,3492,875,13098,0,13973,0,0,0,0,0,100.0,875,13098,0,13973
537,Ranga Reddy,537100,Gandipet,1500018,T.Sheshagiri Babu  Gandamguda,6,2024,13,812,0,825,26,2498,0,2524,455,14988,0,15443,35,8760,0,8795,420,6228,0,6648,0,0,0,0,0,100.0,420,6228,0,6648
537,Ranga Reddy,537100,Gandipet,1500019,M Jagan  Kismathpur,6,2024,26,431,0,457,63,1371,0,1434,910,8226,0,9136,105,0,0,105,805,8226,0,9031,0,0,0,0,0,100.0,805,8226,0,9031
537,Ranga Reddy,537100,Gandipet,1500020,G Venkatesh  Macnhirevula,6,2024,38,468,0,506,84,1569,0,1653,1330,9414,0,10744,35,3111,0,3146,1295,6303,0,7598,0,0,0,0,0,100.0,1295,6303,0,7598
537,Ranga Reddy,537100,Gandipet,1500021,Smt.G.Shilpa Priya  Puppaguda,6,2024,12,489,0,501,23,1651,0,1674,420,9906,0,10326,0,456,0,456,420,9450,0,9870,0,0,0,0,0,100.0,420,9450,0,9870
537,Ranga Reddy,537100,Gandipet,1500022,Smt Naga Peddamma  Kokapet,6,2024,27,599,0,626,64,1977,0,2041,945,11862,0,12807,35,3852,0,3887,910,8010,0,8920,0,0,0,0,0,100.0,910,8010,0,8920
537,Ranga Reddy,537100,Gandipet,1500023,Shivanand Reddy  Manikonda,6,2024,29,722,0,751,54,2228,0,2282,1015,13368,0,14383,0,6727,0,6727,1015,6641,0,7656,0,0,0,0,0,100.0,1015,6641,0,7656
537,Ranga Reddy,537100,Gandipet,1500024,Burra Vijay Kumar Goud  Bandlaguda,6,2024,19,1035,0,1054,45,3280,0,3325,665,19680,0,20345,0,3540,0,3540,665,16140,0,16805,0,0,0,0,0,100.0,665,16140,0,16805
537,Ranga Reddy,537100,Gandipet,1500025,Bhookya Sravan Naik  Narsinghi-IV,6,2024,27,533,0,560,65,1880,0,1945,945,11280,0,12225,0,0,0,0,945,11280,0,12225,0,0,0,0,0,100.0,945,11280,0,12225
537,Ranga Reddy,537100,Gandipet,1500026,PUSHPAMMA  KHANAPUR,6,2024,35,513,0,548,75,1778,0,1853,1225,10668,0,11893,105,1584,0,1689,1120,9084,0,10204,0,0,0,0,0,100.0,1120,9084,0,10204
537,Ranga Reddy,537100,Gandipet,1500027,Bhadavath Raju  Narsingi-III,6,2024,25,609,0,634,52,2077,0,2129,875,12462,0,13337,35,786,0,821,840,11676,0,12516,0,0,0,0,0,100.0,840,11676,0,12516
537,Ranga Reddy,537004,Shankarpalle,1504001,Madolla Jyothi  CHANDIPPA,6,2024,103,284,0,387,341,895,0,1236,3605,5370,0,8975,315,180,0,495,3290,5190,0,8480,0,0,0,0,0,100.0,3290,5190,0,8480
537,Ranga Reddy,537004,Shankarpalle,1504002,Kolampu Anitha  RAMANTHAPUR,6,2024,83,183,0,266,282,548,0,830,2905,3288,0,6193,210,594,0,804,2695,2694,0,5389,0,0,0,0,0,100.0,2695,2694,0,5389
537,Ranga Reddy,537004,Shankarpalle,1504003,Basagalla Vijaya  YERVAGUDA,6,2024,48,203,0,251,151,772,0,923,1680,4632,0,6312,0,336,0,336,1680,4296,0,5976,0,0,0,0,0,100.0,1680,4296,0,5976
537,Ranga Reddy,537004,Shankarpalle,1504004,Madapathi Vishvanadham  MOKILA,6,2024,95,931,0,1026,311,3201,0,3512,3325,19206,0,22531,0,216,0,216,3325,18990,0,22315,0,0,0,0,0,100.0,3325,18990,0,22315
537,Ranga Reddy,537004,Shankarpalle,1504005,Parveda Prabhakar Goud  BHULKAPUR,6,2024,94,594,0,688,277,2215,0,2492,3290,13290,0,16580,350,571,0,921,2940,12719,0,15659,0,0,0,0,0,100.0,2940,12719,0,15659
537,Ranga Reddy,537004,Shankarpalle,1504006,Machanna Gari Laxma Reddy  MAHALINGAPUR,6,2024,82,379,0,461,228,1238,0,1466,2870,7428,0,10298,140,924,0,1064,2730,6504,0,9234,0,0,0,0,0,100.0,2730,6504,0,9234
537,Ranga Reddy,537004,Shankarpalle,1504007,Mohd Ayub Khan  DHOBIPET,6,2024,110,429,0,539,311,1503,0,1814,3850,9018,0,12868,140,156,0,296,3710,8862,0,12572,0,0,0,0,0,100.0,3710,8862,0,12572
537,Ranga Reddy,537004,Shankarpalle,1504008,Peddolla Kamalamma  GAJULGUDA,6,2024,111,270,0,381,336,803,0,1139,3885,4818,0,8703,140,852,0,992,3745,3966,0,7711,0,0,0,0,0,100.0,3745,3966,0,7711
537,Ranga Reddy,537004,Shankarpalle,1504009,Yasa Mohan Reddy  LAXMA REDDY GUDA,6,2024,89,233,0,322,274,706,0,980,3115,4236,0,7351,0,66,0,66,3115,4170,0,7285,0,0,0,0,0,100.0,3115,4170,0,7285
537,Ranga Reddy,537004,Shankarpalle,1504010,Adimulam Sunitha  JANWADA,6,2024,53,414,0,467,134,1410,0,1544,1855,8460,0,10315,420,1938,0,2358,1435,6522,0,7957,0,0,0,0,0,100.0,1435,6522,0,7957
537,Ranga Reddy,537004,Shankarpalle,1504011,"Puram Pallavi Reddy  M.No. 2-13, Mirzaguda, Shankarpalle",6,2024,32,681,0,713,84,2253,0,2337,1120,13518,0,14638,0,138,0,138,1120,13380,0,14500,0,0,0,0,0,100.0,1120,13380,0,14500
537,Ranga Reddy,537004,Shankarpalle,1504012,Kandada Prathap Reddy  MAHARAJPET,6,2024,91,339,0,430,277,1257,0,1534,3185,7542,0,10727,0,114,0,114,3185,7428,0,10613,0,0,0,0,0,100.0,3185,7428,0,10613
537,Ranga Reddy,537004,Shankarpalle,1504013,Sara Lavanya  GOPULARAM,6,2024,70,248,0,318,231,865,0,1096,2450,5190,0,7640,175,276,0,451,2275,4914,0,7189,0,0,0,0,0,100.0,2275,4914,0,7189
537,Ranga Reddy,537004,Shankarpalle,1504014,Kanapuram Prabhakar  DONTHANPALLE,6,2024,30,224,0,254,95,759,0,854,1050,4554,0,5604,0,0,0,0,1050,4554,0,5604,0,0,0,0,0,100.0,1050,4554,0,5604
537,Ranga Reddy,537004,Shankarpalle,1504015,Umentala Suvarna  PRODDUTUR,6,2024,69,667,0,736,215,2077,0,2292,2415,12462,0,14877,0,144,0,144,2415,12318,0,14733,0,0,0,0,0,100.0,2415,12318,0,14733
537,Ranga Reddy,537004,Shankarpalle,1504016,Mala Vijayalalitha  YELWARTHY,6,2024,51,416,0,467,154,1296,0,1450,1785,7776,0,9561,105,1368,0,1473,1680,6408,0,8088,0,0,0,0,0,100.0,1680,6408,0,8088
537,Ranga Reddy,537004,Shankarpalle,1504017,Kothapalli Ram Laxmaiah  KOJIGUDA,6,2024,22,124,0,146,73,387,0,460,770,2322,0,3092,0,162,0,162,770,2160,0,2930,0,0,0,0,0,100.0,770,2160,0,2930
537,Ranga Reddy,537004,Shankarpalle,1504018,Didige Anantaiah  SHANDERPALLE,6,2024,82,597,0,679,232,2091,0,2323,2870,12546,0,15416,0,0,0,0,2870,12546,0,15416,0,0,0,0,0,100.0,2870,12546,0,15416
537,Ranga Reddy,537004,Shankarpalle,1504019,Durgam Venkataiah  SHANKERPALLE,6,2024,111,583,0,694,308,1941,0,2249,3885,11646,0,15531,997,3114,0,4111,2888,8532,0,11420,0,0,0,0,0,100.0,2888,8532,0,11420
537,Ranga Reddy,537004,Shankarpalle,1504020,Vannepaga Vijay Kumar  SHANKERPALLE,6,2024,61,272,0,333,183,788,0,971,2135,4728,0,6863,0,570,0,570,2135,4158,0,6293,0,0,0,0,0,100.0,2135,4158,0,6293
537,Ranga Reddy,537004,Shankarpalle,1504021,Medipally Yadaiah  FATHEPUR,6,2024,103,290,0,393,318,1039,0,1357,3605,6234,0,9839,175,138,0,313,3430,6096,0,9526,0,0,0,0,0,100.0,3430,6096,0,9526
537,Ranga Reddy,537004,Shankarpalle,1504022,Kodi Jayamma  TANGUTOOR,6,2024,126,653,0,779,396,1980,0,2376,4410,11880,0,16290,70,936,0,1006,4340,10944,0,15284,0,0,0,0,0,100.0,4340,10944,0,15284
537,Ranga Reddy,537004,Shankarpalle,1504023,Kunti Amrutha Durga  SINGAPUR,6,2024,124,744,0,868,388,2288,0,2676,4340,13728,0,18068,140,1914,0,2054,4200,11814,0,16014,0,0,0,0,0,100.0,4200,11814,0,16014
537,Ranga Reddy,537004,Shankarpalle,1504024,Gangyada Galaiah  PARVEDA,6,2024,130,540,0,670,420,1942,0,2362,4550,11652,0,16202,0,997,0,997,4550,10655,0,15205,0,0,0,0,0,100.0,4550,10655,0,15205
537,Ranga Reddy,537004,Shankarpalle,1504025,Urivindi Keshavulu  MASANIGUDA,6,2024,71,208,0,279,226,664,0,890,2485,3984,0,6469,0,420,0,420,2485,3564,0,6049,0,0,0,0,0,100.0,2485,3564,0,6049
537,Ranga Reddy,537004,Shankarpalle,1504026,Mundivagu Govardhan  KOTHAPALLE,6,2024,73,492,0,565,231,1541,0,1772,2555,9246,0,11801,140,348,0,488,2415,8898,0,11313,0,0,0,0,0,100.0,2415,8898,0,11313
537,Ranga Reddy,537004,Shankarpalle,1504027,Utherapalli Ramulu  RAVULAPALLE KALAN,6,2024,97,472,0,569,326,1506,0,1832,3395,9036,0,12431,70,1260,0,1330,3325,7776,0,11101,0,0,0,0,0,100.0,3325,7776,0,11101
537,Ranga Reddy,537004,Shankarpalle,1504028,Manikinda Laxmamma  ALAMKHANGUDA,6,2024,56,228,0,284,156,724,0,880,1960,4344,0,6304,0,66,0,66,1960,4278,0,6238,0,0,0,0,0,100.0,1960,4278,0,6238
537,Ranga Reddy,537004,Shankarpalle,1504029,Gangyada Galaiah  SHANKERPALLE(KHALSA),6,2024,128,179,0,307,460,610,0,1070,4480,3660,0,8140,385,918,0,1303,4095,2742,0,6837,0,0,0,0,0,100.0,4095,2742,0,6837
537,Ranga Reddy,537004,Shankarpalle,1504030,Uppu Sangaiah  ANTHAPPAGUDA,6,2024,96,177,0,273,338,638,0,976,3360,3828,0,7188,140,390,0,530,3220,3438,0,6658,0,0,0,0,0,100.0,3220,3438,0,6658
537,Ranga Reddy,537004,Shankarpalle,1504031,Amduri Amrutha  KONDAKAL,6,2024,48,374,0,422,152,1297,0,1449,1680,7782,0,9462,315,1729,0,2044,1365,6053,0,7418,0,0,0,0,0,100.0,1365,6053,0,7418
537,Ranga Reddy,537004,Shankarpalle,1504032,Dandu Pandu  SERIGUDA,6,2024,71,173,0,244,203,621,0,824,2485,3726,0,6211,0,0,0,0,2485,3726,0,6211,0,0,0,0,0,100.0,2485,3726,0,6211
537,Ranga Reddy,537004,Shankarpalle,1504033,"Lingam Ravindhar  M. No: 3-123/A, Janwada, Shankarpalle",6,2024,56,592,0,648,156,1932,0,2088,1960,11592,0,13552,35,0,0,35,1925,11592,0,13517,0,0,0,0,0,100.0,1925,11592,0,13517
537,Ranga Reddy,537004,Shankarpalle,1504034,"Madupathi Bhavani  M No:5-8/26, Shankerpally",6,2024,77,506,0,583,222,1772,0,1994,2695,10632,0,13327,35,978,0,1013,2660,9654,0,12314,0,0,0,0,0,100.0,2660,9654,0,12314
537,Ranga Reddy,537004,Shankarpalle,1504035,"Shetty Vinay Kumar  M.No:8-82/1, Shankerpally",6,2024,69,525,0,594,188,1776,0,1964,2415,10656,0,13071,0,384,0,384,2415,10272,0,12687,0,0,0,0,0,100.0,2415,10272,0,12687
537,Ranga Reddy,537004,Shankarpalle,1504036,Erukala Varalaxmi  Kondakal,6,2024,43,389,0,432,150,1388,0,1538,1505,8328,0,9833,0,0,0,0,1505,8328,0,9833,0,0,0,0,0,100.0,1505,8328,0,9833
537,Ranga Reddy,537017,Moinabad,1517001,Sudarshan  Himayathnagar,6,2024,95,930,0,1025,288,3170,0,3458,3325,19020,0,22345,70,1506,0,1576,3255,17514,0,20769,0,0,0,0,0,100.0,3255,17514,0,20769
537,Ranga Reddy,537017,Moinabad,1517002,Nyalati Pedda Sivaiah  Yenkepally,6,2024,52,562,0,614,162,1944,0,2106,1820,11664,0,13484,0,780,0,780,1820,10884,0,12704,0,0,0,0,0,100.0,1820,10884,0,12704
537,Ranga Reddy,537017,Moinabad,1517003,K Joseph  Chilkur - I,6,2024,109,877,0,986,263,2885,0,3148,3815,17310,0,21125,175,0,0,175,3640,17310,0,20950,0,0,0,0,0,100.0,3640,17310,0,20950
537,Ranga Reddy,537017,Moinabad,1517004,Shoba Latha  Chilkur - II,6,2024,92,313,0,405,286,1043,0,1329,3220,6258,0,9478,2460,6200,0,8660,760,58,0,818,0,0,0,0,0,100.0,760,58,0,818
537,Ranga Reddy,537017,Moinabad,1517005,Prabhu Lingam  Chilkur - III,6,2024,37,226,0,263,106,774,0,880,1295,4644,0,5939,35,13,0,48,1260,4631,0,5891,0,0,0,0,0,100.0,1260,4631,0,5891
537,Ranga Reddy,537017,Moinabad,1517006,A Ram Das  Chinnamangalaram,6,2024,79,544,0,623,243,1944,0,2187,2765,11664,0,14429,210,1314,0,1524,2555,10350,0,12905,0,0,0,0,0,100.0,2555,10350,0,12905
537,Ranga Reddy,537017,Moinabad,1517007,Katika Sattoji  Medipally,6,2024,80,509,0,589,206,1816,0,2022,2800,10896,0,13696,70,504,0,574,2730,10392,0,13122,0,0,0,0,0,100.0,2730,10392,0,13122
537,Ranga Reddy,537017,Moinabad,1517008,Katta Prabhavathi  Chandanagar,6,2024,50,189,0,239,154,691,0,845,1750,4146,0,5896,0,120,0,120,1750,4026,0,5776,0,0,0,0,0,100.0,1750,4026,0,5776
537,Ranga Reddy,537017,Moinabad,1517009,Yenagalla Bal Raj  Mothkupally,6,2024,33,137,0,170,107,450,0,557,1155,2700,0,3855,105,702,0,807,1050,1998,0,3048,0,0,0,0,0,100.0,1050,1998,0,3048
537,Ranga Reddy,537017,Moinabad,1517010,Mamidi Narayana Reddy  Reddy Pally,6,2024,42,198,0,240,121,632,0,753,1470,3792,0,5262,0,156,0,156,1470,3636,0,5106,0,0,0,0,0,100.0,1470,3636,0,5106
537,Ranga Reddy,537017,Moinabad,1517011,M D Dawood Ahmed  Tholkatta,6,2024,43,365,0,408,114,1283,0,1397,1505,7698,0,9203,5,0,0,5,1500,7698,0,9198,0,0,0,0,0,100.0,1500,7698,0,9198
537,Ranga Reddy,537017,Moinabad,1517012,Malla Reddy  Chinna shapur,6,2024,24,93,0,117,76,297,0,373,840,1782,0,2622,0,216,0,216,840,1566,0,2406,0,0,0,0,0,100.0,840,1566,0,2406
537,Ranga Reddy,537017,Moinabad,1517013,Janardhan  Sajanpally,6,2024,6,100,0,106,25,345,0,370,210,2070,0,2280,35,162,0,197,175,1908,0,2083,0,0,0,0,0,100.0,175,1908,0,2083
537,Ranga Reddy,537017,Moinabad,1517014,Jaya Pradha  Peddamangalaram,6,2024,80,1140,1,1221,289,3555,1,3845,2800,21330,10,24140,0,36,0,36,2800,21294,10,24104,0,0,0,0,0,100.0,2800,21294,10,24104
537,Ranga Reddy,537017,Moinabad,1517015,Kotha Manik Reddy  Aziznagar-1,6,2024,102,786,1,889,287,2747,1,3035,3570,16482,10,20062,0,165,10,175,3570,16317,0,19887,0,0,0,0,0,100.0,3570,16317,0,19887
537,Ranga Reddy,537017,Moinabad,1517016,Bantu Laxmi Sujatha  Nagireddy Guda,6,2024,89,353,0,442,256,1283,0,1539,3115,7698,0,10813,250,1027,0,1277,2865,6671,0,9536,0,0,0,0,0,100.0,2865,6671,0,9536
537,Ranga Reddy,537017,Moinabad,1517017,Gollapally Bhupal Reddy  Amdapur,6,2024,79,488,0,567,196,1732,0,1928,2765,10392,0,13157,140,685,0,825,2625,9707,0,12332,0,0,0,0,0,100.0,2625,9707,0,12332
537,Ranga Reddy,537017,Moinabad,1517018,Gummi Jayapradha  Kasimbowli,6,2024,28,130,0,158,69,468,0,537,980,2808,0,3788,0,12,0,12,980,2796,0,3776,0,0,0,0,0,100.0,980,2796,0,3776
537,Ranga Reddy,537017,Moinabad,1517019,Mallappa  Bakaram Jagir,6,2024,117,477,0,594,384,1592,0,1976,4095,9552,0,13647,0,5,0,5,4095,9547,0,13642,0,0,0,0,0,100.0,4095,9547,0,13642
537,Ranga Reddy,537017,Moinabad,1517020,Soma Suresh  Not Available,6,2024,13,52,0,65,44,198,0,242,455,1188,0,1643,35,108,0,143,420,1080,0,1500,0,0,0,0,0,100.0,420,1080,0,1500
537,Ranga Reddy,537017,Moinabad,1517021,Chevella Shiva Kumar  Moinabad,6,2024,61,726,0,787,163,2642,0,2805,2135,15852,0,17987,0,26,0,26,2135,15826,0,17961,0,0,0,0,0,100.0,2135,15826,0,17961
537,Ranga Reddy,537017,Moinabad,1517022,Palamakula Yadhaiah  Murthuzaguda,6,2024,81,170,3,254,233,614,3,850,2835,3684,30,6549,140,12,0,152,2695,3672,30,6397,0,0,0,0,0,100.0,2695,3672,30,6397
537,Ranga Reddy,537017,Moinabad,1517023,Kotha Manik Reddy  Surangal,6,2024,60,443,0,503,148,1401,0,1549,2100,8406,0,10506,0,704,0,704,2100,7702,0,9802,0,0,0,0,0,100.0,2100,7702,0,9802
537,Ranga Reddy,537017,Moinabad,1517024,Manka Yellaiah  Sriramnagar,6,2024,116,419,0,535,353,1436,0,1789,4060,8616,0,12676,250,864,0,1114,3810,7752,0,11562,0,0,0,0,0,100.0,3810,7752,0,11562
537,Ranga Reddy,537017,Moinabad,1517025,P.Jagdish Kumar  Venkatapur,6,2024,55,355,0,410,172,1099,0,1271,1925,6594,0,8519,35,840,0,875,1890,5754,0,7644,0,0,0,0,0,100.0,1890,5754,0,7644
537,Ranga Reddy,537017,Moinabad,1517026,Gotike Srikanth  Kethireddypally,6,2024,149,495,3,647,391,1839,3,2233,5215,11034,30,16279,210,0,0,210,5005,11034,30,16069,0,0,0,0,0,100.0,5005,11034,30,16069
537,Ranga Reddy,537017,Moinabad,1517027,Anthi Reddy Gari Madhavi  Kanakamamidi,6,2024,106,397,0,503,301,1197,0,1498,3710,7182,0,10892,0,0,0,0,3710,7182,0,10892,0,0,0,0,0,100.0,3710,7182,0,10892
537,Ranga Reddy,537017,Moinabad,1517028,Narsimlu  Appareddyguda,6,2024,31,195,0,226,95,693,0,788,1085,4158,0,5243,0,61,0,61,1085,4097,0,5182,0,0,0,0,0,100.0,1085,4097,0,5182
537,Ranga Reddy,537017,Moinabad,1517029,Anitha  Nakkalpally,6,2024,35,289,0,324,100,927,0,1027,1225,5562,0,6787,35,492,0,527,1190,5070,0,6260,0,0,0,0,0,100.0,1190,5070,0,6260
537,Ranga Reddy,537017,Moinabad,1517030,P Sajeeva Reddy  Ethbarpally,6,2024,17,191,0,208,43,567,0,610,595,3402,0,3997,70,216,0,286,525,3186,0,3711,0,0,0,0,0,100.0,525,3186,0,3711
537,Ranga Reddy,537017,Moinabad,1517031,Mokila Kalavathi  Yelkaguda,6,2024,72,282,0,354,227,957,0,1184,2520,5742,0,8262,0,1356,0,1356,2520,4386,0,6906,0,0,0,0,0,100.0,2520,4386,0,6906
537,Ranga Reddy,537017,Moinabad,1517032,Anthamgari Sunitha  Aziznagar-II,6,2024,69,357,0,426,196,1270,0,1466,2415,7620,0,10035,105,0,0,105,2310,7620,0,9930,0,0,0,0,0,100.0,2310,7620,0,9930
537,Ranga Reddy,537017,Moinabad,1517033,Malla Reddy Gari Swetha  Kanakamamidi-II,6,2024,34,274,2,310,92,864,2,958,1190,5184,20,6394,280,1570,0,1850,910,3614,20,4544,0,0,0,0,0,100.0,910,3614,20,4544
537,Ranga Reddy,537018,Chevella,1518001,Darmaraju Narsimha Rao  ALOOR-I,6,2024,56,641,0,697,157,2273,0,2430,1960,13638,0,15598,0,3252,0,3252,1960,10386,0,12346,0,0,0,0,0,100.0,1960,10386,0,12346
537,Ranga Reddy,537018,Chevella,1518002,M GOPAL  MIRZAGUDA,6,2024,38,234,0,272,109,849,0,958,1330,5094,0,6424,0,60,0,60,1330,5034,0,6364,0,0,0,0,0,100.0,1330,5034,0,6364
537,Ranga Reddy,537018,Chevella,1518003,K MALLAMMA  VENAKANNAGUDA,6,2024,12,105,0,117,41,332,0,373,420,1992,0,2412,35,216,0,251,385,1776,0,2161,0,0,0,0,0,100.0,385,1776,0,2161
537,Ranga Reddy,537018,Chevella,1518004,Kanakamamidi Tirupatireddy  CHEVELLA-I,6,2024,15,554,0,569,45,1905,0,1950,525,11430,0,11955,40,0,0,40,485,11430,0,11915,0,0,0,0,0,100.0,485,11430,0,11915
537,Ranga Reddy,537018,Chevella,1518005,DCMS CHEVELLA  CHEVELLA-II,6,2024,37,558,0,595,113,1929,0,2042,1295,11574,0,12869,0,0,0,0,1295,11574,0,12869,0,0,0,0,0,100.0,1295,11574,0,12869
537,Ranga Reddy,537018,Chevella,1518006,Nadipally Prabhakar  GUNDALA,6,2024,66,560,0,626,192,1750,0,1942,2310,10500,0,12810,215,1866,0,2081,2095,8634,0,10729,0,0,0,0,0,100.0,2095,8634,0,10729
537,Ranga Reddy,537018,Chevella,1518007,N PRABHAKER  ALLAWADA,6,2024,31,367,0,398,99,1213,0,1312,1085,7278,0,8363,245,354,0,599,840,6924,0,7764,0,0,0,0,0,100.0,840,6924,0,7764
537,Ranga Reddy,537018,Chevella,1518008,B SRINIVAS  KANDAWADA,6,2024,72,396,0,468,225,1313,0,1538,2520,7878,0,10398,0,339,0,339,2520,7539,0,10059,0,0,0,0,0,100.0,2520,7539,0,10059
537,Ranga Reddy,537018,Chevella,1518009,Devulapally Krishnareddy  PALGUTTA,6,2024,32,220,0,252,74,829,0,903,1120,4974,0,6094,35,481,0,516,1085,4493,0,5578,0,0,0,0,0,100.0,1085,4493,0,5578
537,Ranga Reddy,537018,Chevella,1518010,K ARCHANA  KHANAPUR,6,2024,46,282,0,328,153,881,0,1034,1610,5286,0,6896,140,1056,0,1196,1470,4230,0,5700,0,0,0,0,0,100.0,1470,4230,0,5700
537,Ranga Reddy,537018,Chevella,1518011,S RAJAIAH  REGADGHANPUR,6,2024,60,339,0,399,180,1086,0,1266,2100,6516,0,8616,0,1320,0,1320,2100,5196,0,7296,0,0,0,0,0,100.0,2100,5196,0,7296
537,Ranga Reddy,537018,Chevella,1518012,Darmaraju Narsimha Rao  KISTAPUR,6,2024,6,56,0,62,18,194,0,212,210,1164,0,1374,0,0,0,0,210,1164,0,1374,0,0,0,0,0,100.0,210,1164,0,1374
537,Ranga Reddy,537018,Chevella,1518013,B VENKATAIAH  DEVRAM PALLY,6,2024,24,189,0,213,74,551,0,625,840,3306,0,4146,35,666,0,701,805,2640,0,3445,0,0,0,0,0,100.0,805,2640,0,3445
537,Ranga Reddy,537018,Chevella,1518014,Sarapu Rajaiah  NAINCHERI,6,2024,12,169,0,181,36,545,0,581,420,3270,0,3690,0,1098,0,1098,420,2172,0,2592,0,0,0,0,0,100.0,420,2172,0,2592
537,Ranga Reddy,537018,Chevella,1518015,Chettem Palli Sathyaiah  NYALATA,6,2024,38,390,0,428,114,1259,0,1373,1330,7554,0,8884,105,966,0,1071,1225,6588,0,7813,0,0,0,0,0,100.0,1225,6588,0,7813
537,Ranga Reddy,537018,Chevella,1518016,P VINODHA  RAMANNAGUDA,6,2024,38,233,0,271,97,754,0,851,1330,4524,0,5854,0,702,0,702,1330,3822,0,5152,0,0,0,0,0,100.0,1330,3822,0,5152
537,Ranga Reddy,537018,Chevella,1518017,Sama Jayasudha Reddy  KOWKUNTLA,6,2024,83,458,0,541,261,1615,0,1876,2905,9690,0,12595,105,2088,0,2193,2800,7602,0,10402,0,0,0,0,0,100.0,2800,7602,0,10402
537,Ranga Reddy,537018,Chevella,1518018,BALRAJ  HASTHEPUR,6,2024,21,124,0,145,59,401,0,460,735,2406,0,3141,35,702,0,737,700,1704,0,2404,0,0,0,0,0,100.0,700,1704,0,2404
537,Ranga Reddy,537018,Chevella,1518019,Mohammad Saleem  THANGADAPALLY,6,2024,54,719,0,773,131,2363,0,2494,1890,14178,0,16068,0,3020,0,3020,1890,11158,0,13048,0,0,0,0,0,100.0,1890,11158,0,13048
537,Ranga Reddy,537018,Chevella,1518020,Andela Sudheer Kumar  NOWLAIPALLY,6,2024,12,47,0,59,28,141,0,169,420,846,0,1266,0,0,0,0,420,846,0,1266,0,0,0,0,0,100.0,420,846,0,1266
537,Ranga Reddy,537018,Chevella,1518021,BALAMANI  CHANVELY,6,2024,30,508,0,538,93,1611,0,1704,1050,9666,0,10716,150,1748,0,1898,900,7918,0,8818,0,0,0,0,0,100.0,900,7918,0,8818
537,Ranga Reddy,537018,Chevella,1518022,IC M GOPAL  BASTHEPUR,6,2024,40,226,0,266,89,717,0,806,1400,4302,0,5702,140,678,0,818,1260,3624,0,4884,0,0,0,0,0,100.0,1260,3624,0,4884
537,Ranga Reddy,537018,Chevella,1518023,VIGNESH  KESARAM,6,2024,22,220,0,242,70,743,0,813,770,4458,0,5228,0,6,0,6,770,4452,0,5222,0,0,0,0,0,100.0,770,4452,0,5222
537,Ranga Reddy,537018,Chevella,1518024,Bandari Anitha  PAMENA,6,2024,44,377,0,421,113,1210,0,1323,1540,7260,0,8800,455,696,0,1151,1085,6564,0,7649,0,0,0,0,0,100.0,1085,6564,0,7649
537,Ranga Reddy,537018,Chevella,1518025,Mala Lakshmi Kala  DAMARAIGADDA,6,2024,48,387,0,435,117,1362,0,1479,1680,8172,0,9852,35,330,0,365,1645,7842,0,9487,0,0,0,0,0,100.0,1645,7842,0,9487
537,Ranga Reddy,537018,Chevella,1518026,SUSHILA  IBRAHIMPALLY,6,2024,33,275,0,308,87,949,0,1036,1155,5694,0,6849,0,0,0,0,1155,5694,0,6849,0,0,0,0,0,100.0,1155,5694,0,6849
537,Ranga Reddy,537018,Chevella,1518027,C VINOD KUMAR  KAMMETA,6,2024,82,596,0,678,201,2082,0,2283,2870,12492,0,15362,245,1716,0,1961,2625,10776,0,13401,0,0,0,0,0,100.0,2625,10776,0,13401
537,Ranga Reddy,537018,Chevella,1518028,S Mahipal Reddy  EERLAPALLY,6,2024,44,244,0,288,100,841,0,941,1540,5046,0,6586,70,252,0,322,1470,4794,0,6264,0,0,0,0,0,100.0,1470,4794,0,6264
537,Ranga Reddy,537018,Chevella,1518029,MAHIPAL REDDY  YENKAPALLY,6,2024,25,268,0,293,60,881,0,941,875,5286,0,6161,110,684,0,794,765,4602,0,5367,0,0,0,0,0,100.0,765,4602,0,5367
537,Ranga Reddy,537018,Chevella,1518030,Katikem Gopal  GOLLAPALLY,6,2024,32,249,0,281,85,886,0,971,1120,5316,0,6436,35,684,0,719,1085,4632,0,5717,0,0,0,0,0,100.0,1085,4632,0,5717
537,Ranga Reddy,537018,Chevella,1518031,Ubbatti Buchaiah  URELLA,6,2024,91,578,0,669,226,2274,0,2500,3185,13644,0,16829,0,0,0,0,3185,13644,0,16829,0,0,0,0,0,100.0,3185,13644,0,16829
537,Ranga Reddy,537018,Chevella,1518032,JUASUDHA  DEVUNI YERRAVALLY,6,2024,44,424,0,468,111,1403,0,1514,1540,8418,0,9958,0,600,0,600,1540,7818,0,9358,0,0,0,0,0,100.0,1540,7818,0,9358
537,Ranga Reddy,537018,Chevella,1518033,SAINATH  MUDIMYAL,6,2024,57,372,0,429,134,1352,0,1486,1995,8112,0,10107,127,660,0,787,1868,7452,0,9320,0,0,0,0,0,100.0,1868,7452,0,9320
537,Ranga Reddy,537018,Chevella,1518034,VIGNESH  MALKAPUR,6,2024,49,461,0,510,154,1740,0,1894,1715,10440,0,12155,70,282,0,352,1645,10158,0,11803,0,0,0,0,0,100.0,1645,10158,0,11803
537,Ranga Reddy,537018,Chevella,1518035,JAIPAL REDDY  RAVALAPALLY KURUDU,6,2024,62,234,0,296,188,785,0,973,2170,4710,0,6880,0,144,0,144,2170,4566,0,6736,0,0,0,0,0,100.0,2170,4566,0,6736
537,Ranga Reddy,537018,Chevella,1518036,C NARSIMHA REDDY  KUMMERA,6,2024,29,228,0,257,106,802,0,908,1015,4812,0,5827,35,306,0,341,980,4506,0,5486,0,0,0,0,0,100.0,980,4506,0,5486
537,Ranga Reddy,537018,Chevella,1518037,VIRS SWAMYA  ANTHARAM,6,2024,77,339,0,416,233,1106,0,1339,2695,6636,0,9331,210,1158,0,1368,2485,5478,0,7963,0,0,0,0,0,100.0,2485,5478,0,7963
537,Ranga Reddy,537018,Chevella,1518038,B Padma  TALLARAM,6,2024,28,100,0,128,69,330,0,399,980,1980,0,2960,70,588,0,658,910,1392,0,2302,0,0,0,0,0,100.0,910,1392,0,2302
537,Ranga Reddy,537018,Chevella,1518039,G GOPL  DUDDAGU,6,2024,63,88,0,151,167,263,0,430,2205,1578,0,3783,0,0,0,0,2205,1578,0,3783,0,0,0,0,0,100.0,2205,1578,0,3783
537,Ranga Reddy,537018,Chevella,1518040,Teega Anitha  Aloor-II,6,2024,43,565,0,608,143,1943,0,2086,1505,11658,0,13163,0,0,0,0,1505,11658,0,13163,0,0,0,0,0,100.0,1505,11658,0,13163
537,Ranga Reddy,537018,Chevella,1518041,Sarla Ranjeetha  Chevella,6,2024,38,498,0,536,107,1705,0,1812,1330,10230,0,11560,35,0,0,35,1295,10230,0,11525,0,0,0,0,0,100.0,1295,10230,0,11525
537,Ranga Reddy,537018,Chevella,1518042,Md. Sardar  Kandawada,6,2024,49,327,0,376,126,1113,0,1239,1715,6678,0,8393,105,804,0,909,1610,5874,0,7484,0,0,0,0,0,100.0,1610,5874,0,7484
537,Ranga Reddy,537031,Shabad,1531001,Mohammed Ajays  SHABAD-I,6,2024,105,850,0,955,298,2626,0,2924,3675,15756,0,19431,0,1408,0,1408,3675,14348,0,18023,0,0,0,0,0,100.0,3675,14348,0,18023
537,Ranga Reddy,537031,Shabad,1531002,Tonta Karunakar  SHABAD-II,6,2024,69,377,0,446,194,1101,0,1295,2415,6606,0,9021,140,6,0,146,2275,6600,0,8875,0,0,0,0,0,100.0,2275,6600,0,8875
537,Ranga Reddy,537031,Shabad,1531003,Solipeta Raghavender Goud  SANKEPALLYGUDA,6,2024,52,375,0,427,119,1154,0,1273,1820,6924,0,8744,315,3162,0,3477,1505,3762,0,5267,0,0,0,0,0,100.0,1505,3762,0,5267
537,Ranga Reddy,537031,Shabad,1531004,K. Seshikala  KUMMARIGUDA,6,2024,52,461,0,513,149,1415,0,1564,1820,8490,0,10310,105,1579,0,1684,1715,6911,0,8626,0,0,0,0,0,100.0,1715,6911,0,8626
537,Ranga Reddy,537031,Shabad,1531005,Hythabad Jangaiah  NAREDLAGUDA,6,2024,34,122,0,156,89,344,0,433,1190,2064,0,3254,175,666,0,841,1015,1398,0,2413,0,0,0,0,0,100.0,1015,1398,0,2413
537,Ranga Reddy,537031,Shabad,1531006,Ravulapally Ramesh  MUDDEMGUDA,6,2024,79,534,0,613,253,1563,0,1816,2765,9378,0,12143,385,4194,0,4579,2380,5184,0,7564,0,0,0,0,0,100.0,2380,5184,0,7564
537,Ranga Reddy,537031,Shabad,1531007,Konegari Sailaja  BOBBILIGAM,6,2024,7,377,0,384,22,1258,0,1280,245,7548,0,7793,35,942,0,977,210,6606,0,6816,0,0,0,0,0,100.0,210,6606,0,6816
537,Ranga Reddy,537031,Shabad,1531008,Avancha Shobha  KOMARABANDA,6,2024,64,229,0,293,196,737,0,933,2240,4422,0,6662,280,384,0,664,1960,4038,0,5998,0,0,0,0,0,100.0,1960,4038,0,5998
537,Ranga Reddy,537031,Shabad,1531009,D Ramesh  MANAMERRY,6,2024,88,589,0,677,260,1880,0,2140,3080,11280,0,14360,105,1782,0,1887,2975,9498,0,12473,0,0,0,0,0,100.0,2975,9498,0,12473
537,Ranga Reddy,537031,Shabad,1531010,Kota Lakshmi  BODAMPAHAD,6,2024,51,347,0,398,155,1096,0,1251,1785,6576,0,8361,175,1830,0,2005,1610,4746,0,6356,0,0,0,0,0,100.0,1610,4746,0,6356
537,Ranga Reddy,537031,Shabad,1531011,Avancha Shobha  Sardar Nagar,6,2024,62,460,0,522,175,1387,0,1562,2170,8322,0,10492,385,2616,0,3001,1785,5706,0,7491,0,0,0,0,0,100.0,1785,5706,0,7491
537,Ranga Reddy,537031,Shabad,1531012,Dade Pentaiah  KURWA GUDA,6,2024,23,290,0,313,64,880,0,944,805,5280,0,6085,105,966,0,1071,700,4314,0,5014,0,0,0,0,0,100.0,700,4314,0,5014
537,Ranga Reddy,537031,Shabad,1531013,Kavali Susheela  KAKLOOR,6,2024,81,430,0,511,228,1359,0,1587,2835,8154,0,10989,280,2161,0,2441,2555,5993,0,8548,0,0,0,0,0,100.0,2555,5993,0,8548
537,Ranga Reddy,537031,Shabad,1531014,Utkuru Vidhyavathi  KESHARAM,6,2024,55,279,0,334,105,879,0,984,1925,5274,0,7199,420,1615,0,2035,1505,3659,0,5164,0,0,0,0,0,100.0,1505,3659,0,5164
537,Ranga Reddy,537031,Shabad,1531015,Shiva Kumari  ANTHARAM,6,2024,45,260,0,305,125,832,0,957,1575,4992,0,6567,105,1054,0,1159,1470,3938,0,5408,0,0,0,0,0,100.0,1470,3938,0,5408
537,Ranga Reddy,537031,Shabad,1531016,Pamena Narsimlu  SEETHARAMPUR,6,2024,27,339,0,366,84,1056,0,1140,945,6336,0,7281,175,1662,0,1837,770,4674,0,5444,0,0,0,0,0,100.0,770,4674,0,5444
537,Ranga Reddy,537031,Shabad,1531017,K Vasantha  Sardar Nagar,6,2024,13,224,0,237,28,657,0,685,455,3942,0,4397,35,306,0,341,420,3636,0,4056,0,0,0,0,0,100.0,420,3636,0,4056
537,Ranga Reddy,537031,Shabad,1531018,Pargi Ganesh  MALLAREDDY GUDA,6,2024,20,263,0,283,56,752,0,808,700,4512,0,5212,35,720,0,755,665,3792,0,4457,0,0,0,0,0,100.0,665,3792,0,4457
537,Ranga Reddy,537031,Shabad,1531019,Kolanu Srikanth Reddy  CHANDANVELLY,6,2024,90,445,0,535,195,1359,0,1554,3150,8154,0,11304,315,1608,0,1923,2835,6546,0,9381,0,0,0,0,0,100.0,2835,6546,0,9381
537,Ranga Reddy,537031,Shabad,1531020,Kotthapally Prathap Reddy  RUDRARAM,6,2024,71,206,0,277,222,704,0,926,2485,4224,0,6709,455,1020,0,1475,2030,3204,0,5234,0,0,0,0,0,100.0,2030,3204,0,5234
537,Ranga Reddy,537031,Shabad,1531021,Kotthapally Prathap Reddy  TALLAPALLY,6,2024,80,506,0,586,239,1625,0,1864,2800,9750,0,12550,280,448,0,728,2520,9302,0,11822,0,0,0,0,0,100.0,2520,9302,0,11822
537,Ranga Reddy,537031,Shabad,1531022,Bonthapally Shamantha  YETLA YERRAVALLY,6,2024,27,331,0,358,43,1008,0,1051,945,6048,0,6993,105,1122,0,1227,840,4926,0,5766,0,0,0,0,0,100.0,840,4926,0,5766
537,Ranga Reddy,537031,Shabad,1531023,Neerati Anjaiah Alias Anjaneyulu  THIMMAREDDY GUDA,6,2024,43,314,0,357,123,1033,0,1156,1505,6198,0,7703,70,410,0,480,1435,5788,0,7223,0,0,0,0,0,100.0,1435,5788,0,7223
537,Ranga Reddy,537031,Shabad,1531024,Bobbili Boji Reddy  LAXMARAO GUDA,6,2024,24,157,0,181,68,457,0,525,840,2742,0,3582,35,318,0,353,805,2424,0,3229,0,0,0,0,0,100.0,805,2424,0,3229
537,Ranga Reddy,537031,Shabad,1531025,Kammari Buchaiah  REGADIDOSWADA,6,2024,50,344,0,394,137,1038,0,1175,1750,6228,0,7978,175,1860,0,2035,1575,4368,0,5943,0,0,0,0,0,100.0,1575,4368,0,5943
537,Ranga Reddy,537031,Shabad,1531026,Cirimani Rama  MAKTA GUDA,6,2024,14,193,0,207,31,569,0,600,490,3414,0,3904,70,414,0,484,420,3000,0,3420,0,0,0,0,0,100.0,420,3000,0,3420
537,Ranga Reddy,537031,Shabad,1531027,D Mallaiah  TIRUMALAPUR,6,2024,35,179,0,214,122,534,0,656,1225,3204,0,4429,35,630,0,665,1190,2574,0,3764,0,0,0,0,0,100.0,1190,2574,0,3764
537,Ranga Reddy,537031,Shabad,1531028,P Anitha  DAMARLAPALLY,6,2024,57,486,0,543,159,1627,0,1786,1995,9762,0,11757,10,991,0,1001,1985,8771,0,10756,0,0,0,0,0,100.0,1985,8771,0,10756
537,Ranga Reddy,537031,Shabad,1531029,Kolanu Srikanth Reddy  PEDDAVEDU,6,2024,20,154,0,174,67,480,0,547,700,2880,0,3580,0,426,0,426,700,2454,0,3154,0,0,0,0,0,100.0,700,2454,0,3154
537,Ranga Reddy,537031,Shabad,1531030,Silamanthula Madhavi  NAGARKUNTA,6,2024,21,321,0,342,58,1043,0,1101,735,6258,0,6993,227,1090,0,1317,508,5168,0,5676,0,0,0,0,0,100.0,508,5168,0,5676
537,Ranga Reddy,537031,Shabad,1531031,Ch Lalitha  MACHANPALLY,6,2024,42,463,0,505,130,1539,0,1669,1470,9234,0,10704,350,3354,0,3704,1120,5880,0,7000,0,0,0,0,0,100.0,1120,5880,0,7000
537,Ranga Reddy,537031,Shabad,1531032,Silamanthula Madhavi  BHONIGIRIPALLY,6,2024,8,72,0,80,20,224,0,244,280,1344,0,1624,70,228,0,298,210,1116,0,1326,0,0,0,0,0,100.0,210,1116,0,1326
537,Ranga Reddy,537031,Shabad,1531033,P Anitha  Hythabad,6,2024,63,389,0,452,195,1324,0,1519,2205,7944,0,10149,355,996,0,1351,1850,6948,0,8798,0,0,0,0,0,100.0,1850,6948,0,8798
537,Ranga Reddy,537031,Shabad,1531034,G Surender Reddy  SOLI PET,6,2024,56,392,0,448,175,1333,0,1508,1960,7998,0,9958,145,1099,0,1244,1815,6899,0,8714,0,0,0,0,0,100.0,1815,6899,0,8714
537,Ranga Reddy,537031,Shabad,1531035,Erukala Jaganadam  MADDUR,6,2024,51,431,0,482,199,1523,0,1722,1785,9138,0,10923,0,1236,0,1236,1785,7902,0,9687,0,0,0,0,0,100.0,1785,7902,0,9687
537,Ranga Reddy,537031,Shabad,1531036,Manchanapally Manemma  YELGONDAGUDA,6,2024,71,277,0,348,219,839,0,1058,2485,5034,0,7519,175,943,0,1118,2310,4091,0,6401,0,0,0,0,0,100.0,2310,4091,0,6401
537,Ranga Reddy,537031,Shabad,1531037,Gorige Balaratnam  CHERLAGUDA,6,2024,34,261,0,295,102,897,0,999,1190,5382,0,6572,70,888,0,958,1120,4494,0,5614,0,0,0,0,0,100.0,1120,4494,0,5614
537,Ranga Reddy,537032,Shamshabad,1532001,Konkari Venkatesh  PACS,6,2024,16,642,0,658,41,2012,0,2053,560,12072,0,12632,11,0,0,11,549,12072,0,12621,0,0,0,0,0,100.0,549,12072,0,12621
537,Ranga Reddy,537032,Shamshabad,1532002,Koduru Srilatha  SHAMSHABAD-1,6,2024,97,1420,0,1517,295,4656,0,4951,3395,27936,0,31331,0,3780,0,3780,3395,24156,0,27551,0,0,0,0,0,100.0,3395,24156,0,27551
537,Ranga Reddy,537032,Shamshabad,1532003,Gangadhar Sudha Rani  SHAMSHABAD-2,6,2024,53,1469,0,1522,154,4975,0,5129,1855,29850,0,31705,140,0,0,140,1715,29850,0,31565,0,0,0,0,0,100.0,1715,29850,0,31565
537,Ranga Reddy,537032,Shamshabad,1532004,Guntaka Ramreddy  PACS 4,6,2024,12,796,0,808,34,2446,0,2480,420,14676,0,15096,0,0,0,0,420,14676,0,15096,0,0,0,0,0,100.0,420,14676,0,15096
537,Ranga Reddy,537032,Shamshabad,1532005,Thota Shankar  SHAMSHABAD-5,6,2024,51,553,0,604,157,1780,0,1937,1785,10680,0,12465,140,832,0,972,1645,9848,0,11493,0,0,0,0,0,100.0,1645,9848,0,11493
537,Ranga Reddy,537032,Shamshabad,1532006,Madi Reddy Surender Reddy  SHAMSHABAD-6,6,2024,15,553,0,568,39,1765,0,1804,525,10590,0,11115,0,198,0,198,525,10392,0,10917,0,0,0,0,0,100.0,525,10392,0,10917
537,Ranga Reddy,537032,Shamshabad,1532007,Ranga Padma  KOTHWALGUDA,6,2024,38,677,0,715,103,2217,0,2320,1330,13302,0,14632,105,1170,0,1275,1225,12132,0,13357,0,0,0,0,0,100.0,1225,12132,0,13357
537,Ranga Reddy,537032,Shamshabad,1532008,Pola Raju  TONDUPALLY,6,2024,94,648,0,742,256,2116,0,2372,3290,12696,0,15986,140,2189,0,2329,3150,10507,0,13657,0,0,0,0,0,100.0,3150,10507,0,13657
537,Ranga Reddy,537032,Shamshabad,1532009,Pothuganti Anuradha  SATHAMRAI,6,2024,23,339,0,362,66,1030,0,1096,805,6180,0,6985,70,1368,0,1438,735,4812,0,5547,0,0,0,0,0,100.0,735,4812,0,5547
537,Ranga Reddy,537032,Shamshabad,1532010,Nenavath Gobiya  GHANSIMIAGUDA,6,2024,12,326,0,338,27,1023,0,1050,420,6138,0,6558,0,156,0,156,420,5982,0,6402,0,0,0,0,0,100.0,420,5982,0,6402
537,Ranga Reddy,537032,Shamshabad,1532011,Mandadi Sathyanarayana Goud  GANDIGUDA,6,2024,4,103,0,107,12,330,0,342,140,1980,0,2120,0,228,0,228,140,1752,0,1892,0,0,0,0,0,100.0,140,1752,0,1892
537,Ranga Reddy,537032,Shamshabad,1532012,LAKSHMINARAYANA  PEDDA SHAPUR,6,2024,16,570,0,586,57,1768,0,1825,560,10608,0,11168,0,672,0,672,560,9936,0,10496,0,0,0,0,0,100.0,560,9936,0,10496
537,Ranga Reddy,537032,Shamshabad,1532013,Konda Sudharshan  OOTPALLY,6,2024,35,533,0,568,76,1682,0,1758,1225,10092,0,11317,216,548,0,764,1009,9544,0,10553,0,0,0,0,0,100.0,1009,9544,0,10553
537,Ranga Reddy,537032,Shamshabad,1532014,Pamula Swarupa  Ootpally-II,6,2024,2,184,0,186,2,597,0,599,70,3582,0,3652,0,2044,0,2044,70,1538,0,1608,0,0,0,0,0,100.0,70,1538,0,1608
537,Ranga Reddy,537032,Shamshabad,1532015,Doddiraghavendar  NARKUDA,6,2024,71,682,0,753,204,2236,0,2440,2485,13416,0,15901,175,2244,0,2419,2310,11172,0,13482,0,0,0,0,0,100.0,2310,11172,0,13482
537,Ranga Reddy,537032,Shamshabad,1532016,Gudepu Krishna  CHOWDARGUDA,6,2024,48,780,0,828,131,2663,0,2794,1680,15978,0,17658,0,1795,0,1795,1680,14183,0,15863,0,0,0,0,0,100.0,1680,14183,0,15863
537,Ranga Reddy,537032,Shamshabad,1532017,Mahummad Rafiq  KAVVAGUDA,6,2024,93,528,0,621,262,1723,0,1985,3255,10338,0,13593,140,1639,0,1779,3115,8699,0,11814,0,0,0,0,0,100.0,3115,8699,0,11814
537,Ranga Reddy,537032,Shamshabad,1532018,Kondoju Krishna  Narkuda,6,2024,47,513,0,560,132,1680,0,1812,1645,10080,0,11725,35,402,0,437,1610,9678,0,11288,0,0,0,0,0,100.0,1610,9678,0,11288
537,Ranga Reddy,537032,Shamshabad,1532019,Dandu Estari  SULTHANPALLY,6,2024,63,344,0,407,192,1094,0,1286,2205,6564,0,8769,210,1182,0,1392,1995,5382,0,7377,0,0,0,0,0,100.0,1995,5382,0,7377
537,Ranga Reddy,537032,Shamshabad,1532020,K. Ravinder  Kacharam,6,2024,23,319,0,342,75,1031,0,1106,805,6186,0,6991,70,595,0,665,735,5591,0,6326,0,0,0,0,0,100.0,735,5591,0,6326
537,Ranga Reddy,537032,Shamshabad,1532021,Thummala Hemalatha  MALKARAM,6,2024,25,358,0,383,66,1158,0,1224,875,6948,0,7823,0,498,0,498,875,6450,0,7325,0,0,0,0,0,100.0,875,6450,0,7325
537,Ranga Reddy,537032,Shamshabad,1532022,Jaipal Reddy  RAMANJAPUR,6,2024,38,355,0,393,107,1065,0,1172,1330,6390,0,7720,0,60,0,60,1330,6330,0,7660,0,0,0,0,0,100.0,1330,6330,0,7660
537,Ranga Reddy,537032,Shamshabad,1532023,Machalam Aruna  MADANPALLY,6,2024,22,313,0,335,61,977,0,1038,770,5862,0,6632,0,162,0,162,770,5700,0,6470,0,0,0,0,0,100.0,770,5700,0,6470
537,Ranga Reddy,537032,Shamshabad,1532024,Nenavath Gobiya  MUCHINTAL,6,2024,86,539,0,625,261,1875,0,2136,3010,11250,0,14260,0,540,0,540,3010,10710,0,13720,0,0,0,0,0,100.0,3010,10710,0,13720
537,Ranga Reddy,537032,Shamshabad,1532025,Banuru Nirmala  PALMAKUL,6,2024,49,412,0,461,155,1285,0,1440,1715,7710,0,9425,0,0,0,0,1715,7710,0,9425,0,0,0,0,0,100.0,1715,7710,0,9425
537,Ranga Reddy,537032,Shamshabad,1532026,P Padmavathi  Not Available,6,2024,95,1201,0,1296,280,3925,0,4205,3325,23550,0,26875,280,1485,0,1765,3045,22065,0,25110,0,0,0,0,0,100.0,3045,22065,0,25110
537,Ranga Reddy,537032,Shamshabad,1532027,SHANKAR  PEDDATUPRA,6,2024,21,204,0,225,53,650,0,703,735,3900,0,4635,385,60,0,445,350,3840,0,4190,0,0,0,0,0,100.0,350,3840,0,4190
537,Ranga Reddy,537032,Shamshabad,1532028,Nenavath Shanker  HAMIDULLANAGAR,6,2024,75,683,0,758,223,2177,0,2400,2625,13062,0,15687,0,764,0,764,2625,12298,0,14923,0,0,0,0,0,100.0,2625,12298,0,14923
537,Ranga Reddy,537032,Shamshabad,1532029,Mohd Amjad Shareef  Not Available,6,2024,26,372,0,398,62,1207,0,1269,910,7242,0,8152,0,0,0,0,910,7242,0,8152,0,0,0,0,0,100.0,910,7242,0,8152
537,Ranga Reddy,537032,Shamshabad,1532030,Mohd Amjad Shareef  CHINNA GOLKONDA,6,2024,13,191,0,204,33,603,0,636,455,3618,0,4073,0,0,0,0,455,3618,0,4073,0,0,0,0,0,100.0,455,3618,0,4073
537,Ranga Reddy,537032,Shamshabad,1532031,Mohamad Dastagirkhan  SHANKARAPUR,6,2024,67,309,0,376,178,993,0,1171,2345,5958,0,8303,0,102,0,102,2345,5856,0,8201,0,0,0,0,0,100.0,2345,5856,0,8201
537,Ranga Reddy,537032,Shamshabad,1532032,Malreddy Sudhakar Reddy  SANGIGUDA,6,2024,49,271,0,320,92,854,0,946,1715,5124,0,6839,35,384,0,419,1680,4740,0,6420,0,0,0,0,0,100.0,1680,4740,0,6420
537,Ranga Reddy,537032,Shamshabad,1532033,101  GOLLAPALLY,6,2024,22,113,0,135,54,366,0,420,770,2196,0,2966,35,78,0,113,735,2118,0,2853,0,0,0,0,0,100.0,735,2118,0,2853
537,Ranga Reddy,537032,Shamshabad,1532034,C H Lalitha  PEDDA GOLKONDA,6,2024,57,427,0,484,157,1328,0,1485,1995,7968,0,9963,35,0,0,35,1960,7968,0,9928,0,0,0,0,0,100.0,1960,7968,0,9928
537,Ranga Reddy,537032,Shamshabad,1532035,Deshapaga Narasimha  BAHADURGUDA,6,2024,55,461,0,516,147,1533,0,1680,1925,9198,0,11123,210,1704,0,1914,1715,7494,0,9209,0,0,0,0,0,100.0,1715,7494,0,9209
537,Ranga Reddy,537032,Shamshabad,1532036,Kavali Divvakar  BAHADURGUDA,6,2024,52,439,0,491,103,1409,0,1512,1820,8454,0,10274,245,618,0,863,1575,7836,0,9411,0,0,0,0,0,100.0,1575,7836,0,9411
537,Ranga Reddy,537032,Shamshabad,1532037,,6,2024,60,496,0,556,160,1628,0,1788,2100,9768,0,11868,0,1218,0,1218,2100,8550,0,10650,0,0,0,0,0,100.0,2100,8550,0,10650
537,Ranga Reddy,537032,Shamshabad,1532038,,6,2024,27,634,0,661,88,2066,0,2154,945,12396,0,13341,0,1038,0,1038,945,11358,0,12303,0,0,0,0,0,100.0,945,11358,0,12303
537,Ranga Reddy,537032,Shamshabad,1532039,,6,2024,20,675,0,695,51,2158,0,2209,700,12948,0,13648,0,438,0,438,700,12510,0,13210,0,0,0,0,0,100.0,700,12510,0,13210
537,Ranga Reddy,537032,Shamshabad,1532040,Bhavani Mahender  Satamrai-II,6,2024,27,439,0,466,79,1320,0,1399,945,7920,0,8865,0,120,0,120,945,7800,0,8745,0,0,0,0,0,100.0,945,7800,0,8745
537,Ranga Reddy,537033,Maheswaram,1533001,Hanmagalla Shashirekha  KOLLAPADKAL,6,2024,81,409,2,492,217,1436,2,1655,2835,8616,20,11471,315,1350,0,1665,2520,7266,20,9806,0,0,0,0,0,100.0,2520,7266,20,9806
537,Ranga Reddy,537033,Maheswaram,1533002,Munnanur Buchaiah  PORANDLA,6,2024,103,297,4,404,199,937,4,1140,3605,5622,40,9267,665,492,40,1197,2940,5130,0,8070,0,0,0,0,0,100.0,2940,5130,0,8070
537,Ranga Reddy,537033,Maheswaram,1533003,P JAGAN REDDY  SUBHANPUR,6,2024,71,381,0,452,191,1224,0,1415,2485,7344,0,9829,280,1452,0,1732,2205,5892,0,8097,0,0,0,0,0,100.0,2205,5892,0,8097
537,Ranga Reddy,537033,Maheswaram,1533004,Daduvai Shiva Kumar  DUBBACHERLA,6,2024,90,302,0,392,195,1034,0,1229,3150,6204,0,9354,35,444,0,479,3115,5760,0,8875,0,0,0,0,0,100.0,3115,5760,0,8875
537,Ranga Reddy,537033,Maheswaram,1533005,J BADRU SINGH  K C THANDA,6,2024,17,237,0,254,53,799,0,852,595,4794,0,5389,175,1008,0,1183,420,3786,0,4206,0,0,0,0,0,100.0,420,3786,0,4206
537,Ranga Reddy,537033,Maheswaram,1533006,S NARESH  MANKHAL-1,6,2024,60,473,1,534,87,1430,1,1518,2100,8580,10,10690,140,420,0,560,1960,8160,10,10130,0,0,0,0,0,100.0,1960,8160,10,10130
537,Ranga Reddy,537033,Maheswaram,1533007,P KOWSALYA  GHATPALLY,6,2024,24,376,0,400,63,1252,0,1315,840,7512,0,8352,70,816,0,886,770,6696,0,7466,0,0,0,0,0,100.0,770,6696,0,7466
537,Ranga Reddy,537033,Maheswaram,1533008,G PAVANI  AKANPALLY,6,2024,63,235,0,298,159,793,0,952,2205,4758,0,6963,35,246,0,281,2170,4512,0,6682,0,0,0,0,0,100.0,2170,4512,0,6682
537,Ranga Reddy,537033,Maheswaram,1533009,P SUVARNA  KALWAKOLE,6,2024,73,320,0,393,160,1027,0,1187,2555,6162,0,8717,420,1200,0,1620,2135,4962,0,7097,0,0,0,0,0,100.0,2135,4962,0,7097
537,Ranga Reddy,537033,Maheswaram,1533010,J PUSHPAMMA  MANIKYAMMAGUDA,6,2024,61,253,0,314,151,773,0,924,2135,4638,0,6773,70,120,0,190,2065,4518,0,6583,0,0,0,0,0,100.0,2065,4518,0,6583
537,Ranga Reddy,537033,Maheswaram,1533011,Gollur Krishna  KK Basthi,6,2024,8,41,0,49,18,117,0,135,280,702,0,982,0,18,0,18,280,684,0,964,0,0,0,0,0,100.0,280,684,0,964
537,Ranga Reddy,537033,Maheswaram,1533012,MD KARIM  PENDYAL,6,2024,31,258,0,289,66,798,0,864,1085,4788,0,5873,175,462,0,637,910,4326,0,5236,0,0,0,0,0,100.0,910,4326,0,5236
537,Ranga Reddy,537033,Maheswaram,1533013,B SANDHYA RANI  DABILGUDA,6,2024,17,158,0,175,35,542,0,577,595,3252,0,3847,35,282,0,317,560,2970,0,3530,0,0,0,0,0,100.0,560,2970,0,3530
537,Ranga Reddy,537033,Maheswaram,1533014,A SUMALATHA  RAMCHANDRA GUDA,6,2024,12,183,0,195,30,640,0,670,420,3840,0,4260,0,60,0,60,420,3780,0,4200,0,0,0,0,0,100.0,420,3780,0,4200
537,Ranga Reddy,537033,Maheswaram,1533015,B SHIRISHA  AMEERPET-1,6,2024,57,290,0,347,123,911,0,1034,1995,5466,0,7461,0,1008,0,1008,1995,4458,0,6453,0,0,0,0,0,100.0,1995,4458,0,6453
537,Ranga Reddy,537033,Maheswaram,1533016,Prema Latha  Ameerpet-II,6,2024,56,418,0,474,104,1319,0,1423,1960,7914,0,9874,0,378,0,378,1960,7536,0,9496,0,0,0,0,0,100.0,1960,7536,0,9496
537,Ranga Reddy,537033,Maheswaram,1533017,A VANISHRI  GOLLURU,6,2024,41,271,0,312,104,814,0,918,1435,4884,0,6319,420,1986,0,2406,1015,2898,0,3913,0,0,0,0,0,100.0,1015,2898,0,3913
537,Ranga Reddy,537033,Maheswaram,1533018,Midde Mamatha  NAGIREDDYPALLY,6,2024,40,220,0,260,81,734,0,815,1400,4404,0,5804,0,318,0,318,1400,4086,0,5486,0,0,0,0,0,100.0,1400,4086,0,5486
537,Ranga Reddy,537033,Maheswaram,1533019,Kappala Dinakar  MANKHAL-II,6,2024,80,488,0,568,156,1536,0,1692,2800,9216,0,12016,385,2946,0,3331,2415,6270,0,8685,0,0,0,0,0,100.0,2415,6270,0,8685
537,Ranga Reddy,537033,Maheswaram,1533020,G KRISHNA  THUPRAKHURD,6,2024,29,168,0,197,89,515,0,604,1015,3090,0,4105,1015,3090,0,4105,0,0,0,0,0,0,0,0,0,100.0,0,0,0,0
537,Ranga Reddy,537033,Maheswaram,1533021,MA SATHAR  MAHESHWARAM-I,6,2024,66,349,0,415,110,1184,0,1294,2310,7104,0,9414,0,0,0,0,2310,7104,0,9414,0,0,0,0,0,100.0,2310,7104,0,9414
537,Ranga Reddy,537033,Maheswaram,1533022,S DEVADAS  MAHESHWARAM-II,6,2024,66,323,0,389,199,1127,0,1326,2310,6762,0,9072,0,282,0,282,2310,6480,0,8790,0,0,0,0,0,100.0,2310,6480,0,8790
537,Ranga Reddy,537033,Maheswaram,1533023,K SUJATHA  MAHESHWARAM-III,6,2024,51,263,0,314,93,877,0,970,1785,5262,0,7047,280,672,0,952,1505,4590,0,6095,0,0,0,0,0,100.0,1505,4590,0,6095
537,Ranga Reddy,537033,Maheswaram,1533024,Afsari Begum  Maheswaram-IV,6,2024,58,299,0,357,183,1068,0,1251,2030,6408,0,8438,0,14,0,14,2030,6394,0,8424,0,0,0,0,0,100.0,2030,6394,0,8424
537,Ranga Reddy,537033,Maheswaram,1533025,K SRESH  RAVIRYAL-I,6,2024,36,441,0,477,105,1426,0,1531,1260,8556,0,9816,35,858,0,893,1225,7698,0,8923,0,0,0,0,0,100.0,1225,7698,0,8923
537,Ranga Reddy,537033,Maheswaram,1533026,NEELA NIKHIL GOUD  RAVIRYAL-II,6,2024,19,436,1,456,54,1495,1,1550,665,8970,10,9645,0,6,0,6,665,8964,10,9639,0,0,0,0,0,100.0,665,8964,10,9639
537,Ranga Reddy,537033,Maheswaram,1533027,D VENKATA RAMANA REDDY  SIRIGIRIPUR,6,2024,63,278,0,341,115,945,0,1060,2205,5670,0,7875,1750,3582,0,5332,455,2088,0,2543,0,0,0,0,0,100.0,455,2088,0,2543
537,Ranga Reddy,537033,Maheswaram,1533028,R SWARUPA  HARSHAGUDA,6,2024,101,487,0,588,229,1913,0,2142,3535,11478,0,15013,280,1242,0,1522,3255,10236,0,13491,0,0,0,0,0,100.0,3255,10236,0,13491
537,Ranga Reddy,537033,Maheswaram,1533029,D ROJA RANI  THUKKUDUDA-II,6,2024,78,450,0,528,174,1574,0,1748,2730,9444,0,12174,175,816,0,991,2555,8628,0,11183,0,0,0,0,0,100.0,2555,8628,0,11183
537,Ranga Reddy,537033,Maheswaram,1533030,P YADAGIRI  THUKKUDUDA-I,6,2024,90,490,0,580,189,1703,0,1892,3150,10218,0,13368,175,876,0,1051,2975,9342,0,12317,0,0,0,0,0,100.0,2975,9342,0,12317
537,Ranga Reddy,537033,Maheswaram,1533031,E VISHALA  SARDAR NAGAR,6,2024,49,382,0,431,115,1288,0,1403,1715,7728,0,9443,0,51,0,51,1715,7677,0,9392,0,0,0,0,0,100.0,1715,7677,0,9392
537,Ranga Reddy,537033,Maheswaram,1533032,M BABU  IMAMGUDA,6,2024,38,196,0,234,99,672,0,771,1330,4032,0,5362,70,457,0,527,1260,3575,0,4835,0,0,0,0,0,100.0,1260,3575,0,4835
537,Ranga Reddy,537033,Maheswaram,1533033,K SHIVALILA  MANSANPALLY,6,2024,30,494,0,524,65,1710,0,1775,1050,10260,0,11310,35,671,0,706,1015,9589,0,10604,0,0,0,0,0,100.0,1015,9589,0,10604
537,Ranga Reddy,537033,Maheswaram,1533034,MD KARIMKHAN  NAGARAM,6,2024,70,763,0,833,216,2619,0,2835,2450,15714,0,18164,35,1781,0,1816,2415,13933,0,16348,0,0,0,0,0,100.0,2415,13933,0,16348
537,Ranga Reddy,537033,Maheswaram,1533035,N ANDALU  THUMMALURU,6,2024,25,311,0,336,62,961,0,1023,875,5766,0,6641,175,1446,0,1621,700,4320,0,5020,0,0,0,0,0,100.0,700,4320,0,5020
537,Ranga Reddy,537033,Maheswaram,1533036,G SHIVS  MOHABBATH NAGAR,6,2024,55,132,0,187,122,430,0,552,1925,2580,0,4505,11,426,0,437,1914,2154,0,4068,0,0,0,0,0,100.0,1914,2154,0,4068
537,Ranga Reddy,537033,Maheswaram,1533037,YSREDDY  LILLIPUR,6,2024,43,79,0,122,71,200,0,271,1505,1200,0,2705,175,594,0,769,1330,606,0,1936,0,0,0,0,0,100.0,1330,606,0,1936
537,Ranga Reddy,537033,Maheswaram,1533038,Vijay Kumar  Maheswaram-V,6,2024,72,406,0,478,167,1358,0,1525,2520,8148,0,10668,140,1013,0,1153,2380,7135,0,9515,0,0,0,0,0,100.0,2380,7135,0,9515
537,Ranga Reddy,537033,Maheswaram,1533039,Hari Singh  ND Tanda,6,2024,39,179,0,218,76,589,0,665,1365,3534,0,4899,140,246,0,386,1225,3288,0,4513,0,0,0,0,0,100.0,1225,3288,0,4513
537,Ranga Reddy,537033,Maheswaram,1533040,MD Ali Pasha  Nandu Pally,6,2024,44,191,0,235,88,659,0,747,1540,3954,0,5494,0,0,0,0,1540,3954,0,5494,0,0,0,0,0,100.0,1540,3954,0,5494
537,Ranga Reddy,537033,Maheswaram,1533041,P SUJATHA  RAVIRYAL-III,6,2024,37,569,2,608,83,1806,2,1891,1295,10836,20,12151,35,792,20,847,1260,10044,0,11304,0,0,0,0,0,100.0,1260,10044,0,11304
537,Ranga Reddy,537033,Maheswaram,1533042,B PADMAVATHI  RAVIRYAL,6,2024,20,282,0,302,45,841,0,886,700,5046,0,5746,280,2712,0,2992,420,2334,0,2754,0,0,0,0,0,100.0,420,2334,0,2754
537,Ranga Reddy,537033,Maheswaram,1533043,M. Madhavi  Not Available,6,2024,87,374,1,462,157,1164,1,1322,3045,6984,10,10039,465,802,10,1277,2580,6182,0,8762,0,0,0,0,0,100.0,2580,6182,0,8762
537,Ranga Reddy,537033,Maheswaram,1533044,M Jangaiah  Dilwar Guda,6,2024,22,80,0,102,51,246,0,297,770,1476,0,2246,70,102,0,172,700,1374,0,2074,0,0,0,0,0,100.0,700,1374,0,2074
537,Ranga Reddy,537033,Maheswaram,1533045,Erravapu Praveen Kumar  Thummaloor,6,2024,34,306,0,340,97,1017,0,1114,1190,6102,0,7292,35,0,0,35,1155,6102,0,7257,0,0,0,0,0,100.0,1155,6102,0,7257
537,Ranga Reddy,537033,Maheswaram,1533046,"Sabhavath Suresh  PADAMATI TANDA, NAGARAM",6,2024,47,199,0,246,100,699,0,799,1645,4194,0,5839,280,540,0,820,1365,3654,0,5019,0,0,0,0,0,100.0,1365,3654,0,5019
537,Ranga Reddy,537033,Maheswaram,1533047,"CH Raviraj  Ameerpet, Maheswaram",6,2024,20,303,0,323,37,1015,0,1052,700,6090,0,6790,0,0,0,0,700,6090,0,6790,0,0,0,0,0,100.0,700,6090,0,6790
537,Ranga Reddy,537033,Maheswaram,1533048,"Munavath Bansilal  H.No. 3-84, Gangaram Village, Maheshwaram Mandal.",6,2024,41,178,0,219,85,684,0,769,1435,4104,0,5539,180,565,0,745,1255,3539,0,4794,0,0,0,0,0,100.0,1255,3539,0,4794
537,Ranga Reddy,537033,Maheswaram,1533049,"Mudavath Kavitha  Nalla Cheruvu Thanda, Maheswaram Mandal",6,2024,46,180,0,226,151,589,0,740,1610,3534,0,5144,0,0,0,0,1610,3534,0,5144,0,0,0,0,0,100.0,1610,3534,0,5144
537,Ranga Reddy,537033,Maheswaram,1533050,"Thaviti Paramesh  3-51, Habibullahguda",6,2024,10,110,0,120,23,358,0,381,350,2148,0,2498,0,0,0,0,350,2148,0,2498,0,0,0,0,0,100.0,350,2148,0,2498
537,Ranga Reddy,537034,Ibrahimpatam,1534001,TALLA KVITHA  IBRAHIMPATNAM-I,6,2024,22,398,0,420,71,1294,0,1365,770,7764,0,8534,0,1260,0,1260,770,6504,0,7274,0,0,0,0,0,100.0,770,6504,0,7274
537,Ranga Reddy,537034,Ibrahimpatam,1534002,Pogaku Badrappa  IBRAHIMPATNAM-II,6,2024,26,380,0,406,71,1232,0,1303,910,7392,0,8302,70,22,0,92,840,7370,0,8210,0,0,0,0,0,100.0,840,7370,0,8210
537,Ranga Reddy,537034,Ibrahimpatam,1534003,P BADRAPPA  IBRAHIMPATNAM-III,6,2024,45,735,0,780,115,2540,0,2655,1575,15240,0,16815,0,27,0,27,1575,15213,0,16788,0,0,0,0,0,100.0,1575,15213,0,16788
537,Ranga Reddy,537034,Ibrahimpatam,1534004,T PRABHAKER  IBRAHIMPATNAM-IV,6,2024,12,449,0,461,35,1453,0,1488,420,8718,0,9138,35,636,0,671,385,8082,0,8467,0,0,0,0,0,100.0,385,8082,0,8467
537,Ranga Reddy,537034,Ibrahimpatam,1534005,K PANDITH RAO  IBRAHIMPATNAM-V,6,2024,29,507,0,536,82,1643,0,1725,1015,9858,0,10873,0,0,0,0,1015,9858,0,10873,0,0,0,0,0,100.0,1015,9858,0,10873
537,Ranga Reddy,537034,Ibrahimpatam,1534006,K RAVI PRASD  IBRAHIMPATNAM-VI,6,2024,34,532,0,566,121,1729,0,1850,1190,10374,0,11564,0,1332,0,1332,1190,9042,0,10232,0,0,0,0,0,100.0,1190,9042,0,10232
537,Ranga Reddy,537034,Ibrahimpatam,1534007,K SHIVALILA  IBRAHIMPATNAM-VII,6,2024,32,736,0,768,97,2392,0,2489,1120,14352,0,15472,0,0,0,0,1120,14352,0,15472,0,0,0,0,0,100.0,1120,14352,0,15472
537,Ranga Reddy,537034,Ibrahimpatam,1534008,P JANGAMMA  SEETHARAMPET,6,2024,9,237,0,246,31,696,0,727,315,4176,0,4491,0,594,0,594,315,3582,0,3897,0,0,0,0,0,100.0,315,3582,0,3897
537,Ranga Reddy,537034,Ibrahimpatam,1534009,K SURENDER REDDY  CHERLAPATELGUDA,6,2024,23,551,0,574,60,1594,0,1654,805,9564,0,10369,0,600,0,600,805,8964,0,9769,0,0,0,0,0,100.0,805,8964,0,9769
537,Ranga Reddy,537034,Ibrahimpatam,1534010,Syed Azeem  DANDUMYLARAM-I,6,2024,48,730,0,778,144,2305,0,2449,1680,13830,0,15510,105,534,0,639,1575,13296,0,14871,0,0,0,0,0,100.0,1575,13296,0,14871
537,Ranga Reddy,537034,Ibrahimpatam,1534011,CH NAGESHWAR RAO  DANDUMYLARAM-II,6,2024,43,708,0,751,124,2305,0,2429,1505,13830,0,15335,0,3132,0,3132,1505,10698,0,12203,0,0,0,0,0,100.0,1505,10698,0,12203
537,Ranga Reddy,537034,Ibrahimpatam,1534012,P Kistaiah  MUKUNOOR,6,2024,32,338,0,370,84,1061,0,1145,1120,6366,0,7486,385,1566,0,1951,735,4800,0,5535,0,0,0,0,0,100.0,735,4800,0,5535
537,Ranga Reddy,537034,Ibrahimpatam,1534013,Aeleti Kamalakar  RAIPOLE-I,6,2024,31,681,0,712,96,2137,0,2233,1085,12822,0,13907,0,1200,0,1200,1085,11622,0,12707,0,0,0,0,0,100.0,1085,11622,0,12707
537,Ranga Reddy,537034,Ibrahimpatam,1534014,ASHOK  RAIPOLE-II,6,2024,44,667,0,711,154,2223,0,2377,1540,13338,0,14878,41,1818,0,1859,1499,11520,0,13019,0,0,0,0,0,100.0,1499,11520,0,13019
537,Ranga Reddy,537034,Ibrahimpatam,1534015,SUNITHA  NAGANPALLY,6,2024,34,430,0,464,115,1396,0,1511,1190,8376,0,9566,0,966,0,966,1190,7410,0,8600,0,0,0,0,0,100.0,1190,7410,0,8600
537,Ranga Reddy,537034,Ibrahimpatam,1534016,Saarla Arun Kumar  POLKAMPALLY,6,2024,37,512,0,549,111,1620,0,1731,1295,9720,0,11015,105,2490,0,2595,1190,7230,0,8420,0,0,0,0,0,100.0,1190,7230,0,8420
537,Ranga Reddy,537034,Ibrahimpatam,1534017,B YADAMMA  NERRAPALLY,6,2024,29,289,0,318,92,957,0,1049,1015,5742,0,6757,210,294,0,504,805,5448,0,6253,0,0,0,0,0,100.0,805,5448,0,6253
537,Ranga Reddy,537034,Ibrahimpatam,1534018,B SRINIVAS REDDY  KAPPAPAHAD,6,2024,43,500,0,543,133,1750,0,1883,1505,10500,0,12005,210,1350,0,1560,1295,9150,0,10445,0,0,0,0,0,100.0,1295,9150,0,10445
537,Ranga Reddy,537034,Ibrahimpatam,1534019,K Jyothi  ELIMINATDU,6,2024,13,440,0,453,41,1433,0,1474,455,8598,0,9053,0,2064,0,2064,455,6534,0,6989,0,0,0,0,0,100.0,455,6534,0,6989
537,Ranga Reddy,537034,Ibrahimpatam,1534020,Madhyala Suresh  TURKAGUDA,6,2024,8,245,0,253,29,733,0,762,280,4398,0,4678,35,972,0,1007,245,3426,0,3671,0,0,0,0,0,100.0,245,3426,0,3671
537,Ranga Reddy,537034,Ibrahimpatam,1534021,K SRISAILAM  TULEKALAN,6,2024,97,521,0,618,260,1623,0,1883,3395,9738,0,13133,0,1698,0,1698,3395,8040,0,11435,0,0,0,0,0,100.0,3395,8040,0,11435
537,Ranga Reddy,537034,Ibrahimpatam,1534022,N YADAGIRI  MANGALPALLY,6,2024,41,436,0,477,155,1429,0,1584,1435,8574,0,10009,0,6,0,6,1435,8568,0,10003,0,0,0,0,0,100.0,1435,8568,0,10003
537,Ranga Reddy,537034,Ibrahimpatam,1534023,B NARSIMHA  POCHARAM,6,2024,49,601,0,650,150,1793,0,1943,1715,10758,0,12473,35,1265,0,1300,1680,9493,0,11173,0,0,0,0,0,100.0,1680,9493,0,11173
537,Ranga Reddy,537034,Ibrahimpatam,1534024,D NARSIMHA  M P PATELGUDA,6,2024,63,682,0,745,229,2054,0,2283,2205,12324,0,14529,140,0,0,140,2065,12324,0,14389,0,0,0,0,0,100.0,2065,12324,0,14389
537,Ranga Reddy,537034,Ibrahimpatam,1534025,G SRVA REDDY  SERIGUDA,6,2024,23,393,0,416,70,1201,0,1271,805,7206,0,8011,35,600,0,635,770,6606,0,7376,0,0,0,0,0,100.0,770,6606,0,7376
537,Ranga Reddy,537034,Ibrahimpatam,1534026,CH YADAIAH  UPPERIGUDA,6,2024,53,402,0,455,155,1230,0,1385,1855,7380,0,9235,105,846,0,951,1750,6534,0,8284,0,0,0,0,0,100.0,1750,6534,0,8284
537,Ranga Reddy,537034,Ibrahimpatam,1534027,A RAM REDDY  RAMDASPALLY,6,2024,13,219,0,232,52,716,0,768,455,4296,0,4751,0,528,0,528,455,3768,0,4223,0,0,0,0,0,100.0,455,3768,0,4223
537,Ranga Reddy,537034,Ibrahimpatam,1534028,Ravula Kumar Goud  KONGARA KALAN-I,6,2024,95,633,0,728,269,2322,0,2591,3325,13932,0,17257,140,78,0,218,3185,13854,0,17039,0,0,0,0,0,100.0,3185,13854,0,17039
537,Ranga Reddy,537034,Ibrahimpatam,1534029,Bhanu Chander Goud  KONGARA KALAN-II,6,2024,82,544,0,626,240,2006,0,2246,2870,12036,0,14906,385,2262,0,2647,2485,9774,0,12259,0,0,0,0,0,100.0,2485,9774,0,12259
537,Ranga Reddy,537034,Ibrahimpatam,1534030,G CHANDRAIAH GOUD  ADIBATLA,6,2024,45,650,0,695,154,2080,0,2234,1575,12480,0,14055,0,1218,0,1218,1575,11262,0,12837,0,0,0,0,0,100.0,1575,11262,0,12837
537,Ranga Reddy,537034,Ibrahimpatam,1534031,Y Bhanu Chandar Goud  BONGULOOR,6,2024,28,330,0,358,79,1019,0,1098,980,6114,0,7094,0,1518,0,1518,980,4596,0,5576,0,0,0,0,0,100.0,980,4596,0,5576
537,Ranga Reddy,537034,Ibrahimpatam,1534032,Not Available  Karnam guda,6,2024,13,161,0,174,40,464,0,504,455,2784,0,3239,0,672,0,672,455,2112,0,2567,0,0,0,0,0,100.0,455,2112,0,2567
537,Ranga Reddy,537034,Ibrahimpatam,1534033,S Arun Kumar  Polkampally,6,2024,28,432,0,460,73,1344,0,1417,980,8064,0,9044,0,0,0,0,980,8064,0,9044,0,0,0,0,0,100.0,980,8064,0,9044
537,Ranga Reddy,537034,Ibrahimpatam,1534034,K Jyothi  Eliminedu,6,2024,38,387,0,425,112,1313,0,1425,1330,7878,0,9208,105,0,0,105,1225,7878,0,9103,0,0,0,0,0,100.0,1225,7878,0,9103
537,Ranga Reddy,537034,Ibrahimpatam,1534035,G Vijaya Laxmi  Sheriguda,6,2024,25,421,0,446,69,1312,0,1381,875,7872,0,8747,34,60,0,94,841,7812,0,8653,0,0,0,0,0,100.0,841,7812,0,8653
537,Ranga Reddy,537034,Ibrahimpatam,1534036,Kosiga Ram Chandraiah  Malshettuguda,6,2024,5,115,0,120,19,333,0,352,175,1998,0,2173,0,36,0,36,175,1962,0,2137,0,0,0,0,0,100.0,175,1962,0,2137
537,Ranga Reddy,537034,Ibrahimpatam,1534037,KOSIKA RENUKA  CHINTAPALLIGUDA,6,2024,18,71,0,89,48,228,0,276,630,1368,0,1998,0,138,0,138,630,1230,0,1860,0,0,0,0,0,100.0,630,1230,0,1860
537,Ranga Reddy,537035,Manchal,1535001,Sathiri Sathaiah  ARUTLA-I,6,2024,47,654,0,701,157,2095,0,2252,1645,12570,0,14215,0,754,0,754,1645,11816,0,13461,0,0,0,0,0,100.0,1645,11816,0,13461
537,Ranga Reddy,537035,Manchal,1535002,Anthati Jhansi Lakshmi  ARUTLA-II,6,2024,41,666,0,707,121,2204,0,2325,1435,13224,0,14659,0,2550,0,2550,1435,10674,0,12109,0,0,0,0,0,100.0,1435,10674,0,12109
537,Ranga Reddy,537035,Manchal,1535003,Polapalli Umadevi  ARUTLA-III,6,2024,58,637,0,695,189,2056,0,2245,2030,12336,0,14366,0,2418,0,2418,2030,9918,0,11948,0,0,0,0,0,100.0,2030,9918,0,11948
537,Ranga Reddy,537035,Manchal,1535004,Jarpula Lalitha  PC THANDA,6,2024,49,257,0,306,134,930,0,1064,1715,5580,0,7295,420,1878,0,2298,1295,3702,0,4997,0,0,0,0,0,100.0,1295,3702,0,4997
537,Ranga Reddy,537035,Manchal,1535005,Vedire Indiramma  BANDALEMUR,6,2024,32,610,0,642,110,2006,0,2116,1120,12036,0,13156,140,2136,0,2276,980,9900,0,10880,0,0,0,0,0,100.0,980,9900,0,10880
537,Ranga Reddy,537035,Manchal,1535006,Chimala Manjula  CHENNAREDDYGUDA,6,2024,28,502,0,530,79,1606,0,1685,980,9636,0,10616,35,2232,0,2267,945,7404,0,8349,0,0,0,0,0,100.0,945,7404,0,8349
537,Ranga Reddy,537035,Manchal,1535007,J JAGAIAH  CHITTAPUR,6,2024,27,432,0,459,92,1389,0,1481,945,8334,0,9279,105,1482,0,1587,840,6852,0,7692,0,0,0,0,0,100.0,840,6852,0,7692
537,Ranga Reddy,537035,Manchal,1535008,v sandeep reddy  THIPPAIGUDA,6,2024,11,294,0,305,37,952,0,989,385,5712,0,6097,0,1098,0,1098,385,4614,0,4999,0,0,0,0,0,100.0,385,4614,0,4999
537,Ranga Reddy,537035,Manchal,1535009,Venkat Reddy Kandhi  THALLAPALLYGUDA,6,2024,59,419,0,478,220,1251,0,1471,2065,7506,0,9571,215,1896,0,2111,1850,5610,0,7460,0,0,0,0,0,100.0,1850,5610,0,7460
537,Ranga Reddy,537035,Manchal,1535010,Bussu Pulla Reddy  MANCHAL-I,6,2024,66,536,0,602,210,1705,0,1915,2310,10230,0,12540,490,4140,0,4630,1820,6090,0,7910,0,0,0,0,0,100.0,1820,6090,0,7910
537,Ranga Reddy,537035,Manchal,1535011,Anireddy Rajitha  MANCHAL-II,6,2024,123,496,0,619,394,1575,0,1969,4305,9450,0,13755,0,0,0,0,4305,9450,0,13755,0,0,0,0,0,100.0,4305,9450,0,13755
537,Ranga Reddy,537035,Manchal,1535012,Nandigani Padma Reddy  NOMULA,6,2024,17,535,0,552,55,1675,0,1730,595,10050,0,10645,35,2178,0,2213,560,7872,0,8432,0,0,0,0,0,100.0,560,7872,0,8432
537,Ranga Reddy,537035,Manchal,1535013,Nandigani Padma Reddy  LINGAMPALLY,6,2024,68,600,0,668,237,1910,0,2147,2380,11460,0,13840,210,2198,0,2408,2170,9262,0,11432,0,0,0,0,0,100.0,2170,9262,0,11432
537,Ranga Reddy,537035,Manchal,1535014,Karing Jangaiah  LOYAPALLI-I,6,2024,44,563,0,607,152,1788,0,1940,1540,10728,0,12268,245,4704,0,4949,1295,6024,0,7319,0,0,0,0,0,100.0,1295,6024,0,7319
537,Ranga Reddy,537035,Manchal,1535015,Udugu Kalavathi  LOYAPALLI-II,6,2024,52,569,0,621,157,1736,0,1893,1820,10416,0,12236,245,492,0,737,1575,9924,0,11499,0,0,0,0,0,100.0,1575,9924,0,11499
537,Ranga Reddy,537035,Manchal,1535016,Korra Vachya  AMBOTH THANDA,6,2024,87,386,0,473,304,1322,0,1626,3045,7932,0,10977,5,271,0,276,3040,7661,0,10701,0,0,0,0,0,100.0,3040,7661,0,10701
537,Ranga Reddy,537035,Manchal,1535017,Anthati Jhansi Lakshmi  BODAKONDA,6,2024,31,629,0,660,106,2103,0,2209,1085,12618,0,13703,315,5298,0,5613,770,7320,0,8090,0,0,0,0,0,100.0,770,7320,0,8090
537,Ranga Reddy,537035,Manchal,1535018,Sapavat Gota Raghuveer  YELLAMMATHANDA,6,2024,28,434,0,462,81,1281,0,1362,980,7686,0,8666,150,1800,0,1950,830,5886,0,6716,0,0,0,0,0,100.0,830,5886,0,6716
537,Ranga Reddy,537035,Manchal,1535019,Karnati Ram Reddy  CHEEDED,6,2024,40,224,0,264,118,693,0,811,1400,4158,0,5558,385,1008,0,1393,1015,3150,0,4165,0,0,0,0,0,100.0,1015,3150,0,4165
537,Ranga Reddy,537035,Manchal,1535020,Kaveti Venkataiah  DADPALLY,6,2024,38,339,0,377,125,1069,0,1194,1330,6414,0,7744,140,1578,0,1718,1190,4836,0,6026,0,0,0,0,0,100.0,1190,4836,0,6026
537,Ranga Reddy,537035,Manchal,1535021,Karnati Ram Reddy  RANGAPUR,6,2024,32,258,0,290,82,748,0,830,1120,4488,0,5608,70,1218,0,1288,1050,3270,0,4320,0,0,0,0,0,100.0,1050,3270,0,4320
537,Ranga Reddy,537035,Manchal,1535022,Bakuna Umarani  JAPAL,6,2024,31,584,0,615,91,1832,0,1923,1085,10992,0,12077,105,1218,0,1323,980,9774,0,10754,0,0,0,0,0,100.0,980,9774,0,10754
537,Ranga Reddy,537035,Manchal,1535023,J PADMA  CHANDKHANGUDA,6,2024,54,262,0,316,162,921,0,1083,1890,5526,0,7416,105,732,0,837,1785,4794,0,6579,0,0,0,0,0,100.0,1785,4794,0,6579
537,Ranga Reddy,537035,Manchal,1535024,Nusrath Begum  AGAPALLY,6,2024,58,405,0,463,206,1294,0,1500,2030,7764,0,9794,105,876,0,981,1925,6888,0,8813,0,0,0,0,0,100.0,1925,6888,0,8813
537,Ranga Reddy,537035,Manchal,1535025,Akula Mangamma  KHANAPUR,6,2024,29,373,0,402,67,1146,0,1213,1015,6876,0,7891,210,1338,0,1548,805,5538,0,6343,0,0,0,0,0,100.0,805,5538,0,6343
537,Ranga Reddy,537035,Manchal,1535026,Yata Jangaiah  KAGAZGHAT,6,2024,28,228,0,256,83,681,0,764,980,4086,0,5066,210,1494,0,1704,770,2592,0,3362,0,0,0,0,0,100.0,770,2592,0,3362
537,Ranga Reddy,537036,Yacharam,1536001,Janige Srisailam  NANDIVANAPATHI-I,6,2024,11,575,0,586,43,1853,0,1896,385,11118,0,11503,35,2118,0,2153,350,9000,0,9350,0,0,0,0,0,100.0,350,9000,0,9350
537,Ranga Reddy,537036,Yacharam,1536002,RUDRAMMA  NANDIVANAPARTHI-2,6,2024,16,561,0,577,51,1811,0,1862,560,10866,0,11426,0,985,0,985,560,9881,0,10441,0,0,0,0,0,100.0,560,9881,0,10441
537,Ranga Reddy,537036,Yacharam,1536003,KALAMMA  NASDIKSINGARAM,6,2024,8,410,0,418,29,1277,0,1306,280,7662,0,7942,35,1800,0,1835,245,5862,0,6107,0,0,0,0,0,100.0,245,5862,0,6107
537,Ranga Reddy,537036,Yacharam,1536004,Butharaju Sathyamma  YACHARAM,6,2024,1,425,0,426,3,1290,0,1293,35,7740,0,7775,0,2142,0,2142,35,5598,0,5633,0,0,0,0,0,100.0,35,5598,0,5633
537,Ranga Reddy,537036,Yacharam,1536005,B ABBAIAH  MALKJIGUDA,6,2024,10,446,0,456,32,1546,0,1578,350,9276,0,9626,0,1572,0,1572,350,7704,0,8054,0,0,0,0,0,100.0,350,7704,0,8054
537,Ranga Reddy,537036,Yacharam,1536006,P SATHAMMA  GANDLAGUDA,6,2024,2,360,0,362,8,1293,0,1301,70,7758,0,7828,0,0,0,0,70,7758,0,7828,0,0,0,0,0,100.0,70,7758,0,7828
537,Ranga Reddy,537036,Yacharam,1536007,INDIRA  MOGULLAVAMPU,6,2024,2,198,0,200,5,632,0,637,70,3792,0,3862,0,0,0,0,70,3792,0,3862,0,0,0,0,0,100.0,70,3792,0,3862
537,Ranga Reddy,537036,Yacharam,1536008,Mashamoni Yadaiah  MEDIPALLY,6,2024,7,515,0,522,23,1680,0,1703,245,10080,0,10325,0,3570,0,3570,245,6510,0,6755,0,0,0,0,0,100.0,245,6510,0,6755
537,Ranga Reddy,537036,Yacharam,1536009,M YADAIAH  NAKKARTHA,6,2024,4,497,0,501,11,1621,0,1632,140,9726,0,9866,0,0,0,0,140,9726,0,9866,0,0,0,0,0,100.0,140,9726,0,9866
537,Ranga Reddy,537036,Yacharam,1536010,MALLESHA  NANAKNAGAR,6,2024,10,330,0,340,39,1019,0,1058,350,6114,0,6464,35,1425,0,1460,315,4689,0,5004,0,0,0,0,0,100.0,315,4689,0,5004
537,Ranga Reddy,537036,Yacharam,1536011,Gundra Jaipal Reddy  TULEKURD,6,2024,37,526,0,563,101,1672,0,1773,1295,10032,0,11327,140,3348,0,3488,1155,6684,0,7839,0,0,0,0,0,100.0,1155,6684,0,7839
537,Ranga Reddy,537036,Yacharam,1536012,BALRAJ  DHARMANAGUDA,6,2024,8,218,0,226,25,709,0,734,280,4254,0,4534,0,828,0,828,280,3426,0,3706,0,0,0,0,0,100.0,280,3426,0,3706
537,Ranga Reddy,537036,Yacharam,1536013,RANGAIAH  CHOWDARPALLI,6,2024,16,565,0,581,48,1943,0,1991,560,11658,0,12218,46,2082,0,2128,514,9576,0,10090,0,0,0,0,0,100.0,514,9576,0,10090
537,Ranga Reddy,537036,Yacharam,1536014,VIJAYALAXMI  KURMIDDA,6,2024,29,705,0,734,90,2444,0,2534,1015,14664,0,15679,0,2160,0,2160,1015,12504,0,13519,0,0,0,0,0,100.0,1015,12504,0,13519
537,Ranga Reddy,537036,Yacharam,1536015,JAYPAL REDDY  THATIPARTHI,6,2024,15,471,0,486,55,1554,0,1609,525,9324,0,9849,0,1458,0,1458,525,7866,0,8391,0,0,0,0,0,100.0,525,7866,0,8391
537,Ranga Reddy,537036,Yacharam,1536016,M JANGAMMA  MALL,6,2024,19,831,0,850,59,2793,0,2852,665,16758,0,17423,0,126,0,126,665,16632,0,17297,0,0,0,0,0,100.0,665,16632,0,17297
537,Ranga Reddy,537036,Yacharam,1536017,K BALAMANI  NALLAVELLI,6,2024,63,705,0,768,164,2222,0,2386,2205,13332,0,15537,175,2442,0,2617,2030,10890,0,12920,0,0,0,0,0,100.0,2030,10890,0,12920
537,Ranga Reddy,537036,Yacharam,1536018,BUPAL  GUNGAL,6,2024,19,607,0,626,53,1921,0,1974,665,11526,0,12191,0,1944,0,1944,665,9582,0,10247,0,0,0,0,0,100.0,665,9582,0,10247
537,Ranga Reddy,537036,Yacharam,1536019,Macha Bhupal  GADDAMALAIGUDA,6,2024,21,427,0,448,72,1398,0,1470,735,8388,0,9123,0,1314,0,1314,735,7074,0,7809,0,0,0,0,0,100.0,735,7074,0,7809
537,Ranga Reddy,537036,Yacharam,1536020,Thamali Lakshmaiah  CHINTAPATLA,6,2024,20,717,0,737,57,2149,0,2206,700,12894,0,13594,0,2028,0,2028,700,10866,0,11566,0,0,0,0,0,100.0,700,10866,0,11566
537,Ranga Reddy,537036,Yacharam,1536021,Y KAMALA  MONDIGOWRELLI,6,2024,2,482,0,484,4,1510,0,1514,70,9060,0,9130,0,1446,0,1446,70,7614,0,7684,0,0,0,0,0,100.0,70,7614,0,7684
537,Ranga Reddy,537036,Yacharam,1536022,Pagadala Jayamma  MANTANGOWRELLY,6,2024,27,833,0,860,79,2944,0,3023,945,17664,0,18609,105,2694,0,2799,840,14970,0,15810,0,0,0,0,0,100.0,840,14970,0,15810
537,Ranga Reddy,537036,Yacharam,1536023,Thelgamalla Yadaiah  TAMMALONIGUDA,6,2024,30,361,0,391,86,1236,0,1322,1050,7416,0,8466,35,1416,0,1451,1015,6000,0,7015,0,0,0,0,0,100.0,1015,6000,0,7015
537,Ranga Reddy,537036,Yacharam,1536024,T BHARATHAMMA  THAKKALLAPALLI,6,2024,17,501,0,518,48,1647,0,1695,595,9882,0,10477,0,2082,0,2082,595,7800,0,8395,0,0,0,0,0,100.0,595,7800,0,8395
537,Ranga Reddy,537036,Yacharam,1536025,E RANI  KOTHAPALLI-1,6,2024,21,367,0,388,67,1203,0,1270,735,7218,0,7953,0,1128,0,1128,735,6090,0,6825,0,0,0,0,0,100.0,735,6090,0,6825
537,Ranga Reddy,537036,Yacharam,1536026,SHANAZBEGUM  KOTHAPALLI-2,6,2024,23,320,0,343,65,987,0,1052,805,5922,0,6727,35,3000,0,3035,770,2922,0,3692,0,0,0,0,0,100.0,770,2922,0,3692
537,Ranga Reddy,537037,Kandukur,1537001,A RAJU  MUCHERLA,6,2024,66,452,0,518,164,1450,0,1614,2310,8700,0,11010,0,1080,0,1080,2310,7620,0,9930,0,0,0,0,0,100.0,2310,7620,0,9930
537,Ranga Reddy,537037,Kandukur,1537002,Garlapati Shasirekha  UTLAPALLY,6,2024,53,314,0,367,148,1099,0,1247,1855,6594,0,8449,280,1050,0,1330,1575,5544,0,7119,0,0,0,0,0,100.0,1575,5544,0,7119
537,Ranga Reddy,537037,Kandukur,1537003,K MADHAV  SAIREDDY GUDA,6,2024,23,205,0,228,69,817,0,886,805,4902,0,5707,140,430,0,570,665,4472,0,5137,0,0,0,0,0,100.0,665,4472,0,5137
537,Ranga Reddy,537037,Kandukur,1537004,T BALAIAH  DASARLAPALLY,6,2024,29,316,0,345,71,1150,0,1221,1015,6900,0,7915,0,0,0,0,1015,6900,0,7915,0,0,0,0,0,100.0,1015,6900,0,7915
537,Ranga Reddy,537037,Kandukur,1537005,Ankagalla Srilatha  NEDUNOOR-I,6,2024,58,416,0,474,155,1385,0,1540,2030,8310,0,10340,0,720,0,720,2030,7590,0,9620,0,0,0,0,0,100.0,2030,7590,0,9620
537,Ranga Reddy,537037,Kandukur,1537006,RAMACHANDRAIAH  NEDUNOOR-II,6,2024,56,501,0,557,140,1779,0,1919,1960,10674,0,12634,210,3270,0,3480,1750,7404,0,9154,0,0,0,0,0,100.0,1750,7404,0,9154
537,Ranga Reddy,537037,Kandukur,1537007,T DHANVANTHRI  BACHUPALLY,6,2024,46,284,0,330,165,972,0,1137,1610,5832,0,7442,0,611,0,611,1610,5221,0,6831,0,0,0,0,0,100.0,1610,5221,0,6831
537,Ranga Reddy,537037,Kandukur,1537008,CH SUMATHI  CHIPPARLAPALLY,6,2024,68,309,0,377,199,1058,0,1257,2380,6348,0,8728,140,822,0,962,2240,5526,0,7766,0,0,0,0,0,100.0,2240,5526,0,7766
537,Ranga Reddy,537037,Kandukur,1537009,M.SUGUNAMMA  Not Available,6,2024,14,245,0,259,40,881,0,921,490,5286,0,5776,140,1046,0,1186,350,4240,0,4590,0,0,0,0,0,100.0,350,4240,0,4590
537,Ranga Reddy,537037,Kandukur,1537010,P KUMAR  DHANNARAM,6,2024,26,305,0,331,69,1009,0,1078,910,6054,0,6964,70,354,0,424,840,5700,0,6540,0,0,0,0,0,100.0,840,5700,0,6540
537,Ranga Reddy,537037,Kandukur,1537011,J. Sravanthi  PULUMAMIDI,6,2024,62,398,0,460,207,1331,0,1538,2170,7986,0,10156,0,636,0,636,2170,7350,0,9520,0,0,0,0,0,100.0,2170,7350,0,9520
537,Ranga Reddy,537037,Kandukur,1537012,Sherigudem Vijaya  JAITHWARAM,6,2024,46,349,0,395,141,1119,0,1260,1610,6714,0,8324,0,432,0,432,1610,6282,0,7892,0,0,0,0,0,100.0,1610,6282,0,7892
537,Ranga Reddy,537037,Kandukur,1537013,Thokala Dasharatha Goud  KOTHUR,6,2024,40,375,0,415,112,1276,0,1388,1400,7656,0,9056,70,516,0,586,1330,7140,0,8470,0,0,0,0,0,100.0,1330,7140,0,8470
537,Ranga Reddy,537037,Kandukur,1537014,B Veena  KOTHAGUDA,6,2024,30,382,0,412,87,1284,0,1371,1050,7704,0,8754,0,0,0,0,1050,7704,0,8754,0,0,0,0,0,100.0,1050,7704,0,8754
537,Ranga Reddy,537037,Kandukur,1537015,S Jaipal Reddy  KANDUKOOR,6,2024,66,499,0,565,184,1612,0,1796,2310,9672,0,11982,35,780,0,815,2275,8892,0,11167,0,0,0,0,0,100.0,2275,8892,0,11167
537,Ranga Reddy,537037,Kandukur,1537016,D ANJAIAH  ANNOJIGUDA,6,2024,33,213,0,246,105,733,0,838,1155,4398,0,5553,105,420,0,525,1050,3978,0,5028,0,0,0,0,0,100.0,1050,3978,0,5028
537,Ranga Reddy,537037,Kandukur,1537017,R KRISHNA  DEBBADAGUDA,6,2024,49,374,0,423,142,1175,0,1317,1715,7050,0,8765,70,0,0,70,1645,7050,0,8695,0,0,0,0,0,100.0,1645,7050,0,8695
537,Ranga Reddy,537037,Kandukur,1537018,C.KIRANMAI  Not Available,6,2024,25,219,0,244,83,755,0,838,875,4530,0,5405,140,1482,0,1622,735,3048,0,3783,0,0,0,0,0,100.0,735,3048,0,3783
537,Ranga Reddy,537037,Kandukur,1537019,D LAXMAMMA  BEGARI KANCHA,6,2024,26,136,0,162,79,469,0,548,910,2814,0,3724,175,330,0,505,735,2484,0,3219,0,0,0,0,0,100.0,735,2484,0,3219
537,Ranga Reddy,537037,Kandukur,1537020,A NARAYANA  AKULAMYLARAM,6,2024,27,368,0,395,53,1272,0,1325,945,7632,0,8577,0,546,0,546,945,7086,0,8031,0,0,0,0,0,100.0,945,7086,0,8031
537,Ranga Reddy,537037,Kandukur,1537021,J BHARATHAMMA  PANJAGUDA,6,2024,57,345,0,402,106,1254,0,1360,1995,7524,0,9519,175,882,0,1057,1820,6642,0,8462,0,0,0,0,0,100.0,1820,6642,0,8462
537,Ranga Reddy,537037,Kandukur,1537022,E ANURADHA  GUMMADAVALLY,6,2024,113,478,0,591,259,1570,0,1829,3955,9420,0,13375,315,1842,0,2157,3640,7578,0,11218,0,0,0,0,0,100.0,3640,7578,0,11218
537,Ranga Reddy,537037,Kandukur,1537023,M MANJULA  MADAPUR,6,2024,60,275,0,335,169,880,0,1049,2100,5280,0,7380,0,222,0,222,2100,5058,0,7158,0,0,0,0,0,100.0,2100,5058,0,7158
537,Ranga Reddy,537037,Kandukur,1537024,K KESHAVLU  RACHULUR,6,2024,57,301,0,358,128,1024,0,1152,1995,6144,0,8139,0,132,0,132,1995,6012,0,8007,0,0,0,0,0,100.0,1995,6012,0,8007
537,Ranga Reddy,537037,Kandukur,1537025,M.MANEMMA  BEGUMPET,6,2024,62,342,0,404,136,1155,0,1291,2170,6930,0,9100,175,738,0,913,1995,6192,0,8187,0,0,0,0,0,100.0,1995,6192,0,8187
537,Ranga Reddy,537037,Kandukur,1537026,Japala Jayamma  CHINNALVANIKUNTA,6,2024,62,271,0,333,157,919,0,1076,2170,5514,0,7684,245,648,0,893,1925,4866,0,6791,0,0,0,0,0,100.0,1925,4866,0,6791
537,Ranga Reddy,537037,Kandukur,1537027,Bussu Priyanka  THIMMAPUR-I,6,2024,41,273,0,314,112,939,0,1051,1435,5634,0,7069,0,1608,0,1608,1435,4026,0,5461,0,0,0,0,0,100.0,1435,4026,0,5461
537,Ranga Reddy,537037,Kandukur,1537028,G SHOBHA  LEMUR-I,6,2024,43,279,0,322,104,880,0,984,1505,5280,0,6785,35,246,0,281,1470,5034,0,6504,0,0,0,0,0,100.0,1470,5034,0,6504
537,Ranga Reddy,537037,Kandukur,1537029,J DORATHI  LEMUR-II,6,2024,60,271,0,331,149,899,0,1048,2100,5394,0,7494,560,2112,0,2672,1540,3282,0,4822,0,0,0,0,0,100.0,1540,3282,0,4822
537,Ranga Reddy,537037,Kandukur,1537030,M.MANEMMA  BYRAGIGUDA,6,2024,10,78,0,88,21,226,0,247,350,1356,0,1706,105,432,0,537,245,924,0,1169,0,0,0,0,0,100.0,245,924,0,1169
537,Ranga Reddy,537037,Kandukur,1537031,MD AYUB  AGARMIYAGUDA,6,2024,37,155,0,192,92,475,0,567,1295,2850,0,4145,385,1044,0,1429,910,1806,0,2716,0,0,0,0,0,100.0,910,1806,0,2716
537,Ranga Reddy,537037,Kandukur,1537032,V VENKATESH  SARRASWATHIGUDA,6,2024,28,145,0,173,66,526,0,592,980,3156,0,4136,105,48,0,153,875,3108,0,3983,0,0,0,0,0,100.0,875,3108,0,3983
537,Ranga Reddy,537037,Kandukur,1537033,S KISHAN REDDY  GUDUR,6,2024,70,437,0,507,171,1411,0,1582,2450,8466,0,10916,40,1362,0,1402,2410,7104,0,9514,0,0,0,0,0,100.0,2410,7104,0,9514
537,Ranga Reddy,537037,Kandukur,1537034,G Satyhamma  MALA GUDUR,6,2024,28,80,0,108,71,264,0,335,980,1584,0,2564,70,84,0,154,910,1500,0,2410,0,0,0,0,0,100.0,910,1500,0,2410
537,Ranga Reddy,537037,Kandukur,1537035,B LATHA  KAIKATPALLY,6,2024,18,130,0,148,50,428,0,478,630,2568,0,3198,35,336,0,371,595,2232,0,2827,0,0,0,0,0,100.0,595,2232,0,2827
537,Ranga Reddy,537037,Kandukur,1537036,A.Hiraman  Dawuth guda,6,2024,34,102,0,136,84,372,0,456,1190,2232,0,3422,35,402,0,437,1155,1830,0,2985,0,0,0,0,0,100.0,1155,1830,0,2985
537,Ranga Reddy,537037,Kandukur,1537037,D.Jyothi  Kandukur X Road,6,2024,18,230,0,248,54,734,0,788,630,4404,0,5034,70,846,0,916,560,3558,0,4118,0,0,0,0,0,100.0,560,3558,0,4118
537,Ranga Reddy,537037,Kandukur,1537038,S.Nandini  Kandukur X Road,6,2024,50,272,0,322,106,797,0,903,1750,4782,0,6532,70,843,0,913,1680,3939,0,5619,0,0,0,0,0,100.0,1680,3939,0,5619
537,Ranga Reddy,537037,Kandukur,1537039,M.Parwathalu  Nedunur -III,6,2024,56,201,0,257,152,713,0,865,1960,4278,0,6238,245,744,0,989,1715,3534,0,5249,0,0,0,0,0,100.0,1715,3534,0,5249
537,Ranga Reddy,537037,Kandukur,1537040,A Padma  Meerkhanpet -II,6,2024,19,270,0,289,53,859,0,912,665,5154,0,5819,40,18,0,58,625,5136,0,5761,0,0,0,0,0,100.0,625,5136,0,5761
537,Ranga Reddy,537037,Kandukur,1537041,P Vanaja  Thimmapoor - II,6,2024,39,255,0,294,100,822,0,922,1365,4932,0,6297,0,0,0,0,1365,4932,0,6297,0,0,0,0,0,100.0,1365,4932,0,6297
537,Ranga Reddy,537037,Kandukur,1537042,N.Madhuraveni  Jabberguda,6,2024,37,109,0,146,116,319,0,435,1295,1914,0,3209,140,180,0,320,1155,1734,0,2889,0,0,0,0,0,100.0,1155,1734,0,2889
537,Ranga Reddy,537037,Kandukur,1537043,A.Maresh Khanna  Kolonguda,6,2024,36,107,0,143,113,365,0,478,1260,2190,0,3450,140,372,0,512,1120,1818,0,2938,0,0,0,0,0,100.0,1120,1818,0,2938
537,Ranga Reddy,537037,Kandukur,1537044,K.Sujatha  Sarlaravulapally,6,2024,47,107,0,154,155,393,0,548,1645,2358,0,4003,385,402,0,787,1260,1956,0,3216,0,0,0,0,0,100.0,1260,1956,0,3216
537,Ranga Reddy,537037,Kandukur,1537045,G.SukhenderReddy  Debbadaguda -II,6,2024,37,323,0,360,101,1075,0,1176,1295,6450,0,7745,0,1626,0,1626,1295,4824,0,6119,0,0,0,0,0,100.0,1295,4824,0,6119
537,Ranga Reddy,537037,Kandukur,1537046,"Sabavath Shirisha  2-24, Peddamma Tanda, Kandukur Mandal, R.R  District",6,2024,34,123,0,157,85,476,0,561,1190,2856,0,4046,525,1188,0,1713,665,1668,0,2333,0,0,0,0,0,100.0,665,1668,0,2333
537,Ranga Reddy,537037,Kandukur,1537047,"Jerpula Lakshmi  H.NO.2-55, D1, Dasarlapally Tanda, Kandukur Mandal, R.R District",6,2024,15,110,0,125,65,415,0,480,525,2490,0,3015,210,822,0,1032,315,1668,0,1983,0,0,0,0,0,100.0,315,1668,0,1983
537,Ranga Reddy,537038,Kothur,1538005,Gubba Manikyam Manaiah  1-38/2,6,2024,64,729,0,793,185,2519,0,2704,2240,15114,0,17354,70,2039,0,2109,2170,13075,0,15245,0,0,0,0,0,100.0,2170,13075,0,15245
537,Ranga Reddy,537038,Kothur,1538006,"Gajawada Lingamani  1-33,S.B.PALLY",6,2024,28,414,0,442,88,1372,0,1460,980,8232,0,9212,0,366,0,366,980,7866,0,8846,0,0,0,0,0,100.0,980,7866,0,8846
537,Ranga Reddy,537038,Kothur,1538007,"Mamidi Rajender Reddy  1-27,PENJERLA",6,2024,36,629,0,665,112,2002,0,2114,1260,12012,0,13272,35,828,0,863,1225,11184,0,12409,0,0,0,0,0,100.0,1225,11184,0,12409
537,Ranga Reddy,537038,Kothur,1538008,Krnati Bal Raj  4-23,6,2024,37,586,0,623,115,1953,0,2068,1295,11718,0,13013,35,1974,0,2009,1260,9744,0,11004,0,0,0,0,0,100.0,1260,9744,0,11004
537,Ranga Reddy,537038,Kothur,1538009,Zaheda Begum  2-26,6,2024,37,586,0,623,113,2306,0,2419,1295,13836,0,15131,0,6,0,6,1295,13830,0,15125,0,0,0,0,0,100.0,1295,13830,0,15125
537,Ranga Reddy,537038,Kothur,1538010,"Kadigani Naveen  3-95/1,INMULNARVA",6,2024,38,576,0,614,114,2211,0,2325,1330,13266,0,14596,35,108,0,143,1295,13158,0,14453,0,0,0,0,0,100.0,1295,13158,0,14453
537,Ranga Reddy,537038,Kothur,1538011,Maraboni Ramesh  2-32,6,2024,32,391,0,423,98,1157,0,1255,1120,6942,0,8062,0,1242,0,1242,1120,5700,0,6820,0,0,0,0,0,100.0,1120,5700,0,6820
537,Ranga Reddy,537038,Kothur,1538012,SHERI RAJU  1-56,6,2024,48,673,0,721,147,2311,0,2458,1680,13866,0,15546,35,2214,0,2249,1645,11652,0,13297,0,0,0,0,0,100.0,1645,11652,0,13297
537,Ranga Reddy,537038,Kothur,1538013,"Sarvigari Pavani  1-44,MALLAPUR",6,2024,32,407,0,439,98,1257,0,1355,1120,7542,0,8662,35,2106,0,2141,1085,5436,0,6521,0,0,0,0,0,100.0,1085,5436,0,6521
537,Ranga Reddy,537038,Kothur,1538014,Tuppara Bhasker  3-14/9,6,2024,50,801,0,851,173,2743,0,2916,1750,16458,0,18208,0,722,0,722,1750,15736,0,17486,0,0,0,0,0,100.0,1750,15736,0,17486
537,Ranga Reddy,537038,Kothur,1538015,Kadem Pally Bhaskar Goud  3-108,6,2024,55,921,0,976,185,3040,0,3225,1925,18240,0,20165,35,971,0,1006,1890,17269,0,19159,0,0,0,0,0,100.0,1890,17269,0,19159
537,Ranga Reddy,537038,Kothur,1538016,"Peerla Gudem Narsimulu  6-45,KUMMARIGUDA",6,2024,21,294,0,315,80,925,0,1005,735,5550,0,6285,0,0,0,0,735,5550,0,6285,0,0,0,0,0,100.0,735,5550,0,6285
537,Ranga Reddy,537038,Kothur,1538017,"Agarapu Yadaiah  5-26,THIMMAPUR",6,2024,66,612,0,678,213,1961,0,2174,2310,11766,0,14076,0,0,0,0,2310,11766,0,14076,0,0,0,0,0,100.0,2310,11766,0,14076
537,Ranga Reddy,537039,Farooqnagar,1539002,"M. Phani Kumar  Padmavathi colony,Kuntabadi,Shadnagar",6,2024,19,765,1,785,59,2436,1,2496,665,14616,10,15291,105,4371,10,4486,560,10245,0,10805,0,0,0,0,0,100.0,560,10245,0,10805
537,Ranga Reddy,537039,Farooqnagar,1539003,R. Anil Kumar  Shadnagar,6,2024,30,608,0,638,85,2039,0,2124,1050,12234,0,13284,35,4458,0,4493,1015,7776,0,8791,0,0,0,0,0,100.0,1015,7776,0,8791
537,Ranga Reddy,537039,Farooqnagar,1539004,S Sridhar  SHADNAGAR,6,2024,8,550,0,558,20,1867,0,1887,280,11202,0,11482,105,8646,0,8751,175,2556,0,2731,0,0,0,0,0,100.0,175,2556,0,2731
537,Ranga Reddy,537039,Farooqnagar,1539005,Putta Uma Rani  SHADNAGAR,6,2024,13,491,0,504,38,1705,0,1743,455,10230,0,10685,0,4848,0,4848,455,5382,0,5837,0,0,0,0,0,100.0,455,5382,0,5837
537,Ranga Reddy,537039,Farooqnagar,1539006,Akula Bharath Kumar  SHADNAGAR,6,2024,48,610,0,658,109,2116,0,2225,1680,12696,0,14376,175,5865,0,6040,1505,6831,0,8336,0,0,0,0,0,100.0,1505,6831,0,8336
537,Ranga Reddy,537039,Farooqnagar,1539007,M Kanthi Rekha  SHADNAGAR,6,2024,23,600,1,624,59,2050,1,2110,805,12300,10,13115,140,4002,0,4142,665,8298,10,8973,0,0,0,0,0,100.0,665,8298,10,8973
537,Ranga Reddy,537039,Farooqnagar,1539008,Gandrathi Shobharani  SHADNAGAR,6,2024,54,650,2,706,173,2360,2,2535,1890,14160,20,16070,1120,10695,0,11815,770,3465,20,4255,0,0,0,0,0,100.0,770,3465,20,4255
537,Ranga Reddy,537039,Farooqnagar,1539009,Sunkari Bhadrappa  SHADNAGAR,6,2024,24,467,0,491,71,1474,0,1545,840,8844,0,9684,0,2946,0,2946,840,5898,0,6738,0,0,0,0,0,100.0,840,5898,0,6738
537,Ranga Reddy,537039,Farooqnagar,1539010,1412009  SHADNAGAR,6,2024,18,535,0,553,49,1905,0,1954,630,11430,0,12060,630,11430,0,12060,0,0,0,0,0,0,0,0,0,100.0,0,0,0,0
537,Ranga Reddy,537039,Farooqnagar,1539011,K. Nagamani  SHADNAGAR,6,2024,48,493,0,541,136,1649,0,1785,1680,9894,0,11574,70,2899,0,2969,1610,6995,0,8605,0,0,0,0,0,100.0,1610,6995,0,8605
537,Ranga Reddy,537039,Farooqnagar,1539012,K. Padmavathi  SHADNAGAR,6,2024,19,833,0,852,52,2757,0,2809,665,16542,0,17207,0,9600,0,9600,665,6942,0,7607,0,0,0,0,0,100.0,665,6942,0,7607
537,Ranga Reddy,537039,Farooqnagar,1539013,G Sai Jayanth  SHADNAGAR,6,2024,19,610,0,629,51,2021,0,2072,665,12126,0,12791,70,1350,0,1420,595,10776,0,11371,0,0,0,0,0,100.0,595,10776,0,11371
537,Ranga Reddy,537039,Farooqnagar,1539014,Sajjala Sivakumar  MOGILIGIDDA - I,6,2024,30,379,0,409,70,1176,0,1246,1050,7056,0,8106,70,0,0,70,980,7056,0,8036,0,0,0,0,0,100.0,980,7056,0,8036
537,Ranga Reddy,537039,Farooqnagar,1539015,RYAKALA MALLESH  MOGILIGIDDA - II,6,2024,29,486,1,516,74,1726,1,1801,1015,10356,10,11381,245,4212,0,4457,770,6144,10,6924,0,0,0,0,0,100.0,770,6144,10,6924
537,Ranga Reddy,537039,Farooqnagar,1539016,B. VIJAYA LAXMI  MOGILIGIDDA - III,6,2024,23,448,0,471,72,1386,0,1458,805,8316,0,9121,0,6,0,6,805,8310,0,9115,0,0,0,0,0,100.0,805,8310,0,9115
537,Ranga Reddy,537039,Farooqnagar,1539017,KOTTHA DAMODAR REDDY  NAGULAPALLY,6,2024,36,529,0,565,75,1609,0,1684,1260,9654,0,10914,35,1422,0,1457,1225,8232,0,9457,0,0,0,0,0,100.0,1225,8232,0,9457
537,Ranga Reddy,537039,Farooqnagar,1539018,NARSIMULU  KAMMADANAM,6,2024,28,472,0,500,79,1397,0,1476,980,8382,0,9362,0,804,0,804,980,7578,0,8558,0,0,0,0,0,100.0,980,7578,0,8558
537,Ranga Reddy,537039,Farooqnagar,1539019,RAMULAMMA  HAJIPALLY,6,2024,19,208,0,227,43,645,0,688,665,3870,0,4535,105,624,0,729,560,3246,0,3806,0,0,0,0,0,100.0,560,3246,0,3806
537,Ranga Reddy,537039,Farooqnagar,1539020,Sajjala Sivakumar  KISHANNAGAR - I,6,2024,26,413,0,439,59,1378,0,1437,910,8268,0,9178,0,978,0,978,910,7290,0,8200,0,0,0,0,0,100.0,910,7290,0,8200
537,Ranga Reddy,537039,Farooqnagar,1539021,J MALLESH  KISHANNAGAR - II,6,2024,34,363,0,397,70,1234,0,1304,1190,7404,0,8594,175,1020,0,1195,1015,6384,0,7399,0,0,0,0,0,100.0,1015,6384,0,7399
537,Ranga Reddy,537039,Farooqnagar,1539022,SUNIL KUMAR  SOLIPUR,6,2024,34,353,0,387,98,1086,0,1184,1190,6516,0,7706,0,18,0,18,1190,6498,0,7688,0,0,0,0,0,100.0,1190,6498,0,7688
537,Ranga Reddy,537039,Farooqnagar,1539023,G SHEKARAIAH  ELIKATTA,6,2024,42,686,2,730,106,2317,2,2425,1470,13902,20,15392,0,0,10,10,1470,13902,10,15382,0,0,0,0,0,100.0,1470,13902,10,15382
537,Ranga Reddy,537039,Farooqnagar,1539024,NIKADUNISSA BEGUM  CHOWLAPALLY,6,2024,27,448,0,475,76,1489,0,1565,945,8934,0,9879,245,4968,0,5213,700,3966,0,4666,0,0,0,0,0,100.0,700,3966,0,4666
537,Ranga Reddy,537039,Farooqnagar,1539025,SHABANA BEGUM  PEERLAGUDA,6,2024,26,194,0,220,80,698,0,778,910,4188,0,5098,35,12,0,47,875,4176,0,5051,0,0,0,0,0,100.0,875,4176,0,5051
537,Ranga Reddy,537039,Farooqnagar,1539026,Gundala Hemalatha  KANDHIVANAM,6,2024,37,346,1,384,102,1105,1,1208,1295,6630,10,7935,105,1158,10,1273,1190,5472,0,6662,0,0,0,0,0,100.0,1190,5472,0,6662
537,Ranga Reddy,537039,Farooqnagar,1539027,LAXMMA REDDY  CHATANPALLY,6,2024,47,1123,0,1170,115,3597,0,3712,1645,21582,0,23227,35,6233,0,6268,1610,15349,0,16959,0,0,0,0,0,100.0,1610,15349,0,16959
537,Ranga Reddy,537039,Farooqnagar,1539028,BUCHAIAH  LINGAREDDYGUDA,6,2024,17,511,0,528,38,1582,0,1620,595,9492,0,10087,35,1170,0,1205,560,8322,0,8882,0,0,0,0,0,100.0,560,8322,0,8882
537,Ranga Reddy,537039,Farooqnagar,1539029,ANIMI GANESH  VELJERLA,6,2024,69,784,0,853,225,2583,0,2808,2415,15498,0,17913,245,3564,0,3809,2170,11934,0,14104,0,0,0,0,0,100.0,2170,11934,0,14104
537,Ranga Reddy,537039,Farooqnagar,1539030,P RAVI  VENKANNAGUDA,6,2024,26,370,0,396,68,1226,0,1294,910,7356,0,8266,140,1302,0,1442,770,6054,0,6824,0,0,0,0,0,100.0,770,6054,0,6824
537,Ranga Reddy,537039,Farooqnagar,1539031,BALAMONI YADAMMA  KONDANNAGUDA,6,2024,44,290,0,334,126,939,0,1065,1540,5634,0,7174,70,768,0,838,1470,4866,0,6336,0,0,0,0,0,100.0,1470,4866,0,6336
537,Ranga Reddy,537039,Farooqnagar,1539032,Madhe Renuka  DOOSKAL,6,2024,57,566,0,623,171,1695,0,1866,1995,10170,0,12165,350,3563,0,3913,1645,6607,0,8252,0,0,0,0,0,100.0,1645,6607,0,8252
537,Ranga Reddy,537039,Farooqnagar,1539033,Madhe Renuka  BUCHIGUDA,6,2024,19,189,0,208,64,571,0,635,665,3426,0,4091,0,0,0,0,665,3426,0,4091,0,0,0,0,0,100.0,665,3426,0,4091
537,Ranga Reddy,537039,Farooqnagar,1539034,"Pamreddy Anthireddy  2-100, AYYAWARIPALLY, Farooqnagar",6,2024,26,457,0,483,55,1496,0,1551,910,8976,0,9886,105,1728,0,1833,805,7248,0,8053,0,0,0,0,0,100.0,805,7248,0,8053
537,Ranga Reddy,537039,Farooqnagar,1539035,BHAGYAMMA  DEVUNIPALLY,6,2024,18,373,0,391,47,1115,0,1162,630,6690,0,7320,35,1974,0,2009,595,4716,0,5311,0,0,0,0,0,100.0,595,4716,0,5311
537,Ranga Reddy,537039,Farooqnagar,1539036,B Laxmaiah  CHINCHODE,6,2024,74,576,0,650,177,1900,0,2077,2590,11400,0,13990,490,2232,0,2722,2100,9168,0,11268,0,0,0,0,0,100.0,2100,9168,0,11268
537,Ranga Reddy,537039,Farooqnagar,1539037,SHOBA RANI  VITYAL,6,2024,43,472,1,516,123,1645,1,1769,1505,9870,10,11385,315,2347,10,2672,1190,7523,0,8713,0,0,0,0,0,100.0,1190,7523,0,8713
537,Ranga Reddy,537039,Farooqnagar,1539038,Kammadanam Yadagiri  ANNARAM,6,2024,31,374,0,405,93,1143,0,1236,1085,6858,0,7943,70,1579,0,1649,1015,5279,0,6294,0,0,0,0,0,100.0,1015,5279,0,6294
537,Ranga Reddy,537039,Farooqnagar,1539039,M. RAGHAVENDAR  RAIKAL,6,2024,71,769,0,840,193,2377,0,2570,2485,14262,0,16747,315,2442,0,2757,2170,11820,0,13990,0,0,0,0,0,100.0,2170,11820,0,13990
537,Ranga Reddy,537039,Farooqnagar,1539040,ELIKURTHI SWAROOPA  BHEEMARAM,6,2024,27,326,0,353,80,1088,0,1168,945,6528,0,7473,0,690,0,690,945,5838,0,6783,0,0,0,0,0,100.0,945,5838,0,6783
537,Ranga Reddy,537039,Farooqnagar,1539041,Uppula Krishnaiah  KAMSANPALLY - I,6,2024,35,353,0,388,103,1177,0,1280,1225,7062,0,8287,0,120,0,120,1225,6942,0,8167,0,0,0,0,0,100.0,1225,6942,0,8167
537,Ranga Reddy,537039,Farooqnagar,1539042,A. RAMULU  KAMSANPALLY - II,6,2024,30,280,0,310,116,1019,0,1135,1050,6114,0,7164,210,2604,0,2814,840,3510,0,4350,0,0,0,0,0,100.0,840,3510,0,4350
537,Ranga Reddy,537039,Farooqnagar,1539043,C. PREM RAJ  GANTLAVELLY,6,2024,33,457,0,490,101,1486,0,1587,1155,8916,0,10071,35,1062,0,1097,1120,7854,0,8974,0,0,0,0,0,100.0,1120,7854,0,8974
537,Ranga Reddy,537039,Farooqnagar,1539044,ARUNAMMA  MADHURAPUR - I,6,2024,43,319,0,362,138,984,0,1122,1505,5904,0,7409,140,1278,0,1418,1365,4626,0,5991,0,0,0,0,0,100.0,1365,4626,0,5991
537,Ranga Reddy,537039,Farooqnagar,1539045,SANTOSH  MADHURAPUR - II,6,2024,24,309,0,333,73,907,0,980,840,5442,0,6282,140,798,0,938,700,4644,0,5344,0,0,0,0,0,100.0,700,4644,0,5344
537,Ranga Reddy,537039,Farooqnagar,1539046,K  Karunakar  CHILKAMARRY,6,2024,37,533,0,570,90,1543,0,1633,1295,9258,0,10553,0,384,0,384,1295,8874,0,10169,0,0,0,0,0,100.0,1295,8874,0,10169
537,Ranga Reddy,537039,Farooqnagar,1539047,PURUHOTHAM  BURGULA - I,6,2024,101,663,1,765,208,2128,1,2337,3535,12768,10,16313,35,1092,10,1137,3500,11676,0,15176,0,0,0,0,0,100.0,3500,11676,0,15176
537,Ranga Reddy,537039,Farooqnagar,1539048,L. SATHYANARAYANA  BURGULA - II,6,2024,22,321,0,343,48,1018,0,1066,770,6108,0,6878,0,2766,0,2766,770,3342,0,4112,0,0,0,0,0,100.0,770,3342,0,4112
537,Ranga Reddy,537039,Farooqnagar,1539049,LINGARAM SATYANARAYANA GOUD  CHINTHAGUDA,6,2024,44,296,0,340,133,944,0,1077,1540,5664,0,7204,280,1338,0,1618,1260,4326,0,5586,0,0,0,0,0,100.0,1260,4326,0,5586
537,Ranga Reddy,537039,Farooqnagar,1539050,LAXMAN  PALGUTTA THANDA,6,2024,9,149,0,158,25,528,0,553,315,3168,0,3483,0,276,0,276,315,2892,0,3207,0,0,0,0,0,100.0,315,2892,0,3207
537,Ranga Reddy,537039,Farooqnagar,1539051,SRISAILAM  RANGAMPALLY,6,2024,8,149,0,157,20,491,0,511,280,2946,0,3226,70,330,0,400,210,2616,0,2826,0,0,0,0,0,100.0,210,2616,0,2826
537,Ranga Reddy,537039,Farooqnagar,1539052,VEERAMANI  SHADNAGAR,6,2024,14,630,0,644,45,2042,0,2087,490,12252,0,12742,0,6102,0,6102,490,6150,0,6640,0,0,0,0,0,100.0,490,6150,0,6640
537,Ranga Reddy,537039,Farooqnagar,1539053,KAMALAPURAM REKHA  SHADNAGAR,6,2024,9,444,0,453,27,1547,0,1574,315,9282,0,9597,0,3966,0,3966,315,5316,0,5631,0,0,0,0,0,100.0,315,5316,0,5631
537,Ranga Reddy,537039,Farooqnagar,1539054,Panuganti Varalaxmi  Farooqnagar,6,2024,33,663,0,696,99,2247,0,2346,1155,13482,0,14637,315,5970,0,6285,840,7512,0,8352,0,0,0,0,0,100.0,840,7512,0,8352
537,Ranga Reddy,537039,Farooqnagar,1539055,MD Masood  SHADNAGAR,6,2024,27,605,0,632,76,2051,0,2127,945,12306,0,13251,35,1749,0,1784,910,10557,0,11467,0,0,0,0,0,100.0,910,10557,0,11467
537,Ranga Reddy,537039,Farooqnagar,1539056,NARESH  NERELLACHERUVU,6,2024,18,227,0,245,41,797,0,838,630,4782,0,5412,140,798,0,938,490,3984,0,4474,0,0,0,0,0,100.0,490,3984,0,4474
537,Ranga Reddy,537040,Keshampeta,1540002,Thalasani Sridevi  WARD NUMBER 01 KESHAMPET,6,2024,29,429,0,458,79,1283,0,1362,1015,7698,0,8713,0,1308,0,1308,1015,6390,0,7405,0,0,0,0,0,100.0,1015,6390,0,7405
537,Ranga Reddy,537040,Keshampeta,1540003,Guda Jayamani  SC COLONY AMANGAL ROAD KESHAMPET VILLAGE,6,2024,28,438,0,466,76,1290,0,1366,980,7740,0,8720,315,2586,0,2901,665,5154,0,5819,0,0,0,0,0,100.0,665,5154,0,5819
537,Ranga Reddy,537040,Keshampeta,1540004,Gampa Shravani  MAIN ROAD KESHAMPET,6,2024,31,385,0,416,84,1144,0,1228,1085,6864,0,7949,805,4392,0,5197,280,2472,0,2752,0,0,0,0,0,100.0,280,2472,0,2752
537,Ranga Reddy,537040,Keshampeta,1540005,Nasreen Sulthana Begum  BESIDE GRAMPANCHAYATI ALWAL,6,2024,25,352,0,377,87,1008,0,1095,875,6048,0,6923,0,618,0,618,875,5430,0,6305,0,0,0,0,0,100.0,875,5430,0,6305
537,Ranga Reddy,537040,Keshampeta,1540006,Kottam Annapurna  MANGALIGUDA ALWAL(VILLAGE),6,2024,13,242,0,255,39,650,0,689,455,3900,0,4355,35,1122,0,1157,420,2778,0,3198,0,0,0,0,0,100.0,420,2778,0,3198
537,Ranga Reddy,537040,Keshampeta,1540007,Thumma Jyothi  PAATIGADDA ALWAL(VI),6,2024,9,142,0,151,33,383,0,416,315,2298,0,2613,0,702,0,702,315,1596,0,1911,0,0,0,0,0,100.0,315,1596,0,1911
537,Ranga Reddy,537040,Keshampeta,1540008,Gumudavelly Sai Baba  NEAR MASZID VEMULANARWA,6,2024,44,655,0,699,116,2064,0,2180,1540,12384,0,13924,385,3336,0,3721,1155,9048,0,10203,0,0,0,0,0,100.0,1155,9048,0,10203
537,Ranga Reddy,537040,Keshampeta,1540009,Anemoni Srisailam  CHINTHAKUNTAPALLY,6,2024,9,158,0,167,28,541,0,569,315,3246,0,3561,35,666,0,701,280,2580,0,2860,0,0,0,0,0,100.0,280,2580,0,2860
537,Ranga Reddy,537040,Keshampeta,1540010,P. Nagamani  PAPIREDDYGUDA,6,2024,19,345,0,364,64,1034,0,1098,665,6204,0,6869,0,1290,0,1290,665,4914,0,5579,0,0,0,0,0,100.0,665,4914,0,5579
537,Ranga Reddy,537040,Keshampeta,1540011,V. Rama Lingamma  WARD NO 03 PAPIREDDYGUDA,6,2024,23,366,0,389,83,1091,0,1174,805,6546,0,7351,0,936,0,936,805,5610,0,6415,0,0,0,0,0,100.0,805,5610,0,6415
537,Ranga Reddy,537040,Keshampeta,1540012,Gundegalla. Yadagiri  BHARKHANPALLY,6,2024,25,283,0,308,58,896,0,954,875,5376,0,6251,35,330,0,365,840,5046,0,5886,0,0,0,0,0,100.0,840,5046,0,5886
537,Ranga Reddy,537040,Keshampeta,1540013,Pasupula Venkateswrlu  EKHLASKHANPET,6,2024,38,529,0,567,130,1684,0,1814,1330,10104,0,11434,70,468,0,538,1260,9636,0,10896,0,0,0,0,0,100.0,1260,9636,0,10896
537,Ranga Reddy,537040,Keshampeta,1540014,K. Veeresham  NEAR ANGANWADI SCHOOL SANGEM,6,2024,46,767,0,813,140,2397,0,2537,1610,14382,0,15992,35,1170,0,1205,1575,13212,0,14787,0,0,0,0,0,100.0,1575,13212,0,14787
537,Ranga Reddy,537040,Keshampeta,1540015,Paladi. Ramesh  WARD NUMBER 5 NEAR WATER TANK,6,2024,22,373,0,395,83,1230,0,1313,770,7380,0,8150,35,204,0,239,735,7176,0,7911,0,0,0,0,0,100.0,735,7176,0,7911
537,Ranga Reddy,537040,Keshampeta,1540016,P Anjaiah  H NO 1-35 KOTHAPET,6,2024,35,435,0,470,132,1375,0,1507,1225,8250,0,9475,0,1686,0,1686,1225,6564,0,7789,0,0,0,0,0,100.0,1225,6564,0,7789
537,Ranga Reddy,537040,Keshampeta,1540017,K. Raji Reddy  SANTHAPUR,6,2024,22,376,0,398,70,1120,0,1190,770,6720,0,7490,0,1452,0,1452,770,5268,0,6038,0,0,0,0,0,100.0,770,5268,0,6038
537,Ranga Reddy,537040,Keshampeta,1540018,Ulgonda. Sudhakar  KONAYAPALLY SANTHAPUR,6,2024,12,225,0,237,46,679,0,725,420,4074,0,4494,0,876,0,876,420,3198,0,3618,0,0,0,0,0,100.0,420,3198,0,3618
537,Ranga Reddy,537040,Keshampeta,1540019,PAMU ANITHA  MAIN ROAD IPPALAPALLY,6,2024,36,604,0,640,116,1784,0,1900,1260,10704,0,11964,0,1650,0,1650,1260,9054,0,10314,0,0,0,0,0,100.0,1260,9054,0,10314
537,Ranga Reddy,537040,Keshampeta,1540020,G. Parvatalu  DATHAYAPALLY,6,2024,10,165,0,175,31,520,0,551,350,3120,0,3470,0,414,0,414,350,2706,0,3056,0,0,0,0,0,100.0,350,2706,0,3056
537,Ranga Reddy,537040,Keshampeta,1540021,DAPPU SHANKARAIAH  LEMAMIDI,6,2024,27,422,0,449,94,1227,0,1321,945,7362,0,8307,140,2358,0,2498,805,5004,0,5809,0,0,0,0,0,100.0,805,5004,0,5809
537,Ranga Reddy,537040,Keshampeta,1540022,Tudum. Venkataiah  BODHUNAMPALLY,6,2024,18,294,0,312,50,894,0,944,630,5364,0,5994,210,3270,0,3480,420,2094,0,2514,0,0,0,0,0,100.0,420,2094,0,2514
537,Ranga Reddy,537040,Keshampeta,1540023,C SARASWATHI  THOMMIDIREKULA,6,2024,28,474,0,502,75,1525,0,1600,980,9150,0,10130,70,1248,0,1318,910,7902,0,8812,0,0,0,0,0,100.0,910,7902,0,8812
537,Ranga Reddy,537040,Keshampeta,1540024,Koukuntla Anitha  LINGAMDHANA,6,2024,16,273,0,289,44,803,0,847,560,4818,0,5378,35,1440,0,1475,525,3378,0,3903,0,0,0,0,0,100.0,525,3378,0,3903
537,Ranga Reddy,537040,Keshampeta,1540025,Kokkalla. Venkatesh  POMALAPALLY,6,2024,12,258,0,270,22,819,0,841,420,4914,0,5334,0,108,0,108,420,4806,0,5226,0,0,0,0,0,100.0,420,4806,0,5226
537,Ranga Reddy,537040,Keshampeta,1540026,Vattela. Srinivas  KONDAREDDYPALLY,6,2024,29,559,0,588,63,1740,0,1803,1015,10440,0,11455,0,1428,0,1428,1015,9012,0,10027,0,0,0,0,0,100.0,1015,9012,0,10027
537,Ranga Reddy,537040,Keshampeta,1540027,Jetturi. Nagi Reddy  KAKUNOOR,6,2024,32,612,0,644,78,1853,0,1931,1120,11118,0,12238,0,2064,0,2064,1120,9054,0,10174,0,0,0,0,0,100.0,1120,9054,0,10174
537,Ranga Reddy,537040,Keshampeta,1540028,G SHANKARAIAH  NEAR GANDHI STARCH NIRDAVELLY,6,2024,27,343,0,370,90,1084,0,1174,945,6504,0,7449,0,30,0,30,945,6474,0,7419,0,0,0,0,0,100.0,945,6474,0,7419
537,Ranga Reddy,537040,Keshampeta,1540029,Mohammed. Yakhoob  WARD NO 04 BESIDE MASZID CHOWLAPALLY,6,2024,30,426,0,456,95,1332,0,1427,1050,7992,0,9042,70,1374,0,1444,980,6618,0,7598,0,0,0,0,0,100.0,980,6618,0,7598
537,Ranga Reddy,537040,Keshampeta,1540030,Paladi. Varalaxmi  BESIDE MAZDID WARD NO 02 NIRDAVELLY,6,2024,22,353,0,375,70,1163,0,1233,770,6978,0,7748,105,834,0,939,665,6144,0,6809,0,0,0,0,0,100.0,665,6144,0,6809
537,Ranga Reddy,537041,Kondurg,1541002,"Irapuram Radhika  1-64 KONDURG,KONDURG VILLAGE&MAMNDAL",6,2024,30,569,0,599,65,1879,0,1944,1050,11274,0,12324,0,882,0,882,1050,10392,0,11442,0,0,0,0,0,100.0,1050,10392,0,11442
537,Ranga Reddy,537041,Kondurg,1541003,Irapuram Radhika  1-64 KONDURG,6,2024,29,574,0,603,67,1934,0,2001,1015,11604,0,12619,70,2538,0,2608,945,9066,0,10011,0,0,0,0,0,100.0,945,9066,0,10011
537,Ranga Reddy,537041,Kondurg,1541004,CHODAPURAM PRABHAKAR  KONDUR,6,2024,25,553,0,578,62,1790,0,1852,875,10740,0,11615,0,126,0,126,875,10614,0,11489,0,0,0,0,0,100.0,875,10614,0,11489
537,Ranga Reddy,537041,Kondurg,1541005,"Chedurvalli Padma  1-56, SRIRANGAPOOR",6,2024,19,255,0,274,48,861,0,909,665,5166,0,5831,70,552,0,622,595,4614,0,5209,0,0,0,0,0,100.0,595,4614,0,5209
537,Ranga Reddy,537041,Kondurg,1541006,"Kalva Rama  1-70, MAHADEVPOOR",6,2024,31,428,0,459,95,1385,0,1480,1085,8310,0,9395,70,1086,0,1156,1015,7224,0,8239,0,0,0,0,0,100.0,1015,7224,0,8239
537,Ranga Reddy,537041,Kondurg,1541007,"P VENKTAIAH  1-49, CHINNA ELKICHERLA",6,2024,40,324,0,364,128,1274,0,1402,1400,7644,0,9044,105,168,0,273,1295,7476,0,8771,0,0,0,0,0,100.0,1295,7476,0,8771
537,Ranga Reddy,537041,Kondurg,1541008,Ch Siddaiah  1-50 PARVATHAPOOR,6,2024,16,262,0,278,49,922,0,971,560,5532,0,6092,35,1272,0,1307,525,4260,0,4785,0,0,0,0,0,100.0,525,4260,0,4785
537,Ranga Reddy,537041,Kondurg,1541009,Chippolu Shankaraiah  3-4 VISHWANATHPOOR,6,2024,24,292,1,317,66,1007,1,1074,840,6042,10,6892,0,156,10,166,840,5886,0,6726,0,0,0,0,0,100.0,840,5886,0,6726
537,Ranga Reddy,537041,Kondurg,1541010,RACHURI MADHUSUDHAN REDDY  2-77,6,2024,33,399,0,432,88,1361,0,1449,1155,8166,0,9321,0,270,0,270,1155,7896,0,9051,0,0,0,0,0,100.0,1155,7896,0,9051
537,Ranga Reddy,537041,Kondurg,1541011,"Palakonda Raghavender Goud  3-71, Ummenthyal Village",6,2024,36,440,0,476,111,1514,0,1625,1260,9084,0,10344,140,1680,0,1820,1120,7404,0,8524,0,0,0,0,0,100.0,1120,7404,0,8524
537,Ranga Reddy,537041,Kondurg,1541012,Danakka Raja Rathnam  Not Available,6,2024,27,298,0,325,79,1032,0,1111,945,6192,0,7137,105,900,0,1005,840,5292,0,6132,0,0,0,0,0,100.0,840,5292,0,6132
537,Ranga Reddy,537041,Kondurg,1541013,Buchammagari Subhan Reddy  2-30/3 REGADICHILKAMARRI,6,2024,31,356,0,387,80,1183,0,1263,1085,7098,0,8183,245,1584,0,1829,840,5514,0,6354,0,0,0,0,0,100.0,840,5514,0,6354
537,Ranga Reddy,537041,Kondurg,1541014,Sanugomula Aruna  1-1 MUTPOOR,6,2024,25,413,0,438,60,1413,0,1473,875,8478,0,9353,140,846,0,986,735,7632,0,8367,0,0,0,0,0,100.0,735,7632,0,8367
537,Ranga Reddy,537041,Kondurg,1541015,DIVITI BAL NARSIMLU  2-85 TANGELLAPALLY,6,2024,42,479,0,521,110,1750,0,1860,1470,10500,0,11970,315,966,0,1281,1155,9534,0,10689,0,0,0,0,0,100.0,1155,9534,0,10689
537,Ranga Reddy,537041,Kondurg,1541016,K Ravi Kumar  1-74 AGIRYAL,6,2024,43,523,0,566,121,1828,0,1949,1505,10968,0,12473,385,2346,0,2731,1120,8622,0,9742,0,0,0,0,0,100.0,1120,8622,0,9742
537,Ranga Reddy,537041,Kondurg,1541017,PARIJATHA  4-71 VENKIRYAL,6,2024,20,282,0,302,46,1026,0,1072,700,6156,0,6856,140,1056,0,1196,560,5100,0,5660,0,0,0,0,0,100.0,560,5100,0,5660
537,Ranga Reddy,537041,Kondurg,1541018,Ch Siddaiah  3-65 BHAIRAMPALLY,6,2024,13,243,0,256,35,819,0,854,455,4914,0,5369,70,612,0,682,385,4302,0,4687,0,0,0,0,0,100.0,385,4302,0,4687
537,Ranga Reddy,537041,Kondurg,1541019,Danakka Raja Rathnam  2-77 TEKULAPALLY,6,2024,22,280,0,302,55,1006,0,1061,770,6036,0,6806,105,462,0,567,665,5574,0,6239,0,0,0,0,0,100.0,665,5574,0,6239
537,Ranga Reddy,537081,Saroornagar-3,1581006,"Radha Krishna  6-2-103,Raidurgam,SERILINGAMPALLY MUNCIPALITY",6,2024,22,1140,0,1162,62,3321,0,3383,770,19926,0,20696,70,3204,0,3274,700,16722,0,17422,0,0,0,0,0,100.0,700,16722,0,17422
537,Ranga Reddy,537081,Saroornagar-3,1581063,"G SANJIVA REDDY  3-100/3,Taranagar,SERILINGAMPALLY MUNCIPALITY",6,2024,22,987,0,1009,48,3249,0,3297,770,19494,0,20264,280,5416,0,5696,490,14078,0,14568,0,0,0,0,0,100.0,490,14078,0,14568
537,Ranga Reddy,537081,Saroornagar-3,1581064,"Kishore Kumar  PLOTNO.37,Chandanagar,SERILINGAMPALLY MUNCIPALITY",6,2024,34,1066,0,1100,72,3250,0,3322,1190,19500,0,20690,105,3870,0,3975,1085,15630,0,16715,0,0,0,0,0,100.0,1085,15630,0,16715
537,Ranga Reddy,537081,Saroornagar-3,1581065,"D.Laxma Reddy  5-22/5,Chandanagar,SERILINGAMPALLY MUNCIPALITY",6,2024,24,790,0,814,68,2156,0,2224,840,12936,0,13776,560,990,0,1550,280,11946,0,12226,0,0,0,0,0,100.0,280,11946,0,12226
537,Ranga Reddy,537081,Saroornagar-3,1581066,"Potta Mallikarjun Yadav  1.-46, Old Lingampally,SERILINGAMPALLY MUNCIPALITY",6,2024,49,788,0,837,114,2610,0,2724,1715,15660,0,17375,175,5143,0,5318,1540,10517,0,12057,0,0,0,0,0,100.0,1540,10517,0,12057
537,Ranga Reddy,537081,Saroornagar-3,1581067,"Panyala Yada Goud  1.-4,Miyapur,SERILINGAMPALLY MUNCIPALITY",6,2024,33,1596,0,1629,78,4843,0,4921,1155,29058,0,30213,0,1353,0,1353,1155,27705,0,28860,0,0,0,0,0,100.0,1155,27705,0,28860
537,Ranga Reddy,537081,Saroornagar-3,1581068,"Nimmala Venu Gopal Patel  1.-57,Hafeezpet,SERILINGAMPALLY MUNCIPALITY",6,2024,29,1382,0,1411,64,4380,0,4444,1015,26280,0,27295,0,4883,0,4883,1015,21397,0,22412,0,0,0,0,0,100.0,1015,21397,0,22412
537,Ranga Reddy,537081,Saroornagar-3,1581069,"D.Prakash  2.-54/2,Gachi Bowli,SERILINGAMPALLY MUNCIPALITY",6,2024,34,1321,0,1355,98,4138,0,4236,1190,24828,0,26018,455,0,0,455,735,24828,0,25563,0,0,0,0,0,100.0,735,24828,0,25563
537,Ranga Reddy,537081,Saroornagar-3,1581070,M Maha Lakshmi  Tagged to 643,6,2024,4,668,0,672,11,2038,0,2049,140,12228,0,12368,0,3508,0,3508,140,8720,0,8860,0,0,0,0,0,100.0,140,8720,0,8860
537,Ranga Reddy,537081,Saroornagar-3,1581071,"B.Laxmaiah  1.-59, Miyapur,SERILINGAMPALLY MUNCIPALITY",6,2024,28,1145,0,1173,63,3625,0,3688,980,21750,0,22730,0,3650,0,3650,980,18100,0,19080,0,0,0,0,0,100.0,980,18100,0,19080
537,Ranga Reddy,537081,Saroornagar-3,1581123,"S Kishore Kumar  7.-15, Gopinagar,SERILINGAMPALLY MUNCIPALITY",6,2024,24,693,0,717,53,1938,0,1991,840,11628,0,12468,140,2,0,142,700,11626,0,12326,0,0,0,0,0,100.0,700,11626,0,12326
537,Ranga Reddy,537081,Saroornagar-3,1581131,"P Yada Goud  6.-32,Gopinagar,SERILINGAMPALLY MUNCIPALITY",6,2024,39,874,0,913,93,2896,0,2989,1365,17376,0,18741,105,2085,0,2190,1260,15291,0,16551,0,0,0,0,0,100.0,1260,15291,0,16551
537,Ranga Reddy,537081,Saroornagar-3,1581135,"A.Ashokkumar  5.-126,Gopinagar,SERILINGAMPALLY MUNCIPALITY",6,2024,31,1221,0,1252,68,3688,0,3756,1085,22128,0,23213,525,2930,0,3455,560,19198,0,19758,0,0,0,0,0,100.0,560,19198,0,19758
537,Ranga Reddy,537081,Saroornagar-3,1581155,"P.Durgadas  6.-126,Gangaram,SERILINGAMPALLY MUNCIPALITY",6,2024,36,891,0,927,86,2803,0,2889,1260,16818,0,18078,385,2753,0,3138,875,14065,0,14940,0,0,0,0,0,100.0,875,14065,0,14940
537,Ranga Reddy,537081,Saroornagar-3,1581173,"B.Shastry  1.-252,Madhapur,SERILINGAMPALLY MUNCIPALITY",6,2024,13,692,0,705,26,2310,0,2336,455,13860,0,14315,0,6336,0,6336,455,7524,0,7979,0,0,0,0,0,100.0,455,7524,0,7979
537,Ranga Reddy,537081,Saroornagar-3,1581210,"Amjad Khan  2.-103/1,Raidurg,SERILINGAMPALLY MUNCIPALITY",6,2024,32,1016,0,1048,74,3453,0,3527,1120,20718,0,21838,315,1246,0,1561,805,19472,0,20277,0,0,0,0,0,100.0,805,19472,0,20277
537,Ranga Reddy,537081,Saroornagar-3,1581215,"Chandrasekhar  C.-2-55,HUDA Colony,SERILINGAMPALLY MUNCIPALITY",6,2024,17,929,0,946,40,2832,0,2872,595,16992,0,17587,0,64,0,64,595,16928,0,17523,0,0,0,0,0,100.0,595,16928,0,17523
537,Ranga Reddy,537081,Saroornagar-3,1581231,"S.Madhusudhan  1.-59/3,Kondapur,SERILINGAMPALLY MUNCIPALITY",6,2024,20,1019,0,1039,50,3207,0,3257,700,19242,0,19942,0,3025,0,3025,700,16217,0,16917,0,0,0,0,0,100.0,700,16217,0,16917
537,Ranga Reddy,537081,Saroornagar-3,1581232,"O Mahesh Babu  2.-42/1/B,IZZATH NAGAR,SERILINGAMPALLY MUNCIPALITY",6,2024,53,839,0,892,182,2679,0,2861,1855,16074,0,17929,770,3086,0,3856,1085,12988,0,14073,0,0,0,0,0,100.0,1085,12988,0,14073
537,Ranga Reddy,537081,Saroornagar-3,1581233,"O Mahesh Babu  1.-12,KHANAMET,SERILINGAMPALLY MUNCIPALITY",6,2024,14,598,0,612,31,1875,0,1906,490,11250,0,11740,0,1222,0,1222,490,10028,0,10518,0,0,0,0,0,100.0,490,10028,0,10518
537,Ranga Reddy,537081,Saroornagar-3,1581234,"G.Surender Reddy  2.-06,Nanakramguda,SERILINGAMPALLY MUNCIPALITY",6,2024,31,857,0,888,71,2876,0,2947,1085,17256,0,18341,35,127,0,162,1050,17129,0,18179,0,0,0,0,0,100.0,1050,17129,0,18179
537,Ranga Reddy,537081,Saroornagar-3,1581235,"K.Sahadev  1.-76,Khajaguda,SERILINGAMPALLY MUNCIPALITY",6,2024,10,696,0,706,15,1989,0,2004,350,11934,0,12284,175,4566,0,4741,175,7368,0,7543,0,0,0,0,0,100.0,175,7368,0,7543
537,Ranga Reddy,537081,Saroornagar-3,1581236,"G Surendar Reddy  2.-14/A,Gopanpally,SERILINGAMPALLY MUNCIPALITY",6,2024,61,1419,0,1480,149,4728,0,4877,2135,28368,0,30503,0,3685,0,3685,2135,24683,0,26818,0,0,0,0,0,100.0,2135,24683,0,26818
537,Ranga Reddy,537081,Saroornagar-3,1581237,"B.Mukunda Reddy  1.-67, Nallagandla,SERILINGAMPALLY MUNCIPALITY",6,2024,26,765,0,791,66,2380,0,2446,910,14280,0,15190,105,870,0,975,805,13410,0,14215,0,0,0,0,0,100.0,805,13410,0,14215
537,Ranga Reddy,537081,Saroornagar-3,1581264,"P.Jayapal Reddy  8.-91,Shanthinagar,SERILINGAMPALLY MUNCIPALITY",6,2024,18,619,0,637,40,1989,0,2029,630,11934,0,12564,105,2946,0,3051,525,8988,0,9513,0,0,0,0,0,100.0,525,8988,0,9513
537,Ranga Reddy,537081,Saroornagar-3,1581312,"K.Uma Sri  MIG-1897,MIG,BHEL,SERILINGAMPALLY MUNCIPALITY",6,2024,2,787,0,789,3,2337,0,2340,70,14022,0,14092,0,7615,0,7615,70,6407,0,6477,0,0,0,0,0,100.0,70,6407,0,6477
537,Ranga Reddy,537081,Saroornagar-3,1581313,"K.Uma Sri  MIG-II,MIG,BHEL,SERILINGAMPALLY MUNCIPALITY",6,2024,1,554,0,555,2,1445,0,1447,35,8670,0,8705,0,2940,0,2940,35,5730,0,5765,0,0,0,0,0,100.0,35,5730,0,5765
537,Ranga Reddy,537081,Saroornagar-3,1581314,"K.Uma Sri  MIG-831,MIG,BHEL,SERILINGAMPALLY MUNCIPALITY",6,2024,3,574,0,577,4,1632,0,1636,105,9792,0,9897,70,3702,0,3772,35,6090,0,6125,0,0,0,0,0,100.0,35,6090,0,6125
537,Ranga Reddy,537081,Saroornagar-3,1581321,"K.Laxmi Nageswari  Ramalayam,Reddy Colony,SERILINGAMPALLY MUNCIPALITY",6,2024,23,1017,0,1040,56,3028,0,3084,805,18168,0,18973,210,8856,0,9066,595,9312,0,9907,0,0,0,0,0,100.0,595,9312,0,9907
537,Ranga Reddy,537081,Saroornagar-3,1581322,"Gopal Goud  5.-72,Indiranagar,SERILINGAMPALLY MUNCIPALITY",6,2024,46,1250,0,1296,107,4260,0,4367,1610,25560,0,27170,175,4876,0,5051,1435,20684,0,22119,0,0,0,0,0,100.0,1435,20684,0,22119
537,Ranga Reddy,537081,Saroornagar-3,1581324,"D.Ravikanth Reddy  4.-97/A,Raigurg Tagged to 1581210",6,2024,27,821,0,848,66,2644,0,2710,945,15864,0,16809,385,4984,0,5369,560,10880,0,11440,0,0,0,0,0,100.0,560,10880,0,11440
537,Ranga Reddy,537081,Saroornagar-3,1581336,"Korra Devi Bai  PLOTNO.115, Deepthisri Nagar,SERILINGAMPALLY MUNCIPALITY",6,2024,19,990,0,1009,52,3073,0,3125,665,18438,0,19103,35,984,0,1019,630,17454,0,18084,0,0,0,0,0,100.0,630,17454,0,18084
537,Ranga Reddy,537081,Saroornagar-3,1581341,"V.Triveni  3.-31,HUDA Colony,SERILINGAMPALLY MUNCIPALITY",6,2024,21,1378,0,1399,49,4148,0,4197,735,24888,0,25623,0,5406,0,5406,735,19482,0,20217,0,0,0,0,0,100.0,735,19482,0,20217
537,Ranga Reddy,537081,Saroornagar-3,1581346,"Korra Devi Bai  SHOPNO.2,Taranagar,SERILINGAMPALLY MUNCIPALITY",6,2024,19,659,0,678,33,2048,0,2081,665,12288,0,12953,420,10002,0,10422,245,2286,0,2531,0,0,0,0,0,100.0,245,2286,0,2531
537,Ranga Reddy,537081,Saroornagar-3,1581381,"T.Shoba  13-82/1,Gopinagar,SERILINGAMPALLY MUNCIPALITY",6,2024,12,760,0,772,29,2486,0,2515,420,14916,0,15336,0,3336,0,3336,420,11580,0,12000,0,0,0,0,0,100.0,420,11580,0,12000
537,Ranga Reddy,537081,Saroornagar-3,1581387,"T Amarnath Raju  PLOT.NO.58,JP Nagar,SERILINGAMPALLY MUNCIPALITY",6,2024,10,1682,0,1692,25,5263,0,5288,350,31578,0,31928,0,1169,0,1169,350,30409,0,30759,0,0,0,0,0,100.0,350,30409,0,30759
537,Ranga Reddy,537081,Saroornagar-3,1581395,"MA Muqeet  2.-1/4, Vemukunta,SERILINGAMPALLY MUNCIPALITY",6,2024,20,1005,0,1025,51,3197,0,3248,700,19182,0,19882,140,12018,0,12158,560,7164,0,7724,0,0,0,0,0,100.0,560,7164,0,7724
537,Ranga Reddy,537081,Saroornagar-3,1581399,"V.Srinivas  PLOT.NO,804,Papireddy Colony,SERILINGAMPALLY MUNCIPALITY",6,2024,25,1054,0,1079,60,3327,0,3387,875,19962,0,20837,0,144,0,144,875,19818,0,20693,0,0,0,0,0,100.0,875,19818,0,20693
537,Ranga Reddy,537081,Saroornagar-3,1581400,"S.Padmavathi  2.-62/2,Anjaiah Nagar,SERILINGAMPALLY MUNCIPALITY",6,2024,11,1023,0,1034,29,3145,0,3174,385,18870,0,19255,140,6624,0,6764,245,12246,0,12491,0,0,0,0,0,100.0,245,12246,0,12491
537,Ranga Reddy,537081,Saroornagar-3,1581405,"M.A.Nadeem  4.-189,Prem Nagar,SERILINGAMPALLY MUNCIPALITY",6,2024,10,2369,0,2379,30,8245,0,8275,350,49470,0,49820,0,4130,0,4130,350,45340,0,45690,0,0,0,0,0,100.0,350,45340,0,45690
537,Ranga Reddy,537081,Saroornagar-3,1581409,"Baddam Saroja  2.-557, Sainagar,SERILINGAMPALLY MUNCIPALITY",6,2024,29,1634,0,1663,80,5599,0,5679,1015,33594,0,34609,420,13045,0,13465,595,20549,0,21144,0,0,0,0,0,100.0,595,20549,0,21144
537,Ranga Reddy,537081,Saroornagar-3,1581410,"Panyala Yada Goud  2.-3/18, Miyapur,SERILINGAMPALLY MUNCIPALITY",6,2024,16,1026,0,1042,40,3472,0,3512,560,20832,0,21392,0,9720,0,9720,560,11112,0,11672,0,0,0,0,0,100.0,560,11112,0,11672
537,Ranga Reddy,537081,Saroornagar-3,1581640,"Y.Anasuya  Plot. No. 1764, Gokul Plots,SERILINGAMPALLY MUNCIPALITY",6,2024,17,1102,0,1119,37,3472,0,3509,595,20832,0,21427,105,52,0,157,490,20780,0,21270,0,0,0,0,0,100.0,490,20780,0,21270
537,Ranga Reddy,537081,Saroornagar-3,1581641,"Altaf Khan  3-399, S.C.Bose Nagar,SERILINGAMPALLY MUNCIPALITY",6,2024,13,2327,0,2340,38,7775,0,7813,455,46650,0,47105,0,2598,0,2598,455,44052,0,44507,0,0,0,0,0,100.0,455,44052,0,44507
537,Ranga Reddy,537081,Saroornagar-3,1581642,"Swarnalatha  2-64/2/c, PJR Nagar,SERILINGAMPALLY MUNCIPALITY",6,2024,10,840,0,850,33,2873,0,2906,350,17238,0,17588,35,6162,0,6197,315,11076,0,11391,0,0,0,0,0,100.0,315,11076,0,11391
537,Ranga Reddy,537081,Saroornagar-3,1581643,"Mahalaxmi  1-57/397/A, Sriram Nagar,SERILINGAMPALLY MUNCIPALITY",6,2024,8,1051,0,1059,22,3097,0,3119,280,18582,0,18862,210,8934,0,9144,70,9648,0,9718,0,0,0,0,0,100.0,70,9648,0,9718
537,Ranga Reddy,537081,Saroornagar-3,1581644,"Praveenkumar  1098/80, Navabharath Nagar,SERILINGAMPALLY MUNCIPALITY",6,2024,6,781,0,787,12,2243,0,2255,210,13458,0,13668,0,8766,0,8766,210,4692,0,4902,0,0,0,0,0,100.0,210,4692,0,4902
537,Ranga Reddy,537081,Saroornagar-3,1581645,"Venereddy Renuka  2-31, Guttala Begumpet ,SERILINGAMPALLY MUNCIPALITY",6,2024,11,855,0,866,24,2377,0,2401,385,14262,0,14647,0,786,0,786,385,13476,0,13861,0,0,0,0,0,100.0,385,13476,0,13861
537,Ranga Reddy,537081,Saroornagar-3,1581646,"Batthini.Rajesh Babu  1-54/78/6/1/A, Madina Guda,SERILINGAMPALLY MUNCIPALITY",6,2024,26,1191,0,1217,62,3701,0,3763,910,22206,0,23116,0,0,0,0,910,22206,0,23116,0,0,0,0,0,100.0,910,22206,0,23116
537,Ranga Reddy,537081,Saroornagar-3,1581647,"Shabana Begum  3-38/2/A, Prem Nagar,SERILINGAMPALLY MUNCIPALITY",6,2024,26,1635,0,1661,85,5636,0,5721,910,33816,0,34726,0,35,0,35,910,33781,0,34691,0,0,0,0,0,100.0,910,33781,0,34691
537,Ranga Reddy,537081,Saroornagar-3,1581648,"Boina Satish Kumar Yadav  4-933, Marthanda Nagar,SERILINGAMPALLY MUNCIPALITY",6,2024,13,1596,0,1609,33,5276,0,5309,455,31656,0,32111,0,2108,0,2108,455,29548,0,30003,0,0,0,0,0,100.0,455,29548,0,30003
537,Ranga Reddy,537081,Saroornagar-3,1581695,"Madhavilatha  RGK,SL Pally",6,2024,18,1132,0,1150,43,3436,0,3479,630,20616,0,21246,0,438,0,438,630,20178,0,20808,0,0,0,0,0,100.0,630,20178,0,20808
537,Ranga Reddy,537081,Saroornagar-3,1581696,"Velpuru Madhavi Latha  RGK,SL Pally",6,2024,13,922,0,935,37,2694,0,2731,455,16164,0,16619,35,4852,0,4887,420,11312,0,11732,0,0,0,0,0,100.0,420,11312,0,11732
537,Ranga Reddy,537081,Saroornagar-3,1583002,T Hema  1-9-207 RAJENDRA NAGAR,6,2024,33,573,0,606,78,1722,0,1800,1155,10332,0,11487,0,5388,0,5388,1155,4944,0,6099,0,0,0,0,0,100.0,1155,4944,0,6099
537,Ranga Reddy,537081,Saroornagar-3,1583003,"Korani Sunilkumar  Budwel, Rajendranagar",6,2024,6,214,0,220,12,709,0,721,210,4254,0,4464,0,2148,0,2148,210,2106,0,2316,0,0,0,0,0,100.0,210,2106,0,2316
537,Ranga Reddy,537081,Saroornagar-3,1583004,"Sara Yadaiah  Hyderguda, Rajendranagar",6,2024,28,986,0,1014,48,3101,0,3149,980,18606,0,19586,0,2427,0,2427,980,16179,0,17159,0,0,0,0,0,100.0,980,16179,0,17159
537,Ranga Reddy,537081,Saroornagar-3,1583005,"K.Krishna Reddy  Attapur, Rajendranagar",6,2024,57,1360,0,1417,125,4992,0,5117,1995,29952,0,31947,70,3782,0,3852,1925,26170,0,28095,0,0,0,0,0,100.0,1925,26170,0,28095
537,Ranga Reddy,537081,Saroornagar-3,1583057,"Dasuri Uma Yadav  Mailardevpally, Rajendranagar",6,2024,8,1206,0,1214,19,4681,0,4700,280,28086,0,28366,0,12867,0,12867,280,15219,0,15499,0,0,0,0,0,100.0,280,15219,0,15499
537,Ranga Reddy,537081,Saroornagar-3,1583058,"G Sridhar Reddy  Shivarampally, Rajendranagar",6,2024,6,170,0,176,16,443,0,459,210,2658,0,2868,0,0,0,0,210,2658,0,2868,0,0,0,0,0,100.0,210,2658,0,2868
537,Ranga Reddy,537081,Saroornagar-3,1583059,"Smt B Ashwini  Shivarampally, Rajendranagar",6,2024,58,1203,0,1261,116,3832,0,3948,2030,22992,0,25022,110,3174,0,3284,1920,19818,0,21738,0,0,0,0,0,100.0,1920,19818,0,21738
537,Ranga Reddy,537081,Saroornagar-3,1583060,"V.Lingaiah  IDA, Katedan, Rajendranagar",6,2024,25,727,0,752,49,2322,0,2371,875,13932,0,14807,0,4548,0,4548,875,9384,0,10259,0,0,0,0,0,100.0,875,9384,0,10259
537,Ranga Reddy,537081,Saroornagar-3,1583061,"L Rajesh Kumar  5-1-101, Premavathipet (V), Rajendranagar (M)",6,2024,16,634,0,650,34,1969,0,2003,560,11814,0,12374,0,2352,0,2352,560,9462,0,10022,0,0,0,0,0,100.0,560,9462,0,10022
537,Ranga Reddy,537081,Saroornagar-3,1583062,"Mir Mohammed Ali Hashmi  Hassan Nagar, Rajendranagar",6,2024,34,1061,0,1095,74,4447,0,4521,1190,26682,0,27872,455,11047,0,11502,735,15635,0,16370,0,0,0,0,0,100.0,735,15635,0,16370
537,Ranga Reddy,537081,Saroornagar-3,1583150,"SHYAM SUNDER  4-21-114, RAJENDRANAGAR",6,2024,26,497,0,523,63,1510,0,1573,910,9060,0,9970,0,3900,0,3900,910,5160,0,6070,0,0,0,0,0,100.0,910,5160,0,6070
537,Ranga Reddy,537081,Saroornagar-3,1583161,"M.Naresh Yadav  Budwel, Rajendranagar",6,2024,37,728,0,765,86,2407,0,2493,1295,14442,0,15737,420,5238,0,5658,875,9204,0,10079,0,0,0,0,0,100.0,875,9204,0,10079
537,Ranga Reddy,537081,Saroornagar-3,1583190,"Syed Attaur Rahman  Hassannagar, Rajendranagar",6,2024,37,812,0,849,77,3196,0,3273,1295,19176,0,20471,0,3402,0,3402,1295,15774,0,17069,0,0,0,0,0,100.0,1295,15774,0,17069
537,Ranga Reddy,537081,Saroornagar-3,1583199,"Mohd.Imtiyaz Ali  M.M.Pahadi, Attapur",6,2024,13,1127,0,1140,36,4187,0,4223,455,25122,0,25577,175,20959,0,21134,280,4163,0,4443,0,0,0,0,0,100.0,280,4163,0,4443
537,Ranga Reddy,537081,Saroornagar-3,1583202,"A.Swamy Das  Upparpally, Rajendranagar",6,2024,28,1192,0,1220,67,3847,0,3914,980,23082,0,24062,105,6599,0,6704,875,16483,0,17358,0,0,0,0,0,100.0,875,16483,0,17358
537,Ranga Reddy,537081,Saroornagar-3,1583213,"Mukkerla Yadamma  1-123, RAJENDRA NAGAR",6,2024,28,867,0,895,72,2777,0,2849,980,16662,0,17642,0,6319,0,6319,980,10343,0,11323,0,0,0,0,0,100.0,980,10343,0,11323
537,Ranga Reddy,537081,Saroornagar-3,1583223,"Korani Sunilkumar  Budwel, Rajendranagar",6,2024,16,1045,0,1061,46,3320,0,3366,560,19920,0,20480,0,5274,0,5274,560,14646,0,15206,0,0,0,0,0,100.0,560,14646,0,15206
537,Ranga Reddy,537081,Saroornagar-3,1583227,"Khaja Nayeemuddin  Hassnnagar, Rajendranagar",6,2024,37,1081,0,1118,95,4684,0,4779,1295,28104,0,29399,0,6600,0,6600,1295,21504,0,22799,0,0,0,0,0,100.0,1295,21504,0,22799
537,Ranga Reddy,537081,Saroornagar-3,1583239,"P.Chandrasekhar  Padmashalipuram, Rajendranagar",6,2024,22,1118,0,1140,46,3699,0,3745,770,22194,0,22964,0,4015,0,4015,770,18179,0,18949,0,0,0,0,0,100.0,770,18179,0,18949
537,Ranga Reddy,537081,Saroornagar-3,1583266,"A.Chittari  Muskmahal Colony, Rajendranagar",6,2024,17,1969,0,1986,43,7310,0,7353,595,43860,0,44455,245,17896,0,18141,350,25964,0,26314,0,0,0,0,0,100.0,350,25964,0,26314
537,Ranga Reddy,537081,Saroornagar-3,1583371,"G.Sabitha  Bhavani Colony, Rajendranagar",6,2024,25,923,0,948,52,2805,0,2857,875,16830,0,17705,35,4352,0,4387,840,12478,0,13318,0,0,0,0,0,100.0,840,12478,0,13318
537,Ranga Reddy,537081,Saroornagar-3,1583376,"Khursheed Sultana  Hassannagar, Rajendranagar",6,2024,21,1283,0,1304,53,5092,0,5145,735,30552,0,31287,0,0,0,0,735,30552,0,31287,0,0,0,0,0,100.0,735,30552,0,31287
537,Ranga Reddy,537081,Saroornagar-3,1583386,"G.Manjula  Shivanagar Colony, Rajendranagar",6,2024,29,741,0,770,91,2505,0,2596,1015,15030,0,16045,245,7620,0,7865,770,7410,0,8180,0,0,0,0,0,100.0,770,7410,0,8180
537,Ranga Reddy,537081,Saroornagar-3,1583390,"M.Saikiran Yadav  Budwel Railway Station, Rajendranagar",6,2024,17,938,0,955,35,3039,0,3074,595,18234,0,18829,0,3818,0,3818,595,14416,0,15011,0,0,0,0,0,100.0,595,14416,0,15011
537,Ranga Reddy,537081,Saroornagar-3,1583391,"Nazia Qamar  Shastripuram, Rajendranagar",6,2024,7,1124,0,1131,18,3846,0,3864,245,23076,0,23321,35,7776,0,7811,210,15300,0,15510,0,0,0,0,0,100.0,210,15300,0,15510
537,Ranga Reddy,537081,Saroornagar-3,1583394,"B.Suguna  Babulreddynagar, Rajendranagar",6,2024,18,1261,0,1279,42,4185,0,4227,630,25110,0,25740,70,8886,0,8956,560,16224,0,16784,0,0,0,0,0,100.0,560,16224,0,16784
537,Ranga Reddy,537081,Saroornagar-3,1583397,"K PREM RAJ  6-5-123/1, RAJENDRA NAGAR",6,2024,11,428,0,439,39,1325,0,1364,385,7950,0,8335,0,1548,0,1548,385,6402,0,6787,0,0,0,0,0,100.0,385,6402,0,6787
537,Ranga Reddy,537081,Saroornagar-3,1583401,"B.Saraswathi  Ganeshnagar, Rajendranagar",6,2024,12,1231,0,1243,24,4167,0,4191,420,25002,0,25422,0,6412,0,6412,420,18590,0,19010,0,0,0,0,0,100.0,420,18590,0,19010
537,Ranga Reddy,537081,Saroornagar-3,1583402,"C.Srinivas Reddy  Mailardevpally, Rajendranagar",6,2024,22,1671,0,1693,63,6053,0,6116,770,36318,0,37088,0,9640,0,9640,770,26678,0,27448,0,0,0,0,0,100.0,770,26678,0,27448
537,Ranga Reddy,537081,Saroornagar-3,1583403,"T.Anjaiah  Laxmiguda, Rajendranagar",6,2024,13,814,0,827,39,2716,0,2755,455,16296,0,16751,0,8822,0,8822,455,7474,0,7929,0,0,0,0,0,100.0,455,7474,0,7929
537,Ranga Reddy,537081,Saroornagar-3,1583404,"T.Sriramulu  Gaganpahad, Rajendranagar",6,2024,21,1039,0,1060,54,3479,0,3533,735,20874,0,21609,145,10529,0,10674,590,10345,0,10935,0,0,0,0,0,100.0,590,10345,0,10935
537,Ranga Reddy,537081,Saroornagar-3,1583618,"S.Raveena  Erraboda, Rajendranagar",6,2024,17,935,0,952,37,2765,0,2802,595,16590,0,17185,210,2682,0,2892,385,13908,0,14293,0,0,0,0,0,100.0,385,13908,0,14293
537,Ranga Reddy,537081,Saroornagar-3,1583619,"S.Goverdhan  Attapur, Rajendranagar",6,2024,8,1127,0,1135,25,3786,0,3811,280,22716,0,22996,0,3704,0,3704,280,19012,0,19292,0,0,0,0,0,100.0,280,19012,0,19292
537,Ranga Reddy,537081,Saroornagar-3,1583620,"Masani Om Shiva Kumar  Attapur, Rajendranagar",6,2024,34,1409,0,1443,77,4963,0,5040,1190,29778,0,30968,0,1875,0,1875,1190,27903,0,29093,0,0,0,0,0,100.0,1190,27903,0,29093
537,Ranga Reddy,537081,Saroornagar-3,1583621,A.Anusha  Mailardevpally,6,2024,30,1069,0,1099,73,3394,0,3467,1050,20364,0,21414,315,10084,0,10399,735,10280,0,11015,0,0,0,0,0,100.0,735,10280,0,11015
537,Ranga Reddy,537081,Saroornagar-3,1583622,"G. Sridhar Reddy  W.S.Colony, Shivarampally, Rajendranagar",6,2024,12,962,0,974,32,3491,0,3523,420,20946,0,21366,0,4289,0,4289,420,16657,0,17077,0,0,0,0,0,100.0,420,16657,0,17077
537,Ranga Reddy,537081,Saroornagar-3,1583623,"Nuzhath Unnisa  Hassannagar, Rajendranagar",6,2024,26,826,0,852,68,3084,0,3152,910,18504,0,19414,0,3021,0,3021,910,15483,0,16393,0,0,0,0,0,100.0,910,15483,0,16393
537,Ranga Reddy,537081,Saroornagar-3,1583624,"K.Praveen kumar  Chintalmet, Rajendranagar",6,2024,11,1593,0,1604,28,6078,0,6106,385,36468,0,36853,175,10728,0,10903,210,25740,0,25950,0,0,0,0,0,100.0,210,25740,0,25950
537,Ranga Reddy,537081,Saroornagar-3,1583625,"Razia Sultana  Dairy Form, Attapur, Rajendranagar",6,2024,16,1722,0,1738,41,6595,0,6636,560,39570,0,40130,0,2664,0,2664,560,36906,0,37466,0,0,0,0,0,100.0,560,36906,0,37466
537,Ranga Reddy,537081,Saroornagar-3,1583626,"Fareen Sultana  M.M.Pahadi, Attapur, Rajendranagar",6,2024,4,1301,0,1305,10,4816,0,4826,140,28896,0,29036,70,14213,0,14283,70,14683,0,14753,0,0,0,0,0,100.0,70,14683,0,14753
537,Ranga Reddy,537081,Saroornagar-3,1583627,"Mohd. Omar  Babanagar, Attapur, Rajendranagar",6,2024,4,1584,0,1588,9,5892,0,5901,140,35352,0,35492,0,4602,0,4602,140,30750,0,30890,0,0,0,0,0,100.0,140,30750,0,30890
537,Ranga Reddy,537081,Saroornagar-3,1583628,"Smt.Sameena Begum  Indranagar, Hassannagar, Rajendranagar",6,2024,14,1114,0,1128,30,4236,0,4266,490,25416,0,25906,0,2968,0,2968,490,22448,0,22938,0,0,0,0,0,100.0,490,22448,0,22938
537,Ranga Reddy,537081,Saroornagar-3,1583629,"E Satyanarayana  8-10-200/A, Madhuban Colony, Kateda (V), Rajendranagar (M)",6,2024,3,629,0,632,7,1668,0,1675,105,10008,0,10113,0,5135,0,5135,105,4873,0,4978,0,0,0,0,0,100.0,105,4873,0,4978
537,Ranga Reddy,537081,Saroornagar-3,1583630,"M.Jayalaxmi  Adarshnagar Colony, Padmashalipuram, Rajendranagar",6,2024,13,988,0,1001,26,3174,0,3200,455,19044,0,19499,0,5869,0,5869,455,13175,0,13630,0,0,0,0,0,100.0,455,13175,0,13630
537,Ranga Reddy,537081,Saroornagar-3,1583631,"M.Jaipal Reddy  Maruthinagar, Attapur, Rajendranagar",6,2024,6,1373,0,1379,13,4972,0,4985,210,29832,0,30042,35,9764,0,9799,175,20068,0,20243,0,0,0,0,0,100.0,175,20068,0,20243
537,Ranga Reddy,537081,Saroornagar-3,1583632,"Y Shivaram  Mushkmahal, Attapur, Rajendranagar",6,2024,100,1583,0,1683,305,6485,0,6790,3500,38910,0,42410,770,10094,0,10864,2730,28816,0,31546,0,0,0,0,0,100.0,2730,28816,0,31546
537,Ranga Reddy,537081,Saroornagar-3,1583633,"Mohd.Javeed  Jalalbabanagar, Attapur, Rajendranagar",6,2024,30,1419,0,1449,55,5017,0,5072,1050,30102,0,31152,245,7131,0,7376,805,22971,0,23776,0,0,0,0,0,100.0,805,22971,0,23776
537,Ranga Reddy,537081,Saroornagar-3,1583634,"Syed Siddiq  Hassannagar, Rajendranagar",6,2024,7,773,0,780,22,2788,0,2810,245,16728,0,16973,35,2801,0,2836,210,13927,0,14137,0,0,0,0,0,100.0,210,13927,0,14137
537,Ranga Reddy,537081,Saroornagar-3,1583635,"Venkat Reddy  Brundavan Colony, Mailardevpally, Rajendranagar",6,2024,45,1031,0,1076,87,3365,0,3452,1575,20190,0,21765,0,3708,0,3708,1575,16482,0,18057,0,0,0,0,0,100.0,1575,16482,0,18057
537,Ranga Reddy,537081,Saroornagar-3,1583636,"V.Srilatha  Durganagar, Mailardevpally, Rajendranagar",6,2024,14,876,0,890,30,2942,0,2972,490,17652,0,18142,70,9312,0,9382,420,8340,0,8760,0,0,0,0,0,100.0,420,8340,0,8760
537,Ranga Reddy,537081,Saroornagar-3,1583637,"N.Vijaya  Brundavan Colony, Mailardevpally, Rajendranagar",6,2024,20,1069,0,1089,56,3585,0,3641,700,21510,0,22210,420,7994,0,8414,280,13516,0,13796,0,0,0,0,0,100.0,280,13516,0,13796
537,Ranga Reddy,537081,Saroornagar-3,1583638,"Syed siddiq  Railway Gate, Mailardevpally, Rajendranagar",6,2024,9,1383,0,1392,25,5415,0,5440,315,32490,0,32805,0,18824,0,18824,315,13666,0,13981,0,0,0,0,0,100.0,315,13666,0,13981
537,Ranga Reddy,537081,Saroornagar-3,1583639,"E.Kavitha  Sriramnagar, Gaganpahad, Rajendranagar",6,2024,15,782,0,797,33,2519,0,2552,525,15114,0,15639,0,9156,0,9156,525,5958,0,6483,0,0,0,0,0,100.0,525,5958,0,6483
537,Ranga Reddy,537081,Saroornagar-3,1583691,Samreddy Maheshwar Reddy  Laxmiguda RGK,6,2024,26,500,0,526,71,1594,0,1665,910,9564,0,10474,35,5880,0,5915,875,3684,0,4559,0,0,0,0,0,100.0,875,3684,0,4559
537,Ranga Reddy,537081,Saroornagar-3,1583692,L Lalitha  Laxmiguda RGK,6,2024,10,549,0,559,24,1826,0,1850,350,10956,0,11306,35,5457,0,5492,315,5499,0,5814,0,0,0,0,0,100.0,315,5499,0,5814
537,Ranga Reddy,537081,Saroornagar-3,1583693,S Shashi Rekha  Laxmiguda RGK,6,2024,16,446,0,462,36,1334,0,1370,560,8004,0,8564,105,3634,0,3739,455,4370,0,4825,0,0,0,0,0,100.0,455,4370,0,4825
537,Ranga Reddy,537081,Saroornagar-3,1583746,"Lal Mohammed Khan  4-23-11/A, Hassannagar, Rajendranagar",6,2024,17,733,0,750,60,2783,0,2843,595,16698,0,17293,0,330,0,330,595,16368,0,16963,0,0,0,0,0,100.0,595,16368,0,16963
537,Ranga Reddy,537081,Saroornagar-3,1583747,"Ch.Padma  Bhavani Colony, Rajendranagar",6,2024,21,870,0,891,52,2627,0,2679,735,15762,0,16497,0,1890,0,1890,735,13872,0,14607,0,0,0,0,0,100.0,735,13872,0,14607
537,Ranga Reddy,537081,Saroornagar-3,1583748,"A.Madhava Reddy  Budwel Railway Station, Rajendranagar",6,2024,14,783,0,797,27,2425,0,2452,490,14550,0,15040,0,3085,0,3085,490,11465,0,11955,0,0,0,0,0,100.0,490,11465,0,11955
537,Ranga Reddy,537081,Saroornagar-3,1583771,"K Tirupathi Reddy  Mulgi No: 3-3-65, Erraboda, Hyderguda, Rajendranagar",6,2024,34,814,0,848,63,2447,0,2510,1190,14682,0,15872,210,5042,0,5252,980,9640,0,10620,0,0,0,0,0,100.0,980,9640,0,10620
537,Ranga Reddy,537081,Saroornagar-3,1585046,J Shankaraiah  Saroornagar,6,2024,4,146,0,150,10,521,0,531,140,3126,0,3266,0,0,0,0,140,3126,0,3266,0,0,0,0,0,100.0,140,3126,0,3266
537,Ranga Reddy,537081,Saroornagar-3,1585047,D.Lalitha  Champapet,6,2024,14,720,0,734,31,2170,0,2201,490,13020,0,13510,0,6798,0,6798,490,6222,0,6712,0,0,0,0,0,100.0,490,6222,0,6712
537,Ranga Reddy,537081,Saroornagar-3,1585087,"G.Vishumurthy  Majid Galli, L.B.Nagar",6,2024,54,913,0,967,145,3093,0,3238,1890,18558,0,20448,245,2680,0,2925,1645,15878,0,17523,0,0,0,0,0,100.0,1645,15878,0,17523
537,Ranga Reddy,537081,Saroornagar-3,1585088,Yerram Vidyakar  Vanasthalipuram Complex,6,2024,7,1277,0,1284,16,4219,0,4235,245,25314,0,25559,0,0,0,0,245,25314,0,25559,0,0,0,0,0,100.0,245,25314,0,25559
537,Ranga Reddy,537081,Saroornagar-3,1585089,"K.Padma  CBI Colony, Vanasthalipuram",6,2024,5,715,0,720,10,2334,0,2344,175,14004,0,14179,105,2440,0,2545,70,11564,0,11634,0,0,0,0,0,100.0,70,11564,0,11634
537,Ranga Reddy,537081,Saroornagar-3,1585090,K.Ramadevi  Bairamalguda,6,2024,29,1088,0,1117,70,3561,0,3631,1015,21366,0,22381,210,7072,0,7282,805,14294,0,15099,0,0,0,0,0,100.0,805,14294,0,15099
537,Ranga Reddy,537081,Saroornagar-3,1585136,A.Balamani  Saroornagar,6,2024,13,691,0,704,41,2313,0,2354,455,13878,0,14333,35,3852,0,3887,420,10026,0,10446,0,0,0,0,0,100.0,420,10026,0,10446
537,Ranga Reddy,537081,Saroornagar-3,1585141,P Anjaneyulu  Pahadi Shareef,6,2024,53,1691,0,1744,110,5807,0,5917,1855,34842,0,36697,245,9416,0,9661,1610,25426,0,27036,0,0,0,0,0,100.0,1610,25426,0,27036
537,Ranga Reddy,537081,Saroornagar-3,1585144,S.Umarani  Kothapet,6,2024,20,944,0,964,35,3350,0,3385,700,20100,0,20800,105,5682,0,5787,595,14418,0,15013,0,0,0,0,0,100.0,595,14418,0,15013
537,Ranga Reddy,537081,Saroornagar-3,1585162,M.Devender Reddy  Jillellaguda,6,2024,22,753,0,775,46,2375,0,2421,770,14250,0,15020,0,2813,0,2813,770,11437,0,12207,0,0,0,0,0,100.0,770,11437,0,12207
537,Ranga Reddy,537081,Saroornagar-3,1585165,A.Shiva Ram  R.K.Puram,6,2024,25,1159,0,1184,62,3656,0,3718,875,21936,0,22811,35,7956,0,7991,840,13980,0,14820,0,0,0,0,0,100.0,840,13980,0,14820
537,Ranga Reddy,537081,Saroornagar-3,1585168,"D.Kishan  SBH Colony, L.B.Nagar",6,2024,10,1059,0,1069,30,3488,0,3518,350,20928,0,21278,70,7069,0,7139,280,13859,0,14139,0,0,0,0,0,100.0,280,13859,0,14139
537,Ranga Reddy,537081,Saroornagar-3,1585178,A.Krishna  Karmanghat,6,2024,23,1110,0,1133,54,3599,0,3653,805,21594,0,22399,0,2778,0,2778,805,18816,0,19621,0,0,0,0,0,100.0,805,18816,0,19621
537,Ranga Reddy,537081,Saroornagar-3,1585179,"J PAVAN KUMAR  10-3-21, Shop No.1, Mass Colony, Lingojiguda Village",6,2024,26,749,0,775,63,2489,0,2552,910,14934,0,15844,0,6054,0,6054,910,8880,0,9790,0,0,0,0,0,100.0,910,8880,0,9790
537,Ranga Reddy,537081,Saroornagar-3,1585181,Jajala Sandya Rani  Champapet,6,2024,15,826,0,841,32,2633,0,2665,525,15798,0,16323,0,9366,0,9366,525,6432,0,6957,0,0,0,0,0,100.0,525,6432,0,6957
537,Ranga Reddy,537081,Saroornagar-3,1585182,N.Rajasekhar  Sahebnagar,6,2024,23,1344,0,1367,69,4509,0,4578,805,27054,0,27859,0,1139,0,1139,805,25915,0,26720,0,0,0,0,0,100.0,805,25915,0,26720
537,Ranga Reddy,537081,Saroornagar-3,1585187,"G Sabitha  Sachivalayanagar, Vanasthalipuram",6,2024,14,927,0,941,35,2965,0,3000,490,17790,0,18280,0,7144,0,7144,490,10646,0,11136,0,0,0,0,0,100.0,490,10646,0,11136
537,Ranga Reddy,537081,Saroornagar-3,1585188,M.Neelamma  Mansoorabad,6,2024,22,873,0,895,44,2671,0,2715,770,16026,0,16796,210,7528,0,7738,560,8498,0,9058,0,0,0,0,0,100.0,560,8498,0,9058
537,Ranga Reddy,537081,Saroornagar-3,1585197,"G.Pavan Kumar  6-3-1373/B, NGO's Colony, Vanasthalipuram",6,2024,9,1005,0,1014,25,3278,0,3303,315,19668,0,19983,0,2646,0,2646,315,17022,0,17337,0,0,0,0,0,100.0,315,17022,0,17337
537,Ranga Reddy,537081,Saroornagar-3,1585217,S.Digamber Prasad  L.B.Nagar,6,2024,10,631,0,641,24,2193,0,2217,350,13158,0,13508,0,3564,0,3564,350,9594,0,9944,0,0,0,0,0,100.0,350,9594,0,9944
537,Ranga Reddy,537081,Saroornagar-3,1585226,Y.Sumalatha  Meerpet,6,2024,43,1018,0,1061,110,3303,0,3413,1505,19818,0,21323,35,5661,0,5696,1470,14157,0,15627,0,0,0,0,0,100.0,1470,14157,0,15627
537,Ranga Reddy,537081,Saroornagar-3,1585243,"B.Jagadish Yadav  HUDA Colony, Saroornagar",6,2024,19,915,0,934,54,3045,0,3099,665,18270,0,18935,0,5016,0,5016,665,13254,0,13919,0,0,0,0,0,100.0,665,13254,0,13919
537,Ranga Reddy,537081,Saroornagar-3,1585267,"M.Shanker  G.J.Nagar, L.B.Nagar",6,2024,73,752,0,825,224,2472,0,2696,2555,14832,0,17387,175,718,0,893,2380,14114,0,16494,0,0,0,0,0,100.0,2380,14114,0,16494
537,Ranga Reddy,537081,Saroornagar-3,1585300,"Amar bin Hussain  Errakunta, Kothapet",6,2024,4,732,0,736,6,2372,0,2378,140,14232,0,14372,0,0,0,0,140,14232,0,14372,0,0,0,0,0,100.0,140,14232,0,14372
537,Ranga Reddy,537081,Saroornagar-3,1585310,"G.Venkatesh  Katikonikunta, Champapet",6,2024,26,699,0,725,68,2323,0,2391,910,13938,0,14848,35,4327,0,4362,875,9611,0,10486,0,0,0,0,0,100.0,875,9611,0,10486
537,Ranga Reddy,537081,Saroornagar-3,1585311,"B.Madhusudhan Reddy  Sainagar Colony, Lingojiguda",6,2024,21,718,0,739,52,2181,0,2233,735,13086,0,13821,210,4100,0,4310,525,8986,0,9511,0,0,0,0,0,100.0,525,8986,0,9511
537,Ranga Reddy,537081,Saroornagar-3,1585316,K.Ramu  Jillellaguda,6,2024,82,924,0,1006,207,3130,0,3337,2870,18780,0,21650,525,9386,0,9911,2345,9394,0,11739,0,0,0,0,0,100.0,2345,9394,0,11739
537,Ranga Reddy,537081,Saroornagar-3,1585317,"Thadoori Soma Laxmi  Haripuri Colony, R.K.Puram",6,2024,16,642,0,658,51,2187,0,2238,560,13122,0,13682,0,5208,0,5208,560,7914,0,8474,0,0,0,0,0,100.0,560,7914,0,8474
537,Ranga Reddy,537081,Saroornagar-3,1585318,G Venkatesh  Champapet,6,2024,24,704,0,728,58,2464,0,2522,840,14784,0,15624,0,6170,0,6170,840,8614,0,9454,0,0,0,0,0,100.0,840,8614,0,9454
537,Ranga Reddy,537081,Saroornagar-3,1585326,"M.Bharati  Gayathrinagar, Karmanghat",6,2024,7,793,0,800,14,2650,0,2664,245,15900,0,16145,0,4248,0,4248,245,11652,0,11897,0,0,0,0,0,100.0,245,11652,0,11897
537,Ranga Reddy,537081,Saroornagar-3,1585327,"T.Anita  Shivaganga Colony, L.B.Nagar",6,2024,46,1109,0,1155,96,3538,0,3634,1610,21228,0,22838,0,4577,0,4577,1610,16651,0,18261,0,0,0,0,0,100.0,1610,16651,0,18261
537,Ranga Reddy,537081,Saroornagar-3,1585330,"K.Vijayalaxmi  Dwarakamainagar, Vanasthalipuram",6,2024,19,942,0,961,48,3048,0,3096,665,18288,0,18953,70,5548,0,5618,595,12740,0,13335,0,0,0,0,0,100.0,595,12740,0,13335
537,Ranga Reddy,537081,Saroornagar-3,1585331,"V.Laxminarsimhulu  B.N.Reddy Nagar, Vanasthalipuram",6,2024,14,1069,0,1083,43,3353,0,3396,490,20118,0,20608,0,990,0,990,490,19128,0,19618,0,0,0,0,0,100.0,490,19128,0,19618
537,Ranga Reddy,537081,Saroornagar-3,1585332,"Brij Rani  Vijayapuri Colony, Saroornagar",6,2024,4,1006,0,1010,13,3219,0,3232,140,19314,0,19454,35,5628,0,5663,105,13686,0,13791,0,0,0,0,0,100.0,105,13686,0,13791
537,Ranga Reddy,537081,Saroornagar-3,1585333,Mohd Akber  Saroornagar,6,2024,56,770,0,826,130,2674,0,2804,1960,16044,0,18004,0,4527,0,4527,1960,11517,0,13477,0,0,0,0,0,100.0,1960,11517,0,13477
537,Ranga Reddy,537081,Saroornagar-3,1585334,"Yerram Vidyakar  FCI Colony, Vanasthalipuram",6,2024,3,571,0,574,12,1958,0,1970,105,11748,0,11853,35,2586,0,2621,70,9162,0,9232,0,0,0,0,0,100.0,70,9162,0,9232
537,Ranga Reddy,537081,Saroornagar-3,1585345,M.Anjaiah  Saroornagar,6,2024,25,1018,0,1043,51,3361,0,3412,875,20166,0,21041,70,2112,0,2182,805,18054,0,18859,0,0,0,0,0,100.0,805,18054,0,18859
537,Ranga Reddy,537081,Saroornagar-3,1585354,"K.Vykuntam  Hills Colony, Vanasthalipuram",6,2024,23,1346,0,1369,63,4554,0,4617,805,27324,0,28129,105,13826,0,13931,700,13498,0,14198,0,0,0,0,0,100.0,700,13498,0,14198
537,Ranga Reddy,537081,Saroornagar-3,1585365,"G.Sabitha  Vaidehinagar, Vanasthalipuram",6,2024,9,1018,0,1027,30,3380,0,3410,315,20280,0,20595,0,7174,0,7174,315,13106,0,13421,0,0,0,0,0,100.0,315,13106,0,13421
537,Ranga Reddy,537081,Saroornagar-3,1585366,"T.Jangamma  Leninnagar, Meerpet",6,2024,21,686,0,707,55,2116,0,2171,735,12696,0,13431,105,5904,0,6009,630,6792,0,7422,0,0,0,0,0,100.0,630,6792,0,7422
537,Ranga Reddy,537081,Saroornagar-3,1585374,G.Vimalabai  Saroornagar,6,2024,5,509,0,514,15,1613,0,1628,175,9678,0,9853,0,3834,0,3834,175,5844,0,6019,0,0,0,0,0,100.0,175,5844,0,6019
537,Ranga Reddy,537081,Saroornagar-3,1585377,"T.Dhana Laxmi  Prashantinagar, Vanasthalipuram",6,2024,20,1101,0,1121,43,3689,0,3732,700,22134,0,22834,0,4218,0,4218,700,17916,0,18616,0,0,0,0,0,100.0,700,17916,0,18616
537,Ranga Reddy,537081,Saroornagar-3,1585379,K Vaikuntam  Hastinapuram,6,2024,20,736,0,756,51,2389,0,2440,700,14334,0,15034,0,1572,0,1572,700,12762,0,13462,0,0,0,0,0,100.0,700,12762,0,13462
537,Ranga Reddy,537081,Saroornagar-3,1585382,"P.Chandramohan  HUDA Complex, Saroornagar",6,2024,13,1168,0,1181,38,3586,0,3624,455,21516,0,21971,0,5545,0,5545,455,15971,0,16426,0,0,0,0,0,100.0,455,15971,0,16426
537,Ranga Reddy,537081,Saroornagar-3,1585383,"S KALPANA  11-14-446/3, SRINAGAR, LB NAGAR",6,2024,33,653,0,686,86,2043,0,2129,1155,12258,0,13413,315,4404,0,4719,840,7854,0,8694,0,0,0,0,0,100.0,840,7854,0,8694
537,Ranga Reddy,537081,Saroornagar-3,1585384,R.Umadevi  Champapet,6,2024,6,532,0,538,12,1587,0,1599,210,9522,0,9732,140,5692,0,5832,70,3830,0,3900,0,0,0,0,0,100.0,70,3830,0,3900
537,Ranga Reddy,537081,Saroornagar-3,1585392,"Kandi Konda Ranjeet Kumar  Tapovan Colony, Lingojiguda",6,2024,2,418,0,420,2,1393,0,1395,70,8358,0,8428,0,7266,0,7266,70,1092,0,1162,0,0,0,0,0,100.0,70,1092,0,1162
537,Ranga Reddy,537081,Saroornagar-3,1585393,"Anthati Varalaxmi  Shantinagar, Vanasthalipuram",6,2024,6,891,0,897,11,2719,0,2730,210,16314,0,16524,0,1364,0,1364,210,14950,0,15160,0,0,0,0,0,100.0,210,14950,0,15160
537,Ranga Reddy,537081,Saroornagar-3,1585396,"Kishan P Dixit  1-48/4/1, MYTHRI NAGAR, LB NAGAR",6,2024,7,413,0,420,17,1387,0,1404,245,8322,0,8567,35,6306,0,6341,210,2016,0,2226,0,0,0,0,0,100.0,210,2016,0,2226
537,Ranga Reddy,537081,Saroornagar-3,1585398,"M.Prasanna Vedavathi  NTR Nagar, L.B.Nagar",6,2024,7,896,0,903,16,3108,0,3124,245,18648,0,18893,0,2564,0,2564,245,16084,0,16329,0,0,0,0,0,100.0,245,16084,0,16329
537,Ranga Reddy,537081,Saroornagar-3,1585406,A.Anjani  Hayatnagar,6,2024,27,1178,0,1205,61,3851,0,3912,945,23106,0,24051,0,2390,0,2390,945,20716,0,21661,0,0,0,0,0,100.0,945,20716,0,21661
537,Ranga Reddy,537081,Saroornagar-3,1585407,"M.Vyas  Old Village, Hayatnagar",6,2024,24,951,0,975,60,3315,0,3375,840,19890,0,20730,0,603,0,603,840,19287,0,20127,0,0,0,0,0,100.0,840,19287,0,20127
537,Ranga Reddy,537081,Saroornagar-3,1585408,"Motoori Rekha  Lecturers Colony, Hayatnagar",6,2024,4,746,0,750,10,2335,0,2345,140,14010,0,14150,0,386,0,386,140,13624,0,13764,0,0,0,0,0,100.0,140,13624,0,13764
537,Ranga Reddy,537081,Saroornagar-3,1585649,"M.Venkat Reddy  Rajireddinagar, Champapet",6,2024,6,776,0,782,17,2553,0,2570,210,15318,0,15528,0,5987,0,5987,210,9331,0,9541,0,0,0,0,0,100.0,210,9331,0,9541
537,Ranga Reddy,537081,Saroornagar-3,1585651,"Mirja Moizulla Baig  Sadatnagar, Kothapet",6,2024,6,1069,0,1075,7,3590,0,3597,210,21540,0,21750,0,3755,0,3755,210,17785,0,17995,0,0,0,0,0,100.0,210,17785,0,17995
537,Ranga Reddy,537081,Saroornagar-3,1585653,"Muralish Goud  Raghavendranagar, Jillellaguda",6,2024,16,1046,0,1062,33,3253,0,3286,560,19518,0,20078,35,1608,0,1643,525,17910,0,18435,0,0,0,0,0,100.0,525,17910,0,18435
537,Ranga Reddy,537081,Saroornagar-3,1585655,"J.Laxman  Pavanpuri Colony, Karmanghat",6,2024,5,804,0,809,11,2484,0,2495,175,14904,0,15079,0,204,0,204,175,14700,0,14875,0,0,0,0,0,100.0,175,14700,0,14875
537,Ranga Reddy,537081,Saroornagar-3,1585656,"E.Viswanath Goud  Flat No.5, Ground Floor, Tagalaguda-1, Wambey Colony, Karmanghat",6,2024,21,1013,0,1034,61,3440,0,3501,735,20640,0,21375,35,4700,0,4735,700,15940,0,16640,0,0,0,0,0,100.0,700,15940,0,16640
537,Ranga Reddy,537081,Saroornagar-3,1585657,"P.Saraswathi  Nandanavanam, Karmanghat",6,2024,12,882,0,894,23,2876,0,2899,420,17256,0,17676,35,3936,0,3971,385,13320,0,13705,0,0,0,0,0,100.0,385,13320,0,13705
537,Ranga Reddy,537081,Saroornagar-3,1585658,"D.Bhavani  R.N.Reddynagar, Meerpet",6,2024,8,902,0,910,10,2743,0,2753,280,16458,0,16738,0,7752,0,7752,280,8706,0,8986,0,0,0,0,0,100.0,280,8706,0,8986
537,Ranga Reddy,537081,Saroornagar-3,1585660,"Ranjitkumar  Kameswara Rao Colony, Lingojiguda",6,2024,24,1022,0,1046,44,3291,0,3335,840,19746,0,20586,0,1612,0,1612,840,18134,0,18974,0,0,0,0,0,100.0,840,18134,0,18974
537,Ranga Reddy,537081,Saroornagar-3,1585661,"R.Harilal  Mithilanagar, Jillellaguda",6,2024,10,754,0,764,21,2390,0,2411,350,14340,0,14690,70,8028,0,8098,280,6312,0,6592,0,0,0,0,0,100.0,280,6312,0,6592
537,Ranga Reddy,537081,Saroornagar-3,1585662,"Chittimouli Vivek  6-17/1, Plot No.49, Laxmi Narasimha Colony, Meerpet Village, Balapur Mandal",6,2024,18,1085,0,1103,45,3385,0,3430,630,20310,0,20940,0,1302,0,1302,630,19008,0,19638,0,0,0,0,0,100.0,630,19008,0,19638
537,Ranga Reddy,537081,Saroornagar-3,1585663,K Ramulu  Jillellaguda,6,2024,12,786,0,798,29,2559,0,2588,420,15354,0,15774,0,7663,0,7663,420,7691,0,8111,0,0,0,0,0,100.0,420,7691,0,8111
537,Ranga Reddy,537081,Saroornagar-3,1585664,"P.Srinivas  Mahankalamma Thota, Champapet",6,2024,21,684,0,705,55,2308,0,2363,735,13848,0,14583,285,6762,0,7047,450,7086,0,7536,0,0,0,0,0,100.0,450,7086,0,7536
537,Ranga Reddy,537081,Saroornagar-3,1585665,"V.Satishkumar  Dhatunagar, Champapet",6,2024,8,495,0,503,28,1525,0,1553,280,9150,0,9430,0,1780,0,1780,280,7370,0,7650,0,0,0,0,0,100.0,280,7370,0,7650
537,Ranga Reddy,537081,Saroornagar-3,1585666,Janimiya  L.B.Nagar,6,2024,42,992,0,1034,83,3303,0,3386,1470,19818,0,21288,0,4305,0,4305,1470,15513,0,16983,0,0,0,0,0,100.0,1470,15513,0,16983
537,Ranga Reddy,537081,Saroornagar-3,1585667,"P.Saritha  Altafnagar, Bairamalguda",6,2024,32,865,0,897,66,2893,0,2959,1120,17358,0,18478,175,4853,0,5028,945,12505,0,13450,0,0,0,0,0,100.0,945,12505,0,13450
537,Ranga Reddy,537081,Saroornagar-3,1585668,"M.Harikumar  Sainagar, Bairamalguda",6,2024,7,784,0,791,21,2690,0,2711,245,16140,0,16385,0,5149,0,5149,245,10991,0,11236,0,0,0,0,0,100.0,245,10991,0,11236
537,Ranga Reddy,537081,Saroornagar-3,1585669,"K.Sridhar Gupta  Saraswathinagar, Hastinapuram",6,2024,3,881,0,884,7,2749,0,2756,105,16494,0,16599,0,4010,0,4010,105,12484,0,12589,0,0,0,0,0,100.0,105,12484,0,12589
537,Ranga Reddy,537081,Saroornagar-3,1585670,"P.Ramakrishna  W.S.Colony, Sahebnagar Tagged to 182",6,2024,8,599,0,607,17,1865,0,1882,280,11190,0,11470,0,24,0,24,280,11166,0,11446,0,0,0,0,0,100.0,280,11166,0,11446
537,Ranga Reddy,537081,Saroornagar-3,1585671,"Tigulla Chandra Shekar  Chitraseema Colony, Mansoorabad",6,2024,25,936,0,961,49,2975,0,3024,875,17850,0,18725,210,2478,0,2688,665,15372,0,16037,0,0,0,0,0,100.0,665,15372,0,16037
537,Ranga Reddy,537081,Saroornagar-3,1585672,"D.Amarnath  W.S.Colony, Mansoorabad",6,2024,14,1060,0,1074,41,3389,0,3430,490,20334,0,20824,0,8186,0,8186,490,12148,0,12638,0,0,0,0,0,100.0,490,12148,0,12638
537,Ranga Reddy,537081,Saroornagar-3,1585673,"Budda Satyanarayana  Saraswathinagar, Chintalkunta",6,2024,13,877,0,890,26,2836,0,2862,455,17016,0,17471,140,4318,0,4458,315,12698,0,13013,0,0,0,0,0,100.0,315,12698,0,13013
537,Ranga Reddy,537081,Saroornagar-3,1585674,"G.Sunitha Reddy  RTC Colony, L.B.Nagar",6,2024,8,1054,0,1062,21,3316,0,3337,280,19896,0,20176,0,5023,0,5023,280,14873,0,15153,0,0,0,0,0,100.0,280,14873,0,15153
537,Ranga Reddy,537081,Saroornagar-3,1585675,Lunavath Manjula  Rajiv Gandhinagar L.B.Nagar,6,2024,19,881,0,900,47,2827,0,2874,665,16962,0,17627,0,6109,0,6109,665,10853,0,11518,0,0,0,0,0,100.0,665,10853,0,11518
537,Ranga Reddy,537081,Saroornagar-3,1585676,"Veerlapati Srinivas  Kamalanagar, Vanasthalipuram",6,2024,1,219,0,220,2,677,0,679,35,4062,0,4097,0,726,0,726,35,3336,0,3371,0,0,0,0,0,100.0,35,3336,0,3371
537,Ranga Reddy,537081,Saroornagar-3,1585677,"S.Sravanthi  Venkateswara Colony, Hastinapuram",6,2024,6,608,0,614,24,1943,0,1967,210,11658,0,11868,0,6555,0,6555,210,5103,0,5313,0,0,0,0,0,100.0,210,5103,0,5313
537,Ranga Reddy,537081,Saroornagar-3,1585678,"Konda Amarendernath  Shirdisainagar, Hastinapuram",6,2024,0,105,0,105,0,314,0,314,0,1884,0,1884,0,1884,0,1884,0,0,0,0,0,0,0,0,0,100.0,0,0,0,0
537,Ranga Reddy,537081,Saroornagar-3,1585679,"M.Sandya Rani  Mythrinagar, L.B.Nagar",6,2024,21,871,0,892,48,2735,0,2783,735,16410,0,17145,315,5455,0,5770,420,10955,0,11375,0,0,0,0,0,100.0,420,10955,0,11375
537,Ranga Reddy,537081,Saroornagar-3,1585680,"Sk.Raj Mohammed  NTR Nagar, LB Nagar",6,2024,28,931,0,959,51,3123,0,3174,980,18738,0,19718,0,4846,0,4846,980,13892,0,14872,0,0,0,0,0,100.0,980,13892,0,14872
537,Ranga Reddy,537081,Saroornagar-3,1585681,"Seshu Kumar  NTR Nagar, LB Nagar",6,2024,12,880,0,892,37,2943,0,2980,420,17658,0,18078,0,5286,0,5286,420,12372,0,12792,0,0,0,0,0,100.0,420,12372,0,12792
537,Ranga Reddy,537081,Saroornagar-3,1585682,"N.Tara  NTR Nagar, LB Nagar",6,2024,30,556,0,586,68,1782,0,1850,1050,10692,0,11742,490,7032,0,7522,560,3660,0,4220,0,0,0,0,0,100.0,560,3660,0,4220
537,Ranga Reddy,537081,Saroornagar-3,1585683,"Ch.Sudheer Goud  Banjara Colony, Hayatnagar",6,2024,12,850,1,863,28,2891,4,2923,420,17346,10,17776,0,0,10,10,420,17346,0,17766,0,0,0,0,0,100.0,420,17346,0,17766
537,Ranga Reddy,537081,Saroornagar-3,1585684,Venkata Satyanarayana  Hayatnagar,6,2024,19,828,0,847,45,2607,0,2652,665,15642,0,16307,35,210,0,245,630,15432,0,16062,0,0,0,0,0,100.0,630,15432,0,16062
537,Ranga Reddy,537081,Saroornagar-3,1585685,"Sai Kishore Reddy  Near Post Office, Hayatnagar",6,2024,27,806,0,833,56,2584,0,2640,945,15504,0,16449,35,3010,0,3045,910,12494,0,13404,0,0,0,0,0,100.0,910,12494,0,13404
537,Ranga Reddy,537081,Saroornagar-3,1585686,"S.Ramesh  B.C.Colony, Hayatnagar",6,2024,33,739,0,772,57,2430,0,2487,1155,14580,0,15735,0,3636,0,3636,1155,10944,0,12099,0,0,0,0,0,100.0,1155,10944,0,12099
537,Ranga Reddy,537081,Saroornagar-3,1585698,"J.Sandhya Rani  Viratnagar, Champapet",6,2024,16,759,0,775,44,2488,0,2532,560,14928,0,15488,0,4614,0,4614,560,10314,0,10874,0,0,0,0,0,100.0,560,10314,0,10874
537,Ranga Reddy,537081,Saroornagar-3,1585700,"Yadamma  RTC Colony, L.B.Nagar",6,2024,30,727,0,757,63,2341,0,2404,1050,14046,0,15096,0,3568,0,3568,1050,10478,0,11528,0,0,0,0,0,100.0,1050,10478,0,11528
537,Ranga Reddy,537081,Saroornagar-3,1585702,"Tigulla Chandra Shekar  Prashantnagar, Vanasthalipuram",6,2024,12,782,0,794,27,2454,0,2481,420,14724,0,15144,0,3444,0,3444,420,11280,0,11700,0,0,0,0,0,100.0,420,11280,0,11700
537,Ranga Reddy,537081,Saroornagar-3,1585703,"S.Padmavathi  Shaktinagar, Karmanghat",6,2024,18,1141,0,1159,49,3715,0,3764,630,22290,0,22920,0,5283,0,5283,630,17007,0,17637,0,0,0,0,0,100.0,630,17007,0,17637
537,Ranga Reddy,537081,Saroornagar-3,1585704,"M Praveen Kumar  Vinayaknagar, Hayatnagar",6,2024,13,818,0,831,30,2713,0,2743,455,16278,0,16733,35,0,0,35,420,16278,0,16698,0,0,0,0,0,100.0,420,16278,0,16698
537,Ranga Reddy,537081,Saroornagar-3,1585706,Naveen Kumar  Meerpet,6,2024,27,899,0,926,74,2887,0,2961,945,17322,0,18267,0,3784,0,3784,945,13538,0,14483,0,0,0,0,0,100.0,945,13538,0,14483
537,Ranga Reddy,537081,Saroornagar-3,1585707,K.Bhushanam  Saroornagar,6,2024,19,615,0,634,56,2094,0,2150,665,12564,0,13229,70,8334,0,8404,595,4230,0,4825,0,0,0,0,0,100.0,595,4230,0,4825
537,Ranga Reddy,537081,Saroornagar-3,1585708,"T.Somalaxmi  NTR Nagar, L.B.Nagar",6,2024,31,876,0,907,68,2948,0,3016,1085,17688,0,18773,0,21,0,21,1085,17667,0,18752,0,0,0,0,0,100.0,1085,17667,0,18752
537,Ranga Reddy,537081,Saroornagar-3,1585709,"K.Amarendernath  Nirmalanagar, Hastinapuram",6,2024,8,865,0,873,24,2718,0,2742,280,16308,0,16588,0,8170,0,8170,280,8138,0,8418,0,0,0,0,0,100.0,280,8138,0,8418
537,Ranga Reddy,537081,Saroornagar-3,1585710,"R.Srinivas  BN Reddy Nagar, Vanasthalipuram",6,2024,8,768,0,776,17,2438,0,2455,280,14628,0,14908,0,3018,0,3018,280,11610,0,11890,0,0,0,0,0,100.0,280,11610,0,11890
537,Ranga Reddy,537081,Saroornagar-3,1585711,A.Vimala  Jillellaguda,6,2024,18,643,0,661,42,2103,0,2145,630,12618,0,13248,35,2262,0,2297,595,10356,0,10951,0,0,0,0,0,100.0,595,10356,0,10951
537,Ranga Reddy,537081,Saroornagar-3,1585719,D.Lalitha  Champapet,6,2024,43,752,0,795,110,2599,0,2709,1505,15594,0,17099,630,4674,0,5304,875,10920,0,11795,0,0,0,0,0,100.0,875,10920,0,11795
537,Ranga Reddy,537081,Saroornagar-3,1585761,"k Vaikuntam  Gokul Enclave, Hastinapuram Tagged to 379",6,2024,23,469,0,492,76,1533,0,1609,805,9198,0,10003,105,3738,0,3843,700,5460,0,6160,0,0,0,0,0,100.0,700,5460,0,6160
537,Ranga Reddy,537081,Saroornagar-3,1585762,"K Shyam Sunder Reddy  3-9-500, Madhuranagar, Mansoorabad",6,2024,16,793,0,809,37,2410,0,2447,560,14460,0,15020,35,5202,0,5237,525,9258,0,9783,0,0,0,0,0,100.0,525,9258,0,9783
537,Ranga Reddy,537081,Saroornagar-3,1585764,"V Srinivas  4-18, Shantinagar, Vanastalipuram, Hayathnagar",6,2024,6,1311,0,1317,17,4207,0,4224,210,25242,0,25452,0,3405,0,3405,210,21837,0,22047,0,0,0,0,0,100.0,210,21837,0,22047
537,Ranga Reddy,537081,Saroornagar-3,1585767,"Karnati Padma  3-62, Shantinagar, Vanastalipuram, Saroornagar",6,2024,11,598,0,609,31,2033,0,2064,385,12198,0,12583,0,3498,0,3498,385,8700,0,9085,0,0,0,0,0,100.0,385,8700,0,9085
537,Ranga Reddy,537081,Saroornagar-3,1585768,"G Manjula  Mulgi No:8-16-2, Adikarinagar, Lingojiguda,Saroornagar",6,2024,12,759,0,771,29,2529,0,2558,420,15174,0,15594,0,1348,0,1348,420,13826,0,14246,0,0,0,0,0,100.0,420,13826,0,14246
537,Ranga Reddy,537081,Saroornagar-3,1585770,"Ageeru Anjani  4-4-20/1,Hayathnagar,LB Nagar Municipality",6,2024,1,123,0,124,5,396,0,401,35,2376,0,2411,0,1074,0,1074,35,1302,0,1337,0,0,0,0,0,100.0,35,1302,0,1337
537,Ranga Reddy,537092,Amangal,1592001,"Gajula Bhargavi  9-4, AMANGAL",6,2024,44,687,0,731,97,2330,0,2427,1540,13980,0,15520,245,5694,0,5939,1295,8286,0,9581,0,0,0,0,0,100.0,1295,8286,0,9581
537,Ranga Reddy,537092,Amangal,1592002,"Pulamoni Kavitha  9-140, AMANGAL",6,2024,46,634,0,680,105,2098,0,2203,1610,12588,0,14198,0,127,0,127,1610,12461,0,14071,0,0,0,0,0,100.0,1610,12461,0,14071
537,Ranga Reddy,537092,Amangal,1592003,"Kota Varamma  7-109, AMANGAL",6,2024,47,688,0,735,118,2319,0,2437,1645,13914,0,15559,70,754,0,824,1575,13160,0,14735,0,0,0,0,0,100.0,1575,13160,0,14735
537,Ranga Reddy,537092,Amangal,1592004,"B. Krishnaiah  3-102, NEAR MAZID, AMANGAL",6,2024,60,767,0,827,192,2613,0,2805,2100,15678,0,17778,564,5722,0,6286,1536,9956,0,11492,0,0,0,0,0,100.0,1536,9956,0,11492
537,Ranga Reddy,537092,Amangal,1592005,"G madhavi  16-25,SANKATONI PALLY VILL, AMANGAL MANDAL",6,2024,11,136,0,147,32,430,0,462,385,2580,0,2965,0,552,0,552,385,2028,0,2413,0,0,0,0,0,100.0,385,2028,0,2413
537,Ranga Reddy,537092,Amangal,1592006,"N. Krishna  2-51,MEDIGADDATANDA,AMANGAL MANDAL",6,2024,61,582,0,643,193,2276,0,2469,2135,13656,0,15791,70,2220,0,2290,2065,11436,0,13501,0,0,0,0,0,100.0,2065,11436,0,13501
537,Ranga Reddy,537092,Amangal,1592007,"Nenavath Kavitha  CHANDRAYAN PALLY TANDA, AMANGAL MANDAL",6,2024,62,218,0,280,195,803,0,998,2170,4818,0,6988,735,1536,0,2271,1435,3282,0,4717,0,0,0,0,0,100.0,1435,3282,0,4717
537,Ranga Reddy,537092,Amangal,1592008,"Md. Farhath Begum  JANGAREDDY PALLY VIIL, AMANGAL MANDAL",6,2024,23,342,0,365,59,1135,0,1194,805,6810,0,7615,35,1014,0,1049,770,5796,0,6566,0,0,0,0,0,100.0,770,5796,0,6566
537,Ranga Reddy,537092,Amangal,1592009,"Vadthaya Lakshman  NUCHUGUTTA TANDA, AMANGAL MANDAL",6,2024,60,212,0,272,191,707,0,898,2100,4242,0,6342,945,1992,0,2937,1155,2250,0,3405,0,0,0,0,0,100.0,1155,2250,0,3405
537,Ranga Reddy,537092,Amangal,1592010,"N RAJITHA  MANGALPALLY VILL, AMANGAL MANDAL",6,2024,36,605,0,641,88,1866,0,1954,1260,11196,0,12456,210,2736,0,2946,1050,8460,0,9510,0,0,0,0,0,100.0,1050,8460,0,9510
537,Ranga Reddy,537092,Amangal,1592011,"Koppu Ashok  CHINTAPALLY VILL, AMANGAL MANDAL",6,2024,26,207,0,233,79,666,0,745,910,3996,0,4906,0,516,0,516,910,3480,0,4390,0,0,0,0,0,100.0,910,3480,0,4390
537,Ranga Reddy,537092,Amangal,1592012,"Telgamalla Amrutha  1-37,CHENNAM PALLY VILL, AMANGAL MANDAL",6,2024,10,170,0,180,33,502,0,535,350,3012,0,3362,105,1128,0,1233,245,1884,0,2129,0,0,0,0,0,100.0,245,1884,0,2129
537,Ranga Reddy,537092,Amangal,1592013,"1  1-2,SINGAMPALLY VILL, AMANGAL MANDAL",6,2024,22,194,0,216,67,544,0,611,770,3264,0,4034,210,1188,0,1398,560,2076,0,2636,0,0,0,0,0,100.0,560,2076,0,2636
537,Ranga Reddy,537092,Amangal,1592014,"G NAGAMANI  2-87,POLEPALLY VILL,AMANGAL MANDAL",6,2024,37,455,0,492,125,1500,0,1625,1295,9000,0,10295,325,2970,0,3295,970,6030,0,7000,0,0,0,0,0,100.0,970,6030,0,7000
537,Ranga Reddy,537092,Amangal,1592015,"Sugunamma  2-60/1,AKUTHOTAPALLY VILL,AMANGAL MANDAL",6,2024,23,368,0,391,63,1069,0,1132,805,6414,0,7219,245,1782,0,2027,560,4632,0,5192,0,0,0,0,0,100.0,560,4632,0,5192
537,Ranga Reddy,537092,Amangal,1592016,"V Jyothi  102,AKUTHOTAPALLY VILL,AMANGAL MANDAL",6,2024,22,270,0,292,64,833,0,897,770,4998,0,5768,0,2406,0,2406,770,2592,0,3362,0,0,0,0,0,100.0,770,2592,0,3362
537,Ranga Reddy,537092,Amangal,1592017,"101  SEETHARAMNAGAR TANDA, AMANGAL MANDAL",6,2024,25,202,0,227,89,700,0,789,875,4200,0,5075,385,1212,0,1597,490,2988,0,3478,0,0,0,0,0,100.0,490,2988,0,3478
537,Ranga Reddy,537092,Amangal,1592018,"A. Prasad  1-87, SETTIPALLE VILL, AMANGAL MANDAL",6,2024,38,421,0,459,115,1453,0,1568,1330,8718,0,10048,0,1896,0,1896,1330,6822,0,8152,0,0,0,0,0,100.0,1330,6822,0,8152
537,Ranga Reddy,537092,Amangal,1592019,"D Krishnaiah  1-118, VITAIPALLY VILL, AMANGAL MANDAL",6,2024,47,348,0,395,170,1151,0,1321,1645,6906,0,8551,175,768,0,943,1470,6138,0,7608,0,0,0,0,0,100.0,1470,6138,0,7608
537,Ranga Reddy,537092,Amangal,1592020,"N.T. Vidyanath  1-48, KONAPUR VILL, AMANGAL MANDAL",6,2024,22,280,0,302,72,914,0,986,770,5484,0,6254,0,1488,0,1488,770,3996,0,4766,0,0,0,0,0,100.0,770,3996,0,4766
537,Ranga Reddy,537092,Amangal,1592021,"Pathlavath Priyanka  1-93, RAMUNUNTHALA VILL, AMANGAL MANDAL",6,2024,27,294,0,321,95,1188,0,1283,945,7128,0,8073,210,1662,0,1872,735,5466,0,6201,0,0,0,0,0,100.0,735,5466,0,6201
537,Ranga Reddy,537092,Amangal,1592022,"KALE LALITHA  17-24, MURTHUJA PALLY VILL, AMANGAL MANDAL",6,2024,32,233,0,265,94,851,0,945,1120,5106,0,6226,175,1638,0,1813,945,3468,0,4413,0,0,0,0,0,100.0,945,3468,0,4413
537,Ranga Reddy,537092,Amangal,1592023,"N Gopi  H.No.23-14, Sakibanda Village",6,2024,34,149,0,183,110,533,0,643,1190,3198,0,4388,0,36,0,36,1190,3162,0,4352,0,0,0,0,0,100.0,1190,3162,0,4352
537,Ranga Reddy,537092,Amangal,1592024,Nitta Shivani  5-85 Gouraram,6,2024,5,73,0,78,15,189,0,204,175,1134,0,1309,105,210,0,315,70,924,0,994,0,0,0,0,0,100.0,70,924,0,994
537,Ranga Reddy,537093,Talakondapally,1593001,Jakku Indira  CHUKKAPUR 01,6,2024,32,466,0,498,66,1475,0,1541,1120,8850,0,9970,455,4446,0,4901,665,4404,0,5069,0,0,0,0,0,100.0,665,4404,0,5069
537,Ranga Reddy,537093,Talakondapally,1593002,K. Balamani  CHUKKAPUR02,6,2024,15,526,0,541,42,1656,0,1698,525,9936,0,10461,0,726,0,726,525,9210,0,9735,0,0,0,0,0,100.0,525,9210,0,9735
537,Ranga Reddy,537093,Talakondapally,1593003,M Laxminarayana  PADAKAL-01,6,2024,39,796,0,835,94,2512,0,2606,1365,15072,0,16437,70,1854,0,1924,1295,13218,0,14513,0,0,0,0,0,100.0,1295,13218,0,14513
537,Ranga Reddy,537093,Talakondapally,1593004,101  PADAKAL-02,6,2024,40,657,0,697,80,1948,0,2028,1400,11688,0,13088,105,1710,0,1815,1295,9978,0,11273,0,0,0,0,0,100.0,1295,9978,0,11273
537,Ranga Reddy,537093,Talakondapally,1593005,M Yellaiah  LINGARAOPALLY,6,2024,32,414,0,446,84,1238,0,1322,1120,7428,0,8548,425,3480,0,3905,695,3948,0,4643,0,0,0,0,0,100.0,695,3948,0,4643
537,Ranga Reddy,537093,Talakondapally,1593013,K. Hemalatha  TALAKONDAPALLY-01,6,2024,59,546,0,605,118,1683,0,1801,2065,10098,0,12163,0,0,0,0,2065,10098,0,12163,0,0,0,0,0,100.0,2065,10098,0,12163
537,Ranga Reddy,537093,Talakondapally,1593014,TIRUMANI SUDARSHAN GOUD  CHEEPUNUNTHALA,6,2024,33,264,0,297,68,858,0,926,1155,5148,0,6303,105,12,0,117,1050,5136,0,6186,0,0,0,0,0,100.0,1050,5136,0,6186
537,Ranga Reddy,537093,Talakondapally,1593015,V Sumathi  TALAKONDAPALLY-02,6,2024,45,525,0,570,98,1614,0,1712,1575,9684,0,11259,0,0,0,0,1575,9684,0,11259,0,0,0,0,0,100.0,1575,9684,0,11259
537,Ranga Reddy,537093,Talakondapally,1593016,MADHAVI  KHANAPUR,6,2024,15,490,0,505,38,1768,0,1806,525,10608,0,11133,70,3306,0,3376,455,7302,0,7757,0,0,0,0,0,100.0,455,7302,0,7757
537,Ranga Reddy,537093,Talakondapally,1593017,Yama Veeresham  Jangareddy Pally,6,2024,23,362,0,385,57,1060,0,1117,805,6360,0,7165,0,54,0,54,805,6306,0,7111,0,0,0,0,0,100.0,805,6306,0,7111
537,Ranga Reddy,537093,Talakondapally,1593018,Darvula Arunamma  MEDAKPALLY,6,2024,25,284,0,309,77,827,0,904,875,4962,0,5837,35,816,0,851,840,4146,0,4986,0,0,0,0,0,100.0,840,4146,0,4986
537,Ranga Reddy,537093,Talakondapally,1593019,B Narsimulu  RAMPOOR,6,2024,31,492,0,523,91,1530,0,1621,1085,9180,0,10265,105,3366,0,3471,980,5814,0,6794,0,0,0,0,0,100.0,980,5814,0,6794
537,Ranga Reddy,537093,Talakondapally,1593020,B. Ravinder Reddy  CHANDRADANA,6,2024,36,690,0,726,87,2033,0,2120,1260,12198,0,13458,280,3984,0,4264,980,8214,0,9194,0,0,0,0,0,100.0,980,8214,0,9194
537,Ranga Reddy,537093,Talakondapally,1593021,Nagulapally Vasantha  JULAPALLY,6,2024,13,425,0,438,38,1220,0,1258,455,7320,0,7775,35,2280,0,2315,420,5040,0,5460,0,0,0,0,0,100.0,420,5040,0,5460
537,Ranga Reddy,537093,Talakondapally,1593022,Godugu Parijatha  ANTHARAM,6,2024,41,378,0,419,91,1167,0,1258,1435,7002,0,8437,105,1020,0,1125,1330,5982,0,7312,0,0,0,0,0,100.0,1330,5982,0,7312
537,Ranga Reddy,537093,Talakondapally,1593023,Bujoori Anjan Reddy  VENKATAPUR PATTI VELJALA,6,2024,31,362,0,393,85,1136,0,1221,1085,6816,0,7901,0,84,0,84,1085,6732,0,7817,0,0,0,0,0,100.0,1085,6732,0,7817
537,Ranga Reddy,537093,Talakondapally,1593024,Y Shoabharani  VELJAL,6,2024,23,486,0,509,47,1464,0,1511,805,8784,0,9589,0,84,0,84,805,8700,0,9505,0,0,0,0,0,100.0,805,8700,0,9505
537,Ranga Reddy,537093,Talakondapally,1593025,Ma Gaffar  VELJAL-02,6,2024,24,461,0,485,56,1381,0,1437,840,8286,0,9126,0,204,0,204,840,8082,0,8922,0,0,0,0,0,100.0,840,8082,0,8922
537,Ranga Reddy,537093,Talakondapally,1593026,N. Andalamma  CHOWDERPALLY,6,2024,23,414,0,437,50,1242,0,1292,805,7452,0,8257,35,1398,0,1433,770,6054,0,6824,0,0,0,0,0,100.0,770,6054,0,6824
537,Ranga Reddy,537093,Talakondapally,1593027,101  GATTUIPPALAPALLY,6,2024,14,343,0,357,37,1081,0,1118,490,6486,0,6976,0,0,0,0,490,6486,0,6976,0,0,0,0,0,100.0,490,6486,0,6976
537,Ranga Reddy,537093,Talakondapally,1593028,M Damodhar  GATTUIPPALAPALLY-02,6,2024,21,327,0,348,45,1021,0,1066,735,6126,0,6861,70,1566,0,1636,665,4560,0,5225,0,0,0,0,0,100.0,665,4560,0,5225
537,Ranga Reddy,537093,Talakondapally,1593029,Rathlavat Devi  VENKATRAOPET,6,2024,34,462,0,496,106,1603,0,1709,1190,9618,0,10808,0,1254,0,1254,1190,8364,0,9554,0,0,0,0,0,100.0,1190,8364,0,9554
537,Ranga Reddy,537093,Talakondapally,1593030,N Lingamma  BALUSULAPALLY,6,2024,12,150,0,162,47,558,0,605,420,3348,0,3768,70,894,0,964,350,2454,0,2804,0,0,0,0,0,100.0,350,2454,0,2804
537,Ranga Reddy,537093,Talakondapally,1593031,K. Balamani  Yadavally,6,2024,22,324,0,346,74,1081,0,1155,770,6486,0,7256,0,936,0,936,770,5550,0,6320,0,0,0,0,0,100.0,770,5550,0,6320
537,Ranga Reddy,537093,Talakondapally,1593032,Padma Vittal  Talakondapally - 03,6,2024,41,481,0,522,81,1518,0,1599,1435,9108,0,10543,0,960,0,960,1435,8148,0,9583,0,0,0,0,0,100.0,1435,8148,0,9583
537,Ranga Reddy,537093,Talakondapally,1593033,MD Firdoos Ali  GATTIPPALAPALLY - 03,6,2024,22,279,0,301,56,1007,0,1063,770,6042,0,6812,770,6042,0,6812,0,0,0,0,0,0,0,0,0,100.0,0,0,0,0
537,Ranga Reddy,537094,Madgul,1594001,"ANNEPAKA PEDDAIAH  2-21/A, MADGUL",6,2024,40,511,0,551,92,1573,0,1665,1400,9438,0,10838,210,2665,0,2875,1190,6773,0,7963,0,0,0,0,0,100.0,1190,6773,0,7963
537,Ranga Reddy,537094,Madgul,1594002,S. Narsimha Reddy  MADGUL,6,2024,36,523,1,560,85,1518,1,1604,1260,9108,10,10378,0,1999,0,1999,1260,7109,10,8379,0,0,0,0,0,100.0,1260,7109,10,8379
537,Ranga Reddy,537094,Madgul,1594003,"Voore Saritha  1-11,MADGUL",6,2024,22,372,0,394,57,1042,0,1099,770,6252,0,7022,0,906,0,906,770,5346,0,6116,0,0,0,0,0,100.0,770,5346,0,6116
537,Ranga Reddy,537094,Madgul,1594004,"K. Sathya Narayana  3-99, NARSAIPALLY VILL, MADGUL MANDAL",6,2024,24,299,0,323,67,963,0,1030,840,5778,0,6618,35,1914,0,1949,805,3864,0,4669,0,0,0,0,0,100.0,805,3864,0,4669
537,Ranga Reddy,537094,Madgul,1594005,"Masna Srinivas  1-95, KOLKULAPALLE",6,2024,33,380,0,413,89,1283,0,1372,1155,7698,0,8853,70,942,0,1012,1085,6756,0,7841,0,0,0,0,0,100.0,1085,6756,0,7841
537,Ranga Reddy,537094,Madgul,1594006,"Masna Srinivas  1-95, KOLKULAPALLE VILL, MADGUL MANDAL",6,2024,27,446,0,473,58,1486,0,1544,945,8916,0,9861,0,2772,0,2772,945,6144,0,7089,0,0,0,0,0,100.0,945,6144,0,7089
537,Ranga Reddy,537094,Madgul,1594007,"K. Sathya Narayana  2-24, APPAREDDIPALLE VILL, MADGUL MANDAL",6,2024,46,801,0,847,138,2575,0,2713,1610,15450,0,17060,355,5424,0,5779,1255,10026,0,11281,0,0,0,0,0,100.0,1255,10026,0,11281
537,Ranga Reddy,537094,Madgul,1594008,"JARPULA LAKYANAYAK  5-50, ARKAPALLE VILL, MADGUL MANDAL",6,2024,32,434,0,466,60,1344,0,1404,1120,8064,0,9184,178,2562,0,2740,942,5502,0,6444,0,0,0,0,0,100.0,942,5502,0,6444
537,Ranga Reddy,537094,Madgul,1594009,"K. Dhanamma  1-17, ARKAPALLE VILL, MADGUL MANDAL",6,2024,25,380,0,405,42,1312,0,1354,875,7872,0,8747,35,1782,0,1817,840,6090,0,6930,0,0,0,0,0,100.0,840,6090,0,6930
537,Ranga Reddy,537094,Madgul,1594010,"A. Srinivas  1-49, SUDDAPALLE VILL, MADGUL MANDAL",6,2024,29,342,0,371,89,970,0,1059,1015,5820,0,6835,50,0,0,50,965,5820,0,6785,0,0,0,0,0,100.0,965,5820,0,6785
537,Ranga Reddy,537094,Madgul,1594011,"SARABU RAJITHA  2-4, BRAMHANAPALLY VILL, MADGUL MANDAL",6,2024,18,368,0,386,42,998,0,1040,630,5988,0,6618,0,1368,0,1368,630,4620,0,5250,0,0,0,0,0,100.0,630,4620,0,5250
537,Ranga Reddy,537094,Madgul,1594012,"E. Padma  2-20, ANNEBOINPALLE VILL, MADGUL MANDAL",6,2024,18,300,0,318,33,936,0,969,630,5616,0,6246,75,1428,0,1503,555,4188,0,4743,0,0,0,0,0,100.0,555,4188,0,4743
537,Ranga Reddy,537094,Madgul,1594013,"101  7-44, AURPALLE VILL, MADGUL MANDAL",6,2024,40,545,0,585,109,1589,0,1698,1400,9534,0,10934,210,2718,0,2928,1190,6816,0,8006,0,0,0,0,0,100.0,1190,6816,0,8006
537,Ranga Reddy,537094,Madgul,1594014,"101  7-44, NALLAWARIPALLE VILL, MADGUL MANDAL",6,2024,20,434,0,454,56,1312,0,1368,700,7872,0,8572,105,2346,0,2451,595,5526,0,6121,0,0,0,0,0,100.0,595,5526,0,6121
537,Ranga Reddy,537094,Madgul,1594015,"K. Jangamma  2-2, DODLAPAHAD VILL, MADGUL MANDAL",6,2024,23,326,0,349,73,1115,0,1188,805,6690,0,7495,70,1176,0,1246,735,5514,0,6249,0,0,0,0,0,100.0,735,5514,0,6249
537,Ranga Reddy,537094,Madgul,1594016,"Damarla Harikrishna  2-49, ANDUGULA VILL, MADGUL MANDAL",6,2024,30,472,0,502,100,1710,0,1810,1050,10260,0,11310,70,3210,0,3280,980,7050,0,8030,0,0,0,0,0,100.0,980,7050,0,8030
537,Ranga Reddy,537094,Madgul,1594017,"101  4-162, KUBYA TANDA VILL, MADGUL MANDAL",6,2024,33,469,0,502,100,1586,0,1686,1155,9516,0,10671,560,4650,0,5210,595,4866,0,5461,0,0,0,0,0,100.0,595,4866,0,5461
537,Ranga Reddy,537094,Madgul,1594018,"SUDINI PADMA  4-18, IRVIN VILL MADGUL MANDAL",6,2024,37,617,0,654,69,2008,0,2077,1295,12048,0,13343,0,0,0,0,1295,12048,0,13343,0,0,0,0,0,100.0,1295,12048,0,13343
537,Ranga Reddy,537094,Madgul,1594019,"BOJJA SARADA  1-22/1,IRWIN VILL, MADGUL MANDAL",6,2024,42,625,1,668,82,2043,2,2127,1470,12258,10,13738,280,3654,0,3934,1190,8604,10,9804,0,0,0,0,0,100.0,1190,8604,10,9804
537,Ranga Reddy,537094,Madgul,1594020,"Reddy Malathi  8-122,NALLACHERUVU, IRWIN VILL, MADGUL MANDAL",6,2024,20,324,0,344,62,1045,0,1107,700,6270,0,6970,0,1728,0,1728,700,4542,0,5242,0,0,0,0,0,100.0,700,4542,0,5242
537,Ranga Reddy,537094,Madgul,1594021,"B. HANMANTH REDDY  2-63,NAGILLA VILL, MADGUL MANDAL",6,2024,30,459,0,489,82,1548,0,1630,1050,9288,0,10338,210,2046,0,2256,840,7242,0,8082,0,0,0,0,0,100.0,840,7242,0,8082
537,Ranga Reddy,537094,Madgul,1594022,"Cheruku Ramesh  1-12, NAGILLA VILL, MADGUL MANDAL",6,2024,18,445,0,463,46,1483,0,1529,630,8898,0,9528,0,727,0,727,630,8171,0,8801,0,0,0,0,0,100.0,630,8171,0,8801
537,Ranga Reddy,537094,Madgul,1594023,"101  4-32, KALAKONDA VILL, MADGUL MANDAL",6,2024,45,771,0,816,126,2380,0,2506,1575,14280,0,15855,70,4476,0,4546,1505,9804,0,11309,0,0,0,0,0,100.0,1505,9804,0,11309
537,Ranga Reddy,537094,Madgul,1594024,"K. Laxmi Devi  6-68, CHANDRAYAN PALLY VILL, MADGUL MANDAL",6,2024,34,567,0,601,80,1644,0,1724,1190,9864,0,11054,140,2610,0,2750,1050,7254,0,8304,0,0,0,0,0,100.0,1050,7254,0,8304
537,Ranga Reddy,537094,Madgul,1594025,"101  1-69, GIRIKOTTAPALLE VILL, MADGUL MANDAL",6,2024,18,382,0,400,43,1194,0,1237,630,7164,0,7794,70,2532,0,2602,560,4632,0,5192,0,0,0,0,0,100.0,560,4632,0,5192
537,Ranga Reddy,537094,Madgul,1594026,"101  3-12,NARSAMPALLY VILL, GIRIKOTTAPALLE, MADGUL MANDAL",6,2024,16,239,0,255,40,749,0,789,560,4494,0,5054,35,1092,0,1127,525,3402,0,3927,0,0,0,0,0,100.0,525,3402,0,3927
537,Ranga Reddy,537094,Madgul,1594027,KETHAVATH NANU NAIK  PALLE THANDA H/O APPAREDDYPALLY,6,2024,18,233,0,251,41,753,0,794,630,4518,0,5148,210,1404,0,1614,420,3114,0,3534,0,0,0,0,0,100.0,420,3114,0,3534
537,Ranga Reddy,537094,Madgul,1594028,Vadthavath Amru  PELLA THANDA H/O ARKAPALLY,6,2024,16,148,0,164,27,514,0,541,560,3084,0,3644,140,864,0,1004,420,2220,0,2640,0,0,0,0,0,100.0,420,2220,0,2640
537,Ranga Reddy,537094,Madgul,1594029,SARABU RAJITHA  OLD BRAHMINPALLY,6,2024,39,617,0,656,84,1871,0,1955,1365,11226,0,12591,280,2676,0,2956,1085,8550,0,9635,0,0,0,0,0,100.0,1085,8550,0,9635
537,Ranga Reddy,537094,Madgul,1594030,"G. Ganesh  3-07, Katrani Tanda H/o Nagilla",6,2024,35,272,0,307,101,1036,0,1137,1225,6216,0,7441,210,0,0,210,1015,6216,0,7231,0,0,0,0,0,100.0,1015,6216,0,7231
537,Ranga Reddy,537095,Nandigama,1595001,"Etey Mallesh  3-26,NANDIGAMA",6,2024,55,991,0,1046,168,3363,0,3531,1925,20178,0,22103,0,706,0,706,1925,19472,0,21397,0,0,0,0,0,100.0,1925,19472,0,21397
537,Ranga Reddy,537095,Nandigama,1595002,"Lingala Koni Priyanka  5-28,NANDIGAMA",6,2024,95,832,0,927,320,2680,0,3000,3325,16080,0,19405,0,2285,0,2285,3325,13795,0,17120,0,0,0,0,0,100.0,3325,13795,0,17120
537,Ranga Reddy,537095,Nandigama,1595003,"J SRINIVAS  1-76,MEKAGUDA",6,2024,31,635,0,666,97,2074,0,2171,1085,12444,0,13529,65,1470,0,1535,1020,10974,0,11994,0,0,0,0,0,100.0,1020,10974,0,11994
537,Ranga Reddy,537095,Nandigama,1595004,JAKARAM SRINIVASUL  3-14/9,6,2024,38,822,0,860,110,2770,0,2880,1330,16620,0,17950,0,983,0,983,1330,15637,0,16967,0,0,0,0,0,100.0,1330,15637,0,16967
537,Ranga Reddy,537095,Nandigama,1595005,"Manchanapally Srinivas Goud  1-61/1, CHEGUR",6,2024,59,904,0,963,162,2990,0,3152,2065,17940,0,20005,0,2088,0,2088,2065,15852,0,17917,0,0,0,0,0,100.0,2065,15852,0,17917
537,Ranga Reddy,537095,Nandigama,1595006,"P S Blessy  6-61, CHEGUR",6,2024,74,529,0,603,256,1750,0,2006,2590,10500,0,13090,70,2340,0,2410,2520,8160,0,10680,0,0,0,0,0,100.0,2520,8160,0,10680
537,Ranga Reddy,537095,Nandigama,1595007,"Kongari Krishnaiah  1-75, Narsappaguda Village, Nandigama",6,2024,39,560,0,599,110,1839,0,1949,1365,11034,0,12399,105,1104,0,1209,1260,9930,0,11190,0,0,0,0,0,100.0,1260,9930,0,11190
537,Ranga Reddy,537095,Nandigama,1595008,"Shetty Ramesh  4-4,MAMIDIPALLY",6,2024,54,443,0,497,167,1481,0,1648,1890,8886,0,10776,105,2100,0,2205,1785,6786,0,8571,0,0,0,0,0,100.0,1785,6786,0,8571
537,Ranga Reddy,537095,Nandigama,1595009,"ANJAMMA  5-95/1, MAJIDMAMIIDPALLY",6,2024,46,469,0,515,154,1569,0,1723,1610,9414,0,11024,175,2226,0,2401,1435,7188,0,8623,0,0,0,0,0,100.0,1435,7188,0,8623
537,Ranga Reddy,537095,Nandigama,1595010,"PALAKONDA CHANDRA SHEKAR GOUD  2-28,VEERLAPALLE",6,2024,16,381,0,397,53,1300,0,1353,560,7800,0,8360,0,870,0,870,560,6930,0,7490,0,0,0,0,0,100.0,560,6930,0,7490
537,Ranga Reddy,537095,Nandigama,1595011,J SRISILAM  2-19,6,2024,27,340,0,367,90,1115,0,1205,945,6690,0,7635,0,726,0,726,945,5964,0,6909,0,0,0,0,0,100.0,945,5964,0,6909
537,Ranga Reddy,537095,Nandigama,1595012,"Chinnatragari Vanamala  5-22,APPREDDYGUDA",6,2024,17,337,0,354,51,1190,0,1241,595,7140,0,7735,0,0,0,0,595,7140,0,7735,0,0,0,0,0,100.0,595,7140,0,7735
537,Ranga Reddy,537096,Abdullapurmet,1596002,Madhava Reddy.M  KOLLAPUR.M,6,2024,99,2715,0,2814,224,7931,0,8155,3465,47586,0,51051,35,2532,0,2567,3430,45054,0,48484,0,0,0,0,0,100.0,3430,45054,0,48484
537,Ranga Reddy,537096,Abdullapurmet,1596003,Kothapally Bhagya Laxmi  PASUMAMLA,6,2024,101,842,0,943,231,3048,0,3279,3535,18288,0,21823,280,1122,0,1402,3255,17166,0,20421,0,0,0,0,0,100.0,3255,17166,0,20421
537,Ranga Reddy,537096,Abdullapurmet,1596004,Karre Jangaiah  TARAMATHIPET,6,2024,96,440,0,536,244,1536,0,1780,3360,9216,0,12576,70,0,0,70,3290,9216,0,12506,0,0,0,0,0,100.0,3290,9216,0,12506
537,Ranga Reddy,537096,Abdullapurmet,1596005,IC K. JANGAIAH  GOWRELLY,6,2024,95,504,0,599,198,1945,0,2143,3325,11670,0,14995,35,936,0,971,3290,10734,0,14024,0,0,0,0,0,100.0,3290,10734,0,14024
537,Ranga Reddy,537096,Abdullapurmet,1596006,Kukutlapally Chandrakala  TATTIANNARAM,6,2024,97,1077,0,1174,277,3530,0,3807,3395,21180,0,24575,245,5178,0,5423,3150,16002,0,19152,0,0,0,0,0,100.0,3150,16002,0,19152
537,Ranga Reddy,537096,Abdullapurmet,1596007,B .SUNITHA  QUTHBULLAPUR,6,2024,76,561,0,637,188,1850,0,2038,2660,11100,0,13760,490,1764,0,2254,2170,9336,0,11506,0,0,0,0,0,100.0,2170,9336,0,11506
537,Ranga Reddy,537096,Abdullapurmet,1596008,BUSHAM VIJAY KUMAR  MARRIPALLY,6,2024,51,782,0,833,132,2632,0,2764,1785,15792,0,17577,140,4062,0,4202,1645,11730,0,13375,0,0,0,0,0,100.0,1645,11730,0,13375
537,Ranga Reddy,537096,Abdullapurmet,1596009,IC B .SUNITHA  THIMMAIGUDA,6,2024,23,125,0,148,55,382,0,437,805,2292,0,3097,0,0,0,0,805,2292,0,3097,0,0,0,0,0,100.0,805,2292,0,3097
537,Ranga Reddy,537096,Abdullapurmet,1596010,Sevarthi Balasurya  BACHARAM,6,2024,63,416,0,479,204,1347,0,1551,2205,8082,0,10287,105,762,0,867,2100,7320,0,9420,0,0,0,0,0,100.0,2100,7320,0,9420
537,Ranga Reddy,537096,Abdullapurmet,1596011,CH. SHOBHA  BANDARAVIRYALA,6,2024,37,518,0,555,95,1732,0,1827,1295,10392,0,11687,35,606,0,641,1260,9786,0,11046,0,0,0,0,0,100.0,1260,9786,0,11046
537,Ranga Reddy,537096,Abdullapurmet,1596012,Jaligam Rajeswari  CHINNARAVIRYALA,6,2024,30,311,0,341,68,1002,0,1070,1050,6012,0,7062,0,534,0,534,1050,5478,0,6528,0,0,0,0,0,100.0,1050,5478,0,6528
537,Ranga Reddy,537096,Abdullapurmet,1596013,PARAWATHAMM  BALIJAGUDA,6,2024,41,129,0,170,114,457,0,571,1435,2742,0,4177,140,651,0,791,1295,2091,0,3386,0,0,0,0,0,100.0,1295,2091,0,3386
537,Ranga Reddy,537096,Abdullapurmet,1596014,P. SUVARNA  KAWADPALLY,6,2024,79,438,0,517,185,1402,0,1587,2765,8412,0,11177,141,522,0,663,2624,7890,0,10514,0,0,0,0,0,100.0,2624,7890,0,10514
537,Ranga Reddy,537096,Abdullapurmet,1596015,M Premalatha  ABDULLAPUR,6,2024,53,911,0,964,128,3197,0,3325,1855,19182,0,21037,105,842,0,947,1750,18340,0,20090,0,0,0,0,0,100.0,1750,18340,0,20090
537,Ranga Reddy,537096,Abdullapurmet,1596016,A. PADMA  TURKAYEMJAL,6,2024,75,1088,0,1163,153,3785,0,3938,2625,22710,0,25335,210,4866,0,5076,2415,17844,0,20259,0,0,0,0,0,100.0,2415,17844,0,20259
537,Ranga Reddy,537096,Abdullapurmet,1596017,Manthati Tharupathaiah  RAGANNAGUDA,6,2024,26,638,0,664,44,2120,0,2164,910,12720,0,13630,0,0,0,0,910,12720,0,13630,0,0,0,0,0,100.0,910,12720,0,13630
537,Ranga Reddy,537096,Abdullapurmet,1596018,ANUPRIYA  KAMMAGUDA,6,2024,56,1184,0,1240,156,3868,0,4024,1960,23208,0,25168,805,1194,0,1999,1155,22014,0,23169,0,0,0,0,0,100.0,1155,22014,0,23169
537,Ranga Reddy,537096,Abdullapurmet,1596019,Mallela Sowbhagya Vathi  INJAPUR,6,2024,26,872,0,898,63,2965,0,3028,910,17790,0,18700,0,468,0,468,910,17322,0,18232,0,0,0,0,0,100.0,910,17322,0,18232
537,Ranga Reddy,537096,Abdullapurmet,1596020,IC M .LILA KUMAR  S R NAGAR COLONY,6,2024,32,585,0,617,59,1968,0,2027,1120,11808,0,12928,0,0,0,0,1120,11808,0,12928,0,0,0,0,0,100.0,1120,11808,0,12928
537,Ranga Reddy,537096,Abdullapurmet,1596021,B. KARTHIK REDDY  TORRUR,6,2024,91,1018,0,1109,263,3434,0,3697,3185,20604,0,23789,140,3189,0,3329,3045,17415,0,20460,0,0,0,0,0,100.0,3045,17415,0,20460
537,Ranga Reddy,537096,Abdullapurmet,1596022,Nakka Sravanthi  MUNGANOOR,6,2024,19,690,0,709,50,2403,0,2453,665,14418,0,15083,0,4890,0,4890,665,9528,0,10193,0,0,0,0,0,100.0,665,9528,0,10193
537,Ranga Reddy,537096,Abdullapurmet,1596023,Pelluri Yagna Lakshmi  BRAHMANAPALLY,6,2024,73,512,0,585,148,1714,0,1862,2555,10284,0,12839,525,2172,0,2697,2030,8112,0,10142,0,0,0,0,0,100.0,2030,8112,0,10142
537,Ranga Reddy,537096,Abdullapurmet,1596024,B. KAVERI  KOHEDA-I,6,2024,82,832,0,914,154,2827,0,2981,2870,16962,0,19832,245,1341,0,1586,2625,15621,0,18246,0,0,0,0,0,100.0,2625,15621,0,18246
537,Ranga Reddy,537096,Abdullapurmet,1596025,M. LILA KUMARI  KOHEDA-II,6,2024,85,938,0,1023,189,3060,0,3249,2975,18360,0,21335,315,1902,0,2217,2660,16458,0,19118,0,0,0,0,0,100.0,2660,16458,0,19118
537,Ranga Reddy,537096,Abdullapurmet,1596026,Pelluri Yagna Lakshmi  OMERKHAN DAIRA,6,2024,13,375,0,388,32,1357,0,1389,455,8142,0,8597,0,1664,0,1664,455,6478,0,6933,0,0,0,0,0,100.0,455,6478,0,6933
537,Ranga Reddy,537096,Abdullapurmet,1596027,P. BHAGYA LAXMI  GANDICHERUVU,6,2024,36,240,0,276,51,719,0,770,1260,4314,0,5574,175,546,0,721,1085,3768,0,4853,0,0,0,0,0,100.0,1085,3768,0,4853
537,Ranga Reddy,537096,Abdullapurmet,1596028,Balagouni Renuka  LASHKERGUDA,6,2024,70,650,0,720,157,2292,0,2449,2450,13752,0,16202,245,846,0,1091,2205,12906,0,15111,0,0,0,0,0,100.0,2205,12906,0,15111
537,Ranga Reddy,537096,Abdullapurmet,1596029,P. ALWELU  ANAJPUR,6,2024,107,1153,0,1260,268,3814,0,4082,3745,22884,0,26629,175,529,0,704,3570,22355,0,25925,0,0,0,0,0,100.0,3570,22355,0,25925
537,Ranga Reddy,537096,Abdullapurmet,1596030,Medipally Swamy  MAJEEDPUR,6,2024,74,540,0,614,137,1909,0,2046,2590,11454,0,14044,0,1194,0,1194,2590,10260,0,12850,0,0,0,0,0,100.0,2590,10260,0,12850
537,Ranga Reddy,537096,Abdullapurmet,1596031,Medipally Swamy  GUNTHAPALLY,6,2024,79,170,0,249,203,613,0,816,2765,3678,0,6443,0,276,0,276,2765,3402,0,6167,0,0,0,0,0,100.0,2765,3402,0,6167
537,Ranga Reddy,537096,Abdullapurmet,1596032,K. MANGA  BATASINGARAM,6,2024,51,424,0,475,149,1475,0,1624,1785,8850,0,10635,70,750,0,820,1715,8100,0,9815,0,0,0,0,0,100.0,1715,8100,0,9815
537,Ranga Reddy,537096,Abdullapurmet,1596033,Nomula Jayasri  KOTHAGUDAM,6,2024,31,332,0,363,71,1118,0,1189,1085,6708,0,7793,0,671,0,671,1085,6037,0,7122,0,0,0,0,0,100.0,1085,6037,0,7122
537,Ranga Reddy,537096,Abdullapurmet,1596034,B. SATHAMMA  PIGLIPUR,6,2024,19,127,0,146,40,435,0,475,665,2610,0,3275,35,18,0,53,630,2592,0,3222,0,0,0,0,0,100.0,630,2592,0,3222
537,Ranga Reddy,537096,Abdullapurmet,1596035,L. MADHAVA REDDY  PEDDA AMBERPET,6,2024,153,1014,0,1167,449,3471,0,3920,5355,20826,0,26181,280,2046,0,2326,5075,18780,0,23855,0,0,0,0,0,100.0,5075,18780,0,23855
537,Ranga Reddy,537096,Abdullapurmet,1596036,Madamshetty Naveen Kumar  PEDDA AMBERPET-1,6,2024,59,844,0,903,104,2719,0,2823,2065,16314,0,18379,70,3532,0,3602,1995,12782,0,14777,0,0,0,0,0,100.0,1995,12782,0,14777
537,Ranga Reddy,537096,Abdullapurmet,1596037,S.VEERASHAN  UPPARIGUDA,6,2024,2,44,0,46,7,126,0,133,70,756,0,826,0,0,0,0,70,756,0,826,0,0,0,0,0,100.0,70,756,0,826
537,Ranga Reddy,537096,Abdullapurmet,1596038,"G Raju  JNNURM COLONY - 1, ABDULLAPURMET",6,2024,23,489,0,512,53,1657,0,1710,805,9942,0,10747,0,1284,0,1284,805,8658,0,9463,0,0,0,0,0,100.0,805,8658,0,9463
537,Ranga Reddy,537096,Abdullapurmet,1596039,"Aggi Surender  RAJIV GRUHA KALPA, KUNTLOOR",6,2024,29,602,0,631,64,1899,0,1963,1015,11394,0,12409,105,1698,0,1803,910,9696,0,10606,0,0,0,0,0,100.0,910,9696,0,10606
537,Ranga Reddy,537096,Abdullapurmet,1596040,"Pammi Saida Reddy  JNNURM COLONY - 2, ABDULLAPURMET",6,2024,14,481,0,495,34,1587,0,1621,490,9522,0,10012,0,402,0,402,490,9120,0,9610,0,0,0,0,0,100.0,490,9120,0,9610
537,Ranga Reddy,537096,Abdullapurmet,1596041,Kodishela Meena  JAFFERGUDA,6,2024,52,294,1,347,149,962,5,1116,1820,5772,10,7602,35,1,0,36,1785,5771,10,7566,0,0,0,0,0,100.0,1785,5771,10,7566
537,Ranga Reddy,537096,Abdullapurmet,1596042,B. Rajitha  Tarampatipet-1,6,2024,108,419,0,527,284,1396,0,1680,3780,8376,0,12156,385,702,0,1087,3395,7674,0,11069,0,0,0,0,0,100.0,3395,7674,0,11069
537,Ranga Reddy,537097,Kadhtal,1597001,"M GIRIJA  KARKALPAHAD VILL, AMANGAL MANDAL",6,2024,33,336,0,369,112,1153,0,1265,1155,6918,0,8073,210,1500,0,1710,945,5418,0,6363,0,0,0,0,0,100.0,945,5418,0,6363
537,Ranga Reddy,537097,Kadhtal,1597002,"S. Sathyanarayana  1-55,GOVINDAIPALLY VILL, AMANGAL MANDAL",6,2024,30,345,0,375,107,1269,0,1376,1050,7614,0,8664,70,2232,0,2302,980,5382,0,6362,0,0,0,0,0,100.0,980,5382,0,6362
537,Ranga Reddy,537097,Kadhtal,1597003,"Malkedi Chadra Shekhar  1-35, VASUDEVPUR VILL, AMANGAL MANDAL",6,2024,43,208,0,251,148,814,0,962,1505,4884,0,6389,210,1008,0,1218,1295,3876,0,5171,0,0,0,0,0,100.0,1295,3876,0,5171
537,Ranga Reddy,537097,Kadhtal,1597004,"MD. Anwar  2-104/1, KADTHAL VILL, AMANGAL MANDAL",6,2024,31,484,0,515,79,1679,0,1758,1085,10074,0,11159,0,320,0,320,1085,9754,0,10839,0,0,0,0,0,100.0,1085,9754,0,10839
537,Ranga Reddy,537097,Kadhtal,1597005,"MALE SUJATHA  2-161/241, KADTHAL VILL AMANGAL MANDAL",6,2024,19,505,0,524,54,1689,0,1743,665,10134,0,10799,70,408,0,478,595,9726,0,10321,0,0,0,0,0,100.0,595,9726,0,10321
537,Ranga Reddy,537097,Kadhtal,1597006,"S. Sathyanarayana  3-7, MAISIGANDI VILL,AMANGAL MANDAL",6,2024,19,585,0,604,75,1966,0,2041,665,11796,0,12461,70,2106,0,2176,595,9690,0,10285,0,0,0,0,0,100.0,595,9690,0,10285
537,Ranga Reddy,537097,Kadhtal,1597007,"J. Tikilal  3-11, GANUGUMARLA TANDA VILL, AMANGAL MANDAL",6,2024,28,368,0,396,101,1238,0,1339,980,7428,0,8408,105,1686,0,1791,875,5742,0,6617,0,0,0,0,0,100.0,875,5742,0,6617
537,Ranga Reddy,537097,Kadhtal,1597008,"Estavath Hemla  2-20, GADDAMEEDI TANDA VILL, AMANGAL MANDAL",6,2024,17,146,0,163,68,499,0,567,595,2994,0,3589,210,588,0,798,385,2406,0,2791,0,0,0,0,0,100.0,385,2406,0,2791
537,Ranga Reddy,537097,Kadhtal,1597009,"bitchya sabavat  6-21,KONDRIGANIBODU TANDA VILL, AMANGAL MANDAL",6,2024,12,214,0,226,50,702,0,752,420,4212,0,4632,70,789,0,859,350,3423,0,3773,0,0,0,0,0,100.0,350,3423,0,3773
537,Ranga Reddy,537097,Kadhtal,1597010,"K. Laxmaiah  5-35, ANMASPALLY VILL, AMANGAL MANDAL",6,2024,47,135,0,182,149,499,0,648,1645,2994,0,4639,245,696,0,941,1400,2298,0,3698,0,0,0,0,0,100.0,1400,2298,0,3698
537,Ranga Reddy,537097,Kadhtal,1597011,"S. Nirmalamma  14-42,NUDWIN VILL, AMANGAL MANDAL",6,2024,23,460,0,483,59,1493,0,1552,805,8958,0,9763,105,2922,0,3027,700,6036,0,6736,0,0,0,0,0,100.0,700,6036,0,6736
537,Ranga Reddy,537097,Kadhtal,1597012,"S. Nirmalamma  2-76/2, MUDWIN VILL, AMANGAL MANDAL",6,2024,32,490,0,522,100,1506,0,1606,1120,9036,0,10156,0,12,0,12,1120,9024,0,10144,0,0,0,0,0,100.0,1120,9024,0,10144
537,Ranga Reddy,537097,Kadhtal,1597013,"S. Sathyanarayana  4-10, EKWAIPALLY VILL, AMANGAL MANDAL",6,2024,53,550,0,603,154,1773,0,1927,1855,10638,0,12493,0,1830,0,1830,1855,8808,0,10663,0,0,0,0,0,100.0,1855,8808,0,10663
537,Ranga Reddy,537097,Kadhtal,1597014,"Erlapally. Yadaiah  5-38,MARRIPALLY VILL, AMANGAL MANDAL",6,2024,10,172,0,182,30,550,0,580,350,3300,0,3650,70,1176,0,1246,280,2124,0,2404,0,0,0,0,0,100.0,280,2124,0,2404
537,Ranga Reddy,537097,Kadhtal,1597015,"A. Buggamma  2-95,CHERIKONDA P KURTHI VILL, AMANGAL MANDAL",6,2024,30,386,0,416,113,1305,0,1418,1050,7830,0,8880,140,1290,0,1430,910,6540,0,7450,0,0,0,0,0,100.0,910,6540,0,7450
537,Ranga Reddy,537097,Kadhtal,1597016,"K. Jangaiah  3-60, CHERIKONDA PATTIPADAKAL VILL, AMANGAL MANDAL",6,2024,27,358,0,385,92,1231,0,1323,945,7386,0,8331,0,1512,0,1512,945,5874,0,6819,0,0,0,0,0,100.0,945,5874,0,6819
537,Ranga Reddy,537097,Kadhtal,1597017,"G. Venkataiah  2-89,PALLECHELKATANDA VILL, AMANGAL MANDAL",6,2024,32,317,0,349,112,1243,0,1355,1120,7458,0,8578,70,336,0,406,1050,7122,0,8172,0,0,0,0,0,100.0,1050,7122,0,8172
537,Ranga Reddy,537097,Kadhtal,1597018,"M. Sujatha  H.No.4-49, KADTHAL-III",6,2024,39,398,0,437,120,1257,0,1377,1365,7542,0,8907,0,18,0,18,1365,7524,0,8889,0,0,0,0,0,100.0,1365,7524,0,8889
537,Ranga Reddy,537097,Kadhtal,1597019,Parikiti Dhasharatham  RAVICHEDU,6,2024,28,429,0,457,55,1479,0,1534,980,8874,0,9854,46,816,0,862,934,8058,0,8992,0,0,0,0,0,100.0,934,8058,0,8992
537,Ranga Reddy,537097,Kadhtal,1597020,Md Nazeer Ahammad  RAVICHEDU,6,2024,33,396,0,429,66,1380,0,1446,1155,8280,0,9435,0,1008,0,1008,1155,7272,0,8427,0,0,0,0,0,100.0,1155,7272,0,8427
537,Ranga Reddy,537097,Kadhtal,1597021,B Krishnaiah  NYMATHAPUR,6,2024,35,273,0,308,90,894,0,984,1225,5364,0,6589,140,510,0,650,1085,4854,0,5939,0,0,0,0,0,100.0,1085,4854,0,5939
537,Ranga Reddy,537097,Kadhtal,1597022,Sabavath Vijaya Laxmi  Maqta Madaram,6,2024,52,421,0,473,156,1484,0,1640,1820,8904,0,10724,245,1134,0,1379,1575,7770,0,9345,0,0,0,0,0,100.0,1575,7770,0,9345
537,Ranga Reddy,537097,Kadhtal,1597023,Gajula Divya  VAMPUGUDA,6,2024,11,159,0,170,21,503,0,524,385,3018,0,3403,70,534,0,604,315,2484,0,2799,0,0,0,0,0,100.0,315,2484,0,2799
537,Ranga Reddy,537097,Kadhtal,1597024,Challa Andalamma  CHALLAMPALLY,6,2024,10,474,0,484,25,1542,0,1567,350,9252,0,9602,29,1632,0,1661,321,7620,0,7941,0,0,0,0,0,100.0,321,7620,0,7941
537,Ranga Reddy,537097,Kadhtal,1597025,K LAXMAN  SALARPUR,6,2024,31,545,0,576,97,2081,0,2178,1085,12486,0,13571,105,1338,0,1443,980,11148,0,12128,0,0,0,0,0,100.0,980,11148,0,12128
537,Ranga Reddy,537098,Choudergudem,1598001,CHENNARAM ANURADHA  2-56 VEERANNAPET,6,2024,35,489,0,524,79,1776,0,1855,1225,10656,0,11881,0,1248,0,1248,1225,9408,0,10633,0,0,0,0,0,100.0,1225,9408,0,10633
537,Ranga Reddy,537098,Choudergudem,1598002,PATLAVATH MOHAN  CHEGAREDDY GHANPOOR,6,2024,32,500,0,532,99,1843,0,1942,1120,11058,0,12178,140,3606,0,3746,980,7452,0,8432,0,0,0,0,0,100.0,980,7452,0,8432
537,Ranga Reddy,537098,Choudergudem,1598003,Maddooriyadamma  2-19/A PEDDAELKICHERLA,6,2024,51,513,0,564,148,1924,0,2072,1785,11544,0,13329,350,1932,0,2282,1435,9612,0,11047,0,0,0,0,0,100.0,1435,9612,0,11047
537,Ranga Reddy,537098,Choudergudem,1598004,NENAVATH PIRYA NAYAK  7-13 GALIGUDA,6,2024,37,555,0,592,104,2069,0,2173,1295,12414,0,13709,70,3012,0,3082,1225,9402,0,10627,0,0,0,0,0,100.0,1225,9402,0,10627
537,Ranga Reddy,537098,Choudergudem,1598005,101  1-60 THOOMPALLY,6,2024,19,163,0,182,42,601,0,643,665,3606,0,4271,0,234,0,234,665,3372,0,4037,0,0,0,0,0,100.0,665,3372,0,4037
537,Ranga Reddy,537098,Choudergudem,1598006,Maddooriyadamma  9-64 JILLED,6,2024,39,398,0,437,98,1443,0,1541,1365,8658,0,10023,0,252,0,252,1365,8406,0,9771,0,0,0,0,0,100.0,1365,8406,0,9771
537,Ranga Reddy,537098,Choudergudem,1598007,Mekala Spandhana  9-64 JILLED,6,2024,29,359,0,388,81,1414,0,1495,1015,8484,0,9499,70,1764,0,1834,945,6720,0,7665,0,0,0,0,0,100.0,945,6720,0,7665
537,Ranga Reddy,537098,Choudergudem,1598008,101  2-25/A INDRANAGAR,6,2024,15,230,0,245,46,811,0,857,525,4866,0,5391,0,246,0,246,525,4620,0,5145,0,0,0,0,0,100.0,525,4620,0,5145
537,Ranga Reddy,537098,Choudergudem,1598009,BANDI LAKSHMI NARAYANA  1-42 GURRAMPALLY,6,2024,30,332,0,362,94,983,0,1077,1050,5898,0,6948,0,1032,0,1032,1050,4866,0,5916,0,0,0,0,0,100.0,1050,4866,0,5916
537,Ranga Reddy,537098,Choudergudem,1598010,DANIGALA SWAROOPA  2-23 PADMARAM,6,2024,24,314,0,338,69,1085,0,1154,840,6510,0,7350,105,1182,0,1287,735,5328,0,6063,0,0,0,0,0,100.0,735,5328,0,6063
537,Ranga Reddy,537098,Choudergudem,1598011,GORPALLI SUNANDA  Not Available,6,2024,23,553,0,576,63,1858,0,1921,805,11148,0,11953,70,1592,0,1662,735,9556,0,10291,0,0,0,0,0,100.0,735,9556,0,10291
537,Ranga Reddy,537098,Choudergudem,1598012,Uppu Ramulamma  1-87 RAVIRYAL,6,2024,35,467,0,502,105,1655,0,1760,1225,9930,0,11155,0,1140,0,1140,1225,8790,0,10015,0,0,0,0,0,100.0,1225,8790,0,10015
537,Ranga Reddy,537098,Choudergudem,1598013,101  3-95 PEERJAPOOR,6,2024,24,339,0,363,60,1168,0,1228,840,7008,0,7848,140,1566,0,1706,700,5442,0,6142,0,0,0,0,0,100.0,700,5442,0,6142
537,Ranga Reddy,537098,Choudergudem,1598014,GORLA SHIVALEELA  1-108 MUSTIPALLY,6,2024,27,238,0,265,71,903,0,974,945,5418,0,6363,0,1062,0,1062,945,4356,0,5301,0,0,0,0,0,100.0,945,4356,0,5301
537,Ranga Reddy,537098,Choudergudem,1598015,Jakkani Ravikumar  1-203 EDIRA,6,2024,19,298,0,317,54,1026,0,1080,665,6156,0,6821,70,2065,0,2135,595,4091,0,4686,0,0,0,0,0,100.0,595,4091,0,4686
537,Ranga Reddy,537098,Choudergudem,1598016,101  1-16 JAKARAM,6,2024,7,262,0,269,19,906,0,925,245,5436,0,5681,0,1242,0,1242,245,4194,0,4439,0,0,0,0,0,100.0,245,4194,0,4439
537,Ranga Reddy,537098,Choudergudem,1598017,CHENNARAM ANURADHA  4-13 ELKAGUDEM,6,2024,24,281,0,305,83,1006,0,1089,840,6036,0,6876,70,1290,0,1360,770,4746,0,5516,0,0,0,0,0,100.0,770,4746,0,5516
537,Ranga Reddy,537098,Choudergudem,1598018,101  2-86 GUNJALPHAD,6,2024,20,236,0,256,53,842,0,895,700,5052,0,5752,70,906,0,976,630,4146,0,4776,0,0,0,0,0,100.0,630,4146,0,4776
537,Ranga Reddy,537098,Choudergudem,1598019,101  3-22 MALKHAPAD,6,2024,8,156,0,164,24,661,0,685,280,3966,0,4246,35,744,0,779,245,3222,0,3467,0,0,0,0,0,100.0,245,3222,0,3467
537,Ranga Reddy,537098,Choudergudem,1598020,MALA YADAIAH  2-81 VANNAMPALLY,6,2024,27,167,0,194,69,631,0,700,945,3786,0,4731,35,0,0,35,910,3786,0,4696,0,0,0,0,0,100.0,910,3786,0,4696
537,Ranga Reddy,537098,Choudergudem,1598021,101  Not Available,6,2024,20,297,0,317,34,1035,0,1069,700,6210,0,6910,140,1554,0,1694,560,4656,0,5216,0,0,0,0,0,100.0,560,4656,0,5216
537,Ranga Reddy,537098,Choudergudem,1598022,101  CHALIVENDRAMPALLY,6,2024,5,121,0,126,16,394,0,410,175,2364,0,2539,35,834,0,869,140,1530,0,1670,0,0,0,0,0,100.0,140,1530,0,1670
537,Ranga Reddy,537099,Balapur,1599002,"D ANITHA  3-125/20, Mallapur Village",6,2024,63,1441,0,1504,167,4822,0,4989,2205,28932,0,31137,0,0,0,0,2205,28932,0,31137,0,0,0,0,0,100.0,2205,28932,0,31137
537,Ranga Reddy,537099,Balapur,1599003,D RAMESH  JALPALLY,6,2024,24,1003,0,1027,68,3386,0,3454,840,20316,0,21156,140,9054,0,9194,700,11262,0,11962,0,0,0,0,0,100.0,700,11262,0,11962
537,Ranga Reddy,537099,Balapur,1599004,T Mohan Reddy  Balapur-I,6,2024,47,1192,0,1239,107,4759,0,4866,1645,28554,0,30199,0,630,0,630,1645,27924,0,29569,0,0,0,0,0,100.0,1645,27924,0,29569
537,Ranga Reddy,537099,Balapur,1599005,E SUMANTH GUPTA  BALAPUR-II,6,2024,23,1073,0,1096,43,3795,0,3838,805,22770,0,23575,0,9,0,9,805,22761,0,23566,0,0,0,0,0,100.0,805,22761,0,23566
537,Ranga Reddy,537099,Balapur,1599006,B SUMAN  MAMIDIPALLY,6,2024,40,735,0,775,106,2348,0,2454,1400,14088,0,15488,0,1476,0,1476,1400,12612,0,14012,0,0,0,0,0,100.0,1400,12612,0,14012
537,Ranga Reddy,537099,Balapur,1599007,J Ramesh  NADERGUL-I,6,2024,47,1380,0,1427,78,4157,0,4235,1645,24942,0,26587,0,2580,0,2580,1645,22362,0,24007,0,0,0,0,0,100.0,1645,22362,0,24007
537,Ranga Reddy,537099,Balapur,1599008,K DANAMMA  NADERGUL-II,6,2024,48,1190,0,1238,104,3516,0,3620,1680,21096,0,22776,0,3042,0,3042,1680,18054,0,19734,0,0,0,0,0,100.0,1680,18054,0,19734
537,Ranga Reddy,537099,Balapur,1599009,E SAVITRI  KURMALGUDA,6,2024,29,435,0,464,61,1363,0,1424,1015,8178,0,9193,175,4446,0,4621,840,3732,0,4572,0,0,0,0,0,100.0,840,3732,0,4572
537,Ranga Reddy,537099,Balapur,1599010,R SRINIVASI REDDY  ALMASGUDA,6,2024,32,1197,0,1229,79,3627,0,3706,1120,21762,0,22882,0,0,0,0,1120,21762,0,22882,0,0,0,0,0,100.0,1120,21762,0,22882
537,Ranga Reddy,537099,Balapur,1599011,B NARSIMHA REDDY  BADANGPET,6,2024,11,1027,0,1038,33,3048,0,3081,385,18288,0,18673,140,5140,0,5280,245,13148,0,13393,0,0,0,0,0,100.0,245,13148,0,13393
537,Ranga Reddy,537099,Balapur,1599012,P BHAGYALAXMI  GURRAMGUDA,6,2024,30,912,0,942,90,2682,0,2772,1050,16092,0,17142,70,5484,0,5554,980,10608,0,11588,0,0,0,0,0,100.0,980,10608,0,11588
537,Ranga Reddy,537099,Balapur,1599013,,6,2024,27,1065,0,1092,60,3354,0,3414,945,20124,0,21069,0,0,0,0,945,20124,0,21069,0,0,0,0,0,100.0,945,20124,0,21069
537,Ranga Reddy,537099,Balapur,1599014,J SUMALATHA  3-304 sriram colony,6,2024,15,1025,0,1040,29,3630,0,3659,525,21780,0,22305,0,0,0,0,525,21780,0,22305,0,0,0,0,0,100.0,525,21780,0,22305
537,Ranga Reddy,537099,Balapur,1599015,D Vinay Goud  5-83/3 sriram colony,6,2024,21,1016,0,1037,49,3877,0,3926,735,23262,0,23997,0,0,0,0,735,23262,0,23997,0,0,0,0,0,100.0,735,23262,0,23997
537,Ranga Reddy,537099,Balapur,1599016,Y Swapna  13-366 Wadie Mustafa,6,2024,11,1028,0,1039,22,3817,0,3839,385,22902,0,23287,0,164,0,164,385,22738,0,23123,0,0,0,0,0,100.0,385,22738,0,23123
537,Ranga Reddy,537099,Balapur,1599017,"Smt.Poreddy Geetha  1-2,Balapur Mandal",6,2024,20,1220,0,1240,47,4221,0,4268,700,25326,0,26026,0,15922,0,15922,700,9404,0,10104,0,0,0,0,0,100.0,700,9404,0,10104
537,Ranga Reddy,537099,Balapur,1599018,Smt.Palvai Jhansi  H.No.4-332 Balapur,6,2024,7,1233,0,1240,15,4601,0,4616,245,27606,0,27851,0,700,0,700,245,26906,0,27151,0,0,0,0,0,100.0,245,26906,0,27151
537,Ranga Reddy,537099,Balapur,1599019,J KALPANA alias J SANDHYA  H.No.15-50/1 ranganayakula clny,6,2024,28,621,0,649,60,1810,0,1870,980,10860,0,11840,210,2906,0,3116,770,7954,0,8724,0,0,0,0,0,100.0,770,7954,0,8724
537,Ranga Reddy,537099,Balapur,1599020,syed aijaz  13-186 shaheen nagaqr,6,2024,3,1067,0,1070,7,4208,0,4215,105,25248,0,25353,0,41,0,41,105,25207,0,25312,0,0,0,0,0,100.0,105,25207,0,25312
537,Ranga Reddy,537099,Balapur,1599021,THIMMANI SANTOSHA  5-19 BALAPUR,6,2024,6,1064,0,1070,17,3971,0,3988,210,23826,0,24036,0,13964,0,13964,210,9862,0,10072,0,0,0,0,0,100.0,210,9862,0,10072
537,Ranga Reddy,537099,Balapur,1599022,smt.avula pavani  15-1-47/48 gandhi nagar badangpet,6,2024,10,1047,0,1057,19,2975,0,2994,350,17850,0,18200,0,6030,0,6030,350,11820,0,12170,0,0,0,0,0,100.0,350,11820,0,12170
537,Ranga Reddy,537099,Balapur,1599023,BHEEDI ANUSHA  4-143/1/A TELEPHONE CLNY BADANGPET,6,2024,10,1043,0,1053,20,2998,0,3018,350,17988,0,18338,0,3946,0,3946,350,14042,0,14392,0,0,0,0,0,100.0,350,14042,0,14392
537,Ranga Reddy,537099,Balapur,1599024,Mohd Yousuf Ali  15-20 wadi e omer,6,2024,16,1054,0,1070,28,4132,0,4160,560,24792,0,25352,70,12188,0,12258,490,12604,0,13094,0,0,0,0,0,100.0,490,12604,0,13094
538,Mahbubnagar,538007,Koilkonda,1407001,SANKALAMADDI ANAND KUMAR  KOILKONDA,6,2024,37,308,0,345,123,1219,0,1342,1295,7314,0,8609,0,1536,0,1536,1295,5778,0,7073,0,0,0,0,0,100.0,1295,5778,0,7073
538,Mahbubnagar,538007,Koilkonda,1407002,MANDIPALLY LAXMI NARSIMULU  H.NO. 4-78 NEAR GOVT. HOSPITAL KOILKONDA,6,2024,42,275,1,318,144,990,1,1135,1470,5940,10,7420,105,1398,10,1513,1365,4542,0,5907,0,0,0,0,0,100.0,1365,4542,0,5907
538,Mahbubnagar,538007,Koilkonda,1407003,"SAJEEDA BEGUM  H.NO. 7-48, NEAR YADA BAVI, KOILKONDA",6,2024,59,379,2,440,201,1369,4,1574,2065,8214,20,10299,0,18,0,18,2065,8196,20,10281,0,0,0,0,0,100.0,2065,8196,20,10281
538,Mahbubnagar,538007,Koilkonda,1407004,"KATRAVATH RAMULU NAIK  H.NO. 1-33, LAMBADI GERI, ACHARYAPUR",6,2024,24,335,1,360,67,1166,1,1234,840,6996,10,7846,280,3090,0,3370,560,3906,10,4476,0,0,0,0,0,100.0,560,3906,10,4476
538,Mahbubnagar,538007,Koilkonda,1407005,"R .RAJU NAIK  H.NO. 7-32/1,SRI RAMATEMPLE BACKSIDE, PARPALLI, KOILKONDA",6,2024,28,242,0,270,84,858,0,942,980,5148,0,6128,35,744,0,779,945,4404,0,5349,0,0,0,0,0,100.0,945,4404,0,5349
538,Mahbubnagar,538007,Koilkonda,1407006,"KISTAMPALLY BHOODEVI  H.NO. 1-13/1,HANMAN TEMPLE BACKSIDE, PARPALLY, KOILKONDA",6,2024,19,290,0,309,46,1084,0,1130,665,6504,0,7169,140,1026,0,1166,525,5478,0,6003,0,0,0,0,0,100.0,525,5478,0,6003
538,Mahbubnagar,538007,Koilkonda,1407007,"ALOORI NAGAMANI  BU COMMUNITY, RAMPUR, KOILKONDA",6,2024,32,410,0,442,86,1398,0,1484,1120,8388,0,9508,35,1470,0,1505,1085,6918,0,8003,0,0,0,0,0,100.0,1085,6918,0,8003
538,Mahbubnagar,538007,Koilkonda,1407008,"KRISHNAIAH  SC COLONY, GARLAPAHAD, KOILKONDA",6,2024,23,232,0,255,62,715,0,777,805,4290,0,5095,0,654,0,654,805,3636,0,4441,0,0,0,0,0,100.0,805,3636,0,4441
538,Mahbubnagar,538007,Koilkonda,1407009,"POTTU KESHAVULU  H.NO. 1-66, BC COLONY, KANAIPALLY",6,2024,25,285,0,310,69,1076,0,1145,875,6456,0,7331,210,1489,0,1699,665,4967,0,5632,0,0,0,0,0,100.0,665,4967,0,5632
538,Mahbubnagar,538007,Koilkonda,1407010,"PUJARI KONDAIAH  H.NO. 2-14/A, MEEDIGERI, LINGUPALLI, KOILKONDA",6,2024,26,302,1,329,79,1095,1,1175,910,6570,10,7490,105,1896,10,2011,805,4674,0,5479,0,0,0,0,0,100.0,805,4674,0,5479
538,Mahbubnagar,538007,Koilkonda,1407011,"K PRAVEEN KUMAR  H.NO. 1-41, DAMAIPALLY, KOILKONDA",6,2024,23,327,0,350,66,1131,0,1197,805,6786,0,7591,140,1530,0,1670,665,5256,0,5921,0,0,0,0,0,100.0,665,5256,0,5921
538,Mahbubnagar,538007,Koilkonda,1407012,"B ANJANEYULU  H.NO. 1-28, ANANTHAPUR, KOILKONDA",6,2024,12,137,1,150,27,539,1,567,420,3234,10,3664,70,1362,10,1442,350,1872,0,2222,0,0,0,0,0,100.0,350,1872,0,2222
538,Mahbubnagar,538007,Koilkonda,1407013,"PATEL NARSIMHA REDDY  H.NO. 2-2, ANJANEYASWAMY TEMPLE, KHAZIPUR, KOILKONDA",6,2024,32,343,1,376,103,1207,1,1311,1120,7242,10,8372,70,1752,0,1822,1050,5490,10,6550,0,0,0,0,0,100.0,1050,5490,10,6550
538,Mahbubnagar,538007,Koilkonda,1407014,"GAGAGOUNI PRASANNA  H.NO. 4-37/1, NEW COLONY, CHANDRASPALLY, KOILKONDA",6,2024,29,339,0,368,85,1283,0,1368,1015,7698,0,8713,175,1938,0,2113,840,5760,0,6600,0,0,0,0,0,100.0,840,5760,0,6600
538,Mahbubnagar,538007,Koilkonda,1407015,"K.PRAVEEN KUMAR  H.NO. 1-83, THIRUMALAMPALLY, KOILKONDA",6,2024,15,214,1,230,37,709,1,747,525,4254,10,4789,140,1470,10,1620,385,2784,0,3169,0,0,0,0,0,100.0,385,2784,0,3169
538,Mahbubnagar,538007,Koilkonda,1407016,"KAKULAVARAM PARVATH REDDY  H.NO. 2-20, NEW COLONY, BURGUPALLY, KOILKONDA",6,2024,21,346,0,367,51,1110,0,1161,735,6660,0,7395,70,1830,0,1900,665,4830,0,5495,0,0,0,0,0,100.0,665,4830,0,5495
538,Mahbubnagar,538007,Koilkonda,1407017,"BUNITI BASWARAJ  H.NO. 3-36, NEAR CHAVIDI, SURARAM, KOILKONDA",6,2024,34,429,0,463,84,1746,0,1830,1190,10476,0,11666,70,2238,0,2308,1120,8238,0,9358,0,0,0,0,0,100.0,1120,8238,0,9358
538,Mahbubnagar,538007,Koilkonda,1407018,"N SUMALATHA  H.NO. 6-64, MALLAPUR, KOILKONDA",6,2024,11,150,0,161,24,586,0,610,385,3516,0,3901,0,624,0,624,385,2892,0,3277,0,0,0,0,0,100.0,385,2892,0,3277
538,Mahbubnagar,538007,Koilkonda,1407019,"UMAMAHESHWARI  H.NO. 4-108, NEAR BUS STAND, KOTHLABAD, KOILKONDA",6,2024,21,201,0,222,43,759,0,802,735,4554,0,5289,210,906,0,1116,525,3648,0,4173,0,0,0,0,0,100.0,525,3648,0,4173
538,Mahbubnagar,538007,Koilkonda,1407020,"PERIPALLI  NARESH KUMAR GOUD  H.NO. 4-4, MAIN ROAD, BUS STAND, KOTHLABAD, KOILKONDA",6,2024,14,180,0,194,35,624,0,659,490,3744,0,4234,0,1050,0,1050,490,2694,0,3184,0,0,0,0,0,100.0,490,2694,0,3184
538,Mahbubnagar,538007,Koilkonda,1407021,"BALAKISTAIAH  H.NO. 2-22, SC COLONY, SERI VENKATAPUR, KOILKONDA",6,2024,23,305,0,328,66,1082,0,1148,805,6492,0,7297,105,1710,0,1815,700,4782,0,5482,0,0,0,0,0,100.0,700,4782,0,5482
538,Mahbubnagar,538007,Koilkonda,1407022,"MD ABDUL KAREEM  H.NO. 3-17, BC COLONY, MODHIPUR, KOILKONDA",6,2024,21,278,1,300,60,1026,1,1087,735,6156,10,6901,175,2064,0,2239,560,4092,10,4662,0,0,0,0,0,100.0,560,4092,10,4662
538,Mahbubnagar,538007,Koilkonda,1407023,"K RAGHURAMULU  H.NO. C/1-38,JAMALPUR, KOILKONDA",6,2024,30,317,1,348,95,1191,1,1287,1050,7146,10,8206,105,1980,10,2095,945,5166,0,6111,0,0,0,0,0,100.0,945,5166,0,6111
538,Mahbubnagar,538007,Koilkonda,1407024,"MANDIPALLY RAMAKRISHNA  H.NO. 1-55, BC COLONY, IBRAHIMNAGAR, KOILKONDA",6,2024,32,346,0,378,104,1442,0,1546,1120,8652,0,9772,140,2052,0,2192,980,6600,0,7580,0,0,0,0,0,100.0,980,6600,0,7580
538,Mahbubnagar,538007,Koilkonda,1407027,"VENKATA KRISHNA REDDY  H.NO. 1-80, NEAR HANMAN TEMPLE, PERKIVEED, KOILKONDA",6,2024,35,325,0,360,117,1159,0,1276,1225,6954,0,8179,245,1843,0,2088,980,5111,0,6091,0,0,0,0,0,100.0,980,5111,0,6091
538,Mahbubnagar,538007,Koilkonda,1407028,"RAMULU  H.NO. 2-77, RAJU NAIK TANDA, KESAVAPUR, KOILKONDA",6,2024,30,306,1,337,89,1094,1,1184,1050,6564,10,7624,35,1602,0,1637,1015,4962,10,5987,0,0,0,0,0,100.0,1015,4962,10,5987
538,Mahbubnagar,538007,Koilkonda,1407029,"NARSIMULU  H.NO. 1-76, SC COLONY, KESHAVAPUR, KOILKONDA",6,2024,22,286,1,309,53,1000,1,1054,770,6000,10,6780,0,840,0,840,770,5160,10,5940,0,0,0,0,0,100.0,770,5160,10,5940
538,Mahbubnagar,538007,Koilkonda,1407030,"CHALLAPURAM CHANDRASHEKHAR REDDY  H.NO. 1-88, KURVA GERI, MALKAPUR, KOILKONDA",6,2024,27,411,0,438,55,1369,0,1424,945,8214,0,9159,105,1938,0,2043,840,6276,0,7116,0,0,0,0,0,100.0,840,6276,0,7116
538,Mahbubnagar,538007,Koilkonda,1407031,"VENKATESHWARAMMA  H.NO. 4-84, GARDALAGADDA AREA, MALKAPUR, KOILKONDA",6,2024,22,426,3,451,56,1489,8,1553,770,8934,30,9734,0,2862,0,2862,770,6072,30,6872,0,0,0,0,0,100.0,770,6072,30,6872
538,Mahbubnagar,538007,Koilkonda,1407032,"K MOGULAIAH  H.NO. 1-29, AYYAVARIPALLI, KOILKONDA",6,2024,25,287,0,312,78,1048,0,1126,875,6288,0,7163,175,1393,0,1568,700,4895,0,5595,0,0,0,0,0,100.0,700,4895,0,5595
538,Mahbubnagar,538007,Koilkonda,1407033,"RAJU  H.NO. 6-7, RAJEEV NAGAR TANDA",6,2024,37,301,1,339,105,1232,1,1338,1295,7392,10,8697,455,3210,0,3665,840,4182,10,5032,0,0,0,0,0,100.0,840,4182,10,5032
538,Mahbubnagar,538007,Koilkonda,1407034,"P BALAKISTAMMA  H.NO. 1-61, ANKILLA, KOILKONDA",6,2024,41,536,0,577,98,1831,0,1929,1435,10986,0,12421,315,2786,0,3101,1120,8200,0,9320,0,0,0,0,0,100.0,1120,8200,0,9320
538,Mahbubnagar,538007,Koilkonda,1407035,T ANJILAMMA  H.NO. 1-35 BC COLONY ABHANGAPATNAM,6,2024,37,447,1,485,77,1552,1,1630,1295,9312,10,10617,245,1422,0,1667,1050,7890,10,8950,0,0,0,0,0,100.0,1050,7890,10,8950
538,Mahbubnagar,538007,Koilkonda,1407036,"GOLLA SUJATHA  H.NO. 3-66, SHERIPALLY, ABHANGAPATNAM, KOILKONDA",6,2024,8,239,0,247,17,683,0,700,280,4098,0,4378,105,882,0,987,175,3216,0,3391,0,0,0,0,0,100.0,175,3216,0,3391
538,Mahbubnagar,538007,Koilkonda,1407037,"VARANGAL SHIVA KUMAR  H.NO. 1-38, BESIDE GRAM PANCHAYATH OFFICE, VINJAMOOR, KOILKONDA",6,2024,24,384,0,408,54,1194,0,1248,840,7164,0,8004,175,2352,0,2527,665,4812,0,5477,0,0,0,0,0,100.0,665,4812,0,5477
538,Mahbubnagar,538007,Koilkonda,1407038,AVITI RAVI KUMAR  H.NO. 1-37 BESIDE GRAMPANCHAYATH OFFICE VINJAMOOR,6,2024,27,384,0,411,57,1301,0,1358,945,7806,0,8751,355,1854,0,2209,590,5952,0,6542,0,0,0,0,0,100.0,590,5952,0,6542
538,Mahbubnagar,538007,Koilkonda,1407039,LOUDY BASU  H.NO. 6-78 RAMANNAPALLY TANDA,6,2024,24,308,0,332,74,1055,0,1129,840,6330,0,7170,280,2508,0,2788,560,3822,0,4382,0,0,0,0,0,100.0,560,3822,0,4382
538,Mahbubnagar,538007,Koilkonda,1407040,"A BHEEM REDDY  H.NO. 5-33 NEAR HANMAN TEMPLE, VINJAMOOR",6,2024,18,202,0,220,49,705,0,754,630,4230,0,4860,0,720,0,720,630,3510,0,4140,0,0,0,0,0,100.0,630,3510,0,4140
538,Mahbubnagar,538007,Koilkonda,1407041,SABAVATH GOPAL  H.NO. 1-62 YELLAREDDYPALLY,6,2024,25,223,0,248,75,826,0,901,875,4956,0,5831,420,2412,0,2832,455,2544,0,2999,0,0,0,0,0,100.0,455,2544,0,2999
538,Mahbubnagar,538007,Koilkonda,1407042,"N VITTAL  H.NO. 3-36/1, KHUSHMOHDPALLY",6,2024,14,201,0,215,48,963,0,1011,490,5778,0,6268,140,2136,0,2276,350,3642,0,3992,0,0,0,0,0,100.0,350,3642,0,3992
538,Mahbubnagar,538007,Koilkonda,1407043,MADA SANJEEVA REDDY  H.NO. 1-75 SC COLONY GARLAPAAD,6,2024,21,225,0,246,45,733,0,778,735,4398,0,5133,70,762,0,832,665,3636,0,4301,0,0,0,0,0,100.0,665,3636,0,4301
538,Mahbubnagar,538007,Koilkonda,1407044,"101  H.NO. 4-108, KOTHLABAD",6,2024,15,226,0,241,34,664,0,698,525,3984,0,4509,0,1122,0,1122,525,2862,0,3387,0,0,0,0,0,100.0,525,2862,0,3387
538,Mahbubnagar,538007,Koilkonda,1407045,"BALAIAH  H.NO. 2-58, SC COLONY LINGALCHED",6,2024,21,170,0,191,69,605,0,674,735,3630,0,4365,175,1308,0,1483,560,2322,0,2882,0,0,0,0,0,100.0,560,2322,0,2882
538,Mahbubnagar,538007,Koilkonda,1407048,NAGARAJU  PARPALLE VILLAGE,6,2024,18,288,0,306,44,994,0,1038,630,5964,0,6594,210,1278,0,1488,420,4686,0,5106,0,0,0,0,0,100.0,420,4686,0,5106
538,Mahbubnagar,538007,Koilkonda,1407050,BANDARI DASAPPA  H.NO. 1-89 BC COLONY VEERAMPALLY,6,2024,11,209,0,220,27,689,0,716,385,4134,0,4519,35,858,0,893,350,3276,0,3626,0,0,0,0,0,100.0,350,3276,0,3626
538,Mahbubnagar,538008,Hanwada,1408001,"Dasari Rajesh  H.NO.3-83/A,HANWADA",6,2024,21,402,0,423,60,1472,0,1532,735,8832,0,9567,0,2298,0,2298,735,6534,0,7269,0,0,0,0,0,100.0,735,6534,0,7269
538,Mahbubnagar,538008,Hanwada,1408002,"MD.TAHER HUSSAIN  H.NO.3-93/C,HANWADA",6,2024,38,499,2,539,103,1734,2,1839,1330,10404,20,11754,0,6,0,6,1330,10398,20,11748,0,0,0,0,0,100.0,1330,10398,20,11748
538,Mahbubnagar,538008,Hanwada,1408003,"KAVALI NARAYANA  H.NO.1-83,SALLONPALLY",6,2024,46,499,1,546,147,1843,1,1991,1610,11058,10,12678,350,1038,0,1388,1260,10020,10,11290,0,0,0,0,0,100.0,1260,10020,10,11290
538,Mahbubnagar,538008,Hanwada,1408004,"YEERA RAVI KUMAR  H.NO.2-87,NAGINONIPALLY",6,2024,47,359,1,407,129,1264,1,1394,1645,7584,10,9239,245,726,10,981,1400,6858,0,8258,0,0,0,0,0,100.0,1400,6858,0,8258
538,Mahbubnagar,538008,Hanwada,1408005,"J.CHANDRAIAH  H.NO.2-72,TANKARA",6,2024,27,333,2,362,105,1240,2,1347,945,7440,20,8405,210,1020,10,1240,735,6420,10,7165,0,0,0,0,0,100.0,735,6420,10,7165
538,Mahbubnagar,538008,Hanwada,1408006,"VENKATAIAH  H.NO.3-85,TANKARA",6,2024,21,318,1,340,71,1251,1,1323,735,7506,10,8251,0,864,0,864,735,6642,10,7387,0,0,0,0,0,100.0,735,6642,10,7387
538,Mahbubnagar,538008,Hanwada,1408007,"K.YELLAIAH GOUD  H.NO.1-27,DACHAKPALLY",6,2024,64,284,5,353,178,1029,5,1212,2240,6174,50,8464,350,1464,30,1844,1890,4710,20,6620,0,0,0,0,0,100.0,1890,4710,20,6620
538,Mahbubnagar,538008,Hanwada,1408008,"M.RAMULU  H.NO.3-25,IBRAHIMBAD",6,2024,33,364,2,399,91,1384,2,1477,1155,8304,20,9479,140,2130,0,2270,1015,6174,20,7209,0,0,0,0,0,100.0,1015,6174,20,7209
538,Mahbubnagar,538008,Hanwada,1408009,"P.RAJAVARDHAN REDDY  H.NO.5-43,THIRUMALAGIRI H/O IBRAHIMBAD",6,2024,28,180,2,210,86,682,2,770,980,4092,20,5092,175,846,0,1021,805,3246,20,4071,0,0,0,0,0,100.0,805,3246,20,4071
538,Mahbubnagar,538008,Hanwada,1408010,"G.SUGUNA  H.NO.2-55,BUDDARAM",6,2024,36,285,1,322,132,1020,1,1153,1260,6120,10,7390,280,1926,0,2206,980,4194,10,5184,0,0,0,0,0,100.0,980,4194,10,5184
538,Mahbubnagar,538008,Hanwada,1408011,"MD.ZAKIR  H.NO.1-35,YARONPALLY",6,2024,48,493,3,544,165,2041,3,2209,1680,12246,30,13956,280,2934,20,3234,1400,9312,10,10722,0,0,0,0,0,100.0,1400,9312,10,10722
538,Mahbubnagar,538008,Hanwada,1408012,"MD.SYED MANZOOR  H.NO.2-93,KOTHAPET",6,2024,45,427,2,474,134,1610,2,1746,1575,9660,20,11255,175,1872,10,2057,1400,7788,10,9198,0,0,0,0,0,100.0,1400,7788,10,9198
538,Mahbubnagar,538008,Hanwada,1408013,"J.KURMAIAH  H.NO.1-3,KOTHAPET",6,2024,47,450,2,499,148,1653,2,1803,1645,9918,20,11583,245,2094,10,2349,1400,7824,10,9234,0,0,0,0,0,100.0,1400,7824,10,9234
538,Mahbubnagar,538008,Hanwada,1408014,"PARVEEN BEGUM  H.NO.1-17,CHINNADAR PALLY",6,2024,41,324,4,369,125,1053,4,1182,1435,6318,40,7793,105,414,0,519,1330,5904,40,7274,0,0,0,0,0,100.0,1330,5904,40,7274
538,Mahbubnagar,538008,Hanwada,1408015,"M.DEVUJA NAYAK  H.NO.4-7,CHIRMAL KUCHHA THANDA,CHINNADAR PALLY",6,2024,45,364,0,409,169,1228,0,1397,1575,7368,0,8943,140,984,0,1124,1435,6384,0,7819,0,0,0,0,0,100.0,1435,6384,0,7819
538,Mahbubnagar,538008,Hanwada,1408016,"P.YADAIAH  H.NO.5-2,SHEK PALLY",6,2024,24,426,0,450,70,1545,0,1615,840,9270,0,10110,350,3948,0,4298,490,5322,0,5812,0,0,0,0,0,100.0,490,5322,0,5812
538,Mahbubnagar,538008,Hanwada,1408017,YADAMMA  H.NO.1-55.KISTAM PALLY,6,2024,11,280,1,292,31,1023,1,1055,385,6138,10,6533,0,1656,0,1656,385,4482,10,4877,0,0,0,0,0,100.0,385,4482,10,4877
538,Mahbubnagar,538008,Hanwada,1408018,"K.PADMAMMA  H.NO.6-12,LINGANNAPALLY",6,2024,35,352,1,388,112,1304,1,1417,1225,7824,10,9059,490,1602,0,2092,735,6222,10,6967,0,0,0,0,0,100.0,735,6222,10,6967
538,Mahbubnagar,538008,Hanwada,1408019,"K. VARALAXMI  H.NO.3-134/1,GUNDYAL",6,2024,32,309,1,342,101,1072,1,1174,1120,6432,10,7562,140,2268,10,2418,980,4164,0,5144,0,0,0,0,0,100.0,980,4164,0,5144
538,Mahbubnagar,538008,Hanwada,1408020,"KOTHA VARALAKSHMI  H.NO.1-56,GUNDYAL",6,2024,23,313,2,338,52,1014,2,1068,805,6084,20,6909,245,3396,10,3651,560,2688,10,3258,0,0,0,0,0,100.0,560,2688,10,3258
538,Mahbubnagar,538008,Hanwada,1408021,"N.NIRMALA  H.NO.2-78,AYODHYANAGAR",6,2024,55,180,2,237,158,596,2,756,1925,3576,20,5521,560,784,10,1354,1365,2792,10,4167,0,0,0,0,0,100.0,1365,2792,10,4167
538,Mahbubnagar,538008,Hanwada,1408022,"G.ALLAMAIAH GOUD  H.NO.1-37,PEDDADARPALLY",6,2024,21,321,2,344,60,1055,2,1117,735,6330,20,7085,70,232,0,302,665,6098,20,6783,0,0,0,0,0,100.0,665,6098,20,6783
538,Mahbubnagar,538008,Hanwada,1408023,"B.SANDEEP  H.NO.2-39,KONAGATTUPALLY",6,2024,47,429,2,478,136,1361,2,1499,1645,8166,20,9831,315,1314,10,1639,1330,6852,10,8192,0,0,0,0,0,100.0,1330,6852,10,8192
538,Mahbubnagar,538008,Hanwada,1408024,K.VEERANNA  H.NO.4-70.VEPOOR,6,2024,36,509,2,547,86,1765,2,1853,1260,10590,20,11870,280,2934,0,3214,980,7656,20,8656,0,0,0,0,0,100.0,980,7656,20,8656
538,Mahbubnagar,538008,Hanwada,1408025,"B.THIRUPATAIAH  H.NO.1-94,VEPOOR",6,2024,45,461,2,508,149,1672,2,1823,1575,10032,20,11627,105,888,0,993,1470,9144,20,10634,0,0,0,0,0,100.0,1470,9144,20,10634
538,Mahbubnagar,538008,Hanwada,1408026,"ACHAIAH  H.NO.6-105,RAMANNAPALLY",6,2024,50,200,1,251,142,688,1,831,1750,4128,10,5888,316,792,0,1108,1434,3336,10,4780,0,0,0,0,0,100.0,1434,3336,10,4780
538,Mahbubnagar,538008,Hanwada,1408027,"RAVI KUMAR  H.NO.1-14,GUDDIMALKAPUR",6,2024,128,382,2,512,410,1336,2,1748,4480,8016,20,12516,1190,2447,10,3647,3290,5569,10,8869,0,0,0,0,0,100.0,3290,5569,10,8869
538,Mahbubnagar,538008,Hanwada,1408028,"M Laxmi  H.NO.2-71/2,MUNIMOKSHAM",6,2024,23,358,2,383,68,1226,2,1296,805,7356,20,8181,35,1536,10,1581,770,5820,10,6600,0,0,0,0,0,100.0,770,5820,10,6600
538,Mahbubnagar,538008,Hanwada,1408029,"B. DASTHAIAH  H.NO.5-91/A, HANWADA",6,2024,72,440,2,514,219,1417,2,1638,2520,8502,20,11042,105,510,20,635,2415,7992,0,10407,0,0,0,0,0,100.0,2415,7992,0,10407
538,Mahbubnagar,538008,Hanwada,1408030,"K.MALLAIAH  H.NO.2-88,TANKARA",6,2024,21,335,2,358,68,1203,2,1273,735,7218,20,7973,280,1968,0,2248,455,5250,20,5725,0,0,0,0,0,100.0,455,5250,20,5725
538,Mahbubnagar,538008,Hanwada,1408031,"E.SRISAILAM  H.NO.3-45,PULPONPALLY,IBRAHIMBAD",6,2024,15,201,2,218,37,667,2,706,525,4002,20,4547,70,1296,0,1366,455,2706,20,3181,0,0,0,0,0,100.0,455,2706,20,3181
538,Mahbubnagar,538008,Hanwada,1408032,A.NARSIMULU  BUDDARAM,6,2024,20,279,2,301,74,962,2,1038,700,5772,20,6492,140,2076,0,2216,560,3696,20,4276,0,0,0,0,0,100.0,560,3696,20,4276
538,Mahbubnagar,538008,Hanwada,1408033,KRIAHNAIAH  CHINNADAR PALLY-II,6,2024,34,327,2,363,111,1153,2,1266,1190,6918,20,8128,0,192,0,192,1190,6726,20,7936,0,0,0,0,0,100.0,1190,6726,20,7936
538,Mahbubnagar,538008,Hanwada,1408034,ZABEENA BEGUM  GUNDYAL-III,6,2024,26,154,2,182,81,660,2,743,910,3960,20,4890,315,104,10,429,595,3856,10,4461,0,0,0,0,0,100.0,595,3856,10,4461
538,Mahbubnagar,538008,Hanwada,1408035,"A,DEVAIAH  PEDDADARPALLY-II,",6,2024,30,292,0,322,99,999,0,1098,1050,5994,0,7044,280,1788,0,2068,770,4206,0,4976,0,0,0,0,0,100.0,770,4206,0,4976
538,Mahbubnagar,538008,Hanwada,1408036,M Ramadevi  MUNIMOKSHAM-II,6,2024,23,269,2,294,57,997,2,1056,805,5982,20,6807,0,1074,20,1094,805,4908,0,5713,0,0,0,0,0,100.0,805,4908,0,5713
538,Mahbubnagar,538009,Nawabpet,1409001,N PARSHAVEDI LINGAM  H NO 7-34 NAWABPET,6,2024,52,796,0,848,147,2831,0,2978,1820,16986,0,18806,0,3312,0,3312,1820,13674,0,15494,0,0,0,0,0,100.0,1820,13674,0,15494
538,Mahbubnagar,538009,Nawabpet,1409002,Srisailam  DAYAPANTHULAPALLY,6,2024,1,164,0,165,5,575,0,580,35,3450,0,3485,0,408,0,408,35,3042,0,3077,0,0,0,0,0,100.0,35,3042,0,3077
538,Mahbubnagar,538009,Nawabpet,1409003,VASANTHA  H NO 1-70 YANMANGANDLA,6,2024,38,574,0,612,115,2013,0,2128,1330,12078,0,13408,140,3228,0,3368,1190,8850,0,10040,0,0,0,0,0,100.0,1190,8850,0,10040
538,Mahbubnagar,538009,Nawabpet,1409004,CHINNA CHENNAIAH  NEAR GP OFFICE,6,2024,22,405,0,427,63,1457,0,1520,770,8742,0,9512,0,0,0,0,770,8742,0,9512,0,0,0,0,0,100.0,770,8742,0,9512
538,Mahbubnagar,538009,Nawabpet,1409005,K PRAKASH  IPAATUR,6,2024,53,583,0,636,132,2065,0,2197,1855,12390,0,14245,315,2646,0,2961,1540,9744,0,11284,0,0,0,0,0,100.0,1540,9744,0,11284
538,Mahbubnagar,538009,Nawabpet,1409006,K BALAJI  KAROOR,6,2024,5,232,0,237,16,845,0,861,175,5070,0,5245,35,1140,0,1175,140,3930,0,4070,0,0,0,0,0,100.0,140,3930,0,4070
538,Mahbubnagar,538009,Nawabpet,1409007,K.BALAJI  HANMASANIPALLY,6,2024,9,150,0,159,25,584,0,609,315,3504,0,3819,105,744,0,849,210,2760,0,2970,0,0,0,0,0,100.0,210,2760,0,2970
538,Mahbubnagar,538009,Nawabpet,1409008,P PRAMEELA  KUCHOOR,6,2024,59,542,0,601,166,1889,0,2055,2065,11334,0,13399,0,0,0,0,2065,11334,0,13399,0,0,0,0,0,100.0,2065,11334,0,13399
538,Mahbubnagar,538009,Nawabpet,1409009,K RAJKUMAR  KARKONDA,6,2024,55,593,0,648,167,2188,0,2355,1925,13128,0,15053,420,1956,0,2376,1505,11172,0,12677,0,0,0,0,0,100.0,1505,11172,0,12677
538,Mahbubnagar,538009,Nawabpet,1409011,B SAROOJA  H NO 2-24 THEEGALAPALLY,6,2024,33,395,0,428,101,1316,0,1417,1155,7896,0,9051,35,1842,0,1877,1120,6054,0,7174,0,0,0,0,0,100.0,1120,6054,0,7174
538,Mahbubnagar,538009,Nawabpet,1409012,KRISHNAIAH GOUD  SIDDOTAM,6,2024,27,239,0,266,79,746,0,825,945,4476,0,5421,210,1356,0,1566,735,3120,0,3855,0,0,0,0,0,100.0,735,3120,0,3855
538,Mahbubnagar,538009,Nawabpet,1409013,G.RAMANAIAH  H NO 2-65 KAKARLAPAHAD,6,2024,39,540,0,579,104,2065,0,2169,1365,12390,0,13755,0,120,0,120,1365,12270,0,13635,0,0,0,0,0,100.0,1365,12270,0,13635
538,Mahbubnagar,538009,Nawabpet,1409014,B PADMAMMA  H NO 1-2 KONDAPOOR,6,2024,34,453,0,487,94,1645,0,1739,1190,9870,0,11060,0,0,0,0,1190,9870,0,11060,0,0,0,0,0,100.0,1190,9870,0,11060
538,Mahbubnagar,538009,Nawabpet,1409015,K.KAMALA  H NO 1-27 HAJILAPOOR,6,2024,37,289,0,326,100,1093,0,1193,1295,6558,0,7853,210,1746,0,1956,1085,4812,0,5897,0,0,0,0,0,100.0,1085,4812,0,5897
538,Mahbubnagar,538009,Nawabpet,1409016,E VARALAXMI  H NO 2-59 KOLLUR,6,2024,74,719,0,793,206,2780,0,2986,2590,16680,0,19270,175,3132,0,3307,2415,13548,0,15963,0,0,0,0,0,100.0,2415,13548,0,15963
538,Mahbubnagar,538009,Nawabpet,1409017,P PAPAIAH  H NO 8-55/1 KESWARAOPALLY,6,2024,37,263,0,300,108,900,0,1008,1295,5400,0,6695,315,1315,0,1630,980,4085,0,5065,0,0,0,0,0,100.0,980,4085,0,5065
538,Mahbubnagar,538009,Nawabpet,1409018,E.NARAYANA  H NO 1-31,6,2024,37,406,0,443,100,1609,0,1709,1295,9654,0,10949,175,2604,0,2779,1120,7050,0,8170,0,0,0,0,0,100.0,1120,7050,0,8170
538,Mahbubnagar,538009,Nawabpet,1409019,CHINNAIAH  H NO -1-31/1 CHOWDOOR,6,2024,48,514,0,562,142,2006,0,2148,1680,12036,0,13716,140,3468,0,3608,1540,8568,0,10108,0,0,0,0,0,100.0,1540,8568,0,10108
538,Mahbubnagar,538009,Nawabpet,1409020,A.SRAVAN KUMAR  H NO 1-34,6,2024,55,834,0,889,139,2992,0,3131,1925,17952,0,19877,326,4686,0,5012,1599,13266,0,14865,0,0,0,0,0,100.0,1599,13266,0,14865
538,Mahbubnagar,538009,Nawabpet,1409021,KRISHNA REDDY  H NO 1-1 KAMARAM,6,2024,19,283,0,302,48,1001,0,1049,665,6006,0,6671,175,1028,0,1203,490,4978,0,5468,0,0,0,0,0,100.0,490,4978,0,5468
538,Mahbubnagar,538009,Nawabpet,1409022,P JANGAIAH  H NO 1-18 GURUKUNTA,6,2024,60,528,0,588,160,1731,0,1891,2100,10386,0,12486,0,1476,0,1476,2100,8910,0,11010,0,0,0,0,0,100.0,2100,8910,0,11010
538,Mahbubnagar,538009,Nawabpet,1409023,RAGHUNATH REDDY  H NO 2-25 AMMAPOOR,6,2024,16,220,0,236,33,794,0,827,560,4764,0,5324,0,1092,0,1092,560,3672,0,4232,0,0,0,0,0,100.0,560,3672,0,4232
538,Mahbubnagar,538009,Nawabpet,1409024,K NIRMALA  H NO 1-6 LINGAMPALLY,6,2024,38,309,0,347,122,1090,0,1212,1330,6540,0,7870,384,1200,0,1584,946,5340,0,6286,0,0,0,0,0,100.0,946,5340,0,6286
538,Mahbubnagar,538009,Nawabpet,1409025,L GEETHA  H NO 1-17 LOKIREVU,6,2024,15,403,0,418,45,1448,0,1493,525,8688,0,9213,105,1170,0,1275,420,7518,0,7938,0,0,0,0,0,100.0,420,7518,0,7938
538,Mahbubnagar,538009,Nawabpet,1409026,MASAIAH  H NO 5-14 REKULACHOWDAPUR,6,2024,29,289,0,318,85,1119,0,1204,1015,6714,0,7729,105,1242,0,1347,910,5472,0,6382,0,0,0,0,0,100.0,910,5472,0,6382
538,Mahbubnagar,538009,Nawabpet,1409027,V BABYA  H NO 5-2 MORAM BAI THANDA,6,2024,17,114,0,131,45,358,0,403,595,2148,0,2743,70,744,0,814,525,1404,0,1929,0,0,0,0,0,100.0,525,1404,0,1929
538,Mahbubnagar,538009,Nawabpet,1409028,K KRISHNAIAH  H NO 3-149 JANGAMAIPALLY,6,2024,12,205,0,217,26,825,0,851,420,4950,0,5370,35,966,0,1001,385,3984,0,4369,0,0,0,0,0,100.0,385,3984,0,4369
538,Mahbubnagar,538009,Nawabpet,1409029,E BALA CHENNIAH  H NO 6-28 CHENNAREDDY PALLY,6,2024,19,266,0,285,55,987,0,1042,665,5922,0,6587,70,846,0,916,595,5076,0,5671,0,0,0,0,0,100.0,595,5076,0,5671
538,Mahbubnagar,538009,Nawabpet,1409030,RAMACHANDRAIAH  MARIKAL,6,2024,146,1019,0,1165,399,3610,0,4009,5110,21660,0,26770,350,4518,0,4868,4760,17142,0,21902,0,0,0,0,0,100.0,4760,17142,0,21902
538,Mahbubnagar,538009,Nawabpet,1409031,CHANDRANAYAK  KOTHAPALLY,6,2024,102,715,0,817,319,2797,0,3116,3570,16782,0,20352,1050,5778,0,6828,2520,11004,0,13524,0,0,0,0,0,100.0,2520,11004,0,13524
538,Mahbubnagar,538009,Nawabpet,1409032,RAMAKRISHNAREDDY  MALKAPUR,6,2024,83,237,0,320,265,844,0,1109,2905,5064,0,7969,535,172,0,707,2370,4892,0,7262,0,0,0,0,0,100.0,2370,4892,0,7262
538,Mahbubnagar,538009,Nawabpet,1409033,CHANDRAKALA  PURSUMPALLY,6,2024,35,128,0,163,98,418,0,516,1225,2508,0,3733,280,414,0,694,945,2094,0,3039,0,0,0,0,0,100.0,945,2094,0,3039
538,Mahbubnagar,538009,Nawabpet,1409034,BHIM BAI  CHAKALI PALLY,6,2024,204,431,0,635,536,1512,0,2048,7140,9072,0,16212,1225,3510,0,4735,5915,5562,0,11477,0,0,0,0,0,100.0,5915,5562,0,11477
538,Mahbubnagar,538009,Nawabpet,1409035,YASHODA  KANMANKALAVA,6,2024,32,483,0,515,97,1741,0,1838,1120,10446,0,11566,385,2694,0,3079,735,7752,0,8487,0,0,0,0,0,100.0,735,7752,0,8487
538,Mahbubnagar,538010,Balanagar,1410001,"K BHIMAIAH  4-84, UDITHYAL",6,2024,36,443,0,479,129,1563,0,1692,1260,9378,0,10638,70,306,0,376,1190,9072,0,10262,0,0,0,0,0,100.0,1190,9072,0,10262
538,Mahbubnagar,538010,Balanagar,1410002,Balaji Uday  2-87/1UDITHYL,6,2024,28,435,0,463,86,1673,0,1759,980,10038,0,11018,210,1902,0,2112,770,8136,0,8906,0,0,0,0,0,100.0,770,8136,0,8906
538,Mahbubnagar,538010,Balanagar,1410003,"M Nagamani  4-06, VEERANNAPALLY",6,2024,18,175,0,193,44,678,0,722,630,4068,0,4698,140,852,0,992,490,3216,0,3706,0,0,0,0,0,100.0,490,3216,0,3706
538,Mahbubnagar,538010,Balanagar,1410004,"M SATYANARAYANA  1-04, SURARAM",6,2024,36,372,0,408,112,1368,0,1480,1260,8208,0,9468,5,420,0,425,1255,7788,0,9043,0,0,0,0,0,100.0,1255,7788,0,9043
538,Mahbubnagar,538010,Balanagar,1410005,"V VARALAXMI  2-11, MOTHIGHANAPUR",6,2024,41,343,0,384,123,1314,0,1437,1435,7884,0,9319,140,414,0,554,1295,7470,0,8765,0,0,0,0,0,100.0,1295,7470,0,8765
538,Mahbubnagar,538010,Balanagar,1410006,"V PRAKURTHAMMA  2-12, MOTHIGHANAPUR",6,2024,45,410,0,455,113,1494,0,1607,1575,8964,0,10539,70,768,0,838,1505,8196,0,9701,0,0,0,0,0,100.0,1505,8196,0,9701
538,Mahbubnagar,538010,Balanagar,1410007,Umesh  1-25  BALANAGAR,6,2024,49,1119,0,1168,140,3812,0,3952,1715,22872,0,24587,256,4476,0,4732,1459,18396,0,19855,0,0,0,0,0,100.0,1459,18396,0,19855
538,Mahbubnagar,538010,Balanagar,1410008,V TULSIYA  1-10 GUNDED,6,2024,42,382,0,424,140,1391,0,1531,1470,8346,0,9816,17,0,0,17,1453,8346,0,9799,0,0,0,0,0,100.0,1453,8346,0,9799
538,Mahbubnagar,538010,Balanagar,1410009,"Ramdas  1-2, NERALLAPALLY",6,2024,54,775,0,829,211,2954,0,3165,1890