{
    "anonymised_output": {
        "Female": {
            "mean of Days To Negative": 17.9945360933,
            "noisy mean of Days To Negative": 18.0
        },
        "Male": {
            "mean of Days To Negative": 17.8644175013,
            "noisy mean of Days To Negative": 17.843
        },
        "Other": {
            "mean of Days To Negative": 18.0104377463,
            "noisy mean of Days To Negative": 18.01
        }
    },
    "epsilon_vs_error": {
        "0.01": 0.5783685124,
        "0.02": 0.2891615464,
        "0.05": 0.1156479384,
        "0.1": 0.0578269606,
        "0.2": 0.0289279392,
        "0.5": 0.0115768053,
        "1.0": 0.0057893189,
        "2.0": 0.0028938817,
        "5.0": 0.0011557826,
        "10.0": 0.0005794217,
        "20.0": 0.0002892986,
        "50.0": 0.0001156378,
        "100.0": 5.78382e-05
    },
    "noise_vector": {
        "0.01": {
            "Female": 17.4676926891,
            "Male": 18.9835114237,
            "Other": 17.4880843558
        },
        "0.02": {
            "Female": 18.1900261125,
            "Male": 17.9883203138,
            "Other": 18.069666203
        },
        "0.05": {
            "Female": 18.1598562389,
            "Male": 17.8258452639,
            "Other": 18.1445968291
        },
        "0.1": {
            "Female": 17.9579741183,
            "Male": 17.814273653,
            "Other": 17.9472898137
        },
        "0.2": {
            "Female": 17.9899202084,
            "Male": 17.8853060661,
            "Other": 18.009998677
        },
        "0.5": {
            "Female": 18.0125637639,
            "Male": 17.8482992858,
            "Other": 18.0419870602
        },
        "1.0": {
            "Female": 17.9899134635,
            "Male": 17.8609195682,
            "Other": 18.0105402607
        },
        "2.0": {
            "Female": 17.9927714201,
            "Male": 17.8631467916,
            "Other": 18.008502776
        },
        "5.0": {
            "Female": 17.9945710372,
            "Male": 17.8658386079,
            "Other": 18.0100731248
        },
        "10.0": {
            "Female": 17.9923088221,
            "Male": 17.8629142783,
            "Other": 18.0102740498
        },
        "20.0": {
            "Female": 17.99463759,
            "Male": 17.864452212,
            "Other": 18.0109586004
        },
        "50.0": {
            "Female": 17.9946497399,
            "Male": 17.8643773464,
            "Other": 18.010474553
        },
        "100.0": {
            "Female": 17.9944595911,
            "Male": 17.864394593,
            "Other": 18.0103565492
        }
    }
}