DISTRICT_CODE,DIVISION_CODE,DIVISION_NAME,Name_District,Mandal_Code,Name_Mandal,Village_Code,Ward,Level1,VName,TRU,No_HH,TOT_P,TOT_M,TOT_F,P_06,M_06,F_06,P_SC,M_SC,F_SC,P_ST,M_ST,F_ST,P_LIT,M_LIT,F_LIT,P_ILL,M_ILL,F_ILL,TOT_WORK_P,TOT_WORK_M,TOT_WORK_F,MAINWORK_P,MAINWORK_M,MAINWORK_F,MAIN_CL_P,MAIN_CL_M,MAIN_CL_F,MAIN_AL_P,MAIN_AL_M,MAIN_AL_F,MAIN_HH_P,MAIN_HH_M,MAIN_HH_F,MAIN_OT_P,MAIN_OT_M,MAIN_OT_F,MARGWORK_P,MARGWORK_M,MARGWORK_F,MARG_CL_P,MARG_CL_M,MARG_CL_F,MARG_AL_P,MARG_AL_M,MARG_AL_F,MARG_HH_P,MARG_HH_M,MARG_HH_F,MARG_OT_P,MARG_OT_M,MARG_OT_F,MARGWORK_3_6_P,MARGWORK_3_6_M,MARGWORK_3_6_F,MARG_CL_3_6_P,MARG_CL_3_6_M,MARG_CL_3_6_F,MARG_AL_3_6_P,MARG_AL_3_6_M,MARG_AL_3_6_F,MARG_HH_3_6_P,MARG_HH_3_6_M,MARG_HH_3_6_F,MARG_OT_3_6_P,MARG_OT_3_6_M,MARG_OT_3_6_F,MARGWORK_0_3_P,MARGWORK_0_3_M,MARGWORK_0_3_F,MARG_CL_0_3_P,MARG_CL_0_3_M,MARG_CL_0_3_F,MARG_AL_0_3_P,MARG_AL_0_3_M,MARG_AL_0_3_F,MARG_HH_0_3_P,MARG_HH_0_3_M,MARG_HH_0_3_F,MARG_OT_0_3_P,MARG_OT_0_3_M,MARG_OT_0_3_F,NON_WORK_P,NON_WORK_M,NON_WORK_F
09,92,Bhadrachalam,Bhadradri Kothagudem,01,Karakagudem,578813,0000,VILLAGE,Anantharam,Rural,389,1513,707,806,139,67,72,271,120,151,685,325,360,774,423,351,739,284,455,822,374,448,675,316,359,219,101,118,430,199,231,3,2,1,23,14,9,147,58,89,8,3,5,135,54,81,1,0,1,3,1,2,147,58,89,8,3,5,135,54,81,1,0,1,3,1,2,0,0,0,0,0,0,0,0,0,0,0,0,0,0,0,691,333,358
09,92,Bhadrachalam,Bhadradri Kothagudem,01,Karakagudem,578814,0000,VILLAGE,Samath Mothe,Rural,1417,5401,2705,2696,524,270,254,1571,789,782,3471,1731,1740,2677,1617,1060,2724,1088,1636,3287,1625,1662,2307,1162,1145,633,463,170,1575,630,945,19,14,5,80,55,25,980,463,517,86,51,35,852,385,467,7,4,3,35,23,12,919,436,483,84,51,33,804,366,438,3,3,0,28,16,12,61,27,34,2,0,2,48,19,29,4,1,3,7,7,0,2114,1080,1034
09,92,Bhadrachalam,Bhadradri Kothagudem,01,Karakagudem,578815,0000,VILLAGE,Mothe,Rural,100,465,234,231,53,26,27,29,15,14,3,0,3,224,132,92,241,102,139,274,135,139,271,133,138,228,111,117,26,12,14,1,0,1,16,10,6,3,2,1,0,0,0,0,0,0,0,0,0,3,2,1,3,2,1,0,0,0,0,0,0,0,0,0,3,2,1,0,0,0,0,0,0,0,0,0,0,0,0,0,0,0,191,99,92
09,92,Bhadrachalam,Bhadradri Kothagudem,01,Karakagudem,578816,0000,VILLAGE,Regalla,Rural,233,1016,529,487,136,74,62,3,1,2,1004,524,480,405,249,156,611,280,331,604,299,305,494,266,228,359,231,128,128,31,97,7,4,3,0,0,0,110,33,77,3,1,2,106,32,74,1,0,1,0,0,0,102,30,72,3,1,2,98,29,69,1,0,1,0,0,0,8,3,5,0,0,0,8,3,5,0,0,0,0,0,0,412,230,182
09,92,Bhadrachalam,Bhadradri Kothagudem,01,Karakagudem,578817,0000,VILLAGE,Samathbhattupalli,Rural,507,1978,1000,978,167,87,80,174,86,88,1618,821,797,1067,628,439,911,372,539,1224,600,624,856,436,420,576,348,228,241,64,177,8,3,5,31,21,10,368,164,204,12,8,4,328,149,179,3,1,2,25,6,19,358,160,198,12,8,4,325,148,177,1,0,1,20,4,16,10,4,6,0,0,0,3,1,2,2,1,1,5,2,3,754,400,354
09,92,Bhadrachalam,Bhadradri Kothagudem,01,Karakagudem,578818,0000,VILLAGE,Bhattupalle,Rural,346,1318,650,668,114,57,57,95,44,51,256,123,133,732,413,319,586,237,349,710,369,341,689,359,330,31,28,3,622,301,321,10,9,1,26,21,5,21,10,11,2,1,1,14,6,8,3,1,2,2,2,0,20,10,10,2,1,1,14,6,8,2,1,1,2,2,0,1,0,1,0,0,0,0,0,0,1,0,1,0,0,0,608,281,327
09,92,Bhadrachalam,Bhadradri Kothagudem,01,Karakagudem,578819,0000,VILLAGE,Karakagudem,Rural,405,1504,779,725,157,95,62,258,127,131,243,118,125,903,520,383,601,259,342,844,416,428,677,393,284,120,98,22,454,220,234,20,15,5,83,60,23,167,23,144,9,4,5,141,15,126,6,1,5,11,3,8,166,22,144,8,3,5,141,15,126,6,1,5,11,3,8,1,1,0,1,1,0,0,0,0,0,0,0,0,0,0,660,363,297
09,92,Bhadrachalam,Bhadradri Kothagudem,01,Karakagudem,578820,0000,VILLAGE,Kalvalanagaram,Rural,84,320,168,152,26,15,11,18,10,8,228,119,109,164,101,63,156,67,89,187,92,95,187,92,95,4,2,2,178,88,90,0,0,0,5,2,3,0,0,0,0,0,0,0,0,0,0,0,0,0,0,0,0,0,0,0,0,0,0,0,0,0,0,0,0,0,0,0,0,0,0,0,0,0,0,0,0,0,0,0,0,0,133,76,57
09,92,Bhadrachalam,Bhadradri Kothagudem,01,Karakagudem,578821,0000,VILLAGE,Chirumalla,Rural,366,1706,1003,703,128,66,62,198,101,97,1375,837,538,1030,724,306,676,279,397,804,401,403,751,379,372,439,242,197,266,102,164,3,0,3,43,35,8,53,22,31,4,1,3,45,19,26,1,1,0,3,1,2,48,20,28,4,1,3,40,17,23,1,1,0,3,1,2,5,2,3,0,0,0,5,2,3,0,0,0,0,0,0,902,602,300
09,92,Bhadrachalam,Bhadradri Kothagudem,02,Pinapaka,578822,0000,VILLAGE,Potlapalli,Rural,478,1837,892,945,153,74,79,115,47,68,1510,747,763,962,560,402,875,332,543,1082,513,569,1072,507,565,489,283,206,559,213,346,3,1,2,21,10,11,10,6,4,0,0,0,6,3,3,1,0,1,3,3,0,9,6,3,0,0,0,6,3,3,0,0,0,3,3,0,1,0,1,0,0,0,0,0,0,1,0,1,0,0,0,755,379,376
09,92,Bhadrachalam,Bhadradri Kothagudem,02,Pinapaka,578823,0000,VILLAGE,Dugineypalli,Rural,548,1994,970,1024,195,105,90,308,159,149,780,379,401,971,526,445,1023,444,579,1234,603,631,1060,529,531,137,74,63,877,426,451,2,2,0,44,27,17,174,74,100,1,1,0,136,55,81,10,6,4,27,12,15,162,66,96,1,1,0,131,52,79,4,2,2,26,11,15,12,8,4,0,0,0,5,3,2,6,4,2,1,1,0,760,367,393
09,92,Bhadrachalam,Bhadradri Kothagudem,02,Pinapaka,578824,0000,VILLAGE,Chegarsala,Rural,194,705,336,369,67,31,36,0,0,0,277,131,146,339,185,154,366,151,215,408,209,199,405,207,198,118,93,25,271,103,168,0,0,0,16,11,5,3,2,1,0,0,0,0,0,0,1,0,1,2,2,0,3,2,1,0,0,0,0,0,0,1,0,1,2,2,0,0,0,0,0,0,0,0,0,0,0,0,0,0,0,0,297,127,170
09,92,Bhadrachalam,Bhadradri Kothagudem,02,Pinapaka,578827,0000,VILLAGE,Bheemavaram,Rural,213,761,380,381,63,36,27,304,151,153,78,35,43,461,244,217,300,136,164,400,228,172,380,222,158,36,30,6,301,169,132,3,2,1,40,21,19,20,6,14,5,2,3,9,3,6,0,0,0,6,1,5,19,6,13,4,2,2,9,3,6,0,0,0,6,1,5,1,0,1,1,0,1,0,0,0,0,0,0,0,0,0,361,152,209
09,92,Bhadrachalam,Bhadradri Kothagudem,02,Pinapaka,578828,0000,VILLAGE,Sarjathpalli,Rural,93,331,169,162,51,27,24,0,0,0,329,168,161,92,55,37,239,114,125,226,116,110,224,115,109,1,1,0,223,114,109,0,0,0,0,0,0,2,1,1,0,0,0,2,1,1,0,0,0,0,0,0,2,1,1,0,0,0,2,1,1,0,0,0,0,0,0,0,0,0,0,0,0,0,0,0,0,0,0,0,0,0,105,53,52
09,92,Bhadrachalam,Bhadradri Kothagudem,02,Pinapaka,578829,0000,VILLAGE,Janampeta,Rural,1547,5739,2828,2911,545,269,276,644,323,321,2454,1214,1240,3083,1730,1353,2656,1098,1558,3179,1691,1488,2541,1449,1092,834,539,295,1452,728,724,73,47,26,182,135,47,638,242,396,29,18,11,569,199,370,12,5,7,28,20,8,581,224,357,27,16,11,521,189,332,11,5,6,22,14,8,57,18,39,2,2,0,48,10,38,1,0,1,6,6,0,2560,1137,1423
09,92,Bhadrachalam,Bhadradri Kothagudem,02,Pinapaka,578830,0000,VILLAGE,Singireddypalli,Rural,1006,3652,1821,1831,404,206,198,640,327,313,1892,952,940,1829,1044,785,1823,777,1046,2044,1079,965,1906,1008,898,398,262,136,1458,713,745,13,11,2,37,22,15,138,71,67,10,7,3,121,61,60,2,2,0,5,1,4,138,71,67,10,7,3,121,61,60,2,2,0,5,1,4,0,0,0,0,0,0,0,0,0,0,0,0,0,0,0,1608,742,866
09,92,Bhadrachalam,Bhadradri Kothagudem,02,Pinapaka,578831,0000,VILLAGE,Venkatraopeta,Rural,218,792,400,392,79,40,39,0,0,0,56,24,32,359,216,143,433,184,249,505,246,259,505,246,259,74,38,36,430,207,223,0,0,0,1,1,0,0,0,0,0,0,0,0,0,0,0,0,0,0,0,0,0,0,0,0,0,0,0,0,0,0,0,0,0,0,0,0,0,0,0,0,0,0,0,0,0,0,0,0,0,0,287,154,133
09,92,Bhadrachalam,Bhadradri Kothagudem,02,Pinapaka,578832,0000,VILLAGE,Elchireddipalli,Rural,460,1755,841,914,224,103,121,805,376,429,355,183,172,814,459,355,941,382,559,1100,534,566,1098,532,566,70,41,29,964,437,527,2,1,1,62,53,9,2,2,0,1,1,0,0,0,0,0,0,0,1,1,0,2,2,0,1,1,0,0,0,0,0,0,0,1,1,0,0,0,0,0,0,0,0,0,0,0,0,0,0,0,0,655,307,348
09,92,Bhadrachalam,Bhadradri Kothagudem,02,Pinapaka,578833,0000,VILLAGE,Allampalli,Rural,52,1059,77,982,37,5,32,0,0,0,969,42,927,961,60,901,98,17,81,83,45,38,83,45,38,17,11,6,52,23,29,0,0,0,14,11,3,0,0,0,0,0,0,0,0,0,0,0,0,0,0,0,0,0,0,0,0,0,0,0,0,0,0,0,0,0,0,0,0,0,0,0,0,0,0,0,0,0,0,0,0,0,976,32,944
09,92,Bhadrachalam,Bhadradri Kothagudem,02,Pinapaka,578834,0000,VILLAGE,Gaddampalli,Rural,181,656,314,342,68,37,31,3,2,1,443,207,236,381,208,173,275,106,169,373,177,196,365,171,194,61,41,20,266,112,154,2,0,2,36,18,18,8,6,2,1,0,1,6,5,1,0,0,0,1,1,0,8,6,2,1,0,1,6,5,1,0,0,0,1,1,0,0,0,0,0,0,0,0,0,0,0,0,0,0,0,0,283,137,146
09,92,Bhadrachalam,Bhadradri Kothagudem,02,Pinapaka,578835,0000,VILLAGE,Pinapaka,Rural,742,2817,1417,1400,263,129,134,591,313,278,525,249,276,1676,968,708,1141,449,692,1439,729,710,1077,556,521,160,109,51,809,388,421,19,12,7,89,47,42,362,173,189,1,1,0,346,158,188,3,2,1,12,12,0,360,171,189,1,1,0,345,157,188,3,2,1,11,11,0,2,2,0,0,0,0,1,1,0,0,0,0,1,1,0,1378,688,690
09,92,Bhadrachalam,Bhadradri Kothagudem,02,Pinapaka,578836,0000,VILLAGE,Uppaka,Rural,1077,3909,1911,1998,384,212,172,538,260,278,1338,647,691,2039,1127,912,1870,784,1086,2340,1162,1178,1817,914,903,272,170,102,1492,707,785,8,4,4,45,33,12,523,248,275,5,3,2,504,235,269,3,1,2,11,9,2,519,245,274,5,3,2,503,235,268,3,1,2,8,6,2,4,3,1,0,0,0,1,0,1,0,0,0,3,3,0,1569,749,820
09,92,Bhadrachalam,Bhadradri Kothagudem,02,Pinapaka,578837,0000,VILLAGE,E_Bayyaram,Rural,1842,6747,3374,3373,675,345,330,794,397,397,852,418,434,3780,2160,1620,2967,1214,1753,3867,2065,1802,3508,1938,1570,988,614,374,2134,1026,1108,42,32,10,344,266,78,359,127,232,32,13,19,241,44,197,45,39,6,41,31,10,317,94,223,30,11,19,238,44,194,17,15,2,32,24,8,42,33,9,2,2,0,3,0,3,28,24,4,9,7,2,2880,1309,1571
09,92,Bhadrachalam,Bhadradri Kothagudem,02,Pinapaka,578838,0000,VILLAGE,Seetharampuram,Rural,54,215,113,102,11,9,2,42,24,18,161,81,80,101,58,43,114,55,59,144,78,66,140,78,62,18,18,0,112,53,59,0,0,0,10,7,3,4,0,4,0,0,0,4,0,4,0,0,0,0,0,0,4,0,4,0,0,0,4,0,4,0,0,0,0,0,0,0,0,0,0,0,0,0,0,0,0,0,0,0,0,0,71,35,36
09,92,Bhadrachalam,Bhadradri Kothagudem,02,Pinapaka,578839,0000,VILLAGE,Bommarajupalli,Rural,52,186,90,96,14,6,8,0,0,0,184,89,95,83,45,38,103,45,58,115,63,52,115,63,52,18,15,3,94,46,48,0,0,0,3,2,1,0,0,0,0,0,0,0,0,0,0,0,0,0,0,0,0,0,0,0,0,0,0,0,0,0,0,0,0,0,0,0,0,0,0,0,0,0,0,0,0,0,0,0,0,0,71,27,44
09,92,Bhadrachalam,Bhadradri Kothagudem,03,Cherla,578841,0000,VILLAGE,Subbampeta (G),Rural,87,326,157,169,27,9,18,7,3,4,290,140,150,170,90,80,156,67,89,187,94,93,93,73,20,66,60,6,9,0,9,0,0,0,18,13,5,94,21,73,12,3,9,79,15,64,0,0,0,3,3,0,91,20,71,12,3,9,76,14,62,0,0,0,3,3,0,3,1,2,0,0,0,3,1,2,0,0,0,0,0,0,139,63,76
09,92,Bhadrachalam,Bhadradri Kothagudem,03,Cherla,578842,0000,VILLAGE,Subbampeta (Z),Rural,71,298,138,160,31,19,12,1,0,1,286,132,154,134,69,65,164,69,95,157,73,84,79,67,12,71,61,10,3,1,2,1,1,0,4,4,0,78,6,72,3,1,2,74,4,70,0,0,0,1,1,0,78,6,72,3,1,2,74,4,70,0,0,0,1,1,0,0,0,0,0,0,0,0,0,0,0,0,0,0,0,0,141,65,76
09,92,Bhadrachalam,Bhadradri Kothagudem,03,Cherla,578843,0000,VILLAGE,Ramanujapuram,Rural,90,330,164,166,38,17,21,0,0,0,327,162,165,140,81,59,190,83,107,223,115,108,223,115,108,2,1,1,214,111,103,1,1,0,6,2,4,0,0,0,0,0,0,0,0,0,0,0,0,0,0,0,0,0,0,0,0,0,0,0,0,0,0,0,0,0,0,0,0,0,0,0,0,0,0,0,0,0,0,0,0,0,107,49,58
09,92,Bhadrachalam,Bhadradri Kothagudem,03,Cherla,578844,0000,VILLAGE,C_Kathigudem,Rural,180,632,305,327,69,32,37,0,0,0,336,161,175,340,180,160,292,125,167,398,198,200,392,197,195,4,4,0,385,192,193,0,0,0,3,1,2,6,1,5,0,0,0,5,1,4,0,0,0,1,0,1,6,1,5,0,0,0,5,1,4,0,0,0,1,0,1,0,0,0,0,0,0,0,0,0,0,0,0,0,0,0,234,107,127
09,92,Bhadrachalam,Bhadradri Kothagudem,03,Cherla,578845,0000,VILLAGE,Gommupulli Boinapalle,Rural,111,419,211,208,52,23,29,190,94,96,78,41,37,208,116,92,211,95,116,264,131,133,264,131,133,19,11,8,245,120,125,0,0,0,0,0,0,0,0,0,0,0,0,0,0,0,0,0,0,0,0,0,0,0,0,0,0,0,0,0,0,0,0,0,0,0,0,0,0,0,0,0,0,0,0,0,0,0,0,0,0,0,155,80,75
09,92,Bhadrachalam,Bhadradri Kothagudem,03,Cherla,578846,0000,VILLAGE,Chimalapadu,Rural,149,535,265,270,48,24,24,5,1,4,506,251,255,239,135,104,296,130,166,328,157,171,325,156,169,6,2,4,317,152,165,0,0,0,2,2,0,3,1,2,0,0,0,3,1,2,0,0,0,0,0,0,2,1,1,0,0,0,2,1,1,0,0,0,0,0,0,1,0,1,0,0,0,1,0,1,0,0,0,0,0,0,207,108,99
09,92,Bhadrachalam,Bhadradri Kothagudem,03,Cherla,578847,0000,VILLAGE,Koyyuru  (Z),Rural,175,662,347,315,65,38,27,7,5,2,601,313,288,331,204,127,331,143,188,407,214,193,405,214,191,5,4,1,378,191,187,4,3,1,18,16,2,2,0,2,0,0,0,1,0,1,1,0,1,0,0,0,2,0,2,0,0,0,1,0,1,1,0,1,0,0,0,0,0,0,0,0,0,0,0,0,0,0,0,0,0,0,255,133,122
09,92,Bhadrachalam,Bhadradri Kothagudem,03,Cherla,578848,0000,VILLAGE,Regunta(G),Rural,84,305,142,163,18,14,4,1,0,1,294,138,156,174,96,78,131,46,85,184,85,99,182,83,99,15,13,2,159,68,91,0,0,0,8,2,6,2,2,0,0,0,0,2,2,0,0,0,0,0,0,0,1,1,0,0,0,0,1,1,0,0,0,0,0,0,0,1,1,0,0,0,0,1,1,0,0,0,0,0,0,0,121,57,64
09,92,Bhadrachalam,Bhadradri Kothagudem,03,Cherla,578849,0000,VILLAGE,Regunta  (Z),Rural,53,208,106,102,20,12,8,0,0,0,206,105,101,105,64,41,103,42,61,127,60,67,127,60,67,30,28,2,94,29,65,1,1,0,2,2,0,0,0,0,0,0,0,0,0,0,0,0,0,0,0,0,0,0,0,0,0,0,0,0,0,0,0,0,0,0,0,0,0,0,0,0,0,0,0,0,0,0,0,0,0,0,81,46,35
09,92,Bhadrachalam,Bhadradri Kothagudem,03,Cherla,578850,0000,VILLAGE,Singasamudram (G),Rural,199,782,383,399,68,37,31,0,0,0,770,376,394,426,253,173,356,130,226,429,207,222,418,204,214,84,71,13,314,121,193,1,1,0,19,11,8,11,3,8,1,0,1,5,2,3,0,0,0,5,1,4,9,3,6,0,0,0,5,2,3,0,0,0,4,1,3,2,0,2,1,0,1,0,0,0,0,0,0,1,0,1,353,176,177
09,92,Bhadrachalam,Bhadradri Kothagudem,03,Cherla,578851,0000,VILLAGE,Upperagudem (G),Rural,103,388,173,215,27,13,14,0,0,0,387,172,215,275,134,141,113,39,74,238,116,122,237,115,122,5,2,3,222,106,116,3,2,1,7,5,2,1,1,0,0,0,0,0,0,0,0,0,0,1,1,0,1,1,0,0,0,0,0,0,0,0,0,0,1,1,0,0,0,0,0,0,0,0,0,0,0,0,0,0,0,0,150,57,93
09,92,Bhadrachalam,Bhadradri Kothagudem,03,Cherla,578852,0000,VILLAGE,Gannavaram (Z),Rural,55,248,131,117,20,17,3,13,7,6,235,124,111,166,89,77,82,42,40,111,51,60,111,51,60,3,2,1,105,49,56,1,0,1,2,0,2,0,0,0,0,0,0,0,0,0,0,0,0,0,0,0,0,0,0,0,0,0,0,0,0,0,0,0,0,0,0,0,0,0,0,0,0,0,0,0,0,0,0,0,0,0,137,80,57
09,92,Bhadrachalam,Bhadradri Kothagudem,03,Cherla,578853,0000,VILLAGE,Kothuru,Rural,41,159,82,77,6,3,3,0,0,0,157,81,76,118,68,50,41,14,27,105,54,51,105,54,51,0,0,0,104,54,50,0,0,0,1,0,1,0,0,0,0,0,0,0,0,0,0,0,0,0,0,0,0,0,0,0,0,0,0,0,0,0,0,0,0,0,0,0,0,0,0,0,0,0,0,0,0,0,0,0,0,0,54,28,26
09,92,Bhadrachalam,Bhadradri Kothagudem,03,Cherla,578854,0000,VILLAGE,Chintakunta Z,Rural,127,459,243,216,47,27,20,0,0,0,0,0,0,247,127,120,212,116,96,138,137,1,137,136,1,96,95,1,38,38,0,3,3,0,0,0,0,1,1,0,0,0,0,1,1,0,0,0,0,0,0,0,1,1,0,0,0,0,1,1,0,0,0,0,0,0,0,0,0,0,0,0,0,0,0,0,0,0,0,0,0,0,321,106,215
09,92,Bhadrachalam,Bhadradri Kothagudem,03,Cherla,578855,0000,VILLAGE,Puliboinapally,Rural,10,39,19,20,5,4,1,0,0,0,8,5,3,17,7,10,22,12,10,14,10,4,13,10,3,1,1,0,11,8,3,0,0,0,1,1,0,1,0,1,0,0,0,0,0,0,0,0,0,1,0,1,1,0,1,0,0,0,0,0,0,0,0,0,1,0,1,0,0,0,0,0,0,0,0,0,0,0,0,0,0,0,25,9,16
09,92,Bhadrachalam,Bhadradri Kothagudem,03,Cherla,578856,0000,VILLAGE,Gompalle(Z),Rural,272,956,486,470,94,52,42,276,134,142,86,43,43,602,332,270,354,154,200,593,305,288,554,283,271,132,80,52,401,188,213,3,1,2,18,14,4,39,22,17,3,2,1,17,7,10,4,3,1,15,10,5,32,18,14,3,2,1,17,7,10,4,3,1,8,6,2,7,4,3,0,0,0,0,0,0,0,0,0,7,4,3,363,181,182
09,92,Bhadrachalam,Bhadradri Kothagudem,03,Cherla,578857,0000,VILLAGE,Cherla (G),Rural,1457,5788,3058,2730,525,270,255,1089,616,473,1680,882,798,3843,2239,1604,1945,819,1126,2534,1530,1004,1980,1383,597,103,96,7,1104,659,445,41,31,10,732,597,135,554,147,407,15,5,10,461,106,355,15,6,9,63,30,33,270,96,174,8,3,5,208,66,142,12,6,6,42,21,21,284,51,233,7,2,5,253,40,213,3,0,3,21,9,12,3254,1528,1726
09,92,Bhadrachalam,Bhadradri Kothagudem,03,Cherla,578858,0000,VILLAGE,Mogullapalli,Rural,243,857,417,440,96,49,47,73,35,38,244,113,131,445,240,205,412,177,235,457,246,211,251,159,92,55,52,3,185,101,84,4,3,1,7,3,4,206,87,119,0,0,0,199,83,116,1,0,1,6,4,2,200,84,116,0,0,0,193,80,113,1,0,1,6,4,2,6,3,3,0,0,0,6,3,3,0,0,0,0,0,0,400,171,229
09,92,Bhadrachalam,Bhadradri Kothagudem,03,Cherla,578859,0000,VILLAGE,Lingapuram(Z),Rural,380,1471,720,751,139,76,63,501,260,241,308,144,164,865,482,383,606,238,368,772,439,333,765,438,327,115,104,11,522,242,280,2,2,0,126,90,36,7,1,6,1,0,1,4,1,3,0,0,0,2,0,2,6,1,5,1,0,1,3,1,2,0,0,0,2,0,2,1,0,1,0,0,0,1,0,1,0,0,0,0,0,0,699,281,418
09,92,Bhadrachalam,Bhadradri Kothagudem,03,Cherla,578860,0000,VILLAGE,Kothapally (Z),Rural,248,968,493,475,98,45,53,134,70,64,2,2,0,551,330,221,417,163,254,573,310,263,566,309,257,83,60,23,445,217,228,4,2,2,34,30,4,7,1,6,1,0,1,6,1,5,0,0,0,0,0,0,6,1,5,1,0,1,5,1,4,0,0,0,0,0,0,1,0,1,0,0,0,1,0,1,0,0,0,0,0,0,395,183,212
09,92,Bhadrachalam,Bhadradri Kothagudem,03,Cherla,578863,0000,VILLAGE,Dandupeta(Z),Rural,32,115,63,52,21,16,5,0,0,0,5,3,2,41,21,20,74,42,32,67,38,29,63,35,28,2,1,1,57,31,26,0,0,0,4,3,1,4,3,1,0,0,0,0,0,0,0,0,0,4,3,1,4,3,1,0,0,0,0,0,0,0,0,0,4,3,1,0,0,0,0,0,0,0,0,0,0,0,0,0,0,0,48,25,23
09,92,Bhadrachalam,Bhadradri Kothagudem,03,Cherla,578864,0000,VILLAGE,Kesavapuram,Rural,169,617,315,302,65,41,24,0,0,0,325,160,165,265,145,120,352,170,182,290,171,119,79,67,12,66,61,5,0,0,0,1,1,0,12,5,7,211,104,107,3,1,2,208,103,105,0,0,0,0,0,0,209,103,106,3,1,2,206,102,104,0,0,0,0,0,0,2,1,1,0,0,0,2,1,1,0,0,0,0,0,0,327,144,183
09,92,Bhadrachalam,Bhadradri Kothagudem,03,Cherla,578865,0000,VILLAGE,Ricepeta,Rural,454,1664,850,814,174,85,89,34,16,18,739,354,385,1111,624,487,553,226,327,740,457,283,513,360,153,98,91,7,218,108,110,1,1,0,196,160,36,227,97,130,1,0,1,215,88,127,2,2,0,9,7,2,226,96,130,1,0,1,215,88,127,2,2,0,8,6,2,1,1,0,0,0,0,0,0,0,0,0,0,1,1,0,924,393,531
09,92,Bhadrachalam,Bhadradri Kothagudem,03,Cherla,578866,0000,VILLAGE,Bhumullanka,Rural,12,44,23,21,4,2,2,0,0,0,40,21,19,19,12,7,25,11,14,25,13,12,8,8,0,8,8,0,0,0,0,0,0,0,0,0,0,17,5,12,0,0,0,17,5,12,0,0,0,0,0,0,17,5,12,0,0,0,17,5,12,0,0,0,0,0,0,0,0,0,0,0,0,0,0,0,0,0,0,0,0,0,19,10,9
09,92,Bhadrachalam,Bhadradri Kothagudem,03,Cherla,578867,0000,VILLAGE,Cherla (Z),Rural,611,2476,1100,1376,205,118,87,461,225,236,857,317,540,1612,741,871,864,359,505,1091,639,452,1014,620,394,83,79,4,613,285,328,5,4,1,313,252,61,77,19,58,0,0,0,67,15,52,1,0,1,9,4,5,64,17,47,0,0,0,57,14,43,1,0,1,6,3,3,13,2,11,0,0,0,10,1,9,0,0,0,3,1,2,1385,461,924
09,92,Bhadrachalam,Bhadradri Kothagudem,03,Cherla,578868,0000,VILLAGE,Dosillapally,Rural,139,491,242,249,48,29,19,0,0,0,481,235,246,267,155,112,224,87,137,274,128,146,272,128,144,39,35,4,229,90,139,0,0,0,4,3,1,2,0,2,0,0,0,2,0,2,0,0,0,0,0,0,2,0,2,0,0,0,2,0,2,0,0,0,0,0,0,0,0,0,0,0,0,0,0,0,0,0,0,0,0,0,217,114,103
09,92,Bhadrachalam,Bhadradri Kothagudem,03,Cherla,578869,0000,VILLAGE,Unjupally,Rural,84,360,181,179,52,29,23,4,1,3,331,168,163,122,74,48,238,107,131,211,108,103,181,93,88,52,44,8,115,43,72,6,2,4,8,4,4,30,15,15,0,0,0,25,12,13,1,1,0,4,2,2,26,15,11,0,0,0,21,12,9,1,1,0,4,2,2,4,0,4,0,0,0,4,0,4,0,0,0,0,0,0,149,73,76
09,92,Bhadrachalam,Bhadradri Kothagudem,03,Cherla,578870,0000,VILLAGE,Vaddipeta,Rural,41,188,93,95,19,13,6,0,0,0,188,93,95,66,31,35,122,62,60,106,53,53,103,52,51,7,5,2,93,46,47,0,0,0,3,1,2,3,1,2,0,0,0,1,1,0,0,0,0,2,0,2,3,1,2,0,0,0,1,1,0,0,0,0,2,0,2,0,0,0,0,0,0,0,0,0,0,0,0,0,0,0,82,40,42
09,92,Bhadrachalam,Bhadradri Kothagudem,03,Cherla,578871,0000,VILLAGE,Pusuguppa (G),Rural,43,202,93,109,26,10,16,0,0,0,197,89,108,62,34,28,140,59,81,109,55,54,108,55,53,7,5,2,101,50,51,0,0,0,0,0,0,1,0,1,0,0,0,1,0,1,0,0,0,0,0,0,1,0,1,0,0,0,1,0,1,0,0,0,0,0,0,0,0,0,0,0,0,0,0,0,0,0,0,0,0,0,93,38,55
09,92,Bhadrachalam,Bhadradri Kothagudem,03,Cherla,578872,0000,VILLAGE,Pusuguppa (Patch_II),Rural,59,254,112,142,33,14,19,0,0,0,253,112,141,82,38,44,172,74,98,149,70,79,148,69,79,47,25,22,100,43,57,0,0,0,1,1,0,1,1,0,0,0,0,1,1,0,0,0,0,0,0,0,1,1,0,0,0,0,1,1,0,0,0,0,0,0,0,0,0,0,0,0,0,0,0,0,0,0,0,0,0,0,105,42,63
09,92,Bhadrachalam,Bhadradri Kothagudem,03,Cherla,578873,0000,VILLAGE,Pusuguppa(Patch_I),Rural,28,125,68,57,11,6,5,0,0,0,123,67,56,55,38,17,70,30,40,83,45,38,83,45,38,10,5,5,72,39,33,0,0,0,1,1,0,0,0,0,0,0,0,0,0,0,0,0,0,0,0,0,0,0,0,0,0,0,0,0,0,0,0,0,0,0,0,0,0,0,0,0,0,0,0,0,0,0,0,0,0,0,42,23,19
09,92,Bhadrachalam,Bhadradri Kothagudem,03,Cherla,578875,0000,VILLAGE,Uyyalamadugu (G),Rural,35,151,76,75,17,6,11,0,0,0,148,75,73,54,34,20,97,42,55,78,40,38,45,33,12,0,0,0,44,32,12,0,0,0,1,1,0,33,7,26,0,0,0,33,7,26,0,0,0,0,0,0,33,7,26,0,0,0,33,7,26,0,0,0,0,0,0,0,0,0,0,0,0,0,0,0,0,0,0,0,0,0,73,36,37
09,92,Bhadrachalam,Bhadradri Kothagudem,03,Cherla,578877,0000,VILLAGE,Tippapuram,Rural,235,1110,541,569,129,64,65,0,0,0,1107,539,568,328,192,136,782,349,433,681,338,343,516,291,225,4,3,1,511,287,224,0,0,0,1,1,0,165,47,118,0,0,0,165,47,118,0,0,0,0,0,0,164,46,118,0,0,0,164,46,118,0,0,0,0,0,0,1,1,0,0,0,0,1,1,0,0,0,0,0,0,0,429,203,226
09,92,Bhadrachalam,Bhadradri Kothagudem,03,Cherla,578878,0000,VILLAGE,Chelamala,Rural,63,273,147,126,35,20,15,0,0,0,270,146,124,69,53,16,204,94,110,181,85,96,180,84,96,0,0,0,179,84,95,0,0,0,1,0,1,1,1,0,0,0,0,1,1,0,0,0,0,0,0,0,1,1,0,0,0,0,1,1,0,0,0,0,0,0,0,0,0,0,0,0,0,0,0,0,0,0,0,0,0,0,92,62,30
09,92,Bhadrachalam,Bhadradri Kothagudem,03,Cherla,578879,0000,VILLAGE,Bathinapalli,Rural,169,770,386,384,83,45,38,0,0,0,755,379,376,162,97,65,608,289,319,568,282,286,567,281,286,5,3,2,555,276,279,0,0,0,7,2,5,1,1,0,0,0,0,1,1,0,0,0,0,0,0,0,1,1,0,0,0,0,1,1,0,0,0,0,0,0,0,0,0,0,0,0,0,0,0,0,0,0,0,0,0,0,202,104,98
09,92,Bhadrachalam,Bhadradri Kothagudem,03,Cherla,578880,0000,VILLAGE,Pedamidisileru (Z),Rural,116,444,215,229,38,15,23,30,14,16,378,182,196,256,141,115,188,74,114,232,126,106,94,89,5,75,74,1,3,2,1,0,0,0,16,13,3,138,37,101,3,2,1,134,34,100,1,1,0,0,0,0,133,36,97,3,2,1,129,33,96,1,1,0,0,0,0,5,1,4,0,0,0,5,1,4,0,0,0,0,0,0,212,89,123
09,92,Bhadrachalam,Bhadradri Kothagudem,03,Cherla,578881,0000,VILLAGE,Peddamidisileru(Chalk-III),Rural,162,586,286,300,65,32,33,0,0,0,171,83,88,300,165,135,286,121,165,425,203,222,410,198,212,14,10,4,392,185,207,2,2,0,2,1,1,15,5,10,0,0,0,13,4,9,0,0,0,2,1,1,15,5,10,0,0,0,13,4,9,0,0,0,2,1,1,0,0,0,0,0,0,0,0,0,0,0,0,0,0,0,161,83,78
09,92,Bhadrachalam,Bhadradri Kothagudem,03,Cherla,578883,0000,VILLAGE,Peddamidisileru(Chalk-I),Rural,132,675,241,434,48,21,27,2,1,1,515,158,357,404,115,289,271,126,145,293,151,142,292,151,141,0,0,0,285,147,138,1,0,1,6,4,2,1,0,1,0,0,0,0,0,0,0,0,0,1,0,1,1,0,1,0,0,0,0,0,0,0,0,0,1,0,1,0,0,0,0,0,0,0,0,0,0,0,0,0,0,0,382,90,292
09,92,Bhadrachalam,Bhadradri Kothagudem,03,Cherla,578884,0000,VILLAGE,Kurnapalli,Rural,259,1172,571,601,141,63,78,0,0,0,1167,568,599,386,231,155,786,340,446,615,315,300,454,281,173,103,97,6,338,176,162,3,3,0,10,5,5,161,34,127,0,0,0,160,33,127,0,0,0,1,1,0,161,34,127,0,0,0,160,33,127,0,0,0,1,1,0,0,0,0,0,0,0,0,0,0,0,0,0,0,0,0,557,256,301
09,92,Bhadrachalam,Bhadradri Kothagudem,03,Cherla,578885,0000,VILLAGE,Chinamidisileru (G),Rural,278,1200,593,607,143,69,74,2,2,0,1178,580,598,454,257,197,746,336,410,545,310,235,265,196,69,143,132,11,107,56,51,1,0,1,14,8,6,280,114,166,1,1,0,267,105,162,0,0,0,12,8,4,116,54,62,1,1,0,111,51,60,0,0,0,4,2,2,164,60,104,0,0,0,156,54,102,0,0,0,8,6,2,655,283,372
09,92,Bhadrachalam,Bhadradri Kothagudem,03,Cherla,578887,0000,VILLAGE,Jangalapalli,Rural,153,555,271,284,75,32,43,1,1,0,241,120,121,192,100,92,363,171,192,345,169,176,340,165,175,10,4,6,328,160,168,0,0,0,2,1,1,5,4,1,0,0,0,3,2,1,0,0,0,2,2,0,3,3,0,0,0,0,1,1,0,0,0,0,2,2,0,2,1,1,0,0,0,2,1,1,0,0,0,0,0,0,210,102,108
09,92,Bhadrachalam,Bhadradri Kothagudem,03,Cherla,578888,0000,VILLAGE,Bodanalli (G),Rural,37,157,73,84,20,10,10,0,0,0,157,73,84,30,16,14,127,57,70,95,42,53,95,42,53,0,0,0,95,42,53,0,0,0,0,0,0,0,0,0,0,0,0,0,0,0,0,0,0,0,0,0,0,0,0,0,0,0,0,0,0,0,0,0,0,0,0,0,0,0,0,0,0,0,0,0,0,0,0,0,0,0,62,31,31
09,92,Bhadrachalam,Bhadradri Kothagudem,03,Cherla,578889,0000,VILLAGE,Bodanalli (Z),Rural,91,396,201,195,70,40,30,0,0,0,396,201,195,47,34,13,349,167,182,254,122,132,253,122,131,0,0,0,253,122,131,0,0,0,0,0,0,1,0,1,0,0,0,1,0,1,0,0,0,0,0,0,1,0,1,0,0,0,1,0,1,0,0,0,0,0,0,0,0,0,0,0,0,0,0,0,0,0,0,0,0,0,142,79,63
09,92,Bhadrachalam,Bhadradri Kothagudem,03,Cherla,578890,0000,VILLAGE,Chintaguppa,Rural,98,414,206,208,59,24,35,0,0,0,414,206,208,120,79,41,294,127,167,251,129,122,251,129,122,0,0,0,250,129,121,0,0,0,1,0,1,0,0,0,0,0,0,0,0,0,0,0,0,0,0,0,0,0,0,0,0,0,0,0,0,0,0,0,0,0,0,0,0,0,0,0,0,0,0,0,0,0,0,0,0,0,163,77,86
09,92,Bhadrachalam,Bhadradri Kothagudem,03,Cherla,578892,0000,VILLAGE,Kaliveru(Z),Rural,387,1513,702,811,168,71,97,17,8,9,1178,535,643,602,317,285,911,385,526,924,457,467,911,452,459,15,7,8,851,417,434,2,1,1,43,27,16,13,5,8,3,0,3,8,3,5,0,0,0,2,2,0,11,4,7,3,0,3,6,2,4,0,0,0,2,2,0,2,1,1,0,0,0,2,1,1,0,0,0,0,0,0,589,245,344
09,92,Bhadrachalam,Bhadradri Kothagudem,03,Cherla,578893,0000,VILLAGE,Tegada (Z),Rural,413,1393,667,726,126,56,70,817,402,415,238,104,134,743,393,350,650,274,376,823,443,380,743,400,343,17,15,2,458,227,231,4,3,1,264,155,109,80,43,37,1,0,1,29,14,15,0,0,0,50,29,21,64,33,31,1,0,1,20,8,12,0,0,0,43,25,18,16,10,6,0,0,0,9,6,3,0,0,0,7,4,3,570,224,346
09,92,Bhadrachalam,Bhadradri Kothagudem,03,Cherla,578894,0000,VILLAGE,Tegada(G),Rural,149,517,255,262,51,23,28,14,7,7,134,66,68,355,184,171,162,71,91,225,157,68,219,155,64,58,56,2,100,49,51,5,5,0,56,45,11,6,2,4,1,0,1,3,0,3,0,0,0,2,2,0,6,2,4,1,0,1,3,0,3,0,0,0,2,2,0,0,0,0,0,0,0,0,0,0,0,0,0,0,0,0,292,98,194
09,92,Bhadrachalam,Bhadradri Kothagudem,03,Cherla,578895,0000,VILLAGE,Gommugudem (Z),Rural,300,927,452,475,64,29,35,121,58,63,343,163,180,550,306,244,377,146,231,546,275,271,545,274,271,34,33,1,498,232,266,0,0,0,13,9,4,1,1,0,1,1,0,0,0,0,0,0,0,0,0,0,1,1,0,1,1,0,0,0,0,0,0,0,0,0,0,0,0,0,0,0,0,0,0,0,0,0,0,0,0,0,381,177,204
09,92,Bhadrachalam,Bhadradri Kothagudem,03,Cherla,578896,0000,VILLAGE,Lingala (Z),Rural,34,104,56,48,9,6,3,0,0,0,17,9,8,50,28,22,54,28,26,66,39,27,66,39,27,5,5,0,61,34,27,0,0,0,0,0,0,0,0,0,0,0,0,0,0,0,0,0,0,0,0,0,0,0,0,0,0,0,0,0,0,0,0,0,0,0,0,0,0,0,0,0,0,0,0,0,0,0,0,0,0,0,38,17,21
09,92,Bhadrachalam,Bhadradri Kothagudem,03,Cherla,578898,0000,VILLAGE,Peddipalli,Rural,29,123,63,60,6,3,3,0,0,0,123,63,60,52,35,17,71,28,43,61,28,33,54,25,29,53,24,29,0,0,0,0,0,0,1,1,0,7,3,4,0,0,0,7,3,4,0,0,0,0,0,0,6,3,3,0,0,0,6,3,3,0,0,0,0,0,0,1,0,1,0,0,0,1,0,1,0,0,0,0,0,0,62,35,27
09,92,Bhadrachalam,Bhadradri Kothagudem,03,Cherla,578899,0000,VILLAGE,Mummidaram (Z),Rural,4,11,5,6,0,0,0,0,0,0,0,0,0,10,4,6,1,1,0,10,5,5,10,5,5,8,5,3,0,0,0,2,0,2,0,0,0,0,0,0,0,0,0,0,0,0,0,0,0,0,0,0,0,0,0,0,0,0,0,0,0,0,0,0,0,0,0,0,0,0,0,0,0,0,0,0,0,0,0,0,0,0,1,0,1
09,92,Bhadrachalam,Bhadradri Kothagudem,03,Cherla,578900,0000,VILLAGE,Jettigudem (Z),Rural,20,73,37,36,8,6,2,0,0,0,73,37,36,23,10,13,50,27,23,45,22,23,42,20,22,42,20,22,0,0,0,0,0,0,0,0,0,3,2,1,0,0,0,3,2,1,0,0,0,0,0,0,3,2,1,0,0,0,3,2,1,0,0,0,0,0,0,0,0,0,0,0,0,0,0,0,0,0,0,0,0,0,28,15,13
09,92,Bhadrachalam,Bhadradri Kothagudem,03,Cherla,578902,0000,VILLAGE,R_Kothagudem,Rural,1075,3882,1889,1993,353,183,170,414,202,212,2026,979,1047,2146,1115,1031,1736,774,962,2027,1136,891,1665,937,728,310,262,48,1157,532,625,12,7,5,186,136,50,362,199,163,9,6,3,298,147,151,7,5,2,48,41,7,279,157,122,7,5,2,234,118,116,6,5,1,32,29,3,83,42,41,2,1,1,64,29,35,1,0,1,16,12,4,1855,753,1102
09,92,Bhadrachalam,Bhadradri Kothagudem,03,Cherla,578906,0000,VILLAGE,Kudunuru (Z),Rural,156,537,264,273,47,18,29,125,62,63,217,102,115,315,185,130,222,79,143,282,158,124,113,97,16,72,67,5,34,27,7,0,0,0,7,3,4,169,61,108,3,1,2,161,57,104,0,0,0,5,3,2,169,61,108,3,1,2,161,57,104,0,0,0,5,3,2,0,0,0,0,0,0,0,0,0,0,0,0,0,0,0,255,106,149
09,92,Bhadrachalam,Bhadradri Kothagudem,03,Cherla,578907,0000,VILLAGE,Kudunuru(G),Rural,278,1016,509,507,111,54,57,676,326,350,246,127,119,492,270,222,524,239,285,616,329,287,612,327,285,5,3,2,572,298,274,4,2,2,31,24,7,4,2,2,0,0,0,2,2,0,0,0,0,2,0,2,4,2,2,0,0,0,2,2,0,0,0,0,2,0,2,0,0,0,0,0,0,0,0,0,0,0,0,0,0,0,400,180,220
09,92,Bhadrachalam,Bhadradri Kothagudem,03,Cherla,578908,0000,VILLAGE,Devarapalli (Z),Rural,227,1017,505,512,132,61,71,2,1,1,928,460,468,406,234,172,611,271,340,575,300,275,566,295,271,105,89,16,416,173,243,0,0,0,45,33,12,9,5,4,0,0,0,3,0,3,0,0,0,6,5,1,9,5,4,0,0,0,3,0,3,0,0,0,6,5,1,0,0,0,0,0,0,0,0,0,0,0,0,0,0,0,442,205,237
09,92,Bhadrachalam,Bhadradri Kothagudem,03,Cherla,578909,0000,VILLAGE,Mamidigudem (Z),Rural,94,373,179,194,30,18,12,0,0,0,357,171,186,170,100,70,203,79,124,238,108,130,237,108,129,5,3,2,219,100,119,0,0,0,13,5,8,1,0,1,0,0,0,1,0,1,0,0,0,0,0,0,0,0,0,0,0,0,0,0,0,0,0,0,0,0,0,1,0,1,0,0,0,1,0,1,0,0,0,0,0,0,135,71,64
09,92,Bhadrachalam,Bhadradri Kothagudem,03,Cherla,578910,0000,VILLAGE,Gogubaka (Z),Rural,29,107,57,50,8,3,5,0,0,0,26,13,13,76,43,33,31,14,17,47,39,8,47,39,8,24,24,0,15,8,7,2,2,0,6,5,1,0,0,0,0,0,0,0,0,0,0,0,0,0,0,0,0,0,0,0,0,0,0,0,0,0,0,0,0,0,0,0,0,0,0,0,0,0,0,0,0,0,0,0,0,0,60,18,42
09,92,Bhadrachalam,Bhadradri Kothagudem,03,Cherla,578911,0000,VILLAGE,Rallagudem (G),Rural,102,368,182,186,41,21,20,208,103,105,90,44,46,226,117,109,142,65,77,177,97,80,74,53,21,10,9,1,43,27,16,12,10,2,9,7,2,103,44,59,2,1,1,88,37,51,10,5,5,3,1,2,99,42,57,2,1,1,87,36,51,7,4,3,3,1,2,4,2,2,0,0,0,1,1,0,3,1,2,0,0,0,191,85,106
09,92,Bhadrachalam,Bhadradri Kothagudem,03,Cherla,578912,0000,VILLAGE,Mamidigudem  Chalk,Rural,56,228,102,126,17,7,10,22,11,11,166,74,92,119,62,57,109,40,69,104,60,44,67,48,19,23,21,2,30,17,13,8,7,1,6,3,3,37,12,25,0,0,0,32,11,21,5,1,4,0,0,0,28,8,20,0,0,0,25,8,17,3,0,3,0,0,0,9,4,5,0,0,0,7,3,4,2,1,1,0,0,0,124,42,82
09,92,Bhadrachalam,Bhadradri Kothagudem,03,Cherla,578913,0000,VILLAGE,Puligundala,Rural,103,489,256,233,66,38,28,0,0,0,488,255,233,135,88,47,354,168,186,324,153,171,311,147,164,0,0,0,311,147,164,0,0,0,0,0,0,13,6,7,0,0,0,12,6,6,0,0,0,1,0,1,13,6,7,0,0,0,12,6,6,0,0,0,1,0,1,0,0,0,0,0,0,0,0,0,0,0,0,0,0,0,165,103,62
09,92,Bhadrachalam,Bhadradri Kothagudem,06,Manuguru,578914,0000,VILLAGE,Ramanujavaram,Rural,2723,10050,4977,5073,1059,556,503,1708,812,896,2735,1329,1406,5346,3016,2330,4704,1961,2743,5630,2936,2694,5065,2692,2373,1005,723,282,3634,1645,1989,16,10,6,410,314,96,565,244,321,13,5,8,484,202,282,11,6,5,57,31,26,458,201,257,13,5,8,403,171,232,7,4,3,35,21,14,107,43,64,0,0,0,81,31,50,4,2,2,22,10,12,4420,2041,2379
09,92,Bhadrachalam,Bhadradri Kothagudem,06,Manuguru,578916,0000,VILLAGE,Peddipalli,Rural,29,123,64,59,23,13,10,0,0,0,122,63,59,12,3,9,111,61,50,68,32,36,68,32,36,0,0,0,67,31,36,0,0,0,1,1,0,0,0,0,0,0,0,0,0,0,0,0,0,0,0,0,0,0,0,0,0,0,0,0,0,0,0,0,0,0,0,0,0,0,0,0,0,0,0,0,0,0,0,0,0,0,55,32,23
09,92,Bhadrachalam,Bhadradri Kothagudem,06,Manuguru,578917,0000,VILLAGE,Samithisingaram,Rural,7043,27567,13775,13792,2266,1127,1139,4868,2401,2467,5208,2631,2577,19674,10630,9044,7893,3145,4748,9873,7419,2454,8715,6960,1755,413,326,87,1720,1000,720,153,119,34,6429,5515,914,1158,459,699,100,53,47,535,134,401,24,8,16,499,264,235,1023,402,621,98,52,46,477,116,361,16,7,9,432,227,205,135,57,78,2,1,1,58,18,40,8,1,7,67,37,30,17694,6356,11338
09,92,Bhadrachalam,Bhadradri Kothagudem,06,Manuguru,578918,0000,VILLAGE,Mallaram,Rural,629,2286,1095,1191,267,122,145,270,142,128,878,420,458,1229,676,553,1057,419,638,1001,582,419,828,521,307,35,31,4,507,263,244,3,3,0,283,224,59,173,61,112,2,1,1,156,50,106,2,1,1,13,9,4,170,59,111,2,1,1,155,50,105,2,1,1,11,7,4,3,2,1,0,0,0,1,0,1,0,0,0,2,2,0,1285,513,772
09,92,Bhadrachalam,Bhadradri Kothagudem,05,Aswapuram,578919,0000,VILLAGE,Pamulapalli,Rural,243,937,460,477,96,46,50,176,91,85,669,328,341,484,260,224,453,200,253,580,289,291,452,253,199,138,125,13,298,121,177,0,0,0,16,7,9,128,36,92,2,1,1,117,28,89,2,0,2,7,7,0,123,33,90,2,1,1,114,27,87,2,0,2,5,5,0,5,3,2,0,0,0,3,1,2,0,0,0,2,2,0,357,171,186
09,92,Bhadrachalam,Bhadradri Kothagudem,05,Aswapuram,578920,0000,VILLAGE,Kummarigudem,Rural,134,479,228,251,53,27,26,0,0,0,301,145,156,232,134,98,247,94,153,299,153,146,282,146,136,39,38,1,203,75,128,0,0,0,40,33,7,17,7,10,0,0,0,8,2,6,0,0,0,9,5,4,14,7,7,0,0,0,5,2,3,0,0,0,9,5,4,3,0,3,0,0,0,3,0,3,0,0,0,0,0,0,180,75,105
09,92,Bhadrachalam,Bhadradri Kothagudem,05,Aswapuram,578921,0000,VILLAGE,Ammagaripalli,Rural,919,3341,1686,1655,308,157,151,501,262,239,1276,654,622,1961,1117,844,1380,569,811,1796,1024,772,1561,977,584,135,106,29,844,409,435,45,24,21,537,438,99,235,47,188,11,3,8,166,22,144,12,4,8,46,18,28,224,46,178,10,2,8,160,22,138,12,4,8,42,18,24,11,1,10,1,1,0,6,0,6,0,0,0,4,0,4,1545,662,883
09,92,Bhadrachalam,Bhadradri Kothagudem,05,Aswapuram,578922,0000,VILLAGE,Amerda,Rural,510,1822,902,920,183,91,92,617,317,300,888,418,470,761,428,333,1061,474,587,1097,562,535,851,514,337,139,128,11,657,343,314,16,11,5,39,32,7,246,48,198,68,3,65,159,36,123,13,5,8,6,4,2,229,40,189,67,3,64,149,31,118,8,2,6,5,4,1,17,8,9,1,0,1,10,5,5,5,3,2,1,0,1,725,340,385
09,92,Bhadrachalam,Bhadradri Kothagudem,05,Aswapuram,578924,0000,VILLAGE,Chinthiryala,Rural,532,2000,947,1053,201,104,97,669,328,341,941,445,496,1022,528,494,978,419,559,1096,553,543,993,521,472,109,95,14,798,370,428,8,4,4,78,52,26,103,32,71,1,0,1,96,29,67,3,2,1,3,1,2,95,30,65,1,0,1,89,28,61,2,1,1,3,1,2,8,2,6,0,0,0,7,1,6,1,1,0,0,0,0,904,394,510
09,92,Bhadrachalam,Bhadradri Kothagudem,05,Aswapuram,578925,0000,VILLAGE,Aswapuram,Rural,4944,18182,9290,8892,1702,865,837,2144,1083,1061,2625,1326,1299,12328,6878,5450,5854,2412,3442,8102,5267,2835,7007,4890,2117,655,512,143,2724,1306,1418,126,95,31,3502,2977,525,1095,377,718,77,42,35,818,241,577,28,12,16,172,82,90,1016,354,662,66,41,25,769,230,539,25,11,14,156,72,84,79,23,56,11,1,10,49,11,38,3,1,2,16,10,6,10080,4023,6057
09,92,Bhadrachalam,Bhadradri Kothagudem,05,Aswapuram,578926,0000,VILLAGE,Gondigudem,Rural,784,3316,1816,1500,314,158,156,13,6,7,2949,1626,1323,1588,1061,527,1728,755,973,1893,942,951,1603,821,782,337,317,20,1175,439,736,6,4,2,85,61,24,290,121,169,3,2,1,255,93,162,2,0,2,30,26,4,249,105,144,3,2,1,218,81,137,2,0,2,26,22,4,41,16,25,0,0,0,37,12,25,0,0,0,4,4,0,1423,874,549
09,92,Bhadrachalam,Bhadradri Kothagudem,05,Aswapuram,578927,0000,VILLAGE,Mamillavai,Rural,309,1264,609,655,182,74,108,56,27,29,964,466,498,547,315,232,717,294,423,835,406,429,763,373,390,77,67,10,666,296,370,2,2,0,18,8,10,72,33,39,3,1,2,67,31,36,0,0,0,2,1,1,70,32,38,2,1,1,66,30,36,0,0,0,2,1,1,2,1,1,1,0,1,1,1,0,0,0,0,0,0,0,429,203,226
09,92,Bhadrachalam,Bhadradri Kothagudem,05,Aswapuram,578928,0000,VILLAGE,Thummalacheruvu,Rural,584,2179,1080,1099,256,118,138,51,23,28,1907,939,968,925,535,390,1254,545,709,1428,732,696,1254,639,615,481,319,162,749,312,437,4,1,3,20,7,13,174,93,81,0,0,0,64,29,35,0,0,0,110,64,46,170,91,79,0,0,0,61,28,33,0,0,0,109,63,46,4,2,2,0,0,0,3,1,2,0,0,0,1,1,0,751,348,403
09,92,Bhadrachalam,Bhadradri Kothagudem,05,Aswapuram,578929,0000,VILLAGE,Nellipaka,Rural,2878,9547,4739,4808,932,470,462,1439,726,713,1566,771,795,5399,3003,2396,4148,1736,2412,4749,2808,1941,3949,2484,1465,696,601,95,2523,1291,1232,71,49,22,659,543,116,800,324,476,22,5,17,643,248,395,41,12,29,94,59,35,590,224,366,21,5,16,470,170,300,24,5,19,75,44,31,210,100,110,1,0,1,173,78,95,17,7,10,19,15,4,4798,1931,2867
09,92,Bhadrachalam,Bhadradri Kothagudem,04,Dummugudem,578931,0000,VILLAGE,Parnasala,Rural,135,505,256,249,36,16,20,9,4,5,51,21,30,402,222,180,103,34,69,282,153,129,276,150,126,17,11,6,238,125,113,0,0,0,21,14,7,6,3,3,2,0,2,3,2,1,0,0,0,1,1,0,3,0,3,2,0,2,1,0,1,0,0,0,0,0,0,3,3,0,0,0,0,2,2,0,0,0,0,1,1,0,223,103,120
09,92,Bhadrachalam,Bhadradri Kothagudem,04,Dummugudem,578932,0000,VILLAGE,Sitanagaram,Rural,395,1581,774,807,159,87,72,166,81,85,1154,553,601,754,412,342,827,362,465,1048,519,529,898,450,448,124,79,45,673,307,366,12,8,4,89,56,33,150,69,81,2,2,0,144,65,79,0,0,0,4,2,2,146,67,79,2,2,0,140,63,77,0,0,0,4,2,2,4,2,2,0,0,0,4,2,2,0,0,0,0,0,0,533,255,278
09,92,Bhadrachalam,Bhadradri Kothagudem,04,Dummugudem,578933,0000,VILLAGE,Govindapuram,Rural,91,415,204,211,52,25,27,0,0,0,409,202,207,170,96,74,245,108,137,201,99,102,192,98,94,43,38,5,142,57,85,0,0,0,7,3,4,9,1,8,2,0,2,5,0,5,0,0,0,2,1,1,9,1,8,2,0,2,5,0,5,0,0,0,2,1,1,0,0,0,0,0,0,0,0,0,0,0,0,0,0,0,214,105,109
09,92,Bhadrachalam,Bhadradri Kothagudem,04,Dummugudem,578934,0000,VILLAGE,Pedabandirevu,Rural,115,468,227,241,53,23,30,0,0,0,453,222,231,167,92,75,301,135,166,302,156,146,1,0,1,0,0,0,0,0,0,0,0,0,1,0,1,301,156,145,80,59,21,216,94,122,3,1,2,2,2,0,181,111,70,76,57,19,103,52,51,1,1,0,1,1,0,120,45,75,4,2,2,113,42,71,2,0,2,1,1,0,166,71,95
09,92,Bhadrachalam,Bhadradri Kothagudem,04,Dummugudem,578935,0000,VILLAGE,Mulakanapalli,Rural,71,300,148,152,39,18,21,0,0,0,294,144,150,68,42,26,232,106,126,178,95,83,0,0,0,0,0,0,0,0,0,0,0,0,0,0,0,178,95,83,2,1,1,174,94,80,1,0,1,1,0,1,140,79,61,2,1,1,137,78,59,0,0,0,1,0,1,38,16,22,0,0,0,37,16,21,1,0,1,0,0,0,122,53,69
09,92,Bhadrachalam,Bhadradri Kothagudem,04,Dummugudem,578936,0000,VILLAGE,Lingapuram,Rural,40,173,81,92,14,7,7,0,0,0,173,81,92,60,31,29,113,50,63,107,50,57,0,0,0,0,0,0,0,0,0,0,0,0,0,0,0,107,50,57,57,34,23,50,16,34,0,0,0,0,0,0,75,42,33,57,34,23,18,8,10,0,0,0,0,0,0,32,8,24,0,0,0,32,8,24,0,0,0,0,0,0,66,31,35
09,92,Bhadrachalam,Bhadradri Kothagudem,04,Dummugudem,578937,0000,VILLAGE,Paidagudem,Rural,156,674,323,351,116,58,58,0,0,0,668,320,348,172,103,69,502,220,282,434,200,234,197,131,66,2,1,1,195,130,65,0,0,0,0,0,0,237,69,168,1,0,1,219,64,155,2,0,2,15,5,10,233,68,165,1,0,1,216,63,153,1,0,1,15,5,10,4,1,3,0,0,0,3,1,2,1,0,1,0,0,0,240,123,117
09,92,Bhadrachalam,Bhadradri Kothagudem,04,Dummugudem,578938,0000,VILLAGE,Gouravaram,Rural,116,513,245,268,51,24,27,0,0,0,429,200,229,206,105,101,307,140,167,280,143,137,278,142,136,77,69,8,170,55,115,5,4,1,26,14,12,2,1,1,0,0,0,1,0,1,0,0,0,1,1,0,2,1,1,0,0,0,1,0,1,0,0,0,1,1,0,0,0,0,0,0,0,0,0,0,0,0,0,0,0,0,233,102,131
09,92,Bhadrachalam,Bhadradri Kothagudem,04,Dummugudem,578939,0000,VILLAGE,Sangam,Rural,18,82,51,31,12,8,4,0,0,0,81,50,31,25,19,6,57,32,25,49,28,21,24,20,4,13,12,1,9,6,3,0,0,0,2,2,0,25,8,17,0,0,0,25,8,17,0,0,0,0,0,0,25,8,17,0,0,0,25,8,17,0,0,0,0,0,0,0,0,0,0,0,0,0,0,0,0,0,0,0,0,0,33,23,10
09,92,Bhadrachalam,Bhadradri Kothagudem,04,Dummugudem,578940,0000,VILLAGE,Chinnabandirevu,Rural,320,1179,564,615,122,56,66,178,88,90,205,104,101,537,292,245,642,272,370,654,321,333,624,304,320,80,74,6,502,199,303,2,2,0,40,29,11,30,17,13,1,1,0,23,10,13,1,1,0,5,5,0,27,14,13,0,0,0,22,9,13,0,0,0,5,5,0,3,3,0,1,1,0,1,1,0,1,1,0,0,0,0,525,243,282
09,92,Bhadrachalam,Bhadradri Kothagudem,04,Dummugudem,578941,0000,VILLAGE,Lakshminarasimharaopeta,Rural,35,120,58,62,11,8,3,0,0,0,8,6,2,47,24,23,73,34,39,79,35,44,79,35,44,0,0,0,79,35,44,0,0,0,0,0,0,0,0,0,0,0,0,0,0,0,0,0,0,0,0,0,0,0,0,0,0,0,0,0,0,0,0,0,0,0,0,0,0,0,0,0,0,0,0,0,0,0,0,0,0,0,41,23,18
09,92,Bhadrachalam,Bhadradri Kothagudem,04,Dummugudem,578942,0000,VILLAGE,Suravaram,Rural,127,436,227,209,40,21,19,0,0,0,170,88,82,270,158,112,166,69,97,232,122,110,175,111,64,37,26,11,125,75,50,0,0,0,13,10,3,57,11,46,2,0,2,54,11,43,0,0,0,1,0,1,56,11,45,2,0,2,53,11,42,0,0,0,1,0,1,1,0,1,0,0,0,1,0,1,0,0,0,0,0,0,204,105,99
09,92,Bhadrachalam,Bhadradri Kothagudem,04,Dummugudem,578945,0000,VILLAGE,Pedanallaballi,Rural,419,1561,758,803,167,77,90,26,14,12,762,368,394,792,430,362,769,328,441,978,482,496,598,301,297,123,67,56,431,204,227,3,1,2,41,29,12,380,181,199,13,7,6,336,160,176,9,3,6,22,11,11,85,43,42,3,2,1,60,30,30,4,2,2,18,9,9,295,138,157,10,5,5,276,130,146,5,1,4,4,2,2,583,276,307
09,92,Bhadrachalam,Bhadradri Kothagudem,04,Dummugudem,578946,0000,VILLAGE,Laxmipuram,Rural,133,529,243,286,54,24,30,0,0,0,341,158,183,255,131,124,274,112,162,295,147,148,278,139,139,85,83,2,162,26,136,1,1,0,30,29,1,17,8,9,3,0,3,13,8,5,0,0,0,1,0,1,2,1,1,1,0,1,1,1,0,0,0,0,0,0,0,15,7,8,2,0,2,12,7,5,0,0,0,1,0,1,234,96,138
09,92,Bhadrachalam,Bhadradri Kothagudem,04,Dummugudem,578947,0000,VILLAGE,Paidakulamadugu,Rural,164,673,318,355,101,47,54,0,0,0,657,310,347,219,118,101,454,200,254,408,194,214,401,191,210,126,124,2,256,58,198,0,0,0,19,9,10,7,3,4,2,1,1,2,1,1,1,1,0,2,0,2,3,2,1,2,1,1,0,0,0,1,1,0,0,0,0,4,1,3,0,0,0,2,1,1,0,0,0,2,0,2,265,124,141
09,92,Bhadrachalam,Bhadradri Kothagudem,04,Dummugudem,578948,0000,VILLAGE,Kothajinnelagudem,Rural,133,495,232,263,69,33,36,0,0,0,490,228,262,167,94,73,328,138,190,293,143,150,281,139,142,86,82,4,192,56,136,0,0,0,3,1,2,12,4,8,0,0,0,12,4,8,0,0,0,0,0,0,8,2,6,0,0,0,8,2,6,0,0,0,0,0,0,4,2,2,0,0,0,4,2,2,0,0,0,0,0,0,202,89,113
09,92,Bhadrachalam,Bhadradri Kothagudem,04,Dummugudem,578949,0000,VILLAGE,Sughanapuram,Rural,53,208,106,102,27,11,16,0,0,0,198,101,97,76,47,29,132,59,73,128,66,62,119,62,57,67,44,23,50,17,33,0,0,0,2,1,1,9,4,5,1,0,1,7,3,4,0,0,0,1,1,0,8,4,4,1,0,1,6,3,3,0,0,0,1,1,0,1,0,1,0,0,0,1,0,1,0,0,0,0,0,0,80,40,40
09,92,Bhadrachalam,Bhadradri Kothagudem,04,Dummugudem,578950,0000,VILLAGE,Chintaguppa,Rural,114,526,265,261,78,44,34,0,0,0,521,263,258,132,90,42,394,175,219,324,151,173,285,141,144,99,92,7,184,49,135,0,0,0,2,0,2,39,10,29,3,0,3,35,10,25,1,0,1,0,0,0,23,4,19,3,0,3,19,4,15,1,0,1,0,0,0,16,6,10,0,0,0,16,6,10,0,0,0,0,0,0,202,114,88
09,92,Bhadrachalam,Bhadradri Kothagudem,04,Dummugudem,578951,0000,VILLAGE,Pathajinnelagudem,Rural,46,198,97,101,30,15,15,0,0,0,198,97,101,92,53,39,106,44,62,122,55,67,122,55,67,8,5,3,113,50,63,1,0,1,0,0,0,0,0,0,0,0,0,0,0,0,0,0,0,0,0,0,0,0,0,0,0,0,0,0,0,0,0,0,0,0,0,0,0,0,0,0,0,0,0,0,0,0,0,0,0,0,76,42,34
09,92,Bhadrachalam,Bhadradri Kothagudem,04,Dummugudem,578952,0000,VILLAGE,Khalsa Veerabhadrapuram,Rural,102,402,195,207,51,27,24,0,0,0,372,180,192,188,102,86,214,93,121,237,119,118,237,119,118,10,7,3,225,111,114,1,1,0,1,0,1,0,0,0,0,0,0,0,0,0,0,0,0,0,0,0,0,0,0,0,0,0,0,0,0,0,0,0,0,0,0,0,0,0,0,0,0,0,0,0,0,0,0,0,0,0,165,76,89
09,92,Bhadrachalam,Bhadradri Kothagudem,04,Dummugudem,578953,0000,VILLAGE,Z_Veerabhadrapuram,Rural,118,472,227,245,66,29,37,0,0,0,470,226,244,164,101,63,308,126,182,288,142,146,287,141,146,67,54,13,215,85,130,0,0,0,5,2,3,1,1,0,0,0,0,1,1,0,0,0,0,0,0,0,1,1,0,0,0,0,1,1,0,0,0,0,0,0,0,0,0,0,0,0,0,0,0,0,0,0,0,0,0,0,184,85,99
09,92,Bhadrachalam,Bhadradri Kothagudem,04,Dummugudem,578954,0000,VILLAGE,Chinna Nallaballi,Rural,287,1041,497,544,76,35,41,72,39,33,656,300,356,617,332,285,424,165,259,632,322,310,608,312,296,28,21,7,535,263,272,4,4,0,41,24,17,24,10,14,1,0,1,16,8,8,0,0,0,7,2,5,12,3,9,1,0,1,4,1,3,0,0,0,7,2,5,12,7,5,0,0,0,12,7,5,0,0,0,0,0,0,409,175,234
09,92,Bhadrachalam,Bhadradri Kothagudem,04,Dummugudem,578955,0000,VILLAGE,Tailorpeta,Rural,27,109,56,53,10,6,4,0,0,0,107,55,52,36,21,15,73,35,38,70,38,32,70,38,32,2,1,1,68,37,31,0,0,0,0,0,0,0,0,0,0,0,0,0,0,0,0,0,0,0,0,0,0,0,0,0,0,0,0,0,0,0,0,0,0,0,0,0,0,0,0,0,0,0,0,0,0,0,0,0,0,0,39,18,21
09,92,Bhadrachalam,Bhadradri Kothagudem,04,Dummugudem,578956,0000,VILLAGE,Kasinagaram,Rural,238,867,410,457,72,39,33,370,172,198,414,199,215,513,260,253,354,150,204,472,238,234,450,231,219,172,119,53,263,103,160,0,0,0,15,9,6,22,7,15,0,0,0,20,6,14,0,0,0,2,1,1,13,5,8,0,0,0,12,4,8,0,0,0,1,1,0,9,2,7,0,0,0,8,2,6,0,0,0,1,0,1,395,172,223
09,92,Bhadrachalam,Bhadradri Kothagudem,04,Dummugudem,578957,0000,VILLAGE,Kesavapatnam,Rural,37,118,59,59,13,8,5,0,0,0,0,0,0,82,45,37,36,14,22,66,40,26,54,36,18,19,14,5,24,13,11,1,1,0,10,8,2,12,4,8,1,1,0,11,3,8,0,0,0,0,0,0,10,3,7,1,1,0,9,2,7,0,0,0,0,0,0,2,1,1,0,0,0,2,1,1,0,0,0,0,0,0,52,19,33
09,92,Bhadrachalam,Bhadradri Kothagudem,04,Dummugudem,578958,0000,VILLAGE,Ramachandrapuram,Rural,65,248,115,133,35,16,19,0,0,0,241,113,128,105,58,47,143,57,86,147,71,76,70,57,13,58,54,4,4,0,4,0,0,0,8,3,5,77,14,63,65,6,59,12,8,4,0,0,0,0,0,0,71,9,62,65,6,59,6,3,3,0,0,0,0,0,0,6,5,1,0,0,0,6,5,1,0,0,0,0,0,0,101,44,57
09,92,Bhadrachalam,Bhadradri Kothagudem,04,Dummugudem,578959,0000,VILLAGE,Pragallapally,Rural,98,332,162,170,41,22,19,5,4,1,6,3,3,187,97,90,145,65,80,213,107,106,212,106,106,9,7,2,200,96,104,0,0,0,3,3,0,1,1,0,0,0,0,1,1,0,0,0,0,0,0,0,0,0,0,0,0,0,0,0,0,0,0,0,0,0,0,1,1,0,0,0,0,1,1,0,0,0,0,0,0,0,119,55,64
09,92,Bhadrachalam,Bhadradri Kothagudem,04,Dummugudem,578960,0000,VILLAGE,Byragulapadu,Rural,198,653,339,314,54,31,23,253,131,122,102,53,49,388,229,159,265,110,155,352,197,155,319,187,132,20,18,2,262,137,125,2,1,1,35,31,4,33,10,23,2,1,1,24,6,18,3,1,2,4,2,2,33,10,23,2,1,1,24,6,18,3,1,2,4,2,2,0,0,0,0,0,0,0,0,0,0,0,0,0,0,0,301,142,159
09,92,Bhadrachalam,Bhadradri Kothagudem,04,Dummugudem,578961,0000,VILLAGE,Manguvai,Rural,101,403,197,206,39,24,15,0,0,0,397,194,203,164,90,74,239,107,132,212,105,107,60,55,5,20,19,1,26,25,1,1,1,0,13,10,3,152,50,102,11,8,3,140,41,99,0,0,0,1,1,0,151,50,101,11,8,3,139,41,98,0,0,0,1,1,0,1,0,1,0,0,0,1,0,1,0,0,0,0,0,0,191,92,99
09,92,Bhadrachalam,Bhadradri Kothagudem,04,Dummugudem,578962,0000,VILLAGE,Anjubaka,Rural,299,1132,539,593,123,59,64,0,0,0,1123,536,587,487,267,220,645,272,373,705,335,370,444,252,192,98,85,13,328,163,165,1,1,0,17,3,14,261,83,178,0,0,0,256,81,175,2,0,2,3,2,1,194,52,142,0,0,0,190,50,140,2,0,2,2,2,0,67,31,36,0,0,0,66,31,35,0,0,0,1,0,1,427,204,223
09,92,Bhadrachalam,Bhadradri Kothagudem,04,Dummugudem,578963,0000,VILLAGE,Katayagudem,Rural,140,518,249,269,56,31,25,2,2,0,513,246,267,268,146,122,250,103,147,311,149,162,286,143,143,38,27,11,220,103,117,0,0,0,28,13,15,25,6,19,5,2,3,20,4,16,0,0,0,0,0,0,24,6,18,5,2,3,19,4,15,0,0,0,0,0,0,1,0,1,0,0,0,1,0,1,0,0,0,0,0,0,207,100,107
09,92,Bhadrachalam,Bhadradri Kothagudem,04,Dummugudem,578964,0000,VILLAGE,Dummugudem,Rural,806,2589,1227,1362,231,123,108,644,295,349,408,185,223,1623,832,791,966,395,571,1264,715,549,813,508,305,115,94,21,404,183,221,62,42,20,232,189,43,451,207,244,56,16,40,343,164,179,8,3,5,44,24,20,293,160,133,29,15,14,220,120,100,7,3,4,37,22,15,158,47,111,27,1,26,123,44,79,1,0,1,7,2,5,1325,512,813
09,92,Bhadrachalam,Bhadradri Kothagudem,04,Dummugudem,578965,0000,VILLAGE,Laxminagaram,Rural,261,990,506,484,101,46,55,40,29,11,42,25,17,784,422,362,206,84,122,457,321,136,434,310,124,58,53,5,134,62,72,12,9,3,230,186,44,23,11,12,4,0,4,4,2,2,3,3,0,12,6,6,23,11,12,4,0,4,4,2,2,3,3,0,12,6,6,0,0,0,0,0,0,0,0,0,0,0,0,0,0,0,533,185,348
09,92,Bhadrachalam,Bhadradri Kothagudem,04,Dummugudem,578966,0000,VILLAGE,Kannapuram,Rural,66,251,132,119,31,17,14,97,44,53,16,10,6,131,77,54,120,55,65,147,84,63,22,19,3,7,7,0,0,0,0,0,0,0,15,12,3,125,65,60,0,0,0,124,64,60,1,1,0,0,0,0,122,65,57,0,0,0,121,64,57,1,1,0,0,0,0,3,0,3,0,0,0,3,0,3,0,0,0,0,0,0,104,48,56
09,92,Bhadrachalam,Bhadradri Kothagudem,04,Dummugudem,578967,0000,VILLAGE,Achuthapuram,Rural,163,609,273,336,59,27,32,0,0,0,590,268,322,284,144,140,325,129,196,326,152,174,316,150,166,120,106,14,190,41,149,1,0,1,5,3,2,10,2,8,0,0,0,5,0,5,0,0,0,5,2,3,6,0,6,0,0,0,4,0,4,0,0,0,2,0,2,4,2,2,0,0,0,1,0,1,0,0,0,3,2,1,283,121,162
09,92,Bhadrachalam,Bhadradri Kothagudem,04,Dummugudem,578968,0000,VILLAGE,Mahadevapuram,Rural,142,610,280,330,81,47,34,0,0,0,610,280,330,257,121,136,353,159,194,342,163,179,156,155,1,153,153,0,1,0,1,0,0,0,2,2,0,186,8,178,4,2,2,182,6,176,0,0,0,0,0,0,183,8,175,4,2,2,179,6,173,0,0,0,0,0,0,3,0,3,0,0,0,3,0,3,0,0,0,0,0,0,268,117,151
09,92,Bhadrachalam,Bhadradri Kothagudem,04,Dummugudem,578969,0000,VILLAGE,Dabbanuthula,Rural,150,570,280,290,63,26,37,4,1,3,550,270,280,324,189,135,246,91,155,361,178,183,327,158,169,102,79,23,212,70,142,0,0,0,13,9,4,34,20,14,7,5,2,23,11,12,1,1,0,3,3,0,16,10,6,0,0,0,13,7,6,0,0,0,3,3,0,18,10,8,7,5,2,10,4,6,1,1,0,0,0,0,209,102,107
09,92,Bhadrachalam,Bhadradri Kothagudem,04,Dummugudem,578970,0000,VILLAGE,Kothuru,Rural,149,674,334,340,97,40,57,0,0,0,651,325,326,217,125,92,457,209,248,395,204,191,338,174,164,195,139,56,137,33,104,1,1,0,5,1,4,57,30,27,0,0,0,57,30,27,0,0,0,0,0,0,57,30,27,0,0,0,57,30,27,0,0,0,0,0,0,0,0,0,0,0,0,0,0,0,0,0,0,0,0,0,279,130,149
09,92,Bhadrachalam,Bhadradri Kothagudem,04,Dummugudem,578971,0000,VILLAGE,Rajupeta,Rural,50,197,96,101,26,10,16,0,0,0,197,96,101,59,36,23,138,60,78,116,56,60,114,55,59,110,53,57,3,1,2,0,0,0,1,1,0,2,1,1,2,1,1,0,0,0,0,0,0,0,0,0,2,1,1,2,1,1,0,0,0,0,0,0,0,0,0,0,0,0,0,0,0,0,0,0,0,0,0,0,0,0,81,40,41
09,92,Bhadrachalam,Bhadradri Kothagudem,04,Dummugudem,578972,0000,VILLAGE,Chinna Kamalapuram,Rural,51,215,109,106,26,16,10,0,0,0,214,109,105,69,38,31,146,71,75,130,67,63,128,67,61,123,64,59,0,0,0,0,0,0,5,3,2,2,0,2,1,0,1,0,0,0,1,0,1,0,0,0,2,0,2,1,0,1,0,0,0,1,0,1,0,0,0,0,0,0,0,0,0,0,0,0,0,0,0,0,0,0,85,42,43
09,92,Bhadrachalam,Bhadradri Kothagudem,04,Dummugudem,578973,0000,VILLAGE,Pedda Kamalapuram,Rural,164,687,316,371,96,46,50,0,0,0,673,308,365,197,96,101,490,220,270,440,208,232,137,133,4,121,120,1,11,9,2,0,0,0,5,4,1,303,75,228,16,7,9,284,66,218,1,1,0,2,1,1,302,74,228,16,7,9,284,66,218,0,0,0,2,1,1,1,1,0,0,0,0,0,0,0,1,1,0,0,0,0,247,108,139
09,92,Bhadrachalam,Bhadradri Kothagudem,04,Dummugudem,578974,0000,VILLAGE,Yerraboru,Rural,71,307,139,168,30,15,15,0,0,0,307,139,168,123,60,63,184,79,105,180,83,97,178,83,95,152,72,80,14,5,9,4,1,3,8,5,3,2,0,2,0,0,0,1,0,1,0,0,0,1,0,1,2,0,2,0,0,0,1,0,1,0,0,0,1,0,1,0,0,0,0,0,0,0,0,0,0,0,0,0,0,0,127,56,71
09,92,Bhadrachalam,Bhadradri Kothagudem,04,Dummugudem,578975,0000,VILLAGE,Adavi Ramavaram,Rural,85,442,219,223,62,31,31,0,0,0,442,219,223,150,88,62,292,131,161,288,141,147,266,131,135,78,66,12,186,63,123,1,1,0,1,1,0,22,10,12,0,0,0,22,10,12,0,0,0,0,0,0,22,10,12,0,0,0,22,10,12,0,0,0,0,0,0,0,0,0,0,0,0,0,0,0,0,0,0,0,0,0,154,78,76
09,92,Bhadrachalam,Bhadradri Kothagudem,04,Dummugudem,578976,0000,VILLAGE,Arlagudem,Rural,424,1732,857,875,175,90,85,35,18,17,1659,812,847,789,429,360,943,428,515,1053,537,516,894,489,405,367,223,144,493,241,252,5,3,2,29,22,7,159,48,111,112,31,81,46,16,30,0,0,0,1,1,0,133,37,96,99,26,73,33,10,23,0,0,0,1,1,0,26,11,15,13,5,8,13,6,7,0,0,0,0,0,0,679,320,359
09,92,Bhadrachalam,Bhadradri Kothagudem,04,Dummugudem,578977,0000,VILLAGE,Dharmapuram,Rural,169,637,331,306,71,41,30,1,1,0,633,328,305,220,135,85,417,196,221,385,197,188,265,157,108,141,116,25,95,25,70,0,0,0,29,16,13,120,40,80,0,0,0,117,39,78,0,0,0,3,1,2,119,40,79,0,0,0,117,39,78,0,0,0,2,1,1,1,0,1,0,0,0,0,0,0,0,0,0,1,0,1,252,134,118
09,92,Bhadrachalam,Bhadradri Kothagudem,04,Dummugudem,578978,0000,VILLAGE,Subbaraopeta,Rural,163,669,318,351,65,38,27,4,2,2,661,315,346,323,169,154,346,149,197,377,187,190,180,153,27,134,131,3,33,13,20,0,0,0,13,9,4,197,34,163,8,7,1,188,27,161,0,0,0,1,0,1,182,31,151,8,7,1,173,24,149,0,0,0,1,0,1,15,3,12,0,0,0,15,3,12,0,0,0,0,0,0,292,131,161
09,92,Bhadrachalam,Bhadradri Kothagudem,04,Dummugudem,578979,0000,VILLAGE,Gangolu,Rural,166,533,248,285,55,27,28,171,80,91,245,112,133,325,165,160,208,83,125,332,157,175,306,147,159,57,31,26,237,110,127,0,0,0,12,6,6,26,10,16,1,0,1,16,6,10,1,0,1,8,4,4,26,10,16,1,0,1,16,6,10,1,0,1,8,4,4,0,0,0,0,0,0,0,0,0,0,0,0,0,0,0,201,91,110
09,92,Bhadrachalam,Bhadradri Kothagudem,04,Dummugudem,578980,0000,VILLAGE,Burra Vemula,Rural,21,75,35,40,9,3,6,8,3,5,7,2,5,47,24,23,28,11,17,36,22,14,34,21,13,0,0,0,23,13,10,0,0,0,11,8,3,2,1,1,1,0,1,0,0,0,0,0,0,1,1,0,2,1,1,1,0,1,0,0,0,0,0,0,1,1,0,0,0,0,0,0,0,0,0,0,0,0,0,0,0,0,39,13,26
09,92,Bhadrachalam,Bhadradri Kothagudem,04,Dummugudem,578981,0000,VILLAGE,Kotha Dummugudem,Rural,81,301,148,153,34,16,18,211,108,103,1,0,1,153,90,63,148,58,90,169,87,82,155,80,75,4,4,0,141,67,74,0,0,0,10,9,1,14,7,7,0,0,0,6,2,4,0,0,0,8,5,3,10,5,5,0,0,0,5,2,3,0,0,0,5,3,2,4,2,2,0,0,0,1,0,1,0,0,0,3,2,1,132,61,71
09,92,Bhadrachalam,Bhadradri Kothagudem,04,Dummugudem,578982,0000,VILLAGE,Nadikudi,Rural,314,1251,605,646,106,47,59,0,0,0,1237,600,637,534,318,216,717,287,430,640,326,314,495,269,226,300,181,119,183,82,101,4,1,3,8,5,3,145,57,88,4,1,3,133,54,79,1,0,1,7,2,5,145,57,88,4,1,3,133,54,79,1,0,1,7,2,5,0,0,0,0,0,0,0,0,0,0,0,0,0,0,0,611,279,332
09,92,Bhadrachalam,Bhadradri Kothagudem,04,Dummugudem,578983,0000,VILLAGE,Work Land Reguballe,Rural,320,1052,535,517,100,55,45,758,377,381,8,6,2,524,294,230,528,241,287,671,340,331,275,170,105,50,43,7,224,126,98,1,1,0,0,0,0,396,170,226,1,1,0,386,165,221,2,1,1,7,3,4,394,169,225,1,1,0,386,165,221,0,0,0,7,3,4,2,1,1,0,0,0,0,0,0,2,1,1,0,0,0,381,195,186
09,92,Bhadrachalam,Bhadradri Kothagudem,04,Dummugudem,578984,0000,VILLAGE,Zamandari Reguballe,Rural,60,176,84,92,18,13,5,172,82,90,1,0,1,78,43,35,98,41,57,115,48,67,112,47,65,30,15,15,82,32,50,0,0,0,0,0,0,3,1,2,0,0,0,1,0,1,0,0,0,2,1,1,2,0,2,0,0,0,1,0,1,0,0,0,1,0,1,1,1,0,0,0,0,0,0,0,0,0,0,1,1,0,61,36,25
09,92,Bhadrachalam,Bhadradri Kothagudem,04,Dummugudem,578985,0000,VILLAGE,Khalsa Regubally,Rural,59,225,109,116,30,17,13,0,0,0,218,105,113,115,67,48,110,42,68,153,76,77,9,4,5,0,0,0,0,0,0,5,3,2,4,1,3,144,72,72,0,0,0,144,72,72,0,0,0,0,0,0,119,59,60,0,0,0,119,59,60,0,0,0,0,0,0,25,13,12,0,0,0,25,13,12,0,0,0,0,0,0,72,33,39
09,92,Bhadrachalam,Bhadradri Kothagudem,04,Dummugudem,578986,0000,VILLAGE,Ramarao Peta,Rural,231,935,446,489,65,35,30,0,0,0,918,439,479,489,269,220,446,177,269,507,251,256,430,215,215,1,1,0,408,202,206,0,0,0,21,12,9,77,36,41,1,1,0,70,32,38,0,0,0,6,3,3,61,25,36,0,0,0,59,25,34,0,0,0,2,0,2,16,11,5,1,1,0,11,7,4,0,0,0,4,3,1,428,195,233
09,92,Bhadrachalam,Bhadradri Kothagudem,04,Dummugudem,578987,0000,VILLAGE,Patha Maredubaka,Rural,167,639,309,330,60,28,32,0,0,0,634,305,329,473,258,215,166,51,115,379,189,190,366,181,185,185,152,33,157,20,137,2,2,0,22,7,15,13,8,5,4,2,2,3,1,2,2,2,0,4,3,1,12,7,5,3,1,2,3,1,2,2,2,0,4,3,1,1,1,0,1,1,0,0,0,0,0,0,0,0,0,0,260,120,140
09,92,Bhadrachalam,Bhadradri Kothagudem,04,Dummugudem,578988,0000,VILLAGE,Seetharampuram,Rural,294,1032,521,511,114,63,51,554,289,265,32,15,17,599,314,285,433,207,226,567,322,245,462,271,191,88,63,25,293,142,151,0,0,0,81,66,15,105,51,54,5,4,1,96,46,50,0,0,0,4,1,3,85,43,42,5,4,1,78,38,40,0,0,0,2,1,1,20,8,12,0,0,0,18,8,10,0,0,0,2,0,2,465,199,266
09,92,Bhadrachalam,Bhadradri Kothagudem,04,Dummugudem,578989,0000,VILLAGE,Venkata Ramapuram,Rural,27,98,39,59,7,1,6,0,0,0,97,39,58,56,27,29,42,12,30,61,24,37,59,23,36,9,4,5,48,18,30,0,0,0,2,1,1,2,1,1,0,0,0,2,1,1,0,0,0,0,0,0,2,1,1,0,0,0,2,1,1,0,0,0,0,0,0,0,0,0,0,0,0,0,0,0,0,0,0,0,0,0,37,15,22
09,92,Bhadrachalam,Bhadradri Kothagudem,04,Dummugudem,578990,0000,VILLAGE,Dantenam,Rural,33,126,68,58,18,9,9,52,31,21,13,6,7,51,28,23,75,40,35,82,48,34,81,47,34,48,28,20,30,17,13,0,0,0,3,2,1,1,1,0,1,1,0,0,0,0,0,0,0,0,0,0,1,1,0,1,1,0,0,0,0,0,0,0,0,0,0,0,0,0,0,0,0,0,0,0,0,0,0,0,0,0,44,20,24
09,92,Bhadrachalam,Bhadradri Kothagudem,04,Dummugudem,578991,0000,VILLAGE,Narsapuram,Rural,224,765,382,383,85,46,39,466,237,229,33,15,18,387,211,176,378,171,207,495,259,236,487,255,232,62,35,27,348,165,183,20,11,9,57,44,13,8,4,4,0,0,0,3,2,1,0,0,0,5,2,3,8,4,4,0,0,0,3,2,1,0,0,0,5,2,3,0,0,0,0,0,0,0,0,0,0,0,0,0,0,0,270,123,147
09,92,Bhadrachalam,Bhadradri Kothagudem,04,Dummugudem,578992,0000,VILLAGE,Turubaka,Rural,328,1155,571,584,121,61,60,788,389,399,77,34,43,673,367,306,482,204,278,666,355,311,609,336,273,20,12,8,419,188,231,2,1,1,168,135,33,57,19,38,0,0,0,52,15,37,0,0,0,5,4,1,30,7,23,0,0,0,27,5,22,0,0,0,3,2,1,27,12,15,0,0,0,25,10,15,0,0,0,2,2,0,489,216,273
09,92,Bhadrachalam,Bhadradri Kothagudem,04,Dummugudem,578993,0000,VILLAGE,Bandarugudem,Rural,186,646,334,312,68,40,28,0,0,0,321,180,141,315,181,134,331,153,178,428,218,210,229,183,46,25,23,2,190,148,42,0,0,0,14,12,2,199,35,164,2,1,1,193,34,159,0,0,0,4,0,4,182,32,150,1,0,1,178,32,146,0,0,0,3,0,3,17,3,14,1,1,0,15,2,13,0,0,0,1,0,1,218,116,102
09,92,Bhadrachalam,Bhadradri Kothagudem,04,Dummugudem,578994,0000,VILLAGE,Kothagudem,Rural,155,595,233,362,63,25,38,0,0,0,588,230,358,243,119,124,352,114,238,399,150,249,300,115,185,0,0,0,300,115,185,0,0,0,0,0,0,99,35,64,0,0,0,99,35,64,0,0,0,0,0,0,95,33,62,0,0,0,95,33,62,0,0,0,0,0,0,4,2,2,0,0,0,4,2,2,0,0,0,0,0,0,196,83,113
09,92,Bhadrachalam,Bhadradri Kothagudem,04,Dummugudem,578995,0000,VILLAGE,Maredubaka (Z),Rural,177,720,349,371,88,46,42,0,0,0,714,344,370,312,162,150,408,187,221,499,241,258,76,71,5,66,66,0,1,1,0,0,0,0,9,4,5,423,170,253,40,20,20,381,149,232,0,0,0,2,1,1,332,131,201,2,2,0,329,128,201,0,0,0,1,1,0,91,39,52,38,18,20,52,21,31,0,0,0,1,0,1,221,108,113
09,92,Bhadrachalam,Bhadradri Kothagudem,04,Dummugudem,578996,0000,VILLAGE,Whitenagaram,Rural,112,474,242,232,55,27,28,0,0,0,469,239,230,202,122,80,272,120,152,294,155,139,291,153,138,142,78,64,148,75,73,0,0,0,1,0,1,3,2,1,0,0,0,2,1,1,1,1,0,0,0,0,3,2,1,0,0,0,2,1,1,1,1,0,0,0,0,0,0,0,0,0,0,0,0,0,0,0,0,0,0,0,180,87,93
09,92,Bhadrachalam,Bhadradri Kothagudem,04,Dummugudem,578997,0000,VILLAGE,Singavaram,Rural,163,680,327,353,90,39,51,0,0,0,605,288,317,290,158,132,390,169,221,397,196,201,395,194,201,32,22,10,354,170,184,1,0,1,8,2,6,2,2,0,1,1,0,1,1,0,0,0,0,0,0,0,2,2,0,1,1,0,1,1,0,0,0,0,0,0,0,0,0,0,0,0,0,0,0,0,0,0,0,0,0,0,283,131,152
09,92,Bhadrachalam,Bhadradri Kothagudem,04,Dummugudem,578998,0000,VILLAGE,Laxmipuram,Rural,56,256,125,131,19,12,7,1,0,1,249,121,128,124,73,51,132,52,80,210,99,111,0,0,0,0,0,0,0,0,0,0,0,0,0,0,0,210,99,111,3,1,2,186,89,97,8,3,5,13,6,7,204,96,108,3,1,2,180,86,94,8,3,5,13,6,7,6,3,3,0,0,0,6,3,3,0,0,0,0,0,0,46,26,20
09,92,Bhadrachalam,Bhadradri Kothagudem,04,Dummugudem,578999,0000,VILLAGE,Gangavaram,Rural,41,174,99,75,13,8,5,0,0,0,163,92,71,72,43,29,102,56,46,137,74,63,0,0,0,0,0,0,0,0,0,0,0,0,0,0,0,137,74,63,1,1,0,124,66,58,6,3,3,6,4,2,135,72,63,1,1,0,124,66,58,5,2,3,5,3,2,2,2,0,0,0,0,0,0,0,1,1,0,1,1,0,37,25,12
09,92,Bhadrachalam,Bhadradri Kothagudem,04,Dummugudem,579000,0000,VILLAGE,Fowlerpeta,Rural,56,254,136,118,18,10,8,0,0,0,247,133,114,107,65,42,147,71,76,186,101,85,2,1,1,0,0,0,1,0,1,0,0,0,1,1,0,184,100,84,1,0,1,169,95,74,8,2,6,6,3,3,183,100,83,1,0,1,169,95,74,8,2,6,5,3,2,1,0,1,0,0,0,0,0,0,0,0,0,1,0,1,68,35,33
09,92,Bhadrachalam,Bhadradri Kothagudem,04,Dummugudem,579001,0000,VILLAGE,Narayanrao Peta,Rural,156,674,343,331,64,34,30,0,0,0,672,341,331,311,183,128,363,160,203,403,195,208,123,107,16,102,97,5,16,6,10,3,2,1,2,2,0,280,88,192,5,3,2,183,43,140,1,0,1,91,42,49,280,88,192,5,3,2,183,43,140,1,0,1,91,42,49,0,0,0,0,0,0,0,0,0,0,0,0,0,0,0,271,148,123
09,92,Bhadrachalam,Bhadradri Kothagudem,04,Dummugudem,579002,0000,VILLAGE,Gurralabailu,Rural,70,304,153,151,31,9,22,0,0,0,304,153,151,109,68,41,195,85,110,204,108,96,176,98,78,95,72,23,72,18,54,0,0,0,9,8,1,28,10,18,2,0,2,20,7,13,1,0,1,5,3,2,19,6,13,2,0,2,13,4,9,1,0,1,3,2,1,9,4,5,0,0,0,7,3,4,0,0,0,2,1,1,100,45,55
09,92,Bhadrachalam,Bhadradri Kothagudem,04,Dummugudem,579003,0000,VILLAGE,Lachigudem,Rural,179,781,388,393,82,41,41,7,5,2,768,379,389,339,200,139,442,188,254,514,247,267,214,116,98,209,113,96,1,0,1,1,0,1,3,3,0,300,131,169,95,61,34,152,54,98,4,1,3,49,15,34,181,87,94,92,60,32,84,25,59,2,1,1,3,1,2,119,44,75,3,1,2,68,29,39,2,0,2,46,14,32,267,141,126
09,92,Bhadrachalam,Bhadradri Kothagudem,04,Dummugudem,579004,0000,VILLAGE,Ramachandruni Peta,Rural,130,521,262,259,55,29,26,0,0,0,518,261,257,210,111,99,311,151,160,397,211,186,136,104,32,109,88,21,7,5,2,0,0,0,20,11,9,261,107,154,4,2,2,25,13,12,0,0,0,232,92,140,261,107,154,4,2,2,25,13,12,0,0,0,232,92,140,0,0,0,0,0,0,0,0,0,0,0,0,0,0,0,124,51,73
09,92,Bhadrachalam,Bhadradri Kothagudem,04,Dummugudem,579005,0000,VILLAGE,Bojjiguppa,Rural,42,178,83,95,24,8,16,0,0,0,178,83,95,60,34,26,118,49,69,129,65,64,45,33,12,40,32,8,0,0,0,0,0,0,5,1,4,84,32,52,0,0,0,6,4,2,0,0,0,78,28,50,84,32,52,0,0,0,6,4,2,0,0,0,78,28,50,0,0,0,0,0,0,0,0,0,0,0,0,0,0,0,49,18,31
09,92,Bhadrachalam,Bhadradri Kothagudem,04,Dummugudem,579006,0000,VILLAGE,Koya Narsapuram,Rural,152,675,299,376,90,41,49,0,0,0,653,289,364,253,139,114,422,160,262,395,163,232,385,160,225,344,150,194,16,4,12,4,2,2,21,4,17,10,3,7,2,1,1,1,0,1,3,0,3,4,2,2,10,3,7,2,1,1,1,0,1,3,0,3,4,2,2,0,0,0,0,0,0,0,0,0,0,0,0,0,0,0,280,136,144
09,92,Bhadrachalam,Bhadradri Kothagudem,04,Dummugudem,579007,0000,VILLAGE,Bheemavaram,Rural,101,473,230,243,57,33,24,0,0,0,451,218,233,176,94,82,297,136,161,303,148,155,293,147,146,137,113,24,146,27,119,1,1,0,9,6,3,10,1,9,3,0,3,4,0,4,0,0,0,3,1,2,9,1,8,2,0,2,4,0,4,0,0,0,3,1,2,1,0,1,1,0,1,0,0,0,0,0,0,0,0,0,170,82,88
09,92,Bhadrachalam,Bhadradri Kothagudem,04,Dummugudem,579008,0000,VILLAGE,Cherupalli,Rural,199,765,385,380,116,60,56,0,0,0,708,359,349,328,179,149,437,206,231,452,237,215,390,218,172,368,202,166,5,5,0,0,0,0,17,11,6,62,19,43,12,5,7,48,13,35,0,0,0,2,1,1,60,19,41,12,5,7,46,13,33,0,0,0,2,1,1,2,0,2,0,0,0,2,0,2,0,0,0,0,0,0,313,148,165
09,92,Bhadrachalam,Bhadradri Kothagudem,04,Dummugudem,579009,0000,VILLAGE,Marayagudem,Rural,208,876,423,453,110,58,52,0,0,0,826,399,427,349,185,164,527,238,289,560,270,290,347,242,105,216,201,15,127,38,89,2,2,0,2,1,1,213,28,185,7,6,1,191,12,179,5,3,2,10,7,3,202,21,181,7,6,1,190,11,179,2,2,0,3,2,1,11,7,4,0,0,0,1,1,0,3,1,2,7,5,2,316,153,163
09,92,Bhadrachalam,Bhadradri Kothagudem,04,Dummugudem,579010,0000,VILLAGE,"Jinnegattu	",Rural,23,93,46,47,10,3,7,0,0,0,92,46,46,24,19,5,69,27,42,72,37,35,72,37,35,20,17,3,51,20,31,0,0,0,1,0,1,0,0,0,0,0,0,0,0,0,0,0,0,0,0,0,0,0,0,0,0,0,0,0,0,0,0,0,0,0,0,0,0,0,0,0,0,0,0,0,0,0,0,0,0,0,21,9,12
09,92,Bhadrachalam,Bhadradri Kothagudem,04,Dummugudem,579011,0000,VILLAGE,Kothapalli,Rural,250,1010,494,516,132,65,67,0,0,0,975,476,499,393,219,174,617,275,342,612,287,325,493,259,234,205,153,52,263,93,170,1,0,1,24,13,11,119,28,91,4,0,4,112,26,86,1,0,1,2,2,0,118,27,91,4,0,4,112,26,86,1,0,1,1,1,0,1,1,0,0,0,0,0,0,0,0,0,0,1,1,0,398,207,191
09,92,Bhadrachalam,Bhadradri Kothagudem,04,Dummugudem,579012,0000,VILLAGE,Kommanapalli,Rural,40,180,91,89,20,13,7,0,0,0,180,91,89,70,40,30,110,51,59,98,55,43,98,55,43,92,53,39,4,1,3,0,0,0,2,1,1,0,0,0,0,0,0,0,0,0,0,0,0,0,0,0,0,0,0,0,0,0,0,0,0,0,0,0,0,0,0,0,0,0,0,0,0,0,0,0,0,0,0,0,0,0,82,36,46
09,92,Bhadrachalam,Bhadradri Kothagudem,19,Burgampadu,579335,0000,VILLAGE,Irvendi,Rural,492,1715,849,866,156,76,80,122,61,61,812,403,409,938,521,417,777,328,449,931,493,438,415,245,170,133,93,40,188,78,110,4,2,2,90,72,18,516,248,268,10,3,7,485,233,252,2,2,0,19,10,9,306,146,160,3,1,2,285,136,149,1,1,0,17,8,9,210,102,108,7,2,5,200,97,103,1,1,0,2,2,0,784,356,428
09,92,Bhadrachalam,Bhadradri Kothagudem,19,Burgampadu,579336,0000,VILLAGE,Mothepattinagar,Rural,301,1081,554,527,131,72,59,546,273,273,94,48,46,568,308,260,513,246,267,600,328,272,154,124,30,74,50,24,1,1,0,1,1,0,78,72,6,446,204,242,4,2,2,432,196,236,0,0,0,10,6,4,446,204,242,4,2,2,432,196,236,0,0,0,10,6,4,0,0,0,0,0,0,0,0,0,0,0,0,0,0,0,481,226,255
09,92,Bhadrachalam,Bhadradri Kothagudem,19,Burgampadu,579337,0000,VILLAGE,Nagineniprolu,Rural,1961,6839,3364,3475,651,333,318,1422,717,705,1144,573,571,4087,2252,1835,2752,1112,1640,3641,2033,1608,2730,1680,1050,312,248,64,1671,831,840,14,13,1,733,588,145,911,353,558,6,4,2,579,196,383,5,2,3,321,151,170,868,335,533,5,4,1,559,192,367,4,1,3,300,138,162,43,18,25,1,0,1,20,4,16,1,1,0,21,13,8,3198,1331,1867
09,92,Bhadrachalam,Bhadradri Kothagudem,19,Burgampadu,579339,0000,VILLAGE,Krishna Sagar,Rural,491,2091,1242,849,239,117,122,409,210,199,1541,952,589,991,735,256,1100,507,593,1065,553,512,841,453,388,238,126,112,541,275,266,3,2,1,59,50,9,224,100,124,0,0,0,219,97,122,0,0,0,5,3,2,219,99,120,0,0,0,215,96,119,0,0,0,4,3,1,5,1,4,0,0,0,4,1,3,0,0,0,1,0,1,1026,689,337
09,92,Bhadrachalam,Bhadradri Kothagudem,19,Burgampadu,579340,0000,VILLAGE,Uppusaka,Rural,569,2074,1150,924,266,142,124,304,157,147,1683,949,734,871,612,259,1203,538,665,1352,675,677,1306,646,660,425,217,208,832,400,432,4,0,4,45,29,16,46,29,17,2,1,1,42,28,14,0,0,0,2,0,2,6,2,4,1,0,1,4,2,2,0,0,0,1,0,1,40,27,13,1,1,0,38,26,12,0,0,0,1,0,1,722,475,247
09,92,Bhadrachalam,Bhadradri Kothagudem,19,Burgampadu,579341,0000,VILLAGE,Pinapakapattinagar,Rural,477,1693,856,837,145,69,76,990,494,496,242,135,107,1085,637,448,608,219,389,956,506,450,801,452,349,222,132,90,415,185,230,0,0,0,164,135,29,155,54,101,14,2,12,123,38,85,1,0,1,17,14,3,124,38,86,9,2,7,100,25,75,1,0,1,14,11,3,31,16,15,5,0,5,23,13,10,0,0,0,3,3,0,737,350,387
09,92,Bhadrachalam,Bhadradri Kothagudem,19,Burgampadu,579342,0000,VILLAGE,Sampalle,Rural,343,1105,558,547,123,62,61,405,209,196,303,152,151,549,310,239,556,248,308,748,378,370,727,374,353,3,2,1,716,367,349,1,1,0,7,4,3,21,4,17,0,0,0,16,1,15,1,1,0,4,2,2,13,3,10,0,0,0,9,0,9,1,1,0,3,2,1,8,1,7,0,0,0,7,1,6,0,0,0,1,0,1,357,180,177
09,92,Bhadrachalam,Bhadradri Kothagudem,19,Burgampadu,579343,0000,VILLAGE,Morampally,Rural,1950,7022,3521,3501,688,334,354,601,300,301,2846,1399,1447,3950,2250,1700,3072,1271,1801,3851,2031,1820,2967,1636,1331,573,378,195,1849,846,1003,90,69,21,455,343,112,884,395,489,44,28,16,761,316,445,7,4,3,72,47,25,865,389,476,44,28,16,747,311,436,6,4,2,68,46,22,19,6,13,0,0,0,14,5,9,1,0,1,4,1,3,3171,1490,1681
09,92,Bhadrachalam,Bhadradri Kothagudem,19,Burgampadu,579344,0000,VILLAGE,Nakirapeta,Rural,282,1074,531,543,127,60,67,26,9,17,768,380,388,477,278,199,597,253,344,688,346,342,457,285,172,153,108,45,256,137,119,2,2,0,46,38,8,231,61,170,6,3,3,219,57,162,1,0,1,5,1,4,173,37,136,6,3,3,165,33,132,0,0,0,2,1,1,58,24,34,0,0,0,54,24,30,1,0,1,3,0,3,386,185,201
09,92,Bhadrachalam,Bhadradri Kothagudem,19,Burgampadu,579345,0000,VILLAGE,Burgampadu,Rural,2750,10235,5078,5157,970,504,466,2021,971,1050,1118,617,501,6118,3348,2770,4117,1730,2387,5196,2971,2225,4079,2425,1654,776,580,196,2398,1115,1283,27,16,11,878,714,164,1117,546,571,78,53,25,809,335,474,31,18,13,199,140,59,936,456,480,76,52,24,675,272,403,7,3,4,178,129,49,181,90,91,2,1,1,134,63,71,24,15,9,21,11,10,5039,2107,2932
09,91,Kothagudem,Bhadradri Kothagudem,18,Palawancha,579353,0000,VILLAGE,Chandralagudem,Rural,292,1135,582,553,172,92,80,0,0,0,1111,568,543,415,242,173,720,340,380,740,378,362,737,376,361,234,227,7,498,146,352,0,0,0,5,3,2,3,2,1,1,1,0,2,1,1,0,0,0,0,0,0,3,2,1,1,1,0,2,1,1,0,0,0,0,0,0,0,0,0,0,0,0,0,0,0,0,0,0,0,0,0,395,204,191
09,91,Kothagudem,Bhadradri Kothagudem,18,Palawancha,579354,0000,VILLAGE,Vulavanoor,Rural,793,3357,1712,1645,385,181,204,344,173,171,2275,1177,1098,1595,986,609,1762,726,1036,2074,1056,1018,1961,1003,958,917,583,334,994,388,606,8,5,3,42,27,15,113,53,60,2,0,2,90,42,48,0,0,0,21,11,10,109,53,56,2,0,2,86,42,44,0,0,0,21,11,10,4,0,4,0,0,0,4,0,4,0,0,0,0,0,0,1283,656,627
09,91,Kothagudem,Bhadradri Kothagudem,18,Palawancha,579355,0000,VILLAGE,Karegattu,Rural,267,950,487,463,117,64,53,0,0,0,548,283,265,445,262,183,505,225,280,662,336,326,632,325,307,245,134,111,356,170,186,1,0,1,30,21,9,30,11,19,2,0,2,28,11,17,0,0,0,0,0,0,1,1,0,0,0,0,1,1,0,0,0,0,0,0,0,29,10,19,2,0,2,27,10,17,0,0,0,0,0,0,288,151,137
09,91,Kothagudem,Bhadradri Kothagudem,18,Palawancha,579356,0000,VILLAGE,Yanambailu,Rural,750,3839,2447,1392,329,161,168,230,138,92,1570,1299,271,2612,1944,668,1227,503,724,1676,869,807,1207,654,553,274,148,126,685,326,359,8,3,5,240,177,63,469,215,254,11,5,6,409,181,228,4,2,2,45,27,18,425,195,230,5,1,4,377,169,208,2,1,1,41,24,17,44,20,24,6,4,2,32,12,20,2,1,1,4,3,1,2163,1578,585
09,91,Kothagudem,Bhadradri Kothagudem,18,Palawancha,579357,0000,VILLAGE,Sarekal,Rural,68,235,119,116,20,13,7,0,0,0,79,44,35,95,50,45,140,69,71,163,87,76,159,86,73,124,63,61,27,16,11,2,2,0,6,5,1,4,1,3,2,1,1,2,0,2,0,0,0,0,0,0,3,0,3,1,0,1,2,0,2,0,0,0,0,0,0,1,1,0,1,1,0,0,0,0,0,0,0,0,0,0,72,32,40
09,91,Kothagudem,Bhadradri Kothagudem,18,Palawancha,579358,0000,VILLAGE,Pandurangapuram,Rural,1352,4899,2462,2437,493,263,230,334,176,158,1244,647,597,2633,1510,1123,2266,952,1314,2794,1455,1339,2615,1379,1236,766,452,314,1450,605,845,39,36,3,360,286,74,179,76,103,17,8,9,149,59,90,3,2,1,10,7,3,100,42,58,15,7,8,78,32,46,2,1,1,5,2,3,79,34,45,2,1,1,71,27,44,1,1,0,5,5,0,2105,1007,1098
09,91,Kothagudem,Bhadradri Kothagudem,18,Palawancha,579359,0000,VILLAGE,Suraram,Rural,446,1791,916,875,146,82,64,6,3,3,1291,645,646,892,534,358,899,382,517,1064,531,533,1053,526,527,59,49,10,881,393,488,3,3,0,110,81,29,11,5,6,5,3,2,5,2,3,0,0,0,1,0,1,7,4,3,5,3,2,2,1,1,0,0,0,0,0,0,4,1,3,0,0,0,3,1,2,0,0,0,1,0,1,727,385,342
09,91,Kothagudem,Bhadradri Kothagudem,18,Palawancha,579360,0000,VILLAGE,Payakari Yanambylu,Rural,784,3005,1495,1510,326,179,147,224,112,112,2083,1042,1041,1478,839,639,1527,656,871,1781,933,848,1693,917,776,742,416,326,838,411,427,2,2,0,111,88,23,88,16,72,12,2,10,66,5,61,0,0,0,10,9,1,88,16,72,12,2,10,66,5,61,0,0,0,10,9,1,0,0,0,0,0,0,0,0,0,0,0,0,0,0,0,1224,562,662
09,91,Kothagudem,Bhadradri Kothagudem,18,Palawancha,579361,0000,VILLAGE,Laxmidevipalle,Rural,322,1213,594,619,133,67,66,230,112,118,395,189,206,891,472,419,322,122,200,493,309,184,353,290,63,12,11,1,38,22,16,6,4,2,297,253,44,140,19,121,6,1,5,46,3,43,6,0,6,82,15,67,140,19,121,6,1,5,46,3,43,6,0,6,82,15,67,0,0,0,0,0,0,0,0,0,0,0,0,0,0,0,720,285,435
09,91,Kothagudem,Bhadradri Kothagudem,18,Palawancha,579362,0000,VILLAGE,Somulagudem,Rural,766,2889,1442,1447,283,132,151,235,120,115,1137,558,579,1786,1024,762,1103,418,685,1607,867,740,1392,810,582,224,129,95,794,376,418,13,8,5,361,297,64,215,57,158,8,2,6,170,42,128,5,0,5,32,13,19,204,52,152,7,1,6,166,40,126,3,0,3,28,11,17,11,5,6,1,1,0,4,2,2,2,0,2,4,2,2,1282,575,707
09,91,Kothagudem,Bhadradri Kothagudem,18,Palawancha,579363,0000,VILLAGE,Rangapuram,Rural,173,665,340,325,61,38,23,14,7,7,599,310,289,329,195,134,336,145,191,376,183,193,368,179,189,147,72,75,139,43,96,2,0,2,80,64,16,8,4,4,1,1,0,6,2,4,0,0,0,1,1,0,5,3,2,0,0,0,4,2,2,0,0,0,1,1,0,3,1,2,1,1,0,2,0,2,0,0,0,0,0,0,289,157,132
09,91,Kothagudem,Bhadradri Kothagudem,18,Palawancha,579364,0000,VILLAGE,Nagaram,Rural,1177,4320,2144,2176,363,189,174,473,225,248,1700,842,858,2416,1367,1049,1904,777,1127,2348,1241,1107,2171,1185,986,464,342,122,1284,505,779,44,36,8,379,302,77,177,56,121,5,2,3,149,35,114,4,4,0,19,15,4,158,47,111,5,2,3,137,32,105,4,4,0,12,9,3,19,9,10,0,0,0,12,3,9,0,0,0,7,6,1,1972,903,1069
09,91,Kothagudem,Bhadradri Kothagudem,18,Palawancha,579365,0000,VILLAGE,Thogugudem,Rural,367,1353,662,691,159,71,88,43,24,19,1178,578,600,561,338,223,792,324,468,891,448,443,891,448,443,182,93,89,296,121,175,0,0,0,413,234,179,0,0,0,0,0,0,0,0,0,0,0,0,0,0,0,0,0,0,0,0,0,0,0,0,0,0,0,0,0,0,0,0,0,0,0,0,0,0,0,0,0,0,0,0,0,462,214,248
09,91,Kothagudem,Bhadradri Kothagudem,18,Palawancha,579366,0000,VILLAGE,Repallewada,Rural,167,615,315,300,49,28,21,186,95,91,122,68,54,334,198,136,281,117,164,396,189,207,392,185,207,85,42,43,286,125,161,3,3,0,18,15,3,4,4,0,0,0,0,0,0,0,0,0,0,4,4,0,4,4,0,0,0,0,0,0,0,0,0,0,4,4,0,0,0,0,0,0,0,0,0,0,0,0,0,0,0,0,219,126,93
09,91,Kothagudem,Bhadradri Kothagudem,18,Palawancha,579368,0000,VILLAGE,Narayanarao peta,Rural,116,413,204,209,22,11,11,192,103,89,3,2,1,267,142,125,146,62,84,233,122,111,220,115,105,65,37,28,130,59,71,4,1,3,21,18,3,13,7,6,0,0,0,11,7,4,0,0,0,2,0,2,3,0,3,0,0,0,1,0,1,0,0,0,2,0,2,10,7,3,0,0,0,10,7,3,0,0,0,0,0,0,180,82,98
09,91,Kothagudem,Bhadradri Kothagudem,18,Palawancha,579369,0000,VILLAGE,Sangam,Rural,177,561,273,288,63,34,29,291,139,152,1,0,1,324,164,160,237,109,128,323,175,148,323,175,148,9,6,3,294,154,140,1,1,0,19,14,5,0,0,0,0,0,0,0,0,0,0,0,0,0,0,0,0,0,0,0,0,0,0,0,0,0,0,0,0,0,0,0,0,0,0,0,0,0,0,0,0,0,0,0,0,0,238,98,140
09,91,Kothagudem,Bhadradri Kothagudem,18,Palawancha,579370,0000,VILLAGE,Danthelabora,Rural,577,2097,1056,1041,225,112,113,596,304,292,158,81,77,1070,591,479,1027,465,562,1276,680,596,1265,676,589,401,288,113,813,346,467,8,7,1,43,35,8,11,4,7,4,2,2,5,0,5,1,1,0,1,1,0,7,2,5,2,1,1,4,0,4,1,1,0,0,0,0,4,2,2,2,1,1,1,0,1,0,0,0,1,1,0,821,376,445
09,91,Kothagudem,Bhadradri Kothagudem,18,Palawancha,579371,0000,VILLAGE,Gangadeviguppa,Rural,90,336,180,156,38,17,21,0,0,0,325,174,151,113,70,43,223,110,113,235,130,105,212,119,93,33,19,14,178,100,78,0,0,0,1,0,1,23,11,12,3,0,3,20,11,9,0,0,0,0,0,0,6,1,5,2,0,2,4,1,3,0,0,0,0,0,0,17,10,7,1,0,1,16,10,6,0,0,0,0,0,0,101,50,51
09,91,Kothagudem,Bhadradri Kothagudem,17,Laxmidevipalli,579372,0000,VILLAGE,Punukuduchelka,Rural,161,671,341,330,70,36,34,0,0,0,663,339,324,317,186,131,354,155,199,416,203,213,416,203,213,404,200,204,10,2,8,0,0,0,2,1,1,0,0,0,0,0,0,0,0,0,0,0,0,0,0,0,0,0,0,0,0,0,0,0,0,0,0,0,0,0,0,0,0,0,0,0,0,0,0,0,0,0,0,0,0,0,255,138,117
09,91,Kothagudem,Bhadradri Kothagudem,17,Laxmidevipalli,579373,0000,VILLAGE,Bangaru Chelka,Rural,684,2829,1443,1386,342,179,163,368,193,175,2094,1067,1027,1437,826,611,1392,617,775,1728,887,841,1680,866,814,942,600,342,718,248,470,1,1,0,19,17,2,48,21,27,21,15,6,25,5,20,0,0,0,2,1,1,44,18,26,18,13,5,24,4,20,0,0,0,2,1,1,4,3,1,3,2,1,1,1,0,0,0,0,0,0,0,1101,556,545
09,91,Kothagudem,Bhadradri Kothagudem,17,Laxmidevipalli,579375,0000,VILLAGE,Gattumalla,Rural,691,2468,1211,1257,295,152,143,87,41,46,1750,861,889,1245,683,562,1223,528,695,1661,812,849,1402,696,706,668,334,334,709,345,364,1,1,0,24,16,8,259,116,143,19,7,12,231,104,127,7,3,4,2,2,0,248,111,137,19,7,12,227,102,125,0,0,0,2,2,0,11,5,6,0,0,0,4,2,2,7,3,4,0,0,0,807,399,408
09,91,Kothagudem,Bhadradri Kothagudem,17,Laxmidevipalli,579376,0000,VILLAGE,Regalla,Rural,1261,5093,2713,2380,530,258,272,187,96,91,3479,1901,1578,2644,1711,933,2449,1002,1447,2827,1434,1393,2070,1128,942,790,488,302,999,480,519,168,83,85,113,77,36,757,306,451,28,16,12,603,240,363,21,2,19,105,48,57,675,282,393,26,15,11,531,222,309,18,1,17,100,44,56,82,24,58,2,1,1,72,18,54,3,1,2,5,4,1,2266,1279,987
09,91,Kothagudem,Bhadradri Kothagudem,17,Laxmidevipalli,579377,0000,VILLAGE,Kunaram,Rural,36,138,67,71,19,11,8,1,0,1,116,59,57,54,30,24,84,37,47,87,43,44,5,3,2,2,1,1,0,0,0,1,1,0,2,1,1,82,40,42,13,13,0,66,26,40,0,0,0,3,1,2,18,15,3,13,13,0,2,1,1,0,0,0,3,1,2,64,25,39,0,0,0,64,25,39,0,0,0,0,0,0,51,24,27
09,91,Kothagudem,Bhadradri Kothagudem,17,Laxmidevipalli,579378,0000,VILLAGE,Chatakonda (R),Rural,704,2701,1320,1381,288,149,139,488,235,253,202,104,98,1746,917,829,955,403,552,1242,761,481,801,573,228,85,73,12,394,228,166,17,13,4,305,259,46,441,188,253,13,5,8,332,133,199,7,2,5,89,48,41,323,132,191,13,5,8,254,96,158,6,2,4,50,29,21,118,56,62,0,0,0,78,37,41,1,0,1,39,19,20,1459,559,900
09,91,Kothagudem,Bhadradri Kothagudem,17,Laxmidevipalli,579379,0000,VILLAGE,Karukonda,Rural,2831,10751,5354,5397,1162,583,579,1474,740,734,5513,2765,2748,5871,3385,2486,4880,1969,2911,5715,3070,2645,3072,1898,1174,556,384,172,1400,662,738,80,45,35,1036,807,229,2643,1172,1471,495,231,264,1653,660,993,67,25,42,428,256,172,2097,919,1178,468,219,249,1278,497,781,52,17,35,299,186,113,546,253,293,27,12,15,375,163,212,15,8,7,129,70,59,5036,2284,2752
09,91,Kothagudem,Bhadradri Kothagudem,15,Sujathanagar,579380,0000,VILLAGE,Singabhupalam,Rural,1514,5643,2844,2799,650,350,300,498,244,254,3388,1746,1642,2664,1540,1124,2979,1304,1675,3348,1654,1694,2886,1464,1422,824,501,323,1851,836,1015,28,18,10,183,109,74,462,190,272,36,18,18,363,143,220,9,6,3,54,23,31,386,160,226,28,15,13,306,118,188,6,5,1,46,22,24,76,30,46,8,3,5,57,25,32,3,1,2,8,1,7,2295,1190,1105
09,91,Kothagudem,Bhadradri Kothagudem,15,Sujathanagar,579381,0000,VILLAGE,Sarvaram,Rural,1072,4315,2279,2036,470,240,230,20,9,11,4100,2169,1931,2055,1328,727,2260,951,1309,2119,1077,1042,1981,1017,964,373,230,143,1325,554,771,2,2,0,281,231,50,138,60,78,8,3,5,98,33,65,0,0,0,32,24,8,130,54,76,8,3,5,96,33,63,0,0,0,26,18,8,8,6,2,0,0,0,2,0,2,0,0,0,6,6,0,2196,1202,994
09,91,Kothagudem,Bhadradri Kothagudem,14,Chunchupally,579382,0000,VILLAGE,Penuballi,Rural,379,1210,600,610,123,57,66,460,228,232,285,135,150,574,326,248,636,274,362,764,392,372,734,375,359,51,35,16,602,281,321,8,8,0,73,51,22,30,17,13,0,0,0,17,6,11,1,0,1,12,11,1,30,17,13,0,0,0,17,6,11,1,0,1,12,11,1,0,0,0,0,0,0,0,0,0,0,0,0,0,0,0,446,208,238
09,91,Kothagudem,Bhadradri Kothagudem,15,Sujathanagar,579383,0000,VILLAGE,Sujathanagar,Rural,2816,10654,5331,5323,1153,595,558,1308,650,658,3929,1968,1961,5797,3254,2543,4857,2077,2780,5737,3150,2587,4314,2490,1824,667,477,190,2775,1342,1433,45,28,17,827,643,184,1423,660,763,65,44,21,1052,446,606,23,12,11,283,158,125,1287,607,680,63,42,21,1004,430,574,17,9,8,203,126,77,136,53,83,2,2,0,48,16,32,6,3,3,80,32,48,4917,2181,2736
09,91,Kothagudem,Bhadradri Kothagudem,15,Sujathanagar,579384,0000,VILLAGE,Raghavapuram,Rural,402,1559,790,769,153,85,68,366,191,175,395,205,190,909,499,410,650,291,359,950,474,476,940,471,469,166,86,80,692,322,370,21,18,3,61,45,16,10,3,7,1,1,0,8,1,7,0,0,0,1,1,0,10,3,7,1,1,0,8,1,7,0,0,0,1,1,0,0,0,0,0,0,0,0,0,0,0,0,0,0,0,0,609,316,293
09,91,Kothagudem,Bhadradri Kothagudem,15,Sujathanagar,579385,0000,VILLAGE,Seethampeta,Rural,657,2628,1315,1313,298,151,147,156,81,75,2024,1012,1012,1380,827,553,1248,488,760,1467,728,739,1188,613,575,187,119,68,914,423,491,3,2,1,84,69,15,279,115,164,17,5,12,245,99,146,1,1,0,16,10,6,172,62,110,15,3,12,143,51,92,1,1,0,13,7,6,107,53,54,2,2,0,102,48,54,0,0,0,3,3,0,1161,587,574
09,91,Kothagudem,Bhadradri Kothagudem,15,Sujathanagar,579386,0000,VILLAGE,Gareebpeta,Rural,595,2120,1044,1076,255,131,124,199,97,102,399,200,199,1093,605,488,1027,439,588,1235,641,594,1093,580,513,170,126,44,733,311,422,11,7,4,179,136,43,142,61,81,11,5,6,60,30,30,6,0,6,65,26,39,136,58,78,11,5,6,55,28,27,6,0,6,64,25,39,6,3,3,0,0,0,5,2,3,0,0,0,1,1,0,885,403,482
09,91,Kothagudem,Bhadradri Kothagudem,14,Chunchupally,579387,0000,VILLAGE,Penagadapa,Rural,3929,15910,8023,7887,1170,580,590,4129,2048,2081,971,477,494,11595,6367,5228,4315,1656,2659,5634,4222,1412,3977,3125,852,110,78,32,1141,597,544,97,88,9,2629,2362,267,1657,1097,560,51,29,22,966,560,406,83,64,19,557,444,113,1454,960,494,47,26,21,919,536,383,64,50,14,424,348,76,203,137,66,4,3,1,47,24,23,19,14,5,133,96,37,10276,3801,6475
09,91,Kothagudem,Bhadradri Kothagudem,10,Tekulapalle,579391,0000,VILLAGE,Bodu,Rural,1140,4094,2041,2053,463,229,234,109,58,51,3421,1716,1705,1771,1042,729,2323,999,1324,2477,1255,1222,2222,1131,1091,1379,761,618,628,260,368,49,27,22,166,83,83,255,124,131,38,24,14,132,49,83,6,5,1,79,46,33,194,102,92,34,24,10,85,31,54,6,5,1,69,42,27,61,22,39,4,0,4,47,18,29,0,0,0,10,4,6,1617,786,831
09,91,Kothagudem,Bhadradri Kothagudem,10,Tekulapalle,579392,0000,VILLAGE,Koppurai,Rural,948,3489,1778,1711,356,201,155,353,181,172,2770,1421,1349,1633,954,679,1856,824,1032,2215,1137,1078,1873,978,895,1463,785,678,277,113,164,46,30,16,87,50,37,342,159,183,58,33,25,176,76,100,5,3,2,103,47,56,323,153,170,51,30,21,171,76,95,2,2,0,99,45,54,19,6,13,7,3,4,5,0,5,3,1,2,4,2,2,1274,641,633
09,91,Kothagudem,Bhadradri Kothagudem,10,Tekulapalle,579393,0000,VILLAGE,Gangaram,Rural,1306,5384,2729,2655,518,249,269,342,159,183,4422,2234,2188,2821,1669,1152,2563,1060,1503,3231,1600,1631,2647,1417,1230,1774,987,787,689,336,353,9,4,5,175,90,85,584,183,401,49,26,23,343,72,271,22,6,16,170,79,91,568,176,392,46,24,22,338,71,267,22,6,16,162,75,87,16,7,9,3,2,1,5,1,4,0,0,0,8,4,4,2153,1129,1024
09,91,Kothagudem,Bhadradri Kothagudem,10,Tekulapalle,579394,0000,VILLAGE,Bethampudi,Rural,6619,25461,12747,12714,2615,1388,1227,1378,690,688,19303,9623,9680,12711,7368,5343,12750,5379,7371,13203,7031,6172,11264,6300,4964,3957,2613,1344,6003,2745,3258,175,80,95,1129,862,267,1939,731,1208,193,88,105,1465,513,952,27,11,16,254,119,135,1809,704,1105,190,88,102,1349,490,859,27,11,16,243,115,128,130,27,103,3,0,3,116,23,93,0,0,0,11,4,7,12258,5716,6542
09,91,Kothagudem,Bhadradri Kothagudem,10,Tekulapalle,579395,0000,VILLAGE,Pegallapadu,Rural,1098,4088,2060,2028,399,213,186,374,167,207,3176,1625,1551,2063,1221,842,2025,839,1186,2333,1167,1166,2072,1088,984,617,376,241,1316,622,694,20,14,6,119,76,43,261,79,182,21,11,10,213,55,158,5,2,3,22,11,11,252,75,177,21,11,10,204,51,153,5,2,3,22,11,11,9,4,5,0,0,0,9,4,5,0,0,0,0,0,0,1755,893,862
09,91,Kothagudem,Bhadradri Kothagudem,10,Tekulapalle,579396,0000,VILLAGE,Gollapalle,Rural,1334,5363,2674,2689,593,299,294,415,201,214,4033,2044,1989,2526,1459,1067,2837,1215,1622,3263,1596,1667,2951,1447,1504,1326,693,633,1346,561,785,43,25,18,236,168,68,312,149,163,52,29,23,242,110,132,3,2,1,15,8,7,163,88,75,47,29,18,101,51,50,1,1,0,14,7,7,149,61,88,5,0,5,141,59,82,2,1,1,1,1,0,2100,1078,1022
09,91,Kothagudem,Bhadradri Kothagudem,09,Yellandu,579397,0000,VILLAGE,Mamidigundala,Rural,340,1276,641,635,143,82,61,38,18,20,1148,577,571,616,355,261,660,286,374,831,426,405,794,419,375,587,335,252,175,62,113,0,0,0,32,22,10,37,7,30,10,2,8,25,4,21,0,0,0,2,1,1,26,6,20,10,2,8,15,3,12,0,0,0,1,1,0,11,1,10,0,0,0,10,1,9,0,0,0,1,0,1,445,215,230
09,91,Kothagudem,Bhadradri Kothagudem,09,Yellandu,579398,0000,VILLAGE,Challa Samudram,Rural,2355,8765,4517,4248,812,414,398,547,271,276,5337,2838,2499,4731,2895,1836,4034,1622,2412,4645,2454,2191,4134,2260,1874,766,583,183,2790,1236,1554,26,22,4,552,419,133,511,194,317,27,19,8,420,124,296,0,0,0,64,51,13,505,193,312,24,18,6,418,124,294,0,0,0,63,51,12,6,1,5,3,1,2,2,0,2,0,0,0,1,0,1,4120,2063,2057
09,91,Kothagudem,Bhadradri Kothagudem,09,Yellandu,579399,0000,VILLAGE,Rompaid,Rural,4435,17030,8130,8900,1553,768,785,3036,1498,1538,8557,3879,4678,10402,5482,4920,6628,2648,3980,7746,4601,3145,5710,3775,1935,1338,1011,327,2276,1021,1255,73,51,22,2023,1692,331,2036,826,1210,117,46,71,1483,535,948,70,30,40,366,215,151,1820,749,1071,102,43,59,1338,487,851,49,20,29,331,199,132,216,77,139,15,3,12,145,48,97,21,10,11,35,16,19,9284,3529,5755
09,91,Kothagudem,Bhadradri Kothagudem,09,Yellandu,579400,0000,VILLAGE,Komararam,Rural,2895,11113,5617,5496,1426,765,661,643,328,315,8039,4088,3951,4893,2907,1986,6220,2710,3510,7007,3505,3502,4985,2832,2153,2919,1807,1112,1816,873,943,92,54,38,158,98,60,2022,673,1349,137,49,88,1591,486,1105,138,47,91,156,91,65,1777,591,1186,130,47,83,1466,446,1020,49,16,33,132,82,50,245,82,163,7,2,5,125,40,85,89,31,58,24,9,15,4106,2112,1994
09,91,Kothagudem,Bhadradri Kothagudem,09,Yellandu,579401,0000,VILLAGE,Sudimalla,Rural,4918,19638,9458,10180,1875,933,942,1742,827,915,7984,3703,4281,12290,6557,5733,7348,2901,4447,8497,5097,3400,5132,3469,1663,660,491,169,2120,1024,1096,127,99,28,2225,1855,370,3365,1628,1737,242,167,75,2472,1007,1465,49,36,13,602,418,184,3018,1492,1526,233,164,69,2258,934,1324,44,32,12,483,362,121,347,136,211,9,3,6,214,73,141,5,4,1,119,56,63,11141,4361,6780
09,91,Kothagudem,Bhadradri Kothagudem,09,Yellandu,579402,0000,VILLAGE,Raghaboingudem,Rural,699,2516,1247,1269,234,94,140,513,247,266,1630,809,821,1275,743,532,1241,504,737,1494,788,706,1191,727,464,657,487,170,485,204,281,5,5,0,44,31,13,303,61,242,28,13,15,245,42,203,15,1,14,15,5,10,244,38,206,6,2,4,214,33,181,13,1,12,11,2,9,59,23,36,22,11,11,31,9,22,2,0,2,4,3,1,1022,459,563
09,91,Kothagudem,Bhadradri Kothagudem,08,Gundala,579403,0000,VILLAGE,Lingagudem,Rural,645,2487,1199,1288,319,174,145,217,112,105,2238,1069,1169,918,510,408,1569,689,880,1474,705,769,1223,694,529,819,672,147,384,15,369,0,0,0,20,7,13,251,11,240,234,7,227,15,4,11,1,0,1,1,0,1,241,7,234,229,6,223,10,1,9,1,0,1,1,0,1,10,4,6,5,1,4,5,3,2,0,0,0,0,0,0,1013,494,519
09,91,Kothagudem,Bhadradri Kothagudem,08,Gundala,579404,0000,VILLAGE,Sayanpalle,Rural,426,1737,893,844,229,125,104,59,32,27,1603,820,783,770,447,323,967,446,521,991,492,499,973,485,488,564,294,270,385,183,202,1,0,1,23,8,15,18,7,11,4,1,3,5,2,3,1,1,0,8,3,5,18,7,11,4,1,3,5,2,3,1,1,0,8,3,5,0,0,0,0,0,0,0,0,0,0,0,0,0,0,0,746,401,345
09,91,Kothagudem,Bhadradri Kothagudem,08,Gundala,579405,0000,VILLAGE,Chinna Venkatapuram,Rural,31,128,65,63,29,15,14,0,0,0,124,63,61,49,23,26,79,42,37,80,42,38,80,42,38,80,42,38,0,0,0,0,0,0,0,0,0,0,0,0,0,0,0,0,0,0,0,0,0,0,0,0,0,0,0,0,0,0,0,0,0,0,0,0,0,0,0,0,0,0,0,0,0,0,0,0,0,0,0,0,0,0,48,23,25
09,91,Kothagudem,Bhadradri Kothagudem,08,Gundala,579406,0000,VILLAGE,Damarathogu,Rural,156,643,335,308,91,45,46,88,47,41,555,288,267,311,189,122,332,146,186,392,201,191,389,200,189,381,196,185,6,3,3,0,0,0,2,1,1,3,1,2,3,1,2,0,0,0,0,0,0,0,0,0,3,1,2,3,1,2,0,0,0,0,0,0,0,0,0,0,0,0,0,0,0,0,0,0,0,0,0,0,0,0,251,134,117
09,91,Kothagudem,Bhadradri Kothagudem,07,Allapalli,579407,0000,VILLAGE,Adaviramavaram,Rural,48,213,106,107,31,16,15,0,0,0,212,105,107,82,45,37,131,61,70,124,60,64,108,57,51,108,57,51,0,0,0,0,0,0,0,0,0,16,3,13,8,1,7,8,2,6,0,0,0,0,0,0,16,3,13,8,1,7,8,2,6,0,0,0,0,0,0,0,0,0,0,0,0,0,0,0,0,0,0,0,0,0,89,46,43
09,91,Kothagudem,Bhadradri Kothagudem,07,Allapalli,579408,0000,VILLAGE,Markode,Rural,1269,5187,2594,2593,602,290,312,504,274,230,3819,1895,1924,2825,1590,1235,2362,1004,1358,3129,1594,1535,1877,1209,668,1124,913,211,631,215,416,27,19,8,95,62,33,1252,385,867,61,29,32,876,261,615,138,12,126,177,83,94,1163,334,829,55,28,27,826,230,596,130,7,123,152,69,83,89,51,38,6,1,5,50,31,19,8,5,3,25,14,11,2058,1000,1058
09,91,Kothagudem,Bhadradri Kothagudem,07,Allapalli,579410,0000,VILLAGE,Pedda Venkatapuram,Rural,115,492,237,255,62,29,33,19,5,14,464,227,237,161,79,82,331,158,173,150,111,39,146,109,37,90,81,9,53,27,26,0,0,0,3,1,2,4,2,2,1,1,0,1,0,1,0,0,0,2,1,1,4,2,2,1,1,0,1,0,1,0,0,0,2,1,1,0,0,0,0,0,0,0,0,0,0,0,0,0,0,0,342,126,216
09,91,Kothagudem,Bhadradri Kothagudem,07,Allapalli,579411,0000,VILLAGE,Allapalle,Rural,727,2769,1380,1389,338,167,171,169,90,79,1174,567,607,1466,823,643,1303,557,746,1521,831,690,727,482,245,365,290,75,215,109,106,45,27,18,102,56,46,794,349,445,197,123,74,527,186,341,36,24,12,34,16,18,635,284,351,174,108,66,412,146,266,27,19,8,22,11,11,159,65,94,23,15,8,115,40,75,9,5,4,12,5,7,1248,549,699
09,91,Kothagudem,Bhadradri Kothagudem,07,Allapalli,579413,0000,VILLAGE,Ramanujagudem,Rural,287,1179,567,612,148,75,73,53,30,23,1087,516,571,598,311,287,581,256,325,706,362,344,458,292,166,341,227,114,96,49,47,6,5,1,15,11,4,248,70,178,17,11,6,189,39,150,13,8,5,29,12,17,232,65,167,14,10,4,180,36,144,13,8,5,25,11,14,16,5,11,3,1,2,9,3,6,0,0,0,4,1,3,473,205,268
09,91,Kothagudem,Bhadradri Kothagudem,08,Gundala,579414,0000,VILLAGE,Mamakannu,Rural,231,949,494,455,107,55,52,42,21,21,853,445,408,507,303,204,442,191,251,660,344,316,332,224,108,253,178,75,43,22,21,1,1,0,35,23,12,328,120,208,122,35,87,198,79,119,5,3,2,3,3,0,235,58,177,75,6,69,155,48,107,4,3,1,1,1,0,93,62,31,47,29,18,43,31,12,1,0,1,2,2,0,289,150,139
09,91,Kothagudem,Bhadradri Kothagudem,08,Gundala,579415,0000,VILLAGE,Muthapuram,Rural,715,2649,1379,1270,298,160,138,198,107,91,2391,1238,1153,1322,779,543,1327,600,727,1619,820,799,914,669,245,510,468,42,369,182,187,3,3,0,32,16,16,705,151,554,592,116,476,76,22,54,3,0,3,34,13,21,576,75,501,480,44,436,60,18,42,3,0,3,33,13,20,129,76,53,112,72,40,16,4,12,0,0,0,1,0,1,1030,559,471
09,91,Kothagudem,Bhadradri Kothagudem,08,Gundala,579416,0000,VILLAGE,Konavarigudem,Rural,27,112,57,55,15,6,9,0,0,0,71,35,36,58,38,20,54,19,35,58,28,30,55,26,29,36,17,19,13,7,6,0,0,0,6,2,4,3,2,1,0,0,0,3,2,1,0,0,0,0,0,0,2,2,0,0,0,0,2,2,0,0,0,0,0,0,0,1,0,1,0,0,0,1,0,1,0,0,0,0,0,0,54,29,25
09,91,Kothagudem,Bhadradri Kothagudem,08,Gundala,579417,0000,VILLAGE,Gundala,Rural,870,3612,2015,1597,410,203,207,233,126,107,2054,1182,872,2058,1341,717,1554,674,880,1844,986,858,1449,820,629,773,470,303,258,70,188,34,24,10,384,256,128,395,166,229,110,34,76,189,89,100,18,8,10,78,35,43,352,143,209,90,21,69,177,84,93,15,7,8,70,31,39,43,23,20,20,13,7,12,5,7,3,1,2,8,4,4,1768,1029,739
09,91,Kothagudem,Bhadradri Kothagudem,08,Gundala,579418,0000,VILLAGE,Galaba,Rural,61,242,116,126,31,19,12,18,6,12,220,109,111,102,47,55,140,69,71,156,73,83,59,56,3,58,55,3,0,0,0,0,0,0,1,1,0,97,17,80,94,17,77,2,0,2,0,0,0,1,0,1,54,0,54,52,0,52,1,0,1,0,0,0,1,0,1,43,17,26,42,17,25,1,0,1,0,0,0,0,0,0,86,43,43
09,91,Kothagudem,Bhadradri Kothagudem,08,Gundala,579419,0000,VILLAGE,Settipalli,Rural,583,2223,1137,1086,279,143,136,135,74,61,1846,935,911,1055,622,433,1168,515,653,1382,713,669,1019,522,497,872,480,392,103,18,85,3,0,3,41,24,17,363,191,172,151,127,24,38,14,24,21,7,14,153,43,110,200,147,53,141,122,19,18,7,11,4,2,2,37,16,21,163,44,119,10,5,5,20,7,13,17,5,12,116,27,89,841,424,417
09,91,Kothagudem,Bhadradri Kothagudem,08,Gundala,579422,0000,VILLAGE,Kanchanpalli,Rural,337,1490,719,771,182,89,93,122,63,59,1118,526,592,714,389,325,776,330,446,816,410,406,681,387,294,213,182,31,346,181,165,11,6,5,111,18,93,135,23,112,95,4,91,21,10,11,1,0,1,18,9,9,44,19,25,9,2,7,17,9,8,1,0,1,17,8,9,91,4,87,86,2,84,4,1,3,0,0,0,1,1,0,674,309,365
09,91,Kothagudem,Bhadradri Kothagudem,07,Allapalli,579423,0000,VILLAGE,Ananthogu,Rural,343,2013,697,1316,177,82,95,0,0,0,1979,677,1302,1382,447,935,631,250,381,815,409,406,627,354,273,420,249,171,137,74,63,14,5,9,56,26,30,188,55,133,7,3,4,167,47,120,7,3,4,7,2,5,160,41,119,4,1,3,146,37,109,3,1,2,7,2,5,28,14,14,3,2,1,21,10,11,4,2,2,0,0,0,1198,288,910
09,91,Kothagudem,Bhadradri Kothagudem,11,Julurpad,579476,0000,VILLAGE,Papakollu,Rural,3138,11261,5698,5563,1262,688,574,615,313,302,6126,3113,3013,5428,3198,2230,5833,2500,3333,6837,3362,3475,6732,3310,3422,2266,1252,1014,4178,1879,2299,32,18,14,256,161,95,105,52,53,10,6,4,71,32,39,1,1,0,23,13,10,102,49,53,9,5,4,70,31,39,1,1,0,22,12,10,3,3,0,1,1,0,1,1,0,0,0,0,1,1,0,4424,2336,2088
09,91,Kothagudem,Bhadradri Kothagudem,11,Julurpad,579477,0000,VILLAGE,Julurpad,Rural,780,2901,1486,1415,260,127,133,1084,570,514,268,146,122,1699,980,719,1202,506,696,1594,881,713,1454,820,634,187,115,72,1012,507,505,3,1,2,252,197,55,140,61,79,11,5,6,111,43,68,0,0,0,18,13,5,138,59,79,11,5,6,110,42,68,0,0,0,17,12,5,2,2,0,0,0,0,1,1,0,0,0,0,1,1,0,1307,605,702
09,91,Kothagudem,Bhadradri Kothagudem,11,Julurpad,579478,0000,VILLAGE,Padamata Narsapuram,Rural,651,2445,1205,1240,247,124,123,151,76,75,1123,553,570,1246,687,559,1199,518,681,1363,719,644,1331,710,621,403,229,174,836,403,433,6,5,1,86,73,13,32,9,23,2,1,1,29,7,22,1,1,0,0,0,0,11,4,7,1,0,1,9,3,6,1,1,0,0,0,0,21,5,16,1,1,0,20,4,16,0,0,0,0,0,0,1082,486,596
09,91,Kothagudem,Bhadradri Kothagudem,11,Julurpad,579479,0000,VILLAGE,Karivarigudem,Rural,800,3055,1506,1549,388,195,193,149,68,81,2454,1236,1218,1421,832,589,1634,674,960,1694,837,857,1607,793,814,666,365,301,803,334,469,19,11,8,119,83,36,87,44,43,11,5,6,59,28,31,1,0,1,16,11,5,71,32,39,9,3,6,45,18,27,1,0,1,16,11,5,16,12,4,2,2,0,14,10,4,0,0,0,0,0,0,1361,669,692
09,91,Kothagudem,Bhadradri Kothagudem,11,Julurpad,579480,0000,VILLAGE,Machinenipeta,Rural,840,3271,1631,1640,369,181,188,125,50,75,2887,1446,1441,1439,851,588,1832,780,1052,1878,926,952,1785,900,885,501,297,204,1177,524,653,4,2,2,103,77,26,93,26,67,38,4,34,46,18,28,2,0,2,7,4,3,88,24,64,38,4,34,41,16,25,2,0,2,7,4,3,5,2,3,0,0,0,5,2,3,0,0,0,0,0,0,1393,705,688
09,91,Kothagudem,Bhadradri Kothagudem,11,Julurpad,579481,0000,VILLAGE,Kakarla,Rural,1238,4635,2328,2307,493,238,255,387,195,192,1574,779,795,2231,1295,936,2404,1033,1371,2763,1434,1329,2137,1130,1007,761,439,322,1220,579,641,7,4,3,149,108,41,626,304,322,91,59,32,481,218,263,9,6,3,45,21,24,591,294,297,80,57,23,457,210,247,9,6,3,45,21,24,35,10,25,11,2,9,24,8,16,0,0,0,0,0,0,1872,894,978
09,91,Kothagudem,Bhadradri Kothagudem,11,Julurpad,579482,0000,VILLAGE,Gundepudi,Rural,1571,5625,2812,2813,543,280,263,656,318,338,2689,1353,1336,2981,1694,1287,2644,1118,1526,3009,1628,1381,2933,1591,1342,718,488,230,1801,763,1038,8,6,2,406,334,72,76,37,39,3,3,0,45,14,31,6,6,0,22,14,8,55,24,31,3,3,0,36,9,27,3,3,0,13,9,4,21,13,8,0,0,0,9,5,4,3,3,0,9,5,4,2616,1184,1432
09,91,Kothagudem,Bhadradri Kothagudem,11,Julurpad,579483,0000,VILLAGE,Nallabandabodu,Rural,49,202,102,100,29,17,12,0,0,0,168,87,81,101,59,42,101,43,58,135,71,64,134,71,63,89,49,40,44,21,23,0,0,0,1,1,0,1,0,1,0,0,0,1,0,1,0,0,0,0,0,0,1,0,1,0,0,0,1,0,1,0,0,0,0,0,0,0,0,0,0,0,0,0,0,0,0,0,0,0,0,0,67,31,36
09,91,Kothagudem,Bhadradri Kothagudem,12,Chandrugonda,579484,0000,VILLAGE,Ganugapadu,Rural,955,3464,1751,1713,343,170,173,468,248,220,1509,740,769,1639,966,673,1825,785,1040,2059,1031,1028,1296,871,425,460,418,42,777,407,370,5,3,2,54,43,11,763,160,603,104,8,96,648,149,499,1,1,0,10,2,8,759,160,599,104,8,96,646,149,497,1,1,0,8,2,6,4,0,4,0,0,0,2,0,2,0,0,0,2,0,2,1405,720,685
09,91,Kothagudem,Bhadradri Kothagudem,12,Chandrugonda,579485,0000,VILLAGE,Pokalagudem,Rural,944,3628,1828,1800,473,233,240,87,41,46,2897,1460,1437,1496,921,575,2132,907,1225,2070,1031,1039,2026,1015,1011,730,431,299,1214,518,696,4,2,2,78,64,14,44,16,28,1,1,0,39,12,27,2,1,1,2,2,0,33,12,21,1,1,0,29,8,21,1,1,0,2,2,0,11,4,7,0,0,0,10,4,6,1,0,1,0,0,0,1558,797,761
09,91,Kothagudem,Bhadradri Kothagudem,12,Chandrugonda,579486,0000,VILLAGE,Ravikampadu,Rural,633,2449,1225,1224,327,179,148,401,199,202,594,304,290,1009,565,444,1440,660,780,1307,641,666,1072,543,529,322,218,104,696,279,417,8,5,3,46,41,5,235,98,137,10,5,5,214,85,129,1,0,1,10,8,2,231,94,137,10,5,5,212,83,129,1,0,1,8,6,2,4,4,0,0,0,0,2,2,0,0,0,0,2,2,0,1142,584,558
09,91,Kothagudem,Bhadradri Kothagudem,12,Chandrugonda,579487,0000,VILLAGE,Thungaram,Rural,518,1945,1010,935,208,106,102,140,71,69,1128,581,547,993,601,392,952,409,543,1166,591,575,1128,573,555,302,189,113,657,255,402,16,12,4,153,117,36,38,18,20,1,0,1,7,3,4,0,0,0,30,15,15,38,18,20,1,0,1,7,3,4,0,0,0,30,15,15,0,0,0,0,0,0,0,0,0,0,0,0,0,0,0,779,419,360
09,91,Kothagudem,Bhadradri Kothagudem,12,Chandrugonda,579488,0000,VILLAGE,Tippanpalle,Rural,932,3661,1829,1832,411,213,198,240,126,114,674,342,332,1575,891,684,2086,938,1148,2292,1147,1145,2250,1132,1118,460,289,171,1600,698,902,46,43,3,144,102,42,42,15,27,7,5,2,26,4,22,1,1,0,8,5,3,37,14,23,7,5,2,21,3,18,1,1,0,8,5,3,5,1,4,0,0,0,5,1,4,0,0,0,0,0,0,1369,682,687
09,91,Kothagudem,Bhadradri Kothagudem,12,Chandrugonda,579489,0000,VILLAGE,Seethaigudem,Rural,282,1042,542,500,124,60,64,19,12,7,513,262,251,431,250,181,611,292,319,660,359,301,660,359,301,171,101,70,465,238,227,0,0,0,24,20,4,0,0,0,0,0,0,0,0,0,0,0,0,0,0,0,0,0,0,0,0,0,0,0,0,0,0,0,0,0,0,0,0,0,0,0,0,0,0,0,0,0,0,0,0,0,382,183,199
09,91,Kothagudem,Bhadradri Kothagudem,13,Annapureddipalle,579490,0000,VILLAGE,Abbugudem,Rural,525,1895,968,927,182,94,88,164,92,72,550,272,278,817,444,373,1078,524,554,1078,623,455,1067,615,452,168,128,40,881,474,407,1,1,0,17,12,5,11,8,3,0,0,0,11,8,3,0,0,0,0,0,0,11,8,3,0,0,0,11,8,3,0,0,0,0,0,0,0,0,0,0,0,0,0,0,0,0,0,0,0,0,0,817,345,472
09,91,Kothagudem,Bhadradri Kothagudem,13,Annapureddipalle,579491,0000,VILLAGE,Teligerla,Rural,408,1577,815,762,168,83,85,100,55,45,364,183,181,666,393,273,911,422,489,807,492,315,782,485,297,322,276,46,428,187,241,0,0,0,32,22,10,25,7,18,0,0,0,22,4,18,0,0,0,3,3,0,25,7,18,0,0,0,22,4,18,0,0,0,3,3,0,0,0,0,0,0,0,0,0,0,0,0,0,0,0,0,770,323,447
09,91,Kothagudem,Bhadradri Kothagudem,13,Annapureddipalle,579492,0000,VILLAGE,Annadevam,Rural,259,906,477,429,76,43,33,0,0,0,772,409,363,413,248,165,493,229,264,526,279,247,323,185,138,72,52,20,245,131,114,0,0,0,6,2,4,203,94,109,5,1,4,196,91,105,1,1,0,1,1,0,191,89,102,5,1,4,186,88,98,0,0,0,0,0,0,12,5,7,0,0,0,10,3,7,1,1,0,1,1,0,380,198,182
09,91,Kothagudem,Bhadradri Kothagudem,13,Annapureddipalle,579493,0000,VILLAGE,Annapureddipalle,Rural,991,4102,2403,1699,325,163,162,1166,852,314,728,425,303,2552,1728,824,1550,675,875,1953,1069,884,1902,1044,858,203,139,64,1340,640,700,24,16,8,335,249,86,51,25,26,2,1,1,22,10,12,7,3,4,20,11,9,28,13,15,0,0,0,9,3,6,1,0,1,18,10,8,23,12,11,2,1,1,13,7,6,6,3,3,2,1,1,2149,1334,815
09,91,Kothagudem,Bhadradri Kothagudem,13,Annapureddipalle,579494,0000,VILLAGE,Pentlam,Rural,564,1981,1012,969,211,114,97,106,56,50,592,292,300,978,541,437,1003,471,532,1182,635,547,1158,621,537,92,62,30,925,463,462,9,5,4,132,91,41,24,14,10,4,2,2,3,3,0,0,0,0,17,9,8,23,14,9,4,2,2,3,3,0,0,0,0,16,9,7,1,0,1,0,0,0,0,0,0,0,0,0,1,0,1,799,377,422
09,91,Kothagudem,Bhadradri Kothagudem,13,Annapureddipalle,579495,0000,VILLAGE,Namavaram,Rural,44,173,87,86,20,12,8,0,0,0,156,77,79,103,56,47,70,31,39,99,51,48,99,51,48,1,0,1,94,48,46,0,0,0,4,3,1,0,0,0,0,0,0,0,0,0,0,0,0,0,0,0,0,0,0,0,0,0,0,0,0,0,0,0,0,0,0,0,0,0,0,0,0,0,0,0,0,0,0,0,0,0,74,36,38
09,91,Kothagudem,Bhadradri Kothagudem,13,Annapureddipalle,579496,0000,VILLAGE,Narsapuram,Rural,799,2845,1449,1396,246,121,125,179,85,94,268,132,136,1634,934,700,1211,515,696,1462,840,622,1391,828,563,403,265,138,701,356,345,74,39,35,213,168,45,71,12,59,3,3,0,57,5,52,0,0,0,11,4,7,70,12,58,3,3,0,57,5,52,0,0,0,10,4,6,1,0,1,0,0,0,0,0,0,0,0,0,1,0,1,1383,609,774
09,91,Kothagudem,Bhadradri Kothagudem,13,Annapureddipalle,579497,0000,VILLAGE,Gumpena,Rural,513,1638,812,826,114,60,54,220,114,106,159,69,90,983,536,447,655,276,379,839,488,351,793,470,323,203,178,25,469,191,278,7,7,0,114,94,20,46,18,28,4,2,2,40,14,26,0,0,0,2,2,0,44,16,28,4,2,2,38,12,26,0,0,0,2,2,0,2,2,0,0,0,0,2,2,0,0,0,0,0,0,0,799,324,475
09,91,Kothagudem,Bhadradri Kothagudem,12,Chandrugonda,579498,0000,VILLAGE,Dameracharla,Rural,320,1205,590,615,115,50,65,1,0,1,79,42,37,573,319,254,632,271,361,715,358,357,702,354,348,125,107,18,541,222,319,6,5,1,30,20,10,13,4,9,0,0,0,11,3,8,0,0,0,2,1,1,10,2,8,0,0,0,9,2,7,0,0,0,1,0,1,3,2,1,0,0,0,2,1,1,0,0,0,1,1,0,490,232,258
09,91,Kothagudem,Bhadradri Kothagudem,12,Chandrugonda,579499,0000,VILLAGE,Chandrugonda,Rural,1803,6822,3382,3440,655,326,329,1879,953,926,352,151,201,3858,2094,1764,2964,1288,1676,3351,1955,1396,3205,1901,1304,374,254,120,2077,1023,1054,42,32,10,712,592,120,146,54,92,4,3,1,69,21,48,10,3,7,63,27,36,137,51,86,4,3,1,67,20,47,4,1,3,62,27,35,9,3,6,0,0,0,2,1,1,6,2,4,1,0,1,3471,1427,2044
09,91,Kothagudem,Bhadradri Kothagudem,12,Chandrugonda,579500,0000,VILLAGE,Gurramgudem,Rural,604,2252,1120,1132,195,97,98,9,6,3,1311,653,658,1183,661,522,1069,459,610,1413,702,711,1294,660,634,595,319,276,615,281,334,8,4,4,76,56,20,119,42,77,9,3,6,94,32,62,2,0,2,14,7,7,112,41,71,8,2,6,90,32,58,1,0,1,13,7,6,7,1,6,1,1,0,4,0,4,1,0,1,1,0,1,839,418,421
09,91,Kothagudem,Bhadradri Kothagudem,12,Chandrugonda,579501,0000,VILLAGE,Maddukuru,Rural,417,1443,723,720,102,53,49,294,144,150,483,247,236,795,454,341,648,269,379,860,477,383,828,465,363,238,157,81,526,262,264,9,5,4,55,41,14,32,12,20,10,0,10,15,6,9,1,1,0,6,5,1,27,11,16,7,0,7,14,5,9,1,1,0,5,5,0,5,1,4,3,0,3,1,1,0,0,0,0,1,0,1,583,246,337
09,91,Kothagudem,Bhadradri Kothagudem,13,Annapureddipalle,579502,0000,VILLAGE,Peddireddigudem,Rural,1417,5014,2509,2505,397,199,198,421,217,204,1554,740,814,2861,1623,1238,2153,886,1267,2570,1522,1048,2231,1377,854,428,362,66,1394,679,715,18,11,7,391,325,66,339,145,194,18,11,7,274,104,170,6,3,3,41,27,14,300,136,164,17,10,7,250,98,152,5,3,2,28,25,3,39,9,30,1,1,0,24,6,18,1,0,1,13,2,11,2444,987,1457
09,91,Kothagudem,Bhadradri Kothagudem,13,Annapureddipalle,579503,0000,VILLAGE,Vootupalli,Rural,289,999,506,493,105,53,52,4,2,2,64,31,33,458,265,193,541,241,300,707,362,345,393,214,179,59,35,24,300,158,142,6,4,2,28,17,11,314,148,166,4,0,4,301,145,156,2,0,2,7,3,4,314,148,166,4,0,4,301,145,156,2,0,2,7,3,4,0,0,0,0,0,0,0,0,0,0,0,0,0,0,0,292,144,148
09,91,Kothagudem,Bhadradri Kothagudem,21,Mulakalapalle,579505,0000,VILLAGE,Annaram,Rural,228,834,423,411,115,61,54,0,0,0,734,370,364,282,168,114,552,255,297,590,300,290,585,300,285,113,70,43,397,191,206,6,5,1,69,34,35,5,0,5,2,0,2,0,0,0,0,0,0,3,0,3,4,0,4,2,0,2,0,0,0,0,0,0,2,0,2,1,0,1,0,0,0,0,0,0,0,0,0,1,0,1,244,123,121
09,91,Kothagudem,Bhadradri Kothagudem,21,Mulakalapalle,579506,0000,VILLAGE,Pusugudem,Rural,1410,5180,2564,2616,549,277,272,187,95,92,3965,1953,2012,2370,1378,992,2810,1186,1624,3259,1659,1600,3206,1638,1568,518,347,171,2075,877,1198,32,16,16,581,398,183,53,21,32,3,0,3,29,12,17,4,1,3,17,8,9,43,18,25,2,0,2,22,10,12,4,1,3,15,7,8,10,3,7,1,0,1,7,2,5,0,0,0,2,1,1,1921,905,1016
09,91,Kothagudem,Bhadradri Kothagudem,21,Mulakalapalle,579507,0000,VILLAGE,Chaparalapally,Rural,867,3111,1565,1546,302,146,156,130,60,70,1481,747,734,1486,847,639,1625,718,907,1925,953,972,943,485,458,288,176,112,514,239,275,56,19,37,85,51,34,982,468,514,95,47,48,805,365,440,41,30,11,41,26,15,634,308,326,92,47,45,482,214,268,30,25,5,30,22,8,348,160,188,3,0,3,323,151,172,11,5,6,11,4,7,1186,612,574
09,91,Kothagudem,Bhadradri Kothagudem,21,Mulakalapalle,579508,0000,VILLAGE,Madharam,Rural,455,1639,773,866,175,85,90,9,4,5,856,398,458,860,458,402,779,315,464,1037,529,508,999,509,490,95,62,33,642,312,330,25,15,10,237,120,117,38,20,18,1,0,1,20,9,11,2,2,0,15,9,6,34,18,16,1,0,1,19,8,11,2,2,0,12,8,4,4,2,2,0,0,0,1,1,0,0,0,0,3,1,2,602,244,358
09,91,Kothagudem,Bhadradri Kothagudem,21,Mulakalapalle,579509,0000,VILLAGE,Mulakalapally,Rural,1623,6679,3246,3433,725,370,355,1178,485,693,2400,1195,1205,3844,2000,1844,2835,1246,1589,3320,1825,1495,3289,1809,1480,415,282,133,2408,1179,1229,25,12,13,441,336,105,31,16,15,2,1,1,18,6,12,0,0,0,11,9,2,28,16,12,2,1,1,15,6,9,0,0,0,11,9,2,3,0,3,0,0,0,3,0,3,0,0,0,0,0,0,3359,1421,1938
09,91,Kothagudem,Bhadradri Kothagudem,21,Mulakalapalle,579510,0000,VILLAGE,Kamalapuram,Rural,275,1134,631,503,114,55,59,41,14,27,914,516,398,687,436,251,447,195,252,705,355,350,702,355,347,82,45,37,585,292,293,7,2,5,28,16,12,3,0,3,0,0,0,1,0,1,0,0,0,2,0,2,3,0,3,0,0,0,1,0,1,0,0,0,2,0,2,0,0,0,0,0,0,0,0,0,0,0,0,0,0,0,429,276,153
09,91,Kothagudem,Bhadradri Kothagudem,21,Mulakalapalle,579511,0000,VILLAGE,Jagannathapuram,Rural,2155,7844,3931,3913,884,450,434,516,259,257,4996,2497,2499,3680,2069,1611,4164,1862,2302,4734,2505,2229,4046,2303,1743,835,680,155,2758,1341,1417,89,31,58,364,251,113,688,202,486,28,20,8,594,151,443,16,2,14,50,29,21,662,192,470,27,20,7,572,142,430,16,2,14,47,28,19,26,10,16,1,0,1,22,9,13,0,0,0,3,1,2,3110,1426,1684
09,91,Kothagudem,Bhadradri Kothagudem,21,Mulakalapalle,579513,0000,VILLAGE,Mookamamidi,Rural,592,2094,1003,1091,244,120,124,104,55,49,1506,718,788,982,551,431,1112,452,660,1287,643,644,1240,624,616,404,212,192,749,349,400,6,4,2,81,59,22,47,19,28,3,2,1,35,13,22,0,0,0,9,4,5,30,14,16,1,1,0,23,10,13,0,0,0,6,3,3,17,5,12,2,1,1,12,3,9,0,0,0,3,1,2,807,360,447
09,91,Kothagudem,Bhadradri Kothagudem,21,Mulakalapalle,579515,0000,VILLAGE,Pagallapally,Rural,758,2774,1358,1416,247,129,118,485,234,251,1644,810,834,1338,731,607,1436,627,809,1817,916,901,1712,868,844,258,164,94,1395,662,733,0,0,0,59,42,17,105,48,57,5,2,3,94,44,50,0,0,0,6,2,4,95,42,53,4,2,2,85,38,47,0,0,0,6,2,4,10,6,4,1,0,1,9,6,3,0,0,0,0,0,0,957,442,515
09,91,Kothagudem,Bhadradri Kothagudem,21,Mulakalapalle,579516,0000,VILLAGE,Thimmampeta,Rural,685,2516,1297,1219,324,169,155,109,51,58,1944,1002,942,947,539,408,1569,758,811,1694,892,802,1530,845,685,630,370,260,782,391,391,5,4,1,113,80,33,164,47,117,10,8,2,114,15,99,0,0,0,40,24,16,155,45,110,9,7,2,107,15,92,0,0,0,39,23,16,9,2,7,1,1,0,7,0,7,0,0,0,1,1,0,822,405,417
09,91,Kothagudem,Bhadradri Kothagudem,21,Mulakalapalle,579517,0000,VILLAGE,Rachannagudem,Rural,257,989,511,478,130,67,63,0,0,0,977,504,473,312,186,126,677,325,352,700,362,338,592,302,290,468,245,223,99,47,52,2,0,2,23,10,13,108,60,48,2,1,1,94,50,44,6,4,2,6,5,1,90,50,40,1,1,0,79,42,37,4,2,2,6,5,1,18,10,8,1,0,1,15,8,7,2,2,0,0,0,0,289,149,140
09,91,Kothagudem,Bhadradri Kothagudem,23,Aswaraopeta,579518,0000,VILLAGE,Tirumalakunta,Rural,1407,5449,2836,2613,507,239,268,313,155,158,2937,1590,1347,3013,1763,1250,2436,1073,1363,3119,1654,1465,2414,1335,1079,400,297,103,1795,896,899,36,18,18,183,124,59,705,319,386,13,5,8,592,263,329,20,14,6,80,37,43,666,298,368,12,5,7,578,257,321,12,8,4,64,28,36,39,21,18,1,0,1,14,6,8,8,6,2,16,9,7,2330,1182,1148
09,91,Kothagudem,Bhadradri Kothagudem,23,Aswaraopeta,579519,0000,VILLAGE,Duradapadu,Rural,349,1392,714,678,194,102,92,18,9,9,1300,665,635,366,220,146,1026,494,532,949,492,457,523,274,249,53,34,19,459,231,228,4,4,0,7,5,2,426,218,208,10,6,4,395,199,196,8,4,4,13,9,4,415,212,203,6,4,2,393,198,195,8,4,4,8,6,2,11,6,5,4,2,2,2,1,1,0,0,0,5,3,2,443,222,221
09,91,Kothagudem,Bhadradri Kothagudem,23,Aswaraopeta,579520,0000,VILLAGE,Nandipadu,Rural,428,1583,783,800,187,98,89,7,3,4,1414,697,717,660,389,271,923,394,529,1050,527,523,1022,516,506,349,207,142,629,283,346,0,0,0,44,26,18,28,11,17,3,3,0,19,5,14,0,0,0,6,3,3,22,8,14,3,3,0,16,4,12,0,0,0,3,1,2,6,3,3,0,0,0,3,1,2,0,0,0,3,2,1,533,256,277
09,91,Kothagudem,Bhadradri Kothagudem,23,Aswaraopeta,579521,0000,VILLAGE,Gummadavalli,Rural,963,3495,1741,1754,403,223,180,40,22,18,1185,594,591,1660,891,769,1835,850,985,2247,1129,1118,2213,1112,1101,225,122,103,1869,910,959,7,4,3,112,76,36,34,17,17,0,0,0,30,14,16,0,0,0,4,3,1,34,17,17,0,0,0,30,14,16,0,0,0,4,3,1,0,0,0,0,0,0,0,0,0,0,0,0,0,0,0,1248,612,636
09,91,Kothagudem,Bhadradri Kothagudem,23,Aswaraopeta,579522,0000,VILLAGE,Bachuvarigudem,Rural,301,1371,804,567,104,52,52,15,8,7,1072,652,420,795,537,258,576,267,309,671,337,334,625,321,304,372,212,160,184,69,115,9,3,6,60,37,23,46,16,30,12,4,8,15,4,11,3,2,1,16,6,10,45,16,29,11,4,7,15,4,11,3,2,1,16,6,10,1,0,1,1,0,1,0,0,0,0,0,0,0,0,0,700,467,233
09,91,Kothagudem,Bhadradri Kothagudem,23,Aswaraopeta,579523,0000,VILLAGE,Kavadigundla,Rural,282,1114,551,563,115,65,50,6,5,1,904,452,452,462,244,218,652,307,345,658,332,326,336,175,161,200,105,95,126,64,62,3,3,0,7,3,4,322,157,165,130,80,50,191,76,115,1,1,0,0,0,0,322,157,165,130,80,50,191,76,115,1,1,0,0,0,0,0,0,0,0,0,0,0,0,0,0,0,0,0,0,0,456,219,237
09,91,Kothagudem,Bhadradri Kothagudem,23,Aswaraopeta,579524,0000,VILLAGE,Kannaigudem,Rural,661,2504,1275,1229,329,164,165,17,11,6,2314,1178,1136,928,515,413,1576,760,816,1625,836,789,1611,831,780,352,216,136,1214,586,628,11,7,4,34,22,12,14,5,9,0,0,0,12,5,7,2,0,2,0,0,0,13,4,9,0,0,0,11,4,7,2,0,2,0,0,0,1,1,0,0,0,0,1,1,0,0,0,0,0,0,0,879,439,440
09,91,Kothagudem,Bhadradri Kothagudem,23,Aswaraopeta,579525,0000,VILLAGE,Anantharam,Rural,261,1022,454,568,112,56,56,8,2,6,711,296,415,550,240,310,472,214,258,593,291,302,422,207,215,91,45,46,273,134,139,29,11,18,29,17,12,171,84,87,39,21,18,76,37,39,26,12,14,30,14,16,170,83,87,39,21,18,75,36,39,26,12,14,30,14,16,1,1,0,0,0,0,1,1,0,0,0,0,0,0,0,429,163,266
09,91,Kothagudem,Bhadradri Kothagudem,23,Aswaraopeta,579526,0000,VILLAGE,Narayanapuram,Rural,1170,4168,2076,2092,441,220,221,579,287,292,2004,991,1013,2018,1082,936,2150,994,1156,2747,1375,1372,2694,1357,1337,898,520,378,1629,737,892,23,14,9,144,86,58,53,18,35,11,3,8,33,10,23,0,0,0,9,5,4,48,17,31,10,3,7,31,9,22,0,0,0,7,5,2,5,1,4,1,0,1,2,1,1,0,0,0,2,0,2,1421,701,720
09,91,Kothagudem,Bhadradri Kothagudem,23,Aswaraopeta,579527,0000,VILLAGE,Khammampadu,Rural,91,385,193,192,50,30,20,0,0,0,354,177,177,174,84,90,211,109,102,238,122,116,102,47,55,85,44,41,12,0,12,2,2,0,3,1,2,136,75,61,0,0,0,136,75,61,0,0,0,0,0,0,136,75,61,0,0,0,136,75,61,0,0,0,0,0,0,0,0,0,0,0,0,0,0,0,0,0,0,0,0,0,147,71,76
09,91,Kothagudem,Bhadradri Kothagudem,23,Aswaraopeta,579528,0000,VILLAGE,Guntimadugu,Rural,51,210,111,99,19,9,10,0,0,0,184,96,88,91,52,39,119,59,60,140,77,63,59,34,25,59,34,25,0,0,0,0,0,0,0,0,0,81,43,38,2,0,2,79,43,36,0,0,0,0,0,0,81,43,38,2,0,2,79,43,36,0,0,0,0,0,0,0,0,0,0,0,0,0,0,0,0,0,0,0,0,0,70,34,36
09,91,Kothagudem,Bhadradri Kothagudem,23,Aswaraopeta,579529,0000,VILLAGE,Asupaka,Rural,1527,5334,2673,2661,592,313,279,515,265,250,2385,1185,1200,2980,1601,1379,2354,1072,1282,3036,1725,1311,2301,1475,826,415,362,53,1654,945,709,25,17,8,207,151,56,735,250,485,4,2,2,558,163,395,11,7,4,162,78,84,713,237,476,3,1,2,550,159,391,10,6,4,150,71,79,22,13,9,1,1,0,8,4,4,1,1,0,12,7,5,2298,948,1350
09,91,Kothagudem,Bhadradri Kothagudem,23,Aswaraopeta,579530,0000,VILLAGE,Ramannagudem,Rural,118,442,222,220,49,25,24,2,1,1,306,150,156,257,141,116,185,81,104,355,187,168,279,149,130,11,9,2,253,130,123,3,2,1,12,8,4,76,38,38,1,0,1,11,2,9,0,0,0,64,36,28,75,38,37,1,0,1,10,2,8,0,0,0,64,36,28,1,0,1,0,0,0,1,0,1,0,0,0,0,0,0,87,35,52
09,91,Kothagudem,Bhadradri Kothagudem,23,Aswaraopeta,579532,0000,VILLAGE,Vedanthapuram,Rural,195,674,323,351,63,29,34,21,11,10,389,188,201,311,153,158,363,170,193,458,229,229,450,228,222,79,73,6,349,139,210,15,12,3,7,4,3,8,1,7,1,0,1,5,1,4,0,0,0,2,0,2,8,1,7,1,0,1,5,1,4,0,0,0,2,0,2,0,0,0,0,0,0,0,0,0,0,0,0,0,0,0,216,94,122
09,91,Kothagudem,Bhadradri Kothagudem,23,Aswaraopeta,579533,0000,VILLAGE,Jammigudem,Rural,249,932,469,463,98,55,43,0,0,0,515,247,268,493,274,219,439,195,244,529,305,224,524,305,219,111,100,11,403,199,204,0,0,0,10,6,4,5,0,5,4,0,4,1,0,1,0,0,0,0,0,0,5,0,5,4,0,4,1,0,1,0,0,0,0,0,0,0,0,0,0,0,0,0,0,0,0,0,0,0,0,0,403,164,239
09,91,Kothagudem,Bhadradri Kothagudem,23,Aswaraopeta,579534,0000,VILLAGE,Maddikonda,Rural,170,560,272,288,47,29,18,12,6,6,357,166,191,302,159,143,258,113,145,343,180,163,337,177,160,26,25,1,280,129,151,4,3,1,27,20,7,6,3,3,1,0,1,4,2,2,0,0,0,1,1,0,6,3,3,1,0,1,4,2,2,0,0,0,1,1,0,0,0,0,0,0,0,0,0,0,0,0,0,0,0,0,217,92,125
09,91,Kothagudem,Bhadradri Kothagudem,23,Aswaraopeta,579535,0000,VILLAGE,Achuthapuram,Rural,450,1609,780,829,164,71,93,320,151,169,346,167,179,839,446,393,770,334,436,1036,533,503,995,516,479,184,103,81,556,279,277,32,10,22,223,124,99,41,17,24,0,0,0,31,14,17,0,0,0,10,3,7,41,17,24,0,0,0,31,14,17,0,0,0,10,3,7,0,0,0,0,0,0,0,0,0,0,0,0,0,0,0,573,247,326
09,91,Kothagudem,Bhadradri Kothagudem,23,Aswaraopeta,579536,0000,VILLAGE,Naramuvarigudem,Rural,782,3003,1485,1518,318,163,155,231,111,120,1455,716,739,1430,746,684,1573,739,834,1849,1021,828,1807,997,810,93,79,14,1614,841,773,15,13,2,85,64,21,42,24,18,3,3,0,24,12,12,2,0,2,13,9,4,39,24,15,3,3,0,24,12,12,0,0,0,12,9,3,3,0,3,0,0,0,0,0,0,2,0,2,1,0,1,1154,464,690
09,91,Kothagudem,Bhadradri Kothagudem,23,Aswaraopeta,579537,0000,VILLAGE,Aswaraopeta,Rural,6320,24405,12201,12204,2581,1329,1252,4127,2072,2055,3092,1458,1634,15647,8278,7369,8758,3923,4835,11033,7167,3866,9568,6452,3116,766,658,108,4959,2844,2115,243,154,89,3600,2796,804,1465,715,750,27,19,8,967,438,529,51,20,31,420,238,182,1269,624,645,23,15,8,832,377,455,45,19,26,369,213,156,196,91,105,4,4,0,135,61,74,6,1,5,51,25,26,13372,5034,8338
09,91,Kothagudem,Bhadradri Kothagudem,22,Dammapeta,579538,0000,VILLAGE,Katkuru,Rural,93,372,188,184,61,32,29,0,0,0,355,179,176,85,53,32,287,135,152,241,118,123,212,102,110,30,18,12,164,77,87,0,0,0,18,7,11,29,16,13,2,2,0,26,13,13,0,0,0,1,1,0,29,16,13,2,2,0,26,13,13,0,0,0,1,1,0,0,0,0,0,0,0,0,0,0,0,0,0,0,0,0,131,70,61
09,91,Kothagudem,Bhadradri Kothagudem,22,Dammapeta,579539,0000,VILLAGE,Ankampalem,Rural,582,3247,1078,2169,227,117,110,20,7,13,2961,945,2016,2122,572,1550,1125,506,619,1381,667,714,1234,606,628,77,47,30,1060,501,559,4,4,0,93,54,39,147,61,86,1,0,1,133,53,80,3,1,2,10,7,3,135,58,77,1,0,1,126,53,73,3,1,2,5,4,1,12,3,9,0,0,0,7,0,7,0,0,0,5,3,2,1866,411,1455
09,91,Kothagudem,Bhadradri Kothagudem,22,Dammapeta,579540,0000,VILLAGE,Jaggaram,Rural,482,1862,929,933,186,101,85,37,21,16,1676,833,843,794,430,364,1068,499,569,1163,596,567,1154,592,562,35,29,6,1076,531,545,0,0,0,43,32,11,9,4,5,0,0,0,6,1,5,0,0,0,3,3,0,8,4,4,0,0,0,5,1,4,0,0,0,3,3,0,1,0,1,0,0,0,1,0,1,0,0,0,0,0,0,699,333,366
09,91,Kothagudem,Bhadradri Kothagudem,22,Dammapeta,579541,0000,VILLAGE,Balarajugudem,Rural,177,669,340,329,78,44,34,0,0,0,637,327,310,295,166,129,374,174,200,440,222,218,438,222,216,55,29,26,347,177,170,10,0,10,26,16,10,2,0,2,0,0,0,0,0,0,0,0,0,2,0,2,2,0,2,0,0,0,0,0,0,0,0,0,2,0,2,0,0,0,0,0,0,0,0,0,0,0,0,0,0,0,229,118,111
09,91,Kothagudem,Bhadradri Kothagudem,22,Dammapeta,579542,0000,VILLAGE,Patwarigudem,Rural,1098,4182,2194,1988,398,205,193,485,243,242,2228,1229,999,2383,1383,1000,1799,811,988,2129,1197,932,1837,1060,777,286,211,75,1298,661,637,17,9,8,236,179,57,292,137,155,5,2,3,239,108,131,8,8,0,40,19,21,280,134,146,3,1,2,232,106,126,8,8,0,37,19,18,12,3,9,2,1,1,7,2,5,0,0,0,3,0,3,2053,997,1056
09,91,Kothagudem,Bhadradri Kothagudem,22,Dammapeta,579543,0000,VILLAGE,Peddagollagudem,Rural,630,2902,1158,1744,220,123,97,156,81,75,2356,887,1469,1487,510,977,1415,648,767,1540,754,786,1231,657,574,76,61,15,1134,588,546,3,1,2,18,7,11,309,97,212,1,1,0,288,96,192,5,0,5,15,0,15,302,96,206,1,1,0,281,95,186,5,0,5,15,0,15,7,1,6,0,0,0,7,1,6,0,0,0,0,0,0,1362,404,958
09,91,Kothagudem,Bhadradri Kothagudem,22,Dammapeta,579544,0000,VILLAGE,Lachapuram,Rural,381,1471,729,742,143,61,82,602,305,297,633,305,328,624,380,244,847,349,498,937,469,468,920,460,460,18,13,5,870,427,443,7,4,3,25,16,9,17,9,8,5,3,2,5,2,3,0,0,0,7,4,3,13,7,6,3,2,1,5,2,3,0,0,0,5,3,2,4,2,2,2,1,1,0,0,0,0,0,0,2,1,1,534,260,274
09,91,Kothagudem,Bhadradri Kothagudem,22,Dammapeta,579545,0000,VILLAGE,Malkaram,Rural,772,2921,1444,1477,286,144,142,176,85,91,1338,659,679,1538,846,692,1383,598,785,1704,937,767,1133,608,525,113,90,23,951,463,488,14,13,1,55,42,13,571,329,242,43,38,5,489,276,213,24,8,16,15,7,8,497,276,221,39,34,5,439,231,208,6,4,2,13,7,6,74,53,21,4,4,0,50,45,5,18,4,14,2,0,2,1217,507,710
09,91,Kothagudem,Bhadradri Kothagudem,22,Dammapeta,579547,0000,VILLAGE,Dammapeta,Rural,3129,11629,5716,5913,1193,598,595,572,272,300,4456,2168,2288,6766,3635,3131,4863,2081,2782,6218,3589,2629,4969,3043,1926,543,480,63,3248,1615,1633,96,73,23,1082,875,207,1249,546,703,38,25,13,910,380,530,27,8,19,274,133,141,1185,528,657,30,18,12,876,375,501,21,8,13,258,127,131,64,18,46,8,7,1,34,5,29,6,0,6,16,6,10,5411,2127,3284
09,91,Kothagudem,Bhadradri Kothagudem,22,Dammapeta,579548,0000,VILLAGE,Nagupalli,Rural,2379,8895,4392,4503,886,443,443,700,362,338,5402,2640,2762,4864,2717,2147,4031,1675,2356,5092,2718,2374,4847,2595,2252,531,412,119,3836,1839,1997,37,21,16,443,323,120,245,123,122,3,2,1,218,103,115,3,2,1,21,16,5,241,120,121,3,2,1,216,102,114,3,2,1,19,14,5,4,3,1,0,0,0,2,1,1,0,0,0,2,2,0,3803,1674,2129
09,91,Kothagudem,Bhadradri Kothagudem,22,Dammapeta,579549,0000,VILLAGE,Nacharam,Rural,809,2972,1460,1512,294,142,152,648,338,310,299,143,156,1724,939,785,1248,521,727,1578,938,640,1567,934,633,210,201,9,1212,612,600,11,9,2,134,112,22,11,4,7,0,0,0,6,0,6,1,1,0,4,3,1,8,4,4,0,0,0,3,0,3,1,1,0,4,3,1,3,0,3,0,0,0,3,0,3,0,0,0,0,0,0,1394,522,872
09,91,Kothagudem,Bhadradri Kothagudem,22,Dammapeta,579550,0000,VILLAGE,GANESHPADU,Rural,289,1109,566,543,106,53,53,128,60,68,348,178,170,587,340,247,522,226,296,573,349,224,571,348,223,94,78,16,364,184,180,3,2,1,110,84,26,2,1,1,0,0,0,1,0,1,0,0,0,1,1,0,1,1,0,0,0,0,0,0,0,0,0,0,1,1,0,1,0,1,0,0,0,1,0,1,0,0,0,0,0,0,536,217,319
09,91,Kothagudem,Bhadradri Kothagudem,22,Dammapeta,579551,0000,VILLAGE,Gunnepalli,Rural,249,817,412,405,61,31,30,77,34,43,524,259,265,547,290,257,270,122,148,562,287,275,562,287,275,69,38,31,477,242,235,0,0,0,16,7,9,0,0,0,0,0,0,0,0,0,0,0,0,0,0,0,0,0,0,0,0,0,0,0,0,0,0,0,0,0,0,0,0,0,0,0,0,0,0,0,0,0,0,0,0,0,255,125,130
09,91,Kothagudem,Bhadradri Kothagudem,22,Dammapeta,579552,0000,VILLAGE,Naidupeta,Rural,168,532,262,270,33,16,17,4,2,2,197,93,104,361,192,169,171,70,101,287,179,108,249,166,83,140,111,29,96,48,48,0,0,0,13,7,6,38,13,25,5,2,3,25,6,19,3,0,3,5,5,0,36,13,23,5,2,3,25,6,19,1,0,1,5,5,0,2,0,2,0,0,0,0,0,0,2,0,2,0,0,0,245,83,162
09,91,Kothagudem,Bhadradri Kothagudem,22,Dammapeta,579553,0000,VILLAGE,Moddulagudem,Rural,581,2106,1067,1039,205,95,110,517,253,264,378,203,175,1089,611,478,1017,456,561,1111,677,434,1102,669,433,202,195,7,722,371,351,8,7,1,170,96,74,9,8,1,1,0,1,4,4,0,0,0,0,4,4,0,8,7,1,1,0,1,4,4,0,0,0,0,3,3,0,1,1,0,0,0,0,0,0,0,0,0,0,1,1,0,995,390,605
09,91,Kothagudem,Bhadradri Kothagudem,22,Dammapeta,579554,0000,VILLAGE,Mustibanda,Rural,842,2725,1355,1370,257,118,139,852,429,423,283,140,143,1746,948,798,979,407,572,1524,863,661,1340,766,574,85,78,7,1116,580,536,15,11,4,124,97,27,184,97,87,15,7,8,131,66,65,7,6,1,31,18,13,175,93,82,15,7,8,124,62,62,7,6,1,29,18,11,9,4,5,0,0,0,7,4,3,0,0,0,2,0,2,1201,492,709
09,91,Kothagudem,Bhadradri Kothagudem,22,Dammapeta,579555,0000,VILLAGE,Mallaram,Rural,45,193,97,96,17,8,9,0,0,0,129,63,66,102,55,47,91,42,49,124,68,56,123,68,55,0,0,0,113,60,53,0,0,0,10,8,2,1,0,1,0,0,0,1,0,1,0,0,0,0,0,0,1,0,1,0,0,0,1,0,1,0,0,0,0,0,0,0,0,0,0,0,0,0,0,0,0,0,0,0,0,0,69,29,40
09,91,Kothagudem,Bhadradri Kothagudem,22,Dammapeta,579556,0000,VILLAGE,Sayanaraopalem,Rural,41,116,66,50,9,7,2,0,0,0,0,0,0,95,56,39,21,10,11,46,41,5,39,38,1,34,33,1,0,0,0,2,2,0,3,3,0,7,3,4,1,0,1,6,3,3,0,0,0,0,0,0,7,3,4,1,0,1,6,3,3,0,0,0,0,0,0,0,0,0,0,0,0,0,0,0,0,0,0,0,0,0,70,25,45
09,91,Kothagudem,Bhadradri Kothagudem,22,Dammapeta,579557,0000,VILLAGE,Mandlapally,Rural,1149,5373,3245,2128,431,225,206,1621,1036,585,950,798,152,3654,2479,1175,1719,766,953,2323,1327,996,2012,1166,846,190,161,29,1395,680,715,21,12,9,406,313,93,311,161,150,2,1,1,198,97,101,8,5,3,103,58,45,289,149,140,2,1,1,183,90,93,7,4,3,97,54,43,22,12,10,0,0,0,15,7,8,1,1,0,6,4,2,3050,1918,1132
09,91,Kothagudem,Bhadradri Kothagudem,22,Dammapeta,579558,0000,VILLAGE,Vadlagudem,Rural,280,1012,506,506,108,58,50,279,136,143,85,42,43,555,308,247,457,198,259,683,344,339,679,343,336,53,28,25,592,294,298,2,1,1,32,20,12,4,1,3,0,0,0,4,1,3,0,0,0,0,0,0,4,1,3,0,0,0,4,1,3,0,0,0,0,0,0,0,0,0,0,0,0,0,0,0,0,0,0,0,0,0,329,162,167
09,91,Kothagudem,Bhadradri Kothagudem,22,Dammapeta,579559,0000,VILLAGE,Akinepalli,Rural,793,3339,1771,1568,296,152,144,139,69,70,2448,1312,1136,1994,1178,816,1345,593,752,1919,1013,906,1887,998,889,338,249,89,1441,668,773,6,3,3,102,78,24,32,15,17,2,1,1,25,12,13,0,0,0,5,2,3,32,15,17,2,1,1,25,12,13,0,0,0,5,2,3,0,0,0,0,0,0,0,0,0,0,0,0,0,0,0,1420,758,662
09,92,Bhadrachalam,Bhadradri Kothagudem,20,Bhadrachalam,579086,0001,WARD,Bhadrachalam,Urban,13422,50087,24834,25253,5232,2700,2532,7323,3562,3761,4680,2269,2411,37125,19482,17643,12962,5352,7610,18360,13657,4703,15107,11757,3350,229,191,38,1184,698,486,417,280,137,13277,10588,2689,3253,1900,1353,27,20,7,539,204,335,106,48,58,2581,1628,953,2811,1640,1171,24,17,7,493,181,312,91,42,49,2203,1400,803,442,260,182,3,3,0,46,23,23,15,6,9,378,228,150,31727,11177,20550
09,92,Bhadrachalam,Bhadradri Kothagudem,19,Burgampadu,579352,0001,WARD,Saarapaka,Urban,6033,22149,11252,10897,2431,1234,1197,4067,2035,2032,2623,1292,1331,15291,8403,6888,6858,2849,4009,8890,6490,2400,6614,5303,1311,92,87,5,896,452,444,132,114,18,5494,4650,844,2276,1187,1089,37,32,5,1259,499,760,39,29,10,941,627,314,1943,1032,911,35,30,5,1059,416,643,22,18,4,827,568,259,333,155,178,2,2,0,200,83,117,17,11,6,114,59,55,13259,4762,8497
09,91,Kothagudem,Bhadradri Kothagudem,17,Laxmidevipalli,579388,0001,WARD,Laxmidevipalle,Urban,3379,13442,6649,6793,1341,714,627,1252,633,619,1525,745,780,9656,5150,4506,3786,1499,2287,4935,3608,1327,4121,3092,1029,31,27,4,494,267,227,72,51,21,3524,2747,777,814,516,298,8,4,4,91,40,51,17,11,6,698,461,237,739,478,261,7,3,4,84,38,46,15,11,4,633,426,207,75,38,37,1,1,0,7,2,5,2,0,2,65,35,30,8507,3041,5466
09,91,Kothagudem,Bhadradri Kothagudem,14,Chunchupally,579389,0001,WARD,Chunchupalle (U),Urban,5187,19944,9877,10067,1834,915,919,3099,1492,1607,3753,1879,1874,14633,7823,6810,5311,2054,3257,6945,5005,1940,5552,4248,1304,200,143,57,632,379,253,97,65,32,4623,3661,962,1393,757,636,13,7,6,558,206,352,47,27,20,775,517,258,1199,661,538,13,7,6,460,166,294,25,10,15,701,478,223,194,96,98,0,0,0,98,40,58,22,17,5,74,39,35,12999,4872,8127
09,91,Kothagudem,Bhadradri Kothagudem,14,Chunchupally,579390,0001,WARD,Garimella Padu,Urban,1640,6296,3098,3198,564,293,271,1645,805,840,977,490,487,4466,2384,2082,1830,714,1116,2214,1596,618,1764,1299,465,16,12,4,245,119,126,27,14,13,1476,1154,322,450,297,153,2,2,0,104,59,45,12,5,7,332,231,101,430,285,145,2,2,0,101,57,44,11,4,7,316,222,94,20,12,8,0,0,0,3,2,1,1,1,0,16,9,7,4082,1502,2580
09,91,Kothagudem,Bhadradri Kothagudem,18,Palawancha,802933,0001,WARD,Palawancha,Urban,658,2567,1279,1288,267,126,141,129,61,68,62,31,31,1911,1025,886,656,254,402,829,689,140,803,667,136,27,24,3,55,30,25,9,8,1,712,605,107,26,22,4,0,0,0,3,1,2,0,0,0,23,21,2,11,11,0,0,0,0,0,0,0,0,0,0,11,11,0,15,11,4,0,0,0,3,1,2,0,0,0,12,10,2,1738,590,1148
09,91,Kothagudem,Bhadradri Kothagudem,16,Kothagudem,802934,0001,WARD,Kothagudem,Urban,1137,4328,2068,2260,380,182,198,1120,519,601,554,260,294,2983,1568,1415,1345,500,845,1711,1137,574,1520,1022,498,47,44,3,372,148,224,37,27,10,1064,803,261,191,115,76,2,2,0,31,6,25,9,4,5,149,103,46,170,101,69,2,2,0,26,5,21,7,3,4,135,91,44,21,14,7,0,0,0,5,1,4,2,1,1,14,12,2,2617,931,1686
09,91,Kothagudem,Bhadradri Kothagudem,09,Yellandu,802935,0001,WARD,Yellandu,Urban,2451,9464,4692,4772,917,472,445,831,417,414,494,227,267,6861,3689,3172,2603,1003,1600,3190,2438,752,2307,1840,467,14,14,0,75,40,35,67,43,24,2151,1743,408,883,598,285,18,15,3,313,234,79,30,12,18,522,337,185,825,571,254,17,15,2,308,233,75,27,12,15,473,311,162,58,27,31,1,0,1,5,1,4,3,0,3,49,26,23,6274,2254,4020
09,92,Bhadrachalam,Bhadradri Kothagudem,06,Manuguru,900076,0001,WARD,Manuguru (PT),Urban,303,1109,545,564,95,51,44,149,71,78,125,61,64,734,394,340,375,151,224,394,294,100,374,288,86,24,23,1,149,82,67,2,0,2,199,183,16,20,6,14,0,0,0,16,2,14,1,1,0,3,3,0,18,4,14,0,0,0,16,2,14,1,1,0,1,1,0,2,2,0,0,0,0,0,0,0,0,0,0,2,2,0,715,251,464
09,91,Kothagudem,Bhadradri Kothagudem,18,Palawancha,802933,0002,WARD,Palawancha,Urban,328,1289,620,669,124,44,80,452,216,236,9,4,5,859,492,367,430,128,302,536,370,166,504,361,143,6,5,1,191,102,89,0,0,0,307,254,53,32,9,23,0,0,0,19,2,17,2,2,0,11,5,6,19,7,12,0,0,0,8,1,7,2,2,0,9,4,5,13,2,11,0,0,0,11,1,10,0,0,0,2,1,1,753,250,503
09,91,Kothagudem,Bhadradri Kothagudem,16,Kothagudem,802934,0002,WARD,Kothagudem,Urban,981,3901,1906,1995,359,191,168,809,393,416,222,100,122,2839,1511,1328,1062,395,667,1272,996,276,1125,904,221,3,3,0,47,21,26,41,29,12,1034,851,183,147,92,55,2,0,2,9,1,8,3,1,2,133,90,43,128,81,47,2,0,2,4,1,3,1,0,1,121,80,41,19,11,8,0,0,0,5,0,5,2,1,1,12,10,2,2629,910,1719
09,91,Kothagudem,Bhadradri Kothagudem,09,Yellandu,802935,0002,WARD,Yellandu,Urban,966,3859,1902,1957,363,176,187,443,215,228,57,29,28,2918,1565,1353,941,337,604,1214,1012,202,1142,959,183,3,3,0,30,23,7,27,20,7,1082,913,169,72,53,19,0,0,0,12,10,2,3,2,1,57,41,16,69,52,17,0,0,0,12,10,2,3,2,1,54,40,14,3,1,2,0,0,0,0,0,0,0,0,0,3,1,2,2645,890,1755
09,92,Bhadrachalam,Bhadradri Kothagudem,06,Manuguru,900076,0002,WARD,Manuguru (PT),Urban,443,1688,820,868,167,84,83,166,86,80,265,137,128,1005,554,451,683,266,417,681,452,229,616,418,198,41,29,12,245,107,138,13,7,6,317,275,42,65,34,31,1,0,1,49,27,22,2,1,1,13,6,7,34,16,18,0,0,0,27,13,14,0,0,0,7,3,4,31,18,13,1,0,1,22,14,8,2,1,1,6,3,3,1007,368,639
09,91,Kothagudem,Bhadradri Kothagudem,18,Palawancha,802933,0003,WARD,Palawancha,Urban,444,1785,870,915,177,98,79,571,271,300,59,30,29,1248,652,596,537,218,319,605,484,121,411,351,60,5,4,1,33,26,7,13,9,4,360,312,48,194,133,61,3,3,0,19,7,12,0,0,0,172,123,49,163,119,44,3,3,0,14,6,8,0,0,0,146,110,36,31,14,17,0,0,0,5,1,4,0,0,0,26,13,13,1180,386,794
09,91,Kothagudem,Bhadradri Kothagudem,16,Kothagudem,802934,0003,WARD,Kothagudem,Urban,717,2819,1368,1451,302,147,155,523,256,267,137,54,83,2006,1060,946,813,308,505,902,725,177,728,613,115,0,0,0,21,14,7,10,4,6,697,595,102,174,112,62,0,0,0,10,1,9,9,7,2,155,104,51,98,60,38,0,0,0,9,1,8,4,3,1,85,56,29,76,52,24,0,0,0,1,0,1,5,4,1,70,48,22,1917,643,1274
09,91,Kothagudem,Bhadradri Kothagudem,09,Yellandu,802935,0003,WARD,Yellandu,Urban,698,2603,1267,1336,240,132,108,217,97,120,232,106,126,1698,902,796,905,365,540,1076,690,386,825,579,246,5,5,0,153,61,92,32,17,15,635,496,139,251,111,140,4,2,2,61,13,48,22,7,15,164,89,75,199,100,99,4,2,2,39,11,28,15,5,10,141,82,59,52,11,41,0,0,0,22,2,20,7,2,5,23,7,16,1527,577,950
09,92,Bhadrachalam,Bhadradri Kothagudem,06,Manuguru,900076,0003,WARD,Manuguru (PT),Urban,473,1761,889,872,162,83,79,275,148,127,203,97,106,1123,606,517,638,283,355,921,532,389,883,513,370,436,235,201,210,99,111,24,19,5,213,160,53,38,19,19,6,2,4,5,2,3,1,0,1,26,15,11,35,17,18,6,2,4,4,2,2,1,0,1,24,13,11,3,2,1,0,0,0,1,0,1,0,0,0,2,2,0,840,357,483
09,91,Kothagudem,Bhadradri Kothagudem,18,Palawancha,802933,0004,WARD,Palawancha,Urban,685,2567,1262,1305,330,159,171,422,207,215,273,144,129,1921,993,928,646,269,377,927,724,203,873,692,181,1,1,0,7,4,3,17,8,9,848,679,169,54,32,22,1,1,0,7,0,7,8,1,7,38,30,8,50,31,19,1,1,0,5,0,5,8,1,7,36,29,7,4,1,3,0,0,0,2,0,2,0,0,0,2,1,1,1640,538,1102
09,91,Kothagudem,Bhadradri Kothagudem,16,Kothagudem,802934,0004,WARD,Kothagudem,Urban,1256,4954,2427,2527,465,223,242,756,363,393,243,118,125,3601,1945,1656,1353,482,871,1661,1270,391,1512,1205,307,6,5,1,16,10,6,34,26,8,1456,1164,292,149,65,84,0,0,0,16,1,15,8,3,5,125,61,64,113,51,62,0,0,0,7,1,6,7,3,4,99,47,52,36,14,22,0,0,0,9,0,9,1,0,1,26,14,12,3293,1157,2136
09,91,Kothagudem,Bhadradri Kothagudem,09,Yellandu,802935,0004,WARD,Yellandu,Urban,1401,5680,2859,2821,458,240,218,880,445,435,346,163,183,4191,2275,1916,1489,584,905,1892,1496,396,1481,1226,255,18,14,4,124,81,43,49,36,13,1290,1095,195,411,270,141,0,0,0,256,172,84,9,3,6,146,95,51,406,268,138,0,0,0,254,172,82,8,2,6,144,94,50,5,2,3,0,0,0,2,0,2,1,1,0,2,1,1,3788,1363,2425
09,92,Bhadrachalam,Bhadradri Kothagudem,06,Manuguru,900076,0004,WARD,Manuguru (PT),Urban,517,1968,986,982,199,102,97,242,116,126,626,296,330,1216,670,546,752,316,436,755,527,228,627,464,163,7,7,0,265,153,112,7,5,2,348,299,49,128,63,65,0,0,0,106,47,59,0,0,0,22,16,6,112,54,58,0,0,0,100,44,56,0,0,0,12,10,2,16,9,7,0,0,0,6,3,3,0,0,0,10,6,4,1213,459,754
09,91,Kothagudem,Bhadradri Kothagudem,18,Palawancha,802933,0005,WARD,Palawancha,Urban,1796,6672,3347,3325,665,343,322,1109,557,552,1484,710,774,4546,2481,2065,2126,866,1260,2693,1891,802,2425,1791,634,29,24,5,429,228,201,26,15,11,1941,1524,417,268,100,168,1,0,1,209,71,138,7,1,6,51,28,23,257,97,160,1,0,1,205,71,134,5,1,4,46,25,21,11,3,8,0,0,0,4,0,4,2,0,2,5,3,2,3979,1456,2523
09,91,Kothagudem,Bhadradri Kothagudem,16,Kothagudem,802934,0005,WARD,Kothagudem,Urban,2378,9702,4752,4950,931,479,452,823,398,425,259,113,146,7331,3836,3495,2371,916,1455,3186,2517,669,2969,2396,573,7,5,2,22,11,11,72,51,21,2868,2329,539,217,121,96,3,2,1,9,4,5,8,1,7,197,114,83,198,113,85,3,2,1,7,3,4,7,1,6,181,107,74,19,8,11,0,0,0,2,1,1,1,0,1,16,7,9,6516,2235,4281
09,91,Kothagudem,Bhadradri Kothagudem,09,Yellandu,802935,0005,WARD,Yellandu,Urban,2557,10191,4649,5542,960,498,462,2669,1255,1414,1545,490,1055,7092,3445,3647,3099,1204,1895,3407,2361,1046,2402,1754,648,10,9,1,158,77,81,44,24,20,2190,1644,546,1005,607,398,3,3,0,354,199,155,24,11,13,624,394,230,926,563,363,2,2,0,343,195,148,22,11,11,559,355,204,79,44,35,1,1,0,11,4,7,2,0,2,65,39,26,6784,2288,4496
09,92,Bhadrachalam,Bhadradri Kothagudem,06,Manuguru,900076,0005,WARD,Manuguru (PT),Urban,669,2698,1317,1381,264,143,121,504,248,256,337,167,170,1679,890,789,1019,427,592,1004,686,318,944,652,292,18,15,3,343,164,179,15,8,7,568,465,103,60,34,26,3,2,1,29,12,17,3,2,1,25,18,7,49,29,20,3,2,1,19,8,11,3,2,1,24,17,7,11,5,6,0,0,0,10,4,6,0,0,0,1,1,0,1694,631,1063
09,91,Kothagudem,Bhadradri Kothagudem,18,Palawancha,802933,0006,WARD,Palawancha,Urban,496,1908,954,954,179,100,79,176,87,89,85,50,35,1230,657,573,678,297,381,879,541,338,816,517,299,7,5,2,553,302,251,0,0,0,256,210,46,63,24,39,2,1,1,58,21,37,0,0,0,3,2,1,62,23,39,2,1,1,58,21,37,0,0,0,2,1,1,1,1,0,0,0,0,0,0,0,0,0,0,1,1,0,1029,413,616
09,91,Kothagudem,Bhadradri Kothagudem,16,Kothagudem,802934,0006,WARD,Kothagudem,Urban,1433,5837,2901,2936,513,270,243,373,161,212,172,89,83,4647,2420,2227,1190,481,709,1969,1591,378,1846,1513,333,3,3,0,24,20,4,59,45,14,1760,1445,315,123,78,45,0,0,0,11,8,3,8,4,4,104,66,38,117,75,42,0,0,0,11,8,3,7,3,4,99,64,35,6,3,3,0,0,0,0,0,0,1,1,0,5,2,3,3868,1310,2558
09,91,Kothagudem,Bhadradri Kothagudem,09,Yellandu,802935,0006,WARD,Yellandu,Urban,508,1935,969,966,172,80,92,617,311,306,180,86,94,1346,740,606,589,229,360,652,495,157,614,482,132,6,5,1,155,94,61,16,12,4,437,371,66,38,13,25,2,1,1,19,4,15,1,0,1,16,8,8,27,12,15,2,1,1,11,4,7,1,0,1,13,7,6,11,1,10,0,0,0,8,0,8,0,0,0,3,1,2,1283,474,809
09,92,Bhadrachalam,Bhadradri Kothagudem,06,Manuguru,900076,0006,WARD,Manuguru (PT),Urban,635,2605,1327,1278,312,187,125,638,319,319,815,412,403,1615,895,720,990,432,558,865,676,189,818,665,153,1,1,0,118,68,50,33,22,11,666,574,92,47,11,36,0,0,0,25,3,22,1,0,1,21,8,13,37,10,27,0,0,0,22,3,19,1,0,1,14,7,7,10,1,9,0,0,0,3,0,3,0,0,0,7,1,6,1740,651,1089
09,91,Kothagudem,Bhadradri Kothagudem,09,Yellandu,579399,0007,WARD,Rompaid,Urban,133,563,306,257,28,13,15,42,26,16,7,3,4,455,268,187,108,38,70,190,140,50,152,125,27,0,0,0,0,0,0,0,0,0,152,125,27,38,15,23,0,0,0,0,0,0,0,0,0,38,15,23,38,15,23,0,0,0,0,0,0,0,0,0,38,15,23,0,0,0,0,0,0,0,0,0,0,0,0,0,0,0,373,166,207
09,91,Kothagudem,Bhadradri Kothagudem,18,Palawancha,802933,0007,WARD,Palawancha,Urban,276,984,474,510,97,44,53,552,261,291,21,10,11,671,356,315,313,118,195,383,255,128,383,255,128,11,9,2,128,62,66,1,0,1,243,184,59,0,0,0,0,0,0,0,0,0,0,0,0,0,0,0,0,0,0,0,0,0,0,0,0,0,0,0,0,0,0,0,0,0,0,0,0,0,0,0,0,0,0,0,0,0,601,219,382
09,91,Kothagudem,Bhadradri Kothagudem,16,Kothagudem,802934,0007,WARD,Kothagudem,Urban,2828,11082,5436,5646,1138,581,557,654,323,331,891,421,470,7612,4099,3513,3470,1337,2133,4095,3046,1049,3450,2719,731,14,12,2,92,44,48,333,267,66,3011,2396,615,645,327,318,1,0,1,104,24,80,28,13,15,512,290,222,559,298,261,1,0,1,87,23,64,19,11,8,452,264,188,86,29,57,0,0,0,17,1,16,9,2,7,60,26,34,6987,2390,4597
09,92,Bhadrachalam,Bhadradri Kothagudem,06,Manuguru,900076,0007,WARD,Manuguru (PT),Urban,890,3539,1808,1731,385,210,175,356,179,177,196,99,97,2411,1320,1091,1128,488,640,1317,1005,312,1213,946,267,36,35,1,225,148,77,20,14,6,932,749,183,104,59,45,1,0,1,28,20,8,10,9,1,65,30,35,56,29,27,1,0,1,9,5,4,1,1,0,45,23,22,48,30,18,0,0,0,19,15,4,9,8,1,20,7,13,2222,803,1419
09,91,Kothagudem,Bhadradri Kothagudem,09,Yellandu,579401,0008,WARD,Sudimalla,Urban,207,761,372,389,46,16,30,130,64,66,57,27,30,631,334,297,130,38,92,217,198,19,202,187,15,0,0,0,4,4,0,1,0,1,197,183,14,15,11,4,0,0,0,3,2,1,0,0,0,12,9,3,15,11,4,0,0,0,3,2,1,0,0,0,12,9,3,0,0,0,0,0,0,0,0,0,0,0,0,0,0,0,544,174,370
09,91,Kothagudem,Bhadradri Kothagudem,18,Palawancha,802933,0008,WARD,Palawancha,Urban,853,3208,1598,1610,324,167,157,594,295,299,197,93,104,2447,1317,1130,761,281,480,985,815,170,946,802,144,22,20,2,69,39,30,7,7,0,848,736,112,39,13,26,1,0,1,7,2,5,2,1,1,29,10,19,32,10,22,1,0,1,6,2,4,0,0,0,25,8,17,7,3,4,0,0,0,1,0,1,2,1,1,4,2,2,2223,783,1440
09,91,Kothagudem,Bhadradri Kothagudem,16,Kothagudem,802934,0008,WARD,Kothagudem,Urban,1184,4586,2286,2300,362,174,188,998,486,512,268,132,136,3534,1901,1633,1052,385,667,1636,1224,412,1451,1109,342,3,1,2,14,7,7,11,3,8,1423,1098,325,185,115,70,3,2,1,26,12,14,2,1,1,154,100,54,164,98,66,3,2,1,21,9,12,2,1,1,138,86,52,21,17,4,0,0,0,5,3,2,0,0,0,16,14,2,2950,1062,1888
09,92,Bhadrachalam,Bhadradri Kothagudem,06,Manuguru,900076,0008,WARD,Manuguru (PT),Urban,1602,6252,3023,3229,647,332,315,559,277,282,764,254,510,4597,2357,2240,1655,666,989,2091,1665,426,1907,1583,324,36,33,3,170,101,69,108,83,25,1593,1366,227,184,82,102,1,1,0,44,23,21,13,3,10,126,55,71,177,77,100,1,1,0,43,22,21,12,3,9,121,51,70,7,5,2,0,0,0,1,1,0,1,0,1,5,4,1,4161,1358,2803
09,91,Kothagudem,Bhadradri Kothagudem,18,Palawancha,802933,0009,WARD,Palawancha,Urban,1060,4013,1984,2029,389,195,194,302,153,149,207,100,107,3009,1602,1407,1004,382,622,1330,1079,251,1279,1044,235,16,14,2,88,72,16,22,13,9,1153,945,208,51,35,16,1,0,1,7,6,1,4,1,3,39,28,11,45,30,15,1,0,1,6,6,0,4,1,3,34,23,11,6,5,1,0,0,0,1,0,1,0,0,0,5,5,0,2683,905,1778
09,91,Kothagudem,Bhadradri Kothagudem,16,Kothagudem,802934,0009,WARD,Kothagudem,Urban,1334,5101,2422,2679,413,201,212,1556,720,836,139,65,74,4055,2072,1983,1046,350,696,1655,1251,404,1410,1096,314,3,3,0,65,54,11,43,35,8,1299,1004,295,245,155,90,1,1,0,11,2,9,34,24,10,199,128,71,154,91,63,1,1,0,8,2,6,25,17,8,120,71,49,91,64,27,0,0,0,3,0,3,9,7,2,79,57,22,3446,1171,2275
09,92,Bhadrachalam,Bhadradri Kothagudem,06,Manuguru,900076,0009,WARD,Manuguru (PT),Urban,733,2791,1421,1370,322,156,166,293,152,141,254,134,120,2051,1117,934,740,304,436,909,741,168,808,683,125,5,5,0,47,30,17,27,23,4,729,625,104,101,58,43,1,1,0,38,24,14,12,1,11,50,32,18,85,51,34,1,1,0,34,22,12,12,1,11,38,27,11,16,7,9,0,0,0,4,2,2,0,0,0,12,5,7,1882,680,1202
09,91,Kothagudem,Bhadradri Kothagudem,18,Palawancha,802933,0010,WARD,Palawancha,Urban,537,2037,1033,1004,271,147,124,138,77,61,62,31,31,1436,767,669,601,266,335,620,539,81,479,407,72,7,7,0,1,0,1,0,0,0,471,400,71,141,132,9,1,1,0,7,5,2,2,2,0,131,124,7,136,127,9,1,1,0,7,5,2,1,1,0,127,120,7,5,5,0,0,0,0,0,0,0,1,1,0,4,4,0,1417,494,923
09,91,Kothagudem,Bhadradri Kothagudem,16,Kothagudem,802934,0010,WARD,Kothagudem,Urban,1091,4266,2068,2198,392,223,169,809,383,426,133,56,77,3175,1651,1524,1091,417,674,1408,1035,373,1156,876,280,8,4,4,51,32,19,26,15,11,1071,825,246,252,159,93,1,1,0,3,0,3,16,6,10,232,152,80,224,137,87,1,1,0,2,0,2,14,5,9,207,131,76,28,22,6,0,0,0,1,0,1,2,1,1,25,21,4,2858,1033,1825
09,92,Bhadrachalam,Bhadradri Kothagudem,06,Manuguru,900076,0010,WARD,Manuguru (PT),Urban,379,1468,741,727,162,86,76,269,132,137,202,100,102,1077,582,495,391,159,232,454,384,70,452,382,70,4,4,0,111,90,21,8,8,0,329,280,49,2,2,0,0,0,0,0,0,0,0,0,0,2,2,0,2,2,0,0,0,0,0,0,0,0,0,0,2,2,0,0,0,0,0,0,0,0,0,0,0,0,0,0,0,0,1014,357,657
09,91,Kothagudem,Bhadradri Kothagudem,18,Palawancha,802933,0011,WARD,Palawancha,Urban,705,2671,1350,1321,280,146,134,906,467,439,164,86,78,2014,1082,932,657,268,389,885,721,164,776,632,144,6,5,1,23,8,15,26,24,2,721,595,126,109,89,20,2,2,0,6,2,4,12,12,0,89,73,16,58,47,11,2,2,0,1,0,1,7,7,0,48,38,10,51,42,9,0,0,0,5,2,3,5,5,0,41,35,6,1786,629,1157
09,91,Kothagudem,Bhadradri Kothagudem,16,Kothagudem,802934,0011,WARD,Kothagudem,Urban,690,2740,1303,1437,204,96,108,882,424,458,71,30,41,2267,1128,1139,473,175,298,881,655,226,844,634,210,3,1,2,6,5,1,3,2,1,832,626,206,37,21,16,1,0,1,3,2,1,1,0,1,32,19,13,31,18,13,1,0,1,2,1,1,1,0,1,27,17,10,6,3,3,0,0,0,1,1,0,0,0,0,5,2,3,1859,648,1211
09,92,Bhadrachalam,Bhadradri Kothagudem,06,Manuguru,900076,0011,WARD,Manuguru (PT),Urban,276,1032,520,512,36,16,20,115,58,57,13,8,5,891,482,409,141,38,103,352,300,52,346,296,50,0,0,0,3,2,1,0,0,0,343,294,49,6,4,2,0,0,0,0,0,0,1,0,1,5,4,1,6,4,2,0,0,0,0,0,0,1,0,1,5,4,1,0,0,0,0,0,0,0,0,0,0,0,0,0,0,0,680,220,460
09,91,Kothagudem,Bhadradri Kothagudem,18,Palawancha,802933,0012,WARD,Palawancha,Urban,193,752,374,378,73,29,44,106,53,53,21,7,14,565,306,259,187,68,119,282,227,55,278,223,55,3,3,0,4,1,3,7,6,1,264,213,51,4,4,0,0,0,0,0,0,0,0,0,0,4,4,0,4,4,0,0,0,0,0,0,0,0,0,0,4,4,0,0,0,0,0,0,0,0,0,0,0,0,0,0,0,0,470,147,323
09,91,Kothagudem,Bhadradri Kothagudem,16,Kothagudem,802934,0012,WARD,Kothagudem,Urban,426,1695,836,859,126,74,52,541,275,266,17,10,7,1387,710,677,308,126,182,563,427,136,532,404,128,3,1,2,14,11,3,25,11,14,490,381,109,31,23,8,0,0,0,0,0,0,1,0,1,30,23,7,27,19,8,0,0,0,0,0,0,1,0,1,26,19,7,4,4,0,0,0,0,0,0,0,0,0,0,4,4,0,1132,409,723
09,92,Bhadrachalam,Bhadradri Kothagudem,06,Manuguru,900076,0012,WARD,Manuguru (PT),Urban,208,832,411,421,62,30,32,521,255,266,10,4,6,514,276,238,318,135,183,411,230,181,329,214,115,34,30,4,210,111,99,0,0,0,85,73,12,82,16,66,1,0,1,73,13,60,3,0,3,5,3,2,80,16,64,1,0,1,72,13,59,3,0,3,4,3,1,2,0,2,0,0,0,1,0,1,0,0,0,1,0,1,421,181,240
09,91,Kothagudem,Bhadradri Kothagudem,18,Palawancha,802933,0013,WARD,Palawancha,Urban,250,944,467,477,95,45,50,117,59,58,18,10,8,687,380,307,257,87,170,336,268,68,333,265,68,8,5,3,0,0,0,8,4,4,317,256,61,3,3,0,2,2,0,0,0,0,0,0,0,1,1,0,3,3,0,2,2,0,0,0,0,0,0,0,1,1,0,0,0,0,0,0,0,0,0,0,0,0,0,0,0,0,608,199,409
09,91,Kothagudem,Bhadradri Kothagudem,16,Kothagudem,802934,0013,WARD,Kothagudem,Urban,879,3419,1643,1776,294,131,163,942,456,486,103,47,56,2543,1336,1207,876,307,569,1156,868,288,1055,825,230,9,6,3,44,32,12,8,4,4,994,783,211,101,43,58,1,1,0,27,4,23,3,2,1,70,36,34,95,40,55,1,1,0,27,4,23,3,2,1,64,33,31,6,3,3,0,0,0,0,0,0,0,0,0,6,3,3,2263,775,1488
09,92,Bhadrachalam,Bhadradri Kothagudem,06,Manuguru,900076,0013,WARD,Manuguru (PT),Urban,52,203,98,105,21,10,11,0,0,0,200,96,104,82,50,32,121,48,73,130,68,62,71,67,4,15,15,0,35,34,1,0,0,0,21,18,3,59,1,58,0,0,0,59,1,58,0,0,0,0,0,0,59,1,58,0,0,0,59,1,58,0,0,0,0,0,0,0,0,0,0,0,0,0,0,0,0,0,0,0,0,0,73,30,43
09,91,Kothagudem,Bhadradri Kothagudem,18,Palawancha,802933,0014,WARD,Palawancha,Urban,314,1209,604,605,121,65,56,71,36,35,41,20,21,952,501,451,257,103,154,432,328,104,313,279,34,4,4,0,1,0,1,4,2,2,304,273,31,119,49,70,4,1,3,28,1,27,7,2,5,80,45,35,95,41,54,4,1,3,28,1,27,5,1,4,58,38,20,24,8,16,0,0,0,0,0,0,2,1,1,22,7,15,777,276,501
09,91,Kothagudem,Bhadradri Kothagudem,16,Kothagudem,802934,0014,WARD,Kothagudem,Urban,315,1211,573,638,81,47,34,335,152,183,12,4,8,892,457,435,319,116,203,522,310,212,503,302,201,0,0,0,2,2,0,1,1,0,500,299,201,19,8,11,0,0,0,4,1,3,0,0,0,15,7,8,19,8,11,0,0,0,4,1,3,0,0,0,15,7,8,0,0,0,0,0,0,0,0,0,0,0,0,0,0,0,689,263,426
09,92,Bhadrachalam,Bhadradri Kothagudem,06,Manuguru,900076,0014,WARD,Manuguru (PT),Urban,243,931,456,475,106,51,55,253,126,127,28,14,14,633,349,284,298,107,191,451,254,197,438,250,188,42,40,2,246,86,160,8,7,1,142,117,25,13,4,9,0,0,0,6,1,5,0,0,0,7,3,4,12,4,8,0,0,0,6,1,5,0,0,0,6,3,3,1,0,1,0,0,0,0,0,0,0,0,0,1,0,1,480,202,278
09,91,Kothagudem,Bhadradri Kothagudem,18,Palawancha,802933,0015,WARD,Palawancha,Urban,221,899,450,449,80,37,43,23,7,16,47,19,28,752,396,356,147,54,93,276,241,35,271,238,33,4,3,1,3,2,1,5,4,1,259,229,30,5,3,2,0,0,0,2,2,0,1,0,1,2,1,1,5,3,2,0,0,0,2,2,0,1,0,1,2,1,1,0,0,0,0,0,0,0,0,0,0,0,0,0,0,0,623,209,414
09,91,Kothagudem,Bhadradri Kothagudem,16,Kothagudem,802934,0015,WARD,Kothagudem,Urban,1370,5804,2927,2877,410,207,203,1408,713,695,1454,721,733,4068,2267,1801,1736,660,1076,1857,1399,458,1623,1240,383,33,27,6,333,158,175,43,31,12,1214,1024,190,234,159,75,1,1,0,59,22,37,3,2,1,171,134,37,162,110,52,1,1,0,41,17,24,2,1,1,118,91,27,72,49,23,0,0,0,18,5,13,1,1,0,53,43,10,3947,1528,2419
09,92,Bhadrachalam,Bhadradri Kothagudem,06,Manuguru,900076,0015,WARD,Manuguru (PT),Urban,202,763,385,378,82,48,34,125,56,69,172,84,88,451,257,194,312,128,184,425,212,213,202,107,95,1,1,0,178,88,90,2,1,1,21,17,4,223,105,118,0,0,0,221,103,118,0,0,0,2,2,0,197,92,105,0,0,0,196,91,105,0,0,0,1,1,0,26,13,13,0,0,0,25,12,13,0,0,0,1,1,0,338,173,165
09,91,Kothagudem,Bhadradri Kothagudem,18,Palawancha,802933,0016,WARD,Palawancha,Urban,441,1647,833,814,158,86,72,116,57,59,76,41,35,1328,702,626,319,131,188,509,416,93,501,412,89,8,7,1,12,9,3,8,7,1,473,389,84,8,4,4,0,0,0,4,2,2,2,0,2,2,2,0,4,2,2,0,0,0,1,0,1,1,0,1,2,2,0,4,2,2,0,0,0,3,2,1,1,0,1,0,0,0,1138,417,721
09,91,Kothagudem,Bhadradri Kothagudem,16,Kothagudem,802934,0016,WARD,Kothagudem,Urban,1215,4720,2324,2396,381,200,181,1517,721,796,90,45,45,3448,1849,1599,1272,475,797,1532,1122,410,1341,1013,328,6,4,2,56,30,26,42,24,18,1237,955,282,191,109,82,2,2,0,43,18,25,38,24,14,108,65,43,154,89,65,2,2,0,38,16,22,18,11,7,96,60,36,37,20,17,0,0,0,5,2,3,20,13,7,12,5,7,3188,1202,1986
09,92,Bhadrachalam,Bhadradri Kothagudem,06,Manuguru,900076,0016,WARD,Manuguru (PT),Urban,169,644,301,343,71,31,40,127,61,66,0,0,0,328,174,154,316,127,189,371,198,173,366,196,170,38,29,9,288,143,145,3,3,0,37,21,16,5,2,3,1,1,0,0,0,0,0,0,0,4,1,3,5,2,3,1,1,0,0,0,0,0,0,0,4,1,3,0,0,0,0,0,0,0,0,0,0,0,0,0,0,0,273,103,170
09,91,Kothagudem,Bhadradri Kothagudem,18,Palawancha,802933,0017,WARD,Palawancha,Urban,330,1294,639,655,122,66,56,96,50,46,176,83,93,1000,520,480,294,119,175,421,333,88,342,284,58,13,12,1,7,4,3,8,7,1,314,261,53,79,49,30,0,0,0,11,3,8,4,3,1,64,43,21,68,43,25,0,0,0,8,2,6,3,2,1,57,39,18,11,6,5,0,0,0,3,1,2,1,1,0,7,4,3,873,306,567
09,91,Kothagudem,Bhadradri Kothagudem,16,Kothagudem,802934,0017,WARD,Kothagudem,Urban,922,3654,1761,1893,288,154,134,1702,804,898,66,31,35,2676,1407,1269,978,354,624,1203,895,308,1142,867,275,2,2,0,15,6,9,14,7,7,1111,852,259,61,28,33,2,0,2,14,3,11,2,1,1,43,24,19,36,16,20,2,0,2,9,3,6,0,0,0,25,13,12,25,12,13,0,0,0,5,0,5,2,1,1,18,11,7,2451,866,1585
09,92,Bhadrachalam,Bhadradri Kothagudem,06,Manuguru,900076,0017,WARD,Manuguru (PT),Urban,298,1076,532,544,116,61,55,94,51,43,87,39,48,517,294,223,559,238,321,613,295,318,613,295,318,20,20,0,593,275,318,0,0,0,0,0,0,0,0,0,0,0,0,0,0,0,0,0,0,0,0,0,0,0,0,0,0,0,0,0,0,0,0,0,0,0,0,0,0,0,0,0,0,0,0,0,0,0,0,0,0,0,463,237,226
09,91,Kothagudem,Bhadradri Kothagudem,18,Palawancha,802933,0018,WARD,Palawancha,Urban,487,1785,907,878,174,91,83,289,144,145,285,152,133,1258,706,552,527,201,326,623,482,141,480,401,79,2,2,0,5,4,1,0,0,0,473,395,78,143,81,62,1,1,0,20,0,20,0,0,0,122,80,42,121,72,49,1,1,0,11,0,11,0,0,0,109,71,38,22,9,13,0,0,0,9,0,9,0,0,0,13,9,4,1162,425,737
09,92,Bhadrachalam,Bhadradri Kothagudem,06,Manuguru,900076,0018,WARD,Manuguru (PT),Urban,173,731,353,378,89,34,55,0,0,0,695,335,360,351,208,143,380,145,235,221,161,60,51,42,9,0,0,0,41,35,6,0,0,0,10,7,3,170,119,51,1,1,0,144,109,35,2,1,1,23,8,15,155,109,46,1,1,0,135,102,33,2,1,1,17,5,12,15,10,5,0,0,0,9,7,2,0,0,0,6,3,3,510,192,318
09,91,Kothagudem,Bhadradri Kothagudem,18,Palawancha,802933,0019,WARD,Palawancha,Urban,249,847,434,413,64,31,33,36,19,17,27,15,12,720,383,337,127,51,76,297,242,55,273,224,49,0,0,0,0,0,0,2,2,0,271,222,49,24,18,6,0,0,0,0,0,0,0,0,0,24,18,6,24,18,6,0,0,0,0,0,0,0,0,0,24,18,6,0,0,0,0,0,0,0,0,0,0,0,0,0,0,0,550,192,358
09,91,Kothagudem,Bhadradri Kothagudem,18,Palawancha,802933,0020,WARD,Palawancha,Urban,2111,8466,4033,4433,850,426,424,1710,708,1002,1067,502,565,5919,3025,2894,2547,1008,1539,3053,2222,831,2802,2072,730,19,15,4,270,115,155,23,16,7,2490,1926,564,251,150,101,3,1,2,59,14,45,3,2,1,186,133,53,217,142,75,3,1,2,39,11,28,2,2,0,173,128,45,34,8,26,0,0,0,20,3,17,1,0,1,13,5,8,5413,1811,3602
09,91,Kothagudem,Bhadradri Kothagudem,18,Palawancha,802933,0021,WARD,Palawancha,Urban,285,1116,566,550,135,78,57,323,159,164,35,17,18,677,359,318,439,207,232,383,312,71,183,158,25,5,5,0,23,17,6,6,6,0,149,130,19,200,154,46,2,1,1,41,24,17,4,1,3,153,128,25,198,153,45,2,1,1,40,24,16,4,1,3,152,127,25,2,1,1,0,0,0,1,0,1,0,0,0,1,1,0,733,254,479
09,91,Kothagudem,Bhadradri Kothagudem,18,Palawancha,802933,0022,WARD,Palawancha,Urban,1979,7971,4007,3964,799,400,399,1792,866,926,1163,601,562,5311,2918,2393,2660,1089,1571,2708,2137,571,2480,2010,470,49,46,3,408,279,129,20,14,6,2003,1671,332,228,127,101,2,1,1,42,14,28,3,1,2,181,111,70,190,117,73,2,1,1,34,13,21,2,1,1,152,102,50,38,10,28,0,0,0,8,1,7,1,0,1,29,9,20,5263,1870,3393
09,91,Kothagudem,Bhadradri Kothagudem,18,Palawancha,802933,0023,WARD,Palawancha,Urban,634,2359,1189,1170,208,103,105,280,137,143,947,465,482,1331,765,566,1028,424,604,1209,734,475,1200,733,467,58,52,6,790,403,387,6,2,4,346,276,70,9,1,8,0,0,0,5,0,5,1,0,1,3,1,2,9,1,8,0,0,0,5,0,5,1,0,1,3,1,2,0,0,0,0,0,0,0,0,0,0,0,0,0,0,0,1150,455,695
09,91,Kothagudem,Bhadradri Kothagudem,18,Palawancha,802933,0024,WARD,Palawancha,Urban,241,900,430,470,88,36,52,0,0,0,816,381,435,485,273,212,415,157,258,569,301,268,540,288,252,18,11,7,505,269,236,0,0,0,17,8,9,29,13,16,4,3,1,22,8,14,0,0,0,3,2,1,6,2,4,0,0,0,5,1,4,0,0,0,1,1,0,23,11,12,4,3,1,17,7,10,0,0,0,2,1,1,331,129,202
09,91,Kothagudem,Bhadradri Kothagudem,18,Palawancha,802933,0025,WARD,Palawancha,Urban,510,1874,910,964,226,114,112,268,127,141,750,352,398,960,526,434,914,384,530,1027,559,468,564,330,234,53,38,15,151,60,91,15,8,7,345,224,121,463,229,234,4,1,3,431,218,213,3,0,3,25,10,15,455,228,227,3,0,3,427,218,209,1,0,1,24,10,14,8,1,7,1,1,0,4,0,4,2,0,2,1,0,1,847,351,496
09,91,Kothagudem,Bhadradri Kothagudem,18,Palawancha,802933,0026,WARD,Palawancha,Urban,483,1890,927,963,212,104,108,178,81,97,1463,732,731,983,567,416,907,360,547,1003,556,447,990,553,437,57,44,13,699,301,398,1,0,1,233,208,25,13,3,10,2,1,1,7,0,7,0,0,0,4,2,2,10,3,7,2,1,1,5,0,5,0,0,0,3,2,1,3,0,3,0,0,0,2,0,2,0,0,0,1,0,1,887,371,516
09,91,Kothagudem,Bhadradri Kothagudem,18,Palawancha,802933,0027,WARD,Palawancha,Urban,320,1257,608,649,146,66,80,107,52,55,657,315,342,689,393,296,568,215,353,577,348,229,534,334,200,1,1,0,318,149,169,0,0,0,215,184,31,43,14,29,0,0,0,40,11,29,0,0,0,3,3,0,40,14,26,0,0,0,37,11,26,0,0,0,3,3,0,3,0,3,0,0,0,3,0,3,0,0,0,0,0,0,680,260,420
09,91,Kothagudem,Bhadradri Kothagudem,18,Palawancha,802933,0028,WARD,Palawancha,Urban,377,1440,730,710,147,74,73,162,84,78,1044,523,521,812,482,330,628,248,380,719,426,293,719,426,293,61,43,18,386,159,227,0,0,0,272,224,48,0,0,0,0,0,0,0,0,0,0,0,0,0,0,0,0,0,0,0,0,0,0,0,0,0,0,0,0,0,0,0,0,0,0,0,0,0,0,0,0,0,0,0,0,0,721,304,417
09,91,Kothagudem,Bhadradri Kothagudem,18,Palawancha,802933,0029,WARD,Palawancha,Urban,106,381,194,187,29,18,11,7,4,3,370,187,183,163,93,70,218,101,117,231,113,118,231,113,118,87,44,43,137,62,75,1,1,0,6,6,0,0,0,0,0,0,0,0,0,0,0,0,0,0,0,0,0,0,0,0,0,0,0,0,0,0,0,0,0,0,0,0,0,0,0,0,0,0,0,0,0,0,0,0,0,0,150,81,69
09,91,Kothagudem,Bhadradri Kothagudem,18,Palawancha,802933,0030,WARD,Palawancha,Urban,678,2624,1352,1272,263,138,125,321,166,155,487,250,237,1723,997,726,901,355,546,1062,766,296,880,628,252,10,7,3,108,32,76,1,1,0,761,588,173,182,138,44,2,1,1,74,53,21,42,39,3,64,45,19,76,55,21,1,1,0,22,13,9,15,15,0,38,26,12,106,83,23,1,0,1,52,40,12,27,24,3,26,19,7,1562,586,976
09,91,Kothagudem,Bhadradri Kothagudem,18,Palawancha,802933,0031,WARD,Palawancha,Urban,287,1134,581,553,119,71,48,66,31,35,548,274,274,656,377,279,478,204,274,445,326,119,435,322,113,0,0,0,19,9,10,1,1,0,415,312,103,10,4,6,1,0,1,3,2,1,0,0,0,6,2,4,9,3,6,1,0,1,3,2,1,0,0,0,5,1,4,1,1,0,0,0,0,0,0,0,0,0,0,1,1,0,689,255,434
09,91,Kothagudem,Bhadradri Kothagudem,18,Palawancha,802933,0032,WARD,Palawancha,Urban,286,1110,529,581,94,45,49,59,26,33,128,62,66,884,455,429,226,74,152,367,278,89,321,260,61,9,6,3,16,13,3,11,10,1,285,231,54,46,18,28,2,0,2,6,1,5,1,0,1,37,17,20,39,18,21,2,0,2,4,1,3,1,0,1,32,17,15,7,0,7,0,0,0,2,0,2,0,0,0,5,0,5,743,251,492
09,91,Kothagudem,Bhadradri Kothagudem,18,Palawancha,802933,0033,WARD,Palawancha,Urban,45,221,198,23,2,0,2,0,0,0,6,6,0,124,121,3,97,77,20,208,197,11,0,0,0,0,0,0,0,0,0,0,0,0,0,0,0,208,197,11,0,0,0,0,0,0,0,0,0,208,197,11,208,197,11,0,0,0,0,0,0,0,0,0,208,197,11,0,0,0,0,0,0,0,0,0,0,0,0,0,0,0,13,1,12
09,91,Kothagudem,Bhadradri Kothagudem,18,Palawancha,802933,0034,WARD,Palawancha,Urban,137,480,249,231,71,38,33,81,42,39,41,24,17,384,203,181,96,46,50,166,143,23,151,142,9,0,0,0,0,0,0,0,0,0,151,142,9,15,1,14,0,0,0,0,0,0,1,0,1,14,1,13,15,1,14,0,0,0,0,0,0,1,0,1,14,1,13,0,0,0,0,0,0,0,0,0,0,0,0,0,0,0,314,106,208
09,91,Kothagudem,Bhadradri Kothagudem,18,Palawancha,802933,0035,WARD,Palawancha,Urban,141,579,295,284,60,27,33,158,79,79,49,23,26,443,246,197,136,49,87,187,158,29,171,149,22,0,0,0,5,3,2,2,2,0,164,144,20,16,9,7,0,0,0,4,3,1,2,0,2,10,6,4,16,9,7,0,0,0,4,3,1,2,0,2,10,6,4,0,0,0,0,0,0,0,0,0,0,0,0,0,0,0,392,137,255
09,91,Kothagudem,Bhadradri Kothagudem,18,Palawancha,802933,0036,WARD,Palawancha,Urban,141,574,287,287,76,40,36,90,39,51,42,19,23,472,244,228,102,43,59,169,152,17,169,152,17,0,0,0,0,0,0,0,0,0,169,152,17,0,0,0,0,0,0,0,0,0,0,0,0,0,0,0,0,0,0,0,0,0,0,0,0,0,0,0,0,0,0,0,0,0,0,0,0,0,0,0,0,0,0,0,0,0,405,135,270
09,91,Kothagudem,Bhadradri Kothagudem,18,Palawancha,802933,0037,WARD,Palawancha,Urban,238,930,458,472,113,59,54,124,68,56,61,31,30,782,396,386,148,62,86,289,236,53,289,236,53,2,2,0,0,0,0,1,1,0,286,233,53,0,0,0,0,0,0,0,0,0,0,0,0,0,0,0,0,0,0,0,0,0,0,0,0,0,0,0,0,0,0,0,0,0,0,0,0,0,0,0,0,0,0,0,0,0,641,222,419
09,91,Kothagudem,Bhadradri Kothagudem,18,Palawancha,802933,0038,WARD,Palawancha,Urban,254,1039,533,506,99,54,45,204,100,104,79,48,31,794,437,357,245,96,149,300,259,41,266,233,33,0,0,0,1,0,1,0,0,0,265,233,32,34,26,8,0,0,0,1,0,1,0,0,0,33,26,7,34,26,8,0,0,0,1,0,1,0,0,0,33,26,7,0,0,0,0,0,0,0,0,0,0,0,0,0,0,0,739,274,465
09,91,Kothagudem,Bhadradri Kothagudem,18,Palawancha,802933,0039,WARD,Palawancha,Urban,1206,4776,2368,2408,480,256,224,1044,526,518,482,233,249,3795,1987,1808,981,381,600,1477,1231,246,1430,1204,226,2,1,1,1,0,1,6,5,1,1421,1198,223,47,27,20,1,0,1,4,1,3,0,0,0,42,26,16,41,23,18,1,0,1,4,1,3,0,0,0,36,22,14,6,4,2,0,0,0,0,0,0,0,0,0,6,4,2,3299,1137,2162