DISTRICT_CODE,DIVISION_CODE,DIVISION_NAME,Name_District,Mandal_Code,Name_Mandal,Village_Code,Ward,Level1,VName,TRU,No_HH,TOT_P,TOT_M,TOT_F,P_06,M_06,F_06,P_SC,M_SC,F_SC,P_ST,M_ST,F_ST,P_LIT,M_LIT,F_LIT,P_ILL,M_ILL,F_ILL,TOT_WORK_P,TOT_WORK_M,TOT_WORK_F,MAINWORK_P,MAINWORK_M,MAINWORK_F,MAIN_CL_P,MAIN_CL_M,MAIN_CL_F,MAIN_AL_P,MAIN_AL_M,MAIN_AL_F,MAIN_HH_P,MAIN_HH_M,MAIN_HH_F,MAIN_OT_P,MAIN_OT_M,MAIN_OT_F,MARGWORK_P,MARGWORK_M,MARGWORK_F,MARG_CL_P,MARG_CL_M,MARG_CL_F,MARG_AL_P,MARG_AL_M,MARG_AL_F,MARG_HH_P,MARG_HH_M,MARG_HH_F,MARG_OT_P,MARG_OT_M,MARG_OT_F,MARGWORK_3_6_P,MARGWORK_3_6_M,MARGWORK_3_6_F,MARG_CL_3_6_P,MARG_CL_3_6_M,MARG_CL_3_6_F,MARG_AL_3_6_P,MARG_AL_3_6_M,MARG_AL_3_6_F,MARG_HH_3_6_P,MARG_HH_3_6_M,MARG_HH_3_6_F,MARG_OT_3_6_P,MARG_OT_3_6_M,MARG_OT_3_6_F,MARGWORK_0_3_P,MARGWORK_0_3_M,MARGWORK_0_3_F,MARG_CL_0_3_P,MARG_CL_0_3_M,MARG_CL_0_3_F,MARG_AL_0_3_P,MARG_AL_0_3_M,MARG_AL_0_3_F,MARG_HH_0_3_P,MARG_HH_0_3_M,MARG_HH_0_3_F,MARG_OT_0_3_P,MARG_OT_0_3_M,MARG_OT_0_3_F,NON_WORK_P,NON_WORK_M,NON_WORK_F
06,92,Metpalle,Jagitial,01,Ibrahimpatnam,571604,0000,VILLAGE,Komatikondapur,Rural,589,2190,1058,1132,222,124,98,388,189,199,4,2,2,1043,581,462,1147,477,670,1338,649,689,1293,632,661,439,240,199,437,232,205,267,32,235,150,128,22,45,17,28,6,1,5,15,6,9,15,4,11,9,6,3,39,12,27,6,1,5,12,3,9,12,2,10,9,6,3,6,5,1,0,0,0,3,3,0,3,2,1,0,0,0,852,409,443
06,92,Metpalle,Jagitial,01,Ibrahimpatnam,571605,0000,VILLAGE,Erdandi,Rural,661,2619,1254,1365,263,119,144,356,162,194,97,45,52,1291,738,553,1328,516,812,1607,763,844,1606,763,843,643,328,315,579,325,254,165,14,151,219,96,123,1,0,1,0,0,0,1,0,1,0,0,0,0,0,0,1,0,1,0,0,0,1,0,1,0,0,0,0,0,0,0,0,0,0,0,0,0,0,0,0,0,0,0,0,0,1012,491,521
06,92,Metpalle,Jagitial,01,Ibrahimpatnam,571606,0000,VILLAGE,Bardipur,Rural,270,988,470,518,82,46,36,237,108,129,81,39,42,427,252,175,561,218,343,579,269,310,574,269,305,135,79,56,287,167,120,128,4,124,24,19,5,5,0,5,1,0,1,0,0,0,3,0,3,1,0,1,2,0,2,0,0,0,0,0,0,2,0,2,0,0,0,3,0,3,1,0,1,0,0,0,1,0,1,1,0,1,409,201,208
06,92,Metpalle,Jagitial,01,Ibrahimpatnam,571607,0000,VILLAGE,Mularampur,Rural,177,794,385,409,102,53,49,65,33,32,8,4,4,333,192,141,461,193,268,512,237,275,512,237,275,312,149,163,90,41,49,48,9,39,62,38,24,0,0,0,0,0,0,0,0,0,0,0,0,0,0,0,0,0,0,0,0,0,0,0,0,0,0,0,0,0,0,0,0,0,0,0,0,0,0,0,0,0,0,0,0,0,282,148,134
06,92,Metpalle,Jagitial,01,Ibrahimpatnam,571608,0000,VILLAGE,Vemulakurthi,Rural,1051,4123,1973,2150,441,240,201,672,316,356,78,43,35,2021,1118,903,2102,855,1247,2494,1187,1307,2222,1077,1145,916,550,366,517,290,227,498,71,427,291,166,125,272,110,162,2,0,2,117,74,43,5,1,4,148,35,113,262,108,154,2,0,2,113,73,40,5,1,4,142,34,108,10,2,8,0,0,0,4,1,3,0,0,0,6,1,5,1629,786,843
06,92,Metpalle,Jagitial,01,Ibrahimpatnam,571609,0000,VILLAGE,Kamala Nagar,Rural,654,2473,1166,1307,234,116,118,357,177,180,134,66,68,1296,735,561,1177,431,746,1515,715,800,1500,709,791,463,283,180,401,237,164,427,26,401,209,163,46,15,6,9,4,3,1,4,3,1,4,0,4,3,0,3,7,1,6,2,1,1,1,0,1,2,0,2,2,0,2,8,5,3,2,2,0,3,3,0,2,0,2,1,0,1,958,451,507
06,92,Metpalle,Jagitial,01,Ibrahimpatnam,571610,0000,VILLAGE,Yamapur,Rural,548,2115,1047,1068,178,93,85,463,226,237,222,115,107,1037,625,412,1078,422,656,1300,639,661,1120,555,565,345,181,164,461,252,209,146,28,118,168,94,74,180,84,96,0,0,0,171,81,90,0,0,0,9,3,6,176,83,93,0,0,0,168,80,88,0,0,0,8,3,5,4,1,3,0,0,0,3,1,2,0,0,0,1,0,1,815,408,407
06,92,Metpalle,Jagitial,01,Ibrahimpatnam,571611,0000,VILLAGE,Fakir Kondapur,Rural,167,704,325,379,73,30,43,40,17,23,99,47,52,315,162,153,389,163,226,459,219,240,459,219,240,190,96,94,207,97,110,0,0,0,62,26,36,0,0,0,0,0,0,0,0,0,0,0,0,0,0,0,0,0,0,0,0,0,0,0,0,0,0,0,0,0,0,0,0,0,0,0,0,0,0,0,0,0,0,0,0,0,245,106,139
06,92,Metpalle,Jagitial,01,Ibrahimpatnam,571612,0000,VILLAGE,Timmapur,Rural,675,2586,1255,1331,246,123,123,362,178,184,293,145,148,1334,791,543,1252,464,788,1537,733,804,1521,727,794,328,207,121,680,373,307,364,32,332,149,115,34,16,6,10,1,0,1,9,5,4,2,0,2,4,1,3,13,5,8,1,0,1,8,4,4,1,0,1,3,1,2,3,1,2,0,0,0,1,1,0,1,0,1,1,0,1,1049,522,527
06,92,Metpalle,Jagitial,01,Ibrahimpatnam,571613,0000,VILLAGE,Godur,Rural,1118,4039,1942,2097,410,204,206,580,267,313,104,51,53,2101,1223,878,1938,719,1219,2459,1182,1277,2404,1163,1241,842,475,367,822,387,435,373,28,345,367,273,94,55,19,36,2,2,0,38,12,26,9,0,9,6,5,1,46,19,27,2,2,0,31,12,19,8,0,8,5,5,0,9,0,9,0,0,0,7,0,7,1,0,1,1,0,1,1580,760,820
06,92,Metpalle,Jagitial,01,Ibrahimpatnam,571614,0000,VILLAGE,Ibrahimpatnam,Rural,2154,8569,4133,4436,709,355,354,1189,573,616,159,91,68,4725,2674,2051,3844,1459,2385,4966,2389,2577,4836,2363,2473,1225,623,602,1907,1046,861,992,120,872,712,574,138,130,26,104,20,1,19,38,13,25,53,4,49,19,8,11,112,21,91,20,1,19,36,12,24,45,3,42,11,5,6,18,5,13,0,0,0,2,1,1,8,1,7,8,3,5,3603,1744,1859
06,92,Metpalle,Jagitial,01,Ibrahimpatnam,571615,0000,VILLAGE,Varshakonda,Rural,1146,4438,2162,2276,351,188,163,628,300,328,160,82,78,2350,1350,1000,2088,812,1276,2666,1284,1382,2625,1264,1361,771,455,316,839,417,422,498,70,428,517,322,195,41,20,21,2,2,0,31,15,16,2,0,2,6,3,3,37,19,18,2,2,0,28,14,14,1,0,1,6,3,3,4,1,3,0,0,0,3,1,2,1,0,1,0,0,0,1772,878,894
06,92,Metpalle,Jagitial,01,Ibrahimpatnam,571616,0000,VILLAGE,Dabba,Rural,706,2548,1256,1292,269,140,129,320,161,159,309,156,153,1319,773,546,1229,483,746,1576,756,820,1424,684,740,504,281,223,408,237,171,338,21,317,174,145,29,152,72,80,1,1,0,144,68,76,2,0,2,5,3,2,152,72,80,1,1,0,144,68,76,2,0,2,5,3,2,0,0,0,0,0,0,0,0,0,0,0,0,0,0,0,972,500,472
06,92,Metpalle,Jagitial,01,Ibrahimpatnam,571617,0000,VILLAGE,Ammakkapet,Rural,516,1894,915,979,176,81,95,381,188,193,34,18,16,954,564,390,940,351,589,1147,566,581,1016,509,507,310,165,145,400,233,167,89,9,80,217,102,115,131,57,74,53,31,22,50,23,27,1,1,0,27,2,25,102,41,61,43,22,21,36,16,20,1,1,0,22,2,20,29,16,13,10,9,1,14,7,7,0,0,0,5,0,5,747,349,398
06,92,Metpalle,Jagitial,01,Ibrahimpatnam,571618,0000,VILLAGE,Errapur,Rural,157,550,250,300,61,25,36,120,53,67,271,129,142,262,142,120,288,108,180,324,144,180,300,138,162,182,89,93,81,37,44,18,0,18,19,12,7,24,6,18,0,0,0,14,6,8,8,0,8,2,0,2,24,6,18,0,0,0,14,6,8,8,0,8,2,0,2,0,0,0,0,0,0,0,0,0,0,0,0,0,0,0,226,106,120
06,92,Metpalle,Jagitial,12,Metpalle,571619,0000,VILLAGE,Rajeswara Rao Pet,Rural,416,1583,771,812,158,75,83,160,77,83,0,0,0,766,453,313,817,318,499,910,447,463,898,446,452,229,135,94,335,206,129,142,15,127,192,90,102,12,1,11,2,0,2,5,1,4,4,0,4,1,0,1,12,1,11,2,0,2,5,1,4,4,0,4,1,0,1,0,0,0,0,0,0,0,0,0,0,0,0,0,0,0,673,324,349
06,92,Metpalle,Jagitial,12,Metpalle,571620,0000,VILLAGE,Bandalingapur,Rural,1997,7769,3845,3924,715,381,334,1062,521,541,29,17,12,4085,2404,1681,3684,1441,2243,4522,2193,2329,4366,2124,2242,943,536,407,1130,719,411,703,34,669,1590,835,755,156,69,87,0,0,0,26,15,11,32,1,31,98,53,45,130,53,77,0,0,0,11,5,6,32,1,31,87,47,40,26,16,10,0,0,0,15,10,5,0,0,0,11,6,5,3247,1652,1595
06,92,Metpalle,Jagitial,12,Metpalle,571621,0000,VILLAGE,Maidpalle (W),Rural,780,2777,1362,1415,230,123,107,466,218,248,38,20,18,1512,881,631,1265,481,784,1667,807,860,1658,804,854,467,244,223,484,275,209,440,55,385,267,230,37,9,3,6,2,1,1,5,1,4,1,1,0,1,0,1,8,3,5,2,1,1,5,1,4,1,1,0,0,0,0,1,0,1,0,0,0,0,0,0,0,0,0,1,0,1,1110,555,555
06,92,Metpalle,Jagitial,02,Mallapur,571622,0000,VILLAGE,Obblapur,Rural,422,1689,792,897,171,83,88,176,91,85,358,169,189,767,451,316,922,341,581,1097,500,597,1060,486,574,224,124,100,573,261,312,176,30,146,87,71,16,37,14,23,4,2,2,26,9,17,4,1,3,3,2,1,32,11,21,2,0,2,23,8,15,4,1,3,3,2,1,5,3,2,2,2,0,3,1,2,0,0,0,0,0,0,592,292,300
06,92,Metpalle,Jagitial,02,Mallapur,571623,0000,VILLAGE,Sangem,Rural,173,575,278,297,49,26,23,253,126,127,42,15,27,262,156,106,313,122,191,339,154,185,160,79,81,48,25,23,64,38,26,39,9,30,9,7,2,179,75,104,2,1,1,151,70,81,25,3,22,1,1,0,179,75,104,2,1,1,151,70,81,25,3,22,1,1,0,0,0,0,0,0,0,0,0,0,0,0,0,0,0,0,236,124,112
06,92,Metpalle,Jagitial,02,Mallapur,571624,0000,VILLAGE,Sri Rampur,Rural,90,336,161,175,41,20,21,75,38,37,127,57,70,179,109,70,157,52,105,182,83,99,146,75,71,15,14,1,86,49,37,30,0,30,15,12,3,36,8,28,0,0,0,9,6,3,22,0,22,5,2,3,36,8,28,0,0,0,9,6,3,22,0,22,5,2,3,0,0,0,0,0,0,0,0,0,0,0,0,0,0,0,154,78,76
06,92,Metpalle,Jagitial,02,Mallapur,571625,0000,VILLAGE,Damarajapalle,Rural,883,3316,1563,1753,310,141,169,531,264,267,11,4,7,1699,976,723,1617,587,1030,1823,929,894,1796,911,885,586,312,274,639,383,256,361,52,309,210,164,46,27,18,9,3,2,1,15,10,5,1,1,0,8,5,3,24,16,8,2,2,0,14,9,5,0,0,0,8,5,3,3,2,1,1,0,1,1,1,0,1,1,0,0,0,0,1493,634,859
06,92,Metpalle,Jagitial,02,Mallapur,571626,0000,VILLAGE,Valgonda,Rural,486,1847,899,948,185,101,84,234,113,121,436,212,224,823,495,328,1024,404,620,1138,540,598,1105,537,568,302,153,149,515,276,239,236,76,160,52,32,20,33,3,30,0,0,0,8,2,6,13,0,13,12,1,11,22,3,19,0,0,0,7,2,5,6,0,6,9,1,8,11,0,11,0,0,0,1,0,1,7,0,7,3,0,3,709,359,350
06,92,Metpalle,Jagitial,02,Mallapur,571627,0000,VILLAGE,Vempalli Venkata Raopeta,Rural,1255,4714,2286,2428,439,227,212,429,195,234,573,294,279,2145,1252,893,2569,1034,1535,2788,1357,1431,2196,1080,1116,1045,570,475,490,268,222,362,49,313,299,193,106,592,277,315,11,5,6,352,179,173,82,16,66,147,77,70,370,169,201,7,3,4,184,96,88,70,14,56,109,56,53,222,108,114,4,2,2,168,83,85,12,2,10,38,21,17,1926,929,997
06,92,Metpalle,Jagitial,02,Mallapur,571628,0000,VILLAGE,Gorrepalle,Rural,391,1436,695,741,112,55,57,437,213,224,131,67,64,627,377,250,809,318,491,918,427,491,807,407,400,359,204,155,211,94,117,141,33,108,96,76,20,111,20,91,0,0,0,27,8,19,41,1,40,43,11,32,106,19,87,0,0,0,27,8,19,40,1,39,39,10,29,5,1,4,0,0,0,0,0,0,1,0,1,4,1,3,518,268,250
06,92,Metpalle,Jagitial,02,Mallapur,571629,0000,VILLAGE,Mallapur,Rural,1763,6739,3277,3462,629,333,296,874,428,446,264,128,136,3595,2055,1540,3144,1222,1922,3873,1957,1916,3424,1822,1602,993,564,429,1198,691,507,434,72,362,799,495,304,449,135,314,84,14,70,212,80,132,81,5,76,72,36,36,411,121,290,71,8,63,200,77,123,75,2,73,65,34,31,38,14,24,13,6,7,12,3,9,6,3,3,7,2,5,2866,1320,1546
06,92,Metpalle,Jagitial,02,Mallapur,571630,0000,VILLAGE,Mogalpet,Rural,1091,4158,2006,2152,488,251,237,272,131,141,120,66,54,1830,1066,764,2328,940,1388,2621,1233,1388,2582,1218,1364,1006,504,502,737,334,403,317,26,291,522,354,168,39,15,24,1,0,1,22,9,13,9,0,9,7,6,1,35,14,21,0,0,0,20,9,11,9,0,9,6,5,1,4,1,3,1,0,1,2,0,2,0,0,0,1,1,0,1537,773,764
06,92,Metpalle,Jagitial,02,Mallapur,571631,0000,VILLAGE,Nadukuda,Rural,261,995,472,523,91,45,46,217,95,122,216,109,107,506,302,204,489,170,319,616,305,311,614,303,311,269,152,117,179,117,62,127,8,119,39,26,13,2,2,0,0,0,0,1,1,0,0,0,0,1,1,0,1,1,0,0,0,0,0,0,0,0,0,0,1,1,0,1,1,0,0,0,0,1,1,0,0,0,0,0,0,0,379,167,212
06,92,Metpalle,Jagitial,02,Mallapur,571632,0000,VILLAGE,Sirpur,Rural,716,2774,1360,1414,305,159,146,498,243,255,238,118,120,1356,785,571,1418,575,843,1679,807,872,1548,787,761,425,274,151,766,350,416,60,29,31,297,134,163,131,20,111,13,4,9,35,6,29,1,1,0,82,9,73,125,20,105,11,4,7,33,6,27,1,1,0,80,9,71,6,0,6,2,0,2,2,0,2,0,0,0,2,0,2,1095,553,542
06,92,Metpalle,Jagitial,02,Mallapur,571633,0000,VILLAGE,Indira Nagar,Rural,1001,3619,1740,1879,335,167,168,756,371,385,268,120,148,1837,1072,765,1782,668,1114,2229,1055,1174,2039,1021,1018,591,356,235,909,490,419,351,41,310,188,134,54,190,34,156,24,1,23,39,19,20,107,2,105,20,12,8,189,34,155,24,1,23,39,19,20,107,2,105,19,12,7,1,0,1,0,0,0,0,0,0,0,0,0,1,0,1,1390,685,705
06,92,Metpalle,Jagitial,02,Mallapur,571635,0000,VILLAGE,Regunta,Rural,716,2725,1335,1390,250,128,122,545,264,281,23,14,9,1314,753,561,1411,582,829,1599,781,818,1447,725,722,430,220,210,601,339,262,218,16,202,198,150,48,152,56,96,12,5,7,60,28,32,47,5,42,33,18,15,96,42,54,8,4,4,35,20,15,31,4,27,22,14,8,56,14,42,4,1,3,25,8,17,16,1,15,11,4,7,1126,554,572
06,92,Metpalle,Jagitial,02,Mallapur,571636,0000,VILLAGE,Gundampalle,Rural,624,2507,1237,1270,241,122,119,466,222,244,0,0,0,1211,697,514,1296,540,756,1403,695,708,1369,677,692,462,234,228,671,345,326,88,16,72,148,82,66,34,18,16,0,0,0,19,10,9,7,3,4,8,5,3,28,15,13,0,0,0,15,8,7,7,3,4,6,4,2,6,3,3,0,0,0,4,2,2,0,0,0,2,1,1,1104,542,562
06,92,Metpalle,Jagitial,02,Mallapur,571639,0000,VILLAGE,Raghavapeta,Rural,756,3085,1507,1578,310,151,159,549,250,299,9,4,5,1628,934,694,1457,573,884,1891,937,954,1301,664,637,496,252,244,579,289,290,68,11,57,158,112,46,590,273,317,213,108,105,238,107,131,36,1,35,103,57,46,527,248,279,195,100,95,203,91,112,32,1,31,97,56,41,63,25,38,18,8,10,35,16,19,4,0,4,6,1,5,1194,570,624
06,92,Metpalle,Jagitial,02,Mallapur,571640,0000,VILLAGE,Muthampet,Rural,1167,4470,2201,2269,459,230,229,821,393,428,88,40,48,2422,1430,992,2048,771,1277,2566,1310,1256,2487,1266,1221,513,271,242,896,467,429,517,63,454,561,465,96,79,44,35,6,4,2,25,14,11,18,1,17,30,25,5,67,39,28,5,3,2,21,12,9,13,0,13,28,24,4,12,5,7,1,1,0,4,2,2,5,1,4,2,1,1,1904,891,1013
06,92,Metpalle,Jagitial,02,Mallapur,571641,0000,VILLAGE,Chittapur,Rural,1109,4193,1990,2203,404,190,214,1004,464,540,212,100,112,2159,1253,906,2034,737,1297,2444,1170,1274,2347,1125,1222,630,315,315,788,445,343,492,53,439,437,312,125,97,45,52,1,1,0,78,33,45,5,1,4,13,10,3,96,45,51,1,1,0,77,33,44,5,1,4,13,10,3,1,0,1,0,0,0,1,0,1,0,0,0,0,0,0,1749,820,929
06,93,Koratla,Jagitial,11,Koratla,571642,0000,VILLAGE,Dharmaram,Rural,466,1783,860,923,254,137,117,281,138,143,35,16,19,825,471,354,958,389,569,1142,545,597,978,477,501,255,165,90,404,204,200,203,27,176,116,81,35,164,68,96,2,0,2,23,9,14,15,0,15,124,59,65,114,50,64,2,0,2,20,8,12,5,0,5,87,42,45,50,18,32,0,0,0,3,1,2,10,0,10,37,17,20,641,315,326
06,92,Metpalle,Jagitial,02,Mallapur,571643,0000,VILLAGE,Sataram,Rural,849,2909,1421,1488,235,110,125,518,262,256,3,3,0,1338,787,551,1571,634,937,1779,886,893,1412,759,653,423,282,141,330,200,130,361,36,325,298,241,57,367,127,240,22,18,4,193,70,123,86,3,83,66,36,30,310,105,205,11,9,2,165,63,102,76,3,73,58,30,28,57,22,35,11,9,2,28,7,21,10,0,10,8,6,2,1130,535,595
06,91,Jagtial,Jagitial,03,Raikal,571644,0000,VILLAGE,Bornapalle,Rural,473,1890,929,961,209,112,97,273,137,136,1045,516,529,808,468,340,1082,461,621,1166,570,596,1098,548,550,202,119,83,565,262,303,21,6,15,310,161,149,68,22,46,5,0,5,44,16,28,1,0,1,18,6,12,61,21,40,5,0,5,40,16,24,0,0,0,16,5,11,7,1,6,0,0,0,4,0,4,1,0,1,2,1,1,724,359,365
06,91,Jagtial,Jagitial,03,Raikal,571645,0000,VILLAGE,Devanpalle,Rural,165,573,277,296,64,35,29,40,18,22,305,151,154,227,149,78,346,128,218,351,170,181,309,151,158,21,21,0,247,107,140,19,6,13,22,17,5,42,19,23,1,1,0,33,17,16,4,0,4,4,1,3,37,16,21,1,1,0,28,14,14,4,0,4,4,1,3,5,3,2,0,0,0,5,3,2,0,0,0,0,0,0,222,107,115
06,91,Jagtial,Jagitial,03,Raikal,571646,0000,VILLAGE,Katkapur,Rural,405,1454,687,767,137,66,71,204,94,110,156,73,83,676,376,300,778,311,467,837,414,423,412,247,165,153,116,37,107,61,46,53,4,49,99,66,33,425,167,258,2,0,2,321,142,179,16,2,14,86,23,63,388,148,240,2,0,2,292,129,163,16,2,14,78,17,61,37,19,18,0,0,0,29,13,16,0,0,0,8,6,2,617,273,344
06,91,Jagtial,Jagitial,03,Raikal,571647,0000,VILLAGE,Tatlavai,Rural,446,1694,831,863,166,83,83,153,74,79,474,246,228,741,438,303,953,393,560,1028,494,534,854,428,426,367,211,156,234,113,121,144,14,130,109,90,19,174,66,108,6,3,3,156,61,95,4,0,4,8,2,6,52,20,32,3,1,2,38,17,21,4,0,4,7,2,5,122,46,76,3,2,1,118,44,74,0,0,0,1,0,1,666,337,329
06,91,Jagtial,Jagitial,03,Raikal,571648,0000,VILLAGE,Vasthapur,Rural,158,577,276,301,63,29,34,2,2,0,146,69,77,221,121,100,356,155,201,392,190,202,296,143,153,41,26,15,147,86,61,103,28,75,5,3,2,96,47,49,0,0,0,95,46,49,0,0,0,1,1,0,96,47,49,0,0,0,95,46,49,0,0,0,1,1,0,0,0,0,0,0,0,0,0,0,0,0,0,0,0,0,185,86,99
06,91,Jagtial,Jagitial,03,Raikal,571649,0000,VILLAGE,Chintalur,Rural,249,828,399,429,85,41,44,121,59,62,140,63,77,403,237,166,425,162,263,504,247,257,432,220,212,46,36,10,265,121,144,51,4,47,70,59,11,72,27,45,1,0,1,42,19,23,4,0,4,25,8,17,65,24,41,1,0,1,40,18,22,4,0,4,20,6,14,7,3,4,0,0,0,2,1,1,0,0,0,5,2,3,324,152,172
06,91,Jagtial,Jagitial,03,Raikal,571650,0000,VILLAGE,Mootapalle,Rural,1173,4328,2129,2199,449,219,230,611,300,311,14,5,9,2089,1249,840,2239,880,1359,2563,1262,1301,2515,1229,1286,633,394,239,1167,636,531,544,63,481,171,136,35,48,33,15,0,0,0,19,8,11,4,2,2,25,23,2,47,33,14,0,0,0,19,8,11,3,2,1,25,23,2,1,0,1,0,0,0,0,0,0,1,0,1,0,0,0,1765,867,898
06,91,Jagtial,Jagitial,03,Raikal,571651,0000,VILLAGE,Oddelingapur,Rural,453,1722,776,946,180,78,102,140,69,71,781,323,458,820,414,406,902,362,540,909,434,475,852,422,430,267,166,101,366,163,203,125,12,113,94,81,13,57,12,45,7,3,4,46,7,39,0,0,0,4,2,2,48,10,38,6,3,3,38,5,33,0,0,0,4,2,2,9,2,7,1,0,1,8,2,6,0,0,0,0,0,0,813,342,471
06,91,Jagtial,Jagitial,03,Raikal,571652,0000,VILLAGE,Dharmajipet,Rural,335,1258,624,634,115,55,60,354,183,171,209,110,99,544,328,216,714,296,418,790,389,401,426,216,210,161,90,71,188,94,94,48,9,39,29,23,6,364,173,191,2,0,2,293,164,129,58,2,56,11,7,4,363,173,190,2,0,2,293,164,129,57,2,55,11,7,4,1,0,1,0,0,0,0,0,0,1,0,1,0,0,0,468,235,233
06,91,Jagtial,Jagitial,03,Raikal,571653,0000,VILLAGE,Alur,Rural,543,2104,1031,1073,215,112,103,231,121,110,203,96,107,1008,598,410,1096,433,663,1286,630,656,1282,629,653,545,324,221,427,228,199,231,24,207,79,53,26,4,1,3,1,1,0,3,0,3,0,0,0,0,0,0,4,1,3,1,1,0,3,0,3,0,0,0,0,0,0,0,0,0,0,0,0,0,0,0,0,0,0,0,0,0,818,401,417
06,91,Jagtial,Jagitial,03,Raikal,571654,0000,VILLAGE,Veerapur,Rural,397,1470,736,734,135,77,58,191,89,102,0,0,0,695,413,282,775,323,452,821,408,413,798,406,392,204,147,57,220,138,82,266,43,223,108,78,30,23,2,21,2,0,2,1,0,1,15,0,15,5,2,3,7,1,6,0,0,0,1,0,1,2,0,2,4,1,3,16,1,15,2,0,2,0,0,0,13,0,13,1,1,0,649,328,321
06,91,Jagtial,Jagitial,03,Raikal,571655,0000,VILLAGE,Bhoopathipur,Rural,747,2997,1448,1549,239,135,104,450,223,227,1,1,0,1604,936,668,1393,512,881,1708,834,874,1561,770,791,327,205,122,466,288,178,523,66,457,245,211,34,147,64,83,8,4,4,118,52,66,14,2,12,7,6,1,136,60,76,6,3,3,112,51,61,13,2,11,5,4,1,11,4,7,2,1,1,6,1,5,1,0,1,2,2,0,1289,614,675
06,91,Jagtial,Jagitial,03,Raikal,571656,0000,VILLAGE,Ramajipet,Rural,988,3606,1767,1839,291,145,146,418,205,213,16,7,9,1857,1115,742,1749,652,1097,2159,1051,1108,2121,1036,1085,585,368,217,624,400,224,624,96,528,288,172,116,38,15,23,11,5,6,8,3,5,3,1,2,16,6,10,29,8,21,9,4,5,6,1,5,2,0,2,12,3,9,9,7,2,2,1,1,2,2,0,1,1,0,4,3,1,1447,716,731
06,91,Jagtial,Jagitial,03,Raikal,571657,0000,VILLAGE,Raikal,Rural,4256,16404,8055,8349,1656,857,799,1766,880,886,179,85,94,9963,5711,4252,6441,2344,4097,8875,4510,4365,8020,4206,3814,751,483,268,1374,788,586,2272,249,2023,3623,2686,937,855,304,551,24,14,10,259,127,132,355,26,329,217,137,80,745,264,481,18,11,7,224,117,107,327,15,312,176,121,55,110,40,70,6,3,3,35,10,25,28,11,17,41,16,25,7529,3545,3984
06,91,Jagtial,Jagitial,03,Raikal,571658,0000,VILLAGE,Itkyal,Rural,1499,5845,2816,3029,523,259,264,811,397,414,203,97,106,2946,1675,1271,2899,1141,1758,3433,1669,1764,3089,1524,1565,890,512,378,876,478,398,624,80,544,699,454,245,344,145,199,26,11,15,94,38,56,85,9,76,139,87,52,160,68,92,12,4,8,46,17,29,27,5,22,75,42,33,184,77,107,14,7,7,48,21,27,58,4,54,64,45,19,2412,1147,1265
06,91,Jagtial,Jagitial,03,Raikal,571659,0000,VILLAGE,Mahitapur,Rural,1022,3756,1834,1922,391,221,170,814,398,416,3,1,2,1765,984,781,1991,850,1141,2350,1113,1237,2160,1055,1105,806,463,343,621,351,270,452,61,391,281,180,101,190,58,132,34,5,29,94,34,60,35,5,30,27,14,13,146,42,104,33,5,28,66,20,46,22,4,18,25,13,12,44,16,28,1,0,1,28,14,14,13,1,12,2,1,1,1406,721,685
06,91,Jagtial,Jagitial,03,Raikal,571660,0000,VILLAGE,Kummaripalle,Rural,497,1881,922,959,143,68,75,292,142,150,34,18,16,947,563,384,934,359,575,1078,561,517,1053,551,502,234,182,52,384,241,143,323,36,287,112,92,20,25,10,15,3,2,1,11,4,7,7,1,6,4,3,1,21,9,12,3,2,1,9,4,5,5,0,5,4,3,1,4,1,3,0,0,0,2,0,2,2,1,1,0,0,0,803,361,442
06,91,Jagtial,Jagitial,03,Raikal,571661,0000,VILLAGE,Uppumadige,Rural,183,725,347,378,78,41,37,96,45,51,0,0,0,347,185,162,378,162,216,456,214,242,51,30,21,43,24,19,2,1,1,0,0,0,6,5,1,405,184,221,24,12,12,293,143,150,11,4,7,77,25,52,98,40,58,18,9,9,43,19,24,2,1,1,35,11,24,307,144,163,6,3,3,250,124,126,9,3,6,42,14,28,269,133,136
06,91,Jagtial,Jagitial,03,Raikal,571662,0000,VILLAGE,Allipur,Rural,2352,8894,4335,4559,793,383,410,1244,616,628,22,11,11,4589,2673,1916,4305,1662,2643,5290,2610,2680,4599,2323,2276,1520,1000,520,1193,686,507,1260,169,1091,626,468,158,691,287,404,11,3,8,510,250,260,134,9,125,36,25,11,668,280,388,11,3,8,495,245,250,126,7,119,36,25,11,23,7,16,0,0,0,15,5,10,8,2,6,0,0,0,3604,1725,1879
06,91,Jagtial,Jagitial,03,Raikal,571663,0000,VILLAGE,Kistampet,Rural,466,1901,921,980,192,99,93,453,213,240,0,0,0,1045,599,446,856,322,534,1143,560,583,1132,556,576,328,186,142,436,228,208,207,14,193,161,128,33,11,4,7,0,0,0,2,1,1,6,1,5,3,2,1,11,4,7,0,0,0,2,1,1,6,1,5,3,2,1,0,0,0,0,0,0,0,0,0,0,0,0,0,0,0,758,361,397
06,91,Jagtial,Jagitial,04,Beerpur,571664,0000,VILLAGE,Rangasagar,Rural,157,523,270,253,28,13,15,67,33,34,136,70,66,307,198,109,216,72,144,327,164,163,327,164,163,207,106,101,99,47,52,2,2,0,19,9,10,0,0,0,0,0,0,0,0,0,0,0,0,0,0,0,0,0,0,0,0,0,0,0,0,0,0,0,0,0,0,0,0,0,0,0,0,0,0,0,0,0,0,0,0,0,196,106,90
06,91,Jagtial,Jagitial,04,Beerpur,571665,0000,VILLAGE,Mangela,Rural,459,1790,852,938,175,86,89,238,121,117,364,168,196,833,480,353,957,372,585,1070,505,565,808,404,404,234,168,66,468,189,279,14,6,8,92,41,51,262,101,161,12,7,5,239,93,146,4,1,3,7,0,7,254,97,157,11,6,5,234,91,143,3,0,3,6,0,6,8,4,4,1,1,0,5,2,3,1,1,0,1,0,1,720,347,373
06,91,Jagtial,Jagitial,04,Beerpur,571666,0000,VILLAGE,Kammunur,Rural,190,733,351,382,69,37,32,375,180,195,0,0,0,311,178,133,422,173,249,461,211,250,239,145,94,104,98,6,57,9,48,29,5,24,49,33,16,222,66,156,7,3,4,148,12,136,1,0,1,66,51,15,216,61,155,7,3,4,148,12,136,1,0,1,60,46,14,6,5,1,0,0,0,0,0,0,0,0,0,6,5,1,272,140,132
06,91,Jagtial,Jagitial,04,Beerpur,571667,0000,VILLAGE,Thalladharmaram,Rural,377,1510,776,734,188,95,93,215,102,113,603,343,260,660,434,226,850,342,508,885,438,447,708,367,341,335,189,146,272,118,154,4,2,2,97,58,39,177,71,106,4,3,1,140,48,92,4,1,3,29,19,10,166,66,100,4,3,1,135,47,88,3,0,3,24,16,8,11,5,6,0,0,0,5,1,4,1,1,0,5,3,2,625,338,287
06,91,Jagtial,Jagitial,04,Beerpur,571668,0000,VILLAGE,Rekulapalle,Rural,264,1026,478,548,94,43,51,290,132,158,5,2,3,447,264,183,579,214,365,616,284,332,461,226,235,154,115,39,182,58,124,60,15,45,65,38,27,155,58,97,13,7,6,88,18,70,18,7,11,36,26,10,153,58,95,13,7,6,86,18,68,18,7,11,36,26,10,2,0,2,0,0,0,2,0,2,0,0,0,0,0,0,410,194,216
06,91,Jagtial,Jagitial,04,Beerpur,571669,0000,VILLAGE,Kolvai,Rural,632,2531,1195,1336,224,115,109,537,258,279,144,63,81,1014,550,464,1517,645,872,1415,706,709,1392,695,697,550,304,246,460,217,243,106,16,90,276,158,118,23,11,12,5,4,1,14,5,9,1,1,0,3,1,2,22,11,11,5,4,1,14,5,9,1,1,0,2,1,1,1,0,1,0,0,0,0,0,0,0,0,0,1,0,1,1116,489,627
06,91,Jagtial,Jagitial,04,Beerpur,571670,0000,VILLAGE,Komanpalle,Rural,98,361,181,180,31,13,18,41,21,20,86,44,42,129,81,48,232,100,132,244,118,126,204,113,91,28,21,7,166,87,79,0,0,0,10,5,5,40,5,35,11,0,11,27,4,23,0,0,0,2,1,1,39,4,35,11,0,11,26,3,23,0,0,0,2,1,1,1,1,0,0,0,0,1,1,0,0,0,0,0,0,0,117,63,54
06,91,Jagtial,Jagitial,04,Beerpur,571671,0000,VILLAGE,Mothinagar,Rural,87,350,171,179,48,26,22,131,64,67,0,0,0,136,80,56,214,91,123,201,89,112,201,89,112,86,41,45,71,25,46,0,0,0,44,23,21,0,0,0,0,0,0,0,0,0,0,0,0,0,0,0,0,0,0,0,0,0,0,0,0,0,0,0,0,0,0,0,0,0,0,0,0,0,0,0,0,0,0,0,0,0,149,82,67
06,91,Jagtial,Jagitial,04,Beerpur,571672,0000,VILLAGE,Thungur,Rural,1095,3969,1845,2124,341,170,171,838,399,439,7,4,3,1691,957,734,2278,888,1390,2165,1055,1110,2119,1040,1079,364,222,142,801,451,350,89,10,79,865,357,508,46,15,31,1,0,1,28,9,19,1,1,0,16,5,11,46,15,31,1,0,1,28,9,19,1,1,0,16,5,11,0,0,0,0,0,0,0,0,0,0,0,0,0,0,0,1804,790,1014
06,91,Jagtial,Jagitial,04,Beerpur,571673,0000,VILLAGE,Kandlapalle,Rural,329,1320,619,701,129,75,54,233,113,120,5,3,2,528,292,236,792,327,465,831,378,453,807,366,441,176,104,72,386,165,221,162,39,123,83,58,25,24,12,12,0,0,0,14,8,6,5,0,5,5,4,1,21,10,11,0,0,0,13,8,5,5,0,5,3,2,1,3,2,1,0,0,0,1,0,1,0,0,0,2,2,0,489,241,248
06,91,Jagtial,Jagitial,04,Beerpur,571674,0000,VILLAGE,Cherlapalle,Rural,134,502,249,253,55,28,27,132,69,63,119,64,55,187,112,75,315,137,178,275,130,145,269,129,140,27,19,8,196,84,112,38,20,18,8,6,2,6,1,5,0,0,0,1,1,0,4,0,4,1,0,1,5,1,4,0,0,0,1,1,0,4,0,4,0,0,0,1,0,1,0,0,0,0,0,0,0,0,0,1,0,1,227,119,108
06,91,Jagtial,Jagitial,04,Beerpur,571675,0000,VILLAGE,Narsimlapalle,Rural,697,2648,1310,1338,216,114,102,354,170,184,14,4,10,1324,783,541,1324,527,797,1572,828,744,1568,826,742,448,338,110,707,358,349,306,48,258,107,82,25,4,2,2,2,2,0,1,0,1,1,0,1,0,0,0,4,2,2,2,2,0,1,0,1,1,0,1,0,0,0,0,0,0,0,0,0,0,0,0,0,0,0,0,0,0,1076,482,594
06,91,Jagtial,Jagitial,04,Beerpur,571676,0000,VILLAGE,Beerpur,Rural,1033,3650,1831,1819,296,167,129,501,254,247,71,36,35,1634,1006,628,2016,825,1191,2167,1084,1083,1495,774,721,321,230,91,639,294,345,237,10,227,298,240,58,672,310,362,13,9,4,516,250,266,80,2,78,63,49,14,628,298,330,12,9,3,477,239,238,79,2,77,60,48,12,44,12,32,1,0,1,39,11,28,1,0,1,3,1,2,1483,747,736
06,91,Jagtial,Jagitial,05,Sarangapur,571677,0000,VILLAGE,Potharam,Rural,438,1597,776,821,130,66,64,173,79,94,107,48,59,693,409,284,904,367,537,901,436,465,666,345,321,188,145,43,259,104,155,130,29,101,89,67,22,235,91,144,5,2,3,131,62,69,82,19,63,17,8,9,178,59,119,3,1,2,93,44,49,66,7,59,16,7,9,57,32,25,2,1,1,38,18,20,16,12,4,1,1,0,696,340,356
06,91,Jagtial,Jagitial,05,Sarangapur,571678,0000,VILLAGE,Sarangapur,Rural,401,1658,835,823,131,74,57,294,172,122,41,10,31,906,536,370,752,299,453,896,466,430,861,445,416,228,146,82,370,197,173,174,46,128,89,56,33,35,21,14,0,0,0,10,5,5,5,2,3,20,14,6,29,18,11,0,0,0,4,2,2,5,2,3,20,14,6,6,3,3,0,0,0,6,3,3,0,0,0,0,0,0,762,369,393
06,91,Jagtial,Jagitial,05,Sarangapur,571679,0000,VILLAGE,Ganeshpalle,Rural,58,244,122,122,36,17,19,0,0,0,0,0,0,69,37,32,175,85,90,161,79,82,145,69,76,39,29,10,29,10,19,75,30,45,2,0,2,16,10,6,0,0,0,4,2,2,1,1,0,11,7,4,9,6,3,0,0,0,0,0,0,0,0,0,9,6,3,7,4,3,0,0,0,4,2,2,1,1,0,2,1,1,83,43,40
06,91,Jagtial,Jagitial,05,Sarangapur,571680,0000,VILLAGE,Rechapalle,Rural,1377,5175,2530,2645,514,273,241,658,322,336,1026,477,549,2150,1279,871,3025,1251,1774,3083,1528,1555,3030,1512,1518,923,556,367,1419,669,750,455,129,326,233,158,75,53,16,37,3,2,1,30,8,22,5,1,4,15,5,10,43,15,28,3,2,1,29,8,21,4,1,3,7,4,3,10,1,9,0,0,0,1,0,1,1,0,1,8,1,7,2092,1002,1090
06,91,Jagtial,Jagitial,05,Sarangapur,571681,0000,VILLAGE,Rangapet,Rural,539,1944,971,973,205,114,91,426,209,217,0,0,0,862,512,350,1082,459,623,1227,585,642,1218,582,636,475,285,190,505,204,301,18,16,2,220,77,143,9,3,6,1,0,1,4,2,2,1,0,1,3,1,2,8,3,5,1,0,1,4,2,2,0,0,0,3,1,2,1,0,1,0,0,0,0,0,0,1,0,1,0,0,0,717,386,331
06,91,Jagtial,Jagitial,05,Sarangapur,571682,0000,VILLAGE,Nagunur,Rural,307,1183,572,611,110,51,59,502,251,251,6,4,2,564,333,231,619,239,380,690,357,333,551,305,246,115,84,31,227,136,91,106,8,98,103,77,26,139,52,87,5,1,4,67,27,40,34,1,33,33,23,10,132,51,81,5,1,4,63,26,37,33,1,32,31,23,8,7,1,6,0,0,0,4,1,3,1,0,1,2,0,2,493,215,278
06,91,Jagtial,Jagitial,05,Sarangapur,571683,0000,VILLAGE,Latchakkapet,Rural,292,1078,542,536,113,61,52,55,28,27,0,0,0,577,344,233,501,198,303,603,322,281,583,315,268,142,112,30,105,75,30,110,28,82,226,100,126,20,7,13,1,0,1,8,3,5,3,1,2,8,3,5,13,3,10,1,0,1,2,0,2,3,1,2,7,2,5,7,4,3,0,0,0,6,3,3,0,0,0,1,1,0,475,220,255
06,91,Jagtial,Jagitial,05,Sarangapur,571684,0000,VILLAGE,Konapur,Rural,668,2689,1337,1352,229,126,103,299,147,152,18,8,10,1388,822,566,1301,515,786,1556,772,784,1487,747,740,326,241,85,476,269,207,403,17,386,282,220,62,69,25,44,4,2,2,23,14,9,26,1,25,16,8,8,52,18,34,4,2,2,17,9,8,21,1,20,10,6,4,17,7,10,0,0,0,6,5,1,5,0,5,6,2,4,1133,565,568
06,91,Jagtial,Jagitial,05,Sarangapur,571685,0000,VILLAGE,Pembetla,Rural,674,2406,1164,1242,233,99,134,727,356,371,0,0,0,1079,622,457,1327,542,785,1396,687,709,1344,671,673,125,74,51,775,458,317,276,15,261,168,124,44,52,16,36,5,0,5,31,9,22,4,0,4,12,7,5,50,16,34,5,0,5,30,9,21,4,0,4,11,7,4,2,0,2,0,0,0,1,0,1,0,0,0,1,0,1,1010,477,533
06,91,Jagtial,Jagitial,05,Sarangapur,571686,0000,VILLAGE,Laxmidevipalle,Rural,682,2595,1225,1370,242,118,124,524,242,282,526,253,273,1092,626,466,1503,599,904,1513,699,814,1433,669,764,187,136,51,710,336,374,246,46,200,290,151,139,80,30,50,5,2,3,31,13,18,18,1,17,26,14,12,70,27,43,5,2,3,29,12,17,16,1,15,20,12,8,10,3,7,0,0,0,2,1,1,2,0,2,6,2,4,1082,526,556
06,91,Jagtial,Jagitial,05,Sarangapur,571687,0000,VILLAGE,Arpapalle,Rural,799,2858,1382,1476,244,121,123,683,324,359,0,0,0,1378,817,561,1480,565,915,1629,795,834,1267,616,651,501,321,180,509,219,290,171,28,143,86,48,38,362,179,183,21,12,9,236,128,108,63,10,53,42,29,13,351,176,175,17,12,5,234,127,107,60,9,51,40,28,12,11,3,8,4,0,4,2,1,1,3,1,2,2,1,1,1229,587,642
06,91,Jagtial,Jagitial,05,Sarangapur,571688,0000,VILLAGE,Battapalle,Rural,168,666,325,341,57,32,25,300,143,157,0,0,0,344,184,160,322,141,181,393,195,198,122,102,20,69,66,3,1,1,0,6,1,5,46,34,12,271,93,178,4,1,3,232,82,150,20,2,18,15,8,7,254,92,162,4,1,3,218,82,136,19,2,17,13,7,6,17,1,16,0,0,0,14,0,14,1,0,1,2,1,1,273,130,143
06,91,Jagtial,Jagitial,06,Dharmapuri,571689,0000,VILLAGE,Arepalle,Rural,426,1600,795,805,134,72,62,787,407,380,0,0,0,653,386,267,947,409,538,866,458,408,804,429,375,272,146,126,416,239,177,77,14,63,39,30,9,62,29,33,0,0,0,58,28,30,1,0,1,3,1,2,55,26,29,0,0,0,51,25,26,1,0,1,3,1,2,7,3,4,0,0,0,7,3,4,0,0,0,0,0,0,734,337,397
06,91,Jagtial,Jagitial,06,Dharmapuri,571690,0000,VILLAGE,Donthapur,Rural,1033,3943,1900,2043,409,201,208,1038,496,542,0,0,0,1777,1014,763,2166,886,1280,2200,1076,1124,1944,974,970,638,376,262,803,387,416,317,50,267,186,161,25,256,102,154,6,5,1,210,84,126,20,1,19,20,12,8,232,92,140,4,3,1,196,79,117,16,1,15,16,9,7,24,10,14,2,2,0,14,5,9,4,0,4,4,3,1,1743,824,919
06,91,Jagtial,Jagitial,06,Dharmapuri,571691,0000,VILLAGE,"Maggidi
",Rural,119,386,172,214,47,25,22,262,120,142,0,0,0,141,73,68,245,99,146,212,93,119,201,89,112,54,28,26,104,39,65,1,1,0,42,21,21,11,4,7,0,0,0,4,1,3,0,0,0,7,3,4,10,3,7,0,0,0,4,1,3,0,0,0,6,2,4,1,1,0,0,0,0,0,0,0,0,0,0,1,1,0,174,79,95
06,91,Jagtial,Jagitial,06,Dharmapuri,571692,0000,VILLAGE,Theegala Dharmaram,Rural,467,1766,848,918,160,66,94,689,320,369,87,34,53,859,495,364,907,353,554,1012,527,485,754,483,271,283,268,15,278,166,112,29,4,25,164,45,119,258,44,214,7,4,3,217,30,187,8,0,8,26,10,16,248,37,211,6,3,3,208,24,184,8,0,8,26,10,16,10,7,3,1,1,0,9,6,3,0,0,0,0,0,0,754,321,433
06,91,Jagtial,Jagitial,06,Dharmapuri,571693,0000,VILLAGE,Jaina,Rural,1222,4406,2084,2322,411,213,198,1156,526,630,347,165,182,2170,1208,962,2236,876,1360,2406,1168,1238,1730,877,853,376,272,104,765,386,379,356,42,314,233,177,56,676,291,385,8,3,5,402,193,209,116,3,113,150,92,58,557,240,317,8,3,5,375,180,195,95,3,92,79,54,25,119,51,68,0,0,0,27,13,14,21,0,21,71,38,33,2000,916,1084
06,91,Jagtial,Jagitial,06,Dharmapuri,571694,0000,VILLAGE,Rajaram,Rural,2628,9380,4544,4836,863,452,411,2108,1032,1076,239,120,119,4271,2453,1818,5109,2091,3018,5299,2642,2657,4740,2501,2239,548,371,177,2939,1489,1450,554,83,471,699,558,141,559,141,418,20,9,11,377,107,270,90,4,86,72,21,51,518,125,393,20,9,11,345,91,254,83,4,79,70,21,49,41,16,25,0,0,0,32,16,16,7,0,7,2,0,2,4081,1902,2179
06,91,Jagtial,Jagitial,06,Dharmapuri,571695,0000,VILLAGE,Donoor,Rural,598,2228,1074,1154,164,83,81,670,316,354,5,2,3,999,586,413,1229,488,741,1243,598,645,1222,587,635,465,264,201,506,217,289,90,20,70,161,86,75,21,11,10,3,2,1,9,3,6,3,1,2,6,5,1,15,8,7,3,2,1,7,2,5,2,1,1,3,3,0,6,3,3,0,0,0,2,1,1,1,0,1,3,2,1,985,476,509
06,91,Jagtial,Jagitial,06,Dharmapuri,571696,0000,VILLAGE,Nerella,Rural,1144,4384,2186,2198,395,200,195,665,319,346,4,2,2,2116,1256,860,2268,930,1338,2484,1275,1209,2338,1219,1119,627,346,281,690,357,333,244,103,141,777,413,364,146,56,90,0,0,0,128,47,81,10,1,9,8,8,0,138,54,84,0,0,0,124,47,77,7,0,7,7,7,0,8,2,6,0,0,0,4,0,4,3,1,2,1,1,0,1900,911,989
06,91,Jagtial,Jagitial,06,Dharmapuri,571697,0000,VILLAGE,Thummenala,Rural,632,2419,1184,1235,226,116,110,592,268,324,0,0,0,1023,586,437,1396,598,798,1468,747,721,1310,673,637,461,254,207,754,375,379,65,25,40,30,19,11,158,74,84,17,12,5,108,48,60,19,8,11,14,6,8,130,63,67,12,8,4,96,43,53,13,7,6,9,5,4,28,11,17,5,4,1,12,5,7,6,1,5,5,1,4,951,437,514
06,91,Jagtial,Jagitial,06,Dharmapuri,571698,0000,VILLAGE,Dharmapuri,Rural,4417,17243,8469,8774,1673,889,784,2079,949,1130,200,106,94,10364,5804,4560,6879,2665,4214,7607,4451,3156,7293,4325,2968,390,268,122,2125,1161,964,962,190,772,3816,2706,1110,314,126,188,39,17,22,85,31,54,23,5,18,167,73,94,284,118,166,35,15,20,79,30,49,18,4,14,152,69,83,30,8,22,4,2,2,6,1,5,5,1,4,15,4,11,9636,4018,5618
06,91,Jagtial,Jagitial,06,Dharmapuri,571699,0000,VILLAGE,Timmapur,Rural,896,3257,1574,1683,268,132,136,1159,544,615,0,0,0,1621,937,684,1636,637,999,1766,932,834,1740,924,816,374,227,147,963,421,542,86,33,53,317,243,74,26,8,18,3,1,2,15,5,10,1,0,1,7,2,5,20,5,15,3,1,2,12,4,8,0,0,0,5,0,5,6,3,3,0,0,0,3,1,2,1,0,1,2,2,0,1491,642,849
06,91,Jagtial,Jagitial,06,Dharmapuri,571700,0000,VILLAGE,Kamalapur,Rural,861,3038,1495,1543,258,137,121,696,345,351,5,2,3,1535,887,648,1503,608,895,1807,921,886,1346,717,629,224,182,42,766,360,406,134,15,119,222,160,62,461,204,257,11,4,7,118,41,77,14,1,13,318,158,160,444,195,249,11,4,7,104,34,70,13,1,12,316,156,160,17,9,8,0,0,0,14,7,7,1,0,1,2,2,0,1231,574,657
06,91,Jagtial,Jagitial,06,Dharmapuri,571701,0000,VILLAGE,Nagaram,Rural,275,981,496,485,62,29,33,286,135,151,10,5,5,496,314,182,485,182,303,632,320,312,560,299,261,232,122,110,246,130,116,32,10,22,50,37,13,72,21,51,2,0,2,59,17,42,4,0,4,7,4,3,68,21,47,1,0,1,58,17,41,2,0,2,7,4,3,4,0,4,1,0,1,1,0,1,2,0,2,0,0,0,349,176,173
06,91,Jagtial,Jagitial,07,Buggaram,571702,0000,VILLAGE,Velgonda,Rural,741,3079,1449,1630,270,120,150,458,217,241,0,0,0,1490,845,645,1589,604,985,1745,844,901,1602,806,796,206,117,89,1090,594,496,168,13,155,138,82,56,143,38,105,1,0,1,101,32,69,1,0,1,40,6,34,143,38,105,1,0,1,101,32,69,1,0,1,40,6,34,0,0,0,0,0,0,0,0,0,0,0,0,0,0,0,1334,605,729
06,91,Jagtial,Jagitial,07,Buggaram,571703,0000,VILLAGE,Chinnapur,Rural,357,1317,615,702,117,60,57,405,186,219,4,3,1,678,394,284,639,221,418,740,345,395,729,339,390,116,71,45,229,115,114,203,23,180,181,130,51,11,6,5,0,0,0,3,2,1,2,1,1,6,3,3,7,3,4,0,0,0,0,0,0,2,1,1,5,2,3,4,3,1,0,0,0,3,2,1,0,0,0,1,1,0,577,270,307
06,91,Jagtial,Jagitial,07,Buggaram,571704,0000,VILLAGE,Buggaram,Rural,1082,4338,2136,2202,357,189,168,699,327,372,17,9,8,2209,1330,879,2129,806,1323,2350,1196,1154,1889,949,940,626,348,278,693,357,336,183,7,176,387,237,150,461,247,214,7,3,4,407,223,184,7,2,5,40,19,21,455,246,209,7,3,4,404,223,181,6,2,4,38,18,20,6,1,5,0,0,0,3,0,3,1,0,1,2,1,1,1988,940,1048
06,91,Jagtial,Jagitial,07,Buggaram,571705,0000,VILLAGE,Sirivanchakota,Rural,11,35,19,16,2,2,0,31,17,14,0,0,0,17,9,8,18,10,8,20,10,10,20,10,10,10,5,5,10,5,5,0,0,0,0,0,0,0,0,0,0,0,0,0,0,0,0,0,0,0,0,0,0,0,0,0,0,0,0,0,0,0,0,0,0,0,0,0,0,0,0,0,0,0,0,0,0,0,0,0,0,0,15,9,6
06,91,Jagtial,Jagitial,07,Buggaram,571706,0000,VILLAGE,Gopulapur,Rural,737,3024,1486,1538,273,144,129,407,201,206,0,0,0,1571,924,647,1453,562,891,1678,908,770,1605,870,735,472,294,178,680,338,342,94,15,79,359,223,136,73,38,35,1,0,1,43,23,20,2,1,1,27,14,13,61,34,27,0,0,0,40,22,18,2,1,1,19,11,8,12,4,8,1,0,1,3,1,2,0,0,0,8,3,5,1346,578,768
06,91,Jagtial,Jagitial,07,Buggaram,571707,0000,VILLAGE,Sirikonda,Rural,507,1864,933,931,110,65,45,589,301,288,7,3,4,954,569,385,910,364,546,1055,542,513,964,499,465,278,157,121,499,269,230,86,17,69,101,56,45,91,43,48,11,7,4,12,7,5,6,0,6,62,29,33,41,19,22,5,4,1,8,4,4,5,0,5,23,11,12,50,24,26,6,3,3,4,3,1,1,0,1,39,18,21,809,391,418
06,91,Jagtial,Jagitial,07,Buggaram,571708,0000,VILLAGE,Beersani,Rural,306,1186,587,599,94,47,47,187,100,87,0,0,0,595,348,247,591,239,352,658,324,334,515,306,209,98,91,7,339,186,153,37,3,34,41,26,15,143,18,125,3,1,2,127,15,112,10,0,10,3,2,1,140,17,123,3,1,2,124,14,110,10,0,10,3,2,1,3,1,2,0,0,0,3,1,2,0,0,0,0,0,0,528,263,265
06,91,Jagtial,Jagitial,07,Buggaram,571709,0000,VILLAGE,Madnoor,Rural,658,2623,1294,1329,207,102,105,393,191,202,5,3,2,1381,833,548,1242,461,781,1493,765,728,1445,743,702,295,173,122,744,379,365,186,37,149,220,154,66,48,22,26,2,0,2,33,15,18,4,1,3,9,6,3,37,16,21,2,0,2,24,10,14,4,1,3,7,5,2,11,6,5,0,0,0,9,5,4,0,0,0,2,1,1,1130,529,601
06,91,Jagtial,Jagitial,06,Dharmapuri,571710,0000,VILLAGE,Raipatnam,Rural,615,2269,1179,1090,117,60,57,312,161,151,0,0,0,1145,661,484,1124,518,606,1352,705,647,1252,680,572,377,270,107,549,225,324,38,15,23,288,170,118,100,25,75,9,4,5,77,16,61,4,0,4,10,5,5,85,24,61,9,4,5,63,15,48,4,0,4,9,5,4,15,1,14,0,0,0,14,1,13,0,0,0,1,0,1,917,474,443
06,91,Jagtial,Jagitial,18,Velgatoor,571711,0000,VILLAGE,Stambampalle,Rural,935,3599,1766,1833,259,129,130,688,338,350,25,8,17,1752,994,758,1847,772,1075,1852,1012,840,1415,832,583,614,355,259,346,166,180,48,26,22,407,285,122,437,180,257,11,4,7,324,128,196,40,12,28,62,36,26,414,170,244,11,4,7,317,127,190,27,6,21,59,33,26,23,10,13,0,0,0,7,1,6,13,6,7,3,3,0,1747,754,993
06,91,Jagtial,Jagitial,18,Velgatoor,571712,0000,VILLAGE,Jagdevpeta,Rural,719,2612,1286,1326,226,113,113,903,450,453,7,3,4,1224,714,510,1388,572,816,1482,754,728,1380,723,657,383,213,170,669,276,393,13,8,5,315,226,89,102,31,71,7,3,4,70,19,51,0,0,0,25,9,16,84,25,59,7,3,4,55,14,41,0,0,0,22,8,14,18,6,12,0,0,0,15,5,10,0,0,0,3,1,2,1130,532,598
06,91,Jagtial,Jagitial,18,Velgatoor,571713,0000,VILLAGE,Velgatoor,Rural,1218,4463,2248,2215,379,190,189,727,362,365,69,45,24,2458,1418,1040,2005,830,1175,2326,1298,1028,2261,1275,986,316,185,131,1203,576,627,171,95,76,571,419,152,65,23,42,5,1,4,21,3,18,4,0,4,35,19,16,56,18,38,5,1,4,18,1,17,3,0,3,30,16,14,9,5,4,0,0,0,3,2,1,1,0,1,5,3,2,2137,950,1187
06,91,Jagtial,Jagitial,18,Velgatoor,571714,0000,VILLAGE,Kapparaopeta,Rural,215,791,412,379,68,33,35,625,334,291,0,0,0,367,213,154,424,199,225,460,240,220,448,237,211,45,29,16,258,93,165,20,4,16,125,111,14,12,3,9,2,0,2,6,1,5,0,0,0,4,2,2,12,3,9,2,0,2,6,1,5,0,0,0,4,2,2,0,0,0,0,0,0,0,0,0,0,0,0,0,0,0,331,172,159
06,91,Jagtial,Jagitial,18,Velgatoor,571715,0000,VILLAGE,Mukktraopet,Rural,605,2082,1036,1046,197,104,93,510,256,254,0,0,0,1013,579,434,1069,457,612,1171,582,589,1155,573,582,120,89,31,878,379,499,39,24,15,118,81,37,16,9,7,0,0,0,6,2,4,1,1,0,9,6,3,13,8,5,0,0,0,3,1,2,1,1,0,9,6,3,3,1,2,0,0,0,3,1,2,0,0,0,0,0,0,911,454,457
06,91,Jagtial,Jagitial,18,Velgatoor,571716,0000,VILLAGE,Muthunur,Rural,573,2013,988,1025,186,95,91,414,191,223,0,0,0,899,527,372,1114,461,653,1169,587,582,1096,564,532,256,201,55,694,244,450,24,17,7,122,102,20,73,23,50,3,1,2,69,21,48,0,0,0,1,1,0,41,11,30,2,1,1,38,9,29,0,0,0,1,1,0,32,12,20,1,0,1,31,12,19,0,0,0,0,0,0,844,401,443
06,91,Jagtial,Jagitial,18,Velgatoor,571717,0000,VILLAGE,Ramnoor,Rural,279,1013,493,520,93,50,43,311,149,162,0,0,0,594,338,256,419,155,264,616,298,318,590,292,298,121,103,18,381,125,256,18,13,5,70,51,19,26,6,20,1,1,0,21,3,18,0,0,0,4,2,2,8,3,5,1,1,0,4,1,3,0,0,0,3,1,2,18,3,15,0,0,0,17,2,15,0,0,0,1,1,0,397,195,202
06,91,Jagtial,Jagitial,18,Velgatoor,571718,0000,VILLAGE,Kishanraopeta,Rural,533,1869,900,969,166,82,84,769,377,392,14,6,8,782,441,341,1087,459,628,976,520,456,951,507,444,162,87,75,721,375,346,6,5,1,62,40,22,25,13,12,0,0,0,12,4,8,1,1,0,12,8,4,13,7,6,0,0,0,10,4,6,1,1,0,2,2,0,12,6,6,0,0,0,2,0,2,0,0,0,10,6,4,893,380,513
06,91,Jagtial,Jagitial,18,Velgatoor,571719,0000,VILLAGE,Sakapuram,Rural,358,1334,672,662,129,70,59,7,3,4,4,2,2,598,349,249,736,323,413,724,381,343,543,359,184,235,129,106,153,106,47,3,3,0,152,121,31,181,22,159,2,0,2,146,11,135,0,0,0,33,11,22,167,21,146,2,0,2,133,11,122,0,0,0,32,10,22,14,1,13,0,0,0,13,0,13,0,0,0,1,1,0,610,291,319
06,91,Jagtial,Jagitial,19,Endapalli,571720,0000,VILLAGE,Kondapur,Rural,591,2102,1021,1081,189,89,100,673,324,349,10,4,6,1022,584,438,1080,437,643,1220,606,614,1189,597,592,147,101,46,818,347,471,6,3,3,218,146,72,31,9,22,2,0,2,25,7,18,0,0,0,4,2,2,20,5,15,2,0,2,14,3,11,0,0,0,4,2,2,11,4,7,0,0,0,11,4,7,0,0,0,0,0,0,882,415,467
06,91,Jagtial,Jagitial,19,Endapalli,571721,0000,VILLAGE,Gullakota,Rural,1386,5099,2480,2619,492,243,249,1220,601,619,2,2,0,2358,1358,1000,2741,1122,1619,2829,1408,1421,2348,1292,1056,568,359,209,1090,517,573,170,70,100,520,346,174,481,116,365,17,2,15,376,79,297,33,6,27,55,29,26,453,106,347,16,2,14,356,71,285,31,6,25,50,27,23,28,10,18,1,0,1,20,8,12,2,0,2,5,2,3,2270,1072,1198
06,91,Jagtial,Jagitial,19,Endapalli,571722,0000,VILLAGE,Ambaripeta,Rural,649,2337,1155,1182,230,128,102,1322,652,670,4,1,3,1130,619,511,1207,536,671,1276,679,597,1241,662,579,234,138,96,756,354,402,22,14,8,229,156,73,35,17,18,4,2,2,21,6,15,1,0,1,9,9,0,27,9,18,3,1,2,21,6,15,1,0,1,2,2,0,8,8,0,1,1,0,0,0,0,0,0,0,7,7,0,1061,476,585
06,91,Jagtial,Jagitial,18,Velgatoor,571723,0000,VILLAGE,Sankenapalle,Rural,152,551,285,266,43,26,17,302,153,149,0,0,0,284,167,117,267,118,149,315,160,155,84,53,31,26,21,5,29,13,16,0,0,0,29,19,10,231,107,124,3,0,3,189,85,104,8,3,5,31,19,12,225,105,120,3,0,3,187,84,103,8,3,5,27,18,9,6,2,4,0,0,0,2,1,1,0,0,0,4,1,3,236,125,111
06,91,Jagtial,Jagitial,18,Velgatoor,571724,0000,VILLAGE,Paidipalle,Rural,664,2445,1205,1240,219,117,102,500,237,263,4,2,2,1186,666,520,1259,539,720,1354,704,650,1291,687,604,306,187,119,781,374,407,28,9,19,176,117,59,63,17,46,0,0,0,47,10,37,2,0,2,14,7,7,48,16,32,0,0,0,35,9,26,1,0,1,12,7,5,15,1,14,0,0,0,12,1,11,1,0,1,2,0,2,1091,501,590
06,91,Jagtial,Jagitial,18,Velgatoor,571725,0000,VILLAGE,Cheggaon,Rural,1073,3693,1863,1830,325,174,151,775,395,380,11,7,4,2009,1168,841,1684,695,989,1940,1032,908,1419,791,628,405,267,138,753,316,437,14,10,4,247,198,49,521,241,280,8,6,2,480,208,272,8,5,3,25,22,3,250,115,135,8,6,2,214,85,129,7,4,3,21,20,1,271,126,145,0,0,0,266,123,143,1,1,0,4,2,2,1753,831,922
06,91,Jagtial,Jagitial,19,Endapalli,571726,0000,VILLAGE,Undeda,Rural,210,773,385,388,72,37,35,223,110,113,0,0,0,344,196,148,429,189,240,468,244,224,466,243,223,106,81,25,311,118,193,6,6,0,43,38,5,2,1,1,0,0,0,2,1,1,0,0,0,0,0,0,2,1,1,0,0,0,2,1,1,0,0,0,0,0,0,0,0,0,0,0,0,0,0,0,0,0,0,0,0,0,305,141,164
06,91,Jagtial,Jagitial,19,Endapalli,571727,0000,VILLAGE,Munjampalle,Rural,383,1376,686,690,126,71,55,184,98,86,0,0,0,624,346,278,752,340,412,739,388,351,555,347,208,204,138,66,262,135,127,14,11,3,75,63,12,184,41,143,35,3,32,121,30,91,12,2,10,16,6,10,147,37,110,28,3,25,99,27,72,11,2,9,9,5,4,37,4,33,7,0,7,22,3,19,1,0,1,7,1,6,637,298,339
06,91,Jagtial,Jagitial,19,Endapalli,571728,0000,VILLAGE,Sanabanda,Rural,89,317,165,152,34,14,20,138,71,67,0,0,0,186,113,73,131,52,79,163,96,67,162,95,67,43,27,16,94,45,49,0,0,0,25,23,2,1,1,0,0,0,0,1,1,0,0,0,0,0,0,0,0,0,0,0,0,0,0,0,0,0,0,0,0,0,0,1,1,0,0,0,0,1,1,0,0,0,0,0,0,0,154,69,85
06,91,Jagtial,Jagitial,19,Endapalli,571729,0000,VILLAGE,Godiselapet,Rural,752,2471,1207,1264,203,98,105,438,209,229,0,0,0,1212,731,481,1259,476,783,1517,751,766,1236,640,596,209,106,103,883,423,460,38,31,7,106,80,26,281,111,170,3,2,1,209,76,133,9,3,6,60,30,30,210,90,120,3,2,1,163,63,100,0,0,0,44,25,19,71,21,50,0,0,0,46,13,33,9,3,6,16,5,11,954,456,498
06,91,Jagtial,Jagitial,19,Endapalli,571730,0000,VILLAGE,Padkal,Rural,199,693,338,355,43,20,23,450,221,229,0,0,0,337,198,139,356,140,216,400,202,198,386,197,189,105,48,57,220,100,120,13,10,3,48,39,9,14,5,9,1,0,1,12,4,8,1,1,0,0,0,0,13,5,8,1,0,1,11,4,7,1,1,0,0,0,0,1,0,1,0,0,0,1,0,1,0,0,0,0,0,0,293,136,157
06,91,Jagtial,Jagitial,19,Endapalli,571731,0000,VILLAGE,Kothapet,Rural,808,2975,1510,1465,238,133,105,1062,538,524,27,12,15,1568,920,648,1407,590,817,1611,877,734,1418,798,620,243,184,59,827,375,452,88,38,50,260,201,59,193,79,114,3,0,3,162,68,94,16,2,14,12,9,3,158,70,88,1,0,1,137,60,77,8,1,7,12,9,3,35,9,26,2,0,2,25,8,17,8,1,7,0,0,0,1364,633,731
06,91,Jagtial,Jagitial,19,Endapalli,571732,0000,VILLAGE,Endapalle,Rural,1621,6081,3185,2896,505,273,232,1637,896,741,69,40,29,3303,2044,1259,2778,1141,1637,3082,1682,1400,2794,1575,1219,322,222,100,1887,916,971,90,46,44,495,391,104,288,107,181,5,1,4,200,89,111,40,1,39,43,16,27,278,102,176,5,1,4,199,89,110,40,1,39,34,11,23,10,5,5,0,0,0,1,0,1,0,0,0,9,5,4,2999,1503,1496
06,91,Jagtial,Jagitial,19,Endapalli,571733,0000,VILLAGE,Pathagudur,Rural,777,2815,1413,1402,200,106,94,780,394,386,0,0,0,1456,865,591,1359,548,811,1545,829,716,944,634,310,361,287,74,363,184,179,44,25,19,176,138,38,601,195,406,14,5,9,496,143,353,13,6,7,78,41,37,579,186,393,12,3,9,482,139,343,9,4,5,76,40,36,22,9,13,2,2,0,14,4,10,4,2,2,2,1,1,1270,584,686
06,91,Jagtial,Jagitial,19,Endapalli,571734,0000,VILLAGE,Suraram,Rural,129,467,222,245,46,20,26,276,125,151,0,0,0,235,137,98,232,85,147,246,123,123,75,44,31,34,18,16,15,9,6,1,1,0,25,16,9,171,79,92,0,0,0,168,76,92,0,0,0,3,3,0,171,79,92,0,0,0,168,76,92,0,0,0,3,3,0,0,0,0,0,0,0,0,0,0,0,0,0,0,0,0,221,99,122
06,91,Jagtial,Jagitial,19,Endapalli,571735,0000,VILLAGE,Maredupalle,Rural,396,1347,669,678,101,50,51,531,260,271,0,0,0,684,391,293,663,278,385,687,376,311,431,322,109,172,163,9,177,83,94,11,9,2,71,67,4,256,54,202,4,1,3,251,52,199,0,0,0,1,1,0,255,54,201,4,1,3,250,52,198,0,0,0,1,1,0,1,0,1,0,0,0,1,0,1,0,0,0,0,0,0,660,293,367
06,91,Jagtial,Jagitial,07,Buggaram,572032,0000,VILLAGE,Gangapuram,Rural,290,1121,552,569,111,58,53,150,78,72,0,0,0,471,283,188,650,269,381,636,328,308,593,324,269,213,138,75,283,146,137,47,6,41,50,34,16,43,4,39,0,0,0,39,4,35,2,0,2,2,0,2,42,4,38,0,0,0,39,4,35,1,0,1,2,0,2,1,0,1,0,0,0,0,0,0,1,0,1,0,0,0,485,224,261
06,91,Jagtial,Jagitial,07,Buggaram,572033,0000,VILLAGE,Yeshwanthraopet,Rural,370,1452,695,757,131,65,66,418,211,207,0,0,0,714,413,301,738,282,456,887,434,453,566,329,237,209,156,53,198,98,100,87,22,65,72,53,19,321,105,216,2,1,1,302,95,207,6,4,2,11,5,6,315,103,212,2,1,1,296,93,203,6,4,2,11,5,6,6,2,4,0,0,0,6,2,4,0,0,0,0,0,0,565,261,304
06,91,Jagtial,Jagitial,17,Gollapalle,572034,0000,VILLAGE,Israjpalle,Rural,428,1623,771,852,162,81,81,536,258,278,10,5,5,800,461,339,823,310,513,894,450,444,647,327,320,189,124,65,256,136,120,126,6,120,76,61,15,247,123,124,8,4,4,214,106,108,14,3,11,11,10,1,230,121,109,6,4,2,203,104,99,11,3,8,10,10,0,17,2,15,2,0,2,11,2,9,3,0,3,1,0,1,729,321,408
06,91,Jagtial,Jagitial,07,Buggaram,572035,0000,VILLAGE,Shakalla,Rural,431,1677,839,838,102,61,41,714,360,354,0,0,0,977,548,429,700,291,409,891,479,412,856,470,386,259,172,87,387,177,210,49,9,40,161,112,49,35,9,26,2,1,1,22,5,17,2,0,2,9,3,6,29,6,23,2,1,1,17,2,15,1,0,1,9,3,6,6,3,3,0,0,0,5,3,2,1,0,1,0,0,0,786,360,426
06,91,Jagtial,Jagitial,17,Gollapalle,572036,0000,VILLAGE,Vengumatla,Rural,771,2817,1383,1434,215,110,105,659,314,345,3,1,2,1375,788,587,1442,595,847,1524,802,722,988,612,376,318,268,50,436,193,243,66,25,41,168,126,42,536,190,346,29,5,24,412,155,257,55,3,52,40,27,13,520,182,338,28,5,23,402,149,253,52,2,50,38,26,12,16,8,8,1,0,1,10,6,4,3,1,2,2,1,1,1293,581,712
06,91,Jagtial,Jagitial,17,Gollapalle,572037,0000,VILLAGE,Bonkur,Rural,353,1297,656,641,101,46,55,310,164,146,5,2,3,691,414,277,606,242,364,767,428,339,495,347,148,117,102,15,240,172,68,62,16,46,76,57,19,272,81,191,14,5,9,246,69,177,6,1,5,6,6,0,206,49,157,7,3,4,192,43,149,4,0,4,3,3,0,66,32,34,7,2,5,54,26,28,2,1,1,3,3,0,530,228,302
06,91,Jagtial,Jagitial,17,Gollapalle,572038,0000,VILLAGE,Lothunur,Rural,463,1785,879,906,161,80,81,574,292,282,7,3,4,879,523,356,906,356,550,982,491,491,849,435,414,232,140,92,396,178,218,93,28,65,128,89,39,133,56,77,17,7,10,79,28,51,18,9,9,19,12,7,82,32,50,13,5,8,43,12,31,12,6,6,14,9,5,51,24,27,4,2,2,36,16,20,6,3,3,5,3,2,803,388,415
06,91,Jagtial,Jagitial,17,Gollapalle,572039,0000,VILLAGE,Datnur,Rural,274,1075,552,523,96,57,39,252,127,125,2,0,2,615,370,245,460,182,278,590,307,283,355,194,161,192,100,92,85,40,45,9,5,4,69,49,20,235,113,122,9,5,4,202,97,105,14,3,11,10,8,2,200,97,103,6,3,3,178,86,92,9,2,7,7,6,1,35,16,19,3,2,1,24,11,13,5,1,4,3,2,1,485,245,240
06,91,Jagtial,Jagitial,17,Gollapalle,572040,0000,VILLAGE,Abbapuram G,Rural,166,698,371,327,55,37,18,159,82,77,0,0,0,329,204,125,369,167,202,516,263,253,176,151,25,158,139,19,3,3,0,2,0,2,13,9,4,340,112,228,181,60,121,126,44,82,22,2,20,11,6,5,228,59,169,120,23,97,77,29,48,21,2,19,10,5,5,112,53,59,61,37,24,49,15,34,1,0,1,1,1,0,182,108,74
06,91,Jagtial,Jagitial,17,Gollapalle,572041,0000,VILLAGE,Chilvakodur,Rural,944,3488,1642,1846,314,148,166,782,349,433,27,12,15,1819,1017,802,1669,625,1044,2120,1000,1120,1740,881,859,519,284,235,648,255,393,16,4,12,557,338,219,380,119,261,63,35,28,183,48,135,13,0,13,121,36,85,228,71,157,31,21,10,97,20,77,12,0,12,88,30,58,152,48,104,32,14,18,86,28,58,1,0,1,33,6,27,1368,642,726
06,91,Jagtial,Jagitial,17,Gollapalle,572042,0000,VILLAGE,Gollapalle,Rural,1384,5172,2512,2660,445,233,212,923,440,483,22,12,10,2844,1633,1211,2328,879,1449,2835,1496,1339,1933,1161,772,529,325,204,325,146,179,253,55,198,826,635,191,902,335,567,34,9,25,409,145,264,133,11,122,326,170,156,821,314,507,29,9,20,364,135,229,117,8,109,311,162,149,81,21,60,5,0,5,45,10,35,16,3,13,15,8,7,2337,1016,1321
06,91,Jagtial,Jagitial,17,Gollapalle,572043,0000,VILLAGE,Rapalle,Rural,496,1788,888,900,154,89,65,494,236,258,6,2,4,926,546,380,862,342,520,966,529,437,911,503,408,143,136,7,431,235,196,232,39,193,105,93,12,55,26,29,4,1,3,38,17,21,11,6,5,2,2,0,54,26,28,4,1,3,37,17,20,11,6,5,2,2,0,1,0,1,0,0,0,1,0,1,0,0,0,0,0,0,822,359,463
06,91,Jagtial,Jagitial,17,Gollapalle,572044,0000,VILLAGE,Vengalapuram,Rural,377,1439,691,748,98,49,49,446,199,247,0,0,0,659,390,269,780,301,479,839,403,436,224,114,110,118,76,42,5,2,3,75,17,58,26,19,7,615,289,326,95,51,44,393,198,195,96,18,78,31,22,9,596,285,311,88,48,40,381,197,184,96,18,78,31,22,9,19,4,15,7,3,4,12,1,11,0,0,0,0,0,0,600,288,312
06,91,Jagtial,Jagitial,17,Gollapalle,572045,0000,VILLAGE,Thirmalapuram (MP),Rural,717,2812,1397,1415,242,121,121,539,266,273,12,6,6,1350,817,533,1462,580,882,1571,819,752,1361,715,646,584,374,210,276,127,149,66,14,52,435,200,235,210,104,106,8,3,5,140,72,68,14,3,11,48,26,22,173,83,90,7,2,5,116,57,59,8,2,6,42,22,20,37,21,16,1,1,0,24,15,9,6,1,5,6,4,2,1241,578,663
06,91,Jagtial,Jagitial,17,Gollapalle,572046,0000,VILLAGE,Ibrahim Nagar,Rural,832,3383,1654,1729,296,143,153,678,322,356,21,10,11,1543,909,634,1840,745,1095,1979,966,1013,1920,946,974,567,294,273,872,469,403,174,14,160,307,169,138,59,20,39,9,3,6,35,10,25,2,0,2,13,7,6,54,17,37,9,3,6,30,7,23,2,0,2,13,7,6,5,3,2,0,0,0,5,3,2,0,0,0,0,0,0,1404,688,716
06,91,Jagtial,Jagitial,17,Gollapalle,572047,0000,VILLAGE,Bhattubutamrajapalle,Rural,281,1036,513,523,98,61,37,233,116,117,133,61,72,461,251,210,575,262,313,702,341,361,308,223,85,128,92,36,95,78,17,32,4,28,53,49,4,394,118,276,8,5,3,363,106,257,9,2,7,14,5,9,332,97,235,7,5,2,304,85,219,9,2,7,12,5,7,62,21,41,1,0,1,59,21,38,0,0,0,2,0,2,334,172,162
06,91,Jagtial,Jagitial,17,Gollapalle,572048,0000,VILLAGE,Raghavapatnam,Rural,862,3421,1691,1730,298,162,136,484,236,248,4,2,2,1564,936,628,1857,755,1102,2012,995,1017,1239,723,516,360,274,86,554,290,264,76,7,69,249,152,97,773,272,501,135,48,87,494,199,295,26,3,23,118,22,96,710,250,460,123,43,80,449,183,266,25,3,22,113,21,92,63,22,41,12,5,7,45,16,29,1,0,1,5,1,4,1409,696,713
06,91,Jagtial,Jagitial,17,Gollapalle,572049,0000,VILLAGE,Aggimalla,Rural,435,1784,885,899,149,67,82,251,120,131,0,0,0,863,509,354,921,376,545,1009,522,487,941,499,442,226,160,66,574,285,289,56,4,52,85,50,35,68,23,45,8,3,5,47,18,29,9,0,9,4,2,2,64,21,43,8,3,5,43,16,27,9,0,9,4,2,2,4,2,2,0,0,0,4,2,2,0,0,0,0,0,0,775,363,412
06,91,Jagtial,Jagitial,17,Gollapalle,572050,0000,VILLAGE,Gunjapadugu,Rural,318,1426,716,710,189,98,91,653,317,336,15,9,6,620,359,261,806,357,449,755,369,386,488,311,177,262,151,111,74,38,36,14,2,12,138,120,18,267,58,209,9,3,6,235,38,197,2,1,1,21,16,5,267,58,209,9,3,6,235,38,197,2,1,1,21,16,5,0,0,0,0,0,0,0,0,0,0,0,0,0,0,0,671,347,324
06,91,Jagtial,Jagitial,17,Gollapalle,572051,0000,VILLAGE,Bheemrajpalle,Rural,153,605,282,323,33,18,15,143,61,82,0,0,0,332,185,147,273,97,176,346,161,185,39,28,11,7,7,0,11,9,2,3,1,2,18,11,7,307,133,174,16,5,11,84,40,44,14,3,11,193,85,108,280,121,159,14,4,10,68,31,37,11,3,8,187,83,104,27,12,15,2,1,1,16,9,7,3,0,3,6,2,4,259,121,138
06,91,Jagtial,Jagitial,17,Gollapalle,572052,0000,VILLAGE,Chendoli,Rural,575,2087,1031,1056,181,99,82,337,171,166,11,5,6,1060,621,439,1027,410,617,1177,599,578,908,490,418,265,164,101,456,241,215,129,44,85,58,41,17,269,109,160,3,3,0,196,65,131,37,14,23,33,27,6,227,80,147,0,0,0,182,61,121,25,4,21,20,15,5,42,29,13,3,3,0,14,4,10,12,10,2,13,12,1,910,432,478
06,91,Jagtial,Jagitial,17,Gollapalle,572053,0000,VILLAGE,Athmakur,Rural,731,2965,1429,1536,243,120,123,469,236,233,19,8,11,1192,674,518,1773,755,1018,1731,830,901,1557,826,731,522,346,176,912,426,486,50,7,43,73,47,26,174,4,170,16,2,14,156,2,154,0,0,0,2,0,2,171,4,167,16,2,14,153,2,151,0,0,0,2,0,2,3,0,3,0,0,0,3,0,3,0,0,0,0,0,0,1234,599,635
06,91,Jagtial,Jagitial,15,Malial,572054,0000,VILLAGE,Rampur,Rural,605,2338,1167,1171,192,96,96,411,209,202,8,3,5,1189,720,469,1149,447,702,1338,699,639,1317,689,628,410,245,165,426,205,221,187,17,170,294,222,72,21,10,11,1,1,0,11,4,7,2,0,2,7,5,2,16,7,9,1,1,0,8,3,5,2,0,2,5,3,2,5,3,2,0,0,0,3,1,2,0,0,0,2,2,0,1000,468,532
06,91,Jagtial,Jagitial,15,Malial,572055,0000,VILLAGE,Obulapur,Rural,432,1585,721,864,120,58,62,331,139,192,7,2,5,833,456,377,752,265,487,955,424,531,859,391,468,373,203,170,218,91,127,23,6,17,245,91,154,96,33,63,15,11,4,50,14,36,28,6,22,3,2,1,75,29,46,14,11,3,35,12,23,23,4,19,3,2,1,21,4,17,1,0,1,15,2,13,5,2,3,0,0,0,630,297,333
06,91,Jagtial,Jagitial,15,Malial,572056,0000,VILLAGE,Gorregundam,Rural,80,292,151,141,28,18,10,125,68,57,6,3,3,113,65,48,179,86,93,177,91,86,172,89,83,20,18,2,119,65,54,0,0,0,33,6,27,5,2,3,1,1,0,4,1,3,0,0,0,0,0,0,4,2,2,1,1,0,3,1,2,0,0,0,0,0,0,1,0,1,0,0,0,1,0,1,0,0,0,0,0,0,115,60,55
06,91,Jagtial,Jagitial,15,Malial,572057,0000,VILLAGE,Maddutla,Rural,616,2153,1038,1115,181,95,86,310,146,164,6,2,4,1050,607,443,1103,431,672,1272,599,673,1191,568,623,476,260,216,343,165,178,178,26,152,194,117,77,81,31,50,5,1,4,60,25,35,5,1,4,11,4,7,66,28,38,4,1,3,49,22,27,2,1,1,11,4,7,15,3,12,1,0,1,11,3,8,3,0,3,0,0,0,881,439,442
06,91,Jagtial,Jagitial,15,Malial,572058,0000,VILLAGE,Potharam,Rural,845,3182,1577,1605,243,118,125,714,354,360,10,5,5,1846,1075,771,1336,502,834,1753,891,862,1716,870,846,382,254,128,589,367,222,401,64,337,344,185,159,37,21,16,6,5,1,6,3,3,3,1,2,22,12,10,36,21,15,6,5,1,6,3,3,2,1,1,22,12,10,1,0,1,0,0,0,0,0,0,1,0,1,0,0,0,1429,686,743
06,91,Jagtial,Jagitial,15,Malial,572059,0000,VILLAGE,Rajaram,Rural,420,1639,813,826,182,100,82,91,40,51,0,0,0,640,368,272,999,445,554,972,501,471,698,374,324,105,61,44,222,109,113,76,33,43,295,171,124,274,127,147,17,11,6,74,26,48,59,28,31,124,62,62,209,101,108,11,7,4,59,22,37,47,21,26,92,51,41,65,26,39,6,4,2,15,4,11,12,7,5,32,11,21,667,312,355
06,91,Jagtial,Jagitial,15,Malial,572060,0000,VILLAGE,Nookapalle,Rural,1060,4047,2004,2043,327,171,156,1132,566,566,36,16,20,2189,1266,923,1858,738,1120,2272,1180,1092,1751,906,845,700,423,277,357,212,145,302,28,274,392,243,149,521,274,247,5,0,5,408,213,195,22,5,17,86,56,30,500,263,237,5,0,5,399,211,188,19,3,16,77,49,28,21,11,10,0,0,0,9,2,7,3,2,1,9,7,2,1775,824,951
06,91,Jagtial,Jagitial,15,Malial,572061,0000,VILLAGE,Mallial,Rural,2868,11442,5629,5813,1093,560,533,1740,853,887,47,23,24,6684,3761,2923,4758,1868,2890,6238,3188,3050,5709,3013,2696,520,348,172,1464,836,628,1016,162,854,2709,1667,1042,529,175,354,3,2,1,149,84,65,158,6,152,219,83,136,434,136,298,3,2,1,117,66,51,134,6,128,180,62,118,95,39,56,0,0,0,32,18,14,24,0,24,39,21,18,5204,2441,2763
06,91,Jagtial,Jagitial,15,Malial,572062,0000,VILLAGE,Manala,Rural,565,2158,1085,1073,197,107,90,666,340,326,0,0,0,1090,624,466,1068,461,607,1079,646,433,968,638,330,354,249,105,405,262,143,14,6,8,195,121,74,111,8,103,3,1,2,46,5,41,57,1,56,5,1,4,110,8,102,3,1,2,45,5,40,57,1,56,5,1,4,1,0,1,0,0,0,1,0,1,0,0,0,0,0,0,1079,439,640
06,91,Jagtial,Jagitial,15,Malial,572063,0000,VILLAGE,Myadampalle,Rural,597,2051,996,1055,164,96,68,492,243,249,0,0,0,970,553,417,1081,443,638,1170,597,573,1016,540,476,168,111,57,585,334,251,132,10,122,131,85,46,154,57,97,18,6,12,59,24,35,34,3,31,43,24,19,138,51,87,16,5,11,55,22,33,31,2,29,36,22,14,16,6,10,2,1,1,4,2,2,3,1,2,7,2,5,881,399,482
06,91,Jagtial,Jagitial,15,Malial,572064,0000,VILLAGE,Thakkallapalle,Rural,1281,4639,2273,2366,343,162,181,1273,611,662,35,21,14,2443,1478,965,2196,795,1401,2554,1211,1343,2271,1151,1120,548,368,180,683,312,371,498,60,438,542,411,131,283,60,223,6,4,2,92,21,71,15,0,15,170,35,135,241,43,198,4,2,2,70,12,58,10,0,10,157,29,128,42,17,25,2,2,0,22,9,13,5,0,5,13,6,7,2085,1062,1023
06,91,Jagtial,Jagitial,15,Malial,572065,0000,VILLAGE,Thatipalle,Rural,846,3569,1540,2029,285,131,154,824,365,459,18,0,18,2132,1019,1113,1437,521,916,1633,865,768,1296,808,488,169,152,17,498,343,155,322,46,276,307,267,40,337,57,280,14,2,12,169,49,120,137,1,136,17,5,12,331,54,277,14,2,12,166,47,119,134,0,134,17,5,12,6,3,3,0,0,0,3,2,1,3,1,2,0,0,0,1936,675,1261
06,91,Jagtial,Jagitial,15,Malial,572066,0000,VILLAGE,Sarvapur,Rural,374,1449,712,737,118,65,53,437,218,219,17,7,10,742,419,323,707,293,414,916,449,467,483,252,231,71,49,22,244,139,105,61,15,46,107,49,58,433,197,236,3,1,2,236,139,97,114,3,111,80,54,26,406,178,228,2,1,1,230,136,94,114,3,111,60,38,22,27,19,8,1,0,1,6,3,3,0,0,0,20,16,4,533,263,270
06,91,Jagtial,Jagitial,15,Malial,572067,0000,VILLAGE,Muthyampeta,Rural,1252,4808,2381,2427,454,245,209,848,416,432,51,26,25,2627,1532,1095,2181,849,1332,2664,1405,1259,2039,1243,796,396,226,170,543,352,191,327,49,278,773,616,157,625,162,463,38,16,22,159,36,123,129,8,121,299,102,197,548,132,416,29,13,16,138,30,108,124,7,117,257,82,175,77,30,47,9,3,6,21,6,15,5,1,4,42,20,22,2144,976,1168
06,91,Jagtial,Jagitial,15,Malial,572068,0000,VILLAGE,Balwanthapur,Rural,495,2021,1038,983,223,118,105,398,208,190,0,0,0,881,534,347,1140,504,636,1160,624,536,874,487,387,241,154,87,505,289,216,75,2,73,53,42,11,286,137,149,6,3,3,167,77,90,15,3,12,98,54,44,248,119,129,5,2,3,139,61,78,10,3,7,94,53,41,38,18,20,1,1,0,28,16,12,5,0,5,4,1,3,861,414,447
06,91,Jagtial,Jagitial,08,Jagityal_Rural,572069,0000,VILLAGE,Kannapur,Rural,188,832,427,405,69,39,30,51,23,28,0,0,0,434,261,173,398,166,232,487,250,237,486,250,236,75,65,10,222,150,72,159,7,152,30,28,2,1,0,1,0,0,0,0,0,0,0,0,0,1,0,1,1,0,1,0,0,0,0,0,0,0,0,0,1,0,1,0,0,0,0,0,0,0,0,0,0,0,0,0,0,0,345,177,168
06,91,Jagtial,Jagitial,08,Jagityal_Rural,572070,0000,VILLAGE,Porandla,Rural,1078,4043,1981,2062,352,180,172,1007,490,517,10,5,5,2077,1242,835,1966,739,1227,2564,1241,1323,1509,869,640,404,280,124,577,382,195,288,22,266,240,185,55,1055,372,683,21,7,14,513,247,266,312,32,280,209,86,123,950,343,607,18,7,11,473,233,240,283,26,257,176,77,99,105,29,76,3,0,3,40,14,26,29,6,23,33,9,24,1479,740,739
06,91,Jagtial,Jagitial,09,Jagtial,572071,0000,VILLAGE,Thippannapeta,Rural,771,2783,1399,1384,282,155,127,636,321,315,13,6,7,1258,736,522,1525,663,862,1547,787,760,1450,728,722,564,311,253,543,272,271,153,23,130,190,122,68,97,59,38,64,49,15,17,4,13,11,4,7,5,2,3,48,27,21,29,23,6,8,1,7,6,1,5,5,2,3,49,32,17,35,26,9,9,3,6,5,3,2,0,0,0,1236,612,624
06,91,Jagtial,Jagitial,08,Jagityal_Rural,572072,0000,VILLAGE,Polasa,Rural,1192,5149,2568,2581,441,246,195,825,404,421,17,10,7,2915,1695,1220,2234,873,1361,2830,1472,1358,1586,854,732,447,318,129,291,191,100,400,43,357,448,302,146,1244,618,626,25,16,9,555,283,272,205,15,190,459,304,155,1033,516,517,22,15,7,549,281,268,166,11,155,296,209,87,211,102,109,3,1,2,6,2,4,39,4,35,163,95,68,2319,1096,1223
06,91,Jagtial,Jagitial,08,Jagityal_Rural,572073,0000,VILLAGE,Gullapeta,Rural,465,1880,941,939,169,91,78,87,37,50,0,0,0,898,539,359,982,402,580,1109,576,533,1063,553,510,385,236,149,292,202,90,205,17,188,181,98,83,46,23,23,1,0,1,26,16,10,2,0,2,17,7,10,36,18,18,0,0,0,21,14,7,2,0,2,13,4,9,10,5,5,1,0,1,5,2,3,0,0,0,4,3,1,771,365,406
06,91,Jagtial,Jagitial,08,Jagityal_Rural,572074,0000,VILLAGE,Thakkallapalle,Rural,346,1253,610,643,121,65,56,324,157,167,3,2,1,626,364,262,627,246,381,803,384,419,310,174,136,98,68,30,83,65,18,76,1,75,53,40,13,493,210,283,10,7,3,351,131,220,4,0,4,128,72,56,479,203,276,10,7,3,345,129,216,2,0,2,122,67,55,14,7,7,0,0,0,6,2,4,2,0,2,6,5,1,450,226,224
06,91,Jagtial,Jagitial,08,Jagityal_Rural,572075,0000,VILLAGE,Habsipur,Rural,435,1610,789,821,157,80,77,262,128,134,18,8,10,717,440,277,893,349,544,1046,525,521,913,465,448,228,148,80,339,173,166,171,8,163,175,136,39,133,60,73,16,9,7,78,33,45,10,1,9,29,17,12,46,17,29,8,5,3,23,7,16,5,0,5,10,5,5,87,43,44,8,4,4,55,26,29,5,1,4,19,12,7,564,264,300
06,91,Jagtial,Jagitial,08,Jagityal_Rural,572076,0000,VILLAGE,Somanpalle,Rural,441,1767,875,892,140,72,68,158,84,74,0,0,0,822,517,305,945,358,587,1105,555,550,1067,537,530,550,291,259,259,141,118,148,15,133,110,90,20,38,18,20,9,6,3,24,10,14,2,2,0,3,0,3,20,6,14,1,0,1,16,6,10,0,0,0,3,0,3,18,12,6,8,6,2,8,4,4,2,2,0,0,0,0,662,320,342
06,91,Jagtial,Jagitial,08,Jagityal_Rural,572077,0000,VILLAGE,Kalleda,Rural,767,3024,1484,1540,314,156,158,302,141,161,7,4,3,1254,737,517,1770,747,1023,1751,901,850,1427,808,619,359,254,105,445,226,219,215,20,195,408,308,100,324,93,231,31,13,18,216,44,172,19,4,15,58,32,26,287,83,204,31,13,18,209,44,165,18,3,15,29,23,6,37,10,27,0,0,0,7,0,7,1,1,0,29,9,20,1273,583,690
06,91,Jagtial,Jagitial,08,Jagityal_Rural,572078,0000,VILLAGE,Anantharam,Rural,650,2554,1295,1259,253,141,112,163,81,82,0,0,0,1387,818,569,1167,477,690,1409,737,672,1389,728,661,208,160,48,692,428,264,392,57,335,97,83,14,20,9,11,1,1,0,12,5,7,2,0,2,5,3,2,14,5,9,1,1,0,7,2,5,2,0,2,4,2,2,6,4,2,0,0,0,5,3,2,0,0,0,1,1,0,1145,558,587
06,91,Jagtial,Jagitial,08,Jagityal_Rural,572079,0000,VILLAGE,Lakshmipuram,Rural,980,3776,1870,1906,291,158,133,1083,551,532,5,4,1,1886,1116,770,1890,754,1136,2324,1156,1168,2269,1138,1131,566,304,262,847,432,415,403,94,309,453,308,145,55,18,37,13,4,9,20,7,13,8,2,6,14,5,9,44,15,29,8,3,5,19,6,13,6,1,5,11,5,6,11,3,8,5,1,4,1,1,0,2,1,1,3,0,3,1452,714,738
06,91,Jagtial,Jagitial,08,Jagityal_Rural,572080,0000,VILLAGE,Thimmapur,Rural,347,1162,588,574,93,53,40,633,319,314,0,0,0,455,286,169,707,302,405,791,395,396,701,347,354,432,214,218,142,62,80,39,13,26,88,58,30,90,48,42,12,6,6,21,7,14,12,2,10,45,33,12,89,48,41,12,6,6,21,7,14,11,2,9,45,33,12,1,0,1,0,0,0,0,0,0,1,0,1,0,0,0,371,193,178
06,91,Jagtial,Jagitial,09,Jagtial,572081,0000,VILLAGE,Jagityal,Rural,400,1607,811,796,141,83,58,140,75,65,2,1,1,824,478,346,783,333,450,912,454,458,753,435,318,238,161,77,170,134,36,237,49,188,108,91,17,159,19,140,31,1,30,58,14,44,65,2,63,5,2,3,142,12,130,30,0,30,47,8,39,60,2,58,5,2,3,17,7,10,1,1,0,11,6,5,5,0,5,0,0,0,695,357,338
06,91,Jagtial,Jagitial,08,Jagityal_Rural,572082,0000,VILLAGE,Kadlapalle,Rural,332,1266,638,628,108,63,45,163,87,76,20,11,9,654,406,248,612,232,380,796,383,413,789,379,410,150,99,51,432,208,224,88,5,83,119,67,52,7,4,3,1,1,0,1,1,0,1,0,1,4,2,2,7,4,3,1,1,0,1,1,0,1,0,1,4,2,2,0,0,0,0,0,0,0,0,0,0,0,0,0,0,0,470,255,215
06,91,Jagtial,Jagitial,08,Jagityal_Rural,572083,0000,VILLAGE,Chelgal,Rural,1254,4986,2392,2594,507,245,262,674,308,366,8,4,4,2588,1494,1094,2398,898,1500,2705,1298,1407,2137,1129,1008,589,340,249,577,316,261,502,58,444,469,415,54,568,169,399,19,1,18,253,95,158,190,21,169,106,52,54,545,158,387,18,1,17,243,89,154,186,20,166,98,48,50,23,11,12,1,0,1,10,6,4,4,1,3,8,4,4,2281,1094,1187
06,91,Jagtial,Jagitial,08,Jagityal_Rural,572084,0000,VILLAGE,Morapalle,Rural,815,3061,1471,1590,220,103,117,666,315,351,5,3,2,1630,940,690,1431,531,900,1842,904,938,1793,893,900,325,219,106,882,496,386,435,59,376,151,119,32,49,11,38,1,0,1,21,8,13,25,1,24,2,2,0,48,11,37,1,0,1,20,8,12,25,1,24,2,2,0,1,0,1,0,0,0,1,0,1,0,0,0,0,0,0,1219,567,652
06,91,Jagtial,Jagitial,08,Jagityal_Rural,572085,0000,VILLAGE,Tatipalle,Rural,875,3247,1569,1678,305,150,155,473,232,241,2,1,1,1571,882,689,1676,687,989,1866,950,916,1691,925,766,708,406,302,343,184,159,139,13,126,501,322,179,175,25,150,20,2,18,56,5,51,36,2,34,63,16,47,168,21,147,19,2,17,52,3,49,36,2,34,61,14,47,7,4,3,1,0,1,4,2,2,0,0,0,2,2,0,1381,619,762
06,91,Jagtial,Jagitial,08,Jagityal_Rural,572086,0000,VILLAGE,Anthargaon,Rural,841,3468,1690,1778,330,166,164,815,416,399,16,8,8,1678,983,695,1790,707,1083,2091,1020,1071,1356,723,633,479,259,220,543,306,237,152,20,132,182,138,44,735,297,438,29,8,21,507,217,290,49,12,37,150,60,90,685,274,411,24,5,19,479,209,270,42,7,35,140,53,87,50,23,27,5,3,2,28,8,20,7,5,2,10,7,3,1377,670,707
06,91,Jagtial,Jagitial,09,Jagtial,572087,0000,VILLAGE,Dharur,Rural,695,2711,1325,1386,247,122,125,496,242,254,0,0,0,1479,829,650,1232,496,736,1478,770,708,1462,763,699,503,283,220,324,183,141,246,23,223,389,274,115,16,7,9,4,2,2,0,0,0,0,0,0,12,5,7,16,7,9,4,2,2,0,0,0,0,0,0,12,5,7,0,0,0,0,0,0,0,0,0,0,0,0,0,0,0,1233,555,678
06,91,Jagtial,Jagitial,08,Jagityal_Rural,572088,0000,VILLAGE,Narsingapur,Rural,1462,5751,2825,2926,693,367,326,786,381,405,4,2,2,2691,1565,1126,3060,1260,1800,3139,1619,1520,2806,1508,1298,785,470,315,283,133,150,534,68,466,1204,837,367,333,111,222,28,13,15,148,36,112,22,3,19,135,59,76,309,102,207,26,12,14,145,36,109,21,3,18,117,51,66,24,9,15,2,1,1,3,0,3,1,0,1,18,8,10,2612,1206,1406
06,91,Jagtial,Jagitial,08,Jagityal_Rural,572089,0000,VILLAGE,Eldurthi,Rural,470,1984,959,1025,181,78,103,444,223,221,0,0,0,990,585,405,994,374,620,1241,599,642,997,478,519,477,243,234,353,161,192,64,11,53,103,63,40,244,121,123,34,18,16,133,68,65,5,1,4,72,34,38,175,86,89,19,11,8,89,45,44,3,1,2,64,29,35,69,35,34,15,7,8,44,23,21,2,0,2,8,5,3,743,360,383
06,91,Jagtial,Jagitial,09,Jagtial,572090,0000,VILLAGE,Mothe,Rural,751,2846,1398,1448,259,137,122,704,332,372,124,65,59,1500,891,609,1346,507,839,1564,781,783,1337,680,657,337,228,109,310,150,160,234,26,208,456,276,180,227,101,126,7,6,1,119,45,74,25,5,20,76,45,31,180,91,89,7,6,1,79,38,41,20,4,16,74,43,31,47,10,37,0,0,0,40,7,33,5,1,4,2,2,0,1282,617,665
06,91,Jagtial,Jagitial,08,Jagityal_Rural,572091,0000,VILLAGE,Jabithapur,Rural,865,3294,1604,1690,306,172,134,713,348,365,19,10,9,1632,939,693,1662,665,997,1882,847,1035,1630,731,899,507,255,252,530,278,252,389,48,341,204,150,54,252,116,136,72,42,30,94,43,51,54,6,48,32,25,7,128,57,71,30,15,15,43,20,23,32,5,27,23,17,6,124,59,65,42,27,15,51,23,28,22,1,21,9,8,1,1412,757,655
06,91,Jagtial,Jagitial,08,Jagityal_Rural,572092,0000,VILLAGE,Dharmaram,Rural,300,1080,550,530,100,58,42,229,118,111,0,0,0,475,284,191,605,266,339,585,308,277,464,253,211,188,116,72,107,53,54,71,4,67,98,80,18,121,55,66,18,9,9,62,23,39,4,1,3,37,22,15,121,55,66,18,9,9,62,23,39,4,1,3,37,22,15,0,0,0,0,0,0,0,0,0,0,0,0,0,0,0,495,242,253
06,93,Koratla,Jagitial,10,Medipalle,572093,0000,VILLAGE,Katlakunta,Rural,1124,4065,1954,2111,333,153,180,951,470,481,4,3,1,2046,1178,868,2019,776,1243,2297,1041,1256,2163,973,1190,691,358,333,715,347,368,52,16,36,705,252,453,134,68,66,17,8,9,35,17,18,2,1,1,80,42,38,92,48,44,16,7,9,19,8,11,1,1,0,56,32,24,42,20,22,1,1,0,16,9,7,1,0,1,24,10,14,1768,913,855
06,93,Koratla,Jagitial,10,Medipalle,572094,0000,VILLAGE,Pormalla,Rural,1266,4734,2300,2434,382,201,181,669,330,339,25,12,13,2424,1371,1053,2310,929,1381,2619,1166,1453,2083,936,1147,848,402,446,508,271,237,97,20,77,630,243,387,536,230,306,59,25,34,327,135,192,10,7,3,140,63,77,519,226,293,58,25,33,323,133,190,10,7,3,128,61,67,17,4,13,1,0,1,4,2,2,0,0,0,12,2,10,2115,1134,981
06,93,Koratla,Jagitial,10,Medipalle,572095,0000,VILLAGE,Thombarao Peta,Rural,362,1402,685,717,126,61,65,284,141,143,8,4,4,714,440,274,688,245,443,774,351,423,732,325,407,333,151,182,216,108,108,6,6,0,177,60,117,42,26,16,9,4,5,10,6,4,1,1,0,22,15,7,40,24,16,8,3,5,10,6,4,1,1,0,21,14,7,2,2,0,1,1,0,0,0,0,0,0,0,1,1,0,628,334,294
06,93,Koratla,Jagitial,10,Medipalle,572096,0000,VILLAGE,Medipalle,Rural,1408,6054,3173,2881,519,264,255,1442,915,527,97,63,34,3755,2294,1461,2299,879,1420,2622,1237,1385,2338,1106,1232,527,325,202,536,296,240,158,42,116,1117,443,674,284,131,153,39,20,19,50,29,21,15,2,13,180,80,100,274,125,149,38,20,18,44,25,19,15,2,13,177,78,99,10,6,4,1,0,1,6,4,2,0,0,0,3,2,1,3432,1936,1496
06,93,Koratla,Jagitial,10,Medipalle,572097,0000,VILLAGE,Kondapur,Rural,1207,4634,2227,2407,480,231,249,834,373,461,6,3,3,2254,1268,986,2380,959,1421,2654,1217,1437,2215,1070,1145,352,200,152,998,494,504,236,106,130,629,270,359,439,147,292,42,17,25,101,35,66,12,4,8,284,91,193,424,140,284,41,17,24,98,32,66,12,4,8,273,87,186,15,7,8,1,0,1,3,3,0,0,0,0,11,4,7,1980,1010,970
06,93,Koratla,Jagitial,10,Medipalle,572098,0000,VILLAGE,Vallampalle,Rural,696,2541,1236,1305,246,130,116,388,188,200,24,10,14,1341,772,569,1200,464,736,1470,722,748,1460,720,740,387,230,157,432,212,220,51,15,36,590,263,327,10,2,8,1,0,1,7,1,6,0,0,0,2,1,1,9,2,7,1,0,1,7,1,6,0,0,0,1,1,0,1,0,1,0,0,0,0,0,0,0,0,0,1,0,1,1071,514,557
06,93,Koratla,Jagitial,10,Medipalle,572099,0000,VILLAGE,Machapur,Rural,189,740,377,363,58,31,27,202,98,104,5,3,2,373,230,143,367,147,220,466,238,228,463,237,226,185,113,72,181,93,88,6,3,3,91,28,63,3,1,2,0,0,0,1,0,1,0,0,0,2,1,1,0,0,0,0,0,0,0,0,0,0,0,0,0,0,0,3,1,2,0,0,0,1,0,1,0,0,0,2,1,1,274,139,135
06,93,Koratla,Jagitial,10,Medipalle,572100,0000,VILLAGE,Dammannapeta,Rural,407,1647,809,838,150,77,73,107,55,52,102,47,55,767,440,327,880,369,511,935,471,464,933,469,464,503,278,225,214,114,100,66,8,58,150,69,81,2,2,0,0,0,0,2,2,0,0,0,0,0,0,0,2,2,0,0,0,0,2,2,0,0,0,0,0,0,0,0,0,0,0,0,0,0,0,0,0,0,0,0,0,0,712,338,374
06,93,Koratla,Jagitial,10,Medipalle,572101,0000,VILLAGE,Kalvakota,Rural,530,2046,994,1052,179,85,94,57,19,38,15,7,8,1080,628,452,966,366,600,1151,589,562,1113,575,538,139,108,31,322,205,117,63,25,38,589,237,352,38,14,24,2,2,0,16,6,10,1,0,1,19,6,13,36,12,24,2,2,0,14,4,10,1,0,1,19,6,13,2,2,0,0,0,0,2,2,0,0,0,0,0,0,0,895,405,490
06,93,Koratla,Jagitial,20,Bheemaram,572102,0000,VILLAGE,Rangapur,Rural,282,885,430,455,52,24,28,338,166,172,8,3,5,561,319,242,324,111,213,470,250,220,104,99,5,65,64,1,5,3,2,9,9,0,25,23,2,366,151,215,13,11,2,189,126,63,151,5,146,13,9,4,366,151,215,13,11,2,189,126,63,151,5,146,13,9,4,0,0,0,0,0,0,0,0,0,0,0,0,0,0,0,415,180,235
06,93,Koratla,Jagitial,10,Medipalle,572103,0000,VILLAGE,Kacharam,Rural,498,1984,983,1001,153,65,88,573,273,300,11,5,6,890,541,349,1094,442,652,1168,604,564,1058,579,479,402,256,146,414,226,188,18,17,1,224,80,144,110,25,85,1,0,1,102,21,81,0,0,0,7,4,3,109,25,84,1,0,1,101,21,80,0,0,0,7,4,3,1,0,1,0,0,0,1,0,1,0,0,0,0,0,0,816,379,437
06,93,Koratla,Jagitial,20,Bheemaram,572104,0000,VILLAGE,Venkataraopeta,Rural,641,2512,1256,1256,237,125,112,478,225,253,16,8,8,1269,751,518,1243,505,738,1587,779,808,1443,709,734,387,267,120,492,201,291,51,28,23,513,213,300,144,70,74,13,11,2,102,50,52,7,1,6,22,8,14,108,47,61,1,1,0,83,38,45,7,1,6,17,7,10,36,23,13,12,10,2,19,12,7,0,0,0,5,1,4,925,477,448
06,93,Koratla,Jagitial,20,Bheemaram,572105,0000,VILLAGE,Raghojipeta,Rural,324,1151,569,582,99,53,46,173,80,93,0,0,0,505,282,223,646,287,359,754,371,383,749,368,381,248,180,68,246,99,147,43,22,21,212,67,145,5,3,2,0,0,0,3,2,1,0,0,0,2,1,1,5,3,2,0,0,0,3,2,1,0,0,0,2,1,1,0,0,0,0,0,0,0,0,0,0,0,0,0,0,0,397,198,199
06,93,Koratla,Jagitial,20,Bheemaram,572106,0000,VILLAGE,Bheemaram,Rural,896,3574,1731,1843,331,164,167,495,224,271,9,4,5,1710,990,720,1864,741,1123,2192,1080,1112,1924,991,933,738,410,328,688,347,341,58,6,52,440,228,212,268,89,179,43,21,22,68,31,37,6,0,6,151,37,114,248,80,168,42,21,21,57,26,31,6,0,6,143,33,110,20,9,11,1,0,1,11,5,6,0,0,0,8,4,4,1382,651,731
06,93,Koratla,Jagitial,20,Bheemaram,572107,0000,VILLAGE,Mannnegudem,Rural,1075,3913,1916,1997,372,208,164,693,332,361,21,11,10,2248,1303,945,1665,613,1052,2266,1106,1160,1923,1013,910,334,202,132,431,259,172,43,23,20,1115,529,586,343,93,250,15,5,10,146,63,83,4,0,4,178,25,153,330,89,241,12,4,8,138,61,77,4,0,4,176,24,152,13,4,9,3,1,2,8,2,6,0,0,0,2,1,1,1647,810,837
06,93,Koratla,Jagitial,20,Bheemaram,572108,0000,VILLAGE,Lingampeta,Rural,408,1615,789,826,152,89,63,261,122,139,0,0,0,783,457,326,832,332,500,961,462,499,956,459,497,417,211,206,270,134,136,1,1,0,268,113,155,5,3,2,0,0,0,3,1,2,0,0,0,2,2,0,5,3,2,0,0,0,3,1,2,0,0,0,2,2,0,0,0,0,0,0,0,0,0,0,0,0,0,0,0,0,654,327,327
06,93,Koratla,Jagitial,20,Bheemaram,572109,0000,VILLAGE,Govindaram,Rural,1238,4789,2392,2397,389,204,185,625,304,321,97,57,40,2347,1376,971,2442,1016,1426,2825,1432,1393,2165,1312,853,880,594,286,568,365,203,77,8,69,640,345,295,660,120,540,139,2,137,247,96,151,5,1,4,269,21,248,655,117,538,139,2,137,245,95,150,5,1,4,266,19,247,5,3,2,0,0,0,2,1,1,0,0,0,3,2,1,1964,960,1004
06,93,Koratla,Jagitial,20,Bheemaram,572110,0000,VILLAGE,Pasnoor,Rural,501,1932,955,977,156,75,81,376,172,204,177,88,89,905,539,366,1027,416,611,1187,584,603,853,469,384,510,286,224,184,105,79,12,4,8,147,74,73,334,115,219,12,7,5,161,68,93,1,1,0,160,39,121,301,102,199,12,7,5,149,65,84,1,1,0,139,29,110,33,13,20,0,0,0,12,3,9,0,0,0,21,10,11,745,371,374
06,93,Koratla,Jagitial,20,Bheemaram,572111,0000,VILLAGE,Voddedu,Rural,231,991,492,499,95,51,44,244,122,122,0,0,0,434,257,177,557,235,322,638,319,319,543,297,246,270,161,109,154,74,80,1,1,0,118,61,57,95,22,73,1,0,1,48,6,42,1,1,0,45,15,30,70,13,57,1,0,1,36,4,32,0,0,0,33,9,24,25,9,16,0,0,0,12,2,10,1,1,0,12,6,6,353,173,180
06,93,Koratla,Jagitial,11,Koratla,572112,0000,VILLAGE,Yousufnagar,Rural,791,3067,1513,1554,337,185,152,407,201,206,2,2,0,1669,955,714,1398,558,840,1725,854,871,1397,747,650,221,167,54,363,271,92,536,61,475,277,248,29,328,107,221,20,8,12,100,45,55,142,2,140,66,52,14,308,94,214,18,7,11,97,43,54,140,2,138,53,42,11,20,13,7,2,1,1,3,2,1,2,0,2,13,10,3,1342,659,683
06,93,Koratla,Jagitial,11,Koratla,572113,0000,VILLAGE,Ailapur,Rural,2207,8759,4302,4457,803,424,379,1392,676,716,63,35,28,4659,2703,1956,4100,1599,2501,5001,2489,2512,4834,2400,2434,1252,687,565,1395,737,658,1009,261,748,1178,715,463,167,89,78,40,26,14,57,28,29,19,7,12,51,28,23,104,54,50,16,9,7,28,13,15,15,7,8,45,25,20,63,35,28,24,17,7,29,15,14,4,0,4,6,3,3,3758,1813,1945
06,93,Koratla,Jagitial,11,Koratla,572114,0000,VILLAGE,Kallur,Rural,470,1944,946,998,208,101,107,373,175,198,0,0,0,971,561,410,973,385,588,1140,565,575,1138,565,573,234,155,79,384,196,188,278,29,249,242,185,57,2,0,2,0,0,0,1,0,1,1,0,1,0,0,0,2,0,2,0,0,0,1,0,1,1,0,1,0,0,0,0,0,0,0,0,0,0,0,0,0,0,0,0,0,0,804,381,423
06,93,Koratla,Jagitial,11,Koratla,572115,0000,VILLAGE,Paidimadugu,Rural,1175,4353,2128,2225,401,203,198,738,357,381,11,5,6,2330,1379,951,2023,749,1274,2635,1268,1367,2380,1170,1210,440,280,160,748,458,290,833,138,695,359,294,65,255,98,157,3,2,1,156,78,78,78,5,73,18,13,5,233,86,147,2,1,1,147,74,73,72,4,68,12,7,5,22,12,10,1,1,0,9,4,5,6,1,5,6,6,0,1718,860,858
06,93,Koratla,Jagitial,11,Koratla,572116,0000,VILLAGE,Joganpalle,Rural,716,2701,1299,1402,227,116,111,608,282,326,6,4,2,1408,812,596,1293,487,806,1653,801,852,970,433,537,338,191,147,179,104,75,259,23,236,194,115,79,683,368,315,4,2,2,413,233,180,107,12,95,159,121,38,567,323,244,4,2,2,319,199,120,103,12,91,141,110,31,116,45,71,0,0,0,94,34,60,4,0,4,18,11,7,1048,498,550
06,93,Koratla,Jagitial,11,Koratla,572117,0000,VILLAGE,Chinnametpalle,Rural,704,2717,1315,1402,258,138,120,525,249,276,0,0,0,1383,812,571,1334,503,831,1614,787,827,1521,735,786,358,216,142,518,301,217,424,28,396,221,190,31,93,52,41,0,0,0,87,48,39,2,0,2,4,4,0,93,52,41,0,0,0,87,48,39,2,0,2,4,4,0,0,0,0,0,0,0,0,0,0,0,0,0,0,0,0,1103,528,575
06,93,Koratla,Jagitial,11,Koratla,572118,0000,VILLAGE,Madhapur,Rural,761,2948,1468,1480,288,152,136,550,284,266,8,4,4,1468,864,604,1480,604,876,1719,854,865,1711,850,861,417,238,179,724,372,352,344,85,259,226,155,71,8,4,4,0,0,0,0,0,0,3,0,3,5,4,1,7,3,4,0,0,0,0,0,0,3,0,3,4,3,1,1,1,0,0,0,0,0,0,0,0,0,0,1,1,0,1229,614,615
06,92,Metpalle,Jagitial,12,Metpalle,572119,0000,VILLAGE,Peddapur,Rural,497,1832,873,959,158,84,74,326,147,179,8,3,5,960,556,404,872,317,555,1111,521,590,1050,503,547,327,178,149,395,188,207,237,56,181,91,81,10,61,18,43,2,1,1,25,10,15,29,4,25,5,3,2,58,16,42,2,1,1,23,9,14,29,4,25,4,2,2,3,2,1,0,0,0,2,1,1,0,0,0,1,1,0,721,352,369
06,93,Koratla,Jagitial,11,Koratla,572120,0000,VILLAGE,Yakeenpur,Rural,726,2975,1435,1540,285,145,140,853,391,462,21,7,14,1714,987,727,1261,448,813,1757,869,888,1492,762,730,545,368,177,333,121,212,273,64,209,341,209,132,265,107,158,6,1,5,206,96,110,32,1,31,21,9,12,260,107,153,5,1,4,205,96,109,30,1,29,20,9,11,5,0,5,1,0,1,1,0,1,2,0,2,1,0,1,1218,566,652
06,93,Koratla,Jagitial,11,Koratla,572121,0000,VILLAGE,Nagulpeta,Rural,406,1601,772,829,123,63,60,243,113,130,0,0,0,901,535,366,700,237,463,969,481,488,969,481,488,302,191,111,278,170,108,125,2,123,264,118,146,0,0,0,0,0,0,0,0,0,0,0,0,0,0,0,0,0,0,0,0,0,0,0,0,0,0,0,0,0,0,0,0,0,0,0,0,0,0,0,0,0,0,0,0,0,632,291,341
06,93,Koratla,Jagitial,11,Koratla,572122,0000,VILLAGE,Sangem,Rural,391,1529,758,771,133,72,61,358,177,181,0,0,0,813,477,336,716,281,435,926,465,461,923,464,459,234,138,96,275,148,127,232,20,212,182,158,24,3,1,2,0,0,0,1,0,1,2,1,1,0,0,0,2,1,1,0,0,0,1,0,1,1,1,0,0,0,0,1,0,1,0,0,0,0,0,0,1,0,1,0,0,0,603,293,310
06,93,Koratla,Jagitial,11,Koratla,572123,0000,VILLAGE,Gumlapur,Rural,360,1375,677,698,115,56,59,237,115,122,8,4,4,750,430,320,625,247,378,819,417,402,768,397,371,118,85,33,331,206,125,177,28,149,142,78,64,51,20,31,4,2,2,10,4,6,18,2,16,19,12,7,48,19,29,3,1,2,10,4,6,16,2,14,19,12,7,3,1,2,1,1,0,0,0,0,2,0,2,0,0,0,556,260,296
06,93,Koratla,Jagitial,11,Koratla,572124,0000,VILLAGE,Venkatapur,Rural,568,2101,1036,1065,185,100,85,245,121,124,81,41,40,1102,652,450,999,384,615,1239,610,629,1095,555,540,375,221,154,240,162,78,293,13,280,187,159,28,144,55,89,9,4,5,51,20,31,50,6,44,34,25,9,109,43,66,5,3,2,37,15,22,39,4,35,28,21,7,35,12,23,4,1,3,14,5,9,11,2,9,6,4,2,862,426,436
06,93,Koratla,Jagitial,11,Koratla,572125,0000,VILLAGE,Mohanrao Peta,Rural,967,3940,1952,1988,357,192,165,572,280,292,12,5,7,2172,1263,909,1768,689,1079,2229,1117,1112,2113,1054,1059,523,345,178,371,220,151,697,46,651,522,443,79,116,63,53,1,1,0,77,45,32,18,3,15,20,14,6,92,52,40,1,1,0,64,39,25,10,0,10,17,12,5,24,11,13,0,0,0,13,6,7,8,3,5,3,2,1,1711,835,876
06,92,Metpalle,Jagitial,12,Metpalle,572126,0000,VILLAGE,Venkatraopet,Rural,336,1373,687,686,139,72,67,294,149,145,17,10,7,846,489,357,527,198,329,721,375,346,670,352,318,119,87,32,143,83,60,201,11,190,207,171,36,51,23,28,0,0,0,21,7,14,18,8,10,12,8,4,44,19,25,0,0,0,18,5,13,17,7,10,9,7,2,7,4,3,0,0,0,3,2,1,1,1,0,3,1,2,652,312,340
06,92,Metpalle,Jagitial,12,Metpalle,572127,0000,VILLAGE,Vempet,Rural,1507,5628,2708,2920,538,261,277,1227,597,630,50,27,23,2920,1679,1241,2708,1029,1679,3356,1664,1692,2999,1495,1504,1013,565,448,832,448,384,526,68,458,628,414,214,357,169,188,2,1,1,31,12,19,18,6,12,306,150,156,346,165,181,2,1,1,30,11,19,14,4,10,300,149,151,11,4,7,0,0,0,1,1,0,4,2,2,6,1,5,2272,1044,1228
06,92,Metpalle,Jagitial,12,Metpalle,572128,0000,VILLAGE,Choulamaddi,Rural,1074,4083,2031,2052,410,209,201,828,410,418,32,19,13,2258,1347,911,1825,684,1141,2338,1171,1167,2224,1138,1086,688,376,312,647,350,297,74,8,66,815,404,411,114,33,81,11,2,9,67,17,50,7,1,6,29,13,16,91,20,71,10,2,8,53,10,43,7,1,6,21,7,14,23,13,10,1,0,1,14,7,7,0,0,0,8,6,2,1745,860,885
06,92,Metpalle,Jagitial,12,Metpalle,572129,0000,VILLAGE,Vellulla,Rural,1649,6210,3005,3205,598,305,293,966,454,512,82,39,43,3382,1964,1418,2828,1041,1787,3592,1720,1872,3481,1683,1798,717,382,335,832,455,377,700,49,651,1232,797,435,111,37,74,0,0,0,57,17,40,24,3,21,30,17,13,100,36,64,0,0,0,49,16,33,21,3,18,30,17,13,11,1,10,0,0,0,8,1,7,3,0,3,0,0,0,2618,1285,1333
06,92,Metpalle,Jagitial,12,Metpalle,572130,0000,VILLAGE,Masaipeta,Rural,50,189,81,108,20,6,14,51,20,31,21,7,14,70,38,32,119,43,76,126,58,68,126,58,68,26,15,11,70,37,33,0,0,0,30,6,24,0,0,0,0,0,0,0,0,0,0,0,0,0,0,0,0,0,0,0,0,0,0,0,0,0,0,0,0,0,0,0,0,0,0,0,0,0,0,0,0,0,0,0,0,0,63,23,40
06,92,Metpalle,Jagitial,12,Metpalle,572131,0000,VILLAGE,Ramchandrampeta,Rural,125,502,234,268,45,22,23,124,52,72,0,0,0,264,146,118,238,88,150,282,130,152,282,130,152,55,32,23,78,49,29,0,0,0,149,49,100,0,0,0,0,0,0,0,0,0,0,0,0,0,0,0,0,0,0,0,0,0,0,0,0,0,0,0,0,0,0,0,0,0,0,0,0,0,0,0,0,0,0,0,0,0,220,104,116
06,92,Metpalle,Jagitial,12,Metpalle,572132,0000,VILLAGE,Vittampeta,Rural,226,875,430,445,70,33,37,147,71,76,20,9,11,508,299,209,367,131,236,539,255,284,482,240,242,121,95,26,108,76,32,156,1,155,97,68,29,57,15,42,0,0,0,41,11,30,8,0,8,8,4,4,55,15,40,0,0,0,39,11,28,8,0,8,8,4,4,2,0,2,0,0,0,2,0,2,0,0,0,0,0,0,336,175,161
06,92,Metpalle,Jagitial,12,Metpalle,572133,0000,VILLAGE,Metlachittapur,Rural,529,1975,968,1007,182,100,82,304,151,153,221,105,116,1051,613,438,924,355,569,1171,564,607,1129,548,581,222,119,103,473,254,219,184,13,171,250,162,88,42,16,26,3,1,2,24,8,16,1,1,0,14,6,8,35,11,24,3,1,2,20,5,15,1,1,0,11,4,7,7,5,2,0,0,0,4,3,1,0,0,0,3,2,1,804,404,400
06,92,Metpalle,Jagitial,12,Metpalle,572134,0000,VILLAGE,Jaggasagar,Rural,1062,4206,2006,2200,418,187,231,617,296,321,6,2,4,1989,1152,837,2217,854,1363,2327,1164,1163,2321,1160,1161,685,377,308,812,473,339,365,23,342,459,287,172,6,4,2,0,0,0,4,2,2,0,0,0,2,2,0,5,3,2,0,0,0,3,1,2,0,0,0,2,2,0,1,1,0,0,0,0,1,1,0,0,0,0,0,0,0,1879,842,1037
06,92,Metpalle,Jagitial,12,Metpalle,572135,0000,VILLAGE,Ramlachakkapeta,Rural,376,1520,726,794,145,63,82,299,139,160,343,177,166,712,412,300,808,314,494,968,451,517,863,404,459,372,214,158,306,132,174,100,5,95,85,53,32,105,47,58,4,2,2,70,35,35,23,6,17,8,4,4,62,29,33,1,0,1,36,20,16,20,6,14,5,3,2,43,18,25,3,2,1,34,15,19,3,0,3,3,1,2,552,275,277
06,92,Metpalle,Jagitial,12,Metpalle,572136,0000,VILLAGE,Rangarao Peta,Rural,221,929,462,467,100,46,54,99,49,50,369,186,183,510,308,202,419,154,265,527,254,273,501,245,256,316,180,136,66,35,31,76,2,74,43,28,15,26,9,17,2,0,2,17,6,11,3,0,3,4,3,1,17,5,12,2,0,2,11,3,8,1,0,1,3,2,1,9,4,5,0,0,0,6,3,3,2,0,2,1,1,0,402,208,194
06,92,Metpalle,Jagitial,12,Metpalle,572137,0000,VILLAGE,Athmakur,Rural,1280,5102,2543,2559,454,243,211,630,323,307,709,366,343,2652,1584,1068,2450,959,1491,2931,1411,1520,2878,1387,1491,577,397,180,916,454,462,377,34,343,1008,502,506,53,24,29,6,3,3,21,9,12,1,0,1,25,12,13,40,18,22,4,2,2,14,6,8,1,0,1,21,10,11,13,6,7,2,1,1,7,3,4,0,0,0,4,2,2,2171,1132,1039
06,92,Metpalle,Jagitial,12,Metpalle,572138,0000,VILLAGE,Kondrikarla,Rural,862,3198,1535,1663,291,149,142,658,319,339,44,21,23,1501,872,629,1697,663,1034,2026,979,1047,1985,961,1024,526,283,243,717,400,317,312,58,254,430,220,210,41,18,23,3,0,3,31,13,18,2,1,1,5,4,1,13,6,7,2,0,2,6,2,4,0,0,0,5,4,1,28,12,16,1,0,1,25,11,14,2,1,1,0,0,0,1172,556,616
06,93,Koratla,Jagitial,13,Kathlapur,572139,0000,VILLAGE,Sirkonda,Rural,1230,4609,2226,2383,468,247,221,695,338,357,100,50,50,2328,1329,999,2281,897,1384,2679,1278,1401,2326,1122,1204,563,319,244,641,399,242,666,74,592,456,330,126,353,156,197,20,18,2,37,12,25,53,15,38,243,111,132,120,60,60,3,2,1,33,12,21,18,2,16,66,44,22,233,96,137,17,16,1,4,0,4,35,13,22,177,67,110,1930,948,982
06,93,Koratla,Jagitial,13,Kathlapur,572140,0000,VILLAGE,Thakkallapalle,Rural,836,3253,1582,1671,265,135,130,613,288,325,14,8,6,1569,906,663,1684,676,1008,1899,942,957,1861,924,937,532,336,196,622,361,261,501,80,421,206,147,59,38,18,20,10,1,9,16,7,9,2,1,1,10,9,1,32,15,17,6,0,6,14,5,9,2,1,1,10,9,1,6,3,3,4,1,3,2,2,0,0,0,0,0,0,0,1354,640,714
06,93,Koratla,Jagitial,13,Kathlapur,572141,0000,VILLAGE,Bommena,Rural,693,2789,1405,1384,227,114,113,387,189,198,17,8,9,1422,848,574,1367,557,810,1637,812,825,1612,800,812,466,257,209,352,223,129,403,33,370,391,287,104,25,12,13,0,0,0,1,0,1,1,0,1,23,12,11,23,10,13,0,0,0,1,0,1,1,0,1,21,10,11,2,2,0,0,0,0,0,0,0,0,0,0,2,2,0,1152,593,559
06,93,Koratla,Jagitial,13,Kathlapur,572142,0000,VILLAGE,Dulur,Rural,466,1592,733,859,134,70,64,477,228,249,2,0,2,786,430,356,806,303,503,995,445,550,974,435,539,270,149,121,413,193,220,206,32,174,85,61,24,21,10,11,1,1,0,12,3,9,2,1,1,6,5,1,18,7,11,0,0,0,11,2,9,1,0,1,6,5,1,3,3,0,1,1,0,1,1,0,1,1,0,0,0,0,597,288,309
06,93,Koratla,Jagitial,13,Kathlapur,572144,0000,VILLAGE,Kathlapur,Rural,935,3711,1758,1953,418,211,207,460,219,241,12,2,10,1966,1112,854,1745,646,1099,2052,1003,1049,1876,928,948,553,292,261,490,261,229,488,81,407,345,294,51,176,75,101,3,2,1,38,20,18,85,8,77,50,45,5,174,74,100,3,2,1,36,19,17,85,8,77,50,45,5,2,1,1,0,0,0,2,1,1,0,0,0,0,0,0,1659,755,904
06,93,Koratla,Jagitial,13,Kathlapur,572145,0000,VILLAGE,Peggerla,Rural,464,1665,784,881,165,83,82,281,127,154,0,0,0,704,401,303,961,383,578,997,470,527,980,464,516,361,237,124,303,116,187,204,22,182,112,89,23,17,6,11,1,0,1,5,2,3,6,0,6,5,4,1,12,5,7,1,0,1,3,2,1,4,0,4,4,3,1,5,1,4,0,0,0,2,0,2,2,0,2,1,1,0,668,314,354
06,93,Koratla,Jagitial,13,Kathlapur,572146,0000,VILLAGE,Ootpalle,Rural,352,1230,583,647,106,54,52,246,112,134,0,0,0,601,342,259,629,241,388,780,372,408,770,366,404,353,197,156,165,85,80,159,14,145,93,70,23,10,6,4,2,2,0,5,3,2,2,0,2,1,1,0,7,3,4,1,1,0,4,2,2,2,0,2,0,0,0,3,3,0,1,1,0,1,1,0,0,0,0,1,1,0,450,211,239
06,93,Koratla,Jagitial,13,Kathlapur,572147,0000,VILLAGE,Bhushanrao Peta,Rural,753,2556,1154,1402,250,132,118,594,267,327,82,40,42,1279,706,573,1277,448,829,1449,642,807,1342,592,750,346,190,156,315,154,161,515,114,401,166,134,32,107,50,57,0,0,0,78,34,44,11,4,7,18,12,6,99,46,53,0,0,0,74,32,42,8,2,6,17,12,5,8,4,4,0,0,0,4,2,2,3,2,1,1,0,1,1107,512,595
06,93,Koratla,Jagitial,13,Kathlapur,572148,0000,VILLAGE,Chinthakunta,Rural,828,3000,1402,1598,300,166,134,386,162,224,214,105,109,1171,657,514,1829,745,1084,1756,812,944,1582,751,831,928,461,467,227,89,138,220,51,169,207,150,57,174,61,113,1,1,0,97,53,44,63,1,62,13,6,7,174,61,113,1,1,0,97,53,44,63,1,62,13,6,7,0,0,0,0,0,0,0,0,0,0,0,0,0,0,0,1244,590,654
06,93,Koratla,Jagitial,13,Kathlapur,572149,0000,VILLAGE,Dumpeta,Rural,534,2036,972,1064,192,94,98,403,180,223,0,0,0,1101,623,478,935,349,586,1217,586,631,338,170,168,162,91,71,19,17,2,83,4,79,74,58,16,879,416,463,3,1,2,326,229,97,331,30,301,219,156,63,724,394,330,3,1,2,309,220,89,224,29,195,188,144,44,155,22,133,0,0,0,17,9,8,107,1,106,31,12,19,819,386,433
06,93,Koratla,Jagitial,13,Kathlapur,572150,0000,VILLAGE,Posanipeta,Rural,416,1562,747,815,132,73,59,176,77,99,0,0,0,800,464,336,762,283,479,908,430,478,843,392,451,269,140,129,183,97,86,218,21,197,173,134,39,65,38,27,1,1,0,31,19,12,4,1,3,29,17,12,56,33,23,1,1,0,27,18,9,3,0,3,25,14,11,9,5,4,0,0,0,4,1,3,1,1,0,4,3,1,654,317,337
06,93,Koratla,Jagitial,13,Kathlapur,572151,0000,VILLAGE,Gambhirpur,Rural,957,3644,1646,1998,363,189,174,612,275,337,20,9,11,1692,892,800,1952,754,1198,2049,892,1157,1620,702,918,454,275,179,265,144,121,609,74,535,292,209,83,429,190,239,21,12,9,212,133,79,100,10,90,96,35,61,292,132,160,15,9,6,161,98,63,84,8,76,32,17,15,137,58,79,6,3,3,51,35,16,16,2,14,64,18,46,1595,754,841
06,93,Koratla,Jagitial,13,Kathlapur,572152,0000,VILLAGE,Thandriyal,Rural,1157,4466,2172,2294,427,207,220,713,344,369,97,46,51,2174,1264,910,2292,908,1384,2551,1263,1288,2407,1200,1207,664,363,301,491,292,199,681,95,586,571,450,121,144,63,81,8,2,6,73,34,39,26,2,24,37,25,12,109,49,60,5,1,4,51,24,27,19,2,17,34,22,12,35,14,21,3,1,2,22,10,12,7,0,7,3,3,0,1915,909,1006
06,93,Koratla,Jagitial,13,Kathlapur,572153,0000,VILLAGE,Ippapalle,Rural,312,1147,517,630,98,48,50,147,71,76,89,40,49,560,317,243,587,200,387,694,304,390,625,268,357,252,126,126,115,55,60,178,23,155,80,64,16,69,36,33,0,0,0,66,34,32,3,2,1,0,0,0,36,23,13,0,0,0,35,22,13,1,1,0,0,0,0,33,13,20,0,0,0,31,12,19,2,1,1,0,0,0,453,213,240
06,93,Koratla,Jagitial,13,Kathlapur,572154,0000,VILLAGE,Potharam,Rural,493,1909,891,1018,197,112,85,274,114,160,175,96,79,981,549,432,928,342,586,1033,464,569,1024,462,562,282,155,127,310,166,144,311,43,268,121,98,23,9,2,7,0,0,0,6,2,4,3,0,3,0,0,0,7,2,5,0,0,0,4,2,2,3,0,3,0,0,0,2,0,2,0,0,0,2,0,2,0,0,0,0,0,0,876,427,449
06,93,Koratla,Jagitial,13,Kathlapur,572155,0000,VILLAGE,Kalikota,Rural,401,1583,765,818,170,91,79,351,168,183,200,108,92,749,434,315,834,331,503,933,452,481,884,434,450,307,166,141,307,170,137,183,41,142,87,57,30,49,18,31,2,0,2,31,11,20,9,2,7,7,5,2,36,13,23,2,0,2,24,8,16,4,1,3,6,4,2,13,5,8,0,0,0,7,3,4,5,1,4,1,1,0,650,313,337
06,93,Koratla,Jagitial,13,Kathlapur,572156,0000,VILLAGE,Ambaripet,Rural,635,2424,1158,1266,235,125,110,347,147,200,139,70,69,1274,730,544,1150,428,722,1376,652,724,1210,593,617,303,215,88,356,218,138,343,51,292,208,109,99,166,59,107,1,1,0,31,18,13,76,4,72,58,36,22,124,45,79,1,1,0,19,11,8,60,2,58,44,31,13,42,14,28,0,0,0,12,7,5,16,2,14,14,5,9,1048,506,542
06,93,Koratla,Jagitial,13,Kathlapur,572157,0000,VILLAGE,Thurthi,Rural,198,810,396,414,84,41,43,105,53,52,71,32,39,346,196,150,464,200,264,442,213,229,441,213,228,165,107,58,125,70,55,133,28,105,18,8,10,1,0,1,0,0,0,0,0,0,1,0,1,0,0,0,1,0,1,0,0,0,0,0,0,1,0,1,0,0,0,0,0,0,0,0,0,0,0,0,0,0,0,0,0,0,368,183,185
06,91,Jagtial,Jagitial,14,Kodimial,572170,0000,VILLAGE,Surampeta,Rural,361,1485,735,750,165,86,79,188,91,97,702,346,356,715,415,300,770,320,450,789,400,389,607,313,294,482,261,221,77,32,45,29,10,19,19,10,9,182,87,95,5,4,1,130,66,64,27,1,26,20,16,4,177,84,93,5,4,1,125,63,62,27,1,26,20,16,4,5,3,2,0,0,0,5,3,2,0,0,0,0,0,0,696,335,361
06,91,Jagtial,Jagitial,14,Kodimial,572171,0000,VILLAGE,Konapur,Rural,341,1192,563,629,87,53,34,221,104,117,13,7,6,601,334,267,591,229,362,713,331,382,690,323,367,229,130,99,238,112,126,135,25,110,88,56,32,23,8,15,0,0,0,21,7,14,2,1,1,0,0,0,23,8,15,0,0,0,21,7,14,2,1,1,0,0,0,0,0,0,0,0,0,0,0,0,0,0,0,0,0,0,479,232,247
06,91,Jagtial,Jagitial,14,Kodimial,572172,0000,VILLAGE,Potharam,Rural,247,972,492,480,136,73,63,70,35,35,4,3,1,296,178,118,676,314,362,579,276,303,511,247,264,89,58,31,394,184,210,24,2,22,4,3,1,68,29,39,9,6,3,42,15,27,6,1,5,11,7,4,65,26,39,9,6,3,42,15,27,6,1,5,8,4,4,3,3,0,0,0,0,0,0,0,0,0,0,3,3,0,393,216,177
06,91,Jagtial,Jagitial,14,Kodimial,572173,0000,VILLAGE,Thiramalapur,Rural,476,1919,955,964,164,80,84,452,225,227,9,4,5,1040,636,404,879,319,560,1111,568,543,893,472,421,229,164,65,421,224,197,173,35,138,70,49,21,218,96,122,8,5,3,142,72,70,39,5,34,29,14,15,188,87,101,8,5,3,128,65,63,25,4,21,27,13,14,30,9,21,0,0,0,14,7,7,14,1,13,2,1,1,808,387,421
06,91,Jagtial,Jagitial,14,Kodimial,572174,0000,VILLAGE,Sanivarampeta,Rural,116,419,211,208,24,12,12,119,58,61,1,0,1,213,132,81,206,79,127,271,124,147,270,124,146,122,61,61,136,60,76,2,0,2,10,3,7,1,0,1,0,0,0,0,0,0,1,0,1,0,0,0,0,0,0,0,0,0,0,0,0,0,0,0,0,0,0,1,0,1,0,0,0,0,0,0,1,0,1,0,0,0,148,87,61
06,91,Jagtial,Jagitial,14,Kodimial,572175,0000,VILLAGE,Ramsagar,Rural,899,3308,1647,1661,293,160,133,678,346,332,13,7,6,1710,984,726,1598,663,935,2034,1012,1022,1850,927,923,692,383,309,773,399,374,242,31,211,143,114,29,184,85,99,19,9,10,146,68,78,10,2,8,9,6,3,165,75,90,15,7,8,131,60,71,10,2,8,9,6,3,19,10,9,4,2,2,15,8,7,0,0,0,0,0,0,1274,635,639
06,91,Jagtial,Jagitial,14,Kodimial,572176,0000,VILLAGE,Nachupalle,Rural,1181,4321,2045,2276,423,197,226,1056,503,553,66,36,30,2226,1245,981,2095,800,1295,2468,1180,1288,2100,1000,1100,268,199,69,717,332,385,593,63,530,522,406,116,368,180,188,19,12,7,118,46,72,23,3,20,208,119,89,279,142,137,15,8,7,64,26,38,16,1,15,184,107,77,89,38,51,4,4,0,54,20,34,7,2,5,24,12,12,1853,865,988
06,91,Jagtial,Jagitial,14,Kodimial,572177,0000,VILLAGE,Kodimial,Rural,2930,10892,5253,5639,897,437,460,2501,1224,1277,40,26,14,6155,3501,2654,4737,1752,2985,5969,2981,2988,4587,2395,2192,877,558,319,1167,640,527,1198,106,1092,1345,1091,254,1382,586,796,63,30,33,539,259,280,534,148,386,246,149,97,1228,530,698,58,27,31,487,242,245,464,129,335,219,132,87,154,56,98,5,3,2,52,17,35,70,19,51,27,17,10,4923,2272,2651
06,91,Jagtial,Jagitial,14,Kodimial,572178,0000,VILLAGE,Kondapur,Rural,302,1147,565,582,115,61,54,253,121,132,0,0,0,520,278,242,627,287,340,632,308,324,525,260,265,139,125,14,170,97,73,152,2,150,64,36,28,107,48,59,4,1,3,81,41,40,11,0,11,11,6,5,105,47,58,4,1,3,81,41,40,10,0,10,10,5,5,2,1,1,0,0,0,0,0,0,1,0,1,1,1,0,515,257,258
06,91,Jagtial,Jagitial,14,Kodimial,572179,0000,VILLAGE,Nallagonda,Rural,458,1570,755,815,161,81,80,298,153,145,0,0,0,703,388,315,867,367,500,945,449,496,914,441,473,363,239,124,317,90,227,136,36,100,98,76,22,31,8,23,0,0,0,23,3,20,0,0,0,8,5,3,30,8,22,0,0,0,23,3,20,0,0,0,7,5,2,1,0,1,0,0,0,0,0,0,0,0,0,1,0,1,625,306,319
06,91,Jagtial,Jagitial,14,Kodimial,572180,0000,VILLAGE,Thippaipalle,Rural,541,2091,1065,1026,161,94,67,457,241,216,17,9,8,1091,655,436,1000,410,590,1229,595,634,1026,552,474,327,240,87,433,196,237,144,28,116,122,88,34,203,43,160,10,5,5,117,30,87,62,1,61,14,7,7,166,33,133,8,3,5,88,24,64,59,1,58,11,5,6,37,10,27,2,2,0,29,6,23,3,0,3,3,2,1,862,470,392
06,91,Jagtial,Jagitial,14,Kodimial,572181,0000,VILLAGE,Cheppial,Rural,811,3024,1483,1541,240,114,126,560,266,294,23,11,12,1525,927,598,1499,556,943,1765,894,871,1332,660,672,244,154,90,630,327,303,238,31,207,220,148,72,433,234,199,38,25,13,179,99,80,29,13,16,187,97,90,353,204,149,37,25,12,136,80,56,24,12,12,156,87,69,80,30,50,1,0,1,43,19,24,5,1,4,31,10,21,1259,589,670
06,91,Jagtial,Jagitial,14,Kodimial,572182,0000,VILLAGE,Pudur,Rural,1513,5763,2832,2931,465,234,231,786,361,425,91,49,42,3247,1917,1330,2516,915,1601,3187,1596,1591,2815,1443,1372,492,319,173,1053,490,563,618,121,497,652,513,139,372,153,219,24,12,12,203,64,139,46,8,38,99,69,30,290,125,165,16,9,7,151,47,104,38,6,32,85,63,22,82,28,54,8,3,5,52,17,35,8,2,6,14,6,8,2576,1236,1340
06,91,Jagtial,Jagitial,14,Kodimial,572183,0000,VILLAGE,Gourapur,Rural,325,1146,552,594,89,47,42,354,185,169,0,0,0,582,330,252,564,222,342,702,312,390,379,269,110,117,110,7,180,111,69,1,0,1,81,48,33,323,43,280,6,3,3,162,27,135,61,2,59,94,11,83,314,43,271,6,3,3,160,27,133,56,2,54,92,11,81,9,0,9,0,0,0,2,0,2,5,0,5,2,0,2,444,240,204
06,91,Jagtial,Jagitial,14,Kodimial,572184,0000,VILLAGE,Namilikonda,Rural,1136,4436,2205,2231,377,211,166,1157,594,563,19,11,8,2367,1395,972,2069,810,1259,2508,1264,1244,2024,1039,985,505,290,215,687,277,410,378,76,302,454,396,58,484,225,259,28,13,15,325,158,167,77,13,64,54,41,13,386,178,208,22,11,11,259,125,134,63,9,54,42,33,9,98,47,51,6,2,4,66,33,33,14,4,10,12,8,4,1928,941,987
06,91,Jagtial,Jagitial,16,Pegadapalle,572185,0000,VILLAGE,Lingapur,Rural,636,2455,1210,1245,197,119,78,577,284,293,1,0,1,1238,721,517,1217,489,728,1402,711,691,1341,699,642,551,337,214,510,245,265,173,41,132,107,76,31,61,12,49,14,2,12,20,6,14,22,1,21,5,3,2,57,10,47,14,2,12,17,4,13,22,1,21,4,3,1,4,2,2,0,0,0,3,2,1,0,0,0,1,0,1,1053,499,554
06,91,Jagtial,Jagitial,17,Gollapalle,572186,0000,VILLAGE,Thirmalapuram,Rural,921,3429,1718,1711,284,136,148,445,217,228,41,22,19,1674,1015,659,1755,703,1052,1997,1072,925,1385,798,587,614,389,225,339,197,142,187,38,149,245,174,71,612,274,338,11,5,6,336,143,193,73,9,64,192,117,75,576,253,323,11,5,6,321,136,185,61,4,57,183,108,75,36,21,15,0,0,0,15,7,8,12,5,7,9,9,0,1432,646,786
06,91,Jagtial,Jagitial,17,Gollapalle,572187,0000,VILLAGE,Laxmipur,Rural,541,1946,971,975,189,97,92,308,142,166,1,0,1,849,518,331,1097,453,644,1202,604,598,868,454,414,369,208,161,333,166,167,73,15,58,93,65,28,334,150,184,5,1,4,314,142,172,8,4,4,7,3,4,324,148,176,5,1,4,308,142,166,5,3,2,6,2,4,10,2,8,0,0,0,6,0,6,3,1,2,1,1,0,744,367,377
06,91,Jagtial,Jagitial,16,Pegadapalle,572188,0000,VILLAGE,Devikonda,Rural,227,871,435,436,76,32,44,296,152,144,0,0,0,465,292,173,406,143,263,508,260,248,479,252,227,95,88,7,258,119,139,77,6,71,49,39,10,29,8,21,0,0,0,27,7,20,2,1,1,0,0,0,23,5,18,0,0,0,22,5,17,1,0,1,0,0,0,6,3,3,0,0,0,5,2,3,1,1,0,0,0,0,363,175,188
06,91,Jagtial,Jagitial,16,Pegadapalle,572189,0000,VILLAGE,Legalamarri,Rural,310,1206,586,620,103,47,56,309,157,152,0,0,0,641,370,271,565,216,349,589,324,265,350,220,130,148,88,60,111,70,41,32,12,20,59,50,9,239,104,135,4,2,2,100,28,72,4,0,4,131,74,57,226,99,127,4,2,2,94,26,68,3,0,3,125,71,54,13,5,8,0,0,0,6,2,4,1,0,1,6,3,3,617,262,355
06,91,Jagtial,Jagitial,16,Pegadapalle,572190,0000,VILLAGE,Yellapur,Rural,853,3227,1633,1594,286,158,128,707,351,356,224,111,113,1696,993,703,1531,640,891,1847,928,919,1041,681,360,348,237,111,533,361,172,65,15,50,95,68,27,806,247,559,64,3,61,702,232,470,21,2,19,19,10,9,732,232,500,63,3,60,635,220,415,18,1,17,16,8,8,74,15,59,1,0,1,67,12,55,3,1,2,3,2,1,1380,705,675
06,91,Jagtial,Jagitial,16,Pegadapalle,572191,0000,VILLAGE,Nancherla,Rural,1234,4614,2274,2340,369,172,197,904,445,459,12,5,7,2285,1345,940,2329,929,1400,2683,1353,1330,2369,1277,1092,823,454,369,1063,516,547,88,46,42,395,261,134,314,76,238,25,1,24,118,31,87,18,3,15,153,41,112,284,63,221,25,1,24,101,24,77,13,1,12,145,37,108,30,13,17,0,0,0,17,7,10,5,2,3,8,4,4,1931,921,1010
06,91,Jagtial,Jagitial,16,Pegadapalle,572192,0000,VILLAGE,Vengalaipet,Rural,503,1820,909,911,168,87,81,366,184,182,2,1,1,967,551,416,853,358,495,1006,505,501,701,441,260,290,215,75,242,103,139,65,31,34,104,92,12,305,64,241,10,5,5,131,37,94,121,7,114,43,15,28,283,58,225,8,4,4,118,35,83,117,7,110,40,12,28,22,6,16,2,1,1,13,2,11,4,0,4,3,3,0,814,404,410
06,91,Jagtial,Jagitial,16,Pegadapalle,572193,0000,VILLAGE,Bathkepalle,Rural,1472,5366,2649,2717,447,241,206,840,416,424,22,9,13,2677,1585,1092,2689,1064,1625,3073,1526,1547,2899,1485,1414,457,298,159,1660,884,776,478,63,415,304,240,64,174,41,133,29,5,24,84,22,62,46,9,37,15,5,10,163,36,127,29,5,24,75,19,56,45,8,37,14,4,10,11,5,6,0,0,0,9,3,6,1,1,0,1,1,0,2293,1123,1170
06,91,Jagtial,Jagitial,16,Pegadapalle,572194,0000,VILLAGE,Aravelli,Rural,2365,8773,4297,4476,788,383,405,1400,680,720,487,234,253,4174,2467,1707,4599,1830,2769,5130,2573,2557,4169,2180,1989,1457,945,512,1437,686,751,363,50,313,912,499,413,961,393,568,29,14,15,704,276,428,58,7,51,170,96,74,821,338,483,26,12,14,637,255,382,34,4,30,124,67,57,140,55,85,3,2,1,67,21,46,24,3,21,46,29,17,3643,1724,1919
06,91,Jagtial,Jagitial,16,Pegadapalle,572195,0000,VILLAGE,Aithupalle,Rural,542,2240,1122,1118,206,103,103,441,221,220,11,6,5,1227,705,522,1013,417,596,1262,669,593,1247,662,585,371,210,161,660,336,324,127,51,76,89,65,24,15,7,8,1,1,0,12,6,6,1,0,1,1,0,1,12,7,5,1,1,0,11,6,5,0,0,0,0,0,0,3,0,3,0,0,0,1,0,1,1,0,1,1,0,1,978,453,525
06,91,Jagtial,Jagitial,16,Pegadapalle,572196,0000,VILLAGE,Nandagiri,Rural,539,2158,1071,1087,163,90,73,277,136,141,8,4,4,1120,666,454,1038,405,633,1226,623,603,1104,573,531,373,195,178,431,213,218,61,13,48,239,152,87,122,50,72,6,1,5,71,30,41,11,3,8,34,16,18,107,42,65,6,1,5,68,28,40,3,1,2,30,12,18,15,8,7,0,0,0,3,2,1,8,2,6,4,4,0,932,448,484
06,91,Jagtial,Jagitial,16,Pegadapalle,572197,0000,VILLAGE,Pegadapalle,Rural,1423,5502,2806,2696,421,229,192,1151,595,556,342,176,166,2963,1780,1183,2539,1026,1513,2864,1493,1371,2523,1413,1110,694,470,224,1262,654,608,224,31,193,343,258,85,341,80,261,7,2,5,284,65,219,40,8,32,10,5,5,337,77,260,7,2,5,283,64,219,37,6,31,10,5,5,4,3,1,0,0,0,1,1,0,3,2,1,0,0,0,2638,1313,1325
06,91,Jagtial,Jagitial,16,Pegadapalle,572198,0000,VILLAGE,Keesulatapalle,Rural,277,1018,506,512,92,49,43,157,81,76,0,0,0,471,284,187,547,222,325,611,301,310,599,297,302,69,40,29,453,218,235,17,4,13,60,35,25,12,4,8,5,1,4,6,3,3,0,0,0,1,0,1,12,4,8,5,1,4,6,3,3,0,0,0,1,0,1,0,0,0,0,0,0,0,0,0,0,0,0,0,0,0,407,205,202
06,91,Jagtial,Jagitial,16,Pegadapalle,572199,0000,VILLAGE,Namapur,Rural,513,1986,980,1006,149,69,80,503,250,253,0,0,0,1029,598,431,957,382,575,1111,580,531,899,477,422,148,87,61,540,255,285,71,18,53,140,117,23,212,103,109,77,68,9,51,16,35,63,5,58,21,14,7,212,103,109,77,68,9,51,16,35,63,5,58,21,14,7,0,0,0,0,0,0,0,0,0,0,0,0,0,0,0,875,400,475
06,91,Jagtial,Jagitial,16,Pegadapalle,572200,0000,VILLAGE,Narsimhunipeta,Rural,386,1370,672,698,91,48,43,363,179,184,11,6,5,760,437,323,610,235,375,845,409,436,834,403,431,276,134,142,435,194,241,66,36,30,57,39,18,11,6,5,0,0,0,7,2,5,0,0,0,4,4,0,11,6,5,0,0,0,7,2,5,0,0,0,4,4,0,0,0,0,0,0,0,0,0,0,0,0,0,0,0,0,525,263,262
06,91,Jagtial,Jagitial,09,Jagtial,802908,0001,WARD,Jagityal (M),Urban,4581,18631,9404,9227,1738,853,885,909,461,448,131,69,62,13750,7692,6058,4881,1712,3169,8159,5132,3027,7645,5002,2643,66,59,7,192,123,69,1361,241,1120,6026,4579,1447,514,130,384,10,4,6,16,5,11,25,1,24,463,120,343,508,128,380,10,4,6,16,5,11,23,1,22,459,118,341,6,2,4,0,0,0,0,0,0,2,0,2,4,2,2,10472,4272,6200
06,93,Koratla,Jagitial,11,Koratla,802909,0001,WARD,Koratla,Urban,6287,26444,13256,13188,3090,1619,1471,759,386,373,992,503,489,17161,9489,7672,9283,3767,5516,11972,6807,5165,11802,6706,5096,289,239,50,1511,1002,509,3798,422,3376,6204,5043,1161,170,101,69,10,6,4,26,13,13,35,9,26,99,73,26,147,90,57,10,6,4,24,13,11,28,9,19,85,62,23,23,11,12,0,0,0,2,0,2,7,0,7,14,11,3,14472,6449,8023
06,92,Metpalle,Jagitial,12,Metpalle,802910,0001,WARD,Metpalle,Urban,6374,27460,13808,13652,3054,1557,1497,3266,1581,1685,690,344,346,18451,10245,8206,9009,3563,5446,12696,7456,5240,10917,6732,4185,124,88,36,931,472,459,2466,465,2001,7396,5707,1689,1779,724,1055,10,3,7,84,32,52,392,95,297,1293,594,699,1399,578,821,9,3,6,66,25,41,253,72,181,1071,478,593,380,146,234,1,0,1,18,7,11,139,23,116,222,116,106,14764,6352,8412
06,91,Jagtial,Jagitial,09,Jagtial,802908,0002,WARD,Jagityal (M),Urban,1703,6835,3391,3444,603,312,291,309,157,152,6,3,3,5218,2881,2337,1617,510,1107,2789,1840,949,2529,1701,828,9,8,1,25,17,8,436,52,384,2059,1624,435,260,139,121,1,1,0,7,5,2,14,3,11,238,130,108,241,129,112,1,1,0,7,5,2,12,2,10,221,121,100,19,10,9,0,0,0,0,0,0,2,1,1,17,9,8,4046,1551,2495
06,93,Koratla,Jagitial,11,Koratla,802909,0002,WARD,Koratla,Urban,1312,5082,2525,2557,488,257,231,131,64,67,20,19,1,3626,2040,1586,1456,485,971,2391,1333,1058,2335,1297,1038,58,35,23,73,51,22,896,101,795,1308,1110,198,56,36,20,2,0,2,1,1,0,2,0,2,51,35,16,50,33,17,2,0,2,1,1,0,1,0,1,46,32,14,6,3,3,0,0,0,0,0,0,1,0,1,5,3,2,2691,1192,1499
06,92,Metpalle,Jagitial,12,Metpalle,802910,0002,WARD,Metpalle,Urban,2242,9241,4645,4596,935,506,429,164,82,82,25,13,12,6590,3649,2941,2651,996,1655,4147,2399,1748,3988,2303,1685,82,61,21,141,69,72,1329,193,1136,2436,1980,456,159,96,63,1,0,1,18,8,10,35,6,29,105,82,23,139,88,51,1,0,1,17,7,10,28,4,24,93,77,16,20,8,12,0,0,0,1,1,0,7,2,5,12,5,7,5094,2246,2848
06,91,Jagtial,Jagitial,09,Jagtial,802908,0003,WARD,Jagityal (M),Urban,2278,9653,4804,4849,956,501,455,1061,484,577,1,0,1,7060,3853,3207,2593,951,1642,4118,2587,1531,3651,2403,1248,21,17,4,56,39,17,537,112,425,3037,2235,802,467,184,283,22,12,10,19,7,12,142,19,123,284,146,138,427,167,260,22,12,10,13,5,8,127,16,111,265,134,131,40,17,23,0,0,0,6,2,4,15,3,12,19,12,7,5535,2217,3318
06,93,Koratla,Jagitial,11,Koratla,802909,0003,WARD,Koratla,Urban,928,3633,1787,1846,315,156,159,81,34,47,7,3,4,2633,1481,1152,1000,306,694,1741,964,777,1695,950,745,11,10,1,20,13,7,772,144,628,892,783,109,46,14,32,4,0,4,1,1,0,19,3,16,22,10,12,43,13,30,3,0,3,1,1,0,18,3,15,21,9,12,3,1,2,1,0,1,0,0,0,1,0,1,1,1,0,1892,823,1069
06,92,Metpalle,Jagitial,12,Metpalle,802910,0003,WARD,Metpalle,Urban,1094,4538,2248,2290,409,213,196,291,151,140,10,4,6,3016,1724,1292,1522,524,998,2297,1201,1096,2258,1176,1082,15,8,7,141,94,47,494,73,421,1608,1001,607,39,25,14,0,0,0,1,1,0,6,0,6,32,24,8,28,18,10,0,0,0,1,1,0,4,0,4,23,17,6,11,7,4,0,0,0,0,0,0,2,0,2,9,7,2,2241,1047,1194
06,91,Jagtial,Jagitial,09,Jagtial,802908,0004,WARD,Jagityal (M),Urban,4281,18405,9227,9178,2075,1082,993,2357,1155,1202,42,23,19,11917,6616,5301,6488,2611,3877,8062,4925,3137,7181,4538,2643,190,139,51,642,403,239,781,85,696,5568,3911,1657,881,387,494,21,12,9,63,36,27,65,13,52,732,326,406,813,359,454,20,11,9,59,35,24,58,10,48,676,303,373,68,28,40,1,1,0,4,1,3,7,3,4,56,23,33,10343,4302,6041
06,93,Koratla,Jagitial,11,Koratla,802909,0004,WARD,Koratla,Urban,3700,16299,8189,8110,1948,977,971,2821,1393,1428,156,123,33,10363,5799,4564,5936,2390,3546,7663,4186,3477,6863,3859,3004,72,57,15,486,197,289,2239,215,2024,4066,3390,676,800,327,473,16,8,8,136,52,84,200,32,168,448,235,213,540,221,319,16,8,8,89,30,59,116,19,97,319,164,155,260,106,154,0,0,0,47,22,25,84,13,71,129,71,58,8636,4003,4633
06,92,Metpalle,Jagitial,12,Metpalle,802910,0004,WARD,Metpalle,Urban,724,2803,1349,1454,280,142,138,23,12,11,0,0,0,1764,972,792,1039,377,662,1421,786,635,1349,755,594,34,31,3,288,249,39,312,49,263,715,426,289,72,31,41,1,0,1,0,0,0,5,1,4,66,30,36,70,30,40,1,0,1,0,0,0,5,1,4,64,29,35,2,1,1,0,0,0,0,0,0,0,0,0,2,1,1,1382,563,819
06,91,Jagtial,Jagitial,09,Jagtial,802908,0005,WARD,Jagityal (M),Urban,2759,13051,6516,6535,1633,841,792,632,311,321,14,7,7,9618,5105,4513,3433,1411,2022,4906,3298,1608,4006,2860,1146,17,13,4,58,43,15,359,71,288,3572,2733,839,900,438,462,5,5,0,20,14,6,193,32,161,682,387,295,788,384,404,5,5,0,11,8,3,164,25,139,608,346,262,112,54,58,0,0,0,9,6,3,29,7,22,74,41,33,8145,3218,4927
06,93,Koratla,Jagitial,11,Koratla,802909,0005,WARD,Koratla,Urban,2331,9904,4936,4968,1066,550,516,1756,836,920,38,17,21,6772,3732,3040,3132,1204,1928,4432,2555,1877,3886,2188,1698,75,65,10,264,180,84,1355,144,1211,2192,1799,393,546,367,179,5,5,0,92,74,18,61,10,51,388,278,110,525,358,167,5,5,0,92,74,18,60,10,50,368,269,99,21,9,12,0,0,0,0,0,0,1,0,1,20,9,11,5472,2381,3091
06,92,Metpalle,Jagitial,12,Metpalle,802910,0005,WARD,Metpalle,Urban,1280,5474,2756,2718,523,251,272,2253,1135,1118,36,31,5,3353,1961,1392,2121,795,1326,2469,1369,1100,2367,1300,1067,102,74,28,439,267,172,813,68,745,1013,891,122,102,69,33,0,0,0,19,8,11,11,0,11,72,61,11,98,67,31,0,0,0,19,8,11,11,0,11,68,59,9,4,2,2,0,0,0,0,0,0,0,0,0,4,2,2,3005,1387,1618
06,91,Jagtial,Jagitial,09,Jagtial,802908,0006,WARD,Jagityal (M),Urban,2687,10631,5249,5382,1000,528,472,528,258,270,37,20,17,7152,3940,3212,3479,1309,2170,4860,2894,1966,4652,2780,1872,362,219,143,722,458,264,755,90,665,2813,2013,800,208,114,94,12,6,6,44,22,22,18,3,15,134,83,51,179,96,83,12,6,6,39,20,19,13,2,11,115,68,47,29,18,11,0,0,0,5,2,3,5,1,4,19,15,4,5771,2355,3416
06,93,Koratla,Jagitial,11,Koratla,802909,0006,WARD,Koratla,Urban,1111,5142,2557,2585,638,332,306,66,37,29,108,45,63,3661,1921,1740,1481,636,845,2280,1292,988,2136,1218,918,28,24,4,54,43,11,822,45,777,1232,1106,126,144,74,70,0,0,0,35,13,22,39,6,33,70,55,15,132,68,64,0,0,0,31,11,20,36,4,32,65,53,12,12,6,6,0,0,0,4,2,2,3,2,1,5,2,3,2862,1265,1597
06,92,Metpalle,Jagitial,12,Metpalle,802910,0006,WARD,Metpalle,Urban,356,1386,669,717,124,65,59,405,203,202,15,7,8,709,409,300,677,260,417,824,389,435,823,388,435,309,169,140,303,171,132,162,6,156,49,42,7,1,1,0,0,0,0,1,1,0,0,0,0,0,0,0,1,1,0,0,0,0,1,1,0,0,0,0,0,0,0,0,0,0,0,0,0,0,0,0,0,0,0,0,0,0,562,280,282
06,91,Jagtial,Jagitial,09,Jagtial,802908,0007,WARD,Jagityal (M),Urban,4077,16011,7820,8191,1675,866,809,940,386,554,223,83,140,11195,6028,5167,4816,1792,3024,6713,4149,2564,5832,3748,2084,203,174,29,291,189,102,976,130,846,4362,3255,1107,881,401,480,15,10,5,148,85,63,221,24,197,497,282,215,799,363,436,15,10,5,141,81,60,204,20,184,439,252,187,82,38,44,0,0,0,7,4,3,17,4,13,58,30,28,9298,3671,5627
06,91,Jagtial,Jagitial,09,Jagtial,802908,0008,WARD,Jagityal (M),Urban,739,3243,1645,1598,368,174,194,280,153,127,50,25,25,2021,1125,896,1222,520,702,1322,860,462,1299,853,446,5,4,1,7,3,4,99,13,86,1188,833,355,23,7,16,4,2,2,0,0,0,0,0,0,19,5,14,23,7,16,4,2,2,0,0,0,0,0,0,19,5,14,0,0,0,0,0,0,0,0,0,0,0,0,0,0,0,1921,785,1136
06,91,Jagtial,Jagitial,08,Jagityal_Rural,572082,0009,WARD,Kadlapalle,Urban,97,334,167,167,20,12,8,110,56,54,0,0,0,156,94,62,178,73,105,228,111,117,228,111,117,112,55,57,88,41,47,0,0,0,28,15,13,0,0,0,0,0,0,0,0,0,0,0,0,0,0,0,0,0,0,0,0,0,0,0,0,0,0,0,0,0,0,0,0,0,0,0,0,0,0,0,0,0,0,0,0,0,106,56,50
06,91,Jagtial,Jagitial,09,Jagtial,572090,0010,WARD,Mothe,Urban,693,2687,1365,1322,291,145,146,101,48,53,16,7,9,1598,924,674,1089,441,648,1199,741,458,1103,664,439,114,86,28,45,26,19,311,24,287,633,528,105,96,77,19,2,1,1,9,4,5,11,8,3,74,64,10,95,77,18,2,1,1,9,4,5,11,8,3,73,64,9,1,0,1,0,0,0,0,0,0,0,0,0,1,0,1,1488,624,864
06,91,Jagtial,Jagitial,09,Jagtial,572081,0011,WARD,Jagityal,Urban,433,1752,882,870,164,80,84,402,204,198,0,0,0,891,544,347,861,338,523,1066,533,533,1024,513,511,244,169,75,256,137,119,158,37,121,366,170,196,42,20,22,8,6,2,21,13,8,10,0,10,3,1,2,14,5,9,1,0,1,8,5,3,3,0,3,2,0,2,28,15,13,7,6,1,13,8,5,7,0,7,1,1,0,686,349,337
06,91,Jagtial,Jagitial,09,Jagtial,572071,0012,WARD,Thippannapeta,Urban,428,1721,856,865,200,106,94,46,19,27,113,58,55,1036,577,459,685,279,406,879,479,400,844,463,381,258,143,115,267,141,126,31,1,30,288,178,110,35,16,19,16,9,7,9,5,4,6,0,6,4,2,2,10,4,6,4,1,3,2,1,1,1,0,1,3,2,1,25,12,13,12,8,4,7,4,3,5,0,5,1,0,1,842,377,465
06,91,Jagtial,Jagitial,09,Jagtial,572087,0013,WARD,Dharur,Urban,239,976,502,474,145,80,65,519,268,251,0,0,0,542,322,220,434,180,254,383,242,141,265,184,81,11,7,4,17,11,6,2,0,2,235,166,69,118,58,60,0,0,0,10,3,7,3,1,2,105,54,51,87,52,35,0,0,0,5,3,2,3,1,2,79,48,31,31,6,25,0,0,0,5,0,5,0,0,0,26,6,20,593,260,333