DISTRICT_CODE,DIVISION_CODE,DIVISION_NAME,Name_District,Mandal_Code,Name_Mandal,Village_Code,Ward,Level1,VName,TRU,No_HH,TOT_P,TOT_M,TOT_F,P_06,M_06,F_06,P_SC,M_SC,F_SC,P_ST,M_ST,F_ST,P_LIT,M_LIT,F_LIT,P_ILL,M_ILL,F_ILL,TOT_WORK_P,TOT_WORK_M,TOT_WORK_F,MAINWORK_P,MAINWORK_M,MAINWORK_F,MAIN_CL_P,MAIN_CL_M,MAIN_CL_F,MAIN_AL_P,MAIN_AL_M,MAIN_AL_F,MAIN_HH_P,MAIN_HH_M,MAIN_HH_F,MAIN_OT_P,MAIN_OT_M,MAIN_OT_F,MARGWORK_P,MARGWORK_M,MARGWORK_F,MARG_CL_P,MARG_CL_M,MARG_CL_F,MARG_AL_P,MARG_AL_M,MARG_AL_F,MARG_HH_P,MARG_HH_M,MARG_HH_F,MARG_OT_P,MARG_OT_M,MARG_OT_F,MARGWORK_3_6_P,MARGWORK_3_6_M,MARGWORK_3_6_F,MARG_CL_3_6_P,MARG_CL_3_6_M,MARG_CL_3_6_F,MARG_AL_3_6_P,MARG_AL_3_6_M,MARG_AL_3_6_F,MARG_HH_3_6_P,MARG_HH_3_6_M,MARG_HH_3_6_F,MARG_OT_3_6_P,MARG_OT_3_6_M,MARG_OT_3_6_F,MARGWORK_0_3_P,MARGWORK_0_3_M,MARGWORK_0_3_F,MARG_CL_0_3_P,MARG_CL_0_3_M,MARG_CL_0_3_F,MARG_AL_0_3_P,MARG_AL_0_3_M,MARG_AL_0_3_F,MARG_HH_0_3_P,MARG_HH_0_3_M,MARG_HH_0_3_F,MARG_OT_0_3_P,MARG_OT_0_3_M,MARG_OT_0_3_F,NON_WORK_P,NON_WORK_M,NON_WORK_F
15,93,Banswada,Kamareddy,01,Madnur,571046,0000,VILLAGE,Salabathpur,Rural,139,688,332,356,128,63,65,200,94,106,4,2,2,320,173,147,368,159,209,383,179,204,40,28,12,5,5,0,2,0,2,5,2,3,28,21,7,343,151,192,5,4,1,312,139,173,5,3,2,21,5,16,32,14,18,4,3,1,12,5,7,4,3,1,12,3,9,311,137,174,1,1,0,300,134,166,1,0,1,9,2,7,305,153,152
15,93,Banswada,Kamareddy,01,Madnur,571047,0000,VILLAGE,Chinna Shekkarga,Rural,215,1023,529,494,137,68,69,273,134,139,0,0,0,615,358,257,408,171,237,434,278,156,431,276,155,66,47,19,290,160,130,2,1,1,73,68,5,3,2,1,0,0,0,1,0,1,0,0,0,2,2,0,3,2,1,0,0,0,1,0,1,0,0,0,2,2,0,0,0,0,0,0,0,0,0,0,0,0,0,0,0,0,589,251,338
15,93,Banswada,Kamareddy,01,Madnur,571048,0000,VILLAGE,Pedda Shekkarga,Rural,473,2202,1121,1081,237,126,111,230,111,119,0,0,0,1172,696,476,1030,425,605,1298,699,599,1043,610,433,249,166,83,655,331,324,11,7,4,128,106,22,255,89,166,21,11,10,215,65,150,6,3,3,13,10,3,237,79,158,21,11,10,197,55,142,6,3,3,13,10,3,18,10,8,0,0,0,18,10,8,0,0,0,0,0,0,904,422,482
15,93,Banswada,Kamareddy,01,Madnur,571049,0000,VILLAGE,Gojegaon,Rural,155,730,375,355,75,41,34,91,47,44,360,190,170,400,236,164,330,139,191,406,205,201,225,115,110,145,74,71,74,35,39,0,0,0,6,6,0,181,90,91,8,3,5,173,87,86,0,0,0,0,0,0,181,90,91,8,3,5,173,87,86,0,0,0,0,0,0,0,0,0,0,0,0,0,0,0,0,0,0,0,0,0,324,170,154
15,93,Banswada,Kamareddy,01,Madnur,571050,0000,VILLAGE,Sonala,Rural,118,524,261,263,64,40,24,206,102,104,0,0,0,282,157,125,242,104,138,236,145,91,231,140,91,70,51,19,114,44,70,1,1,0,46,44,2,5,5,0,0,0,0,2,2,0,0,0,0,3,3,0,5,5,0,0,0,0,2,2,0,0,0,0,3,3,0,0,0,0,0,0,0,0,0,0,0,0,0,0,0,0,288,116,172
15,93,Banswada,Kamareddy,01,Madnur,571051,0000,VILLAGE,Thadi Hipperga,Rural,390,1740,888,852,235,128,107,585,289,296,1,1,0,936,552,384,804,336,468,1165,572,593,763,382,381,299,157,142,235,121,114,3,3,0,226,101,125,402,190,212,7,3,4,374,175,199,4,3,1,17,9,8,55,27,28,2,0,2,39,18,21,1,1,0,13,8,5,347,163,184,5,3,2,335,157,178,3,2,1,4,1,3,575,316,259
15,93,Banswada,Kamareddy,23,Dongli,571053,0000,VILLAGE,Limboor,Rural,432,2008,1006,1002,268,135,133,541,263,278,0,0,0,786,485,301,1222,521,701,1201,605,596,321,161,160,60,31,29,245,119,126,2,2,0,14,9,5,880,444,436,41,21,20,838,422,416,0,0,0,1,1,0,870,439,431,41,21,20,828,417,411,0,0,0,1,1,0,10,5,5,0,0,0,10,5,5,0,0,0,0,0,0,807,401,406
15,93,Banswada,Kamareddy,23,Dongli,571054,0000,VILLAGE,Hassa Takli,Rural,128,571,290,281,64,35,29,192,100,92,0,0,0,281,168,113,290,122,168,278,176,102,275,175,100,158,94,64,63,34,29,10,9,1,44,38,6,3,1,2,1,0,1,1,0,1,0,0,0,1,1,0,3,1,2,1,0,1,1,0,1,0,0,0,1,1,0,0,0,0,0,0,0,0,0,0,0,0,0,0,0,0,293,114,179
15,93,Banswada,Kamareddy,23,Dongli,571055,0000,VILLAGE,Pedda Takli,Rural,247,1204,611,593,162,75,87,391,188,203,0,0,0,614,348,266,590,263,327,454,350,104,428,337,91,126,124,2,223,143,80,0,0,0,79,70,9,26,13,13,0,0,0,25,12,13,0,0,0,1,1,0,26,13,13,0,0,0,25,12,13,0,0,0,1,1,0,0,0,0,0,0,0,0,0,0,0,0,0,0,0,0,750,261,489
15,93,Banswada,Kamareddy,23,Dongli,571056,0000,VILLAGE,Sirpur,Rural,249,1332,695,637,172,93,79,422,215,207,1,1,0,694,420,274,638,275,363,763,404,359,44,39,5,22,21,1,5,3,2,4,4,0,13,11,2,719,365,354,0,0,0,718,364,354,0,0,0,1,1,0,719,365,354,0,0,0,718,364,354,0,0,0,1,1,0,0,0,0,0,0,0,0,0,0,0,0,0,0,0,0,569,291,278
15,93,Banswada,Kamareddy,23,Dongli,571058,0000,VILLAGE,Mahdan Hipperga,Rural,376,1668,833,835,201,104,97,379,185,194,6,3,3,781,458,323,887,375,512,976,498,478,683,368,315,110,95,15,517,245,272,11,2,9,45,26,19,293,130,163,5,1,4,277,123,154,2,1,1,9,5,4,148,101,47,5,1,4,135,94,41,2,1,1,6,5,1,145,29,116,0,0,0,142,29,113,0,0,0,3,0,3,692,335,357
15,93,Banswada,Kamareddy,23,Dongli,571059,0000,VILLAGE,Elegaon,Rural,119,581,295,286,94,56,38,122,60,62,0,0,0,247,130,117,334,165,169,222,145,77,40,36,4,9,9,0,1,1,0,0,0,0,30,26,4,182,109,73,2,1,1,176,104,72,0,0,0,4,4,0,152,97,55,2,1,1,147,93,54,0,0,0,3,3,0,30,12,18,0,0,0,29,11,18,0,0,0,1,1,0,359,150,209
15,93,Banswada,Kamareddy,23,Dongli,571060,0000,VILLAGE,Kurla,Rural,304,1433,683,750,164,78,86,227,105,122,0,0,0,625,339,286,808,344,464,1004,478,526,632,334,298,62,44,18,413,211,202,19,2,17,138,77,61,372,144,228,84,36,48,268,93,175,4,3,1,16,12,4,372,144,228,84,36,48,268,93,175,4,3,1,16,12,4,0,0,0,0,0,0,0,0,0,0,0,0,0,0,0,429,205,224
15,93,Banswada,Kamareddy,23,Dongli,571061,0000,VILLAGE,Enbhura,Rural,293,1430,751,679,241,123,118,241,126,115,0,0,0,666,396,270,764,355,409,545,383,162,502,373,129,243,220,23,183,84,99,4,3,1,72,66,6,43,10,33,2,0,2,36,6,30,1,0,1,4,4,0,41,9,32,2,0,2,34,5,29,1,0,1,4,4,0,2,1,1,0,0,0,2,1,1,0,0,0,0,0,0,885,368,517
15,93,Banswada,Kamareddy,23,Dongli,571062,0000,VILLAGE,Dongli,Rural,678,3156,1594,1562,393,202,191,609,305,304,55,30,25,1441,838,603,1715,756,959,1676,891,785,722,417,305,441,257,184,207,97,110,5,5,0,69,58,11,954,474,480,6,6,0,847,412,435,74,38,36,27,18,9,831,413,418,6,6,0,792,389,403,11,4,7,22,14,8,123,61,62,0,0,0,55,23,32,63,34,29,5,4,1,1480,703,777
15,93,Banswada,Kamareddy,23,Dongli,571063,0000,VILLAGE,Mogha,Rural,451,2206,1121,1085,263,126,137,452,231,221,12,6,6,1098,655,443,1108,466,642,1179,660,519,722,438,284,307,213,94,303,132,171,6,4,2,106,89,17,457,222,235,12,4,8,392,189,203,3,0,3,50,29,21,448,220,228,11,4,7,389,188,201,2,0,2,46,28,18,9,2,7,1,0,1,3,1,2,1,0,1,4,1,3,1027,461,566
15,93,Banswada,Kamareddy,01,Madnur,571065,0000,VILLAGE,Madnur,Rural,1894,8841,4527,4314,1047,576,471,1448,744,704,186,84,102,5041,2911,2130,3800,1616,2184,4134,2426,1708,2373,1624,749,320,224,96,812,454,358,128,63,65,1113,883,230,1761,802,959,41,25,16,1115,426,689,42,27,15,563,324,239,1142,509,633,28,22,6,784,282,502,29,21,8,301,184,117,619,293,326,13,3,10,331,144,187,13,6,7,262,140,122,4707,2101,2606
15,93,Banswada,Kamareddy,01,Madnur,571066,0000,VILLAGE,Keroor,Rural,458,2036,1017,1019,272,135,137,377,185,192,43,20,23,895,546,349,1141,471,670,1132,583,549,448,269,179,54,37,17,333,184,149,5,3,2,56,45,11,684,314,370,10,5,5,663,301,362,0,0,0,11,8,3,684,314,370,10,5,5,663,301,362,0,0,0,11,8,3,0,0,0,0,0,0,0,0,0,0,0,0,0,0,0,904,434,470
15,93,Banswada,Kamareddy,01,Madnur,571067,0000,VILLAGE,Kharag,Rural,91,399,206,193,42,25,17,170,87,83,0,0,0,258,140,118,141,66,75,123,112,11,122,112,10,49,47,2,55,51,4,1,1,0,17,13,4,1,0,1,0,0,0,1,0,1,0,0,0,0,0,0,1,0,1,0,0,0,1,0,1,0,0,0,0,0,0,0,0,0,0,0,0,0,0,0,0,0,0,0,0,0,276,94,182
15,93,Banswada,Kamareddy,01,Madnur,571068,0000,VILLAGE,Chinna Thadugur,Rural,192,784,404,380,96,44,52,186,99,87,0,0,0,404,249,155,380,155,225,389,194,195,170,84,86,5,4,1,142,69,73,1,1,0,22,10,12,219,110,109,11,9,2,204,98,106,2,1,1,2,2,0,219,110,109,11,9,2,204,98,106,2,1,1,2,2,0,0,0,0,0,0,0,0,0,0,0,0,0,0,0,0,395,210,185
15,93,Banswada,Kamareddy,01,Madnur,571069,0000,VILLAGE,Pedda Thadgur,Rural,604,2801,1439,1362,337,178,159,938,494,444,5,4,1,1313,765,548,1488,674,814,1415,784,631,999,592,407,217,132,85,619,329,290,30,21,9,133,110,23,416,192,224,24,16,8,329,135,194,19,8,11,44,33,11,329,167,162,14,9,5,256,120,136,17,7,10,42,31,11,87,25,62,10,7,3,73,15,58,2,1,1,2,2,0,1386,655,731
15,93,Banswada,Kamareddy,01,Madnur,571070,0000,VILLAGE,Awalgaon,Rural,309,1649,859,790,216,119,97,444,242,202,1,1,0,704,427,277,945,432,513,946,490,456,587,330,257,398,224,174,156,77,79,1,0,1,32,29,3,359,160,199,4,2,2,354,157,197,0,0,0,1,1,0,325,147,178,4,2,2,320,144,176,0,0,0,1,1,0,34,13,21,0,0,0,34,13,21,0,0,0,0,0,0,703,369,334
15,93,Banswada,Kamareddy,01,Madnur,571071,0000,VILLAGE,Mainur,Rural,463,2077,1056,1021,225,123,102,395,208,187,2,1,1,1082,653,429,995,403,592,1110,595,515,788,465,323,130,100,30,507,236,271,7,2,5,144,127,17,322,130,192,14,6,8,281,112,169,3,0,3,24,12,12,294,119,175,13,5,8,259,103,156,3,0,3,19,11,8,28,11,17,1,1,0,22,9,13,0,0,0,5,1,4,967,461,506
15,93,Banswada,Kamareddy,23,Dongli,571072,0000,VILLAGE,Lachmapur,Rural,95,427,214,213,65,37,28,202,96,106,1,0,1,175,95,80,252,119,133,207,111,96,170,102,68,3,2,1,139,77,62,0,0,0,28,23,5,37,9,28,0,0,0,33,5,28,0,0,0,4,4,0,33,7,26,0,0,0,31,5,26,0,0,0,2,2,0,4,2,2,0,0,0,2,0,2,0,0,0,2,2,0,220,103,117
15,93,Banswada,Kamareddy,23,Dongli,571073,0000,VILLAGE,Marepalle,Rural,255,1170,580,590,147,72,75,411,203,208,0,0,0,586,331,255,584,249,335,593,310,283,574,303,271,61,46,15,475,229,246,1,1,0,37,27,10,19,7,12,3,2,1,12,4,8,0,0,0,4,1,3,16,7,9,3,2,1,10,4,6,0,0,0,3,1,2,3,0,3,0,0,0,2,0,2,0,0,0,1,0,1,577,270,307
15,93,Banswada,Kamareddy,23,Dongli,571074,0000,VILLAGE,Dhoti,Rural,163,720,365,355,102,57,45,205,104,101,0,0,0,332,185,147,388,180,208,422,212,210,421,211,210,185,87,98,204,95,109,1,0,1,31,29,2,1,1,0,0,0,0,0,0,0,0,0,0,1,1,0,1,1,0,0,0,0,0,0,0,0,0,0,1,1,0,0,0,0,0,0,0,0,0,0,0,0,0,0,0,0,298,153,145
15,93,Banswada,Kamareddy,23,Dongli,571075,0000,VILLAGE,Mallapur,Rural,194,824,431,393,109,57,52,168,89,79,0,0,0,302,207,95,522,224,298,431,221,210,426,217,209,64,41,23,336,155,181,4,2,2,22,19,3,5,4,1,0,0,0,1,1,0,0,0,0,4,3,1,2,2,0,0,0,0,1,1,0,0,0,0,1,1,0,3,2,1,0,0,0,0,0,0,0,0,0,3,2,1,393,210,183
15,93,Banswada,Kamareddy,01,Madnur,571076,0000,VILLAGE,Sultanpet,Rural,358,1629,832,797,181,80,101,296,153,143,32,15,17,790,490,300,839,342,497,713,437,276,424,287,137,119,118,1,238,110,128,0,0,0,67,59,8,289,150,139,10,6,4,277,142,135,0,0,0,2,2,0,275,146,129,10,6,4,263,138,125,0,0,0,2,2,0,14,4,10,0,0,0,14,4,10,0,0,0,0,0,0,916,395,521
15,93,Banswada,Kamareddy,01,Madnur,571078,0000,VILLAGE,Shekhapur,Rural,175,1087,549,538,143,75,68,312,154,158,1,1,0,556,315,241,531,234,297,543,289,254,85,76,9,28,27,1,11,8,3,4,2,2,42,39,3,458,213,245,1,1,0,449,207,242,4,3,1,4,2,2,445,210,235,1,1,0,437,204,233,4,3,1,3,2,1,13,3,10,0,0,0,12,3,9,0,0,0,1,0,1,544,260,284
15,93,Banswada,Kamareddy,01,Madnur,571079,0000,VILLAGE,Kotchira,Rural,465,2510,1290,1220,353,176,177,705,358,347,9,4,5,1011,622,389,1499,668,831,1503,783,720,1343,707,636,252,189,63,933,450,483,60,14,46,98,54,44,160,76,84,3,1,2,128,60,68,20,9,11,9,6,3,25,10,15,1,0,1,14,5,9,4,2,2,6,3,3,135,66,69,2,1,1,114,55,59,16,7,9,3,3,0,1007,507,500
15,93,Banswada,Kamareddy,01,Madnur,571080,0000,VILLAGE,Antapur,Rural,131,749,378,371,104,50,54,298,146,152,0,0,0,371,214,157,378,164,214,431,225,206,21,16,5,10,10,0,4,2,2,0,0,0,7,4,3,410,209,201,3,3,0,395,199,196,2,2,0,10,5,5,364,187,177,2,2,0,353,181,172,1,1,0,8,3,5,46,22,24,1,1,0,42,18,24,1,1,0,2,2,0,318,153,165
15,93,Banswada,Kamareddy,01,Madnur,571081,0000,VILLAGE,Somoor,Rural,132,687,332,355,85,40,45,168,80,88,0,0,0,346,189,157,341,143,198,395,191,204,266,154,112,3,3,0,111,67,44,3,3,0,149,81,68,129,37,92,6,1,5,53,13,40,2,2,0,68,21,47,83,21,62,4,1,3,40,9,31,2,2,0,37,9,28,46,16,30,2,0,2,13,4,9,0,0,0,31,12,19,292,141,151
15,93,Banswada,Kamareddy,01,Madnur,571082,0000,VILLAGE,Dhannoor,Rural,269,1117,580,537,138,83,55,288,154,134,0,0,0,620,362,258,497,218,279,729,370,359,446,256,190,146,103,43,168,73,95,18,12,6,114,68,46,283,114,169,126,54,72,151,55,96,2,2,0,4,3,1,273,111,162,119,51,68,148,55,93,2,2,0,4,3,1,10,3,7,7,3,4,3,0,3,0,0,0,0,0,0,388,210,178
15,93,Banswada,Kamareddy,01,Madnur,571083,0000,VILLAGE,Chinna Eklara,Rural,255,1236,639,597,154,81,73,521,273,248,0,0,0,609,358,251,627,281,346,698,375,323,661,355,306,55,48,7,571,277,294,2,2,0,33,28,5,37,20,17,5,3,2,26,13,13,0,0,0,6,4,2,36,20,16,5,3,2,25,13,12,0,0,0,6,4,2,1,0,1,0,0,0,1,0,1,0,0,0,0,0,0,538,264,274
15,93,Banswada,Kamareddy,01,Madnur,571084,0000,VILLAGE,Pedda Eklara,Rural,645,2772,1390,1382,295,153,142,462,221,241,19,8,11,1430,852,578,1342,538,804,1542,833,709,1321,731,590,327,207,120,830,417,413,11,9,2,153,98,55,221,102,119,31,25,6,179,72,107,0,0,0,11,5,6,214,97,117,31,25,6,174,69,105,0,0,0,9,3,6,7,5,2,0,0,0,5,3,2,0,0,0,2,2,0,1230,557,673
15,93,Banswada,Kamareddy,01,Madnur,571085,0000,VILLAGE,Rachoor,Rural,61,320,159,161,40,17,23,96,47,49,0,0,0,162,98,64,158,61,97,169,90,79,167,90,77,79,40,39,67,30,37,0,0,0,21,20,1,2,0,2,1,0,1,1,0,1,0,0,0,0,0,0,1,0,1,1,0,1,0,0,0,0,0,0,0,0,0,1,0,1,0,0,0,1,0,1,0,0,0,0,0,0,151,69,82
15,93,Banswada,Kamareddy,01,Madnur,571086,0000,VILLAGE,Rusegaon,Rural,135,719,354,365,107,55,52,200,100,100,0,0,0,318,185,133,401,169,232,341,173,168,5,5,0,1,1,0,0,0,0,0,0,0,4,4,0,336,168,168,10,6,4,319,159,160,5,2,3,2,1,1,325,162,163,8,5,3,310,154,156,5,2,3,2,1,1,11,6,5,2,1,1,9,5,4,0,0,0,0,0,0,378,181,197
15,93,Banswada,Kamareddy,01,Madnur,571087,0000,VILLAGE,Lachan,Rural,400,1952,971,981,226,116,110,628,308,320,4,3,1,1082,631,451,870,340,530,942,477,465,827,424,403,142,110,32,540,241,299,4,2,2,141,71,70,115,53,62,11,6,5,80,32,48,8,7,1,16,8,8,44,22,22,3,2,1,22,7,15,8,7,1,11,6,5,71,31,40,8,4,4,58,25,33,0,0,0,5,2,3,1010,494,516
15,93,Banswada,Kamareddy,02,Jukkal,571088,0000,VILLAGE,Chandegaon,Rural,283,1148,574,574,158,85,73,149,78,71,11,7,4,494,290,204,654,284,370,785,392,393,735,368,367,132,72,60,519,251,268,20,9,11,64,36,28,50,24,26,5,2,3,11,5,6,0,0,0,34,17,17,48,23,25,4,2,2,10,4,6,0,0,0,34,17,17,2,1,1,1,0,1,1,1,0,0,0,0,0,0,0,363,182,181
15,93,Banswada,Kamareddy,02,Jukkal,571089,0000,VILLAGE,Madhapur,Rural,239,1016,514,502,123,70,53,157,82,75,2,1,1,428,253,175,588,261,327,725,350,375,489,333,156,203,188,15,256,127,129,3,2,1,27,16,11,236,17,219,6,1,5,193,9,184,8,0,8,29,7,22,235,16,219,6,1,5,192,8,184,8,0,8,29,7,22,1,1,0,0,0,0,1,1,0,0,0,0,0,0,0,291,164,127
15,93,Banswada,Kamareddy,02,Jukkal,571090,0000,VILLAGE,Hangarga,Rural,615,2524,1306,1218,309,173,136,470,249,221,3,2,1,1034,600,434,1490,706,784,1501,798,703,1107,594,513,161,123,38,871,429,442,6,4,2,69,38,31,394,204,190,0,0,0,384,195,189,3,3,0,7,6,1,392,202,190,0,0,0,384,195,189,2,2,0,6,5,1,2,2,0,0,0,0,0,0,0,1,1,0,1,1,0,1023,508,515
15,93,Banswada,Kamareddy,02,Jukkal,571091,0000,VILLAGE,Kathalwadi,Rural,117,577,304,273,74,39,35,197,103,94,0,0,0,283,182,101,294,122,172,372,195,177,248,138,110,130,72,58,111,61,50,0,0,0,7,5,2,124,57,67,8,3,5,116,54,62,0,0,0,0,0,0,113,52,61,4,2,2,109,50,59,0,0,0,0,0,0,11,5,6,4,1,3,7,4,3,0,0,0,0,0,0,205,109,96
15,93,Banswada,Kamareddy,02,Jukkal,571092,0000,VILLAGE,Bijjalwadi,Rural,225,1207,611,596,154,66,88,397,199,198,59,31,28,444,276,168,763,335,428,682,365,317,660,358,302,124,74,50,518,268,250,5,4,1,13,12,1,22,7,15,1,0,1,18,4,14,1,1,0,2,2,0,21,7,14,1,0,1,17,4,13,1,1,0,2,2,0,1,0,1,0,0,0,1,0,1,0,0,0,0,0,0,525,246,279
15,93,Banswada,Kamareddy,02,Jukkal,571093,0000,VILLAGE,Padampalle,Rural,233,1150,594,556,148,89,59,320,167,153,0,0,0,540,312,228,610,282,328,673,345,328,462,238,224,316,160,156,120,59,61,1,1,0,25,18,7,211,107,104,0,0,0,203,102,101,2,1,1,6,4,2,211,107,104,0,0,0,203,102,101,2,1,1,6,4,2,0,0,0,0,0,0,0,0,0,0,0,0,0,0,0,477,249,228
15,93,Banswada,Kamareddy,02,Jukkal,571094,0000,VILLAGE,Nagalgaon,Rural,424,2014,1018,996,251,127,124,410,205,205,4,1,3,943,535,408,1071,483,588,988,559,429,403,232,171,134,92,42,264,137,127,0,0,0,5,3,2,585,327,258,9,7,2,549,301,248,0,0,0,27,19,8,579,321,258,9,7,2,548,300,248,0,0,0,22,14,8,6,6,0,0,0,0,1,1,0,0,0,0,5,5,0,1026,459,567
15,93,Banswada,Kamareddy,02,Jukkal,571095,0000,VILLAGE,Chinna Edgi,Rural,177,851,429,422,116,56,60,181,87,94,0,0,0,484,307,177,367,122,245,437,263,174,433,263,170,136,112,24,241,110,131,1,1,0,55,40,15,4,0,4,2,0,2,0,0,0,0,0,0,2,0,2,2,0,2,2,0,2,0,0,0,0,0,0,0,0,0,2,0,2,0,0,0,0,0,0,0,0,0,2,0,2,414,166,248
15,93,Banswada,Kamareddy,02,Jukkal,571096,0000,VILLAGE,Pedda Edgi,Rural,671,3280,1664,1616,426,212,214,404,208,196,148,75,73,1644,979,665,1636,685,951,1870,973,897,1480,776,704,369,205,164,967,463,504,24,14,10,120,94,26,390,197,193,1,0,1,354,171,183,1,1,0,34,25,9,390,197,193,1,0,1,354,171,183,1,1,0,34,25,9,0,0,0,0,0,0,0,0,0,0,0,0,0,0,0,1410,691,719
15,93,Banswada,Kamareddy,02,Jukkal,571097,0000,VILLAGE,Longaon,Rural,149,703,365,338,104,60,44,138,71,67,0,0,0,428,256,172,275,109,166,490,245,245,443,214,229,10,5,5,409,197,212,0,0,0,24,12,12,47,31,16,0,0,0,7,4,3,0,0,0,40,27,13,46,31,15,0,0,0,7,4,3,0,0,0,39,27,12,1,0,1,0,0,0,0,0,0,0,0,0,1,0,1,213,120,93
15,93,Banswada,Kamareddy,02,Jukkal,571098,0000,VILLAGE,Kanthali,Rural,283,1314,671,643,151,71,80,323,170,153,149,82,67,696,416,280,618,255,363,762,384,378,751,377,374,480,263,217,251,98,153,0,0,0,20,16,4,11,7,4,3,2,1,2,1,1,3,1,2,3,3,0,9,6,3,2,1,1,2,1,1,2,1,1,3,3,0,2,1,1,1,1,0,0,0,0,1,0,1,0,0,0,552,287,265
15,93,Banswada,Kamareddy,02,Jukkal,571099,0000,VILLAGE,Pedda Ghulla,Rural,796,3996,2081,1915,568,309,259,505,263,242,634,346,288,1909,1128,781,2087,953,1134,2303,1210,1093,2128,1165,963,644,385,259,1268,630,638,56,29,27,160,121,39,175,45,130,12,4,8,141,25,116,0,0,0,22,16,6,170,45,125,11,4,7,138,25,113,0,0,0,21,16,5,5,0,5,1,0,1,3,0,3,0,0,0,1,0,1,1693,871,822
15,93,Banswada,Kamareddy,02,Jukkal,571100,0000,VILLAGE,Chinna Ghulla,Rural,74,404,211,193,72,34,38,63,33,30,3,1,2,178,104,74,226,107,119,225,115,110,219,113,106,55,46,9,157,63,94,0,0,0,7,4,3,6,2,4,4,2,2,2,0,2,0,0,0,0,0,0,4,2,2,4,2,2,0,0,0,0,0,0,0,0,0,2,0,2,0,0,0,2,0,2,0,0,0,0,0,0,179,96,83
15,93,Banswada,Kamareddy,02,Jukkal,571101,0000,VILLAGE,Gundoor,Rural,252,1232,651,581,126,67,59,381,203,178,140,75,65,586,362,224,646,289,357,692,375,317,306,164,142,41,26,15,35,23,12,1,0,1,229,115,114,386,211,175,4,3,1,352,186,166,0,0,0,30,22,8,265,193,72,4,3,1,237,172,65,0,0,0,24,18,6,121,18,103,0,0,0,115,14,101,0,0,0,6,4,2,540,276,264
15,93,Banswada,Kamareddy,02,Jukkal,571102,0000,VILLAGE,Jukkal,Rural,1057,5283,2528,2755,542,279,263,817,397,420,106,50,56,3090,1643,1447,2193,885,1308,2028,1264,764,1920,1210,710,423,273,150,958,487,471,41,25,16,498,425,73,108,54,54,7,3,4,64,29,35,4,1,3,33,21,12,100,50,50,5,2,3,59,27,32,3,0,3,33,21,12,8,4,4,2,1,1,5,2,3,1,1,0,0,0,0,3255,1264,1991
15,93,Banswada,Kamareddy,02,Jukkal,571104,0000,VILLAGE,Ladegaon,Rural,403,2030,1046,984,278,147,131,434,229,205,0,0,0,943,586,357,1087,460,627,1092,564,528,941,496,445,150,100,50,758,373,385,5,3,2,28,20,8,151,68,83,4,0,4,135,61,74,4,2,2,8,5,3,142,67,75,3,0,3,129,60,69,4,2,2,6,5,1,9,1,8,1,0,1,6,1,5,0,0,0,2,0,2,938,482,456
15,93,Banswada,Kamareddy,02,Jukkal,571105,0000,VILLAGE,Khemraja Kallali,Rural,404,1891,964,927,235,130,105,470,233,237,126,63,63,830,503,327,1061,461,600,1028,570,458,640,419,221,179,145,34,363,190,173,4,2,2,94,82,12,388,151,237,16,9,7,351,130,221,3,1,2,18,11,7,282,116,166,11,6,5,254,100,154,0,0,0,17,10,7,106,35,71,5,3,2,97,30,67,3,1,2,1,1,0,863,394,469
15,93,Banswada,Kamareddy,02,Jukkal,571106,0000,VILLAGE,Kowlas,Rural,491,2186,1178,1008,264,132,132,328,161,167,170,170,0,1047,708,339,1139,470,669,1042,539,503,941,506,435,132,91,41,700,326,374,27,20,7,82,69,13,101,33,68,13,4,9,56,18,38,18,4,14,14,7,7,83,28,55,9,3,6,53,17,36,10,1,9,11,7,4,18,5,13,4,1,3,3,1,2,8,3,5,3,0,3,1144,639,505
15,93,Banswada,Kamareddy,02,Jukkal,571107,0000,VILLAGE,Mohammadabad,Rural,518,2213,1080,1133,311,171,140,322,146,176,214,108,106,936,541,395,1277,539,738,1302,636,666,826,424,402,154,137,17,644,263,381,0,0,0,28,24,4,476,212,264,12,3,9,445,197,248,0,0,0,19,12,7,474,211,263,11,3,8,445,197,248,0,0,0,18,11,7,2,1,1,1,0,1,0,0,0,0,0,0,1,1,0,911,444,467
15,93,Banswada,Kamareddy,02,Jukkal,571108,0000,VILLAGE,Khandeballoor,Rural,477,2491,1280,1211,341,163,178,469,259,210,24,17,7,1089,670,419,1402,610,792,1205,676,529,893,629,264,305,291,14,469,235,234,2,1,1,117,102,15,312,47,265,14,8,6,280,29,251,0,0,0,18,10,8,246,39,207,13,7,6,219,23,196,0,0,0,14,9,5,66,8,58,1,1,0,61,6,55,0,0,0,4,1,3,1286,604,682
15,93,Banswada,Kamareddy,02,Jukkal,571109,0000,VILLAGE,Baswapur,Rural,376,1791,891,900,247,131,116,377,181,196,37,20,17,656,378,278,1135,513,622,984,515,469,943,499,444,102,83,19,751,348,403,1,1,0,89,67,22,41,16,25,3,2,1,10,2,8,2,1,1,26,11,15,25,14,11,3,2,1,5,1,4,1,1,0,16,10,6,16,2,14,0,0,0,5,1,4,1,0,1,10,1,9,807,376,431
15,93,Banswada,Kamareddy,02,Jukkal,571111,0000,VILLAGE,Bangarpalle,Rural,88,420,205,215,65,27,38,133,66,67,0,0,0,172,95,77,248,110,138,238,121,117,230,116,114,58,31,27,169,83,86,0,0,0,3,2,1,8,5,3,0,0,0,5,3,2,0,0,0,3,2,1,7,4,3,0,0,0,4,2,2,0,0,0,3,2,1,1,1,0,0,0,0,1,1,0,0,0,0,0,0,0,182,84,98
15,93,Banswada,Kamareddy,02,Jukkal,571112,0000,VILLAGE,Dostpalle,Rural,120,574,307,267,88,47,41,82,45,37,182,99,83,183,114,69,391,193,198,349,177,172,16,9,7,9,6,3,6,2,4,0,0,0,1,1,0,333,168,165,1,0,1,330,167,163,0,0,0,2,1,1,326,166,160,0,0,0,324,165,159,0,0,0,2,1,1,7,2,5,1,0,1,6,2,4,0,0,0,0,0,0,225,130,95
15,93,Banswada,Kamareddy,02,Jukkal,571113,0000,VILLAGE,Siddapur,Rural,259,1274,651,623,155,90,65,151,87,64,398,192,206,347,211,136,927,440,487,821,409,412,23,16,7,9,5,4,8,6,2,0,0,0,6,5,1,798,393,405,4,2,2,773,382,391,6,3,3,15,6,9,201,92,109,2,1,1,195,91,104,2,0,2,2,0,2,597,301,296,2,1,1,578,291,287,4,3,1,13,6,7,453,242,211
15,93,Banswada,Kamareddy,02,Jukkal,571114,0000,VILLAGE,Sopur,Rural,187,1023,528,495,152,72,80,294,154,140,0,0,0,403,246,157,620,282,338,590,313,277,584,311,273,403,207,196,144,73,71,5,4,1,32,27,5,6,2,4,1,0,1,2,0,2,0,0,0,3,2,1,5,1,4,1,0,1,2,0,2,0,0,0,2,1,1,1,1,0,0,0,0,0,0,0,0,0,0,1,1,0,433,215,218
15,93,Banswada,Kamareddy,02,Jukkal,571115,0000,VILLAGE,Dongaon,Rural,450,2174,1113,1061,375,191,184,680,368,312,312,148,164,591,372,219,1583,741,842,1214,606,608,1108,581,527,170,151,19,897,401,496,2,2,0,39,27,12,106,25,81,9,3,6,89,20,69,0,0,0,8,2,6,42,12,30,7,3,4,32,8,24,0,0,0,3,1,2,64,13,51,2,0,2,57,12,45,0,0,0,5,1,4,960,507,453
15,93,Banswada,Kamareddy,02,Jukkal,571116,0000,VILLAGE,Wajrakhandi,Rural,294,1403,713,690,208,103,105,203,106,97,0,0,0,539,327,212,864,386,478,803,419,384,529,314,215,129,86,43,301,140,161,9,8,1,90,80,10,274,105,169,5,3,2,249,91,158,1,0,1,19,11,8,247,96,151,4,2,2,227,85,142,1,0,1,15,9,6,27,9,18,1,1,0,22,6,16,0,0,0,4,2,2,600,294,306
15,93,Banswada,Kamareddy,02,Jukkal,571118,0000,VILLAGE,Mailar,Rural,79,373,196,177,62,40,22,185,98,87,0,0,0,124,74,50,249,122,127,178,90,88,43,23,20,13,12,1,18,6,12,4,3,1,8,2,6,135,67,68,0,0,0,130,64,66,1,0,1,4,3,1,133,67,66,0,0,0,129,64,65,1,0,1,3,3,0,2,0,2,0,0,0,1,0,1,0,0,0,1,0,1,195,106,89
15,93,Banswada,Kamareddy,03,Pedda Kodapgal,571119,0000,VILLAGE,Lingampalle,Rural,394,1907,982,925,305,167,138,217,108,109,904,466,438,680,433,247,1227,549,678,1160,577,583,740,365,375,47,29,18,670,321,349,6,2,4,17,13,4,420,212,208,74,69,5,243,114,129,44,13,31,59,16,43,417,211,206,74,69,5,242,114,128,44,13,31,57,15,42,3,1,2,0,0,0,1,0,1,0,0,0,2,1,1,747,405,342
15,93,Banswada,Kamareddy,03,Pedda Kodapgal,571120,0000,VILLAGE,Pocharam,Rural,307,1537,781,756,229,106,123,61,27,34,390,198,192,495,303,192,1042,478,564,667,365,302,648,353,295,91,74,17,494,238,256,3,0,3,60,41,19,19,12,7,1,0,1,5,1,4,0,0,0,13,11,2,17,11,6,1,0,1,5,1,4,0,0,0,11,10,1,2,1,1,0,0,0,0,0,0,0,0,0,2,1,1,870,416,454
15,93,Banswada,Kamareddy,03,Pedda Kodapgal,571121,0000,VILLAGE,Shivapur,Rural,377,1695,957,738,253,127,126,530,279,251,502,331,171,558,435,123,1137,522,615,1064,568,496,744,400,344,33,26,7,671,348,323,0,0,0,40,26,14,320,168,152,1,0,1,306,162,144,0,0,0,13,6,7,315,166,149,1,0,1,303,161,142,0,0,0,11,5,6,5,2,3,0,0,0,3,1,2,0,0,0,2,1,1,631,389,242
15,93,Banswada,Kamareddy,02,Jukkal,571122,0000,VILLAGE,Savargaon,Rural,132,697,356,341,115,54,61,187,95,92,286,146,140,265,179,86,432,177,255,371,202,169,195,170,25,149,136,13,17,7,10,0,0,0,29,27,2,176,32,144,0,0,0,172,29,143,0,0,0,4,3,1,172,31,141,0,0,0,168,28,140,0,0,0,4,3,1,4,1,3,0,0,0,4,1,3,0,0,0,0,0,0,326,154,172
15,93,Banswada,Kamareddy,04,Bichkunda,571123,0000,VILLAGE,Rajola,Rural,286,1318,666,652,146,70,76,335,160,175,2,1,1,688,417,271,630,249,381,638,375,263,624,370,254,175,133,42,387,187,200,0,0,0,62,50,12,14,5,9,1,0,1,8,2,6,0,0,0,5,3,2,14,5,9,1,0,1,8,2,6,0,0,0,5,3,2,0,0,0,0,0,0,0,0,0,0,0,0,0,0,0,680,291,389
15,93,Banswada,Kamareddy,04,Bichkunda,571124,0000,VILLAGE,Misankallali,Rural,313,1397,720,677,157,80,77,201,95,106,0,0,0,648,399,249,749,321,428,819,438,381,742,437,305,347,181,166,363,237,126,4,3,1,28,16,12,77,1,76,0,0,0,77,1,76,0,0,0,0,0,0,77,1,76,0,0,0,77,1,76,0,0,0,0,0,0,0,0,0,0,0,0,0,0,0,0,0,0,0,0,0,578,282,296
15,93,Banswada,Kamareddy,04,Bichkunda,571125,0000,VILLAGE,Gundekalloor,Rural,226,970,492,478,138,74,64,277,136,141,0,0,0,380,221,159,590,271,319,488,253,235,277,147,130,106,55,51,147,73,74,4,2,2,20,17,3,211,106,105,2,1,1,206,104,102,0,0,0,3,1,2,211,106,105,2,1,1,206,104,102,0,0,0,3,1,2,0,0,0,0,0,0,0,0,0,0,0,0,0,0,0,482,239,243
15,93,Banswada,Kamareddy,04,Bichkunda,571126,0000,VILLAGE,Khatgaon,Rural,323,1588,820,768,210,121,89,411,211,200,113,53,60,831,487,344,757,333,424,834,469,365,825,463,362,203,136,67,488,221,267,9,9,0,125,97,28,9,6,3,0,0,0,2,1,1,2,1,1,5,4,1,7,4,3,0,0,0,2,1,1,1,0,1,4,3,1,2,2,0,0,0,0,0,0,0,1,1,0,1,1,0,754,351,403
15,93,Banswada,Kamareddy,04,Bichkunda,571127,0000,VILLAGE,Shetloor,Rural,264,1107,546,561,130,59,71,308,143,165,82,42,40,501,304,197,606,242,364,593,315,278,536,298,238,104,77,27,358,162,196,10,7,3,64,52,12,57,17,40,36,8,28,10,0,10,1,1,0,10,8,2,38,11,27,21,3,18,7,0,7,1,1,0,9,7,2,19,6,13,15,5,10,3,0,3,0,0,0,1,1,0,514,231,283
15,93,Banswada,Kamareddy,04,Bichkunda,571128,0000,VILLAGE,Meka,Rural,95,455,231,224,77,34,43,37,18,19,0,0,0,212,130,82,243,101,142,158,124,34,114,102,12,34,30,4,31,26,5,0,0,0,49,46,3,44,22,22,1,1,0,36,15,21,1,1,0,6,5,1,32,17,15,0,0,0,26,12,14,1,1,0,5,4,1,12,5,7,1,1,0,10,3,7,0,0,0,1,1,0,297,107,190
15,93,Banswada,Kamareddy,04,Bichkunda,571129,0000,VILLAGE,Husgul,Rural,634,3190,1584,1606,413,198,215,294,151,143,0,0,0,1668,938,730,1522,646,876,1456,864,592,772,542,230,214,178,36,333,179,154,8,5,3,217,180,37,684,322,362,15,9,6,468,235,233,7,4,3,194,74,120,556,286,270,10,7,3,368,215,153,6,4,2,172,60,112,128,36,92,5,2,3,100,20,80,1,0,1,22,14,8,1734,720,1014
15,93,Banswada,Kamareddy,04,Bichkunda,571130,0000,VILLAGE,Sirsamundar,Rural,147,699,344,355,80,44,36,168,84,84,0,0,0,292,177,115,407,167,240,382,200,182,348,180,168,66,39,27,243,116,127,0,0,0,39,25,14,34,20,14,1,1,0,19,10,9,0,0,0,14,9,5,32,18,14,1,1,0,19,10,9,0,0,0,12,7,5,2,2,0,0,0,0,0,0,0,0,0,0,2,2,0,317,144,173
15,93,Banswada,Kamareddy,04,Bichkunda,571131,0000,VILLAGE,Gopanpalle,Rural,298,1325,640,685,143,63,80,232,111,121,0,0,0,680,386,294,645,254,391,710,360,350,421,263,158,114,103,11,207,72,135,1,1,0,99,87,12,289,97,192,3,2,1,268,88,180,9,2,7,9,5,4,278,91,187,2,1,1,262,85,177,5,0,5,9,5,4,11,6,5,1,1,0,6,3,3,4,2,2,0,0,0,615,280,335
15,93,Banswada,Kamareddy,04,Bichkunda,571132,0000,VILLAGE,Bichkunda,Rural,2951,13213,6625,6588,1573,832,741,1489,731,758,603,313,290,7592,4296,3296,5621,2329,3292,5679,3537,2142,3766,2648,1118,333,265,68,1238,580,658,109,74,35,2086,1729,357,1913,889,1024,63,49,14,1327,524,803,85,29,56,438,287,151,1324,598,726,62,48,14,903,335,568,40,12,28,319,203,116,589,291,298,1,1,0,424,189,235,45,17,28,119,84,35,7534,3088,4446
15,93,Banswada,Kamareddy,04,Bichkunda,571133,0000,VILLAGE,Kandarpalle,Rural,237,1035,515,520,115,49,66,328,170,158,15,10,5,505,310,195,530,205,325,504,294,210,395,254,141,62,61,1,265,135,130,0,0,0,68,58,10,109,40,69,1,1,0,98,32,66,0,0,0,10,7,3,108,39,69,1,1,0,97,31,66,0,0,0,10,7,3,1,1,0,0,0,0,1,1,0,0,0,0,0,0,0,531,221,310
15,93,Banswada,Kamareddy,04,Bichkunda,571134,0000,VILLAGE,Fathlapur,Rural,344,1657,818,839,208,119,89,375,186,189,59,28,31,766,444,322,891,374,517,924,480,444,774,415,359,97,80,17,623,290,333,16,12,4,38,33,5,150,65,85,16,2,14,57,17,40,14,8,6,63,38,25,140,61,79,16,2,14,51,15,36,12,8,4,61,36,25,10,4,6,0,0,0,6,2,4,2,0,2,2,2,0,733,338,395
15,93,Banswada,Kamareddy,04,Bichkunda,571135,0000,VILLAGE,Dowlathapur,Rural,84,399,199,200,46,28,18,29,12,17,0,0,0,149,82,67,250,117,133,233,120,113,231,120,111,51,50,1,175,67,108,0,0,0,5,3,2,2,0,2,0,0,0,2,0,2,0,0,0,0,0,0,2,0,2,0,0,0,2,0,2,0,0,0,0,0,0,0,0,0,0,0,0,0,0,0,0,0,0,0,0,0,166,79,87
15,93,Banswada,Kamareddy,04,Bichkunda,571137,0000,VILLAGE,Chinna Dhadgi,Rural,183,917,458,459,98,57,41,128,63,65,0,0,0,421,252,169,496,206,290,537,269,268,350,210,140,83,69,14,221,103,118,7,6,1,39,32,7,187,59,128,0,0,0,178,56,122,4,2,2,5,1,4,185,59,126,0,0,0,178,56,122,4,2,2,3,1,2,2,0,2,0,0,0,0,0,0,0,0,0,2,0,2,380,189,191
15,93,Banswada,Kamareddy,04,Bichkunda,571138,0000,VILLAGE,Chinnadevada,Rural,253,1048,513,535,120,56,64,174,90,84,0,0,0,466,275,191,582,238,344,561,296,265,188,117,71,134,68,66,4,3,1,9,7,2,41,39,2,373,179,194,25,18,7,343,156,187,2,2,0,3,3,0,371,179,192,24,18,6,342,156,186,2,2,0,3,3,0,2,0,2,1,0,1,1,0,1,0,0,0,0,0,0,487,217,270
15,93,Banswada,Kamareddy,04,Bichkunda,571139,0000,VILLAGE,Pedda Devada,Rural,228,1064,531,533,120,60,60,266,130,136,0,0,0,517,325,192,547,206,341,584,308,276,221,145,76,150,86,64,3,2,1,2,2,0,66,55,11,363,163,200,8,4,4,344,150,194,3,1,2,8,8,0,362,162,200,7,3,4,344,150,194,3,1,2,8,8,0,1,1,0,1,1,0,0,0,0,0,0,0,0,0,0,480,223,257
15,93,Banswada,Kamareddy,04,Bichkunda,571140,0000,VILLAGE,Pedda Dhadgi,Rural,418,1881,955,926,257,140,117,289,143,146,127,65,62,806,497,309,1075,458,617,1047,571,476,796,538,258,317,248,69,364,198,166,21,17,4,94,75,19,251,33,218,1,0,1,242,30,212,3,1,2,5,2,3,239,24,215,1,0,1,231,22,209,2,0,2,5,2,3,12,9,3,0,0,0,11,8,3,1,1,0,0,0,0,834,384,450
15,93,Banswada,Kamareddy,04,Bichkunda,571141,0000,VILLAGE,Pulkal,Rural,1208,5091,2488,2603,662,319,343,596,272,324,481,242,239,2057,1190,867,3034,1298,1736,2672,1400,1272,1756,1082,674,690,407,283,774,442,332,66,43,23,226,190,36,916,318,598,71,25,46,768,261,507,34,13,21,43,19,24,863,305,558,70,25,45,719,250,469,34,13,21,40,17,23,53,13,40,1,0,1,49,11,38,0,0,0,3,2,1,2419,1088,1331
15,93,Banswada,Kamareddy,04,Bichkunda,571142,0000,VILLAGE,Wajidnagar,Rural,628,2765,1347,1418,289,135,154,407,197,210,0,0,0,1298,781,517,1467,566,901,1527,811,716,1447,766,681,323,190,133,873,400,473,53,16,37,198,160,38,80,45,35,11,7,4,52,26,26,3,0,3,14,12,2,53,29,24,7,5,2,33,15,18,2,0,2,11,9,2,27,16,11,4,2,2,19,11,8,1,0,1,3,3,0,1238,536,702
15,93,Banswada,Kamareddy,04,Bichkunda,571143,0000,VILLAGE,Gundenemali,Rural,295,1323,659,664,171,91,80,277,147,130,1,0,1,574,348,226,749,311,438,665,374,291,437,284,153,136,114,22,218,100,118,16,14,2,67,56,11,228,90,138,2,0,2,221,88,133,1,1,0,4,1,3,218,87,131,2,0,2,214,86,128,1,1,0,1,0,1,10,3,7,0,0,0,7,2,5,0,0,0,3,1,2,658,285,373
15,93,Banswada,Kamareddy,04,Bichkunda,571144,0000,VILLAGE,Bandaranjal,Rural,535,2399,1177,1222,268,133,135,264,123,141,132,66,66,976,570,406,1423,607,816,1198,643,555,1025,558,467,246,207,39,610,222,388,2,2,0,167,127,40,173,85,88,22,18,4,126,50,76,1,1,0,24,16,8,148,67,81,18,14,4,112,42,70,0,0,0,18,11,7,25,18,7,4,4,0,14,8,6,1,1,0,6,5,1,1201,534,667
15,93,Banswada,Kamareddy,04,Bichkunda,571145,0000,VILLAGE,Rajapur,Rural,198,870,449,421,144,80,64,207,113,94,63,29,34,404,249,155,466,200,266,608,312,296,605,312,293,300,291,9,296,16,280,0,0,0,9,5,4,3,0,3,0,0,0,3,0,3,0,0,0,0,0,0,3,0,3,0,0,0,3,0,3,0,0,0,0,0,0,0,0,0,0,0,0,0,0,0,0,0,0,0,0,0,262,137,125
15,93,Banswada,Kamareddy,03,Pedda Kodapgal,571147,0000,VILLAGE,Tupdal (Kowlasa),Rural,71,284,146,138,29,15,14,106,53,53,0,0,0,152,98,54,132,48,84,167,88,79,163,86,77,3,3,0,141,76,65,9,1,8,10,6,4,4,2,2,0,0,0,1,0,1,1,0,1,2,2,0,1,1,0,0,0,0,0,0,0,0,0,0,1,1,0,3,1,2,0,0,0,1,0,1,1,0,1,1,1,0,117,58,59
15,93,Banswada,Kamareddy,04,Bichkunda,571148,0000,VILLAGE,Pedda Takkadapalle,Rural,199,899,430,469,109,58,51,205,88,117,0,0,0,418,240,178,481,190,291,479,242,237,474,240,234,12,10,2,410,199,211,11,3,8,41,28,13,5,2,3,0,0,0,0,0,0,4,1,3,1,1,0,4,2,2,0,0,0,0,0,0,3,1,2,1,1,0,1,0,1,0,0,0,0,0,0,1,0,1,0,0,0,420,188,232
15,93,Banswada,Kamareddy,03,Pedda Kodapgal,571149,0000,VILLAGE,Jaganathpally,Rural,90,420,217,203,90,50,40,0,0,0,15,8,7,90,63,27,330,154,176,216,116,100,156,88,68,56,33,23,74,35,39,0,0,0,26,20,6,60,28,32,1,0,1,53,26,27,0,0,0,6,2,4,60,28,32,1,0,1,53,26,27,0,0,0,6,2,4,0,0,0,0,0,0,0,0,0,0,0,0,0,0,0,204,101,103
15,93,Banswada,Kamareddy,03,Pedda Kodapgal,571150,0000,VILLAGE,Chinna Takkadpalle,Rural,191,937,474,463,126,76,50,157,72,85,0,0,0,408,252,156,529,222,307,566,296,270,563,295,268,199,101,98,305,147,158,2,1,1,57,46,11,3,1,2,0,0,0,3,1,2,0,0,0,0,0,0,3,1,2,0,0,0,3,1,2,0,0,0,0,0,0,0,0,0,0,0,0,0,0,0,0,0,0,0,0,0,371,178,193
15,93,Banswada,Kamareddy,04,Bichkunda,571151,0000,VILLAGE,Manyapur,Rural,151,737,360,377,95,42,53,93,46,47,0,0,0,276,163,113,461,197,264,410,204,206,167,92,75,112,59,53,3,2,1,41,26,15,11,5,6,243,112,131,5,3,2,201,88,113,21,11,10,16,10,6,222,101,121,3,3,0,201,88,113,11,6,5,7,4,3,21,11,10,2,0,2,0,0,0,10,5,5,9,6,3,327,156,171
15,93,Banswada,Kamareddy,04,Bichkunda,571152,0000,VILLAGE,Seetharampalle,Rural,209,961,487,474,126,64,62,155,80,75,161,82,79,350,211,139,611,276,335,544,285,259,544,285,259,208,134,74,332,147,185,0,0,0,4,4,0,0,0,0,0,0,0,0,0,0,0,0,0,0,0,0,0,0,0,0,0,0,0,0,0,0,0,0,0,0,0,0,0,0,0,0,0,0,0,0,0,0,0,0,0,0,417,202,215
15,93,Banswada,Kamareddy,04,Bichkunda,571153,0000,VILLAGE,Shanthapur,Rural,557,2310,1156,1154,256,132,124,500,239,261,12,8,4,1010,610,400,1300,546,754,1258,679,579,1149,649,500,153,93,60,881,462,419,30,23,7,85,71,14,109,30,79,8,2,6,78,21,57,13,2,11,10,5,5,94,26,68,7,2,5,65,17,48,13,2,11,9,5,4,15,4,11,1,0,1,13,4,9,0,0,0,1,0,1,1052,477,575
15,93,Banswada,Kamareddy,03,Pedda Kodapgal,571155,0000,VILLAGE,Pedda Kodapgal,Rural,888,3763,1889,1874,475,239,236,588,292,296,19,12,7,1798,1124,674,1965,765,1200,1893,1022,871,1519,842,677,262,186,76,932,408,524,39,30,9,286,218,68,374,180,194,8,6,2,314,136,178,7,2,5,45,36,9,358,174,184,8,6,2,300,132,168,7,2,5,43,34,9,16,6,10,0,0,0,14,4,10,0,0,0,2,2,0,1870,867,1003
15,93,Banswada,Kamareddy,03,Pedda Kodapgal,571156,0000,VILLAGE,Burugpalle,Rural,204,1205,614,591,168,73,95,323,169,154,306,154,152,359,236,123,846,378,468,746,382,364,417,266,151,399,255,144,5,4,1,4,4,0,9,3,6,329,116,213,4,3,1,284,99,185,25,9,16,16,5,11,326,115,211,3,2,1,284,99,185,24,9,15,15,5,10,3,1,2,1,1,0,0,0,0,1,0,1,1,0,1,459,232,227
15,93,Banswada,Kamareddy,03,Pedda Kodapgal,571157,0000,VILLAGE,Wadlam,Rural,441,2541,1329,1212,413,216,197,271,150,121,702,375,327,888,585,303,1653,744,909,1348,686,662,1091,612,479,762,440,322,284,135,149,2,2,0,43,35,8,257,74,183,0,0,0,244,68,176,4,2,2,9,4,5,250,72,178,0,0,0,243,68,175,3,1,2,4,3,1,7,2,5,0,0,0,1,0,1,1,1,0,5,1,4,1193,643,550
15,93,Banswada,Kamareddy,03,Pedda Kodapgal,571158,0000,VILLAGE,Anjani,Rural,207,1426,683,743,246,110,136,142,64,78,178,84,94,521,317,204,905,366,539,713,339,374,698,332,366,23,13,10,664,311,353,6,4,2,5,4,1,15,7,8,0,0,0,10,6,4,3,1,2,2,0,2,14,6,8,0,0,0,9,5,4,3,1,2,2,0,2,1,1,0,0,0,0,1,1,0,0,0,0,0,0,0,713,344,369
15,93,Banswada,Kamareddy,03,Pedda Kodapgal,571159,0000,VILLAGE,Kheslabad,Rural,408,1980,972,1008,302,156,146,317,152,165,122,60,62,765,458,307,1215,514,701,1087,549,538,1056,534,522,668,331,337,244,104,140,1,0,1,143,99,44,31,15,16,4,0,4,16,8,8,0,0,0,11,7,4,30,14,16,4,0,4,16,8,8,0,0,0,10,6,4,1,1,0,0,0,0,0,0,0,0,0,0,1,1,0,893,423,470
15,93,Banswada,Kamareddy,03,Pedda Kodapgal,571160,0000,VILLAGE,Begampur,Rural,194,870,436,434,98,52,46,0,0,0,175,84,91,388,254,134,482,182,300,502,254,248,366,190,176,77,43,34,259,120,139,8,7,1,22,20,2,136,64,72,7,2,5,91,40,51,1,0,1,37,22,15,84,40,44,4,1,3,58,24,34,1,0,1,21,15,6,52,24,28,3,1,2,33,16,17,0,0,0,16,7,9,368,182,186
15,93,Banswada,Kamareddy,05,Birkoor,571162,0000,VILLAGE,Barangedgi,Rural,615,2540,1255,1285,283,153,130,442,222,220,2,0,2,1243,721,522,1297,534,763,1392,733,659,1190,632,558,371,237,134,685,305,380,42,24,18,92,66,26,202,101,101,4,2,2,188,94,94,1,0,1,9,5,4,190,97,93,1,1,0,179,91,88,1,0,1,9,5,4,12,4,8,3,1,2,9,3,6,0,0,0,0,0,0,1148,522,626
15,93,Banswada,Kamareddy,05,Birkoor,571163,0000,VILLAGE,Shambapur,Rural,55,250,128,122,33,16,17,43,26,17,142,74,68,119,76,43,131,52,79,130,67,63,24,16,8,14,9,5,8,5,3,0,0,0,2,2,0,106,51,55,0,0,0,106,51,55,0,0,0,0,0,0,106,51,55,0,0,0,106,51,55,0,0,0,0,0,0,0,0,0,0,0,0,0,0,0,0,0,0,0,0,0,120,61,59
15,93,Banswada,Kamareddy,05,Birkoor,571164,0000,VILLAGE,Mallapur,Rural,101,386,179,207,53,25,28,133,55,78,16,8,8,100,55,45,286,124,162,251,120,131,251,120,131,2,1,1,244,117,127,3,1,2,2,1,1,0,0,0,0,0,0,0,0,0,0,0,0,0,0,0,0,0,0,0,0,0,0,0,0,0,0,0,0,0,0,0,0,0,0,0,0,0,0,0,0,0,0,0,0,0,135,59,76
15,93,Banswada,Kamareddy,05,Birkoor,571165,0000,VILLAGE,Bairapur,Rural,382,1605,786,819,167,95,72,297,138,159,23,10,13,735,432,303,870,354,516,800,467,333,713,402,311,209,143,66,438,210,228,18,14,4,48,35,13,87,65,22,3,2,1,80,61,19,2,1,1,2,1,1,57,46,11,3,2,1,52,44,8,1,0,1,1,0,1,30,19,11,0,0,0,28,17,11,1,1,0,1,1,0,805,319,486
15,93,Banswada,Kamareddy,06,Nasurullabad,571166,0000,VILLAGE,Boppaspalle,Rural,170,874,444,430,119,63,56,32,16,16,682,344,338,356,220,136,518,224,294,450,215,235,27,21,6,1,1,0,0,0,0,7,5,2,19,15,4,423,194,229,22,18,4,392,170,222,3,1,2,6,5,1,422,194,228,22,18,4,392,170,222,3,1,2,5,5,0,1,0,1,0,0,0,0,0,0,0,0,0,1,0,1,424,229,195
15,93,Banswada,Kamareddy,06,Nasurullabad,571167,0000,VILLAGE,Mylaram,Rural,684,2891,1374,1517,403,195,208,496,227,269,808,383,425,1310,757,553,1581,617,964,1458,763,695,853,616,237,486,401,85,229,125,104,26,11,15,112,79,33,605,147,458,57,9,48,502,118,384,13,0,13,33,20,13,603,147,456,57,9,48,500,118,382,13,0,13,33,20,13,2,0,2,0,0,0,2,0,2,0,0,0,0,0,0,1433,611,822
15,93,Banswada,Kamareddy,06,Nasurullabad,571168,0000,VILLAGE,Nasurullabad,Rural,650,2681,1333,1348,310,169,141,424,211,213,92,40,52,1481,855,626,1200,478,722,1397,772,625,577,509,68,157,151,6,109,98,11,2,2,0,309,258,51,820,263,557,15,11,4,663,199,464,3,0,3,139,53,86,542,136,406,11,8,3,410,85,325,2,0,2,119,43,76,278,127,151,4,3,1,253,114,139,1,0,1,20,10,10,1284,561,723
15,93,Banswada,Kamareddy,06,Nasurullabad,571169,0000,VILLAGE,Namli,Rural,511,2052,962,1090,234,109,125,333,146,187,0,0,0,996,584,412,1056,378,678,978,540,438,644,389,255,142,105,37,319,165,154,44,19,25,139,100,39,334,151,183,0,0,0,305,141,164,4,2,2,25,8,17,320,140,180,0,0,0,300,138,162,2,0,2,18,2,16,14,11,3,0,0,0,5,3,2,2,2,0,7,6,1,1074,422,652
15,93,Banswada,Kamareddy,06,Nasurullabad,571171,0000,VILLAGE,Bommandevapalle,Rural,605,2529,1185,1344,279,140,139,364,159,205,56,25,31,1029,589,440,1500,596,904,1295,695,600,1172,645,527,312,268,44,710,285,425,56,23,33,94,69,25,123,50,73,2,1,1,67,21,46,23,6,17,31,22,9,108,46,62,2,1,1,60,21,39,18,5,13,28,19,9,15,4,11,0,0,0,7,0,7,5,1,4,3,3,0,1234,490,744
15,93,Banswada,Kamareddy,06,Nasurullabad,571173,0000,VILLAGE,Hajipur,Rural,202,963,471,492,130,66,64,117,52,65,492,247,245,295,187,108,668,284,384,513,255,258,481,247,234,277,155,122,161,58,103,3,2,1,40,32,8,32,8,24,7,2,5,24,5,19,0,0,0,1,1,0,27,6,21,5,1,4,21,4,17,0,0,0,1,1,0,5,2,3,2,1,1,3,1,2,0,0,0,0,0,0,450,216,234
15,93,Banswada,Kamareddy,06,Nasurullabad,571175,0000,VILLAGE,Sangam,Rural,569,2520,1259,1261,420,222,198,279,134,145,1877,945,932,805,518,287,1715,741,974,1424,690,734,1377,681,696,428,409,19,835,196,639,21,14,7,93,62,31,47,9,38,4,3,1,42,6,36,0,0,0,1,0,1,46,8,38,4,3,1,41,5,36,0,0,0,1,0,1,1,1,0,0,0,0,1,1,0,0,0,0,0,0,0,1096,569,527
15,93,Banswada,Kamareddy,06,Nasurullabad,571176,0000,VILLAGE,Ankole,Rural,602,2593,1248,1345,353,174,179,190,82,108,1512,734,778,1065,674,391,1528,574,954,1272,638,634,953,507,446,480,272,208,313,126,187,20,9,11,140,100,40,319,131,188,37,29,8,260,89,171,7,4,3,15,9,6,84,28,56,14,10,4,54,9,45,4,2,2,12,7,5,235,103,132,23,19,4,206,80,126,3,2,1,3,2,1,1321,610,711
15,93,Banswada,Kamareddy,06,Nasurullabad,571177,0000,VILLAGE,Baswaipalle,Rural,215,906,466,440,103,58,45,98,52,46,11,6,5,511,291,220,395,175,220,460,275,185,442,266,176,28,24,4,321,180,141,13,6,7,80,56,24,18,9,9,1,1,0,5,2,3,4,3,1,8,3,5,16,9,7,1,1,0,5,2,3,4,3,1,6,3,3,2,0,2,0,0,0,0,0,0,0,0,0,2,0,2,446,191,255
15,93,Banswada,Kamareddy,06,Nasurullabad,571178,0000,VILLAGE,Kamshetpalle,Rural,134,528,245,283,58,31,27,84,36,48,0,0,0,270,147,123,258,98,160,251,133,118,237,122,115,13,12,1,157,68,89,7,3,4,60,39,21,14,11,3,0,0,0,1,0,1,0,0,0,13,11,2,11,9,2,0,0,0,1,0,1,0,0,0,10,9,1,3,2,1,0,0,0,0,0,0,0,0,0,3,2,1,277,112,165
15,93,Banswada,Kamareddy,06,Nasurullabad,571179,0000,VILLAGE,Nachepalle,Rural,551,2092,1015,1077,249,122,127,427,200,227,444,228,216,933,557,376,1159,458,701,1148,576,572,807,453,354,343,253,90,369,134,235,8,5,3,87,61,26,341,123,218,13,7,6,297,102,195,14,7,7,17,7,10,313,112,201,8,6,2,294,102,192,5,1,4,6,3,3,28,11,17,5,1,4,3,0,3,9,6,3,11,4,7,944,439,505
15,93,Banswada,Kamareddy,06,Nasurullabad,571180,0000,VILLAGE,Mirzapur,Rural,534,2165,1070,1095,206,110,96,383,196,187,18,12,6,1025,618,407,1140,452,688,1193,618,575,872,500,372,412,250,162,297,138,159,14,10,4,149,102,47,321,118,203,9,3,6,284,106,178,2,0,2,26,9,17,314,115,199,9,3,6,279,103,176,2,0,2,24,9,15,7,3,4,0,0,0,5,3,2,0,0,0,2,0,2,972,452,520
15,93,Banswada,Kamareddy,05,Birkoor,571181,0000,VILLAGE,Timmapur,Rural,468,1817,897,920,231,125,106,119,56,63,510,256,254,923,518,405,894,379,515,861,509,352,764,471,293,269,240,29,402,165,237,26,17,9,67,49,18,97,38,59,7,5,2,84,32,52,2,0,2,4,1,3,96,37,59,7,5,2,83,31,52,2,0,2,4,1,3,1,1,0,0,0,0,1,1,0,0,0,0,0,0,0,956,388,568
15,93,Banswada,Kamareddy,05,Birkoor,571182,0000,VILLAGE,Birkoor,Rural,1880,8043,3945,4098,904,458,446,1006,502,504,381,188,193,4025,2242,1783,4018,1703,2315,3799,2208,1591,2432,1705,727,813,725,88,1028,526,502,70,49,21,521,405,116,1367,503,864,71,20,51,1094,409,685,94,14,80,108,60,48,1222,476,746,47,18,29,1002,398,604,80,10,70,93,50,43,145,27,118,24,2,22,92,11,81,14,4,10,15,10,5,4244,1737,2507
15,93,Banswada,Kamareddy,05,Birkoor,571183,0000,VILLAGE,Kishtapur,Rural,718,2826,1364,1462,312,168,144,421,202,219,2,1,1,1143,674,469,1683,690,993,1546,803,743,1366,773,593,488,421,67,695,215,480,70,42,28,113,95,18,180,30,150,12,3,9,156,22,134,0,0,0,12,5,7,175,29,146,11,3,8,154,22,132,0,0,0,10,4,6,5,1,4,1,0,1,2,0,2,0,0,0,2,1,1,1280,561,719
15,93,Banswada,Kamareddy,05,Birkoor,571184,0000,VILLAGE,Chincholi,Rural,236,975,480,495,131,68,63,211,111,100,2,1,1,451,271,180,524,209,315,500,262,238,455,261,194,206,159,47,197,62,135,3,2,1,49,38,11,45,1,44,0,0,0,43,1,42,1,0,1,1,0,1,45,1,44,0,0,0,43,1,42,1,0,1,1,0,1,0,0,0,0,0,0,0,0,0,0,0,0,0,0,0,475,218,257
15,93,Banswada,Kamareddy,05,Birkoor,571186,0000,VILLAGE,Pedda Damaracha,Rural,478,2149,1072,1077,220,119,101,223,112,111,0,0,0,1038,626,412,1111,446,665,855,590,265,702,531,171,536,439,97,111,45,66,5,4,1,50,43,7,153,59,94,4,1,3,122,42,80,18,13,5,9,3,6,34,17,17,4,1,3,4,1,3,18,13,5,8,2,6,119,42,77,0,0,0,118,41,77,0,0,0,1,1,0,1294,482,812
15,93,Banswada,Kamareddy,05,Birkoor,571187,0000,VILLAGE,Chinna Annaram,Rural,379,1399,671,728,142,68,74,145,76,69,0,0,0,750,417,333,649,254,395,647,368,279,379,283,96,118,96,22,146,102,44,12,7,5,103,78,25,268,85,183,1,0,1,254,80,174,1,0,1,12,5,7,209,61,148,1,0,1,197,56,141,1,0,1,10,5,5,59,24,35,0,0,0,57,24,33,0,0,0,2,0,2,752,303,449
15,93,Banswada,Kamareddy,05,Birkoor,571188,0000,VILLAGE,Veerapur,Rural,370,1562,760,802,188,97,91,431,212,219,21,9,12,701,409,292,861,351,510,806,421,385,591,376,215,29,27,2,469,270,199,4,2,2,89,77,12,215,45,170,2,0,2,199,40,159,0,0,0,14,5,9,211,45,166,2,0,2,197,40,157,0,0,0,12,5,7,4,0,4,0,0,0,2,0,2,0,0,0,2,0,2,756,339,417
15,93,Banswada,Kamareddy,06,Nasurullabad,571191,0000,VILLAGE,Durki,Rural,999,4045,1941,2104,421,208,213,370,168,202,0,0,0,1932,1105,827,2113,836,1277,2034,1128,906,1020,680,340,231,219,12,626,338,288,33,10,23,130,113,17,1014,448,566,35,28,7,830,349,481,50,9,41,99,62,37,926,404,522,29,23,6,773,321,452,39,6,33,85,54,31,88,44,44,6,5,1,57,28,29,11,3,8,14,8,6,2011,813,1198
15,91,Kamareddy,Kamareddy,19,Ramareddy,571277,0000,VILLAGE,Maddikunta,Rural,566,2374,1201,1173,210,116,94,605,289,316,7,3,4,1154,714,440,1220,487,733,1413,711,702,973,506,467,731,401,330,79,41,38,93,14,79,70,50,20,440,205,235,117,65,52,168,90,78,112,20,92,43,30,13,137,57,80,52,26,26,42,18,24,26,1,25,17,12,5,303,148,155,65,39,26,126,72,54,86,19,67,26,18,8,961,490,471
15,91,Kamareddy,Kamareddy,19,Ramareddy,571278,0000,VILLAGE,Reddipet,Rural,1519,6591,3241,3350,758,404,354,696,338,358,2322,1177,1145,2986,1776,1210,3605,1465,2140,3550,1759,1791,2919,1477,1442,1300,788,512,765,387,378,278,23,255,576,279,297,631,282,349,32,19,13,500,224,276,11,2,9,88,37,51,327,151,176,29,16,13,267,120,147,7,0,7,24,15,9,304,131,173,3,3,0,233,104,129,4,2,2,64,22,42,3041,1482,1559
15,91,Kamareddy,Kamareddy,19,Ramareddy,571279,0000,VILLAGE,Annaram,Rural,891,4000,1849,2151,409,200,209,874,422,452,574,282,292,1710,976,734,2290,873,1417,2242,1070,1172,1871,924,947,635,370,265,622,346,276,470,100,370,144,108,36,371,146,225,30,14,16,192,91,101,117,19,98,32,22,10,320,130,190,24,11,13,180,85,95,87,13,74,29,21,8,51,16,35,6,3,3,12,6,6,30,6,24,3,1,2,1758,779,979
15,91,Kamareddy,Kamareddy,20,Machareddy,571280,0000,VILLAGE,Yellampet,Rural,749,3256,1597,1659,514,260,254,158,75,83,2315,1125,1190,1130,707,423,2126,890,1236,1758,831,927,1057,731,326,798,597,201,141,53,88,21,4,17,97,77,20,701,100,601,107,23,84,567,65,502,3,0,3,24,12,12,580,71,509,100,18,82,463,46,417,2,0,2,15,7,8,121,29,92,7,5,2,104,19,85,1,0,1,9,5,4,1498,766,732
15,91,Kamareddy,Kamareddy,20,Machareddy,571281,0000,VILLAGE,Somarampet,Rural,1132,5046,2517,2529,573,311,262,339,172,167,3112,1556,1556,1883,1111,772,3163,1406,1757,2635,1306,1329,2590,1293,1297,1815,944,871,454,247,207,212,26,186,109,76,33,45,13,32,13,4,9,12,2,10,2,1,1,18,6,12,38,12,26,9,4,5,10,2,8,1,0,1,18,6,12,7,1,6,4,0,4,2,0,2,1,1,0,0,0,0,2411,1211,1200
15,91,Kamareddy,Kamareddy,20,Machareddy,571282,0000,VILLAGE,Tadkapalle,Rural,89,434,209,225,75,35,40,2,1,1,368,173,195,117,65,52,317,144,173,254,129,125,254,129,125,251,126,125,2,2,0,0,0,0,1,1,0,0,0,0,0,0,0,0,0,0,0,0,0,0,0,0,0,0,0,0,0,0,0,0,0,0,0,0,0,0,0,0,0,0,0,0,0,0,0,0,0,0,0,0,0,0,180,80,100
15,91,Kamareddy,Kamareddy,20,Machareddy,571283,0000,VILLAGE,Rajkhanpet,Rural,79,322,153,169,23,8,15,54,24,30,13,6,7,168,95,73,154,58,96,205,101,104,203,100,103,201,100,101,0,0,0,0,0,0,2,0,2,2,1,1,2,1,1,0,0,0,0,0,0,0,0,0,1,1,0,1,1,0,0,0,0,0,0,0,0,0,0,1,0,1,1,0,1,0,0,0,0,0,0,0,0,0,117,52,65
15,91,Kamareddy,Kamareddy,20,Machareddy,571284,0000,VILLAGE,Akkapur,Rural,364,1519,750,769,124,64,60,387,187,200,0,0,0,758,456,302,761,294,467,867,454,413,850,450,400,389,238,151,268,149,119,155,34,121,38,29,9,17,4,13,5,2,3,4,1,3,4,0,4,4,1,3,15,3,12,5,2,3,2,0,2,4,0,4,4,1,3,2,1,1,0,0,0,2,1,1,0,0,0,0,0,0,652,296,356
15,91,Kamareddy,Kamareddy,20,Machareddy,571285,0000,VILLAGE,Machareddy,Rural,1173,5053,2477,2576,563,288,275,488,245,243,556,274,282,2644,1544,1100,2409,933,1476,2657,1443,1214,1762,1053,709,332,219,113,414,251,163,38,10,28,978,573,405,895,390,505,16,10,6,502,289,213,123,6,117,254,85,169,852,357,495,11,5,6,489,282,207,122,6,116,230,64,166,43,33,10,5,5,0,13,7,6,1,0,1,24,21,3,2396,1034,1362
15,91,Kamareddy,Kamareddy,20,Machareddy,571286,0000,VILLAGE,Antampalle,Rural,35,168,87,81,17,10,7,0,0,0,0,0,0,70,50,20,98,37,61,102,56,46,102,56,46,0,0,0,94,56,38,8,0,8,0,0,0,0,0,0,0,0,0,0,0,0,0,0,0,0,0,0,0,0,0,0,0,0,0,0,0,0,0,0,0,0,0,0,0,0,0,0,0,0,0,0,0,0,0,0,0,0,66,31,35
15,91,Kamareddy,Kamareddy,24,Palwancha,571287,0000,VILLAGE,Issaipet,Rural,694,2972,1431,1541,267,143,124,597,265,332,24,14,10,1349,772,577,1623,659,964,1644,807,837,1599,792,807,164,132,32,1070,580,490,261,31,230,104,49,55,45,15,30,0,0,0,32,11,21,5,2,3,8,2,6,32,10,22,0,0,0,25,9,16,3,0,3,4,1,3,13,5,8,0,0,0,7,2,5,2,2,0,4,1,3,1328,624,704
15,91,Kamareddy,Kamareddy,19,Ramareddy,571288,0000,VILLAGE,Ghanpur (R),Rural,60,252,115,137,39,19,20,48,22,26,203,93,110,91,54,37,161,61,100,134,57,77,134,57,77,63,27,36,66,27,39,1,0,1,4,3,1,0,0,0,0,0,0,0,0,0,0,0,0,0,0,0,0,0,0,0,0,0,0,0,0,0,0,0,0,0,0,0,0,0,0,0,0,0,0,0,0,0,0,0,0,0,118,58,60
15,91,Kamareddy,Kamareddy,24,Palwancha,571289,0000,VILLAGE,Singraipalle,Rural,323,1202,571,631,123,64,59,154,70,84,0,0,0,593,351,242,609,220,389,720,350,370,677,335,342,295,179,116,130,77,53,170,13,157,82,66,16,43,15,28,2,2,0,7,2,5,19,3,16,15,8,7,31,10,21,2,2,0,1,1,0,19,3,16,9,4,5,12,5,7,0,0,0,6,1,5,0,0,0,6,4,2,482,221,261
15,91,Kamareddy,Kamareddy,24,Palwancha,571290,0000,VILLAGE,Potaram,Rural,223,848,393,455,102,44,58,281,127,154,2,2,0,399,232,167,449,161,288,460,227,233,451,223,228,159,93,66,127,57,70,12,4,8,153,69,84,9,4,5,1,1,0,6,2,4,0,0,0,2,1,1,7,4,3,1,1,0,5,2,3,0,0,0,1,1,0,2,0,2,0,0,0,1,0,1,0,0,0,1,0,1,388,166,222
15,91,Kamareddy,Kamareddy,24,Palwancha,571291,0000,VILLAGE,Bhavanipet,Rural,1277,4864,2324,2540,542,272,270,862,403,459,704,316,388,2211,1355,856,2653,969,1684,2759,1358,1401,2434,1220,1214,945,490,455,824,446,378,416,93,323,249,191,58,325,138,187,22,16,6,131,64,67,108,13,95,64,45,19,314,133,181,22,16,6,122,61,61,106,11,95,64,45,19,11,5,6,0,0,0,9,3,6,2,2,0,0,0,0,2105,966,1139
15,91,Kamareddy,Kamareddy,24,Palwancha,571292,0000,VILLAGE,Palwancha,Rural,758,3141,1504,1637,306,158,148,565,263,302,30,18,12,1639,939,700,1502,565,937,1595,855,740,1322,695,627,285,193,92,797,425,372,52,9,43,188,68,120,273,160,113,18,13,5,234,139,95,5,0,5,16,8,8,272,160,112,18,13,5,233,139,94,5,0,5,16,8,8,1,0,1,0,0,0,1,0,1,0,0,0,0,0,0,1546,649,897
15,91,Kamareddy,Kamareddy,24,Palwancha,571293,0000,VILLAGE,Devunipalle,Rural,290,1197,578,619,133,69,64,126,61,65,6,3,3,547,320,227,650,258,392,676,336,340,503,304,199,45,38,7,399,227,172,0,0,0,59,39,20,173,32,141,5,2,3,29,24,5,1,1,0,138,5,133,173,32,141,5,2,3,29,24,5,1,1,0,138,5,133,0,0,0,0,0,0,0,0,0,0,0,0,0,0,0,521,242,279
15,91,Kamareddy,Kamareddy,24,Palwancha,571294,0000,VILLAGE,Yellapgonda,Rural,419,1889,956,933,199,101,98,278,146,132,81,43,38,997,577,420,892,379,513,920,554,366,906,542,364,142,134,8,522,330,192,94,10,84,148,68,80,14,12,2,1,1,0,7,6,1,2,2,0,4,3,1,8,7,1,1,1,0,2,2,0,2,2,0,3,2,1,6,5,1,0,0,0,5,4,1,0,0,0,1,1,0,969,402,567
15,91,Kamareddy,Kamareddy,24,Palwancha,571295,0000,VILLAGE,Faridpet,Rural,797,3350,1603,1747,314,170,144,636,299,337,44,16,28,1804,1054,750,1546,549,997,1906,924,982,1719,819,900,349,258,91,351,183,168,321,58,263,698,320,378,187,105,82,17,10,7,73,43,30,26,9,17,71,43,28,179,101,78,17,10,7,69,41,28,25,9,16,68,41,27,8,4,4,0,0,0,4,2,2,1,0,1,3,2,1,1444,679,765
15,91,Kamareddy,Kamareddy,24,Palwancha,571296,0000,VILLAGE,Wadi,Rural,222,928,464,464,87,42,45,73,36,37,0,0,0,447,282,165,481,182,299,479,250,229,476,249,227,249,146,103,145,84,61,42,5,37,40,14,26,3,1,2,0,0,0,2,1,1,0,0,0,1,0,1,3,1,2,0,0,0,2,1,1,0,0,0,1,0,1,0,0,0,0,0,0,0,0,0,0,0,0,0,0,0,449,214,235
15,91,Kamareddy,Kamareddy,20,Machareddy,571297,0000,VILLAGE,Chukkapur,Rural,856,3343,1605,1738,308,162,146,498,240,258,23,11,12,1681,967,714,1662,638,1024,1748,941,807,1394,746,648,407,314,93,412,269,143,364,21,343,211,142,69,354,195,159,19,12,7,206,141,65,65,10,55,64,32,32,325,179,146,19,12,7,189,131,58,58,9,49,59,27,32,29,16,13,0,0,0,17,10,7,7,1,6,5,5,0,1595,664,931
15,91,Kamareddy,Kamareddy,24,Palwancha,571298,0000,VILLAGE,Banda Rameshwarpalle,Rural,264,1075,555,520,119,75,44,15,7,8,1,1,0,447,274,173,628,281,347,632,313,319,204,44,160,36,24,12,4,3,1,8,1,7,156,16,140,428,269,159,209,138,71,163,98,65,5,4,1,51,29,22,269,173,96,199,133,66,37,23,14,4,3,1,29,14,15,159,96,63,10,5,5,126,75,51,1,1,0,22,15,7,443,242,201
15,91,Kamareddy,Kamareddy,20,Machareddy,571299,0000,VILLAGE,Latchapet,Rural,625,2603,1253,1350,296,139,157,309,153,156,6,4,2,1367,799,568,1236,454,782,1247,649,598,676,355,321,190,146,44,36,18,18,239,8,231,211,183,28,571,294,277,25,17,8,393,225,168,86,6,80,67,46,21,490,266,224,24,17,7,337,207,130,77,6,71,52,36,16,81,28,53,1,0,1,56,18,38,9,0,9,15,10,5,1356,604,752
15,91,Kamareddy,Kamareddy,20,Machareddy,571300,0000,VILLAGE,Ghanpur (M),Rural,465,2016,992,1024,224,113,111,361,182,179,683,326,357,846,485,361,1170,507,663,1141,588,553,1057,549,508,134,97,37,654,366,288,140,12,128,129,74,55,84,39,45,4,3,1,67,33,34,8,0,8,5,3,2,75,36,39,2,2,0,60,31,29,8,0,8,5,3,2,9,3,6,2,1,1,7,2,5,0,0,0,0,0,0,875,404,471
15,91,Kamareddy,Kamareddy,14,Sadasivanagar,571301,0000,VILLAGE,Bhoompalle,Rural,565,2412,1174,1238,239,122,117,674,320,354,1,1,0,1130,657,473,1282,517,765,1344,674,670,1303,661,642,852,517,335,149,68,81,211,10,201,91,66,25,41,13,28,5,2,3,24,9,15,9,1,8,3,1,2,38,12,26,5,2,3,22,8,14,8,1,7,3,1,2,3,1,2,0,0,0,2,1,1,1,0,1,0,0,0,1068,500,568
15,91,Kamareddy,Kamareddy,14,Sadasivanagar,571302,0000,VILLAGE,Padmajiwadi,Rural,437,1714,835,879,190,94,96,379,196,183,5,4,1,909,538,371,805,297,508,815,443,372,718,410,308,142,85,57,267,172,95,109,20,89,200,133,67,97,33,64,7,3,4,47,18,29,5,3,2,38,9,29,97,33,64,7,3,4,47,18,29,5,3,2,38,9,29,0,0,0,0,0,0,0,0,0,0,0,0,0,0,0,899,392,507
15,91,Kamareddy,Kamareddy,14,Sadasivanagar,571303,0000,VILLAGE,Tukkojiwadi,Rural,202,846,419,427,77,37,40,327,155,172,1,0,1,426,263,163,420,156,264,482,243,239,481,243,238,73,42,31,68,34,34,264,137,127,76,30,46,1,0,1,0,0,0,1,0,1,0,0,0,0,0,0,1,0,1,0,0,0,1,0,1,0,0,0,0,0,0,0,0,0,0,0,0,0,0,0,0,0,0,0,0,0,364,176,188
15,91,Kamareddy,Kamareddy,14,Sadasivanagar,571304,0000,VILLAGE,Thimmajiwadi,Rural,179,724,353,371,70,32,38,176,87,89,0,0,0,237,140,97,487,213,274,436,209,227,380,180,200,315,151,164,18,9,9,8,3,5,39,17,22,56,29,27,12,7,5,14,8,6,0,0,0,30,14,16,55,29,26,12,7,5,13,8,5,0,0,0,30,14,16,1,0,1,0,0,0,1,0,1,0,0,0,0,0,0,288,144,144
15,91,Kamareddy,Kamareddy,14,Sadasivanagar,571305,0000,VILLAGE,Dhaggi,Rural,69,282,136,146,20,12,8,119,59,60,0,0,0,142,83,59,140,53,87,167,85,82,166,84,82,24,13,11,128,68,60,8,0,8,6,3,3,1,1,0,0,0,0,1,1,0,0,0,0,0,0,0,1,1,0,0,0,0,1,1,0,0,0,0,0,0,0,0,0,0,0,0,0,0,0,0,0,0,0,0,0,0,115,51,64
15,91,Kamareddy,Kamareddy,14,Sadasivanagar,571307,0000,VILLAGE,Kolwaral,Rural,584,2357,1132,1225,251,135,116,272,131,141,97,47,50,1313,771,542,1044,361,683,1345,672,673,1071,569,502,115,80,35,601,428,173,316,29,287,39,32,7,274,103,171,9,4,5,171,76,95,83,16,67,11,7,4,175,68,107,9,4,5,95,48,47,67,14,53,4,2,2,99,35,64,0,0,0,76,28,48,16,2,14,7,5,2,1012,460,552
15,91,Kamareddy,Kamareddy,14,Sadasivanagar,571308,0000,VILLAGE,Sadasivanagar,Rural,1724,6994,3345,3649,689,349,340,1177,544,633,50,31,19,3443,1999,1444,3551,1346,2205,3785,1919,1866,3399,1691,1708,657,472,185,1759,856,903,471,41,430,512,322,190,386,228,158,8,5,3,190,91,99,54,24,30,134,108,26,355,219,136,6,4,2,173,87,86,48,23,25,128,105,23,31,9,22,2,1,1,17,4,13,6,1,5,6,3,3,3209,1426,1783
15,91,Kamareddy,Kamareddy,14,Sadasivanagar,571309,0000,VILLAGE,Tirmanpalle,Rural,358,1351,632,719,121,58,63,146,58,88,83,36,47,734,438,296,617,194,423,685,333,352,683,333,350,272,151,121,311,150,161,60,1,59,40,31,9,2,0,2,0,0,0,1,0,1,0,0,0,1,0,1,2,0,2,0,0,0,1,0,1,0,0,0,1,0,1,0,0,0,0,0,0,0,0,0,0,0,0,0,0,0,666,299,367
15,91,Kamareddy,Kamareddy,19,Ramareddy,571310,0000,VILLAGE,Gidda,Rural,428,1628,761,867,151,73,78,22,12,10,0,0,0,831,496,335,797,265,532,865,420,445,717,351,366,406,267,139,58,41,17,213,17,196,40,26,14,148,69,79,15,6,9,113,59,54,18,2,16,2,2,0,133,65,68,11,4,7,112,59,53,9,1,8,1,1,0,15,4,11,4,2,2,1,0,1,9,1,8,1,1,0,763,341,422
15,91,Kamareddy,Kamareddy,19,Ramareddy,571311,0000,VILLAGE,Radhaipalle,Rural,89,338,155,183,15,8,7,83,38,45,0,0,0,166,102,64,172,53,119,202,96,106,33,19,14,25,17,8,3,1,2,4,1,3,1,0,1,169,77,92,0,0,0,135,72,63,25,3,22,9,2,7,128,69,59,0,0,0,127,69,58,1,0,1,0,0,0,41,8,33,0,0,0,8,3,5,24,3,21,9,2,7,136,59,77
15,91,Kamareddy,Kamareddy,19,Ramareddy,571312,0000,VILLAGE,Uppalwai,Rural,499,2478,1530,948,155,78,77,958,722,236,49,46,3,1626,1236,390,852,294,558,991,520,471,679,343,336,89,57,32,351,214,137,154,5,149,85,67,18,312,177,135,11,9,2,201,133,68,72,17,55,28,18,10,237,150,87,11,9,2,185,123,62,25,6,19,16,12,4,75,27,48,0,0,0,16,10,6,47,11,36,12,6,6,1487,1010,477
15,91,Kamareddy,Kamareddy,19,Ramareddy,571313,0000,VILLAGE,Moshampur,Rural,296,1019,494,525,101,58,43,172,76,96,5,4,1,535,321,214,484,173,311,563,271,292,540,260,280,78,63,15,278,171,107,149,3,146,35,23,12,23,11,12,0,0,0,21,10,11,1,0,1,1,1,0,19,10,9,0,0,0,18,9,9,0,0,0,1,1,0,4,1,3,0,0,0,3,1,2,1,0,1,0,0,0,456,223,233
15,91,Kamareddy,Kamareddy,14,Sadasivanagar,571314,0000,VILLAGE,Markhal,Rural,602,2387,1124,1263,237,111,126,374,174,200,0,0,0,1098,650,448,1289,474,815,1342,652,690,1321,644,677,684,374,310,399,184,215,136,10,126,102,76,26,21,8,13,2,1,1,7,2,5,4,2,2,8,3,5,17,6,11,2,1,1,5,1,4,4,2,2,6,2,4,4,2,2,0,0,0,2,1,1,0,0,0,2,1,1,1045,472,573
15,91,Kamareddy,Kamareddy,14,Sadasivanagar,571315,0000,VILLAGE,Modegaon,Rural,339,1377,681,696,130,72,58,230,105,125,9,5,4,673,410,263,704,271,433,912,451,461,839,408,431,420,227,193,301,152,149,88,10,78,30,19,11,73,43,30,14,10,4,55,31,24,0,0,0,4,2,2,21,9,12,6,5,1,13,3,10,0,0,0,2,1,1,52,34,18,8,5,3,42,28,14,0,0,0,2,1,1,465,230,235
15,91,Kamareddy,Kamareddy,14,Sadasivanagar,571316,0000,VILLAGE,Lingampalle,Rural,309,1348,668,680,152,78,74,488,244,244,1,0,1,536,299,237,812,369,443,811,402,409,649,328,321,517,286,231,13,6,7,74,12,62,45,24,21,162,74,88,3,3,0,131,65,66,18,2,16,10,4,6,108,49,59,2,2,0,85,43,42,14,2,12,7,2,5,54,25,29,1,1,0,46,22,24,4,0,4,3,2,1,537,266,271
15,91,Kamareddy,Kamareddy,14,Sadasivanagar,571317,0000,VILLAGE,Mudhojiwadi,Rural,23,107,51,56,13,6,7,106,50,56,0,0,0,51,27,24,56,24,32,57,31,26,57,31,26,0,0,0,56,31,25,0,0,0,1,0,1,0,0,0,0,0,0,0,0,0,0,0,0,0,0,0,0,0,0,0,0,0,0,0,0,0,0,0,0,0,0,0,0,0,0,0,0,0,0,0,0,0,0,0,0,0,50,20,30
15,91,Kamareddy,Kamareddy,14,Sadasivanagar,571318,0000,VILLAGE,Jangaon,Rural,132,495,240,255,53,21,32,204,93,111,0,0,0,216,131,85,279,109,170,318,156,162,306,148,158,289,138,151,3,2,1,0,0,0,14,8,6,12,8,4,2,2,0,4,3,1,0,0,0,6,3,3,12,8,4,2,2,0,4,3,1,0,0,0,6,3,3,0,0,0,0,0,0,0,0,0,0,0,0,0,0,0,177,84,93
15,91,Kamareddy,Kamareddy,14,Sadasivanagar,571319,0000,VILLAGE,Dharmaraopet,Rural,713,2887,1420,1467,206,103,103,447,216,231,10,4,6,1461,854,607,1426,566,860,1555,807,748,1420,742,678,636,369,267,453,275,178,233,23,210,98,75,23,135,65,70,2,1,1,105,61,44,26,1,25,2,2,0,131,64,67,2,1,1,104,61,43,23,0,23,2,2,0,4,1,3,0,0,0,1,0,1,3,1,2,0,0,0,1332,613,719
15,91,Kamareddy,Kamareddy,14,Sadasivanagar,571320,0000,VILLAGE,Amarlabanda,Rural,221,846,419,427,93,49,44,362,173,189,0,0,0,429,245,184,417,174,243,449,237,212,420,231,189,208,154,54,174,53,121,1,1,0,37,23,14,29,6,23,1,0,1,26,4,22,0,0,0,2,2,0,25,4,21,1,0,1,23,3,20,0,0,0,1,1,0,4,2,2,0,0,0,3,1,2,0,0,0,1,1,0,397,182,215
15,91,Kamareddy,Kamareddy,14,Sadasivanagar,571321,0000,VILLAGE,Kuprial,Rural,756,3025,1463,1562,256,126,130,807,391,416,12,4,8,1541,925,616,1484,538,946,1624,833,791,1388,723,665,520,267,253,546,296,250,131,17,114,191,143,48,236,110,126,112,65,47,76,20,56,15,4,11,33,21,12,117,54,63,49,29,20,28,4,24,11,3,8,29,18,11,119,56,63,63,36,27,48,16,32,4,1,3,4,3,1,1401,630,771
15,91,Kamareddy,Kamareddy,14,Sadasivanagar,571322,0000,VILLAGE,Adloor Yellareddy,Rural,1336,5344,2598,2746,500,278,222,1349,622,727,61,27,34,2908,1731,1177,2436,867,1569,2685,1422,1263,2282,1238,1044,432,314,118,1132,629,503,412,51,361,306,244,62,403,184,219,23,11,12,255,104,151,31,4,27,94,65,29,382,170,212,18,6,12,248,101,147,30,4,26,86,59,27,21,14,7,5,5,0,7,3,4,1,0,1,8,6,2,2659,1176,1483
15,91,Kamareddy,Kamareddy,19,Ramareddy,571323,0000,VILLAGE,Rangampet,Rural,206,750,341,409,82,38,44,124,59,65,0,0,0,345,192,153,405,149,256,389,181,208,387,180,207,106,73,33,98,50,48,132,12,120,51,45,6,2,1,1,0,0,0,1,1,0,1,0,1,0,0,0,2,1,1,0,0,0,1,1,0,1,0,1,0,0,0,0,0,0,0,0,0,0,0,0,0,0,0,0,0,0,361,160,201
15,91,Kamareddy,Kamareddy,19,Ramareddy,571324,0000,VILLAGE,Posanipet,Rural,868,3576,1787,1789,396,220,176,620,312,308,871,432,439,1678,1043,635,1898,744,1154,2028,1012,1016,1515,782,733,972,506,466,207,134,73,144,35,109,192,107,85,513,230,283,22,12,10,396,199,197,68,3,65,27,16,11,485,218,267,22,12,10,376,190,186,62,2,60,25,14,11,28,12,16,0,0,0,20,9,11,6,1,5,2,2,0,1548,775,773
15,91,Kamareddy,Kamareddy,19,Ramareddy,571325,0000,VILLAGE,Gollapalle,Rural,124,559,289,270,52,34,18,29,12,17,0,0,0,288,177,111,271,112,159,292,140,152,292,140,152,84,59,25,204,78,126,2,1,1,2,2,0,0,0,0,0,0,0,0,0,0,0,0,0,0,0,0,0,0,0,0,0,0,0,0,0,0,0,0,0,0,0,0,0,0,0,0,0,0,0,0,0,0,0,0,0,0,267,149,118
15,91,Kamareddy,Kamareddy,19,Ramareddy,571326,0000,VILLAGE,Ramareddy,Rural,1928,8249,3914,4335,766,387,379,773,397,376,212,69,143,4471,2517,1954,3778,1397,2381,4157,2144,2013,3814,1954,1860,688,472,216,1349,763,586,868,59,809,909,660,249,343,190,153,16,6,10,149,90,59,64,6,58,114,88,26,265,134,131,14,5,9,121,74,47,60,5,55,70,50,20,78,56,22,2,1,1,28,16,12,4,1,3,44,38,6,4092,1770,2322
15,91,Kamareddy,Kamareddy,19,Ramareddy,571327,0000,VILLAGE,Issannapalle,Rural,314,1197,568,629,115,49,66,89,38,51,0,0,0,520,313,207,677,255,422,707,344,363,602,297,305,40,25,15,412,218,194,66,11,55,84,43,41,105,47,58,5,3,2,38,20,18,11,3,8,51,21,30,87,40,47,5,3,2,24,13,11,10,3,7,48,21,27,18,7,11,0,0,0,14,7,7,1,0,1,3,0,3,490,224,266
15,91,Kamareddy,Kamareddy,19,Ramareddy,571328,0000,VILLAGE,Kannapur,Rural,407,1715,833,882,181,97,84,380,184,196,603,300,303,835,484,351,880,349,531,978,468,510,933,444,489,438,227,211,296,176,120,151,5,146,48,36,12,45,24,21,9,5,4,29,15,14,3,0,3,4,4,0,42,23,19,9,5,4,27,15,12,3,0,3,3,3,0,3,1,2,0,0,0,2,0,2,0,0,0,1,1,0,737,365,372
15,92,Yellareddy,Kamareddy,13,Gandhari,571329,0000,VILLAGE,Chedmal,Rural,456,2768,1368,1400,482,239,243,178,81,97,293,141,152,648,442,206,2120,926,1194,1287,646,641,1021,532,489,807,429,378,163,74,89,7,5,2,44,24,20,266,114,152,53,24,29,131,51,80,3,1,2,79,38,41,240,106,134,47,24,23,114,45,69,2,1,1,77,36,41,26,8,18,6,0,6,17,6,11,1,0,1,2,2,0,1481,722,759
15,92,Yellareddy,Kamareddy,13,Gandhari,571330,0000,VILLAGE,Durgam,Rural,403,2276,1165,1111,400,213,187,45,21,24,1079,550,529,547,389,158,1729,776,953,1024,487,537,788,433,355,471,275,196,269,128,141,7,5,2,41,25,16,236,54,182,45,22,23,170,23,147,7,3,4,14,6,8,226,52,174,45,22,23,162,22,140,7,3,4,12,5,7,10,2,8,0,0,0,8,1,7,0,0,0,2,1,1,1252,678,574
15,92,Yellareddy,Kamareddy,13,Gandhari,571331,0000,VILLAGE,Somaram,Rural,269,1397,690,707,238,105,133,0,0,0,721,366,355,493,311,182,904,379,525,558,266,292,490,235,255,173,98,75,226,94,132,3,1,2,88,42,46,68,31,37,4,3,1,1,1,0,0,0,0,63,27,36,68,31,37,4,3,1,1,1,0,0,0,0,63,27,36,0,0,0,0,0,0,0,0,0,0,0,0,0,0,0,839,424,415
15,91,Kamareddy,Kamareddy,14,Sadasivanagar,571332,0000,VILLAGE,Yacharam,Rural,579,2978,1498,1480,494,254,240,70,38,32,2813,1416,1397,1084,708,376,1894,790,1104,1277,578,699,1206,545,661,690,316,374,426,171,255,7,3,4,83,55,28,71,33,38,8,7,1,38,11,27,2,1,1,23,14,9,66,29,37,6,5,1,36,9,27,2,1,1,22,14,8,5,4,1,2,2,0,2,2,0,0,0,0,1,0,1,1701,920,781
15,91,Kamareddy,Kamareddy,14,Sadasivanagar,571334,0000,VILLAGE,Vajjepalle (Khurd),Rural,446,1854,928,926,184,99,85,280,127,153,555,285,270,821,490,331,1033,438,595,928,474,454,805,407,398,411,287,124,230,67,163,104,12,92,60,41,19,123,67,56,37,32,5,33,8,25,2,1,1,51,26,25,119,65,54,37,32,5,30,7,23,1,0,1,51,26,25,4,2,2,0,0,0,3,1,2,1,1,0,0,0,0,926,454,472
15,91,Kamareddy,Kamareddy,14,Sadasivanagar,571335,0000,VILLAGE,Utnur,Rural,588,2223,1093,1130,219,112,107,368,186,182,1,1,0,1060,625,435,1163,468,695,1071,576,495,973,526,447,545,330,215,184,98,86,127,18,109,117,80,37,98,50,48,30,18,12,13,6,7,3,1,2,52,25,27,93,47,46,29,17,12,12,6,6,2,0,2,50,24,26,5,3,2,1,1,0,1,0,1,1,1,0,2,1,1,1152,517,635
15,92,Yellareddy,Kamareddy,13,Gandhari,571336,0000,VILLAGE,Burgul,Rural,218,1042,519,523,158,91,67,157,74,83,482,253,229,400,235,165,642,284,358,466,206,260,306,141,165,212,110,102,36,14,22,34,6,28,24,11,13,160,65,95,11,4,7,133,53,80,0,0,0,16,8,8,148,60,88,11,4,7,121,48,73,0,0,0,16,8,8,12,5,7,0,0,0,12,5,7,0,0,0,0,0,0,576,313,263
15,92,Yellareddy,Kamareddy,13,Gandhari,571337,0000,VILLAGE,Karakwadi,Rural,101,371,182,189,34,19,15,87,42,45,1,1,0,170,98,72,201,84,117,198,97,101,119,61,58,105,53,52,7,6,1,2,0,2,5,2,3,79,36,43,16,4,12,46,21,25,2,0,2,15,11,4,16,8,8,2,0,2,5,3,2,0,0,0,9,5,4,63,28,35,14,4,10,41,18,23,2,0,2,6,6,0,173,85,88
15,92,Yellareddy,Kamareddy,13,Gandhari,571338,0000,VILLAGE,Boppajiwadi,Rural,35,145,70,75,19,7,12,42,19,23,0,0,0,79,49,30,66,21,45,85,43,42,71,35,36,66,33,33,4,1,3,0,0,0,1,1,0,14,8,6,2,1,1,10,5,5,0,0,0,2,2,0,9,7,2,1,1,0,6,4,2,0,0,0,2,2,0,5,1,4,1,0,1,4,1,3,0,0,0,0,0,0,60,27,33
15,92,Yellareddy,Kamareddy,13,Gandhari,571339,0000,VILLAGE,Tipparam,Rural,215,1084,545,539,148,76,72,287,142,145,2,1,1,389,234,155,695,311,384,546,256,290,468,205,263,322,137,185,106,46,60,4,2,2,36,20,16,78,51,27,42,29,13,22,12,10,1,1,0,13,9,4,41,23,18,9,4,5,22,12,10,0,0,0,10,7,3,37,28,9,33,25,8,0,0,0,1,1,0,3,2,1,538,289,249
15,92,Yellareddy,Kamareddy,13,Gandhari,571340,0000,VILLAGE,Gujjul,Rural,226,1225,623,602,198,109,89,38,22,16,1170,593,577,345,230,115,880,393,487,523,244,279,498,227,271,55,28,27,409,180,229,7,3,4,27,16,11,25,17,8,6,4,2,6,4,2,1,0,1,12,9,3,23,16,7,5,3,2,5,4,1,1,0,1,12,9,3,2,1,1,1,1,0,1,0,1,0,0,0,0,0,0,702,379,323
15,92,Yellareddy,Kamareddy,13,Gandhari,571342,0000,VILLAGE,Neral,Rural,493,2872,1434,1438,537,265,272,128,61,67,476,234,242,925,646,279,1947,788,1159,1353,655,698,773,481,292,404,297,107,191,101,90,24,13,11,154,70,84,580,174,406,86,35,51,302,101,201,94,7,87,98,31,67,553,168,385,86,35,51,275,95,180,94,7,87,98,31,67,27,6,21,0,0,0,27,6,21,0,0,0,0,0,0,1519,779,740
15,92,Yellareddy,Kamareddy,13,Gandhari,571343,0000,VILLAGE,Katewadi,Rural,45,190,97,93,31,14,17,1,0,1,188,96,92,41,37,4,149,60,89,64,31,33,25,16,9,13,12,1,6,1,5,0,0,0,6,3,3,39,15,24,16,5,11,16,4,12,0,0,0,7,6,1,33,12,21,16,5,11,11,2,9,0,0,0,6,5,1,6,3,3,0,0,0,5,2,3,0,0,0,1,1,0,126,66,60
15,92,Yellareddy,Kamareddy,13,Gandhari,571344,0000,VILLAGE,Naglur,Rural,237,1162,592,570,156,80,76,233,118,115,86,43,43,454,282,172,708,310,398,525,257,268,351,204,147,208,132,76,70,36,34,35,16,19,38,20,18,174,53,121,29,8,21,99,23,76,10,3,7,36,19,17,153,47,106,26,6,20,83,19,64,9,3,6,35,19,16,21,6,15,3,2,1,16,4,12,1,0,1,1,0,1,637,335,302
15,92,Yellareddy,Kamareddy,13,Gandhari,571345,0000,VILLAGE,Pedda Gouraram,Rural,506,2215,1076,1139,246,123,123,217,108,109,104,49,55,1025,588,437,1190,488,702,973,482,491,760,410,350,310,209,101,273,118,155,75,19,56,102,64,38,213,72,141,25,8,17,112,36,76,17,2,15,59,26,33,207,68,139,23,7,16,109,34,75,16,1,15,59,26,33,6,4,2,2,1,1,3,2,1,1,1,0,0,0,0,1242,594,648
15,92,Yellareddy,Kamareddy,13,Gandhari,571346,0000,VILLAGE,Venkatapur,Rural,250,1189,623,566,177,104,73,26,13,13,1118,587,531,472,300,172,717,323,394,522,237,285,494,223,271,443,193,250,11,7,4,2,2,0,38,21,17,28,14,14,9,3,6,5,0,5,0,0,0,14,11,3,26,14,12,9,3,6,5,0,5,0,0,0,12,11,1,2,0,2,0,0,0,0,0,0,0,0,0,2,0,2,667,386,281
15,92,Yellareddy,Kamareddy,13,Gandhari,571347,0000,VILLAGE,Narsapur (Mudholi),Rural,70,264,143,121,27,24,3,10,6,4,0,0,0,138,70,68,126,73,53,117,68,49,97,61,36,68,49,19,26,10,16,0,0,0,3,2,1,20,7,13,3,1,2,14,4,10,0,0,0,3,2,1,19,6,13,2,0,2,14,4,10,0,0,0,3,2,1,1,1,0,1,1,0,0,0,0,0,0,0,0,0,0,147,75,72
15,92,Yellareddy,Kamareddy,13,Gandhari,571348,0000,VILLAGE,Madholi,Rural,474,1823,867,956,223,103,120,133,65,68,62,27,35,744,447,297,1079,420,659,1039,494,545,554,450,104,466,403,63,7,4,3,43,17,26,38,26,12,485,44,441,433,39,394,4,1,3,3,0,3,45,4,41,485,44,441,433,39,394,4,1,3,3,0,3,45,4,41,0,0,0,0,0,0,0,0,0,0,0,0,0,0,0,784,373,411
15,92,Yellareddy,Kamareddy,13,Gandhari,571349,0000,VILLAGE,Sarvapur,Rural,205,836,413,423,86,45,41,93,50,43,7,5,2,479,272,207,357,141,216,385,231,154,377,226,151,151,102,49,184,98,86,8,5,3,34,21,13,8,5,3,4,3,1,1,1,0,0,0,0,3,1,2,8,5,3,4,3,1,1,1,0,0,0,0,3,1,2,0,0,0,0,0,0,0,0,0,0,0,0,0,0,0,451,182,269
15,92,Yellareddy,Kamareddy,13,Gandhari,571350,0000,VILLAGE,Sithaipalle,Rural,310,1308,639,669,139,72,67,13,8,5,0,0,0,640,373,267,668,266,402,692,340,352,642,321,321,301,153,148,278,131,147,21,9,12,42,28,14,50,19,31,3,0,3,43,17,26,0,0,0,4,2,2,49,18,31,3,0,3,42,16,26,0,0,0,4,2,2,1,1,0,0,0,0,1,1,0,0,0,0,0,0,0,616,299,317
15,92,Yellareddy,Kamareddy,13,Gandhari,571351,0000,VILLAGE,Gandivet,Rural,668,2925,1415,1510,338,167,171,281,137,144,567,283,284,1320,787,533,1605,628,977,1544,795,749,999,528,471,392,239,153,295,136,159,152,36,116,160,117,43,545,267,278,33,12,21,367,192,175,51,18,33,94,45,49,493,237,256,28,9,19,328,170,158,49,17,32,88,41,47,52,30,22,5,3,2,39,22,17,2,1,1,6,4,2,1381,620,761
15,92,Yellareddy,Kamareddy,13,Gandhari,571352,0000,VILLAGE,Chinnapur,Rural,135,599,293,306,77,45,32,11,6,5,48,22,26,207,129,78,392,164,228,332,160,172,252,136,116,114,67,47,89,45,44,17,5,12,32,19,13,80,24,56,17,7,10,18,5,13,1,0,1,44,12,32,80,24,56,17,7,10,18,5,13,1,0,1,44,12,32,0,0,0,0,0,0,0,0,0,0,0,0,0,0,0,267,133,134
15,92,Yellareddy,Kamareddy,13,Gandhari,571353,0000,VILLAGE,Medpalle,Rural,210,922,461,461,103,64,39,26,12,14,34,18,16,416,254,162,506,207,299,527,246,281,234,115,119,212,100,112,11,9,2,0,0,0,11,6,5,293,131,162,11,5,6,271,120,151,3,1,2,8,5,3,199,89,110,9,4,5,183,81,102,0,0,0,7,4,3,94,42,52,2,1,1,88,39,49,3,1,2,1,1,0,395,215,180
15,92,Yellareddy,Kamareddy,13,Gandhari,571354,0000,VILLAGE,Pothangal (Kalan),Rural,682,3047,1470,1577,337,164,173,320,153,167,482,240,242,1258,715,543,1789,755,1034,1787,872,915,1592,784,808,377,228,149,1081,493,588,50,20,30,84,43,41,195,88,107,8,3,5,128,51,77,2,2,0,57,32,25,181,84,97,7,3,4,117,48,69,2,2,0,55,31,24,14,4,10,1,0,1,11,3,8,0,0,0,2,1,1,1260,598,662
15,92,Yellareddy,Kamareddy,13,Gandhari,571355,0000,VILLAGE,Pothangal (Khurd),Rural,206,860,408,452,77,44,33,113,51,62,0,0,0,416,233,183,444,175,269,437,217,220,421,212,209,346,186,160,46,19,27,8,3,5,21,4,17,16,5,11,10,3,7,1,1,0,2,0,2,3,1,2,15,5,10,9,3,6,1,1,0,2,0,2,3,1,2,1,0,1,1,0,1,0,0,0,0,0,0,0,0,0,423,191,232
15,92,Yellareddy,Kamareddy,13,Gandhari,571356,0000,VILLAGE,Thimmapuram,Rural,99,435,207,228,49,20,29,199,93,106,0,0,0,176,102,74,259,105,154,312,152,160,211,107,104,156,81,75,33,14,19,0,0,0,22,12,10,101,45,56,84,41,43,13,3,10,0,0,0,4,1,3,26,8,18,11,4,7,12,3,9,0,0,0,3,1,2,75,37,38,73,37,36,1,0,1,0,0,0,1,0,1,123,55,68
15,92,Yellareddy,Kamareddy,13,Gandhari,571358,0000,VILLAGE,Gandhari,Rural,2069,10226,5488,4738,1009,517,492,1068,521,547,1107,814,293,5758,3667,2091,4468,1821,2647,4350,2425,1925,3488,2067,1421,1268,828,440,872,494,378,313,83,230,1035,662,373,862,358,504,67,21,46,386,147,239,147,41,106,262,149,113,700,281,419,62,19,43,361,136,225,119,32,87,158,94,64,162,77,85,5,2,3,25,11,14,28,9,19,104,55,49,5876,3063,2813
15,92,Yellareddy,Kamareddy,13,Gandhari,571359,0000,VILLAGE,Juvvadi,Rural,233,1034,508,526,107,60,47,440,211,229,5,2,3,441,257,184,593,251,342,551,260,291,450,227,223,262,153,109,132,53,79,37,7,30,19,14,5,101,33,68,10,6,4,48,19,29,35,5,30,8,3,5,82,30,52,8,5,3,42,18,24,24,4,20,8,3,5,19,3,16,2,1,1,6,1,5,11,1,10,0,0,0,483,248,235
15,92,Yellareddy,Kamareddy,13,Gandhari,571360,0000,VILLAGE,Gurjal,Rural,568,2755,1398,1357,372,195,177,553,250,303,10,3,7,1104,708,396,1651,690,961,1592,808,784,1006,492,514,652,324,328,279,127,152,45,20,25,30,21,9,586,316,270,16,12,4,407,198,209,26,15,11,137,91,46,570,307,263,15,12,3,404,196,208,15,8,7,136,91,45,16,9,7,1,0,1,3,2,1,11,7,4,1,0,1,1163,590,573
15,92,Yellareddy,Kamareddy,13,Gandhari,571361,0000,VILLAGE,Brahmanpalle,Rural,280,984,459,525,147,68,79,504,236,268,198,93,105,388,231,157,596,228,368,491,226,265,221,198,23,150,146,4,41,29,12,1,0,1,29,23,6,270,28,242,27,3,24,207,17,190,13,2,11,23,6,17,263,27,236,27,3,24,205,17,188,9,1,8,22,6,16,7,1,6,0,0,0,2,0,2,4,1,3,1,0,1,493,233,260
15,92,Yellareddy,Kamareddy,13,Gandhari,571362,0000,VILLAGE,Petasangam,Rural,505,2315,1147,1168,313,156,157,111,55,56,855,415,440,1023,617,406,1292,530,762,1238,605,633,1217,592,625,1108,534,574,11,3,8,16,11,5,82,44,38,21,13,8,7,5,2,0,0,0,1,1,0,13,7,6,3,2,1,3,2,1,0,0,0,0,0,0,0,0,0,18,11,7,4,3,1,0,0,0,1,1,0,13,7,6,1077,542,535
15,92,Yellareddy,Kamareddy,13,Gandhari,571363,0000,VILLAGE,Mathsangam,Rural,341,1698,846,852,223,116,107,283,144,139,348,174,174,635,373,262,1063,473,590,937,476,461,912,466,446,645,336,309,234,111,123,11,1,10,22,18,4,25,10,15,13,7,6,8,1,7,2,1,1,2,1,1,20,7,13,10,4,6,6,1,5,2,1,1,2,1,1,5,3,2,3,3,0,2,0,2,0,0,0,0,0,0,761,370,391
15,92,Yellareddy,Kamareddy,13,Gandhari,571364,0000,VILLAGE,Ramalakshmanpalle,Rural,151,743,364,379,111,56,55,67,33,34,202,97,105,312,197,115,431,167,264,377,182,195,370,180,190,310,154,156,39,16,23,0,0,0,21,10,11,7,2,5,2,0,2,4,1,3,0,0,0,1,1,0,7,2,5,2,0,2,4,1,3,0,0,0,1,1,0,0,0,0,0,0,0,0,0,0,0,0,0,0,0,0,366,182,184
15,92,Yellareddy,Kamareddy,13,Gandhari,571365,0000,VILLAGE,Vandrikal,Rural,176,770,406,364,98,56,42,35,19,16,12,4,8,400,243,157,370,163,207,451,232,219,451,232,219,271,149,122,167,75,92,0,0,0,13,8,5,0,0,0,0,0,0,0,0,0,0,0,0,0,0,0,0,0,0,0,0,0,0,0,0,0,0,0,0,0,0,0,0,0,0,0,0,0,0,0,0,0,0,0,0,0,319,174,145
15,93,Banswada,Kamareddy,07,Banswada,571366,0000,VILLAGE,Kollur,Rural,323,1341,636,705,140,65,75,251,120,131,0,0,0,652,360,292,689,276,413,663,360,303,467,288,179,108,77,31,271,141,130,4,2,2,84,68,16,196,72,124,5,2,3,144,43,101,2,0,2,45,27,18,161,56,105,4,1,3,115,31,84,2,0,2,40,24,16,35,16,19,1,1,0,29,12,17,0,0,0,5,3,2,678,276,402
15,93,Banswada,Kamareddy,07,Banswada,571368,0000,VILLAGE,Someswar,Rural,446,2045,1017,1028,283,147,136,56,25,31,0,0,0,851,507,344,1194,510,684,1229,633,596,722,391,331,98,53,45,211,110,101,22,5,17,391,223,168,507,242,265,27,14,13,421,197,224,7,1,6,52,30,22,485,233,252,27,14,13,403,188,215,4,1,3,51,30,21,22,9,13,0,0,0,18,9,9,3,0,3,1,0,1,816,384,432
15,93,Banswada,Kamareddy,07,Banswada,571369,0000,VILLAGE,Desaipet,Rural,668,2778,1383,1395,259,138,121,335,163,172,45,18,27,1559,912,647,1219,471,748,1390,808,582,1338,788,550,200,173,27,715,358,357,42,17,25,381,240,141,52,20,32,3,2,1,11,5,6,21,0,21,17,13,4,52,20,32,3,2,1,11,5,6,21,0,21,17,13,4,0,0,0,0,0,0,0,0,0,0,0,0,0,0,0,1388,575,813
15,93,Banswada,Kamareddy,07,Banswada,571370,0000,VILLAGE,Pocharam,Rural,202,882,427,455,96,56,40,151,66,85,395,200,195,338,223,115,544,204,340,412,198,214,266,134,132,45,33,12,175,66,109,2,1,1,44,34,10,146,64,82,6,3,3,115,50,65,8,3,5,17,8,9,118,49,69,6,3,3,97,40,57,4,1,3,11,5,6,28,15,13,0,0,0,18,10,8,4,2,2,6,3,3,470,229,241
15,93,Banswada,Kamareddy,07,Banswada,571371,0000,VILLAGE,Chinna Rampur,Rural,373,1858,957,901,224,133,91,37,19,18,1158,601,557,746,474,272,1112,483,629,950,493,457,493,337,156,266,213,53,131,52,79,45,28,17,51,44,7,457,156,301,9,4,5,432,147,285,2,0,2,14,5,9,432,148,284,9,4,5,410,140,270,1,0,1,12,4,8,25,8,17,0,0,0,22,7,15,1,0,1,2,1,1,908,464,444
15,93,Banswada,Kamareddy,07,Banswada,571372,0000,VILLAGE,Khadlapur,Rural,177,801,431,370,125,65,60,94,54,40,211,122,89,334,209,125,467,222,245,463,249,214,451,243,208,347,170,177,47,23,24,1,0,1,56,50,6,12,6,6,0,0,0,10,5,5,0,0,0,2,1,1,12,6,6,0,0,0,10,5,5,0,0,0,2,1,1,0,0,0,0,0,0,0,0,0,0,0,0,0,0,0,338,182,156
15,93,Banswada,Kamareddy,07,Banswada,571373,0000,VILLAGE,Hanmajipet,Rural,701,3070,1523,1547,329,177,152,226,119,107,747,361,386,1355,805,550,1715,718,997,1621,806,815,1027,632,395,555,399,156,330,156,174,57,15,42,85,62,23,594,174,420,58,36,22,390,96,294,62,2,60,84,40,44,432,160,272,55,34,21,238,86,152,59,2,57,80,38,42,162,14,148,3,2,1,152,10,142,3,0,3,4,2,2,1449,717,732
15,93,Banswada,Kamareddy,07,Banswada,571374,0000,VILLAGE,Sangojipet,Rural,325,1393,712,681,186,107,79,57,28,29,165,80,85,537,320,217,856,392,464,743,362,381,717,354,363,430,236,194,266,105,161,2,2,0,19,11,8,26,8,18,9,2,7,8,3,5,0,0,0,9,3,6,25,8,17,9,2,7,8,3,5,0,0,0,8,3,5,1,0,1,0,0,0,0,0,0,0,0,0,1,0,1,650,350,300
15,93,Banswada,Kamareddy,07,Banswada,571375,0000,VILLAGE,Konapur,Rural,673,2965,1458,1507,383,205,178,224,96,128,713,357,356,1221,746,475,1744,712,1032,1468,748,720,1270,679,591,669,422,247,364,125,239,87,25,62,150,107,43,198,69,129,21,9,12,146,45,101,3,1,2,28,14,14,193,68,125,19,8,11,144,45,99,3,1,2,27,14,13,5,1,4,2,1,1,2,0,2,0,0,0,1,0,1,1497,710,787
15,93,Banswada,Kamareddy,07,Banswada,571376,0000,VILLAGE,Ibrahimpet,Rural,801,3343,1625,1718,405,227,178,315,152,163,363,180,183,1466,862,604,1877,763,1114,1726,908,818,1441,788,653,335,274,61,747,304,443,27,8,19,332,202,130,285,120,165,14,7,7,250,108,142,1,1,0,20,4,16,278,118,160,14,7,7,244,106,138,1,1,0,19,4,15,7,2,5,0,0,0,6,2,4,0,0,0,1,0,1,1617,717,900
15,93,Banswada,Kamareddy,07,Banswada,571378,0000,VILLAGE,Borlam,Rural,1156,5242,2322,2920,518,259,259,1141,369,772,1195,584,611,2748,1363,1385,2494,959,1535,2246,1174,1072,942,613,329,222,159,63,376,210,166,47,16,31,297,228,69,1304,561,743,85,62,23,1099,440,659,33,6,27,87,53,34,1164,501,663,82,59,23,978,392,586,25,3,22,79,47,32,140,60,80,3,3,0,121,48,73,8,3,5,8,6,2,2996,1148,1848
15,93,Banswada,Kamareddy,07,Banswada,571379,0000,VILLAGE,Chinna Nagaram,Rural,169,723,368,355,94,57,37,112,54,58,2,1,1,281,161,120,442,207,235,371,197,174,370,197,173,75,44,31,287,147,140,4,2,2,4,4,0,1,0,1,0,0,0,1,0,1,0,0,0,0,0,0,1,0,1,0,0,0,1,0,1,0,0,0,0,0,0,0,0,0,0,0,0,0,0,0,0,0,0,0,0,0,352,171,181
15,93,Banswada,Kamareddy,07,Banswada,571380,0000,VILLAGE,Chintal Nagaram,Rural,2,10,6,4,0,0,0,0,0,0,0,0,0,7,5,2,3,1,2,4,3,1,4,3,1,4,3,1,0,0,0,0,0,0,0,0,0,0,0,0,0,0,0,0,0,0,0,0,0,0,0,0,0,0,0,0,0,0,0,0,0,0,0,0,0,0,0,0,0,0,0,0,0,0,0,0,0,0,0,0,0,0,6,3,3
15,93,Banswada,Kamareddy,07,Banswada,571381,0000,VILLAGE,Tadkole,Rural,1547,7494,3418,4076,857,446,411,1485,529,956,384,150,234,3955,1921,2034,3539,1497,2042,3200,1883,1317,2753,1695,1058,270,238,32,1286,659,627,167,30,137,1030,768,262,447,188,259,27,18,9,305,115,190,48,14,34,67,41,26,398,169,229,22,13,9,294,112,182,29,12,17,53,32,21,49,19,30,5,5,0,11,3,8,19,2,17,14,9,5,4294,1535,2759
15,93,Banswada,Kamareddy,07,Banswada,571382,0000,VILLAGE,Budmi,Rural,437,1832,890,942,198,104,94,200,91,109,13,6,7,831,476,355,1001,414,587,965,505,460,935,487,448,679,345,334,161,80,81,9,5,4,86,57,29,30,18,12,1,0,1,0,0,0,3,2,1,26,16,10,30,18,12,1,0,1,0,0,0,3,2,1,26,16,10,0,0,0,0,0,0,0,0,0,0,0,0,0,0,0,867,385,482
15,93,Banswada,Kamareddy,07,Banswada,571383,0000,VILLAGE,Tirmalapur,Rural,1075,4571,2233,2338,551,274,277,351,163,188,1227,609,618,1929,1179,750,2642,1054,1588,2470,1290,1180,2385,1248,1137,1077,514,563,999,515,484,93,35,58,216,184,32,85,42,43,9,3,6,52,25,27,4,2,2,20,12,8,75,36,39,7,1,6,48,23,25,2,1,1,18,11,7,10,6,4,2,2,0,4,2,2,2,1,1,2,1,1,2101,943,1158
15,93,Banswada,Kamareddy,03,Pedda Kodapgal,571386,0000,VILLAGE,Katepalle,Rural,456,2326,1162,1164,326,160,166,304,131,173,151,81,70,884,519,365,1442,643,799,1168,607,561,726,469,257,324,235,89,271,134,137,10,7,3,121,93,28,442,138,304,21,11,10,362,98,264,12,3,9,47,26,21,394,122,272,17,9,8,332,91,241,9,2,7,36,20,16,48,16,32,4,2,2,30,7,23,3,1,2,11,6,5,1158,555,603
15,93,Banswada,Kamareddy,08,Pitlam,571387,0000,VILLAGE,Koranpalle,Rural,40,156,79,77,28,13,15,0,0,0,156,79,77,35,28,7,121,51,70,88,40,48,72,36,36,48,28,20,23,7,16,0,0,0,1,1,0,16,4,12,2,1,1,14,3,11,0,0,0,0,0,0,16,4,12,2,1,1,14,3,11,0,0,0,0,0,0,0,0,0,0,0,0,0,0,0,0,0,0,0,0,0,68,39,29
15,93,Banswada,Kamareddy,08,Pitlam,571388,0000,VILLAGE,Paredpalle,Rural,179,759,367,392,86,42,44,157,78,79,141,66,75,309,179,130,450,188,262,465,226,239,399,198,201,193,100,93,178,89,89,0,0,0,28,9,19,66,28,38,38,18,20,2,1,1,1,0,1,25,9,16,66,28,38,38,18,20,2,1,1,1,0,1,25,9,16,0,0,0,0,0,0,0,0,0,0,0,0,0,0,0,294,141,153
15,93,Banswada,Kamareddy,08,Pitlam,571389,0000,VILLAGE,Bandapalle,Rural,390,1819,905,914,250,128,122,237,121,116,580,300,280,684,441,243,1135,464,671,974,490,484,930,468,462,251,143,108,619,279,340,0,0,0,60,46,14,44,22,22,7,3,4,35,18,17,0,0,0,2,1,1,23,6,17,2,0,2,19,5,14,0,0,0,2,1,1,21,16,5,5,3,2,16,13,3,0,0,0,0,0,0,845,415,430
15,93,Banswada,Kamareddy,08,Pitlam,571390,0000,VILLAGE,Maddelchervu,Rural,346,1418,717,701,186,94,92,192,101,91,0,0,0,565,342,223,853,375,478,793,410,383,792,410,382,276,171,105,463,190,273,3,3,0,50,46,4,1,0,1,0,0,0,0,0,0,0,0,0,1,0,1,0,0,0,0,0,0,0,0,0,0,0,0,0,0,0,1,0,1,0,0,0,0,0,0,0,0,0,1,0,1,625,307,318
15,93,Banswada,Kamareddy,08,Pitlam,571391,0000,VILLAGE,Bollakpalle,Rural,250,968,469,499,132,64,68,29,12,17,26,12,14,374,214,160,594,255,339,579,284,295,476,252,224,330,177,153,108,43,65,0,0,0,38,32,6,103,32,71,7,6,1,88,20,68,0,0,0,8,6,2,95,29,66,6,5,1,83,20,63,0,0,0,6,4,2,8,3,5,1,1,0,5,0,5,0,0,0,2,2,0,389,185,204
15,93,Banswada,Kamareddy,08,Pitlam,571392,0000,VILLAGE,Chinna Gouraram,Rural,347,1430,717,713,196,104,92,178,87,91,545,278,267,512,306,206,918,411,507,753,371,382,728,363,365,129,125,4,595,234,361,0,0,0,4,4,0,25,8,17,0,0,0,22,6,16,0,0,0,3,2,1,25,8,17,0,0,0,22,6,16,0,0,0,3,2,1,0,0,0,0,0,0,0,0,0,0,0,0,0,0,0,677,346,331
15,93,Banswada,Kamareddy,08,Pitlam,571393,0000,VILLAGE,Pedda Rampur,Rural,444,1836,865,971,213,109,104,233,98,135,0,0,0,827,481,346,1009,384,625,1006,508,498,951,482,469,252,146,106,615,268,347,18,10,8,66,58,8,55,26,29,4,3,1,29,8,21,4,1,3,18,14,4,42,23,19,4,3,1,17,5,12,4,1,3,17,14,3,13,3,10,0,0,0,12,3,9,0,0,0,1,0,1,830,357,473
15,93,Banswada,Kamareddy,08,Pitlam,571394,0000,VILLAGE,Kurthi,Rural,249,1133,554,579,158,88,70,278,126,152,13,5,8,495,286,209,638,268,370,611,323,288,337,315,22,280,269,11,7,6,1,1,0,1,49,40,9,274,8,266,3,2,1,265,5,260,3,0,3,3,1,2,265,8,257,3,2,1,257,5,252,2,0,2,3,1,2,9,0,9,0,0,0,8,0,8,1,0,1,0,0,0,522,231,291
15,93,Banswada,Kamareddy,08,Pitlam,571395,0000,VILLAGE,Siddapur,Rural,162,793,399,394,103,57,46,234,110,124,300,155,145,319,189,130,474,210,264,198,191,7,191,186,5,70,69,1,113,111,2,1,1,0,7,5,2,7,5,2,4,2,2,3,3,0,0,0,0,0,0,0,7,5,2,4,2,2,3,3,0,0,0,0,0,0,0,0,0,0,0,0,0,0,0,0,0,0,0,0,0,0,595,208,387
15,93,Banswada,Kamareddy,08,Pitlam,571396,0000,VILLAGE,Chillangi,Rural,715,3065,1470,1595,366,173,193,503,241,262,0,0,0,1224,718,506,1841,752,1089,1624,847,777,1582,831,751,672,389,283,803,369,434,44,30,14,63,43,20,42,16,26,6,2,4,13,6,7,6,2,4,17,6,11,36,14,22,5,2,3,11,5,6,3,1,2,17,6,11,6,2,4,1,0,1,2,1,1,3,1,2,0,0,0,1441,623,818
15,93,Banswada,Kamareddy,08,Pitlam,571397,0000,VILLAGE,Allapur,Rural,172,743,363,380,87,39,48,242,112,130,3,1,2,324,199,125,419,164,255,442,218,224,289,142,147,15,8,7,253,121,132,3,3,0,18,10,8,153,76,77,5,3,2,146,72,74,0,0,0,2,1,1,153,76,77,5,3,2,146,72,74,0,0,0,2,1,1,0,0,0,0,0,0,0,0,0,0,0,0,0,0,0,301,145,156
15,93,Banswada,Kamareddy,08,Pitlam,571398,0000,VILLAGE,Burnapur,Rural,236,1121,557,564,129,73,56,194,91,103,0,0,0,474,281,193,647,276,371,574,294,280,564,287,277,149,134,15,379,128,251,2,2,0,34,23,11,10,7,3,0,0,0,8,5,3,0,0,0,2,2,0,10,7,3,0,0,0,8,5,3,0,0,0,2,2,0,0,0,0,0,0,0,0,0,0,0,0,0,0,0,0,547,263,284
15,93,Banswada,Kamareddy,08,Pitlam,571399,0000,VILLAGE,Dharmaram,Rural,205,998,495,503,153,83,70,1,1,0,173,84,89,396,239,157,602,256,346,549,277,272,543,273,270,229,150,79,295,108,187,0,0,0,19,15,4,6,4,2,1,0,1,4,3,1,0,0,0,1,1,0,5,3,2,1,0,1,3,2,1,0,0,0,1,1,0,1,1,0,0,0,0,1,1,0,0,0,0,0,0,0,449,218,231
15,93,Banswada,Kamareddy,08,Pitlam,571400,0000,VILLAGE,Chinna Kodapgal,Rural,803,3441,1687,1754,458,225,233,843,403,440,118,57,61,1359,821,538,2082,866,1216,1830,950,880,1195,669,526,48,39,9,842,411,431,98,75,23,207,144,63,635,281,354,34,21,13,497,210,287,10,5,5,94,45,49,399,168,231,20,10,10,281,114,167,9,4,5,89,40,49,236,113,123,14,11,3,216,96,120,1,1,0,5,5,0,1611,737,874
15,93,Banswada,Kamareddy,08,Pitlam,571401,0000,VILLAGE,Kishtapur,Rural,145,748,372,376,85,43,42,144,66,78,228,117,111,330,206,124,418,166,252,416,209,207,415,208,207,132,76,56,269,122,147,8,5,3,6,5,1,1,1,0,0,0,0,0,0,0,0,0,0,1,1,0,1,1,0,0,0,0,0,0,0,0,0,0,1,1,0,0,0,0,0,0,0,0,0,0,0,0,0,0,0,0,332,163,169
15,93,Banswada,Kamareddy,08,Pitlam,571402,0000,VILLAGE,Brahmanpalle,Rural,167,766,373,393,108,51,57,61,28,33,228,118,110,286,172,114,480,201,279,443,206,237,357,181,176,259,154,105,81,13,68,3,2,1,14,12,2,86,25,61,14,7,7,71,18,53,0,0,0,1,0,1,70,24,46,14,7,7,55,17,38,0,0,0,1,0,1,16,1,15,0,0,0,16,1,15,0,0,0,0,0,0,323,167,156
15,93,Banswada,Kamareddy,08,Pitlam,571403,0000,VILLAGE,Pedda Annaram,Rural,346,1512,731,781,189,97,92,180,89,91,107,54,53,576,332,244,936,399,537,872,453,419,800,419,381,360,186,174,349,161,188,20,15,5,71,57,14,72,34,38,12,9,3,36,11,25,5,2,3,19,12,7,41,21,20,3,3,0,20,9,11,4,2,2,14,7,7,31,13,18,9,6,3,16,2,14,1,0,1,5,5,0,640,278,362
15,93,Banswada,Kamareddy,08,Pitlam,571404,0000,VILLAGE,Pothreddypalle,Rural,321,1708,878,830,255,140,115,4,0,4,1031,525,506,577,373,204,1131,505,626,736,352,384,475,248,227,99,63,36,337,155,182,0,0,0,39,30,9,261,104,157,0,0,0,233,88,145,1,0,1,27,16,11,19,10,9,0,0,0,14,5,9,0,0,0,5,5,0,242,94,148,0,0,0,219,83,136,1,0,1,22,11,11,972,526,446
15,93,Banswada,Kamareddy,08,Pitlam,571405,0000,VILLAGE,Hasnapur,Rural,160,735,382,353,103,48,55,45,23,22,0,0,0,358,235,123,377,147,230,408,215,193,225,123,102,133,70,63,81,46,35,3,1,2,8,6,2,183,92,91,84,42,42,82,40,42,10,7,3,7,3,4,53,31,22,17,11,6,28,15,13,2,2,0,6,3,3,130,61,69,67,31,36,54,25,29,8,5,3,1,0,1,327,167,160
15,93,Banswada,Kamareddy,08,Pitlam,571406,0000,VILLAGE,Karegaon,Rural,347,1509,737,772,173,93,80,463,214,249,359,194,165,595,357,238,914,380,534,736,396,340,664,358,306,318,186,132,298,139,159,1,0,1,47,33,14,72,38,34,1,1,0,64,35,29,6,1,5,1,1,0,72,38,34,1,1,0,64,35,29,6,1,5,1,1,0,0,0,0,0,0,0,0,0,0,0,0,0,0,0,0,773,341,432
15,93,Banswada,Kamareddy,08,Pitlam,571407,0000,VILLAGE,Godamgaon,Rural,365,1788,907,881,207,111,96,573,297,276,55,22,33,738,451,287,1050,456,594,957,501,456,754,402,352,312,169,143,361,173,188,11,7,4,70,53,17,203,99,104,16,9,7,135,66,69,21,6,15,31,18,13,171,87,84,13,7,6,132,65,67,4,0,4,22,15,7,32,12,20,3,2,1,3,1,2,17,6,11,9,3,6,831,406,425
15,93,Banswada,Kamareddy,08,Pitlam,571408,0000,VILLAGE,Khambapur,Rural,247,1230,596,634,142,67,75,292,136,156,1,1,0,432,258,174,798,338,460,686,341,345,558,282,276,454,237,217,75,27,48,1,0,1,28,18,10,128,59,69,1,0,1,119,56,63,7,2,5,1,1,0,127,59,68,1,0,1,118,56,62,7,2,5,1,1,0,1,0,1,0,0,0,1,0,1,0,0,0,0,0,0,544,255,289
15,93,Banswada,Kamareddy,08,Pitlam,571409,0000,VILLAGE,Mardanda,Rural,246,1119,558,561,157,82,75,292,145,147,9,4,5,454,264,190,665,294,371,645,313,332,645,313,332,215,107,108,399,180,219,0,0,0,31,26,5,0,0,0,0,0,0,0,0,0,0,0,0,0,0,0,0,0,0,0,0,0,0,0,0,0,0,0,0,0,0,0,0,0,0,0,0,0,0,0,0,0,0,0,0,0,474,245,229
15,93,Banswada,Kamareddy,08,Pitlam,571410,0000,VILLAGE,Thimmanagar,Rural,496,2263,1081,1182,276,129,147,641,294,347,268,139,129,1004,595,409,1259,486,773,1300,647,653,989,505,484,219,178,41,684,282,402,21,3,18,65,42,23,311,142,169,7,2,5,292,132,160,0,0,0,12,8,4,304,140,164,6,2,4,286,130,156,0,0,0,12,8,4,7,2,5,1,0,1,6,2,4,0,0,0,0,0,0,963,434,529
15,93,Banswada,Kamareddy,08,Pitlam,571411,0000,VILLAGE,Pitlam,Rural,2550,11789,5811,5978,1488,760,728,1970,1044,926,774,431,343,6413,3552,2861,5376,2259,3117,5092,3005,2087,3040,2049,991,443,306,137,843,428,415,187,103,84,1567,1212,355,2052,956,1096,54,34,20,1354,558,796,112,59,53,532,305,227,1825,881,944,51,32,19,1179,513,666,98,51,47,497,285,212,227,75,152,3,2,1,175,45,130,14,8,6,35,20,15,6697,2806,3891
15,93,Banswada,Kamareddy,08,Pitlam,571412,0000,VILLAGE,Nagampalle,Rural,100,408,211,197,75,39,36,0,0,0,104,57,47,220,134,86,188,77,111,203,106,97,140,99,41,69,65,4,43,19,24,1,1,0,27,14,13,63,7,56,3,1,2,40,2,38,4,0,4,16,4,12,56,7,49,3,1,2,37,2,35,3,0,3,13,4,9,7,0,7,0,0,0,3,0,3,1,0,1,3,0,3,205,105,100
15,93,Banswada,Kamareddy,09,Nizamsagar,571413,0000,VILLAGE,Sanivarpet,Rural,10,39,20,19,10,5,5,0,0,0,39,20,19,5,3,2,34,17,17,26,13,13,15,8,7,7,4,3,8,4,4,0,0,0,0,0,0,11,5,6,0,0,0,11,5,6,0,0,0,0,0,0,10,4,6,0,0,0,10,4,6,0,0,0,0,0,0,1,1,0,0,0,0,1,1,0,0,0,0,0,0,0,13,7,6
15,93,Banswada,Kamareddy,09,Nizamsagar,571414,0000,VILLAGE,Telagapoor,Rural,107,452,228,224,43,20,23,66,31,35,34,19,15,142,102,40,310,126,184,250,125,125,102,63,39,31,19,12,56,33,23,0,0,0,15,11,4,148,62,86,1,0,1,142,57,85,0,0,0,5,5,0,142,58,84,1,0,1,136,53,83,0,0,0,5,5,0,6,4,2,0,0,0,6,4,2,0,0,0,0,0,0,202,103,99
15,93,Banswada,Kamareddy,09,Nizamsagar,571418,0000,VILLAGE,Singitham,Rural,433,1767,812,955,158,85,73,137,56,81,41,20,21,837,502,335,930,310,620,1052,516,536,749,390,359,283,221,62,253,43,210,14,8,6,199,118,81,303,126,177,7,4,3,215,80,135,0,0,0,81,42,39,261,108,153,5,2,3,196,74,122,0,0,0,60,32,28,42,18,24,2,2,0,19,6,13,0,0,0,21,10,11,715,296,419
15,93,Banswada,Kamareddy,09,Nizamsagar,571420,0000,VILLAGE,Vengalampalle,Rural,32,129,57,72,14,6,8,126,55,71,0,0,0,42,24,18,87,33,54,78,34,44,19,13,6,17,12,5,1,0,1,0,0,0,1,1,0,59,21,38,1,0,1,58,21,37,0,0,0,0,0,0,59,21,38,1,0,1,58,21,37,0,0,0,0,0,0,0,0,0,0,0,0,0,0,0,0,0,0,0,0,0,51,23,28
15,93,Banswada,Kamareddy,09,Nizamsagar,571421,0000,VILLAGE,Maqdumpur,Rural,698,3162,1541,1621,399,204,195,285,136,149,1672,830,842,1411,882,529,1751,659,1092,1655,820,835,1500,773,727,366,194,172,1009,489,520,12,5,7,113,85,28,155,47,108,47,18,29,97,26,71,4,1,3,7,2,5,121,29,92,33,11,22,78,15,63,4,1,3,6,2,4,34,18,16,14,7,7,19,11,8,0,0,0,1,0,1,1507,721,786
15,93,Banswada,Kamareddy,09,Nizamsagar,571422,0000,VILLAGE,Galipur,Rural,318,1337,643,694,157,76,81,243,109,134,79,37,42,611,383,228,726,260,466,755,391,364,424,248,176,115,63,52,247,141,106,1,1,0,61,43,18,331,143,188,2,0,2,251,105,146,37,13,24,41,25,16,319,136,183,2,0,2,249,104,145,34,11,23,34,21,13,12,7,5,0,0,0,2,1,1,3,2,1,7,4,3,582,252,330
15,93,Banswada,Kamareddy,09,Nizamsagar,571423,0000,VILLAGE,Komalancha,Rural,485,2162,1042,1120,241,127,114,194,94,100,111,56,55,927,552,375,1235,490,745,1270,623,647,1226,605,621,1059,531,528,116,44,72,24,9,15,27,21,6,44,18,26,3,2,1,7,2,5,13,1,12,21,13,8,30,13,17,2,2,0,6,2,4,10,0,10,12,9,3,14,5,9,1,0,1,1,0,1,3,1,2,9,4,5,892,419,473
15,93,Banswada,Kamareddy,09,Nizamsagar,571424,0000,VILLAGE,Tunkepalle,Rural,313,1525,724,801,168,87,81,106,49,57,96,46,50,677,381,296,848,343,505,805,392,413,805,392,413,192,177,15,530,156,374,7,6,1,76,53,23,0,0,0,0,0,0,0,0,0,0,0,0,0,0,0,0,0,0,0,0,0,0,0,0,0,0,0,0,0,0,0,0,0,0,0,0,0,0,0,0,0,0,0,0,0,720,332,388
15,93,Banswada,Kamareddy,09,Nizamsagar,571425,0000,VILLAGE,Turkapalle,Rural,40,187,86,101,19,13,6,82,35,47,0,0,0,100,50,50,87,36,51,88,47,41,88,47,41,43,42,1,44,5,39,0,0,0,1,0,1,0,0,0,0,0,0,0,0,0,0,0,0,0,0,0,0,0,0,0,0,0,0,0,0,0,0,0,0,0,0,0,0,0,0,0,0,0,0,0,0,0,0,0,0,0,99,39,60
15,93,Banswada,Kamareddy,09,Nizamsagar,571426,0000,VILLAGE,Shairkhanpalle,Rural,46,189,87,102,29,14,15,13,6,7,57,27,30,58,34,24,131,53,78,109,52,57,31,25,6,25,21,4,0,0,0,0,0,0,6,4,2,78,27,51,0,0,0,77,27,50,0,0,0,1,0,1,78,27,51,0,0,0,77,27,50,0,0,0,1,0,1,0,0,0,0,0,0,0,0,0,0,0,0,0,0,0,80,35,45
15,93,Banswada,Kamareddy,09,Nizamsagar,571427,0000,VILLAGE,Narva,Rural,348,1525,734,791,153,87,66,140,68,72,22,11,11,736,423,313,789,311,478,794,424,370,27,21,6,2,1,1,0,0,0,2,2,0,23,18,5,767,403,364,25,22,3,739,378,361,0,0,0,3,3,0,601,335,266,18,18,0,580,314,266,0,0,0,3,3,0,166,68,98,7,4,3,159,64,95,0,0,0,0,0,0,731,310,421
15,93,Banswada,Kamareddy,09,Nizamsagar,571428,0000,VILLAGE,Boorgul,Rural,270,1143,530,613,138,65,73,170,77,93,94,39,55,514,320,194,629,210,419,677,328,349,660,321,339,73,67,6,560,238,322,9,5,4,18,11,7,17,7,10,0,0,0,7,1,6,0,0,0,10,6,4,17,7,10,0,0,0,7,1,6,0,0,0,10,6,4,0,0,0,0,0,0,0,0,0,0,0,0,0,0,0,466,202,264
15,93,Banswada,Kamareddy,09,Nizamsagar,571429,0000,VILLAGE,Gunkul,Rural,704,2970,1418,1552,329,169,160,403,186,217,155,72,83,1454,854,600,1516,564,952,1443,772,671,1091,594,497,237,155,82,655,298,357,22,2,20,177,139,38,352,178,174,26,15,11,265,117,148,5,3,2,56,43,13,336,170,166,26,15,11,255,112,143,5,3,2,50,40,10,16,8,8,0,0,0,10,5,5,0,0,0,6,3,3,1527,646,881
15,93,Banswada,Kamareddy,09,Nizamsagar,571430,0000,VILLAGE,Gorgal,Rural,191,918,427,491,109,56,53,265,131,134,0,0,0,454,252,202,464,175,289,527,257,270,475,241,234,300,146,154,130,68,62,3,2,1,42,25,17,52,16,36,1,0,1,47,14,33,0,0,0,4,2,2,52,16,36,1,0,1,47,14,33,0,0,0,4,2,2,0,0,0,0,0,0,0,0,0,0,0,0,0,0,0,391,170,221
15,93,Banswada,Kamareddy,09,Nizamsagar,571431,0000,VILLAGE,Magi,Rural,302,1265,636,629,128,67,61,184,88,96,2,0,2,577,369,208,688,267,421,763,378,385,221,143,78,16,10,6,139,69,70,1,0,1,65,64,1,542,235,307,0,0,0,527,226,301,2,2,0,13,7,6,542,235,307,0,0,0,527,226,301,2,2,0,13,7,6,0,0,0,0,0,0,0,0,0,0,0,0,0,0,0,502,258,244
15,93,Banswada,Kamareddy,09,Nizamsagar,571432,0000,VILLAGE,Waddepalle,Rural,457,2022,994,1028,239,125,114,300,153,147,79,40,39,797,475,322,1225,519,706,1181,571,610,569,324,245,119,94,25,373,174,199,5,1,4,72,55,17,612,247,365,18,5,13,557,228,329,10,4,6,27,10,17,595,242,353,17,5,12,545,224,321,8,3,5,25,10,15,17,5,12,1,0,1,12,4,8,2,1,1,2,0,2,841,423,418
15,93,Banswada,Kamareddy,09,Nizamsagar,571433,0000,VILLAGE,Mallur,Rural,631,2752,1340,1412,327,187,140,422,200,222,439,220,219,988,599,389,1764,741,1023,1560,772,788,1002,540,462,623,330,293,294,146,148,9,4,5,76,60,16,558,232,326,32,15,17,507,211,296,6,1,5,13,5,8,468,205,263,27,11,16,427,189,238,4,0,4,10,5,5,90,27,63,5,4,1,80,22,58,2,1,1,3,0,3,1192,568,624
15,93,Banswada,Kamareddy,09,Nizamsagar,571434,0000,VILLAGE,Jakkapur,Rural,171,779,367,412,104,49,55,133,65,68,0,0,0,341,200,141,438,167,271,428,212,216,428,212,216,19,8,11,388,186,202,0,0,0,21,18,3,0,0,0,0,0,0,0,0,0,0,0,0,0,0,0,0,0,0,0,0,0,0,0,0,0,0,0,0,0,0,0,0,0,0,0,0,0,0,0,0,0,0,0,0,0,351,155,196
15,93,Banswada,Kamareddy,09,Nizamsagar,571435,0000,VILLAGE,Mangloor,Rural,208,917,437,480,118,53,65,198,96,102,0,0,0,303,169,134,614,268,346,595,283,312,593,281,312,576,275,301,0,0,0,0,0,0,17,6,11,2,2,0,1,1,0,0,0,0,0,0,0,1,1,0,2,2,0,1,1,0,0,0,0,0,0,0,1,1,0,0,0,0,0,0,0,0,0,0,0,0,0,0,0,0,322,154,168
15,93,Banswada,Kamareddy,09,Nizamsagar,571436,0000,VILLAGE,Narsingraopalle,Rural,172,850,418,432,96,44,52,161,73,88,7,4,3,382,232,150,468,186,282,518,269,249,452,244,208,182,110,72,215,91,124,4,2,2,51,41,10,66,25,41,9,4,5,25,8,17,1,0,1,31,13,18,62,23,39,9,4,5,22,7,15,1,0,1,30,12,18,4,2,2,0,0,0,3,1,2,0,0,0,1,1,0,332,149,183
15,93,Banswada,Kamareddy,09,Nizamsagar,571437,0000,VILLAGE,Velugunur,Rural,244,1092,538,554,129,60,69,120,61,59,0,0,0,490,301,189,602,237,365,626,326,300,384,228,156,114,97,17,172,70,102,36,18,18,62,43,19,242,98,144,35,31,4,102,28,74,53,16,37,52,23,29,227,91,136,33,29,4,96,26,70,47,14,33,51,22,29,15,7,8,2,2,0,6,2,4,6,2,4,1,1,0,466,212,254
15,93,Banswada,Kamareddy,09,Nizamsagar,571438,0000,VILLAGE,Brahmanpalle,Rural,179,816,379,437,111,51,60,158,77,81,26,12,14,387,233,154,429,146,283,424,222,202,422,221,201,291,150,141,98,48,50,1,1,0,32,22,10,2,1,1,1,1,0,1,0,1,0,0,0,0,0,0,2,1,1,1,1,0,1,0,1,0,0,0,0,0,0,0,0,0,0,0,0,0,0,0,0,0,0,0,0,0,392,157,235
15,93,Banswada,Kamareddy,09,Nizamsagar,571439,0000,VILLAGE,Arepalle,Rural,348,1323,645,678,168,88,80,267,121,146,0,0,0,561,341,220,762,304,458,741,375,366,739,374,365,15,15,0,602,273,329,1,0,1,121,86,35,2,1,1,0,0,0,1,0,1,0,0,0,1,1,0,2,1,1,0,0,0,1,0,1,0,0,0,1,1,0,0,0,0,0,0,0,0,0,0,0,0,0,0,0,0,582,270,312
15,93,Banswada,Kamareddy,09,Nizamsagar,571440,0000,VILLAGE,Achampet,Rural,673,3187,1673,1514,298,154,144,508,281,227,101,63,38,1735,1086,649,1452,587,865,1409,778,631,732,563,169,112,76,36,327,250,77,7,4,3,286,233,53,677,215,462,35,15,20,598,171,427,6,4,2,38,25,13,625,196,429,31,15,16,557,157,400,3,1,2,34,23,11,52,19,33,4,0,4,41,14,27,3,3,0,4,2,2,1778,895,883
15,93,Banswada,Kamareddy,09,Nizamsagar,571441,0000,VILLAGE,Banjepalle,Rural,670,3083,1483,1600,394,213,181,447,187,260,173,73,100,1516,854,662,1567,629,938,1362,785,577,1307,762,545,105,78,27,849,400,449,17,7,10,336,277,59,55,23,32,8,5,3,13,3,10,2,1,1,32,14,18,44,20,24,6,5,1,7,1,6,2,1,1,29,13,16,11,3,8,2,0,2,6,2,4,0,0,0,3,1,2,1721,698,1023
15,93,Banswada,Kamareddy,09,Nizamsagar,571442,0000,VILLAGE,Hasanpalle,Rural,274,1322,630,692,198,91,107,57,28,29,236,115,121,562,341,221,760,289,471,736,375,361,729,369,360,319,155,164,219,86,133,36,11,25,155,117,38,7,6,1,2,2,0,3,3,0,1,0,1,1,1,0,6,6,0,2,2,0,3,3,0,0,0,0,1,1,0,1,0,1,0,0,0,0,0,0,1,0,1,0,0,0,586,255,331
15,92,Yellareddy,Kamareddy,11,Yellareddy,571443,0000,VILLAGE,Venkatapur,Rural,115,460,229,231,61,31,30,48,23,25,0,0,0,166,106,60,294,123,171,258,130,128,257,129,128,175,92,83,75,32,43,1,0,1,6,5,1,1,1,0,0,0,0,0,0,0,0,0,0,1,1,0,1,1,0,0,0,0,0,0,0,0,0,0,1,1,0,0,0,0,0,0,0,0,0,0,0,0,0,0,0,0,202,99,103
15,92,Yellareddy,Kamareddy,11,Yellareddy,571445,0000,VILLAGE,Vellutla,Rural,648,2702,1282,1420,321,172,149,140,69,71,129,67,62,1040,621,419,1662,661,1001,1644,788,856,1503,732,771,990,560,430,362,49,313,21,15,6,130,108,22,141,56,85,3,2,1,133,53,80,2,0,2,3,1,2,138,55,83,3,2,1,130,52,78,2,0,2,3,1,2,3,1,2,0,0,0,3,1,2,0,0,0,0,0,0,1058,494,564
15,92,Yellareddy,Kamareddy,11,Yellareddy,571446,0000,VILLAGE,Advilingal,Rural,538,2179,1064,1115,250,123,127,451,215,236,24,15,9,882,545,337,1297,519,778,1204,578,626,960,462,498,99,62,37,787,348,439,9,7,2,65,45,20,244,116,128,56,55,1,175,54,121,6,2,4,7,5,2,211,107,104,53,52,1,146,48,98,5,2,3,7,5,2,33,9,24,3,3,0,29,6,23,1,0,1,0,0,0,975,486,489
15,92,Yellareddy,Kamareddy,11,Yellareddy,571447,0000,VILLAGE,Jankampalle (Khurd),Rural,88,371,179,192,44,21,23,0,0,0,112,57,55,160,93,67,211,86,125,186,101,85,186,101,85,42,31,11,134,61,73,0,0,0,10,9,1,0,0,0,0,0,0,0,0,0,0,0,0,0,0,0,0,0,0,0,0,0,0,0,0,0,0,0,0,0,0,0,0,0,0,0,0,0,0,0,0,0,0,0,0,0,185,78,107
15,92,Yellareddy,Kamareddy,11,Yellareddy,571448,0000,VILLAGE,Kottal,Rural,38,162,76,86,20,6,14,0,0,0,0,0,0,43,30,13,119,46,73,104,48,56,104,48,56,9,8,1,95,40,55,0,0,0,0,0,0,0,0,0,0,0,0,0,0,0,0,0,0,0,0,0,0,0,0,0,0,0,0,0,0,0,0,0,0,0,0,0,0,0,0,0,0,0,0,0,0,0,0,0,0,0,58,28,30
15,92,Yellareddy,Kamareddy,11,Yellareddy,571449,0000,VILLAGE,Laxmapur,Rural,161,694,316,378,98,49,49,91,49,42,36,18,18,296,176,120,398,140,258,406,195,211,406,195,211,7,3,4,365,167,198,4,3,1,30,22,8,0,0,0,0,0,0,0,0,0,0,0,0,0,0,0,0,0,0,0,0,0,0,0,0,0,0,0,0,0,0,0,0,0,0,0,0,0,0,0,0,0,0,0,0,0,288,121,167
15,92,Yellareddy,Kamareddy,11,Yellareddy,571450,0000,VILLAGE,Hajipur,Rural,176,839,429,410,116,77,39,35,17,18,735,378,357,373,220,153,466,209,257,360,175,185,294,148,146,2,2,0,275,134,141,1,0,1,16,12,4,66,27,39,2,2,0,58,21,37,4,3,1,2,1,1,50,20,30,2,2,0,45,17,28,1,0,1,2,1,1,16,7,9,0,0,0,13,4,9,3,3,0,0,0,0,479,254,225
15,92,Yellareddy,Kamareddy,11,Yellareddy,571451,0000,VILLAGE,Lingareddipet,Rural,955,3949,1904,2045,459,250,209,596,283,313,103,49,54,1857,1104,753,2092,800,1292,2128,1073,1055,2054,1037,1017,942,464,478,754,348,406,66,16,50,292,209,83,74,36,38,4,2,2,14,5,9,16,2,14,40,27,13,62,31,31,3,2,1,12,5,7,13,1,12,34,23,11,12,5,7,1,0,1,2,0,2,3,1,2,6,4,2,1821,831,990
15,92,Yellareddy,Kamareddy,11,Yellareddy,571452,0000,VILLAGE,Timmareddy,Rural,411,1952,954,998,276,124,152,449,208,241,405,199,206,765,490,275,1187,464,723,1045,527,518,1009,508,501,556,288,268,352,153,199,14,3,11,87,64,23,36,19,17,6,4,2,18,9,9,4,0,4,8,6,2,34,18,16,4,3,1,18,9,9,4,0,4,8,6,2,2,1,1,2,1,1,0,0,0,0,0,0,0,0,0,907,427,480
15,92,Yellareddy,Kamareddy,11,Yellareddy,571453,0000,VILLAGE,Annasagar,Rural,369,1574,753,821,178,99,79,278,130,148,78,38,40,710,411,299,864,342,522,753,419,334,742,412,330,233,141,92,460,230,230,2,2,0,47,39,8,11,7,4,1,1,0,4,2,2,5,4,1,1,0,1,10,6,4,0,0,0,4,2,2,5,4,1,1,0,1,1,1,0,1,1,0,0,0,0,0,0,0,0,0,0,821,334,487
15,92,Yellareddy,Kamareddy,11,Yellareddy,571455,0000,VILLAGE,Somawarpet,Rural,209,886,428,458,116,55,61,85,38,47,0,0,0,413,256,157,473,172,301,471,248,223,377,223,154,77,47,30,135,61,74,7,5,2,158,110,48,94,25,69,7,5,2,63,12,51,2,1,1,22,7,15,82,20,62,4,2,2,55,11,44,2,1,1,21,6,15,12,5,7,3,3,0,8,1,7,0,0,0,1,1,0,415,180,235
15,92,Yellareddy,Kamareddy,11,Yellareddy,571456,0000,VILLAGE,Moulanakhed,Rural,79,283,134,149,33,18,15,2,2,0,0,0,0,90,53,37,193,81,112,177,86,91,170,84,86,127,66,61,25,6,19,0,0,0,18,12,6,7,2,5,1,0,1,5,1,4,0,0,0,1,1,0,6,1,5,1,0,1,4,0,4,0,0,0,1,1,0,1,1,0,0,0,0,1,1,0,0,0,0,0,0,0,106,48,58
15,92,Yellareddy,Kamareddy,11,Yellareddy,571457,0000,VILLAGE,Gandimasanipet,Rural,434,1975,969,1006,272,150,122,399,187,212,320,156,164,871,514,357,1104,455,649,1078,543,535,796,495,301,163,119,44,396,222,174,9,5,4,228,149,79,282,48,234,17,6,11,234,25,209,8,3,5,23,14,9,229,46,183,13,6,7,190,25,165,6,2,4,20,13,7,53,2,51,4,0,4,44,0,44,2,1,1,3,1,2,897,426,471
15,92,Yellareddy,Kamareddy,11,Yellareddy,571458,0000,VILLAGE,Timmapur,Rural,186,855,425,430,105,47,58,103,46,57,212,106,106,406,267,139,449,158,291,440,220,220,425,213,212,321,155,166,54,23,31,5,3,2,45,32,13,15,7,8,2,1,1,8,3,5,0,0,0,5,3,2,14,6,8,2,1,1,8,3,5,0,0,0,4,2,2,1,1,0,0,0,0,0,0,0,0,0,0,1,1,0,415,205,210
15,92,Yellareddy,Kamareddy,11,Yellareddy,571459,0000,VILLAGE,Misanpalle,Rural,194,882,424,458,119,64,55,101,49,52,229,109,120,391,221,170,491,203,288,473,235,238,471,235,236,410,214,196,31,4,27,3,1,2,27,16,11,2,0,2,2,0,2,0,0,0,0,0,0,0,0,0,1,0,1,1,0,1,0,0,0,0,0,0,0,0,0,1,0,1,1,0,1,0,0,0,0,0,0,0,0,0,409,189,220
15,92,Yellareddy,Kamareddy,11,Yellareddy,571460,0000,VILLAGE,Devanpalle,Rural,129,492,248,244,36,20,16,11,6,5,34,14,20,271,177,94,221,71,150,309,151,158,297,144,153,96,73,23,141,31,110,0,0,0,60,40,20,12,7,5,3,2,1,3,3,0,0,0,0,6,2,4,8,3,5,1,0,1,1,1,0,0,0,0,6,2,4,4,4,0,2,2,0,2,2,0,0,0,0,0,0,0,183,97,86
15,92,Yellareddy,Kamareddy,11,Yellareddy,571461,0000,VILLAGE,Venkatapur (Agraharam),Rural,54,222,116,106,33,24,9,49,25,24,0,0,0,65,37,28,157,79,78,121,59,62,121,59,62,31,15,16,73,33,40,13,8,5,4,3,1,0,0,0,0,0,0,0,0,0,0,0,0,0,0,0,0,0,0,0,0,0,0,0,0,0,0,0,0,0,0,0,0,0,0,0,0,0,0,0,0,0,0,0,0,0,101,57,44
15,92,Yellareddy,Kamareddy,11,Yellareddy,571462,0000,VILLAGE,Mallaipalle,Rural,138,588,272,316,76,31,45,0,0,0,47,25,22,206,120,86,382,152,230,370,169,201,366,168,198,0,0,0,366,168,198,0,0,0,0,0,0,4,1,3,0,0,0,4,1,3,0,0,0,0,0,0,4,1,3,0,0,0,4,1,3,0,0,0,0,0,0,0,0,0,0,0,0,0,0,0,0,0,0,0,0,0,218,103,115
15,92,Yellareddy,Kamareddy,11,Yellareddy,571463,0000,VILLAGE,Safdarpur,Rural,106,436,211,225,58,29,29,113,54,59,0,0,0,165,109,56,271,102,169,223,114,109,221,112,109,45,24,21,137,59,78,5,3,2,34,26,8,2,2,0,0,0,0,0,0,0,1,1,0,1,1,0,2,2,0,0,0,0,0,0,0,1,1,0,1,1,0,0,0,0,0,0,0,0,0,0,0,0,0,0,0,0,213,97,116
15,92,Yellareddy,Kamareddy,11,Yellareddy,571464,0000,VILLAGE,Daval Malkapalle,Rural,78,332,154,178,37,16,21,63,29,34,0,0,0,157,91,66,175,63,112,182,90,92,16,14,2,4,3,1,2,2,0,0,0,0,10,9,1,166,76,90,42,19,23,117,52,65,1,0,1,6,5,1,166,76,90,42,19,23,117,52,65,1,0,1,6,5,1,0,0,0,0,0,0,0,0,0,0,0,0,0,0,0,150,64,86
15,92,Yellareddy,Kamareddy,11,Yellareddy,571465,0000,VILLAGE,Repallewada,Rural,133,559,279,280,80,45,35,41,21,20,0,0,0,224,138,86,335,141,194,273,156,117,253,146,107,43,36,7,175,84,91,21,14,7,14,12,2,20,10,10,0,0,0,7,1,6,8,5,3,5,4,1,15,6,9,0,0,0,6,0,6,6,3,3,3,3,0,5,4,1,0,0,0,1,1,0,2,2,0,2,1,1,286,123,163
15,92,Yellareddy,Kamareddy,11,Yellareddy,571466,0000,VILLAGE,Rudraram,Rural,318,1281,595,686,144,58,86,550,253,297,5,2,3,511,294,217,770,301,469,641,333,308,613,329,284,53,46,7,508,250,258,2,1,1,50,32,18,28,4,24,0,0,0,15,0,15,7,0,7,6,4,2,13,3,10,0,0,0,6,0,6,3,0,3,4,3,1,15,1,14,0,0,0,9,0,9,4,0,4,2,1,1,640,262,378
15,92,Yellareddy,Kamareddy,11,Yellareddy,571467,0000,VILLAGE,Mathmal,Rural,235,1007,456,551,96,46,50,258,109,149,0,0,0,430,239,191,577,217,360,452,265,187,289,184,105,96,89,7,162,71,91,9,7,2,22,17,5,163,81,82,18,10,8,136,64,72,0,0,0,9,7,2,162,80,82,18,10,8,135,63,72,0,0,0,9,7,2,1,1,0,0,0,0,1,1,0,0,0,0,0,0,0,555,191,364
15,92,Yellareddy,Kamareddy,11,Yellareddy,571468,0000,VILLAGE,Jangamaipalle,Rural,700,2891,1352,1539,281,143,138,547,240,307,79,36,43,1259,727,532,1632,625,1007,1458,761,697,1457,761,696,372,292,80,920,334,586,5,3,2,160,132,28,1,0,1,0,0,0,0,0,0,0,0,0,1,0,1,1,0,1,0,0,0,0,0,0,0,0,0,1,0,1,0,0,0,0,0,0,0,0,0,0,0,0,0,0,0,1433,591,842
15,92,Yellareddy,Kamareddy,11,Yellareddy,571469,0000,VILLAGE,Brahmanpalle,Rural,152,650,313,337,87,37,50,92,44,48,54,32,22,281,166,115,369,147,222,358,174,184,157,102,55,46,32,14,84,53,31,3,1,2,24,16,8,201,72,129,16,14,2,178,54,124,3,1,2,4,3,1,178,62,116,16,14,2,157,46,111,2,0,2,3,2,1,23,10,13,0,0,0,21,8,13,1,1,0,1,1,0,292,139,153
15,92,Yellareddy,Kamareddy,11,Yellareddy,571470,0000,VILLAGE,Machapur,Rural,282,1397,662,735,190,85,105,139,65,74,61,28,33,717,424,293,680,238,442,686,361,325,674,353,321,264,157,107,284,107,177,15,10,5,111,79,32,12,8,4,0,0,0,8,6,2,0,0,0,4,2,2,11,8,3,0,0,0,7,6,1,0,0,0,4,2,2,1,0,1,0,0,0,1,0,1,0,0,0,0,0,0,711,301,410
15,92,Yellareddy,Kamareddy,11,Yellareddy,571471,0000,VILLAGE,Bhiknoor,Rural,299,1382,669,713,199,120,79,292,140,152,408,214,194,451,261,190,931,408,523,693,330,363,692,329,363,337,163,174,328,147,181,2,0,2,25,19,6,1,1,0,0,0,0,0,0,0,0,0,0,1,1,0,1,1,0,0,0,0,0,0,0,0,0,0,1,1,0,0,0,0,0,0,0,0,0,0,0,0,0,0,0,0,689,339,350
15,92,Yellareddy,Kamareddy,11,Yellareddy,571472,0000,VILLAGE,Sivapur,Rural,68,330,162,168,36,18,18,97,46,51,0,0,0,135,84,51,195,78,117,190,90,100,190,90,100,146,70,76,42,19,23,0,0,0,2,1,1,0,0,0,0,0,0,0,0,0,0,0,0,0,0,0,0,0,0,0,0,0,0,0,0,0,0,0,0,0,0,0,0,0,0,0,0,0,0,0,0,0,0,0,0,0,140,72,68
15,92,Yellareddy,Kamareddy,10,Naga_Reddipet,571474,0000,VILLAGE,Yerraram,Rural,131,532,260,272,58,31,27,61,26,35,0,0,0,247,155,92,285,105,180,255,131,124,74,68,6,71,65,6,0,0,0,0,0,0,3,3,0,181,63,118,2,2,0,173,58,115,0,0,0,6,3,3,181,63,118,2,2,0,173,58,115,0,0,0,6,3,3,0,0,0,0,0,0,0,0,0,0,0,0,0,0,0,277,129,148
15,92,Yellareddy,Kamareddy,10,Naga_Reddipet,571475,0000,VILLAGE,Achaipalle,Rural,89,411,205,206,47,23,24,111,57,54,1,1,0,170,110,60,241,95,146,228,107,121,106,87,19,48,48,0,29,19,10,0,0,0,29,20,9,122,20,102,0,0,0,119,18,101,0,0,0,3,2,1,119,18,101,0,0,0,116,16,100,0,0,0,3,2,1,3,2,1,0,0,0,3,2,1,0,0,0,0,0,0,183,98,85
15,92,Yellareddy,Kamareddy,10,Naga_Reddipet,571476,0000,VILLAGE,Jalalpur,Rural,412,1704,822,882,183,92,91,367,168,199,16,11,5,602,364,238,1102,458,644,1044,492,552,214,94,120,3,2,1,186,79,107,1,1,0,24,12,12,830,398,432,0,0,0,776,370,406,20,9,11,34,19,15,149,86,63,0,0,0,109,64,45,6,3,3,34,19,15,681,312,369,0,0,0,667,306,361,14,6,8,0,0,0,660,330,330
15,92,Yellareddy,Kamareddy,10,Naga_Reddipet,571477,0000,VILLAGE,Ramakkapalle,Rural,86,365,165,200,46,19,27,186,80,106,5,2,3,130,75,55,235,90,145,192,86,106,22,16,6,7,6,1,14,9,5,0,0,0,1,1,0,170,70,100,0,0,0,170,70,100,0,0,0,0,0,0,48,16,32,0,0,0,48,16,32,0,0,0,0,0,0,122,54,68,0,0,0,122,54,68,0,0,0,0,0,0,173,79,94
15,92,Yellareddy,Kamareddy,10,Naga_Reddipet,571478,0000,VILLAGE,Kannareddy,Rural,98,397,188,209,45,22,23,147,66,81,0,0,0,175,107,68,222,81,141,250,118,132,249,118,131,85,74,11,160,40,120,0,0,0,4,4,0,1,0,1,0,0,0,1,0,1,0,0,0,0,0,0,1,0,1,0,0,0,1,0,1,0,0,0,0,0,0,0,0,0,0,0,0,0,0,0,0,0,0,0,0,0,147,70,77
15,92,Yellareddy,Kamareddy,10,Naga_Reddipet,571479,0000,VILLAGE,Zapti Jankampalle,Rural,400,1988,978,1010,313,169,144,163,82,81,969,482,487,642,437,205,1346,541,805,1148,531,617,767,372,395,337,210,127,366,122,244,10,4,6,54,36,18,381,159,222,3,1,2,373,158,215,2,0,2,3,0,3,373,156,217,3,1,2,367,155,212,1,0,1,2,0,2,8,3,5,0,0,0,6,3,3,1,0,1,1,0,1,840,447,393
15,92,Yellareddy,Kamareddy,10,Naga_Reddipet,571480,0000,VILLAGE,Bollaram,Rural,615,3013,1448,1565,458,215,243,347,155,192,1154,560,594,987,634,353,2026,814,1212,1612,798,814,1347,733,614,827,471,356,411,186,225,16,14,2,93,62,31,265,65,200,17,7,10,203,38,165,6,0,6,39,20,19,209,45,164,13,5,8,172,30,142,2,0,2,22,10,12,56,20,36,4,2,2,31,8,23,4,0,4,17,10,7,1401,650,751
15,92,Yellareddy,Kamareddy,10,Naga_Reddipet,571481,0000,VILLAGE,Dharmareddy,Rural,231,919,433,486,96,59,37,62,25,37,69,32,37,347,209,138,572,224,348,527,241,286,389,186,203,275,137,138,81,26,55,2,0,2,31,23,8,138,55,83,9,3,6,126,50,76,1,1,0,2,1,1,137,55,82,9,3,6,125,50,75,1,1,0,2,1,1,1,0,1,0,0,0,1,0,1,0,0,0,0,0,0,392,192,200
15,92,Yellareddy,Kamareddy,10,Naga_Reddipet,571482,0000,VILLAGE,Raghavapalle,Rural,314,1292,612,680,149,77,72,296,136,160,124,62,62,522,310,212,770,302,468,647,308,339,572,280,292,161,94,67,313,138,175,63,25,38,35,23,12,75,28,47,2,2,0,67,24,43,3,1,2,3,1,2,69,24,45,1,1,0,62,21,41,3,1,2,3,1,2,6,4,2,1,1,0,5,3,2,0,0,0,0,0,0,645,304,341
15,92,Yellareddy,Kamareddy,10,Naga_Reddipet,571483,0000,VILLAGE,Masanpalle,Rural,219,951,446,505,97,57,40,277,122,155,1,0,1,486,277,209,465,169,296,437,238,199,192,107,85,65,44,21,100,43,57,1,1,0,26,19,7,245,131,114,7,3,4,167,90,77,7,1,6,64,37,27,216,118,98,4,2,2,153,84,69,4,0,4,55,32,23,29,13,16,3,1,2,14,6,8,3,1,2,9,5,4,514,208,306
15,92,Yellareddy,Kamareddy,10,Naga_Reddipet,571484,0000,VILLAGE,Atmakur,Rural,592,2465,1205,1260,253,135,118,405,185,220,0,0,0,1199,720,479,1266,485,781,1283,679,604,522,320,202,156,126,30,260,110,150,6,1,5,100,83,17,761,359,402,29,22,7,555,203,352,17,14,3,160,120,40,725,341,384,29,22,7,543,203,340,11,8,3,142,108,34,36,18,18,0,0,0,12,0,12,6,6,0,18,12,6,1182,526,656
15,92,Yellareddy,Kamareddy,10,Naga_Reddipet,571485,0000,VILLAGE,Matur,Rural,150,613,301,312,68,36,32,81,42,39,1,0,1,297,190,107,316,111,205,312,176,136,298,168,130,53,35,18,212,107,105,3,2,1,30,24,6,14,8,6,2,2,0,7,3,4,1,0,1,4,3,1,13,7,6,1,1,0,7,3,4,1,0,1,4,3,1,1,1,0,1,1,0,0,0,0,0,0,0,0,0,0,301,125,176
15,92,Yellareddy,Kamareddy,10,Naga_Reddipet,571486,0000,VILLAGE,Tandur,Rural,806,3422,1638,1784,413,216,197,619,285,334,25,10,15,1378,812,566,2044,826,1218,1682,906,776,1438,842,596,164,144,20,967,480,487,53,19,34,254,199,55,244,64,180,1,1,0,178,41,137,22,5,17,43,17,26,153,52,101,1,1,0,99,35,64,16,4,12,37,12,25,91,12,79,0,0,0,79,6,73,6,1,5,6,5,1,1740,732,1008
15,92,Yellareddy,Kamareddy,10,Naga_Reddipet,571487,0000,VILLAGE,Akkampalle,Rural,112,454,221,233,51,25,26,0,0,0,38,21,17,200,120,80,254,101,153,250,121,129,175,98,77,77,59,18,82,28,54,0,0,0,16,11,5,75,23,52,0,0,0,56,12,44,6,0,6,13,11,2,73,22,51,0,0,0,54,11,43,6,0,6,13,11,2,2,1,1,0,0,0,2,1,1,0,0,0,0,0,0,204,100,104
15,92,Yellareddy,Kamareddy,10,Naga_Reddipet,571488,0000,VILLAGE,Venkampalle,Rural,205,732,353,379,72,32,40,29,14,15,0,0,0,405,246,159,327,107,220,417,211,206,220,138,82,141,85,56,37,21,16,1,1,0,41,31,10,197,73,124,32,3,29,126,45,81,0,0,0,39,25,14,175,68,107,31,3,28,113,43,70,0,0,0,31,22,9,22,5,17,1,0,1,13,2,11,0,0,0,8,3,5,315,142,173
15,92,Yellareddy,Kamareddy,10,Naga_Reddipet,571489,0000,VILLAGE,Lingampalle (Kalan),Rural,233,1018,484,534,124,65,59,297,139,158,99,46,53,421,258,163,597,226,371,550,258,292,376,213,163,310,191,119,48,6,42,0,0,0,18,16,2,174,45,129,6,1,5,163,40,123,0,0,0,5,4,1,159,39,120,6,1,5,152,37,115,0,0,0,1,1,0,15,6,9,0,0,0,11,3,8,0,0,0,4,3,1,468,226,242
15,92,Yellareddy,Kamareddy,10,Naga_Reddipet,571490,0000,VILLAGE,Nagireddypet,Rural,1164,5109,2442,2667,637,332,305,798,353,445,316,153,163,2795,1562,1233,2314,880,1434,2611,1424,1187,2109,1206,903,584,343,241,889,402,487,57,28,29,579,433,146,502,218,284,11,7,4,406,180,226,39,7,32,46,24,22,445,196,249,9,6,3,376,169,207,26,4,22,34,17,17,57,22,35,2,1,1,30,11,19,13,3,10,12,7,5,2498,1018,1480
15,92,Yellareddy,Kamareddy,10,Naga_Reddipet,571491,0000,VILLAGE,Chinur,Rural,669,2681,1267,1414,277,145,132,617,278,339,8,4,4,1065,636,429,1616,631,985,1533,749,784,862,465,397,528,310,218,212,61,151,0,0,0,122,94,28,671,284,387,18,6,12,605,249,356,14,7,7,34,22,12,249,105,144,13,6,7,210,81,129,0,0,0,26,18,8,422,179,243,5,0,5,395,168,227,14,7,7,8,4,4,1148,518,630
15,92,Yellareddy,Kamareddy,10,Naga_Reddipet,571492,0000,VILLAGE,Golilingal,Rural,318,1259,603,656,126,64,62,316,149,167,24,12,12,691,393,298,568,210,358,668,337,331,264,155,109,154,94,60,51,15,36,7,2,5,52,44,8,404,182,222,2,1,1,382,169,213,1,0,1,19,12,7,394,179,215,2,1,1,378,169,209,0,0,0,14,9,5,10,3,7,0,0,0,4,0,4,1,0,1,5,3,2,591,266,325
15,92,Yellareddy,Kamareddy,10,Naga_Reddipet,571493,0000,VILLAGE,Malthummeda,Rural,619,2518,1196,1322,271,135,136,626,285,341,1,0,1,1149,674,475,1369,522,847,1280,671,609,472,290,182,262,160,102,44,30,14,43,8,35,123,92,31,808,381,427,13,6,7,653,291,362,14,3,11,128,81,47,739,361,378,11,5,6,596,276,320,12,3,9,120,77,43,69,20,49,2,1,1,57,15,42,2,0,2,8,4,4,1238,525,713
15,92,Yellareddy,Kamareddy,10,Naga_Reddipet,571494,0000,VILLAGE,Vadalparthi,Rural,316,1321,652,669,163,91,72,229,116,113,3,1,2,613,367,246,708,285,423,649,332,317,627,319,308,136,82,54,423,193,230,9,3,6,59,41,18,22,13,9,5,5,0,12,4,8,0,0,0,5,4,1,22,13,9,5,5,0,12,4,8,0,0,0,5,4,1,0,0,0,0,0,0,0,0,0,0,0,0,0,0,0,672,320,352
15,92,Yellareddy,Kamareddy,10,Naga_Reddipet,571495,0000,VILLAGE,Pocharam,Rural,351,1437,681,756,153,79,74,365,176,189,2,2,0,778,451,327,659,230,429,728,395,333,656,365,291,63,46,17,492,250,242,18,9,9,83,60,23,72,30,42,5,2,3,55,21,34,0,0,0,12,7,5,62,25,37,5,2,3,47,17,30,0,0,0,10,6,4,10,5,5,0,0,0,8,4,4,0,0,0,2,1,1,709,286,423
15,92,Yellareddy,Kamareddy,12,Lingampet,571496,0000,VILLAGE,Kanchmahal,Rural,55,246,120,126,29,15,14,152,69,83,0,0,0,101,62,39,145,58,87,132,68,64,130,67,63,128,65,63,0,0,0,0,0,0,2,2,0,2,1,1,0,0,0,1,0,1,0,0,0,1,1,0,1,1,0,0,0,0,0,0,0,0,0,0,1,1,0,1,0,1,0,0,0,1,0,1,0,0,0,0,0,0,114,52,62
15,92,Yellareddy,Kamareddy,12,Lingampet,571497,0000,VILLAGE,Kondapur,Rural,179,866,438,428,124,71,53,40,21,19,78,40,38,310,188,122,556,250,306,433,221,212,426,217,209,407,207,200,6,3,3,0,0,0,13,7,6,7,4,3,3,2,1,3,1,2,1,1,0,0,0,0,7,4,3,3,2,1,3,1,2,1,1,0,0,0,0,0,0,0,0,0,0,0,0,0,0,0,0,0,0,0,433,217,216
15,92,Yellareddy,Kamareddy,12,Lingampet,571498,0000,VILLAGE,Mombajipet,Rural,318,1634,812,822,233,125,108,97,46,51,400,205,195,748,455,293,886,357,529,919,441,478,874,431,443,801,390,411,16,5,11,16,6,10,41,30,11,45,10,35,5,1,4,22,1,21,0,0,0,18,8,10,41,10,31,5,1,4,18,1,17,0,0,0,18,8,10,4,0,4,0,0,0,4,0,4,0,0,0,0,0,0,715,371,344
15,92,Yellareddy,Kamareddy,12,Lingampet,571499,0000,VILLAGE,Banapur,Rural,353,1651,790,861,193,95,98,241,110,131,277,136,141,736,433,303,915,357,558,839,431,408,832,425,407,641,315,326,110,51,59,3,0,3,78,59,19,7,6,1,0,0,0,0,0,0,0,0,0,7,6,1,6,5,1,0,0,0,0,0,0,0,0,0,6,5,1,1,1,0,0,0,0,0,0,0,0,0,0,1,1,0,812,359,453
15,92,Yellareddy,Kamareddy,12,Lingampet,571500,0000,VILLAGE,Korpole,Rural,353,1540,734,806,193,103,90,275,131,144,66,29,37,613,366,247,927,368,559,863,409,454,820,402,418,593,317,276,71,33,38,121,26,95,35,26,9,43,7,36,4,1,3,24,4,20,11,1,10,4,1,3,33,5,28,3,1,2,18,3,15,8,0,8,4,1,3,10,2,8,1,0,1,6,1,5,3,1,2,0,0,0,677,325,352
15,92,Yellareddy,Kamareddy,12,Lingampet,571501,0000,VILLAGE,Nallamadugu,Rural,329,1499,745,754,177,95,82,332,158,174,510,259,251,714,439,275,785,306,479,895,429,466,666,312,354,184,81,103,414,192,222,14,7,7,54,32,22,229,117,112,7,4,3,134,58,76,10,2,8,78,53,25,201,103,98,7,4,3,118,52,66,5,1,4,71,46,25,28,14,14,0,0,0,16,6,10,5,1,4,7,7,0,604,316,288
15,92,Yellareddy,Kamareddy,12,Lingampet,571502,0000,VILLAGE,Motha,Rural,609,2703,1300,1403,318,153,165,329,171,158,262,121,141,1265,748,517,1438,552,886,1482,715,767,1140,560,580,495,257,238,558,249,309,24,15,9,63,39,24,342,155,187,15,7,8,311,140,171,3,1,2,13,7,6,329,148,181,15,7,8,300,135,165,2,0,2,12,6,6,13,7,6,0,0,0,11,5,6,1,1,0,1,1,0,1221,585,636
15,92,Yellareddy,Kamareddy,12,Lingampet,571503,0000,VILLAGE,Yellaram,Rural,57,253,127,126,29,16,13,6,2,4,2,1,1,96,58,38,157,69,88,138,74,64,122,63,59,119,60,59,0,0,0,0,0,0,3,3,0,16,11,5,0,0,0,9,4,5,0,0,0,7,7,0,10,8,2,0,0,0,4,2,2,0,0,0,6,6,0,6,3,3,0,0,0,5,2,3,0,0,0,1,1,0,115,53,62
15,92,Yellareddy,Kamareddy,12,Lingampet,571504,0000,VILLAGE,Lingampalle (Khurd),Rural,713,3276,1623,1653,441,239,202,827,403,424,1033,526,507,1363,871,492,1913,752,1161,1700,858,842,1317,724,593,654,356,298,543,289,254,6,3,3,114,76,38,383,134,249,85,19,66,272,104,168,12,2,10,14,9,5,222,82,140,74,13,61,132,63,69,9,1,8,7,5,2,161,52,109,11,6,5,140,41,99,3,1,2,7,4,3,1576,765,811
15,92,Yellareddy,Kamareddy,12,Lingampet,571505,0000,VILLAGE,Nagaram,Rural,30,163,85,78,23,13,10,4,3,1,46,24,22,42,25,17,121,60,61,90,46,44,90,46,44,89,45,44,0,0,0,1,1,0,0,0,0,0,0,0,0,0,0,0,0,0,0,0,0,0,0,0,0,0,0,0,0,0,0,0,0,0,0,0,0,0,0,0,0,0,0,0,0,0,0,0,0,0,0,0,0,0,73,39,34
15,92,Yellareddy,Kamareddy,12,Lingampet,571506,0000,VILLAGE,Bayampalle,Rural,110,511,257,254,55,37,18,128,63,65,208,107,101,200,114,86,311,143,168,254,125,129,254,125,129,254,125,129,0,0,0,0,0,0,0,0,0,0,0,0,0,0,0,0,0,0,0,0,0,0,0,0,0,0,0,0,0,0,0,0,0,0,0,0,0,0,0,0,0,0,0,0,0,0,0,0,0,0,0,0,0,0,257,132,125
15,92,Yellareddy,Kamareddy,12,Lingampet,571507,0000,VILLAGE,Jaldipalle,Rural,192,799,389,410,90,48,42,110,52,58,0,0,0,351,213,138,448,176,272,546,250,296,489,238,251,446,216,230,1,0,1,15,0,15,27,22,5,57,12,45,2,1,1,9,0,9,36,6,30,10,5,5,8,3,5,2,1,1,3,0,3,1,0,1,2,2,0,49,9,40,0,0,0,6,0,6,35,6,29,8,3,5,253,139,114
15,92,Yellareddy,Kamareddy,12,Lingampet,571508,0000,VILLAGE,Bhavanipet,Rural,580,2571,1239,1332,345,174,171,451,192,259,105,49,56,1107,672,435,1464,567,897,1372,685,687,1327,673,654,938,490,448,272,99,173,29,11,18,88,73,15,45,12,33,7,4,3,20,3,17,10,0,10,8,5,3,42,11,31,7,4,3,20,3,17,8,0,8,7,4,3,3,1,2,0,0,0,0,0,0,2,0,2,1,1,0,1199,554,645
15,92,Yellareddy,Kamareddy,12,Lingampet,571509,0000,VILLAGE,Rampur,Rural,175,761,376,385,152,81,71,20,12,8,140,68,72,215,121,94,546,255,291,475,235,240,474,234,240,444,220,224,5,3,2,2,1,1,23,10,13,1,1,0,1,1,0,0,0,0,0,0,0,0,0,0,1,1,0,1,1,0,0,0,0,0,0,0,0,0,0,0,0,0,0,0,0,0,0,0,0,0,0,0,0,0,286,141,145
15,92,Yellareddy,Kamareddy,12,Lingampet,571510,0000,VILLAGE,Bonal,Rural,299,1351,650,701,152,74,78,305,141,164,419,214,205,572,348,224,779,302,477,709,330,379,622,314,308,247,199,48,340,100,240,6,0,6,29,15,14,87,16,71,2,1,1,77,12,65,1,0,1,7,3,4,87,16,71,2,1,1,77,12,65,1,0,1,7,3,4,0,0,0,0,0,0,0,0,0,0,0,0,0,0,0,642,320,322
15,92,Yellareddy,Kamareddy,12,Lingampet,571511,0000,VILLAGE,Mangaram,Rural,177,716,337,379,69,31,38,119,54,65,18,10,8,333,205,128,383,132,251,508,246,262,28,12,16,5,2,3,10,4,6,3,1,2,10,5,5,480,234,246,83,67,16,211,74,137,38,20,18,148,73,75,152,76,76,22,17,5,32,9,23,6,3,3,92,47,45,328,158,170,61,50,11,179,65,114,32,17,15,56,26,30,208,91,117
15,92,Yellareddy,Kamareddy,12,Lingampet,571512,0000,VILLAGE,Lingampet,Rural,2207,9860,4767,5093,1197,614,583,1220,582,638,911,429,482,4790,2818,1972,5070,1949,3121,4724,2508,2216,3271,1911,1360,1387,774,613,685,396,289,338,67,271,861,674,187,1453,597,856,69,38,31,1054,422,632,73,13,60,257,124,133,1248,512,736,65,35,30,942,382,560,64,9,55,177,86,91,205,85,120,4,3,1,112,40,72,9,4,5,80,38,42,5136,2259,2877
15,92,Yellareddy,Kamareddy,12,Lingampet,571513,0000,VILLAGE,Shetpalle,Rural,563,2569,1228,1341,321,164,157,4,1,3,334,158,176,1144,675,469,1425,553,872,1404,685,719,1344,657,687,989,470,519,163,58,105,66,30,36,126,99,27,60,28,32,44,26,18,11,1,10,1,0,1,4,1,3,26,8,18,14,7,7,9,0,9,1,0,1,2,1,1,34,20,14,30,19,11,2,1,1,0,0,0,2,0,2,1165,543,622
15,92,Yellareddy,Kamareddy,12,Lingampet,571514,0000,VILLAGE,Perumalla,Rural,542,2453,1206,1247,314,162,152,365,173,192,836,426,410,842,522,320,1611,684,927,1220,603,617,1098,562,536,634,378,256,398,131,267,3,1,2,63,52,11,122,41,81,6,2,4,66,12,54,18,8,10,32,19,13,113,38,75,6,2,4,63,11,52,18,8,10,26,17,9,9,3,6,0,0,0,3,1,2,0,0,0,6,2,4,1233,603,630
15,92,Yellareddy,Kamareddy,12,Lingampet,571515,0000,VILLAGE,Shatpalle,Rural,1254,6004,2914,3090,747,377,370,644,307,337,787,379,408,2376,1435,941,3628,1479,2149,3647,1809,1838,3379,1682,1697,2856,1422,1434,227,106,121,117,47,70,179,107,72,268,127,141,44,23,21,29,11,18,41,15,26,154,78,76,213,103,110,36,19,17,28,11,17,34,14,20,115,59,56,55,24,31,8,4,4,1,0,1,7,1,6,39,19,20,2357,1105,1252
15,92,Yellareddy,Kamareddy,12,Lingampet,571516,0000,VILLAGE,Polkampet,Rural,537,2223,1052,1171,244,117,127,380,166,214,109,55,54,975,583,392,1248,469,779,1249,603,646,1073,527,546,982,472,510,25,9,16,28,17,11,38,29,9,176,76,100,6,1,5,135,56,79,8,6,2,27,13,14,125,53,72,5,1,4,103,42,61,7,5,2,10,5,5,51,23,28,1,0,1,32,14,18,1,1,0,17,8,9,974,449,525
15,92,Yellareddy,Kamareddy,12,Lingampet,571517,0000,VILLAGE,Kannapur,Rural,180,891,436,455,127,67,60,245,112,133,258,128,130,313,200,113,578,236,342,483,223,260,483,223,260,464,211,253,2,0,2,7,4,3,10,8,2,0,0,0,0,0,0,0,0,0,0,0,0,0,0,0,0,0,0,0,0,0,0,0,0,0,0,0,0,0,0,0,0,0,0,0,0,0,0,0,0,0,0,0,0,0,408,213,195
15,92,Yellareddy,Kamareddy,12,Lingampet,571518,0000,VILLAGE,Pothaipalle,Rural,829,3582,1780,1802,471,254,217,622,315,307,645,320,325,1278,803,475,2304,977,1327,1990,963,1027,1235,627,608,685,357,328,414,189,225,70,33,37,66,48,18,755,336,419,10,6,4,677,289,388,33,16,17,35,25,10,691,330,361,10,6,4,617,285,332,31,15,16,33,24,9,64,6,58,0,0,0,60,4,56,2,1,1,2,1,1,1592,817,775
15,91,Kamareddy,Kamareddy,15,Tadwai,571519,0000,VILLAGE,Karadpalle,Rural,431,1751,855,896,177,91,86,511,249,262,0,0,0,831,487,344,920,368,552,978,502,476,966,495,471,296,175,121,426,224,202,125,7,118,119,89,30,12,7,5,2,1,1,4,2,2,0,0,0,6,4,2,10,6,4,0,0,0,4,2,2,0,0,0,6,4,2,2,1,1,2,1,1,0,0,0,0,0,0,0,0,0,773,353,420
15,91,Kamareddy,Kamareddy,15,Tadwai,571520,0000,VILLAGE,Kankal,Rural,586,2429,1193,1236,257,137,120,772,384,388,1,0,1,1066,630,436,1363,563,800,1338,701,637,1264,677,587,642,346,296,404,192,212,30,6,24,188,133,55,74,24,50,0,0,0,44,18,26,6,0,6,24,6,18,73,23,50,0,0,0,44,18,26,6,0,6,23,5,18,1,1,0,0,0,0,0,0,0,0,0,0,1,1,0,1091,492,599
15,91,Kamareddy,Kamareddy,15,Tadwai,571521,0000,VILLAGE,Kelojiwadi,Rural,166,658,308,350,64,36,28,309,146,163,0,0,0,224,128,96,434,180,254,379,174,205,298,167,131,80,77,3,209,81,128,4,4,0,5,5,0,81,7,74,1,1,0,80,6,74,0,0,0,0,0,0,81,7,74,1,1,0,80,6,74,0,0,0,0,0,0,0,0,0,0,0,0,0,0,0,0,0,0,0,0,0,279,134,145
15,91,Kamareddy,Kamareddy,15,Tadwai,571522,0000,VILLAGE,Sangojiwadi,Rural,267,1034,517,517,116,67,49,104,48,56,0,0,0,478,293,185,556,224,332,617,317,300,597,309,288,246,136,110,218,114,104,49,4,45,84,55,29,20,8,12,9,3,6,9,4,5,0,0,0,2,1,1,12,4,8,4,0,4,6,3,3,0,0,0,2,1,1,8,4,4,5,3,2,3,1,2,0,0,0,0,0,0,417,200,217
15,91,Kamareddy,Kamareddy,15,Tadwai,571523,0000,VILLAGE,Brahmanpalle,Rural,588,2224,1065,1159,173,85,88,509,240,269,4,2,2,1170,693,477,1054,372,682,1289,639,650,1265,632,633,517,280,237,391,192,199,190,30,160,167,130,37,24,7,17,6,1,5,13,3,10,0,0,0,5,3,2,22,5,17,5,0,5,13,3,10,0,0,0,4,2,2,2,2,0,1,1,0,0,0,0,0,0,0,1,1,0,935,426,509
15,91,Kamareddy,Kamareddy,15,Tadwai,571524,0000,VILLAGE,Chandapur,Rural,305,1196,570,626,135,71,64,466,219,247,5,4,1,543,321,222,653,249,404,648,318,330,605,301,304,331,176,155,201,87,114,28,8,20,45,30,15,43,17,26,15,4,11,13,5,8,2,0,2,13,8,5,42,16,26,15,4,11,12,4,8,2,0,2,13,8,5,1,1,0,0,0,0,1,1,0,0,0,0,0,0,0,548,252,296
15,91,Kamareddy,Kamareddy,15,Tadwai,571525,0000,VILLAGE,Pedda Demi,Rural,774,3058,1506,1552,291,151,140,969,472,497,23,12,11,1565,932,633,1493,574,919,1631,834,797,1574,799,775,471,258,213,721,368,353,197,15,182,185,158,27,57,35,22,16,9,7,25,15,10,7,3,4,9,8,1,56,34,22,16,9,7,25,15,10,6,2,4,9,8,1,1,1,0,0,0,0,0,0,0,1,1,0,0,0,0,1427,672,755
15,91,Kamareddy,Kamareddy,15,Tadwai,571526,0000,VILLAGE,Yerrapahad,Rural,652,2587,1237,1350,236,128,108,361,174,187,0,0,0,1347,795,552,1240,442,798,1442,731,711,1382,701,681,476,253,223,600,288,312,141,34,107,165,126,39,60,30,30,2,1,1,25,10,15,10,4,6,23,15,8,54,28,26,2,1,1,23,10,13,9,3,6,20,14,6,6,2,4,0,0,0,2,0,2,1,1,0,3,1,2,1145,506,639
15,91,Kamareddy,Kamareddy,15,Tadwai,571527,0000,VILLAGE,Tadwai,Rural,1207,5306,2278,3028,402,219,183,1309,415,894,125,0,125,3089,1438,1651,2217,840,1377,2476,1279,1197,2188,1138,1050,831,468,363,708,378,330,257,39,218,392,253,139,288,141,147,10,3,7,233,116,117,3,0,3,42,22,20,275,134,141,10,3,7,223,110,113,3,0,3,39,21,18,13,7,6,0,0,0,10,6,4,0,0,0,3,1,2,2830,999,1831
15,91,Kamareddy,Kamareddy,15,Tadwai,571528,0000,VILLAGE,Devai Palle,Rural,248,946,466,480,95,47,48,208,100,108,0,0,0,387,237,150,559,229,330,556,286,270,552,284,268,159,81,78,340,162,178,7,0,7,46,41,5,4,2,2,0,0,0,2,0,2,0,0,0,2,2,0,4,2,2,0,0,0,2,0,2,0,0,0,2,2,0,0,0,0,0,0,0,0,0,0,0,0,0,0,0,0,390,180,210
15,91,Kamareddy,Kamareddy,15,Tadwai,571529,0000,VILLAGE,Krishnajiwadi,Rural,631,2541,1208,1333,225,98,127,369,168,201,2,1,1,1298,759,539,1243,449,794,1395,692,703,1358,671,687,465,283,182,449,238,211,300,31,269,144,119,25,37,21,16,1,0,1,17,9,8,8,2,6,11,10,1,36,21,15,1,0,1,16,9,7,8,2,6,11,10,1,1,0,1,0,0,0,1,0,1,0,0,0,0,0,0,1146,516,630
15,91,Kamareddy,Kamareddy,15,Tadwai,571531,0000,VILLAGE,Brahamajiwadi,Rural,250,1043,501,542,117,61,56,309,139,170,0,0,0,451,259,192,592,242,350,566,277,289,351,190,161,249,135,114,85,47,38,13,5,8,4,3,1,215,87,128,4,1,3,194,84,110,16,1,15,1,1,0,215,87,128,4,1,3,194,84,110,16,1,15,1,1,0,0,0,0,0,0,0,0,0,0,0,0,0,0,0,0,477,224,253
15,91,Kamareddy,Kamareddy,15,Tadwai,571533,0000,VILLAGE,Endriyal,Rural,312,1337,648,689,103,47,56,389,187,202,0,0,0,755,440,315,582,208,374,721,389,332,628,370,258,275,187,88,221,104,117,44,13,31,88,66,22,93,19,74,59,6,53,24,8,16,0,0,0,10,5,5,89,17,72,55,4,51,24,8,16,0,0,0,10,5,5,4,2,2,4,2,2,0,0,0,0,0,0,0,0,0,616,259,357
15,91,Kamareddy,Kamareddy,15,Tadwai,571534,0000,VILLAGE,Nandiwada,Rural,605,2400,1137,1263,286,141,145,508,240,268,450,216,234,1121,654,467,1279,483,796,1273,617,656,1265,613,652,489,251,238,620,323,297,105,7,98,51,32,19,8,4,4,2,2,0,4,1,3,0,0,0,2,1,1,8,4,4,2,2,0,4,1,3,0,0,0,2,1,1,0,0,0,0,0,0,0,0,0,0,0,0,0,0,0,1127,520,607
15,91,Kamareddy,Kamareddy,15,Tadwai,571535,0000,VILLAGE,Chityal,Rural,591,2333,1164,1169,243,117,126,388,195,193,8,6,2,1089,666,423,1244,498,746,1266,645,621,956,569,387,264,202,62,450,275,175,148,12,136,94,80,14,310,76,234,7,5,2,201,49,152,68,5,63,34,17,17,295,70,225,7,5,2,196,47,149,61,2,59,31,16,15,15,6,9,0,0,0,5,2,3,7,3,4,3,1,2,1067,519,548
15,91,Kamareddy,Kamareddy,15,Tadwai,571536,0000,VILLAGE,Somaram,Rural,265,1081,504,577,130,57,73,207,103,104,286,117,169,450,249,201,631,255,376,568,278,290,567,278,289,206,149,57,337,114,223,4,0,4,20,15,5,1,0,1,0,0,0,0,0,0,0,0,0,1,0,1,1,0,1,0,0,0,0,0,0,0,0,0,1,0,1,0,0,0,0,0,0,0,0,0,0,0,0,0,0,0,513,226,287
15,91,Kamareddy,Kamareddy,15,Tadwai,571537,0000,VILLAGE,Venkayalapalle,Rural,18,54,23,31,7,4,3,53,23,30,0,0,0,17,7,10,37,16,21,32,14,18,32,14,18,15,13,2,17,1,16,0,0,0,0,0,0,0,0,0,0,0,0,0,0,0,0,0,0,0,0,0,0,0,0,0,0,0,0,0,0,0,0,0,0,0,0,0,0,0,0,0,0,0,0,0,0,0,0,0,0,0,22,9,13
15,91,Kamareddy,Kamareddy,16,Rajampet,571538,0000,VILLAGE,Argonda,Rural,1383,5538,2741,2797,542,271,271,917,448,469,356,177,179,2628,1588,1040,2910,1153,1757,3108,1570,1538,2990,1558,1432,1143,696,447,1015,526,489,488,38,450,344,298,46,118,12,106,4,3,1,40,5,35,70,0,70,4,4,0,112,12,100,4,3,1,37,5,32,67,0,67,4,4,0,6,0,6,0,0,0,3,0,3,3,0,3,0,0,0,2430,1171,1259
15,91,Kamareddy,Kamareddy,15,Tadwai,571539,0000,VILLAGE,Santaipet,Rural,246,1037,523,514,109,60,49,87,41,46,0,0,0,550,339,211,487,184,303,589,306,283,522,303,219,162,125,37,155,90,65,93,11,82,112,77,35,67,3,64,12,3,9,7,0,7,46,0,46,2,0,2,66,3,63,12,3,9,6,0,6,46,0,46,2,0,2,1,0,1,0,0,0,1,0,1,0,0,0,0,0,0,448,217,231
15,91,Kamareddy,Kamareddy,16,Rajampet,571540,0000,VILLAGE,Gundaram,Rural,1098,4848,2388,2460,669,347,322,579,290,289,2010,999,1011,1752,1100,652,3096,1288,1808,2626,1301,1325,2589,1285,1304,1085,586,499,1090,483,607,51,12,39,363,204,159,37,16,21,4,2,2,25,11,14,2,0,2,6,3,3,37,16,21,4,2,2,25,11,14,2,0,2,6,3,3,0,0,0,0,0,0,0,0,0,0,0,0,0,0,0,2222,1087,1135
15,91,Kamareddy,Kamareddy,16,Rajampet,571541,0000,VILLAGE,Kondapur,Rural,1056,4670,2301,2369,550,289,261,628,282,346,1783,898,885,1899,1152,747,2771,1149,1622,2593,1257,1336,2545,1231,1314,1420,753,667,740,356,384,258,27,231,127,95,32,48,26,22,1,0,1,29,14,15,3,3,0,15,9,6,32,18,14,1,0,1,22,11,11,3,3,0,6,4,2,16,8,8,0,0,0,7,3,4,0,0,0,9,5,4,2077,1044,1033
15,91,Kamareddy,Kamareddy,16,Rajampet,571542,0000,VILLAGE,Siddapur,Rural,114,514,262,252,71,40,31,5,3,2,39,20,19,209,128,81,305,134,171,332,161,171,331,161,170,325,158,167,0,0,0,0,0,0,6,3,3,1,0,1,1,0,1,0,0,0,0,0,0,0,0,0,0,0,0,0,0,0,0,0,0,0,0,0,0,0,0,1,0,1,1,0,1,0,0,0,0,0,0,0,0,0,182,101,81
15,91,Kamareddy,Kamareddy,18,Kamareddy,571543,0000,VILLAGE,Tekriyal,Rural,524,2157,1049,1108,233,136,97,640,298,342,1,1,0,1111,634,477,1046,415,631,1140,588,552,909,483,426,436,278,158,144,72,72,105,6,99,224,127,97,231,105,126,2,1,1,175,89,86,34,4,30,20,11,9,93,41,52,1,1,0,63,31,32,18,2,16,11,7,4,138,64,74,1,0,1,112,58,54,16,2,14,9,4,5,1017,461,556
15,91,Kamareddy,Kamareddy,18,Kamareddy,571544,0000,VILLAGE,Elichpur,Rural,78,341,161,180,39,11,28,99,45,54,12,6,6,184,102,82,157,59,98,163,88,75,95,53,42,35,22,13,0,0,0,1,0,1,59,31,28,68,35,33,1,0,1,66,34,32,0,0,0,1,1,0,3,2,1,0,0,0,2,1,1,0,0,0,1,1,0,65,33,32,1,0,1,64,33,31,0,0,0,0,0,0,178,73,105
15,91,Kamareddy,Kamareddy,18,Kamareddy,571545,0000,VILLAGE,Adloor,Rural,1572,6879,3396,3483,767,393,374,1146,551,595,31,15,16,4010,2302,1708,2869,1094,1775,3341,1844,1497,2782,1584,1198,486,339,147,480,276,204,758,64,694,1058,905,153,559,260,299,6,2,4,92,43,49,101,4,97,360,211,149,342,119,223,5,2,3,72,29,43,77,2,75,188,86,102,217,141,76,1,0,1,20,14,6,24,2,22,172,125,47,3538,1552,1986
15,91,Kamareddy,Kamareddy,18,Kamareddy,571546,0000,VILLAGE,Isrojiwadi,Rural,363,1549,773,776,136,79,57,630,320,310,0,0,0,747,448,299,802,325,477,870,436,434,784,400,384,325,211,114,267,124,143,94,5,89,98,60,38,86,36,50,3,1,2,72,29,43,5,0,5,6,6,0,86,36,50,3,1,2,72,29,43,5,0,5,6,6,0,0,0,0,0,0,0,0,0,0,0,0,0,0,0,0,679,337,342
15,91,Kamareddy,Kamareddy,18,Kamareddy,571547,0000,VILLAGE,Gargul,Rural,604,2254,1074,1180,216,107,109,428,194,234,30,14,16,1172,686,486,1082,388,694,1248,615,633,1110,575,535,301,168,133,208,107,101,91,9,82,510,291,219,138,40,98,3,1,2,44,16,28,1,0,1,90,23,67,109,33,76,3,1,2,31,12,19,0,0,0,75,20,55,29,7,22,0,0,0,13,4,9,1,0,1,15,3,12,1006,459,547
15,91,Kamareddy,Kamareddy,18,Kamareddy,571548,0000,VILLAGE,Thimmakkapalle (Khurd),Rural,61,252,120,132,14,6,8,60,27,33,0,0,0,135,77,58,117,43,74,129,68,61,127,66,61,42,26,16,61,34,27,15,1,14,9,5,4,2,2,0,0,0,0,0,0,0,0,0,0,2,2,0,2,2,0,0,0,0,0,0,0,0,0,0,2,2,0,0,0,0,0,0,0,0,0,0,0,0,0,0,0,0,123,52,71
15,91,Kamareddy,Kamareddy,18,Kamareddy,571549,0000,VILLAGE,Gudem,Rural,284,1136,543,593,125,62,63,281,140,141,5,2,3,550,323,227,586,220,366,636,302,334,615,295,320,198,124,74,225,104,121,116,12,104,76,55,21,21,7,14,2,2,0,14,3,11,2,0,2,3,2,1,13,4,9,0,0,0,9,2,7,1,0,1,3,2,1,8,3,5,2,2,0,5,1,4,1,0,1,0,0,0,500,241,259
15,91,Kamareddy,Kamareddy,18,Kamareddy,571550,0000,VILLAGE,Uggrawai,Rural,348,1374,675,699,130,78,52,267,131,136,13,7,6,733,439,294,641,236,405,784,406,378,696,384,312,157,110,47,211,146,65,223,45,178,105,83,22,88,22,66,2,2,0,47,8,39,24,2,22,15,10,5,51,13,38,1,1,0,27,6,21,15,1,14,8,5,3,37,9,28,1,1,0,20,2,18,9,1,8,7,5,2,590,269,321
15,91,Kamareddy,Kamareddy,18,Kamareddy,571551,0000,VILLAGE,Shabdipur,Rural,482,2021,994,1027,267,158,109,396,199,197,503,248,255,972,592,380,1049,402,647,1089,520,569,933,453,480,247,148,99,429,232,197,178,9,169,79,64,15,156,67,89,3,2,1,132,52,80,5,2,3,16,11,5,155,66,89,3,2,1,131,51,80,5,2,3,16,11,5,1,1,0,0,0,0,1,1,0,0,0,0,0,0,0,932,474,458
15,91,Kamareddy,Kamareddy,18,Kamareddy,571552,0000,VILLAGE,Rameswarpalle,Rural,303,1225,621,604,117,60,57,397,203,194,133,71,62,664,424,240,561,197,364,761,385,376,758,385,373,87,52,35,477,262,215,113,8,105,81,63,18,3,0,3,0,0,0,1,0,1,1,0,1,1,0,1,3,0,3,0,0,0,1,0,1,1,0,1,1,0,1,0,0,0,0,0,0,0,0,0,0,0,0,0,0,0,464,236,228
15,91,Kamareddy,Kamareddy,18,Kamareddy,571553,0000,VILLAGE,Devanpalle,Rural,1682,6947,3534,3413,761,425,336,685,354,331,88,48,40,4365,2530,1835,2582,1004,1578,3055,1844,1211,2672,1650,1022,257,196,61,499,337,162,484,70,414,1432,1047,385,383,194,189,24,6,18,112,61,51,49,6,43,198,121,77,341,179,162,24,6,18,111,61,50,35,5,30,171,107,64,42,15,27,0,0,0,1,0,1,14,1,13,27,14,13,3892,1690,2202
15,91,Kamareddy,Kamareddy,18,Kamareddy,571554,0000,VILLAGE,Lingapur  (R),Rural,965,3920,1913,2007,338,155,183,648,315,333,14,7,7,2215,1303,912,1705,610,1095,2003,1086,917,1791,993,798,561,327,234,583,310,273,221,30,191,426,326,100,212,93,119,11,2,9,149,68,81,8,1,7,44,22,22,181,81,100,8,1,7,127,59,68,6,0,6,40,21,19,31,12,19,3,1,2,22,9,13,2,1,1,4,1,3,1917,827,1090
15,91,Kamareddy,Kamareddy,18,Kamareddy,571555,0000,VILLAGE,Sarampalle,Rural,434,1599,762,837,162,79,83,215,93,122,8,4,4,934,539,395,665,223,442,880,434,446,835,414,421,127,94,33,325,181,144,252,31,221,131,108,23,45,20,25,1,0,1,13,7,6,16,2,14,15,11,4,31,14,17,0,0,0,9,6,3,13,2,11,9,6,3,14,6,8,1,0,1,4,1,3,3,0,3,6,5,1,719,328,391
15,91,Kamareddy,Kamareddy,18,Kamareddy,571556,0000,VILLAGE,Kyasampalle,Rural,658,2709,1316,1393,347,178,169,387,177,210,999,489,510,1202,730,472,1507,586,921,1453,700,753,1348,655,693,533,297,236,422,191,231,179,26,153,214,141,73,105,45,60,14,8,6,63,24,39,11,2,9,17,11,6,98,43,55,14,8,6,59,22,37,10,2,8,15,11,4,7,2,5,0,0,0,4,2,2,1,0,1,2,0,2,1256,616,640
15,91,Kamareddy,Kamareddy,18,Kamareddy,571557,0000,VILLAGE,Raghavapur,Rural,91,379,187,192,41,27,14,59,29,30,126,61,65,142,77,65,237,110,127,255,125,130,248,123,125,11,6,5,224,114,110,9,0,9,4,3,1,7,2,5,1,0,1,4,1,3,0,0,0,2,1,1,5,0,5,1,0,1,3,0,3,0,0,0,1,0,1,2,2,0,0,0,0,1,1,0,0,0,0,1,1,0,124,62,62
15,91,Kamareddy,Kamareddy,18,Kamareddy,571558,0000,VILLAGE,Patharajampet,Rural,230,830,406,424,79,44,35,110,49,61,0,0,0,488,275,213,342,131,211,477,241,236,396,210,186,113,96,17,147,80,67,93,2,91,43,32,11,81,31,50,3,2,1,64,29,35,13,0,13,1,0,1,34,6,28,3,2,1,17,4,13,13,0,13,1,0,1,47,25,22,0,0,0,47,25,22,0,0,0,0,0,0,353,165,188
15,91,Kamareddy,Kamareddy,18,Kamareddy,571559,0000,VILLAGE,Chinna Mallareddy,Rural,1461,5927,2889,3038,587,309,278,1193,575,618,59,23,36,3307,1917,1390,2620,972,1648,3160,1653,1507,3080,1616,1464,598,381,217,1021,585,436,656,81,575,805,569,236,80,37,43,9,3,6,23,13,10,16,3,13,32,18,14,43,19,24,8,3,5,9,7,2,12,1,11,14,8,6,37,18,19,1,0,1,14,6,8,4,2,2,18,10,8,2767,1236,1531
15,91,Kamareddy,Kamareddy,18,Kamareddy,571560,0000,VILLAGE,Thimmakkapalle,Rural,347,1405,664,741,136,61,75,202,106,96,0,0,0,631,361,270,774,303,471,851,406,445,837,398,439,294,175,119,332,201,131,112,4,108,99,18,81,14,8,6,0,0,0,14,8,6,0,0,0,0,0,0,14,8,6,0,0,0,14,8,6,0,0,0,0,0,0,0,0,0,0,0,0,0,0,0,0,0,0,0,0,0,554,258,296
15,91,Kamareddy,Kamareddy,18,Kamareddy,571561,0000,VILLAGE,Lingayapalle,Rural,335,1361,656,705,155,80,75,267,128,139,2,1,1,568,341,227,793,315,478,881,431,450,864,423,441,385,221,164,271,140,131,162,29,133,46,33,13,17,8,9,1,1,0,12,4,8,3,2,1,1,1,0,8,5,3,1,1,0,5,3,2,2,1,1,0,0,0,9,3,6,0,0,0,7,1,6,1,1,0,1,1,0,480,225,255
15,91,Kamareddy,Kamareddy,18,Kamareddy,571562,0000,VILLAGE,Kothalpalle,Rural,82,365,185,180,22,12,10,0,0,0,0,0,0,190,124,66,175,61,114,236,123,113,235,123,112,166,103,63,16,10,6,46,4,42,7,6,1,1,0,1,1,0,1,0,0,0,0,0,0,0,0,0,1,0,1,1,0,1,0,0,0,0,0,0,0,0,0,0,0,0,0,0,0,0,0,0,0,0,0,0,0,0,129,62,67
15,91,Kamareddy,Kamareddy,18,Kamareddy,571563,0000,VILLAGE,Narasannapalle,Rural,387,1500,772,728,142,84,58,224,113,111,25,19,6,736,469,267,764,303,461,870,432,438,843,423,420,257,158,99,285,149,136,134,5,129,167,111,56,27,9,18,4,1,3,6,0,6,1,0,1,16,8,8,9,1,8,3,0,3,3,0,3,0,0,0,3,1,2,18,8,10,1,1,0,3,0,3,1,0,1,13,7,6,630,340,290
15,91,Kamareddy,Kamareddy,16,Rajampet,571564,0000,VILLAGE,Peddapalle,Rural,76,341,174,167,32,19,13,104,55,49,0,0,0,178,109,69,163,65,98,199,99,100,199,99,100,151,96,55,2,0,2,42,1,41,4,2,2,0,0,0,0,0,0,0,0,0,0,0,0,0,0,0,0,0,0,0,0,0,0,0,0,0,0,0,0,0,0,0,0,0,0,0,0,0,0,0,0,0,0,0,0,0,142,75,67
15,91,Kamareddy,Kamareddy,16,Rajampet,571565,0000,VILLAGE,Rajampet,Rural,1389,5564,2703,2861,541,283,258,493,238,255,5,2,3,3111,1807,1304,2453,896,1557,2969,1557,1412,2886,1513,1373,326,239,87,1031,715,316,826,77,749,703,482,221,83,44,39,1,0,1,44,25,19,8,1,7,30,18,12,67,39,28,1,0,1,37,22,15,6,1,5,23,16,7,16,5,11,0,0,0,7,3,4,2,0,2,7,2,5,2595,1146,1449
15,91,Kamareddy,Kamareddy,16,Rajampet,571566,0000,VILLAGE,Pondurthi,Rural,591,2437,1232,1205,238,144,94,416,210,206,5,2,3,1236,735,501,1201,497,704,1311,674,637,1011,586,425,290,201,89,438,255,183,145,33,112,138,97,41,300,88,212,41,7,34,115,45,70,86,12,74,58,24,34,281,85,196,38,6,32,109,44,65,82,12,70,52,23,29,19,3,16,3,1,2,6,1,5,4,0,4,6,1,5,1126,558,568
15,91,Kamareddy,Kamareddy,17,Bhiknur,571567,0000,VILLAGE,Jangampalle,Rural,1237,5168,2490,2678,560,269,291,800,383,417,196,97,99,2630,1530,1100,2538,960,1578,2958,1525,1433,2872,1488,1384,607,374,233,1101,600,501,499,58,441,665,456,209,86,37,49,9,6,3,54,21,33,7,3,4,16,7,9,71,30,41,6,4,2,50,19,31,4,1,3,11,6,5,15,7,8,3,2,1,4,2,2,3,2,1,5,1,4,2210,965,1245
15,91,Kamareddy,Kamareddy,16,Rajampet,571568,0000,VILLAGE,Talmadla,Rural,849,3548,1734,1814,321,161,160,642,326,316,344,174,170,1856,1108,748,1692,626,1066,1930,994,936,1705,911,794,598,393,205,694,361,333,271,43,228,142,114,28,225,83,142,3,2,1,151,61,90,54,11,43,17,9,8,202,74,128,2,1,1,147,58,89,38,7,31,15,8,7,23,9,14,1,1,0,4,3,1,16,4,12,2,1,1,1618,740,878
15,91,Kamareddy,Kamareddy,17,Bhiknur,571569,0000,VILLAGE,Tippapur,Rural,1045,3959,1927,2032,366,179,187,860,408,452,11,4,7,2031,1179,852,1928,748,1180,2242,1118,1124,1981,997,984,776,471,305,701,372,329,332,29,303,172,125,47,261,121,140,11,9,2,164,82,82,60,13,47,26,17,9,132,57,75,10,8,2,48,25,23,51,9,42,23,15,8,129,64,65,1,1,0,116,57,59,9,4,5,3,2,1,1717,809,908
15,91,Kamareddy,Kamareddy,17,Bhiknur,571570,0000,VILLAGE,Rameshwarpalle,Rural,665,2574,1207,1367,169,89,80,516,240,276,4,2,2,1655,977,678,919,230,689,1429,694,735,1345,659,686,579,384,195,474,158,316,49,5,44,243,112,131,84,35,49,5,1,4,65,29,36,0,0,0,14,5,9,60,24,36,1,0,1,47,21,26,0,0,0,12,3,9,24,11,13,4,1,3,18,8,10,0,0,0,2,2,0,1145,513,632
15,91,Kamareddy,Kamareddy,17,Bhiknur,571571,0000,VILLAGE,Anthampalle,Rural,272,1151,584,567,84,39,45,122,61,61,11,7,4,658,404,254,493,180,313,658,331,327,649,329,320,349,188,161,235,112,123,26,7,19,39,22,17,9,2,7,1,0,1,0,0,0,6,2,4,2,0,2,4,2,2,1,0,1,0,0,0,2,2,0,1,0,1,5,0,5,0,0,0,0,0,0,4,0,4,1,0,1,493,253,240
15,91,Kamareddy,Kamareddy,17,Bhiknur,571572,0000,VILLAGE,Laxmidevipalle,Rural,198,779,367,412,78,29,49,161,71,90,0,0,0,409,246,163,370,121,249,487,237,250,478,232,246,306,149,157,153,72,81,4,2,2,15,9,6,9,5,4,1,1,0,4,2,2,0,0,0,4,2,2,9,5,4,1,1,0,4,2,2,0,0,0,4,2,2,0,0,0,0,0,0,0,0,0,0,0,0,0,0,0,292,130,162
15,91,Kamareddy,Kamareddy,17,Bhiknur,571573,0000,VILLAGE,Kachapur,Rural,908,3544,1753,1791,343,175,168,736,369,367,34,16,18,1860,1099,761,1684,654,1030,1885,968,917,1497,745,752,379,274,105,399,251,148,489,33,456,230,187,43,388,223,165,29,19,10,258,149,109,43,11,32,58,44,14,354,201,153,27,19,8,242,139,103,36,7,29,49,36,13,34,22,12,2,0,2,16,10,6,7,4,3,9,8,1,1659,785,874
15,91,Kamareddy,Kamareddy,17,Bhiknur,571574,0000,VILLAGE,Bhiknoor,Rural,2956,11787,5812,5975,1259,659,600,1800,906,894,123,55,68,6512,3749,2763,5275,2063,3212,5935,3162,2773,5441,2881,2560,403,270,133,1578,941,637,1415,124,1291,2045,1546,499,494,281,213,18,10,8,230,131,99,61,19,42,185,121,64,440,244,196,16,9,7,213,120,93,56,18,38,155,97,58,54,37,17,2,1,1,17,11,6,5,1,4,30,24,6,5852,2650,3202
15,91,Kamareddy,Kamareddy,17,Bhiknur,571575,0000,VILLAGE,Gurjakunta,Rural,120,572,293,279,40,23,17,0,0,0,0,0,0,273,178,95,299,115,184,342,173,169,338,172,166,294,168,126,0,0,0,36,1,35,8,3,5,4,1,3,4,1,3,0,0,0,0,0,0,0,0,0,4,1,3,4,1,3,0,0,0,0,0,0,0,0,0,0,0,0,0,0,0,0,0,0,0,0,0,0,0,0,230,120,110
15,91,Kamareddy,Kamareddy,17,Bhiknur,571576,0000,VILLAGE,Ryagatlapalle,Rural,219,825,406,419,79,42,37,276,133,143,0,0,0,434,249,185,391,157,234,448,210,238,446,209,237,194,93,101,224,97,127,2,0,2,26,19,7,2,1,1,0,0,0,1,0,1,0,0,0,1,1,0,2,1,1,0,0,0,1,0,1,0,0,0,1,1,0,0,0,0,0,0,0,0,0,0,0,0,0,0,0,0,377,196,181
15,91,Kamareddy,Kamareddy,17,Bhiknur,571577,0000,VILLAGE,Baswapur,Rural,1119,4565,2156,2409,468,219,249,851,397,454,10,5,5,2475,1429,1046,2090,727,1363,2177,1120,1057,2107,1068,1039,257,207,50,926,525,401,508,34,474,416,302,114,70,52,18,2,1,1,41,30,11,6,1,5,21,20,1,70,52,18,2,1,1,41,30,11,6,1,5,21,20,1,0,0,0,0,0,0,0,0,0,0,0,0,0,0,0,2388,1036,1352
15,91,Kamareddy,Kamareddy,17,Bhiknur,571578,0000,VILLAGE,Mallupalle,Rural,326,1302,646,656,163,90,73,176,82,94,193,92,101,520,317,203,782,329,453,720,354,366,554,266,288,159,125,34,247,105,142,98,0,98,50,36,14,166,88,78,4,4,0,110,33,77,0,0,0,52,51,1,98,76,22,3,3,0,43,22,21,0,0,0,52,51,1,68,12,56,1,1,0,67,11,56,0,0,0,0,0,0,582,292,290
15,91,Kamareddy,Kamareddy,17,Bhiknur,571579,0000,VILLAGE,Peddamallareddy,Rural,1565,6451,3145,3306,622,312,310,1271,628,643,81,39,42,3267,1893,1374,3184,1252,1932,3607,1807,1800,2617,1328,1289,764,541,223,668,371,297,767,57,710,418,359,59,990,479,511,19,13,6,669,329,340,156,40,116,146,97,49,714,367,347,16,10,6,488,261,227,119,35,84,91,61,30,276,112,164,3,3,0,181,68,113,37,5,32,55,36,19,2844,1338,1506
15,91,Kamareddy,Kamareddy,17,Bhiknur,571580,0000,VILLAGE,Kancherla,Rural,386,1582,798,784,136,68,68,104,48,56,0,0,0,830,524,306,752,274,478,905,449,456,871,430,441,259,160,99,358,219,139,195,3,192,59,48,11,34,19,15,3,1,2,15,9,6,6,2,4,10,7,3,28,14,14,3,1,2,14,8,6,3,0,3,8,5,3,6,5,1,0,0,0,1,1,0,3,2,1,2,2,0,677,349,328
15,91,Kamareddy,Kamareddy,17,Bhiknur,571581,0000,VILLAGE,Isannpalle,Rural,309,1358,666,692,146,82,64,275,132,143,28,14,14,599,356,243,759,310,449,756,360,396,610,298,312,222,140,82,210,103,107,121,13,108,57,42,15,146,62,84,1,0,1,93,55,38,27,0,27,25,7,18,140,60,80,1,0,1,88,54,34,27,0,27,24,6,18,6,2,4,0,0,0,5,1,4,0,0,0,1,1,0,602,306,296
15,91,Kamareddy,Kamareddy,17,Bhiknur,571582,0000,VILLAGE,Bhagirathipalle,Rural,502,2149,1064,1085,216,113,103,185,91,94,13,5,8,921,533,388,1228,531,697,1303,630,673,1266,611,655,341,208,133,662,343,319,200,9,191,63,51,12,37,19,18,1,1,0,24,16,8,4,0,4,8,2,6,37,19,18,1,1,0,24,16,8,4,0,4,8,2,6,0,0,0,0,0,0,0,0,0,0,0,0,0,0,0,846,434,412
15,91,Kamareddy,Kamareddy,21,Domakonda,571583,0000,VILLAGE,Chintamanpalle,Rural,383,1543,738,805,117,54,63,284,132,152,1,0,1,734,416,318,809,322,487,910,439,471,908,438,470,480,254,226,280,139,141,94,12,82,54,33,21,2,1,1,1,1,0,0,0,0,0,0,0,1,0,1,2,1,1,1,1,0,0,0,0,0,0,0,1,0,1,0,0,0,0,0,0,0,0,0,0,0,0,0,0,0,633,299,334
15,91,Kamareddy,Kamareddy,21,Domakonda,571584,0000,VILLAGE,Mutyampet,Rural,929,3676,1785,1891,327,171,156,574,276,298,41,21,20,1824,1064,760,1852,721,1131,1964,1037,927,1748,952,796,584,355,229,471,242,229,288,17,271,405,338,67,216,85,131,11,8,3,63,29,34,81,4,77,61,44,17,212,83,129,11,8,3,63,29,34,79,4,75,59,42,17,4,2,2,0,0,0,0,0,0,2,0,2,2,2,0,1712,748,964
15,91,Kamareddy,Kamareddy,21,Domakonda,571585,0000,VILLAGE,Domakonda,Rural,3265,13648,6619,7029,1287,664,623,1557,715,842,94,42,52,8146,4645,3501,5502,1974,3528,7115,3582,3533,6247,3141,3106,689,493,196,1078,780,298,2235,339,1896,2245,1529,716,868,441,427,8,5,3,594,310,284,85,17,68,181,109,72,839,431,408,7,5,2,580,303,277,77,16,61,175,107,68,29,10,19,1,0,1,14,7,7,8,1,7,6,2,4,6533,3037,3496
15,91,Kamareddy,Kamareddy,21,Domakonda,571586,0000,VILLAGE,Lingupalle,Rural,173,838,410,428,62,31,31,149,76,73,0,0,0,471,275,196,367,135,232,560,274,286,221,187,34,143,127,16,33,29,4,9,2,7,36,29,7,339,87,252,105,24,81,129,24,105,26,1,25,79,38,41,305,80,225,105,24,81,102,17,85,24,1,23,74,38,36,34,7,27,0,0,0,27,7,20,2,0,2,5,0,5,278,136,142
15,91,Kamareddy,Kamareddy,21,Domakonda,571588,0000,VILLAGE,Sitarampur,Rural,315,1190,578,612,77,44,33,277,136,141,20,7,13,698,409,289,492,169,323,632,335,297,566,301,265,239,180,59,112,73,39,135,5,130,80,43,37,66,34,32,4,4,0,58,28,30,1,0,1,3,2,1,66,34,32,4,4,0,58,28,30,1,0,1,3,2,1,0,0,0,0,0,0,0,0,0,0,0,0,0,0,0,558,243,315
15,91,Kamareddy,Kamareddy,21,Domakonda,571589,0000,VILLAGE,Sangameshwar,Rural,795,3002,1446,1556,275,138,137,803,388,415,34,14,20,1542,888,654,1460,558,902,1637,821,816,1245,646,599,372,250,122,469,243,226,263,52,211,141,101,40,392,175,217,4,1,3,167,101,66,142,43,99,79,30,49,329,160,169,4,1,3,155,97,58,117,37,80,53,25,28,63,15,48,0,0,0,12,4,8,25,6,19,26,5,21,1365,625,740
15,91,Kamareddy,Kamareddy,21,Domakonda,571590,0000,VILLAGE,Anchanur,Rural,538,2103,1057,1046,238,146,92,458,230,228,1,0,1,913,542,371,1190,515,675,1095,559,536,776,437,339,84,63,21,405,291,114,212,19,193,75,64,11,319,122,197,6,1,5,237,115,122,32,2,30,44,4,40,303,112,191,6,1,5,222,106,116,32,2,30,43,3,40,16,10,6,0,0,0,15,9,6,0,0,0,1,1,0,1008,498,510
15,91,Kamareddy,Kamareddy,21,Domakonda,571591,0000,VILLAGE,Ambarpet,Rural,927,3650,1804,1846,359,185,174,831,414,417,18,8,10,1804,1090,714,1846,714,1132,2024,1029,995,1376,716,660,276,206,70,468,343,125,495,53,442,137,114,23,648,313,335,10,9,1,317,158,159,111,24,87,210,122,88,305,138,167,9,8,1,174,83,91,71,7,64,51,40,11,343,175,168,1,1,0,143,75,68,40,17,23,159,82,77,1626,775,851
15,91,Kamareddy,Kamareddy,22,Bibipet,571592,0000,VILLAGE,Konapur,Rural,255,1057,536,521,109,55,54,427,222,205,40,18,22,514,313,201,543,223,320,622,310,312,617,309,308,185,122,63,129,86,43,191,3,188,112,98,14,5,1,4,0,0,0,2,1,1,1,0,1,2,0,2,2,1,1,0,0,0,1,1,0,1,0,1,0,0,0,3,0,3,0,0,0,1,0,1,0,0,0,2,0,2,435,226,209
15,91,Kamareddy,Kamareddy,22,Bibipet,571593,0000,VILLAGE,Ramreddipalle,Rural,128,521,263,258,55,27,28,59,30,29,0,0,0,269,167,102,252,96,156,302,149,153,114,105,9,65,62,3,42,38,4,2,1,1,5,4,1,188,44,144,5,2,3,36,13,23,142,29,113,5,0,5,154,35,119,3,1,2,18,7,11,128,27,101,5,0,5,34,9,25,2,1,1,18,6,12,14,2,12,0,0,0,219,114,105
15,91,Kamareddy,Kamareddy,22,Bibipet,571594,0000,VILLAGE,Yadaram,Rural,571,2230,1088,1142,238,114,124,357,187,170,12,5,7,1270,746,524,960,342,618,1133,607,526,895,525,370,234,212,22,337,219,118,234,16,218,90,78,12,238,82,156,12,7,5,96,47,49,96,1,95,34,27,7,184,46,138,11,7,4,67,26,41,87,1,86,19,12,7,54,36,18,1,0,1,29,21,8,9,0,9,15,15,0,1097,481,616
15,91,Kamareddy,Kamareddy,22,Bibipet,571595,0000,VILLAGE,Jangaon,Rural,653,2777,1361,1416,310,159,151,722,344,378,7,2,5,1426,832,594,1351,529,822,1567,789,778,1464,743,721,435,278,157,393,236,157,297,16,281,339,213,126,103,46,57,4,3,1,48,19,29,24,8,16,27,16,11,90,39,51,4,3,1,45,17,28,20,7,13,21,12,9,13,7,6,0,0,0,3,2,1,4,1,3,6,4,2,1210,572,638
15,91,Kamareddy,Kamareddy,21,Domakonda,571596,0000,VILLAGE,Sitarampalle,Rural,159,540,260,280,30,20,10,131,64,67,0,0,0,260,147,113,280,113,167,317,154,163,270,135,135,112,68,44,96,46,50,38,0,38,24,21,3,47,19,28,1,1,0,39,17,22,5,0,5,2,1,1,32,12,20,0,0,0,31,12,19,1,0,1,0,0,0,15,7,8,1,1,0,8,5,3,4,0,4,2,1,1,223,106,117
15,91,Kamareddy,Kamareddy,22,Bibipet,571597,0000,VILLAGE,Mohammadapur,Rural,863,3190,1560,1630,289,140,149,716,350,366,32,14,18,1788,1076,712,1402,484,918,1769,893,876,1719,870,849,528,377,151,481,291,190,535,53,482,175,149,26,50,23,27,0,0,0,19,7,12,14,4,10,17,12,5,44,20,24,0,0,0,15,6,9,13,3,10,16,11,5,6,3,3,0,0,0,4,1,3,1,1,0,1,1,0,1421,667,754
15,91,Kamareddy,Kamareddy,22,Bibipet,571598,0000,VILLAGE,Bibipet,Rural,2188,9067,4492,4575,861,443,418,1227,621,606,69,38,31,4856,2941,1915,4211,1551,2660,4779,2449,2330,3414,1860,1554,479,352,127,802,567,235,1050,151,899,1083,790,293,1365,589,776,47,33,14,554,290,264,274,25,249,490,241,249,1190,520,670,46,33,13,491,258,233,212,22,190,441,207,234,175,69,106,1,0,1,63,32,31,62,3,59,49,34,15,4288,2043,2245
15,91,Kamareddy,Kamareddy,22,Bibipet,571599,0000,VILLAGE,Malkapur,Rural,432,1741,873,868,171,97,74,423,215,208,2,1,1,983,563,420,758,310,448,929,460,469,501,334,167,190,170,20,92,71,21,158,57,101,61,36,25,428,126,302,102,51,51,83,19,64,174,16,158,69,40,29,415,121,294,99,48,51,78,17,61,170,16,154,68,40,28,13,5,8,3,3,0,5,2,3,4,0,4,1,0,1,812,413,399
15,91,Kamareddy,Kamareddy,22,Bibipet,571600,0000,VILLAGE,Siribibipet,Rural,165,682,337,345,72,44,28,357,176,181,15,7,8,387,236,151,295,101,194,379,184,195,364,181,183,253,148,105,25,12,13,42,0,42,44,21,23,15,3,12,3,1,2,4,0,4,2,0,2,6,2,4,14,3,11,3,1,2,3,0,3,2,0,2,6,2,4,1,0,1,0,0,0,1,0,1,0,0,0,0,0,0,303,153,150
15,91,Kamareddy,Kamareddy,22,Bibipet,571601,0000,VILLAGE,Issanagar,Rural,759,3080,1544,1536,321,162,159,845,412,433,8,3,5,1558,919,639,1522,625,897,1760,909,851,1033,558,475,398,269,129,398,186,212,132,31,101,105,72,33,727,351,376,84,50,34,359,173,186,92,8,84,192,120,72,645,324,321,83,49,34,346,164,182,47,7,40,169,104,65,82,27,55,1,1,0,13,9,4,45,1,44,23,16,7,1320,635,685
15,91,Kamareddy,Kamareddy,22,Bibipet,571602,0000,VILLAGE,Ramchandrapur,Rural,32,134,70,64,16,8,8,43,22,21,0,0,0,48,28,20,86,42,44,89,45,44,71,33,38,11,5,6,54,25,29,0,0,0,6,3,3,18,12,6,1,1,0,9,5,4,1,1,0,7,5,2,17,12,5,1,1,0,8,5,3,1,1,0,7,5,2,1,0,1,0,0,0,1,0,1,0,0,0,0,0,0,45,25,20
15,91,Kamareddy,Kamareddy,22,Bibipet,571603,0000,VILLAGE,Tujalpur,Rural,559,2270,1179,1091,249,145,104,590,309,281,22,11,11,1260,778,482,1010,401,609,1136,583,553,961,466,495,289,179,110,230,124,106,320,77,243,122,86,36,175,117,58,19,15,4,52,31,21,37,20,17,67,51,16,173,115,58,19,15,4,52,31,21,37,20,17,65,49,16,2,2,0,0,0,0,0,0,0,0,0,0,2,2,0,1134,596,538
15,93,Banswada,Kamareddy,07,Banswada,571384,0001,WARD,Banswada,Urban,6216,28384,13748,14636,3351,1721,1630,3026,1361,1665,791,248,543,18493,9905,8588,9891,3843,6048,10367,7073,3294,7350,5480,1870,537,425,112,1098,608,490,639,209,430,5076,4238,838,3017,1593,1424,55,27,28,1440,636,804,217,64,153,1305,866,439,2568,1405,1163,55,27,28,1241,572,669,181,58,123,1091,748,343,449,188,261,0,0,0,199,64,135,36,6,30,214,118,96,18017,6675,11342
15,92,Yellareddy,Kamareddy,11,Yellareddy,571473,0001,WARD,Yellareddy,Urban,3131,14923,7493,7430,1761,869,892,2116,1153,963,304,207,97,9890,5608,4282,5033,1885,3148,5533,3547,1986,4627,3046,1581,241,151,90,935,460,475,149,64,85,3302,2371,931,906,501,405,5,4,1,499,247,252,42,17,25,360,233,127,804,452,352,4,3,1,470,232,238,29,15,14,301,202,99,102,49,53,1,1,0,29,15,14,13,2,11,59,31,28,9390,3946,5444
15,91,Kamareddy,Kamareddy,18,Kamareddy,802906,0001,WARD,Kamareddy,Urban,5421,24549,12136,12413,2945,1476,1469,909,442,467,193,119,74,16273,8935,7338,8276,3201,5075,10392,6639,3753,8906,5864,3042,60,50,10,146,102,44,1585,408,1177,7115,5304,1811,1486,775,711,13,4,9,65,40,25,265,82,183,1143,649,494,1306,690,616,12,3,9,40,26,14,219,70,149,1035,591,444,180,85,95,1,1,0,25,14,11,46,12,34,108,58,50,14157,5497,8660
15,91,Kamareddy,Kamareddy,18,Kamareddy,802906,0002,WARD,Kamareddy,Urban,1442,6302,3144,3158,567,289,278,66,32,34,17,10,7,4583,2568,2015,1719,576,1143,2650,1725,925,2094,1424,670,29,26,3,24,17,7,383,99,284,1658,1282,376,556,301,255,1,1,0,8,6,2,293,120,173,254,174,80,294,203,91,1,1,0,8,6,2,79,57,22,206,139,67,262,98,164,0,0,0,0,0,0,214,63,151,48,35,13,3652,1419,2233
15,91,Kamareddy,Kamareddy,18,Kamareddy,802906,0003,WARD,Kamareddy,Urban,2163,10001,4547,5454,1075,530,545,2819,1307,1512,384,13,371,6606,3346,3260,3395,1201,2194,4040,2481,1559,3762,2326,1436,87,62,25,453,262,191,653,143,510,2569,1859,710,278,155,123,3,3,0,31,16,15,18,3,15,226,133,93,233,130,103,2,2,0,26,13,13,14,3,11,191,112,79,45,25,20,1,1,0,5,3,2,4,0,4,35,21,14,5961,2066,3895
15,91,Kamareddy,Kamareddy,18,Kamareddy,802906,0004,WARD,Kamareddy,Urban,2396,11566,5726,5840,1380,725,655,279,132,147,16,8,8,8047,4314,3733,3519,1412,2107,4105,2908,1197,2823,2053,770,16,10,6,84,60,24,412,187,225,2311,1796,515,1282,855,427,7,6,1,106,67,39,328,141,187,841,641,200,937,626,311,6,5,1,79,53,26,248,104,144,604,464,140,345,229,116,1,1,0,27,14,13,80,37,43,237,177,60,7461,2818,4643
15,91,Kamareddy,Kamareddy,18,Kamareddy,802906,0005,WARD,Kamareddy,Urban,6337,27897,14107,13790,2805,1463,1342,1482,730,752,339,165,174,21325,11669,9656,6572,2438,4134,10148,7276,2872,8882,6544,2338,169,148,21,166,126,40,840,221,619,7707,6049,1658,1266,732,534,14,11,3,43,29,14,141,42,99,1068,650,418,1117,661,456,14,11,3,42,28,14,131,42,89,930,580,350,149,71,78,0,0,0,1,1,0,10,0,10,138,70,68,17749,6831,10918