DISTRICT_CODE,DIVISION_CODE,DIVISION_NAME,Name_District,Mandal_Code,Name_Mandal,Village_Code,Ward,Level1,VName,TRU,No_HH,TOT_P,TOT_M,TOT_F,P_06,M_06,F_06,P_SC,M_SC,F_SC,P_ST,M_ST,F_ST,P_LIT,M_LIT,F_LIT,P_ILL,M_ILL,F_ILL,TOT_WORK_P,TOT_WORK_M,TOT_WORK_F,MAINWORK_P,MAINWORK_M,MAINWORK_F,MAIN_CL_P,MAIN_CL_M,MAIN_CL_F,MAIN_AL_P,MAIN_AL_M,MAIN_AL_F,MAIN_HH_P,MAIN_HH_M,MAIN_HH_F,MAIN_OT_P,MAIN_OT_M,MAIN_OT_F,MARGWORK_P,MARGWORK_M,MARGWORK_F,MARG_CL_P,MARG_CL_M,MARG_CL_F,MARG_AL_P,MARG_AL_M,MARG_AL_F,MARG_HH_P,MARG_HH_M,MARG_HH_F,MARG_OT_P,MARG_OT_M,MARG_OT_F,MARGWORK_3_6_P,MARGWORK_3_6_M,MARGWORK_3_6_F,MARG_CL_3_6_P,MARG_CL_3_6_M,MARG_CL_3_6_F,MARG_AL_3_6_P,MARG_AL_3_6_M,MARG_AL_3_6_F,MARG_HH_3_6_P,MARG_HH_3_6_M,MARG_HH_3_6_F,MARG_OT_3_6_P,MARG_OT_3_6_M,MARG_OT_3_6_F,MARGWORK_0_3_P,MARGWORK_0_3_M,MARGWORK_0_3_F,MARG_CL_0_3_P,MARG_CL_0_3_M,MARG_CL_0_3_F,MARG_AL_0_3_P,MARG_AL_0_3_M,MARG_AL_0_3_F,MARG_HH_0_3_P,MARG_HH_0_3_M,MARG_HH_0_3_F,MARG_OT_0_3_P,MARG_OT_0_3_M,MARG_OT_0_3_F,NON_WORK_P,NON_WORK_M,NON_WORK_F
31,91,Khammam,Khammam,01,Singareni,579452,0000,VILLAGE,Madharam,Rural,1601,5935,2982,2953,546,280,266,663,323,340,3381,1719,1662,3263,1909,1354,2672,1073,1599,3103,1643,1460,2918,1578,1340,253,214,39,2184,953,1231,18,14,4,463,397,66,185,65,120,2,0,2,154,46,108,1,1,0,28,18,10,148,52,96,2,0,2,122,36,86,0,0,0,24,16,8,37,13,24,0,0,0,32,10,22,1,1,0,4,2,2,2832,1339,1493
31,91,Khammam,Khammam,01,Singareni,579453,0000,VILLAGE,Perupalle,Rural,1269,4824,2381,2443,471,237,234,382,188,194,3130,1548,1582,2676,1529,1147,2148,852,1296,2492,1306,1186,2413,1272,1141,593,398,195,1594,708,886,27,21,6,199,145,54,79,34,45,17,7,10,46,24,22,6,0,6,10,3,7,75,33,42,17,7,10,45,24,21,5,0,5,8,2,6,4,1,3,0,0,0,1,0,1,1,0,1,2,1,1,2332,1075,1257
31,91,Khammam,Khammam,01,Singareni,579454,0000,VILLAGE,Usirikayalapalle,Rural,3678,14477,7516,6961,1371,720,651,1175,572,603,10895,5704,5191,7933,4806,3127,6544,2710,3834,7573,3946,3627,6729,3625,3104,1261,817,444,4653,2174,2479,53,26,27,762,608,154,844,321,523,38,14,24,692,240,452,6,3,3,108,64,44,741,270,471,36,12,24,613,207,406,6,3,3,86,48,38,103,51,52,2,2,0,79,33,46,0,0,0,22,16,6,6904,3570,3334
31,91,Khammam,Khammam,01,Singareni,579455,0000,VILLAGE,Singareni,Rural,1440,5505,2682,2823,473,242,231,1327,679,648,1138,520,618,3630,1966,1664,1875,716,1159,2416,1374,1042,2259,1309,950,223,158,65,1282,556,726,53,43,10,701,552,149,157,65,92,6,5,1,137,51,86,2,2,0,12,7,5,156,65,91,6,5,1,136,51,85,2,2,0,12,7,5,1,0,1,0,0,0,1,0,1,0,0,0,0,0,0,3089,1308,1781
31,91,Khammam,Khammam,01,Singareni,579456,0000,VILLAGE,Karepalle(Gate),Rural,1025,4334,1948,2386,324,174,150,209,107,102,2881,1232,1649,2484,1208,1276,1850,740,1110,2191,1103,1088,1665,990,675,266,231,35,1258,651,607,6,4,2,135,104,31,526,113,413,15,5,10,505,106,399,0,0,0,6,2,4,424,85,339,14,5,9,405,78,327,0,0,0,5,2,3,102,28,74,1,0,1,100,28,72,0,0,0,1,0,1,2143,845,1298
31,91,Khammam,Khammam,01,Singareni,579457,0000,VILLAGE,Kamalapuram,Rural,458,1582,783,799,157,75,82,196,94,102,410,210,200,823,473,350,759,310,449,898,471,427,865,462,403,297,178,119,474,202,272,0,0,0,94,82,12,33,9,24,12,3,9,18,3,15,0,0,0,3,3,0,25,8,17,7,2,5,15,3,12,0,0,0,3,3,0,8,1,7,5,1,4,3,0,3,0,0,0,0,0,0,684,312,372
31,91,Khammam,Khammam,01,Singareni,579458,0000,VILLAGE,Viswanadhapalle,Rural,907,3118,1535,1583,316,160,156,234,116,118,1509,746,763,1646,938,708,1472,597,875,1661,880,781,1497,845,652,306,205,101,969,455,514,8,6,2,214,179,35,164,35,129,2,1,1,151,24,127,0,0,0,11,10,1,133,22,111,1,0,1,123,14,109,0,0,0,9,8,1,31,13,18,1,1,0,28,10,18,0,0,0,2,2,0,1457,655,802
31,91,Khammam,Khammam,01,Singareni,579459,0000,VILLAGE,Komatlagudem,Rural,1190,4466,2262,2204,386,203,183,300,148,152,2893,1477,1416,2546,1461,1085,1920,801,1119,2428,1244,1184,2242,1207,1035,769,446,323,1222,573,649,18,12,6,233,176,57,186,37,149,6,3,3,146,23,123,13,1,12,21,10,11,147,26,121,1,0,1,122,16,106,6,1,5,18,9,9,39,11,28,5,3,2,24,7,17,7,0,7,3,1,2,2038,1018,1020
31,91,Khammam,Khammam,01,Singareni,579460,0000,VILLAGE,Manikyaram,Rural,811,3017,1558,1459,313,180,133,136,78,58,1718,885,833,1474,870,604,1543,688,855,1720,898,822,1689,882,807,502,292,210,1035,477,558,5,3,2,147,110,37,31,16,15,5,3,2,21,10,11,1,0,1,4,3,1,30,16,14,5,3,2,20,10,10,1,0,1,4,3,1,1,0,1,0,0,0,1,0,1,0,0,0,0,0,0,1297,660,637
31,91,Khammam,Khammam,01,Singareni,579461,0000,VILLAGE,Bajumallaigudem,Rural,622,2281,1138,1143,225,118,107,233,111,122,1250,632,618,1199,688,511,1082,450,632,1283,649,634,1177,625,552,288,155,133,821,417,404,13,8,5,55,45,10,106,24,82,5,2,3,100,21,79,0,0,0,1,1,0,104,24,80,4,2,2,99,21,78,0,0,0,1,1,0,2,0,2,1,0,1,1,0,1,0,0,0,0,0,0,998,489,509
31,91,Khammam,Khammam,01,Singareni,579462,0000,VILLAGE,Relakayalapalli,Rural,1389,5358,2811,2547,614,337,277,172,79,93,4338,2301,2037,2497,1545,952,2861,1266,1595,3028,1503,1525,2262,1204,1058,713,426,287,1417,684,733,20,16,4,112,78,34,766,299,467,52,31,21,696,259,437,2,2,0,16,7,9,686,250,436,42,24,18,627,218,409,2,2,0,15,6,9,80,49,31,10,7,3,69,41,28,0,0,0,1,1,0,2330,1308,1022
31,91,Khammam,Khammam,02,Kamepalle,579463,0000,VILLAGE,Garidepalli,Rural,301,998,504,494,84,41,43,6,4,2,967,488,479,442,257,185,556,247,309,588,277,311,569,269,300,111,56,55,422,193,229,4,2,2,32,18,14,19,8,11,4,2,2,15,6,9,0,0,0,0,0,0,18,7,11,4,2,2,14,5,9,0,0,0,0,0,0,1,1,0,0,0,0,1,1,0,0,0,0,0,0,0,410,227,183
31,91,Khammam,Khammam,02,Kamepalle,579464,0000,VILLAGE,Ponnekal,Rural,1090,4081,2058,2023,422,224,198,362,172,190,2865,1461,1404,1936,1135,801,2145,923,1222,2177,1095,1082,2129,1077,1052,247,171,76,1680,740,940,8,4,4,194,162,32,48,18,30,2,0,2,36,13,23,1,0,1,9,5,4,39,15,24,2,0,2,29,11,18,1,0,1,7,4,3,9,3,6,0,0,0,7,2,5,0,0,0,2,1,1,1904,963,941
31,91,Khammam,Khammam,02,Kamepalle,579465,0000,VILLAGE,Govindrala,Rural,1051,4209,2097,2112,493,241,252,433,209,224,3497,1747,1750,1792,1061,731,2417,1036,1381,2392,1147,1245,2249,1091,1158,243,166,77,1871,839,1032,27,17,10,108,69,39,143,56,87,16,11,5,109,39,70,1,1,0,17,5,12,116,40,76,10,6,4,89,28,61,1,1,0,16,5,11,27,16,11,6,5,1,20,11,9,0,0,0,1,0,1,1817,950,867
31,91,Khammam,Khammam,02,Kamepalle,579466,0000,VILLAGE,Nemilipuri,Rural,312,1210,602,608,141,77,64,19,11,8,1145,569,576,582,332,250,628,270,358,661,304,357,535,249,286,23,12,11,448,202,246,3,2,1,61,33,28,126,55,71,0,0,0,112,43,69,1,0,1,13,12,1,124,54,70,0,0,0,111,42,69,0,0,0,13,12,1,2,1,1,0,0,0,1,1,0,1,0,1,0,0,0,549,298,251
31,91,Khammam,Khammam,02,Kamepalle,579467,0000,VILLAGE,Lingala,Rural,726,2317,1121,1196,227,109,118,499,237,262,279,134,145,1504,807,697,813,314,499,1349,671,678,1295,655,640,165,105,60,1004,457,547,11,7,4,115,86,29,54,16,38,1,1,0,46,11,35,0,0,0,7,4,3,53,16,37,1,1,0,45,11,34,0,0,0,7,4,3,1,0,1,0,0,0,1,0,1,0,0,0,0,0,0,968,450,518
31,91,Khammam,Khammam,02,Kamepalle,579468,0000,VILLAGE,Pinjaramadugu,Rural,518,1772,886,886,177,96,81,310,161,149,893,448,445,921,516,405,851,370,481,1009,525,484,736,481,255,145,128,17,477,270,207,20,12,8,94,71,23,273,44,229,23,4,19,87,31,56,133,5,128,30,4,26,269,43,226,23,4,19,84,30,54,132,5,127,30,4,26,4,1,3,0,0,0,3,1,2,1,0,1,0,0,0,763,361,402
31,91,Khammam,Khammam,02,Kamepalle,579469,0000,VILLAGE,Kamepalli,Rural,1496,5464,2563,2901,502,255,247,1087,522,565,2105,968,1137,3115,1599,1516,2349,964,1385,2795,1455,1340,2572,1407,1165,386,264,122,1834,862,972,16,15,1,336,266,70,223,48,175,7,1,6,174,24,150,2,0,2,40,23,17,212,40,172,6,0,6,169,20,149,2,0,2,35,20,15,11,8,3,1,1,0,5,4,1,0,0,0,5,3,2,2669,1108,1561
31,91,Khammam,Khammam,02,Kamepalle,579470,0000,VILLAGE,Vootukur,Rural,706,2316,1156,1160,194,95,99,81,38,43,863,436,427,1267,717,550,1049,439,610,1319,678,641,1222,657,565,412,244,168,635,279,356,8,6,2,167,128,39,97,21,76,5,2,3,77,10,67,0,0,0,15,9,6,90,17,73,5,2,3,71,7,64,0,0,0,14,8,6,7,4,3,0,0,0,6,3,3,0,0,0,1,1,0,997,478,519
31,91,Khammam,Khammam,02,Kamepalle,579471,0000,VILLAGE,Jastepalli,Rural,1053,3821,1963,1858,389,208,181,159,83,76,691,356,335,1922,1118,804,1899,845,1054,2319,1210,1109,2228,1177,1051,600,367,233,1461,695,766,31,19,12,136,96,40,91,33,58,12,7,5,48,12,36,1,1,0,30,13,17,76,25,51,12,7,5,40,8,32,1,1,0,23,9,14,15,8,7,0,0,0,8,4,4,0,0,0,7,4,3,1502,753,749
31,91,Khammam,Khammam,02,Kamepalle,579472,0000,VILLAGE,Kondaigudem,Rural,485,1714,892,822,156,82,74,88,47,41,692,370,322,872,529,343,842,363,479,1043,531,512,970,500,470,262,174,88,633,268,365,3,2,1,72,56,16,73,31,42,2,2,0,63,23,40,0,0,0,8,6,2,59,20,39,2,2,0,49,12,37,0,0,0,8,6,2,14,11,3,0,0,0,14,11,3,0,0,0,0,0,0,671,361,310
31,91,Khammam,Khammam,02,Kamepalle,579473,0000,VILLAGE,Komminepalli,Rural,1106,3630,1785,1845,377,192,185,222,110,112,909,453,456,2118,1143,975,1512,642,870,2164,1102,1062,1750,909,841,159,106,53,1359,634,725,13,7,6,219,162,57,414,193,221,11,4,7,383,178,205,1,0,1,19,11,8,396,183,213,8,3,5,374,173,201,1,0,1,13,7,6,18,10,8,3,1,2,9,5,4,0,0,0,6,4,2,1466,683,783
31,91,Khammam,Khammam,02,Kamepalle,579474,0000,VILLAGE,Mucherla,Rural,1838,6833,3460,3373,779,415,364,595,293,302,2246,1168,1078,3695,2146,1549,3138,1314,1824,3918,1971,1947,3826,1931,1895,1166,766,400,2319,915,1404,40,27,13,301,223,78,92,40,52,16,8,8,58,21,37,1,1,0,17,10,7,82,35,47,16,8,8,49,17,32,1,1,0,16,9,7,10,5,5,0,0,0,9,4,5,0,0,0,1,1,0,2915,1489,1426
31,91,Khammam,Khammam,02,Kamepalle,579475,0000,VILLAGE,Maddulapalli,Rural,977,3590,1795,1795,373,191,182,168,84,84,1450,744,706,1833,1066,767,1757,729,1028,2062,998,1064,1986,969,1017,566,329,237,1253,538,715,7,3,4,160,99,61,76,29,47,5,2,3,55,19,36,0,0,0,16,8,8,71,26,45,5,2,3,53,18,35,0,0,0,13,6,7,5,3,2,0,0,0,2,1,1,0,0,0,3,2,1,1528,797,731
31,92,Kalluru,Khammam,15,Sathupalle,579560,0000,VILLAGE,Yathalkunta,Rural,300,968,471,497,85,44,41,87,48,39,430,206,224,616,342,274,352,129,223,487,290,197,467,289,178,80,66,14,286,143,143,16,13,3,85,67,18,20,1,19,0,0,0,13,0,13,0,0,0,7,1,6,20,1,19,0,0,0,13,0,13,0,0,0,7,1,6,0,0,0,0,0,0,0,0,0,0,0,0,0,0,0,481,181,300
31,92,Kalluru,Khammam,15,Sathupalle,579561,0000,VILLAGE,Regallapahad,Rural,139,554,289,265,72,41,31,6,3,3,511,266,245,250,147,103,304,142,162,355,187,168,349,183,166,71,50,21,217,99,118,2,1,1,59,33,26,6,4,2,0,0,0,5,3,2,0,0,0,1,1,0,4,2,2,0,0,0,3,1,2,0,0,0,1,1,0,2,2,0,0,0,0,2,2,0,0,0,0,0,0,0,199,102,97
31,92,Kalluru,Khammam,15,Sathupalle,579562,0000,VILLAGE,Rudrakshapalli,Rural,1542,5531,2746,2785,543,274,269,189,93,96,3528,1745,1783,3045,1654,1391,2486,1092,1394,3189,1729,1460,2867,1652,1215,224,201,23,2473,1328,1145,22,18,4,148,105,43,322,77,245,14,9,5,298,66,232,3,0,3,7,2,5,298,71,227,12,9,3,279,60,219,0,0,0,7,2,5,24,6,18,2,0,2,19,6,13,3,0,3,0,0,0,2342,1017,1325
31,92,Kalluru,Khammam,15,Sathupalle,579564,0000,VILLAGE,Cherukupalle,Rural,273,948,478,470,112,60,52,0,0,0,768,391,377,415,235,180,533,243,290,584,309,275,579,307,272,50,48,2,486,226,260,0,0,0,43,33,10,5,2,3,0,0,0,4,1,3,0,0,0,1,1,0,5,2,3,0,0,0,4,1,3,0,0,0,1,1,0,0,0,0,0,0,0,0,0,0,0,0,0,0,0,0,364,169,195
31,92,Kalluru,Khammam,15,Sathupalle,579565,0000,VILLAGE,Jagannadhapuram,Rural,88,295,148,147,24,10,14,0,0,0,295,148,147,142,85,57,153,63,90,183,96,87,179,94,85,0,0,0,177,93,84,0,0,0,2,1,1,4,2,2,0,0,0,4,2,2,0,0,0,0,0,0,4,2,2,0,0,0,4,2,2,0,0,0,0,0,0,0,0,0,0,0,0,0,0,0,0,0,0,0,0,0,112,52,60
31,92,Kalluru,Khammam,15,Sathupalle,579566,0000,VILLAGE,Kakarlapalli,Rural,1135,4165,2043,2122,421,210,211,626,318,308,517,242,275,2271,1232,1039,1894,811,1083,2224,1308,916,1840,1119,721,269,241,28,1028,492,536,95,57,38,448,329,119,384,189,195,2,1,1,244,115,129,17,6,11,121,67,54,261,182,79,2,1,1,137,111,26,9,6,3,113,64,49,123,7,116,0,0,0,107,4,103,8,0,8,8,3,5,1941,735,1206
31,92,Kalluru,Khammam,15,Sathupalle,579567,0000,VILLAGE,Kistaram,Rural,999,3666,1914,1752,313,162,151,1819,930,889,119,60,59,2256,1298,958,1410,616,794,1590,1065,525,500,412,88,115,107,8,143,104,39,5,2,3,237,199,38,1090,653,437,128,75,53,778,443,335,17,11,6,167,124,43,873,513,360,119,70,49,581,317,264,16,10,6,157,116,41,217,140,77,9,5,4,197,126,71,1,1,0,10,8,2,2076,849,1227
31,92,Kalluru,Khammam,15,Sathupalle,579568,0000,VILLAGE,Kommepalle,Rural,101,354,169,185,29,12,17,158,74,84,50,23,27,183,94,89,171,75,96,205,109,96,36,30,6,3,3,0,6,4,2,0,0,0,27,23,4,169,79,90,1,1,0,106,45,61,0,0,0,62,33,29,166,78,88,1,1,0,105,45,60,0,0,0,60,32,28,3,1,2,0,0,0,1,0,1,0,0,0,2,1,1,149,60,89
31,92,Kalluru,Khammam,15,Sathupalle,579569,0000,VILLAGE,Rejerla,Rural,1276,4388,2166,2222,377,178,199,1625,803,822,364,181,183,2714,1469,1245,1674,697,977,2226,1291,935,1777,1090,687,254,229,25,1224,635,589,28,18,10,271,208,63,449,201,248,9,5,4,403,176,227,4,2,2,33,18,15,437,194,243,6,3,3,399,175,224,3,1,2,29,15,14,12,7,5,3,2,1,4,1,3,1,1,0,4,3,1,2162,875,1287
31,92,Kalluru,Khammam,15,Sathupalle,579570,0000,VILLAGE,Sadasivunipalem,Rural,447,1610,812,798,145,84,61,387,190,197,0,0,0,979,540,439,631,272,359,829,488,341,821,482,339,108,93,15,556,271,285,18,9,9,139,109,30,8,6,2,0,0,0,4,3,1,1,0,1,3,3,0,6,4,2,0,0,0,2,1,1,1,0,1,3,3,0,2,2,0,0,0,0,2,2,0,0,0,0,0,0,0,781,324,457
31,92,Kalluru,Khammam,15,Sathupalle,579571,0000,VILLAGE,Thumbur,Rural,1242,4634,2322,2312,455,227,228,888,446,442,1264,633,631,2444,1336,1108,2190,986,1204,2577,1418,1159,2071,1166,905,289,243,46,1306,615,691,17,7,10,459,301,158,506,252,254,4,1,3,470,234,236,2,1,1,30,16,14,485,241,244,4,1,3,469,233,236,2,1,1,10,6,4,21,11,10,0,0,0,1,1,0,0,0,0,20,10,10,2057,904,1153
31,92,Kalluru,Khammam,15,Sathupalle,579572,0000,VILLAGE,Siddaram,Rural,1138,3924,1970,1954,384,199,185,782,395,387,798,393,405,2247,1228,1019,1677,742,935,1834,1159,675,1711,1091,620,56,51,5,1389,812,577,17,16,1,249,212,37,123,68,55,0,0,0,49,28,21,4,2,2,70,38,32,123,68,55,0,0,0,49,28,21,4,2,2,70,38,32,0,0,0,0,0,0,0,0,0,0,0,0,0,0,0,2090,811,1279
31,92,Kalluru,Khammam,15,Sathupalle,579573,0000,VILLAGE,"Bethupalli	",Rural,3824,14149,7090,7059,1541,795,746,3133,1579,1554,1704,858,846,8491,4626,3865,5658,2464,3194,6987,4116,2871,6195,3810,2385,687,633,54,3629,1788,1841,80,48,32,1799,1341,458,792,306,486,64,46,18,543,171,372,5,2,3,180,87,93,520,186,334,49,33,16,325,91,234,4,2,2,142,60,82,272,120,152,15,13,2,218,80,138,1,0,1,38,27,11,7162,2974,4188
31,92,Kalluru,Khammam,14,Penuballi,579574,0000,VILLAGE,Thallapenta,Rural,917,3396,1695,1701,304,147,157,773,390,383,1247,632,615,1739,999,740,1657,696,961,1848,1001,847,1102,679,423,165,153,12,869,477,392,2,2,0,66,47,19,746,322,424,7,6,1,726,306,420,1,0,1,12,10,2,668,300,368,7,6,1,648,284,364,1,0,1,12,10,2,78,22,56,0,0,0,78,22,56,0,0,0,0,0,0,1548,694,854
31,92,Kalluru,Khammam,14,Penuballi,579575,0000,VILLAGE,Lingagudem,Rural,690,2489,1257,1232,204,105,99,725,362,363,838,420,418,1363,783,580,1126,474,652,1440,801,639,1333,749,584,223,168,55,925,438,487,3,3,0,182,140,42,107,52,55,2,1,1,101,48,53,1,1,0,3,2,1,102,48,54,2,1,1,96,44,52,1,1,0,3,2,1,5,4,1,0,0,0,5,4,1,0,0,0,0,0,0,1049,456,593
31,92,Kalluru,Khammam,14,Penuballi,579576,0000,VILLAGE,Gowararam,Rural,888,3361,1663,1698,302,158,144,517,259,258,288,137,151,1827,995,832,1534,668,866,1905,960,945,1784,942,842,161,112,49,1541,769,772,2,0,2,80,61,19,121,18,103,7,3,4,108,13,95,1,0,1,5,2,3,120,18,102,7,3,4,108,13,95,1,0,1,4,2,2,1,0,1,0,0,0,0,0,0,0,0,0,1,0,1,1456,703,753
31,92,Kalluru,Khammam,14,Penuballi,579577,0000,VILLAGE,Bhavannapalem,Rural,212,878,453,425,67,39,28,114,55,59,158,84,74,517,299,218,361,154,207,494,251,243,446,231,215,59,31,28,334,161,173,2,1,1,51,38,13,48,20,28,10,4,6,24,9,15,2,0,2,12,7,5,37,14,23,6,2,4,19,6,13,2,0,2,10,6,4,11,6,5,4,2,2,5,3,2,0,0,0,2,1,1,384,202,182
31,92,Kalluru,Khammam,14,Penuballi,579578,0000,VILLAGE,Ramachandrapuram,Rural,172,636,315,321,69,34,35,0,0,0,302,153,149,358,195,163,278,120,158,348,216,132,22,14,8,1,1,0,0,0,0,5,4,1,16,9,7,326,202,124,21,18,3,295,174,121,5,5,0,5,5,0,325,201,124,21,18,3,294,173,121,5,5,0,5,5,0,1,1,0,0,0,0,1,1,0,0,0,0,0,0,0,288,99,189
31,92,Kalluru,Khammam,14,Penuballi,579579,0000,VILLAGE,Lankalapalli,Rural,781,3001,1456,1545,299,161,138,535,256,279,446,223,223,1723,913,810,1278,543,735,1524,873,651,1431,828,603,179,141,38,1083,558,525,12,9,3,157,120,37,93,45,48,10,4,6,70,31,39,2,2,0,11,8,3,82,39,43,10,4,6,60,26,34,1,1,0,11,8,3,11,6,5,0,0,0,10,5,5,1,1,0,0,0,0,1477,583,894
31,92,Kalluru,Khammam,14,Penuballi,579580,0000,VILLAGE,Yerughatla,Rural,307,1145,568,577,127,68,59,251,130,121,263,131,132,610,325,285,535,243,292,688,343,345,547,329,218,71,71,0,445,233,212,5,5,0,26,20,6,141,14,127,2,1,1,136,12,124,2,0,2,1,1,0,141,14,127,2,1,1,136,12,124,2,0,2,1,1,0,0,0,0,0,0,0,0,0,0,0,0,0,0,0,0,457,225,232
31,92,Kalluru,Khammam,14,Penuballi,579581,0000,VILLAGE,Chowdavaram,Rural,124,500,259,241,56,27,29,24,13,11,189,100,89,210,120,90,290,139,151,316,167,149,176,153,23,126,125,1,34,17,17,0,0,0,16,11,5,140,14,126,0,0,0,137,13,124,0,0,0,3,1,2,140,14,126,0,0,0,137,13,124,0,0,0,3,1,2,0,0,0,0,0,0,0,0,0,0,0,0,0,0,0,184,92,92
31,92,Kalluru,Khammam,14,Penuballi,579582,0000,VILLAGE,Penuballi,Rural,2337,8915,4401,4514,918,464,454,2024,1010,1014,1043,534,509,5548,2981,2567,3367,1420,1947,4055,2458,1597,2565,1743,822,352,291,61,1041,532,509,59,38,21,1113,882,231,1490,715,775,51,21,30,1078,471,607,19,9,10,342,214,128,1222,591,631,51,21,30,826,357,469,18,9,9,327,204,123,268,124,144,0,0,0,252,114,138,1,0,1,15,10,5,4860,1943,2917
31,92,Kalluru,Khammam,14,Penuballi,579583,0000,VILLAGE,Tekulapalli,Rural,1193,4235,2135,2100,446,242,204,604,312,292,1185,601,584,2092,1220,872,2143,915,1228,2348,1218,1130,2186,1177,1009,202,138,64,1738,836,902,9,5,4,237,198,39,162,41,121,6,1,5,136,28,108,2,0,2,18,12,6,148,32,116,6,1,5,125,20,105,2,0,2,15,11,4,14,9,5,0,0,0,11,8,3,0,0,0,3,1,2,1887,917,970
31,92,Kalluru,Khammam,14,Penuballi,579584,0000,VILLAGE,Thummalapalli,Rural,311,1084,544,540,137,73,64,299,155,144,0,0,0,600,316,284,484,228,256,617,331,286,613,330,283,34,29,5,489,234,255,23,15,8,67,52,15,4,1,3,0,0,0,2,0,2,0,0,0,2,1,1,4,1,3,0,0,0,2,0,2,0,0,0,2,1,1,0,0,0,0,0,0,0,0,0,0,0,0,0,0,0,467,213,254
31,92,Kalluru,Khammam,14,Penuballi,579585,0000,VILLAGE,Bayyannagudem,Rural,519,1634,823,811,150,83,67,304,155,149,284,141,143,980,543,437,654,280,374,866,505,361,690,417,273,66,57,9,502,260,242,2,1,1,120,99,21,176,88,88,0,0,0,148,68,80,7,2,5,21,18,3,143,73,70,0,0,0,126,60,66,2,1,1,15,12,3,33,15,18,0,0,0,22,8,14,5,1,4,6,6,0,768,318,450
31,92,Kalluru,Khammam,14,Penuballi,579586,0000,VILLAGE,Mandalapadu,Rural,678,2491,1292,1199,275,148,127,767,394,373,51,32,19,1391,806,585,1100,486,614,1381,770,611,970,582,388,236,206,30,538,209,329,14,10,4,182,157,25,411,188,223,11,9,2,374,159,215,6,4,2,20,16,4,403,183,220,11,9,2,372,158,214,0,0,0,20,16,4,8,5,3,0,0,0,2,1,1,6,4,2,0,0,0,1110,522,588
31,92,Kalluru,Khammam,14,Penuballi,579587,0000,VILLAGE,Gollagudem,Rural,256,972,466,506,98,35,63,360,168,192,42,25,17,577,313,264,395,153,242,515,279,236,480,267,213,27,25,2,347,171,176,1,0,1,105,71,34,35,12,23,1,0,1,28,7,21,1,0,1,5,5,0,11,5,6,1,0,1,9,4,5,0,0,0,1,1,0,24,7,17,0,0,0,19,3,16,1,0,1,4,4,0,457,187,270
31,92,Kalluru,Khammam,14,Penuballi,579588,0000,VILLAGE,Adavimallela,Rural,425,1811,677,1134,154,87,67,537,99,438,329,126,203,1122,355,767,689,322,367,739,413,326,732,408,324,30,24,6,506,264,242,0,0,0,196,120,76,7,5,2,0,0,0,3,2,1,0,0,0,4,3,1,7,5,2,0,0,0,3,2,1,0,0,0,4,3,1,0,0,0,0,0,0,0,0,0,0,0,0,0,0,0,1072,264,808
31,92,Kalluru,Khammam,14,Penuballi,579589,0000,VILLAGE,Karaigudem,Rural,1117,3968,1959,2009,323,148,175,482,236,246,662,339,323,2144,1177,967,1824,782,1042,2343,1265,1078,1838,1088,750,378,309,69,1294,659,635,6,5,1,160,115,45,505,177,328,19,6,13,470,157,313,1,0,1,15,14,1,476,166,310,9,2,7,457,155,302,0,0,0,10,9,1,29,11,18,10,4,6,13,2,11,1,0,1,5,5,0,1625,694,931
31,92,Kalluru,Khammam,14,Penuballi,579590,0000,VILLAGE,Kuppenakuntla,Rural,722,2860,1499,1361,274,145,129,793,409,384,9,5,4,1692,981,711,1168,518,650,1303,805,498,940,652,288,312,300,12,515,254,261,2,1,1,111,97,14,363,153,210,11,7,4,336,138,198,0,0,0,16,8,8,258,87,171,10,7,3,235,74,161,0,0,0,13,6,7,105,66,39,1,0,1,101,64,37,0,0,0,3,2,1,1557,694,863
31,92,Kalluru,Khammam,14,Penuballi,579591,0000,VILLAGE,Chintagudem,Rural,823,3069,1550,1519,303,162,141,453,217,236,8,3,5,1722,994,728,1347,556,791,1699,944,755,1589,905,684,354,231,123,987,482,505,42,33,9,206,159,47,110,39,71,15,3,12,61,19,42,2,1,1,32,16,16,102,36,66,15,3,12,55,16,39,1,1,0,31,16,15,8,3,5,0,0,0,6,3,3,1,0,1,1,0,1,1370,606,764
31,92,Kalluru,Khammam,14,Penuballi,579592,0000,VILLAGE,Tellavaram,Rural,619,2366,1181,1185,270,138,132,719,360,359,115,61,54,1038,578,460,1328,603,725,1397,738,659,1393,738,655,98,77,21,1164,552,612,5,2,3,126,107,19,4,0,4,0,0,0,4,0,4,0,0,0,0,0,0,0,0,0,0,0,0,0,0,0,0,0,0,0,0,0,4,0,4,0,0,0,4,0,4,0,0,0,0,0,0,969,443,526
31,92,Kalluru,Khammam,14,Penuballi,579593,0000,VILLAGE,Ganeshunipadu,Rural,370,1416,704,712,121,66,55,409,205,204,1,0,1,846,458,388,570,246,324,717,424,293,665,414,251,151,125,26,431,227,204,20,15,5,63,47,16,52,10,42,4,2,2,31,2,29,5,1,4,12,5,7,42,10,32,4,2,2,27,2,25,3,1,2,8,5,3,10,0,10,0,0,0,4,0,4,2,0,2,4,0,4,699,280,419
31,92,Kalluru,Khammam,14,Penuballi,579594,0000,VILLAGE,Kondrapadu,Rural,705,2614,1324,1290,269,133,136,401,201,200,1012,527,485,1266,747,519,1348,577,771,1433,775,658,1246,754,492,184,156,28,906,483,423,18,14,4,138,101,37,187,21,166,3,2,1,180,16,164,0,0,0,4,3,1,187,21,166,3,2,1,180,16,164,0,0,0,4,3,1,0,0,0,0,0,0,0,0,0,0,0,0,0,0,0,1181,549,632
31,92,Kalluru,Khammam,12,Enkuru,579595,0000,VILLAGE,Raimadaram,Rural,583,2085,1068,1017,195,99,96,178,83,95,1034,544,490,1096,657,439,989,411,578,1227,636,591,1115,581,534,458,236,222,557,284,273,30,13,17,70,48,22,112,55,57,15,7,8,73,34,39,3,3,0,21,11,10,107,52,55,14,6,8,70,33,37,2,2,0,21,11,10,5,3,2,1,1,0,3,1,2,1,1,0,0,0,0,858,432,426
31,92,Kalluru,Khammam,12,Enkuru,579596,0000,VILLAGE,Thimmaraopeta,Rural,740,2777,1437,1340,278,146,132,370,198,172,1039,558,481,1443,875,568,1334,562,772,1645,836,809,1553,781,772,292,159,133,1151,555,596,28,15,13,82,52,30,92,55,37,9,5,4,23,11,12,1,1,0,59,38,21,78,47,31,9,5,4,15,7,8,1,1,0,53,34,19,14,8,6,0,0,0,8,4,4,0,0,0,6,4,2,1132,601,531
31,92,Kalluru,Khammam,12,Enkuru,579597,0000,VILLAGE,Burda Raghavapuram,Rural,1481,5366,2768,2598,472,234,238,381,202,179,2707,1438,1269,2791,1681,1110,2575,1087,1488,3151,1597,1554,2985,1522,1463,672,447,225,2166,980,1186,4,2,2,143,93,50,166,75,91,30,12,18,124,53,71,1,1,0,11,9,2,151,65,86,29,12,17,111,44,67,0,0,0,11,9,2,15,10,5,1,0,1,13,9,4,1,1,0,0,0,0,2215,1171,1044
31,92,Kalluru,Khammam,12,Enkuru,579598,0000,VILLAGE,Kesupalli,Rural,422,1431,696,735,142,74,68,76,39,37,598,291,307,633,353,280,798,343,455,878,442,436,870,438,432,356,199,157,454,189,265,3,3,0,57,47,10,8,4,4,0,0,0,6,3,3,0,0,0,2,1,1,8,4,4,0,0,0,6,3,3,0,0,0,2,1,1,0,0,0,0,0,0,0,0,0,0,0,0,0,0,0,553,254,299
31,92,Kalluru,Khammam,12,Enkuru,579599,0000,VILLAGE,Nacharam,Rural,1525,5704,2901,2803,596,291,305,578,295,283,3438,1732,1706,2713,1615,1098,2991,1286,1705,3199,1681,1518,3168,1667,1501,1052,671,381,1876,822,1054,28,16,12,212,158,54,31,14,17,1,1,0,23,10,13,1,1,0,6,2,4,26,12,14,1,1,0,19,9,10,0,0,0,6,2,4,5,2,3,0,0,0,4,1,3,1,1,0,0,0,0,2505,1220,1285
31,92,Kalluru,Khammam,12,Enkuru,579600,0000,VILLAGE,Medepalli,Rural,154,545,273,272,67,38,29,0,0,0,438,221,217,295,178,117,250,95,155,378,188,190,351,171,180,83,44,39,262,125,137,0,0,0,6,2,4,27,17,10,8,4,4,19,13,6,0,0,0,0,0,0,5,1,4,1,0,1,4,1,3,0,0,0,0,0,0,22,16,6,7,4,3,15,12,3,0,0,0,0,0,0,167,85,82
31,92,Kalluru,Khammam,12,Enkuru,579601,0000,VILLAGE,Enkuru,Rural,1712,6428,3348,3080,530,261,269,979,498,481,1367,644,723,4112,2443,1669,2316,905,1411,3022,1762,1260,2891,1695,1196,397,278,119,1769,842,927,18,13,5,707,562,145,131,67,64,18,8,10,69,26,43,6,4,2,38,29,9,102,51,51,17,7,10,49,18,31,3,1,2,33,25,8,29,16,13,1,1,0,20,8,12,3,3,0,5,4,1,3406,1586,1820
31,92,Kalluru,Khammam,12,Enkuru,579602,0000,VILLAGE,Thuthaka Lingampeta,Rural,1628,5818,2877,2941,509,242,267,1369,695,674,1619,790,829,3120,1789,1331,2698,1088,1610,3370,1743,1627,3244,1696,1548,967,571,396,1954,868,1086,19,16,3,304,241,63,126,47,79,14,5,9,89,27,62,4,3,1,19,12,7,122,47,75,14,5,9,87,27,60,4,3,1,17,12,5,4,0,4,0,0,0,2,0,2,0,0,0,2,0,2,2448,1134,1314
31,92,Kalluru,Khammam,12,Enkuru,579603,0000,VILLAGE,Arikayalapadu,Rural,270,903,445,458,109,49,60,164,88,76,8,3,5,452,257,195,451,188,263,562,287,275,562,287,275,331,165,166,220,114,106,4,2,2,7,6,1,0,0,0,0,0,0,0,0,0,0,0,0,0,0,0,0,0,0,0,0,0,0,0,0,0,0,0,0,0,0,0,0,0,0,0,0,0,0,0,0,0,0,0,0,0,341,158,183
31,92,Kalluru,Khammam,12,Enkuru,579604,0000,VILLAGE,Jannaram,Rural,832,3025,1537,1488,294,157,137,310,152,158,376,202,174,1447,869,578,1578,668,910,1852,906,946,1703,839,864,500,261,239,1102,522,580,21,11,10,80,45,35,149,67,82,6,5,1,69,30,39,2,1,1,72,31,41,145,65,80,6,5,1,69,30,39,2,1,1,68,29,39,4,2,2,0,0,0,0,0,0,0,0,0,4,2,2,1173,631,542
31,92,Kalluru,Khammam,12,Enkuru,579605,0000,VILLAGE,Nukalampadua,Rural,347,1260,632,628,151,79,72,239,121,118,0,0,0,624,364,260,636,268,368,756,379,377,724,368,356,269,152,117,380,154,226,4,4,0,71,58,13,32,11,21,7,2,5,21,6,15,0,0,0,4,3,1,28,9,19,7,2,5,17,4,13,0,0,0,4,3,1,4,2,2,0,0,0,4,2,2,0,0,0,0,0,0,504,253,251
31,91,Khammam,Khammam,05,Thirumalayapalem,579606,0000,VILLAGE,Mujahidpuram,Rural,190,734,355,379,84,37,47,169,87,82,428,198,230,269,153,116,465,202,263,442,217,225,441,216,225,159,80,79,263,119,144,0,0,0,19,17,2,1,1,0,0,0,0,0,0,0,0,0,0,1,1,0,1,1,0,0,0,0,0,0,0,0,0,0,1,1,0,0,0,0,0,0,0,0,0,0,0,0,0,0,0,0,292,138,154
31,91,Khammam,Khammam,05,Thirumalayapalem,579607,0000,VILLAGE,Kakarvai,Rural,1381,5202,2627,2575,563,315,248,583,280,303,1653,837,816,2406,1393,1013,2796,1234,1562,2992,1555,1437,2473,1403,1070,792,611,181,1315,510,805,120,94,26,246,188,58,519,152,367,11,3,8,471,130,341,0,0,0,37,19,18,431,145,286,6,2,4,392,125,267,0,0,0,33,18,15,88,7,81,5,1,4,79,5,74,0,0,0,4,1,3,2210,1072,1138
31,91,Khammam,Khammam,05,Thirumalayapalem,579608,0000,VILLAGE,Painampalli,Rural,306,1273,635,638,131,70,61,264,131,133,569,286,283,571,330,241,702,305,397,728,361,367,538,334,204,14,10,4,481,286,195,1,1,0,42,37,5,190,27,163,0,0,0,186,25,161,0,0,0,4,2,2,162,14,148,0,0,0,159,12,147,0,0,0,3,2,1,28,13,15,0,0,0,27,13,14,0,0,0,1,0,1,545,274,271
31,91,Khammam,Khammam,05,Thirumalayapalem,579609,0000,VILLAGE,Solipuram,Rural,310,1168,589,579,147,77,70,223,112,111,791,411,380,472,285,187,696,304,392,683,338,345,419,238,181,55,52,3,297,136,161,2,0,2,65,50,15,264,100,164,2,1,1,249,88,161,1,1,0,12,10,2,257,93,164,2,1,1,248,87,161,0,0,0,7,5,2,7,7,0,0,0,0,1,1,0,1,1,0,5,5,0,485,251,234
31,91,Khammam,Khammam,05,Thirumalayapalem,579610,0000,VILLAGE,Rajaram,Rural,292,969,466,503,99,44,55,225,103,122,11,7,4,387,217,170,582,249,333,587,284,303,564,275,289,243,133,110,264,88,176,2,1,1,55,53,2,23,9,14,1,0,1,21,9,12,0,0,0,1,0,1,21,8,13,1,0,1,19,8,11,0,0,0,1,0,1,2,1,1,0,0,0,2,1,1,0,0,0,0,0,0,382,182,200
31,91,Khammam,Khammam,05,Thirumalayapalem,579611,0000,VILLAGE,Jupeda,Rural,431,1501,769,732,145,80,65,496,267,229,0,0,0,698,405,293,803,364,439,858,467,391,814,455,359,192,139,53,524,229,295,0,0,0,98,87,11,44,12,32,0,0,0,35,8,27,0,0,0,9,4,5,40,8,32,0,0,0,33,6,27,0,0,0,7,2,5,4,4,0,0,0,0,2,2,0,0,0,0,2,2,0,643,302,341
31,91,Khammam,Khammam,05,Thirumalayapalem,579612,0000,VILLAGE,Raghunandhapalem,Rural,385,1176,589,587,124,59,65,517,260,257,30,14,16,493,300,193,683,289,394,714,358,356,345,181,164,139,83,56,173,72,101,0,0,0,33,26,7,369,177,192,10,9,1,357,166,191,0,0,0,2,2,0,366,175,191,10,9,1,355,165,190,0,0,0,1,1,0,3,2,1,0,0,0,2,1,1,0,0,0,1,1,0,462,231,231
31,91,Khammam,Khammam,05,Thirumalayapalem,579613,0000,VILLAGE,Laxmidevipalle,Rural,158,605,298,307,82,42,40,8,4,4,597,294,303,166,120,46,439,178,261,410,201,209,385,193,192,151,149,2,227,40,187,0,0,0,7,4,3,25,8,17,2,2,0,23,6,17,0,0,0,0,0,0,18,7,11,1,1,0,17,6,11,0,0,0,0,0,0,7,1,6,1,1,0,6,0,6,0,0,0,0,0,0,195,97,98
31,91,Khammam,Khammam,05,Thirumalayapalem,579614,0000,VILLAGE,Bachodu,Rural,927,3552,1785,1767,400,202,198,663,341,322,1283,623,660,1756,1010,746,1796,775,1021,2125,1062,1063,1790,907,883,339,246,93,1253,511,742,4,3,1,194,147,47,335,155,180,2,1,1,310,139,171,0,0,0,23,15,8,331,152,179,2,1,1,306,136,170,0,0,0,23,15,8,4,3,1,0,0,0,4,3,1,0,0,0,0,0,0,1427,723,704
31,91,Khammam,Khammam,05,Thirumalayapalem,579615,0000,VILLAGE,Bandampalle,Rural,131,467,237,230,56,27,29,188,93,95,69,38,31,211,136,75,256,101,155,269,139,130,266,137,129,54,31,23,187,88,99,0,0,0,25,18,7,3,2,1,0,0,0,2,1,1,0,0,0,1,1,0,3,2,1,0,0,0,2,1,1,0,0,0,1,1,0,0,0,0,0,0,0,0,0,0,0,0,0,0,0,0,198,98,100
31,91,Khammam,Khammam,05,Thirumalayapalem,579616,0000,VILLAGE,Hasnabad,Rural,370,1187,585,602,113,63,50,484,245,239,0,0,0,560,314,246,627,271,356,719,352,367,704,343,361,159,90,69,481,200,281,6,5,1,58,48,10,15,9,6,0,0,0,14,9,5,0,0,0,1,0,1,7,2,5,0,0,0,6,2,4,0,0,0,1,0,1,8,7,1,0,0,0,8,7,1,0,0,0,0,0,0,468,233,235
31,91,Khammam,Khammam,05,Thirumalayapalem,579617,0000,VILLAGE,Sublaid,Rural,881,3127,1577,1550,314,161,153,1163,582,581,286,144,142,1482,901,581,1645,676,969,1720,882,838,1251,673,578,307,183,124,646,267,379,4,3,1,294,220,74,469,209,260,20,7,13,199,76,123,3,2,1,247,124,123,404,188,216,10,5,5,160,69,91,2,1,1,232,113,119,65,21,44,10,2,8,39,7,32,1,1,0,15,11,4,1407,695,712
31,91,Khammam,Khammam,05,Thirumalayapalem,579618,0000,VILLAGE,Mohammapuram,Rural,823,3612,1845,1767,403,221,182,531,257,274,2509,1277,1232,1784,1061,723,1828,784,1044,1988,986,1002,1791,953,838,282,243,39,1323,574,749,2,2,0,184,134,50,197,33,164,1,0,1,174,25,149,4,4,0,18,4,14,181,26,155,1,0,1,164,21,143,1,1,0,15,4,11,16,7,9,0,0,0,10,4,6,3,3,0,3,0,3,1624,859,765
31,91,Khammam,Khammam,05,Thirumalayapalem,579619,0000,VILLAGE,Meddepalle,Rural,867,3169,1550,1619,327,153,174,749,357,392,1088,552,536,1444,818,626,1725,732,993,1869,932,937,1707,909,798,263,199,64,1363,647,716,1,1,0,80,62,18,162,23,139,7,1,6,149,18,131,0,0,0,6,4,2,160,23,137,7,1,6,148,18,130,0,0,0,5,4,1,2,0,2,0,0,0,1,0,1,0,0,0,1,0,1,1300,618,682
31,91,Khammam,Khammam,05,Thirumalayapalem,579620,0000,VILLAGE,Beerolu,Rural,1310,4370,2164,2206,404,201,203,1303,662,641,244,117,127,2463,1401,1062,1907,763,1144,2506,1268,1238,2422,1227,1195,495,282,213,1625,711,914,19,12,7,283,222,61,84,41,43,2,1,1,27,9,18,11,6,5,44,25,19,73,35,38,2,1,1,19,5,14,11,6,5,41,23,18,11,6,5,0,0,0,8,4,4,0,0,0,3,2,1,1864,896,968
31,91,Khammam,Khammam,05,Thirumalayapalem,579621,0000,VILLAGE,Thalla Cheruvu,Rural,440,1498,748,750,121,56,65,511,251,260,0,0,0,865,497,368,633,251,382,892,483,409,867,471,396,298,180,118,461,208,253,4,2,2,104,81,23,25,12,13,5,3,2,12,3,9,0,0,0,8,6,2,19,8,11,2,2,0,12,3,9,0,0,0,5,3,2,6,4,2,3,1,2,0,0,0,0,0,0,3,3,0,606,265,341
31,91,Khammam,Khammam,05,Thirumalayapalem,579622,0000,VILLAGE,Thettelapadu,Rural,1049,3668,1852,1816,373,189,184,972,488,484,115,55,60,2041,1184,857,1627,668,959,2057,1075,982,1992,1038,954,272,163,109,1490,680,810,5,4,1,225,191,34,65,37,28,3,0,3,47,25,22,2,1,1,13,11,2,30,18,12,2,0,2,13,6,7,2,1,1,13,11,2,35,19,16,1,0,1,34,19,15,0,0,0,0,0,0,1611,777,834
31,91,Khammam,Khammam,05,Thirumalayapalem,579623,0000,VILLAGE,Patharalapadu,Rural,1361,5037,2554,2483,606,309,297,546,277,269,1982,979,1003,2436,1533,903,2601,1021,1580,2883,1512,1371,2583,1421,1162,615,419,196,1475,585,890,14,8,6,479,409,70,300,91,209,42,18,24,218,51,167,5,1,4,35,21,14,196,52,144,24,7,17,142,27,115,5,1,4,25,17,8,104,39,65,18,11,7,76,24,52,0,0,0,10,4,6,2154,1042,1112
31,91,Khammam,Khammam,05,Thirumalayapalem,579624,0000,VILLAGE,Jallepalli,Rural,544,2057,1048,1009,225,114,111,434,219,215,274,138,136,1012,616,396,1045,432,613,1182,589,593,780,404,376,198,114,84,539,256,283,0,0,0,43,34,9,402,185,217,1,1,0,358,146,212,0,0,0,43,38,5,396,183,213,1,1,0,355,146,209,0,0,0,40,36,4,6,2,4,0,0,0,3,0,3,0,0,0,3,2,1,875,459,416
31,91,Khammam,Khammam,05,Thirumalayapalem,579625,0000,VILLAGE,"Hydersaipet	",Rural,624,2573,1346,1227,259,134,125,261,129,132,1768,938,830,1124,708,416,1449,638,811,1423,722,701,1420,720,700,147,83,64,1213,588,625,6,5,1,54,44,10,3,2,1,0,0,0,2,2,0,0,0,0,1,0,1,2,1,1,0,0,0,1,1,0,0,0,0,1,0,1,1,1,0,0,0,0,1,1,0,0,0,0,0,0,0,1150,624,526
31,91,Khammam,Khammam,05,Thirumalayapalem,579626,0000,VILLAGE,Thippareddygudem,Rural,430,1600,809,791,183,100,83,156,80,76,221,115,106,741,458,283,859,351,508,923,466,457,648,399,249,183,138,45,434,237,197,1,1,0,30,23,7,275,67,208,5,1,4,261,61,200,2,0,2,7,5,2,270,65,205,5,1,4,258,59,199,0,0,0,7,5,2,5,2,3,0,0,0,3,2,1,2,0,2,0,0,0,677,343,334
31,91,Khammam,Khammam,05,Thirumalayapalem,579627,0000,VILLAGE,Pindiprolu,Rural,1371,4716,2376,2340,440,223,217,1211,602,609,69,34,35,2601,1508,1093,2115,868,1247,2798,1469,1329,2631,1383,1248,428,254,174,1721,722,999,74,68,6,408,339,69,167,86,81,15,10,5,92,27,65,5,4,1,55,45,10,138,67,71,11,7,4,78,22,56,5,4,1,44,34,10,29,19,10,4,3,1,14,5,9,0,0,0,11,11,0,1918,907,1011
31,91,Khammam,Khammam,05,Thirumalayapalem,579628,0000,VILLAGE,Edulla Cheruvu,Rural,410,1575,796,779,193,102,91,307,159,148,890,452,438,625,375,250,950,421,529,1002,487,515,913,440,473,148,80,68,717,327,390,2,2,0,46,31,15,89,47,42,3,1,2,62,28,34,1,1,0,23,17,6,89,47,42,3,1,2,62,28,34,1,1,0,23,17,6,0,0,0,0,0,0,0,0,0,0,0,0,0,0,0,573,309,264
31,91,Khammam,Khammam,05,Thirumalayapalem,579629,0000,VILLAGE,Thirumalayapalem,Rural,850,3496,1549,1947,318,164,154,700,335,365,390,90,300,2121,986,1135,1375,563,812,1646,860,786,1584,837,747,231,135,96,1047,452,595,13,10,3,293,240,53,62,23,39,3,1,2,37,8,29,0,0,0,22,14,8,61,22,39,3,1,2,37,8,29,0,0,0,21,13,8,1,1,0,0,0,0,0,0,0,0,0,0,1,1,0,1850,689,1161
31,91,Khammam,Khammam,05,Thirumalayapalem,579630,0000,VILLAGE,Kokkireni,Rural,891,3170,1588,1582,274,139,135,1510,764,746,98,53,45,1855,1060,795,1315,528,787,1910,989,921,1814,935,879,420,282,138,1200,495,705,10,10,0,184,148,36,96,54,42,3,1,2,45,17,28,1,1,0,47,35,12,79,46,33,3,1,2,33,13,20,1,1,0,42,31,11,17,8,9,0,0,0,12,4,8,0,0,0,5,4,1,1260,599,661
31,91,Khammam,Khammam,06,Kusumanchi,579631,0000,VILLAGE,Gaigollapalli,Rural,825,3179,1583,1596,350,182,168,357,175,182,1848,931,917,1375,825,550,1804,758,1046,1770,865,905,1540,835,705,460,387,73,983,376,607,5,3,2,92,69,23,230,30,200,8,1,7,210,23,187,0,0,0,12,6,6,224,27,197,8,1,7,209,23,186,0,0,0,7,3,4,6,3,3,0,0,0,1,0,1,0,0,0,5,3,2,1409,718,691
31,91,Khammam,Khammam,06,Kusumanchi,579632,0000,VILLAGE,Chowtapalli,Rural,564,2155,1092,1063,225,116,109,372,188,184,1138,577,561,1086,643,443,1069,449,620,1363,666,697,1357,662,695,181,137,44,1103,473,630,4,3,1,69,49,20,6,4,2,2,1,1,1,0,1,0,0,0,3,3,0,6,4,2,2,1,1,1,0,1,0,0,0,3,3,0,0,0,0,0,0,0,0,0,0,0,0,0,0,0,0,792,426,366
31,91,Khammam,Khammam,06,Kusumanchi,579633,0000,VILLAGE,Pocharam,Rural,671,2266,1132,1134,232,124,108,498,251,247,15,8,7,1145,663,482,1121,469,652,1352,672,680,1313,658,655,195,137,58,965,422,543,21,17,4,132,82,50,39,14,25,0,0,0,32,11,21,1,0,1,6,3,3,20,7,13,0,0,0,15,4,11,0,0,0,5,3,2,19,7,12,0,0,0,17,7,10,1,0,1,1,0,1,914,460,454
31,91,Khammam,Khammam,06,Kusumanchi,579634,0000,VILLAGE,Chegomma,Rural,1162,4123,2051,2072,421,204,217,667,318,349,82,44,38,2133,1242,891,1990,809,1181,2382,1216,1166,2298,1192,1106,675,444,231,1408,584,824,30,24,6,185,140,45,84,24,60,15,1,14,43,11,32,5,4,1,21,8,13,77,18,59,15,1,14,40,8,32,3,3,0,19,6,13,7,6,1,0,0,0,3,3,0,2,1,1,2,2,0,1741,835,906
31,91,Khammam,Khammam,06,Kusumanchi,579635,0000,VILLAGE,Jeelacheruvu,Rural,1053,3637,1782,1855,331,157,174,459,213,246,315,153,162,2042,1140,902,1595,642,953,2034,1054,980,1986,1033,953,266,163,103,1380,617,763,28,12,16,312,241,71,48,21,27,2,2,0,33,11,22,2,2,0,11,6,5,37,17,20,2,2,0,27,10,17,2,2,0,6,3,3,11,4,7,0,0,0,6,1,5,0,0,0,5,3,2,1603,728,875
31,91,Khammam,Khammam,06,Kusumanchi,579636,0000,VILLAGE,Kusumanchi,Rural,2947,11563,5923,5640,1112,554,558,2061,994,1067,2508,1351,1157,6586,3860,2726,4977,2063,2914,6173,3270,2903,5985,3173,2812,1114,704,410,3799,1611,2188,51,44,7,1021,814,207,188,97,91,21,12,9,93,37,56,2,2,0,72,46,26,167,88,79,20,12,8,78,32,46,0,0,0,69,44,25,21,9,12,1,0,1,15,5,10,2,2,0,3,2,1,5390,2653,2737
31,91,Khammam,Khammam,06,Kusumanchi,579637,0000,VILLAGE,Jujjularaopeta,Rural,825,2955,1476,1479,297,159,138,514,256,258,803,403,400,1600,915,685,1355,561,794,1710,884,826,1523,819,704,237,200,37,1109,478,631,10,7,3,167,134,33,187,65,122,21,11,10,146,38,108,1,0,1,19,16,3,152,53,99,18,10,8,116,29,87,1,0,1,17,14,3,35,12,23,3,1,2,30,9,21,0,0,0,2,2,0,1245,592,653
31,91,Khammam,Khammam,06,Kusumanchi,579638,0000,VILLAGE,Palair,Rural,1204,5143,2625,2518,488,241,247,884,444,440,1476,771,705,3221,1887,1334,1922,738,1184,2521,1322,1199,2223,1262,961,373,249,124,1318,595,723,12,9,3,520,409,111,298,60,238,26,2,24,216,39,177,3,1,2,53,18,35,263,51,212,23,1,22,194,36,158,3,1,2,43,13,30,35,9,26,3,1,2,22,3,19,0,0,0,10,5,5,2622,1303,1319
31,91,Khammam,Khammam,06,Kusumanchi,579639,0000,VILLAGE,Nayakanigudem,Rural,1091,4014,1969,2045,429,198,231,953,453,500,19,8,11,2305,1306,999,1709,663,1046,2088,1134,954,1592,999,593,238,216,22,810,318,492,19,13,6,525,452,73,496,135,361,11,4,7,409,87,322,5,4,1,71,40,31,459,123,336,9,4,5,388,83,305,5,4,1,57,32,25,37,12,25,2,0,2,21,4,17,0,0,0,14,8,6,1926,835,1091
31,91,Khammam,Khammam,06,Kusumanchi,579640,0000,VILLAGE,Eswaramadaram,Rural,621,2199,1119,1080,221,111,110,227,112,115,984,501,483,1152,711,441,1047,408,639,1039,615,424,1033,612,421,200,179,21,757,373,384,7,4,3,69,56,13,6,3,3,1,1,0,4,2,2,0,0,0,1,0,1,6,3,3,1,1,0,4,2,2,0,0,0,1,0,1,0,0,0,0,0,0,0,0,0,0,0,0,0,0,0,1160,504,656
31,91,Khammam,Khammam,06,Kusumanchi,579641,0000,VILLAGE,Bhagayathveedu,Rural,177,721,364,357,81,41,40,144,70,74,534,270,264,288,187,101,433,177,256,442,213,229,181,168,13,98,95,3,80,72,8,0,0,0,3,1,2,261,45,216,2,0,2,259,45,214,0,0,0,0,0,0,261,45,216,2,0,2,259,45,214,0,0,0,0,0,0,0,0,0,0,0,0,0,0,0,0,0,0,0,0,0,279,151,128
31,91,Khammam,Khammam,06,Kusumanchi,579642,0000,VILLAGE,Rajupeta,Rural,423,1517,780,737,156,89,67,279,152,127,265,144,121,731,446,285,786,334,452,931,449,482,923,441,482,2,2,0,906,426,480,1,1,0,14,12,2,8,8,0,0,0,0,0,0,0,4,4,0,4,4,0,8,8,0,0,0,0,0,0,0,4,4,0,4,4,0,0,0,0,0,0,0,0,0,0,0,0,0,0,0,0,586,331,255
31,91,Khammam,Khammam,06,Kusumanchi,579643,0000,VILLAGE,Perikasingaram,Rural,1021,3909,1987,1922,389,212,177,218,112,106,2181,1124,1057,1941,1171,770,1968,816,1152,2145,1111,1034,1857,1038,819,459,322,137,1210,563,647,3,3,0,185,150,35,288,73,215,3,1,2,273,68,205,1,1,0,11,3,8,277,71,206,3,1,2,263,66,197,1,1,0,10,3,7,11,2,9,0,0,0,10,2,8,0,0,0,1,0,1,1764,876,888
31,91,Khammam,Khammam,06,Kusumanchi,579644,0000,VILLAGE,Jakkepalli,Rural,493,1613,780,833,146,70,76,438,225,213,2,1,1,863,494,369,750,286,464,977,496,481,942,481,461,226,134,92,573,255,318,9,2,7,134,90,44,35,15,20,15,7,8,14,2,12,1,1,0,5,5,0,13,7,6,3,1,2,5,1,4,1,1,0,4,4,0,22,8,14,12,6,6,9,1,8,0,0,0,1,1,0,636,284,352
31,91,Khammam,Khammam,06,Kusumanchi,579645,0000,VILLAGE,Mallepalli,Rural,406,1328,665,663,126,81,45,388,205,183,15,7,8,766,415,351,562,250,312,801,416,385,793,414,379,137,92,45,557,241,316,26,21,5,73,60,13,8,2,6,3,0,3,2,0,2,0,0,0,3,2,1,7,1,6,3,0,3,2,0,2,0,0,0,2,1,1,1,1,0,0,0,0,0,0,0,0,0,0,1,1,0,527,249,278
31,91,Khammam,Khammam,06,Kusumanchi,579646,0000,VILLAGE,Gattu Singaram,Rural,782,2901,1460,1441,353,178,175,450,229,221,890,475,415,1478,862,616,1423,598,825,1657,825,832,1376,697,679,318,212,106,877,351,526,10,5,5,171,129,42,281,128,153,5,1,4,267,121,146,4,3,1,5,3,2,274,125,149,4,1,3,266,120,146,2,2,0,2,2,0,7,3,4,1,0,1,1,1,0,2,1,1,3,1,2,1244,635,609
31,91,Khammam,Khammam,06,Kusumanchi,579647,0000,VILLAGE,Nelapatla,Rural,1611,5879,2971,2908,682,375,307,1156,582,574,3418,1733,1685,2814,1677,1137,3065,1294,1771,3345,1637,1708,3319,1625,1694,1052,601,451,2023,874,1149,13,11,2,231,139,92,26,12,14,0,0,0,17,6,11,0,0,0,9,6,3,24,11,13,0,0,0,15,5,10,0,0,0,9,6,3,2,1,1,0,0,0,2,1,1,0,0,0,0,0,0,2534,1334,1200
31,91,Khammam,Khammam,06,Kusumanchi,579648,0000,VILLAGE,Munigepalli,Rural,261,918,464,454,81,47,34,249,124,125,43,21,22,501,280,221,417,184,233,530,297,233,283,179,104,108,102,6,134,41,93,1,1,0,40,35,5,247,118,129,1,0,1,243,115,128,0,0,0,3,3,0,247,118,129,1,0,1,243,115,128,0,0,0,3,3,0,0,0,0,0,0,0,0,0,0,0,0,0,0,0,0,388,167,221
31,91,Khammam,Khammam,04,Khammam_Rural,579649,0000,VILLAGE,Kachirajugudem,Rural,571,2164,1109,1055,247,125,122,257,144,113,464,233,231,1160,691,469,1004,418,586,1233,646,587,1168,616,552,202,157,45,778,301,477,5,3,2,183,155,28,65,30,35,0,0,0,8,1,7,0,0,0,57,29,28,8,2,6,0,0,0,5,1,4,0,0,0,3,1,2,57,28,29,0,0,0,3,0,3,0,0,0,54,28,26,931,463,468
31,91,Khammam,Khammam,04,Khammam_Rural,579650,0000,VILLAGE,Gudurupadu,Rural,371,1448,717,731,125,62,63,175,91,84,0,0,0,738,423,315,710,294,416,766,453,313,764,451,313,198,162,36,472,202,270,5,4,1,89,83,6,2,2,0,2,2,0,0,0,0,0,0,0,0,0,0,2,2,0,2,2,0,0,0,0,0,0,0,0,0,0,0,0,0,0,0,0,0,0,0,0,0,0,0,0,0,682,264,418
31,91,Khammam,Khammam,04,Khammam_Rural,579651,0000,VILLAGE,Tenagampadu,Rural,592,2249,1126,1123,268,130,138,206,110,96,963,490,473,971,579,392,1278,547,731,1285,639,646,1273,634,639,553,276,277,629,284,345,1,1,0,90,73,17,12,5,7,3,1,2,8,3,5,0,0,0,1,1,0,12,5,7,3,1,2,8,3,5,0,0,0,1,1,0,0,0,0,0,0,0,0,0,0,0,0,0,0,0,0,964,487,477
31,91,Khammam,Khammam,04,Khammam_Rural,579652,0000,VILLAGE,Thirthala,Rural,1788,6084,3085,2999,668,356,312,627,328,299,1269,644,625,2924,1696,1228,3160,1389,1771,3711,1914,1797,3410,1812,1598,762,497,265,2057,837,1220,18,10,8,573,468,105,301,102,199,81,9,72,157,46,111,1,1,0,62,46,16,261,85,176,74,5,69,138,43,95,1,1,0,48,36,12,40,17,23,7,4,3,19,3,16,0,0,0,14,10,4,2373,1171,1202
31,91,Khammam,Khammam,03,Raghunadhapalem,579653,0000,VILLAGE,Daredu,Rural,627,2295,1150,1145,283,155,128,183,88,95,1349,679,670,983,597,386,1312,553,759,1327,666,661,1312,663,649,356,243,113,779,263,516,7,4,3,170,153,17,15,3,12,2,0,2,12,3,9,0,0,0,1,0,1,6,1,5,1,0,1,4,1,3,0,0,0,1,0,1,9,2,7,1,0,1,8,2,6,0,0,0,0,0,0,968,484,484
31,91,Khammam,Khammam,03,Raghunadhapalem,579654,0000,VILLAGE,Kamanchikal,Rural,836,2817,1454,1363,286,155,131,577,307,270,59,26,33,1677,953,724,1140,501,639,1570,891,679,1372,803,569,164,137,27,731,274,457,12,9,3,465,383,82,198,88,110,20,3,17,57,8,49,0,0,0,121,77,44,122,52,70,17,3,14,52,8,44,0,0,0,53,41,12,76,36,40,3,0,3,5,0,5,0,0,0,68,36,32,1247,563,684
31,91,Khammam,Khammam,10,Khammam_Urban,579655,0000,VILLAGE,Mallemadugu,Rural,2166,7851,3922,3929,918,470,448,1383,679,704,1187,588,599,4268,2426,1842,3583,1496,2087,3989,2319,1670,3734,2250,1484,369,245,124,1604,588,1016,39,19,20,1722,1398,324,255,69,186,9,2,7,175,27,148,2,1,1,69,39,30,221,51,170,8,1,7,158,22,136,1,1,0,54,27,27,34,18,16,1,1,0,17,5,12,1,0,1,15,12,3,3862,1603,2259
31,91,Khammam,Khammam,04,Khammam_Rural,579656,0000,VILLAGE,Gollapadu,Rural,773,2712,1383,1329,285,160,125,435,235,200,182,97,85,1501,867,634,1211,516,695,1483,805,678,814,501,313,182,125,57,319,105,214,13,11,2,300,260,40,669,304,365,19,11,8,500,178,322,11,10,1,139,105,34,629,283,346,19,11,8,477,168,309,10,9,1,123,95,28,40,21,19,0,0,0,23,10,13,1,1,0,16,10,6,1229,578,651
31,91,Khammam,Khammam,04,Khammam_Rural,579657,0000,VILLAGE,Venkatayapalem,Rural,1124,4289,2131,2158,459,259,200,1674,854,820,78,34,44,2489,1381,1108,1800,750,1050,2377,1231,1146,2329,1206,1123,303,192,111,1542,632,910,37,24,13,447,358,89,48,25,23,5,1,4,18,8,10,0,0,0,25,16,9,45,23,22,5,1,4,18,8,10,0,0,0,22,14,8,3,2,1,0,0,0,0,0,0,0,0,0,3,2,1,1912,900,1012
31,91,Khammam,Khammam,04,Khammam_Rural,579658,0000,VILLAGE,Arekodu,Rural,1142,3784,1937,1847,390,208,182,680,339,341,839,430,409,2033,1209,824,1751,728,1023,2229,1104,1125,1710,843,867,358,196,162,1220,542,678,8,3,5,124,102,22,519,261,258,4,2,2,494,243,251,0,0,0,21,16,5,497,250,247,4,2,2,474,234,240,0,0,0,19,14,5,22,11,11,0,0,0,20,9,11,0,0,0,2,2,0,1555,833,722
31,91,Khammam,Khammam,04,Khammam_Rural,579659,0000,VILLAGE,Arempala,Rural,550,1776,862,914,185,93,92,487,236,251,28,14,14,1023,572,451,753,290,463,930,535,395,906,519,387,109,74,35,553,235,318,7,6,1,237,204,33,24,16,8,5,3,2,10,4,6,1,1,0,8,8,0,19,12,7,4,2,2,8,3,5,1,1,0,6,6,0,5,4,1,1,1,0,2,1,1,0,0,0,2,2,0,846,327,519
31,91,Khammam,Khammam,04,Khammam_Rural,579660,0000,VILLAGE,Muthagudem,Rural,1121,4201,2111,2090,480,251,229,1016,530,486,15,6,9,2201,1260,941,2000,851,1149,2472,1258,1214,2128,1136,992,251,170,81,1320,503,817,39,35,4,518,428,90,344,122,222,11,7,4,257,63,194,27,19,8,49,33,16,295,104,191,10,6,4,220,54,166,20,14,6,45,30,15,49,18,31,1,1,0,37,9,28,7,5,2,4,3,1,1729,853,876
31,91,Khammam,Khammam,04,Khammam_Rural,579661,0000,VILLAGE,Pallegudem,Rural,660,2503,1261,1242,352,189,163,1356,691,665,25,11,14,1160,673,487,1343,588,755,1106,592,514,979,539,440,62,35,27,617,269,348,18,9,9,282,226,56,127,53,74,2,1,1,93,31,62,0,0,0,32,21,11,112,46,66,2,1,1,84,27,57,0,0,0,26,18,8,15,7,8,0,0,0,9,4,5,0,0,0,6,3,3,1397,669,728
31,91,Khammam,Khammam,04,Khammam_Rural,579662,0000,VILLAGE,Polepalli,Rural,1360,4925,2482,2443,691,342,349,898,441,457,140,64,76,3024,1689,1335,1901,793,1108,2330,1480,850,2082,1305,777,73,59,14,834,365,469,18,11,7,1157,870,287,248,175,73,4,1,3,27,11,16,2,1,1,215,162,53,239,171,68,4,1,3,25,10,15,2,1,1,208,159,49,9,4,5,0,0,0,2,1,1,0,0,0,7,3,4,2595,1002,1593
31,91,Khammam,Khammam,10,Khammam_Urban,579663,0000,VILLAGE,Danavaigudem,Rural,1035,3891,1952,1939,487,255,232,783,387,396,252,123,129,2271,1269,1002,1620,683,937,1874,1122,752,1788,1105,683,43,31,12,664,311,353,49,35,14,1032,728,304,86,17,69,11,2,9,37,5,32,1,0,1,37,10,27,72,16,56,10,2,8,32,5,27,1,0,1,29,9,20,14,1,13,1,0,1,5,0,5,0,0,0,8,1,7,2017,830,1187
31,91,Khammam,Khammam,04,Khammam_Rural,579664,0000,VILLAGE,Edulapuram,Rural,937,3546,1715,1831,388,201,187,951,463,488,657,324,333,1933,1057,876,1613,658,955,1909,1050,859,1639,929,710,158,114,44,802,356,446,42,28,14,637,431,206,270,121,149,8,3,5,196,85,111,7,3,4,59,30,29,255,117,138,7,3,4,191,84,107,3,2,1,54,28,26,15,4,11,1,0,1,5,1,4,4,1,3,5,2,3,1637,665,972
31,91,Khammam,Khammam,04,Khammam_Rural,579665,0000,VILLAGE,Barugudem,Rural,307,1136,631,505,115,54,61,362,181,181,8,4,4,629,418,211,507,213,294,666,424,242,645,419,226,50,34,16,309,119,190,14,14,0,272,252,20,21,5,16,0,0,0,12,2,10,4,0,4,5,3,2,21,5,16,0,0,0,12,2,10,4,0,4,5,3,2,0,0,0,0,0,0,0,0,0,0,0,0,0,0,0,470,207,263
31,91,Khammam,Khammam,04,Khammam_Rural,579666,0000,VILLAGE,Kondapuram,Rural,602,2064,1044,1020,198,109,89,607,316,291,1,0,1,1264,700,564,800,344,456,1252,649,603,1242,641,601,103,59,44,1038,500,538,2,2,0,99,80,19,10,8,2,0,0,0,4,3,1,0,0,0,6,5,1,8,6,2,0,0,0,4,3,1,0,0,0,4,3,1,2,2,0,0,0,0,0,0,0,0,0,0,2,2,0,812,395,417
31,91,Khammam,Khammam,04,Khammam_Rural,579667,0000,VILLAGE,Tallampahad,Rural,1908,6590,3260,3330,656,341,315,1448,717,731,82,42,40,4026,2232,1794,2564,1028,1536,3528,1963,1565,3227,1841,1386,548,370,178,2182,1077,1105,37,28,9,460,366,94,301,122,179,26,18,8,212,67,145,21,14,7,42,23,19,278,118,160,24,17,7,198,65,133,21,14,7,35,22,13,23,4,19,2,1,1,14,2,12,0,0,0,7,1,6,3062,1297,1765
31,91,Khammam,Khammam,04,Khammam_Rural,579668,0000,VILLAGE,Maddulapalli,Rural,466,1627,807,820,175,92,83,939,475,464,16,5,11,1029,564,465,598,243,355,732,414,318,614,344,270,63,52,11,327,128,199,1,1,0,223,163,60,118,70,48,5,1,4,60,27,33,2,2,0,51,40,11,114,66,48,5,1,4,60,27,33,2,2,0,47,36,11,4,4,0,0,0,0,0,0,0,0,0,0,4,4,0,895,393,502
31,91,Khammam,Khammam,04,Khammam_Rural,579669,0000,VILLAGE,Teldarupalli,Rural,1244,4490,2227,2263,493,259,234,1065,528,537,273,134,139,2462,1360,1102,2028,867,1161,2534,1279,1255,2311,1241,1070,247,171,76,1351,479,872,24,13,11,689,578,111,223,38,185,23,3,20,149,8,141,4,0,4,47,27,20,203,34,169,21,2,19,135,7,128,4,0,4,43,25,18,20,4,16,2,1,1,14,1,13,0,0,0,4,2,2,1956,948,1008
31,91,Khammam,Khammam,04,Khammam_Rural,579670,0000,VILLAGE,Gurralapadu,Rural,341,1328,660,668,136,71,65,284,141,143,80,36,44,773,424,349,555,236,319,668,362,306,638,350,288,40,26,14,496,241,255,0,0,0,102,83,19,30,12,18,2,0,2,26,10,16,0,0,0,2,2,0,30,12,18,2,0,2,26,10,16,0,0,0,2,2,0,0,0,0,0,0,0,0,0,0,0,0,0,0,0,0,660,298,362
31,91,Khammam,Khammam,04,Khammam_Rural,579671,0000,VILLAGE,Gudimall,Rural,1982,7368,3701,3667,918,483,435,2096,1073,1023,489,236,253,3658,2096,1562,3710,1605,2105,4234,2168,2066,3865,2042,1823,528,357,171,2227,826,1401,41,29,12,1069,830,239,369,126,243,18,11,7,251,67,184,10,4,6,90,44,46,304,102,202,14,9,5,214,54,160,5,2,3,71,37,34,65,24,41,4,2,2,37,13,24,5,2,3,19,7,12,3134,1533,1601
31,91,Khammam,Khammam,03,Raghunadhapalem,579672,0000,VILLAGE,Papadapalle,Rural,918,3242,1606,1636,337,177,160,370,181,189,846,425,421,1889,1069,820,1353,537,816,1873,982,891,1240,708,532,430,309,121,622,247,375,15,10,5,173,142,31,633,274,359,20,5,15,488,162,326,9,4,5,116,103,13,618,266,352,20,5,15,478,159,319,9,4,5,111,98,13,15,8,7,0,0,0,10,3,7,0,0,0,5,5,0,1369,624,745
31,91,Khammam,Khammam,03,Raghunadhapalem,579673,0000,VILLAGE,Chimmapudi,Rural,1163,4135,2097,2038,392,207,185,591,309,282,50,26,24,2267,1308,959,1868,789,1079,2559,1321,1238,2508,1298,1210,661,383,278,1554,680,874,17,16,1,276,219,57,51,23,28,1,1,0,37,14,23,0,0,0,13,8,5,50,22,28,0,0,0,37,14,23,0,0,0,13,8,5,1,1,0,1,1,0,0,0,0,0,0,0,0,0,0,1576,776,800
31,91,Khammam,Khammam,03,Raghunadhapalem,579674,0000,VILLAGE,Manchugonda,Rural,1342,4926,2447,2479,472,247,225,1015,497,518,1323,663,660,2720,1552,1168,2206,895,1311,2694,1415,1279,2463,1310,1153,349,217,132,1690,764,926,35,20,15,389,309,80,231,105,126,2,0,2,196,77,119,4,4,0,29,24,5,215,97,118,2,0,2,187,74,113,2,2,0,24,21,3,16,8,8,0,0,0,9,3,6,2,2,0,5,3,2,2232,1032,1200
31,91,Khammam,Khammam,03,Raghunadhapalem,579675,0000,VILLAGE,Erlapudi,Rural,3234,12023,6114,5909,1853,992,861,493,233,260,9611,4916,4695,4541,2789,1752,7482,3325,4157,7271,3583,3688,6862,3403,3459,1892,1053,839,4735,2185,2550,32,23,9,203,142,61,409,180,229,22,8,14,332,149,183,1,1,0,54,22,32,400,174,226,19,7,12,327,145,182,1,1,0,53,21,32,9,6,3,3,1,2,5,4,1,0,0,0,1,1,0,4752,2531,2221
31,91,Khammam,Khammam,03,Raghunadhapalem,579676,0000,VILLAGE,M_Palle Chinthagurthi,Rural,1650,6258,3154,3104,821,437,384,395,190,205,3498,1742,1756,2861,1795,1066,3397,1359,2038,3822,1854,1968,3373,1637,1736,1090,574,516,2085,922,1163,6,3,3,192,138,54,449,217,232,23,12,11,343,146,197,27,22,5,56,37,19,382,178,204,22,12,10,320,140,180,13,10,3,27,16,11,67,39,28,1,0,1,23,6,17,14,12,2,29,21,8,2436,1300,1136
31,91,Khammam,Khammam,03,Raghunadhapalem,579677,0000,VILLAGE,Koyachalka,Rural,669,2279,1119,1160,264,134,130,411,200,211,458,229,229,1186,677,509,1093,442,651,1261,663,598,983,546,437,102,75,27,545,203,342,5,2,3,331,266,65,278,117,161,2,1,1,250,99,151,3,3,0,23,14,9,277,117,160,2,1,1,250,99,151,3,3,0,22,14,8,1,0,1,0,0,0,0,0,0,0,0,0,1,0,1,1018,456,562
31,91,Khammam,Khammam,03,Raghunadhapalem,579678,0000,VILLAGE,Regulachalka,Rural,337,1243,633,610,125,66,59,435,223,212,18,10,8,679,397,282,564,236,328,682,378,304,654,373,281,86,52,34,313,119,194,2,2,0,253,200,53,28,5,23,9,2,7,14,2,12,1,0,1,4,1,3,23,3,20,5,1,4,13,1,12,1,0,1,4,1,3,5,2,3,4,1,3,1,1,0,0,0,0,0,0,0,561,255,306
31,91,Khammam,Khammam,03,Raghunadhapalem,579679,0000,VILLAGE,Raghunadhapalem,Rural,1299,4693,2296,2397,416,221,195,867,419,448,992,485,507,2745,1507,1238,1948,789,1159,2515,1309,1206,2221,1189,1032,207,157,50,1324,456,868,18,11,7,672,565,107,294,120,174,3,0,3,209,73,136,1,0,1,81,47,34,291,118,173,3,0,3,208,73,135,1,0,1,79,45,34,3,2,1,0,0,0,1,0,1,0,0,0,2,2,0,2178,987,1191
31,91,Khammam,Khammam,03,Raghunadhapalem,579680,0000,VILLAGE,Vepakuntla,Rural,573,2122,1048,1074,263,125,138,479,242,237,695,348,347,1078,648,430,1044,400,644,1217,611,606,900,464,436,108,67,41,661,285,376,6,5,1,125,107,18,317,147,170,1,1,0,305,141,164,0,0,0,11,5,6,28,11,17,0,0,0,22,7,15,0,0,0,6,4,2,289,136,153,1,1,0,283,134,149,0,0,0,5,1,4,905,437,468
31,91,Khammam,Khammam,10,Khammam_Urban,579681,0000,VILLAGE,Dhamsalapuram,Rural,2802,10521,5266,5255,1128,583,545,1842,898,944,298,144,154,6480,3557,2923,4041,1709,2332,5011,3090,1921,4496,2840,1656,448,360,88,2420,1125,1295,57,44,13,1571,1311,260,515,250,265,31,23,8,395,181,214,3,1,2,86,45,41,513,249,264,31,23,8,394,181,213,3,1,2,85,44,41,2,1,1,0,0,0,1,0,1,0,0,0,1,1,0,5510,2176,3334
31,91,Khammam,Khammam,10,Khammam_Urban,579682,0000,VILLAGE,Velugumatla,Rural,2178,8055,3989,4066,886,471,415,1109,538,571,783,404,379,4905,2646,2259,3150,1343,1807,3792,2274,1518,3026,1966,1060,346,245,101,1081,384,697,33,27,6,1566,1310,256,766,308,458,10,4,6,473,85,388,4,1,3,279,218,61,700,297,403,10,4,6,420,81,339,2,0,2,268,212,56,66,11,55,0,0,0,53,4,49,2,1,1,11,6,5,4263,1715,2548
31,91,Khammam,Khammam,03,Raghunadhapalem,579683,0000,VILLAGE,V_Venkatayapalem,Rural,987,3825,1912,1913,395,202,193,412,210,202,1320,648,672,2293,1317,976,1532,595,937,1692,994,698,1319,959,360,187,172,15,692,390,302,5,2,3,435,395,40,373,35,338,33,2,31,334,31,303,1,0,1,5,2,3,369,35,334,33,2,31,330,31,299,1,0,1,5,2,3,4,0,4,0,0,0,4,0,4,0,0,0,0,0,0,2133,918,1215
31,91,Khammam,Khammam,08,Mudigonda,579686,0000,VILLAGE,Madhapuram,Rural,852,2639,1322,1317,237,105,132,323,166,157,13,8,5,1376,831,545,1263,491,772,1559,794,765,1530,785,745,362,205,157,1037,478,559,5,4,1,126,98,28,29,9,20,3,0,3,21,6,15,0,0,0,5,3,2,18,6,12,2,0,2,12,4,8,0,0,0,4,2,2,11,3,8,1,0,1,9,2,7,0,0,0,1,1,0,1080,528,552
31,91,Khammam,Khammam,08,Mudigonda,579687,0000,VILLAGE,Katkur,Rural,346,1139,551,588,117,59,58,413,204,209,36,16,20,589,331,258,550,220,330,684,333,351,676,327,349,109,64,45,509,226,283,1,0,1,57,37,20,8,6,2,0,0,0,2,0,2,1,1,0,5,5,0,7,6,1,0,0,0,1,0,1,1,1,0,5,5,0,1,0,1,0,0,0,1,0,1,0,0,0,0,0,0,455,218,237
31,91,Khammam,Khammam,08,Mudigonda,579688,0000,VILLAGE,Edavalli,Rural,781,2881,1446,1435,342,163,179,1057,532,525,13,9,4,1406,811,595,1475,635,840,1752,893,859,1508,823,685,169,118,51,1169,570,599,7,4,3,163,131,32,244,70,174,6,4,2,220,51,169,1,0,1,17,15,2,223,56,167,1,1,0,208,43,165,1,0,1,13,12,1,21,14,7,5,3,2,12,8,4,0,0,0,4,3,1,1129,553,576
31,91,Khammam,Khammam,08,Mudigonda,579689,0000,VILLAGE,Medepalli,Rural,686,2411,1187,1224,226,119,107,600,309,291,0,0,0,1363,770,593,1048,417,631,1351,701,650,1214,658,556,121,82,39,859,377,482,4,2,2,230,197,33,137,43,94,7,3,4,119,37,82,3,0,3,8,3,5,133,42,91,7,3,4,118,37,81,3,0,3,5,2,3,4,1,3,0,0,0,1,0,1,0,0,0,3,1,2,1060,486,574
31,91,Khammam,Khammam,08,Mudigonda,579690,0000,VILLAGE,Gokinapalli,Rural,996,3536,1738,1798,329,163,166,1180,579,601,380,186,194,1944,1134,810,1592,604,988,1972,1021,951,1956,1012,944,117,87,30,1627,763,864,27,18,9,185,144,41,16,9,7,1,0,1,3,1,2,3,1,2,9,7,2,13,7,6,1,0,1,3,1,2,2,1,1,7,5,2,3,2,1,0,0,0,0,0,0,1,0,1,2,2,0,1564,717,847
31,91,Khammam,Khammam,08,Mudigonda,579691,0000,VILLAGE,Venkatapuram,Rural,534,1871,918,953,188,91,97,387,190,197,6,4,2,1149,642,507,722,276,446,946,521,425,688,413,275,89,69,20,469,244,225,7,7,0,123,93,30,258,108,150,0,0,0,255,106,149,2,2,0,1,0,1,162,57,105,0,0,0,159,55,104,2,2,0,1,0,1,96,51,45,0,0,0,96,51,45,0,0,0,0,0,0,925,397,528
31,91,Khammam,Khammam,08,Mudigonda,579692,0000,VILLAGE,Mudigonda,Rural,1657,6031,3032,2999,695,338,357,1445,714,731,175,84,91,3590,2017,1573,2441,1015,1426,3186,1762,1424,3072,1710,1362,317,223,94,1827,746,1081,46,29,17,882,712,170,114,52,62,2,1,1,60,21,39,4,2,2,48,28,20,100,45,55,2,1,1,53,20,33,3,1,2,42,23,19,14,7,7,0,0,0,7,1,6,1,1,0,6,5,1,2845,1270,1575
31,91,Khammam,Khammam,08,Mudigonda,579693,0000,VILLAGE,Suvarnapuram,Rural,748,2883,1432,1451,333,167,166,721,363,358,14,8,6,1451,835,616,1432,597,835,1549,833,716,1311,768,543,157,133,24,797,340,457,25,25,0,332,270,62,238,65,173,0,0,0,230,60,170,3,2,1,5,3,2,227,62,165,0,0,0,220,57,163,3,2,1,4,3,1,11,3,8,0,0,0,10,3,7,0,0,0,1,0,1,1334,599,735
31,91,Khammam,Khammam,08,Mudigonda,579694,0000,VILLAGE,Kanapuram,Rural,155,630,334,296,62,32,30,201,105,96,9,4,5,423,252,171,207,82,125,344,201,143,325,198,127,41,28,13,170,71,99,6,3,3,108,96,12,19,3,16,2,0,2,15,3,12,2,0,2,0,0,0,17,3,14,2,0,2,14,3,11,1,0,1,0,0,0,2,0,2,0,0,0,1,0,1,1,0,1,0,0,0,286,133,153
31,91,Khammam,Khammam,08,Mudigonda,579695,0000,VILLAGE,Penduregupalli,Rural,350,1188,597,591,131,59,72,332,171,161,107,54,53,575,343,232,613,254,359,672,376,296,575,358,217,182,111,71,285,157,128,5,2,3,103,88,15,97,18,79,5,1,4,88,14,74,0,0,0,4,3,1,84,15,69,4,1,3,77,12,65,0,0,0,3,2,1,13,3,10,1,0,1,11,2,9,0,0,0,1,1,0,516,221,295
31,91,Khammam,Khammam,08,Mudigonda,579696,0000,VILLAGE,Mutharam,Rural,1008,3677,1887,1790,356,182,174,1156,597,559,43,21,22,1812,1087,725,1865,800,1065,2143,1162,981,2097,1157,940,225,167,58,1554,731,823,16,10,6,302,249,53,46,5,41,0,0,0,41,3,38,0,0,0,5,2,3,44,4,40,0,0,0,39,2,37,0,0,0,5,2,3,2,1,1,0,0,0,2,1,1,0,0,0,0,0,0,1534,725,809
31,91,Khammam,Khammam,08,Mudigonda,579697,0000,VILLAGE,Chirumarri,Rural,757,2749,1401,1348,265,138,127,575,293,282,98,49,49,1509,872,637,1240,529,711,1630,824,806,1545,790,755,321,190,131,993,420,573,18,8,10,213,172,41,85,34,51,6,5,1,41,14,27,19,3,16,19,12,7,73,31,42,6,5,1,38,13,25,12,2,10,17,11,6,12,3,9,0,0,0,3,1,2,7,1,6,2,1,1,1119,577,542
31,91,Khammam,Khammam,08,Mudigonda,579698,0000,VILLAGE,Pammi,Rural,973,3144,1584,1560,332,173,159,974,501,473,35,17,18,1536,906,630,1608,678,930,1803,955,848,1744,932,812,348,219,129,1215,562,653,7,5,2,174,146,28,59,23,36,0,0,0,24,3,21,0,0,0,35,20,15,51,15,36,0,0,0,23,2,21,0,0,0,28,13,15,8,8,0,0,0,0,1,1,0,0,0,0,7,7,0,1341,629,712
31,91,Khammam,Khammam,08,Mudigonda,579699,0000,VILLAGE,Ammapeta,Rural,353,1260,616,644,151,75,76,273,129,144,29,12,17,639,364,275,621,252,369,671,367,304,584,331,253,157,105,52,369,177,192,4,4,0,54,45,9,87,36,51,0,0,0,81,31,50,0,0,0,6,5,1,87,36,51,0,0,0,81,31,50,0,0,0,6,5,1,0,0,0,0,0,0,0,0,0,0,0,0,0,0,0,589,249,340
31,91,Khammam,Khammam,08,Mudigonda,579700,0000,VILLAGE,Vallapuram,Rural,523,1821,929,892,142,69,73,600,312,288,1,0,1,1036,611,425,785,318,467,1042,548,494,1028,544,484,349,201,148,600,278,322,1,0,1,78,65,13,14,4,10,8,2,6,3,0,3,0,0,0,3,2,1,14,4,10,8,2,6,3,0,3,0,0,0,3,2,1,0,0,0,0,0,0,0,0,0,0,0,0,0,0,0,779,381,398
31,91,Khammam,Khammam,08,Mudigonda,579701,0000,VILLAGE,Gandasiri,Rural,808,2998,1492,1506,371,188,183,417,211,206,0,0,0,1386,838,548,1612,654,958,1674,856,818,1626,844,782,169,112,57,1341,636,705,0,0,0,116,96,20,48,12,36,3,0,3,32,8,24,0,0,0,13,4,9,23,10,13,2,0,2,13,7,6,0,0,0,8,3,5,25,2,23,1,0,1,19,1,18,0,0,0,5,1,4,1324,636,688
31,91,Khammam,Khammam,08,Mudigonda,579702,0000,VILLAGE,Kamalapuram,Rural,900,3208,1584,1624,309,153,156,856,430,426,0,0,0,1521,868,653,1687,716,971,1957,1012,945,1801,943,858,291,202,89,1333,609,724,24,17,7,153,115,38,156,69,87,21,14,7,125,50,75,2,2,0,8,3,5,86,32,54,5,3,2,73,25,48,1,1,0,7,3,4,70,37,33,16,11,5,52,25,27,1,1,0,1,0,1,1251,572,679
31,91,Khammam,Khammam,08,Mudigonda,579703,0000,VILLAGE,Banapuram,Rural,1335,4418,2198,2220,489,233,256,1129,560,569,401,197,204,2120,1239,881,2298,959,1339,2448,1290,1158,2440,1286,1154,243,192,51,1855,809,1046,4,3,1,338,282,56,8,4,4,0,0,0,6,3,3,0,0,0,2,1,1,8,4,4,0,0,0,6,3,3,0,0,0,2,1,1,0,0,0,0,0,0,0,0,0,0,0,0,0,0,0,1970,908,1062
31,91,Khammam,Khammam,08,Mudigonda,579706,0000,VILLAGE,Peda Mandava,Rural,936,3251,1605,1646,350,173,177,1094,532,562,1,0,1,1662,940,722,1589,665,924,1912,955,957,1893,949,944,233,146,87,1585,743,842,18,13,5,57,47,10,19,6,13,2,2,0,12,2,10,0,0,0,5,2,3,16,6,10,2,2,0,10,2,8,0,0,0,4,2,2,3,0,3,0,0,0,2,0,2,0,0,0,1,0,1,1339,650,689
31,91,Khammam,Khammam,08,Mudigonda,579707,0000,VILLAGE,Vallabhi,Rural,1617,5956,2996,2960,601,298,303,1335,650,685,126,91,35,3266,1936,1330,2690,1060,1630,3356,1763,1593,3146,1706,1440,637,432,205,2195,1017,1178,24,20,4,290,237,53,210,57,153,8,3,5,180,40,140,7,4,3,15,10,5,202,57,145,8,3,5,174,40,134,6,4,2,14,10,4,8,0,8,0,0,0,6,0,6,1,0,1,1,0,1,2600,1233,1367
31,91,Khammam,Khammam,08,Mudigonda,579708,0000,VILLAGE,Mallaram,Rural,260,794,396,398,76,39,37,412,212,200,4,2,2,448,259,189,346,137,209,421,222,199,384,210,174,53,49,4,267,118,149,5,0,5,59,43,16,37,12,25,5,3,2,25,6,19,1,0,1,6,3,3,33,9,24,4,2,2,23,5,18,1,0,1,5,2,3,4,3,1,1,1,0,2,1,1,0,0,0,1,1,0,373,174,199
31,91,Khammam,Khammam,07,Nelakondapalle,579709,0000,VILLAGE,Rajeshwarapuram,Rural,2149,7382,3662,3720,745,390,355,1084,570,514,2242,1093,1149,4054,2290,1764,3328,1372,1956,3901,2058,1843,3813,2028,1785,774,542,232,2511,1084,1427,28,19,9,500,383,117,88,30,58,8,2,6,56,11,45,1,1,0,23,16,7,79,24,55,8,2,6,50,8,42,1,1,0,20,13,7,9,6,3,0,0,0,6,3,3,0,0,0,3,3,0,3481,1604,1877
31,91,Khammam,Khammam,07,Nelakondapalle,579710,0000,VILLAGE,Aregudem,Rural,360,1142,559,583,89,47,42,101,51,50,16,8,8,636,343,293,506,216,290,618,325,293,600,314,286,145,102,43,372,141,231,1,1,0,82,70,12,18,11,7,2,1,1,6,2,4,0,0,0,10,8,2,4,3,1,1,1,0,2,1,1,0,0,0,1,1,0,14,8,6,1,0,1,4,1,3,0,0,0,9,7,2,524,234,290
31,91,Khammam,Khammam,07,Nelakondapalle,579711,0000,VILLAGE,Guvvalagudem,Rural,619,2137,1029,1108,173,74,99,759,366,393,2,2,0,1262,709,553,875,320,555,1117,635,482,1109,633,476,167,163,4,784,350,434,17,16,1,141,104,37,8,2,6,1,0,1,6,1,5,0,0,0,1,1,0,8,2,6,1,0,1,6,1,5,0,0,0,1,1,0,0,0,0,0,0,0,0,0,0,0,0,0,0,0,0,1020,394,626
31,91,Khammam,Khammam,07,Nelakondapalle,579712,0000,VILLAGE,Muggigudem,Rural,476,1609,808,801,123,60,63,420,207,213,0,0,0,905,524,381,704,284,420,904,480,424,897,475,422,226,155,71,531,204,327,6,3,3,134,113,21,7,5,2,1,1,0,3,2,1,0,0,0,3,2,1,6,4,2,1,1,0,2,1,1,0,0,0,3,2,1,1,1,0,0,0,0,1,1,0,0,0,0,0,0,0,705,328,377
31,91,Khammam,Khammam,07,Nelakondapalle,579713,0000,VILLAGE,Anasagaram,Rural,395,1316,649,667,102,45,57,407,198,209,0,0,0,766,447,319,550,202,348,857,448,409,736,402,334,214,150,64,431,175,256,5,4,1,86,73,13,121,46,75,0,0,0,116,43,73,0,0,0,5,3,2,41,12,29,0,0,0,38,11,27,0,0,0,3,1,2,80,34,46,0,0,0,78,32,46,0,0,0,2,2,0,459,201,258
31,91,Khammam,Khammam,07,Nelakondapalle,579715,0000,VILLAGE,Nachapalle,Rural,497,1684,831,853,178,97,81,433,216,217,272,136,136,911,516,395,773,315,458,1065,545,520,807,469,338,204,182,22,546,251,295,0,0,0,57,36,21,258,76,182,48,13,35,193,50,143,1,1,0,16,12,4,201,56,145,27,6,21,161,40,121,1,1,0,12,9,3,57,20,37,21,7,14,32,10,22,0,0,0,4,3,1,619,286,333
31,91,Khammam,Khammam,07,Nelakondapalle,579716,0000,VILLAGE,Nelakondapalli,Rural,2156,7767,3827,3940,742,387,355,1679,843,836,198,98,100,5100,2767,2333,2667,1060,1607,3670,2210,1460,3313,2073,1240,287,245,42,1633,707,926,78,51,27,1315,1070,245,357,137,220,7,2,5,273,80,193,7,1,6,70,54,16,337,130,207,3,1,2,264,80,184,7,1,6,63,48,15,20,7,13,4,1,3,9,0,9,0,0,0,7,6,1,4097,1617,2480
31,91,Khammam,Khammam,07,Nelakondapalle,579717,0000,VILLAGE,Singareddipalem,Rural,789,3394,1414,1980,305,160,145,765,154,611,112,42,70,2331,1000,1331,1063,414,649,1447,849,598,999,673,326,66,54,12,511,280,231,35,27,8,387,312,75,448,176,272,6,4,2,378,138,240,7,5,2,57,29,28,348,123,225,6,4,2,281,85,196,7,5,2,54,29,25,100,53,47,0,0,0,97,53,44,0,0,0,3,0,3,1947,565,1382
31,91,Khammam,Khammam,07,Nelakondapalle,579718,0000,VILLAGE,Acharlagudem,Rural,222,821,404,417,66,33,33,248,130,118,34,15,19,501,285,216,320,119,201,446,238,208,439,232,207,62,53,9,336,146,190,0,0,0,41,33,8,7,6,1,0,0,0,1,1,0,1,0,1,5,5,0,4,4,0,0,0,0,1,1,0,0,0,0,3,3,0,3,2,1,0,0,0,0,0,0,1,0,1,2,2,0,375,166,209
31,91,Khammam,Khammam,07,Nelakondapalle,579719,0000,VILLAGE,Konaigudem,Rural,322,1069,531,538,120,62,58,551,281,270,0,0,0,546,327,219,523,204,319,599,313,286,397,228,169,59,42,17,195,65,130,1,1,0,142,120,22,202,85,117,2,0,2,164,63,101,1,1,0,35,21,14,190,76,114,2,0,2,153,55,98,1,1,0,34,20,14,12,9,3,0,0,0,11,8,3,0,0,0,1,1,0,470,218,252
31,91,Khammam,Khammam,07,Nelakondapalle,579720,0000,VILLAGE,Chennaram,Rural,637,2213,1110,1103,193,99,94,651,342,309,123,58,65,1282,731,551,931,379,552,1142,641,501,1058,593,465,43,41,2,883,450,433,9,7,2,123,95,28,84,48,36,0,0,0,74,39,35,0,0,0,10,9,1,73,44,29,0,0,0,65,37,28,0,0,0,8,7,1,11,4,7,0,0,0,9,2,7,0,0,0,2,2,0,1071,469,602
31,91,Khammam,Khammam,07,Nelakondapalle,579721,0000,VILLAGE,Surdepalli,Rural,302,1023,500,523,75,31,44,384,196,188,0,0,0,581,339,242,442,161,281,585,314,271,437,274,163,84,62,22,300,165,135,2,1,1,51,46,5,148,40,108,5,3,2,121,23,98,5,3,2,17,11,6,122,26,96,5,3,2,104,16,88,3,1,2,10,6,4,26,14,12,0,0,0,17,7,10,2,2,0,7,5,2,438,186,252
31,91,Khammam,Khammam,07,Nelakondapalle,579722,0000,VILLAGE,Mandrajupalle,Rural,558,1839,927,912,158,73,85,426,211,215,264,129,135,1035,602,433,804,325,479,984,555,429,941,552,389,151,118,33,637,302,335,5,5,0,148,127,21,43,3,40,1,0,1,41,2,39,0,0,0,1,1,0,19,2,17,1,0,1,18,2,16,0,0,0,0,0,0,24,1,23,0,0,0,23,0,23,0,0,0,1,1,0,855,372,483
31,91,Khammam,Khammam,07,Nelakondapalle,579723,0000,VILLAGE,Bodulabanda,Rural,1290,4575,2274,2301,398,215,183,1298,650,648,74,41,33,2763,1585,1178,1812,689,1123,2575,1394,1181,2447,1339,1108,360,276,84,1779,816,963,13,8,5,295,239,56,128,55,73,18,11,7,87,32,55,8,4,4,15,8,7,86,28,58,8,3,5,66,19,47,5,3,2,7,3,4,42,27,15,10,8,2,21,13,8,3,1,2,8,5,3,2000,880,1120
31,91,Khammam,Khammam,07,Nelakondapalle,579724,0000,VILLAGE,Ramachandrapuram,Rural,301,955,475,480,74,49,25,289,147,142,0,0,0,557,322,235,398,153,245,491,256,235,445,247,198,144,101,43,198,72,126,9,4,5,94,70,24,46,9,37,1,0,1,41,8,33,1,0,1,3,1,2,43,8,35,1,0,1,40,8,32,0,0,0,2,0,2,3,1,2,0,0,0,1,0,1,1,0,1,1,1,0,464,219,245
31,91,Khammam,Khammam,07,Nelakondapalle,579725,0000,VILLAGE,Painampalli,Rural,790,2681,1329,1352,270,130,140,769,385,384,16,9,7,1568,908,660,1113,421,692,1479,806,673,1362,755,607,110,95,15,981,434,547,5,4,1,266,222,44,117,51,66,4,2,2,89,32,57,0,0,0,24,17,7,97,40,57,2,0,2,75,26,49,0,0,0,20,14,6,20,11,9,2,2,0,14,6,8,0,0,0,4,3,1,1202,523,679
31,91,Khammam,Khammam,07,Nelakondapalle,579726,0000,VILLAGE,Thirumalapuram,Rural,149,527,246,281,48,26,22,1,1,0,418,191,227,319,172,147,208,74,134,292,135,157,288,134,154,21,9,12,258,119,139,2,1,1,7,5,2,4,1,3,4,1,3,0,0,0,0,0,0,0,0,0,4,1,3,4,1,3,0,0,0,0,0,0,0,0,0,0,0,0,0,0,0,0,0,0,0,0,0,0,0,0,235,111,124
31,91,Khammam,Khammam,07,Nelakondapalle,579727,0000,VILLAGE,Bhiravunipalli,Rural,715,2668,1323,1345,263,129,134,714,353,361,620,308,312,1385,804,581,1283,519,764,1502,772,730,1473,761,712,157,109,48,1166,525,641,3,3,0,147,124,23,29,11,18,3,1,2,15,3,12,1,0,1,10,7,3,26,11,15,3,1,2,13,3,10,1,0,1,9,7,2,3,0,3,0,0,0,2,0,2,0,0,0,1,0,1,1166,551,615
31,91,Khammam,Khammam,07,Nelakondapalle,579728,0000,VILLAGE,Cheruvu Madharam,Rural,3618,13348,6792,6556,1343,716,627,2141,1095,1046,3206,1644,1562,7082,4266,2816,6266,2526,3740,7486,3876,3610,7050,3707,3343,999,711,288,5054,2180,2874,32,15,17,965,801,164,436,169,267,67,19,48,324,127,197,2,1,1,43,22,21,330,118,212,55,11,44,242,90,152,2,1,1,31,16,15,106,51,55,12,8,4,82,37,45,0,0,0,12,6,6,5862,2916,2946
31,91,Khammam,Khammam,07,Nelakondapalle,579729,0000,VILLAGE,Buddharam,Rural,433,1532,755,777,154,80,74,467,229,238,79,42,37,832,476,356,700,279,421,890,456,434,864,445,419,169,129,40,587,227,360,0,0,0,108,89,19,26,11,15,1,0,1,22,10,12,0,0,0,3,1,2,18,7,11,1,0,1,15,6,9,0,0,0,2,1,1,8,4,4,0,0,0,7,4,3,0,0,0,1,0,1,642,299,343
31,91,Khammam,Khammam,07,Nelakondapalle,579730,0000,VILLAGE,Kongara,Rural,157,506,239,267,40,23,17,221,99,122,0,0,0,342,168,174,164,71,93,309,153,156,302,153,149,86,53,33,187,79,108,0,0,0,29,21,8,7,0,7,6,0,6,1,0,1,0,0,0,0,0,0,7,0,7,6,0,6,1,0,1,0,0,0,0,0,0,0,0,0,0,0,0,0,0,0,0,0,0,0,0,0,197,86,111
31,91,Khammam,Khammam,07,Nelakondapalle,579731,0000,VILLAGE,Kattu Kacharam,Rural,307,1137,554,583,129,61,68,67,38,29,429,197,232,618,344,274,519,210,309,630,349,281,623,346,277,117,100,17,427,180,247,4,1,3,75,65,10,7,3,4,1,1,0,3,0,3,0,0,0,3,2,1,5,1,4,1,1,0,3,0,3,0,0,0,1,0,1,2,2,0,0,0,0,0,0,0,0,0,0,2,2,0,507,205,302
31,91,Khammam,Khammam,09,Chinthakani,579732,0000,VILLAGE,Vandanam,Rural,464,1670,830,840,169,102,67,513,251,262,68,35,33,903,494,409,767,336,431,923,491,432,920,489,431,131,102,29,672,288,384,6,6,0,111,93,18,3,2,1,0,0,0,2,1,1,0,0,0,1,1,0,2,1,1,0,0,0,1,0,1,0,0,0,1,1,0,1,1,0,0,0,0,1,1,0,0,0,0,0,0,0,747,339,408
31,91,Khammam,Khammam,09,Chinthakani,579733,0000,VILLAGE,Kodumur,Rural,753,2614,1288,1326,264,127,137,587,287,300,149,74,75,1415,800,615,1199,488,711,1597,861,736,1442,808,634,461,292,169,740,317,423,7,6,1,234,193,41,155,53,102,30,20,10,114,26,88,3,2,1,8,5,3,78,19,59,6,4,2,68,13,55,0,0,0,4,2,2,77,34,43,24,16,8,46,13,33,3,2,1,4,3,1,1017,427,590
31,91,Khammam,Khammam,09,Chinthakani,579734,0000,VILLAGE,Nerada,Rural,716,2504,1230,1274,208,107,101,713,345,368,0,0,0,1230,680,550,1274,550,724,1550,779,771,1418,730,688,229,149,80,1090,497,593,19,18,1,80,66,14,132,49,83,3,0,3,125,48,77,2,1,1,2,0,2,131,49,82,3,0,3,125,48,77,2,1,1,1,0,1,1,0,1,0,0,0,0,0,0,0,0,0,1,0,1,954,451,503
31,91,Khammam,Khammam,09,Chinthakani,579735,0000,VILLAGE,Latchagudem,Rural,774,2659,1327,1332,274,142,132,541,270,271,58,28,30,1299,737,562,1360,590,770,1572,835,737,1441,810,631,279,176,103,996,497,499,30,20,10,136,117,19,131,25,106,2,2,0,125,23,102,0,0,0,4,0,4,86,10,76,1,1,0,82,9,73,0,0,0,3,0,3,45,15,30,1,1,0,43,14,29,0,0,0,1,0,1,1087,492,595
31,91,Khammam,Khammam,09,Chinthakani,579736,0000,VILLAGE,Basvapuram,Rural,1221,4324,2132,2192,434,201,233,607,308,299,126,62,64,2269,1310,959,2055,822,1233,2628,1339,1289,2563,1319,1244,414,226,188,1789,782,1007,6,6,0,354,305,49,65,20,45,5,0,5,43,8,35,1,1,0,16,11,5,46,15,31,3,0,3,31,6,25,1,1,0,11,8,3,19,5,14,2,0,2,12,2,10,0,0,0,5,3,2,1696,793,903
31,91,Khammam,Khammam,09,Chinthakani,579737,0000,VILLAGE,Ananthasagar,Rural,458,1635,804,831,171,86,85,412,205,207,3,2,1,845,487,358,790,317,473,950,509,441,944,506,438,113,86,27,727,337,390,0,0,0,104,83,21,6,3,3,0,0,0,0,0,0,0,0,0,6,3,3,6,3,3,0,0,0,0,0,0,0,0,0,6,3,3,0,0,0,0,0,0,0,0,0,0,0,0,0,0,0,685,295,390
31,91,Khammam,Khammam,09,Chinthakani,579738,0000,VILLAGE,Pandillapalli,Rural,1241,4357,2132,2225,470,249,221,613,304,309,49,27,22,2614,1426,1188,1743,706,1037,2346,1281,1065,2342,1278,1064,284,204,80,1605,696,909,12,11,1,441,367,74,4,3,1,0,0,0,1,0,1,0,0,0,3,3,0,4,3,1,0,0,0,1,0,1,0,0,0,3,3,0,0,0,0,0,0,0,0,0,0,0,0,0,0,0,0,2011,851,1160
31,91,Khammam,Khammam,09,Chinthakani,579739,0000,VILLAGE,Chinthakani,Rural,1007,3702,1826,1876,384,197,187,784,387,397,78,39,39,1905,1086,819,1797,740,1057,2011,1050,961,1975,1036,939,321,211,110,1339,587,752,4,3,1,311,235,76,36,14,22,1,0,1,29,10,19,1,1,0,5,3,2,29,13,16,1,0,1,22,9,13,1,1,0,5,3,2,7,1,6,0,0,0,7,1,6,0,0,0,0,0,0,1691,776,915
31,91,Khammam,Khammam,09,Chinthakani,579740,0000,VILLAGE,Repallevada,Rural,202,662,331,331,83,39,44,28,17,11,68,32,36,305,183,122,357,148,209,369,194,175,363,192,171,131,84,47,204,85,119,1,1,0,27,22,5,6,2,4,0,0,0,4,1,3,0,0,0,2,1,1,5,2,3,0,0,0,3,1,2,0,0,0,2,1,1,1,0,1,0,0,0,1,0,1,0,0,0,0,0,0,293,137,156
31,91,Khammam,Khammam,09,Chinthakani,579741,0000,VILLAGE,Mathkepalli,Rural,858,3119,1539,1580,351,177,174,509,239,270,0,0,0,1541,863,678,1578,676,902,1792,925,867,1766,905,861,235,172,63,1401,635,766,0,0,0,130,98,32,26,20,6,1,1,0,6,3,3,2,2,0,17,14,3,24,18,6,1,1,0,5,2,3,2,2,0,16,13,3,2,2,0,0,0,0,1,1,0,0,0,0,1,1,0,1327,614,713
31,91,Khammam,Khammam,09,Chinthakani,579742,0000,VILLAGE,Thimminenipalem,Rural,735,2570,1271,1299,253,110,143,721,364,357,17,7,10,1267,733,534,1303,538,765,1482,781,701,1255,741,514,303,224,79,832,423,409,9,5,4,111,89,22,227,40,187,90,10,80,133,28,105,0,0,0,4,2,2,143,23,120,35,3,32,105,19,86,0,0,0,3,1,2,84,17,67,55,7,48,28,9,19,0,0,0,1,1,0,1088,490,598
31,91,Khammam,Khammam,09,Chinthakani,579743,0000,VILLAGE,Chinamandava,Rural,468,1669,848,821,175,99,76,708,359,349,41,21,20,845,491,354,824,357,467,1069,550,519,1033,536,497,278,160,118,670,316,354,2,1,1,83,59,24,36,14,22,3,0,3,25,8,17,0,0,0,8,6,2,32,11,21,3,0,3,23,7,16,0,0,0,6,4,2,4,3,1,0,0,0,2,1,1,0,0,0,2,2,0,600,298,302
31,91,Khammam,Khammam,09,Chinthakani,579744,0000,VILLAGE,Nagula Vancha,Rural,1988,6767,3327,3440,689,345,344,1818,891,927,204,97,107,3492,2005,1487,3275,1322,1953,3929,2056,1873,3721,2024,1697,721,410,311,2583,1287,1296,25,18,7,392,309,83,208,32,176,10,1,9,188,25,163,0,0,0,10,6,4,195,29,166,10,1,9,176,22,154,0,0,0,9,6,3,13,3,10,0,0,0,12,3,9,0,0,0,1,0,1,2838,1271,1567
31,91,Khammam,Khammam,09,Chinthakani,579745,0000,VILLAGE,Patharlapadu,Rural,942,3224,1600,1624,290,147,143,599,272,327,69,35,34,1607,937,670,1617,663,954,1831,954,877,1384,810,574,295,203,92,916,461,455,26,16,10,147,130,17,447,144,303,3,0,3,432,139,293,2,0,2,10,5,5,432,135,297,3,0,3,418,131,287,2,0,2,9,4,5,15,9,6,0,0,0,14,8,6,0,0,0,1,1,0,1393,646,747
31,91,Khammam,Khammam,09,Chinthakani,579746,0000,VILLAGE,Proddutur,Rural,941,3169,1559,1610,263,146,117,924,455,469,228,116,112,1625,922,703,1544,637,907,1922,977,945,1881,959,922,315,183,132,1484,716,768,11,9,2,71,51,20,41,18,23,6,2,4,26,11,15,2,1,1,7,4,3,25,8,17,3,1,2,15,3,12,2,1,1,5,3,2,16,10,6,3,1,2,11,8,3,0,0,0,2,1,1,1247,582,665
31,91,Khammam,Khammam,09,Chinthakani,579747,0000,VILLAGE,Nagilikonda,Rural,1165,4264,2136,2128,440,231,209,1455,753,702,13,6,7,2213,1273,940,2051,863,1188,2444,1327,1117,2378,1296,1082,470,318,152,1754,846,908,2,2,0,152,130,22,66,31,35,31,16,15,25,8,17,0,0,0,10,7,3,34,14,20,12,4,8,13,4,9,0,0,0,9,6,3,32,17,15,19,12,7,12,4,8,0,0,0,1,1,0,1820,809,1011
31,91,Khammam,Khammam,11,Konijerla,579748,0000,VILLAGE,Tanikella,Rural,1619,5895,2949,2946,642,352,290,317,180,137,1166,588,578,3079,1769,1310,2816,1180,1636,3162,1647,1515,3036,1595,1441,524,307,217,1891,773,1118,23,17,6,598,498,100,126,52,74,5,3,2,87,23,64,0,0,0,34,26,8,104,43,61,4,2,2,70,18,52,0,0,0,30,23,7,22,9,13,1,1,0,17,5,12,0,0,0,4,3,1,2733,1302,1431
31,91,Khammam,Khammam,11,Konijerla,579749,0000,VILLAGE,Thummalaplalli,Rural,1187,4395,2209,2186,524,280,244,361,170,191,712,362,350,2023,1198,825,2372,1011,1361,2539,1304,1235,2197,1244,953,539,361,178,1478,755,723,3,3,0,177,125,52,342,60,282,0,0,0,337,58,279,0,0,0,5,2,3,331,59,272,0,0,0,328,57,271,0,0,0,3,2,1,11,1,10,0,0,0,9,1,8,0,0,0,2,0,2,1856,905,951
31,91,Khammam,Khammam,11,Konijerla,579750,0000,VILLAGE,Gubbagurthy,Rural,2467,8977,4560,4417,1022,514,508,979,513,466,3913,2004,1909,4458,2629,1829,4519,1931,2588,5291,2662,2629,5034,2568,2466,1328,791,537,3487,1610,1877,33,22,11,186,145,41,257,94,163,29,5,24,206,73,133,5,2,3,17,14,3,241,88,153,28,5,23,193,69,124,4,1,3,16,13,3,16,6,10,1,0,1,13,4,9,1,1,0,1,1,0,3686,1898,1788
31,91,Khammam,Khammam,11,Konijerla,579751,0000,VILLAGE,Singaraipalem,Rural,1079,3905,1952,1953,432,222,210,689,335,354,433,217,216,2006,1137,869,1899,815,1084,2244,1111,1133,1557,1068,489,405,285,120,924,609,315,16,13,3,212,161,51,687,43,644,30,7,23,646,28,618,0,0,0,11,8,3,675,39,636,23,6,17,642,26,616,0,0,0,10,7,3,12,4,8,7,1,6,4,2,2,0,0,0,1,1,0,1661,841,820
31,91,Khammam,Khammam,11,Konijerla,579752,0000,VILLAGE,Sivaru Venkatpuram,Rural,598,2022,1057,965,221,117,104,388,203,185,98,53,45,1067,638,429,955,419,536,1249,629,620,1200,617,583,141,89,52,962,471,491,30,5,25,67,52,15,49,12,37,2,1,1,16,5,11,21,1,20,10,5,5,49,12,37,2,1,1,16,5,11,21,1,20,10,5,5,0,0,0,0,0,0,0,0,0,0,0,0,0,0,0,773,428,345
31,91,Khammam,Khammam,11,Konijerla,579753,0000,VILLAGE,Mallupalli,Rural,314,1299,643,656,166,71,95,48,27,21,560,265,295,521,317,204,778,326,452,804,395,409,784,391,393,172,126,46,586,246,340,1,1,0,25,18,7,20,4,16,0,0,0,18,2,16,1,1,0,1,1,0,16,3,13,0,0,0,14,1,13,1,1,0,1,1,0,4,1,3,0,0,0,4,1,3,0,0,0,0,0,0,495,248,247
31,91,Khammam,Khammam,11,Konijerla,579754,0000,VILLAGE,Konijerla,Rural,1737,6106,3023,3083,623,309,314,1234,587,647,423,217,206,3359,1875,1484,2747,1148,1599,3320,1759,1561,3071,1679,1392,487,363,124,1998,862,1136,72,46,26,514,408,106,249,80,169,5,5,0,155,29,126,27,11,16,62,35,27,244,78,166,5,5,0,154,29,125,26,11,15,59,33,26,5,2,3,0,0,0,1,0,1,1,0,1,3,2,1,2786,1264,1522
31,91,Khammam,Khammam,11,Konijerla,579755,0000,VILLAGE,Ammapalem,Rural,771,3206,1627,1579,346,195,151,523,276,247,1412,725,687,1767,1026,741,1439,601,838,1397,776,621,1337,743,594,319,213,106,696,265,431,13,8,5,309,257,52,60,33,27,6,6,0,39,13,26,0,0,0,15,14,1,51,31,20,5,5,0,32,12,20,0,0,0,14,14,0,9,2,7,1,1,0,7,1,6,0,0,0,1,0,1,1809,851,958
31,91,Khammam,Khammam,11,Konijerla,579756,0000,VILLAGE,Gopathi,Rural,1744,6170,3120,3050,626,316,310,1984,1023,961,111,55,56,3321,1956,1365,2849,1164,1685,3554,1845,1709,3082,1630,1452,705,448,257,1878,839,1039,90,16,74,409,327,82,472,215,257,11,6,5,357,151,206,18,5,13,86,53,33,451,207,244,11,6,5,344,147,197,13,1,12,83,53,30,21,8,13,0,0,0,13,4,9,5,4,1,3,0,3,2616,1275,1341
31,91,Khammam,Khammam,11,Konijerla,579758,0000,VILLAGE,Linga Gudem,Rural,571,2063,1035,1028,218,115,103,344,170,174,35,16,19,991,578,413,1072,457,615,1181,607,574,801,559,242,206,193,13,492,285,207,2,1,1,101,80,21,380,48,332,24,2,22,339,39,300,3,1,2,14,6,8,376,48,328,24,2,22,335,39,296,3,1,2,14,6,8,4,0,4,0,0,0,4,0,4,0,0,0,0,0,0,882,428,454
31,91,Khammam,Khammam,11,Konijerla,579759,0000,VILLAGE,Gundrathi Madugu,Rural,889,3208,1603,1605,335,162,173,541,278,263,560,276,284,1842,1076,766,1366,527,839,1743,921,822,1719,913,806,111,75,36,1256,555,701,8,8,0,344,275,69,24,8,16,0,0,0,17,5,12,0,0,0,7,3,4,21,7,14,0,0,0,16,4,12,0,0,0,5,3,2,3,1,2,0,0,0,1,1,0,0,0,0,2,0,2,1465,682,783
31,91,Khammam,Khammam,11,Konijerla,579760,0000,VILLAGE,Duddepudi,Rural,485,1559,760,799,181,92,89,531,258,273,14,4,10,890,474,416,669,286,383,903,449,454,881,438,443,134,81,53,694,318,376,4,2,2,49,37,12,22,11,11,5,2,3,5,1,4,1,1,0,11,7,4,19,8,11,5,2,3,5,1,4,0,0,0,9,5,4,3,3,0,0,0,0,0,0,0,1,1,0,2,2,0,656,311,345
31,91,Khammam,Khammam,11,Konijerla,579761,0000,VILLAGE,Pallipadu,Rural,1124,3865,1928,1937,451,243,208,589,285,304,158,77,81,2056,1160,896,1809,768,1041,2088,1082,1006,1770,1050,720,279,214,65,1201,587,614,24,16,8,266,233,33,318,32,286,64,10,54,242,20,222,8,1,7,4,1,3,297,26,271,60,7,53,227,17,210,7,1,6,3,1,2,21,6,15,4,3,1,15,3,12,1,0,1,1,0,1,1777,846,931
31,91,Khammam,Khammam,11,Konijerla,579762,0000,VILLAGE,Goparam,Rural,410,1322,660,662,138,55,83,634,333,301,47,24,23,790,465,325,532,195,337,685,376,309,668,370,298,66,42,24,513,256,257,5,3,2,84,69,15,17,6,11,1,0,1,14,4,10,0,0,0,2,2,0,4,3,1,0,0,0,3,2,1,0,0,0,1,1,0,13,3,10,1,0,1,11,2,9,0,0,0,1,1,0,637,284,353
31,91,Khammam,Khammam,11,Konijerla,579763,0000,VILLAGE,Mungala,Rural,1329,4533,2319,2214,431,236,195,1558,822,736,23,12,11,2485,1446,1039,2048,873,1175,2579,1330,1249,2454,1291,1163,446,315,131,1864,859,1005,8,6,2,136,111,25,125,39,86,40,2,38,82,34,48,0,0,0,3,3,0,115,36,79,39,2,37,73,31,42,0,0,0,3,3,0,10,3,7,1,0,1,9,3,6,0,0,0,0,0,0,1954,989,965
31,91,Khammam,Khammam,11,Konijerla,579764,0000,VILLAGE,Konda Vanamala,Rural,475,1615,829,786,187,99,88,576,308,268,25,12,13,846,528,318,769,301,468,922,492,430,916,486,430,38,31,7,824,413,411,0,0,0,54,42,12,6,6,0,0,0,0,1,1,0,0,0,0,5,5,0,6,6,0,0,0,0,1,1,0,0,0,0,5,5,0,0,0,0,0,0,0,0,0,0,0,0,0,0,0,0,693,337,356
31,91,Khammam,Khammam,11,Konijerla,579765,0000,VILLAGE,Kacharam,Rural,336,1181,604,577,97,41,56,328,162,166,0,0,0,701,406,295,480,198,282,733,375,358,476,247,229,122,69,53,301,142,159,2,2,0,51,34,17,257,128,129,10,3,7,232,116,116,6,3,3,9,6,3,253,125,128,10,3,7,231,115,116,4,2,2,8,5,3,4,3,1,0,0,0,1,1,0,2,1,1,1,1,0,448,229,219
31,92,Kalluru,Khammam,17,Thallada,579766,0000,VILLAGE,Mallaram,Rural,1090,4117,2072,2045,420,207,213,621,311,310,175,85,90,2408,1338,1070,1709,734,975,2306,1205,1101,2222,1194,1028,442,313,129,1475,633,842,26,17,9,279,231,48,84,11,73,19,1,18,62,8,54,0,0,0,3,2,1,83,11,72,19,1,18,61,8,53,0,0,0,3,2,1,1,0,1,0,0,0,1,0,1,0,0,0,0,0,0,1811,867,944
31,92,Kalluru,Khammam,17,Thallada,579767,0000,VILLAGE,Balapet,Rural,242,881,447,434,114,54,60,189,101,88,0,0,0,444,258,186,437,189,248,492,257,235,386,246,140,60,57,3,315,180,135,0,0,0,11,9,2,106,11,95,1,0,1,103,10,93,0,0,0,2,1,1,106,11,95,1,0,1,103,10,93,0,0,0,2,1,1,0,0,0,0,0,0,0,0,0,0,0,0,0,0,0,389,190,199
31,92,Kalluru,Khammam,17,Thallada,579768,0000,VILLAGE,Annargudem,Rural,1640,5771,2912,2859,537,272,265,1599,821,778,23,12,11,3092,1776,1316,2679,1136,1543,3272,1776,1496,2843,1632,1211,546,408,138,1878,874,1004,34,30,4,385,320,65,429,144,285,10,5,5,385,112,273,8,6,2,26,21,5,390,124,266,10,5,5,349,95,254,8,6,2,23,18,5,39,20,19,0,0,0,36,17,19,0,0,0,3,3,0,2499,1136,1363
31,92,Kalluru,Khammam,17,Thallada,579769,0000,VILLAGE,Gopalapet,Rural,273,885,443,442,74,37,37,302,152,150,6,3,3,454,268,186,431,175,256,446,269,177,446,269,177,61,59,2,364,194,170,0,0,0,21,16,5,0,0,0,0,0,0,0,0,0,0,0,0,0,0,0,0,0,0,0,0,0,0,0,0,0,0,0,0,0,0,0,0,0,0,0,0,0,0,0,0,0,0,0,0,0,439,174,265
31,92,Kalluru,Khammam,17,Thallada,579770,0000,VILLAGE,Billupadu,Rural,1108,3923,1930,1993,413,199,214,845,418,427,260,120,140,2037,1136,901,1886,794,1092,1939,1124,815,1897,1102,795,329,251,78,1373,697,676,28,16,12,167,138,29,42,22,20,0,0,0,37,19,18,0,0,0,5,3,2,41,22,19,0,0,0,37,19,18,0,0,0,4,3,1,1,0,1,0,0,0,0,0,0,0,0,0,1,0,1,1984,806,1178
31,92,Kalluru,Khammam,17,Thallada,579771,0000,VILLAGE,Vengannapeta,Rural,470,1667,846,821,155,78,77,531,273,258,273,140,133,885,523,362,782,323,459,829,513,316,704,486,218,66,56,10,511,322,189,2,1,1,125,107,18,125,27,98,2,2,0,113,17,96,0,0,0,10,8,2,118,25,93,2,2,0,107,16,91,0,0,0,9,7,2,7,2,5,0,0,0,6,1,5,0,0,0,1,1,0,838,333,505
31,92,Kalluru,Khammam,17,Thallada,579772,0000,VILLAGE,Nuthankal,Rural,1055,3956,1984,1972,358,188,170,580,288,292,1191,596,595,2094,1218,876,1862,766,1096,2055,1183,872,1966,1131,835,441,332,109,1180,537,643,66,35,31,279,227,52,89,52,37,3,3,0,81,47,34,3,1,2,2,1,1,33,15,18,2,2,0,26,11,15,3,1,2,2,1,1,56,37,19,1,1,0,55,36,19,0,0,0,0,0,0,1901,801,1100
31,92,Kalluru,Khammam,17,Thallada,579773,0000,VILLAGE,Rejerla,Rural,321,1193,607,586,81,46,35,127,66,61,124,63,61,735,406,329,458,201,257,653,363,290,653,363,290,66,64,2,428,204,224,93,47,46,66,48,18,0,0,0,0,0,0,0,0,0,0,0,0,0,0,0,0,0,0,0,0,0,0,0,0,0,0,0,0,0,0,0,0,0,0,0,0,0,0,0,0,0,0,0,0,0,540,244,296
31,92,Kalluru,Khammam,17,Thallada,579774,0000,VILLAGE,Thallada,Rural,3248,11802,5908,5894,1099,572,527,2259,1093,1166,652,339,313,7645,4238,3407,4157,1670,2487,5784,3325,2459,5728,3294,2434,629,456,173,3577,1585,1992,61,49,12,1461,1204,257,56,31,25,7,4,3,26,10,16,2,0,2,21,17,4,45,25,20,7,4,3,18,6,12,2,0,2,18,15,3,11,6,5,0,0,0,8,4,4,0,0,0,3,2,1,6018,2583,3435
31,92,Kalluru,Khammam,17,Thallada,579775,0000,VILLAGE,Kodavatimetta,Rural,405,2051,924,1127,146,76,70,1126,523,603,80,37,43,1567,745,822,484,179,305,850,415,435,686,343,343,147,70,77,437,198,239,2,1,1,100,74,26,164,72,92,1,1,0,154,63,91,2,2,0,7,6,1,164,72,92,1,1,0,154,63,91,2,2,0,7,6,1,0,0,0,0,0,0,0,0,0,0,0,0,0,0,0,1201,509,692
31,92,Kalluru,Khammam,17,Thallada,579776,0000,VILLAGE,Pinapaka,Rural,786,2768,1408,1360,243,124,119,997,506,491,0,0,0,1636,920,716,1132,488,644,1528,848,680,1517,844,673,166,138,28,1200,576,624,9,8,1,142,122,20,11,4,7,1,0,1,8,3,5,1,0,1,1,1,0,10,4,6,1,0,1,8,3,5,0,0,0,1,1,0,1,0,1,0,0,0,0,0,0,1,0,1,0,0,0,1240,560,680
31,92,Kalluru,Khammam,17,Thallada,579777,0000,VILLAGE,Telagaram,Rural,193,712,345,367,48,22,26,331,161,170,107,52,55,417,221,196,295,124,171,412,223,189,377,216,161,72,60,12,216,84,132,1,0,1,88,72,16,35,7,28,17,0,17,10,3,7,0,0,0,8,4,4,34,6,28,17,0,17,10,3,7,0,0,0,7,3,4,1,1,0,0,0,0,0,0,0,0,0,0,1,1,0,300,122,178
31,92,Kalluru,Khammam,17,Thallada,579778,0000,VILLAGE,Mittapalli,Rural,1179,4328,2187,2141,359,181,178,1640,852,788,290,142,148,2629,1479,1150,1699,708,991,2199,1235,964,1828,1071,757,375,303,72,1219,571,648,8,6,2,226,191,35,371,164,207,2,1,1,323,131,192,2,1,1,44,31,13,362,159,203,2,1,1,315,127,188,2,1,1,43,30,13,9,5,4,0,0,0,8,4,4,0,0,0,1,1,0,2129,952,1177
31,92,Kalluru,Khammam,17,Thallada,579779,0000,VILLAGE,Ramanujavam,Rural,411,1461,738,723,160,86,74,470,234,236,1,0,1,832,466,366,629,272,357,812,456,356,785,447,338,154,111,43,537,258,279,8,6,2,86,72,14,27,9,18,5,1,4,17,4,13,0,0,0,5,4,1,21,7,14,4,1,3,14,3,11,0,0,0,3,3,0,6,2,4,1,0,1,3,1,2,0,0,0,2,1,1,649,282,367
31,92,Kalluru,Khammam,17,Thallada,579780,0000,VILLAGE,Lakshmipuram,Rural,228,915,449,466,83,42,41,233,113,120,0,0,0,516,290,226,399,159,240,450,257,193,448,256,192,132,104,28,291,131,160,5,4,1,20,17,3,2,1,1,2,1,1,0,0,0,0,0,0,0,0,0,2,1,1,2,1,1,0,0,0,0,0,0,0,0,0,0,0,0,0,0,0,0,0,0,0,0,0,0,0,0,465,192,273
31,92,Kalluru,Khammam,17,Thallada,579781,0000,VILLAGE,Muddunuru,Rural,587,2024,1047,977,191,102,89,693,365,328,9,5,4,1045,611,434,979,436,543,1142,587,555,996,550,446,165,135,30,754,358,396,1,0,1,76,57,19,146,37,109,6,3,3,136,31,105,0,0,0,4,3,1,108,24,84,1,1,0,103,20,83,0,0,0,4,3,1,38,13,25,5,2,3,33,11,22,0,0,0,0,0,0,882,460,422
31,92,Kalluru,Khammam,17,Thallada,579782,0000,VILLAGE,Kurnavalli,Rural,1095,3911,1951,1960,370,209,161,960,481,479,25,13,12,2155,1207,948,1756,744,1012,2092,1183,909,2057,1167,890,304,270,34,1496,703,793,48,23,25,209,171,38,35,16,19,2,0,2,27,12,15,3,1,2,3,3,0,27,13,14,2,0,2,20,9,11,2,1,1,3,3,0,8,3,5,0,0,0,7,3,4,1,0,1,0,0,0,1819,768,1051
31,92,Kalluru,Khammam,17,Thallada,579783,0000,VILLAGE,Basavapuram,Rural,255,999,504,495,95,38,57,205,106,99,0,0,0,568,314,254,431,190,241,619,307,312,456,261,195,116,99,17,298,138,160,23,11,12,19,13,6,163,46,117,7,3,4,131,39,92,16,2,14,9,2,7,160,45,115,7,3,4,129,38,91,15,2,13,9,2,7,3,1,2,0,0,0,2,1,1,1,0,1,0,0,0,380,197,183
31,92,Kalluru,Khammam,17,Thallada,579784,0000,VILLAGE,Kalakodimi,Rural,613,2386,1241,1145,252,139,113,966,503,463,0,0,0,1180,702,478,1206,539,667,1344,747,597,1302,727,575,139,122,17,1028,493,535,14,9,5,121,103,18,42,20,22,0,0,0,31,14,17,3,0,3,8,6,2,40,19,21,0,0,0,30,13,17,2,0,2,8,6,2,2,1,1,0,0,0,1,1,0,1,0,1,0,0,0,1042,494,548
31,92,Kalluru,Khammam,13,Kalluru,579785,0000,VILLAGE,Mucharam,Rural,645,2327,1179,1148,213,105,108,160,87,73,758,386,372,1228,709,519,1099,470,629,1229,689,540,1221,686,535,141,116,25,952,471,481,0,0,0,128,99,29,8,3,5,0,0,0,7,2,5,1,1,0,0,0,0,7,2,5,0,0,0,7,2,5,0,0,0,0,0,0,1,1,0,0,0,0,0,0,0,1,1,0,0,0,0,1098,490,608
31,92,Kalluru,Khammam,13,Kalluru,579786,0000,VILLAGE,Yagnanarayanapur,Rural,264,973,483,490,75,34,41,248,134,114,0,0,0,546,316,230,427,167,260,571,295,276,566,292,274,104,97,7,426,167,259,0,0,0,36,28,8,5,3,2,0,0,0,4,2,2,0,0,0,1,1,0,4,3,1,0,0,0,3,2,1,0,0,0,1,1,0,1,0,1,0,0,0,1,0,1,0,0,0,0,0,0,402,188,214
31,92,Kalluru,Khammam,13,Kalluru,579787,0000,VILLAGE,Chennuru,Rural,1004,3416,1693,1723,337,169,168,1274,643,631,3,3,0,1626,921,705,1790,772,1018,1942,1028,914,921,564,357,69,61,8,660,349,311,11,9,2,181,145,36,1021,464,557,87,81,6,912,367,545,2,1,1,20,15,5,986,441,545,87,81,6,880,347,533,2,1,1,17,12,5,35,23,12,0,0,0,32,20,12,0,0,0,3,3,0,1474,665,809
31,92,Kalluru,Khammam,13,Kalluru,579788,0000,VILLAGE,Ravikampadu,Rural,406,1436,735,701,124,66,58,24,12,12,0,0,0,671,382,289,765,353,412,775,435,340,436,262,174,88,85,3,298,133,165,4,4,0,46,40,6,339,173,166,62,38,24,250,122,128,3,3,0,24,10,14,339,173,166,62,38,24,250,122,128,3,3,0,24,10,14,0,0,0,0,0,0,0,0,0,0,0,0,0,0,0,661,300,361
31,92,Kalluru,Khammam,13,Kalluru,579789,0000,VILLAGE,Peddakorukondi,Rural,777,2765,1346,1419,249,108,141,1218,606,612,33,18,15,1375,746,629,1390,600,790,1585,824,761,1564,818,746,251,219,32,1177,492,685,7,6,1,129,101,28,21,6,15,3,1,2,8,4,4,1,0,1,9,1,8,21,6,15,3,1,2,8,4,4,1,0,1,9,1,8,0,0,0,0,0,0,0,0,0,0,0,0,0,0,0,1180,522,658
31,92,Kalluru,Khammam,13,Kalluru,579790,0000,VILLAGE,Talluru,Rural,556,1942,977,965,248,138,110,731,372,359,4,2,2,1002,580,422,940,397,543,1231,622,609,1217,616,601,162,112,50,953,444,509,12,9,3,90,51,39,14,6,8,1,1,0,7,2,5,1,1,0,5,2,3,11,4,7,1,1,0,5,1,4,0,0,0,5,2,3,3,2,1,0,0,0,2,1,1,1,1,0,0,0,0,711,355,356
31,92,Kalluru,Khammam,13,Kalluru,579791,0000,VILLAGE,Chinna Korukondi,Rural,1216,4613,2390,2223,353,172,181,1675,870,805,10,5,5,2428,1446,982,2185,944,1241,2633,1334,1299,2429,1236,1193,390,252,138,1891,865,1026,14,12,2,134,107,27,204,98,106,3,1,2,156,59,97,0,0,0,45,38,7,199,96,103,3,1,2,152,58,94,0,0,0,44,37,7,5,2,3,0,0,0,4,1,3,0,0,0,1,1,0,1980,1056,924
31,92,Kalluru,Khammam,13,Kalluru,579792,0000,VILLAGE,Telagaram,Rural,526,1913,965,948,173,88,85,613,307,306,5,3,2,967,561,406,946,404,542,1148,582,566,1125,568,557,148,97,51,904,425,479,3,2,1,70,44,26,23,14,9,0,0,0,4,2,2,1,1,0,18,11,7,21,12,9,0,0,0,2,0,2,1,1,0,18,11,7,2,2,0,0,0,0,2,2,0,0,0,0,0,0,0,765,383,382
31,92,Kalluru,Khammam,13,Kalluru,579793,0000,VILLAGE,Vennavalle,Rural,408,1476,758,718,141,69,72,387,203,184,6,2,4,762,440,322,714,318,396,781,422,359,779,421,358,152,90,62,585,295,290,0,0,0,42,36,6,2,1,1,0,0,0,1,0,1,0,0,0,1,1,0,2,1,1,0,0,0,1,0,1,0,0,0,1,1,0,0,0,0,0,0,0,0,0,0,0,0,0,0,0,0,695,336,359
31,92,Kalluru,Khammam,13,Kalluru,579794,0000,VILLAGE,Yerraboinapally,Rural,1211,3777,1874,1903,297,156,141,1827,903,924,4,2,2,2073,1145,928,1704,729,975,2033,1115,918,1815,1010,805,536,351,185,1164,569,595,12,6,6,103,84,19,218,105,113,18,11,7,190,84,106,0,0,0,10,10,0,214,103,111,18,11,7,187,83,104,0,0,0,9,9,0,4,2,2,0,0,0,3,1,2,0,0,0,1,1,0,1744,759,985
31,92,Kalluru,Khammam,13,Kalluru,579795,0000,VILLAGE,Raghunadhagudem,Rural,385,1466,742,724,169,77,92,141,62,79,0,0,0,700,410,290,766,332,434,799,457,342,686,426,260,163,146,17,453,222,231,2,2,0,68,56,12,113,31,82,4,0,4,102,28,74,0,0,0,7,3,4,107,28,79,4,0,4,98,26,72,0,0,0,5,2,3,6,3,3,0,0,0,4,2,2,0,0,0,2,1,1,667,285,382
31,92,Kalluru,Khammam,13,Kalluru,579796,0000,VILLAGE,Chandrupatla,Rural,1134,4248,2166,2082,370,209,161,1227,613,614,1048,547,501,2112,1223,889,2136,943,1193,2363,1285,1078,1921,1141,780,415,306,109,1216,605,611,22,17,5,268,213,55,442,144,298,52,17,35,317,88,229,20,6,14,53,33,20,402,123,279,46,14,32,300,81,219,17,5,12,39,23,16,40,21,19,6,3,3,17,7,10,3,1,2,14,10,4,1885,881,1004
31,92,Kalluru,Khammam,13,Kalluru,579797,0000,VILLAGE,Gopala Devaboinapalli,Rural,302,1111,553,558,105,48,57,3,1,2,421,212,209,605,347,258,506,206,300,560,302,258,476,283,193,63,41,22,348,186,162,11,9,2,54,47,7,84,19,65,0,0,0,79,15,64,2,2,0,3,2,1,83,19,64,0,0,0,78,15,63,2,2,0,3,2,1,1,0,1,0,0,0,1,0,1,0,0,0,0,0,0,551,251,300
31,92,Kalluru,Khammam,13,Kalluru,579798,0000,VILLAGE,Payapur,Rural,189,719,365,354,53,27,26,188,92,96,181,94,87,370,213,157,349,152,197,395,212,183,392,210,182,14,14,0,348,169,179,1,1,0,29,26,3,3,2,1,0,0,0,3,2,1,0,0,0,0,0,0,2,1,1,0,0,0,2,1,1,0,0,0,0,0,0,1,1,0,0,0,0,1,1,0,0,0,0,0,0,0,324,153,171
31,92,Kalluru,Khammam,13,Kalluru,579799,0000,VILLAGE,Kalluru,Rural,4254,15807,7947,7860,1567,820,747,4156,2080,2076,1571,788,783,9953,5623,4330,5854,2324,3530,7161,4467,2694,6479,4152,2327,667,545,122,3614,1798,1816,98,74,24,2100,1735,365,682,315,367,32,13,19,509,206,303,5,3,2,136,93,43,652,302,350,32,13,19,491,199,292,5,3,2,124,87,37,30,13,17,0,0,0,18,7,11,0,0,0,12,6,6,8646,3480,5166
31,92,Kalluru,Khammam,13,Kalluru,579800,0000,VILLAGE,Lokavaram,Rural,425,1600,808,792,184,88,96,264,125,139,328,168,160,813,472,341,787,336,451,971,514,457,803,467,336,180,157,23,488,229,259,95,46,49,40,35,5,168,47,121,8,2,6,145,39,106,5,2,3,10,4,6,107,18,89,6,2,4,95,15,80,3,1,2,3,0,3,61,29,32,2,0,2,50,24,26,2,1,1,7,4,3,629,294,335
31,92,Kalluru,Khammam,13,Kalluru,579801,0000,VILLAGE,Lakshmipuram,Rural,283,1095,560,535,126,69,57,4,2,2,721,370,351,505,304,201,590,256,334,685,348,337,685,348,337,385,223,162,257,96,161,8,4,4,35,25,10,0,0,0,0,0,0,0,0,0,0,0,0,0,0,0,0,0,0,0,0,0,0,0,0,0,0,0,0,0,0,0,0,0,0,0,0,0,0,0,0,0,0,0,0,0,410,212,198
31,92,Kalluru,Khammam,13,Kalluru,579802,0000,VILLAGE,Bathulapally,Rural,457,1655,830,825,162,88,74,266,129,137,569,287,282,729,424,305,926,406,520,918,496,422,862,481,381,197,155,42,607,279,328,3,2,1,55,45,10,56,15,41,13,1,12,40,12,28,0,0,0,3,2,1,49,14,35,9,0,9,38,12,26,0,0,0,2,2,0,7,1,6,4,1,3,2,0,2,0,0,0,1,0,1,737,334,403
31,92,Kalluru,Khammam,13,Kalluru,579803,0000,VILLAGE,Gokavaram,Rural,307,1135,552,583,133,64,69,210,107,103,553,266,287,573,319,254,562,233,329,596,301,295,304,278,26,69,66,3,175,163,12,1,1,0,59,48,11,292,23,269,2,0,2,285,19,266,0,0,0,5,4,1,283,22,261,2,0,2,276,18,258,0,0,0,5,4,1,9,1,8,0,0,0,9,1,8,0,0,0,0,0,0,539,251,288
31,92,Kalluru,Khammam,13,Kalluru,579804,0000,VILLAGE,Khankhanpet,Rural,752,3431,1374,2057,265,130,135,1093,311,782,613,233,380,2513,1008,1505,918,366,552,1295,736,559,1192,696,496,45,36,9,531,253,278,171,83,88,445,324,121,103,40,63,1,1,0,33,11,22,20,8,12,49,20,29,98,38,60,1,1,0,33,11,22,18,8,10,46,18,28,5,2,3,0,0,0,0,0,0,2,0,2,3,2,1,2136,638,1498
31,92,Kalluru,Khammam,13,Kalluru,579805,0000,VILLAGE,Narayanapuram,Rural,419,1570,785,785,132,67,65,411,210,201,4,1,3,974,538,436,596,247,349,887,487,400,826,471,355,136,119,17,509,217,292,31,13,18,150,122,28,61,16,45,1,1,0,27,7,20,13,2,11,20,6,14,52,14,38,1,1,0,23,6,17,10,2,8,18,5,13,9,2,7,0,0,0,4,1,3,3,0,3,2,1,1,683,298,385
31,92,Kalluru,Khammam,13,Kalluru,579806,0000,VILLAGE,Korlaguda,Rural,328,1210,614,596,100,56,44,356,193,163,2,1,1,696,377,319,514,237,277,643,381,262,640,380,260,87,81,6,470,232,238,2,2,0,81,65,16,3,1,2,0,0,0,1,0,1,1,0,1,1,1,0,2,1,1,0,0,0,1,0,1,0,0,0,1,1,0,1,0,1,0,0,0,0,0,0,1,0,1,0,0,0,567,233,334
31,92,Kalluru,Khammam,13,Kalluru,579807,0000,VILLAGE,Peruvancha,Rural,1161,4143,2104,2039,366,188,178,1115,574,541,11,8,3,2374,1347,1027,1769,757,1012,2147,1284,863,2084,1268,816,265,183,82,1436,767,669,16,14,2,367,304,63,63,16,47,5,0,5,42,8,34,3,0,3,13,8,5,61,16,45,5,0,5,41,8,33,3,0,3,12,8,4,2,0,2,0,0,0,1,0,1,0,0,0,1,0,1,1996,820,1176
31,91,Khammam,Khammam,18,Wyra,579808,0000,VILLAGE,Somavaram,Rural,4700,18184,8703,9481,1583,806,777,3758,1601,2157,1075,493,582,12872,6622,6250,5312,2081,3231,7615,4810,2805,7060,4596,2464,469,414,55,2897,1362,1535,67,44,23,3627,2776,851,555,214,341,5,1,4,435,159,276,2,1,1,113,53,60,280,82,198,5,1,4,172,36,136,1,1,0,102,44,58,275,132,143,0,0,0,263,123,140,1,0,1,11,9,2,10569,3893,6676
31,91,Khammam,Khammam,18,Wyra,579809,0000,VILLAGE,Brahmanapalli,Rural,821,2922,1474,1448,300,169,131,1176,615,561,35,16,19,1915,1062,853,1007,412,595,1338,834,504,1131,739,392,56,51,5,407,128,279,11,7,4,657,553,104,207,95,112,3,2,1,134,42,92,4,3,1,66,48,18,180,83,97,2,2,0,121,40,81,4,3,1,53,38,15,27,12,15,1,0,1,13,2,11,0,0,0,13,10,3,1584,640,944
31,91,Khammam,Khammam,18,Wyra,579810,0000,VILLAGE,Siripuram(K_G),Rural,814,2829,1416,1413,246,122,124,778,396,382,99,46,53,1753,970,783,1076,446,630,1311,789,522,1271,765,506,176,159,17,868,416,452,0,0,0,227,190,37,40,24,16,1,0,1,27,12,15,1,1,0,11,11,0,38,23,15,1,0,1,26,12,14,1,1,0,10,10,0,2,1,1,0,0,0,1,0,1,0,0,0,1,1,0,1518,627,891
31,91,Khammam,Khammam,18,Wyra,579811,0000,VILLAGE,Punyapuram,Rural,357,1265,620,645,130,64,66,383,181,202,5,2,3,612,332,280,653,288,365,703,368,335,702,368,334,89,77,12,541,235,306,1,1,0,71,55,16,1,0,1,0,0,0,0,0,0,0,0,0,1,0,1,1,0,1,0,0,0,0,0,0,0,0,0,1,0,1,0,0,0,0,0,0,0,0,0,0,0,0,0,0,0,562,252,310
31,91,Khammam,Khammam,18,Wyra,579812,0000,VILLAGE,Vippala Madaka,Rural,454,1567,791,776,128,62,66,640,320,320,11,8,3,891,492,399,676,299,377,970,498,472,960,493,467,240,121,119,653,322,331,5,5,0,62,45,17,10,5,5,0,0,0,10,5,5,0,0,0,0,0,0,10,5,5,0,0,0,10,5,5,0,0,0,0,0,0,0,0,0,0,0,0,0,0,0,0,0,0,0,0,0,597,293,304
31,91,Khammam,Khammam,18,Wyra,579813,0000,VILLAGE,Narapanenipalli,Rural,270,1024,506,518,80,33,47,270,140,130,50,27,23,647,356,291,377,150,227,557,301,256,499,276,223,186,119,67,260,115,145,5,5,0,48,37,11,58,25,33,0,0,0,54,22,32,2,1,1,2,2,0,58,25,33,0,0,0,54,22,32,2,1,1,2,2,0,0,0,0,0,0,0,0,0,0,0,0,0,0,0,0,467,205,262
31,91,Khammam,Khammam,18,Wyra,579814,0000,VILLAGE,Poosalapadu,Rural,132,497,250,247,53,25,28,0,0,0,0,0,0,294,166,128,203,84,119,234,149,85,228,149,79,58,55,3,129,60,69,0,0,0,41,34,7,6,0,6,0,0,0,0,0,0,0,0,0,6,0,6,4,0,4,0,0,0,0,0,0,0,0,0,4,0,4,2,0,2,0,0,0,0,0,0,0,0,0,2,0,2,263,101,162
31,91,Khammam,Khammam,18,Wyra,579815,0000,VILLAGE,Musalimadugu,Rural,364,1292,665,627,115,57,58,467,247,220,0,0,0,694,405,289,598,260,338,638,400,238,632,397,235,89,86,3,485,264,221,1,1,0,57,46,11,6,3,3,0,0,0,5,3,2,0,0,0,1,0,1,6,3,3,0,0,0,5,3,2,0,0,0,1,0,1,0,0,0,0,0,0,0,0,0,0,0,0,0,0,0,654,265,389
31,91,Khammam,Khammam,18,Wyra,579816,0000,VILLAGE,Tatipudi,Rural,829,2797,1418,1379,330,177,153,653,332,321,208,112,96,1460,850,610,1337,568,769,1564,823,741,1210,642,568,76,62,14,990,473,517,12,8,4,132,99,33,354,181,173,13,8,5,303,152,151,25,11,14,13,10,3,347,180,167,13,8,5,298,151,147,24,11,13,12,10,2,7,1,6,0,0,0,5,1,4,1,0,1,1,0,1,1233,595,638
31,91,Khammam,Khammam,18,Wyra,579817,0000,VILLAGE,Gollanapadu,Rural,505,1690,831,859,180,97,83,776,382,394,39,22,17,800,454,346,890,377,513,962,487,475,953,486,467,190,116,74,698,318,380,3,2,1,62,50,12,9,1,8,4,0,4,4,0,4,0,0,0,1,1,0,9,1,8,4,0,4,4,0,4,0,0,0,1,1,0,0,0,0,0,0,0,0,0,0,0,0,0,0,0,0,728,344,384
31,91,Khammam,Khammam,18,Wyra,579818,0000,VILLAGE,Rebbavaram,Rural,864,3235,1570,1665,251,114,137,1165,584,581,50,17,33,1985,1104,881,1250,466,784,1539,833,706,1463,813,650,180,167,13,996,418,578,16,10,6,271,218,53,76,20,56,2,0,2,59,14,45,0,0,0,15,6,9,59,14,45,1,0,1,52,12,40,0,0,0,6,2,4,17,6,11,1,0,1,7,2,5,0,0,0,9,4,5,1696,737,959
31,91,Khammam,Khammam,18,Wyra,579819,0000,VILLAGE,Konda Kodima,Rural,503,1799,904,895,172,100,72,641,324,317,53,27,26,1080,599,481,719,305,414,998,526,472,994,525,469,88,60,28,751,337,414,4,2,2,151,126,25,4,1,3,0,0,0,2,0,2,0,0,0,2,1,1,2,0,2,0,0,0,2,0,2,0,0,0,0,0,0,2,1,1,0,0,0,0,0,0,0,0,0,2,1,1,801,378,423
31,91,Khammam,Khammam,18,Wyra,579820,0000,VILLAGE,Khanapuram,Rural,346,1197,597,600,106,62,44,1,0,1,93,47,46,791,430,361,406,167,239,693,372,321,692,371,321,88,60,28,558,275,283,0,0,0,46,36,10,1,1,0,0,0,0,1,1,0,0,0,0,0,0,0,1,1,0,0,0,0,1,1,0,0,0,0,0,0,0,0,0,0,0,0,0,0,0,0,0,0,0,0,0,0,504,225,279
31,91,Khammam,Khammam,18,Wyra,579821,0000,VILLAGE,Gollapudi,Rural,779,2843,1424,1419,269,141,128,571,294,277,117,70,47,1657,926,731,1186,498,688,1345,719,626,1335,715,620,216,141,75,935,439,496,8,7,1,176,128,48,10,4,6,1,0,1,5,2,3,0,0,0,4,2,2,7,3,4,1,0,1,4,2,2,0,0,0,2,1,1,3,1,2,0,0,0,1,0,1,0,0,0,2,1,1,1498,705,793
31,91,Khammam,Khammam,18,Wyra,579822,0000,VILLAGE,Astnagurthy,Rural,495,1712,839,873,175,93,82,523,259,264,46,18,28,979,543,436,733,296,437,965,518,447,883,483,400,107,99,8,677,313,364,16,9,7,83,62,21,82,35,47,4,3,1,59,17,42,4,2,2,15,13,2,76,33,43,4,3,1,54,16,38,3,1,2,15,13,2,6,2,4,0,0,0,5,1,4,1,1,0,0,0,0,747,321,426
31,91,Khammam,Khammam,18,Wyra,579823,0000,VILLAGE,Vallapuram,Rural,316,1084,533,551,102,58,44,537,260,277,6,3,3,487,267,220,597,266,331,641,328,313,639,327,312,139,84,55,467,216,251,1,1,0,32,26,6,2,1,1,0,0,0,2,1,1,0,0,0,0,0,0,2,1,1,0,0,0,2,1,1,0,0,0,0,0,0,0,0,0,0,0,0,0,0,0,0,0,0,0,0,0,443,205,238
31,91,Khammam,Khammam,18,Wyra,579824,0000,VILLAGE,Paladugu,Rural,559,1998,1015,983,218,115,103,664,343,321,7,2,5,1022,601,421,976,414,562,1123,595,528,1118,592,526,81,64,17,940,443,497,2,1,1,95,84,11,5,3,2,0,0,0,5,3,2,0,0,0,0,0,0,5,3,2,0,0,0,5,3,2,0,0,0,0,0,0,0,0,0,0,0,0,0,0,0,0,0,0,0,0,0,875,420,455
31,91,Khammam,Khammam,18,Wyra,579826,0000,VILLAGE,Gannavaram,Rural,726,2480,1234,1246,251,127,124,845,432,413,0,0,0,1336,769,567,1144,465,679,1334,722,612,1332,721,611,178,157,21,1074,499,575,0,0,0,80,65,15,2,1,1,2,1,1,0,0,0,0,0,0,0,0,0,2,1,1,2,1,1,0,0,0,0,0,0,0,0,0,0,0,0,0,0,0,0,0,0,0,0,0,0,0,0,1146,512,634
31,91,Khammam,Khammam,18,Wyra,579827,0000,VILLAGE,Dachapuram,Rural,346,1233,626,607,126,64,62,621,316,305,0,0,0,600,361,239,633,265,368,637,345,292,631,339,292,55,46,9,562,281,281,0,0,0,14,12,2,6,6,0,1,1,0,3,3,0,0,0,0,2,2,0,6,6,0,1,1,0,3,3,0,0,0,0,2,2,0,0,0,0,0,0,0,0,0,0,0,0,0,0,0,0,596,281,315
31,91,Khammam,Khammam,18,Wyra,579828,0000,VILLAGE,Garikapadu,Rural,491,1824,939,885,173,100,73,670,353,317,5,2,3,1056,604,452,768,335,433,844,492,352,760,485,275,110,107,3,571,312,259,9,9,0,70,57,13,84,7,77,11,1,10,69,3,66,1,1,0,3,2,1,74,6,68,11,1,10,59,2,57,1,1,0,3,2,1,10,1,9,0,0,0,10,1,9,0,0,0,0,0,0,980,447,533
31,91,Khammam,Khammam,18,Wyra,579829,0000,VILLAGE,Lingannapalem,Rural,228,848,438,410,83,45,38,318,169,149,0,0,0,516,294,222,332,144,188,359,259,100,338,257,81,63,60,3,228,151,77,10,10,0,37,36,1,21,2,19,0,0,0,18,0,18,0,0,0,3,2,1,21,2,19,0,0,0,18,0,18,0,0,0,3,2,1,0,0,0,0,0,0,0,0,0,0,0,0,0,0,0,489,179,310
31,91,Khammam,Khammam,19,Bonakal,579830,0000,VILLAGE,Tutikuntla,Rural,540,1961,990,971,146,70,76,1030,529,501,24,10,14,1125,656,469,836,334,502,1112,586,526,1102,581,521,231,170,61,783,335,448,1,0,1,87,76,11,10,5,5,1,1,0,6,2,4,0,0,0,3,2,1,10,5,5,1,1,0,6,2,4,0,0,0,3,2,1,0,0,0,0,0,0,0,0,0,0,0,0,0,0,0,849,404,445
31,91,Khammam,Khammam,19,Bonakal,579831,0000,VILLAGE,Laxmipuram,Rural,1090,3747,1899,1848,340,184,156,1296,644,652,8,4,4,1964,1127,837,1783,772,1011,2086,1099,987,2010,1077,933,283,235,48,1601,733,868,10,9,1,116,100,16,76,22,54,14,4,10,60,17,43,0,0,0,2,1,1,64,20,44,13,3,10,50,16,34,0,0,0,1,1,0,12,2,10,1,1,0,10,1,9,0,0,0,1,0,1,1661,800,861
31,91,Khammam,Khammam,19,Bonakal,579832,0000,VILLAGE,Garlapadu,Rural,204,602,303,299,41,19,22,289,140,149,12,4,8,292,169,123,310,134,176,369,196,173,356,194,162,58,34,24,283,150,133,5,4,1,10,6,4,13,2,11,0,0,0,11,1,10,0,0,0,2,1,1,11,2,9,0,0,0,9,1,8,0,0,0,2,1,1,2,0,2,0,0,0,2,0,2,0,0,0,0,0,0,233,107,126
31,91,Khammam,Khammam,19,Bonakal,579833,0000,VILLAGE,Ramapuram,Rural,301,1028,505,523,85,39,46,201,97,104,3,2,1,522,295,227,506,210,296,567,310,257,563,307,256,76,76,0,431,196,235,0,0,0,56,35,21,4,3,1,0,0,0,0,0,0,0,0,0,4,3,1,4,3,1,0,0,0,0,0,0,0,0,0,4,3,1,0,0,0,0,0,0,0,0,0,0,0,0,0,0,0,461,195,266
31,91,Khammam,Khammam,19,Bonakal,579834,0000,VILLAGE,Mustikunta,Rural,1355,4458,2263,2195,432,220,212,431,227,204,30,14,16,2445,1439,1006,2013,824,1189,2637,1373,1264,2368,1245,1123,243,149,94,1901,912,989,11,9,2,213,175,38,269,128,141,12,8,4,190,85,105,6,3,3,61,32,29,243,119,124,12,8,4,176,78,98,5,3,2,50,30,20,26,9,17,0,0,0,14,7,7,1,0,1,11,2,9,1821,890,931
31,91,Khammam,Khammam,19,Bonakal,579835,0000,VILLAGE,Choppakatlapalem,Rural,562,1937,954,983,171,84,87,504,252,252,31,15,16,954,550,404,983,404,579,1052,559,493,626,454,172,167,150,17,317,181,136,2,1,1,140,122,18,426,105,321,23,1,22,386,94,292,2,1,1,15,9,6,412,101,311,23,1,22,374,91,283,0,0,0,15,9,6,14,4,10,0,0,0,12,3,9,2,1,1,0,0,0,885,395,490
31,91,Khammam,Khammam,19,Bonakal,579836,0000,VILLAGE,Chirunomula,Rural,723,2378,1182,1196,207,97,110,1084,542,542,1,1,0,1253,720,533,1125,462,663,1302,675,627,1251,657,594,161,124,37,915,398,517,3,2,1,172,133,39,51,18,33,1,1,0,42,13,29,0,0,0,8,4,4,41,16,25,1,1,0,33,11,22,0,0,0,7,4,3,10,2,8,0,0,0,9,2,7,0,0,0,1,0,1,1076,507,569
31,91,Khammam,Khammam,19,Bonakal,579837,0000,VILLAGE,Ravinoothala,Rural,1183,4572,2362,2210,427,211,216,1008,500,508,737,379,358,2454,1462,992,2118,900,1218,2367,1238,1129,2316,1222,1094,273,217,56,1785,801,984,43,25,18,215,179,36,51,16,35,8,3,5,27,4,23,1,0,1,15,9,6,41,14,27,5,3,2,22,2,20,1,0,1,13,9,4,10,2,8,3,0,3,5,2,3,0,0,0,2,0,2,2205,1124,1081
31,91,Khammam,Khammam,19,Bonakal,579838,0000,VILLAGE,Peddaberavalli,Rural,1044,3700,1900,1800,352,187,165,1148,604,544,30,12,18,1994,1210,784,1706,690,1016,1989,1047,942,1915,1010,905,157,122,35,1584,747,837,2,2,0,172,139,33,74,37,37,5,4,1,43,13,30,1,0,1,25,20,5,70,37,33,5,4,1,42,13,29,1,0,1,22,20,2,4,0,4,0,0,0,1,0,1,0,0,0,3,0,3,1711,853,858
31,91,Khammam,Khammam,19,Bonakal,579839,0000,VILLAGE,Chinna Beeravalli,Rural,370,1354,672,682,125,58,67,553,273,280,1,0,1,695,390,305,659,282,377,775,395,380,654,386,268,94,92,2,508,249,259,1,1,0,51,44,7,121,9,112,0,0,0,117,9,108,1,0,1,3,0,3,121,9,112,0,0,0,117,9,108,1,0,1,3,0,3,0,0,0,0,0,0,0,0,0,0,0,0,0,0,0,579,277,302
31,91,Khammam,Khammam,19,Bonakal,579840,0000,VILLAGE,Rapalli,Rural,282,1043,523,520,114,60,54,291,137,154,0,0,0,577,312,265,466,211,255,541,275,266,535,274,261,36,29,7,471,221,250,4,4,0,24,20,4,6,1,5,0,0,0,3,1,2,3,0,3,0,0,0,6,1,5,0,0,0,3,1,2,3,0,3,0,0,0,0,0,0,0,0,0,0,0,0,0,0,0,0,0,0,502,248,254
31,91,Khammam,Khammam,19,Bonakal,579841,0000,VILLAGE,Brahmanapalle (K),Rural,591,1835,913,922,144,85,59,734,374,360,4,2,2,1045,578,467,790,335,455,966,520,446,955,515,440,172,126,46,734,354,380,0,0,0,49,35,14,11,5,6,1,1,0,9,4,5,0,0,0,1,0,1,8,4,4,1,1,0,6,3,3,0,0,0,1,0,1,3,1,2,0,0,0,3,1,2,0,0,0,0,0,0,869,393,476
31,91,Khammam,Khammam,19,Bonakal,579842,0000,VILLAGE,Kalakota,Rural,1076,3697,1832,1865,376,179,197,1772,883,889,14,7,7,1876,1079,797,1821,753,1068,2040,1081,959,1876,1061,815,155,140,15,1399,748,651,117,17,100,205,156,49,164,20,144,2,1,1,141,8,133,4,1,3,17,10,7,156,15,141,2,1,1,139,8,131,4,1,3,11,5,6,8,5,3,0,0,0,2,0,2,0,0,0,6,5,1,1657,751,906
31,91,Khammam,Khammam,19,Bonakal,579843,0000,VILLAGE,Narayanapuram,Rural,436,1558,766,792,128,56,72,442,220,222,2,1,1,936,516,420,622,250,372,832,473,359,727,442,285,96,79,17,556,305,251,4,4,0,71,54,17,105,31,74,5,0,5,91,27,64,2,1,1,7,3,4,90,23,67,5,0,5,76,19,57,2,1,1,7,3,4,15,8,7,0,0,0,15,8,7,0,0,0,0,0,0,726,293,433
31,91,Khammam,Khammam,19,Bonakal,579844,0000,VILLAGE,Bonakal,Rural,1186,4467,2167,2300,494,263,231,1104,532,572,883,452,431,2466,1340,1126,2001,827,1174,2080,1230,850,2007,1198,809,107,90,17,1406,717,689,15,11,4,479,380,99,73,32,41,1,0,1,33,8,25,2,1,1,37,23,14,64,26,38,1,0,1,29,6,23,2,1,1,32,19,13,9,6,3,0,0,0,4,2,2,0,0,0,5,4,1,2387,937,1450
31,91,Khammam,Khammam,19,Bonakal,579845,0000,VILLAGE,Allapadu,Rural,566,2031,1022,1009,165,95,70,266,141,125,0,0,0,920,526,394,1111,496,615,1199,607,592,1053,557,496,245,164,81,742,344,398,8,5,3,58,44,14,146,50,96,7,4,3,112,26,86,3,1,2,24,19,5,121,31,90,6,3,3,104,21,83,3,1,2,8,6,2,25,19,6,1,1,0,8,5,3,0,0,0,16,13,3,832,415,417
31,91,Khammam,Khammam,19,Bonakal,579846,0000,VILLAGE,Govindhapuram,Rural,224,715,366,349,68,32,36,233,112,121,0,0,0,417,247,170,298,119,179,393,212,181,382,208,174,63,44,19,265,122,143,4,3,1,50,39,11,11,4,7,2,0,2,8,3,5,0,0,0,1,1,0,8,2,6,2,0,2,6,2,4,0,0,0,0,0,0,3,2,1,0,0,0,2,1,1,0,0,0,1,1,0,322,154,168
31,91,Khammam,Khammam,19,Bonakal,579847,0000,VILLAGE,Motamarri,Rural,778,2826,1446,1380,271,134,137,831,413,418,14,6,8,1340,807,533,1486,639,847,1628,856,772,1148,779,369,235,181,54,755,460,295,0,0,0,158,138,20,480,77,403,4,1,3,461,68,393,1,1,0,14,7,7,473,76,397,4,1,3,455,68,387,1,1,0,13,6,7,7,1,6,0,0,0,6,0,6,0,0,0,1,1,0,1198,590,608
31,91,Khammam,Khammam,20,Madhira,579848,0000,VILLAGE,Rompimalla,Rural,256,813,402,411,70,33,37,188,96,92,46,22,24,389,232,157,424,170,254,543,277,266,543,277,266,48,31,17,458,219,239,1,0,1,36,27,9,0,0,0,0,0,0,0,0,0,0,0,0,0,0,0,0,0,0,0,0,0,0,0,0,0,0,0,0,0,0,0,0,0,0,0,0,0,0,0,0,0,0,0,0,0,270,125,145
31,91,Khammam,Khammam,20,Madhira,579849,0000,VILLAGE,Mallaram,Rural,396,1250,630,620,112,65,47,293,150,143,49,26,23,643,337,306,607,293,314,685,367,318,669,358,311,282,164,118,350,166,184,0,0,0,37,28,9,16,9,7,2,1,1,3,1,2,0,0,0,11,7,4,13,7,6,2,1,1,3,1,2,0,0,0,8,5,3,3,2,1,0,0,0,0,0,0,0,0,0,3,2,1,565,263,302
31,91,Khammam,Khammam,20,Madhira,579850,0000,VILLAGE,Jalimudi,Rural,321,1055,548,507,94,57,37,286,156,130,0,0,0,560,313,247,495,235,260,676,361,315,610,357,253,144,140,4,443,200,243,1,1,0,22,16,6,66,4,62,16,0,16,46,1,45,1,0,1,3,3,0,63,4,59,15,0,15,44,1,43,1,0,1,3,3,0,3,0,3,1,0,1,2,0,2,0,0,0,0,0,0,379,187,192
31,91,Khammam,Khammam,20,Madhira,579852,0000,VILLAGE,Siripuram,Rural,1107,3910,1894,2016,331,147,184,1507,721,786,243,120,123,2097,1160,937,1813,734,1079,2226,1162,1064,2215,1156,1059,310,213,97,1710,799,911,20,17,3,175,127,48,11,6,5,1,1,0,4,2,2,0,0,0,6,3,3,11,6,5,1,1,0,4,2,2,0,0,0,6,3,3,0,0,0,0,0,0,0,0,0,0,0,0,0,0,0,1684,732,952
31,91,Khammam,Khammam,20,Madhira,579853,0000,VILLAGE,Vangaveedu,Rural,461,1792,880,912,189,92,97,502,255,247,331,159,172,754,429,325,1038,451,587,1073,532,541,1068,530,538,81,54,27,890,391,499,5,4,1,92,81,11,5,2,3,2,1,1,2,0,2,0,0,0,1,1,0,4,1,3,2,1,1,2,0,2,0,0,0,0,0,0,1,1,0,0,0,0,0,0,0,0,0,0,1,1,0,719,348,371
31,91,Khammam,Khammam,20,Madhira,579854,0000,VILLAGE,Kistapuram,Rural,331,1128,563,565,84,44,40,460,233,227,258,126,132,697,376,321,431,187,244,692,382,310,519,352,167,79,72,7,320,180,140,1,0,1,119,100,19,173,30,143,37,0,37,133,29,104,0,0,0,3,1,2,133,2,131,37,0,37,94,2,92,0,0,0,2,0,2,40,28,12,0,0,0,39,27,12,0,0,0,1,1,0,436,181,255
31,91,Khammam,Khammam,20,Madhira,579855,0000,VILLAGE,Atukuru,Rural,694,2509,1212,1297,288,134,154,628,297,331,170,79,91,1319,743,576,1190,469,721,1349,722,627,1286,697,589,55,45,10,974,432,542,7,1,6,250,219,31,63,25,38,0,0,0,47,14,33,0,0,0,16,11,5,40,16,24,0,0,0,25,6,19,0,0,0,15,10,5,23,9,14,0,0,0,22,8,14,0,0,0,1,1,0,1160,490,670
31,91,Khammam,Khammam,20,Madhira,579856,0000,VILLAGE,Matoor,Rural,1238,4118,2059,2059,397,212,185,882,444,438,0,0,0,2211,1256,955,1907,803,1104,2344,1246,1098,2334,1244,1090,287,215,72,1774,796,978,11,9,2,262,224,38,10,2,8,0,0,0,10,2,8,0,0,0,0,0,0,9,2,7,0,0,0,9,2,7,0,0,0,0,0,0,1,0,1,0,0,0,1,0,1,0,0,0,0,0,0,1774,813,961
31,91,Khammam,Khammam,20,Madhira,579857,0000,VILLAGE,Nagarampahad,Rural,350,1213,602,611,103,46,57,208,111,97,0,0,0,637,363,274,576,239,337,729,365,364,569,346,223,155,101,54,381,216,165,0,0,0,33,29,4,160,19,141,1,1,0,152,14,138,1,1,0,6,3,3,157,19,138,1,1,0,149,14,135,1,1,0,6,3,3,3,0,3,0,0,0,3,0,3,0,0,0,0,0,0,484,237,247
31,91,Khammam,Khammam,20,Madhira,579858,0000,VILLAGE,Siddinigudem,Rural,439,1646,813,833,136,71,65,428,213,215,0,0,0,932,518,414,714,295,419,897,486,411,879,482,397,167,141,26,637,275,362,0,0,0,75,66,9,18,4,14,0,0,0,15,3,12,0,0,0,3,1,2,17,3,14,0,0,0,15,3,12,0,0,0,2,0,2,1,1,0,0,0,0,0,0,0,0,0,0,1,1,0,749,327,422
31,91,Khammam,Khammam,20,Madhira,579859,0000,VILLAGE,Nindanapuram,Rural,580,2034,1016,1018,237,125,112,709,353,356,18,8,10,1041,587,454,993,429,564,1223,627,596,1212,624,588,156,103,53,928,432,496,0,0,0,128,89,39,11,3,8,0,0,0,10,3,7,0,0,0,1,0,1,11,3,8,0,0,0,10,3,7,0,0,0,1,0,1,0,0,0,0,0,0,0,0,0,0,0,0,0,0,0,811,389,422
31,91,Khammam,Khammam,20,Madhira,579860,0000,VILLAGE,Dendukur,Rural,1237,4215,2107,2108,410,211,199,1108,560,548,92,47,45,2340,1300,1040,1875,807,1068,2120,1221,899,2086,1212,874,300,269,31,1522,709,813,6,5,1,258,229,29,34,9,25,5,2,3,24,4,20,1,1,0,4,2,2,31,8,23,5,2,3,21,3,18,1,1,0,4,2,2,3,1,2,0,0,0,3,1,2,0,0,0,0,0,0,2095,886,1209
31,91,Khammam,Khammam,20,Madhira,579861,0000,VILLAGE,Ambarupet,Rural,237,834,405,429,70,37,33,174,87,87,2,0,2,493,281,212,341,124,217,506,255,251,501,252,249,66,62,4,350,151,199,3,3,0,82,36,46,5,3,2,0,0,0,2,1,1,0,0,0,3,2,1,5,3,2,0,0,0,2,1,1,0,0,0,3,2,1,0,0,0,0,0,0,0,0,0,0,0,0,0,0,0,328,150,178
31,91,Khammam,Khammam,20,Madhira,579862,0000,VILLAGE,Didugupadu,Rural,487,1739,880,859,140,65,75,804,415,389,61,33,28,1116,639,477,623,241,382,804,480,324,747,475,272,33,31,2,437,201,236,5,5,0,272,238,34,57,5,52,3,1,2,52,4,48,0,0,0,2,0,2,7,3,4,2,1,1,4,2,2,0,0,0,1,0,1,50,2,48,1,0,1,48,2,46,0,0,0,1,0,1,935,400,535
31,91,Khammam,Khammam,20,Madhira,579863,0000,VILLAGE,Nakkalagaruvu,Rural,177,701,354,347,95,58,37,104,51,53,0,0,0,361,201,160,340,153,187,381,207,174,381,207,174,29,28,1,281,116,165,8,8,0,63,55,8,0,0,0,0,0,0,0,0,0,0,0,0,0,0,0,0,0,0,0,0,0,0,0,0,0,0,0,0,0,0,0,0,0,0,0,0,0,0,0,0,0,0,0,0,0,320,147,173
31,91,Khammam,Khammam,20,Madhira,579864,0000,VILLAGE,Madupalli,Rural,1654,5890,2914,2976,569,291,278,1769,886,883,53,25,28,3401,1932,1469,2489,982,1507,3189,1684,1505,3148,1667,1481,257,185,72,2400,1081,1319,22,19,3,469,382,87,41,17,24,5,3,2,28,10,18,0,0,0,8,4,4,31,14,17,4,2,2,20,8,12,0,0,0,7,4,3,10,3,7,1,1,0,8,2,6,0,0,0,1,0,1,2701,1230,1471
31,91,Khammam,Khammam,20,Madhira,579865,0000,VILLAGE,Rayapatnam,Rural,1414,5119,2558,2561,577,297,280,1999,1023,976,36,15,21,2518,1460,1058,2601,1098,1503,2797,1489,1308,2746,1468,1278,214,152,62,2030,894,1136,10,7,3,492,415,77,51,21,30,2,0,2,38,14,24,1,0,1,10,7,3,34,14,20,1,0,1,22,7,15,1,0,1,10,7,3,17,7,10,1,0,1,16,7,9,0,0,0,0,0,0,2322,1069,1253
31,91,Khammam,Khammam,20,Madhira,579866,0000,VILLAGE,Illendelpahad,Rural,220,730,355,375,66,27,39,398,191,207,0,0,0,425,238,187,305,117,188,355,205,150,349,204,145,27,27,0,238,105,133,0,0,0,84,72,12,6,1,5,0,0,0,5,1,4,0,0,0,1,0,1,2,1,1,0,0,0,2,1,1,0,0,0,0,0,0,4,0,4,0,0,0,3,0,3,0,0,0,1,0,1,375,150,225
31,91,Khammam,Khammam,20,Madhira,579867,0000,VILLAGE,Illur,Rural,351,1197,582,615,97,41,56,584,294,290,0,0,0,620,356,264,577,226,351,718,361,357,692,352,340,39,26,13,633,309,324,0,0,0,20,17,3,26,9,17,2,0,2,22,7,15,0,0,0,2,2,0,25,9,16,2,0,2,21,7,14,0,0,0,2,2,0,1,0,1,0,0,0,1,0,1,0,0,0,0,0,0,479,221,258
31,91,Khammam,Khammam,20,Madhira,579868,0000,VILLAGE,Chilukuru,Rural,328,1176,603,573,140,77,63,341,182,159,0,0,0,486,294,192,690,309,381,729,393,336,724,391,333,30,30,0,625,302,323,4,4,0,65,55,10,5,2,3,0,0,0,4,2,2,0,0,0,1,0,1,4,2,2,0,0,0,3,2,1,0,0,0,1,0,1,1,0,1,0,0,0,1,0,1,0,0,0,0,0,0,447,210,237
31,91,Khammam,Khammam,20,Madhira,579869,0000,VILLAGE,Khammampadu,Rural,594,1997,994,1003,203,99,104,478,241,237,118,54,64,1087,624,463,910,370,540,1123,609,514,934,526,408,201,154,47,634,294,340,9,9,0,90,69,21,189,83,106,0,0,0,187,82,105,0,0,0,2,1,1,80,46,34,0,0,0,78,45,33,0,0,0,2,1,1,109,37,72,0,0,0,109,37,72,0,0,0,0,0,0,874,385,489
31,91,Khammam,Khammam,20,Madhira,579870,0000,VILLAGE,Thundalagopavaram,Rural,96,290,143,147,23,9,14,2,1,1,0,0,0,174,101,73,116,42,74,146,87,59,144,86,58,16,14,2,107,54,53,0,0,0,21,18,3,2,1,1,0,0,0,1,0,1,0,0,0,1,1,0,2,1,1,0,0,0,1,0,1,0,0,0,1,1,0,0,0,0,0,0,0,0,0,0,0,0,0,0,0,0,144,56,88
31,91,Khammam,Khammam,20,Madhira,579871,0000,VILLAGE,Terlapadu,Rural,132,476,230,246,61,31,30,75,36,39,0,0,0,254,147,107,222,83,139,209,120,89,206,118,88,42,40,2,137,59,78,0,0,0,27,19,8,3,2,1,0,0,0,2,1,1,0,0,0,1,1,0,3,2,1,0,0,0,2,1,1,0,0,0,1,1,0,0,0,0,0,0,0,0,0,0,0,0,0,0,0,0,267,110,157
31,91,Khammam,Khammam,21,Yerrupalem,579873,0000,VILLAGE,Gosaveedu,Rural,448,1650,894,756,138,77,61,888,505,383,7,2,5,919,575,344,731,319,412,948,485,463,933,476,457,68,57,11,794,363,431,1,0,1,70,56,14,15,9,6,7,4,3,5,3,2,0,0,0,3,2,1,12,6,6,7,4,3,2,0,2,0,0,0,3,2,1,3,3,0,0,0,0,3,3,0,0,0,0,0,0,0,702,409,293
31,91,Khammam,Khammam,21,Yerrupalem,579874,0000,VILLAGE,Ayyavarigudem,Rural,494,1648,850,798,129,69,60,317,163,154,3,2,1,822,490,332,826,360,466,946,492,454,613,344,269,77,48,29,461,237,224,6,4,2,69,55,14,333,148,185,8,3,5,313,139,174,0,0,0,12,6,6,295,132,163,1,1,0,284,126,158,0,0,0,10,5,5,38,16,22,7,2,5,29,13,16,0,0,0,2,1,1,702,358,344
31,91,Khammam,Khammam,21,Yerrupalem,579875,0000,VILLAGE,Bheemavaram,Rural,764,2623,1313,1310,235,113,122,756,381,375,6,3,3,1369,783,586,1254,530,724,1436,783,653,1121,627,494,188,163,25,757,324,433,12,6,6,164,134,30,315,156,159,1,1,0,308,150,158,0,0,0,6,5,1,315,156,159,1,1,0,308,150,158,0,0,0,6,5,1,0,0,0,0,0,0,0,0,0,0,0,0,0,0,0,1187,530,657
31,91,Khammam,Khammam,21,Yerrupalem,579876,0000,VILLAGE,Guntupalli Gopavaram,Rural,476,1792,896,896,172,80,92,550,278,272,3,2,1,850,479,371,942,417,525,1057,544,513,707,389,318,152,144,8,486,208,278,12,4,8,57,33,24,350,155,195,2,2,0,337,151,186,0,0,0,11,2,9,350,155,195,2,2,0,337,151,186,0,0,0,11,2,9,0,0,0,0,0,0,0,0,0,0,0,0,0,0,0,735,352,383
31,91,Khammam,Khammam,21,Yerrupalem,579877,0000,VILLAGE,Kacharam,Rural,184,622,301,321,63,30,33,52,29,23,5,1,4,313,174,139,309,127,182,407,202,205,407,202,205,0,0,0,401,199,202,0,0,0,6,3,3,0,0,0,0,0,0,0,0,0,0,0,0,0,0,0,0,0,0,0,0,0,0,0,0,0,0,0,0,0,0,0,0,0,0,0,0,0,0,0,0,0,0,0,0,0,215,99,116
31,91,Khammam,Khammam,21,Yerrupalem,579878,0000,VILLAGE,Mamunuru,Rural,1711,6277,3198,3079,600,323,277,1446,748,698,20,11,9,3417,1977,1440,2860,1221,1639,3879,1972,1907,3363,1724,1639,740,425,315,2401,1148,1253,49,20,29,173,131,42,516,248,268,12,5,7,480,222,258,1,1,0,23,20,3,514,247,267,12,5,7,479,222,257,0,0,0,23,20,3,2,1,1,0,0,0,1,0,1,1,1,0,0,0,0,2398,1226,1172
31,91,Khammam,Khammam,21,Yerrupalem,579879,0000,VILLAGE,Inagali,Rural,571,1968,981,987,144,74,70,509,257,252,9,4,5,1090,629,461,878,352,526,1108,609,499,699,485,214,280,229,51,299,153,146,17,12,5,103,91,12,409,124,285,8,6,2,385,104,281,5,3,2,11,11,0,267,109,158,8,6,2,243,89,154,5,3,2,11,11,0,142,15,127,0,0,0,142,15,127,0,0,0,0,0,0,860,372,488
31,91,Khammam,Khammam,21,Yerrupalem,579880,0000,VILLAGE,Mulugumadu,Rural,417,1472,759,713,127,64,63,497,257,240,12,5,7,846,502,344,626,257,369,847,445,402,556,312,244,159,104,55,304,136,168,6,3,3,87,69,18,291,133,158,2,1,1,242,101,141,7,2,5,40,29,11,252,116,136,2,1,1,210,89,121,7,2,5,33,24,9,39,17,22,0,0,0,32,12,20,0,0,0,7,5,2,625,314,311
31,91,Khammam,Khammam,21,Yerrupalem,579881,0000,VILLAGE,Sakhina Veedu,Rural,482,1734,862,872,148,69,79,557,283,274,0,0,0,959,565,394,775,297,478,932,525,407,685,404,281,131,126,5,371,135,236,24,14,10,159,129,30,247,121,126,16,11,5,170,74,96,8,5,3,53,31,22,125,56,69,7,4,3,81,34,47,3,2,1,34,16,18,122,65,57,9,7,2,89,40,49,5,3,2,19,15,4,802,337,465
31,91,Khammam,Khammam,21,Yerrupalem,579882,0000,VILLAGE,Thakkellapadu,Rural,645,2023,994,1029,156,80,76,805,393,412,2,1,1,1144,646,498,879,348,531,1167,618,549,1083,586,497,160,123,37,778,347,431,0,0,0,145,116,29,84,32,52,6,1,5,70,28,42,1,0,1,7,3,4,45,8,37,6,1,5,36,6,30,0,0,0,3,1,2,39,24,15,0,0,0,34,22,12,1,0,1,4,2,2,856,376,480
31,91,Khammam,Khammam,21,Yerrupalem,579883,0000,VILLAGE,Choppakatpapalem,Rural,447,1624,810,814,127,54,73,733,366,367,19,6,13,877,497,380,747,313,434,1024,527,497,989,506,483,37,24,13,911,445,466,7,7,0,34,30,4,35,21,14,3,2,1,30,18,12,0,0,0,2,1,1,17,11,6,2,1,1,14,9,5,0,0,0,1,1,0,18,10,8,1,1,0,16,9,7,0,0,0,1,0,1,600,283,317
31,91,Khammam,Khammam,21,Yerrupalem,579884,0000,VILLAGE,Banigandlapadu,Rural,1010,3715,1855,1860,302,154,148,1150,585,565,30,18,12,2421,1376,1045,1294,479,815,1931,1051,880,1727,942,785,163,121,42,1052,442,610,16,10,6,496,369,127,204,109,95,9,4,5,159,75,84,2,1,1,34,29,5,128,68,60,8,4,4,89,39,50,2,1,1,29,24,5,76,41,35,1,0,1,70,36,34,0,0,0,5,5,0,1784,804,980
31,91,Khammam,Khammam,21,Yerrupalem,579885,0000,VILLAGE,Meenavole,Rural,1018,3536,1749,1787,302,161,141,993,483,510,58,31,27,2068,1148,920,1468,601,867,1850,971,879,1820,954,866,175,95,80,1351,619,732,10,4,6,284,236,48,30,17,13,2,1,1,10,1,9,1,0,1,17,15,2,27,15,12,1,0,1,9,1,8,1,0,1,16,14,2,3,2,1,1,1,0,1,0,1,0,0,0,1,1,0,1686,778,908
31,91,Khammam,Khammam,21,Yerrupalem,579886,0000,VILLAGE,Pegallapadu,Rural,330,1187,610,577,109,57,52,783,412,371,0,0,0,666,411,255,521,199,322,673,348,325,672,348,324,63,39,24,550,264,286,2,2,0,57,43,14,1,0,1,1,0,1,0,0,0,0,0,0,0,0,0,1,0,1,1,0,1,0,0,0,0,0,0,0,0,0,0,0,0,0,0,0,0,0,0,0,0,0,0,0,0,514,262,252
31,91,Khammam,Khammam,21,Yerrupalem,579887,0000,VILLAGE,Pedda Goparam,Rural,768,2690,1333,1357,265,136,129,680,333,347,684,332,352,1468,882,586,1222,451,771,1560,802,758,1486,775,711,219,138,81,1054,461,593,13,8,5,200,168,32,74,27,47,4,1,3,63,21,42,0,0,0,7,5,2,60,21,39,3,0,3,51,17,34,0,0,0,6,4,2,14,6,8,1,1,0,12,4,8,0,0,0,1,1,0,1130,531,599
31,91,Khammam,Khammam,21,Yerrupalem,579888,0000,VILLAGE,Rajulapalem,Rural,696,2463,1258,1205,230,114,116,547,291,256,53,29,24,1342,798,544,1121,460,661,1561,799,762,1197,616,581,205,120,85,895,427,468,12,5,7,85,64,21,364,183,181,3,1,2,344,169,175,3,2,1,14,11,3,364,183,181,3,1,2,344,169,175,3,2,1,14,11,3,0,0,0,0,0,0,0,0,0,0,0,0,0,0,0,902,459,443
31,91,Khammam,Khammam,21,Yerrupalem,579890,0000,VILLAGE,Jamalapuram,Rural,923,2977,1483,1494,284,149,135,534,271,263,669,345,324,1601,901,700,1376,582,794,1687,887,800,1657,873,784,121,99,22,1395,674,721,10,6,4,131,94,37,30,14,16,1,0,1,22,10,12,1,0,1,6,4,2,25,12,13,1,0,1,21,10,11,0,0,0,3,2,1,5,2,3,0,0,0,1,0,1,1,0,1,3,2,1,1290,596,694
31,91,Khammam,Khammam,21,Yerrupalem,579893,0000,VILLAGE,Yerrupalem,Rural,1468,5218,2624,2594,476,240,236,1176,588,588,33,19,14,3296,1890,1406,1922,734,1188,2587,1517,1070,1961,1259,702,136,119,17,1238,662,576,62,46,16,525,432,93,626,258,368,8,4,4,583,236,347,7,2,5,28,16,12,603,250,353,8,4,4,561,228,333,6,2,4,28,16,12,23,8,15,0,0,0,22,8,14,1,0,1,0,0,0,2631,1107,1524
31,91,Khammam,Khammam,21,Yerrupalem,579894,0000,VILLAGE,Kesireddipalle,Rural,33,102,45,57,13,6,7,97,42,55,0,0,0,37,15,22,65,30,35,64,27,37,0,0,0,0,0,0,0,0,0,0,0,0,0,0,0,64,27,37,0,0,0,64,27,37,0,0,0,0,0,0,64,27,37,0,0,0,64,27,37,0,0,0,0,0,0,0,0,0,0,0,0,0,0,0,0,0,0,0,0,0,38,18,20
31,91,Khammam,Khammam,21,Yerrupalem,579895,0000,VILLAGE,Remidicherla,Rural,1301,4281,2144,2137,496,254,242,1025,507,518,72,34,38,2290,1315,975,1991,829,1162,2408,1268,1140,2062,1221,841,328,252,76,1537,805,732,3,2,1,194,162,32,346,47,299,10,2,8,320,42,278,3,0,3,13,3,10,315,37,278,8,1,7,296,34,262,3,0,3,8,2,6,31,10,21,2,1,1,24,8,16,0,0,0,5,1,4,1873,876,997
31,91,Khammam,Khammam,21,Yerrupalem,579896,0000,VILLAGE,Gatla Gowraram,Rural,83,249,119,130,21,8,13,0,0,0,0,0,0,155,79,76,94,40,54,74,71,3,73,70,3,23,23,0,42,42,0,0,0,0,8,5,3,1,1,0,0,0,0,0,0,0,0,0,0,1,1,0,1,1,0,0,0,0,0,0,0,0,0,0,1,1,0,0,0,0,0,0,0,0,0,0,0,0,0,0,0,0,175,48,127
31,92,Kalluru,Khammam,16,Vemsoor,579897,0000,VILLAGE,Adsarlapadu,Rural,1233,4689,2447,2242,420,209,211,1664,872,792,16,8,8,2564,1505,1059,2125,942,1183,2369,1377,992,1449,982,467,367,337,30,748,394,354,23,13,10,311,238,73,920,395,525,13,6,7,825,337,488,5,2,3,77,50,27,899,385,514,12,5,7,808,329,479,4,2,2,75,49,26,21,10,11,1,1,0,17,8,9,1,0,1,2,1,1,2320,1070,1250
31,92,Kalluru,Khammam,16,Vemsoor,579898,0000,VILLAGE,Chowdaram,Rural,535,1923,973,950,194,94,100,313,170,143,616,310,306,994,573,421,929,400,529,1124,597,527,927,551,376,169,133,36,655,340,315,0,0,0,103,78,25,197,46,151,3,1,2,143,42,101,1,0,1,50,3,47,164,22,142,0,0,0,113,19,94,1,0,1,50,3,47,33,24,9,3,1,2,30,23,7,0,0,0,0,0,0,799,376,423
31,92,Kalluru,Khammam,16,Vemsoor,579899,0000,VILLAGE,Pallevada,Rural,379,1255,637,618,110,53,57,449,231,218,54,30,24,694,405,289,561,232,329,607,332,275,606,331,275,27,19,8,519,263,256,0,0,0,60,49,11,1,1,0,0,0,0,0,0,0,0,0,0,1,1,0,1,1,0,0,0,0,0,0,0,0,0,0,1,1,0,0,0,0,0,0,0,0,0,0,0,0,0,0,0,0,648,305,343
31,92,Kalluru,Khammam,16,Vemsoor,579900,0000,VILLAGE,Yerragunta,Rural,175,605,299,306,47,17,30,6,4,2,281,140,141,301,163,138,304,136,168,339,202,137,268,191,77,89,72,17,146,94,52,0,0,0,33,25,8,71,11,60,23,5,18,45,5,40,0,0,0,3,1,2,58,7,51,18,4,14,38,2,36,0,0,0,2,1,1,13,4,9,5,1,4,7,3,4,0,0,0,1,0,1,266,97,169
31,92,Kalluru,Khammam,16,Vemsoor,579901,0000,VILLAGE,Vemsoor,Rural,3768,13485,6817,6668,1237,619,618,3503,1810,1693,220,107,113,8360,4612,3748,5125,2205,2920,6343,3878,2465,5879,3755,2124,1016,915,101,3670,1904,1766,45,43,2,1148,893,255,464,123,341,20,5,15,381,82,299,9,2,7,54,34,20,319,68,251,18,3,15,263,43,220,8,2,6,30,20,10,145,55,90,2,2,0,118,39,79,1,0,1,24,14,10,7142,2939,4203
31,92,Kalluru,Khammam,16,Vemsoor,579902,0000,VILLAGE,Kallurugudem,Rural,541,1907,981,926,172,90,82,277,150,127,20,10,10,1077,624,453,830,357,473,972,560,412,602,400,202,148,131,17,354,187,167,7,5,2,93,77,16,370,160,210,11,4,7,352,151,201,1,1,0,6,4,2,350,145,205,9,3,6,337,140,197,0,0,0,4,2,2,20,15,5,2,1,1,15,11,4,1,1,0,2,2,0,935,421,514
31,92,Kalluru,Khammam,16,Vemsoor,579903,0000,VILLAGE,Guduru,Rural,222,804,395,409,85,42,43,1,0,1,238,117,121,421,221,200,383,174,209,421,237,184,362,221,141,97,93,4,217,93,124,1,1,0,47,34,13,59,16,43,8,3,5,45,10,35,0,0,0,6,3,3,52,15,37,7,3,4,39,9,30,0,0,0,6,3,3,7,1,6,1,0,1,6,1,5,0,0,0,0,0,0,383,158,225
31,92,Kalluru,Khammam,16,Vemsoor,579904,0000,VILLAGE,Kandragatlamallela,Rural,836,3012,1547,1465,253,132,121,595,304,291,382,199,183,1581,887,694,1431,660,771,1571,935,636,1529,916,613,203,185,18,1090,546,544,6,6,0,230,179,51,42,19,23,0,0,0,13,4,9,1,1,0,28,14,14,41,18,23,0,0,0,13,4,9,1,1,0,27,13,14,1,1,0,0,0,0,0,0,0,0,0,0,1,1,0,1441,612,829
31,92,Kalluru,Khammam,16,Vemsoor,579905,0000,VILLAGE,Kunchaparthi,Rural,1116,4010,1986,2024,356,190,166,1184,598,586,150,76,74,2395,1273,1122,1615,713,902,1943,1152,791,1688,1045,643,408,300,108,1062,583,479,36,26,10,182,136,46,255,107,148,11,3,8,235,101,134,3,1,2,6,2,4,232,101,131,11,3,8,214,95,119,1,1,0,6,2,4,23,6,17,0,0,0,21,6,15,2,0,2,0,0,0,2067,834,1233
31,92,Kalluru,Khammam,16,Vemsoor,579906,0000,VILLAGE,Ammapalem,Rural,503,1879,978,901,177,97,80,437,228,209,268,143,125,1172,657,515,707,321,386,1049,562,487,897,554,343,173,168,5,658,337,321,2,2,0,64,47,17,152,8,144,4,0,4,143,4,139,1,1,0,4,3,1,147,7,140,1,0,1,143,4,139,1,1,0,2,2,0,5,1,4,3,0,3,0,0,0,0,0,0,2,1,1,830,416,414
31,92,Kalluru,Khammam,16,Vemsoor,579907,0000,VILLAGE,Vennachedu,Rural,865,3119,1588,1531,276,144,132,948,486,462,49,25,24,1997,1110,887,1122,478,644,1487,876,611,1460,866,594,280,247,33,981,455,526,10,10,0,189,154,35,27,10,17,2,1,1,21,7,14,0,0,0,4,2,2,22,8,14,2,1,1,16,5,11,0,0,0,4,2,2,5,2,3,0,0,0,5,2,3,0,0,0,0,0,0,1632,712,920
31,92,Kalluru,Khammam,16,Vemsoor,579908,0000,VILLAGE,Kandukuru,Rural,1383,5085,2566,2519,398,209,189,2064,1057,1007,16,8,8,2985,1633,1352,2100,933,1167,2612,1489,1123,2346,1422,924,318,281,37,1625,832,793,14,10,4,389,299,90,266,67,199,12,6,6,237,53,184,3,2,1,14,6,8,224,49,175,10,5,5,201,38,163,3,2,1,10,4,6,42,18,24,2,1,1,36,15,21,0,0,0,4,2,2,2473,1077,1396
31,92,Kalluru,Khammam,16,Vemsoor,579909,0000,VILLAGE,Duddipudi,Rural,564,2091,1035,1056,188,90,98,1005,493,512,8,3,5,1373,739,634,718,296,422,1049,609,440,1006,597,409,158,144,14,705,344,361,15,9,6,128,100,28,43,12,31,2,1,1,36,10,26,0,0,0,5,1,4,39,11,28,2,1,1,35,10,25,0,0,0,2,0,2,4,1,3,0,0,0,1,0,1,0,0,0,3,1,2,1042,426,616
31,92,Kalluru,Khammam,16,Vemsoor,579910,0000,VILLAGE,Bharanipadu,Rural,321,1214,620,594,124,61,63,334,172,162,0,0,0,668,366,302,546,254,292,596,356,240,594,355,239,76,74,2,422,200,222,3,2,1,93,79,14,2,1,1,0,0,0,1,0,1,0,0,0,1,1,0,2,1,1,0,0,0,1,0,1,0,0,0,1,1,0,0,0,0,0,0,0,0,0,0,0,0,0,0,0,0,618,264,354
31,91,Khammam,Khammam,10,Khammam_Urban,579684,0001,WARD,Ballepalli,Urban,3375,12530,6267,6263,1327,699,628,2100,1024,1076,1085,537,548,8254,4497,3757,4276,1770,2506,5323,3445,1878,4262,3055,1207,130,113,17,1067,430,637,84,56,28,2981,2456,525,1061,390,671,7,6,1,712,222,490,19,5,14,323,157,166,702,231,471,6,5,1,395,84,311,13,3,10,288,139,149,359,159,200,1,1,0,317,138,179,6,2,4,35,18,17,7207,2822,4385
31,91,Khammam,Khammam,10,Khammam_Urban,579685,0001,WARD,Khanapuram Haveli,Urban,14555,53442,26588,26854,5043,2598,2445,5541,2746,2795,2194,1120,1074,42691,22063,20628,10751,4525,6226,19214,14383,4831,17675,13640,4035,600,571,29,1176,582,594,325,230,95,15574,12257,3317,1539,743,796,34,16,18,398,134,264,92,38,54,1015,555,460,1418,699,719,32,16,16,359,130,229,78,34,44,949,519,430,121,44,77,2,0,2,39,4,35,14,4,10,66,36,30,34228,12205,22023
31,91,Khammam,Khammam,20,Madhira,579872,0001,WARD,Madhira (U),Urban,6048,22716,11095,11621,1907,987,920,5493,2632,2861,976,403,573,16630,8671,7959,6086,2424,3662,8480,5861,2619,7823,5544,2279,207,195,12,2642,1253,1389,61,45,16,4913,4051,862,657,317,340,9,4,5,428,177,251,10,3,7,210,133,77,426,209,217,7,3,4,236,94,142,9,3,6,174,109,65,231,108,123,2,1,1,192,83,109,1,0,1,36,24,12,14236,5234,9002
31,92,Kalluru,Khammam,15,Sathupalle,802936,0001,WARD,Sathupalli (U),Urban,407,1532,724,808,155,78,77,49,22,27,33,14,19,1157,574,583,375,150,225,521,413,108,482,393,89,26,24,2,47,32,15,15,12,3,394,325,69,39,20,19,3,3,0,2,1,1,0,0,0,34,16,18,33,15,18,3,3,0,2,1,1,0,0,0,28,11,17,6,5,1,0,0,0,0,0,0,0,0,0,6,5,1,1011,311,700
31,91,Khammam,Khammam,10,Khammam_Urban,802937,0001,WARD,Khammam,Urban,4077,15032,7535,7497,1605,850,755,1023,503,520,445,222,223,10554,5686,4868,4478,1849,2629,5777,4151,1626,5178,3936,1242,52,47,5,374,185,189,162,101,61,4590,3603,987,599,215,384,3,3,0,230,22,208,34,14,20,332,176,156,538,191,347,3,3,0,215,21,194,28,12,16,292,155,137,61,24,37,0,0,0,15,1,14,6,2,4,40,21,19,9255,3384,5871
31,92,Kalluru,Khammam,15,Sathupalle,802936,0002,WARD,Sathupalli (U),Urban,154,575,295,280,54,31,23,0,0,0,6,2,4,471,248,223,104,47,57,183,164,19,181,164,17,42,38,4,3,1,2,5,5,0,131,120,11,2,0,2,0,0,0,0,0,0,0,0,0,2,0,2,2,0,2,0,0,0,0,0,0,0,0,0,2,0,2,0,0,0,0,0,0,0,0,0,0,0,0,0,0,0,392,131,261
31,91,Khammam,Khammam,10,Khammam_Urban,802937,0002,WARD,Khammam,Urban,2395,8907,4481,4426,749,367,382,239,120,119,85,41,44,7301,3841,3460,1606,640,966,3235,2633,602,3030,2590,440,29,24,5,18,12,6,62,46,16,2921,2508,413,205,43,162,24,6,18,12,0,12,23,0,23,146,37,109,199,40,159,24,6,18,12,0,12,23,0,23,140,34,106,6,3,3,0,0,0,0,0,0,0,0,0,6,3,3,5672,1848,3824
31,92,Kalluru,Khammam,15,Sathupalle,802936,0003,WARD,Sathupalli (U),Urban,316,1186,572,614,123,52,71,46,22,24,28,12,16,872,450,422,314,122,192,413,326,87,411,326,85,10,10,0,60,32,28,6,5,1,335,279,56,2,0,2,0,0,0,0,0,0,0,0,0,2,0,2,2,0,2,0,0,0,0,0,0,0,0,0,2,0,2,0,0,0,0,0,0,0,0,0,0,0,0,0,0,0,773,246,527
31,91,Khammam,Khammam,10,Khammam_Urban,802937,0003,WARD,Khammam,Urban,5524,20769,10215,10554,2215,1147,1068,1808,881,927,398,205,193,14964,7959,7005,5805,2256,3549,8079,5706,2373,7401,5426,1975,27,24,3,149,45,104,106,73,33,7119,5284,1835,678,280,398,5,4,1,85,13,72,16,9,7,572,254,318,655,275,380,5,4,1,80,12,68,16,9,7,554,250,304,23,5,18,0,0,0,5,1,4,0,0,0,18,4,14,12690,4509,8181
31,92,Kalluru,Khammam,15,Sathupalle,802936,0004,WARD,Sathupalli (U),Urban,362,1395,699,696,121,53,68,77,37,40,25,12,13,1086,569,517,309,130,179,479,380,99,468,374,94,25,23,2,115,72,43,8,7,1,320,272,48,11,6,5,0,0,0,3,0,3,0,0,0,8,6,2,8,5,3,0,0,0,2,0,2,0,0,0,6,5,1,3,1,2,0,0,0,1,0,1,0,0,0,2,1,1,916,319,597
31,91,Khammam,Khammam,10,Khammam_Urban,802937,0004,WARD,Khammam,Urban,5767,21741,10758,10983,2285,1189,1096,2576,1277,1299,1578,751,827,14981,8040,6941,6760,2718,4042,8042,5795,2247,7319,5432,1887,48,42,6,492,226,266,123,69,54,6656,5095,1561,723,363,360,6,2,4,52,8,44,51,31,20,614,322,292,676,347,329,6,2,4,41,7,34,48,29,19,581,309,272,47,16,31,0,0,0,11,1,10,3,2,1,33,13,20,13699,4963,8736
31,92,Kalluru,Khammam,15,Sathupalle,802936,0005,WARD,Sathupalli (U),Urban,368,1361,686,675,116,59,57,83,46,37,25,12,13,1144,604,540,217,82,135,498,382,116,475,374,101,19,17,2,26,16,10,10,7,3,420,334,86,23,8,15,0,0,0,4,1,3,0,0,0,19,7,12,22,8,14,0,0,0,4,1,3,0,0,0,18,7,11,1,0,1,0,0,0,0,0,0,0,0,0,1,0,1,863,304,559
31,91,Khammam,Khammam,10,Khammam_Urban,802937,0005,WARD,Khammam,Urban,8211,32553,15833,16720,3408,1777,1631,4609,2121,2488,1708,701,1007,24772,12764,12008,7781,3069,4712,11035,8292,2743,9779,7549,2230,76,67,9,422,212,210,386,258,128,8895,7012,1883,1256,743,513,17,11,6,189,87,102,70,25,45,980,620,360,1096,673,423,17,11,6,184,85,99,53,21,32,842,556,286,160,70,90,0,0,0,5,2,3,17,4,13,138,64,74,21518,7541,13977
31,92,Kalluru,Khammam,15,Sathupalle,802936,0006,WARD,Sathupalli (U),Urban,207,759,379,380,70,31,39,45,21,24,15,8,7,597,323,274,162,56,106,282,215,67,276,213,63,8,8,0,18,10,8,6,4,2,244,191,53,6,2,4,0,0,0,2,1,1,0,0,0,4,1,3,4,2,2,0,0,0,2,1,1,0,0,0,2,1,1,2,0,2,0,0,0,0,0,0,0,0,0,2,0,2,477,164,313
31,91,Khammam,Khammam,10,Khammam_Urban,802937,0006,WARD,Khammam,Urban,1173,4388,2174,2214,426,246,180,373,177,196,77,41,36,3396,1741,1655,992,433,559,1689,1164,525,1473,1078,395,21,21,0,30,11,19,50,34,16,1372,1012,360,216,86,130,4,2,2,3,0,3,11,4,7,198,80,118,195,78,117,4,2,2,1,0,1,7,1,6,183,75,108,21,8,13,0,0,0,2,0,2,4,3,1,15,5,10,2699,1010,1689
31,92,Kalluru,Khammam,15,Sathupalle,802936,0007,WARD,Sathupalli (U),Urban,398,1506,746,760,154,72,82,45,29,16,34,26,8,1233,633,600,273,113,160,570,405,165,542,395,147,9,8,1,84,50,34,14,8,6,435,329,106,28,10,18,1,1,0,4,0,4,0,0,0,23,9,14,26,9,17,1,1,0,3,0,3,0,0,0,22,8,14,2,1,1,0,0,0,1,0,1,0,0,0,1,1,0,936,341,595
31,91,Khammam,Khammam,10,Khammam_Urban,802937,0007,WARD,Khammam,Urban,2237,8353,4130,4223,815,435,380,834,394,440,69,37,32,6382,3394,2988,1971,736,1235,2910,2207,703,2661,2057,604,6,6,0,22,12,10,69,42,27,2564,1997,567,249,150,99,8,5,3,7,1,6,16,10,6,218,134,84,204,125,79,8,5,3,4,1,3,12,8,4,180,111,69,45,25,20,0,0,0,3,0,3,4,2,2,38,23,15,5443,1923,3520
31,92,Kalluru,Khammam,15,Sathupalle,802936,0008,WARD,Sathupalli (U),Urban,280,1032,501,531,89,37,52,49,21,28,32,14,18,754,397,357,278,104,174,387,304,83,346,278,68,26,22,4,32,15,17,11,10,1,277,231,46,41,26,15,0,0,0,9,3,6,0,0,0,32,23,9,36,23,13,0,0,0,9,3,6,0,0,0,27,20,7,5,3,2,0,0,0,0,0,0,0,0,0,5,3,2,645,197,448
31,91,Khammam,Khammam,10,Khammam_Urban,802937,0008,WARD,Khammam,Urban,4341,18380,9107,9273,1942,1006,936,2078,997,1081,235,82,153,13944,7291,6653,4436,1816,2620,6119,4810,1309,5217,4248,969,18,14,4,59,40,19,181,126,55,4959,4068,891,902,562,340,5,3,2,28,16,12,33,14,19,836,529,307,784,482,302,5,3,2,24,14,10,22,7,15,733,458,275,118,80,38,0,0,0,4,2,2,11,7,4,103,71,32,12261,4297,7964
31,92,Kalluru,Khammam,15,Sathupalle,802936,0009,WARD,Sathupalli (U),Urban,204,703,356,347,63,33,30,247,123,124,57,27,30,460,264,196,243,92,151,310,212,98,294,207,87,12,12,0,89,46,43,1,0,1,192,149,43,16,5,11,0,0,0,10,1,9,0,0,0,6,4,2,13,3,10,0,0,0,10,1,9,0,0,0,3,2,1,3,2,1,0,0,0,0,0,0,0,0,0,3,2,1,393,144,249
31,91,Khammam,Khammam,10,Khammam_Urban,802937,0009,WARD,Khammam,Urban,1834,7225,3590,3635,632,327,305,178,85,93,66,31,35,5926,3085,2841,1299,505,794,2557,2000,557,2372,1882,490,11,8,3,15,7,8,68,55,13,2278,1812,466,185,118,67,1,1,0,4,2,2,41,29,12,139,86,53,157,102,55,1,1,0,4,2,2,38,27,11,114,72,42,28,16,12,0,0,0,0,0,0,3,2,1,25,14,11,4668,1590,3078
31,92,Kalluru,Khammam,15,Sathupalle,802936,0010,WARD,Sathupalli (U),Urban,150,572,287,285,39,14,25,45,22,23,13,5,8,461,251,210,111,36,75,190,167,23,190,167,23,48,46,2,10,6,4,1,1,0,131,114,17,0,0,0,0,0,0,0,0,0,0,0,0,0,0,0,0,0,0,0,0,0,0,0,0,0,0,0,0,0,0,0,0,0,0,0,0,0,0,0,0,0,0,0,0,0,382,120,262
31,91,Khammam,Khammam,10,Khammam_Urban,802937,0010,WARD,Khammam,Urban,4300,15943,7865,8078,1454,745,709,889,434,455,612,291,321,13235,6748,6487,2708,1117,1591,5624,4226,1398,5039,3916,1123,64,57,7,84,58,26,46,30,16,4845,3771,1074,585,310,275,8,5,3,22,15,7,22,5,17,533,285,248,573,306,267,8,5,3,22,15,7,20,5,15,523,281,242,12,4,8,0,0,0,0,0,0,2,0,2,10,4,6,10319,3639,6680
31,92,Kalluru,Khammam,15,Sathupalle,802936,0011,WARD,Sathupalli (U),Urban,269,1055,535,520,101,53,48,79,42,37,58,27,31,885,462,423,170,73,97,363,302,61,357,299,58,8,7,1,23,12,11,0,0,0,326,280,46,6,3,3,0,0,0,0,0,0,0,0,0,6,3,3,6,3,3,0,0,0,0,0,0,0,0,0,6,3,3,0,0,0,0,0,0,0,0,0,0,0,0,0,0,0,692,233,459
31,91,Khammam,Khammam,10,Khammam_Urban,802937,0011,WARD,Khammam,Urban,7802,30919,15237,15682,2919,1477,1442,5347,2600,2747,1858,801,1057,23336,12260,11076,7583,2977,4606,10646,7775,2871,9106,7001,2105,133,130,3,201,124,77,255,170,85,8517,6577,1940,1540,774,766,13,9,4,152,41,111,75,19,56,1300,705,595,1239,622,617,13,9,4,112,39,73,57,17,40,1057,557,500,301,152,149,0,0,0,40,2,38,18,2,16,243,148,95,20273,7462,12811
31,91,Khammam,Khammam,04,Khammam_Rural,579664,0012,WARD,Edulapuram,Urban,3162,12073,5973,6100,1352,711,641,1327,635,692,2431,1161,1270,8041,4353,3688,4032,1620,2412,4771,3109,1662,3899,2817,1082,118,95,23,971,489,482,135,62,73,2675,2171,504,872,292,580,4,2,2,426,167,259,105,3,102,337,120,217,688,244,444,4,2,2,402,160,242,102,2,100,180,80,100,184,48,136,0,0,0,24,7,17,3,1,2,157,40,117,7302,2864,4438
31,92,Kalluru,Khammam,15,Sathupalle,802936,0012,WARD,Sathupalli (U),Urban,458,1721,857,864,191,103,88,608,306,302,74,37,37,1308,685,623,413,172,241,751,502,249,508,374,134,8,7,1,90,55,35,1,0,1,409,312,97,243,128,115,0,0,0,198,97,101,0,0,0,45,31,14,242,128,114,0,0,0,197,97,100,0,0,0,45,31,14,1,0,1,0,0,0,1,0,1,0,0,0,0,0,0,970,355,615
31,92,Kalluru,Khammam,15,Sathupalle,802936,0013,WARD,Sathupalli (U),Urban,789,2934,1453,1481,224,117,107,268,128,140,681,328,353,2325,1174,1151,609,279,330,1193,852,341,864,679,185,63,63,0,180,115,65,13,10,3,608,491,117,329,173,156,3,2,1,290,152,138,1,1,0,35,18,17,329,173,156,3,2,1,290,152,138,1,1,0,35,18,17,0,0,0,0,0,0,0,0,0,0,0,0,0,0,0,1741,601,1140
31,92,Kalluru,Khammam,15,Sathupalle,802936,0014,WARD,Sathupalli (U),Urban,380,1469,737,732,189,95,94,411,204,207,71,36,35,900,496,404,569,241,328,680,407,273,503,321,182,6,6,0,49,25,24,9,5,4,439,285,154,177,86,91,1,1,0,152,76,76,2,0,2,22,9,13,114,82,32,1,1,0,90,73,17,2,0,2,21,8,13,63,4,59,0,0,0,62,3,59,0,0,0,1,1,0,789,330,459
31,92,Kalluru,Khammam,15,Sathupalle,802936,0015,WARD,Sathupalli (U),Urban,240,962,463,499,103,52,51,669,319,350,30,14,16,637,328,309,325,135,190,485,271,214,191,123,68,0,0,0,80,43,37,0,0,0,111,80,31,294,148,146,0,0,0,286,144,142,1,0,1,7,4,3,289,146,143,0,0,0,281,142,139,1,0,1,7,4,3,5,2,3,0,0,0,5,2,3,0,0,0,0,0,0,477,192,285
31,92,Kalluru,Khammam,15,Sathupalle,802936,0016,WARD,Sathupalli (U),Urban,679,2565,1266,1299,243,113,130,677,334,343,90,44,46,1865,1001,864,700,265,435,979,723,256,945,712,233,8,4,4,280,178,102,17,13,4,640,517,123,34,11,23,0,0,0,2,1,1,0,0,0,32,10,22,34,11,23,0,0,0,2,1,1,0,0,0,32,10,22,0,0,0,0,0,0,0,0,0,0,0,0,0,0,0,1586,543,1043
31,92,Kalluru,Khammam,15,Sathupalle,802936,0017,WARD,Sathupalli (U),Urban,478,1737,851,886,214,118,96,218,103,115,84,37,47,1116,579,537,621,272,349,688,492,196,642,473,169,0,0,0,83,58,25,24,17,7,535,398,137,46,19,27,0,0,0,8,2,6,4,0,4,34,17,17,42,16,26,0,0,0,5,0,5,4,0,4,33,16,17,4,3,1,0,0,0,3,2,1,0,0,0,1,1,0,1049,359,690
31,92,Kalluru,Khammam,15,Sathupalle,802936,0018,WARD,Sathupalli (U),Urban,182,615,312,303,67,31,36,125,56,69,73,41,32,469,258,211,146,54,92,211,164,47,208,162,46,0,0,0,2,2,0,0,0,0,206,160,46,3,2,1,0,0,0,0,0,0,0,0,0,3,2,1,3,2,1,0,0,0,0,0,0,0,0,0,3,2,1,0,0,0,0,0,0,0,0,0,0,0,0,0,0,0,404,148,256
31,92,Kalluru,Khammam,15,Sathupalle,802936,0019,WARD,Sathupalli (U),Urban,302,1204,596,608,143,73,70,255,118,137,285,140,145,601,321,280,603,275,328,547,344,203,358,293,65,7,7,0,148,110,38,1,1,0,202,175,27,189,51,138,0,0,0,101,22,79,0,0,0,88,29,59,155,42,113,0,0,0,79,16,63,0,0,0,76,26,50,34,9,25,0,0,0,22,6,16,0,0,0,12,3,9,657,252,405
31,92,Kalluru,Khammam,15,Sathupalle,802936,0020,WARD,Sathupalli (U),Urban,281,1101,537,564,124,60,64,246,128,118,72,31,41,724,390,334,377,147,230,460,326,134,437,316,121,1,1,0,235,138,97,90,76,14,111,101,10,23,10,13,0,0,0,4,3,1,10,3,7,9,4,5,21,9,12,0,0,0,4,3,1,10,3,7,7,3,4,2,1,1,0,0,0,0,0,0,0,0,0,2,1,1,641,211,430
31,92,Kalluru,Khammam,15,Sathupalle,802936,0021,WARD,Sathupalli (U),Urban,325,1292,633,659,157,81,76,46,21,25,28,15,13,856,451,405,436,182,254,560,362,198,124,109,15,3,3,0,22,20,2,2,2,0,97,84,13,436,253,183,3,1,2,133,45,88,4,2,2,296,205,91,399,237,162,3,1,2,115,37,78,4,2,2,277,197,80,37,16,21,0,0,0,18,8,10,0,0,0,19,8,11,732,271,461
31,92,Kalluru,Khammam,15,Sathupalle,802936,0022,WARD,Sathupalli (U),Urban,528,1870,928,942,150,65,85,225,115,110,31,12,19,1599,819,780,271,109,162,614,505,109,566,474,92,23,23,0,11,11,0,4,3,1,528,437,91,48,31,17,2,2,0,12,8,4,5,4,1,29,17,12,47,31,16,2,2,0,12,8,4,4,4,0,29,17,12,1,0,1,0,0,0,0,0,0,1,0,1,0,0,0,1256,423,833
31,92,Kalluru,Khammam,15,Sathupalle,802936,0023,WARD,Sathupalli (U),Urban,405,1539,775,764,128,71,57,190,90,100,75,38,37,1222,640,582,317,135,182,510,409,101,501,401,100,19,14,5,76,56,20,3,2,1,403,329,74,9,8,1,0,0,0,1,1,0,3,3,0,5,4,1,8,7,1,0,0,0,0,0,0,3,3,0,5,4,1,1,1,0,0,0,0,1,1,0,0,0,0,0,0,0,1029,366,663
31,92,Kalluru,Khammam,15,Sathupalle,802936,0024,WARD,Sathupalli (U),Urban,316,1172,588,584,127,55,72,62,30,32,76,37,39,909,490,419,263,98,165,410,332,78,359,310,49,20,19,1,36,29,7,27,21,6,276,241,35,51,22,29,1,1,0,7,4,3,17,4,13,26,13,13,42,17,25,1,1,0,6,3,3,14,2,12,21,11,10,9,5,4,0,0,0,1,1,0,3,2,1,5,2,3,762,256,506