DISTRICT_CODE,DIVISION_CODE,DIVISION_NAME,Name_District,Mandal_Code,Name_Mandal,Village_Code,Ward,Level1,VName,TRU,No_HH,TOT_P,TOT_M,TOT_F,P_06,M_06,F_06,P_SC,M_SC,F_SC,P_ST,M_ST,F_ST,P_LIT,M_LIT,F_LIT,P_ILL,M_ILL,F_ILL,TOT_WORK_P,TOT_WORK_M,TOT_WORK_F,MAINWORK_P,MAINWORK_M,MAINWORK_F,MAIN_CL_P,MAIN_CL_M,MAIN_CL_F,MAIN_AL_P,MAIN_AL_M,MAIN_AL_F,MAIN_HH_P,MAIN_HH_M,MAIN_HH_F,MAIN_OT_P,MAIN_OT_M,MAIN_OT_F,MARGWORK_P,MARGWORK_M,MARGWORK_F,MARG_CL_P,MARG_CL_M,MARG_CL_F,MARG_AL_P,MARG_AL_M,MARG_AL_F,MARG_HH_P,MARG_HH_M,MARG_HH_F,MARG_OT_P,MARG_OT_M,MARG_OT_F,MARGWORK_3_6_P,MARGWORK_3_6_M,MARGWORK_3_6_F,MARG_CL_3_6_P,MARG_CL_3_6_M,MARG_CL_3_6_F,MARG_AL_3_6_P,MARG_AL_3_6_M,MARG_AL_3_6_F,MARG_HH_3_6_P,MARG_HH_3_6_M,MARG_HH_3_6_F,MARG_OT_3_6_P,MARG_OT_3_6_M,MARG_OT_3_6_F,MARGWORK_0_3_P,MARGWORK_0_3_M,MARGWORK_0_3_F,MARG_CL_0_3_P,MARG_CL_0_3_M,MARG_CL_0_3_F,MARG_AL_0_3_P,MARG_AL_0_3_M,MARG_AL_0_3_F,MARG_HH_0_3_P,MARG_HH_0_3_M,MARG_HH_0_3_F,MARG_OT_0_3_P,MARG_OT_0_3_M,MARG_OT_0_3_F,NON_WORK_P,NON_WORK_M,NON_WORK_F
02,91,Asifabad,Kumuram Bheem,07,Kerameri,569257,0000,VILLAGE,Lakampur,Rural,69,329,169,160,56,28,28,5,3,2,324,166,158,141,93,48,188,76,112,185,94,91,14,13,1,0,0,0,4,4,0,2,2,0,8,7,1,171,81,90,79,47,32,57,27,30,31,5,26,4,2,2,170,81,89,79,47,32,56,27,29,31,5,26,4,2,2,1,0,1,0,0,0,1,0,1,0,0,0,0,0,0,144,75,69
02,91,Asifabad,Kumuram Bheem,07,Kerameri,569258,0000,VILLAGE,Kotha,Rural,88,365,194,171,67,30,37,364,194,170,0,0,0,191,119,72,174,75,99,214,113,101,81,79,2,77,76,1,3,2,1,0,0,0,1,1,0,133,34,99,1,1,0,131,33,98,0,0,0,1,0,1,133,34,99,1,1,0,131,33,98,0,0,0,1,0,1,0,0,0,0,0,0,0,0,0,0,0,0,0,0,0,151,81,70
02,91,Asifabad,Kumuram Bheem,07,Kerameri,569259,0000,VILLAGE,Parandol,Rural,378,1627,849,778,209,108,101,909,471,438,553,277,276,878,539,339,749,310,439,856,431,425,756,383,373,436,246,190,295,126,169,5,2,3,20,9,11,100,48,52,12,6,6,82,39,43,1,0,1,5,3,2,88,41,47,8,4,4,75,34,41,1,0,1,4,3,1,12,7,5,4,2,2,7,5,2,0,0,0,1,0,1,771,418,353
02,91,Asifabad,Kumuram Bheem,07,Kerameri,569260,0000,VILLAGE,Karanjiwada,Rural,152,769,378,391,112,66,46,29,15,14,716,351,365,307,168,139,462,210,252,413,203,210,28,14,14,3,1,2,11,4,7,2,1,1,12,8,4,385,189,196,358,178,180,10,4,6,3,0,3,14,7,7,381,187,194,358,178,180,6,2,4,3,0,3,14,7,7,4,2,2,0,0,0,4,2,2,0,0,0,0,0,0,356,175,181
02,91,Asifabad,Kumuram Bheem,07,Kerameri,569261,0000,VILLAGE,Anthapur,Rural,144,684,350,334,120,65,55,4,2,2,630,319,311,110,69,41,574,281,293,334,187,147,274,158,116,250,147,103,7,3,4,0,0,0,17,8,9,60,29,31,52,27,25,5,2,3,0,0,0,3,0,3,55,26,29,49,25,24,3,1,2,0,0,0,3,0,3,5,3,2,3,2,1,2,1,1,0,0,0,0,0,0,350,163,187
02,91,Asifabad,Kumuram Bheem,07,Kerameri,569262,0000,VILLAGE,Isapur,Rural,107,428,218,210,66,35,31,200,102,98,201,100,101,221,124,97,207,94,113,267,136,131,263,135,128,51,48,3,207,84,123,0,0,0,5,3,2,4,1,3,0,0,0,1,1,0,0,0,0,3,0,3,3,1,2,0,0,0,1,1,0,0,0,0,2,0,2,1,0,1,0,0,0,0,0,0,0,0,0,1,0,1,161,82,79
02,91,Asifabad,Kumuram Bheem,07,Kerameri,569263,0000,VILLAGE,Gowri,Rural,162,759,383,376,137,60,77,620,315,305,93,43,50,404,243,161,355,140,215,414,216,198,411,215,196,169,161,8,231,47,184,0,0,0,11,7,4,3,1,2,1,1,0,2,0,2,0,0,0,0,0,0,3,1,2,1,1,0,2,0,2,0,0,0,0,0,0,0,0,0,0,0,0,0,0,0,0,0,0,0,0,0,345,167,178
02,91,Asifabad,Kumuram Bheem,07,Kerameri,569266,0000,VILLAGE,Devadpalle,Rural,69,271,143,128,53,35,18,241,132,109,30,11,19,115,66,49,156,77,79,119,70,49,63,58,5,34,33,1,16,13,3,0,0,0,13,12,1,56,12,44,9,1,8,47,11,36,0,0,0,0,0,0,40,12,28,6,1,5,34,11,23,0,0,0,0,0,0,16,0,16,3,0,3,13,0,13,0,0,0,0,0,0,152,73,79
02,91,Asifabad,Kumuram Bheem,07,Kerameri,569267,0000,VILLAGE,Agarwada,Rural,41,219,100,119,47,20,27,0,0,0,114,50,64,35,24,11,184,76,108,135,63,72,134,63,71,105,52,53,0,0,0,2,1,1,27,10,17,1,0,1,0,0,0,0,0,0,1,0,1,0,0,0,1,0,1,0,0,0,0,0,0,1,0,1,0,0,0,0,0,0,0,0,0,0,0,0,0,0,0,0,0,0,84,37,47
02,91,Asifabad,Kumuram Bheem,07,Kerameri,569268,0000,VILLAGE,Kali Buzurg(Pedda Keli),Rural,194,881,445,436,120,56,64,22,10,12,146,64,82,380,244,136,501,201,300,562,277,285,475,249,226,305,182,123,137,46,91,1,0,1,32,21,11,87,28,59,49,14,35,28,10,18,0,0,0,10,4,6,73,23,50,42,12,30,24,7,17,0,0,0,7,4,3,14,5,9,7,2,5,4,3,1,0,0,0,3,0,3,319,168,151
02,91,Asifabad,Kumuram Bheem,07,Kerameri,569269,0000,VILLAGE,Sangvi,Rural,206,976,477,499,128,63,65,5,2,3,334,162,172,371,249,122,605,228,377,635,293,342,611,286,325,210,168,42,361,101,260,7,0,7,33,17,16,24,7,17,2,0,2,12,3,9,5,1,4,5,3,2,19,6,13,1,0,1,12,3,9,2,1,1,4,2,2,5,1,4,1,0,1,0,0,0,3,0,3,1,1,0,341,184,157
02,91,Asifabad,Kumuram Bheem,07,Kerameri,569270,0000,VILLAGE,Kali Khurd,Rural,90,417,216,201,83,42,41,49,24,25,0,0,0,190,121,69,227,95,132,186,111,75,179,109,70,119,81,38,4,2,2,0,0,0,56,26,30,7,2,5,0,0,0,2,1,1,0,0,0,5,1,4,7,2,5,0,0,0,2,1,1,0,0,0,5,1,4,0,0,0,0,0,0,0,0,0,0,0,0,0,0,0,231,105,126
02,91,Asifabad,Kumuram Bheem,07,Kerameri,569271,0000,VILLAGE,Bholepathur,Rural,117,403,215,188,65,31,34,50,24,26,88,44,44,231,149,82,172,66,106,249,126,123,246,125,121,5,4,1,238,121,117,1,0,1,2,0,2,3,1,2,0,0,0,2,1,1,1,0,1,0,0,0,3,1,2,0,0,0,2,1,1,1,0,1,0,0,0,0,0,0,0,0,0,0,0,0,0,0,0,0,0,0,154,89,65
02,91,Asifabad,Kumuram Bheem,07,Kerameri,569272,0000,VILLAGE,Sankaraguda,Rural,141,566,269,297,119,52,67,0,0,0,552,260,292,152,94,58,414,175,239,273,132,141,270,131,139,233,115,118,31,13,18,1,0,1,5,3,2,3,1,2,1,0,1,1,0,1,0,0,0,1,1,0,3,1,2,1,0,1,1,0,1,0,0,0,1,1,0,0,0,0,0,0,0,0,0,0,0,0,0,0,0,0,293,137,156
02,91,Asifabad,Kumuram Bheem,07,Kerameri,569273,0000,VILLAGE,Paraswada,Rural,37,177,84,93,23,9,14,0,0,0,163,77,86,55,32,23,122,52,70,112,57,55,104,50,54,52,39,13,46,8,38,0,0,0,6,3,3,8,7,1,0,0,0,0,0,0,0,0,0,8,7,1,7,6,1,0,0,0,0,0,0,0,0,0,7,6,1,1,1,0,0,0,0,0,0,0,0,0,0,1,1,0,65,27,38
02,91,Asifabad,Kumuram Bheem,07,Kerameri,569274,0000,VILLAGE,Anarpalle,Rural,175,724,373,351,115,59,56,14,9,5,697,355,342,399,235,164,325,138,187,309,176,133,220,125,95,175,89,86,7,2,5,3,2,1,35,32,3,89,51,38,64,36,28,18,12,6,1,1,0,6,2,4,89,51,38,64,36,28,18,12,6,1,1,0,6,2,4,0,0,0,0,0,0,0,0,0,0,0,0,0,0,0,415,197,218
02,91,Asifabad,Kumuram Bheem,07,Kerameri,569275,0000,VILLAGE,Devapur,Rural,276,1262,662,600,180,98,82,70,36,34,998,525,473,544,319,225,718,343,375,615,318,297,481,268,213,385,212,173,67,37,30,1,0,1,28,19,9,134,50,84,74,33,41,50,11,39,0,0,0,10,6,4,132,49,83,73,32,41,50,11,39,0,0,0,9,6,3,2,1,1,1,1,0,0,0,0,0,0,0,1,0,1,647,344,303
02,91,Asifabad,Kumuram Bheem,07,Kerameri,569276,0000,VILLAGE,Kerameri,Rural,1177,5975,3043,2932,883,450,433,390,205,185,969,496,473,3043,1804,1239,2932,1239,1693,2895,1510,1385,2148,1248,900,563,396,167,826,382,444,240,39,201,519,431,88,747,262,485,121,61,60,348,112,236,48,15,33,230,74,156,671,227,444,107,56,51,313,96,217,45,14,31,206,61,145,76,35,41,14,5,9,35,16,19,3,1,2,24,13,11,3080,1533,1547
02,91,Asifabad,Kumuram Bheem,07,Kerameri,569277,0000,VILLAGE,Sakada,Rural,104,532,252,280,93,48,45,1,1,0,524,248,276,196,118,78,336,134,202,327,159,168,322,155,167,299,146,153,7,2,5,1,1,0,15,6,9,5,4,1,0,0,0,0,0,0,0,0,0,5,4,1,5,4,1,0,0,0,0,0,0,0,0,0,5,4,1,0,0,0,0,0,0,0,0,0,0,0,0,0,0,0,205,93,112
02,91,Asifabad,Kumuram Bheem,07,Kerameri,569278,0000,VILLAGE,Modi,Rural,198,822,415,407,108,59,49,22,9,13,205,90,115,399,236,163,423,179,244,473,234,239,323,202,121,145,137,8,35,21,14,106,13,93,37,31,6,150,32,118,5,4,1,20,8,12,103,5,98,22,15,7,144,32,112,5,4,1,20,8,12,97,5,92,22,15,7,6,0,6,0,0,0,0,0,0,6,0,6,0,0,0,349,181,168
02,91,Asifabad,Kumuram Bheem,07,Kerameri,569279,0000,VILLAGE,Khairi,Rural,135,618,296,322,90,51,39,20,9,11,50,20,30,88,65,23,530,231,299,362,170,192,194,94,100,57,30,27,117,55,62,5,3,2,15,6,9,168,76,92,136,66,70,11,3,8,2,1,1,19,6,13,166,76,90,136,66,70,10,3,7,2,1,1,18,6,12,2,0,2,0,0,0,1,0,1,0,0,0,1,0,1,256,126,130
02,91,Asifabad,Kumuram Bheem,07,Kerameri,569280,0000,VILLAGE,Surdapur,Rural,325,1560,795,765,166,85,81,0,0,0,513,251,262,666,399,267,894,396,498,865,453,412,829,436,393,662,339,323,101,50,51,3,3,0,63,44,19,36,17,19,5,3,2,19,9,10,0,0,0,12,5,7,36,17,19,5,3,2,19,9,10,0,0,0,12,5,7,0,0,0,0,0,0,0,0,0,0,0,0,0,0,0,695,342,353
02,91,Asifabad,Kumuram Bheem,07,Kerameri,569281,0000,VILLAGE,Swarkheda,Rural,214,1028,570,458,141,75,66,0,0,0,231,148,83,525,349,176,503,221,282,564,287,277,546,277,269,506,259,247,7,1,6,14,5,9,19,12,7,18,10,8,9,5,4,0,0,0,4,2,2,5,3,2,13,8,5,8,5,3,0,0,0,2,1,1,3,2,1,5,2,3,1,0,1,0,0,0,2,1,1,2,1,1,464,283,181
02,91,Asifabad,Kumuram Bheem,07,Kerameri,569282,0000,VILLAGE,Indapur,Rural,326,1449,715,734,258,121,137,200,103,97,584,287,297,434,264,170,1015,451,564,856,463,393,559,382,177,453,335,118,68,18,50,6,3,3,32,26,6,297,81,216,7,2,5,283,72,211,1,1,0,6,6,0,288,75,213,6,1,5,277,69,208,0,0,0,5,5,0,9,6,3,1,1,0,6,3,3,1,1,0,1,1,0,593,252,341
02,91,Asifabad,Kumuram Bheem,07,Kerameri,569283,0000,VILLAGE,Nishani,Rural,207,847,416,431,107,55,52,3,2,1,310,181,129,428,251,177,419,165,254,465,214,251,219,171,48,178,146,32,15,9,6,4,3,1,22,13,9,246,43,203,7,3,4,222,36,186,3,0,3,14,4,10,245,43,202,7,3,4,221,36,185,3,0,3,14,4,10,1,0,1,0,0,0,1,0,1,0,0,0,0,0,0,382,202,180
02,91,Asifabad,Kumuram Bheem,07,Kerameri,569284,0000,VILLAGE,Kothari,Rural,292,1403,697,706,207,114,93,135,63,72,753,373,380,530,310,220,873,387,486,712,377,335,708,374,334,472,296,176,230,74,156,0,0,0,6,4,2,4,3,1,0,0,0,4,3,1,0,0,0,0,0,0,2,1,1,0,0,0,2,1,1,0,0,0,0,0,0,2,2,0,0,0,0,2,2,0,0,0,0,0,0,0,691,320,371
02,91,Asifabad,Kumuram Bheem,07,Kerameri,569285,0000,VILLAGE,Pipri,Rural,47,208,105,103,49,28,21,0,0,0,206,104,102,9,4,5,199,101,98,148,71,77,145,69,76,36,16,20,108,52,56,0,0,0,1,1,0,3,2,1,0,0,0,3,2,1,0,0,0,0,0,0,3,2,1,0,0,0,3,2,1,0,0,0,0,0,0,0,0,0,0,0,0,0,0,0,0,0,0,0,0,0,60,34,26
02,91,Asifabad,Kumuram Bheem,07,Kerameri,569286,0000,VILLAGE,Goyagaon,Rural,166,810,408,402,94,49,45,77,41,36,29,10,19,464,275,189,346,133,213,442,217,225,418,211,207,113,99,14,210,60,150,27,7,20,68,45,23,24,6,18,2,1,1,12,2,10,7,1,6,3,2,1,23,5,18,2,1,1,12,2,10,6,0,6,3,2,1,1,1,0,0,0,0,0,0,0,1,1,0,0,0,0,368,191,177
02,91,Asifabad,Kumuram Bheem,07,Kerameri,569287,0000,VILLAGE,Bheemangondi,Rural,60,259,117,142,34,14,20,0,0,0,259,117,142,80,47,33,179,70,109,181,84,97,171,79,92,113,55,58,51,21,30,3,1,2,4,2,2,10,5,5,0,0,0,4,2,2,0,0,0,6,3,3,10,5,5,0,0,0,4,2,2,0,0,0,6,3,3,0,0,0,0,0,0,0,0,0,0,0,0,0,0,0,78,33,45
02,91,Asifabad,Kumuram Bheem,07,Kerameri,569288,0000,VILLAGE,Dhanora,Rural,152,625,294,331,132,57,75,3,1,2,401,184,217,256,146,110,369,148,221,255,160,95,255,160,95,179,112,67,58,33,25,0,0,0,18,15,3,0,0,0,0,0,0,0,0,0,0,0,0,0,0,0,0,0,0,0,0,0,0,0,0,0,0,0,0,0,0,0,0,0,0,0,0,0,0,0,0,0,0,0,0,0,370,134,236
02,91,Asifabad,Kumuram Bheem,07,Kerameri,569289,0000,VILLAGE,Narsapur,Rural,11,48,28,20,5,2,3,0,0,0,35,21,14,7,6,1,41,22,19,32,16,16,14,13,1,13,13,0,1,0,1,0,0,0,0,0,0,18,3,15,4,2,2,14,1,13,0,0,0,0,0,0,18,3,15,4,2,2,14,1,13,0,0,0,0,0,0,0,0,0,0,0,0,0,0,0,0,0,0,0,0,0,16,12,4
02,91,Asifabad,Kumuram Bheem,07,Kerameri,569290,0000,VILLAGE,Parda,Rural,57,244,121,123,41,20,21,0,0,0,243,121,122,100,59,41,144,62,82,141,71,70,136,69,67,124,62,62,7,5,2,0,0,0,5,2,3,5,2,3,0,0,0,2,1,1,0,0,0,3,1,2,5,2,3,0,0,0,2,1,1,0,0,0,3,1,2,0,0,0,0,0,0,0,0,0,0,0,0,0,0,0,103,50,53
02,91,Asifabad,Kumuram Bheem,07,Kerameri,569291,0000,VILLAGE,Jhari,Rural,216,1001,476,525,151,73,78,24,13,11,467,222,245,503,282,221,498,194,304,502,261,241,433,228,205,302,158,144,78,37,41,5,2,3,48,31,17,69,33,36,18,14,4,24,6,18,0,0,0,27,13,14,69,33,36,18,14,4,24,6,18,0,0,0,27,13,14,0,0,0,0,0,0,0,0,0,0,0,0,0,0,0,499,215,284
02,91,Asifabad,Kumuram Bheem,07,Kerameri,569292,0000,VILLAGE,Hatti,Rural,27,109,53,56,14,7,7,0,0,0,99,48,51,44,26,18,65,27,38,76,39,37,68,35,33,59,30,29,2,1,1,0,0,0,7,4,3,8,4,4,3,1,2,1,0,1,0,0,0,4,3,1,8,4,4,3,1,2,1,0,1,0,0,0,4,3,1,0,0,0,0,0,0,0,0,0,0,0,0,0,0,0,33,14,19
02,91,Asifabad,Kumuram Bheem,07,Kerameri,569293,0000,VILLAGE,Mettapipri,Rural,61,339,173,166,47,26,21,0,0,0,332,170,162,151,94,57,188,79,109,194,101,93,187,99,88,176,95,81,8,3,5,0,0,0,3,1,2,7,2,5,4,0,4,0,0,0,0,0,0,3,2,1,7,2,5,4,0,4,0,0,0,0,0,0,3,2,1,0,0,0,0,0,0,0,0,0,0,0,0,0,0,0,145,72,73
02,91,Asifabad,Kumuram Bheem,07,Kerameri,569294,0000,VILLAGE,Chintakarra,Rural,58,246,123,123,45,21,24,0,0,0,238,122,116,109,65,44,137,58,79,120,61,59,120,61,59,54,53,1,64,7,57,0,0,0,2,1,1,0,0,0,0,0,0,0,0,0,0,0,0,0,0,0,0,0,0,0,0,0,0,0,0,0,0,0,0,0,0,0,0,0,0,0,0,0,0,0,0,0,0,0,0,0,126,62,64
02,91,Asifabad,Kumuram Bheem,07,Kerameri,569295,0000,VILLAGE,Tukyan Movad,Rural,40,166,81,85,35,14,21,0,0,0,139,64,75,33,23,10,133,58,75,85,49,36,71,43,28,55,38,17,2,1,1,2,1,1,12,3,9,14,6,8,7,3,4,1,0,1,0,0,0,6,3,3,13,5,8,7,3,4,1,0,1,0,0,0,5,2,3,1,1,0,0,0,0,0,0,0,0,0,0,1,1,0,81,32,49
02,91,Asifabad,Kumuram Bheem,07,Kerameri,569296,0000,VILLAGE,Chalbordi,Rural,83,422,197,225,86,49,37,0,0,0,419,195,224,137,64,73,285,133,152,141,87,54,126,79,47,97,68,29,11,4,7,4,2,2,14,5,9,15,8,7,4,3,1,3,0,3,0,0,0,8,5,3,15,8,7,4,3,1,3,0,3,0,0,0,8,5,3,0,0,0,0,0,0,0,0,0,0,0,0,0,0,0,281,110,171
02,91,Asifabad,Kumuram Bheem,07,Kerameri,569297,0000,VILLAGE,Patnapur,Rural,83,336,150,186,55,22,33,0,0,0,331,146,185,84,47,37,252,103,149,160,73,87,152,70,82,140,67,73,5,3,2,1,0,1,6,0,6,8,3,5,1,0,1,0,0,0,0,0,0,7,3,4,7,3,4,1,0,1,0,0,0,0,0,0,6,3,3,1,0,1,0,0,0,0,0,0,0,0,0,1,0,1,176,77,99
02,91,Asifabad,Kumuram Bheem,07,Kerameri,569298,0000,VILLAGE,Babejheri,Rural,49,248,122,126,59,28,31,0,0,0,246,122,124,38,19,19,210,103,107,78,55,23,72,54,18,58,50,8,3,0,3,2,1,1,9,3,6,6,1,5,1,0,1,3,0,3,0,0,0,2,1,1,5,1,4,1,0,1,2,0,2,0,0,0,2,1,1,1,0,1,0,0,0,1,0,1,0,0,0,0,0,0,170,67,103
02,91,Asifabad,Kumuram Bheem,07,Kerameri,569299,0000,VILLAGE,Murikilanka,Rural,34,145,69,76,24,13,11,0,0,0,145,69,76,12,8,4,133,61,72,75,38,37,37,31,6,30,28,2,3,0,3,0,0,0,4,3,1,38,7,31,2,2,0,33,3,30,0,0,0,3,2,1,36,5,31,1,1,0,33,3,30,0,0,0,2,1,1,2,2,0,1,1,0,0,0,0,0,0,0,1,1,0,70,31,39
02,91,Asifabad,Kumuram Bheem,07,Kerameri,569301,0000,VILLAGE,Kallegaon,Rural,53,239,125,114,25,14,11,0,0,0,238,125,113,22,15,7,217,110,107,161,83,78,57,54,3,56,53,3,0,0,0,0,0,0,1,1,0,104,29,75,3,3,0,94,23,71,6,3,3,1,0,1,104,29,75,3,3,0,94,23,71,6,3,3,1,0,1,0,0,0,0,0,0,0,0,0,0,0,0,0,0,0,78,42,36
02,91,Asifabad,Kumuram Bheem,07,Kerameri,569302,0000,VILLAGE,Jodaghat,Rural,43,188,100,88,39,24,15,0,0,0,188,100,88,41,26,15,147,74,73,109,58,51,43,41,2,43,41,2,0,0,0,0,0,0,0,0,0,66,17,49,0,0,0,65,16,49,1,1,0,0,0,0,65,16,49,0,0,0,65,16,49,0,0,0,0,0,0,1,1,0,0,0,0,0,0,0,1,1,0,0,0,0,79,42,37
02,91,Asifabad,Kumuram Bheem,08,Wankdi,569303,0000,VILLAGE,Dhaba,Rural,73,343,173,170,71,37,34,0,0,0,227,115,112,74,42,32,269,131,138,237,127,110,74,72,2,72,71,1,1,0,1,0,0,0,1,1,0,163,55,108,2,0,2,49,27,22,57,26,31,55,2,53,148,47,101,2,0,2,49,27,22,42,18,24,55,2,53,15,8,7,0,0,0,0,0,0,15,8,7,0,0,0,106,46,60
02,91,Asifabad,Kumuram Bheem,08,Wankdi,569304,0000,VILLAGE,Sawathi,Rural,405,1854,958,896,291,152,139,114,63,51,1252,641,611,493,319,174,1361,639,722,1353,691,662,530,469,61,364,357,7,34,26,8,16,13,3,116,73,43,823,222,601,44,24,20,111,50,61,239,56,183,429,92,337,578,152,426,30,19,11,81,44,37,100,24,76,367,65,302,245,70,175,14,5,9,30,6,24,139,32,107,62,27,35,501,267,234
02,91,Asifabad,Kumuram Bheem,08,Wankdi,569305,0000,VILLAGE,Goagaon,Rural,93,440,219,221,60,26,34,0,0,0,425,211,214,194,115,79,246,104,142,262,129,133,260,127,133,224,110,114,16,7,9,3,0,3,17,10,7,2,2,0,1,1,0,0,0,0,0,0,0,1,1,0,2,2,0,1,1,0,0,0,0,0,0,0,1,1,0,0,0,0,0,0,0,0,0,0,0,0,0,0,0,0,178,90,88
02,91,Asifabad,Kumuram Bheem,08,Wankdi,569306,0000,VILLAGE,Chichpalle,Rural,133,607,280,327,110,42,68,0,0,0,523,239,284,216,117,99,391,163,228,333,168,165,132,126,6,86,86,0,33,32,1,1,1,0,12,7,5,201,42,159,6,1,5,187,35,152,0,0,0,8,6,2,197,41,156,5,1,4,184,34,150,0,0,0,8,6,2,4,1,3,1,0,1,3,1,2,0,0,0,0,0,0,274,112,162
02,91,Asifabad,Kumuram Bheem,08,Wankdi,569307,0000,VILLAGE,Gunjada,Rural,189,892,468,424,104,55,49,0,0,0,596,309,287,393,242,151,499,226,273,458,235,223,399,217,182,276,191,85,76,16,60,4,0,4,43,10,33,59,18,41,19,9,10,19,5,14,0,0,0,21,4,17,51,14,37,17,7,10,13,3,10,0,0,0,21,4,17,8,4,4,2,2,0,6,2,4,0,0,0,0,0,0,434,233,201
02,91,Asifabad,Kumuram Bheem,08,Wankdi,569308,0000,VILLAGE,Arli,Rural,139,627,305,322,65,33,32,0,0,0,300,146,154,261,142,119,366,163,203,365,176,189,106,95,11,87,84,3,15,8,7,1,1,0,3,2,1,259,81,178,58,34,24,164,44,120,33,0,33,4,3,1,257,80,177,57,33,24,163,44,119,33,0,33,4,3,1,2,1,1,1,1,0,1,0,1,0,0,0,0,0,0,262,129,133
02,91,Asifabad,Kumuram Bheem,08,Wankdi,569309,0000,VILLAGE,Bambara,Rural,588,2625,1423,1202,266,133,133,203,107,96,620,382,238,1326,857,469,1299,566,733,1309,705,604,537,374,163,255,226,29,182,89,93,7,3,4,93,56,37,772,331,441,202,139,63,299,103,196,76,0,76,195,89,106,769,330,439,201,139,62,299,103,196,75,0,75,194,88,106,3,1,2,1,0,1,0,0,0,1,0,1,1,1,0,1316,718,598
02,91,Asifabad,Kumuram Bheem,08,Wankdi,569310,0000,VILLAGE,Sonapur,Rural,298,1289,612,677,141,72,69,0,0,0,1175,564,611,366,194,172,923,418,505,756,375,381,392,267,125,230,212,18,128,35,93,3,2,1,31,18,13,364,108,256,30,24,6,245,54,191,19,4,15,70,26,44,363,108,255,30,24,6,245,54,191,19,4,15,69,26,43,1,0,1,0,0,0,0,0,0,0,0,0,1,0,1,533,237,296
02,91,Asifabad,Kumuram Bheem,08,Wankdi,569311,0000,VILLAGE,Mahagaon,Rural,154,820,401,419,106,48,58,0,0,0,426,211,215,338,182,156,482,219,263,350,197,153,239,156,83,159,115,44,45,14,31,4,3,1,31,24,7,111,41,70,11,4,7,78,20,58,1,1,0,21,16,5,110,40,70,11,4,7,78,20,58,1,1,0,20,15,5,1,1,0,0,0,0,0,0,0,0,0,0,1,1,0,470,204,266
02,91,Asifabad,Kumuram Bheem,08,Wankdi,569313,0000,VILLAGE,Jambuldhari,Rural,123,591,297,294,114,60,54,0,0,0,492,252,240,209,133,76,382,164,218,357,182,175,175,96,79,64,46,18,89,33,56,4,2,2,18,15,3,182,86,96,11,10,1,103,29,74,8,3,5,60,44,16,134,72,62,10,9,1,67,19,48,5,3,2,52,41,11,48,14,34,1,1,0,36,10,26,3,0,3,8,3,5,234,115,119
02,91,Asifabad,Kumuram Bheem,08,Wankdi,569314,0000,VILLAGE,Lanjanveera,Rural,47,219,110,109,32,20,12,8,4,4,3,2,1,116,67,49,103,43,60,139,68,71,88,47,41,42,38,4,39,4,35,1,1,0,6,4,2,51,21,30,9,9,0,25,4,21,1,0,1,16,8,8,38,18,20,9,9,0,12,1,11,1,0,1,16,8,8,13,3,10,0,0,0,13,3,10,0,0,0,0,0,0,80,42,38
02,91,Asifabad,Kumuram Bheem,08,Wankdi,569315,0000,VILLAGE,Wankdi_Khurd,Rural,51,240,118,122,34,17,17,0,0,0,0,0,0,112,66,46,128,52,76,132,66,66,131,66,65,93,46,47,30,15,15,0,0,0,8,5,3,1,0,1,1,0,1,0,0,0,0,0,0,0,0,0,1,0,1,1,0,1,0,0,0,0,0,0,0,0,0,0,0,0,0,0,0,0,0,0,0,0,0,0,0,0,108,52,56
02,91,Asifabad,Kumuram Bheem,08,Wankdi,569316,0000,VILLAGE,Neemgaon,Rural,20,104,45,59,11,3,8,0,0,0,103,44,59,62,34,28,42,11,31,64,28,36,47,21,26,45,21,24,1,0,1,0,0,0,1,0,1,17,7,10,7,5,2,4,0,4,0,0,0,6,2,4,17,7,10,7,5,2,4,0,4,0,0,0,6,2,4,0,0,0,0,0,0,0,0,0,0,0,0,0,0,0,40,17,23
02,91,Asifabad,Kumuram Bheem,08,Wankdi,569317,0000,VILLAGE,"Akini
",Rural,52,218,113,105,29,19,10,63,43,20,0,0,0,103,71,32,115,42,73,135,69,66,121,60,61,60,50,10,6,1,5,12,3,9,43,6,37,14,9,5,6,5,1,0,0,0,0,0,0,8,4,4,14,9,5,6,5,1,0,0,0,0,0,0,8,4,4,0,0,0,0,0,0,0,0,0,0,0,0,0,0,0,83,44,39
02,91,Asifabad,Kumuram Bheem,08,Wankdi,569318,0000,VILLAGE,Nukewada,Rural,6,39,18,21,6,2,4,0,0,0,34,17,17,21,12,9,18,6,12,18,10,8,12,8,4,4,4,0,0,0,0,0,0,0,8,4,4,6,2,4,1,1,0,0,0,0,0,0,0,5,1,4,6,2,4,1,1,0,0,0,0,0,0,0,5,1,4,0,0,0,0,0,0,0,0,0,0,0,0,0,0,0,21,8,13
02,91,Asifabad,Kumuram Bheem,08,Wankdi,569319,0000,VILLAGE,Chavupanguda,Rural,340,1643,827,816,341,176,165,2,1,1,1529,771,758,480,314,166,1163,513,650,729,346,383,433,291,142,275,238,37,148,47,101,1,1,0,9,5,4,296,55,241,13,4,9,268,40,228,0,0,0,15,11,4,265,46,219,12,4,8,239,31,208,0,0,0,14,11,3,31,9,22,1,0,1,29,9,20,0,0,0,1,0,1,914,481,433
02,91,Asifabad,Kumuram Bheem,08,Wankdi,569320,0000,VILLAGE,Navegaon,Rural,75,348,187,161,78,49,29,0,0,0,341,182,159,59,43,16,289,144,145,167,83,84,163,82,81,146,75,71,9,2,7,0,0,0,8,5,3,4,1,3,2,1,1,1,0,1,0,0,0,1,0,1,4,1,3,2,1,1,1,0,1,0,0,0,1,0,1,0,0,0,0,0,0,0,0,0,0,0,0,0,0,0,181,104,77
02,91,Asifabad,Kumuram Bheem,08,Wankdi,569321,0000,VILLAGE,Indhani,Rural,725,3189,1617,1572,415,229,186,359,176,183,396,192,204,1443,887,556,1746,730,1016,1809,922,887,1410,824,586,1138,675,463,166,66,100,17,9,8,89,74,15,399,98,301,11,6,5,369,82,287,8,2,6,11,8,3,395,97,298,10,6,4,367,82,285,8,2,6,10,7,3,4,1,3,1,0,1,2,0,2,0,0,0,1,1,0,1380,695,685
02,91,Asifabad,Kumuram Bheem,08,Wankdi,569322,0000,VILLAGE,Narlapur,Rural,173,877,329,548,137,52,85,32,16,16,91,44,47,187,98,89,690,231,459,472,171,301,252,125,127,142,87,55,77,20,57,1,1,0,32,17,15,220,46,174,11,2,9,202,42,160,0,0,0,7,2,5,208,43,165,11,2,9,190,39,151,0,0,0,7,2,5,12,3,9,0,0,0,12,3,9,0,0,0,0,0,0,405,158,247
02,91,Asifabad,Kumuram Bheem,08,Wankdi,569323,0000,VILLAGE,Wankdi_Kalan,Rural,1347,6128,2936,3192,659,341,318,1175,570,605,508,147,361,3554,1866,1688,2574,1070,1504,2561,1591,970,1591,1253,338,558,481,77,380,207,173,44,36,8,609,529,80,970,338,632,134,36,98,675,190,485,22,12,10,139,100,39,696,234,462,108,29,79,445,109,336,20,11,9,123,85,38,274,104,170,26,7,19,230,81,149,2,1,1,16,15,1,3567,1345,2222
02,91,Asifabad,Kumuram Bheem,08,Wankdi,569325,0000,VILLAGE,Khamna,Rural,719,3086,1580,1506,397,206,191,459,236,223,271,133,138,1351,843,508,1735,737,998,1427,871,556,1234,819,415,625,432,193,374,193,181,14,14,0,221,180,41,193,52,141,34,18,16,153,29,124,1,1,0,5,4,1,193,52,141,34,18,16,153,29,124,1,1,0,5,4,1,0,0,0,0,0,0,0,0,0,0,0,0,0,0,0,1659,709,950
02,91,Asifabad,Kumuram Bheem,08,Wankdi,569326,0000,VILLAGE,Sarandi,Rural,129,573,283,290,75,35,40,218,108,110,0,0,0,296,165,131,277,118,159,169,137,32,140,134,6,108,108,0,3,0,3,1,1,0,28,25,3,29,3,26,3,1,2,14,1,13,8,0,8,4,1,3,7,1,6,2,1,1,2,0,2,0,0,0,3,0,3,22,2,20,1,0,1,12,1,11,8,0,8,1,1,0,404,146,258
02,91,Asifabad,Kumuram Bheem,08,Wankdi,569327,0000,VILLAGE,Khirdi,Rural,357,1635,850,785,207,101,106,225,116,109,258,123,135,716,479,237,919,371,548,965,496,469,399,382,17,285,282,3,76,66,10,1,1,0,37,33,4,566,114,452,28,12,16,516,97,419,2,1,1,20,4,16,523,97,426,23,8,15,481,86,395,2,1,1,17,2,15,43,17,26,5,4,1,35,11,24,0,0,0,3,2,1,670,354,316
02,91,Asifabad,Kumuram Bheem,08,Wankdi,569328,0000,VILLAGE,Chincholi,Rural,8,28,13,15,4,1,3,0,0,0,22,11,11,6,4,2,22,9,13,18,10,8,17,10,7,8,7,1,9,3,6,0,0,0,0,0,0,1,0,1,0,0,0,1,0,1,0,0,0,0,0,0,0,0,0,0,0,0,0,0,0,0,0,0,0,0,0,1,0,1,0,0,0,1,0,1,0,0,0,0,0,0,10,3,7
02,91,Asifabad,Kumuram Bheem,08,Wankdi,569329,0000,VILLAGE,Ghat_Jangaon,Rural,61,329,157,172,32,12,20,0,0,0,0,0,0,147,80,67,182,77,105,207,100,107,206,100,106,73,73,0,129,23,106,0,0,0,4,4,0,1,0,1,0,0,0,0,0,0,1,0,1,0,0,0,1,0,1,0,0,0,0,0,0,1,0,1,0,0,0,0,0,0,0,0,0,0,0,0,0,0,0,0,0,0,122,57,65
02,91,Asifabad,Kumuram Bheem,08,Wankdi,569330,0000,VILLAGE,Tejapur,Rural,167,740,342,398,96,44,52,23,9,14,0,0,0,303,181,122,437,161,276,436,201,235,291,195,96,154,149,5,124,33,91,3,3,0,10,10,0,145,6,139,129,2,127,9,1,8,1,0,1,6,3,3,143,6,137,128,2,126,9,1,8,1,0,1,5,3,2,2,0,2,1,0,1,0,0,0,0,0,0,1,0,1,304,141,163
02,91,Asifabad,Kumuram Bheem,08,Wankdi,569331,0000,VILLAGE,Jaithpur,Rural,105,428,220,208,71,44,27,29,15,14,0,0,0,199,117,82,229,103,126,245,122,123,245,122,123,86,85,1,134,16,118,0,0,0,25,21,4,0,0,0,0,0,0,0,0,0,0,0,0,0,0,0,0,0,0,0,0,0,0,0,0,0,0,0,0,0,0,0,0,0,0,0,0,0,0,0,0,0,0,0,0,0,183,98,85
02,91,Asifabad,Kumuram Bheem,08,Wankdi,569332,0000,VILLAGE,Bendera,Rural,223,1009,503,506,147,64,83,115,54,61,0,0,0,363,215,148,646,288,358,590,295,295,365,263,102,175,148,27,138,73,65,2,2,0,50,40,10,225,32,193,67,1,66,135,19,116,2,1,1,21,11,10,217,29,188,66,0,66,134,19,115,1,1,0,16,9,7,8,3,5,1,1,0,1,0,1,1,0,1,5,2,3,419,208,211
02,91,Asifabad,Kumuram Bheem,08,Wankdi,569333,0000,VILLAGE,Samela,Rural,124,530,268,262,72,38,34,0,0,0,0,0,0,179,121,58,351,147,204,351,165,186,137,107,30,115,89,26,12,9,3,0,0,0,10,9,1,214,58,156,0,0,0,201,50,151,0,0,0,13,8,5,214,58,156,0,0,0,201,50,151,0,0,0,13,8,5,0,0,0,0,0,0,0,0,0,0,0,0,0,0,0,179,103,76
02,91,Asifabad,Kumuram Bheem,08,Wankdi,569334,0000,VILLAGE,Borda,Rural,82,360,192,168,63,31,32,0,0,0,0,0,0,101,67,34,259,125,134,215,112,103,215,112,103,89,88,1,122,21,101,0,0,0,4,3,1,0,0,0,0,0,0,0,0,0,0,0,0,0,0,0,0,0,0,0,0,0,0,0,0,0,0,0,0,0,0,0,0,0,0,0,0,0,0,0,0,0,0,0,0,0,145,80,65
02,91,Asifabad,Kumuram Bheem,08,Wankdi,569335,0000,VILLAGE,Kanneragaon,Rural,422,1902,970,932,276,125,151,259,134,125,401,204,197,695,435,260,1207,535,672,1156,603,553,613,480,133,336,320,16,250,136,114,0,0,0,27,24,3,543,123,420,35,6,29,499,113,386,0,0,0,9,4,5,518,112,406,31,5,26,478,103,375,0,0,0,9,4,5,25,11,14,4,1,3,21,10,11,0,0,0,0,0,0,746,367,379
02,91,Asifabad,Kumuram Bheem,08,Wankdi,569336,0000,VILLAGE,Komatiguda,Rural,131,532,264,268,66,30,36,0,0,0,0,0,0,248,156,92,284,108,176,322,157,165,268,136,132,138,70,68,106,47,59,4,2,2,20,17,3,54,21,33,2,0,2,51,21,30,0,0,0,1,0,1,32,14,18,0,0,0,32,14,18,0,0,0,0,0,0,22,7,15,2,0,2,19,7,12,0,0,0,1,0,1,210,107,103
02,91,Asifabad,Kumuram Bheem,08,Wankdi,569337,0000,VILLAGE,Khedegaon,Rural,44,212,108,104,30,16,14,0,0,0,212,108,104,58,38,20,154,70,84,71,60,11,71,60,11,56,56,0,10,1,9,0,0,0,5,3,2,0,0,0,0,0,0,0,0,0,0,0,0,0,0,0,0,0,0,0,0,0,0,0,0,0,0,0,0,0,0,0,0,0,0,0,0,0,0,0,0,0,0,0,0,0,141,48,93
02,91,Asifabad,Kumuram Bheem,08,Wankdi,569338,0000,VILLAGE,Velgi,Rural,145,757,381,376,90,43,47,47,25,22,388,203,185,297,195,102,460,186,274,258,176,82,177,157,20,143,139,4,30,14,16,0,0,0,4,4,0,81,19,62,4,1,3,69,11,58,0,0,0,8,7,1,80,19,61,4,1,3,68,11,57,0,0,0,8,7,1,1,0,1,0,0,0,1,0,1,0,0,0,0,0,0,499,205,294
02,91,Asifabad,Kumuram Bheem,08,Wankdi,569339,0000,VILLAGE,Sarkepalle,Rural,75,309,157,152,41,21,20,0,0,0,305,155,150,22,14,8,287,143,144,176,85,91,82,75,7,74,72,2,8,3,5,0,0,0,0,0,0,94,10,84,0,0,0,94,10,84,0,0,0,0,0,0,94,10,84,0,0,0,94,10,84,0,0,0,0,0,0,0,0,0,0,0,0,0,0,0,0,0,0,0,0,0,133,72,61
02,92,Kagaznagar,Kumuram Bheem,10,Sirpur_T,569340,0000,VILLAGE,Makidi,Rural,58,259,139,120,38,23,15,209,120,89,45,17,28,155,93,62,104,46,58,156,75,81,58,57,1,53,52,1,4,4,0,0,0,0,1,1,0,98,18,80,0,0,0,98,18,80,0,0,0,0,0,0,98,18,80,0,0,0,98,18,80,0,0,0,0,0,0,0,0,0,0,0,0,0,0,0,0,0,0,0,0,0,103,64,39
02,92,Kagaznagar,Kumuram Bheem,10,Sirpur_T,569341,0000,VILLAGE,Jakkapur,Rural,108,416,217,199,63,29,34,272,143,129,0,0,0,190,125,65,226,92,134,278,145,133,103,102,1,100,99,1,0,0,0,0,0,0,3,3,0,175,43,132,1,0,1,174,43,131,0,0,0,0,0,0,175,43,132,1,0,1,174,43,131,0,0,0,0,0,0,0,0,0,0,0,0,0,0,0,0,0,0,0,0,0,138,72,66
02,92,Kagaznagar,Kumuram Bheem,10,Sirpur_T,569342,0000,VILLAGE,Hudkili,Rural,313,1332,667,665,209,113,96,14,5,9,81,37,44,545,318,227,787,349,438,776,394,382,313,282,31,233,227,6,58,41,17,1,1,0,21,13,8,463,112,351,13,5,8,447,106,341,0,0,0,3,1,2,462,112,350,13,5,8,447,106,341,0,0,0,2,1,1,1,0,1,0,0,0,0,0,0,0,0,0,1,0,1,556,273,283
02,92,Kagaznagar,Kumuram Bheem,10,Sirpur_T,569343,0000,VILLAGE,Navegaon,Rural,168,699,342,357,100,43,57,76,40,36,15,7,8,284,177,107,415,165,250,409,196,213,192,139,53,136,105,31,46,28,18,2,0,2,8,6,2,217,57,160,8,4,4,207,51,156,1,1,0,1,1,0,217,57,160,8,4,4,207,51,156,1,1,0,1,1,0,0,0,0,0,0,0,0,0,0,0,0,0,0,0,0,290,146,144
02,92,Kagaznagar,Kumuram Bheem,10,Sirpur_T,569344,0000,VILLAGE,Venkatraopet,Rural,143,582,290,292,69,35,34,36,20,16,0,0,0,228,144,84,354,146,208,361,188,173,142,137,5,75,75,0,56,53,3,1,0,1,10,9,1,219,51,168,4,3,1,201,36,165,0,0,0,14,12,2,190,44,146,4,3,1,174,31,143,0,0,0,12,10,2,29,7,22,0,0,0,27,5,22,0,0,0,2,2,0,221,102,119
02,92,Kagaznagar,Kumuram Bheem,10,Sirpur_T,569345,0000,VILLAGE,Laxmipur,Rural,187,824,405,419,115,52,63,242,125,117,17,9,8,354,208,146,470,197,273,454,236,218,80,49,31,55,37,18,7,3,4,0,0,0,18,9,9,374,187,187,4,3,1,310,146,164,1,0,1,59,38,21,338,173,165,2,1,1,283,137,146,1,0,1,52,35,17,36,14,22,2,2,0,27,9,18,0,0,0,7,3,4,370,169,201
02,92,Kagaznagar,Kumuram Bheem,10,Sirpur_T,569346,0000,VILLAGE,Tonkini,Rural,111,479,245,234,74,47,27,24,11,13,0,0,0,200,108,92,279,137,142,255,127,128,55,55,0,52,52,0,2,2,0,0,0,0,1,1,0,200,72,128,7,3,4,188,67,121,3,1,2,2,1,1,158,53,105,7,3,4,147,49,98,2,0,2,2,1,1,42,19,23,0,0,0,41,18,23,1,1,0,0,0,0,224,118,106
02,92,Kagaznagar,Kumuram Bheem,10,Sirpur_T,569347,0000,VILLAGE,Parigaon,Rural,290,1215,605,610,133,64,69,463,238,225,3,2,1,633,386,247,582,219,363,618,309,309,82,75,7,63,60,3,12,10,2,1,1,0,6,4,2,536,234,302,4,1,3,516,222,294,2,0,2,14,11,3,530,231,299,4,1,3,511,219,292,1,0,1,14,11,3,6,3,3,0,0,0,5,3,2,1,0,1,0,0,0,597,296,301
02,92,Kagaznagar,Kumuram Bheem,10,Sirpur_T,569348,0000,VILLAGE,Loanvelli,Rural,940,3524,1746,1778,383,203,180,871,439,432,69,32,37,1690,972,718,1834,774,1060,1599,856,743,500,402,98,172,151,21,180,151,29,17,11,6,131,89,42,1099,454,645,46,32,14,906,309,597,0,0,0,147,113,34,1068,442,626,45,32,13,885,305,580,0,0,0,138,105,33,31,12,19,1,0,1,21,4,17,0,0,0,9,8,1,1925,890,1035
02,92,Kagaznagar,Kumuram Bheem,10,Sirpur_T,569349,0000,VILLAGE,Dhorpalle,Rural,362,1521,765,756,150,92,58,1114,567,547,29,11,18,772,451,321,749,314,435,569,424,145,446,356,90,292,270,22,103,62,41,3,2,1,48,22,26,123,68,55,3,1,2,98,55,43,0,0,0,22,12,10,121,67,54,2,0,2,98,55,43,0,0,0,21,12,9,2,1,1,1,1,0,0,0,0,0,0,0,1,0,1,952,341,611
02,92,Kagaznagar,Kumuram Bheem,10,Sirpur_T,569351,0000,VILLAGE,Bhupalapatnam,Rural,256,1138,576,562,162,82,80,226,111,115,261,132,129,540,310,230,598,266,332,756,373,383,570,321,249,96,89,7,222,149,73,190,48,142,62,35,27,186,52,134,2,2,0,98,23,75,71,22,49,15,5,10,158,40,118,2,2,0,90,19,71,54,15,39,12,4,8,28,12,16,0,0,0,8,4,4,17,7,10,3,1,2,382,203,179
02,92,Kagaznagar,Kumuram Bheem,10,Sirpur_T,569352,0000,VILLAGE,Sirpur,Rural,2244,9183,4631,4552,1105,575,530,1166,586,580,157,77,80,5309,3027,2282,3874,1604,2270,3486,2410,1076,2459,1863,596,604,508,96,541,253,288,75,39,36,1239,1063,176,1027,547,480,35,22,13,639,288,351,5,5,0,348,232,116,958,508,450,33,21,12,617,281,336,4,4,0,304,202,102,69,39,30,2,1,1,22,7,15,1,1,0,44,30,14,5697,2221,3476
02,92,Kagaznagar,Kumuram Bheem,10,Sirpur_T,569353,0000,VILLAGE,Rudraram,Rural,142,505,248,257,57,25,32,96,46,50,35,15,20,215,125,90,290,123,167,285,148,137,99,79,20,49,48,1,19,9,10,0,0,0,31,22,9,186,69,117,1,0,1,181,65,116,0,0,0,4,4,0,181,67,114,1,0,1,176,63,113,0,0,0,4,4,0,5,2,3,0,0,0,5,2,3,0,0,0,0,0,0,220,100,120
02,92,Kagaznagar,Kumuram Bheem,10,Sirpur_T,569354,0000,VILLAGE,Cheelapalle,Rural,260,1180,582,598,163,82,81,68,32,36,330,176,154,382,210,172,798,372,426,716,350,366,490,298,192,461,279,182,17,11,6,0,0,0,12,8,4,226,52,174,27,21,6,94,6,88,1,0,1,104,25,79,172,33,139,23,18,5,78,2,76,1,0,1,70,13,57,54,19,35,4,3,1,16,4,12,0,0,0,34,12,22,464,232,232
02,92,Kagaznagar,Kumuram Bheem,10,Sirpur_T,569355,0000,VILLAGE,Medpalle,Rural,58,255,139,116,46,24,22,0,0,0,191,103,88,47,30,17,208,109,99,168,88,80,168,88,80,168,88,80,0,0,0,0,0,0,0,0,0,0,0,0,0,0,0,0,0,0,0,0,0,0,0,0,0,0,0,0,0,0,0,0,0,0,0,0,0,0,0,0,0,0,0,0,0,0,0,0,0,0,0,0,0,0,87,51,36
02,92,Kagaznagar,Kumuram Bheem,10,Sirpur_T,569356,0000,VILLAGE,Garlapet,Rural,73,334,176,158,50,24,26,0,0,0,162,83,79,89,60,29,245,116,129,209,106,103,208,105,103,206,104,102,0,0,0,0,0,0,2,1,1,1,1,0,1,1,0,0,0,0,0,0,0,0,0,0,1,1,0,1,1,0,0,0,0,0,0,0,0,0,0,0,0,0,0,0,0,0,0,0,0,0,0,0,0,0,125,70,55
02,92,Kagaznagar,Kumuram Bheem,10,Sirpur_T,569357,0000,VILLAGE,Vempalle,Rural,467,1894,954,940,227,109,118,64,27,37,187,92,95,805,490,315,1089,464,625,1139,580,559,884,465,419,557,295,262,238,111,127,20,11,9,69,48,21,255,115,140,3,3,0,243,107,136,2,2,0,7,3,4,254,114,140,3,3,0,243,107,136,1,1,0,7,3,4,1,1,0,0,0,0,0,0,0,1,1,0,0,0,0,755,374,381
02,92,Kagaznagar,Kumuram Bheem,10,Sirpur_T,569358,0000,VILLAGE,Achalli,Rural,133,563,276,287,49,27,22,325,158,167,73,28,45,260,153,107,303,123,180,296,156,140,285,153,132,60,37,23,201,105,96,2,1,1,22,10,12,11,3,8,2,0,2,4,1,3,0,0,0,5,2,3,10,3,7,2,0,2,3,1,2,0,0,0,5,2,3,1,0,1,0,0,0,1,0,1,0,0,0,0,0,0,267,120,147
02,92,Kagaznagar,Kumuram Bheem,10,Sirpur_T,569359,0000,VILLAGE,Chunchupalle,Rural,95,410,206,204,43,23,20,4,2,2,180,91,89,177,106,71,233,100,133,218,115,103,100,56,44,55,44,11,39,8,31,4,3,1,2,1,1,118,59,59,1,1,0,1,0,1,8,4,4,108,54,54,115,58,57,1,1,0,1,0,1,8,4,4,105,53,52,3,1,2,0,0,0,0,0,0,0,0,0,3,1,2,192,91,101
02,92,Kagaznagar,Kumuram Bheem,10,Sirpur_T,569361,0000,VILLAGE,Chintakunta,Rural,243,1010,477,533,130,60,70,77,36,41,436,207,229,508,282,226,502,195,307,518,278,240,361,202,159,181,109,72,148,70,78,2,2,0,30,21,9,157,76,81,2,2,0,5,2,3,5,3,2,145,69,76,136,66,70,2,2,0,3,1,2,5,3,2,126,60,66,21,10,11,0,0,0,2,1,1,0,0,0,19,9,10,492,199,293
02,92,Kagaznagar,Kumuram Bheem,10,Sirpur_T,569362,0000,VILLAGE,Heerapur,Rural,170,628,322,306,86,48,38,41,34,7,113,51,62,246,143,103,382,179,203,393,206,187,348,192,156,150,87,63,195,102,93,1,1,0,2,2,0,45,14,31,2,1,1,41,13,28,0,0,0,2,0,2,44,14,30,2,1,1,40,13,27,0,0,0,2,0,2,1,0,1,0,0,0,1,0,1,0,0,0,0,0,0,235,116,119
02,92,Kagaznagar,Kumuram Bheem,12,Chintalamanepally,569364,0000,VILLAGE,Dabba,Rural,665,2674,1346,1328,278,135,143,525,266,259,240,120,120,1042,681,361,1632,665,967,1255,719,536,1230,710,520,614,423,191,531,221,310,9,9,0,76,57,19,25,9,16,2,2,0,19,5,14,1,0,1,3,2,1,22,8,14,2,2,0,17,4,13,0,0,0,3,2,1,3,1,2,0,0,0,2,1,1,1,0,1,0,0,0,1419,627,792
02,92,Kagaznagar,Kumuram Bheem,12,Chintalamanepally,569365,0000,VILLAGE,Adepalle,Rural,116,505,253,252,74,37,37,3,1,2,413,202,211,132,83,49,373,170,203,208,146,62,79,79,0,76,76,0,0,0,0,0,0,0,3,3,0,129,67,62,4,3,1,125,64,61,0,0,0,0,0,0,16,7,9,1,1,0,15,6,9,0,0,0,0,0,0,113,60,53,3,2,1,110,58,52,0,0,0,0,0,0,297,107,190
02,92,Kagaznagar,Kumuram Bheem,11,Kouthala,569366,0000,VILLAGE,Veervalli,Rural,174,647,332,315,93,60,33,151,76,75,1,0,1,256,154,102,391,178,213,375,190,185,370,190,180,156,150,6,201,27,174,0,0,0,13,13,0,5,0,5,0,0,0,5,0,5,0,0,0,0,0,0,3,0,3,0,0,0,3,0,3,0,0,0,0,0,0,2,0,2,0,0,0,2,0,2,0,0,0,0,0,0,272,142,130
02,92,Kagaznagar,Kumuram Bheem,11,Kouthala,569367,0000,VILLAGE,sandgaon,Rural,227,970,485,485,115,58,57,361,175,186,149,72,77,439,266,173,531,219,312,563,280,283,536,276,260,210,176,34,308,89,219,0,0,0,18,11,7,27,4,23,2,0,2,20,4,16,0,0,0,5,0,5,27,4,23,2,0,2,20,4,16,0,0,0,5,0,5,0,0,0,0,0,0,0,0,0,0,0,0,0,0,0,407,205,202
02,92,Kagaznagar,Kumuram Bheem,11,Kouthala,569368,0000,VILLAGE,Pardi,Rural,194,880,447,433,52,36,16,321,169,152,195,93,102,504,280,224,376,167,209,516,251,265,509,247,262,498,242,256,4,1,3,1,1,0,6,3,3,7,4,3,4,2,2,1,1,0,0,0,0,2,1,1,2,2,0,1,1,0,1,1,0,0,0,0,0,0,0,5,2,3,3,1,2,0,0,0,0,0,0,2,1,1,364,196,168
02,92,Kagaznagar,Kumuram Bheem,11,Kouthala,569369,0000,VILLAGE,Tatiplle,Rural,392,1766,886,880,200,94,106,111,55,56,222,108,114,871,537,334,895,349,546,1133,575,558,565,369,196,251,223,28,207,85,122,59,32,27,48,29,19,568,206,362,71,38,33,365,111,254,38,9,29,94,48,46,448,160,288,57,33,24,283,78,205,22,6,16,86,43,43,120,46,74,14,5,9,82,33,49,16,3,13,8,5,3,633,311,322
02,92,Kagaznagar,Kumuram Bheem,11,Kouthala,569370,0000,VILLAGE,Veerdandi,Rural,336,1432,727,705,180,91,89,421,204,217,788,412,376,735,417,318,697,310,387,645,394,251,367,321,46,308,277,31,23,20,3,7,1,6,29,23,6,278,73,205,26,17,9,47,9,38,121,15,106,84,32,52,258,60,198,24,15,9,42,5,37,116,13,103,76,27,49,20,13,7,2,2,0,5,4,1,5,2,3,8,5,3,787,333,454
02,92,Kagaznagar,Kumuram Bheem,11,Kouthala,569371,0000,VILLAGE,Bhalepalle,Rural,114,454,233,221,37,19,18,265,138,127,28,13,15,276,159,117,178,74,104,151,110,41,137,105,32,131,101,30,0,0,0,0,0,0,6,4,2,14,5,9,0,0,0,0,0,0,0,0,0,14,5,9,14,5,9,0,0,0,0,0,0,0,0,0,14,5,9,0,0,0,0,0,0,0,0,0,0,0,0,0,0,0,303,123,180
02,92,Kagaznagar,Kumuram Bheem,11,Kouthala,569372,0000,VILLAGE,Gundaipeta,Rural,549,2422,1174,1248,269,122,147,941,466,475,14,5,9,962,583,379,1460,591,869,1447,730,717,1052,584,468,630,378,252,342,146,196,2,0,2,78,60,18,395,146,249,122,30,92,225,78,147,1,0,1,47,38,9,319,120,199,115,28,87,171,62,109,0,0,0,33,30,3,76,26,50,7,2,5,54,16,38,1,0,1,14,8,6,975,444,531
02,92,Kagaznagar,Kumuram Bheem,11,Kouthala,569373,0000,VILLAGE,Thumbadihatti,Rural,382,1648,858,790,186,95,91,184,100,84,599,312,287,689,430,259,959,428,531,1013,539,474,723,454,269,325,247,78,278,111,167,65,54,11,55,42,13,290,85,205,63,13,50,49,10,39,5,1,4,173,61,112,148,31,117,37,8,29,36,8,28,1,0,1,74,15,59,142,54,88,26,5,21,13,2,11,4,1,3,99,46,53,635,319,316
02,92,Kagaznagar,Kumuram Bheem,12,Chintalamanepally,569374,0000,VILLAGE,Ranvalli,Rural,517,2059,1075,984,262,149,113,619,327,292,624,328,296,812,495,317,1247,580,667,1153,588,565,904,537,367,671,412,259,195,94,101,3,2,1,35,29,6,249,51,198,105,18,87,128,25,103,0,0,0,16,8,8,209,44,165,77,15,62,116,21,95,0,0,0,16,8,8,40,7,33,28,3,25,12,4,8,0,0,0,0,0,0,906,487,419
02,92,Kagaznagar,Kumuram Bheem,11,Kouthala,569375,0000,VILLAGE,Gudlabori,Rural,736,2981,1471,1510,354,167,187,909,459,450,213,107,106,1282,753,529,1699,718,981,1713,853,860,1669,831,838,633,423,210,718,284,434,35,21,14,283,103,180,44,22,22,6,6,0,21,5,16,1,1,0,16,10,6,43,21,22,6,6,0,20,4,16,1,1,0,16,10,6,1,1,0,0,0,0,1,1,0,0,0,0,0,0,0,1268,618,650
02,92,Kagaznagar,Kumuram Bheem,11,Kouthala,569376,0000,VILLAGE,Mogadagad,Rural,511,2315,1160,1155,271,134,137,546,278,268,268,128,140,964,580,384,1351,580,771,1346,673,673,560,482,78,415,364,51,109,85,24,2,2,0,34,31,3,786,191,595,20,14,6,741,164,577,3,1,2,22,12,10,777,189,588,20,14,6,733,162,571,3,1,2,21,12,9,9,2,7,0,0,0,8,2,6,0,0,0,1,0,1,969,487,482
02,92,Kagaznagar,Kumuram Bheem,11,Kouthala,569378,0000,VILLAGE,Kumbari,Rural,62,292,143,149,48,26,22,0,0,0,109,56,53,111,59,52,181,84,97,171,80,91,73,70,3,55,54,1,0,0,0,0,0,0,18,16,2,98,10,88,2,0,2,93,8,85,1,1,0,2,1,1,93,9,84,1,0,1,91,8,83,1,1,0,0,0,0,5,1,4,1,0,1,2,0,2,0,0,0,2,1,1,121,63,58
02,92,Kagaznagar,Kumuram Bheem,11,Kouthala,569379,0000,VILLAGE,Muthampet,Rural,963,4266,2163,2103,524,280,244,1108,559,549,27,11,16,1786,1109,677,2480,1054,1426,2420,1253,1167,2381,1238,1143,1005,527,478,984,485,499,8,4,4,384,222,162,39,15,24,2,0,2,19,10,9,1,0,1,17,5,12,38,14,24,2,0,2,18,9,9,1,0,1,17,5,12,1,1,0,0,0,0,1,1,0,0,0,0,0,0,0,1846,910,936
02,92,Kagaznagar,Kumuram Bheem,11,Kouthala,569380,0000,VILLAGE,Kouthala,Rural,1042,4313,2177,2136,539,284,255,1401,694,707,621,327,294,2438,1421,1017,1875,756,1119,2070,1153,917,1271,814,457,403,258,145,383,163,220,32,24,8,453,369,84,799,339,460,102,70,32,477,168,309,30,11,19,190,90,100,332,133,199,33,24,9,118,29,89,25,7,18,156,73,83,467,206,261,69,46,23,359,139,220,5,4,1,34,17,17,2243,1024,1219
02,92,Kagaznagar,Kumuram Bheem,11,Kouthala,569381,0000,VILLAGE,Talodi,Rural,434,1762,878,884,218,117,101,577,302,275,175,81,94,816,472,344,946,406,540,1058,543,515,549,369,180,204,199,5,252,103,149,20,10,10,73,57,16,509,174,335,38,33,5,185,69,116,149,8,141,137,64,73,413,144,269,37,32,5,131,56,75,139,7,132,106,49,57,96,30,66,1,1,0,54,13,41,10,1,9,31,15,16,704,335,369
02,92,Kagaznagar,Kumuram Bheem,11,Kouthala,569382,0000,VILLAGE,Nagepalle,Rural,197,899,437,462,95,49,46,162,80,82,84,43,41,257,144,113,642,293,349,544,277,267,418,215,203,108,87,21,302,123,179,3,2,1,5,3,2,126,62,64,0,0,0,112,57,55,2,0,2,12,5,7,126,62,64,0,0,0,112,57,55,2,0,2,12,5,7,0,0,0,0,0,0,0,0,0,0,0,0,0,0,0,355,160,195
02,92,Kagaznagar,Kumuram Bheem,12,Chintalamanepally,569383,0000,VILLAGE,Babapur,Rural,461,1894,955,939,222,115,107,73,33,40,1151,583,568,890,519,371,1004,436,568,995,507,488,700,472,228,470,352,118,181,84,97,13,7,6,36,29,7,295,35,260,30,9,21,157,21,136,102,2,100,6,3,3,265,30,235,27,7,20,149,19,130,85,2,83,4,2,2,30,5,25,3,2,1,8,2,6,17,0,17,2,1,1,899,448,451
02,92,Kagaznagar,Kumuram Bheem,12,Chintalamanepally,569384,0000,VILLAGE,Ravindranagar,Rural,596,2932,1526,1406,399,213,186,0,0,0,9,5,4,1527,891,636,1405,635,770,1489,905,584,1180,774,406,436,379,57,604,277,327,16,8,8,124,110,14,309,131,178,26,16,10,213,56,157,3,3,0,67,56,11,284,126,158,25,16,9,193,55,138,1,1,0,65,54,11,25,5,20,1,0,1,20,1,19,2,2,0,2,2,0,1443,621,822
02,92,Kagaznagar,Kumuram Bheem,11,Kouthala,569385,0000,VILLAGE,Gurudpeta,Rural,525,2215,1112,1103,226,131,95,382,179,203,505,264,241,967,566,401,1248,546,702,1111,608,503,1055,592,463,637,459,178,297,46,251,24,18,6,97,69,28,56,16,40,7,3,4,26,5,21,8,0,8,15,8,7,53,14,39,6,2,4,25,4,21,7,0,7,15,8,7,3,2,1,1,1,0,1,1,0,1,0,1,0,0,0,1104,504,600
02,92,Kagaznagar,Kumuram Bheem,11,Kouthala,569386,0000,VILLAGE,Kanki,Rural,231,987,486,501,96,50,46,389,193,196,249,132,117,407,238,169,580,248,332,718,356,362,716,354,362,432,219,213,277,130,147,0,0,0,7,5,2,2,2,0,1,1,0,0,0,0,0,0,0,1,1,0,2,2,0,1,1,0,0,0,0,0,0,0,1,1,0,0,0,0,0,0,0,0,0,0,0,0,0,0,0,0,269,130,139
02,92,Kagaznagar,Kumuram Bheem,11,Kouthala,569387,0000,VILLAGE,Kannepalle,Rural,433,1821,938,883,250,127,123,144,74,70,13,6,7,664,416,248,1157,522,635,886,516,370,792,479,313,257,234,23,325,194,131,127,8,119,83,43,40,94,37,57,10,8,2,76,25,51,0,0,0,8,4,4,89,36,53,9,8,1,73,24,49,0,0,0,7,4,3,5,1,4,1,0,1,3,1,2,0,0,0,1,0,1,935,422,513
02,92,Kagaznagar,Kumuram Bheem,11,Kouthala,569388,0000,VILLAGE,Chipurudubba,Rural,253,1037,498,539,132,59,73,623,310,313,6,3,3,502,302,200,535,196,339,571,279,292,451,252,199,193,187,6,50,20,30,154,6,148,54,39,15,120,27,93,8,3,5,103,17,86,3,1,2,6,6,0,93,4,89,4,1,3,85,1,84,2,0,2,2,2,0,27,23,4,4,2,2,18,16,2,1,1,0,4,4,0,466,219,247
02,92,Kagaznagar,Kumuram Bheem,12,Chintalamanepally,569389,0000,VILLAGE,Babasagar,Rural,868,3505,1754,1751,449,256,193,621,309,312,482,233,249,1249,726,523,2256,1028,1228,2074,1031,1043,1793,954,839,1086,679,407,556,185,371,44,31,13,107,59,48,281,77,204,38,15,23,178,38,140,29,6,23,36,18,18,241,63,178,35,13,22,158,33,125,19,3,16,29,14,15,40,14,26,3,2,1,20,5,15,10,3,7,7,4,3,1431,723,708
02,92,Kagaznagar,Kumuram Bheem,12,Chintalamanepally,569390,0000,VILLAGE,Chintalamanepalle,Rural,703,2745,1342,1403,379,198,181,830,406,424,37,21,16,1048,631,417,1697,711,986,1520,796,724,1039,688,351,407,223,184,548,406,142,12,6,6,72,53,19,481,108,373,1,0,1,136,41,95,313,58,255,31,9,22,401,93,308,1,0,1,121,38,83,252,48,204,27,7,20,80,15,65,0,0,0,15,3,12,61,10,51,4,2,2,1225,546,679
02,92,Kagaznagar,Kumuram Bheem,12,Chintalamanepally,569391,0000,VILLAGE,Balaji ankoda,Rural,400,1646,822,824,182,91,91,410,211,199,21,14,7,792,490,302,854,332,522,861,435,426,617,368,249,353,236,117,195,87,108,16,7,9,53,38,15,244,67,177,10,9,1,186,36,150,18,8,10,30,14,16,241,65,176,9,8,1,184,35,149,18,8,10,30,14,16,3,2,1,1,1,0,2,1,1,0,0,0,0,0,0,785,387,398
02,92,Kagaznagar,Kumuram Bheem,12,Chintalamanepally,569392,0000,VILLAGE,Gangapur,Rural,298,1333,685,648,171,84,87,375,201,174,113,53,60,563,343,220,770,342,428,571,339,232,569,338,231,254,177,77,264,121,143,3,3,0,48,37,11,2,1,1,0,0,0,2,1,1,0,0,0,0,0,0,2,1,1,0,0,0,2,1,1,0,0,0,0,0,0,0,0,0,0,0,0,0,0,0,0,0,0,0,0,0,762,346,416
02,92,Kagaznagar,Kumuram Bheem,12,Chintalamanepally,569393,0000,VILLAGE,Burepalle,Rural,247,1145,587,558,120,63,57,290,158,132,212,110,102,474,290,184,671,297,374,536,319,217,531,314,217,197,148,49,313,151,162,2,2,0,19,13,6,5,5,0,3,3,0,1,1,0,0,0,0,1,1,0,5,5,0,3,3,0,1,1,0,0,0,0,1,1,0,0,0,0,0,0,0,0,0,0,0,0,0,0,0,0,609,268,341
02,92,Kagaznagar,Kumuram Bheem,12,Chintalamanepally,569394,0000,VILLAGE,Korisini,Rural,131,572,287,285,64,32,32,89,41,48,104,58,46,207,136,71,365,151,214,369,172,197,292,144,148,125,72,53,156,67,89,8,4,4,3,1,2,77,28,49,1,1,0,71,26,45,3,1,2,2,0,2,77,28,49,1,1,0,71,26,45,3,1,2,2,0,2,0,0,0,0,0,0,0,0,0,0,0,0,0,0,0,203,115,88
02,92,Kagaznagar,Kumuram Bheem,13,Bejjur,569396,0000,VILLAGE,Rebbena,Rural,488,2072,985,1087,252,129,123,1034,493,541,191,95,96,896,527,369,1176,458,718,1199,556,643,1097,511,586,570,317,253,482,172,310,14,6,8,31,16,15,102,45,57,1,1,0,58,25,33,11,4,7,32,15,17,84,38,46,1,1,0,46,21,25,11,4,7,26,12,14,18,7,11,0,0,0,12,4,8,0,0,0,6,3,3,873,429,444
02,92,Kagaznagar,Kumuram Bheem,12,Chintalamanepally,569397,0000,VILLAGE,Rudrapur,Rural,582,2349,1152,1197,260,124,136,419,201,218,248,119,129,890,531,359,1459,621,838,1324,642,682,868,467,401,374,290,84,421,131,290,6,2,4,67,44,23,456,175,281,104,57,47,245,86,159,78,14,64,29,18,11,410,153,257,102,57,45,217,72,145,62,6,56,29,18,11,46,22,24,2,0,2,28,14,14,16,8,8,0,0,0,1025,510,515
02,92,Kagaznagar,Kumuram Bheem,13,Bejjur,569398,0000,VILLAGE,Munjampalle,Rural,800,3229,1596,1633,382,184,198,774,381,393,747,353,394,1430,860,570,1799,736,1063,1893,969,924,778,659,119,552,522,30,136,61,75,4,4,0,86,72,14,1115,310,805,144,65,79,873,219,654,16,7,9,82,19,63,1002,282,720,137,62,75,801,201,600,12,6,6,52,13,39,113,28,85,7,3,4,72,18,54,4,1,3,30,6,24,1336,627,709
02,92,Kagaznagar,Kumuram Bheem,12,Chintalamanepally,569399,0000,VILLAGE,Karjavelli,Rural,459,1956,1016,940,242,142,100,202,104,98,324,157,167,827,499,328,1129,517,612,1144,573,571,799,475,324,453,296,157,290,152,138,16,5,11,40,22,18,345,98,247,4,3,1,103,36,67,218,47,171,20,12,8,306,78,228,4,3,1,84,27,57,200,38,162,18,10,8,39,20,19,0,0,0,19,9,10,18,9,9,2,2,0,812,443,369
02,92,Kagaznagar,Kumuram Bheem,12,Chintalamanepally,569400,0000,VILLAGE,Kethini,Rural,57,232,108,124,41,19,22,0,0,0,228,106,122,74,43,31,158,65,93,165,80,85,6,4,2,0,0,0,0,0,0,0,0,0,6,4,2,159,76,83,58,58,0,101,18,83,0,0,0,0,0,0,6,3,3,3,3,0,3,0,3,0,0,0,0,0,0,153,73,80,55,55,0,98,18,80,0,0,0,0,0,0,67,28,39
02,92,Kagaznagar,Kumuram Bheem,12,Chintalamanepally,569401,0000,VILLAGE,Dimda,Rural,265,1110,552,558,121,66,55,197,102,95,79,40,39,271,165,106,839,387,452,718,360,358,15,12,3,3,3,0,2,0,2,0,0,0,10,9,1,703,348,355,298,284,14,397,59,338,5,3,2,3,2,1,30,13,17,11,11,0,16,0,16,1,1,0,2,1,1,673,335,338,287,273,14,381,59,322,4,2,2,1,1,0,392,192,200
02,92,Kagaznagar,Kumuram Bheem,12,Chintalamanepally,569402,0000,VILLAGE,Chittam,Rural,53,241,127,114,40,20,20,81,41,40,115,66,49,71,47,24,170,80,90,182,93,89,119,61,58,50,42,8,49,11,38,0,0,0,20,8,12,63,32,31,5,4,1,28,8,20,0,0,0,30,20,10,63,32,31,5,4,1,28,8,20,0,0,0,30,20,10,0,0,0,0,0,0,0,0,0,0,0,0,0,0,0,59,34,25
02,92,Kagaznagar,Kumuram Bheem,12,Chintalamanepally,569403,0000,VILLAGE,Gudem,Rural,399,1742,878,864,238,128,110,296,154,142,249,128,121,657,391,266,1085,487,598,1075,526,549,194,102,92,84,77,7,78,15,63,20,5,15,12,5,7,881,424,457,351,290,61,223,83,140,251,21,230,56,30,26,864,416,448,350,289,61,215,78,137,244,20,224,55,29,26,17,8,9,1,1,0,8,5,3,7,1,6,1,1,0,667,352,315
02,92,Kagaznagar,Kumuram Bheem,12,Chintalamanepally,569404,0000,VILLAGE,Buruguda,Rural,81,359,166,193,62,23,39,11,4,7,64,27,37,111,63,48,248,103,145,246,123,123,4,2,2,0,0,0,1,0,1,0,0,0,3,2,1,242,121,121,171,88,83,58,23,35,0,0,0,13,10,3,187,95,92,133,68,65,42,18,24,0,0,0,12,9,3,55,26,29,38,20,18,16,5,11,0,0,0,1,1,0,113,43,70
02,92,Kagaznagar,Kumuram Bheem,12,Chintalamanepally,569405,0000,VILLAGE,Koyapalle,Rural,114,515,236,279,104,55,49,31,13,18,336,153,183,132,69,63,383,167,216,308,139,169,4,2,2,0,0,0,1,0,1,0,0,0,3,2,1,304,137,167,255,122,133,20,6,14,14,3,11,15,6,9,299,135,164,254,121,133,19,5,14,11,3,8,15,6,9,5,2,3,1,1,0,1,1,0,3,0,3,0,0,0,207,97,110
02,92,Kagaznagar,Kumuram Bheem,13,Bejjur,569406,0000,VILLAGE,Nagepalle,Rural,33,161,75,86,25,11,14,0,0,0,159,74,85,46,24,22,115,51,64,104,51,53,1,0,1,1,0,1,0,0,0,0,0,0,0,0,0,103,51,52,96,49,47,1,0,1,1,0,1,5,2,3,103,51,52,96,49,47,1,0,1,1,0,1,5,2,3,0,0,0,0,0,0,0,0,0,0,0,0,0,0,0,57,24,33
02,92,Kagaznagar,Kumuram Bheem,13,Bejjur,569407,0000,VILLAGE,Mogavelly,Rural,243,1136,538,598,153,65,88,177,74,103,879,424,455,378,228,150,758,310,448,670,305,365,327,218,109,214,190,24,30,12,18,63,6,57,20,10,10,343,87,256,19,16,3,38,6,32,140,4,136,146,61,85,210,31,179,13,11,2,28,1,27,126,3,123,43,16,27,133,56,77,6,5,1,10,5,5,14,1,13,103,45,58,466,233,233
02,92,Kagaznagar,Kumuram Bheem,12,Chintalamanepally,569408,0000,VILLAGE,Shivapalle,Rural,49,218,99,119,36,17,19,0,0,0,217,99,118,81,46,35,137,53,84,163,72,91,110,44,66,55,24,31,11,2,9,7,1,6,37,17,20,53,28,25,26,14,12,15,7,8,0,0,0,12,7,5,49,25,24,26,14,12,11,4,7,0,0,0,12,7,5,4,3,1,0,0,0,4,3,1,0,0,0,0,0,0,55,27,28
02,92,Kagaznagar,Kumuram Bheem,13,Bejjur,569409,0000,VILLAGE,Ambhaghat,Rural,128,537,262,275,68,27,41,0,0,0,530,261,269,232,143,89,305,119,186,320,156,164,103,94,9,96,91,5,3,1,2,0,0,0,4,2,2,217,62,155,1,0,1,210,58,152,0,0,0,6,4,2,207,57,150,0,0,0,203,54,149,0,0,0,4,3,1,10,5,5,1,0,1,7,4,3,0,0,0,2,1,1,217,106,111
02,92,Kagaznagar,Kumuram Bheem,13,Bejjur,569410,0000,VILLAGE,Katepalle,Rural,141,643,326,317,98,54,44,319,164,155,204,104,100,202,127,75,441,199,242,368,188,180,18,15,3,4,2,2,0,0,0,0,0,0,14,13,1,350,173,177,139,134,5,210,39,171,0,0,0,1,0,1,350,173,177,139,134,5,210,39,171,0,0,0,1,0,1,0,0,0,0,0,0,0,0,0,0,0,0,0,0,0,275,138,137
02,92,Kagaznagar,Kumuram Bheem,13,Bejjur,569411,0000,VILLAGE,Pothepalle,Rural,266,1147,566,581,176,90,86,153,77,76,460,225,235,405,230,175,742,336,406,646,320,326,10,8,2,0,0,0,0,0,0,1,1,0,9,7,2,636,312,324,55,53,2,537,234,303,11,6,5,33,19,14,434,221,213,54,53,1,356,151,205,3,3,0,21,14,7,202,91,111,1,0,1,181,83,98,8,3,5,12,5,7,501,246,255
02,92,Kagaznagar,Kumuram Bheem,13,Bejjur,569412,0000,VILLAGE,Marthadi,Rural,727,3026,1465,1561,390,223,167,1234,592,642,868,416,452,1300,728,572,1726,737,989,1659,828,831,671,454,217,410,307,103,149,70,79,23,7,16,89,70,19,988,374,614,197,137,60,565,185,380,117,8,109,109,44,65,945,359,586,197,137,60,536,172,364,105,7,98,107,43,64,43,15,28,0,0,0,29,13,16,12,1,11,2,1,1,1367,637,730
02,92,Kagaznagar,Kumuram Bheem,13,Bejjur,569413,0000,VILLAGE,Kukuda,Rural,347,1400,724,676,167,97,70,246,121,125,529,259,270,716,465,251,684,259,425,875,444,431,689,353,336,418,242,176,214,83,131,32,16,16,25,12,13,186,91,95,35,22,13,81,36,45,20,5,15,50,28,22,130,67,63,24,16,8,55,25,30,9,1,8,42,25,17,56,24,32,11,6,5,26,11,15,11,4,7,8,3,5,525,280,245
02,92,Kagaznagar,Kumuram Bheem,13,Bejjur,569414,0000,VILLAGE,Rechini,Rural,58,196,91,105,20,11,9,0,0,0,0,0,0,58,38,20,138,53,85,129,60,69,110,53,57,24,21,3,82,29,53,1,1,0,3,2,1,19,7,12,0,0,0,12,4,8,0,0,0,7,3,4,15,6,9,0,0,0,9,3,6,0,0,0,6,3,3,4,1,3,0,0,0,3,1,2,0,0,0,1,0,1,67,31,36
02,92,Kagaznagar,Kumuram Bheem,13,Bejjur,569415,0000,VILLAGE,Kushnepalle,Rural,348,1352,660,692,164,89,75,56,27,29,1,0,1,500,320,180,852,340,512,929,448,481,304,152,152,107,58,49,154,62,92,3,3,0,40,29,11,625,296,329,363,180,183,236,106,130,5,1,4,21,9,12,603,290,313,361,178,183,223,103,120,2,1,1,17,8,9,22,6,16,2,2,0,13,3,10,3,0,3,4,1,3,423,212,211
02,92,Kagaznagar,Kumuram Bheem,13,Bejjur,569416,0000,VILLAGE,Gabbai,Rural,78,319,157,162,56,30,26,20,9,11,293,144,149,104,62,42,215,95,120,166,79,87,117,58,59,48,43,5,63,15,48,4,0,4,2,0,2,49,21,28,1,0,1,38,16,22,6,3,3,4,2,2,34,16,18,1,0,1,31,15,16,1,1,0,1,0,1,15,5,10,0,0,0,7,1,6,5,2,3,3,2,1,153,78,75
02,92,Kagaznagar,Kumuram Bheem,13,Bejjur,569417,0000,VILLAGE,Bejjur,Rural,1259,5154,2499,2655,723,361,362,937,432,505,362,176,186,2078,1213,865,3076,1286,1790,2853,1523,1330,1225,760,465,343,227,116,503,247,256,10,7,3,369,279,90,1628,763,865,224,148,76,1233,495,738,11,4,7,160,116,44,1008,584,424,193,129,64,694,360,334,4,3,1,117,92,25,620,179,441,31,19,12,539,135,404,7,1,6,43,24,19,2301,976,1325
02,92,Kagaznagar,Kumuram Bheem,13,Bejjur,569418,0000,VILLAGE,Chinnasiddapur,Rural,114,457,224,233,49,21,28,0,0,0,27,11,16,141,84,57,316,140,176,317,153,164,103,93,10,73,71,2,18,15,3,4,3,1,8,4,4,214,60,154,0,0,0,209,55,154,0,0,0,5,5,0,154,45,109,0,0,0,152,43,109,0,0,0,2,2,0,60,15,45,0,0,0,57,12,45,0,0,0,3,3,0,140,71,69
02,92,Kagaznagar,Kumuram Bheem,13,Bejjur,569419,0000,VILLAGE,Pedda_Siddapur,Rural,130,609,301,308,74,40,34,0,0,0,183,87,96,218,127,91,391,174,217,388,190,198,182,158,24,143,140,3,31,13,18,0,0,0,8,5,3,206,32,174,3,0,3,201,30,171,0,0,0,2,2,0,147,24,123,3,0,3,143,23,120,0,0,0,1,1,0,59,8,51,0,0,0,58,7,51,0,0,0,1,1,0,221,111,110
02,92,Kagaznagar,Kumuram Bheem,13,Bejjur,569420,0000,VILLAGE,Out_Sarangipalle,Rural,887,3967,1961,2006,478,247,231,607,318,289,3059,1496,1563,1703,1005,698,2264,956,1308,2364,1153,1211,1130,568,562,537,394,143,362,97,265,7,4,3,224,73,151,1234,585,649,161,123,38,995,434,561,7,2,5,71,26,45,1142,548,594,160,122,38,911,399,512,5,2,3,66,25,41,92,37,55,1,1,0,84,35,49,2,0,2,5,1,4,1603,808,795
02,92,Kagaznagar,Kumuram Bheem,14,Penchikalpet,569421,0000,VILLAGE,Kondapalle,Rural,489,1960,988,972,302,151,151,173,89,84,510,260,250,467,294,173,1493,694,799,1157,632,525,750,436,314,481,332,149,212,58,154,21,17,4,36,29,7,407,196,211,16,10,6,321,136,185,6,2,4,64,48,16,287,145,142,8,5,3,238,107,131,3,1,2,38,32,6,120,51,69,8,5,3,83,29,54,3,1,2,26,16,10,803,356,447
02,92,Kagaznagar,Kumuram Bheem,14,Penchikalpet,569422,0000,VILLAGE,Lodpalle,Rural,306,1172,609,563,171,95,76,33,23,10,259,129,130,428,283,145,744,326,418,703,350,353,617,312,305,482,266,216,123,37,86,5,4,1,7,5,2,86,38,48,8,6,2,72,28,44,1,1,0,5,3,2,85,37,48,8,6,2,71,27,44,1,1,0,5,3,2,1,1,0,0,0,0,1,1,0,0,0,0,0,0,0,469,259,210
02,92,Kagaznagar,Kumuram Bheem,14,Penchikalpet,569423,0000,VILLAGE,Bombaiguda,Rural,309,1272,657,615,150,79,71,279,143,136,206,95,111,604,361,243,668,296,372,756,389,367,28,20,8,7,6,1,2,2,0,2,1,1,17,11,6,728,369,359,175,104,71,508,234,274,18,8,10,27,23,4,723,367,356,174,103,71,504,233,271,18,8,10,27,23,4,5,2,3,1,1,0,4,1,3,0,0,0,0,0,0,516,268,248
02,92,Kagaznagar,Kumuram Bheem,14,Penchikalpet,569424,0000,VILLAGE,Yelkapalle,Rural,441,1718,846,872,228,105,123,454,222,232,73,39,34,793,450,343,925,396,529,859,492,367,641,464,177,177,166,11,310,157,153,91,87,4,63,54,9,218,28,190,5,1,4,198,24,174,13,3,10,2,0,2,206,28,178,5,1,4,187,24,163,12,3,9,2,0,2,12,0,12,0,0,0,11,0,11,1,0,1,0,0,0,859,354,505
02,92,Kagaznagar,Kumuram Bheem,14,Penchikalpet,569425,0000,VILLAGE,Yellur,Rural,541,2179,1089,1090,250,131,119,927,463,464,194,94,100,1072,615,457,1107,474,633,1169,606,563,678,411,267,393,294,99,222,73,149,0,0,0,63,44,19,491,195,296,138,83,55,329,96,233,0,0,0,24,16,8,357,134,223,127,72,55,213,51,162,0,0,0,17,11,6,134,61,73,11,11,0,116,45,71,0,0,0,7,5,2,1010,483,527
02,92,Kagaznagar,Kumuram Bheem,14,Penchikalpet,569426,0000,VILLAGE,Penchikalpet,Rural,132,591,281,310,92,38,54,232,109,123,2,0,2,157,92,65,434,189,245,380,189,191,35,30,5,12,12,0,2,2,0,3,3,0,18,13,5,345,159,186,92,84,8,161,35,126,15,3,12,77,37,40,284,140,144,91,83,8,128,29,99,4,0,4,61,28,33,61,19,42,1,1,0,33,6,27,11,3,8,16,9,7,211,92,119
02,92,Kagaznagar,Kumuram Bheem,14,Penchikalpet,569427,0000,VILLAGE,Gannaram,Rural,52,208,107,101,23,11,12,68,35,33,0,0,0,81,54,27,127,53,74,156,81,75,24,14,10,20,11,9,4,3,1,0,0,0,0,0,0,132,67,65,42,22,20,84,42,42,0,0,0,6,3,3,105,51,54,39,20,19,60,28,32,0,0,0,6,3,3,27,16,11,3,2,1,24,14,10,0,0,0,0,0,0,52,26,26
02,92,Kagaznagar,Kumuram Bheem,14,Penchikalpet,569428,0000,VILLAGE,Koyachichal,Rural,35,139,70,69,15,5,10,23,11,12,115,59,56,60,37,23,79,33,46,78,44,34,52,36,16,47,35,12,4,1,3,0,0,0,1,0,1,26,8,18,0,0,0,26,8,18,0,0,0,0,0,0,21,6,15,0,0,0,21,6,15,0,0,0,0,0,0,5,2,3,0,0,0,5,2,3,0,0,0,0,0,0,61,26,35
02,92,Kagaznagar,Kumuram Bheem,14,Penchikalpet,569430,0000,VILLAGE,Agarguda,Rural,130,571,280,291,70,35,35,138,72,66,77,35,42,272,162,110,299,118,181,374,178,196,71,42,29,41,31,10,24,7,17,0,0,0,6,4,2,303,136,167,91,46,45,192,77,115,2,2,0,18,11,7,240,111,129,78,42,36,142,56,86,2,2,0,18,11,7,63,25,38,13,4,9,50,21,29,0,0,0,0,0,0,197,102,95
02,92,Kagaznagar,Kumuram Bheem,14,Penchikalpet,569431,0000,VILLAGE,Gundepalle,Rural,63,259,133,126,45,22,23,0,0,0,256,131,125,76,52,24,183,81,102,141,69,72,48,48,0,45,45,0,1,1,0,1,1,0,1,1,0,93,21,72,0,0,0,92,20,72,0,0,0,1,1,0,93,21,72,0,0,0,92,20,72,0,0,0,1,1,0,0,0,0,0,0,0,0,0,0,0,0,0,0,0,0,118,64,54
02,92,Kagaznagar,Kumuram Bheem,13,Bejjur,569432,0000,VILLAGE,Papanpet,Rural,398,1781,846,935,281,133,148,242,104,138,170,84,86,639,368,271,1142,478,664,950,458,492,340,312,28,266,254,12,46,35,11,3,3,0,25,20,5,610,146,464,28,10,18,526,116,410,8,3,5,48,17,31,606,146,460,28,10,18,523,116,407,8,3,5,47,17,30,4,0,4,0,0,0,3,0,3,0,0,0,1,0,1,831,388,443
02,92,Kagaznagar,Kumuram Bheem,13,Bejjur,569433,0000,VILLAGE,Sushmeer,Rural,65,277,142,135,39,21,18,15,9,6,258,132,126,148,79,69,129,63,66,204,106,98,4,1,3,1,1,0,3,0,3,0,0,0,0,0,0,200,105,95,91,48,43,102,54,48,4,2,2,3,1,2,160,85,75,90,48,42,65,34,31,2,2,0,3,1,2,40,20,20,1,0,1,37,20,17,2,0,2,0,0,0,73,36,37
02,92,Kagaznagar,Kumuram Bheem,13,Bejjur,569434,0000,VILLAGE,Somini,Rural,240,1025,515,510,143,75,68,256,133,123,731,362,369,496,287,209,529,228,301,630,301,329,128,118,10,105,101,4,7,4,3,4,3,1,12,10,2,502,183,319,47,23,24,424,146,278,9,4,5,22,10,12,480,177,303,45,21,24,408,144,264,6,3,3,21,9,12,22,6,16,2,2,0,16,2,14,3,1,2,1,1,0,395,214,181
02,92,Kagaznagar,Kumuram Bheem,13,Bejjur,569435,0000,VILLAGE,Tikkapalle,Rural,35,142,63,79,17,7,10,0,0,0,80,38,42,50,22,28,92,41,51,72,34,38,72,34,38,69,34,35,3,0,3,0,0,0,0,0,0,0,0,0,0,0,0,0,0,0,0,0,0,0,0,0,0,0,0,0,0,0,0,0,0,0,0,0,0,0,0,0,0,0,0,0,0,0,0,0,0,0,0,0,0,0,70,29,41
02,92,Kagaznagar,Kumuram Bheem,13,Bejjur,569436,0000,VILLAGE,Talai,Rural,114,477,234,243,56,29,27,75,36,39,117,56,61,200,120,80,277,114,163,288,140,148,251,126,125,229,112,117,11,5,6,4,3,1,7,6,1,37,14,23,1,0,1,26,9,17,5,2,3,5,3,2,36,14,22,1,0,1,26,9,17,5,2,3,4,3,1,1,0,1,0,0,0,0,0,0,0,0,0,1,0,1,189,94,95
02,92,Kagaznagar,Kumuram Bheem,14,Penchikalpet,569438,0000,VILLAGE,Muraliguda,Rural,70,348,184,164,60,25,35,61,30,31,235,127,108,128,91,37,220,93,127,227,115,112,208,107,101,168,84,84,16,6,10,4,2,2,20,15,5,19,8,11,10,4,6,2,1,1,0,0,0,7,3,4,19,8,11,10,4,6,2,1,1,0,0,0,7,3,4,0,0,0,0,0,0,0,0,0,0,0,0,0,0,0,121,69,52
02,92,Kagaznagar,Kumuram Bheem,14,Penchikalpet,569439,0000,VILLAGE,Kammergaon,Rural,109,454,228,226,62,39,23,92,45,47,320,164,156,220,122,98,234,106,128,236,127,109,101,69,32,67,54,13,11,2,9,0,0,0,23,13,10,135,58,77,2,0,2,121,53,68,0,0,0,12,5,7,129,57,72,2,0,2,121,53,68,0,0,0,6,4,2,6,1,5,0,0,0,0,0,0,0,0,0,6,1,5,218,101,117
02,92,Kagaznagar,Kumuram Bheem,14,Penchikalpet,569440,0000,VILLAGE,Nandigaon,Rural,48,202,104,98,36,20,16,27,15,12,175,89,86,53,39,14,149,65,84,135,66,69,47,47,0,46,46,0,0,0,0,0,0,0,1,1,0,88,19,69,0,0,0,88,19,69,0,0,0,0,0,0,88,19,69,0,0,0,88,19,69,0,0,0,0,0,0,0,0,0,0,0,0,0,0,0,0,0,0,0,0,0,67,38,29
02,92,Kagaznagar,Kumuram Bheem,14,Penchikalpet,569441,0000,VILLAGE,Jilleda,Rural,84,382,190,192,67,34,33,122,64,58,188,97,91,127,75,52,255,115,140,207,100,107,176,87,89,91,57,34,21,12,9,36,5,31,28,13,15,31,13,18,6,3,3,6,4,2,11,1,10,8,5,3,26,11,15,5,2,3,6,4,2,8,1,7,7,4,3,5,2,3,1,1,0,0,0,0,3,0,3,1,1,0,175,90,85
02,92,Kagaznagar,Kumuram Bheem,09,Kagaznagar,569442,0000,VILLAGE,Malni,Rural,159,638,303,335,96,46,50,0,0,0,612,288,324,202,128,74,436,175,261,415,200,215,370,191,179,233,152,81,132,36,96,4,3,1,1,0,1,45,9,36,1,0,1,40,7,33,0,0,0,4,2,2,43,8,35,1,0,1,40,7,33,0,0,0,2,1,1,2,1,1,0,0,0,0,0,0,0,0,0,2,1,1,223,103,120
02,92,Kagaznagar,Kumuram Bheem,09,Kagaznagar,569443,0000,VILLAGE,Metindhani,Rural,8,36,19,17,4,2,2,16,8,8,20,11,9,7,4,3,29,15,14,27,16,11,20,12,8,8,7,1,12,5,7,0,0,0,0,0,0,7,4,3,0,0,0,5,2,3,0,0,0,2,2,0,7,4,3,0,0,0,5,2,3,0,0,0,2,2,0,0,0,0,0,0,0,0,0,0,0,0,0,0,0,0,9,3,6
02,92,Kagaznagar,Kumuram Bheem,09,Kagaznagar,569444,0000,VILLAGE,Marepalle,Rural,126,592,280,312,69,32,37,0,0,0,592,280,312,147,88,59,445,192,253,353,177,176,186,162,24,181,157,24,0,0,0,0,0,0,5,5,0,167,15,152,145,13,132,22,2,20,0,0,0,0,0,0,162,15,147,142,13,129,20,2,18,0,0,0,0,0,0,5,0,5,3,0,3,2,0,2,0,0,0,0,0,0,239,103,136
02,92,Kagaznagar,Kumuram Bheem,09,Kagaznagar,569445,0000,VILLAGE,Regulguda,Rural,158,574,274,300,93,51,42,0,0,0,553,264,289,56,42,14,518,232,286,327,136,191,326,135,191,1,1,0,322,133,189,0,0,0,3,1,2,1,1,0,1,1,0,0,0,0,0,0,0,0,0,0,1,1,0,1,1,0,0,0,0,0,0,0,0,0,0,0,0,0,0,0,0,0,0,0,0,0,0,0,0,0,247,138,109
02,92,Kagaznagar,Kumuram Bheem,09,Kagaznagar,569446,0000,VILLAGE,Kosni,Rural,575,2304,1154,1150,277,149,128,108,53,55,250,129,121,1132,667,465,1172,487,685,1118,662,456,908,558,350,159,109,50,462,236,226,14,7,7,273,206,67,210,104,106,5,1,4,141,79,62,10,2,8,54,22,32,187,100,87,4,1,3,130,78,52,8,1,7,45,20,25,23,4,19,1,0,1,11,1,10,2,1,1,9,2,7,1186,492,694
02,92,Kagaznagar,Kumuram Bheem,09,Kagaznagar,569447,0000,VILLAGE,Boregaon,Rural,432,1747,888,859,243,134,109,84,45,39,13,6,7,859,490,369,888,398,490,642,457,185,445,362,83,241,200,41,40,15,25,50,48,2,114,99,15,197,95,102,9,4,5,104,28,76,2,1,1,82,62,20,167,76,91,8,4,4,96,24,72,1,0,1,62,48,14,30,19,11,1,0,1,8,4,4,1,1,0,20,14,6,1105,431,674
02,92,Kagaznagar,Kumuram Bheem,09,Kagaznagar,569448,0000,VILLAGE,Gondi,Rural,127,552,276,276,98,50,48,0,0,0,552,276,276,138,89,49,414,187,227,335,171,164,60,28,32,33,16,17,24,10,14,0,0,0,3,2,1,275,143,132,99,51,48,140,61,79,0,0,0,36,31,5,267,141,126,99,51,48,134,61,73,0,0,0,34,29,5,8,2,6,0,0,0,6,0,6,0,0,0,2,2,0,217,105,112
02,92,Kagaznagar,Kumuram Bheem,09,Kagaznagar,569449,0000,VILLAGE,Narapur,Rural,17,68,36,32,18,10,8,3,2,1,56,30,26,8,6,2,60,30,30,40,22,18,37,20,17,3,3,0,31,14,17,0,0,0,3,3,0,3,2,1,0,0,0,1,1,0,0,0,0,2,1,1,1,1,0,0,0,0,1,1,0,0,0,0,0,0,0,2,1,1,0,0,0,0,0,0,0,0,0,2,1,1,28,14,14
02,92,Kagaznagar,Kumuram Bheem,09,Kagaznagar,569450,0000,VILLAGE,Metpalle,Rural,14,70,35,35,15,10,5,0,0,0,54,29,25,17,9,8,53,26,27,38,18,20,38,18,20,13,12,1,21,2,19,0,0,0,4,4,0,0,0,0,0,0,0,0,0,0,0,0,0,0,0,0,0,0,0,0,0,0,0,0,0,0,0,0,0,0,0,0,0,0,0,0,0,0,0,0,0,0,0,0,0,0,32,17,15
02,92,Kagaznagar,Kumuram Bheem,09,Kagaznagar,569451,0000,VILLAGE,Dubbaguda,Rural,57,220,117,103,35,20,15,2,2,0,214,112,102,66,39,27,154,78,76,133,67,66,110,55,55,21,20,1,80,27,53,2,1,1,7,7,0,23,12,11,0,0,0,13,5,8,0,0,0,10,7,3,0,0,0,0,0,0,0,0,0,0,0,0,0,0,0,23,12,11,0,0,0,13,5,8,0,0,0,10,7,3,87,50,37
02,92,Kagaznagar,Kumuram Bheem,09,Kagaznagar,569452,0000,VILLAGE,Ankusapur,Rural,206,850,422,428,113,57,56,170,94,76,8,1,7,336,204,132,514,218,296,365,186,179,270,159,111,159,103,56,61,25,36,8,3,5,42,28,14,95,27,68,10,4,6,67,14,53,0,0,0,18,9,9,78,20,58,9,3,6,54,11,43,0,0,0,15,6,9,17,7,10,1,1,0,13,3,10,0,0,0,3,3,0,485,236,249
02,92,Kagaznagar,Kumuram Bheem,09,Kagaznagar,569454,0000,VILLAGE,Nandiguda,Rural,90,361,189,172,45,25,20,0,0,0,0,0,0,149,91,58,212,98,114,218,112,106,36,36,0,22,22,0,0,0,0,0,0,0,14,14,0,182,76,106,28,27,1,138,36,102,0,0,0,16,13,3,94,63,31,28,27,1,53,25,28,0,0,0,13,11,2,88,13,75,0,0,0,85,11,74,0,0,0,3,2,1,143,77,66
02,92,Kagaznagar,Kumuram Bheem,09,Kagaznagar,569455,0000,VILLAGE,Vanjiri,Rural,352,1413,722,691,213,111,102,683,343,340,64,35,29,599,378,221,814,344,470,600,420,180,443,367,76,195,187,8,180,133,47,11,5,6,57,42,15,157,53,104,5,2,3,69,8,61,1,0,1,82,43,39,135,45,90,5,2,3,65,8,57,1,0,1,64,35,29,22,8,14,0,0,0,4,0,4,0,0,0,18,8,10,813,302,511
02,92,Kagaznagar,Kumuram Bheem,09,Kagaznagar,569456,0000,VILLAGE,Bareguda,Rural,524,2188,1102,1086,244,123,121,293,149,144,6,1,5,1083,660,423,1105,442,663,879,621,258,646,538,108,155,133,22,38,12,26,14,9,5,439,384,55,233,83,150,3,0,3,140,18,122,2,1,1,88,64,24,207,66,141,3,0,3,135,18,117,1,0,1,68,48,20,26,17,9,0,0,0,5,0,5,1,1,0,20,16,4,1309,481,828
02,92,Kagaznagar,Kumuram Bheem,09,Kagaznagar,569457,0000,VILLAGE,Chinthaguda,Rural,1432,5515,2716,2799,638,330,308,1330,650,680,14,7,7,3201,1830,1371,2314,886,1428,2151,1553,598,1578,1318,260,176,144,32,273,193,80,48,41,7,1081,940,141,573,235,338,4,3,1,117,21,96,9,5,4,443,206,237,453,218,235,3,2,1,85,21,64,8,4,4,357,191,166,120,17,103,1,1,0,32,0,32,1,1,0,86,15,71,3364,1163,2201
02,92,Kagaznagar,Kumuram Bheem,09,Kagaznagar,569458,0000,VILLAGE,Easgaon,Rural,444,1807,916,891,229,120,109,307,153,154,128,56,72,1021,596,425,786,320,466,860,519,341,537,355,182,177,131,46,146,62,84,8,4,4,206,158,48,323,164,159,12,8,4,107,35,72,7,2,5,197,119,78,305,160,145,12,8,4,99,35,64,7,2,5,187,115,72,18,4,14,0,0,0,8,0,8,0,0,0,10,4,6,947,397,550
02,92,Kagaznagar,Kumuram Bheem,09,Kagaznagar,569459,0000,VILLAGE,Nazrulnagar,Rural,2713,12823,6674,6149,1540,805,735,0,0,0,0,0,0,8810,5054,3756,4013,1620,2393,4514,3644,870,3407,2976,431,1960,1797,163,598,438,160,41,34,7,808,707,101,1107,668,439,137,105,32,482,247,235,52,36,16,436,280,156,941,594,347,126,102,24,403,221,182,31,23,8,381,248,133,166,74,92,11,3,8,79,26,53,21,13,8,55,32,23,8309,3030,5279
02,92,Kagaznagar,Kumuram Bheem,09,Kagaznagar,569460,0000,VILLAGE,Ankhoda,Rural,209,905,460,445,87,48,39,164,83,81,338,174,164,431,251,180,474,209,265,493,270,223,416,227,189,156,103,53,218,90,128,7,7,0,35,27,8,77,43,34,0,0,0,51,27,24,18,11,7,8,5,3,75,43,32,0,0,0,49,27,22,18,11,7,8,5,3,2,0,2,0,0,0,2,0,2,0,0,0,0,0,0,412,190,222
02,92,Kagaznagar,Kumuram Bheem,09,Kagaznagar,569461,0000,VILLAGE,Mandva,Rural,51,165,81,84,18,10,8,0,0,0,151,73,78,56,32,24,109,49,60,104,56,48,103,56,47,22,13,9,79,41,38,0,0,0,2,2,0,1,0,1,0,0,0,1,0,1,0,0,0,0,0,0,1,0,1,0,0,0,1,0,1,0,0,0,0,0,0,0,0,0,0,0,0,0,0,0,0,0,0,0,0,0,61,25,36
02,92,Kagaznagar,Kumuram Bheem,09,Kagaznagar,569462,0000,VILLAGE,Gannaram,Rural,327,1331,656,675,168,82,86,465,233,232,33,15,18,647,359,288,684,297,387,705,395,310,375,266,109,130,127,3,220,118,102,0,0,0,25,21,4,330,129,201,2,1,1,310,118,192,0,0,0,18,10,8,319,124,195,2,1,1,299,113,186,0,0,0,18,10,8,11,5,6,0,0,0,11,5,6,0,0,0,0,0,0,626,261,365
02,92,Kagaznagar,Kumuram Bheem,09,Kagaznagar,569463,0000,VILLAGE,Valakonda,Rural,340,1429,731,698,183,107,76,674,348,326,16,6,10,695,392,303,734,339,395,806,409,397,773,401,372,238,212,26,497,159,338,1,0,1,37,30,7,33,8,25,0,0,0,16,5,11,0,0,0,17,3,14,22,4,18,0,0,0,13,4,9,0,0,0,9,0,9,11,4,7,0,0,0,3,1,2,0,0,0,8,3,5,623,322,301
02,92,Kagaznagar,Kumuram Bheem,09,Kagaznagar,569464,0000,VILLAGE,Andavelli,Rural,488,1964,998,966,244,133,111,273,137,136,0,0,0,900,550,350,1064,448,616,1041,562,479,704,416,288,147,137,10,404,155,249,33,19,14,120,105,15,337,146,191,10,3,7,304,132,172,10,3,7,13,8,5,328,145,183,10,3,7,302,132,170,4,2,2,12,8,4,9,1,8,0,0,0,2,0,2,6,1,5,1,0,1,923,436,487
02,92,Kagaznagar,Kumuram Bheem,09,Kagaznagar,569465,0000,VILLAGE,Bhatpalle,Rural,1003,3902,1946,1956,430,216,214,1033,506,527,11,6,5,2142,1244,898,1760,702,1058,1445,1040,405,1039,846,193,41,38,3,72,37,35,21,17,4,905,754,151,406,194,212,6,5,1,182,35,147,14,8,6,204,146,58,319,162,157,6,5,1,146,31,115,11,6,5,156,120,36,87,32,55,0,0,0,36,4,32,3,2,1,48,26,22,2457,906,1551
02,92,Kagaznagar,Kumuram Bheem,09,Kagaznagar,569466,0000,VILLAGE,Jagannathpur,Rural,144,611,316,295,87,40,47,236,126,110,7,6,1,261,154,107,350,162,188,366,188,178,354,183,171,88,79,9,260,102,158,0,0,0,6,2,4,12,5,7,11,4,7,1,1,0,0,0,0,0,0,0,12,5,7,11,4,7,1,1,0,0,0,0,0,0,0,0,0,0,0,0,0,0,0,0,0,0,0,0,0,0,245,128,117
02,92,Kagaznagar,Kumuram Bheem,09,Kagaznagar,569467,0000,VILLAGE,Bodepalle,Rural,317,1390,699,691,229,123,106,60,30,30,0,0,0,457,270,187,933,429,504,797,402,395,760,388,372,284,208,76,262,78,184,0,0,0,214,102,112,37,14,23,0,0,0,21,5,16,0,0,0,16,9,7,36,14,22,0,0,0,20,5,15,0,0,0,16,9,7,1,0,1,0,0,0,1,0,1,0,0,0,0,0,0,593,297,296
02,92,Kagaznagar,Kumuram Bheem,09,Kagaznagar,569468,0000,VILLAGE,Boregaon,Rural,24,109,51,58,19,7,12,19,9,10,8,3,5,41,23,18,68,28,40,63,33,30,63,33,30,13,13,0,47,17,30,0,0,0,3,3,0,0,0,0,0,0,0,0,0,0,0,0,0,0,0,0,0,0,0,0,0,0,0,0,0,0,0,0,0,0,0,0,0,0,0,0,0,0,0,0,0,0,0,0,0,0,46,18,28
02,92,Kagaznagar,Kumuram Bheem,09,Kagaznagar,569469,0000,VILLAGE,Seetanagar,Rural,68,236,110,126,31,15,16,100,47,53,0,0,0,102,55,47,134,55,79,128,66,62,69,49,20,35,27,8,21,13,8,0,0,0,13,9,4,59,17,42,12,2,10,47,15,32,0,0,0,0,0,0,57,16,41,11,2,9,46,14,32,0,0,0,0,0,0,2,1,1,1,0,1,1,1,0,0,0,0,0,0,0,108,44,64
02,92,Kagaznagar,Kumuram Bheem,09,Kagaznagar,569470,0000,VILLAGE,Jambuga,Rural,25,107,54,53,13,8,5,0,0,0,0,0,0,51,27,24,56,27,29,60,34,26,45,30,15,16,12,4,24,15,9,0,0,0,5,3,2,15,4,11,3,1,2,12,3,9,0,0,0,0,0,0,15,4,11,3,1,2,12,3,9,0,0,0,0,0,0,0,0,0,0,0,0,0,0,0,0,0,0,0,0,0,47,20,27
02,92,Kagaznagar,Kumuram Bheem,09,Kagaznagar,569471,0000,VILLAGE,Nagampet,Rural,334,1414,730,684,208,112,96,653,342,311,9,5,4,631,400,231,783,330,453,671,413,258,433,318,115,293,260,33,116,41,75,0,0,0,24,17,7,238,95,143,23,18,5,146,42,104,6,2,4,63,33,30,195,78,117,23,18,5,136,41,95,4,2,2,32,17,15,43,17,26,0,0,0,10,1,9,2,0,2,31,16,15,743,317,426
02,92,Kagaznagar,Kumuram Bheem,09,Kagaznagar,569472,0000,VILLAGE,Mosam,Rural,687,2665,1316,1349,382,205,177,247,128,119,112,55,57,1020,583,437,1645,733,912,1577,765,812,1059,541,518,474,289,185,518,203,315,18,11,7,49,38,11,518,224,294,335,152,183,165,62,103,0,0,0,18,10,8,492,217,275,321,149,172,154,58,96,0,0,0,17,10,7,26,7,19,14,3,11,11,4,7,0,0,0,1,0,1,1088,551,537
02,92,Kagaznagar,Kumuram Bheem,09,Kagaznagar,569473,0000,VILLAGE,Raspalli,Rural,534,1969,972,997,252,124,128,454,209,245,68,34,34,683,389,294,1286,583,703,987,579,408,688,494,194,350,327,23,258,111,147,2,2,0,78,54,24,299,85,214,1,1,0,289,79,210,1,1,0,8,4,4,266,83,183,1,1,0,256,77,179,1,1,0,8,4,4,33,2,31,0,0,0,33,2,31,0,0,0,0,0,0,982,393,589
02,92,Kagaznagar,Kumuram Bheem,09,Kagaznagar,569474,0000,VILLAGE,Sarsala,Rural,261,950,476,474,139,78,61,300,154,146,0,0,0,408,228,180,542,248,294,472,240,232,323,179,144,186,109,77,125,62,63,0,0,0,12,8,4,149,61,88,2,0,2,110,38,72,0,0,0,37,23,14,127,49,78,2,0,2,108,37,71,0,0,0,17,12,5,22,12,10,0,0,0,2,1,1,0,0,0,20,11,9,478,236,242
02,92,Kagaznagar,Kumuram Bheem,09,Kagaznagar,569475,0000,VILLAGE,Kadamba,Rural,142,597,295,302,49,25,24,15,9,6,1,1,0,228,132,96,369,163,206,345,174,171,182,105,77,71,56,15,96,37,59,3,3,0,12,9,3,163,69,94,1,1,0,161,68,93,0,0,0,1,0,1,159,69,90,1,1,0,157,68,89,0,0,0,1,0,1,4,0,4,0,0,0,4,0,4,0,0,0,0,0,0,252,121,131
02,92,Kagaznagar,Kumuram Bheem,14,Penchikalpet,569477,0000,VILLAGE,Pothepalle,Rural,123,460,224,236,59,27,32,170,85,85,34,15,19,183,108,75,277,116,161,225,133,92,222,132,90,94,71,23,119,56,63,0,0,0,9,5,4,3,1,2,0,0,0,2,1,1,0,0,0,1,0,1,3,1,2,0,0,0,2,1,1,0,0,0,1,0,1,0,0,0,0,0,0,0,0,0,0,0,0,0,0,0,235,91,144
02,92,Kagaznagar,Kumuram Bheem,14,Penchikalpet,569478,0000,VILLAGE,Guntlapet,Rural,141,533,281,252,73,36,37,50,23,27,0,0,0,208,132,76,325,149,176,297,149,148,109,106,3,56,55,1,52,50,2,0,0,0,1,1,0,188,43,145,4,3,1,177,37,140,2,0,2,5,3,2,184,43,141,4,3,1,173,37,136,2,0,2,5,3,2,4,0,4,0,0,0,4,0,4,0,0,0,0,0,0,236,132,104
02,91,Asifabad,Kumuram Bheem,06,Asifabad,569479,0000,VILLAGE,Wadiguda,Rural,217,894,447,447,133,72,61,21,10,11,80,35,45,339,200,139,555,247,308,618,310,308,494,275,219,194,121,73,272,129,143,0,0,0,28,25,3,124,35,89,78,18,60,43,15,28,0,0,0,3,2,1,88,18,70,57,7,50,30,10,20,0,0,0,1,1,0,36,17,19,21,11,10,13,5,8,0,0,0,2,1,1,276,137,139
02,91,Asifabad,Kumuram Bheem,06,Asifabad,569480,0000,VILLAGE,Ada,Rural,475,2055,1064,991,326,172,154,166,87,79,302,149,153,714,459,255,1341,605,736,1358,694,664,1161,631,530,11,11,0,1097,581,516,4,0,4,49,39,10,197,63,134,18,10,8,165,51,114,0,0,0,14,2,12,192,62,130,17,10,7,163,51,112,0,0,0,12,1,11,5,1,4,1,0,1,2,0,2,0,0,0,2,1,1,697,370,327
02,91,Asifabad,Kumuram Bheem,06,Asifabad,569482,0000,VILLAGE,Danapur,Rural,6,33,17,16,5,3,2,14,7,7,0,0,0,10,6,4,23,11,12,24,12,12,24,12,12,24,12,12,0,0,0,0,0,0,0,0,0,0,0,0,0,0,0,0,0,0,0,0,0,0,0,0,0,0,0,0,0,0,0,0,0,0,0,0,0,0,0,0,0,0,0,0,0,0,0,0,0,0,0,0,0,0,9,5,4
02,91,Asifabad,Kumuram Bheem,06,Asifabad,569483,0000,VILLAGE,Ippalnavegaon,Rural,198,828,424,404,104,58,46,41,21,20,118,60,58,341,210,131,487,214,273,494,259,235,384,228,156,243,130,113,54,24,30,1,1,0,86,73,13,110,31,79,1,1,0,104,27,77,0,0,0,5,3,2,110,31,79,1,1,0,104,27,77,0,0,0,5,3,2,0,0,0,0,0,0,0,0,0,0,0,0,0,0,0,334,165,169
02,91,Asifabad,Kumuram Bheem,06,Asifabad,569484,0000,VILLAGE,Saleguda,Rural,270,1148,563,585,163,82,81,223,111,112,10,5,5,489,316,173,659,247,412,423,301,122,374,299,75,85,77,8,226,164,62,3,3,0,60,55,5,49,2,47,1,1,0,47,1,46,0,0,0,1,0,1,49,2,47,1,1,0,47,1,46,0,0,0,1,0,1,0,0,0,0,0,0,0,0,0,0,0,0,0,0,0,725,262,463
02,91,Asifabad,Kumuram Bheem,06,Asifabad,569486,0000,VILLAGE,Govindapur,Rural,99,435,211,224,59,31,28,53,25,28,55,21,34,174,92,82,261,119,142,255,124,131,249,122,127,72,71,1,175,50,125,0,0,0,2,1,1,6,2,4,1,1,0,5,1,4,0,0,0,0,0,0,6,2,4,1,1,0,5,1,4,0,0,0,0,0,0,0,0,0,0,0,0,0,0,0,0,0,0,0,0,0,180,87,93
02,91,Asifabad,Kumuram Bheem,06,Asifabad,569487,0000,VILLAGE,Gundi,Rural,527,2158,1086,1072,311,164,147,191,86,105,88,51,37,849,516,333,1309,570,739,1123,642,481,1119,641,478,477,353,124,533,233,300,64,21,43,45,34,11,4,1,3,0,0,0,1,0,1,3,1,2,0,0,0,1,0,1,0,0,0,1,0,1,0,0,0,0,0,0,3,1,2,0,0,0,0,0,0,3,1,2,0,0,0,1035,444,591
02,91,Asifabad,Kumuram Bheem,06,Asifabad,569488,0000,VILLAGE,Cherpalle,Rural,259,994,502,492,131,78,53,214,107,107,0,0,0,396,233,163,598,269,329,620,308,312,388,271,117,216,152,64,133,92,41,1,0,1,38,27,11,232,37,195,4,2,2,220,31,189,2,1,1,6,3,3,232,37,195,4,2,2,220,31,189,2,1,1,6,3,3,0,0,0,0,0,0,0,0,0,0,0,0,0,0,0,374,194,180
02,91,Asifabad,Kumuram Bheem,06,Asifabad,569490,0000,VILLAGE,Nandupa,Rural,73,321,175,146,33,20,13,0,0,0,10,6,4,100,73,27,221,102,119,224,117,107,222,115,107,186,96,90,25,9,16,0,0,0,11,10,1,2,2,0,0,0,0,1,1,0,0,0,0,1,1,0,2,2,0,0,0,0,1,1,0,0,0,0,1,1,0,0,0,0,0,0,0,0,0,0,0,0,0,0,0,0,97,58,39
02,91,Asifabad,Kumuram Bheem,06,Asifabad,569491,0000,VILLAGE,Rahapalle,Rural,324,1212,594,618,163,81,82,247,123,124,9,6,3,573,328,245,639,266,373,724,368,356,538,339,199,206,202,4,211,39,172,0,0,0,121,98,23,186,29,157,2,1,1,172,21,151,0,0,0,12,7,5,184,27,157,2,1,1,172,21,151,0,0,0,10,5,5,2,2,0,0,0,0,0,0,0,0,0,0,2,2,0,488,226,262
02,91,Asifabad,Kumuram Bheem,06,Asifabad,569492,0000,VILLAGE,Rajura,Rural,138,641,317,324,98,57,41,51,29,22,0,0,0,122,77,45,519,240,279,350,168,182,345,167,178,150,148,2,183,11,172,0,0,0,12,8,4,5,1,4,1,1,0,4,0,4,0,0,0,0,0,0,5,1,4,1,1,0,4,0,4,0,0,0,0,0,0,0,0,0,0,0,0,0,0,0,0,0,0,0,0,0,291,149,142
02,91,Asifabad,Kumuram Bheem,06,Asifabad,569496,0000,VILLAGE,Yellaram,Rural,334,1447,727,720,172,91,81,490,245,245,54,29,25,645,384,261,802,343,459,827,444,383,679,389,290,234,170,64,287,76,211,1,1,0,157,142,15,148,55,93,18,8,10,128,45,83,0,0,0,2,2,0,134,47,87,15,5,10,117,40,77,0,0,0,2,2,0,14,8,6,3,3,0,11,5,6,0,0,0,0,0,0,620,283,337
02,91,Asifabad,Kumuram Bheem,06,Asifabad,569497,0000,VILLAGE,Kommuguda,Rural,17,77,37,40,17,6,11,0,0,0,0,0,0,16,12,4,61,25,36,42,24,18,38,22,16,38,22,16,0,0,0,0,0,0,0,0,0,4,2,2,0,0,0,4,2,2,0,0,0,0,0,0,3,1,2,0,0,0,3,1,2,0,0,0,0,0,0,1,1,0,0,0,0,1,1,0,0,0,0,0,0,0,35,13,22
02,91,Asifabad,Kumuram Bheem,06,Asifabad,569498,0000,VILLAGE,Dadpapur,Rural,203,740,367,373,105,64,41,20,9,11,387,179,208,275,146,129,465,221,244,433,204,229,419,200,219,137,97,40,245,78,167,6,3,3,31,22,9,14,4,10,1,0,1,12,3,9,0,0,0,1,1,0,14,4,10,1,0,1,12,3,9,0,0,0,1,1,0,0,0,0,0,0,0,0,0,0,0,0,0,0,0,0,307,163,144
02,91,Asifabad,Kumuram Bheem,06,Asifabad,569499,0000,VILLAGE,Khapri,Rural,109,484,249,235,70,33,37,0,0,0,435,227,208,85,49,36,399,200,199,316,166,150,260,136,124,127,123,4,129,12,117,1,0,1,3,1,2,56,30,26,2,2,0,52,26,26,0,0,0,2,2,0,55,29,26,2,2,0,52,26,26,0,0,0,1,1,0,1,1,0,0,0,0,0,0,0,0,0,0,1,1,0,168,83,85
02,91,Asifabad,Kumuram Bheem,06,Asifabad,569501,0000,VILLAGE,Babapur,Rural,350,1538,790,748,276,151,125,473,254,219,186,92,94,613,387,226,925,403,522,839,434,405,828,431,397,319,252,67,411,103,308,18,4,14,80,72,8,11,3,8,2,1,1,7,1,6,0,0,0,2,1,1,10,2,8,1,0,1,7,1,6,0,0,0,2,1,1,1,1,0,1,1,0,0,0,0,0,0,0,0,0,0,699,356,343
02,91,Asifabad,Kumuram Bheem,06,Asifabad,569502,0000,VILLAGE,Ankusapur,Rural,484,2113,1046,1067,328,153,175,424,217,207,227,114,113,756,454,302,1357,592,765,1053,601,452,994,574,420,430,264,166,381,175,206,13,9,4,170,126,44,59,27,32,1,1,0,18,4,14,3,1,2,37,21,16,56,27,29,1,1,0,16,4,12,3,1,2,36,21,15,3,0,3,0,0,0,2,0,2,0,0,0,1,0,1,1060,445,615
02,91,Asifabad,Kumuram Bheem,06,Asifabad,569503,0000,VILLAGE,Buruguda,Rural,599,2222,1123,1099,244,126,118,270,121,149,0,0,0,1029,606,423,1193,517,676,1238,657,581,1055,630,425,396,250,146,445,207,238,20,15,5,194,158,36,183,27,156,47,6,41,122,14,108,2,1,1,12,6,6,178,25,153,47,6,41,117,12,105,2,1,1,12,6,6,5,2,3,0,0,0,5,2,3,0,0,0,0,0,0,984,466,518
02,91,Asifabad,Kumuram Bheem,06,Asifabad,569504,0000,VILLAGE,Motuguda,Rural,248,1128,583,545,173,94,79,184,91,93,1,0,1,450,270,180,678,313,365,542,322,220,474,296,178,220,140,80,161,75,86,3,3,0,90,78,12,68,26,42,3,2,1,39,7,32,4,1,3,22,16,6,37,14,23,2,2,0,17,1,16,3,0,3,15,11,4,31,12,19,1,0,1,22,6,16,1,1,0,7,5,2,586,261,325
02,91,Asifabad,Kumuram Bheem,06,Asifabad,569505,0000,VILLAGE,Appepalle,Rural,263,1098,580,518,131,71,60,138,73,65,21,10,11,584,357,227,514,223,291,608,331,277,509,303,206,180,157,23,244,87,157,4,4,0,81,55,26,99,28,71,14,4,10,49,12,37,12,4,8,24,8,16,76,21,55,13,4,9,37,9,28,4,1,3,22,7,15,23,7,16,1,0,1,12,3,9,8,3,5,2,1,1,490,249,241
02,91,Asifabad,Kumuram Bheem,06,Asifabad,569506,0000,VILLAGE,Kommuguda,Rural,96,382,179,203,34,13,21,58,27,31,0,0,0,175,91,84,207,88,119,222,117,105,198,113,85,67,48,19,90,38,52,0,0,0,41,27,14,24,4,20,6,0,6,14,3,11,0,0,0,4,1,3,19,4,15,4,0,4,12,3,9,0,0,0,3,1,2,5,0,5,2,0,2,2,0,2,0,0,0,1,0,1,160,62,98
02,91,Asifabad,Kumuram Bheem,06,Asifabad,569507,0000,VILLAGE,Edulwada,Rural,341,1299,634,665,145,70,75,153,73,80,45,27,18,702,405,297,597,229,368,711,386,325,440,243,197,259,137,122,122,60,62,13,10,3,46,36,10,271,143,128,37,22,15,173,80,93,12,7,5,49,34,15,56,26,30,12,5,7,29,11,18,3,1,2,12,9,3,215,117,98,25,17,8,144,69,75,9,6,3,37,25,12,588,248,340
02,91,Asifabad,Kumuram Bheem,06,Asifabad,569508,0000,VILLAGE,Singaraopet,Rural,39,140,70,70,19,8,11,51,24,27,0,0,0,74,42,32,66,28,38,80,40,40,75,38,37,37,22,15,19,4,15,0,0,0,19,12,7,5,2,3,1,1,0,4,1,3,0,0,0,0,0,0,5,2,3,1,1,0,4,1,3,0,0,0,0,0,0,0,0,0,0,0,0,0,0,0,0,0,0,0,0,0,60,30,30
02,91,Asifabad,Kumuram Bheem,06,Asifabad,569509,0000,VILLAGE,Chilatiguda,Rural,154,687,337,350,102,56,46,93,46,47,2,2,0,268,148,120,419,189,230,425,209,216,423,208,215,96,78,18,205,36,169,0,0,0,122,94,28,2,1,1,0,0,0,2,1,1,0,0,0,0,0,0,2,1,1,0,0,0,2,1,1,0,0,0,0,0,0,0,0,0,0,0,0,0,0,0,0,0,0,0,0,0,262,128,134
02,91,Asifabad,Kumuram Bheem,06,Asifabad,569510,0000,VILLAGE,Samela,Rural,25,101,45,56,12,8,4,0,0,0,71,31,40,49,23,26,52,22,30,60,29,31,49,28,21,15,14,1,27,7,20,0,0,0,7,7,0,11,1,10,0,0,0,11,1,10,0,0,0,0,0,0,11,1,10,0,0,0,11,1,10,0,0,0,0,0,0,0,0,0,0,0,0,0,0,0,0,0,0,0,0,0,41,16,25
02,91,Asifabad,Kumuram Bheem,06,Asifabad,569511,0000,VILLAGE,Tumpalle,Rural,283,1163,611,552,144,87,57,119,60,59,208,110,98,538,313,225,625,298,327,674,379,295,549,357,192,136,114,22,313,159,154,0,0,0,100,84,16,125,22,103,8,3,5,116,18,98,0,0,0,1,1,0,121,21,100,8,3,5,112,17,95,0,0,0,1,1,0,4,1,3,0,0,0,4,1,3,0,0,0,0,0,0,489,232,257
02,91,Asifabad,Kumuram Bheem,06,Asifabad,569512,0000,VILLAGE,Dagleshwar,Rural,38,173,86,87,21,11,10,12,4,8,161,82,79,80,48,32,93,38,55,84,41,43,74,37,37,68,36,32,6,1,5,0,0,0,0,0,0,10,4,6,1,0,1,8,3,5,0,0,0,1,1,0,9,4,5,1,0,1,7,3,4,0,0,0,1,1,0,1,0,1,0,0,0,1,0,1,0,0,0,0,0,0,89,45,44
02,91,Asifabad,Kumuram Bheem,06,Asifabad,569513,0000,VILLAGE,Kosara,Rural,35,152,76,76,22,9,13,0,0,0,152,76,76,55,28,27,97,48,49,80,44,36,79,43,36,77,42,35,1,0,1,0,0,0,1,1,0,1,1,0,0,0,0,1,1,0,0,0,0,0,0,0,1,1,0,0,0,0,1,1,0,0,0,0,0,0,0,0,0,0,0,0,0,0,0,0,0,0,0,0,0,0,72,32,40
02,91,Asifabad,Kumuram Bheem,06,Asifabad,569514,0000,VILLAGE,Itukyal,Rural,74,308,152,156,37,18,19,27,12,15,0,0,0,151,88,63,157,64,93,103,87,16,102,87,15,49,46,3,22,17,5,1,1,0,30,23,7,1,0,1,0,0,0,1,0,1,0,0,0,0,0,0,1,0,1,0,0,0,1,0,1,0,0,0,0,0,0,0,0,0,0,0,0,0,0,0,0,0,0,0,0,0,205,65,140
02,91,Asifabad,Kumuram Bheem,06,Asifabad,569515,0000,VILLAGE,Balegaon,Rural,89,368,197,171,47,29,18,0,0,0,125,70,55,160,104,56,208,93,115,144,97,47,133,92,41,110,73,37,9,6,3,4,4,0,10,9,1,11,5,6,2,0,2,3,1,2,0,0,0,6,4,2,10,5,5,1,0,1,3,1,2,0,0,0,6,4,2,1,0,1,1,0,1,0,0,0,0,0,0,0,0,0,224,100,124
02,91,Asifabad,Kumuram Bheem,06,Asifabad,569516,0000,VILLAGE,Demmidiguda,Rural,40,195,99,96,45,25,20,0,0,0,194,99,95,35,21,14,160,78,82,91,45,46,76,39,37,75,39,36,1,0,1,0,0,0,0,0,0,15,6,9,2,1,1,13,5,8,0,0,0,0,0,0,14,5,9,1,0,1,13,5,8,0,0,0,0,0,0,1,1,0,1,1,0,0,0,0,0,0,0,0,0,0,104,54,50
02,91,Asifabad,Kumuram Bheem,06,Asifabad,569517,0000,VILLAGE,Wavudham,Rural,58,223,102,121,37,15,22,0,0,0,206,93,113,63,39,24,160,63,97,147,71,76,129,69,60,100,59,41,22,7,15,0,0,0,7,3,4,18,2,16,0,0,0,18,2,16,0,0,0,0,0,0,18,2,16,0,0,0,18,2,16,0,0,0,0,0,0,0,0,0,0,0,0,0,0,0,0,0,0,0,0,0,76,31,45
02,91,Asifabad,Kumuram Bheem,06,Asifabad,569518,0000,VILLAGE,Mankapur,Rural,51,245,114,131,32,10,22,0,0,0,242,114,128,46,28,18,199,86,113,151,70,81,127,67,60,66,65,1,61,2,59,0,0,0,0,0,0,24,3,21,0,0,0,24,3,21,0,0,0,0,0,0,23,2,21,0,0,0,23,2,21,0,0,0,0,0,0,1,1,0,0,0,0,1,1,0,0,0,0,0,0,0,94,44,50
02,91,Asifabad,Kumuram Bheem,06,Asifabad,569519,0000,VILLAGE,Kutoda,Rural,37,171,96,75,31,20,11,0,0,0,171,96,75,47,37,10,124,59,65,99,52,47,92,49,43,89,48,41,3,1,2,0,0,0,0,0,0,7,3,4,1,1,0,3,1,2,1,0,1,2,1,1,7,3,4,1,1,0,3,1,2,1,0,1,2,1,1,0,0,0,0,0,0,0,0,0,0,0,0,0,0,0,72,44,28
02,91,Asifabad,Kumuram Bheem,06,Asifabad,569520,0000,VILLAGE,MalanGondi,Rural,72,298,145,153,47,22,25,0,0,0,297,145,152,46,28,18,252,117,135,167,85,82,154,81,73,142,77,65,11,3,8,0,0,0,1,1,0,13,4,9,1,1,0,8,2,6,0,0,0,4,1,3,7,2,5,1,1,0,4,1,3,0,0,0,2,0,2,6,2,4,0,0,0,4,1,3,0,0,0,2,1,1,131,60,71
02,91,Asifabad,Kumuram Bheem,06,Asifabad,569522,0000,VILLAGE,Ada- Dasnapur,Rural,89,375,175,200,60,27,33,0,0,0,374,175,199,131,72,59,244,103,141,205,98,107,198,97,101,182,96,86,16,1,15,0,0,0,0,0,0,7,1,6,1,0,1,4,0,4,0,0,0,2,1,1,6,1,5,1,0,1,3,0,3,0,0,0,2,1,1,1,0,1,0,0,0,1,0,1,0,0,0,0,0,0,170,77,93
02,91,Asifabad,Kumuram Bheem,06,Asifabad,569524,0000,VILLAGE,Wadigondi,Rural,52,253,118,135,52,25,27,0,0,0,253,118,135,72,49,23,181,69,112,123,59,64,109,55,54,102,51,51,7,4,3,0,0,0,0,0,0,14,4,10,4,3,1,9,1,8,1,0,1,0,0,0,11,4,7,4,3,1,7,1,6,0,0,0,0,0,0,3,0,3,0,0,0,2,0,2,1,0,1,0,0,0,130,59,71
02,91,Asifabad,Kumuram Bheem,06,Asifabad,569525,0000,VILLAGE,Mowad,Rural,126,553,270,283,83,43,40,5,2,3,546,267,279,249,144,105,304,126,178,329,163,166,329,163,166,129,117,12,190,40,150,0,0,0,10,6,4,0,0,0,0,0,0,0,0,0,0,0,0,0,0,0,0,0,0,0,0,0,0,0,0,0,0,0,0,0,0,0,0,0,0,0,0,0,0,0,0,0,0,0,0,0,224,107,117
02,91,Asifabad,Kumuram Bheem,06,Asifabad,569526,0000,VILLAGE,SiryanMowad,Rural,83,426,208,218,69,34,35,2,1,1,415,202,213,150,94,56,276,114,162,242,127,115,136,100,36,81,79,2,48,16,32,0,0,0,7,5,2,106,27,79,1,1,0,68,14,54,0,0,0,37,12,25,90,17,73,1,1,0,66,12,54,0,0,0,23,4,19,16,10,6,0,0,0,2,2,0,0,0,0,14,8,6,184,81,103
02,91,Asifabad,Kumuram Bheem,06,Asifabad,569527,0000,VILLAGE,Balhanpur,Rural,161,750,383,367,129,74,55,241,123,118,454,229,225,361,227,134,389,156,233,398,202,196,178,164,14,112,112,0,13,11,2,1,0,1,52,41,11,220,38,182,1,1,0,213,34,179,0,0,0,6,3,3,121,24,97,1,1,0,116,20,96,0,0,0,4,3,1,99,14,85,0,0,0,97,14,83,0,0,0,2,0,2,352,181,171
02,91,Asifabad,Kumuram Bheem,06,Asifabad,569528,0000,VILLAGE,TemrianMovad,Rural,32,172,82,90,28,9,19,0,0,0,165,79,86,44,25,19,128,57,71,100,55,45,69,49,20,40,40,0,29,9,20,0,0,0,0,0,0,31,6,25,1,1,0,11,3,8,0,0,0,19,2,17,25,4,21,1,1,0,11,3,8,0,0,0,13,0,13,6,2,4,0,0,0,0,0,0,0,0,0,6,2,4,72,27,45
02,91,Asifabad,Kumuram Bheem,06,Asifabad,569529,0000,VILLAGE,KowdianMowad,Rural,44,220,118,102,46,26,20,0,0,0,220,118,102,60,45,15,160,73,87,107,56,51,104,56,48,104,56,48,0,0,0,0,0,0,0,0,0,3,0,3,0,0,0,3,0,3,0,0,0,0,0,0,3,0,3,0,0,0,3,0,3,0,0,0,0,0,0,0,0,0,0,0,0,0,0,0,0,0,0,0,0,0,113,62,51
02,91,Asifabad,Kumuram Bheem,06,Asifabad,569530,0000,VILLAGE,Sudda Ghat,Rural,38,141,63,78,23,10,13,0,0,0,138,63,75,52,29,23,89,34,55,77,35,42,75,35,40,59,32,27,13,1,12,0,0,0,3,2,1,2,0,2,0,0,0,0,0,0,0,0,0,2,0,2,2,0,2,0,0,0,0,0,0,0,0,0,2,0,2,0,0,0,0,0,0,0,0,0,0,0,0,0,0,0,64,28,36
02,91,Asifabad,Kumuram Bheem,06,Asifabad,569531,0000,VILLAGE,Devadurgam,Rural,8,37,21,16,5,3,2,0,0,0,37,21,16,7,6,1,30,15,15,15,11,4,0,0,0,0,0,0,0,0,0,0,0,0,0,0,0,15,11,4,5,5,0,10,6,4,0,0,0,0,0,0,15,11,4,5,5,0,10,6,4,0,0,0,0,0,0,0,0,0,0,0,0,0,0,0,0,0,0,0,0,0,22,10,12
02,91,Asifabad,Kumuram Bheem,06,Asifabad,569532,0000,VILLAGE,Chirrakunta,Rural,664,2793,1413,1380,323,165,158,587,311,276,1076,526,550,1261,768,493,1532,645,887,1663,881,782,1011,574,437,293,254,39,597,227,370,4,1,3,117,92,25,652,307,345,11,7,4,387,153,234,0,0,0,254,147,107,638,300,338,11,7,4,386,153,233,0,0,0,241,140,101,14,7,7,0,0,0,1,0,1,0,0,0,13,7,6,1130,532,598
02,91,Asifabad,Kumuram Bheem,06,Asifabad,569533,0000,VILLAGE,Padibonda,Rural,116,462,218,244,45,20,25,0,0,0,455,217,238,194,117,77,268,101,167,289,140,149,237,115,122,168,83,85,43,16,27,0,0,0,26,16,10,52,25,27,2,1,1,49,23,26,1,1,0,0,0,0,51,24,27,2,1,1,49,23,26,0,0,0,0,0,0,1,1,0,0,0,0,0,0,0,1,1,0,0,0,0,173,78,95
02,91,Asifabad,Kumuram Bheem,06,Asifabad,569534,0000,VILLAGE,Danaboinapeta,Rural,5,23,13,10,2,1,1,0,0,0,23,13,10,0,0,0,23,13,10,17,10,7,17,10,7,17,10,7,0,0,0,0,0,0,0,0,0,0,0,0,0,0,0,0,0,0,0,0,0,0,0,0,0,0,0,0,0,0,0,0,0,0,0,0,0,0,0,0,0,0,0,0,0,0,0,0,0,0,0,0,0,0,6,3,3
02,91,Asifabad,Kumuram Bheem,06,Asifabad,569535,0000,VILLAGE,Mondepalli,Rural,15,60,30,30,2,1,1,0,0,0,60,30,30,0,0,0,60,30,30,45,22,23,45,22,23,26,15,11,18,6,12,0,0,0,1,1,0,0,0,0,0,0,0,0,0,0,0,0,0,0,0,0,0,0,0,0,0,0,0,0,0,0,0,0,0,0,0,0,0,0,0,0,0,0,0,0,0,0,0,0,0,0,15,8,7
02,91,Asifabad,Kumuram Bheem,06,Asifabad,569536,0000,VILLAGE,Routsankepalle,Rural,167,676,341,335,121,66,55,0,0,0,672,339,333,152,99,53,524,242,282,437,211,226,287,166,121,138,134,4,145,28,117,0,0,0,4,4,0,150,45,105,9,6,3,125,27,98,6,4,2,10,8,2,135,36,99,9,6,3,123,27,96,2,2,0,1,1,0,15,9,6,0,0,0,2,0,2,4,2,2,9,7,2,239,130,109
02,91,Asifabad,Kumuram Bheem,06,Asifabad,569537,0000,VILLAGE,Parasnambal,Rural,165,681,335,346,106,48,58,377,188,189,1,0,1,262,154,108,419,181,238,224,175,49,186,170,16,182,166,16,0,0,0,0,0,0,4,4,0,38,5,33,0,0,0,37,4,33,0,0,0,1,1,0,25,5,20,0,0,0,24,4,20,0,0,0,1,1,0,13,0,13,0,0,0,13,0,13,0,0,0,0,0,0,457,160,297
02,91,Asifabad,Kumuram Bheem,06,Asifabad,569538,0000,VILLAGE,Addaghat,Rural,87,359,194,165,66,44,22,2,1,1,355,191,164,68,41,27,291,153,138,240,123,117,157,93,64,73,69,4,83,23,60,0,0,0,1,1,0,83,30,53,1,0,1,76,25,51,1,1,0,5,4,1,79,27,52,1,0,1,76,25,51,0,0,0,2,2,0,4,3,1,0,0,0,0,0,0,1,1,0,3,2,1,119,71,48
02,91,Asifabad,Kumuram Bheem,01,Jainoor,569540,0000,VILLAGE,Ashapalle,Rural,382,1783,938,845,293,152,141,641,327,314,1108,591,517,936,593,343,847,345,502,869,418,451,855,416,439,644,319,325,175,73,102,0,0,0,36,24,12,14,2,12,5,0,5,1,0,1,1,0,1,7,2,5,11,2,9,3,0,3,1,0,1,0,0,0,7,2,5,3,0,3,2,0,2,0,0,0,1,0,1,0,0,0,914,520,394
02,91,Asifabad,Kumuram Bheem,01,Jainoor,569541,0000,VILLAGE,Jendaguda,Rural,280,1341,652,689,277,137,140,11,5,6,1170,574,596,628,379,249,713,273,440,846,415,431,840,409,431,787,387,400,39,11,28,1,1,0,13,10,3,6,6,0,3,3,0,0,0,0,2,2,0,1,1,0,6,6,0,3,3,0,0,0,0,2,2,0,1,1,0,0,0,0,0,0,0,0,0,0,0,0,0,0,0,0,495,237,258
02,91,Asifabad,Kumuram Bheem,01,Jainoor,569542,0000,VILLAGE,Patnapur,Rural,416,2192,994,1198,295,162,133,17,11,6,1503,649,854,1196,571,625,996,423,573,1080,523,557,923,451,472,343,165,178,559,273,286,6,3,3,15,10,5,157,72,85,4,1,3,144,65,79,0,0,0,9,6,3,156,71,85,4,1,3,144,65,79,0,0,0,8,5,3,1,1,0,0,0,0,0,0,0,0,0,0,1,1,0,1112,471,641
02,91,Asifabad,Kumuram Bheem,01,Jainoor,569543,0000,VILLAGE,Gudamamda,Rural,579,2847,1401,1446,462,251,211,557,293,264,2039,976,1063,1349,784,565,1498,617,881,1415,703,712,1052,620,432,897,503,394,141,109,32,3,1,2,11,7,4,363,83,280,16,5,11,339,75,264,0,0,0,8,3,5,361,83,278,16,5,11,338,75,263,0,0,0,7,3,4,2,0,2,0,0,0,1,0,1,0,0,0,1,0,1,1432,698,734
02,91,Asifabad,Kumuram Bheem,01,Jainoor,569544,0000,VILLAGE,Addesar,Rural,220,1099,566,533,204,118,86,19,8,11,754,384,370,505,309,196,594,257,337,613,304,309,567,283,284,264,172,92,247,83,164,9,5,4,47,23,24,46,21,25,12,6,6,7,1,6,0,0,0,27,14,13,36,16,20,8,4,4,5,1,4,0,0,0,23,11,12,10,5,5,4,2,2,2,0,2,0,0,0,4,3,1,486,262,224
02,91,Asifabad,Kumuram Bheem,01,Jainoor,569545,0000,VILLAGE,Bhusimatta,Rural,202,906,451,455,169,88,81,50,23,27,808,407,401,414,236,178,492,215,277,539,269,270,510,263,247,288,185,103,201,64,137,4,1,3,17,13,4,29,6,23,6,1,5,16,1,15,1,1,0,6,3,3,27,5,22,5,1,4,16,1,15,1,1,0,5,2,3,2,1,1,1,0,1,0,0,0,0,0,0,1,1,0,367,182,185
02,91,Asifabad,Kumuram Bheem,01,Jainoor,569546,0000,VILLAGE,Rasimatta,Rural,124,864,307,557,111,58,53,0,0,0,833,290,543,543,171,372,321,136,185,348,177,171,347,176,171,324,159,165,2,1,1,3,3,0,18,13,5,1,1,0,1,1,0,0,0,0,0,0,0,0,0,0,1,1,0,1,1,0,0,0,0,0,0,0,0,0,0,0,0,0,0,0,0,0,0,0,0,0,0,0,0,0,516,130,386
02,91,Asifabad,Kumuram Bheem,01,Jainoor,569547,0000,VILLAGE,Dabdli,Rural,346,1648,792,856,271,136,135,0,0,0,1465,700,765,727,401,326,921,391,530,829,418,411,826,417,409,584,312,272,208,82,126,8,3,5,26,20,6,3,1,2,0,0,0,2,0,2,0,0,0,1,1,0,2,1,1,0,0,0,1,0,1,0,0,0,1,1,0,1,0,1,0,0,0,1,0,1,0,0,0,0,0,0,819,374,445
02,91,Asifabad,Kumuram Bheem,01,Jainoor,569548,0000,VILLAGE,Lendiguda,Rural,387,1838,931,907,342,177,165,46,26,20,1009,498,511,849,495,354,989,436,553,1155,595,560,719,430,289,457,307,150,127,72,55,83,20,63,52,31,21,436,165,271,61,23,38,178,52,126,33,15,18,164,75,89,431,162,269,61,23,38,178,52,126,31,14,17,161,73,88,5,3,2,0,0,0,0,0,0,2,1,1,3,2,1,683,336,347
02,91,Asifabad,Kumuram Bheem,01,Jainoor,569549,0000,VILLAGE,Ushegaon,Rural,518,2649,1351,1298,387,177,210,91,47,44,1908,980,928,1317,820,497,1332,531,801,1203,617,586,854,490,364,596,384,212,152,46,106,14,10,4,92,50,42,349,127,222,23,15,8,202,51,151,16,11,5,108,50,58,297,114,183,19,14,5,167,46,121,5,4,1,106,50,56,52,13,39,4,1,3,35,5,30,11,7,4,2,0,2,1446,734,712
02,91,Asifabad,Kumuram Bheem,01,Jainoor,569550,0000,VILLAGE,Jamgaom,Rural,484,2398,1216,1182,433,232,201,376,190,186,994,508,486,1264,735,529,1134,481,653,1088,607,481,1008,584,424,427,293,134,407,155,252,5,3,2,169,133,36,80,23,57,22,9,13,22,4,18,1,1,0,35,9,26,78,23,55,21,9,12,21,4,17,1,1,0,35,9,26,2,0,2,1,0,1,1,0,1,0,0,0,0,0,0,1310,609,701
02,91,Asifabad,Kumuram Bheem,01,Jainoor,569551,0000,VILLAGE,Shivanur,Rural,249,1140,583,557,191,103,88,2,1,1,851,436,415,525,345,180,615,238,377,605,295,310,594,287,307,550,266,284,14,4,10,10,2,8,20,15,5,11,8,3,6,4,2,1,0,1,0,0,0,4,4,0,10,7,3,6,4,2,1,0,1,0,0,0,3,3,0,1,1,0,0,0,0,0,0,0,0,0,0,1,1,0,535,288,247
02,91,Asifabad,Kumuram Bheem,01,Jainoor,569552,0000,VILLAGE,Marlawai,Rural,116,887,587,300,95,52,43,3,2,1,882,583,299,580,476,104,307,111,196,303,161,142,297,159,138,280,146,134,7,3,4,3,3,0,7,7,0,6,2,4,5,2,3,1,0,1,0,0,0,0,0,0,6,2,4,5,2,3,1,0,1,0,0,0,0,0,0,0,0,0,0,0,0,0,0,0,0,0,0,0,0,0,584,426,158
02,91,Asifabad,Kumuram Bheem,01,Jainoor,569553,0000,VILLAGE,Dubbaguda,Rural,102,525,277,248,97,51,46,0,0,0,522,275,247,260,172,88,265,105,160,282,142,140,276,140,136,256,129,127,9,1,8,0,0,0,11,10,1,6,2,4,0,0,0,1,0,1,0,0,0,5,2,3,4,2,2,0,0,0,0,0,0,0,0,0,4,2,2,2,0,2,0,0,0,1,0,1,0,0,0,1,0,1,243,135,108
02,91,Asifabad,Kumuram Bheem,01,Jainoor,569554,0000,VILLAGE,Powerguda,Rural,136,755,371,384,128,72,56,118,62,56,389,187,202,365,202,163,390,169,221,443,215,228,433,211,222,170,159,11,256,49,207,0,0,0,7,3,4,10,4,6,1,0,1,5,3,2,0,0,0,4,1,3,10,4,6,1,0,1,5,3,2,0,0,0,4,1,3,0,0,0,0,0,0,0,0,0,0,0,0,0,0,0,312,156,156
02,91,Asifabad,Kumuram Bheem,01,Jainoor,569555,0000,VILLAGE,Jamni,Rural,261,1217,632,585,205,127,78,110,57,53,382,193,189,676,398,278,541,234,307,612,307,305,608,304,304,193,147,46,378,124,254,0,0,0,37,33,4,4,3,1,0,0,0,1,0,1,0,0,0,3,3,0,3,2,1,0,0,0,1,0,1,0,0,0,2,2,0,1,1,0,0,0,0,0,0,0,0,0,0,1,1,0,605,325,280
02,91,Asifabad,Kumuram Bheem,01,Jainoor,569556,0000,VILLAGE,Polasa,Rural,208,1022,501,521,197,103,94,2,1,1,576,268,308,551,317,234,471,184,287,499,251,248,478,245,233,146,142,4,282,62,220,0,0,0,50,41,9,21,6,15,0,0,0,12,2,10,0,0,0,9,4,5,21,6,15,0,0,0,12,2,10,0,0,0,9,4,5,0,0,0,0,0,0,0,0,0,0,0,0,0,0,0,523,250,273
02,91,Asifabad,Kumuram Bheem,02,Sirpur_U,569752,0000,VILLAGE,Raghapur,Rural,177,895,463,432,170,105,65,0,0,0,829,430,399,289,167,122,606,296,310,447,218,229,444,217,227,405,200,205,19,4,15,7,4,3,13,9,4,3,1,2,1,0,1,2,1,1,0,0,0,0,0,0,3,1,2,1,0,1,2,1,1,0,0,0,0,0,0,0,0,0,0,0,0,0,0,0,0,0,0,0,0,0,448,245,203
02,91,Asifabad,Kumuram Bheem,02,Sirpur_U,569753,0000,VILLAGE,Bhurnur,Rural,140,667,321,346,82,47,35,1,1,0,644,314,330,403,222,181,264,99,165,353,169,184,352,168,184,263,139,124,79,25,54,1,0,1,9,4,5,1,1,0,1,1,0,0,0,0,0,0,0,0,0,0,1,1,0,1,1,0,0,0,0,0,0,0,0,0,0,0,0,0,0,0,0,0,0,0,0,0,0,0,0,0,314,152,162
02,91,Asifabad,Kumuram Bheem,02,Sirpur_U,569754,0000,VILLAGE,Phullara,Rural,145,725,370,355,110,61,49,20,11,9,693,351,342,362,212,150,363,158,205,401,200,201,171,156,15,149,146,3,17,7,10,0,0,0,5,3,2,230,44,186,3,2,1,226,41,185,0,0,0,1,1,0,230,44,186,3,2,1,226,41,185,0,0,0,1,1,0,0,0,0,0,0,0,0,0,0,0,0,0,0,0,0,324,170,154
02,91,Asifabad,Kumuram Bheem,02,Sirpur_U,569755,0000,VILLAGE,Devadpalle,Rural,59,263,137,126,42,20,22,0,0,0,216,109,107,96,70,26,167,67,100,166,86,80,133,72,61,91,62,29,40,10,30,2,0,2,0,0,0,33,14,19,0,0,0,33,14,19,0,0,0,0,0,0,31,12,19,0,0,0,31,12,19,0,0,0,0,0,0,2,2,0,0,0,0,2,2,0,0,0,0,0,0,0,97,51,46
02,91,Asifabad,Kumuram Bheem,02,Sirpur_U,569756,0000,VILLAGE,Seetagondi,Rural,130,593,298,295,94,49,45,0,0,0,556,280,276,239,146,93,354,152,202,334,177,157,281,160,121,147,119,28,115,29,86,0,0,0,19,12,7,53,17,36,5,1,4,43,13,30,0,0,0,5,3,2,53,17,36,5,1,4,43,13,30,0,0,0,5,3,2,0,0,0,0,0,0,0,0,0,0,0,0,0,0,0,259,121,138
02,91,Asifabad,Kumuram Bheem,02,Sirpur_U,569757,0000,VILLAGE,Pangdi,Rural,732,3363,1750,1613,582,301,281,0,0,0,3127,1624,1503,1311,883,428,2052,867,1185,1965,953,1012,1745,881,864,1056,694,362,600,131,469,34,19,15,55,37,18,220,72,148,29,9,20,90,17,73,8,1,7,93,45,48,218,71,147,29,9,20,90,17,73,8,1,7,91,44,47,2,1,1,0,0,0,0,0,0,0,0,0,2,1,1,1398,797,601
02,91,Asifabad,Kumuram Bheem,02,Sirpur_U,569758,0000,VILLAGE,Babjipet,Rural,171,743,355,388,167,89,78,1,1,0,624,292,332,169,103,66,574,252,322,399,202,197,361,195,166,249,164,85,100,26,74,1,1,0,11,4,7,38,7,31,3,1,2,30,3,27,0,0,0,5,3,2,36,5,31,3,1,2,29,2,27,0,0,0,4,2,2,2,2,0,0,0,0,1,1,0,0,0,0,1,1,0,344,153,191
02,91,Asifabad,Kumuram Bheem,03,Lingapur,569759,0000,VILLAGE,Chorpalle,Rural,275,1144,537,607,210,103,107,1,0,1,1065,499,566,257,147,110,887,390,497,715,341,374,706,337,369,304,273,31,399,61,338,0,0,0,3,3,0,9,4,5,1,0,1,2,1,1,0,0,0,6,3,3,9,4,5,1,0,1,2,1,1,0,0,0,6,3,3,0,0,0,0,0,0,0,0,0,0,0,0,0,0,0,429,196,233
02,91,Asifabad,Kumuram Bheem,03,Lingapur,569760,0000,VILLAGE,Vankamaddi,Rural,154,654,332,322,124,62,62,0,0,0,637,322,315,193,124,69,461,208,253,431,220,211,384,204,180,122,118,4,254,81,173,1,0,1,7,5,2,47,16,31,3,1,2,31,7,24,7,4,3,6,4,2,44,15,29,3,1,2,30,6,24,5,4,1,6,4,2,3,1,2,0,0,0,1,1,0,2,0,2,0,0,0,223,112,111
02,91,Asifabad,Kumuram Bheem,02,Sirpur_U,569761,0000,VILLAGE,Netnur,Rural,324,1452,688,764,199,94,105,0,0,0,1432,678,754,625,373,252,827,315,512,883,416,467,873,411,462,531,346,185,328,58,270,1,0,1,13,7,6,10,5,5,1,1,0,3,0,3,0,0,0,6,4,2,10,5,5,1,1,0,3,0,3,0,0,0,6,4,2,0,0,0,0,0,0,0,0,0,0,0,0,0,0,0,569,272,297
02,91,Asifabad,Kumuram Bheem,02,Sirpur_U,569762,0000,VILLAGE,Pamulawada,Rural,225,999,505,494,209,119,90,0,0,0,926,470,456,320,189,131,679,316,363,596,292,304,591,291,300,434,256,178,110,16,94,9,1,8,38,18,20,5,1,4,3,0,3,1,0,1,0,0,0,1,1,0,5,1,4,3,0,3,1,0,1,0,0,0,1,1,0,0,0,0,0,0,0,0,0,0,0,0,0,0,0,0,403,213,190
02,91,Asifabad,Kumuram Bheem,02,Sirpur_U,569763,0000,VILLAGE,Sirpur (U),Rural,348,1617,799,818,235,118,117,1,0,1,1158,576,582,827,484,343,790,315,475,862,434,428,672,363,309,206,188,18,359,102,257,20,7,13,87,66,21,190,71,119,10,2,8,48,10,38,89,35,54,43,24,19,139,47,92,7,2,5,47,10,37,53,18,35,32,17,15,51,24,27,3,0,3,1,0,1,36,17,19,11,7,4,755,365,390
02,91,Asifabad,Kumuram Bheem,02,Sirpur_U,569764,0000,VILLAGE,Kohenur Buzurg,Rural,126,567,259,308,78,36,42,8,3,5,482,222,260,259,133,126,308,126,182,325,160,165,253,133,120,149,110,39,89,17,72,0,0,0,15,6,9,72,27,45,10,1,9,35,9,26,0,0,0,27,17,10,72,27,45,10,1,9,35,9,26,0,0,0,27,17,10,0,0,0,0,0,0,0,0,0,0,0,0,0,0,0,242,99,143
02,91,Asifabad,Kumuram Bheem,02,Sirpur_U,569765,0000,VILLAGE,Kohenur Khurd,Rural,136,679,398,281,105,47,58,8,5,3,664,391,273,363,279,84,316,119,197,333,153,180,287,147,140,129,114,15,152,29,123,2,2,0,4,2,2,46,6,40,4,2,2,31,3,28,1,0,1,10,1,9,44,5,39,3,1,2,31,3,28,0,0,0,10,1,9,2,1,1,1,1,0,0,0,0,1,0,1,0,0,0,346,245,101
02,91,Asifabad,Kumuram Bheem,02,Sirpur_U,569766,0000,VILLAGE,Shettihadapnur,Rural,182,733,369,364,112,56,56,47,25,22,616,307,309,284,160,124,449,209,240,451,232,219,361,186,175,222,153,69,37,16,21,2,0,2,100,17,83,90,46,44,35,15,20,4,1,3,0,0,0,51,30,21,90,46,44,35,15,20,4,1,3,0,0,0,51,30,21,0,0,0,0,0,0,0,0,0,0,0,0,0,0,0,282,137,145
02,91,Asifabad,Kumuram Bheem,02,Sirpur_U,569767,0000,VILLAGE,Chapri,Rural,51,237,111,126,35,15,20,0,0,0,226,109,117,99,60,39,138,51,87,147,71,76,139,68,71,62,55,7,62,7,55,7,2,5,8,4,4,8,3,5,3,3,0,4,0,4,0,0,0,1,0,1,8,3,5,3,3,0,4,0,4,0,0,0,1,0,1,0,0,0,0,0,0,0,0,0,0,0,0,0,0,0,90,40,50
02,91,Asifabad,Kumuram Bheem,02,Sirpur_U,569768,0000,VILLAGE,Dhanora,Rural,137,640,316,324,114,59,55,0,0,0,607,296,311,296,178,118,344,138,206,346,174,172,342,171,171,249,139,110,55,12,43,7,1,6,31,19,12,4,3,1,0,0,0,0,0,0,0,0,0,4,3,1,4,3,1,0,0,0,0,0,0,0,0,0,4,3,1,0,0,0,0,0,0,0,0,0,0,0,0,0,0,0,294,142,152
02,91,Asifabad,Kumuram Bheem,02,Sirpur_U,569769,0000,VILLAGE,Mahagaon,Rural,204,1075,427,648,118,60,58,0,0,0,810,290,520,745,281,464,330,146,184,553,288,265,392,216,176,286,177,109,25,5,20,53,17,36,28,17,11,161,72,89,45,25,20,10,2,8,38,19,19,68,26,42,156,70,86,45,25,20,10,2,8,35,18,17,66,25,41,5,2,3,0,0,0,0,0,0,3,1,2,2,1,1,522,139,383
02,91,Asifabad,Kumuram Bheem,03,Lingapur,569770,0000,VILLAGE,Ghumnur Khurd,Rural,86,371,168,203,55,25,30,0,0,0,365,165,200,99,53,46,272,115,157,208,109,99,122,73,49,67,56,11,39,10,29,4,2,2,12,5,7,86,36,50,14,10,4,41,7,34,5,1,4,26,18,8,75,35,40,13,10,3,35,7,28,2,1,1,25,17,8,11,1,10,1,0,1,6,0,6,3,0,3,1,1,0,163,59,104
02,91,Asifabad,Kumuram Bheem,03,Lingapur,569771,0000,VILLAGE,Ghumnur Buzurg,Rural,149,680,337,343,104,57,47,0,0,0,672,331,341,250,153,97,430,184,246,415,200,215,327,173,154,297,167,130,25,2,23,0,0,0,5,4,1,88,27,61,6,3,3,65,19,46,4,0,4,13,5,8,87,26,61,5,2,3,65,19,46,4,0,4,13,5,8,1,1,0,1,1,0,0,0,0,0,0,0,0,0,0,265,137,128
02,91,Asifabad,Kumuram Bheem,03,Lingapur,569772,0000,VILLAGE,Kanchanpalle,Rural,132,738,470,268,89,53,36,2,1,1,721,463,258,418,341,77,320,129,191,330,160,170,329,159,170,151,131,20,154,13,141,4,2,2,20,13,7,1,1,0,1,1,0,0,0,0,0,0,0,0,0,0,1,1,0,1,1,0,0,0,0,0,0,0,0,0,0,0,0,0,0,0,0,0,0,0,0,0,0,0,0,0,408,310,98
02,91,Asifabad,Kumuram Bheem,03,Lingapur,569773,0000,VILLAGE,Kothapalle,Rural,341,1578,775,803,295,157,138,19,11,8,1493,734,759,715,437,278,863,338,525,844,404,440,792,376,416,394,252,142,337,81,256,19,13,6,42,30,12,52,28,24,3,1,2,9,1,8,3,1,2,37,25,12,49,26,23,3,1,2,9,1,8,1,0,1,36,24,12,3,2,1,0,0,0,0,0,0,2,1,1,1,1,0,734,371,363
02,91,Asifabad,Kumuram Bheem,03,Lingapur,569774,0000,VILLAGE,Mamidipalle,Rural,534,2202,1048,1154,461,240,221,31,16,15,1193,594,599,711,417,294,1491,631,860,1221,558,663,930,444,486,603,370,233,61,19,42,8,3,5,258,52,206,291,114,177,120,70,50,137,30,107,7,3,4,27,11,16,289,112,177,119,69,50,137,30,107,6,2,4,27,11,16,2,2,0,1,1,0,0,0,0,1,1,0,0,0,0,981,490,491
02,91,Asifabad,Kumuram Bheem,03,Lingapur,569775,0000,VILLAGE,Lingapur,Rural,437,1691,863,828,301,143,158,175,98,77,1350,683,667,816,533,283,875,330,545,896,449,447,649,387,262,480,315,165,101,25,76,2,1,1,66,46,20,247,62,185,18,9,9,218,48,170,2,0,2,9,5,4,174,40,134,8,1,7,156,34,122,1,0,1,9,5,4,73,22,51,10,8,2,62,14,48,1,0,1,0,0,0,795,414,381
02,91,Asifabad,Kumuram Bheem,03,Lingapur,569776,0000,VILLAGE,Yellapatar,Rural,173,805,406,399,175,92,83,87,38,49,203,101,102,391,237,154,414,169,245,485,232,253,482,230,252,340,169,171,68,18,50,2,1,1,72,42,30,3,2,1,1,1,0,0,0,0,0,0,0,2,1,1,3,2,1,1,1,0,0,0,0,0,0,0,2,1,1,0,0,0,0,0,0,0,0,0,0,0,0,0,0,0,320,174,146
02,91,Asifabad,Kumuram Bheem,03,Lingapur,569777,0000,VILLAGE,Jamuldhara,Rural,226,986,470,516,198,90,108,6,1,5,952,457,495,342,209,133,644,261,383,578,272,306,571,267,304,312,197,115,238,60,178,3,2,1,18,8,10,7,5,2,1,1,0,4,3,1,1,0,1,1,1,0,7,5,2,1,1,0,4,3,1,1,0,1,1,1,0,0,0,0,0,0,0,0,0,0,0,0,0,0,0,0,408,198,210
02,91,Asifabad,Kumuram Bheem,05,Rebbana,569778,0000,VILLAGE,Edavalli,Rural,216,823,427,396,99,54,45,388,205,183,1,1,0,418,248,170,405,179,226,349,239,110,253,212,41,105,101,4,65,50,15,18,13,5,65,48,17,96,27,69,16,5,11,71,19,52,2,0,2,7,3,4,90,25,65,15,4,11,66,18,48,2,0,2,7,3,4,6,2,4,1,1,0,5,1,4,0,0,0,0,0,0,474,188,286
02,91,Asifabad,Kumuram Bheem,05,Rebbana,569779,0000,VILLAGE,Khairgaon,Rural,273,1070,542,528,143,81,62,165,86,79,0,0,0,568,333,235,502,209,293,591,303,288,254,194,60,126,87,39,31,23,8,7,6,1,90,78,12,337,109,228,26,7,19,269,64,205,6,3,3,36,35,1,327,107,220,24,6,18,261,63,198,6,3,3,36,35,1,10,2,8,2,1,1,8,1,7,0,0,0,0,0,0,479,239,240
02,91,Asifabad,Kumuram Bheem,05,Rebbana,569781,0000,VILLAGE,Navegaon,Rural,298,1164,577,587,118,59,59,303,148,155,1,0,1,599,361,238,565,216,349,503,339,164,457,325,132,144,142,2,198,88,110,11,10,1,104,85,19,46,14,32,2,0,2,28,5,23,0,0,0,16,9,7,30,7,23,2,0,2,22,4,18,0,0,0,6,3,3,16,7,9,0,0,0,6,1,5,0,0,0,10,6,4,661,238,423
02,91,Asifabad,Kumuram Bheem,05,Rebbana,569782,0000,VILLAGE,Venkulam,Rural,300,1229,623,606,156,85,71,211,109,102,0,0,0,509,318,191,720,305,415,580,358,222,484,332,152,226,201,25,199,82,117,0,0,0,59,49,10,96,26,70,0,0,0,91,21,70,0,0,0,5,5,0,95,26,69,0,0,0,90,21,69,0,0,0,5,5,0,1,0,1,0,0,0,1,0,1,0,0,0,0,0,0,649,265,384
02,91,Asifabad,Kumuram Bheem,05,Rebbana,569783,0000,VILLAGE,Rollapet,Rural,66,266,130,136,36,16,20,78,37,41,112,56,56,155,90,65,111,40,71,135,72,63,51,50,1,37,37,0,0,0,0,0,0,0,14,13,1,84,22,62,0,0,0,78,18,60,1,0,1,5,4,1,83,21,62,0,0,0,78,18,60,1,0,1,4,3,1,1,1,0,0,0,0,0,0,0,0,0,0,1,1,0,131,58,73
02,91,Asifabad,Kumuram Bheem,05,Rebbana,569784,0000,VILLAGE,Rampur,Rural,97,409,212,197,39,17,22,238,120,118,0,0,0,259,157,102,150,55,95,203,112,91,13,11,2,2,2,0,1,1,0,0,0,0,10,8,2,190,101,89,4,3,1,164,78,86,2,2,0,20,18,2,185,97,88,3,2,1,160,75,85,2,2,0,20,18,2,5,4,1,1,1,0,4,3,1,0,0,0,0,0,0,206,100,106
02,91,Asifabad,Kumuram Bheem,05,Rebbana,569785,0000,VILLAGE,Kondapalle,Rural,329,1405,726,679,182,92,90,149,78,71,27,17,10,614,384,230,791,342,449,836,420,416,280,221,59,134,134,0,116,62,54,1,1,0,29,24,5,556,199,357,7,3,4,537,186,351,2,2,0,10,8,2,555,198,357,7,3,4,537,186,351,2,2,0,9,7,2,1,1,0,0,0,0,0,0,0,0,0,0,1,1,0,569,306,263
02,91,Asifabad,Kumuram Bheem,05,Rebbana,569786,0000,VILLAGE,Nerpalle,Rural,90,361,193,168,56,29,27,29,16,13,0,0,0,88,59,29,273,134,139,202,108,94,202,108,94,0,0,0,196,102,94,0,0,0,6,6,0,0,0,0,0,0,0,0,0,0,0,0,0,0,0,0,0,0,0,0,0,0,0,0,0,0,0,0,0,0,0,0,0,0,0,0,0,0,0,0,0,0,0,0,0,0,159,85,74
02,91,Asifabad,Kumuram Bheem,05,Rebbana,569787,0000,VILLAGE,Rebbena,Rural,1216,5088,2575,2513,523,265,258,1174,593,581,547,272,275,3161,1794,1367,1927,781,1146,1960,1314,646,1230,932,298,310,238,72,281,166,115,58,43,15,581,485,96,730,382,348,26,19,7,454,188,266,55,33,22,195,142,53,679,358,321,26,19,7,428,180,248,51,31,20,174,128,46,51,24,27,0,0,0,26,8,18,4,2,2,21,14,7,3128,1261,1867
02,91,Asifabad,Kumuram Bheem,05,Rebbana,569788,0000,VILLAGE,Gangapur,Rural,581,2461,1252,1209,317,178,139,409,201,208,2,0,2,939,547,392,1522,705,817,1386,731,655,623,418,205,334,258,76,194,82,112,4,4,0,91,74,17,763,313,450,193,93,100,495,171,324,0,0,0,75,49,26,743,303,440,188,90,98,482,165,317,0,0,0,73,48,25,20,10,10,5,3,2,13,6,7,0,0,0,2,1,1,1075,521,554
02,91,Asifabad,Kumuram Bheem,05,Rebbana,569789,0000,VILLAGE,Passigaon,Rural,140,769,385,384,132,58,74,231,114,117,4,1,3,320,205,115,449,180,269,419,204,215,407,200,207,347,177,170,42,14,28,0,0,0,18,9,9,12,4,8,3,1,2,6,1,5,0,0,0,3,2,1,11,4,7,3,1,2,5,1,4,0,0,0,3,2,1,1,0,1,0,0,0,1,0,1,0,0,0,0,0,0,350,181,169
02,91,Asifabad,Kumuram Bheem,05,Rebbana,569790,0000,VILLAGE,Tungeda,Rural,430,1905,948,957,236,109,127,869,439,430,182,87,95,853,517,336,1052,431,621,918,531,387,549,420,129,115,105,10,300,203,97,20,13,7,114,99,15,369,111,258,4,2,2,325,84,241,0,0,0,40,25,15,282,91,191,2,2,0,246,67,179,0,0,0,34,22,12,87,20,67,2,0,2,79,17,62,0,0,0,6,3,3,987,417,570
02,91,Asifabad,Kumuram Bheem,05,Rebbana,569791,0000,VILLAGE,Pothpalle,Rural,103,407,213,194,46,28,18,258,132,126,8,4,4,195,127,68,212,86,126,241,121,120,111,95,16,21,20,1,40,29,11,0,0,0,50,46,4,130,26,104,39,6,33,74,9,65,2,0,2,15,11,4,97,23,74,29,4,25,55,8,47,1,0,1,12,11,1,33,3,30,10,2,8,19,1,18,1,0,1,3,0,3,166,92,74
02,91,Asifabad,Kumuram Bheem,05,Rebbana,569792,0000,VILLAGE,Dharmaram,Rural,69,282,144,138,30,14,16,9,3,6,0,0,0,71,39,32,211,105,106,95,87,8,7,6,1,5,5,0,0,0,0,1,1,0,1,0,1,88,81,7,3,3,0,84,78,6,0,0,0,1,0,1,88,81,7,3,3,0,84,78,6,0,0,0,1,0,1,0,0,0,0,0,0,0,0,0,0,0,0,0,0,0,187,57,130
02,91,Asifabad,Kumuram Bheem,05,Rebbana,569793,0000,VILLAGE,Nambal,Rural,758,2989,1500,1489,266,145,121,851,417,434,22,12,10,1588,920,668,1401,580,821,1436,819,617,682,548,134,195,176,19,134,93,41,23,11,12,330,268,62,754,271,483,76,9,67,528,207,321,7,2,5,143,53,90,711,253,458,75,9,66,500,196,304,6,2,4,130,46,84,43,18,25,1,0,1,28,11,17,1,0,1,13,7,6,1553,681,872
02,91,Asifabad,Kumuram Bheem,05,Rebbana,569794,0000,VILLAGE,Gollet,Rural,1973,8067,4178,3889,821,428,393,1752,877,875,1843,954,889,5005,2920,2085,3062,1258,1804,3117,2153,964,2228,1739,489,381,275,106,478,242,236,34,24,10,1335,1198,137,889,414,475,109,35,74,505,226,279,10,4,6,265,149,116,864,401,463,108,35,73,489,220,269,10,4,6,257,142,115,25,13,12,1,0,1,16,6,10,0,0,0,8,7,1,4950,2025,2925
02,91,Asifabad,Kumuram Bheem,05,Rebbana,569795,0000,VILLAGE,Sonapur,Rural,29,112,66,46,14,10,4,0,0,0,112,66,46,50,35,15,62,31,31,74,43,31,64,38,26,15,15,0,48,22,26,0,0,0,1,1,0,10,5,5,0,0,0,10,5,5,0,0,0,0,0,0,6,2,4,0,0,0,6,2,4,0,0,0,0,0,0,4,3,1,0,0,0,4,3,1,0,0,0,0,0,0,38,23,15
02,91,Asifabad,Kumuram Bheem,05,Rebbana,569796,0000,VILLAGE,Pultikunta,Rural,182,689,342,347,108,55,53,65,33,32,11,6,5,289,165,124,400,177,223,376,197,179,148,134,14,45,45,0,21,15,6,0,0,0,82,74,8,228,63,165,2,2,0,175,37,138,24,7,17,27,17,10,227,63,164,2,2,0,174,37,137,24,7,17,27,17,10,1,0,1,0,0,0,1,0,1,0,0,0,0,0,0,313,145,168
02,91,Asifabad,Kumuram Bheem,05,Rebbana,569798,0000,VILLAGE,Takkallapalle,Rural,232,860,448,412,68,34,34,0,0,0,5,3,2,453,271,182,407,177,230,427,233,194,401,228,173,92,88,4,236,83,153,2,2,0,71,55,16,26,5,21,4,0,4,21,5,16,0,0,0,1,0,1,24,4,20,4,0,4,19,4,15,0,0,0,1,0,1,2,1,1,0,0,0,2,1,1,0,0,0,0,0,0,433,215,218
02,91,Asifabad,Kumuram Bheem,05,Rebbana,569799,0000,VILLAGE,Rajaram,Rural,84,345,184,161,35,20,15,99,55,44,0,0,0,203,127,76,142,57,85,169,92,77,119,86,33,47,47,0,56,24,32,0,0,0,16,15,1,50,6,44,1,0,1,49,6,43,0,0,0,0,0,0,49,5,44,1,0,1,48,5,43,0,0,0,0,0,0,1,1,0,0,0,0,1,1,0,0,0,0,0,0,0,176,92,84
02,91,Asifabad,Kumuram Bheem,05,Rebbana,569800,0000,VILLAGE,Rollapahad,Rural,179,711,359,352,75,33,42,90,47,43,558,282,276,246,143,103,465,216,249,455,221,234,101,71,30,77,55,22,10,6,4,0,0,0,14,10,4,354,150,204,29,17,12,319,130,189,1,0,1,5,3,2,351,149,202,29,17,12,318,130,188,0,0,0,4,2,2,3,1,2,0,0,0,1,0,1,1,0,1,1,1,0,256,138,118
02,91,Asifabad,Kumuram Bheem,05,Rebbana,569801,0000,VILLAGE,Seethanagar,Rural,7,33,14,19,1,0,1,0,0,0,0,0,0,2,1,1,31,13,18,28,14,14,3,2,1,1,1,0,0,0,0,0,0,0,2,1,1,25,12,13,2,1,1,23,11,12,0,0,0,0,0,0,25,12,13,2,1,1,23,11,12,0,0,0,0,0,0,0,0,0,0,0,0,0,0,0,0,0,0,0,0,0,5,0,5
02,91,Asifabad,Kumuram Bheem,05,Rebbana,569803,0000,VILLAGE,Komarvelli,Rural,154,554,281,273,57,34,23,122,59,63,0,0,0,315,170,145,239,111,128,296,163,133,173,154,19,57,57,0,82,67,15,1,1,0,33,29,4,123,9,114,0,0,0,114,8,106,0,0,0,9,1,8,110,7,103,0,0,0,103,7,96,0,0,0,7,0,7,13,2,11,0,0,0,11,1,10,0,0,0,2,1,1,258,118,140
02,91,Asifabad,Kumuram Bheem,05,Rebbana,569804,0000,VILLAGE,Rangapur,Rural,27,95,50,45,7,6,1,94,49,45,0,0,0,49,30,19,46,20,26,42,24,18,14,13,1,6,6,0,1,1,0,0,0,0,7,6,1,28,11,17,0,0,0,21,6,15,1,1,0,6,4,2,27,10,17,0,0,0,21,6,15,1,1,0,5,3,2,1,1,0,0,0,0,0,0,0,0,0,0,1,1,0,53,26,27
02,91,Asifabad,Kumuram Bheem,05,Rebbana,569805,0000,VILLAGE,Narayanpur,Rural,528,2054,1044,1010,221,114,107,722,374,348,13,7,6,967,571,396,1087,473,614,1003,583,420,420,338,82,164,157,7,138,84,54,2,1,1,116,96,20,583,245,338,13,8,5,438,174,264,3,2,1,129,61,68,556,238,318,13,8,5,414,167,247,3,2,1,126,61,65,27,7,20,0,0,0,24,7,17,0,0,0,3,0,3,1051,461,590
02,91,Asifabad,Kumuram Bheem,05,Rebbana,569806,0000,VILLAGE,Kistapur,Rural,254,1061,525,536,102,46,56,737,369,368,14,5,9,555,305,250,506,220,286,612,306,306,417,237,180,230,150,80,125,54,71,10,7,3,52,26,26,195,69,126,9,6,3,140,49,91,0,0,0,46,14,32,69,23,46,8,5,3,20,4,16,0,0,0,41,14,27,126,46,80,1,1,0,120,45,75,0,0,0,5,0,5,449,219,230
02,91,Asifabad,Kumuram Bheem,05,Rebbana,569808,0000,VILLAGE,Jakkapalle,Rural,171,650,575,75,86,82,4,109,102,7,49,41,8,445,393,52,205,182,23,243,207,36,197,166,31,59,50,9,25,19,6,9,6,3,104,91,13,46,41,5,4,4,0,3,3,0,2,2,0,37,32,5,44,39,5,3,3,0,3,3,0,2,2,0,36,31,5,2,2,0,1,1,0,0,0,0,0,0,0,1,1,0,407,368,39
02,92,Kagaznagar,Kumuram Bheem,15,Dahegaon,569844,0000,VILLAGE,Itial,Rural,336,1346,654,692,154,67,87,194,107,87,2,1,1,441,260,181,905,394,511,791,411,380,782,406,376,257,162,95,472,206,266,9,6,3,44,32,12,9,5,4,2,1,1,1,1,0,5,2,3,1,1,0,9,5,4,2,1,1,1,1,0,5,2,3,1,1,0,0,0,0,0,0,0,0,0,0,0,0,0,0,0,0,555,243,312
02,92,Kagaznagar,Kumuram Bheem,15,Dahegaon,569845,0000,VILLAGE,Gorrigutta,Rural,60,243,116,127,30,14,16,65,34,31,0,0,0,103,53,50,140,63,77,134,70,64,71,63,8,53,52,1,10,5,5,0,0,0,8,6,2,63,7,56,0,0,0,61,5,56,0,0,0,2,2,0,53,3,50,0,0,0,51,1,50,0,0,0,2,2,0,10,4,6,0,0,0,10,4,6,0,0,0,0,0,0,109,46,63
02,92,Kagaznagar,Kumuram Bheem,15,Dahegaon,569846,0000,VILLAGE,Borlakunta,Rural,221,834,443,391,94,49,45,312,173,139,0,0,0,401,243,158,433,200,233,456,246,210,451,245,206,434,236,198,7,4,3,0,0,0,10,5,5,5,1,4,4,0,4,1,1,0,0,0,0,0,0,0,5,1,4,4,0,4,1,1,0,0,0,0,0,0,0,0,0,0,0,0,0,0,0,0,0,0,0,0,0,0,378,197,181
02,92,Kagaznagar,Kumuram Bheem,15,Dahegaon,569848,0000,VILLAGE,Kothmir,Rural,322,1259,646,613,124,64,60,351,183,168,126,62,64,515,306,209,744,340,404,704,399,305,480,354,126,192,162,30,212,133,79,5,5,0,71,54,17,224,45,179,50,11,39,160,29,131,4,0,4,10,5,5,153,28,125,32,8,24,111,18,93,4,0,4,6,2,4,71,17,54,18,3,15,49,11,38,0,0,0,4,3,1,555,247,308
02,92,Kagaznagar,Kumuram Bheem,15,Dahegaon,569849,0000,VILLAGE,Beebra,Rural,285,1120,550,570,134,67,67,420,199,221,4,2,2,501,293,208,619,257,362,551,312,239,500,288,212,75,47,28,359,187,172,0,0,0,66,54,12,51,24,27,5,4,1,46,20,26,0,0,0,0,0,0,12,7,5,0,0,0,12,7,5,0,0,0,0,0,0,39,17,22,5,4,1,34,13,21,0,0,0,0,0,0,569,238,331
02,92,Kagaznagar,Kumuram Bheem,15,Dahegaon,569850,0000,VILLAGE,Pesarkunta,Rural,120,476,210,266,51,20,31,340,155,185,11,6,5,251,135,116,225,75,150,175,125,50,152,109,43,98,88,10,38,10,28,2,1,1,14,10,4,23,16,7,0,0,0,17,13,4,3,0,3,3,3,0,23,16,7,0,0,0,17,13,4,3,0,3,3,3,0,0,0,0,0,0,0,0,0,0,0,0,0,0,0,0,301,85,216
02,92,Kagaznagar,Kumuram Bheem,14,Penchikalpet,569851,0000,VILLAGE,Chedvai,Rural,664,2590,1250,1340,345,170,175,318,157,161,142,72,70,957,561,396,1633,689,944,1529,750,779,1120,646,474,561,399,162,408,126,282,9,6,3,142,115,27,409,104,305,80,22,58,301,59,242,7,6,1,21,17,4,364,88,276,74,19,55,270,51,219,5,4,1,15,14,1,45,16,29,6,3,3,31,8,23,2,2,0,6,3,3,1061,500,561
02,92,Kagaznagar,Kumuram Bheem,15,Dahegaon,569852,0000,VILLAGE,Ainam,Rural,613,2431,1245,1186,345,172,173,557,304,253,0,0,0,898,585,313,1533,660,873,1411,750,661,1047,678,369,579,416,163,369,182,187,15,14,1,84,66,18,364,72,292,131,16,115,216,45,171,4,3,1,13,8,5,286,47,239,108,10,98,161,26,135,4,3,1,13,8,5,78,25,53,23,6,17,55,19,36,0,0,0,0,0,0,1020,495,525
02,92,Kagaznagar,Kumuram Bheem,15,Dahegaon,569853,0000,VILLAGE,Polampalle,Rural,52,239,116,123,40,18,22,35,16,19,160,77,83,62,33,29,177,83,94,146,73,73,145,73,72,39,39,0,101,29,72,2,2,0,3,3,0,1,0,1,0,0,0,1,0,1,0,0,0,0,0,0,1,0,1,0,0,0,1,0,1,0,0,0,0,0,0,0,0,0,0,0,0,0,0,0,0,0,0,0,0,0,93,43,50
02,92,Kagaznagar,Kumuram Bheem,15,Dahegaon,569858,0000,VILLAGE,Hathni,Rural,454,1556,754,802,176,95,81,376,194,182,709,343,366,725,409,316,831,345,486,867,422,445,832,412,420,100,94,6,698,297,401,7,5,2,27,16,11,35,10,25,1,0,1,28,8,20,1,1,0,5,1,4,27,8,19,0,0,0,23,7,16,0,0,0,4,1,3,8,2,6,1,0,1,5,1,4,1,1,0,1,0,1,689,332,357
02,92,Kagaznagar,Kumuram Bheem,15,Dahegaon,569861,0000,VILLAGE,Kalwada,Rural,231,901,438,463,121,65,56,261,126,135,353,173,180,380,216,164,521,222,299,519,264,255,348,229,119,139,136,3,180,73,107,6,4,2,23,16,7,171,35,136,1,1,0,147,27,120,12,4,8,11,3,8,169,34,135,1,1,0,147,27,120,10,3,7,11,3,8,2,1,1,0,0,0,0,0,0,2,1,1,0,0,0,382,174,208
02,92,Kagaznagar,Kumuram Bheem,15,Dahegaon,569862,0000,VILLAGE,Dahegaon,Rural,775,2991,1450,1541,323,165,158,492,221,271,507,246,261,1292,735,557,1699,715,984,1542,830,712,1508,820,688,593,398,195,598,219,379,14,9,5,303,194,109,34,10,24,9,1,8,11,3,8,1,0,1,13,6,7,30,10,20,8,1,7,9,3,6,0,0,0,13,6,7,4,0,4,1,0,1,2,0,2,1,0,1,0,0,0,1449,620,829
02,92,Kagaznagar,Kumuram Bheem,15,Dahegaon,569863,0000,VILLAGE,Pambapur,Rural,105,453,224,229,51,27,24,207,102,105,185,91,94,249,141,108,204,83,121,265,130,135,229,111,118,79,74,5,131,26,105,0,0,0,19,11,8,36,19,17,13,7,6,15,4,11,0,0,0,8,8,0,20,11,9,4,2,2,10,3,7,0,0,0,6,6,0,16,8,8,9,5,4,5,1,4,0,0,0,2,2,0,188,94,94
02,92,Kagaznagar,Kumuram Bheem,15,Dahegaon,569864,0000,VILLAGE,Kammarpalle,Rural,116,464,232,232,69,36,33,330,164,166,122,61,61,214,120,94,250,112,138,269,140,129,269,140,129,111,106,5,155,31,124,1,1,0,2,2,0,0,0,0,0,0,0,0,0,0,0,0,0,0,0,0,0,0,0,0,0,0,0,0,0,0,0,0,0,0,0,0,0,0,0,0,0,0,0,0,0,0,0,0,0,0,195,92,103
02,92,Kagaznagar,Kumuram Bheem,15,Dahegaon,569865,0000,VILLAGE,Laggaon,Rural,322,1230,597,633,156,79,77,210,120,90,184,86,98,485,272,213,745,325,420,726,375,351,726,375,351,199,148,51,462,185,277,9,6,3,56,36,20,0,0,0,0,0,0,0,0,0,0,0,0,0,0,0,0,0,0,0,0,0,0,0,0,0,0,0,0,0,0,0,0,0,0,0,0,0,0,0,0,0,0,0,0,0,504,222,282
02,92,Kagaznagar,Kumuram Bheem,15,Dahegaon,569866,0000,VILLAGE,Bhogaram,Rural,30,105,60,45,10,5,5,67,41,26,8,3,5,44,33,11,61,27,34,57,28,29,57,28,29,30,17,13,26,10,16,0,0,0,1,1,0,0,0,0,0,0,0,0,0,0,0,0,0,0,0,0,0,0,0,0,0,0,0,0,0,0,0,0,0,0,0,0,0,0,0,0,0,0,0,0,0,0,0,0,0,0,48,32,16
02,92,Kagaznagar,Kumuram Bheem,15,Dahegaon,569867,0000,VILLAGE,Vodduguda,Rural,272,1135,573,562,148,79,69,106,63,43,18,10,8,388,230,158,747,343,404,657,335,322,366,256,110,167,155,12,132,50,82,7,4,3,60,47,13,291,79,212,6,3,3,266,61,205,2,0,2,17,15,2,289,79,210,6,3,3,264,61,203,2,0,2,17,15,2,2,0,2,0,0,0,2,0,2,0,0,0,0,0,0,478,238,240
02,92,Kagaznagar,Kumuram Bheem,15,Dahegaon,569868,0000,VILLAGE,Brahmanchichal,Rural,162,622,307,315,79,43,36,103,53,50,0,0,0,221,125,96,401,182,219,349,165,184,266,147,119,112,110,2,126,19,107,0,0,0,28,18,10,83,18,65,3,1,2,73,13,60,0,0,0,7,4,3,79,16,63,3,1,2,69,11,58,0,0,0,7,4,3,4,2,2,0,0,0,4,2,2,0,0,0,0,0,0,273,142,131
02,92,Kagaznagar,Kumuram Bheem,15,Dahegaon,569869,0000,VILLAGE,Bhamanagar,Rural,91,356,191,165,37,25,12,191,102,89,23,11,12,183,115,68,173,76,97,222,112,110,69,64,5,51,51,0,11,9,2,4,2,2,3,2,1,153,48,105,0,0,0,137,43,94,8,3,5,8,2,6,153,48,105,0,0,0,137,43,94,8,3,5,8,2,6,0,0,0,0,0,0,0,0,0,0,0,0,0,0,0,134,79,55
02,92,Kagaznagar,Kumuram Bheem,15,Dahegaon,569870,0000,VILLAGE,Kunchavelli,Rural,553,2242,1081,1161,244,127,117,314,144,170,291,137,154,897,528,369,1345,553,792,1161,612,549,1084,594,490,279,193,86,635,274,361,29,18,11,141,109,32,77,18,59,1,1,0,69,13,56,0,0,0,7,4,3,67,14,53,1,1,0,59,9,50,0,0,0,7,4,3,10,4,6,0,0,0,10,4,6,0,0,0,0,0,0,1081,469,612
02,92,Kagaznagar,Kumuram Bheem,15,Dahegaon,569871,0000,VILLAGE,Chandrapalle,Rural,276,1181,585,596,138,63,75,522,255,267,551,277,274,523,321,202,658,264,394,656,336,320,441,304,137,196,149,47,203,126,77,0,0,0,42,29,13,215,32,183,6,1,5,200,28,172,0,0,0,9,3,6,191,28,163,5,1,4,180,25,155,0,0,0,6,2,4,24,4,20,1,0,1,20,3,17,0,0,0,3,1,2,525,249,276
02,92,Kagaznagar,Kumuram Bheem,15,Dahegaon,569872,0000,VILLAGE,Etapalle,Rural,22,80,39,41,8,4,4,39,18,21,41,21,20,20,14,6,60,25,35,61,31,30,61,31,30,48,24,24,10,5,5,0,0,0,3,2,1,0,0,0,0,0,0,0,0,0,0,0,0,0,0,0,0,0,0,0,0,0,0,0,0,0,0,0,0,0,0,0,0,0,0,0,0,0,0,0,0,0,0,0,0,0,19,8,11
02,92,Kagaznagar,Kumuram Bheem,15,Dahegaon,569873,0000,VILLAGE,Girvelli,Rural,610,2532,1254,1278,277,128,149,570,285,285,153,81,72,1132,700,432,1400,554,846,1419,786,633,1185,658,527,630,416,214,405,129,276,1,0,1,149,113,36,234,128,106,6,3,3,29,15,14,10,6,4,189,104,85,66,37,29,4,3,1,27,14,13,1,1,0,34,19,15,168,91,77,2,0,2,2,1,1,9,5,4,155,85,70,1113,468,645
02,92,Kagaznagar,Kumuram Bheem,15,Dahegaon,569874,0000,VILLAGE,Chinnaraspalle,Rural,237,1010,486,524,117,48,69,207,94,113,19,11,8,467,278,189,543,208,335,573,298,275,299,206,93,222,154,68,19,8,11,2,1,1,56,43,13,274,92,182,1,0,1,241,75,166,0,0,0,32,17,15,250,77,173,1,0,1,233,71,162,0,0,0,16,6,10,24,15,9,0,0,0,8,4,4,0,0,0,16,11,5,437,188,249
02,92,Kagaznagar,Kumuram Bheem,15,Dahegaon,569875,0000,VILLAGE,Amargonda,Rural,98,433,204,229,59,26,33,49,21,28,12,6,6,161,84,77,272,120,152,254,125,129,233,115,118,214,111,103,19,4,15,0,0,0,0,0,0,21,10,11,0,0,0,21,10,11,0,0,0,0,0,0,0,0,0,0,0,0,0,0,0,0,0,0,0,0,0,21,10,11,0,0,0,21,10,11,0,0,0,0,0,0,179,79,100
02,92,Kagaznagar,Kumuram Bheem,15,Dahegaon,569876,0000,VILLAGE,Loha,Rural,22,100,44,56,11,7,4,0,0,0,99,44,55,42,17,25,58,27,31,61,28,33,34,22,12,29,21,8,5,1,4,0,0,0,0,0,0,27,6,21,0,0,0,27,6,21,0,0,0,0,0,0,0,0,0,0,0,0,0,0,0,0,0,0,0,0,0,27,6,21,0,0,0,27,6,21,0,0,0,0,0,0,39,16,23
02,92,Kagaznagar,Kumuram Bheem,15,Dahegaon,569877,0000,VILLAGE,Digida,Rural,74,293,148,145,34,22,12,15,8,7,272,137,135,126,77,49,167,71,96,220,111,109,214,111,103,209,108,101,0,0,0,0,0,0,5,3,2,6,0,6,3,0,3,3,0,3,0,0,0,0,0,0,6,0,6,3,0,3,3,0,3,0,0,0,0,0,0,0,0,0,0,0,0,0,0,0,0,0,0,0,0,0,73,37,36
02,92,Kagaznagar,Kumuram Bheem,15,Dahegaon,569878,0000,VILLAGE,Teepergaon,Rural,19,81,41,40,9,5,4,0,0,0,69,35,34,25,15,10,56,26,30,45,27,18,29,25,4,13,12,1,8,7,1,0,0,0,8,6,2,16,2,14,0,0,0,13,1,12,0,0,0,3,1,2,11,1,10,0,0,0,9,1,8,0,0,0,2,0,2,5,1,4,0,0,0,4,0,4,0,0,0,1,1,0,36,14,22
02,92,Kagaznagar,Kumuram Bheem,15,Dahegaon,569879,0000,VILLAGE,Rampur,Rural,141,572,281,291,74,34,40,211,107,104,96,46,50,215,127,88,357,154,203,169,144,25,147,136,11,103,102,1,17,13,4,0,0,0,27,21,6,22,8,14,6,2,4,14,6,8,0,0,0,2,0,2,21,7,14,6,2,4,13,5,8,0,0,0,2,0,2,1,1,0,0,0,0,1,1,0,0,0,0,0,0,0,403,137,266
02,92,Kagaznagar,Kumuram Bheem,15,Dahegaon,569880,0000,VILLAGE,Motlaguda,Rural,158,649,337,312,96,50,46,139,77,62,21,13,8,298,178,120,351,159,192,536,281,255,385,200,185,138,137,1,244,61,183,0,0,0,3,2,1,151,81,70,1,1,0,0,0,0,0,0,0,150,80,70,0,0,0,0,0,0,0,0,0,0,0,0,0,0,0,151,81,70,1,1,0,0,0,0,0,0,0,150,80,70,113,56,57
02,92,Kagaznagar,Kumuram Bheem,15,Dahegaon,569882,0000,VILLAGE,Ravalpalle,Rural,58,281,136,145,43,20,23,0,0,0,274,131,143,106,64,42,175,72,103,142,72,70,142,72,70,56,56,0,86,16,70,0,0,0,0,0,0,0,0,0,0,0,0,0,0,0,0,0,0,0,0,0,0,0,0,0,0,0,0,0,0,0,0,0,0,0,0,0,0,0,0,0,0,0,0,0,0,0,0,0,0,0,139,64,75
02,91,Asifabad,Kumuram Bheem,03,Lingapur,569969,0000,VILLAGE,Loddiguda,Rural,333,1628,809,819,321,171,150,7,4,3,1597,792,805,620,387,233,1008,422,586,847,416,431,455,318,137,228,219,9,201,84,117,1,0,1,25,15,10,392,98,294,12,10,2,368,79,289,4,3,1,8,6,2,391,98,293,12,10,2,367,79,288,4,3,1,8,6,2,1,0,1,0,0,0,1,0,1,0,0,0,0,0,0,781,393,388
02,91,Asifabad,Kumuram Bheem,04,Tiryani,569970,0000,VILLAGE,Goena,Rural,70,361,180,181,77,39,38,0,0,0,311,159,152,186,100,86,175,80,95,140,69,71,67,36,31,26,23,3,18,2,16,1,1,0,22,10,12,73,33,40,15,14,1,11,5,6,4,1,3,43,13,30,67,30,37,14,13,1,10,5,5,3,0,3,40,12,28,6,3,3,1,1,0,1,0,1,1,1,0,3,1,2,221,111,110
02,91,Asifabad,Kumuram Bheem,04,Tiryani,569971,0000,VILLAGE,Dantanpalle,Rural,120,491,251,240,74,37,37,0,0,0,485,246,239,157,109,48,334,142,192,284,157,127,53,53,0,49,49,0,0,0,0,0,0,0,4,4,0,231,104,127,1,1,0,224,100,124,3,2,1,3,1,2,230,103,127,1,1,0,223,99,124,3,2,1,3,1,2,1,1,0,0,0,0,1,1,0,0,0,0,0,0,0,207,94,113
02,91,Asifabad,Kumuram Bheem,04,Tiryani,569972,0000,VILLAGE,Pangidi Madra,Rural,481,2105,1043,1062,279,145,134,0,0,0,1917,944,973,904,541,363,1201,502,699,969,498,471,837,438,399,395,294,101,163,75,88,42,9,33,237,60,177,132,60,72,26,11,15,32,14,18,5,1,4,69,34,35,125,56,69,24,10,14,31,13,18,5,1,4,65,32,33,7,4,3,2,1,1,1,1,0,0,0,0,4,2,2,1136,545,591
02,91,Asifabad,Kumuram Bheem,04,Tiryani,569973,0000,VILLAGE,Ullipitadorli,Rural,288,1087,521,566,207,101,106,298,139,159,578,276,302,506,282,224,581,239,342,656,315,341,596,301,295,189,136,53,361,145,216,11,3,8,35,17,18,60,14,46,3,2,1,21,2,19,6,0,6,30,10,20,59,14,45,3,2,1,21,2,19,6,0,6,29,10,19,1,0,1,0,0,0,0,0,0,0,0,0,1,0,1,431,206,225
02,91,Asifabad,Kumuram Bheem,04,Tiryani,569974,0000,VILLAGE,Lingiguda,Rural,21,89,43,46,15,5,10,0,0,0,89,43,46,35,21,14,54,22,32,50,29,21,43,25,18,41,23,18,0,0,0,0,0,0,2,2,0,7,4,3,1,1,0,6,3,3,0,0,0,0,0,0,7,4,3,1,1,0,6,3,3,0,0,0,0,0,0,0,0,0,0,0,0,0,0,0,0,0,0,0,0,0,39,14,25
02,91,Asifabad,Kumuram Bheem,04,Tiryani,569977,0000,VILLAGE,Devaiguda,Rural,152,542,272,270,56,31,25,314,152,162,170,92,78,260,138,122,282,134,148,299,157,142,299,157,142,66,34,32,232,123,109,0,0,0,1,0,1,0,0,0,0,0,0,0,0,0,0,0,0,0,0,0,0,0,0,0,0,0,0,0,0,0,0,0,0,0,0,0,0,0,0,0,0,0,0,0,0,0,0,0,0,0,243,115,128
02,91,Asifabad,Kumuram Bheem,04,Tiryani,569978,0000,VILLAGE,Boardham,Rural,156,576,267,309,90,42,48,1,1,0,525,243,282,234,138,96,342,129,213,308,146,162,250,122,128,189,94,95,52,23,29,0,0,0,9,5,4,58,24,34,1,1,0,51,17,34,0,0,0,6,6,0,57,23,34,1,1,0,51,17,34,0,0,0,5,5,0,1,1,0,0,0,0,0,0,0,0,0,0,1,1,0,268,121,147
02,91,Asifabad,Kumuram Bheem,04,Tiryani,569980,0000,VILLAGE,Areguda,Rural,27,124,57,67,24,12,12,6,1,5,118,56,62,33,13,20,91,44,47,69,35,34,56,30,26,54,28,26,0,0,0,0,0,0,2,2,0,13,5,8,0,0,0,13,5,8,0,0,0,0,0,0,13,5,8,0,0,0,13,5,8,0,0,0,0,0,0,0,0,0,0,0,0,0,0,0,0,0,0,0,0,0,55,22,33
02,91,Asifabad,Kumuram Bheem,04,Tiryani,569981,0000,VILLAGE,Chopidi,Rural,60,228,101,127,37,15,22,0,0,0,225,99,126,45,26,19,183,75,108,127,62,65,59,32,27,55,28,27,0,0,0,0,0,0,4,4,0,68,30,38,0,0,0,67,29,38,0,0,0,1,1,0,68,30,38,0,0,0,67,29,38,0,0,0,1,1,0,0,0,0,0,0,0,0,0,0,0,0,0,0,0,0,101,39,62
02,91,Asifabad,Kumuram Bheem,04,Tiryani,569982,0000,VILLAGE,Jewni,Rural,4,21,9,12,0,0,0,0,0,0,21,9,12,9,4,5,12,5,7,12,6,6,11,6,5,11,6,5,0,0,0,0,0,0,0,0,0,1,0,1,0,0,0,1,0,1,0,0,0,0,0,0,1,0,1,0,0,0,1,0,1,0,0,0,0,0,0,0,0,0,0,0,0,0,0,0,0,0,0,0,0,0,9,3,6
02,91,Asifabad,Kumuram Bheem,04,Tiryani,569983,0000,VILLAGE,Goyagaon,Rural,98,378,199,179,25,18,7,0,0,0,259,136,123,187,104,83,191,95,96,117,85,32,103,80,23,18,16,2,22,19,3,0,0,0,63,45,18,14,5,9,3,0,3,1,1,0,0,0,0,10,4,6,14,5,9,3,0,3,1,1,0,0,0,0,10,4,6,0,0,0,0,0,0,0,0,0,0,0,0,0,0,0,261,114,147
02,91,Asifabad,Kumuram Bheem,04,Tiryani,569984,0000,VILLAGE,Dongargaon,Rural,16,67,34,33,7,4,3,0,0,0,67,34,33,31,20,11,36,14,22,20,14,6,15,11,4,13,10,3,0,0,0,1,0,1,1,1,0,5,3,2,2,1,1,0,0,0,1,1,0,2,1,1,5,3,2,2,1,1,0,0,0,1,1,0,2,1,1,0,0,0,0,0,0,0,0,0,0,0,0,0,0,0,47,20,27
02,91,Asifabad,Kumuram Bheem,04,Tiryani,569985,0000,VILLAGE,KoyaTalandi,Rural,69,280,138,142,31,24,7,0,0,0,274,133,141,133,67,66,147,71,76,93,53,40,85,51,34,42,36,6,27,9,18,6,2,4,10,4,6,8,2,6,2,0,2,3,0,3,0,0,0,3,2,1,7,2,5,2,0,2,2,0,2,0,0,0,3,2,1,1,0,1,0,0,0,1,0,1,0,0,0,0,0,0,187,85,102
02,91,Asifabad,Kumuram Bheem,04,Tiryani,569986,0000,VILLAGE,Talandi,Rural,142,538,278,260,42,20,22,162,90,72,54,30,24,324,195,129,214,83,131,309,156,153,207,114,93,47,44,3,28,23,5,3,2,1,129,45,84,102,42,60,1,1,0,51,20,31,4,0,4,46,21,25,100,41,59,1,1,0,49,19,30,4,0,4,46,21,25,2,1,1,0,0,0,2,1,1,0,0,0,0,0,0,229,122,107
02,91,Asifabad,Kumuram Bheem,04,Tiryani,569987,0000,VILLAGE,Rallakamepalle,Rural,115,480,232,248,58,30,28,0,0,0,466,226,240,234,135,99,246,97,149,296,148,148,198,124,74,98,97,1,76,7,69,0,0,0,24,20,4,98,24,74,5,2,3,50,9,41,0,0,0,43,13,30,95,22,73,5,2,3,48,8,40,0,0,0,42,12,30,3,2,1,0,0,0,2,1,1,0,0,0,1,1,0,184,84,100
02,91,Asifabad,Kumuram Bheem,04,Tiryani,569988,0000,VILLAGE,Godelpalle,Rural,69,298,142,156,35,14,21,0,0,0,272,129,143,155,93,62,143,49,94,60,46,14,60,46,14,42,38,4,5,4,1,0,0,0,13,4,9,0,0,0,0,0,0,0,0,0,0,0,0,0,0,0,0,0,0,0,0,0,0,0,0,0,0,0,0,0,0,0,0,0,0,0,0,0,0,0,0,0,0,0,0,0,238,96,142
02,91,Asifabad,Kumuram Bheem,04,Tiryani,569989,0000,VILLAGE,Ginnedari,Rural,396,1583,775,808,184,86,98,25,12,13,1473,719,754,798,464,334,785,311,474,791,454,337,378,302,76,187,174,13,79,55,24,8,1,7,104,72,32,413,152,261,10,4,6,326,110,216,18,5,13,59,33,26,305,115,190,9,4,5,228,77,151,17,5,12,51,29,22,108,37,71,1,0,1,98,33,65,1,0,1,8,4,4,792,321,471
02,91,Asifabad,Kumuram Bheem,04,Tiryani,569990,0000,VILLAGE,Sangapur,Rural,268,1120,585,535,152,83,69,436,233,203,414,215,199,573,345,228,547,240,307,605,319,286,436,286,150,251,211,40,71,17,54,6,4,2,108,54,54,169,33,136,13,6,7,119,10,109,3,1,2,34,16,18,168,32,136,13,6,7,119,10,109,3,1,2,33,15,18,1,1,0,0,0,0,0,0,0,0,0,0,1,1,0,515,266,249
02,91,Asifabad,Kumuram Bheem,04,Tiryani,569991,0000,VILLAGE,Maindagudipet,Rural,174,744,346,398,72,30,42,0,0,0,724,338,386,392,219,173,352,127,225,455,226,229,183,166,17,147,144,3,16,8,8,2,2,0,18,12,6,272,60,212,12,10,2,212,32,180,8,5,3,40,13,27,111,24,87,7,6,1,85,11,74,1,1,0,18,6,12,161,36,125,5,4,1,127,21,106,7,4,3,22,7,15,289,120,169
02,91,Asifabad,Kumuram Bheem,04,Tiryani,569992,0000,VILLAGE,Tiryani,Rural,821,2976,1465,1511,285,137,148,370,177,193,621,309,312,1785,1011,774,1191,454,737,1302,805,497,1111,745,366,224,164,60,440,215,225,32,25,7,415,341,74,191,60,131,12,4,8,139,38,101,2,1,1,38,17,21,185,58,127,12,4,8,134,37,97,2,1,1,37,16,21,6,2,4,0,0,0,5,1,4,0,0,0,1,1,0,1674,660,1014
02,91,Asifabad,Kumuram Bheem,04,Tiryani,569993,0000,VILLAGE,Gangapur,Rural,39,158,77,81,18,11,7,0,0,0,158,77,81,97,55,42,61,22,39,97,43,54,96,43,53,26,25,1,32,1,31,1,0,1,37,17,20,1,0,1,0,0,0,0,0,0,0,0,0,1,0,1,1,0,1,0,0,0,0,0,0,0,0,0,1,0,1,0,0,0,0,0,0,0,0,0,0,0,0,0,0,0,61,34,27
02,91,Asifabad,Kumuram Bheem,04,Tiryani,569994,0000,VILLAGE,Gambhiraopet,Rural,324,1210,640,570,106,56,50,359,197,162,57,30,27,657,388,269,553,252,301,662,363,299,552,295,257,148,115,33,165,86,79,2,0,2,237,94,143,110,68,42,4,1,3,21,14,7,1,1,0,84,52,32,106,66,40,4,1,3,20,14,6,0,0,0,82,51,31,4,2,2,0,0,0,1,0,1,1,1,0,2,1,1,548,277,271
02,91,Asifabad,Kumuram Bheem,04,Tiryani,569995,0000,VILLAGE,Duggapur,Rural,50,197,94,103,19,4,15,1,1,0,84,45,39,99,66,33,98,28,70,60,43,17,48,37,11,9,7,2,15,13,2,0,0,0,24,17,7,12,6,6,0,0,0,12,6,6,0,0,0,0,0,0,12,6,6,0,0,0,12,6,6,0,0,0,0,0,0,0,0,0,0,0,0,0,0,0,0,0,0,0,0,0,137,51,86
02,91,Asifabad,Kumuram Bheem,04,Tiryani,569996,0000,VILLAGE,Kannepalle,Rural,98,399,195,204,42,23,19,115,55,60,189,90,99,213,119,94,186,76,110,112,90,22,96,85,11,28,26,2,44,38,6,4,2,2,20,19,1,16,5,11,0,0,0,3,2,1,0,0,0,13,3,10,16,5,11,0,0,0,3,2,1,0,0,0,13,3,10,0,0,0,0,0,0,0,0,0,0,0,0,0,0,0,287,105,182
02,91,Asifabad,Kumuram Bheem,04,Tiryani,569997,0000,VILLAGE,Sonapur,Rural,155,663,333,330,100,52,48,0,0,0,655,329,326,247,156,91,416,177,239,428,209,219,419,207,212,143,140,3,171,11,160,3,2,1,102,54,48,9,2,7,2,2,0,7,0,7,0,0,0,0,0,0,9,2,7,2,2,0,7,0,7,0,0,0,0,0,0,0,0,0,0,0,0,0,0,0,0,0,0,0,0,0,235,124,111
02,91,Asifabad,Kumuram Bheem,04,Tiryani,569998,0000,VILLAGE,Edulpad,Rural,156,613,312,301,77,44,33,1,0,1,608,312,296,276,158,118,337,154,183,357,183,174,262,133,129,82,71,11,56,44,12,3,2,1,121,16,105,95,50,45,1,0,1,73,40,33,3,1,2,18,9,9,88,49,39,1,0,1,73,40,33,1,1,0,13,8,5,7,1,6,0,0,0,0,0,0,2,0,2,5,1,4,256,129,127
02,91,Asifabad,Kumuram Bheem,04,Tiryani,569999,0000,VILLAGE,Dondla,Rural,17,77,38,39,13,6,7,0,0,0,77,38,39,34,19,15,43,19,24,35,18,17,28,16,12,10,10,0,4,3,1,1,1,0,13,2,11,7,2,5,0,0,0,1,0,1,0,0,0,6,2,4,3,0,3,0,0,0,1,0,1,0,0,0,2,0,2,4,2,2,0,0,0,0,0,0,0,0,0,4,2,2,42,20,22
02,91,Asifabad,Kumuram Bheem,04,Tiryani,570000,0000,VILLAGE,Islampur,Rural,47,201,104,97,30,21,9,0,0,0,197,102,95,67,40,27,134,64,70,127,61,66,125,61,64,20,19,1,53,23,30,1,1,0,51,18,33,2,0,2,0,0,0,0,0,0,0,0,0,2,0,2,2,0,2,0,0,0,0,0,0,0,0,0,2,0,2,0,0,0,0,0,0,0,0,0,0,0,0,0,0,0,74,43,31
02,91,Asifabad,Kumuram Bheem,04,Tiryani,570001,0000,VILLAGE,Irkapalle,Rural,119,461,242,219,49,26,23,0,0,0,448,235,213,217,128,89,244,114,130,242,134,108,38,26,12,29,18,11,1,1,0,0,0,0,8,7,1,204,108,96,5,3,2,192,100,92,1,1,0,6,4,2,204,108,96,5,3,2,192,100,92,1,1,0,6,4,2,0,0,0,0,0,0,0,0,0,0,0,0,0,0,0,219,108,111
02,91,Asifabad,Kumuram Bheem,04,Tiryani,570002,0000,VILLAGE,Chintapalle,Rural,172,656,319,337,46,25,21,0,0,0,447,210,237,414,227,187,242,92,150,275,163,112,222,139,83,17,14,3,138,70,68,4,4,0,63,51,12,53,24,29,0,0,0,40,18,22,0,0,0,13,6,7,52,24,28,0,0,0,39,18,21,0,0,0,13,6,7,1,0,1,0,0,0,1,0,1,0,0,0,0,0,0,381,156,225
02,91,Asifabad,Kumuram Bheem,04,Tiryani,570003,0000,VILLAGE,Korlanka,Rural,31,154,77,77,17,6,11,0,0,0,154,77,77,92,56,36,62,21,41,89,45,44,38,37,1,34,34,0,1,1,0,0,0,0,3,2,1,51,8,43,0,0,0,50,7,43,0,0,0,1,1,0,2,1,1,0,0,0,1,0,1,0,0,0,1,1,0,49,7,42,0,0,0,49,7,42,0,0,0,0,0,0,65,32,33
02,91,Asifabad,Kumuram Bheem,04,Tiryani,570004,0000,VILLAGE,Mangi,Rural,651,2813,1417,1396,470,227,243,1,1,0,2770,1395,1375,1025,632,393,1788,785,1003,1820,917,903,817,539,278,390,365,25,352,129,223,7,1,6,68,44,24,1003,378,625,47,43,4,869,286,583,23,12,11,64,37,27,982,368,614,47,43,4,859,281,578,21,11,10,55,33,22,21,10,11,0,0,0,10,5,5,2,1,1,9,4,5,993,500,493
02,91,Asifabad,Kumuram Bheem,04,Tiryani,570005,0000,VILLAGE,Rompalle,Rural,365,1456,712,744,198,91,107,1,1,0,1420,692,728,671,400,271,785,312,473,865,423,442,37,26,11,20,20,0,4,1,3,0,0,0,13,5,8,828,397,431,70,68,2,752,327,425,1,0,1,5,2,3,819,396,423,70,68,2,743,326,417,1,0,1,5,2,3,9,1,8,0,0,0,9,1,8,0,0,0,0,0,0,591,289,302
02,91,Asifabad,Kumuram Bheem,04,Tiryani,570006,0000,VILLAGE,Bheemapur,Rural,75,271,134,137,38,20,18,0,0,0,266,132,134,105,54,51,166,80,86,163,83,80,17,12,5,9,9,0,6,2,4,1,0,1,1,1,0,146,71,75,23,23,0,110,37,73,0,0,0,13,11,2,119,60,59,23,23,0,85,28,57,0,0,0,11,9,2,27,11,16,0,0,0,25,9,16,0,0,0,2,2,0,108,51,57
02,91,Asifabad,Kumuram Bheem,04,Tiryani,570007,0000,VILLAGE,Gundala,Rural,176,697,339,358,83,37,46,2,1,1,693,338,355,303,193,110,394,146,248,463,234,229,120,102,18,102,98,4,16,4,12,0,0,0,2,0,2,343,132,211,4,2,2,332,129,203,0,0,0,7,1,6,338,132,206,3,2,1,331,129,202,0,0,0,4,1,3,5,0,5,1,0,1,1,0,1,0,0,0,3,0,3,234,105,129
02,91,Asifabad,Kumuram Bheem,04,Tiryani,570008,0000,VILLAGE,Mankapur,Rural,178,668,349,319,71,41,30,45,22,23,559,293,266,358,219,139,310,130,180,355,197,158,172,115,57,31,26,5,95,65,30,1,1,0,45,23,22,183,82,101,19,17,2,100,36,64,14,4,10,50,25,25,153,74,79,18,17,1,82,32,50,6,3,3,47,22,25,30,8,22,1,0,1,18,4,14,8,1,7,3,3,0,313,152,161
02,91,Asifabad,Kumuram Bheem,06,Asifabad,569539,0001,WARD,Asifabad,Urban,4934,23059,11547,11512,2447,1246,1201,3583,1947,1636,2423,939,1484,15924,8702,7222,7135,2845,4290,7035,5460,1575,6035,4912,1123,250,215,35,644,330,314,47,31,16,5094,4336,758,1000,548,452,14,8,6,222,33,189,16,6,10,748,501,247,810,427,383,12,6,6,199,28,171,12,3,9,587,390,197,190,121,69,2,2,0,23,5,18,4,3,1,161,111,50,16024,6087,9937
02,91,Asifabad,Kumuram Bheem,01,Jainoor,569557,0001,WARD,Jainoor,Urban,1273,6342,3034,3308,1037,519,518,688,359,329,1537,599,938,3848,2016,1832,2494,1018,1476,2728,1579,1149,1906,1259,647,240,148,92,235,124,111,315,164,151,1116,823,293,822,320,502,34,8,26,387,154,233,44,9,35,357,149,208,778,307,471,32,8,24,369,150,219,40,8,32,337,141,196,44,13,31,2,0,2,18,4,14,4,1,3,20,8,12,3614,1455,2159
02,92,Kagaznagar,Kumuram Bheem,09,Kagaznagar,802897,0001,WARD,Kagaznagar(M),Urban,6411,27421,13654,13767,2744,1408,1336,3067,1497,1570,407,213,194,20223,10895,9328,7198,2759,4439,8220,6709,1511,6850,5784,1066,100,88,12,120,70,50,177,125,52,6453,5501,952,1370,925,445,22,13,9,145,87,58,68,31,37,1135,794,341,948,640,308,21,12,9,130,80,50,57,23,34,740,525,215,422,285,137,1,1,0,15,7,8,11,8,3,395,269,126,19201,6945,12256
02,92,Kagaznagar,Kumuram Bheem,09,Kagaznagar,802897,0002,WARD,Kagaznagar(M),Urban,4837,20339,10105,10234,1894,974,920,4148,2027,2121,200,98,102,14485,7890,6595,5854,2215,3639,6842,5312,1530,5378,4452,926,38,28,10,85,49,36,116,85,31,5139,4290,849,1464,860,604,23,8,15,44,13,31,38,21,17,1359,818,541,1109,608,501,23,8,15,36,9,27,29,15,14,1021,576,445,355,252,103,0,0,0,8,4,4,9,6,3,338,242,96,13497,4793,8704
02,92,Kagaznagar,Kumuram Bheem,09,Kagaznagar,802897,0003,WARD,Kagaznagar(M),Urban,2238,9218,4580,4638,893,469,424,1270,621,649,82,36,46,6739,3621,3118,2479,959,1520,2835,2239,596,2262,1898,364,48,40,8,28,22,6,65,44,21,2121,1792,329,573,341,232,18,9,9,79,60,19,82,33,49,394,239,155,418,263,155,17,9,8,60,48,12,64,25,39,277,181,96,155,78,77,1,0,1,19,12,7,18,8,10,117,58,59,6383,2341,4042
02,92,Kagaznagar,Kumuram Bheem,09,Kagaznagar,802897,0004,WARD,Kagaznagar(M),Urban,144,605,310,295,45,15,30,219,111,108,29,14,15,424,252,172,181,58,123,172,162,10,166,156,10,0,0,0,0,0,0,0,0,0,166,156,10,6,6,0,0,0,0,2,2,0,0,0,0,4,4,0,6,6,0,0,0,0,2,2,0,0,0,0,4,4,0,0,0,0,0,0,0,0,0,0,0,0,0,0,0,0,433,148,285