DISTRICT_CODE,DIVISION_CODE,DIVISION_NAME,Name_District,Mandal_Code,Name_Mandal,Village_Code,Ward,Level1,VName,TRU,No_HH,TOT_P,TOT_M,TOT_F,P_06,M_06,F_06,P_SC,M_SC,F_SC,P_ST,M_ST,F_ST,P_LIT,M_LIT,F_LIT,P_ILL,M_ILL,F_ILL,TOT_WORK_P,TOT_WORK_M,TOT_WORK_F,MAINWORK_P,MAINWORK_M,MAINWORK_F,MAIN_CL_P,MAIN_CL_M,MAIN_CL_F,MAIN_AL_P,MAIN_AL_M,MAIN_AL_F,MAIN_HH_P,MAIN_HH_M,MAIN_HH_F,MAIN_OT_P,MAIN_OT_M,MAIN_OT_F,MARGWORK_P,MARGWORK_M,MARGWORK_F,MARG_CL_P,MARG_CL_M,MARG_CL_F,MARG_AL_P,MARG_AL_M,MARG_AL_F,MARG_HH_P,MARG_HH_M,MARG_HH_F,MARG_OT_P,MARG_OT_M,MARG_OT_F,MARGWORK_3_6_P,MARGWORK_3_6_M,MARGWORK_3_6_F,MARG_CL_3_6_P,MARG_CL_3_6_M,MARG_CL_3_6_F,MARG_AL_3_6_P,MARG_AL_3_6_M,MARG_AL_3_6_F,MARG_HH_3_6_P,MARG_HH_3_6_M,MARG_HH_3_6_F,MARG_OT_3_6_P,MARG_OT_3_6_M,MARG_OT_3_6_F,MARGWORK_0_3_P,MARGWORK_0_3_M,MARGWORK_0_3_F,MARG_CL_0_3_P,MARG_CL_0_3_M,MARG_CL_0_3_F,MARG_AL_0_3_P,MARG_AL_0_3_M,MARG_AL_0_3_F,MARG_HH_0_3_P,MARG_HH_0_3_M,MARG_HH_0_3_F,MARG_OT_0_3_P,MARG_OT_0_3_M,MARG_OT_0_3_F,NON_WORK_P,NON_WORK_M,NON_WORK_F
25,91,Mahabubnagar,Mahabubnagar,14,Gandeed,574566,0000,VILLAGE,Kaplapur,Rural,201,841,401,440,118,63,55,5,3,2,1,0,1,422,256,166,419,145,274,485,251,234,340,177,163,192,98,94,55,19,36,6,3,3,87,57,30,145,74,71,5,0,5,112,55,57,2,2,0,26,17,9,133,63,70,5,0,5,102,46,56,1,1,0,25,16,9,12,11,1,0,0,0,10,9,1,1,1,0,1,1,0,356,150,206
25,91,Mahabubnagar,Mahabubnagar,14,Gandeed,574567,0000,VILLAGE,Vennached,Rural,1640,7698,3792,3906,984,511,473,1503,774,729,103,51,52,3778,2243,1535,3920,1549,2371,4106,2070,2036,3594,1898,1696,1096,881,215,2028,660,1368,67,34,33,403,323,80,512,172,340,60,45,15,236,27,209,54,12,42,162,88,74,464,151,313,45,32,13,209,22,187,53,12,41,157,85,72,48,21,27,15,13,2,27,5,22,1,0,1,5,3,2,3592,1722,1870
25,91,Mahabubnagar,Mahabubnagar,14,Gandeed,574568,0000,VILLAGE,Jinnaram,Rural,271,1438,752,686,199,98,101,140,68,72,518,301,217,699,439,260,739,313,426,766,390,376,764,389,375,44,36,8,693,334,359,0,0,0,27,19,8,2,1,1,0,0,0,2,1,1,0,0,0,0,0,0,1,1,0,0,0,0,1,1,0,0,0,0,0,0,0,1,0,1,0,0,0,1,0,1,0,0,0,0,0,0,672,362,310
25,91,Mahabubnagar,Mahabubnagar,14,Gandeed,574569,0000,VILLAGE,Chelmilla,Rural,67,340,173,167,51,23,28,237,122,115,0,0,0,211,124,87,129,49,80,127,76,51,113,69,44,78,56,22,9,2,7,2,0,2,24,11,13,14,7,7,3,0,3,5,4,1,0,0,0,6,3,3,12,6,6,3,0,3,4,3,1,0,0,0,5,3,2,2,1,1,0,0,0,1,1,0,0,0,0,1,0,1,213,97,116
25,91,Mahabubnagar,Mahabubnagar,14,Gandeed,574570,0000,VILLAGE,Salarnagar,Rural,99,427,213,214,63,31,32,64,33,31,0,0,0,233,137,96,194,76,118,315,157,158,223,127,96,55,49,6,107,47,60,13,2,11,48,29,19,92,30,62,9,5,4,42,4,38,4,2,2,37,19,18,85,27,58,8,5,3,40,4,36,4,2,2,33,16,17,7,3,4,1,0,1,2,0,2,0,0,0,4,3,1,112,56,56
25,91,Mahabubnagar,Mahabubnagar,14,Gandeed,574571,0000,VILLAGE,Peddavarval,Rural,346,1993,1024,969,283,151,132,304,158,146,16,8,8,814,507,307,1179,517,662,1081,534,547,1039,523,516,606,425,181,390,69,321,2,1,1,41,28,13,42,11,31,16,7,9,22,2,20,0,0,0,4,2,2,42,11,31,16,7,9,22,2,20,0,0,0,4,2,2,0,0,0,0,0,0,0,0,0,0,0,0,0,0,0,912,490,422
25,91,Mahabubnagar,Mahabubnagar,14,Gandeed,574572,0000,VILLAGE,Chinnavarval,Rural,236,1265,625,640,209,107,102,209,102,107,87,40,47,450,259,191,815,366,449,667,330,337,581,293,288,204,193,11,356,84,272,1,1,0,20,15,5,86,37,49,25,24,1,55,9,46,1,1,0,5,3,2,78,31,47,22,21,1,51,7,44,1,1,0,4,2,2,8,6,2,3,3,0,4,2,2,0,0,0,1,1,0,598,295,303
25,91,Mahabubnagar,Mahabubnagar,14,Gandeed,574573,0000,VILLAGE,Rusumpalle,Rural,293,1499,816,683,193,105,88,189,96,93,87,50,37,609,399,210,890,417,473,866,430,436,748,375,373,159,132,27,413,146,267,28,13,15,148,84,64,118,55,63,15,7,8,51,22,29,3,0,3,49,26,23,113,52,61,14,6,8,47,20,27,3,0,3,49,26,23,5,3,2,1,1,0,4,2,2,0,0,0,0,0,0,633,386,247
25,91,Mahabubnagar,Mahabubnagar,14,Gandeed,574574,0000,VILLAGE,Gandeed,Rural,823,3904,2009,1895,467,242,225,1069,516,553,17,12,5,2081,1285,796,1823,724,1099,2000,1031,969,1408,754,654,542,331,211,437,134,303,69,42,27,360,247,113,592,277,315,148,72,76,411,188,223,1,1,0,32,16,16,201,96,105,142,70,72,27,9,18,1,1,0,31,16,15,391,181,210,6,2,4,384,179,205,0,0,0,1,0,1,1904,978,926
25,91,Mahabubnagar,Mahabubnagar,14,Gandeed,574575,0000,VILLAGE,Baispalle,Rural,28,119,59,60,20,5,15,2,1,1,0,0,0,64,44,20,55,15,40,65,30,35,64,30,34,9,4,5,53,24,29,0,0,0,2,2,0,1,0,1,0,0,0,1,0,1,0,0,0,0,0,0,0,0,0,0,0,0,0,0,0,0,0,0,0,0,0,1,0,1,0,0,0,1,0,1,0,0,0,0,0,0,54,29,25
25,91,Mahabubnagar,Mahabubnagar,14,Gandeed,574576,0000,VILLAGE,Reddipalle,Rural,468,2342,1109,1233,349,168,181,0,0,0,489,178,311,1093,596,497,1249,513,736,1110,543,567,866,437,429,361,218,143,296,73,223,9,8,1,200,138,62,244,106,138,195,87,108,35,11,24,4,4,0,10,4,6,212,93,119,182,82,100,18,5,13,2,2,0,10,4,6,32,13,19,13,5,8,17,6,11,2,2,0,0,0,0,1232,566,666
25,91,Mahabubnagar,Mahabubnagar,14,Gandeed,574577,0000,VILLAGE,Salkerpet,Rural,708,3417,1739,1678,408,204,204,903,455,448,107,55,52,1734,1032,702,1683,707,976,1918,1001,917,1771,945,826,675,468,207,828,288,540,48,35,13,220,154,66,147,56,91,11,3,8,99,33,66,12,7,5,25,13,12,121,41,80,9,3,6,81,21,60,7,5,2,24,12,12,26,15,11,2,0,2,18,12,6,5,2,3,1,1,0,1499,738,761
25,91,Mahabubnagar,Mahabubnagar,14,Gandeed,574579,0000,VILLAGE,Govindapalle,Rural,95,480,239,241,97,50,47,60,30,30,333,158,175,151,87,64,329,152,177,211,105,106,179,87,92,54,34,20,119,49,70,0,0,0,6,4,2,32,18,14,7,3,4,21,12,9,0,0,0,4,3,1,27,16,11,7,3,4,16,10,6,0,0,0,4,3,1,5,2,3,0,0,0,5,2,3,0,0,0,0,0,0,269,134,135
25,91,Mahabubnagar,Mahabubnagar,14,Gandeed,574580,0000,VILLAGE,Pagdiyal,Rural,669,3623,1808,1815,516,263,253,567,276,291,1269,640,629,1640,977,663,1983,831,1152,1877,924,953,1463,750,713,659,395,264,596,209,387,55,26,29,153,120,33,414,174,240,103,94,9,245,61,184,39,8,31,27,11,16,154,73,81,42,35,7,51,22,29,38,8,30,23,8,15,260,101,159,61,59,2,194,39,155,1,0,1,4,3,1,1746,884,862
25,91,Mahabubnagar,Mahabubnagar,14,Gandeed,574581,0000,VILLAGE,Balsulgonda,Rural,367,1621,843,778,196,110,86,140,71,69,317,163,154,805,512,293,816,331,485,729,380,349,597,319,278,229,215,14,297,52,245,2,1,1,69,51,18,132,61,71,25,24,1,91,25,66,0,0,0,16,12,4,123,55,68,25,24,1,86,22,64,0,0,0,12,9,3,9,6,3,0,0,0,5,3,2,0,0,0,4,3,1,892,463,429
25,91,Mahabubnagar,Mahabubnagar,14,Gandeed,574582,0000,VILLAGE,Kondapur,Rural,275,1261,610,651,172,75,97,207,100,107,74,36,38,491,296,195,770,314,456,689,342,347,689,342,347,174,158,16,504,174,330,0,0,0,11,10,1,0,0,0,0,0,0,0,0,0,0,0,0,0,0,0,0,0,0,0,0,0,0,0,0,0,0,0,0,0,0,0,0,0,0,0,0,0,0,0,0,0,0,0,0,0,572,268,304
25,91,Mahabubnagar,Mahabubnagar,14,Gandeed,574583,0000,VILLAGE,Mansoorpalle,Rural,221,1245,615,630,155,75,80,164,79,85,563,286,277,548,344,204,697,271,426,684,338,346,635,308,327,379,203,176,189,58,131,1,0,1,66,47,19,49,30,19,19,9,10,27,19,8,0,0,0,3,2,1,49,30,19,19,9,10,27,19,8,0,0,0,3,2,1,0,0,0,0,0,0,0,0,0,0,0,0,0,0,0,561,277,284
25,91,Mahabubnagar,Mahabubnagar,14,Gandeed,574584,0000,VILLAGE,Komreddipalle,Rural,522,2817,1430,1387,363,191,172,255,135,120,71,36,35,1341,815,526,1476,615,861,1570,804,766,1118,607,511,273,225,48,476,163,313,10,4,6,359,215,144,452,197,255,30,17,13,314,125,189,1,1,0,107,54,53,434,190,244,25,13,12,307,124,183,1,1,0,101,52,49,18,7,11,5,4,1,7,1,6,0,0,0,6,2,4,1247,626,621
25,91,Mahabubnagar,Mahabubnagar,27,Mohammadabad,574585,0000,VILLAGE,Nancherla,Rural,1219,7055,3228,3827,866,446,420,1274,425,849,1128,569,559,3635,1822,1813,3420,1406,2014,3168,1618,1550,2825,1506,1319,1071,810,261,1186,296,890,45,31,14,523,369,154,343,112,231,21,5,16,219,62,157,11,3,8,92,42,50,335,109,226,20,4,16,217,61,156,8,3,5,90,41,49,8,3,5,1,1,0,2,1,1,3,0,3,2,1,1,3887,1610,2277
25,91,Mahabubnagar,Mahabubnagar,27,Mohammadabad,574586,0000,VILLAGE,Gadrial,Rural,600,3007,1479,1528,453,237,216,615,324,291,735,369,366,1291,759,532,1716,720,996,1446,705,741,1421,694,727,483,384,99,773,201,572,45,32,13,120,77,43,25,11,14,6,3,3,8,1,7,1,0,1,10,7,3,21,10,11,4,3,1,6,0,6,1,0,1,10,7,3,4,1,3,2,0,2,2,1,1,0,0,0,0,0,0,1561,774,787
25,91,Mahabubnagar,Mahabubnagar,27,Mohammadabad,574587,0000,VILLAGE,Chowderpalle,Rural,532,2766,1433,1333,378,208,170,231,112,119,1621,865,756,1157,718,439,1609,715,894,1435,696,739,1243,619,624,449,377,72,704,179,525,24,12,12,66,51,15,192,77,115,19,8,11,78,23,55,8,3,5,87,43,44,165,63,102,16,7,9,65,18,47,6,2,4,78,36,42,27,14,13,3,1,2,13,5,8,2,1,1,9,7,2,1331,737,594
25,91,Mahabubnagar,Mahabubnagar,27,Mohammadabad,574588,0000,VILLAGE,Mangampet,Rural,371,1935,980,955,255,146,109,260,139,121,1076,546,530,832,493,339,1103,487,616,1018,503,515,923,458,465,333,190,143,489,197,292,6,3,3,95,68,27,95,45,50,6,1,5,38,14,24,9,4,5,42,26,16,84,40,44,6,1,5,37,14,23,2,1,1,39,24,15,11,5,6,0,0,0,1,0,1,7,3,4,3,2,1,917,477,440
25,91,Mahabubnagar,Mahabubnagar,27,Mohammadabad,574589,0000,VILLAGE,Mukarlabad,Rural,358,1910,941,969,310,149,161,312,158,154,692,339,353,756,489,267,1154,452,702,1183,558,625,1067,501,566,263,215,48,648,204,444,60,31,29,96,51,45,116,57,59,6,3,3,50,23,27,4,2,2,56,29,27,104,52,52,6,3,3,50,23,27,1,1,0,47,25,22,12,5,7,0,0,0,0,0,0,3,1,2,9,4,5,727,383,344
25,91,Mahabubnagar,Mahabubnagar,27,Mohammadabad,574590,0000,VILLAGE,Julapalle,Rural,431,2332,1184,1148,352,177,175,430,222,208,380,202,178,1008,619,389,1324,565,759,1693,875,818,996,548,448,421,249,172,427,203,224,38,19,19,110,77,33,697,327,370,81,59,22,199,58,141,40,15,25,377,195,182,643,299,344,54,40,14,189,54,135,31,12,19,369,193,176,54,28,26,27,19,8,10,4,6,9,3,6,8,2,6,639,309,330
25,91,Mahabubnagar,Mahabubnagar,27,Mohammadabad,574591,0000,VILLAGE,Annareddipalle,Rural,184,1101,568,533,184,95,89,0,0,0,774,406,368,338,202,136,763,366,397,487,271,216,411,204,207,313,156,157,92,44,48,0,0,0,6,4,2,76,67,9,72,65,7,4,2,2,0,0,0,0,0,0,75,66,9,72,65,7,3,1,2,0,0,0,0,0,0,1,1,0,0,0,0,1,1,0,0,0,0,0,0,0,614,297,317
25,91,Mahabubnagar,Mahabubnagar,27,Mohammadabad,574592,0000,VILLAGE,Lingaipalle,Rural,60,358,179,179,72,42,30,0,0,0,2,1,1,105,48,57,253,131,122,145,77,68,0,0,0,0,0,0,0,0,0,0,0,0,0,0,0,145,77,68,140,73,67,1,1,0,3,2,1,1,1,0,145,77,68,140,73,67,1,1,0,3,2,1,1,1,0,0,0,0,0,0,0,0,0,0,0,0,0,0,0,0,213,102,111
25,91,Mahabubnagar,Mahabubnagar,27,Mohammadabad,574593,0000,VILLAGE,Mohammadabad,Rural,2647,12454,6231,6223,1558,821,737,1148,556,592,1197,607,590,6418,3695,2723,6036,2536,3500,5781,3255,2526,4533,2675,1858,1521,1008,513,1596,648,948,73,51,22,1343,968,375,1248,580,668,65,39,26,741,284,457,45,26,19,397,231,166,1064,492,572,58,34,24,602,220,382,38,20,18,366,218,148,184,88,96,7,5,2,139,64,75,7,6,1,31,13,18,6673,2976,3697
25,91,Mahabubnagar,Mahabubnagar,27,Mohammadabad,574594,0000,VILLAGE,Sangaipalle,Rural,254,1139,582,557,195,96,99,39,17,22,961,494,467,372,250,122,767,332,435,539,258,281,528,253,275,325,210,115,181,27,154,0,0,0,22,16,6,11,5,6,3,1,2,4,1,3,0,0,0,4,3,1,11,5,6,3,1,2,4,1,3,0,0,0,4,3,1,0,0,0,0,0,0,0,0,0,0,0,0,0,0,0,600,324,276
25,91,Mahabubnagar,Mahabubnagar,15,Hanwada,575054,0000,VILLAGE,Vepoor,Rural,912,4847,2413,2434,732,389,343,737,370,367,231,121,110,1973,1212,761,2874,1201,1673,2590,1306,1284,2569,1301,1268,924,722,202,1483,469,1014,18,10,8,144,100,44,21,5,16,5,0,5,10,2,8,1,1,0,5,2,3,18,4,14,4,0,4,8,1,7,1,1,0,5,2,3,3,1,2,1,0,1,2,1,1,0,0,0,0,0,0,2257,1107,1150
25,91,Mahabubnagar,Mahabubnagar,15,Hanwada,575055,0000,VILLAGE,Gundiyal,Rural,1224,6126,3049,3077,870,423,447,213,115,98,1376,693,683,2245,1374,871,3881,1675,2206,3496,1783,1713,3285,1691,1594,1246,847,399,1762,658,1104,42,33,9,235,153,82,211,92,119,10,6,4,167,70,97,4,2,2,30,14,16,99,32,67,9,5,4,68,17,51,3,1,2,19,9,10,112,60,52,1,1,0,99,53,46,1,1,0,11,5,6,2630,1266,1364
25,91,Mahabubnagar,Mahabubnagar,15,Hanwada,575056,0000,VILLAGE,Ayodhyanagar,Rural,162,855,429,426,129,67,62,0,0,0,618,313,305,356,215,141,499,214,285,438,222,216,420,218,202,281,166,115,104,27,77,0,0,0,35,25,10,18,4,14,2,2,0,14,1,13,0,0,0,2,1,1,15,4,11,2,2,0,12,1,11,0,0,0,1,1,0,3,0,3,0,0,0,2,0,2,0,0,0,1,0,1,417,207,210
25,91,Mahabubnagar,Mahabubnagar,15,Hanwada,575057,0000,VILLAGE,Shaikpalle,Rural,359,1961,1005,956,280,151,129,0,0,0,980,484,496,813,503,310,1148,502,646,1106,563,543,1098,560,538,295,238,57,670,217,453,0,0,0,133,105,28,8,3,5,0,0,0,3,0,3,0,0,0,5,3,2,8,3,5,0,0,0,3,0,3,0,0,0,5,3,2,0,0,0,0,0,0,0,0,0,0,0,0,0,0,0,855,442,413
25,91,Mahabubnagar,Mahabubnagar,15,Hanwada,575058,0000,VILLAGE,Munimokesham,Rural,567,2679,1317,1362,382,196,186,741,367,374,269,132,137,1065,659,406,1614,658,956,1568,764,804,1323,673,650,435,308,127,731,281,450,31,15,16,126,69,57,245,91,154,4,1,3,135,41,94,4,0,4,102,49,53,245,91,154,4,1,3,135,41,94,4,0,4,102,49,53,0,0,0,0,0,0,0,0,0,0,0,0,0,0,0,1111,553,558
25,91,Mahabubnagar,Mahabubnagar,15,Hanwada,575060,0000,VILLAGE,Yarenpalle,Rural,133,536,274,262,70,31,39,4,3,1,0,0,0,223,151,72,313,123,190,317,160,157,316,160,156,146,77,69,64,9,55,0,0,0,106,74,32,1,0,1,0,0,0,1,0,1,0,0,0,0,0,0,1,0,1,0,0,0,1,0,1,0,0,0,0,0,0,0,0,0,0,0,0,0,0,0,0,0,0,0,0,0,219,114,105
25,91,Mahabubnagar,Mahabubnagar,15,Hanwada,575061,0000,VILLAGE,Madharam,Rural,146,757,384,373,134,62,72,96,45,51,57,29,28,289,179,110,468,205,263,401,220,181,401,220,181,161,100,61,211,96,115,1,0,1,28,24,4,0,0,0,0,0,0,0,0,0,0,0,0,0,0,0,0,0,0,0,0,0,0,0,0,0,0,0,0,0,0,0,0,0,0,0,0,0,0,0,0,0,0,0,0,0,356,164,192
25,91,Mahabubnagar,Mahabubnagar,15,Hanwada,575062,0000,VILLAGE,Ammapur,Rural,164,992,504,488,164,79,85,13,6,7,677,353,324,332,206,126,660,298,362,564,269,295,563,269,294,230,130,100,191,58,133,0,0,0,142,81,61,1,0,1,0,0,0,1,0,1,0,0,0,0,0,0,1,0,1,0,0,0,1,0,1,0,0,0,0,0,0,0,0,0,0,0,0,0,0,0,0,0,0,0,0,0,428,235,193
25,91,Mahabubnagar,Mahabubnagar,15,Hanwada,575063,0000,VILLAGE,Naginonipalle,Rural,337,1575,798,777,206,108,98,280,137,143,90,48,42,637,398,239,938,400,538,876,441,435,858,436,422,337,190,147,393,134,259,1,1,0,127,111,16,18,5,13,0,0,0,13,2,11,0,0,0,5,3,2,17,5,12,0,0,0,12,2,10,0,0,0,5,3,2,1,0,1,0,0,0,1,0,1,0,0,0,0,0,0,699,357,342
25,91,Mahabubnagar,Mahabubnagar,15,Hanwada,575064,0000,VILLAGE,Hanwada,Rural,2165,9916,4974,4942,1315,687,628,1330,666,664,807,409,398,4617,2681,1936,5299,2293,3006,5033,2675,2358,4421,2490,1931,869,570,299,2031,707,1324,19,15,4,1502,1198,304,612,185,427,20,11,9,466,123,343,6,2,4,120,49,71,577,170,407,18,9,9,450,116,334,5,1,4,104,44,60,35,15,20,2,2,0,16,7,9,1,1,0,16,5,11,4883,2299,2584
25,91,Mahabubnagar,Mahabubnagar,15,Hanwada,575065,0000,VILLAGE,Peddadharpalle,Rural,504,2480,1231,1249,339,180,159,544,289,255,152,76,76,1133,671,462,1347,560,787,1361,693,668,1341,683,658,413,240,173,588,180,408,12,6,6,328,257,71,20,10,10,1,1,0,6,3,3,0,0,0,13,6,7,17,10,7,1,1,0,5,3,2,0,0,0,11,6,5,3,0,3,0,0,0,1,0,1,0,0,0,2,0,2,1119,538,581
25,91,Mahabubnagar,Mahabubnagar,15,Hanwada,575066,0000,VILLAGE,Chinnadharpalle,Rural,887,4409,2240,2169,703,371,332,285,138,147,1457,723,734,1938,1184,754,2471,1056,1415,2192,1199,993,1620,939,681,160,129,31,562,184,378,1,1,0,897,625,272,572,260,312,58,26,32,383,142,241,1,1,0,130,91,39,494,234,260,48,23,25,337,136,201,1,1,0,108,74,34,78,26,52,10,3,7,46,6,40,0,0,0,22,17,5,2217,1041,1176
25,91,Mahabubnagar,Mahabubnagar,15,Hanwada,575067,0000,VILLAGE,Kothapeta,Rural,841,4104,2062,2042,578,302,276,1149,571,578,1593,791,802,1729,1038,691,2375,1024,1351,2109,1094,1015,1469,842,627,198,171,27,472,128,344,23,11,12,776,532,244,640,252,388,15,9,6,532,201,331,4,1,3,89,41,48,603,240,363,12,7,5,507,194,313,3,1,2,81,38,43,37,12,25,3,2,1,25,7,18,1,0,1,8,3,5,1995,968,1027
25,91,Mahabubnagar,Mahabubnagar,15,Hanwada,575068,0000,VILLAGE,Tankara,Rural,852,4266,2134,2132,665,315,350,602,276,326,107,54,53,1544,981,563,2722,1153,1569,2334,1234,1100,1503,944,559,660,469,191,574,252,322,14,10,4,255,213,42,831,290,541,9,5,4,699,201,498,18,10,8,105,74,31,796,275,521,7,4,3,680,196,484,12,7,5,97,68,29,35,15,20,2,1,1,19,5,14,6,3,3,8,6,2,1932,900,1032
25,91,Mahabubnagar,Mahabubnagar,15,Hanwada,575069,0000,VILLAGE,Budharam,Rural,477,2589,1360,1229,344,196,148,921,469,452,487,268,219,1075,664,411,1514,696,818,1293,712,581,947,534,413,206,160,46,502,188,314,2,1,1,237,185,52,346,178,168,32,30,2,210,59,151,1,1,0,103,88,15,308,161,147,29,28,1,182,50,132,1,1,0,96,82,14,38,17,21,3,2,1,28,9,19,0,0,0,7,6,1,1296,648,648
25,91,Mahabubnagar,Mahabubnagar,15,Hanwada,575070,0000,VILLAGE,Ibrahimbad,Rural,755,3485,1761,1724,432,255,177,611,316,295,109,57,52,1694,1032,662,1791,729,1062,1896,993,903,1763,958,805,628,388,240,771,275,496,24,11,13,340,284,56,133,35,98,2,2,0,91,14,77,6,1,5,34,18,16,131,35,96,2,2,0,90,14,76,6,1,5,33,18,15,2,0,2,0,0,0,1,0,1,0,0,0,1,0,1,1589,768,821
25,91,Mahabubnagar,Mahabubnagar,15,Hanwada,575071,0000,VILLAGE,Guddimalkapur,Rural,380,1972,996,976,249,122,127,390,195,195,849,450,399,921,559,362,1051,437,614,1076,575,501,1065,570,495,341,203,138,617,286,331,0,0,0,107,81,26,11,5,6,0,0,0,8,3,5,0,0,0,3,2,1,9,3,6,0,0,0,6,1,5,0,0,0,3,2,1,2,2,0,0,0,0,2,2,0,0,0,0,0,0,0,896,421,475
25,91,Mahabubnagar,Mahabubnagar,15,Hanwada,575072,0000,VILLAGE,Dachekpalle,Rural,310,1495,759,736,222,119,103,168,87,81,496,252,244,510,314,196,985,445,540,980,489,491,867,455,412,358,286,72,468,141,327,28,18,10,13,10,3,113,34,79,12,9,3,69,9,60,9,5,4,23,11,12,113,34,79,12,9,3,69,9,60,9,5,4,23,11,12,0,0,0,0,0,0,0,0,0,0,0,0,0,0,0,515,270,245
25,91,Mahabubnagar,Mahabubnagar,22,Nawabpet,575073,0000,VILLAGE,Pomal,Rural,711,3635,1813,1822,475,246,229,491,228,263,676,349,327,1583,939,644,2052,874,1178,1908,1006,902,1847,985,862,1044,637,407,521,138,383,14,11,3,268,199,69,61,21,40,13,8,5,29,6,23,1,0,1,18,7,11,60,20,40,13,8,5,29,6,23,1,0,1,17,6,11,1,1,0,0,0,0,0,0,0,0,0,0,1,1,0,1727,807,920
25,91,Mahabubnagar,Mahabubnagar,22,Nawabpet,575074,0000,VILLAGE,Kolloor,Rural,849,4160,2096,2064,597,293,304,647,348,299,1230,621,609,1774,1095,679,2386,1001,1385,2160,1144,1016,2026,1109,917,711,470,241,945,355,590,11,6,5,359,278,81,134,35,99,15,14,1,96,10,86,4,2,2,19,9,10,129,33,96,15,14,1,94,9,85,1,1,0,19,9,10,5,2,3,0,0,0,2,1,1,3,1,2,0,0,0,2000,952,1048
25,91,Mahabubnagar,Mahabubnagar,22,Nawabpet,575075,0000,VILLAGE,Depalle,Rural,185,871,454,417,122,65,57,192,102,90,0,0,0,421,269,152,450,185,265,465,257,208,335,204,131,52,38,14,251,145,106,6,2,4,26,19,7,130,53,77,2,1,1,126,51,75,1,0,1,1,1,0,125,52,73,2,1,1,122,50,72,0,0,0,1,1,0,5,1,4,0,0,0,4,1,3,1,0,1,0,0,0,406,197,209
25,91,Mahabubnagar,Mahabubnagar,22,Nawabpet,575076,0000,VILLAGE,Kakarjala,Rural,170,755,377,378,110,62,48,191,97,94,382,189,193,282,170,112,473,207,266,409,208,201,201,130,71,138,97,41,26,12,14,7,5,2,30,16,14,208,78,130,6,3,3,174,61,113,6,3,3,22,11,11,208,78,130,6,3,3,174,61,113,6,3,3,22,11,11,0,0,0,0,0,0,0,0,0,0,0,0,0,0,0,346,169,177
25,91,Mahabubnagar,Mahabubnagar,22,Nawabpet,575077,0000,VILLAGE,Chowdoor,Rural,480,2620,1349,1271,334,187,147,420,205,215,554,297,257,1155,718,437,1465,631,834,1435,764,671,1247,687,560,378,235,143,672,302,370,24,19,5,173,131,42,188,77,111,40,22,18,133,43,90,10,8,2,5,4,1,187,77,110,40,22,18,133,43,90,10,8,2,4,4,0,1,0,1,0,0,0,0,0,0,0,0,0,1,0,1,1185,585,600
25,91,Mahabubnagar,Mahabubnagar,22,Nawabpet,575078,0000,VILLAGE,Ammapur,Rural,344,1619,799,820,205,97,108,376,186,190,12,6,6,728,441,287,891,358,533,816,431,385,525,310,215,308,226,82,148,34,114,14,10,4,55,40,15,291,121,170,12,7,5,234,80,154,14,7,7,31,27,4,280,118,162,9,5,4,228,80,148,12,6,6,31,27,4,11,3,8,3,2,1,6,0,6,2,1,1,0,0,0,803,368,435
25,91,Mahabubnagar,Mahabubnagar,22,Nawabpet,575079,0000,VILLAGE,Kamaram,Rural,232,1073,525,548,111,52,59,15,6,9,36,19,17,549,326,223,524,199,325,639,318,321,523,283,240,218,144,74,136,26,110,10,8,2,159,105,54,116,35,81,9,5,4,70,8,62,3,1,2,34,21,13,110,32,78,8,4,4,70,8,62,2,0,2,30,20,10,6,3,3,1,1,0,0,0,0,1,1,0,4,1,3,434,207,227
25,91,Mahabubnagar,Mahabubnagar,22,Nawabpet,575080,0000,VILLAGE,Gurukunta,Rural,334,1657,849,808,199,100,99,417,217,200,0,0,0,730,454,276,927,395,532,886,492,394,792,460,332,209,148,61,382,155,227,1,0,1,200,157,43,94,32,62,2,1,1,90,30,60,0,0,0,2,1,1,94,32,62,2,1,1,90,30,60,0,0,0,2,1,1,0,0,0,0,0,0,0,0,0,0,0,0,0,0,0,771,357,414
25,91,Mahabubnagar,Mahabubnagar,22,Nawabpet,575081,0000,VILLAGE,Darpalle,Rural,235,1124,577,547,143,79,64,296,160,136,329,163,166,441,280,161,683,297,386,577,306,271,334,191,143,128,112,16,158,37,121,3,1,2,45,41,4,243,115,128,25,19,6,183,72,111,3,0,3,32,24,8,227,109,118,25,19,6,172,68,104,1,0,1,29,22,7,16,6,10,0,0,0,11,4,7,2,0,2,3,2,1,547,271,276
25,91,Mahabubnagar,Mahabubnagar,22,Nawabpet,575082,0000,VILLAGE,Lingampalle,Rural,293,1436,741,695,175,108,67,475,252,223,0,0,0,680,415,265,756,326,430,830,416,414,829,415,414,382,228,154,314,101,213,9,6,3,124,80,44,1,1,0,1,1,0,0,0,0,0,0,0,0,0,0,1,1,0,1,1,0,0,0,0,0,0,0,0,0,0,0,0,0,0,0,0,0,0,0,0,0,0,0,0,0,606,325,281
25,91,Mahabubnagar,Mahabubnagar,22,Nawabpet,575083,0000,VILLAGE,Rekulachowdapur,Rural,264,1402,717,685,247,131,116,52,23,29,900,468,432,512,341,171,890,376,514,709,384,325,706,384,322,296,226,70,246,33,213,0,0,0,164,125,39,3,0,3,0,0,0,2,0,2,0,0,0,1,0,1,3,0,3,0,0,0,2,0,2,0,0,0,1,0,1,0,0,0,0,0,0,0,0,0,0,0,0,0,0,0,693,333,360
25,91,Mahabubnagar,Mahabubnagar,22,Nawabpet,575084,0000,VILLAGE,Lokirev,Rural,323,1769,903,866,207,109,98,581,301,280,66,36,30,827,509,318,942,394,548,967,524,443,961,521,440,215,185,30,650,257,393,15,14,1,81,65,16,6,3,3,0,0,0,2,0,2,0,0,0,4,3,1,6,3,3,0,0,0,2,0,2,0,0,0,4,3,1,0,0,0,0,0,0,0,0,0,0,0,0,0,0,0,802,379,423
25,91,Mahabubnagar,Mahabubnagar,22,Nawabpet,575085,0000,VILLAGE,Yemmanagandla,Rural,1508,7755,3802,3953,988,469,519,1661,842,819,409,198,211,4258,2441,1817,3497,1361,2136,3390,2000,1390,3146,1935,1211,761,556,205,1280,517,763,26,13,13,1079,849,230,244,65,179,42,5,37,131,16,115,3,1,2,68,43,25,224,57,167,42,5,37,119,15,104,3,1,2,60,36,24,20,8,12,0,0,0,12,1,11,0,0,0,8,7,1,4365,1802,2563
25,91,Mahabubnagar,Mahabubnagar,22,Nawabpet,575086,0000,VILLAGE,Hajilapur,Rural,215,1203,641,562,219,120,99,49,25,24,842,450,392,428,282,146,775,359,416,599,300,299,555,285,270,209,134,75,311,126,185,3,3,0,32,22,10,44,15,29,18,7,11,20,6,14,0,0,0,6,2,4,44,15,29,18,7,11,20,6,14,0,0,0,6,2,4,0,0,0,0,0,0,0,0,0,0,0,0,0,0,0,604,341,263
25,91,Mahabubnagar,Mahabubnagar,22,Nawabpet,575087,0000,VILLAGE,Kondapur,Rural,390,1907,971,936,249,129,120,264,137,127,28,10,18,850,537,313,1057,434,623,1038,531,507,1023,524,499,347,194,153,511,195,316,10,7,3,155,128,27,15,7,8,1,0,1,6,2,4,0,0,0,8,5,3,12,6,6,1,0,1,3,1,2,0,0,0,8,5,3,3,1,2,0,0,0,3,1,2,0,0,0,0,0,0,869,440,429
25,91,Mahabubnagar,Mahabubnagar,22,Nawabpet,575088,0000,VILLAGE,Veersettipalle,Rural,32,135,70,65,12,9,3,0,0,0,22,11,11,55,31,24,80,39,41,87,46,41,85,45,40,19,11,8,64,32,32,0,0,0,2,2,0,2,1,1,0,0,0,2,1,1,0,0,0,0,0,0,2,1,1,0,0,0,2,1,1,0,0,0,0,0,0,0,0,0,0,0,0,0,0,0,0,0,0,0,0,0,48,24,24
25,91,Mahabubnagar,Mahabubnagar,22,Nawabpet,575089,0000,VILLAGE,Rudraram,Rural,374,1797,884,913,228,114,114,452,209,243,23,9,14,930,557,373,867,327,540,1005,498,507,757,396,361,337,204,133,331,121,210,1,0,1,88,71,17,248,102,146,5,2,3,212,79,133,10,4,6,21,17,4,238,100,138,5,2,3,203,78,125,9,3,6,21,17,4,10,2,8,0,0,0,9,1,8,1,1,0,0,0,0,792,386,406
25,91,Mahabubnagar,Mahabubnagar,22,Nawabpet,575090,0000,VILLAGE,Kakarlapahad,Rural,438,2311,1179,1132,347,180,167,521,262,259,177,94,83,982,619,363,1329,560,769,1223,647,576,1094,588,506,370,229,141,483,167,316,21,12,9,220,180,40,129,59,70,20,3,17,31,5,26,1,0,1,77,51,26,60,22,38,20,3,17,11,1,10,1,0,1,28,18,10,69,37,32,0,0,0,20,4,16,0,0,0,49,33,16,1088,532,556
25,91,Mahabubnagar,Mahabubnagar,22,Nawabpet,575092,0000,VILLAGE,Teegalapalle,Rural,334,1771,930,841,241,138,103,199,113,86,98,48,50,832,508,324,939,422,517,1058,555,503,1005,523,482,355,190,165,344,150,194,14,6,8,292,177,115,53,32,21,1,1,0,5,3,2,1,0,1,46,28,18,52,31,21,1,1,0,5,3,2,1,0,1,45,27,18,1,1,0,0,0,0,0,0,0,0,0,0,1,1,0,713,375,338
25,91,Mahabubnagar,Mahabubnagar,22,Nawabpet,575093,0000,VILLAGE,Siddotam,Rural,226,1033,534,499,131,67,64,234,115,119,43,25,18,490,300,190,543,234,309,566,300,266,566,300,266,324,177,147,212,100,112,3,3,0,27,20,7,0,0,0,0,0,0,0,0,0,0,0,0,0,0,0,0,0,0,0,0,0,0,0,0,0,0,0,0,0,0,0,0,0,0,0,0,0,0,0,0,0,0,0,0,0,467,234,233
25,91,Mahabubnagar,Mahabubnagar,25,Jadcherla,575094,0000,VILLAGE,Khanapur,Rural,320,1375,732,643,177,102,75,257,139,118,0,0,0,674,425,249,701,307,394,747,422,325,743,420,323,161,93,68,496,245,251,0,0,0,86,82,4,4,2,2,1,1,0,2,0,2,0,0,0,1,1,0,3,2,1,1,1,0,1,0,1,0,0,0,1,1,0,1,0,1,0,0,0,1,0,1,0,0,0,0,0,0,628,310,318
25,91,Mahabubnagar,Mahabubnagar,22,Nawabpet,575095,0000,VILLAGE,Karkonda,Rural,506,2666,1334,1332,392,192,200,478,220,258,193,100,93,1260,749,511,1406,585,821,1399,748,651,886,553,333,484,287,197,170,66,104,19,17,2,213,183,30,513,195,318,12,3,9,435,148,287,18,11,7,48,33,15,475,184,291,10,3,7,407,138,269,13,10,3,45,33,12,38,11,27,2,0,2,28,10,18,5,1,4,3,0,3,1267,586,681
25,91,Mahabubnagar,Mahabubnagar,22,Nawabpet,575096,0000,VILLAGE,Hanmasanipalle,Rural,144,736,373,363,109,50,59,121,58,63,8,5,3,358,226,132,378,147,231,419,218,201,400,210,190,140,113,27,162,17,145,14,8,6,84,72,12,19,8,11,1,1,0,8,0,8,0,0,0,10,7,3,18,8,10,1,1,0,8,0,8,0,0,0,9,7,2,1,0,1,0,0,0,0,0,0,0,0,0,1,0,1,317,155,162
25,91,Mahabubnagar,Mahabubnagar,22,Nawabpet,575097,0000,VILLAGE,Ippatur,Rural,757,3721,1864,1857,506,234,272,444,215,229,72,33,39,1669,1042,627,2052,822,1230,2077,1099,978,1989,1067,922,1012,659,353,655,196,459,40,28,12,282,184,98,88,32,56,10,7,3,39,3,36,7,3,4,32,19,13,84,29,55,10,7,3,39,3,36,5,1,4,30,18,12,4,3,1,0,0,0,0,0,0,2,2,0,2,1,1,1644,765,879
25,91,Mahabubnagar,Mahabubnagar,22,Nawabpet,575098,0000,VILLAGE,Kuchoor,Rural,569,2606,1334,1272,383,194,189,384,195,189,0,0,0,1215,747,468,1391,587,804,1359,707,652,1292,680,612,349,224,125,551,163,388,11,3,8,381,290,91,67,27,40,24,11,13,23,5,18,0,0,0,20,11,9,51,21,30,16,8,8,19,4,15,0,0,0,16,9,7,16,6,10,8,3,5,4,1,3,0,0,0,4,2,2,1247,627,620
25,91,Mahabubnagar,Mahabubnagar,22,Nawabpet,575099,0000,VILLAGE,Karoor,Rural,183,924,462,462,130,69,61,219,111,108,0,0,0,390,238,152,534,224,310,578,297,281,482,271,211,212,137,75,222,105,117,18,11,7,30,18,12,96,26,70,24,7,17,43,2,41,11,8,3,18,9,9,92,24,68,22,6,16,43,2,41,9,7,2,18,9,9,4,2,2,2,1,1,0,0,0,2,1,1,0,0,0,346,165,181
25,91,Mahabubnagar,Mahabubnagar,23,Balanagar,575100,0000,VILLAGE,Udithyal,Rural,1215,5443,2788,2655,722,417,305,897,439,458,1232,663,569,2232,1367,865,3211,1421,1790,2901,1558,1343,2462,1388,1074,881,558,323,975,381,594,16,10,6,590,439,151,439,170,269,34,15,19,292,68,224,8,4,4,105,83,22,425,167,258,33,14,19,283,68,215,7,3,4,102,82,20,14,3,11,1,1,0,9,0,9,1,1,0,3,1,2,2542,1230,1312
25,91,Mahabubnagar,Mahabubnagar,23,Balanagar,575101,0000,VILLAGE,Macharam,Rural,86,396,205,191,53,28,25,47,23,24,209,107,102,167,115,52,229,90,139,251,125,126,210,110,100,96,70,26,71,12,59,7,1,6,36,27,9,41,15,26,6,3,3,16,2,14,3,1,2,16,9,7,34,13,21,5,3,2,14,2,12,1,0,1,14,8,6,7,2,5,1,0,1,2,0,2,2,1,1,2,1,1,145,80,65
25,91,Mahabubnagar,Mahabubnagar,23,Balanagar,575102,0000,VILLAGE,Suraram,Rural,272,1210,602,608,156,70,86,123,66,57,148,70,78,459,282,177,751,320,431,513,262,251,466,239,227,190,98,92,185,80,105,8,7,1,83,54,29,47,23,24,8,3,5,12,4,8,0,0,0,27,16,11,36,17,19,7,2,5,8,4,4,0,0,0,21,11,10,11,6,5,1,1,0,4,0,4,0,0,0,6,5,1,697,340,357
25,91,Mahabubnagar,Mahabubnagar,23,Balanagar,575103,0000,VILLAGE,Mothighanapur,Rural,1002,4367,2276,2091,642,343,299,565,276,289,1395,751,644,1751,1097,654,2616,1179,1437,2389,1271,1118,1957,1146,811,662,490,172,985,412,573,5,3,2,305,241,64,432,125,307,35,14,21,340,89,251,5,1,4,52,21,31,421,123,298,35,14,21,330,88,242,5,1,4,51,20,31,11,2,9,0,0,0,10,1,9,0,0,0,1,1,0,1978,1005,973
25,91,Mahabubnagar,Mahabubnagar,23,Balanagar,575104,0000,VILLAGE,Balanagar,Rural,848,3635,1824,1811,486,259,227,525,259,266,150,77,73,2126,1214,912,1509,610,899,1453,964,489,1436,960,476,166,119,47,283,109,174,29,20,9,958,712,246,17,4,13,3,0,3,4,2,2,1,0,1,9,2,7,16,4,12,3,0,3,4,2,2,1,0,1,8,2,6,1,0,1,0,0,0,0,0,0,0,0,0,1,0,1,2182,860,1322
25,91,Mahabubnagar,Mahabubnagar,23,Balanagar,575105,0000,VILLAGE,Nandaram,Rural,195,760,378,382,107,56,51,300,144,156,71,34,37,346,203,143,414,175,239,381,209,172,253,190,63,97,61,36,111,89,22,3,3,0,42,37,5,128,19,109,0,0,0,98,0,98,4,3,1,26,16,10,128,19,109,0,0,0,98,0,98,4,3,1,26,16,10,0,0,0,0,0,0,0,0,0,0,0,0,0,0,0,379,169,210
25,91,Mahabubnagar,Mahabubnagar,23,Balanagar,575106,0000,VILLAGE,Gunded,Rural,377,1719,871,848,266,138,128,237,116,121,726,368,358,722,433,289,997,438,559,880,507,373,548,357,191,63,56,7,342,176,166,4,4,0,139,121,18,332,150,182,4,2,2,275,112,163,8,5,3,45,31,14,310,138,172,4,2,2,270,112,158,5,4,1,31,20,11,22,12,10,0,0,0,5,0,5,3,1,2,14,11,3,839,364,475
25,91,Mahabubnagar,Mahabubnagar,23,Balanagar,575107,0000,VILLAGE,Nerellapalle,Rural,719,3103,1628,1475,500,283,217,289,145,144,2098,1109,989,1122,726,396,1981,902,1079,1634,813,821,1502,788,714,385,288,97,878,344,534,32,20,12,207,136,71,132,25,107,2,1,1,102,12,90,7,3,4,21,9,12,131,25,106,2,1,1,102,12,90,7,3,4,20,9,11,1,0,1,0,0,0,0,0,0,0,0,0,1,0,1,1469,815,654
25,91,Mahabubnagar,Mahabubnagar,24,Rajapur,575108,0000,VILLAGE,Raghvapur,Rural,248,1086,543,543,143,74,69,140,69,71,661,334,327,415,273,142,671,270,401,582,279,303,578,278,300,77,73,4,430,159,271,15,3,12,56,43,13,4,1,3,0,0,0,3,1,2,1,0,1,0,0,0,3,1,2,0,0,0,2,1,1,1,0,1,0,0,0,1,0,1,0,0,0,1,0,1,0,0,0,0,0,0,504,264,240
25,91,Mahabubnagar,Mahabubnagar,24,Rajapur,575109,0000,VILLAGE,Kuthnepalle,Rural,142,616,309,307,86,41,45,53,29,24,474,240,234,235,148,87,381,161,220,354,178,176,326,167,159,148,99,49,167,63,104,2,0,2,9,5,4,28,11,17,0,0,0,28,11,17,0,0,0,0,0,0,28,11,17,0,0,0,28,11,17,0,0,0,0,0,0,0,0,0,0,0,0,0,0,0,0,0,0,0,0,0,262,131,131
25,91,Mahabubnagar,Mahabubnagar,24,Rajapur,575110,0000,VILLAGE,Dondlapalle,Rural,340,1470,755,715,149,75,74,274,132,142,12,8,4,671,412,259,799,343,456,793,412,381,636,354,282,400,214,186,150,70,80,3,3,0,83,67,16,157,58,99,2,0,2,147,53,94,2,1,1,6,4,2,155,57,98,1,0,1,147,53,94,2,1,1,5,3,2,2,1,1,1,0,1,0,0,0,0,0,0,1,1,0,677,343,334
25,91,Mahabubnagar,Mahabubnagar,24,Rajapur,575111,0000,VILLAGE,Thirumalapur,Rural,573,2642,1344,1298,305,161,144,582,304,278,366,198,168,1304,784,520,1338,560,778,1398,711,687,1100,591,509,504,268,236,449,222,227,8,5,3,139,96,43,298,120,178,202,67,135,56,28,28,7,2,5,33,23,10,293,118,175,202,67,135,53,27,26,7,2,5,31,22,9,5,2,3,0,0,0,3,1,2,0,0,0,2,1,1,1244,633,611
25,91,Mahabubnagar,Mahabubnagar,24,Rajapur,575112,0000,VILLAGE,Khanapur,Rural,315,1286,653,633,185,96,89,169,87,82,261,134,127,590,358,232,696,295,401,739,377,362,481,314,167,121,83,38,249,148,101,17,9,8,94,74,20,258,63,195,14,3,11,206,47,159,10,2,8,28,11,17,248,61,187,13,3,10,206,47,159,10,2,8,19,9,10,10,2,8,1,0,1,0,0,0,0,0,0,9,2,7,547,276,271
25,91,Mahabubnagar,Mahabubnagar,23,Balanagar,575113,0000,VILLAGE,Kethireddipalle,Rural,445,1906,997,909,311,175,136,321,169,152,707,375,332,925,592,333,981,405,576,1032,551,481,941,535,406,207,115,92,404,155,249,35,26,9,295,239,56,91,16,75,6,2,4,41,4,37,4,0,4,40,10,30,90,16,74,6,2,4,41,4,37,4,0,4,39,10,29,1,0,1,0,0,0,0,0,0,0,0,0,1,0,1,874,446,428
25,91,Mahabubnagar,Mahabubnagar,23,Balanagar,575114,0000,VILLAGE,Peddayapalle,Rural,271,1111,574,537,186,103,83,251,136,115,422,219,203,432,278,154,679,296,383,593,332,261,587,330,257,143,89,54,297,131,166,19,17,2,128,93,35,6,2,4,1,1,0,3,1,2,0,0,0,2,0,2,6,2,4,1,1,0,3,1,2,0,0,0,2,0,2,0,0,0,0,0,0,0,0,0,0,0,0,0,0,0,518,242,276
25,91,Mahabubnagar,Mahabubnagar,23,Balanagar,575115,0000,VILLAGE,Seriguda,Rural,97,430,223,207,43,26,17,15,8,7,0,0,0,249,155,94,181,68,113,244,134,110,241,134,107,61,34,27,106,41,65,26,19,7,48,40,8,3,0,3,0,0,0,2,0,2,0,0,0,1,0,1,3,0,3,0,0,0,2,0,2,0,0,0,1,0,1,0,0,0,0,0,0,0,0,0,0,0,0,0,0,0,186,89,97
25,91,Mahabubnagar,Mahabubnagar,23,Balanagar,575116,0000,VILLAGE,Vanamavaniguda,Rural,46,260,134,126,38,21,17,15,8,7,120,59,61,96,59,37,164,75,89,145,73,72,145,73,72,23,16,7,99,39,60,3,1,2,20,17,3,0,0,0,0,0,0,0,0,0,0,0,0,0,0,0,0,0,0,0,0,0,0,0,0,0,0,0,0,0,0,0,0,0,0,0,0,0,0,0,0,0,0,0,0,0,115,61,54
25,91,Mahabubnagar,Mahabubnagar,23,Balanagar,575117,0000,VILLAGE,Gouthapur,Rural,282,1127,582,545,144,81,63,342,180,162,258,136,122,562,369,193,565,213,352,691,350,341,401,221,180,39,23,16,266,127,139,4,3,1,92,68,24,290,129,161,9,5,4,246,105,141,1,0,1,34,19,15,271,119,152,7,3,4,234,101,133,1,0,1,29,15,14,19,10,9,2,2,0,12,4,8,0,0,0,5,4,1,436,232,204
25,91,Mahabubnagar,Mahabubnagar,23,Balanagar,575118,0000,VILLAGE,Hemajinagar,Rural,618,2599,1344,1255,342,186,156,632,310,322,1133,590,543,1040,676,364,1559,668,891,1371,759,612,1032,616,416,585,347,238,220,106,114,18,13,5,209,150,59,339,143,196,10,6,4,187,41,146,9,5,4,133,91,42,306,126,180,10,6,4,179,41,138,9,5,4,108,74,34,33,17,16,0,0,0,8,0,8,0,0,0,25,17,8,1228,585,643
25,91,Mahabubnagar,Mahabubnagar,23,Balanagar,575119,0000,VILLAGE,Lingaram,Rural,62,284,138,146,48,23,25,195,98,97,29,15,14,124,75,49,160,63,97,150,78,72,104,74,30,45,41,4,48,31,17,1,1,0,10,1,9,46,4,42,2,1,1,2,1,1,0,0,0,42,2,40,45,4,41,2,1,1,2,1,1,0,0,0,41,2,39,1,0,1,0,0,0,0,0,0,0,0,0,1,0,1,134,60,74
25,91,Mahabubnagar,Mahabubnagar,23,Balanagar,575120,0000,VILLAGE,Peddarivalle,Rural,641,2832,1442,1390,362,189,173,511,251,260,570,306,264,1312,791,521,1520,651,869,1550,838,712,1452,810,642,624,365,259,572,254,318,25,16,9,231,175,56,98,28,70,14,6,8,70,13,57,1,0,1,13,9,4,92,26,66,12,5,7,66,12,54,1,0,1,13,9,4,6,2,4,2,1,1,4,1,3,0,0,0,0,0,0,1282,604,678
25,91,Mahabubnagar,Mahabubnagar,23,Balanagar,575121,0000,VILLAGE,Appajipalle,Rural,122,518,275,243,80,45,35,116,57,59,392,211,181,203,129,74,315,146,169,254,142,112,243,135,108,12,7,5,178,81,97,0,0,0,53,47,6,11,7,4,2,1,1,5,2,3,0,0,0,4,4,0,11,7,4,2,1,1,5,2,3,0,0,0,4,4,0,0,0,0,0,0,0,0,0,0,0,0,0,0,0,0,264,133,131
25,91,Mahabubnagar,Mahabubnagar,23,Balanagar,575122,0000,VILLAGE,Bodajanampeta,Rural,314,1280,661,619,180,95,85,140,68,72,564,302,262,584,373,211,696,288,408,683,356,327,630,349,281,165,114,51,323,110,213,3,2,1,139,123,16,53,7,46,0,0,0,48,4,44,0,0,0,5,3,2,53,7,46,0,0,0,48,4,44,0,0,0,5,3,2,0,0,0,0,0,0,0,0,0,0,0,0,0,0,0,597,305,292
25,91,Mahabubnagar,Mahabubnagar,24,Rajapur,575123,0000,VILLAGE,Agraharampotlapalle,Rural,98,436,225,211,52,26,26,200,108,92,8,5,3,209,126,83,227,99,128,244,125,119,30,20,10,19,16,3,8,2,6,0,0,0,3,2,1,214,105,109,9,5,4,171,78,93,6,2,4,28,20,8,170,87,83,9,5,4,141,68,73,4,1,3,16,13,3,44,18,26,0,0,0,30,10,20,2,1,1,12,7,5,192,100,92
25,91,Mahabubnagar,Mahabubnagar,24,Rajapur,575124,0000,VILLAGE,Gundlapotlapalle,Rural,231,933,458,475,141,72,69,114,59,55,127,58,69,521,292,229,412,166,246,429,247,182,289,196,93,68,53,15,106,34,72,0,0,0,115,109,6,140,51,89,1,0,1,113,32,81,0,0,0,26,19,7,134,48,86,1,0,1,109,31,78,0,0,0,24,17,7,6,3,3,0,0,0,4,1,3,0,0,0,2,2,0,504,211,293
25,91,Mahabubnagar,Mahabubnagar,24,Rajapur,575125,0000,VILLAGE,Rangareddiguda,Rural,596,2644,1288,1356,425,204,221,424,191,233,1230,609,621,1245,750,495,1399,538,861,1139,701,438,840,590,250,338,204,134,115,52,63,40,33,7,347,301,46,299,111,188,5,1,4,235,76,159,41,21,20,18,13,5,286,103,183,4,1,3,234,76,158,34,15,19,14,11,3,13,8,5,1,0,1,1,0,1,7,6,1,4,2,2,1505,587,918
25,91,Mahabubnagar,Mahabubnagar,24,Rajapur,575126,0000,VILLAGE,Kuchcherkal,Rural,440,1795,901,894,218,98,120,296,146,150,177,89,88,934,545,389,861,356,505,916,534,382,837,496,341,186,116,70,335,132,203,17,11,6,299,237,62,79,38,41,5,1,4,21,10,11,2,2,0,51,25,26,69,30,39,5,1,4,20,9,11,2,2,0,42,18,24,10,8,2,0,0,0,1,1,0,0,0,0,9,7,2,879,367,512
25,91,Mahabubnagar,Mahabubnagar,24,Rajapur,575127,0000,VILLAGE,Chennavalli,Rural,258,1312,668,644,189,94,95,321,171,150,85,40,45,637,387,250,675,281,394,650,371,279,643,366,277,158,101,57,380,171,209,1,1,0,104,93,11,7,5,2,0,0,0,4,2,2,0,0,0,3,3,0,7,5,2,0,0,0,4,2,2,0,0,0,3,3,0,0,0,0,0,0,0,0,0,0,0,0,0,0,0,0,662,297,365
25,91,Mahabubnagar,Mahabubnagar,24,Rajapur,575128,0000,VILLAGE,Raipalle,Rural,196,828,413,415,103,56,47,147,62,85,0,0,0,425,259,166,403,154,249,472,243,229,346,191,155,101,73,28,176,56,120,8,7,1,61,55,6,126,52,74,6,3,3,114,43,71,2,2,0,4,4,0,119,51,68,4,3,1,109,42,67,2,2,0,4,4,0,7,1,6,2,0,2,5,1,4,0,0,0,0,0,0,356,170,186
25,91,Mahabubnagar,Mahabubnagar,24,Rajapur,575129,0000,VILLAGE,Rajapur,Rural,1325,5849,2929,2920,762,389,373,913,449,464,668,353,315,3104,1858,1246,2745,1071,1674,2697,1605,1092,1915,1222,693,582,327,255,458,182,276,33,22,11,842,691,151,782,383,399,87,50,37,373,112,261,41,16,25,281,205,76,706,352,354,81,46,35,338,102,236,39,15,24,248,189,59,76,31,45,6,4,2,35,10,25,2,1,1,33,16,17,3152,1324,1828
25,91,Mahabubnagar,Mahabubnagar,24,Rajapur,575130,0000,VILLAGE,Mallepalle,Rural,355,1485,763,722,173,91,82,336,177,159,239,125,114,703,435,268,782,328,454,684,418,266,634,398,236,306,210,96,159,49,110,4,1,3,165,138,27,50,20,30,13,6,7,29,8,21,1,0,1,7,6,1,48,19,29,13,6,7,28,8,20,1,0,1,6,5,1,2,1,1,0,0,0,1,0,1,0,0,0,1,1,0,801,345,456
25,91,Mahabubnagar,Mahabubnagar,24,Rajapur,575131,0000,VILLAGE,Bibinagar,Rural,51,236,126,110,35,23,12,0,0,0,232,124,108,73,52,21,163,74,89,144,75,69,138,73,65,40,20,20,41,8,33,1,1,0,56,44,12,6,2,4,1,1,0,2,0,2,0,0,0,3,1,2,5,2,3,1,1,0,1,0,1,0,0,0,3,1,2,1,0,1,0,0,0,1,0,1,0,0,0,0,0,0,92,51,41
25,91,Mahabubnagar,Mahabubnagar,24,Rajapur,575132,0000,VILLAGE,Edganpalle,Rural,572,2357,1187,1170,331,171,160,461,224,237,1167,602,565,927,590,337,1430,597,833,1291,665,626,1183,615,568,457,265,192,602,252,350,18,14,4,106,84,22,108,50,58,9,0,9,55,18,37,30,24,6,14,8,6,94,43,51,7,0,7,51,17,34,26,20,6,10,6,4,14,7,7,2,0,2,4,1,3,4,4,0,4,2,2,1066,522,544
25,91,Mahabubnagar,Mahabubnagar,24,Rajapur,575133,0000,VILLAGE,Kallepalle,Rural,296,1387,710,677,198,109,89,121,64,57,680,357,323,646,402,244,741,308,433,678,337,341,528,302,226,242,191,51,236,67,169,5,5,0,45,39,6,150,35,115,3,2,1,112,11,101,4,4,0,31,18,13,140,29,111,3,2,1,107,10,97,1,1,0,29,16,13,10,6,4,0,0,0,5,1,4,3,3,0,2,2,0,709,373,336
25,91,Mahabubnagar,Mahabubnagar,23,Balanagar,575134,0000,VILLAGE,Madampalle,Rural,223,1035,522,513,157,74,83,147,67,80,601,318,283,394,256,138,641,266,375,547,279,268,532,273,259,417,215,202,57,14,43,0,0,0,58,44,14,15,6,9,7,2,5,7,3,4,0,0,0,1,1,0,12,5,7,6,1,5,5,3,2,0,0,0,1,1,0,3,1,2,1,1,0,2,0,2,0,0,0,0,0,0,488,243,245
25,91,Mahabubnagar,Mahabubnagar,23,Balanagar,575135,0000,VILLAGE,Chinna Revalli,Rural,805,3380,1737,1643,461,242,219,464,236,228,1016,534,482,1429,940,489,1951,797,1154,1755,941,814,1710,914,796,715,471,244,701,232,469,78,56,22,216,155,61,45,27,18,13,11,2,18,5,13,0,0,0,14,11,3,38,21,17,12,10,2,16,4,12,0,0,0,10,7,3,7,6,1,1,1,0,2,1,1,0,0,0,4,4,0,1625,796,829
25,91,Mahabubnagar,Mahabubnagar,23,Balanagar,575136,0000,VILLAGE,Tirumalagiri,Rural,646,2911,1506,1405,453,247,206,195,101,94,2664,1378,1286,970,597,373,1941,909,1032,1562,769,793,1508,753,755,1303,659,644,141,53,88,5,1,4,59,40,19,54,16,38,9,3,6,40,13,27,1,0,1,4,0,4,40,13,27,8,2,6,31,11,20,0,0,0,1,0,1,14,3,11,1,1,0,9,2,7,1,0,1,3,0,3,1349,737,612
25,91,Mahabubnagar,Mahabubnagar,26,Midjil,575328,0000,VILLAGE,Bhairampalle,Rural,211,990,519,471,134,70,64,111,59,52,0,0,0,488,311,177,502,208,294,548,297,251,511,286,225,368,188,180,38,11,27,3,3,0,102,84,18,37,11,26,4,2,2,26,4,22,0,0,0,7,5,2,36,10,26,4,2,2,26,4,22,0,0,0,6,4,2,1,1,0,0,0,0,0,0,0,0,0,0,1,1,0,442,222,220
25,91,Mahabubnagar,Mahabubnagar,26,Midjil,575329,0000,VILLAGE,Kothapalle,Rural,303,1360,677,683,170,87,83,125,57,68,474,238,236,677,408,269,683,269,414,751,379,372,731,369,362,578,283,295,108,44,64,4,3,1,41,39,2,20,10,10,5,2,3,9,3,6,0,0,0,6,5,1,17,8,9,5,2,3,9,3,6,0,0,0,3,3,0,3,2,1,0,0,0,0,0,0,0,0,0,3,2,1,609,298,311
25,91,Mahabubnagar,Mahabubnagar,26,Midjil,575330,0000,VILLAGE,Chiluveru,Rural,983,4107,2026,2081,472,233,239,830,383,447,6,4,2,2143,1273,870,1964,753,1211,2335,1163,1172,2207,1098,1109,928,464,464,1038,466,572,38,19,19,203,149,54,128,65,63,10,3,7,45,31,14,9,3,6,64,28,36,115,57,58,8,2,6,44,30,14,6,1,5,57,24,33,13,8,5,2,1,1,1,1,0,3,2,1,7,4,3,1772,863,909
25,91,Mahabubnagar,Mahabubnagar,26,Midjil,575331,0000,VILLAGE,Vaspula,Rural,661,2998,1560,1438,349,178,171,604,332,272,26,22,4,1497,946,551,1501,614,887,1481,829,652,1199,713,486,573,418,155,427,123,304,13,12,1,186,160,26,282,116,166,9,6,3,189,44,145,8,6,2,76,60,16,275,114,161,7,5,2,186,44,142,8,6,2,74,59,15,7,2,5,2,1,1,3,0,3,0,0,0,2,1,1,1517,731,786
25,91,Mahabubnagar,Mahabubnagar,26,Midjil,575332,0000,VILLAGE,Chedughattu,Rural,47,237,106,131,42,18,24,0,0,0,237,106,131,91,51,40,146,55,91,109,50,59,108,50,58,74,35,39,16,3,13,0,0,0,18,12,6,1,0,1,0,0,0,1,0,1,0,0,0,0,0,0,1,0,1,0,0,0,1,0,1,0,0,0,0,0,0,0,0,0,0,0,0,0,0,0,0,0,0,0,0,0,128,56,72
25,91,Mahabubnagar,Mahabubnagar,26,Midjil,575333,0000,VILLAGE,Kanchanpalle,Rural,216,863,429,434,101,48,53,216,106,110,0,0,0,389,245,144,474,184,290,519,277,242,518,277,241,227,172,55,243,67,176,7,5,2,41,33,8,1,0,1,0,0,0,1,0,1,0,0,0,0,0,0,1,0,1,0,0,0,1,0,1,0,0,0,0,0,0,0,0,0,0,0,0,0,0,0,0,0,0,0,0,0,344,152,192
25,91,Mahabubnagar,Mahabubnagar,26,Midjil,575334,0000,VILLAGE,Donur,Rural,504,2102,1051,1051,260,141,119,414,204,210,94,46,48,906,567,339,1196,484,712,1137,622,515,1114,609,505,653,351,302,293,133,160,24,17,7,144,108,36,23,13,10,0,0,0,12,3,9,0,0,0,11,10,1,21,12,9,0,0,0,12,3,9,0,0,0,9,9,0,2,1,1,0,0,0,0,0,0,0,0,0,2,1,1,965,429,536
25,91,Mahabubnagar,Mahabubnagar,26,Midjil,575335,0000,VILLAGE,Singamdoddi,Rural,242,993,526,467,131,75,56,113,60,53,665,353,312,378,251,127,615,275,340,562,292,270,495,255,240,422,209,213,38,17,21,1,1,0,34,28,6,67,37,30,16,7,9,49,29,20,0,0,0,2,1,1,29,17,12,10,4,6,17,12,5,0,0,0,2,1,1,38,20,18,6,3,3,32,17,15,0,0,0,0,0,0,431,234,197
25,91,Mahabubnagar,Mahabubnagar,26,Midjil,575336,0000,VILLAGE,Masigundlapalle,Rural,366,1567,814,753,230,119,111,187,101,86,596,302,294,593,386,207,974,428,546,844,434,410,622,395,227,163,155,8,361,156,205,11,10,1,87,74,13,222,39,183,0,0,0,201,32,169,8,3,5,13,4,9,215,39,176,0,0,0,196,32,164,7,3,4,12,4,8,7,0,7,0,0,0,5,0,5,1,0,1,1,0,1,723,380,343
25,91,Mahabubnagar,Mahabubnagar,26,Midjil,575337,0000,VILLAGE,Vemula,Rural,512,2332,1181,1151,285,143,142,508,240,268,412,211,201,1136,685,451,1196,496,700,1229,640,589,942,562,380,360,285,75,402,130,272,38,35,3,142,112,30,287,78,209,21,6,15,205,40,165,21,6,15,40,26,14,241,56,185,14,5,9,189,36,153,13,1,12,25,14,11,46,22,24,7,1,6,16,4,12,8,5,3,15,12,3,1103,541,562
25,91,Mahabubnagar,Mahabubnagar,26,Midjil,575347,0000,VILLAGE,Boinpalle,Rural,645,2749,1377,1372,323,176,147,579,281,298,27,18,9,1341,807,534,1408,570,838,1485,796,689,1180,679,501,445,274,171,480,210,270,65,34,31,190,161,29,305,117,188,15,7,8,267,100,167,14,4,10,9,6,3,301,116,185,15,7,8,263,99,164,14,4,10,9,6,3,4,1,3,0,0,0,4,1,3,0,0,0,0,0,0,1264,581,683
25,91,Mahabubnagar,Mahabubnagar,26,Midjil,575348,0000,VILLAGE,Midjil,Rural,907,4347,1996,2351,577,307,270,999,414,585,353,117,236,2336,1179,1157,2011,817,1194,1960,1063,897,1638,953,685,375,298,77,717,243,474,22,16,6,524,396,128,322,110,212,17,2,15,223,51,172,8,4,4,74,53,21,255,78,177,12,1,11,190,42,148,8,4,4,45,31,14,67,32,35,5,1,4,33,9,24,0,0,0,29,22,7,2387,933,1454
25,91,Mahabubnagar,Mahabubnagar,26,Midjil,575349,0000,VILLAGE,Wadiyal,Rural,372,1518,757,761,152,75,77,357,168,189,1,0,1,868,533,335,650,224,426,818,466,352,812,462,350,263,171,92,432,193,239,33,27,6,84,71,13,6,4,2,2,1,1,1,0,1,0,0,0,3,3,0,6,4,2,2,1,1,1,0,1,0,0,0,3,3,0,0,0,0,0,0,0,0,0,0,0,0,0,0,0,0,700,291,409
25,91,Mahabubnagar,Mahabubnagar,26,Midjil,575350,0000,VILLAGE,Munnanur,Rural,214,867,454,413,87,54,33,262,137,125,0,0,0,462,281,181,405,173,232,434,223,211,426,218,208,176,100,76,198,80,118,3,3,0,49,35,14,8,5,3,2,1,1,3,1,2,1,1,0,2,2,0,4,2,2,2,1,1,1,0,1,0,0,0,1,1,0,4,3,1,0,0,0,2,1,1,1,1,0,1,1,0,433,231,202
25,91,Mahabubnagar,Mahabubnagar,26,Midjil,575351,0000,VILLAGE,Velugommula,Rural,359,1454,747,707,161,91,70,441,227,214,0,0,0,685,416,269,769,331,438,801,420,381,794,415,379,341,189,152,394,173,221,0,0,0,59,53,6,7,5,2,1,0,1,3,2,1,0,0,0,3,3,0,7,5,2,1,0,1,3,2,1,0,0,0,3,3,0,0,0,0,0,0,0,0,0,0,0,0,0,0,0,0,653,327,326
25,91,Mahabubnagar,Mahabubnagar,26,Midjil,575352,0000,VILLAGE,Kothur,Rural,418,1912,959,953,225,116,109,501,244,257,10,4,6,1056,629,427,856,330,526,1108,573,535,955,531,424,189,159,30,578,253,325,22,14,8,166,105,61,153,42,111,4,3,1,83,5,78,1,1,0,65,33,32,148,39,109,4,3,1,81,5,76,1,1,0,62,30,32,5,3,2,0,0,0,2,0,2,0,0,0,3,3,0,804,386,418
25,91,Mahabubnagar,Mahabubnagar,25,Jadcherla,575356,0000,VILLAGE,Vallur,Rural,474,2153,1094,1059,328,172,156,249,123,126,854,445,409,903,560,343,1250,534,716,1402,715,687,1316,670,646,622,309,313,173,55,118,29,8,21,492,298,194,86,45,41,6,2,4,36,20,16,4,3,1,40,20,20,82,41,41,6,2,4,35,19,16,1,0,1,40,20,20,4,4,0,0,0,0,1,1,0,3,3,0,0,0,0,751,379,372
25,91,Mahabubnagar,Mahabubnagar,25,Jadcherla,575357,0000,VILLAGE,Kistampalle,Rural,240,1138,572,566,169,82,87,304,148,156,0,0,0,461,274,187,677,298,379,647,319,328,602,295,307,324,197,127,246,80,166,3,1,2,29,17,12,45,24,21,7,3,4,19,9,10,3,3,0,16,9,7,45,24,21,7,3,4,19,9,10,3,3,0,16,9,7,0,0,0,0,0,0,0,0,0,0,0,0,0,0,0,491,253,238
25,91,Mahabubnagar,Mahabubnagar,25,Jadcherla,575358,0000,VILLAGE,Ambatapur,Rural,25,124,65,59,21,11,10,124,65,59,0,0,0,45,31,14,79,34,45,68,34,34,66,33,33,26,25,1,39,7,32,1,1,0,0,0,0,2,1,1,0,0,0,1,0,1,0,0,0,1,1,0,2,1,1,0,0,0,1,0,1,0,0,0,1,1,0,0,0,0,0,0,0,0,0,0,0,0,0,0,0,0,56,31,25
25,91,Mahabubnagar,Mahabubnagar,25,Jadcherla,575359,0000,VILLAGE,Gollapalle,Rural,746,3293,1658,1635,420,214,206,560,277,283,1367,693,674,1681,1064,617,1612,594,1018,1521,849,672,1499,841,658,298,200,98,861,354,507,15,10,5,325,277,48,22,8,14,3,2,1,12,3,9,0,0,0,7,3,4,20,6,14,3,2,1,11,2,9,0,0,0,6,2,4,2,2,0,0,0,0,1,1,0,0,0,0,1,1,0,1772,809,963
25,91,Mahabubnagar,Mahabubnagar,25,Jadcherla,575360,0000,VILLAGE,Earlapalle,Rural,179,752,378,374,106,59,47,195,101,94,293,145,148,302,180,122,450,198,252,392,192,200,390,191,199,204,135,69,183,54,129,0,0,0,3,2,1,2,1,1,0,0,0,1,0,1,0,0,0,1,1,0,2,1,1,0,0,0,1,0,1,0,0,0,1,1,0,0,0,0,0,0,0,0,0,0,0,0,0,0,0,0,360,186,174
25,91,Mahabubnagar,Mahabubnagar,25,Jadcherla,575361,0000,VILLAGE,Kodgal,Rural,1130,5091,2516,2575,653,335,318,848,413,435,978,489,489,2380,1427,953,2711,1089,1622,2904,1474,1430,2780,1416,1364,862,513,349,1411,549,862,39,20,19,468,334,134,124,58,66,22,10,12,56,20,36,1,1,0,45,27,18,91,40,51,18,8,10,50,18,32,0,0,0,23,14,9,33,18,15,4,2,2,6,2,4,1,1,0,22,13,9,2187,1042,1145
25,91,Mahabubnagar,Mahabubnagar,25,Jadcherla,575362,0000,VILLAGE,Pedda Adiryal,Rural,780,3549,1783,1766,519,278,241,387,179,208,1105,550,555,1347,818,529,2202,965,1237,2000,1012,988,1639,901,738,896,587,309,532,153,379,17,12,5,194,149,45,361,111,250,26,10,16,294,76,218,3,1,2,38,24,14,352,108,244,26,10,16,286,73,213,3,1,2,37,24,13,9,3,6,0,0,0,8,3,5,0,0,0,1,0,1,1549,771,778
25,91,Mahabubnagar,Mahabubnagar,25,Jadcherla,575364,0000,VILLAGE,Chinna Adiryal,Rural,423,2008,1035,973,288,167,121,305,157,148,1033,549,484,924,575,349,1084,460,624,1068,551,517,828,483,345,454,283,171,225,91,134,16,6,10,133,103,30,240,68,172,26,9,17,186,50,136,2,1,1,26,8,18,239,67,172,26,9,17,186,50,136,1,0,1,26,8,18,1,1,0,0,0,0,0,0,0,1,1,0,0,0,0,940,484,456
25,91,Mahabubnagar,Mahabubnagar,25,Jadcherla,575365,0000,VILLAGE,Konded,Rural,207,961,465,496,129,53,76,271,119,152,0,0,0,436,258,178,525,207,318,550,272,278,533,264,269,161,111,50,335,132,203,1,0,1,36,21,15,17,8,9,3,3,0,8,2,6,0,0,0,6,3,3,17,8,9,3,3,0,8,2,6,0,0,0,6,3,3,0,0,0,0,0,0,0,0,0,0,0,0,0,0,0,411,193,218
25,91,Mahabubnagar,Mahabubnagar,25,Jadcherla,575366,0000,VILLAGE,Goplapur (Kalan),Rural,236,995,511,484,98,50,48,321,154,167,33,17,16,544,323,221,451,188,263,558,302,256,520,287,233,229,132,97,227,103,124,3,3,0,61,49,12,38,15,23,7,2,5,21,8,13,0,0,0,10,5,5,27,11,16,1,0,1,16,6,10,0,0,0,10,5,5,11,4,7,6,2,4,5,2,3,0,0,0,0,0,0,437,209,228
25,91,Mahabubnagar,Mahabubnagar,25,Jadcherla,575367,0000,VILLAGE,Nekkonda,Rural,274,1096,541,555,142,81,61,423,218,205,0,0,0,541,339,202,555,202,353,609,292,317,600,287,313,315,189,126,249,69,180,3,3,0,33,26,7,9,5,4,1,1,0,6,2,4,1,1,0,1,1,0,7,4,3,1,1,0,4,1,3,1,1,0,1,1,0,2,1,1,0,0,0,2,1,1,0,0,0,0,0,0,487,249,238
25,91,Mahabubnagar,Mahabubnagar,25,Jadcherla,575368,0000,VILLAGE,Ammapalle,Rural,117,436,207,229,32,11,21,0,0,0,0,0,0,271,149,122,165,58,107,276,144,132,275,143,132,132,113,19,111,12,99,0,0,0,32,18,14,1,1,0,0,0,0,0,0,0,0,0,0,1,1,0,1,1,0,0,0,0,0,0,0,0,0,0,1,1,0,0,0,0,0,0,0,0,0,0,0,0,0,0,0,0,160,63,97
25,91,Mahabubnagar,Mahabubnagar,25,Jadcherla,575369,0000,VILLAGE,Koduparthy,Rural,30,116,65,51,6,5,1,15,7,8,0,0,0,55,39,16,61,26,35,76,39,37,48,26,22,41,22,19,0,0,0,0,0,0,7,4,3,28,13,15,0,0,0,28,13,15,0,0,0,0,0,0,28,13,15,0,0,0,28,13,15,0,0,0,0,0,0,0,0,0,0,0,0,0,0,0,0,0,0,0,0,0,40,26,14
25,91,Mahabubnagar,Mahabubnagar,25,Jadcherla,575370,0000,VILLAGE,Gangapur,Rural,1002,4389,2224,2165,522,256,266,781,376,405,355,189,166,2128,1292,836,2261,932,1329,2352,1274,1078,2093,1137,956,697,405,292,916,347,569,21,16,5,459,369,90,259,137,122,37,23,14,155,65,90,32,22,10,35,27,8,158,86,72,23,13,10,101,45,56,11,10,1,23,18,5,101,51,50,14,10,4,54,20,34,21,12,9,12,9,3,2037,950,1087
25,91,Mahabubnagar,Mahabubnagar,25,Jadcherla,575371,0000,VILLAGE,Macharam,Rural,286,1216,602,614,139,63,76,328,162,166,327,175,152,621,393,228,595,209,386,662,365,297,508,314,194,117,73,44,218,94,124,11,9,2,162,138,24,154,51,103,6,0,6,113,33,80,5,0,5,30,18,12,125,41,84,4,0,4,102,30,72,2,0,2,17,11,6,29,10,19,2,0,2,11,3,8,3,0,3,13,7,6,554,237,317
25,91,Mahabubnagar,Mahabubnagar,25,Jadcherla,575372,0000,VILLAGE,Polepalle,Rural,1114,5187,2587,2600,726,358,368,791,369,422,906,451,455,2396,1395,1001,2791,1192,1599,2728,1422,1306,2645,1394,1251,722,520,202,1440,519,921,52,37,15,431,318,113,83,28,55,10,3,7,28,4,24,1,0,1,44,21,23,70,26,44,7,2,5,24,4,20,0,0,0,39,20,19,13,2,11,3,1,2,4,0,4,1,0,1,5,1,4,2459,1165,1294
25,91,Mahabubnagar,Mahabubnagar,25,Jadcherla,575373,0000,VILLAGE,Uddandapur,Rural,545,2452,1179,1273,396,192,204,411,176,235,34,8,26,855,506,349,1597,673,924,1516,726,790,1332,674,658,631,331,300,479,187,292,16,11,5,206,145,61,184,52,132,32,7,25,117,27,90,4,3,1,31,15,16,171,49,122,29,6,23,113,27,86,2,2,0,27,14,13,13,3,10,3,1,2,4,0,4,2,1,1,4,1,3,936,453,483
25,91,Mahabubnagar,Mahabubnagar,25,Jadcherla,575374,0000,VILLAGE,Shankarayapalle,Rural,10,78,38,40,11,5,6,0,0,0,0,0,0,50,28,22,28,10,18,40,21,19,37,20,17,16,14,2,19,4,15,0,0,0,2,2,0,3,1,2,0,0,0,3,1,2,0,0,0,0,0,0,3,1,2,0,0,0,3,1,2,0,0,0,0,0,0,0,0,0,0,0,0,0,0,0,0,0,0,0,0,0,38,17,21
25,91,Mahabubnagar,Mahabubnagar,25,Jadcherla,575375,0000,VILLAGE,Bureddipalle,Rural,289,1188,605,583,170,102,68,201,115,86,242,119,123,586,363,223,602,242,360,515,333,182,502,329,173,145,106,39,135,37,98,5,3,2,217,183,34,13,4,9,3,2,1,8,1,7,0,0,0,2,1,1,7,2,5,1,1,0,5,1,4,0,0,0,1,0,1,6,2,4,2,1,1,3,0,3,0,0,0,1,1,0,673,272,401
25,91,Mahabubnagar,Mahabubnagar,25,Jadcherla,575376,0000,VILLAGE,Malleboinpalle,Rural,468,2227,1045,1182,318,149,169,221,105,116,1151,518,633,1091,606,485,1136,439,697,1088,549,539,1077,543,534,410,186,224,334,97,237,6,4,2,327,256,71,11,6,5,1,0,1,0,0,0,0,0,0,10,6,4,11,6,5,1,0,1,0,0,0,0,0,0,10,6,4,0,0,0,0,0,0,0,0,0,0,0,0,0,0,0,1139,496,643
25,91,Mahabubnagar,Mahabubnagar,25,Jadcherla,575377,0000,VILLAGE,Chintaboinpalle,Rural,78,882,167,715,56,26,30,450,2,448,260,122,138,709,105,604,173,62,111,156,77,79,153,76,77,128,67,61,12,3,9,0,0,0,13,6,7,3,1,2,2,1,1,1,0,1,0,0,0,0,0,0,2,0,2,1,0,1,1,0,1,0,0,0,0,0,0,1,1,0,1,1,0,0,0,0,0,0,0,0,0,0,726,90,636
25,91,Mahabubnagar,Mahabubnagar,25,Jadcherla,575378,0000,VILLAGE,Aloor,Rural,539,2387,1232,1155,292,143,149,601,309,292,444,224,220,1254,771,483,1133,461,672,1218,697,521,1204,692,512,389,250,139,488,151,337,7,2,5,320,289,31,14,5,9,0,0,0,7,1,6,0,0,0,7,4,3,13,5,8,0,0,0,7,1,6,0,0,0,6,4,2,1,0,1,0,0,0,0,0,0,0,0,0,1,0,1,1169,535,634
25,91,Mahabubnagar,Mahabubnagar,25,Jadcherla,575379,0000,VILLAGE,Burgupalle,Rural,660,2995,1527,1468,482,269,213,617,317,300,775,402,373,1222,741,481,1773,786,987,1479,809,670,1074,621,453,442,259,183,289,93,196,16,13,3,327,256,71,405,188,217,17,10,7,250,84,166,23,9,14,115,85,30,376,176,200,16,9,7,236,80,156,22,9,13,102,78,24,29,12,17,1,1,0,14,4,10,1,0,1,13,7,6,1516,718,798
25,91,Mahabubnagar,Mahabubnagar,25,Jadcherla,575380,0000,VILLAGE,Kistaram,Rural,134,552,281,271,81,44,37,151,77,74,0,0,0,284,178,106,268,103,165,340,166,174,340,166,174,30,19,11,190,62,128,1,0,1,119,85,34,0,0,0,0,0,0,0,0,0,0,0,0,0,0,0,0,0,0,0,0,0,0,0,0,0,0,0,0,0,0,0,0,0,0,0,0,0,0,0,0,0,0,0,0,0,212,115,97
25,91,Mahabubnagar,Mahabubnagar,25,Jadcherla,575381,0000,VILLAGE,Nagasala,Rural,208,903,463,440,114,59,55,268,143,125,71,36,35,451,280,171,452,183,269,470,282,188,463,281,182,64,55,9,251,88,163,4,4,0,144,134,10,7,1,6,0,0,0,7,1,6,0,0,0,0,0,0,7,1,6,0,0,0,7,1,6,0,0,0,0,0,0,0,0,0,0,0,0,0,0,0,0,0,0,0,0,0,433,181,252
25,91,Mahabubnagar,Mahabubnagar,25,Jadcherla,575382,0000,VILLAGE,Nasrullabad,Rural,1174,5096,2527,2569,599,321,278,758,361,397,468,242,226,2746,1606,1140,2350,921,1429,2739,1427,1312,2012,1146,866,797,509,288,747,290,457,42,31,11,426,316,110,727,281,446,35,13,22,577,197,380,5,2,3,110,69,41,703,271,432,34,13,21,564,193,371,3,1,2,102,64,38,24,10,14,1,0,1,13,4,9,2,1,1,8,5,3,2357,1100,1257
25,91,Mahabubnagar,Mahabubnagar,25,Jadcherla,575383,0000,VILLAGE,Alwanpalle,Rural,241,946,461,485,101,60,41,212,100,112,0,0,0,535,306,229,411,155,256,491,261,230,436,240,196,114,68,46,218,89,129,0,0,0,104,83,21,55,21,34,0,0,0,49,16,33,1,0,1,5,5,0,55,21,34,0,0,0,49,16,33,1,0,1,5,5,0,0,0,0,0,0,0,0,0,0,0,0,0,0,0,0,455,200,255
25,91,Mahabubnagar,Mahabubnagar,16,Mahabubnagar_Rural,575386,0000,VILLAGE,Venkatapur,Rural,653,3310,1678,1632,444,214,230,248,125,123,2066,1067,999,1408,918,490,1902,760,1142,1722,902,820,893,530,363,241,129,112,246,102,144,21,10,11,385,289,96,829,372,457,32,15,17,436,126,310,32,19,13,329,212,117,808,362,446,32,15,17,428,124,304,27,17,10,321,206,115,21,10,11,0,0,0,8,2,6,5,2,3,8,6,2,1588,776,812
25,91,Mahabubnagar,Mahabubnagar,16,Mahabubnagar_Rural,575387,0000,VILLAGE,Zainallipur,Rural,492,2449,1213,1236,433,223,210,10,3,7,1394,681,713,884,523,361,1565,690,875,1205,636,569,1176,629,547,209,127,82,380,86,294,58,47,11,529,369,160,29,7,22,0,0,0,16,0,16,6,4,2,7,3,4,29,7,22,0,0,0,16,0,16,6,4,2,7,3,4,0,0,0,0,0,0,0,0,0,0,0,0,0,0,0,1244,577,667
25,91,Mahabubnagar,Mahabubnagar,16,Mahabubnagar_Rural,575388,0000,VILLAGE,Fathepur,Rural,484,2546,1275,1271,368,196,172,340,170,170,413,212,201,1000,617,383,1546,658,888,1303,667,636,1301,667,634,403,238,165,714,315,399,8,3,5,176,111,65,2,0,2,1,0,1,0,0,0,0,0,0,1,0,1,2,0,2,1,0,1,0,0,0,0,0,0,1,0,1,0,0,0,0,0,0,0,0,0,0,0,0,0,0,0,1243,608,635
25,91,Mahabubnagar,Mahabubnagar,21,Mahabubnagar_Urban,575389,0000,VILLAGE,Yerravalli,Rural,110,507,240,267,98,43,55,1,0,1,488,233,255,141,86,55,366,154,212,249,122,127,249,122,127,18,17,1,96,28,68,0,0,0,135,77,58,0,0,0,0,0,0,0,0,0,0,0,0,0,0,0,0,0,0,0,0,0,0,0,0,0,0,0,0,0,0,0,0,0,0,0,0,0,0,0,0,0,0,0,0,0,258,118,140
25,91,Mahabubnagar,Mahabubnagar,21,Mahabubnagar_Urban,575390,0000,VILLAGE,Yedira,Rural,404,1964,1021,943,274,146,128,115,63,52,2,2,0,962,616,346,1002,405,597,1096,604,492,984,582,402,412,245,167,378,169,209,6,5,1,188,163,25,112,22,90,2,0,2,105,19,86,0,0,0,5,3,2,112,22,90,2,0,2,105,19,86,0,0,0,5,3,2,0,0,0,0,0,0,0,0,0,0,0,0,0,0,0,868,417,451
25,91,Mahabubnagar,Mahabubnagar,21,Mahabubnagar_Urban,575391,0000,VILLAGE,Palakonda (R),Rural,518,2476,1224,1252,378,187,191,495,250,245,319,149,170,1158,677,481,1318,547,771,1202,698,504,1177,692,485,183,110,73,552,233,319,8,8,0,434,341,93,25,6,19,3,1,2,14,2,12,0,0,0,8,3,5,25,6,19,3,1,2,14,2,12,0,0,0,8,3,5,0,0,0,0,0,0,0,0,0,0,0,0,0,0,0,1274,526,748
25,91,Mahabubnagar,Mahabubnagar,16,Mahabubnagar_Rural,575393,0000,VILLAGE,Ramchandrapur,Rural,600,2902,1438,1464,372,168,204,672,336,336,258,126,132,1232,746,486,1670,692,978,1692,878,814,1680,873,807,134,76,58,1416,705,711,26,19,7,104,73,31,12,5,7,1,0,1,8,3,5,0,0,0,3,2,1,12,5,7,1,0,1,8,3,5,0,0,0,3,2,1,0,0,0,0,0,0,0,0,0,0,0,0,0,0,0,1210,560,650
25,91,Mahabubnagar,Mahabubnagar,16,Mahabubnagar_Rural,575394,0000,VILLAGE,Machanpalle,Rural,473,2451,1220,1231,328,164,164,617,299,318,87,49,38,1101,660,441,1350,560,790,1310,725,585,1174,665,509,134,102,32,816,387,429,19,12,7,205,164,41,136,60,76,6,1,5,116,50,66,0,0,0,14,9,5,128,57,71,6,1,5,111,50,61,0,0,0,11,6,5,8,3,5,0,0,0,5,0,5,0,0,0,3,3,0,1141,495,646
25,91,Mahabubnagar,Mahabubnagar,16,Mahabubnagar_Rural,575395,0000,VILLAGE,Kotakadira,Rural,908,4277,2124,2153,588,287,301,1162,564,598,46,22,24,1736,1070,666,2541,1054,1487,2384,1238,1146,1709,916,793,390,275,115,876,325,551,37,15,22,406,301,105,675,322,353,59,39,20,456,185,271,4,3,1,156,95,61,618,293,325,56,38,18,432,176,256,4,3,1,126,76,50,57,29,28,3,1,2,24,9,15,0,0,0,30,19,11,1893,886,1007
25,91,Mahabubnagar,Mahabubnagar,16,Mahabubnagar_Rural,575396,0000,VILLAGE,Oblaipalle,Rural,347,1630,828,802,247,136,111,56,34,22,497,260,237,726,443,283,904,385,519,885,455,430,872,452,420,319,171,148,217,52,165,2,2,0,334,227,107,13,3,10,4,1,3,7,1,6,0,0,0,2,1,1,12,3,9,4,1,3,6,1,5,0,0,0,2,1,1,1,0,1,0,0,0,1,0,1,0,0,0,0,0,0,745,373,372
25,91,Mahabubnagar,Mahabubnagar,16,Mahabubnagar_Rural,575397,0000,VILLAGE,Appaipalle,Rural,241,1118,560,558,151,80,71,184,86,98,10,4,6,615,362,253,503,198,305,520,278,242,509,274,235,126,97,29,181,35,146,19,9,10,183,133,50,11,4,7,1,1,0,5,0,5,0,0,0,5,3,2,10,3,7,1,1,0,5,0,5,0,0,0,4,2,2,1,1,0,0,0,0,0,0,0,0,0,0,1,1,0,598,282,316
25,91,Mahabubnagar,Mahabubnagar,16,Mahabubnagar_Rural,575398,0000,VILLAGE,Kadur,Rural,910,4644,2388,2256,607,334,273,913,470,443,325,164,161,2339,1438,901,2305,950,1355,2362,1315,1047,2008,1215,793,408,289,119,724,256,468,21,9,12,855,661,194,354,100,254,47,18,29,222,41,181,1,1,0,84,40,44,330,94,236,41,16,25,213,41,172,1,1,0,75,36,39,24,6,18,6,2,4,9,0,9,0,0,0,9,4,5,2282,1073,1209
25,91,Mahabubnagar,Mahabubnagar,16,Mahabubnagar_Rural,575399,0000,VILLAGE,Zamistapur,Rural,563,2741,1378,1363,358,181,177,780,400,380,50,23,27,1369,805,564,1372,573,799,1437,776,661,953,572,381,264,164,100,292,79,213,22,20,2,375,309,66,484,204,280,14,8,6,429,168,261,11,5,6,30,23,7,228,97,131,13,8,5,184,68,116,10,4,6,21,17,4,256,107,149,1,0,1,245,100,145,1,1,0,9,6,3,1304,602,702
25,91,Mahabubnagar,Mahabubnagar,16,Mahabubnagar_Rural,575400,0000,VILLAGE,Dharmapur,Rural,940,4517,2156,2361,591,322,269,901,455,446,184,9,175,2404,1287,1117,2113,869,1244,2093,1193,900,1753,1044,709,358,238,120,609,198,411,19,11,8,767,597,170,340,149,191,17,7,10,203,61,142,6,1,5,114,80,34,315,140,175,15,7,8,189,57,132,5,1,4,106,75,31,25,9,16,2,0,2,14,4,10,1,0,1,8,5,3,2424,963,1461
25,91,Mahabubnagar,Mahabubnagar,16,Mahabubnagar_Rural,575401,0000,VILLAGE,Allipur,Rural,286,1301,655,646,192,104,88,363,181,182,16,8,8,652,396,256,649,259,390,650,352,298,582,333,249,79,59,20,156,32,124,6,3,3,341,239,102,68,19,49,2,0,2,29,6,23,0,0,0,37,13,24,67,19,48,1,0,1,29,6,23,0,0,0,37,13,24,1,0,1,1,0,1,0,0,0,0,0,0,0,0,0,651,303,348
25,91,Mahabubnagar,Mahabubnagar,11,Koilkonda,575405,0000,VILLAGE,Yellareddipalle,Rural,230,1220,639,581,145,81,64,277,148,129,379,199,180,622,408,214,598,231,367,667,334,333,658,328,330,95,63,32,491,215,276,2,0,2,70,50,20,9,6,3,0,0,0,4,1,3,0,0,0,5,5,0,9,6,3,0,0,0,4,1,3,0,0,0,5,5,0,0,0,0,0,0,0,0,0,0,0,0,0,0,0,0,553,305,248
25,91,Mahabubnagar,Mahabubnagar,11,Koilkonda,575406,0000,VILLAGE,Vinjamur,Rural,982,5292,2706,2586,762,415,347,422,208,214,2216,1140,1076,2023,1283,740,3269,1423,1846,2896,1475,1421,2803,1449,1354,1093,689,404,937,277,660,33,15,18,740,468,272,93,26,67,11,2,9,45,4,41,2,0,2,35,20,15,93,26,67,11,2,9,45,4,41,2,0,2,35,20,15,0,0,0,0,0,0,0,0,0,0,0,0,0,0,0,2396,1231,1165
25,91,Mahabubnagar,Mahabubnagar,11,Koilkonda,575407,0000,VILLAGE,Kushmohmedpalle,Rural,186,1076,547,529,201,101,100,40,21,19,921,470,451,300,207,93,776,340,436,598,285,313,419,270,149,102,90,12,271,149,122,10,8,2,36,23,13,179,15,164,2,1,1,168,10,158,3,1,2,6,3,3,175,14,161,1,0,1,166,10,156,3,1,2,5,3,2,4,1,3,1,1,0,2,0,2,0,0,0,1,0,1,478,262,216
25,91,Mahabubnagar,Mahabubnagar,11,Koilkonda,575408,0000,VILLAGE,Modipur,Rural,220,1176,626,550,144,76,68,106,58,48,434,220,214,492,350,142,684,276,408,691,363,328,683,361,322,77,43,34,434,204,230,8,5,3,164,109,55,8,2,6,3,0,3,4,1,3,1,1,0,0,0,0,7,1,6,3,0,3,4,1,3,0,0,0,0,0,0,1,1,0,0,0,0,0,0,0,1,1,0,0,0,0,485,263,222
25,91,Mahabubnagar,Mahabubnagar,11,Koilkonda,575409,0000,VILLAGE,Serivenkatapur,Rural,314,1397,705,692,202,106,96,241,115,126,30,18,12,602,373,229,795,332,463,730,371,359,541,305,236,229,176,53,215,55,160,13,8,5,84,66,18,189,66,123,1,1,0,160,45,115,7,6,1,21,14,7,167,62,105,1,1,0,143,43,100,7,6,1,16,12,4,22,4,18,0,0,0,17,2,15,0,0,0,5,2,3,667,334,333
25,91,Mahabubnagar,Mahabubnagar,11,Koilkonda,575410,0000,VILLAGE,Lingalched,Rural,189,946,482,464,141,85,56,300,153,147,125,65,60,341,202,139,605,280,325,546,271,275,541,269,272,185,135,50,241,66,175,16,8,8,99,60,39,5,2,3,0,0,0,1,0,1,0,0,0,4,2,2,5,2,3,0,0,0,1,0,1,0,0,0,4,2,2,0,0,0,0,0,0,0,0,0,0,0,0,0,0,0,400,211,189
25,91,Mahabubnagar,Mahabubnagar,11,Koilkonda,575411,0000,VILLAGE,Suraram,Rural,395,2078,1066,1012,304,161,143,447,229,218,18,12,6,893,554,339,1185,512,673,1119,611,508,1119,611,508,682,410,272,258,64,194,22,14,8,157,123,34,0,0,0,0,0,0,0,0,0,0,0,0,0,0,0,0,0,0,0,0,0,0,0,0,0,0,0,0,0,0,0,0,0,0,0,0,0,0,0,0,0,0,0,0,0,959,455,504
25,91,Mahabubnagar,Mahabubnagar,11,Koilkonda,575412,0000,VILLAGE,Mallapur,Rural,119,719,359,360,117,51,66,93,52,41,0,0,0,316,201,115,403,158,245,460,226,234,372,195,177,332,172,160,4,3,1,13,6,7,23,14,9,88,31,57,65,26,39,6,0,6,6,2,4,11,3,8,44,11,33,32,10,22,4,0,4,3,0,3,5,1,4,44,20,24,33,16,17,2,0,2,3,2,1,6,2,4,259,133,126
25,91,Mahabubnagar,Mahabubnagar,11,Koilkonda,575413,0000,VILLAGE,Kothlabad,Rural,559,2994,1493,1501,435,222,213,535,276,259,260,124,136,1310,771,539,1684,722,962,1614,838,776,1559,810,749,326,216,110,1047,454,593,8,7,1,178,133,45,55,28,27,0,0,0,53,27,26,0,0,0,2,1,1,54,27,27,0,0,0,52,26,26,0,0,0,2,1,1,1,1,0,0,0,0,1,1,0,0,0,0,0,0,0,1380,655,725
25,91,Mahabubnagar,Mahabubnagar,11,Koilkonda,575414,0000,VILLAGE,Burgupalle,Rural,262,1219,609,610,147,85,62,515,260,255,72,31,41,497,318,179,722,291,431,642,331,311,626,324,302,203,122,81,365,160,205,7,4,3,51,38,13,16,7,9,4,1,3,6,2,4,1,0,1,5,4,1,15,6,9,4,1,3,5,1,4,1,0,1,5,4,1,1,1,0,0,0,0,1,1,0,0,0,0,0,0,0,577,278,299
25,91,Mahabubnagar,Mahabubnagar,11,Koilkonda,575415,0000,VILLAGE,Chandraspalle,Rural,314,1536,764,772,160,72,88,143,66,77,18,10,8,711,435,276,825,329,496,849,433,416,803,418,385,202,158,44,473,158,315,0,0,0,128,102,26,46,15,31,6,5,1,33,5,28,0,0,0,7,5,2,45,15,30,6,5,1,32,5,27,0,0,0,7,5,2,1,0,1,0,0,0,1,0,1,0,0,0,0,0,0,687,331,356
25,91,Mahabubnagar,Mahabubnagar,11,Koilkonda,575416,0000,VILLAGE,Thirumalampalle,Rural,163,763,380,383,66,40,26,219,110,109,33,18,15,390,232,158,373,148,225,472,233,239,470,231,239,190,144,46,222,45,177,0,0,0,58,42,16,2,2,0,0,0,0,2,2,0,0,0,0,0,0,0,2,2,0,0,0,0,2,2,0,0,0,0,0,0,0,0,0,0,0,0,0,0,0,0,0,0,0,0,0,0,291,147,144
25,91,Mahabubnagar,Mahabubnagar,11,Koilkonda,575417,0000,VILLAGE,Chanmanpalle,Rural,117,584,293,291,100,48,52,0,0,0,289,146,143,199,126,73,385,167,218,328,158,170,145,91,54,45,34,11,81,45,36,2,1,1,17,11,6,183,67,116,9,5,4,130,40,90,19,9,10,25,13,12,161,55,106,8,4,4,116,33,83,17,8,9,20,10,10,22,12,10,1,1,0,14,7,7,2,1,1,5,3,2,256,135,121
25,91,Mahabubnagar,Mahabubnagar,11,Koilkonda,575418,0000,VILLAGE,Kannaipalle,Rural,257,1488,759,729,224,122,102,57,27,30,578,304,274,605,370,235,883,389,494,794,418,376,656,386,270,454,286,168,140,51,89,8,4,4,54,45,9,138,32,106,10,2,8,116,21,95,2,2,0,10,7,3,135,29,106,10,2,8,115,20,95,1,1,0,9,6,3,3,3,0,0,0,0,1,1,0,1,1,0,1,1,0,694,341,353
25,91,Mahabubnagar,Mahabubnagar,11,Koilkonda,575419,0000,VILLAGE,Lingupalle,Rural,144,750,375,375,121,50,71,0,0,0,0,0,0,275,172,103,475,203,272,399,200,199,365,181,184,221,104,117,15,6,9,11,6,5,118,65,53,34,19,15,18,10,8,1,0,1,0,0,0,15,9,6,15,9,6,0,0,0,0,0,0,0,0,0,15,9,6,19,10,9,18,10,8,1,0,1,0,0,0,0,0,0,351,175,176
25,91,Mahabubnagar,Mahabubnagar,11,Koilkonda,575420,0000,VILLAGE,Parpalle,Rural,747,3717,1843,1874,544,267,277,624,303,321,173,80,93,1524,960,564,2193,883,1310,2059,1059,1000,1990,1038,952,336,247,89,1185,460,725,69,37,32,400,294,106,69,21,48,7,0,7,29,7,22,18,8,10,15,6,9,69,21,48,7,0,7,29,7,22,18,8,10,15,6,9,0,0,0,0,0,0,0,0,0,0,0,0,0,0,0,1658,784,874
25,91,Mahabubnagar,Mahabubnagar,11,Koilkonda,575421,0000,VILLAGE,Veerampalle,Rural,180,851,434,417,112,60,52,0,0,0,0,0,0,437,263,174,414,171,243,466,235,231,464,234,230,184,173,11,277,60,217,0,0,0,3,1,2,2,1,1,0,0,0,1,0,1,0,0,0,1,1,0,2,1,1,0,0,0,1,0,1,0,0,0,1,1,0,0,0,0,0,0,0,0,0,0,0,0,0,0,0,0,385,199,186
25,91,Mahabubnagar,Mahabubnagar,11,Koilkonda,575422,0000,VILLAGE,Ananthapur,Rural,134,635,312,323,80,42,38,119,63,56,0,0,0,290,174,116,345,138,207,387,188,199,386,188,198,123,112,11,237,57,180,2,2,0,24,17,7,1,0,1,0,0,0,1,0,1,0,0,0,0,0,0,1,0,1,0,0,0,1,0,1,0,0,0,0,0,0,0,0,0,0,0,0,0,0,0,0,0,0,0,0,0,248,124,124
25,91,Mahabubnagar,Mahabubnagar,11,Koilkonda,575423,0000,VILLAGE,Salepalle,Rural,10,44,24,20,5,3,2,0,0,0,0,0,0,22,17,5,22,7,15,29,16,13,29,16,13,0,0,0,25,12,13,0,0,0,4,4,0,0,0,0,0,0,0,0,0,0,0,0,0,0,0,0,0,0,0,0,0,0,0,0,0,0,0,0,0,0,0,0,0,0,0,0,0,0,0,0,0,0,0,0,0,0,15,8,7
25,91,Mahabubnagar,Mahabubnagar,11,Koilkonda,575424,0000,VILLAGE,Khazipur,Rural,189,955,478,477,106,57,49,263,131,132,34,18,16,516,313,203,439,165,274,563,304,259,514,280,234,104,57,47,360,184,176,5,4,1,45,35,10,49,24,25,10,6,4,27,11,16,5,3,2,7,4,3,49,24,25,10,6,4,27,11,16,5,3,2,7,4,3,0,0,0,0,0,0,0,0,0,0,0,0,0,0,0,392,174,218
25,91,Mahabubnagar,Mahabubnagar,11,Koilkonda,575425,0000,VILLAGE,Nallavelly,Rural,158,666,364,302,97,53,44,87,47,40,0,0,0,274,188,86,392,176,216,445,230,215,443,230,213,96,55,41,266,124,142,1,1,0,80,50,30,2,0,2,0,0,0,2,0,2,0,0,0,0,0,0,1,0,1,0,0,0,1,0,1,0,0,0,0,0,0,1,0,1,0,0,0,1,0,1,0,0,0,0,0,0,221,134,87
25,91,Mahabubnagar,Mahabubnagar,11,Koilkonda,575426,0000,VILLAGE,Jamalpur,Rural,299,1547,776,771,248,124,124,238,120,118,814,401,413,596,374,222,951,402,549,886,459,427,555,332,223,212,194,18,220,32,188,1,1,0,122,105,17,331,127,204,11,8,3,229,40,189,0,0,0,91,79,12,279,118,161,11,8,3,178,31,147,0,0,0,90,79,11,52,9,43,0,0,0,51,9,42,0,0,0,1,0,1,661,317,344
25,91,Mahabubnagar,Mahabubnagar,11,Koilkonda,575427,0000,VILLAGE,Ankilla,Rural,783,4161,2068,2093,675,341,334,635,295,340,1682,867,815,1559,999,560,2602,1069,1533,2308,1168,1140,2250,1145,1105,788,508,280,1251,485,766,33,22,11,178,130,48,58,23,35,6,1,5,36,10,26,6,4,2,10,8,2,55,23,32,5,1,4,34,10,24,6,4,2,10,8,2,3,0,3,1,0,1,2,0,2,0,0,0,0,0,0,1853,900,953
25,91,Mahabubnagar,Mahabubnagar,11,Koilkonda,575428,0000,VILLAGE,Chandapur,Rural,133,660,335,325,88,42,46,207,107,100,0,0,0,196,119,77,464,216,248,381,186,195,368,183,185,38,11,27,274,122,152,5,5,0,51,45,6,13,3,10,5,2,3,4,1,3,0,0,0,4,0,4,13,3,10,5,2,3,4,1,3,0,0,0,4,0,4,0,0,0,0,0,0,0,0,0,0,0,0,0,0,0,279,149,130
25,91,Mahabubnagar,Mahabubnagar,11,Koilkonda,575429,0000,VILLAGE,Ayyawarpalle,Rural,139,802,389,413,170,79,91,194,91,103,433,212,221,229,138,91,573,251,322,424,215,209,421,212,209,134,130,4,228,46,182,1,0,1,58,36,22,3,3,0,0,0,0,2,2,0,0,0,0,1,1,0,3,3,0,0,0,0,2,2,0,0,0,0,1,1,0,0,0,0,0,0,0,0,0,0,0,0,0,0,0,0,378,174,204
25,91,Mahabubnagar,Mahabubnagar,11,Koilkonda,575431,0000,VILLAGE,Ibrahimnagar,Rural,345,1851,933,918,274,127,147,232,115,117,0,0,0,824,524,300,1027,409,618,1018,544,474,1017,544,473,360,224,136,486,179,307,0,0,0,171,141,30,1,0,1,0,0,0,0,0,0,0,0,0,1,0,1,1,0,1,0,0,0,0,0,0,0,0,0,1,0,1,0,0,0,0,0,0,0,0,0,0,0,0,0,0,0,833,389,444
25,91,Mahabubnagar,Mahabubnagar,11,Koilkonda,575432,0000,VILLAGE,Koilkonda,Rural,969,5046,2576,2470,594,308,286,992,491,501,274,130,144,3051,1807,1244,1995,769,1226,2161,1278,883,2131,1270,861,505,305,200,882,369,513,91,64,27,653,532,121,30,8,22,1,0,1,24,6,18,1,0,1,4,2,2,29,7,22,1,0,1,23,5,18,1,0,1,4,2,2,1,1,0,0,0,0,1,1,0,0,0,0,0,0,0,2885,1298,1587
25,91,Mahabubnagar,Mahabubnagar,11,Koilkonda,575433,0000,VILLAGE,Acharyapur,Rural,245,1377,707,670,237,139,98,14,8,6,392,205,187,407,258,149,970,449,521,745,369,376,710,365,345,122,93,29,470,197,273,1,1,0,117,74,43,35,4,31,4,2,2,28,1,27,0,0,0,3,1,2,35,4,31,4,2,2,28,1,27,0,0,0,3,1,2,0,0,0,0,0,0,0,0,0,0,0,0,0,0,0,632,338,294
25,91,Mahabubnagar,Mahabubnagar,11,Koilkonda,575434,0000,VILLAGE,Kesavapur,Rural,518,2377,1219,1158,356,189,167,146,73,73,1337,685,652,1094,686,408,1283,533,750,1228,624,604,916,522,394,182,136,46,574,248,326,15,15,0,145,123,22,312,102,210,18,6,12,222,44,178,1,1,0,71,51,20,307,102,205,18,6,12,220,44,176,1,1,0,68,51,17,5,0,5,0,0,0,2,0,2,0,0,0,3,0,3,1149,595,554
25,91,Mahabubnagar,Mahabubnagar,11,Koilkonda,575435,0000,VILLAGE,Perkiweedu,Rural,315,1639,797,842,238,111,127,139,72,67,809,381,428,695,419,276,944,378,566,760,410,350,736,403,333,71,49,22,498,231,267,9,6,3,158,117,41,24,7,17,1,1,0,15,2,13,0,0,0,8,4,4,23,7,16,1,1,0,14,2,12,0,0,0,8,4,4,1,0,1,0,0,0,1,0,1,0,0,0,0,0,0,879,387,492
25,91,Mahabubnagar,Mahabubnagar,11,Koilkonda,575436,0000,VILLAGE,Malkapur,Rural,854,3713,1934,1779,531,290,241,422,214,208,958,492,466,1653,1038,615,2060,896,1164,2160,1109,1051,1637,883,754,654,373,281,623,284,339,126,65,61,234,161,73,523,226,297,117,67,50,269,110,159,67,15,52,70,34,36,450,198,252,106,60,46,244,97,147,40,11,29,60,30,30,73,28,45,11,7,4,25,13,12,27,4,23,10,4,6,1553,825,728
25,91,Mahabubnagar,Mahabubnagar,11,Koilkonda,575437,0000,VILLAGE,Akkaipalle,Rural,265,1388,694,694,195,97,98,0,0,0,4,2,2,679,408,271,709,286,423,805,430,375,648,375,273,188,127,61,164,46,118,13,8,5,283,194,89,157,55,102,8,4,4,99,26,73,6,3,3,44,22,22,49,19,30,5,3,2,31,9,22,0,0,0,13,7,6,108,36,72,3,1,2,68,17,51,6,3,3,31,15,16,583,264,319
25,91,Mahabubnagar,Mahabubnagar,11,Koilkonda,575438,0000,VILLAGE,Rampur,Rural,115,554,273,281,69,37,32,0,0,0,0,0,0,303,173,130,251,100,151,272,154,118,271,154,117,107,80,27,99,24,75,13,9,4,52,41,11,1,0,1,0,0,0,1,0,1,0,0,0,0,0,0,1,0,1,0,0,0,1,0,1,0,0,0,0,0,0,0,0,0,0,0,0,0,0,0,0,0,0,0,0,0,282,119,163
25,91,Mahabubnagar,Mahabubnagar,11,Koilkonda,575439,0000,VILLAGE,Abhangapatnam,Rural,617,3141,1601,1540,425,215,210,253,121,132,177,85,92,1319,804,515,1822,797,1025,1621,881,740,1490,826,664,711,529,182,504,64,440,4,2,2,271,231,40,131,55,76,4,2,2,107,38,69,7,6,1,13,9,4,115,48,67,4,2,2,98,37,61,6,5,1,7,4,3,16,7,9,0,0,0,9,1,8,1,1,0,6,5,1,1520,720,800
25,91,Mahabubnagar,Mahabubnagar,11,Koilkonda,575440,0000,VILLAGE,Garlapad,Rural,770,3570,1804,1766,442,228,214,328,169,159,287,145,142,1858,1151,707,1712,653,1059,1958,1027,931,1834,980,854,564,368,196,838,277,561,63,40,23,369,295,74,124,47,77,12,5,7,62,14,48,10,4,6,40,24,16,115,44,71,9,5,4,61,13,48,10,4,6,35,22,13,9,3,6,3,0,3,1,1,0,0,0,0,5,2,3,1612,777,835
25,91,Mahabubnagar,Mahabubnagar,16,Mahabubnagar_Rural,575441,0000,VILLAGE,Manikonda,Rural,880,4789,2452,2337,663,338,325,554,289,265,0,0,0,1953,1220,733,2836,1232,1604,2696,1452,1244,2603,1412,1191,779,484,295,1211,470,741,26,12,14,587,446,141,93,40,53,8,6,2,44,10,34,23,13,10,18,11,7,90,39,51,8,6,2,44,10,34,23,13,10,15,10,5,3,1,2,0,0,0,0,0,0,0,0,0,3,1,2,2093,1000,1093
25,91,Mahabubnagar,Mahabubnagar,17,Devarkadara,575512,0000,VILLAGE,Bollaram,Rural,414,2179,1113,1066,281,154,127,229,115,114,328,169,159,855,529,326,1324,584,740,1328,679,649,844,508,336,304,192,112,352,183,169,24,11,13,164,122,42,484,171,313,18,11,7,426,142,284,10,2,8,30,16,14,481,170,311,18,11,7,424,141,283,9,2,7,30,16,14,3,1,2,0,0,0,2,1,1,1,0,1,0,0,0,851,434,417
25,91,Mahabubnagar,Mahabubnagar,17,Devarkadara,575513,0000,VILLAGE,Ajilapur,Rural,346,1837,923,914,228,115,113,205,100,105,3,1,2,662,397,265,1175,526,649,1057,552,505,930,517,413,140,127,13,705,317,388,2,2,0,83,71,12,127,35,92,14,4,10,95,23,72,2,2,0,16,6,10,127,35,92,14,4,10,95,23,72,2,2,0,16,6,10,0,0,0,0,0,0,0,0,0,0,0,0,0,0,0,780,371,409
25,91,Mahabubnagar,Mahabubnagar,17,Devarkadara,575514,0000,VILLAGE,Chinnarajamoor,Rural,309,1590,801,789,202,96,106,300,149,151,3,2,1,714,449,265,876,352,524,948,508,440,899,485,414,291,176,115,472,205,267,7,4,3,129,100,29,49,23,26,0,0,0,23,8,15,1,1,0,25,14,11,49,23,26,0,0,0,23,8,15,1,1,0,25,14,11,0,0,0,0,0,0,0,0,0,0,0,0,0,0,0,642,293,349
25,91,Mahabubnagar,Mahabubnagar,17,Devarkadara,575515,0000,VILLAGE,Peddarajamoor,Rural,300,1472,741,731,186,99,87,492,243,249,4,2,2,730,446,284,742,295,447,777,418,359,549,303,246,240,147,93,249,115,134,9,6,3,51,35,16,228,115,113,1,1,0,226,113,113,0,0,0,1,1,0,41,19,22,1,1,0,39,17,22,0,0,0,1,1,0,187,96,91,0,0,0,187,96,91,0,0,0,0,0,0,695,323,372
25,91,Mahabubnagar,Mahabubnagar,17,Devarkadara,575516,0000,VILLAGE,Nagaram,Rural,497,2593,1286,1307,365,175,190,361,188,173,375,183,192,985,600,385,1608,686,922,1486,768,718,1444,745,699,363,280,83,920,340,580,3,2,1,158,123,35,42,23,19,0,0,0,34,16,18,0,0,0,8,7,1,42,23,19,0,0,0,34,16,18,0,0,0,8,7,1,0,0,0,0,0,0,0,0,0,0,0,0,0,0,0,1107,518,589
25,91,Mahabubnagar,Mahabubnagar,17,Devarkadara,575517,0000,VILLAGE,Gaddeguda,Rural,463,2342,1191,1151,340,173,167,431,220,211,5,3,2,926,583,343,1416,608,808,1237,667,570,1147,614,533,277,156,121,731,360,371,17,11,6,122,87,35,90,53,37,13,12,1,63,30,33,1,0,1,13,11,2,79,45,34,13,12,1,62,30,32,0,0,0,4,3,1,11,8,3,0,0,0,1,0,1,1,0,1,9,8,1,1105,524,581
25,91,Mahabubnagar,Mahabubnagar,17,Devarkadara,575518,0000,VILLAGE,Venkataipalle,Rural,406,2148,1081,1067,304,168,136,242,119,123,12,5,7,818,483,335,1330,598,732,1196,646,550,1171,634,537,102,71,31,754,303,451,2,1,1,313,259,54,25,12,13,0,0,0,11,1,10,2,2,0,12,9,3,18,8,10,0,0,0,9,1,8,2,2,0,7,5,2,7,4,3,0,0,0,2,0,2,0,0,0,5,4,1,952,435,517
25,91,Mahabubnagar,Mahabubnagar,17,Devarkadara,575519,0000,VILLAGE,Balsupalle,Rural,127,627,322,305,76,40,36,121,57,64,5,3,2,276,160,116,351,162,189,384,197,187,211,147,64,155,107,48,7,6,1,17,9,8,32,25,7,173,50,123,2,1,1,162,44,118,7,3,4,2,2,0,173,50,123,2,1,1,162,44,118,7,3,4,2,2,0,0,0,0,0,0,0,0,0,0,0,0,0,0,0,0,243,125,118
25,91,Mahabubnagar,Mahabubnagar,17,Devarkadara,575520,0000,VILLAGE,Baswapur,Rural,380,1855,950,905,279,155,124,439,207,232,3,1,2,771,481,290,1084,469,615,1054,542,512,944,525,419,373,229,144,415,170,245,9,4,5,147,122,25,110,17,93,14,9,5,95,7,88,0,0,0,1,1,0,99,14,85,13,8,5,85,5,80,0,0,0,1,1,0,11,3,8,1,1,0,10,2,8,0,0,0,0,0,0,801,408,393
25,91,Mahabubnagar,Mahabubnagar,17,Devarkadara,575521,0000,VILLAGE,Gurakonda,Rural,507,2551,1300,1251,391,212,179,105,58,47,38,21,17,941,607,334,1610,693,917,1451,741,710,1320,682,638,312,210,102,751,268,483,13,7,6,244,197,47,131,59,72,5,3,2,81,27,54,6,4,2,39,25,14,109,50,59,5,3,2,64,20,44,6,4,2,34,23,11,22,9,13,0,0,0,17,7,10,0,0,0,5,2,3,1100,559,541
25,91,Mahabubnagar,Mahabubnagar,17,Devarkadara,575522,0000,VILLAGE,Goplapurkalan,Rural,191,840,411,429,109,52,57,84,36,48,0,0,0,404,245,159,436,166,270,433,224,209,115,70,45,33,20,13,45,22,23,4,2,2,33,26,7,318,154,164,2,0,2,263,113,150,25,21,4,28,20,8,301,148,153,2,0,2,248,108,140,25,21,4,26,19,7,17,6,11,0,0,0,15,5,10,0,0,0,2,1,1,407,187,220
25,91,Mahabubnagar,Mahabubnagar,17,Devarkadara,575523,0000,VILLAGE,Devarkadara,Rural,1651,8047,4092,3955,966,516,450,1258,672,586,110,58,52,4641,2654,1987,3406,1438,1968,3461,2207,1254,3228,2114,1114,444,307,137,953,366,587,56,44,12,1775,1397,378,233,93,140,8,1,7,148,48,100,2,2,0,75,42,33,220,87,133,6,1,5,144,48,96,1,1,0,69,37,32,13,6,7,2,0,2,4,0,4,1,1,0,6,5,1,4586,1885,2701
25,91,Mahabubnagar,Mahabubnagar,17,Devarkadara,575524,0000,VILLAGE,Chowdarpalle,Rural,333,1809,953,856,232,110,122,302,161,141,13,9,4,817,539,278,992,414,578,868,472,396,856,464,392,87,63,24,590,247,343,11,6,5,168,148,20,12,8,4,0,0,0,4,2,2,0,0,0,8,6,2,11,8,3,0,0,0,4,2,2,0,0,0,7,6,1,1,0,1,0,0,0,0,0,0,0,0,0,1,0,1,941,481,460
25,91,Mahabubnagar,Mahabubnagar,17,Devarkadara,575525,0000,VILLAGE,Hajilapur,Rural,285,1357,675,682,174,89,85,182,93,89,0,0,0,639,372,267,718,303,415,728,375,353,692,364,328,148,88,60,439,198,241,28,21,7,77,57,20,36,11,25,1,1,0,5,1,4,0,0,0,30,9,21,34,11,23,1,1,0,5,1,4,0,0,0,28,9,19,2,0,2,0,0,0,0,0,0,0,0,0,2,0,2,629,300,329
25,91,Mahabubnagar,Mahabubnagar,17,Devarkadara,575526,0000,VILLAGE,Baswaipalle,Rural,335,1700,834,866,232,123,109,288,144,144,16,10,6,608,368,240,1092,466,626,898,460,438,883,453,430,156,99,57,492,179,313,29,19,10,206,156,50,15,7,8,1,0,1,7,2,5,0,0,0,7,5,2,12,7,5,1,0,1,4,2,2,0,0,0,7,5,2,3,0,3,0,0,0,3,0,3,0,0,0,0,0,0,802,374,428
25,91,Mahabubnagar,Mahabubnagar,17,Devarkadara,575527,0000,VILLAGE,Laxmipalle,Rural,313,1591,821,770,218,115,103,241,122,119,0,0,0,822,497,325,769,324,445,899,477,422,895,475,420,355,201,154,386,157,229,11,8,3,143,109,34,4,2,2,0,0,0,2,0,2,0,0,0,2,2,0,4,2,2,0,0,0,2,0,2,0,0,0,2,2,0,0,0,0,0,0,0,0,0,0,0,0,0,0,0,0,692,344,348
25,91,Mahabubnagar,Mahabubnagar,17,Devarkadara,575528,0000,VILLAGE,Jeenugurala,Rural,425,2002,982,1020,237,122,115,300,144,156,12,7,5,863,494,369,1139,488,651,1117,585,532,1086,573,513,214,132,82,613,236,377,2,2,0,257,203,54,31,12,19,2,0,2,14,5,9,0,0,0,15,7,8,16,8,8,1,0,1,6,3,3,0,0,0,9,5,4,15,4,11,1,0,1,8,2,6,0,0,0,6,2,4,885,397,488
25,91,Mahabubnagar,Mahabubnagar,17,Devarkadara,575529,0000,VILLAGE,Dokur,Rural,528,2785,1350,1435,340,170,170,228,111,117,0,0,0,1521,831,690,1264,519,745,1364,761,603,1072,592,480,210,141,69,733,353,380,13,9,4,116,89,27,292,169,123,5,4,1,164,69,95,2,1,1,121,95,26,214,134,80,5,4,1,94,42,52,2,1,1,113,87,26,78,35,43,0,0,0,70,27,43,0,0,0,8,8,0,1421,589,832
25,91,Mahabubnagar,Mahabubnagar,17,Devarkadara,575530,0000,VILLAGE,Meenuguvanipalle,Rural,185,946,474,472,132,69,63,264,137,127,0,0,0,336,214,122,610,260,350,532,265,267,527,262,265,318,163,155,160,61,99,0,0,0,49,38,11,5,3,2,1,1,0,2,0,2,0,0,0,2,2,0,5,3,2,1,1,0,2,0,2,0,0,0,2,2,0,0,0,0,0,0,0,0,0,0,0,0,0,0,0,0,414,209,205
25,91,Mahabubnagar,Mahabubnagar,17,Devarkadara,575531,0000,VILLAGE,Gudibanda,Rural,312,1612,814,798,221,122,99,177,82,95,15,4,11,655,396,259,957,418,539,904,459,445,808,439,369,328,303,25,418,86,332,0,0,0,62,50,12,96,20,76,14,7,7,74,9,65,0,0,0,8,4,4,94,20,74,14,7,7,72,9,63,0,0,0,8,4,4,2,0,2,0,0,0,2,0,2,0,0,0,0,0,0,708,355,353
25,91,Mahabubnagar,Mahabubnagar,17,Devarkadara,575532,0000,VILLAGE,Gopanpalle,Rural,607,2946,1462,1484,351,194,157,303,147,156,8,5,3,1451,847,604,1495,615,880,1567,854,713,1154,658,496,291,189,102,545,222,323,18,12,6,300,235,65,413,196,217,35,17,18,276,105,171,9,6,3,93,68,25,202,91,111,28,13,15,127,42,85,3,2,1,44,34,10,211,105,106,7,4,3,149,63,86,6,4,2,49,34,15,1379,608,771
25,91,Mahabubnagar,Mahabubnagar,28,Koukuntla,575533,0000,VILLAGE,Puttapalle,Rural,216,999,514,485,138,70,68,63,31,32,20,10,10,428,262,166,571,252,319,495,288,207,206,130,76,33,23,10,106,56,50,4,2,2,63,49,14,289,158,131,59,35,24,167,81,86,8,5,3,55,37,18,75,44,31,31,19,12,14,8,6,4,2,2,26,15,11,214,114,100,28,16,12,153,73,80,4,3,1,29,22,7,504,226,278
25,91,Mahabubnagar,Mahabubnagar,28,Koukuntla,575534,0000,VILLAGE,Koukuntla,Rural,855,4442,2280,2162,547,318,229,432,217,215,7,2,5,2208,1337,871,2234,943,1291,2192,1269,923,1702,1065,637,321,260,61,880,416,464,42,22,20,459,367,92,490,204,286,8,7,1,308,92,216,12,7,5,162,98,64,477,197,280,8,7,1,300,88,212,11,6,5,158,96,62,13,7,6,0,0,0,8,4,4,1,1,0,4,2,2,2250,1011,1239
25,91,Mahabubnagar,Mahabubnagar,28,Koukuntla,575535,0000,VILLAGE,Isrampalli,Rural,250,1368,687,681,177,94,83,154,83,71,33,14,19,577,349,228,791,338,453,759,385,374,554,316,238,114,74,40,218,80,138,1,1,0,221,161,60,205,69,136,7,3,4,63,17,46,1,0,1,134,49,85,172,61,111,7,3,4,46,13,33,1,0,1,118,45,73,33,8,25,0,0,0,17,4,13,0,0,0,16,4,12,609,302,307
25,91,Mahabubnagar,Mahabubnagar,28,Koukuntla,575536,0000,VILLAGE,Rekulampalle,Rural,406,1980,1002,978,226,124,102,448,225,223,19,7,12,964,586,378,1016,416,600,1042,583,459,1037,580,457,354,212,142,470,199,271,24,17,7,189,152,37,5,3,2,0,0,0,1,1,0,0,0,0,4,2,2,5,3,2,0,0,0,1,1,0,0,0,0,4,2,2,0,0,0,0,0,0,0,0,0,0,0,0,0,0,0,938,419,519
25,91,Mahabubnagar,Mahabubnagar,28,Koukuntla,575537,0000,VILLAGE,Perur,Rural,560,2531,1314,1217,262,144,118,456,239,217,56,27,29,1318,827,491,1213,487,726,1238,738,500,982,579,403,227,173,54,431,159,272,25,14,11,299,233,66,256,159,97,23,17,6,56,15,41,6,4,2,171,123,48,219,142,77,21,16,5,47,14,33,6,4,2,145,108,37,37,17,20,2,1,1,9,1,8,0,0,0,26,15,11,1293,576,717
25,91,Mahabubnagar,Mahabubnagar,18,Addakal,575538,0000,VILLAGE,Muthyalampalle,Rural,155,803,412,391,95,36,59,79,38,41,6,3,3,384,245,139,419,167,252,418,259,159,416,258,158,70,42,28,152,68,84,4,3,1,190,145,45,2,1,1,0,0,0,1,1,0,0,0,0,1,0,1,2,1,1,0,0,0,1,1,0,0,0,0,1,0,1,0,0,0,0,0,0,0,0,0,0,0,0,0,0,0,385,153,232
25,91,Mahabubnagar,Mahabubnagar,18,Addakal,575539,0000,VILLAGE,Varne,Rural,272,1433,705,728,170,95,75,7,3,4,0,0,0,633,381,252,800,324,476,782,433,349,765,428,337,245,204,41,449,170,279,9,9,0,62,45,17,17,5,12,0,0,0,12,5,7,0,0,0,5,0,5,17,5,12,0,0,0,12,5,7,0,0,0,5,0,5,0,0,0,0,0,0,0,0,0,0,0,0,0,0,0,651,272,379
25,91,Mahabubnagar,Mahabubnagar,16,Mahabubnagar_Rural,575540,0000,VILLAGE,Ippalpalle,Rural,342,1736,871,865,275,143,132,372,199,173,0,0,0,692,438,254,1044,433,611,935,478,457,175,114,61,107,69,38,24,10,14,1,1,0,43,34,9,760,364,396,20,6,14,663,313,350,0,0,0,77,45,32,588,278,310,20,6,14,516,241,275,0,0,0,52,31,21,172,86,86,0,0,0,147,72,75,0,0,0,25,14,11,801,393,408
25,91,Mahabubnagar,Mahabubnagar,20,Bhoothpur,575541,0000,VILLAGE,Hasnapur,Rural,407,2024,1031,993,290,153,137,303,159,144,42,23,19,916,554,362,1108,477,631,1124,581,543,1081,566,515,411,232,179,476,165,311,45,40,5,149,129,20,43,15,28,1,1,0,31,6,25,4,3,1,7,5,2,41,14,27,0,0,0,31,6,25,4,3,1,6,5,1,2,1,1,1,1,0,0,0,0,0,0,0,1,0,1,900,450,450
25,91,Mahabubnagar,Mahabubnagar,20,Bhoothpur,575542,0000,VILLAGE,Amistapur,Rural,1400,6669,3297,3372,960,503,457,761,384,377,867,432,435,3370,1958,1412,3299,1339,1960,3259,1772,1487,2708,1546,1162,453,284,169,1187,455,732,41,25,16,1027,782,245,551,226,325,15,6,9,257,67,190,64,36,28,215,117,98,481,197,284,13,6,7,237,61,176,57,33,24,174,97,77,70,29,41,2,0,2,20,6,14,7,3,4,41,20,21,3410,1525,1885
25,91,Mahabubnagar,Mahabubnagar,20,Bhoothpur,575543,0000,VILLAGE,Bhoothpur,Rural,1331,6248,3161,3087,884,451,433,928,464,464,1117,565,552,3449,2012,1437,2799,1149,1650,2916,1654,1262,2259,1407,852,674,399,275,537,205,332,127,51,76,921,752,169,657,247,410,27,17,10,463,131,332,54,20,34,113,79,34,446,197,249,25,17,8,295,105,190,39,14,25,87,61,26,211,50,161,2,0,2,168,26,142,15,6,9,26,18,8,3332,1507,1825
25,91,Mahabubnagar,Mahabubnagar,20,Bhoothpur,575544,0000,VILLAGE,Tadparthy,Rural,337,1708,860,848,256,134,122,239,119,120,9,5,4,747,451,296,961,409,552,826,473,353,798,458,340,193,112,81,394,153,241,9,8,1,202,185,17,28,15,13,4,3,1,13,5,8,1,0,1,10,7,3,19,11,8,3,2,1,6,3,3,1,0,1,9,6,3,9,4,5,1,1,0,7,2,5,0,0,0,1,1,0,882,387,495
25,91,Mahabubnagar,Mahabubnagar,20,Bhoothpur,575545,0000,VILLAGE,Kothur,Rural,405,1840,922,918,323,170,153,349,180,169,909,459,450,670,421,249,1170,501,669,994,506,488,793,458,335,400,248,152,216,77,139,0,0,0,177,133,44,201,48,153,21,9,12,151,19,132,0,0,0,29,20,9,173,38,135,20,9,11,126,11,115,0,0,0,27,18,9,28,10,18,1,0,1,25,8,17,0,0,0,2,2,0,846,416,430
25,91,Mahabubnagar,Mahabubnagar,20,Bhoothpur,575546,0000,VILLAGE,Karvena,Rural,1067,5005,2534,2471,697,350,347,586,300,286,1179,582,597,2124,1271,853,2881,1263,1618,2511,1409,1102,1721,1045,676,458,345,113,860,402,458,9,8,1,394,290,104,790,364,426,19,7,12,714,319,395,4,2,2,53,36,17,746,344,402,15,6,9,680,304,376,3,2,1,48,32,16,44,20,24,4,1,3,34,15,19,1,0,1,5,4,1,2494,1125,1369
25,91,Mahabubnagar,Mahabubnagar,20,Bhoothpur,575547,0000,VILLAGE,Kothamolgara,Rural,472,2202,1115,1087,282,150,132,370,184,186,30,15,15,1134,706,428,1068,409,659,1162,643,519,1144,638,506,353,205,148,438,139,299,5,3,2,348,291,57,18,5,13,4,0,4,5,0,5,3,1,2,6,4,2,11,4,7,0,0,0,3,0,3,3,1,2,5,3,2,7,1,6,4,0,4,2,0,2,0,0,0,1,1,0,1040,472,568
25,91,Mahabubnagar,Mahabubnagar,20,Bhoothpur,575548,0000,VILLAGE,Gopalapur,Rural,193,1021,537,484,135,74,61,84,45,39,236,118,118,530,342,188,491,195,296,564,306,258,553,300,253,99,57,42,323,141,182,10,8,2,121,94,27,11,6,5,0,0,0,2,1,1,0,0,0,9,5,4,11,6,5,0,0,0,2,1,1,0,0,0,9,5,4,0,0,0,0,0,0,0,0,0,0,0,0,0,0,0,457,231,226
25,91,Mahabubnagar,Mahabubnagar,20,Bhoothpur,575549,0000,VILLAGE,Pothulamadugu,Rural,593,2686,1350,1336,320,164,156,784,395,389,142,77,65,1233,743,490,1453,607,846,1440,764,676,1422,758,664,402,228,174,704,304,400,20,17,3,296,209,87,18,6,12,3,2,1,6,1,5,1,0,1,8,3,5,17,6,11,3,2,1,6,1,5,1,0,1,7,3,4,1,0,1,0,0,0,0,0,0,0,0,0,1,0,1,1246,586,660
25,91,Mahabubnagar,Mahabubnagar,20,Bhoothpur,575550,0000,VILLAGE,Annasagar,Rural,550,2421,1236,1185,311,150,161,394,190,204,14,7,7,1199,754,445,1222,482,740,1295,719,576,929,546,383,345,191,154,405,212,193,43,30,13,136,113,23,366,173,193,10,3,7,334,156,178,9,7,2,13,7,6,332,172,160,8,3,5,303,155,148,9,7,2,12,7,5,34,1,33,2,0,2,31,1,30,0,0,0,1,0,1,1126,517,609
25,91,Mahabubnagar,Mahabubnagar,20,Bhoothpur,575551,0000,VILLAGE,Tadikonda,Rural,940,4760,2409,2351,599,315,284,662,325,337,35,16,19,2123,1288,835,2637,1121,1516,2411,1323,1088,2100,1162,938,278,199,79,1004,321,683,15,11,4,803,631,172,311,161,150,15,11,4,163,49,114,15,11,4,118,90,28,301,156,145,14,10,4,160,49,111,15,11,4,112,86,26,10,5,5,1,1,0,3,0,3,0,0,0,6,4,2,2349,1086,1263
25,91,Mahabubnagar,Mahabubnagar,20,Bhoothpur,575552,0000,VILLAGE,Ravulapalle,Rural,159,736,373,363,108,60,48,287,137,150,0,0,0,386,220,166,350,153,197,424,223,201,423,223,200,108,69,39,307,147,160,0,0,0,8,7,1,1,0,1,0,0,0,1,0,1,0,0,0,0,0,0,1,0,1,0,0,0,1,0,1,0,0,0,0,0,0,0,0,0,0,0,0,0,0,0,0,0,0,0,0,0,312,150,162
25,91,Mahabubnagar,Mahabubnagar,20,Bhoothpur,575553,0000,VILLAGE,Kappeta,Rural,353,1668,851,817,234,135,99,296,153,143,10,4,6,825,514,311,843,337,506,877,470,407,573,350,223,165,109,56,176,52,124,1,1,0,231,188,43,304,120,184,19,9,10,234,79,155,8,5,3,43,27,16,289,116,173,18,9,9,220,75,145,8,5,3,43,27,16,15,4,11,1,0,1,14,4,10,0,0,0,0,0,0,791,381,410
25,91,Mahabubnagar,Mahabubnagar,20,Bhoothpur,575554,0000,VILLAGE,Pothmalgara,Rural,253,1171,593,578,141,74,67,311,153,158,15,7,8,606,354,252,565,239,326,617,350,267,616,350,266,132,105,27,373,154,219,1,1,0,110,90,20,1,0,1,0,0,0,1,0,1,0,0,0,0,0,0,1,0,1,0,0,0,1,0,1,0,0,0,0,0,0,0,0,0,0,0,0,0,0,0,0,0,0,0,0,0,554,243,311
25,91,Mahabubnagar,Mahabubnagar,20,Bhoothpur,575555,0000,VILLAGE,Maddigatla,Rural,683,3249,1648,1601,415,205,210,690,344,346,20,11,9,1569,952,617,1680,696,984,1987,1024,963,1305,684,621,529,274,255,618,296,322,5,1,4,153,113,40,682,340,342,79,41,38,420,208,212,16,5,11,167,86,81,675,339,336,78,41,37,416,207,209,16,5,11,165,86,79,7,1,6,1,0,1,4,1,3,0,0,0,2,0,2,1262,624,638
25,91,Mahabubnagar,Mahabubnagar,20,Bhoothpur,575556,0000,VILLAGE,Yelkicharla,Rural,985,4633,2356,2277,593,299,294,595,308,287,401,199,202,1924,1186,738,2709,1170,1539,2391,1276,1115,1730,1022,708,542,345,197,725,310,415,57,41,16,406,326,80,661,254,407,4,2,2,491,166,325,4,2,2,162,84,78,632,248,384,4,2,2,479,165,314,4,2,2,145,79,66,29,6,23,0,0,0,12,1,11,0,0,0,17,5,12,2242,1080,1162
25,91,Mahabubnagar,Mahabubnagar,19,Musapet,575776,0000,VILLAGE,Mohammed_Hussainpalle,Rural,412,1843,933,910,237,125,112,468,234,234,0,0,0,706,416,290,1137,517,620,1203,608,595,1145,573,572,72,44,28,982,469,513,10,3,7,81,57,24,58,35,23,6,6,0,16,8,8,0,0,0,36,21,15,51,33,18,4,4,0,16,8,8,0,0,0,31,21,10,7,2,5,2,2,0,0,0,0,0,0,0,5,0,5,640,325,315
25,91,Mahabubnagar,Mahabubnagar,19,Musapet,575792,0000,VILLAGE,Nandipeta,Rural,271,1410,725,685,189,102,87,137,67,70,0,0,0,670,405,265,740,320,420,853,463,390,590,333,257,211,113,98,142,54,88,11,10,1,226,156,70,263,130,133,65,33,32,131,56,75,0,0,0,67,41,26,263,130,133,65,33,32,131,56,75,0,0,0,67,41,26,0,0,0,0,0,0,0,0,0,0,0,0,0,0,0,557,262,295
25,91,Mahabubnagar,Mahabubnagar,19,Musapet,575793,0000,VILLAGE,Dasarapalle,Rural,163,1136,575,561,126,56,70,190,101,89,2,1,1,487,286,201,649,289,360,436,232,204,394,210,184,84,44,40,29,9,20,7,5,2,274,152,122,42,22,20,3,1,2,4,3,1,0,0,0,35,18,17,36,18,18,3,1,2,3,3,0,0,0,0,30,14,16,6,4,2,0,0,0,1,0,1,0,0,0,5,4,1,700,343,357
25,91,Mahabubnagar,Mahabubnagar,19,Musapet,575794,0000,VILLAGE,Vemula,Rural,776,3648,1836,1812,474,244,230,533,258,275,0,0,0,1603,959,644,2045,877,1168,1956,1055,901,1584,894,690,379,220,159,819,369,450,36,27,9,350,278,72,372,161,211,12,5,7,259,96,163,23,4,19,78,56,22,234,120,114,8,3,5,149,63,86,17,4,13,60,50,10,138,41,97,4,2,2,110,33,77,6,0,6,18,6,12,1692,781,911
25,91,Mahabubnagar,Mahabubnagar,18,Addakal,575795,0000,VILLAGE,Sankrapur,Rural,351,1871,972,899,278,138,140,244,128,116,390,202,188,763,481,282,1108,491,617,1038,551,487,1037,550,487,342,226,116,466,162,304,4,3,1,225,159,66,1,1,0,0,0,0,1,1,0,0,0,0,0,0,0,1,1,0,0,0,0,1,1,0,0,0,0,0,0,0,0,0,0,0,0,0,0,0,0,0,0,0,0,0,0,833,421,412
25,91,Mahabubnagar,Mahabubnagar,16,Mahabubnagar_Rural,575796,0000,VILLAGE,Gajulapeta,Rural,720,3339,1697,1642,449,228,221,375,188,187,5,1,4,1380,867,513,1959,830,1129,1910,1009,901,1892,1001,891,421,238,183,1022,441,581,44,24,20,405,298,107,18,8,10,2,2,0,8,3,5,0,0,0,8,3,5,18,8,10,2,2,0,8,3,5,0,0,0,8,3,5,0,0,0,0,0,0,0,0,0,0,0,0,0,0,0,1429,688,741
25,91,Mahabubnagar,Mahabubnagar,19,Musapet,575797,0000,VILLAGE,Polkampalli,Rural,571,2457,1214,1243,327,154,173,631,305,326,19,11,8,965,606,359,1492,608,884,1369,716,653,1019,553,466,266,167,99,481,203,278,7,6,1,265,177,88,350,163,187,33,18,15,244,94,150,0,0,0,73,51,22,349,162,187,33,18,15,244,94,150,0,0,0,72,50,22,1,1,0,0,0,0,0,0,0,0,0,0,1,1,0,1088,498,590
25,91,Mahabubnagar,Mahabubnagar,19,Musapet,575798,0000,VILLAGE,Thimmapur,Rural,223,961,480,481,135,65,70,51,23,28,0,0,0,446,262,184,515,218,297,549,286,263,533,278,255,66,53,13,380,156,224,7,2,5,80,67,13,16,8,8,1,0,1,6,4,2,1,0,1,8,4,4,9,4,5,1,0,1,2,1,1,1,0,1,5,3,2,7,4,3,0,0,0,4,3,1,0,0,0,3,1,2,412,194,218
25,91,Mahabubnagar,Mahabubnagar,19,Musapet,575799,0000,VILLAGE,Janampeta,Rural,828,4104,2069,2035,583,296,287,556,291,265,13,8,5,1972,1188,784,2132,881,1251,2103,1172,931,1649,943,706,278,200,78,974,398,576,33,20,13,364,325,39,454,229,225,16,8,8,260,84,176,14,10,4,164,127,37,364,167,197,13,7,6,245,79,166,11,8,3,95,73,22,90,62,28,3,1,2,15,5,10,3,2,1,69,54,15,2001,897,1104
25,91,Mahabubnagar,Mahabubnagar,19,Musapet,575800,0000,VILLAGE,Kankapur,Rural,53,278,134,144,47,27,20,0,0,0,276,132,144,113,61,52,165,73,92,133,61,72,132,61,71,7,7,0,81,23,58,0,0,0,44,31,13,1,0,1,0,0,0,1,0,1,0,0,0,0,0,0,0,0,0,0,0,0,0,0,0,0,0,0,0,0,0,1,0,1,0,0,0,1,0,1,0,0,0,0,0,0,145,73,72
25,91,Mahabubnagar,Mahabubnagar,19,Musapet,575801,0000,VILLAGE,Thunkinipur,Rural,186,895,450,445,142,66,76,269,131,138,0,0,0,317,205,112,578,245,333,522,271,251,491,260,231,60,54,6,225,68,157,3,1,2,203,137,66,31,11,20,3,2,1,19,3,16,0,0,0,9,6,3,24,7,17,3,2,1,15,2,13,0,0,0,6,3,3,7,4,3,0,0,0,4,1,3,0,0,0,3,3,0,373,179,194
25,91,Mahabubnagar,Mahabubnagar,19,Musapet,575802,0000,VILLAGE,Sankalamaddi,Rural,720,3557,1803,1754,428,230,198,629,299,330,3,2,1,2027,1200,827,1530,603,927,1846,995,851,1631,934,697,182,136,46,622,274,348,348,162,186,479,362,117,215,61,154,8,4,4,142,31,111,19,7,12,46,19,27,198,54,144,6,4,2,130,27,103,18,6,12,44,17,27,17,7,10,2,0,2,12,4,8,1,1,0,2,2,0,1711,808,903
25,91,Mahabubnagar,Mahabubnagar,19,Musapet,575803,0000,VILLAGE,Nijalapur,Rural,506,2658,1351,1307,336,172,164,119,64,55,6,3,3,1346,822,524,1312,529,783,1379,758,621,1364,745,619,115,96,19,429,93,336,6,3,3,814,553,261,15,13,2,1,1,0,6,4,2,0,0,0,8,8,0,15,13,2,1,1,0,6,4,2,0,0,0,8,8,0,0,0,0,0,0,0,0,0,0,0,0,0,0,0,0,1279,593,686
25,91,Mahabubnagar,Mahabubnagar,19,Musapet,575804,0000,VILLAGE,Komireddipalli,Rural,427,2103,1078,1025,239,130,109,322,165,157,18,9,9,1142,679,463,961,399,562,1215,655,560,1133,621,512,221,136,85,729,355,374,36,26,10,147,104,43,82,34,48,10,1,9,43,19,24,0,0,0,29,14,15,72,28,44,10,1,9,37,15,22,0,0,0,25,12,13,10,6,4,0,0,0,6,4,2,0,0,0,4,2,2,888,423,465
25,91,Mahabubnagar,Mahabubnagar,18,Addakal,575805,0000,VILLAGE,Ponakal,Rural,663,3288,1638,1650,420,219,201,514,237,277,50,30,20,1522,898,624,1766,740,1026,1807,963,844,1342,735,607,415,251,164,553,222,331,13,8,5,361,254,107,465,228,237,7,4,3,405,196,209,26,12,14,27,16,11,456,223,233,4,3,1,404,196,208,22,9,13,26,15,11,9,5,4,3,1,2,1,0,1,4,3,1,1,1,0,1481,675,806
25,91,Mahabubnagar,Mahabubnagar,18,Addakal,575806,0000,VILLAGE,Rachala,Rural,746,3772,1906,1866,502,256,246,764,395,369,24,13,11,1765,1071,694,2007,835,1172,1910,1059,851,1088,684,404,270,184,86,488,236,252,42,24,18,288,240,48,822,375,447,23,8,15,704,305,399,19,9,10,76,53,23,797,359,438,22,7,15,700,304,396,17,9,8,58,39,19,25,16,9,1,1,0,4,1,3,2,0,2,18,14,4,1862,847,1015
25,91,Mahabubnagar,Mahabubnagar,18,Addakal,575807,0000,VILLAGE,Gudibanda,Rural,412,2188,1108,1080,261,128,133,239,116,123,2,1,1,868,536,332,1320,572,748,1310,678,632,999,560,439,97,72,25,493,231,262,12,7,5,397,250,147,311,118,193,8,7,1,166,47,119,9,7,2,128,57,71,299,113,186,7,6,1,163,46,117,7,5,2,122,56,66,12,5,7,1,1,0,3,1,2,2,2,0,6,1,5,878,430,448
25,91,Mahabubnagar,Mahabubnagar,19,Musapet,575808,0000,VILLAGE,Shakapur,Rural,369,1880,938,942,254,125,129,209,102,107,16,6,10,963,574,389,917,364,553,940,535,405,720,480,240,167,144,23,202,48,154,23,21,2,328,267,61,220,55,165,9,2,7,106,14,92,15,5,10,90,34,56,209,51,158,8,1,7,100,13,87,15,5,10,86,32,54,11,4,7,1,1,0,6,1,5,0,0,0,4,2,2,940,403,537
25,91,Mahabubnagar,Mahabubnagar,18,Addakal,575809,0000,VILLAGE,Katavaram,Rural,231,1072,528,544,151,80,71,64,32,32,320,170,150,395,236,159,677,292,385,564,279,285,554,271,283,28,26,2,401,171,230,14,6,8,111,68,43,10,8,2,0,0,0,2,1,1,1,1,0,7,6,1,8,7,1,0,0,0,2,1,1,1,1,0,5,5,0,2,1,1,0,0,0,0,0,0,0,0,0,2,1,1,508,249,259
25,91,Mahabubnagar,Mahabubnagar,18,Addakal,575810,0000,VILLAGE,Addakal,Rural,944,4491,2290,2201,552,284,268,631,324,307,52,28,24,2356,1398,958,2135,892,1243,2106,1215,891,1928,1142,786,466,263,203,718,320,398,37,24,13,707,535,172,178,73,105,15,7,8,100,24,76,2,1,1,61,41,20,149,55,94,11,4,7,85,19,66,1,0,1,52,32,20,29,18,11,4,3,1,15,5,10,1,1,0,9,9,0,2385,1075,1310
25,91,Mahabubnagar,Mahabubnagar,18,Addakal,575811,0000,VILLAGE,Thimmaipalle,Rural,407,2152,1121,1031,395,221,174,84,43,41,1505,797,708,630,395,235,1522,726,796,1079,533,546,824,483,341,684,405,279,98,48,50,0,0,0,42,30,12,255,50,205,0,0,0,255,50,205,0,0,0,0,0,0,255,50,205,0,0,0,255,50,205,0,0,0,0,0,0,0,0,0,0,0,0,0,0,0,0,0,0,0,0,0,1073,588,485
25,91,Mahabubnagar,Mahabubnagar,18,Addakal,575812,0000,VILLAGE,Kandur,Rural,1036,5121,2549,2572,623,304,319,539,282,257,21,12,9,2299,1360,939,2822,1189,1633,2634,1436,1198,2343,1324,1019,347,235,112,1455,678,777,23,18,5,518,393,125,291,112,179,32,8,24,163,47,116,4,2,2,92,55,37,252,97,155,29,7,22,141,41,100,3,2,1,79,47,32,39,15,24,3,1,2,22,6,16,1,0,1,13,8,5,2487,1113,1374
25,91,Mahabubnagar,Mahabubnagar,08,Chinna_Chintha_Kunta,575813,0000,VILLAGE,Bandrepalle,Rural,509,2533,1273,1260,352,167,185,438,226,212,62,31,31,1119,709,410,1414,564,850,1313,710,603,1133,662,471,148,120,28,672,295,377,6,3,3,307,244,63,180,48,132,12,6,6,139,22,117,0,0,0,29,20,9,170,47,123,11,6,5,131,22,109,0,0,0,28,19,9,10,1,9,1,0,1,8,0,8,0,0,0,1,1,0,1220,563,657
25,91,Mahabubnagar,Mahabubnagar,08,Chinna_Chintha_Kunta,575814,0000,VILLAGE,Lalkota,Rural,614,2958,1496,1462,387,202,185,384,187,197,36,19,17,1190,716,474,1768,780,988,1614,883,731,1550,863,687,304,224,80,809,305,504,28,17,11,409,317,92,64,20,44,12,4,8,40,8,32,2,0,2,10,8,2,63,19,44,12,4,8,40,8,32,2,0,2,9,7,2,1,1,0,0,0,0,0,0,0,0,0,0,1,1,0,1344,613,731
25,91,Mahabubnagar,Mahabubnagar,08,Chinna_Chintha_Kunta,575815,0000,VILLAGE,Fareedpur,Rural,733,3527,1770,1757,478,257,221,461,226,235,608,308,300,1399,851,548,2128,919,1209,2031,1034,997,1992,1010,982,239,181,58,1126,433,693,191,46,145,436,350,86,39,24,15,0,0,0,3,0,3,3,1,2,33,23,10,26,13,13,0,0,0,3,0,3,2,0,2,21,13,8,13,11,2,0,0,0,0,0,0,1,1,0,12,10,2,1496,736,760
25,91,Mahabubnagar,Mahabubnagar,08,Chinna_Chintha_Kunta,575816,0000,VILLAGE,Pallamarri,Rural,342,1681,828,853,226,124,102,315,142,173,60,30,30,739,444,295,942,384,558,951,511,440,414,289,125,34,30,4,242,144,98,0,0,0,138,115,23,537,222,315,42,24,18,406,140,266,2,0,2,87,58,29,518,215,303,42,24,18,391,134,257,2,0,2,83,57,26,19,7,12,0,0,0,15,6,9,0,0,0,4,1,3,730,317,413
25,91,Mahabubnagar,Mahabubnagar,28,Koukuntla,575817,0000,VILLAGE,Mutchintala,Rural,543,2373,1185,1188,264,124,140,301,134,167,41,25,16,974,600,374,1399,585,814,1379,732,647,1361,721,640,564,302,262,557,266,291,58,19,39,182,134,48,18,11,7,1,0,1,13,8,5,0,0,0,4,3,1,13,7,6,1,0,1,9,5,4,0,0,0,3,2,1,5,4,1,0,0,0,4,3,1,0,0,0,1,1,0,994,453,541
25,91,Mahabubnagar,Mahabubnagar,08,Chinna_Chintha_Kunta,575818,0000,VILLAGE,Nellikondi,Rural,474,2278,1108,1170,233,114,119,508,229,279,101,47,54,1220,697,523,1058,411,647,1285,634,651,1152,593,559,161,102,59,503,221,282,192,69,123,296,201,95,133,41,92,17,6,11,60,16,44,27,7,20,29,12,17,132,41,91,17,6,11,59,16,43,27,7,20,29,12,17,1,0,1,0,0,0,1,0,1,0,0,0,0,0,0,993,474,519
25,91,Mahabubnagar,Mahabubnagar,08,Chinna_Chintha_Kunta,575819,0000,VILLAGE,Seetharampet,Rural,152,738,372,366,96,47,49,41,19,22,77,40,37,256,158,98,482,214,268,496,240,256,488,239,249,61,36,25,99,51,48,149,27,122,179,125,54,8,1,7,4,0,4,1,0,1,1,1,0,2,0,2,8,1,7,4,0,4,1,0,1,1,1,0,2,0,2,0,0,0,0,0,0,0,0,0,0,0,0,0,0,0,242,132,110
25,91,Mahabubnagar,Mahabubnagar,08,Chinna_Chintha_Kunta,575820,0000,VILLAGE,Damagnapur,Rural,435,1941,970,971,260,128,132,357,178,179,55,23,32,812,492,320,1129,478,651,1061,579,482,864,534,330,224,175,49,234,120,114,167,57,110,239,182,57,197,45,152,24,1,23,127,26,101,7,0,7,39,18,21,191,44,147,24,1,23,127,26,101,6,0,6,34,17,17,6,1,5,0,0,0,0,0,0,1,0,1,5,1,4,880,391,489
25,91,Mahabubnagar,Mahabubnagar,08,Chinna_Chintha_Kunta,575821,0000,VILLAGE,Waddemanu,Rural,528,2399,1143,1256,292,136,156,487,224,263,27,12,15,1275,737,538,1124,406,718,1312,658,654,1299,648,651,174,108,66,265,127,138,479,115,364,381,298,83,13,10,3,2,2,0,8,5,3,0,0,0,3,3,0,11,9,2,1,1,0,7,5,2,0,0,0,3,3,0,2,1,1,1,1,0,1,0,1,0,0,0,0,0,0,1087,485,602
25,91,Mahabubnagar,Mahabubnagar,28,Koukuntla,575822,0000,VILLAGE,Appampalle,Rural,542,2476,1243,1233,266,140,126,133,64,69,3,1,2,1215,741,474,1261,502,759,1413,747,666,1231,681,550,368,246,122,418,194,224,225,69,156,220,172,48,182,66,116,8,5,3,132,44,88,26,5,21,16,12,4,182,66,116,8,5,3,132,44,88,26,5,21,16,12,4,0,0,0,0,0,0,0,0,0,0,0,0,0,0,0,1063,496,567
25,91,Mahabubnagar,Mahabubnagar,28,Koukuntla,575823,0000,VILLAGE,Dasarpalle,Rural,240,1217,601,616,180,90,90,107,51,56,0,0,0,464,282,182,753,319,434,701,355,346,698,354,344,387,248,139,245,50,195,2,2,0,64,54,10,3,1,2,0,0,0,0,0,0,0,0,0,3,1,2,3,1,2,0,0,0,0,0,0,0,0,0,3,1,2,0,0,0,0,0,0,0,0,0,0,0,0,0,0,0,516,246,270
25,91,Mahabubnagar,Mahabubnagar,28,Koukuntla,575824,0000,VILLAGE,Thirumalapur,Rural,340,1529,738,791,182,104,78,2,0,2,6,2,4,716,429,287,813,309,504,874,427,447,855,416,439,175,127,48,341,138,203,183,33,150,156,118,38,19,11,8,2,0,2,6,3,3,1,1,0,10,7,3,18,10,8,2,0,2,5,2,3,1,1,0,10,7,3,1,1,0,0,0,0,1,1,0,0,0,0,0,0,0,655,311,344
25,91,Mahabubnagar,Mahabubnagar,08,Chinna_Chintha_Kunta,575825,0000,VILLAGE,Edulapur,Rural,186,863,425,438,95,51,44,17,12,5,9,6,3,470,293,177,393,132,261,495,243,252,488,239,249,100,52,48,164,76,88,169,61,108,55,50,5,7,4,3,0,0,0,0,0,0,0,0,0,7,4,3,7,4,3,0,0,0,0,0,0,0,0,0,7,4,3,0,0,0,0,0,0,0,0,0,0,0,0,0,0,0,368,182,186
25,91,Mahabubnagar,Mahabubnagar,08,Chinna_Chintha_Kunta,575826,0000,VILLAGE,Lakshmidevipur,Rural,33,108,54,54,5,3,2,83,42,41,0,0,0,58,37,21,50,17,33,70,34,36,0,0,0,0,0,0,0,0,0,0,0,0,0,0,0,70,34,36,0,0,0,70,34,36,0,0,0,0,0,0,69,34,35,0,0,0,69,34,35,0,0,0,0,0,0,1,0,1,0,0,0,1,0,1,0,0,0,0,0,0,38,20,18
25,91,Mahabubnagar,Mahabubnagar,08,Chinna_Chintha_Kunta,575827,0000,VILLAGE,Undyala,Rural,920,4356,2170,2186,561,285,276,1311,622,689,362,185,177,1666,1030,636,2690,1140,1550,2537,1311,1226,2137,1127,1010,235,175,60,789,411,378,620,162,458,493,379,114,400,184,216,10,6,4,271,135,136,101,35,66,18,8,10,385,177,208,10,6,4,262,129,133,96,35,61,17,7,10,15,7,8,0,0,0,9,6,3,5,0,5,1,1,0,1819,859,960
25,91,Mahabubnagar,Mahabubnagar,08,Chinna_Chintha_Kunta,575828,0000,VILLAGE,Gudur,Rural,207,915,444,471,123,54,69,377,179,198,3,2,1,389,237,152,526,207,319,496,249,247,496,249,247,48,34,14,249,145,104,146,30,116,53,40,13,0,0,0,0,0,0,0,0,0,0,0,0,0,0,0,0,0,0,0,0,0,0,0,0,0,0,0,0,0,0,0,0,0,0,0,0,0,0,0,0,0,0,0,0,0,419,195,224
25,91,Mahabubnagar,Mahabubnagar,08,Chinna_Chintha_Kunta,575829,0000,VILLAGE,Ammapur,Rural,447,2189,1085,1104,258,136,122,2,1,1,40,21,19,969,588,381,1220,497,723,1214,616,598,829,469,360,87,65,22,288,135,153,142,28,114,312,241,71,385,147,238,2,1,1,243,81,162,40,6,34,100,59,41,382,145,237,2,1,1,243,81,162,39,5,34,98,58,40,3,2,1,0,0,0,0,0,0,1,1,0,2,1,1,975,469,506
25,91,Mahabubnagar,Mahabubnagar,08,Chinna_Chintha_Kunta,575830,0000,VILLAGE,Kurumurthy,Rural,435,2110,1033,1077,272,148,124,511,252,259,12,6,6,937,558,379,1173,475,698,1185,581,604,1140,554,586,312,173,139,182,82,100,394,113,281,252,186,66,45,27,18,10,6,4,9,4,5,8,3,5,18,14,4,45,27,18,10,6,4,9,4,5,8,3,5,18,14,4,0,0,0,0,0,0,0,0,0,0,0,0,0,0,0,925,452,473
25,91,Mahabubnagar,Mahabubnagar,08,Chinna_Chintha_Kunta,575831,0000,VILLAGE,Maddur,Rural,398,1917,943,974,234,114,120,467,232,235,23,12,11,782,497,285,1135,446,689,1118,578,540,946,512,434,157,112,45,287,129,158,302,103,199,200,168,32,172,66,106,14,7,7,66,34,32,80,19,61,12,6,6,151,59,92,8,3,5,63,32,31,69,18,51,11,6,5,21,7,14,6,4,2,3,2,1,11,1,10,1,0,1,799,365,434
25,91,Mahabubnagar,Mahabubnagar,08,Chinna_Chintha_Kunta,575832,0000,VILLAGE,Allipur,Rural,302,1362,653,709,207,99,108,148,71,77,52,26,26,500,307,193,862,346,516,760,370,390,410,206,204,89,64,25,177,53,124,21,5,16,123,84,39,350,164,186,11,6,5,151,54,97,81,18,63,107,86,21,343,159,184,9,5,4,148,52,96,81,18,63,105,84,21,7,5,2,2,1,1,3,2,1,0,0,0,2,2,0,602,283,319
25,91,Mahabubnagar,Mahabubnagar,18,Addakal,576025,0000,VILLAGE,Peddamungalachedu,Rural,285,1201,574,627,138,67,71,201,96,105,7,1,6,691,393,298,510,181,329,594,339,255,571,331,240,131,80,51,184,56,128,10,6,4,246,189,57,23,8,15,4,0,4,9,3,6,0,0,0,10,5,5,16,3,13,4,0,4,7,1,6,0,0,0,5,2,3,7,5,2,0,0,0,2,2,0,0,0,0,5,3,2,607,235,372
25,91,Mahabubnagar,Mahabubnagar,18,Addakal,576026,0000,VILLAGE,Chinnamungalachedu,Rural,149,770,390,380,106,51,55,193,105,88,8,5,3,285,183,102,485,207,278,404,205,199,399,204,195,39,25,14,265,110,155,1,1,0,94,68,26,5,1,4,0,0,0,2,0,2,0,0,0,3,1,2,3,0,3,0,0,0,1,0,1,0,0,0,2,0,2,2,1,1,0,0,0,1,0,1,0,0,0,1,1,0,366,185,181
25,91,Mahabubnagar,Mahabubnagar,18,Addakal,576027,0000,VILLAGE,Kanmanoor,Rural,269,1471,729,742,175,83,92,256,130,126,8,3,5,805,475,330,666,254,412,883,453,430,842,439,403,80,48,32,592,278,314,36,15,21,134,98,36,41,14,27,2,1,1,27,8,19,1,0,1,11,5,6,40,14,26,2,1,1,26,8,18,1,0,1,11,5,6,1,0,1,0,0,0,1,0,1,0,0,0,0,0,0,588,276,312
25,91,Mahabubnagar,Mahabubnagar,18,Addakal,576028,0000,VILLAGE,Baleedupalle,Rural,336,1591,817,774,190,99,91,495,252,243,6,2,4,717,464,253,874,353,521,875,481,394,861,473,388,95,62,33,642,318,324,19,10,9,105,83,22,14,8,6,2,1,1,5,2,3,0,0,0,7,5,2,9,5,4,0,0,0,5,2,3,0,0,0,4,3,1,5,3,2,2,1,1,0,0,0,0,0,0,3,2,1,716,336,380
25,91,Mahabubnagar,Mahabubnagar,25,Jadcherla,575384,0001,WARD,Jadcherla,Urban,3731,17958,9083,8875,2251,1139,1112,1600,805,795,800,513,287,11820,6618,5202,6138,2465,3673,6994,4663,2331,6173,4223,1950,327,235,92,1017,415,602,339,155,184,4490,3418,1072,821,440,381,15,7,8,111,35,76,60,28,32,635,370,265,647,335,312,15,7,8,95,27,68,47,22,25,490,279,211,174,105,69,0,0,0,16,8,8,13,6,7,145,91,54,10964,4420,6544
25,91,Mahabubnagar,Mahabubnagar,25,Jadcherla,575385,0001,WARD,Badepalle,Urban,6957,32598,16329,16269,3723,1914,1809,3429,1728,1701,658,314,344,23122,12651,10471,9476,3678,5798,11904,8556,3348,10718,7876,2842,363,272,91,1542,724,818,277,202,75,8536,6678,1858,1186,680,506,30,18,12,168,70,98,41,19,22,947,573,374,960,563,397,22,11,11,144,65,79,33,17,16,761,470,291,226,117,109,8,7,1,24,5,19,8,2,6,186,103,83,20694,7773,12921
25,91,Mahabubnagar,Mahabubnagar,21,Mahabubnagar_Urban,575402,0001,WARD,Boyapalle,Urban,1939,9247,4613,4634,1261,657,604,1344,661,683,1962,995,967,4229,2460,1769,5018,2153,2865,4189,2507,1682,3841,2348,1493,333,219,114,644,210,434,131,99,32,2733,1820,913,348,159,189,12,6,6,134,29,105,8,3,5,194,121,73,326,152,174,11,5,6,123,29,94,8,3,5,184,115,69,22,7,15,1,1,0,11,0,11,0,0,0,10,6,4,5058,2106,2952
25,91,Mahabubnagar,Mahabubnagar,21,Mahabubnagar_Urban,575403,0001,WARD,Yenugonda,Urban,2119,10611,5331,5280,1176,590,586,1264,615,649,495,245,250,7609,4185,3424,3002,1146,1856,4023,2672,1351,3783,2572,1211,374,233,141,574,254,320,43,26,17,2792,2059,733,240,100,140,7,2,5,15,8,7,8,3,5,210,87,123,228,94,134,7,2,5,11,7,4,8,3,5,202,82,120,12,6,6,0,0,0,4,1,3,0,0,0,8,5,3,6588,2659,3929
25,91,Mahabubnagar,Mahabubnagar,08,Chinna_Chintha_Kunta,575835,0001,WARD,Chinna_Chintha_Kunta,Urban,1184,5637,2701,2936,695,344,351,1083,517,566,40,19,21,3190,1812,1378,2447,889,1558,3047,1528,1519,2891,1450,1441,116,91,25,211,127,84,1425,347,1078,1139,885,254,156,78,78,21,5,16,5,2,3,18,4,14,112,67,45,144,70,74,21,5,16,5,2,3,17,4,13,101,59,42,12,8,4,0,0,0,0,0,0,1,0,1,11,8,3,2590,1173,1417
25,91,Mahabubnagar,Mahabubnagar,21,Mahabubnagar_Urban,802922,0001,WARD,Mahbubnagar,Urban,13564,68733,34183,34550,7868,4051,3817,4917,2290,2627,1082,537,545,50984,27067,23917,17749,7116,10633,24655,17427,7228,21630,16026,5604,217,177,40,308,170,138,722,366,356,20383,15313,5070,3025,1401,1624,28,15,13,78,35,43,157,51,106,2762,1300,1462,2733,1257,1476,28,15,13,73,33,40,130,43,87,2502,1166,1336,292,144,148,0,0,0,5,2,3,27,8,19,260,134,126,44078,16756,27322
25,91,Mahabubnagar,Mahabubnagar,21,Mahabubnagar_Urban,802922,0002,WARD,Mahbubnagar,Urban,1297,6671,3408,3263,666,356,310,384,196,188,59,24,35,5283,2846,2437,1388,562,826,2403,1781,622,1905,1496,409,6,6,0,12,10,2,96,71,25,1791,1409,382,498,285,213,5,2,3,5,5,0,10,4,6,478,274,204,494,282,212,5,2,3,5,5,0,10,4,6,474,271,203,4,3,1,0,0,0,0,0,0,0,0,0,4,3,1,4268,1627,2641
25,91,Mahabubnagar,Mahabubnagar,21,Mahabubnagar_Urban,802922,0003,WARD,Mahbubnagar,Urban,4238,22530,11384,11146,2652,1392,1260,990,473,517,184,95,89,16124,8822,7302,6406,2562,3844,7672,5649,2023,6657,5142,1515,86,54,32,143,70,73,203,106,97,6225,4912,1313,1015,507,508,16,9,7,42,5,37,50,23,27,907,470,437,872,419,453,11,6,5,39,4,35,37,16,21,785,393,392,143,88,55,5,3,2,3,1,2,13,7,6,122,77,45,14858,5735,9123
25,91,Mahabubnagar,Mahabubnagar,21,Mahabubnagar_Urban,802922,0004,WARD,Mahbubnagar,Urban,2478,12175,6109,6066,1328,682,646,221,104,117,6,3,3,9409,5005,4404,2766,1104,1662,4088,3168,920,3634,2932,702,53,41,12,95,47,48,73,42,31,3413,2802,611,454,236,218,10,7,3,26,13,13,7,5,2,411,211,200,443,229,214,10,7,3,25,13,12,7,5,2,401,204,197,11,7,4,0,0,0,1,0,1,0,0,0,10,7,3,8087,2941,5146
25,91,Mahabubnagar,Mahabubnagar,21,Mahabubnagar_Urban,802922,0005,WARD,Mahbubnagar,Urban,2987,15745,8011,7734,1877,1006,871,1598,776,822,42,18,24,11138,6121,5017,4607,1890,2717,5299,3921,1378,4406,3425,981,41,31,10,291,179,112,142,93,49,3932,3122,810,893,496,397,16,8,8,107,44,63,86,26,60,684,418,266,704,348,356,15,7,8,71,17,54,74,18,56,544,306,238,189,148,41,1,1,0,36,27,9,12,8,4,140,112,28,10446,4090,6356
25,91,Mahabubnagar,Mahabubnagar,21,Mahabubnagar_Urban,802922,0006,WARD,Mahbubnagar,Urban,2093,10515,5292,5223,1369,719,650,481,244,237,54,30,24,7201,3930,3271,3314,1362,1952,3361,2553,808,2923,2267,656,40,29,11,44,21,23,203,92,111,2636,2125,511,438,286,152,3,2,1,25,14,11,32,19,13,378,251,127,302,172,130,3,2,1,18,11,7,18,11,7,263,148,115,136,114,22,0,0,0,7,3,4,14,8,6,115,103,12,7154,2739,4415
25,91,Mahabubnagar,Mahabubnagar,21,Mahabubnagar_Urban,802922,0007,WARD,Mahbubnagar,Urban,2087,10385,5261,5124,1034,539,495,1284,737,547,222,126,96,8182,4370,3812,2203,891,1312,3392,2441,951,3188,2333,855,50,47,3,39,19,20,43,33,10,3056,2234,822,204,108,96,2,2,0,4,1,3,9,5,4,189,100,89,174,94,80,2,2,0,3,1,2,8,5,3,161,86,75,30,14,16,0,0,0,1,0,1,1,0,1,28,14,14,6993,2820,4173
25,91,Mahabubnagar,Mahabubnagar,21,Mahabubnagar_Urban,802922,0008,WARD,Mahbubnagar,Urban,2401,10979,5529,5450,1219,647,572,563,285,278,201,109,92,8985,4669,4316,1994,860,1134,3921,2740,1181,3479,2487,992,77,59,18,62,34,28,342,169,173,2998,2225,773,442,253,189,12,7,5,8,3,5,26,12,14,396,231,165,422,245,177,12,7,5,2,1,1,15,8,7,393,229,164,20,8,12,0,0,0,6,2,4,11,4,7,3,2,1,7058,2789,4269
25,91,Mahabubnagar,Mahabubnagar,21,Mahabubnagar_Urban,575404,0009,WARD,Mahabubnagar,Urban,4991,24649,12895,11754,2592,1316,1276,1647,850,797,1625,922,703,18282,10401,7881,6367,2494,3873,8439,6049,2390,7436,5495,1941,330,211,119,273,113,160,130,88,42,6703,5083,1620,1003,554,449,42,24,18,87,17,70,23,10,13,851,503,348,933,515,418,38,21,17,68,12,56,20,8,12,807,474,333,70,39,31,4,3,1,19,5,14,3,2,1,44,29,15,16210,6846,9364
25,91,Mahabubnagar,Mahabubnagar,21,Mahabubnagar_Urban,575390,0010,WARD,Yedira,Urban,1750,8018,4070,3948,1004,511,493,1002,504,498,85,45,40,5051,2914,2137,2967,1156,1811,3651,2223,1428,3205,2011,1194,466,288,178,757,280,477,59,33,26,1923,1410,513,446,212,234,40,21,19,88,23,65,22,11,11,296,157,139,385,184,201,36,19,17,75,20,55,15,8,7,259,137,122,61,28,33,4,2,2,13,3,10,7,3,4,37,20,17,4367,1847,2520