DISTRICT_CODE,DIVISION_CODE,DIVISION_NAME,Name_District,Mandal_Code,Name_Mandal,Village_Code,Ward,Level1,VName,TRU,No_HH,TOT_P,TOT_M,TOT_F,P_06,M_06,F_06,P_SC,M_SC,F_SC,P_ST,M_ST,F_ST,P_LIT,M_LIT,F_LIT,P_ILL,M_ILL,F_ILL,TOT_WORK_P,TOT_WORK_M,TOT_WORK_F,MAINWORK_P,MAINWORK_M,MAINWORK_F,MAIN_CL_P,MAIN_CL_M,MAIN_CL_F,MAIN_AL_P,MAIN_AL_M,MAIN_AL_F,MAIN_HH_P,MAIN_HH_M,MAIN_HH_F,MAIN_OT_P,MAIN_OT_M,MAIN_OT_F,MARGWORK_P,MARGWORK_M,MARGWORK_F,MARG_CL_P,MARG_CL_M,MARG_CL_F,MARG_AL_P,MARG_AL_M,MARG_AL_F,MARG_HH_P,MARG_HH_M,MARG_HH_F,MARG_OT_P,MARG_OT_M,MARG_OT_F,MARGWORK_3_6_P,MARGWORK_3_6_M,MARGWORK_3_6_F,MARG_CL_3_6_P,MARG_CL_3_6_M,MARG_CL_3_6_F,MARG_AL_3_6_P,MARG_AL_3_6_M,MARG_AL_3_6_F,MARG_HH_3_6_P,MARG_HH_3_6_M,MARG_HH_3_6_F,MARG_OT_3_6_P,MARG_OT_3_6_M,MARG_OT_3_6_F,MARGWORK_0_3_P,MARGWORK_0_3_M,MARGWORK_0_3_F,MARG_CL_0_3_P,MARG_CL_0_3_M,MARG_CL_0_3_F,MARG_AL_0_3_P,MARG_AL_0_3_M,MARG_AL_0_3_F,MARG_HH_0_3_P,MARG_HH_0_3_M,MARG_HH_0_3_F,MARG_OT_0_3_P,MARG_OT_0_3_M,MARG_OT_0_3_F,NON_WORK_P,NON_WORK_M,NON_WORK_F
03,92,Bellampalle,Mancherial,07,Bheemini,569809,0000,VILLAGE,Karjibheempur,Rural,191,726,372,354,75,44,31,69,36,33,8,5,3,329,191,138,397,181,216,483,251,232,402,213,189,88,58,30,234,120,114,68,30,38,12,5,7,81,38,43,8,7,1,34,14,20,25,11,14,14,6,8,79,37,42,8,7,1,33,13,20,25,11,14,13,6,7,2,1,1,0,0,0,1,1,0,0,0,0,1,0,1,243,121,122
03,92,Bellampalle,Mancherial,07,Bheemini,569810,0000,VILLAGE,Akkalapalle,Rural,114,464,239,225,59,33,26,237,131,106,207,102,105,181,111,70,283,128,155,290,141,149,274,137,137,61,48,13,207,85,122,0,0,0,6,4,2,16,4,12,2,1,1,14,3,11,0,0,0,0,0,0,15,4,11,2,1,1,13,3,10,0,0,0,0,0,0,1,0,1,0,0,0,1,0,1,0,0,0,0,0,0,174,98,76
03,92,Bellampalle,Mancherial,07,Bheemini,569811,0000,VILLAGE,Laxmipur,Rural,124,528,269,259,82,41,41,149,73,76,0,0,0,203,114,89,325,155,170,276,145,131,232,126,106,146,80,66,65,31,34,2,1,1,19,14,5,44,19,25,2,1,1,41,17,24,0,0,0,1,1,0,43,19,24,2,1,1,40,17,23,0,0,0,1,1,0,1,0,1,0,0,0,1,0,1,0,0,0,0,0,0,252,124,128
03,92,Bellampalle,Mancherial,07,Bheemini,569812,0000,VILLAGE,Wadal,Rural,233,873,431,442,122,61,61,246,133,113,60,32,28,318,192,126,555,239,316,436,225,211,416,216,200,252,125,127,98,41,57,0,0,0,66,50,16,20,9,11,2,2,0,18,7,11,0,0,0,0,0,0,20,9,11,2,2,0,18,7,11,0,0,0,0,0,0,0,0,0,0,0,0,0,0,0,0,0,0,0,0,0,437,206,231
03,92,Bellampalle,Mancherial,07,Bheemini,569813,0000,VILLAGE,Pedda_Gudipet,Rural,31,107,52,55,14,6,8,5,4,1,0,0,0,48,27,21,59,25,34,50,36,14,11,8,3,0,0,0,7,5,2,0,0,0,4,3,1,39,28,11,32,23,9,7,5,2,0,0,0,0,0,0,39,28,11,32,23,9,7,5,2,0,0,0,0,0,0,0,0,0,0,0,0,0,0,0,0,0,0,0,0,0,57,16,41
03,92,Bellampalle,Mancherial,08,Kannepalli,569814,0000,VILLAGE,Surjapur,Rural,273,917,451,466,99,49,50,339,168,171,23,11,12,333,188,145,584,263,321,549,277,272,434,228,206,201,111,90,184,86,98,8,6,2,41,25,16,115,49,66,2,0,2,104,45,59,1,0,1,8,4,4,114,49,65,2,0,2,103,45,58,1,0,1,8,4,4,1,0,1,0,0,0,1,0,1,0,0,0,0,0,0,368,174,194
03,92,Bellampalle,Mancherial,08,Kannepalli,569815,0000,VILLAGE,Babapur,Rural,19,60,26,34,5,1,4,5,3,2,1,0,1,18,10,8,42,16,26,38,17,21,36,16,20,21,10,11,13,5,8,0,0,0,2,1,1,2,1,1,1,1,0,1,0,1,0,0,0,0,0,0,1,1,0,1,1,0,0,0,0,0,0,0,0,0,0,1,0,1,0,0,0,1,0,1,0,0,0,0,0,0,22,9,13
03,92,Bellampalle,Mancherial,07,Bheemini,569816,0000,VILLAGE,Rajaram,Rural,59,225,120,105,19,11,8,168,89,79,57,31,26,90,58,32,135,62,73,110,67,43,13,10,3,0,0,0,3,3,0,0,0,0,10,7,3,97,57,40,84,52,32,13,5,8,0,0,0,0,0,0,97,57,40,84,52,32,13,5,8,0,0,0,0,0,0,0,0,0,0,0,0,0,0,0,0,0,0,0,0,0,115,53,62
03,92,Bellampalle,Mancherial,07,Bheemini,569817,0000,VILLAGE,Peddapeta,Rural,121,523,259,264,78,39,39,74,38,36,0,0,0,177,97,80,346,162,184,330,159,171,48,40,8,33,32,1,1,1,0,5,2,3,9,5,4,282,119,163,12,5,7,269,114,155,1,0,1,0,0,0,280,118,162,11,4,7,268,114,154,1,0,1,0,0,0,2,1,1,1,1,0,1,0,1,0,0,0,0,0,0,193,100,93
03,92,Bellampalle,Mancherial,07,Bheemini,569818,0000,VILLAGE,Bheemini,Rural,602,2436,1240,1196,279,162,117,422,221,201,130,66,64,894,519,375,1542,721,821,1198,694,504,686,539,147,356,247,109,90,81,9,4,4,0,236,207,29,512,155,357,12,7,5,480,136,344,0,0,0,20,12,8,480,150,330,10,6,4,451,133,318,0,0,0,19,11,8,32,5,27,2,1,1,29,3,26,0,0,0,1,1,0,1238,546,692
03,92,Bellampalle,Mancherial,07,Bheemini,569821,0000,VILLAGE,Bitturpalle,Rural,129,519,267,252,76,42,34,136,73,63,0,0,0,251,147,104,268,120,148,251,155,96,240,152,88,81,55,26,107,56,51,0,0,0,52,41,11,11,3,8,2,1,1,9,2,7,0,0,0,0,0,0,7,3,4,2,1,1,5,2,3,0,0,0,0,0,0,4,0,4,0,0,0,4,0,4,0,0,0,0,0,0,268,112,156
03,92,Bellampalle,Mancherial,07,Bheemini,569822,0000,VILLAGE,Mallidi,Rural,295,1142,588,554,161,69,92,249,129,120,72,33,39,476,302,174,666,286,380,571,323,248,568,322,246,239,143,96,253,116,137,11,6,5,65,57,8,3,1,2,0,0,0,3,1,2,0,0,0,0,0,0,2,0,2,0,0,0,2,0,2,0,0,0,0,0,0,1,1,0,0,0,0,1,1,0,0,0,0,0,0,0,571,265,306
03,92,Bellampalle,Mancherial,07,Bheemini,569823,0000,VILLAGE,Venkatapur,Rural,243,918,466,452,101,49,52,140,63,77,1,1,0,357,203,154,561,263,298,528,313,215,528,313,215,408,244,164,113,65,48,0,0,0,7,4,3,0,0,0,0,0,0,0,0,0,0,0,0,0,0,0,0,0,0,0,0,0,0,0,0,0,0,0,0,0,0,0,0,0,0,0,0,0,0,0,0,0,0,0,0,0,390,153,237
03,92,Bellampalle,Mancherial,08,Kannepalli,569824,0000,VILLAGE,Lingapur,Rural,81,271,146,125,22,16,6,0,0,0,0,0,0,119,76,43,152,70,82,111,71,40,111,71,40,73,62,11,28,1,27,0,0,0,10,8,2,0,0,0,0,0,0,0,0,0,0,0,0,0,0,0,0,0,0,0,0,0,0,0,0,0,0,0,0,0,0,0,0,0,0,0,0,0,0,0,0,0,0,0,0,0,160,75,85
03,92,Bellampalle,Mancherial,08,Kannepalli,569826,0000,VILLAGE,Gollaghat,Rural,137,517,283,234,66,45,21,98,54,44,0,0,0,189,119,70,328,164,164,272,145,127,269,144,125,92,58,34,150,69,81,16,8,8,11,9,2,3,1,2,1,0,1,2,1,1,0,0,0,0,0,0,2,0,2,1,0,1,1,0,1,0,0,0,0,0,0,1,1,0,0,0,0,1,1,0,0,0,0,0,0,0,245,138,107
03,92,Bellampalle,Mancherial,07,Bheemini,569827,0000,VILLAGE,Veegaon,Rural,386,1696,870,826,237,125,112,305,164,141,26,14,12,580,354,226,1116,516,600,893,483,410,886,479,407,82,49,33,530,204,326,50,38,12,224,188,36,7,4,3,0,0,0,5,2,3,0,0,0,2,2,0,2,1,1,0,0,0,1,0,1,0,0,0,1,1,0,5,3,2,0,0,0,4,2,2,0,0,0,1,1,0,803,387,416
03,92,Bellampalle,Mancherial,08,Kannepalli,569828,0000,VILLAGE,Polampalle,Rural,125,522,265,257,56,33,23,193,95,98,0,0,0,234,129,105,288,136,152,394,197,197,264,137,127,197,115,82,51,13,38,0,0,0,16,9,7,130,60,70,95,48,47,34,12,22,0,0,0,1,0,1,24,10,14,4,1,3,19,9,10,0,0,0,1,0,1,106,50,56,91,47,44,15,3,12,0,0,0,0,0,0,128,68,60
03,92,Bellampalle,Mancherial,08,Kannepalli,569829,0000,VILLAGE,Shiknam,Rural,52,260,132,128,22,14,8,15,7,8,0,0,0,92,54,38,168,78,90,176,93,83,134,79,55,47,46,1,77,23,54,0,0,0,10,10,0,42,14,28,0,0,0,39,11,28,0,0,0,3,3,0,42,14,28,0,0,0,39,11,28,0,0,0,3,3,0,0,0,0,0,0,0,0,0,0,0,0,0,0,0,0,84,39,45
03,92,Bellampalle,Mancherial,07,Bheemini,569831,0000,VILLAGE,Rampur,Rural,128,502,251,251,66,30,36,279,138,141,3,1,2,202,117,85,300,134,166,332,174,158,168,124,44,115,105,10,34,7,27,2,1,1,17,11,6,164,50,114,5,2,3,156,46,110,0,0,0,3,2,1,162,48,114,4,1,3,155,45,110,0,0,0,3,2,1,2,2,0,1,1,0,1,1,0,0,0,0,0,0,0,170,77,93
03,92,Bellampalle,Mancherial,08,Kannepalli,569832,0000,VILLAGE,Tekulapalle,Rural,185,724,358,366,94,44,50,167,82,85,3,2,1,235,138,97,489,220,269,346,204,142,325,199,126,80,77,3,176,68,108,6,6,0,63,48,15,21,5,16,0,0,0,13,1,12,0,0,0,8,4,4,20,5,15,0,0,0,12,1,11,0,0,0,8,4,4,1,0,1,0,0,0,1,0,1,0,0,0,0,0,0,378,154,224
03,92,Bellampalle,Mancherial,08,Kannepalli,569833,0000,VILLAGE,Jankapur,Rural,344,1292,634,658,131,60,71,627,307,320,79,37,42,637,359,278,655,275,380,638,352,286,340,253,87,150,132,18,105,55,50,3,2,1,82,64,18,298,99,199,2,1,1,285,91,194,4,2,2,7,5,2,297,98,199,2,1,1,285,91,194,4,2,2,6,4,2,1,1,0,0,0,0,0,0,0,0,0,0,1,1,0,654,282,372
03,92,Bellampalle,Mancherial,08,Kannepalli,569834,0000,VILLAGE,Yellaram,Rural,82,305,142,163,34,17,17,125,56,69,0,0,0,139,75,64,166,67,99,160,75,85,160,75,85,51,45,6,105,27,78,0,0,0,4,3,1,0,0,0,0,0,0,0,0,0,0,0,0,0,0,0,0,0,0,0,0,0,0,0,0,0,0,0,0,0,0,0,0,0,0,0,0,0,0,0,0,0,0,0,0,0,145,67,78
03,92,Bellampalle,Mancherial,08,Kannepalli,569835,0000,VILLAGE,Dampur,Rural,81,323,168,155,41,22,19,56,30,26,267,138,129,111,70,41,212,98,114,195,101,94,195,101,94,49,49,0,146,52,94,0,0,0,0,0,0,0,0,0,0,0,0,0,0,0,0,0,0,0,0,0,0,0,0,0,0,0,0,0,0,0,0,0,0,0,0,0,0,0,0,0,0,0,0,0,0,0,0,0,0,0,128,67,61
03,92,Bellampalle,Mancherial,08,Kannepalli,569836,0000,VILLAGE,Jajjarvelly,Rural,455,1720,846,874,223,101,122,400,201,199,37,17,20,744,457,287,976,389,587,914,500,414,663,412,251,379,273,106,214,83,131,1,1,0,69,55,14,251,88,163,1,0,1,157,43,114,0,0,0,93,45,48,250,88,162,1,0,1,157,43,114,0,0,0,92,45,47,1,0,1,0,0,0,0,0,0,0,0,0,1,0,1,806,346,460
03,92,Bellampalle,Mancherial,08,Kannepalli,569837,0000,VILLAGE,Kothapalle,Rural,79,289,143,146,36,21,15,183,91,92,0,0,0,122,65,57,167,78,89,178,90,88,148,77,71,51,51,0,97,26,71,0,0,0,0,0,0,30,13,17,2,1,1,28,12,16,0,0,0,0,0,0,16,7,9,0,0,0,16,7,9,0,0,0,0,0,0,14,6,8,2,1,1,12,5,7,0,0,0,0,0,0,111,53,58
03,92,Bellampalle,Mancherial,08,Kannepalli,569838,0000,VILLAGE,Rebbena,Rural,282,1022,507,515,126,63,63,399,204,195,238,109,129,377,218,159,645,289,356,578,311,267,382,256,126,88,82,6,257,143,114,0,0,0,37,31,6,196,55,141,0,0,0,176,41,135,0,0,0,20,14,6,172,47,125,0,0,0,153,33,120,0,0,0,19,14,5,24,8,16,0,0,0,23,8,15,0,0,0,1,0,1,444,196,248
03,92,Bellampalle,Mancherial,08,Kannepalli,569839,0000,VILLAGE,Veerapur,Rural,172,643,307,336,69,35,34,97,46,51,78,37,41,274,154,120,369,153,216,334,188,146,225,167,58,116,79,37,39,27,12,1,1,0,69,60,9,109,21,88,35,4,31,57,15,42,1,0,1,16,2,14,108,21,87,35,4,31,57,15,42,0,0,0,16,2,14,1,0,1,0,0,0,0,0,0,1,0,1,0,0,0,309,119,190
03,92,Bellampalle,Mancherial,08,Kannepalli,569841,0000,VILLAGE,Muthapur,Rural,203,780,404,376,85,40,45,162,83,79,127,68,59,321,196,125,459,208,251,380,231,149,223,150,73,105,87,18,82,32,50,16,14,2,20,17,3,157,81,76,1,1,0,109,49,60,36,25,11,11,6,5,130,71,59,1,1,0,85,39,46,34,25,9,10,6,4,27,10,17,0,0,0,24,10,14,2,0,2,1,0,1,400,173,227
03,92,Bellampalle,Mancherial,08,Kannepalli,569842,0000,VILLAGE,Kannepalli,Rural,770,2953,1487,1466,320,180,140,852,419,433,151,72,79,1135,652,483,1818,835,983,1707,957,750,1196,713,483,592,349,243,419,203,216,19,15,4,166,146,20,511,244,267,14,10,4,370,175,195,15,8,7,112,51,61,492,237,255,14,10,4,351,168,183,15,8,7,112,51,61,19,7,12,0,0,0,19,7,12,0,0,0,0,0,0,1246,530,716
03,92,Bellampalle,Mancherial,08,Kannepalli,569843,0000,VILLAGE,Metpalle,Rural,803,3028,1502,1526,349,196,153,435,218,217,273,129,144,1193,691,502,1835,811,1024,1730,884,846,1082,702,380,678,422,256,224,159,65,13,8,5,167,113,54,648,182,466,11,4,7,616,165,451,3,2,1,18,11,7,593,166,427,9,2,7,564,152,412,3,2,1,17,10,7,55,16,39,2,2,0,52,13,39,0,0,0,1,1,0,1298,618,680
03,92,Bellampalle,Mancherial,07,Bheemini,569847,0000,VILLAGE,Keslapur,Rural,280,1065,534,531,150,67,83,555,287,268,122,58,64,381,209,172,684,325,359,612,312,300,451,279,172,194,192,2,221,60,161,0,0,0,36,27,9,161,33,128,7,5,2,152,26,126,0,0,0,2,2,0,131,18,113,5,5,0,124,11,113,0,0,0,2,2,0,30,15,15,2,0,2,28,15,13,0,0,0,0,0,0,453,222,231
03,92,Bellampalle,Mancherial,07,Bheemini,569854,0000,VILLAGE,Thangallapalle,Rural,53,208,98,110,28,9,19,107,47,60,3,2,1,92,50,42,116,48,68,95,59,36,95,59,36,4,3,1,73,45,28,1,1,0,17,10,7,0,0,0,0,0,0,0,0,0,0,0,0,0,0,0,0,0,0,0,0,0,0,0,0,0,0,0,0,0,0,0,0,0,0,0,0,0,0,0,0,0,0,0,0,0,113,39,74
03,92,Bellampalle,Mancherial,07,Bheemini,569855,0000,VILLAGE,Chinnagudipet,Rural,434,1839,897,942,270,147,123,214,102,112,40,20,20,540,320,220,1299,577,722,1043,537,506,811,486,325,328,221,107,114,62,52,8,4,4,361,199,162,232,51,181,2,1,1,183,32,151,0,0,0,47,18,29,195,44,151,2,1,1,152,26,126,0,0,0,41,17,24,37,7,30,0,0,0,31,6,25,0,0,0,6,1,5,796,360,436
03,92,Bellampalle,Mancherial,07,Bheemini,569856,0000,VILLAGE,Chinna_Thimmapur,Rural,72,273,141,132,41,24,17,180,89,91,0,0,0,101,56,45,172,85,87,126,76,50,115,68,47,7,2,5,98,65,33,1,0,1,9,1,8,11,8,3,3,2,1,4,4,0,2,1,1,2,1,1,10,7,3,3,2,1,4,4,0,1,0,1,2,1,1,1,1,0,0,0,0,0,0,0,1,1,0,0,0,0,147,65,82
03,92,Bellampalle,Mancherial,07,Bheemini,569857,0000,VILLAGE,Pedda_Thimmapur,Rural,38,140,68,72,23,10,13,3,1,2,0,0,0,59,32,27,81,36,45,65,37,28,61,36,25,3,1,2,53,32,21,1,1,0,4,2,2,4,1,3,0,0,0,2,1,1,0,0,0,2,0,2,3,1,2,0,0,0,2,1,1,0,0,0,1,0,1,1,0,1,0,0,0,0,0,0,0,0,0,1,0,1,75,31,44
03,92,Bellampalle,Mancherial,08,Kannepalli,569859,0000,VILLAGE,Madavelli,Rural,167,620,316,304,77,42,35,209,105,104,178,89,89,260,153,107,360,163,197,367,185,182,353,178,175,248,118,130,51,24,27,8,4,4,46,32,14,14,7,7,1,0,1,4,1,3,0,0,0,9,6,3,12,6,6,1,0,1,3,1,2,0,0,0,8,5,3,2,1,1,0,0,0,1,0,1,0,0,0,1,1,0,253,131,122
03,92,Bellampalle,Mancherial,08,Kannepalli,569860,0000,VILLAGE,Saligaon,Rural,199,762,385,377,64,36,28,366,184,182,1,0,1,361,202,159,401,183,218,430,238,192,68,44,24,3,1,2,1,0,1,15,14,1,49,29,20,362,194,168,89,61,28,248,114,134,5,3,2,20,16,4,337,180,157,88,61,27,227,102,125,3,2,1,19,15,4,25,14,11,1,0,1,21,12,9,2,1,1,1,1,0,332,147,185
03,92,Bellampalle,Mancherial,09,Vemanpalle,569883,0000,VILLAGE,Bayyaram,Rural,166,616,321,295,95,52,43,277,146,131,31,16,15,262,159,103,354,162,192,199,161,38,198,160,38,114,105,9,54,30,24,0,0,0,30,25,5,1,1,0,0,0,0,1,1,0,0,0,0,0,0,0,1,1,0,0,0,0,1,1,0,0,0,0,0,0,0,0,0,0,0,0,0,0,0,0,0,0,0,0,0,0,417,160,257
03,92,Bellampalle,Mancherial,09,Vemanpalle,569884,0000,VILLAGE,Jilleda,Rural,157,611,304,307,80,42,38,214,107,107,0,0,0,281,160,121,330,144,186,390,205,185,379,199,180,210,110,100,142,71,71,3,2,1,24,16,8,11,6,5,0,0,0,10,6,4,0,0,0,1,0,1,5,3,2,0,0,0,5,3,2,0,0,0,0,0,0,6,3,3,0,0,0,5,3,2,0,0,0,1,0,1,221,99,122
03,92,Bellampalle,Mancherial,09,Vemanpalle,569885,0000,VILLAGE,Jakkepalle,Rural,114,369,197,172,39,25,14,76,39,37,181,102,79,148,110,38,221,87,134,286,146,140,281,145,136,9,6,3,260,136,124,0,0,0,12,3,9,5,1,4,0,0,0,2,0,2,1,0,1,2,1,1,4,0,4,0,0,0,2,0,2,1,0,1,1,0,1,1,1,0,0,0,0,0,0,0,0,0,0,1,1,0,83,51,32
03,92,Bellampalle,Mancherial,08,Kannepalli,569886,0000,VILLAGE,Nagepalle,Rural,32,147,69,78,13,6,7,11,4,7,0,0,0,54,33,21,93,36,57,93,44,49,92,44,48,48,36,12,44,8,36,0,0,0,0,0,0,1,0,1,0,0,0,1,0,1,0,0,0,0,0,0,1,0,1,0,0,0,1,0,1,0,0,0,0,0,0,0,0,0,0,0,0,0,0,0,0,0,0,0,0,0,54,25,29
03,92,Bellampalle,Mancherial,08,Kannepalli,569887,0000,VILLAGE,Lingala,Rural,204,793,390,403,76,39,37,192,97,95,89,42,47,293,169,124,500,221,279,512,266,246,464,252,212,156,113,43,282,118,164,2,2,0,24,19,5,48,14,34,1,1,0,44,13,31,0,0,0,3,0,3,46,12,34,1,1,0,42,11,31,0,0,0,3,0,3,2,2,0,0,0,0,2,2,0,0,0,0,0,0,0,281,124,157
03,92,Bellampalle,Mancherial,08,Kannepalli,569888,0000,VILLAGE,Chintapudi,Rural,172,601,296,305,85,44,41,165,82,83,6,2,4,179,94,85,422,202,220,392,196,196,391,195,196,92,48,44,290,142,148,0,0,0,9,5,4,1,1,0,1,1,0,0,0,0,0,0,0,0,0,0,1,1,0,1,1,0,0,0,0,0,0,0,0,0,0,0,0,0,0,0,0,0,0,0,0,0,0,0,0,0,209,100,109
03,92,Bellampalle,Mancherial,09,Vemanpalle,569891,0000,VILLAGE,Nagaram,Rural,129,468,242,226,70,38,32,37,19,18,238,124,114,157,102,55,311,140,171,322,168,154,285,149,136,135,114,21,132,26,106,0,0,0,18,9,9,37,19,18,1,0,1,32,15,17,0,0,0,4,4,0,36,18,18,1,0,1,31,14,17,0,0,0,4,4,0,1,1,0,0,0,0,1,1,0,0,0,0,0,0,0,146,74,72
03,92,Bellampalle,Mancherial,09,Vemanpalle,569892,0000,VILLAGE,Suraram,Rural,148,613,311,302,94,51,43,162,84,78,245,123,122,224,136,88,389,175,214,297,171,126,294,168,126,30,21,9,245,134,111,0,0,0,19,13,6,3,3,0,1,1,0,2,2,0,0,0,0,0,0,0,1,1,0,1,1,0,0,0,0,0,0,0,0,0,0,2,2,0,0,0,0,2,2,0,0,0,0,0,0,0,316,140,176
03,92,Bellampalle,Mancherial,09,Vemanpalle,569893,0000,VILLAGE,Bommena,Rural,74,225,112,113,19,10,9,47,22,25,149,73,76,84,52,32,141,60,81,167,88,79,157,85,72,140,78,62,3,1,2,0,0,0,14,6,8,10,3,7,10,3,7,0,0,0,0,0,0,0,0,0,0,0,0,0,0,0,0,0,0,0,0,0,0,0,0,10,3,7,10,3,7,0,0,0,0,0,0,0,0,0,58,24,34
03,92,Bellampalle,Mancherial,09,Vemanpalle,569894,0000,VILLAGE,Chamanpalle,Rural,114,493,247,246,50,23,27,226,110,116,0,0,0,197,128,69,296,119,177,295,147,148,244,129,115,211,111,100,18,10,8,0,0,0,15,8,7,51,18,33,1,1,0,48,16,32,0,0,0,2,1,1,49,18,31,1,1,0,46,16,30,0,0,0,2,1,1,2,0,2,0,0,0,2,0,2,0,0,0,0,0,0,198,100,98
03,92,Bellampalle,Mancherial,09,Vemanpalle,569895,0000,VILLAGE,Baddampalle,Rural,73,286,145,141,44,18,26,87,43,44,79,35,44,118,77,41,168,68,100,179,95,84,178,95,83,85,45,40,85,45,40,0,0,0,8,5,3,1,0,1,0,0,0,1,0,1,0,0,0,0,0,0,1,0,1,0,0,0,1,0,1,0,0,0,0,0,0,0,0,0,0,0,0,0,0,0,0,0,0,0,0,0,107,50,57
03,92,Bellampalle,Mancherial,09,Vemanpalle,569897,0000,VILLAGE,Dasnapur,Rural,109,658,435,223,49,22,27,50,44,6,203,149,54,434,335,99,224,100,124,289,159,130,268,148,120,2,2,0,233,124,109,3,2,1,30,20,10,21,11,10,0,0,0,20,10,10,1,1,0,0,0,0,15,7,8,0,0,0,14,6,8,1,1,0,0,0,0,6,4,2,0,0,0,6,4,2,0,0,0,0,0,0,369,276,93
03,92,Bellampalle,Mancherial,09,Vemanpalle,569898,0000,VILLAGE,Kothapalle,Rural,143,575,295,280,67,35,32,320,162,158,194,103,91,353,228,125,222,67,155,359,180,179,186,168,18,0,0,0,186,168,18,0,0,0,0,0,0,173,12,161,0,0,0,173,12,161,0,0,0,0,0,0,173,12,161,0,0,0,173,12,161,0,0,0,0,0,0,0,0,0,0,0,0,0,0,0,0,0,0,0,0,0,216,115,101
03,92,Bellampalle,Mancherial,09,Vemanpalle,569899,0000,VILLAGE,Vemanpalle,Rural,725,2852,1413,1439,315,164,151,305,165,140,210,100,110,1278,734,544,1574,679,895,1782,931,851,1470,820,650,254,247,7,888,343,545,39,24,15,289,206,83,312,111,201,6,1,5,288,100,188,7,4,3,11,6,5,230,75,155,6,1,5,209,64,145,4,4,0,11,6,5,82,36,46,0,0,0,79,36,43,3,0,3,0,0,0,1070,482,588
03,92,Bellampalle,Mancherial,09,Vemanpalle,569900,0000,VILLAGE,Rajaram,Rural,80,302,151,151,43,23,20,202,100,102,1,1,0,85,41,44,217,110,107,202,100,102,191,97,94,8,6,2,182,91,91,0,0,0,1,0,1,11,3,8,0,0,0,11,3,8,0,0,0,0,0,0,10,3,7,0,0,0,10,3,7,0,0,0,0,0,0,1,0,1,0,0,0,1,0,1,0,0,0,0,0,0,100,51,49
03,92,Bellampalle,Mancherial,09,Vemanpalle,569902,0000,VILLAGE,Oddugudem,Rural,37,148,82,66,11,9,2,61,37,24,67,36,31,52,36,16,96,46,50,105,56,49,105,56,49,0,0,0,102,54,48,2,1,1,1,1,0,0,0,0,0,0,0,0,0,0,0,0,0,0,0,0,0,0,0,0,0,0,0,0,0,0,0,0,0,0,0,0,0,0,0,0,0,0,0,0,0,0,0,0,0,0,43,26,17
03,92,Bellampalle,Mancherial,09,Vemanpalle,569903,0000,VILLAGE,Sumputum,Rural,155,572,298,274,69,37,32,158,83,75,0,0,0,225,143,82,347,155,192,360,182,178,337,170,167,10,9,1,272,120,152,2,2,0,53,39,14,23,12,11,0,0,0,16,7,9,0,0,0,7,5,2,19,9,10,0,0,0,14,5,9,0,0,0,5,4,1,4,3,1,0,0,0,2,2,0,0,0,0,2,1,1,212,116,96
03,92,Bellampalle,Mancherial,09,Vemanpalle,569904,0000,VILLAGE,Jajulpet,Rural,110,384,184,200,58,24,34,168,82,86,0,0,0,93,55,38,291,129,162,265,131,134,252,127,125,59,59,0,186,61,125,0,0,0,7,7,0,13,4,9,0,0,0,13,4,9,0,0,0,0,0,0,8,1,7,0,0,0,8,1,7,0,0,0,0,0,0,5,3,2,0,0,0,5,3,2,0,0,0,0,0,0,119,53,66
03,92,Bellampalle,Mancherial,09,Vemanpalle,569905,0000,VILLAGE,Mukkidigudem,Rural,33,146,81,65,17,13,4,47,28,19,97,52,45,45,31,14,101,50,51,121,66,55,36,35,1,31,31,0,2,1,1,0,0,0,3,3,0,85,31,54,0,0,0,84,30,54,0,0,0,1,1,0,75,25,50,0,0,0,74,24,50,0,0,0,1,1,0,10,6,4,0,0,0,10,6,4,0,0,0,0,0,0,25,15,10
03,92,Bellampalle,Mancherial,09,Vemanpalle,569906,0000,VILLAGE,Kallampalle,Rural,45,229,107,122,35,15,20,0,0,0,229,107,122,47,32,15,182,75,107,179,84,95,49,45,4,42,42,0,3,1,2,0,0,0,4,2,2,130,39,91,0,0,0,129,39,90,0,0,0,1,0,1,110,29,81,0,0,0,109,29,80,0,0,0,1,0,1,20,10,10,0,0,0,20,10,10,0,0,0,0,0,0,50,23,27
03,92,Bellampalle,Mancherial,09,Vemanpalle,569908,0000,VILLAGE,Gorlapalle,Rural,506,1790,890,900,213,102,111,503,247,256,225,118,107,625,388,237,1165,502,663,1129,597,532,940,527,413,253,186,67,615,300,315,9,6,3,63,35,28,189,70,119,11,6,5,168,59,109,4,2,2,6,3,3,119,30,89,6,3,3,108,24,84,1,0,1,4,3,1,70,40,30,5,3,2,60,35,25,3,2,1,2,0,2,661,293,368
03,92,Bellampalle,Mancherial,09,Vemanpalle,569910,0000,VILLAGE,Mamida,Rural,98,337,174,163,54,32,22,0,0,0,0,0,0,150,88,62,187,86,101,175,89,86,97,84,13,4,4,0,74,63,11,0,0,0,19,17,2,78,5,73,1,0,1,77,5,72,0,0,0,0,0,0,78,5,73,1,0,1,77,5,72,0,0,0,0,0,0,0,0,0,0,0,0,0,0,0,0,0,0,0,0,0,162,85,77
03,92,Bellampalle,Mancherial,09,Vemanpalle,569911,0000,VILLAGE,Neelwai,Rural,781,3195,1508,1687,338,162,176,1049,469,580,91,48,43,1574,849,725,1621,659,962,1796,978,818,1388,851,537,305,247,58,723,346,377,5,3,2,355,255,100,408,127,281,30,12,18,360,106,254,3,0,3,15,9,6,387,118,269,28,11,17,346,102,244,3,0,3,10,5,5,21,9,12,2,1,1,14,4,10,0,0,0,5,4,1,1399,530,869
03,92,Bellampalle,Mancherial,09,Vemanpalle,569912,0000,VILLAGE,Kyathanpalle,Rural,371,1434,716,718,160,81,79,247,121,126,12,6,6,619,377,242,815,339,476,763,437,326,753,433,320,265,232,33,445,165,280,0,0,0,43,36,7,10,4,6,0,0,0,1,0,1,1,0,1,8,4,4,9,4,5,0,0,0,1,0,1,0,0,0,8,4,4,1,0,1,0,0,0,0,0,0,1,0,1,0,0,0,671,279,392
03,92,Bellampalle,Mancherial,09,Vemanpalle,569914,0000,VILLAGE,Mulkalpet,Rural,380,1437,715,722,175,90,85,564,291,273,126,59,67,584,361,223,853,354,499,996,492,504,736,395,341,35,30,5,595,291,304,23,14,9,83,60,23,260,97,163,3,2,1,240,84,156,4,2,2,13,9,4,137,41,96,3,2,1,126,33,93,3,1,2,5,5,0,123,56,67,0,0,0,114,51,63,1,1,0,8,4,4,441,223,218
03,92,Bellampalle,Mancherial,09,Vemanpalle,569915,0000,VILLAGE,Racherla,Rural,69,251,126,125,32,19,13,210,105,105,0,0,0,109,64,45,142,62,80,174,87,87,33,32,1,7,7,0,10,10,0,0,0,0,16,15,1,141,55,86,0,0,0,137,51,86,0,0,0,4,4,0,140,54,86,0,0,0,137,51,86,0,0,0,3,3,0,1,1,0,0,0,0,0,0,0,0,0,0,1,1,0,77,39,38
03,92,Bellampalle,Mancherial,10,Nennal,569916,0000,VILLAGE,Nennal,Rural,929,3574,1734,1840,381,190,191,361,167,194,339,143,196,1776,996,780,1798,738,1060,1736,971,765,1278,871,407,258,226,32,603,318,285,39,28,11,378,299,79,458,100,358,25,9,16,358,70,288,5,2,3,70,19,51,394,84,310,16,5,11,339,66,273,4,1,3,35,12,23,64,16,48,9,4,5,19,4,15,1,1,0,35,7,28,1838,763,1075
03,92,Bellampalle,Mancherial,10,Nennal,569917,0000,VILLAGE,Manneguda,Rural,179,794,417,377,101,59,42,443,226,217,278,153,125,403,237,166,391,180,211,389,198,191,192,167,25,138,137,1,48,25,23,0,0,0,6,5,1,197,31,166,1,1,0,189,26,163,3,2,1,4,2,2,196,30,166,1,1,0,189,26,163,2,1,1,4,2,2,1,1,0,0,0,0,0,0,0,1,1,0,0,0,0,405,219,186
03,92,Bellampalle,Mancherial,10,Nennal,569919,0000,VILLAGE,Konampet,Rural,317,1160,568,592,123,63,60,520,249,271,282,138,144,495,292,203,665,276,389,684,334,350,650,325,325,131,83,48,480,225,255,11,4,7,28,13,15,34,9,25,4,2,2,27,6,21,0,0,0,3,1,2,22,6,16,2,1,1,19,4,15,0,0,0,1,1,0,12,3,9,2,1,1,8,2,6,0,0,0,2,0,2,476,234,242
03,92,Bellampalle,Mancherial,10,Nennal,569920,0000,VILLAGE,Kushenapalle,Rural,282,1104,549,555,129,69,60,407,203,204,3,1,2,560,336,224,544,213,331,635,323,312,102,98,4,60,60,0,1,1,0,12,11,1,29,26,3,533,225,308,8,8,0,516,211,305,4,2,2,5,4,1,530,223,307,8,8,0,513,209,304,4,2,2,5,4,1,3,2,1,0,0,0,3,2,1,0,0,0,0,0,0,469,226,243
03,92,Bellampalle,Mancherial,10,Nennal,569921,0000,VILLAGE,Jangalpet,Rural,216,766,383,383,85,39,46,74,38,36,403,205,198,332,198,134,434,185,249,477,249,228,169,94,75,75,71,4,80,18,62,2,1,1,12,4,8,308,155,153,2,2,0,153,75,78,4,2,2,149,76,73,303,152,151,1,1,0,152,75,77,4,2,2,146,74,72,5,3,2,1,1,0,1,0,1,0,0,0,3,2,1,289,134,155
03,92,Bellampalle,Mancherial,10,Nennal,569922,0000,VILLAGE,Dammireddipet,Rural,62,227,110,117,18,10,8,0,0,0,165,82,83,106,62,44,121,48,73,136,68,68,45,36,9,23,23,0,18,10,8,0,0,0,4,3,1,91,32,59,7,6,1,84,26,58,0,0,0,0,0,0,84,30,54,7,6,1,77,24,53,0,0,0,0,0,0,7,2,5,0,0,0,7,2,5,0,0,0,0,0,0,91,42,49
03,92,Bellampalle,Mancherial,10,Nennal,569923,0000,VILLAGE,Kharji,Rural,98,391,185,206,52,25,27,161,73,88,176,90,86,145,78,67,246,107,139,184,100,84,128,96,32,73,66,7,48,26,22,0,0,0,7,4,3,56,4,52,2,0,2,50,2,48,0,0,0,4,2,2,46,3,43,2,0,2,42,2,40,0,0,0,2,1,1,10,1,9,0,0,0,8,0,8,0,0,0,2,1,1,207,85,122
03,92,Bellampalle,Mancherial,10,Nennal,569924,0000,VILLAGE,Gollapalle,Rural,396,1406,721,685,147,76,71,484,250,234,25,14,11,629,390,239,777,331,446,691,368,323,358,311,47,103,96,7,175,146,29,4,4,0,76,65,11,333,57,276,0,0,0,318,50,268,0,0,0,15,7,8,325,54,271,0,0,0,312,47,265,0,0,0,13,7,6,8,3,5,0,0,0,6,3,3,0,0,0,2,0,2,715,353,362
03,92,Bellampalle,Mancherial,10,Nennal,569925,0000,VILLAGE,Nandulapalle,Rural,246,924,470,454,117,70,47,257,132,125,1,1,0,378,205,173,546,265,281,436,245,191,267,176,91,113,109,4,104,27,77,1,1,0,49,39,10,169,69,100,0,0,0,156,62,94,3,2,1,10,5,5,8,5,3,0,0,0,4,1,3,1,1,0,3,3,0,161,64,97,0,0,0,152,61,91,2,1,1,7,2,5,488,225,263
03,92,Bellampalle,Mancherial,10,Nennal,569926,0000,VILLAGE,Ghanpur,Rural,207,783,381,402,90,36,54,117,55,62,0,0,0,276,163,113,507,218,289,415,224,191,136,109,27,97,87,10,22,9,13,1,1,0,16,12,4,279,115,164,3,1,2,270,112,158,0,0,0,6,2,4,276,115,161,3,1,2,267,112,155,0,0,0,6,2,4,3,0,3,0,0,0,3,0,3,0,0,0,0,0,0,368,157,211
03,92,Bellampalle,Mancherial,10,Nennal,569928,0000,VILLAGE,Jogapur,Rural,145,535,260,275,60,27,33,79,41,38,1,0,1,246,141,105,289,119,170,276,151,125,24,24,0,13,13,0,4,4,0,0,0,0,7,7,0,252,127,125,0,0,0,250,125,125,0,0,0,2,2,0,251,126,125,0,0,0,250,125,125,0,0,0,1,1,0,1,1,0,0,0,0,0,0,0,0,0,0,1,1,0,259,109,150
03,92,Bellampalle,Mancherial,10,Nennal,569929,0000,VILLAGE,Gundlasomaram,Rural,212,925,483,442,96,53,43,679,358,321,0,0,0,481,272,209,444,211,233,446,244,202,406,237,169,109,69,40,260,144,116,6,3,3,31,21,10,40,7,33,2,0,2,31,4,27,0,0,0,7,3,4,31,6,25,2,0,2,24,4,20,0,0,0,5,2,3,9,1,8,0,0,0,7,0,7,0,0,0,2,1,1,479,239,240
03,92,Bellampalle,Mancherial,10,Nennal,569930,0000,VILLAGE,Metpalle,Rural,338,1353,679,674,126,64,62,614,304,310,573,281,292,745,429,316,608,250,358,712,372,340,632,345,287,191,106,85,359,168,191,4,3,1,78,68,10,80,27,53,11,6,5,62,18,44,0,0,0,7,3,4,65,21,44,9,5,4,53,13,40,0,0,0,3,3,0,15,6,9,2,1,1,9,5,4,0,0,0,4,0,4,641,307,334
03,92,Bellampalle,Mancherial,10,Nennal,569932,0000,VILLAGE,Mailaram,Rural,791,2940,1461,1479,282,138,144,173,87,86,692,341,351,1096,641,455,1844,820,1024,1696,894,802,1113,633,480,146,138,8,910,449,461,0,0,0,57,46,11,583,261,322,0,0,0,551,244,307,4,2,2,28,15,13,483,217,266,0,0,0,467,206,261,3,2,1,13,9,4,100,44,56,0,0,0,84,38,46,1,0,1,15,6,9,1244,567,677
03,92,Bellampalle,Mancherial,10,Nennal,569936,0000,VILLAGE,Avadam,Rural,651,2287,1150,1137,213,115,98,853,437,416,20,9,11,1156,659,497,1131,491,640,1001,614,387,316,259,57,68,64,4,115,84,31,2,1,1,131,110,21,685,355,330,60,37,23,526,254,272,8,6,2,91,58,33,563,321,242,57,36,21,427,228,199,6,4,2,73,53,20,122,34,88,3,1,2,99,26,73,2,2,0,18,5,13,1286,536,750
03,92,Bellampalle,Mancherial,10,Nennal,569937,0000,VILLAGE,Chittapur,Rural,422,1571,768,803,152,88,64,511,232,279,11,5,6,844,479,365,727,289,438,747,446,301,102,95,7,27,27,0,54,52,2,1,1,0,20,15,5,645,351,294,17,11,6,598,312,286,2,2,0,28,26,2,588,318,270,17,11,6,547,285,262,0,0,0,24,22,2,57,33,24,0,0,0,51,27,24,2,2,0,4,4,0,824,322,502
03,92,Bellampalle,Mancherial,10,Nennal,569939,0000,VILLAGE,Gudipet,Rural,83,305,151,154,33,14,19,50,25,25,237,117,120,156,94,62,149,57,92,161,80,81,19,18,1,5,5,0,8,7,1,1,1,0,5,5,0,142,62,80,0,0,0,138,60,78,2,2,0,2,0,2,142,62,80,0,0,0,138,60,78,2,2,0,2,0,2,0,0,0,0,0,0,0,0,0,0,0,0,0,0,0,144,71,73
03,92,Bellampalle,Mancherial,10,Nennal,569940,0000,VILLAGE,Janda venkatapur,Rural,291,1048,539,509,90,54,36,1016,526,490,10,6,4,562,315,247,486,224,262,289,242,47,249,210,39,69,69,0,145,113,32,2,2,0,33,26,7,40,32,8,1,1,0,33,26,7,0,0,0,6,5,1,33,27,6,1,1,0,26,21,5,0,0,0,6,5,1,7,5,2,0,0,0,7,5,2,0,0,0,0,0,0,759,297,462
03,92,Bellampalle,Mancherial,10,Nennal,569942,0000,VILLAGE,China venkatapur,Rural,130,505,243,262,42,12,30,241,117,124,73,37,36,267,157,110,238,86,152,283,139,144,107,67,40,25,19,6,31,15,16,18,10,8,33,23,10,176,72,104,16,7,9,112,48,64,7,3,4,41,14,27,160,65,95,13,5,8,110,47,63,7,3,4,30,10,20,16,7,9,3,2,1,2,1,1,0,0,0,11,4,7,222,104,118
03,92,Bellampalle,Mancherial,10,Nennal,569943,0000,VILLAGE,Pottiyal,Rural,75,272,135,137,32,16,16,45,22,23,84,41,43,144,84,60,128,51,77,172,92,80,172,92,80,60,43,17,100,42,58,0,0,0,12,7,5,0,0,0,0,0,0,0,0,0,0,0,0,0,0,0,0,0,0,0,0,0,0,0,0,0,0,0,0,0,0,0,0,0,0,0,0,0,0,0,0,0,0,0,0,0,100,43,57
03,92,Bellampalle,Mancherial,10,Nennal,569944,0000,VILLAGE,Kottur,Rural,181,664,335,329,68,34,34,88,45,43,375,183,192,366,211,155,298,124,174,372,196,176,65,50,15,2,2,0,1,0,1,9,5,4,53,43,10,307,146,161,22,22,0,270,113,157,1,1,0,14,10,4,290,144,146,22,22,0,256,112,144,1,1,0,11,9,2,17,2,15,0,0,0,14,1,13,0,0,0,3,1,2,292,139,153
03,92,Bellampalle,Mancherial,06,Tandur,569945,0000,VILLAGE,Abbapur,Rural,119,463,236,227,72,32,40,0,0,0,454,232,222,160,104,56,303,132,171,196,120,76,148,108,40,97,97,0,44,10,34,0,0,0,7,1,6,48,12,36,1,0,1,46,11,35,0,0,0,1,1,0,44,11,33,1,0,1,42,10,32,0,0,0,1,1,0,4,1,3,0,0,0,4,1,3,0,0,0,0,0,0,267,116,151
03,92,Bellampalle,Mancherial,06,Tandur,569946,0000,VILLAGE,Narsapur,Rural,122,555,287,268,88,44,44,0,0,0,541,278,263,212,133,79,343,154,189,314,171,143,314,171,143,229,120,109,65,33,32,0,0,0,20,18,2,0,0,0,0,0,0,0,0,0,0,0,0,0,0,0,0,0,0,0,0,0,0,0,0,0,0,0,0,0,0,0,0,0,0,0,0,0,0,0,0,0,0,0,0,0,241,116,125
03,92,Bellampalle,Mancherial,06,Tandur,569947,0000,VILLAGE,Madaram,Rural,847,3609,1855,1754,298,149,149,836,427,409,140,70,70,2401,1386,1015,1208,469,739,1255,928,327,952,793,159,93,67,26,77,61,16,86,50,36,696,615,81,303,135,168,11,9,2,230,87,143,12,3,9,50,36,14,198,89,109,7,5,2,164,75,89,12,3,9,15,6,9,105,46,59,4,4,0,66,12,54,0,0,0,35,30,5,2354,927,1427
03,92,Bellampalle,Mancherial,06,Tandur,569948,0000,VILLAGE,Pegadapalle,Rural,109,431,225,206,37,23,14,294,158,136,3,0,3,201,115,86,230,110,120,245,136,109,40,23,17,14,8,6,17,11,6,5,2,3,4,2,2,205,113,92,1,1,0,184,101,83,2,0,2,18,11,7,20,14,6,1,1,0,9,6,3,1,0,1,9,7,2,185,99,86,0,0,0,175,95,80,1,0,1,9,4,5,186,89,97
03,92,Bellampalle,Mancherial,06,Tandur,569949,0000,VILLAGE,Repallewada,Rural,82,311,155,156,31,20,11,153,75,78,13,6,7,199,108,91,112,47,65,99,75,24,11,9,2,2,0,2,1,1,0,0,0,0,8,8,0,88,66,22,3,1,2,41,29,12,0,0,0,44,36,8,13,12,1,2,1,1,1,1,0,0,0,0,10,10,0,75,54,21,1,0,1,40,28,12,0,0,0,34,26,8,212,80,132
03,92,Bellampalle,Mancherial,06,Tandur,569950,0000,VILLAGE,Kothapalle,Rural,467,1873,960,913,190,106,84,436,197,239,12,7,5,1129,642,487,744,318,426,760,512,248,663,489,174,135,110,25,248,134,114,15,13,2,265,232,33,97,23,74,32,7,25,41,5,36,1,1,0,23,10,13,55,19,36,12,5,7,21,3,18,1,1,0,21,10,11,42,4,38,20,2,18,20,2,18,0,0,0,2,0,2,1113,448,665
03,92,Bellampalle,Mancherial,06,Tandur,569951,0000,VILLAGE,Balhanpur,Rural,16,62,27,35,7,3,4,0,0,0,62,27,35,15,5,10,47,22,25,42,21,21,41,21,20,8,6,2,5,0,5,0,0,0,28,15,13,1,0,1,0,0,0,1,0,1,0,0,0,0,0,0,1,0,1,0,0,0,1,0,1,0,0,0,0,0,0,0,0,0,0,0,0,0,0,0,0,0,0,0,0,0,20,6,14
03,92,Bellampalle,Mancherial,06,Tandur,569952,0000,VILLAGE,Rechini,Rural,892,3312,1656,1656,396,218,178,529,263,266,84,44,40,1321,774,547,1991,882,1109,1344,898,446,748,592,156,187,183,4,209,91,118,4,4,0,348,314,34,596,306,290,20,16,4,356,155,201,1,0,1,219,135,84,460,272,188,18,15,3,259,137,122,1,0,1,182,120,62,136,34,102,2,1,1,97,18,79,0,0,0,37,15,22,1968,758,1210
03,92,Bellampalle,Mancherial,06,Tandur,569953,0000,VILLAGE,Annaram,Rural,65,282,138,144,38,14,24,278,137,141,0,0,0,115,66,49,167,72,95,133,72,61,123,69,54,28,24,4,44,19,25,0,0,0,51,26,25,10,3,7,0,0,0,6,2,4,0,0,0,4,1,3,9,3,6,0,0,0,6,2,4,0,0,0,3,1,2,1,0,1,0,0,0,0,0,0,0,0,0,1,0,1,149,66,83
03,92,Bellampalle,Mancherial,06,Tandur,569954,0000,VILLAGE,Achalapur,Rural,794,3102,1568,1534,281,132,149,1065,523,542,3,3,0,1592,934,658,1510,634,876,1425,851,574,598,440,158,97,91,6,231,124,107,12,12,0,258,213,45,827,411,416,96,57,39,529,244,285,15,7,8,187,103,84,598,298,300,60,30,30,409,197,212,7,5,2,122,66,56,229,113,116,36,27,9,120,47,73,8,2,6,65,37,28,1677,717,960
03,92,Bellampalle,Mancherial,06,Tandur,569955,0000,VILLAGE,Gampalpalle,Rural,114,447,219,228,59,26,33,208,96,112,0,0,0,233,137,96,214,82,132,220,115,105,136,104,32,27,27,0,51,32,19,1,1,0,57,44,13,84,11,73,0,0,0,74,8,66,0,0,0,10,3,7,82,11,71,0,0,0,73,8,65,0,0,0,9,3,6,2,0,2,0,0,0,1,0,1,0,0,0,1,0,1,227,104,123
03,92,Bellampalle,Mancherial,06,Tandur,569956,0000,VILLAGE,Chandrapalle,Rural,170,582,287,295,41,28,13,127,65,62,0,0,0,279,158,121,303,129,174,295,142,153,32,24,8,1,1,0,1,0,1,1,0,1,29,23,6,263,118,145,71,54,17,165,43,122,0,0,0,27,21,6,262,118,144,71,54,17,164,43,121,0,0,0,27,21,6,1,0,1,0,0,0,1,0,1,0,0,0,0,0,0,287,145,142
03,92,Bellampalle,Mancherial,06,Tandur,569957,0000,VILLAGE,Gopalnagar,Rural,129,479,238,241,62,30,32,0,0,0,206,103,103,208,116,92,271,122,149,228,155,73,217,152,65,35,30,5,42,33,9,3,2,1,137,87,50,11,3,8,1,0,1,1,1,0,1,0,1,8,2,6,11,3,8,1,0,1,1,1,0,1,0,1,8,2,6,0,0,0,0,0,0,0,0,0,0,0,0,0,0,0,251,83,168
03,92,Bellampalle,Mancherial,06,Tandur,569958,0000,VILLAGE,Kistampet,Rural,808,3211,1634,1577,348,179,169,968,503,465,277,145,132,1922,1101,821,1289,533,756,966,752,214,611,524,87,25,25,0,115,93,22,28,18,10,443,388,55,355,228,127,5,1,4,165,91,74,1,1,0,184,135,49,223,127,96,4,1,3,114,56,58,0,0,0,105,70,35,132,101,31,1,0,1,51,35,16,1,1,0,79,65,14,2245,882,1363
03,92,Bellampalle,Mancherial,06,Tandur,569961,0000,VILLAGE,Choutpalle,Rural,220,807,408,399,69,38,31,330,165,165,176,88,88,483,280,203,324,128,196,427,213,214,424,211,213,23,11,12,355,166,189,4,3,1,42,31,11,3,2,1,0,0,0,1,1,0,0,0,0,2,1,1,3,2,1,0,0,0,1,1,0,0,0,0,2,1,1,0,0,0,0,0,0,0,0,0,0,0,0,0,0,0,380,195,185
03,92,Bellampalle,Mancherial,06,Tandur,569962,0000,VILLAGE,Boyapalle,Rural,302,1187,586,601,101,57,44,289,132,157,94,50,44,707,399,308,480,187,293,467,322,145,439,305,134,88,68,20,213,120,93,11,9,2,127,108,19,28,17,11,4,3,1,11,7,4,2,0,2,11,7,4,27,17,10,4,3,1,11,7,4,2,0,2,10,7,3,1,0,1,0,0,0,0,0,0,0,0,0,1,0,1,720,264,456
03,92,Bellampalle,Mancherial,06,Tandur,569963,0000,VILLAGE,Tandur,Rural,2413,9672,4806,4866,1038,546,492,1368,676,692,255,134,121,5663,3177,2486,4009,1629,2380,3648,2514,1134,2501,1983,518,219,200,19,308,181,127,68,50,18,1906,1552,354,1147,531,616,17,9,8,239,87,152,15,3,12,876,432,444,890,463,427,16,8,8,212,80,132,10,2,8,652,373,279,257,68,189,1,1,0,27,7,20,5,1,4,224,59,165,6024,2292,3732
03,92,Bellampalle,Mancherial,06,Tandur,569965,0000,VILLAGE,Dwarakapur,Rural,105,486,225,261,51,25,26,30,10,20,0,0,0,240,135,105,246,90,156,299,144,155,74,60,14,11,9,2,14,11,3,3,1,2,46,39,7,225,84,141,7,5,2,153,41,112,6,2,4,59,36,23,211,82,129,7,5,2,145,41,104,5,2,3,54,34,20,14,2,12,0,0,0,8,0,8,1,0,1,5,2,3,187,81,106
03,92,Bellampalle,Mancherial,06,Tandur,569966,0000,VILLAGE,Kasipet,Rural,434,1630,820,810,140,80,60,223,108,115,0,0,0,856,515,341,774,305,469,854,437,417,297,232,65,79,76,3,82,37,45,1,0,1,135,119,16,557,205,352,7,4,3,500,158,342,0,0,0,50,43,7,557,205,352,7,4,3,500,158,342,0,0,0,50,43,7,0,0,0,0,0,0,0,0,0,0,0,0,0,0,0,776,383,393
03,92,Bellampalle,Mancherial,06,Tandur,569968,0000,VILLAGE,Katherla,Rural,33,116,63,53,12,7,5,110,60,50,1,1,0,50,35,15,66,28,38,81,45,36,5,4,1,3,3,0,0,0,0,0,0,0,2,1,1,76,41,35,1,1,0,74,39,35,0,0,0,1,1,0,76,41,35,1,1,0,74,39,35,0,0,0,1,1,0,0,0,0,0,0,0,0,0,0,0,0,0,0,0,0,35,18,17
03,91,Mancherial,Mancherial,01,Jannaram,570009,0000,VILLAGE,Indhanpalle,Rural,724,2730,1330,1400,262,127,135,289,141,148,438,226,212,1454,850,604,1276,480,796,1403,744,659,1088,673,415,211,173,38,527,271,256,28,15,13,322,214,108,315,71,244,2,1,1,240,49,191,19,4,15,54,17,37,294,67,227,2,1,1,227,47,180,16,4,12,49,15,34,21,4,17,0,0,0,13,2,11,3,0,3,5,2,3,1327,586,741
03,91,Mancherial,Mancherial,01,Jannaram,570010,0000,VILLAGE,Kothapet,Rural,143,671,352,319,108,54,54,68,34,34,522,273,249,326,203,123,345,149,196,318,161,157,314,161,153,120,104,16,154,29,125,1,0,1,39,28,11,4,0,4,1,0,1,3,0,3,0,0,0,0,0,0,4,0,4,1,0,1,3,0,3,0,0,0,0,0,0,0,0,0,0,0,0,0,0,0,0,0,0,0,0,0,353,191,162
03,91,Mancherial,Mancherial,01,Jannaram,570011,0000,VILLAGE,Kawal,Rural,651,2808,1388,1420,351,183,168,895,448,447,1002,495,507,1363,795,568,1445,593,852,1383,784,599,997,656,341,332,298,34,435,200,235,26,21,5,204,137,67,386,128,258,8,3,5,301,82,219,6,2,4,71,41,30,322,104,218,7,2,5,254,68,186,6,2,4,55,32,23,64,24,40,1,1,0,47,14,33,0,0,0,16,9,7,1425,604,821
03,91,Mancherial,Mancherial,01,Jannaram,570012,0000,VILLAGE,Kishtapur,Rural,1259,4656,2326,2330,458,233,225,1278,625,653,907,463,444,2343,1409,934,2313,917,1396,2508,1350,1158,1680,1036,644,217,145,72,1158,695,463,148,84,64,157,112,45,828,314,514,23,8,15,677,255,422,88,30,58,40,21,19,795,301,494,22,7,15,661,251,410,76,24,52,36,19,17,33,13,20,1,1,0,16,4,12,12,6,6,4,2,2,2148,976,1172
03,91,Mancherial,Mancherial,01,Jannaram,570013,0000,VILLAGE,Kamanpalle,Rural,459,1865,921,944,183,87,96,686,349,337,92,47,45,979,606,373,886,315,571,1018,532,486,982,523,459,190,179,11,590,203,387,71,37,34,131,104,27,36,9,27,4,2,2,23,2,21,0,0,0,9,5,4,36,9,27,4,2,2,23,2,21,0,0,0,9,5,4,0,0,0,0,0,0,0,0,0,0,0,0,0,0,0,847,389,458
03,91,Mancherial,Mancherial,01,Jannaram,570014,0000,VILLAGE,Raindlaguda,Rural,706,2577,1286,1291,244,127,117,837,418,419,74,38,36,1365,808,557,1212,478,734,1390,720,670,1039,562,477,430,262,168,386,158,228,92,41,51,131,101,30,351,158,193,7,5,2,333,147,186,5,2,3,6,4,2,348,156,192,7,5,2,333,147,186,4,2,2,4,2,2,3,2,1,0,0,0,0,0,0,1,0,1,2,2,0,1187,566,621
03,91,Mancherial,Mancherial,01,Jannaram,570015,0000,VILLAGE,Marriguda,Rural,391,1499,746,753,154,79,75,703,353,350,738,370,368,741,436,305,758,310,448,852,418,434,672,361,311,194,124,70,438,206,232,0,0,0,40,31,9,180,57,123,17,7,10,148,44,104,9,1,8,6,5,1,156,49,107,9,2,7,140,41,99,1,1,0,6,5,1,24,8,16,8,5,3,8,3,5,8,0,8,0,0,0,647,328,319
03,91,Mancherial,Mancherial,01,Jannaram,570016,0000,VILLAGE,Murimadugu,Rural,724,2880,1447,1433,272,148,124,1212,601,611,511,248,263,1330,780,550,1550,667,883,1499,854,645,1379,813,566,402,282,120,811,411,400,27,6,21,139,114,25,120,41,79,6,3,3,91,23,68,8,4,4,15,11,4,118,39,79,5,2,3,91,23,68,7,3,4,15,11,4,2,2,0,1,1,0,0,0,0,1,1,0,0,0,0,1381,593,788
03,91,Mancherial,Mancherial,01,Jannaram,570017,0000,VILLAGE,Venkatapuram,Rural,103,402,196,206,44,23,21,130,66,64,68,35,33,152,84,68,250,112,138,224,118,106,221,117,104,40,21,19,172,87,85,1,1,0,8,8,0,3,1,2,1,0,1,1,0,1,0,0,0,1,1,0,2,0,2,1,0,1,1,0,1,0,0,0,0,0,0,1,1,0,0,0,0,0,0,0,0,0,0,1,1,0,178,78,100
03,91,Mancherial,Mancherial,01,Jannaram,570018,0000,VILLAGE,Narsingapur,Rural,58,249,128,121,30,18,12,0,0,0,248,128,120,61,42,19,188,86,102,159,80,79,159,80,79,15,8,7,144,72,72,0,0,0,0,0,0,0,0,0,0,0,0,0,0,0,0,0,0,0,0,0,0,0,0,0,0,0,0,0,0,0,0,0,0,0,0,0,0,0,0,0,0,0,0,0,0,0,0,0,0,0,90,48,42
03,91,Mancherial,Mancherial,01,Jannaram,570019,0000,VILLAGE,Kalmadagu,Rural,782,2933,1446,1487,253,136,117,558,289,269,310,148,162,1437,853,584,1496,593,903,1572,800,772,1314,701,613,452,278,174,501,220,281,79,28,51,282,175,107,258,99,159,10,6,4,200,72,128,12,4,8,36,17,19,183,66,117,8,5,3,144,47,97,8,2,6,23,12,11,75,33,42,2,1,1,56,25,31,4,2,2,13,5,8,1361,646,715
03,91,Mancherial,Mancherial,01,Jannaram,570020,0000,VILLAGE,Dharmaram,Rural,383,1627,817,810,130,61,69,638,313,325,328,163,165,851,503,348,776,314,462,890,494,396,830,464,366,237,159,78,423,203,220,45,15,30,125,87,38,60,30,30,22,13,9,25,11,14,0,0,0,13,6,7,60,30,30,22,13,9,25,11,14,0,0,0,13,6,7,0,0,0,0,0,0,0,0,0,0,0,0,0,0,0,737,323,414
03,91,Mancherial,Mancherial,01,Jannaram,570021,0000,VILLAGE,Badampalle,Rural,990,3796,1911,1885,387,203,184,861,452,409,194,112,82,1771,1077,694,2025,834,1191,2090,1099,991,1111,689,422,211,157,54,634,350,284,24,5,19,242,177,65,979,410,569,121,55,66,693,289,404,43,5,38,122,61,61,877,372,505,110,51,59,621,264,357,36,2,34,110,55,55,102,38,64,11,4,7,72,25,47,7,3,4,12,6,6,1706,812,894
03,91,Mancherial,Mancherial,01,Jannaram,570022,0000,VILLAGE,Puttiguda,Rural,87,380,181,199,41,19,22,88,42,46,223,110,113,174,98,76,206,83,123,183,102,81,95,85,10,20,19,1,47,43,4,1,1,0,27,22,5,88,17,71,0,0,0,76,14,62,3,0,3,9,3,6,88,17,71,0,0,0,76,14,62,3,0,3,9,3,6,0,0,0,0,0,0,0,0,0,0,0,0,0,0,0,197,79,118
03,91,Mancherial,Mancherial,01,Jannaram,570023,0000,VILLAGE,Ponakal,Rural,2044,8320,4118,4202,877,438,439,1580,737,843,615,321,294,5292,2965,2327,3028,1153,1875,3466,2168,1298,2900,1901,999,188,136,52,861,462,399,307,135,172,1544,1168,376,566,267,299,28,21,7,327,156,171,75,9,66,136,81,55,530,249,281,27,20,7,317,154,163,71,8,63,115,67,48,36,18,18,1,1,0,10,2,8,4,1,3,21,14,7,4854,1950,2904
03,91,Mancherial,Mancherial,01,Jannaram,570024,0000,VILLAGE,Jannaram,Rural,716,2956,1451,1505,294,152,142,589,288,301,450,207,243,1736,977,759,1220,474,746,1307,830,477,914,593,321,58,44,14,433,248,185,53,30,23,370,271,99,393,237,156,16,12,4,296,168,128,5,1,4,76,56,20,292,194,98,11,9,2,206,131,75,3,0,3,72,54,18,101,43,58,5,3,2,90,37,53,2,1,1,4,2,2,1649,621,1028
03,91,Mancherial,Mancherial,01,Jannaram,570026,0000,VILLAGE,Paidpalle,Rural,23,93,41,52,12,7,5,0,0,0,76,35,41,37,17,20,56,24,32,53,24,29,42,22,20,8,8,0,31,14,17,0,0,0,3,0,3,11,2,9,0,0,0,11,2,9,0,0,0,0,0,0,11,2,9,0,0,0,11,2,9,0,0,0,0,0,0,0,0,0,0,0,0,0,0,0,0,0,0,0,0,0,40,17,23
03,91,Mancherial,Mancherial,01,Jannaram,570027,0000,VILLAGE,Dongapalle,Rural,50,194,97,97,24,9,15,0,0,0,193,96,97,59,37,22,135,60,75,123,64,59,4,3,1,0,0,0,0,0,0,0,0,0,4,3,1,119,61,58,1,1,0,118,60,58,0,0,0,0,0,0,114,59,55,1,1,0,113,58,55,0,0,0,0,0,0,5,2,3,0,0,0,5,2,3,0,0,0,0,0,0,71,33,38
03,91,Mancherial,Mancherial,01,Jannaram,570028,0000,VILLAGE,Bommena,Rural,80,286,134,152,37,17,20,0,0,0,285,134,151,129,77,52,157,57,100,177,89,88,30,26,4,21,18,3,1,1,0,0,0,0,8,7,1,147,63,84,0,0,0,146,62,84,0,0,0,1,1,0,142,59,83,0,0,0,141,58,83,0,0,0,1,1,0,5,4,1,0,0,0,5,4,1,0,0,0,0,0,0,109,45,64
03,91,Mancherial,Mancherial,01,Jannaram,570029,0000,VILLAGE,Papammaguda,Rural,210,791,403,388,62,32,30,59,37,22,30,16,14,375,238,137,416,165,251,445,222,223,412,216,196,127,83,44,214,105,109,25,5,20,46,23,23,33,6,27,2,1,1,31,5,26,0,0,0,0,0,0,32,6,26,2,1,1,30,5,25,0,0,0,0,0,0,1,0,1,0,0,0,1,0,1,0,0,0,0,0,0,346,181,165
03,91,Mancherial,Mancherial,01,Jannaram,570030,0000,VILLAGE,Chintaguda,Rural,1373,4961,2449,2512,407,187,220,1056,509,547,413,217,196,2427,1468,959,2534,981,1553,2604,1409,1195,1937,1198,739,655,447,208,903,475,428,22,11,11,357,265,92,667,211,456,8,1,7,451,152,299,9,1,8,199,57,142,603,191,412,6,1,5,402,135,267,6,1,5,189,54,135,64,20,44,2,0,2,49,17,32,3,0,3,10,3,7,2357,1040,1317
03,91,Mancherial,Mancherial,01,Jannaram,570031,0000,VILLAGE,Malyal,Rural,40,157,79,78,20,7,13,0,0,0,157,79,78,59,42,17,98,37,61,120,63,57,0,0,0,0,0,0,0,0,0,0,0,0,0,0,0,120,63,57,0,0,0,0,0,0,0,0,0,120,63,57,97,50,47,0,0,0,0,0,0,0,0,0,97,50,47,23,13,10,0,0,0,0,0,0,0,0,0,23,13,10,37,16,21
03,91,Mancherial,Mancherial,01,Jannaram,570032,0000,VILLAGE,Singaraipet,Rural,809,2834,1388,1446,279,140,139,456,239,217,387,198,189,1325,787,538,1509,601,908,1522,795,727,1343,726,617,277,173,104,835,385,450,66,36,30,165,132,33,179,69,110,9,6,3,144,51,93,4,0,4,22,12,10,156,62,94,9,6,3,127,46,81,2,0,2,18,10,8,23,7,16,0,0,0,17,5,12,2,0,2,4,2,2,1312,593,719
03,91,Mancherial,Mancherial,01,Jannaram,570033,0000,VILLAGE,Thimmapur,Rural,411,1509,759,750,145,70,75,858,429,429,262,131,131,643,388,255,866,371,495,902,456,446,900,454,446,33,22,11,831,411,420,3,1,2,33,20,13,2,2,0,0,0,0,2,2,0,0,0,0,0,0,0,2,2,0,0,0,0,2,2,0,0,0,0,0,0,0,0,0,0,0,0,0,0,0,0,0,0,0,0,0,0,607,303,304
03,91,Mancherial,Mancherial,01,Jannaram,570034,0000,VILLAGE,Rampur,Rural,477,1709,841,868,155,76,79,569,301,268,113,51,62,863,498,365,846,343,503,1030,527,503,611,358,253,109,93,16,427,204,223,9,8,1,66,53,13,419,169,250,9,7,2,402,159,243,2,2,0,6,1,5,412,167,245,7,6,1,398,158,240,2,2,0,5,1,4,7,2,5,2,1,1,4,1,3,0,0,0,1,0,1,679,314,365
03,91,Mancherial,Mancherial,02,Dandepalle,570459,0000,VILLAGE,Gurrevu,Rural,352,1361,657,704,121,56,65,292,142,150,4,1,3,607,355,252,754,302,452,735,357,378,678,338,340,202,159,43,341,98,243,58,27,31,77,54,23,57,19,38,0,0,0,39,10,29,2,0,2,16,9,7,40,11,29,0,0,0,32,7,25,2,0,2,6,4,2,17,8,9,0,0,0,7,3,4,0,0,0,10,5,5,626,300,326
03,91,Mancherial,Mancherial,02,Dandepalle,570460,0000,VILLAGE,Aliipur,Rural,190,603,283,320,43,21,22,132,63,69,56,28,28,305,160,145,298,123,175,322,154,168,108,70,38,71,45,26,0,0,0,3,3,0,34,22,12,214,84,130,7,4,3,205,79,126,0,0,0,2,1,1,214,84,130,7,4,3,205,79,126,0,0,0,2,1,1,0,0,0,0,0,0,0,0,0,0,0,0,0,0,0,281,129,152
03,91,Mancherial,Mancherial,02,Dandepalle,570461,0000,VILLAGE,Nagasamudram,Rural,297,1112,549,563,100,54,46,251,133,118,49,26,23,627,369,258,485,180,305,567,303,264,533,295,238,81,77,4,299,116,183,51,23,28,102,79,23,34,8,26,1,0,1,21,3,18,2,2,0,10,3,7,29,7,22,1,0,1,21,3,18,1,1,0,6,3,3,5,1,4,0,0,0,0,0,0,1,1,0,4,0,4,545,246,299
03,91,Mancherial,Mancherial,02,Dandepalle,570462,0000,VILLAGE,Tallapet,Rural,779,3147,1590,1557,336,179,157,763,396,367,850,425,425,1561,903,658,1586,687,899,1827,927,900,1501,765,736,345,190,155,962,459,503,44,20,24,150,96,54,326,162,164,10,7,3,82,40,42,79,38,41,155,77,78,197,100,97,6,3,3,65,32,33,50,26,24,76,39,37,129,62,67,4,4,0,17,8,9,29,12,17,79,38,41,1320,663,657
03,91,Mancherial,Mancherial,02,Dandepalle,570463,0000,VILLAGE,Makulpet,Rural,198,693,339,354,86,36,50,42,21,21,79,37,42,349,201,148,344,138,206,431,217,214,392,201,191,59,57,2,259,97,162,1,1,0,73,46,27,39,16,23,0,0,0,33,12,21,0,0,0,6,4,2,39,16,23,0,0,0,33,12,21,0,0,0,6,4,2,0,0,0,0,0,0,0,0,0,0,0,0,0,0,0,262,122,140
03,91,Mancherial,Mancherial,02,Dandepalle,570464,0000,VILLAGE,Mamidipalle,Rural,950,3500,1782,1718,317,184,133,496,252,244,560,283,277,1727,1038,689,1773,744,1029,1616,941,675,944,644,300,248,204,44,383,215,168,126,78,48,187,147,40,672,297,375,9,3,6,622,274,348,7,5,2,34,15,19,663,294,369,9,3,6,614,272,342,6,4,2,34,15,19,9,3,6,0,0,0,8,2,6,1,1,0,0,0,0,1884,841,1043
03,91,Mancherial,Mancherial,02,Dandepalle,570466,0000,VILLAGE,Kundelapahad,Rural,64,227,109,118,26,12,14,0,0,0,223,108,115,96,53,43,131,56,75,152,78,74,22,18,4,16,16,0,0,0,0,2,0,2,4,2,2,130,60,70,0,0,0,130,60,70,0,0,0,0,0,0,128,60,68,0,0,0,128,60,68,0,0,0,0,0,0,2,0,2,0,0,0,2,0,2,0,0,0,0,0,0,75,31,44
03,91,Mancherial,Mancherial,02,Dandepalle,570467,0000,VILLAGE,Tanimadugu,Rural,122,443,216,227,40,20,20,50,25,25,275,133,142,263,144,119,180,72,108,296,148,148,84,82,2,0,0,0,83,81,2,0,0,0,1,1,0,212,66,146,0,0,0,212,66,146,0,0,0,0,0,0,212,66,146,0,0,0,212,66,146,0,0,0,0,0,0,0,0,0,0,0,0,0,0,0,0,0,0,0,0,0,147,68,79
03,91,Mancherial,Mancherial,02,Dandepalle,570468,0000,VILLAGE,Dandepalle,Rural,1351,5147,2649,2498,429,230,199,972,551,421,493,247,246,2993,1822,1171,2154,827,1327,2418,1362,1056,1116,769,347,359,263,96,424,232,192,4,4,0,329,270,59,1302,593,709,25,18,7,1103,456,647,25,17,8,149,102,47,1273,581,692,25,18,7,1081,446,635,23,16,7,144,101,43,29,12,17,0,0,0,22,10,12,2,1,1,5,1,4,2729,1287,1442
03,91,Mancherial,Mancherial,02,Dandepalle,570469,0000,VILLAGE,Medaripet,Rural,802,2968,1444,1524,267,114,153,828,391,437,183,92,91,1673,943,730,1295,501,794,1489,817,672,1417,795,622,210,161,49,809,355,454,15,11,4,383,268,115,72,22,50,7,3,4,46,13,33,1,0,1,18,6,12,62,20,42,6,3,3,39,11,28,1,0,1,16,6,10,10,2,8,1,0,1,7,2,5,0,0,0,2,0,2,1479,627,852
03,91,Mancherial,Mancherial,02,Dandepalle,570470,0000,VILLAGE,Lingapur,Rural,438,1742,872,870,168,89,79,427,202,225,875,457,418,947,553,394,795,319,476,915,474,441,818,442,376,262,155,107,366,163,203,4,2,2,186,122,64,97,32,65,14,4,10,51,14,37,1,1,0,31,13,18,97,32,65,14,4,10,51,14,37,1,1,0,31,13,18,0,0,0,0,0,0,0,0,0,0,0,0,0,0,0,827,398,429
03,91,Mancherial,Mancherial,02,Dandepalle,570471,0000,VILLAGE,Bikkanguda,Rural,134,461,226,235,47,22,25,188,86,102,125,70,55,206,119,87,255,107,148,270,138,132,269,137,132,84,42,42,173,87,86,0,0,0,12,8,4,1,1,0,0,0,0,0,0,0,0,0,0,1,1,0,0,0,0,0,0,0,0,0,0,0,0,0,0,0,0,1,1,0,0,0,0,0,0,0,0,0,0,1,1,0,191,88,103
03,91,Mancherial,Mancherial,02,Dandepalle,570472,0000,VILLAGE,Laxmikantapur,Rural,230,911,456,455,65,31,34,0,0,0,0,0,0,493,306,187,418,150,268,462,238,224,453,231,222,170,85,85,187,89,98,26,11,15,70,46,24,9,7,2,0,0,0,5,4,1,1,1,0,3,2,1,8,7,1,0,0,0,4,4,0,1,1,0,3,2,1,1,0,1,0,0,0,1,0,1,0,0,0,0,0,0,449,218,231
03,91,Mancherial,Mancherial,02,Dandepalle,570473,0000,VILLAGE,Dwaraka,Rural,261,825,410,415,68,33,35,197,99,98,2,0,2,467,283,184,358,127,231,482,248,234,459,239,220,50,34,16,287,127,160,4,2,2,118,76,42,23,9,14,1,0,1,12,5,7,2,1,1,8,3,5,21,7,14,1,0,1,10,3,7,2,1,1,8,3,5,2,2,0,0,0,0,2,2,0,0,0,0,0,0,0,343,162,181
03,91,Mancherial,Mancherial,02,Dandepalle,570474,0000,VILLAGE,Peddapet,Rural,433,1668,831,837,132,72,60,763,380,383,0,0,0,848,521,327,820,310,510,878,455,423,682,426,256,72,68,4,569,325,244,6,5,1,35,28,7,196,29,167,6,0,6,183,27,156,5,2,3,2,0,2,184,27,157,6,0,6,172,25,147,4,2,2,2,0,2,12,2,10,0,0,0,11,2,9,1,0,1,0,0,0,790,376,414
03,91,Mancherial,Mancherial,02,Dandepalle,570475,0000,VILLAGE,Dharmaraopet,Rural,289,914,439,475,78,43,35,393,187,206,1,1,0,474,265,209,440,174,266,485,244,241,315,185,130,66,44,22,211,109,102,11,11,0,27,21,6,170,59,111,13,6,7,144,47,97,7,3,4,6,3,3,163,58,105,12,6,6,139,46,93,7,3,4,5,3,2,7,1,6,1,0,1,5,1,4,0,0,0,1,0,1,429,195,234
03,91,Mancherial,Mancherial,02,Dandepalle,570476,0000,VILLAGE,Narsapur,Rural,310,1220,611,609,107,62,45,291,153,138,100,52,48,643,382,261,577,229,348,640,332,308,629,328,301,105,104,1,406,136,270,0,0,0,118,88,30,11,4,7,0,0,0,8,3,5,0,0,0,3,1,2,10,4,6,0,0,0,7,3,4,0,0,0,3,1,2,1,0,1,0,0,0,1,0,1,0,0,0,0,0,0,580,279,301
03,91,Mancherial,Mancherial,02,Dandepalle,570477,0000,VILLAGE,Venkatapur,Rural,786,2830,1390,1440,244,135,109,640,309,331,257,124,133,1380,796,584,1450,594,856,1611,810,801,911,625,286,198,189,9,595,348,247,29,12,17,89,76,13,700,185,515,26,21,5,654,149,505,6,3,3,14,12,2,663,176,487,26,21,5,619,141,478,4,2,2,14,12,2,37,9,28,0,0,0,35,8,27,2,1,1,0,0,0,1219,580,639
03,91,Mancherial,Mancherial,02,Dandepalle,570478,0000,VILLAGE,Chintapalle,Rural,538,1983,1006,977,181,105,76,404,209,195,2,0,2,1019,600,419,964,406,558,1005,547,458,813,462,351,300,199,101,356,158,198,15,8,7,142,97,45,192,85,107,3,2,1,183,77,106,1,1,0,5,5,0,192,85,107,3,2,1,183,77,106,1,1,0,5,5,0,0,0,0,0,0,0,0,0,0,0,0,0,0,0,0,978,459,519
03,91,Mancherial,Mancherial,02,Dandepalle,570479,0000,VILLAGE,Kavvichelma,Rural,915,3294,1665,1629,292,154,138,456,236,220,153,72,81,1739,1016,723,1555,649,906,1611,886,725,1130,683,447,343,280,63,609,259,350,13,9,4,165,135,30,481,203,278,26,9,17,399,154,245,6,4,2,50,36,14,452,186,266,26,9,17,381,147,234,4,2,2,41,28,13,29,17,12,0,0,0,18,7,11,2,2,0,9,8,1,1683,779,904
03,91,Mancherial,Mancherial,02,Dandepalle,570480,0000,VILLAGE,Mutyampet,Rural,303,1145,559,586,83,49,34,180,85,95,31,12,19,716,403,313,429,156,273,595,311,284,567,304,263,124,85,39,80,22,58,25,14,11,338,183,155,28,7,21,1,1,0,26,6,20,1,0,1,0,0,0,27,7,20,1,1,0,25,6,19,1,0,1,0,0,0,1,0,1,0,0,0,1,0,1,0,0,0,0,0,0,550,248,302
03,91,Mancherial,Mancherial,02,Dandepalle,570481,0000,VILLAGE,Rebbenpalle,Rural,729,2539,1246,1293,209,112,97,549,265,284,168,81,87,1291,736,555,1248,510,738,1229,674,555,1145,659,486,277,183,94,544,228,316,9,6,3,315,242,73,84,15,69,1,0,1,72,11,61,2,1,1,9,3,6,80,13,67,1,0,1,70,11,59,1,0,1,8,2,6,4,2,2,0,0,0,2,0,2,1,1,0,1,1,0,1310,572,738
03,91,Mancherial,Mancherial,02,Dandepalle,570482,0000,VILLAGE,Andugulpet,Rural,135,503,245,258,39,11,28,0,0,0,0,0,0,259,154,105,244,91,153,255,133,122,250,130,120,148,79,69,74,30,44,0,0,0,28,21,7,5,3,2,0,0,0,3,1,2,0,0,0,2,2,0,5,3,2,0,0,0,3,1,2,0,0,0,2,2,0,0,0,0,0,0,0,0,0,0,0,0,0,0,0,0,248,112,136
03,91,Mancherial,Mancherial,02,Dandepalle,570483,0000,VILLAGE,Kondapur,Rural,320,1125,573,552,99,53,46,390,196,194,6,3,3,559,334,225,566,239,327,557,302,255,539,291,248,86,78,8,394,169,225,41,32,9,18,12,6,18,11,7,4,3,1,12,6,6,1,1,0,1,1,0,15,11,4,4,3,1,9,6,3,1,1,0,1,1,0,3,0,3,0,0,0,3,0,3,0,0,0,0,0,0,568,271,297
03,91,Mancherial,Mancherial,02,Dandepalle,570484,0000,VILLAGE,Kasipet,Rural,358,1388,679,709,125,64,61,313,153,160,24,12,12,626,363,263,762,316,446,783,390,393,508,256,252,153,111,42,267,89,178,8,5,3,80,51,29,275,134,141,2,1,1,224,113,111,34,16,18,15,4,11,39,19,20,1,0,1,27,15,12,1,1,0,10,3,7,236,115,121,1,1,0,197,98,99,33,15,18,5,1,4,605,289,316
03,91,Mancherial,Mancherial,02,Dandepalle,570485,0000,VILLAGE,Velganoor,Rural,550,2043,1027,1016,182,109,73,200,102,98,1,1,0,987,570,417,1056,457,599,1037,549,488,1026,542,484,300,184,116,619,273,346,36,26,10,71,59,12,11,7,4,1,1,0,6,2,4,2,2,0,2,2,0,10,6,4,1,1,0,6,2,4,2,2,0,1,1,0,1,1,0,0,0,0,0,0,0,0,0,0,1,1,0,1006,478,528
03,91,Mancherial,Mancherial,02,Dandepalle,570486,0000,VILLAGE,Jaidapet,Rural,3,14,5,9,2,1,1,0,0,0,12,4,8,2,0,2,12,5,7,8,3,5,8,3,5,0,0,0,8,3,5,0,0,0,0,0,0,0,0,0,0,0,0,0,0,0,0,0,0,0,0,0,0,0,0,0,0,0,0,0,0,0,0,0,0,0,0,0,0,0,0,0,0,0,0,0,0,0,0,0,0,0,6,2,4
03,91,Mancherial,Mancherial,02,Dandepalle,570487,0000,VILLAGE,Nambal,Rural,491,1808,891,917,162,83,79,159,74,85,44,17,27,858,517,341,950,374,576,878,438,440,834,425,409,215,181,34,486,145,341,29,14,15,104,85,19,44,13,31,10,3,7,25,4,21,1,1,0,8,5,3,40,11,29,9,3,6,23,3,20,1,1,0,7,4,3,4,2,2,1,0,1,2,1,1,0,0,0,1,1,0,930,453,477
03,91,Mancherial,Mancherial,02,Dandepalle,570488,0000,VILLAGE,Gudam,Rural,707,2593,1274,1319,284,150,134,338,166,172,0,0,0,1315,781,534,1278,493,785,1369,707,662,891,491,400,379,206,173,361,159,202,7,4,3,144,122,22,478,216,262,21,13,8,196,68,128,6,2,4,255,133,122,457,209,248,21,13,8,188,67,121,6,2,4,242,127,115,21,7,14,0,0,0,8,1,7,0,0,0,13,6,7,1224,567,657
03,91,Mancherial,Mancherial,02,Dandepalle,570489,0000,VILLAGE,Kamepalle,Rural,429,1534,771,763,134,73,61,253,115,138,0,0,0,806,483,323,728,288,440,821,426,395,667,373,294,138,133,5,343,91,252,3,2,1,183,147,36,154,53,101,8,5,3,130,39,91,1,0,1,15,9,6,56,23,33,8,5,3,35,11,24,1,0,1,12,7,5,98,30,68,0,0,0,95,28,67,0,0,0,3,2,1,713,345,368
03,92,Bellampalle,Mancherial,05,Kasipet,570490,0000,VILLAGE,Kurreghad,Rural,6,33,18,15,12,7,5,0,0,0,33,18,15,0,0,0,33,18,15,17,11,6,16,10,6,0,0,0,16,10,6,0,0,0,0,0,0,1,1,0,0,0,0,1,1,0,0,0,0,0,0,0,1,1,0,0,0,0,1,1,0,0,0,0,0,0,0,0,0,0,0,0,0,0,0,0,0,0,0,0,0,0,16,7,9
03,92,Bellampalle,Mancherial,05,Kasipet,570491,0000,VILLAGE,Sonapur,Rural,186,707,351,356,106,51,55,1,1,0,697,346,351,227,146,81,480,205,275,419,214,205,308,202,106,152,109,43,124,67,57,0,0,0,32,26,6,111,12,99,32,4,28,74,5,69,0,0,0,5,3,2,104,9,95,30,2,28,70,5,65,0,0,0,4,2,2,7,3,4,2,2,0,4,0,4,0,0,0,1,1,0,288,137,151
03,92,Bellampalle,Mancherial,05,Kasipet,570492,0000,VILLAGE,Venkatapur,Rural,217,764,394,370,93,46,47,50,28,22,543,281,262,290,171,119,474,223,251,532,267,265,531,267,264,304,155,149,216,105,111,4,2,2,7,5,2,1,0,1,1,0,1,0,0,0,0,0,0,0,0,0,1,0,1,1,0,1,0,0,0,0,0,0,0,0,0,0,0,0,0,0,0,0,0,0,0,0,0,0,0,0,232,127,105
03,92,Bellampalle,Mancherial,05,Kasipet,570493,0000,VILLAGE,Tirmalapur,Rural,28,106,55,51,20,12,8,0,0,0,105,55,50,30,19,11,76,36,40,61,33,28,56,31,25,12,6,6,40,22,18,2,1,1,2,2,0,5,2,3,0,0,0,3,1,2,0,0,0,2,1,1,5,2,3,0,0,0,3,1,2,0,0,0,2,1,1,0,0,0,0,0,0,0,0,0,0,0,0,0,0,0,45,22,23
03,92,Bellampalle,Mancherial,05,Kasipet,570494,0000,VILLAGE,Dharmaraopet,Rural,658,2478,1220,1258,260,123,137,130,69,61,602,286,316,1099,616,483,1379,604,775,1131,716,415,826,596,230,103,87,16,562,366,196,17,16,1,144,127,17,305,120,185,5,1,4,215,95,120,5,2,3,80,22,58,244,77,167,4,1,3,166,61,105,3,0,3,71,15,56,61,43,18,1,0,1,49,34,15,2,2,0,9,7,2,1347,504,843
03,92,Bellampalle,Mancherial,05,Kasipet,570495,0000,VILLAGE,Malkepalle,Rural,307,1335,769,566,116,55,61,376,204,172,339,218,121,782,543,239,553,226,327,595,348,247,400,255,145,103,70,33,211,121,90,49,36,13,37,28,9,195,93,102,7,4,3,162,66,96,5,4,1,21,19,2,183,82,101,7,4,3,162,66,96,5,4,1,9,8,1,12,11,1,0,0,0,0,0,0,0,0,0,12,11,1,740,421,319
03,92,Bellampalle,Mancherial,05,Kasipet,570496,0000,VILLAGE,Rottepalle,Rural,82,312,147,165,44,18,26,117,49,68,187,92,95,137,77,60,175,70,105,208,99,109,146,72,74,125,63,62,4,3,1,8,3,5,9,3,6,62,27,35,8,4,4,28,12,16,0,0,0,26,11,15,61,27,34,8,4,4,27,12,15,0,0,0,26,11,15,1,0,1,0,0,0,1,0,1,0,0,0,0,0,0,104,48,56
03,92,Bellampalle,Mancherial,05,Kasipet,570497,0000,VILLAGE,Peddapur,Rural,62,253,122,131,41,21,20,0,0,0,196,95,101,84,52,32,169,70,99,151,72,79,53,32,21,20,16,4,23,11,12,3,2,1,7,3,4,98,40,58,9,2,7,61,24,37,6,0,6,22,14,8,89,35,54,9,2,7,57,22,35,6,0,6,17,11,6,9,5,4,0,0,0,4,2,2,0,0,0,5,3,2,102,50,52
03,92,Bellampalle,Mancherial,05,Kasipet,570498,0000,VILLAGE,Ghatrapalli,Rural,143,547,276,271,62,32,30,0,0,0,547,276,271,174,109,65,373,167,206,373,189,184,253,175,78,112,89,23,130,76,54,0,0,0,11,10,1,120,14,106,3,0,3,117,14,103,0,0,0,0,0,0,118,13,105,3,0,3,115,13,102,0,0,0,0,0,0,2,1,1,0,0,0,2,1,1,0,0,0,0,0,0,174,87,87
03,92,Bellampalle,Mancherial,05,Kasipet,570499,0000,VILLAGE,Chintaguda,Rural,73,256,134,122,31,23,8,37,21,16,201,106,95,143,81,62,113,53,60,154,72,82,111,56,55,32,15,17,56,29,27,10,5,5,13,7,6,43,16,27,2,1,1,28,8,20,4,2,2,9,5,4,38,15,23,2,1,1,26,8,18,4,2,2,6,4,2,5,1,4,0,0,0,2,0,2,0,0,0,3,1,2,102,62,40
03,92,Bellampalle,Mancherial,05,Kasipet,570500,0000,VILLAGE,Kondapur,Rural,135,535,257,278,73,35,38,13,8,5,93,44,49,245,136,109,290,121,169,296,144,152,265,126,139,8,8,0,229,101,128,14,7,7,14,10,4,31,18,13,1,1,0,25,15,10,2,0,2,3,2,1,31,18,13,1,1,0,25,15,10,2,0,2,3,2,1,0,0,0,0,0,0,0,0,0,0,0,0,0,0,0,239,113,126
03,92,Bellampalle,Mancherial,05,Kasipet,570501,0000,VILLAGE,Konur,Rural,292,1177,592,585,107,56,51,19,11,8,273,126,147,605,341,264,572,251,321,527,338,189,496,323,173,98,75,23,256,125,131,32,22,10,110,101,9,31,15,16,2,1,1,12,4,8,0,0,0,17,10,7,31,15,16,2,1,1,12,4,8,0,0,0,17,10,7,0,0,0,0,0,0,0,0,0,0,0,0,0,0,0,650,254,396
03,92,Bellampalle,Mancherial,05,Kasipet,570502,0000,VILLAGE,Pallamguda,Rural,327,1188,594,594,137,71,66,83,45,38,665,331,334,525,287,238,663,307,356,662,359,303,588,324,264,36,20,16,525,284,241,4,2,2,23,18,5,74,35,39,1,0,1,49,20,29,11,7,4,13,8,5,60,30,30,1,0,1,43,18,25,7,6,1,9,6,3,14,5,9,0,0,0,6,2,4,4,1,3,4,2,2,526,235,291
03,92,Bellampalle,Mancherial,05,Kasipet,570503,0000,VILLAGE,Kankalapur,Rural,91,317,152,165,29,18,11,0,0,0,283,138,145,161,83,78,156,69,87,194,98,96,31,27,4,25,22,3,3,2,1,0,0,0,3,3,0,163,71,92,2,0,2,145,63,82,2,0,2,14,8,6,153,67,86,2,0,2,137,61,76,2,0,2,12,6,6,10,4,6,0,0,0,8,2,6,0,0,0,2,2,0,123,54,69
03,92,Bellampalle,Mancherial,05,Kasipet,570504,0000,VILLAGE,Kometichenu,Rural,277,1084,571,513,97,47,50,674,353,321,384,207,177,666,416,250,418,155,263,481,284,197,191,151,40,8,6,2,111,92,19,5,0,5,67,53,14,290,133,157,2,1,1,200,97,103,19,3,16,69,32,37,277,129,148,2,1,1,193,95,98,19,3,16,63,30,33,13,4,9,0,0,0,7,2,5,0,0,0,6,2,4,603,287,316
03,92,Bellampalle,Mancherial,05,Kasipet,570505,0000,VILLAGE,Gurvapur,Rural,59,225,107,118,22,11,11,0,0,0,219,105,114,73,34,39,152,73,79,136,77,59,47,39,8,36,30,6,6,6,0,0,0,0,5,3,2,89,38,51,1,1,0,88,37,51,0,0,0,0,0,0,89,38,51,1,1,0,88,37,51,0,0,0,0,0,0,0,0,0,0,0,0,0,0,0,0,0,0,0,0,0,89,30,59
03,92,Bellampalle,Mancherial,05,Kasipet,570506,0000,VILLAGE,Muthempalle,Rural,936,3679,1827,1852,326,174,152,451,224,227,470,238,232,2100,1164,936,1579,663,916,1559,977,582,905,626,279,61,59,2,467,251,216,14,10,4,363,306,57,654,351,303,53,43,10,442,231,211,8,2,6,151,75,76,581,322,259,53,43,10,376,207,169,8,2,6,144,70,74,73,29,44,0,0,0,66,24,42,0,0,0,7,5,2,2120,850,1270
03,92,Bellampalle,Mancherial,05,Kasipet,570507,0000,VILLAGE,Varipet,Rural,107,356,183,173,41,23,18,37,19,18,81,47,34,145,87,58,211,96,115,196,111,85,104,92,12,59,59,0,32,23,9,1,1,0,12,9,3,92,19,73,0,0,0,89,18,71,0,0,0,3,1,2,83,19,64,0,0,0,81,18,63,0,0,0,2,1,1,9,0,9,0,0,0,8,0,8,0,0,0,1,0,1,160,72,88
03,92,Bellampalle,Mancherial,05,Kasipet,570508,0000,VILLAGE,Peddampalle,Rural,194,698,345,353,86,48,38,104,47,57,330,170,160,310,166,144,388,179,209,430,213,217,212,163,49,10,10,0,160,122,38,19,10,9,23,21,2,218,50,168,5,0,5,153,30,123,7,1,6,53,19,34,190,42,148,4,0,4,128,22,106,7,1,6,51,19,32,28,8,20,1,0,1,25,8,17,0,0,0,2,0,2,268,132,136
03,92,Bellampalle,Mancherial,11,Bellampalle,570511,0000,VILLAGE,Ankusam,Rural,284,1032,580,452,86,50,36,442,254,188,251,132,119,684,424,260,348,156,192,455,301,154,199,134,65,40,38,2,91,42,49,1,1,0,67,53,14,256,167,89,6,5,1,217,136,81,6,5,1,27,21,6,248,161,87,6,5,1,211,131,80,6,5,1,25,20,5,8,6,2,0,0,0,6,5,1,0,0,0,2,1,1,577,279,298
03,92,Bellampalle,Mancherial,11,Bellampalle,570512,0000,VILLAGE,Kannal,Rural,267,938,478,460,75,40,35,183,92,91,10,6,4,574,308,266,364,170,194,452,254,198,373,239,134,58,52,6,232,110,122,2,2,0,81,75,6,79,15,64,0,0,0,76,12,64,0,0,0,3,3,0,72,13,59,0,0,0,70,11,59,0,0,0,2,2,0,7,2,5,0,0,0,6,1,5,0,0,0,1,1,0,486,224,262
03,92,Bellampalle,Mancherial,11,Bellampalle,570513,0000,VILLAGE,Chakepalle,Rural,611,2222,1184,1038,183,100,83,407,232,175,1,1,0,1382,840,542,840,344,496,1041,630,411,699,507,192,125,111,14,353,217,136,11,11,0,210,168,42,342,123,219,34,18,16,257,78,179,9,4,5,42,23,19,334,118,216,33,17,16,253,77,176,8,3,5,40,21,19,8,5,3,1,1,0,4,1,3,1,1,0,2,2,0,1181,554,627
03,92,Bellampalle,Mancherial,11,Bellampalle,570514,0000,VILLAGE,Budhakalan,Rural,799,3053,1696,1357,238,159,79,518,261,257,7,3,4,1953,1179,774,1100,517,583,1155,806,349,927,686,241,110,100,10,458,263,195,2,2,0,357,321,36,228,120,108,23,13,10,121,52,69,3,1,2,81,54,27,175,89,86,21,12,9,94,37,57,3,1,2,57,39,18,53,31,22,2,1,1,27,15,12,0,0,0,24,15,9,1898,890,1008
03,92,Bellampalle,Mancherial,11,Bellampalle,570515,0000,VILLAGE,Budha khurd,Rural,487,1854,998,856,165,89,76,665,368,297,8,5,3,1027,619,408,827,379,448,846,523,323,582,415,167,24,24,0,392,239,153,5,4,1,161,148,13,264,108,156,5,2,3,219,76,143,1,0,1,39,30,9,244,102,142,2,1,1,206,72,134,1,0,1,35,29,6,20,6,14,3,1,2,13,4,9,0,0,0,4,1,3,1008,475,533
03,92,Bellampalle,Mancherial,11,Bellampalle,570516,0000,VILLAGE,Chandravelli,Rural,566,1942,1004,938,159,83,76,399,197,202,67,36,31,1128,647,481,814,357,457,995,563,432,613,467,146,58,53,5,274,190,84,21,17,4,260,207,53,382,96,286,10,2,8,292,67,225,15,1,14,65,26,39,337,91,246,10,2,8,264,64,200,8,1,7,55,24,31,45,5,40,0,0,0,28,3,25,7,0,7,10,2,8,947,441,506
03,92,Bellampalle,Mancherial,11,Bellampalle,570517,0000,VILLAGE,Rangapet,Rural,120,406,277,129,34,20,14,321,217,104,0,0,0,329,223,106,77,54,23,176,132,44,51,44,7,16,13,3,8,6,2,0,0,0,27,25,2,125,88,37,5,2,3,106,75,31,4,2,2,10,9,1,120,85,35,5,2,3,101,72,29,4,2,2,10,9,1,5,3,2,0,0,0,5,3,2,0,0,0,0,0,0,230,145,85
03,92,Bellampalle,Mancherial,11,Bellampalle,570518,0000,VILLAGE,Dugnepalle,Rural,112,467,260,207,30,19,11,439,240,199,0,0,0,328,190,138,139,70,69,177,115,62,118,94,24,15,11,4,88,70,18,0,0,0,15,13,2,59,21,38,4,2,2,48,16,32,1,0,1,6,3,3,53,21,32,4,2,2,42,16,26,1,0,1,6,3,3,6,0,6,0,0,0,6,0,6,0,0,0,0,0,0,290,145,145
03,92,Bellampalle,Mancherial,11,Bellampalle,570519,0000,VILLAGE,Gurjal,Rural,736,2795,1498,1297,156,83,73,1120,593,527,67,36,31,1820,1074,746,975,424,551,1166,749,417,575,440,135,60,55,5,221,130,91,20,18,2,274,237,37,591,309,282,29,24,5,319,168,151,13,12,1,230,105,125,542,289,253,28,23,5,289,158,131,12,11,1,213,97,116,49,20,29,1,1,0,30,10,20,1,1,0,17,8,9,1629,749,880
03,92,Bellampalle,Mancherial,11,Bellampalle,570520,0000,VILLAGE,Akenipalle,Rural,2365,8864,4461,4403,639,333,306,2177,1061,1116,275,136,139,5396,3019,2377,3468,1442,2026,3830,2390,1440,1811,1466,345,178,160,18,586,383,203,27,19,8,1020,904,116,2019,924,1095,70,40,30,1553,647,906,37,15,22,359,222,137,1792,843,949,69,40,29,1388,606,782,32,14,18,303,183,120,227,81,146,1,0,1,165,41,124,5,1,4,56,39,17,5034,2071,2963
03,92,Bellampalle,Mancherial,11,Bellampalle,570521,0000,VILLAGE,Batwanpalle,Rural,462,1755,875,880,193,102,91,844,431,413,77,47,30,816,483,333,939,392,547,836,486,350,769,443,326,33,24,9,497,246,251,5,3,2,234,170,64,67,43,24,2,2,0,5,1,4,1,1,0,59,39,20,38,27,11,2,2,0,5,1,4,1,1,0,30,23,7,29,16,13,0,0,0,0,0,0,0,0,0,29,16,13,919,389,530
03,92,Bellampalle,Mancherial,11,Bellampalle,570522,0000,VILLAGE,Perkapalle,Rural,416,1611,823,788,153,81,72,215,105,110,283,148,135,864,506,358,747,317,430,659,413,246,536,377,159,226,157,69,167,102,65,20,12,8,123,106,17,123,36,87,2,1,1,112,31,81,6,2,4,3,2,1,123,36,87,2,1,1,112,31,81,6,2,4,3,2,1,0,0,0,0,0,0,0,0,0,0,0,0,0,0,0,952,410,542
03,91,Mancherial,Mancherial,18,Kotapalle,570523,0000,VILLAGE,Nakkalpalle,Rural,253,880,411,469,65,35,30,159,79,80,9,4,5,434,225,209,446,186,260,559,265,294,550,262,288,48,25,23,461,207,254,7,6,1,34,24,10,9,3,6,0,0,0,7,2,5,0,0,0,2,1,1,9,3,6,0,0,0,7,2,5,0,0,0,2,1,1,0,0,0,0,0,0,0,0,0,0,0,0,0,0,0,321,146,175
03,91,Mancherial,Mancherial,18,Kotapalle,570524,0000,VILLAGE,Brahmanpalle,Rural,94,360,174,186,44,19,25,0,0,0,5,1,4,173,100,73,187,74,113,195,102,93,152,86,66,16,16,0,128,63,65,0,0,0,8,7,1,43,16,27,0,0,0,35,9,26,0,0,0,8,7,1,40,16,24,0,0,0,32,9,23,0,0,0,8,7,1,3,0,3,0,0,0,3,0,3,0,0,0,0,0,0,165,72,93
03,91,Mancherial,Mancherial,18,Kotapalle,570526,0000,VILLAGE,Mallampet,Rural,254,1002,494,508,111,61,50,568,274,294,26,12,14,456,282,174,546,212,334,576,284,292,541,271,270,177,94,83,314,145,169,0,0,0,50,32,18,35,13,22,6,1,5,25,11,14,0,0,0,4,1,3,9,3,6,2,1,1,6,2,4,0,0,0,1,0,1,26,10,16,4,0,4,19,9,10,0,0,0,3,1,2,426,210,216
03,91,Mancherial,Mancherial,18,Kotapalle,570527,0000,VILLAGE,Shankarpur,Rural,49,176,107,69,6,1,5,0,0,0,9,4,5,99,70,29,77,37,40,103,69,34,103,69,34,58,38,20,36,23,13,0,0,0,9,8,1,0,0,0,0,0,0,0,0,0,0,0,0,0,0,0,0,0,0,0,0,0,0,0,0,0,0,0,0,0,0,0,0,0,0,0,0,0,0,0,0,0,0,0,0,0,73,38,35
03,91,Mancherial,Mancherial,18,Kotapalle,570528,0000,VILLAGE,Shetpalle,Rural,332,1206,610,596,48,27,21,457,229,228,29,12,17,767,431,336,439,179,260,611,347,264,468,299,169,136,117,19,244,120,124,1,1,0,87,61,26,143,48,95,6,5,1,131,38,93,0,0,0,6,5,1,134,46,88,4,4,0,124,37,87,0,0,0,6,5,1,9,2,7,2,1,1,7,1,6,0,0,0,0,0,0,595,263,332
03,91,Mancherial,Mancherial,18,Kotapalle,570529,0000,VILLAGE,Pangadisomaram,Rural,149,670,345,325,30,17,13,138,71,67,93,49,44,353,197,156,317,148,169,326,163,163,126,109,17,105,98,7,9,2,7,0,0,0,12,9,3,200,54,146,5,4,1,191,48,143,1,0,1,3,2,1,192,51,141,2,2,0,187,48,139,1,0,1,2,1,1,8,3,5,3,2,1,4,0,4,0,0,0,1,1,0,344,182,162
03,91,Mancherial,Mancherial,18,Kotapalle,570530,0000,VILLAGE,Kotapalle,Rural,418,1552,938,614,121,84,37,383,235,148,64,35,29,936,625,311,616,313,303,741,504,237,341,245,96,56,51,5,154,98,56,3,2,1,128,94,34,400,259,141,4,2,2,370,235,135,4,3,1,22,19,3,387,248,139,4,2,2,363,229,134,3,2,1,17,15,2,13,11,2,0,0,0,7,6,1,1,1,0,5,4,1,811,434,377
03,91,Mancherial,Mancherial,18,Kotapalle,570531,0000,VILLAGE,Vesonvai,Rural,163,634,301,333,55,29,26,240,118,122,242,107,135,292,173,119,342,128,214,333,146,187,103,83,20,68,59,9,19,12,7,3,3,0,13,9,4,230,63,167,4,3,1,222,60,162,3,0,3,1,0,1,227,63,164,4,3,1,220,60,160,3,0,3,0,0,0,3,0,3,0,0,0,2,0,2,0,0,0,1,0,1,301,155,146
03,91,Mancherial,Mancherial,18,Kotapalle,570532,0000,VILLAGE,Sarvaipet,Rural,290,1145,666,479,90,61,29,443,247,196,321,201,120,734,460,274,411,206,205,591,361,230,455,313,142,103,96,7,328,198,130,2,1,1,22,18,4,136,48,88,6,2,4,126,44,82,0,0,0,4,2,2,133,47,86,6,2,4,123,43,80,0,0,0,4,2,2,3,1,2,0,0,0,3,1,2,0,0,0,0,0,0,554,305,249
03,91,Mancherial,Mancherial,18,Kotapalle,570533,0000,VILLAGE,Kondampet,Rural,272,1066,538,528,83,38,45,621,316,305,212,109,103,513,298,215,553,240,313,571,291,280,533,279,254,116,93,23,374,154,220,0,0,0,43,32,11,38,12,26,0,0,0,35,9,26,0,0,0,3,3,0,36,12,24,0,0,0,33,9,24,0,0,0,3,3,0,2,0,2,0,0,0,2,0,2,0,0,0,0,0,0,495,247,248
03,91,Mancherial,Mancherial,18,Kotapalle,570534,0000,VILLAGE,Nagampet,Rural,241,966,515,451,61,41,20,565,324,241,45,17,28,560,335,225,406,180,226,542,282,260,366,216,150,82,61,21,216,116,100,25,7,18,43,32,11,176,66,110,4,3,1,151,52,99,0,0,0,21,11,10,154,62,92,4,3,1,134,50,84,0,0,0,16,9,7,22,4,18,0,0,0,17,2,15,0,0,0,5,2,3,424,233,191
03,91,Mancherial,Mancherial,18,Kotapalle,570535,0000,VILLAGE,Bopparam,Rural,101,450,245,205,31,16,15,104,65,39,91,47,44,214,138,76,236,107,129,264,140,124,263,139,124,96,88,8,125,27,98,0,0,0,42,24,18,1,1,0,0,0,0,1,1,0,0,0,0,0,0,0,1,1,0,0,0,0,1,1,0,0,0,0,0,0,0,0,0,0,0,0,0,0,0,0,0,0,0,0,0,0,186,105,81
03,91,Mancherial,Mancherial,18,Kotapalle,570536,0000,VILLAGE,Venchapalle,Rural,235,874,469,405,91,52,39,137,78,59,63,36,27,430,262,168,444,207,237,437,248,189,266,212,54,77,54,23,124,107,17,10,10,0,55,41,14,171,36,135,3,1,2,161,31,130,0,0,0,7,4,3,164,34,130,3,1,2,156,30,126,0,0,0,5,3,2,7,2,5,0,0,0,5,1,4,0,0,0,2,1,1,437,221,216
03,91,Mancherial,Mancherial,18,Kotapalle,570537,0000,VILLAGE,Supak,Rural,203,839,429,410,85,51,34,192,98,94,0,0,0,369,231,138,470,198,272,463,239,224,52,38,14,27,25,2,2,0,2,11,3,8,12,10,2,411,201,210,1,1,0,393,188,205,0,0,0,17,12,5,410,201,209,1,1,0,392,188,204,0,0,0,17,12,5,1,0,1,0,0,0,1,0,1,0,0,0,0,0,0,376,190,186
03,91,Mancherial,Mancherial,18,Kotapalle,570538,0000,VILLAGE,Jangaon,Rural,449,1751,908,843,161,93,68,333,186,147,296,138,158,780,474,306,971,434,537,1058,528,530,699,440,259,138,130,8,514,277,237,1,1,0,46,32,14,359,88,271,104,17,87,241,60,181,0,0,0,14,11,3,241,54,187,63,7,56,169,41,128,0,0,0,9,6,3,118,34,84,41,10,31,72,19,53,0,0,0,5,5,0,693,380,313
03,91,Mancherial,Mancherial,18,Kotapalle,570539,0000,VILLAGE,Algaon,Rural,433,1643,891,752,119,57,62,1098,610,488,183,102,81,924,597,327,719,294,425,875,476,399,156,139,17,102,96,6,36,32,4,3,2,1,15,9,6,719,337,382,53,34,19,630,281,349,10,5,5,26,17,9,498,229,269,46,30,16,424,182,242,5,2,3,23,15,8,221,108,113,7,4,3,206,99,107,5,3,2,3,2,1,768,415,353
03,91,Mancherial,Mancherial,18,Kotapalle,570541,0000,VILLAGE,Pullagaon,Rural,264,937,456,481,129,62,67,311,159,152,80,35,45,378,225,153,559,231,328,522,285,237,517,282,235,79,70,9,373,168,205,0,0,0,65,44,21,5,3,2,0,0,0,2,0,2,0,0,0,3,3,0,5,3,2,0,0,0,2,0,2,0,0,0,3,3,0,0,0,0,0,0,0,0,0,0,0,0,0,0,0,0,415,171,244
03,91,Mancherial,Mancherial,18,Kotapalle,570542,0000,VILLAGE,Sirsa,Rural,350,1313,637,676,123,68,55,328,156,172,135,67,68,593,366,227,720,271,449,813,404,409,812,404,408,295,156,139,441,193,248,5,4,1,71,51,20,1,0,1,0,0,0,1,0,1,0,0,0,0,0,0,1,0,1,0,0,0,1,0,1,0,0,0,0,0,0,0,0,0,0,0,0,0,0,0,0,0,0,0,0,0,500,233,267
03,91,Mancherial,Mancherial,18,Kotapalle,570543,0000,VILLAGE,EdulaBandam,Rural,484,1943,992,951,240,139,101,1392,698,694,297,158,139,851,524,327,1092,468,624,1148,560,588,703,468,235,363,289,74,303,148,155,2,1,1,35,30,5,445,92,353,27,11,16,412,77,335,0,0,0,6,4,2,444,92,352,26,11,15,412,77,335,0,0,0,6,4,2,1,0,1,1,0,1,0,0,0,0,0,0,0,0,0,795,432,363
03,91,Mancherial,Mancherial,18,Kotapalle,570544,0000,VILLAGE,Lingannapet,Rural,182,677,331,346,84,49,35,288,141,147,114,52,62,255,161,94,422,170,252,385,188,197,376,185,191,7,7,0,352,167,185,11,7,4,6,4,2,9,3,6,0,0,0,4,0,4,1,0,1,4,3,1,8,3,5,0,0,0,3,0,3,1,0,1,4,3,1,1,0,1,0,0,0,1,0,1,0,0,0,0,0,0,292,143,149
03,91,Mancherial,Mancherial,18,Kotapalle,570546,0000,VILLAGE,Erragatta,Rural,131,512,260,252,51,24,27,255,134,121,1,1,0,290,168,122,222,92,130,231,128,103,162,105,57,100,75,25,52,26,26,0,0,0,10,4,6,69,23,46,8,5,3,57,17,40,0,0,0,4,1,3,31,13,18,8,5,3,19,7,12,0,0,0,4,1,3,38,10,28,0,0,0,38,10,28,0,0,0,0,0,0,281,132,149
03,91,Mancherial,Mancherial,18,Kotapalle,570547,0000,VILLAGE,Pinnaram,Rural,189,737,386,351,69,38,31,189,104,85,22,12,10,363,227,136,374,159,215,469,269,200,317,198,119,125,98,27,133,71,62,11,7,4,48,22,26,152,71,81,76,45,31,40,12,28,6,0,6,30,14,16,140,69,71,71,45,26,33,10,23,6,0,6,30,14,16,12,2,10,5,0,5,7,2,5,0,0,0,0,0,0,268,117,151
03,91,Mancherial,Mancherial,18,Kotapalle,570548,0000,VILLAGE,Parpalle,Rural,440,1628,826,802,182,98,84,577,296,281,18,11,7,689,436,253,939,390,549,932,499,433,740,451,289,286,254,32,396,153,243,1,1,0,57,43,14,192,48,144,0,0,0,167,30,137,1,0,1,24,18,6,142,39,103,0,0,0,121,23,98,1,0,1,20,16,4,50,9,41,0,0,0,46,7,39,0,0,0,4,2,2,696,327,369
03,91,Mancherial,Mancherial,18,Kotapalle,570549,0000,VILLAGE,Yerripet,Rural,39,162,81,81,26,12,14,0,0,0,14,6,8,77,44,33,85,37,48,84,48,36,44,41,3,7,7,0,14,14,0,0,0,0,23,20,3,40,7,33,0,0,0,40,7,33,0,0,0,0,0,0,2,2,0,0,0,0,2,2,0,0,0,0,0,0,0,38,5,33,0,0,0,38,5,33,0,0,0,0,0,0,78,33,45
03,91,Mancherial,Mancherial,18,Kotapalle,570550,0000,VILLAGE,Borampalle,Rural,58,234,120,114,21,13,8,144,77,67,0,0,0,108,61,47,126,59,67,130,67,63,31,27,4,17,15,2,13,11,2,0,0,0,1,1,0,99,40,59,2,2,0,90,31,59,4,4,0,3,3,0,95,38,57,2,2,0,88,31,57,3,3,0,2,2,0,4,2,2,0,0,0,2,0,2,1,1,0,1,1,0,104,53,51
03,91,Mancherial,Mancherial,18,Kotapalle,570551,0000,VILLAGE,Kawarkothapalle,Rural,114,479,233,246,55,21,34,0,0,0,242,120,122,175,104,71,304,129,175,315,159,156,313,158,155,39,39,0,216,80,136,0,0,0,58,39,19,2,1,1,0,0,0,1,0,1,0,0,0,1,1,0,2,1,1,0,0,0,1,0,1,0,0,0,1,1,0,0,0,0,0,0,0,0,0,0,0,0,0,0,0,0,164,74,90
03,91,Mancherial,Mancherial,18,Kotapalle,570552,0000,VILLAGE,Annaram,Rural,484,1877,866,1011,210,88,122,645,299,346,52,23,29,860,505,355,1017,361,656,1050,540,510,1035,536,499,383,230,153,527,216,311,0,0,0,125,90,35,15,4,11,0,0,0,12,2,10,0,0,0,3,2,1,10,4,6,0,0,0,8,2,6,0,0,0,2,2,0,5,0,5,0,0,0,4,0,4,0,0,0,1,0,1,827,326,501
03,91,Mancherial,Mancherial,18,Kotapalle,570553,0000,VILLAGE,Arjungutta,Rural,103,415,194,221,65,37,28,121,64,57,138,63,75,179,94,85,236,100,136,219,106,113,124,66,58,109,57,52,4,2,2,6,4,2,5,3,2,95,40,55,4,1,3,85,36,49,2,0,2,4,3,1,94,40,54,4,1,3,84,36,48,2,0,2,4,3,1,1,0,1,0,0,0,1,0,1,0,0,0,0,0,0,196,88,108
03,91,Mancherial,Mancherial,18,Kotapalle,570554,0000,VILLAGE,Rajaram,Rural,157,646,309,337,74,33,41,164,76,88,157,76,81,256,155,101,390,154,236,386,195,191,379,192,187,73,67,6,289,112,177,1,1,0,16,12,4,7,3,4,3,0,3,2,1,1,1,1,0,1,1,0,3,2,1,0,0,0,2,1,1,1,1,0,0,0,0,4,1,3,3,0,3,0,0,0,0,0,0,1,1,0,260,114,146
03,91,Mancherial,Mancherial,18,Kotapalle,570555,0000,VILLAGE,Rampur,Rural,285,1059,531,528,139,68,71,356,191,165,0,0,0,479,286,193,580,245,335,551,317,234,520,300,220,289,160,129,162,91,71,3,2,1,66,47,19,31,17,14,6,3,3,19,9,10,0,0,0,6,5,1,31,17,14,6,3,3,19,9,10,0,0,0,6,5,1,0,0,0,0,0,0,0,0,0,0,0,0,0,0,0,508,214,294
03,91,Mancherial,Mancherial,18,Kotapalle,570556,0000,VILLAGE,Kollur,Rural,233,820,543,277,89,62,27,235,120,115,227,187,40,461,339,122,359,204,155,370,247,123,295,205,90,97,69,28,99,60,39,8,4,4,91,72,19,75,42,33,16,9,7,12,5,7,4,4,0,43,24,19,72,41,31,15,9,6,12,5,7,4,4,0,41,23,18,3,1,2,1,0,1,0,0,0,0,0,0,2,1,1,450,296,154
03,91,Mancherial,Mancherial,18,Kotapalle,570557,0000,VILLAGE,Rawalpalle,Rural,125,458,218,240,48,22,26,314,151,163,0,0,0,220,138,82,238,80,158,196,119,77,97,68,29,67,47,20,21,13,8,1,1,0,8,7,1,99,51,48,26,26,0,68,22,46,0,0,0,5,3,2,99,51,48,26,26,0,68,22,46,0,0,0,5,3,2,0,0,0,0,0,0,0,0,0,0,0,0,0,0,0,262,99,163
03,91,Mancherial,Mancherial,18,Kotapalle,570558,0000,VILLAGE,Dewalwada,Rural,683,2575,1296,1279,260,130,130,1335,672,663,0,0,0,1350,801,549,1225,495,730,1375,723,652,1299,701,598,425,298,127,699,289,410,21,12,9,154,102,52,76,22,54,0,0,0,65,17,48,0,0,0,11,5,6,59,13,46,0,0,0,52,10,42,0,0,0,7,3,4,17,9,8,0,0,0,13,7,6,0,0,0,4,2,2,1200,573,627
03,91,Mancherial,Mancherial,18,Kotapalle,570559,0000,VILLAGE,Rapanpalle,Rural,402,1424,714,710,151,75,76,413,198,215,5,3,2,637,387,250,787,327,460,812,429,383,750,398,352,166,115,51,493,236,257,31,12,19,60,35,25,62,31,31,1,0,1,33,17,16,2,1,1,26,13,13,58,28,30,1,0,1,30,15,15,2,1,1,25,12,13,4,3,1,0,0,0,3,2,1,0,0,0,1,1,0,612,285,327
03,91,Mancherial,Mancherial,12,Mandamarri,570560,0000,VILLAGE,Andgulapet,Rural,428,1690,852,838,161,79,82,729,370,359,262,120,142,908,514,394,782,338,444,842,508,334,568,360,208,15,12,3,311,155,156,5,2,3,237,191,46,274,148,126,0,0,0,3,1,2,1,0,1,270,147,123,164,88,76,0,0,0,3,1,2,1,0,1,160,87,73,110,60,50,0,0,0,0,0,0,0,0,0,110,60,50,848,344,504
03,91,Mancherial,Mancherial,12,Mandamarri,570561,0000,VILLAGE,Chirrakunta,Rural,323,1286,652,634,134,71,63,347,170,177,83,49,34,643,372,271,643,280,363,608,366,242,205,176,29,63,60,3,28,26,2,1,0,1,113,90,23,403,190,213,12,4,8,342,154,188,0,0,0,49,32,17,396,187,209,12,4,8,339,153,186,0,0,0,45,30,15,7,3,4,0,0,0,3,1,2,0,0,0,4,2,2,678,286,392
03,91,Mancherial,Mancherial,12,Mandamarri,570562,0000,VILLAGE,Sarangapalle,Rural,446,1733,861,872,167,87,80,460,226,234,226,113,113,920,510,410,813,351,462,810,471,339,303,238,65,83,74,9,91,53,38,16,11,5,113,100,13,507,233,274,10,7,3,410,171,239,12,5,7,75,50,25,493,227,266,10,7,3,403,168,235,10,5,5,70,47,23,14,6,8,0,0,0,7,3,4,2,0,2,5,3,2,923,390,533
03,91,Mancherial,Mancherial,12,Mandamarri,570563,0000,VILLAGE,Thimmapur,Rural,1073,3985,2026,1959,411,228,183,819,393,426,1329,705,624,2062,1208,854,1923,818,1105,2495,1317,1178,759,463,296,179,117,62,224,118,106,40,27,13,316,201,115,1736,854,882,63,46,17,723,341,382,111,55,56,839,412,427,976,499,477,56,43,13,327,162,165,36,24,12,557,270,287,760,355,405,7,3,4,396,179,217,75,31,44,282,142,140,1490,709,781
03,91,Mancherial,Mancherial,12,Mandamarri,570564,0000,VILLAGE,Amerwadi,Rural,315,1298,653,645,104,59,45,574,286,288,2,1,1,829,468,361,469,185,284,469,364,105,221,194,27,22,18,4,114,95,19,1,1,0,84,80,4,248,170,78,10,10,0,99,73,26,3,2,1,136,85,51,229,163,66,9,9,0,88,70,18,0,0,0,132,84,48,19,7,12,1,1,0,11,3,8,3,2,1,4,1,3,829,289,540
03,91,Mancherial,Mancherial,12,Mandamarri,570565,0000,VILLAGE,Venkatapur,Rural,526,1859,917,942,188,92,96,1119,560,559,178,86,92,961,549,412,898,368,530,889,504,385,317,277,40,72,65,7,31,22,9,4,4,0,210,186,24,572,227,345,19,12,7,176,51,125,8,3,5,369,161,208,530,222,308,17,12,5,156,49,107,6,3,3,351,158,193,42,5,37,2,0,2,20,2,18,2,0,2,18,3,15,970,413,557
03,91,Mancherial,Mancherial,12,Mandamarri,570566,0000,VILLAGE,Ponnaram,Rural,635,2358,1183,1175,220,105,115,630,314,316,95,49,46,1180,693,487,1178,490,688,966,628,338,402,344,58,114,106,8,186,146,40,6,4,2,96,88,8,564,284,280,13,12,1,467,214,253,10,6,4,74,52,22,525,275,250,13,12,1,431,207,224,8,5,3,73,51,22,39,9,30,0,0,0,36,7,29,2,1,1,1,1,0,1392,555,837
03,91,Mancherial,Mancherial,12,Mandamarri,570567,0000,VILLAGE,Mamidighat,Rural,316,1163,599,564,122,71,51,667,338,329,0,0,0,649,384,265,514,215,299,538,311,227,329,237,92,91,78,13,149,85,64,6,5,1,83,69,14,209,74,135,8,3,5,186,62,124,2,1,1,13,8,5,206,73,133,8,3,5,184,62,122,2,1,1,12,7,5,3,1,2,0,0,0,2,0,2,0,0,0,1,1,0,625,288,337
03,91,Mancherial,Mancherial,03,Luxettipet,570570,0000,VILLAGE,Dowdepalle,Rural,463,1740,843,897,134,64,70,539,273,266,2,1,1,1000,567,433,740,276,464,885,485,400,561,310,251,106,74,32,331,142,189,13,7,6,111,87,24,324,175,149,43,28,15,218,104,114,2,1,1,61,42,19,155,95,60,42,28,14,53,27,26,2,1,1,58,39,19,169,80,89,1,0,1,165,77,88,0,0,0,3,3,0,855,358,497
03,91,Mancherial,Mancherial,03,Luxettipet,570571,0000,VILLAGE,Patha Kommugudem,Rural,775,2698,1373,1325,188,101,87,442,233,209,0,0,0,1522,878,644,1176,495,681,1413,761,652,1383,752,631,258,199,59,878,369,509,5,5,0,242,179,63,30,9,21,2,0,2,14,5,9,1,0,1,13,4,9,29,9,20,2,0,2,13,5,8,1,0,1,13,4,9,1,0,1,0,0,0,1,0,1,0,0,0,0,0,0,1285,612,673
03,91,Mancherial,Mancherial,03,Luxettipet,570572,0000,VILLAGE,Talamalla,Rural,50,208,99,109,30,17,13,0,0,0,208,99,109,65,36,29,143,63,80,138,69,69,132,67,65,49,24,25,79,40,39,0,0,0,4,3,1,6,2,4,0,0,0,5,2,3,0,0,0,1,0,1,4,1,3,0,0,0,3,1,2,0,0,0,1,0,1,2,1,1,0,0,0,2,1,1,0,0,0,0,0,0,70,30,40
03,91,Mancherial,Mancherial,03,Luxettipet,570573,0000,VILLAGE,Challampet,Rural,34,125,67,58,12,6,6,0,0,0,125,67,58,57,34,23,68,33,35,83,44,39,83,44,39,11,6,5,72,38,34,0,0,0,0,0,0,0,0,0,0,0,0,0,0,0,0,0,0,0,0,0,0,0,0,0,0,0,0,0,0,0,0,0,0,0,0,0,0,0,0,0,0,0,0,0,0,0,0,0,0,0,42,23,19
03,91,Mancherial,Mancherial,03,Luxettipet,570574,0000,VILLAGE,Balraopet,Rural,284,1071,536,535,100,62,38,212,111,101,14,7,7,511,288,223,560,248,312,579,290,289,361,185,176,119,98,21,205,64,141,6,4,2,31,19,12,218,105,113,4,3,1,206,97,109,4,2,2,4,3,1,212,103,109,4,3,1,200,95,105,4,2,2,4,3,1,6,2,4,0,0,0,6,2,4,0,0,0,0,0,0,492,246,246
03,91,Mancherial,Mancherial,03,Luxettipet,570575,0000,VILLAGE,Jendavenkatapur,Rural,639,2206,1083,1123,184,93,91,193,94,99,163,82,81,1098,645,453,1108,438,670,1233,591,642,1219,587,632,213,184,29,896,333,563,32,19,13,78,51,27,14,4,10,0,0,0,11,3,8,1,1,0,2,0,2,14,4,10,0,0,0,11,3,8,1,1,0,2,0,2,0,0,0,0,0,0,0,0,0,0,0,0,0,0,0,973,492,481
03,91,Mancherial,Mancherial,03,Luxettipet,570576,0000,VILLAGE,Rangapet,Rural,196,677,334,343,68,36,32,207,106,101,76,36,40,284,172,112,393,162,231,447,223,224,363,188,175,125,76,49,159,63,96,40,20,20,39,29,10,84,35,49,3,0,3,78,33,45,1,0,1,2,2,0,66,25,41,3,0,3,61,24,37,1,0,1,1,1,0,18,10,8,0,0,0,17,9,8,0,0,0,1,1,0,230,111,119
03,91,Mancherial,Mancherial,03,Luxettipet,570577,0000,VILLAGE,Chandram,Rural,799,2904,1477,1427,188,98,90,733,373,360,117,62,55,1609,950,659,1295,527,768,1532,862,670,949,579,370,488,311,177,288,127,161,30,23,7,143,118,25,583,283,300,6,4,2,541,261,280,23,10,13,13,8,5,548,266,282,3,2,1,512,248,264,22,10,12,11,6,5,35,17,18,3,2,1,29,13,16,1,0,1,2,2,0,1372,615,757
03,91,Mancherial,Mancherial,03,Luxettipet,570578,0000,VILLAGE,Venkataraopet,Rural,1315,4996,2516,2480,350,193,157,823,397,426,9,5,4,2788,1646,1142,2208,870,1338,2629,1369,1260,1567,1037,530,335,280,55,718,364,354,63,33,30,451,360,91,1062,332,730,121,19,102,769,236,533,40,18,22,132,59,73,883,281,602,109,18,91,635,200,435,40,18,22,99,45,54,179,51,128,12,1,11,134,36,98,0,0,0,33,14,19,2367,1147,1220
03,91,Mancherial,Mancherial,03,Luxettipet,570579,0000,VILLAGE,Ellaram,Rural,306,1098,520,578,94,43,51,316,145,171,0,0,0,546,294,252,552,226,326,530,291,239,126,109,17,86,79,7,8,6,2,2,2,0,30,22,8,404,182,222,1,0,1,195,69,126,7,7,0,201,106,95,331,142,189,0,0,0,195,69,126,6,6,0,130,67,63,73,40,33,1,0,1,0,0,0,1,1,0,71,39,32,568,229,339
03,91,Mancherial,Mancherial,03,Luxettipet,570580,0000,VILLAGE,Kothur,Rural,349,1291,648,643,55,30,25,444,220,224,1,1,0,686,399,287,605,249,356,646,340,306,621,329,292,107,74,33,407,173,234,6,4,2,101,78,23,25,11,14,1,1,0,17,8,9,3,1,2,4,1,3,18,9,9,1,1,0,13,6,7,2,1,1,2,1,1,7,2,5,0,0,0,4,2,2,1,0,1,2,0,2,645,308,337
03,91,Mancherial,Mancherial,03,Luxettipet,570581,0000,VILLAGE,Utukur,Rural,1365,5397,2868,2529,366,194,172,1015,513,502,24,14,10,3823,2215,1608,1574,653,921,1746,1229,517,1339,991,348,179,150,29,287,151,136,89,62,27,784,628,156,407,238,169,13,8,5,193,118,75,22,12,10,179,100,79,370,223,147,9,6,3,185,113,72,15,10,5,161,94,67,37,15,22,4,2,2,8,5,3,7,2,5,18,6,12,3651,1639,2012
03,91,Mancherial,Mancherial,03,Luxettipet,570582,0000,VILLAGE,Modela,Rural,436,1641,839,802,108,58,50,679,349,330,5,2,3,932,546,386,709,293,416,801,448,353,725,407,318,205,118,87,379,179,200,14,9,5,127,101,26,76,41,35,2,2,0,54,26,28,1,1,0,19,12,7,74,39,35,2,2,0,53,25,28,1,1,0,18,11,7,2,2,0,0,0,0,1,1,0,0,0,0,1,1,0,840,391,449
03,91,Mancherial,Mancherial,03,Luxettipet,570583,0000,VILLAGE,Itkyal,Rural,866,3269,1628,1641,240,120,120,586,282,304,10,5,5,1705,978,727,1564,650,914,1709,919,790,1563,854,709,302,188,114,936,410,526,29,24,5,296,232,64,146,65,81,15,13,2,93,32,61,6,1,5,32,19,13,127,56,71,12,10,2,81,29,52,6,1,5,28,16,12,19,9,10,3,3,0,12,3,9,0,0,0,4,3,1,1560,709,851
03,91,Mancherial,Mancherial,03,Luxettipet,570584,0000,VILLAGE,Lingapur,Rural,129,457,236,221,16,11,5,189,99,90,29,14,15,318,165,153,139,71,68,257,131,126,257,131,126,20,15,5,223,103,120,1,1,0,13,12,1,0,0,0,0,0,0,0,0,0,0,0,0,0,0,0,0,0,0,0,0,0,0,0,0,0,0,0,0,0,0,0,0,0,0,0,0,0,0,0,0,0,0,0,0,0,200,105,95
03,91,Mancherial,Mancherial,03,Luxettipet,570585,0000,VILLAGE,Thimmapur,Rural,524,1916,945,971,180,92,88,443,220,223,15,8,7,942,543,399,974,402,572,1022,527,495,931,513,418,181,175,6,627,244,383,7,4,3,116,90,26,91,14,77,2,0,2,78,9,69,1,0,1,10,5,5,87,10,77,2,0,2,76,7,69,1,0,1,8,3,5,4,4,0,0,0,0,2,2,0,0,0,0,2,2,0,894,418,476
03,91,Mancherial,Mancherial,03,Luxettipet,570586,0000,VILLAGE,Laxmipur,Rural,535,1894,937,957,115,59,56,510,246,264,1,1,0,1040,597,443,854,340,514,1240,607,633,377,303,74,87,82,5,148,106,42,25,15,10,117,100,17,863,304,559,10,1,9,759,276,483,15,4,11,79,23,56,664,222,442,8,1,7,596,201,395,9,3,6,51,17,34,199,82,117,2,0,2,163,75,88,6,1,5,28,6,22,654,330,324
03,91,Mancherial,Mancherial,03,Luxettipet,570587,0000,VILLAGE,Pothepalle,Rural,474,1700,877,823,109,57,52,683,335,348,3,1,2,938,557,381,762,320,442,874,459,415,561,336,225,106,78,28,322,147,175,1,1,0,132,110,22,313,123,190,3,0,3,283,104,179,2,1,1,25,18,7,291,111,180,3,0,3,267,97,170,0,0,0,21,14,7,22,12,10,0,0,0,16,7,9,2,1,1,4,4,0,826,418,408
03,91,Mancherial,Mancherial,03,Luxettipet,570588,0000,VILLAGE,Gullakota,Rural,890,3108,1565,1543,216,113,103,679,344,335,1,0,1,1737,973,764,1371,592,779,1600,852,748,1424,800,624,215,164,51,1000,468,532,27,14,13,182,154,28,176,52,124,1,0,1,152,36,116,2,1,1,21,15,6,175,51,124,1,0,1,152,36,116,1,0,1,21,15,6,1,1,0,0,0,0,0,0,0,1,1,0,0,0,0,1508,713,795
03,91,Mancherial,Mancherial,03,Luxettipet,570589,0000,VILLAGE,Mittapally,Rural,260,956,483,473,87,49,38,558,281,277,1,1,0,501,297,204,455,186,269,529,277,252,526,274,252,74,54,20,387,174,213,9,4,5,56,42,14,3,3,0,0,0,0,3,3,0,0,0,0,0,0,0,2,2,0,0,0,0,2,2,0,0,0,0,0,0,0,1,1,0,0,0,0,1,1,0,0,0,0,0,0,0,427,206,221
03,91,Mancherial,Mancherial,04,Hajipur,570591,0000,VILLAGE,Ryali,Rural,241,902,440,462,78,35,43,209,104,105,222,107,115,462,258,204,440,182,258,560,283,277,346,249,97,176,163,13,102,35,67,15,7,8,53,44,9,214,34,180,15,10,5,188,19,169,2,1,1,9,4,5,205,30,175,13,9,4,183,16,167,2,1,1,7,4,3,9,4,5,2,1,1,5,3,2,0,0,0,2,0,2,342,157,185
03,91,Mancherial,Mancherial,04,Hajipur,570592,0000,VILLAGE,Nagaram,Rural,347,1408,724,684,184,94,90,74,37,37,848,434,414,666,406,260,742,318,424,803,425,378,629,372,257,209,141,68,328,154,174,4,3,1,88,74,14,174,53,121,41,8,33,109,32,77,1,0,1,23,13,10,159,48,111,41,8,33,95,27,68,1,0,1,22,13,9,15,5,10,0,0,0,14,5,9,0,0,0,1,0,1,605,299,306
03,91,Mancherial,Mancherial,04,Hajipur,570593,0000,VILLAGE,Gadhpur,Rural,250,816,405,411,87,30,57,228,113,115,368,183,185,355,218,137,461,187,274,484,250,234,328,222,106,76,62,14,152,77,75,12,11,1,88,72,16,156,28,128,19,3,16,122,20,102,0,0,0,15,5,10,144,26,118,19,3,16,110,18,92,0,0,0,15,5,10,12,2,10,0,0,0,12,2,10,0,0,0,0,0,0,332,155,177
03,91,Mancherial,Mancherial,04,Hajipur,570595,0000,VILLAGE,Gudipet,Rural,706,2748,1377,1371,309,152,157,512,251,261,148,76,72,1589,861,728,1159,516,643,1157,757,400,1051,715,336,141,90,51,513,271,242,64,56,8,333,298,35,106,42,64,7,2,5,80,31,49,1,0,1,18,9,9,106,42,64,7,2,5,80,31,49,1,0,1,18,9,9,0,0,0,0,0,0,0,0,0,0,0,0,0,0,0,1591,620,971
03,91,Mancherial,Mancherial,04,Hajipur,570596,0000,VILLAGE,Subbapalle,Rural,1009,3793,1874,1919,351,184,167,1606,787,819,213,109,104,1912,1073,839,1881,801,1080,1882,1050,832,1421,856,565,221,166,55,888,452,436,7,7,0,305,231,74,461,194,267,38,34,4,399,152,247,3,1,2,21,7,14,269,168,101,38,34,4,208,126,82,2,1,1,21,7,14,192,26,166,0,0,0,191,26,165,1,0,1,0,0,0,1911,824,1087
03,91,Mancherial,Mancherial,04,Hajipur,570598,0000,VILLAGE,Peddampet,Rural,498,1758,875,883,183,94,89,446,228,218,155,81,74,803,462,341,955,413,542,901,476,425,853,451,402,170,101,69,505,205,300,4,2,2,174,143,31,48,25,23,4,2,2,4,1,3,1,0,1,39,22,17,47,25,22,3,2,1,4,1,3,1,0,1,39,22,17,1,0,1,1,0,1,0,0,0,0,0,0,0,0,0,857,399,458
03,91,Mancherial,Mancherial,04,Hajipur,570599,0000,VILLAGE,Kondapur,Rural,95,351,169,182,32,18,14,12,5,7,1,0,1,168,94,74,183,75,108,188,94,94,164,86,78,50,27,23,10,4,6,0,0,0,104,55,49,24,8,16,2,0,2,13,5,8,0,0,0,9,3,6,20,6,14,2,0,2,11,4,7,0,0,0,7,2,5,4,2,2,0,0,0,2,1,1,0,0,0,2,1,1,163,75,88
03,91,Mancherial,Mancherial,04,Hajipur,570600,0000,VILLAGE,Donabanda,Rural,835,3218,1633,1585,282,144,138,1160,591,569,59,34,25,2024,1179,845,1194,454,740,1651,889,762,554,354,200,98,68,30,196,97,99,59,29,30,201,160,41,1097,535,562,16,9,7,1016,482,534,4,3,1,61,41,20,1066,521,545,15,9,6,998,478,520,4,3,1,49,31,18,31,14,17,1,0,1,18,4,14,0,0,0,12,10,2,1567,744,823
03,91,Mancherial,Mancherial,04,Hajipur,570601,0000,VILLAGE,Padthenpalle,Rural,416,1460,733,727,143,74,69,425,221,204,0,0,0,793,458,335,667,275,392,768,404,364,684,397,287,57,44,13,489,243,246,1,1,0,137,109,28,84,7,77,1,0,1,76,6,70,0,0,0,7,1,6,78,6,72,1,0,1,71,5,66,0,0,0,6,1,5,6,1,5,0,0,0,5,1,4,0,0,0,1,0,1,692,329,363
03,91,Mancherial,Mancherial,04,Hajipur,570602,0000,VILLAGE,Karnamamidi,Rural,700,2312,1171,1141,184,96,88,343,170,173,18,9,9,1307,760,547,1005,411,594,1210,612,598,1002,583,419,210,128,82,680,370,310,6,3,3,106,82,24,208,29,179,8,5,3,191,19,172,0,0,0,9,5,4,208,29,179,8,5,3,191,19,172,0,0,0,9,5,4,0,0,0,0,0,0,0,0,0,0,0,0,0,0,0,1102,559,543
03,91,Mancherial,Mancherial,04,Hajipur,570603,0000,VILLAGE,Kondepalle,Rural,128,473,248,225,42,22,20,243,133,110,7,2,5,281,166,115,192,82,110,274,150,124,272,148,124,36,34,2,201,84,117,2,0,2,33,30,3,2,2,0,0,0,0,0,0,0,0,0,0,2,2,0,2,2,0,0,0,0,0,0,0,0,0,0,2,2,0,0,0,0,0,0,0,0,0,0,0,0,0,0,0,0,199,98,101
03,91,Mancherial,Mancherial,04,Hajipur,570604,0000,VILLAGE,Rapalle,Rural,672,2274,1129,1145,183,112,71,853,422,431,2,1,1,1186,657,529,1088,472,616,1247,639,608,1180,607,573,192,115,77,649,289,360,39,26,13,300,177,123,67,32,35,1,0,1,17,9,8,0,0,0,49,23,26,67,32,35,1,0,1,17,9,8,0,0,0,49,23,26,0,0,0,0,0,0,0,0,0,0,0,0,0,0,0,1027,490,537
03,91,Mancherial,Mancherial,04,Hajipur,570605,0000,VILLAGE,Hajipur,Rural,176,675,324,351,58,33,25,310,148,162,2,2,0,360,204,156,315,120,195,323,171,152,290,166,124,27,25,2,171,57,114,7,7,0,85,77,8,33,5,28,2,1,1,20,1,19,2,1,1,9,2,7,22,4,18,2,1,1,14,1,13,1,1,0,5,1,4,11,1,10,0,0,0,6,0,6,1,0,1,4,1,3,352,153,199
03,91,Mancherial,Mancherial,04,Hajipur,570606,0000,VILLAGE,Narsingapur,Rural,413,1487,740,747,142,74,68,224,113,111,0,0,0,790,450,340,697,290,407,747,413,334,735,408,327,126,91,35,364,148,216,8,5,3,237,164,73,12,5,7,0,0,0,2,0,2,0,0,0,10,5,5,7,3,4,0,0,0,0,0,0,0,0,0,7,3,4,5,2,3,0,0,0,2,0,2,0,0,0,3,2,1,740,327,413
03,91,Mancherial,Mancherial,04,Hajipur,570607,0000,VILLAGE,Namnur,Rural,630,2228,1126,1102,201,115,86,302,152,150,0,0,0,1066,604,462,1162,522,640,1088,622,466,1042,602,440,130,78,52,681,346,335,22,16,6,209,162,47,46,20,26,1,1,0,24,7,17,0,0,0,21,12,9,40,18,22,1,1,0,21,7,14,0,0,0,18,10,8,6,2,4,0,0,0,3,0,3,0,0,0,3,2,1,1140,504,636
03,91,Mancherial,Mancherial,04,Hajipur,570608,0000,VILLAGE,Chandanapur,Rural,170,618,293,325,51,28,23,258,123,135,0,0,0,266,129,137,352,164,188,165,148,17,157,146,11,118,116,2,38,29,9,0,0,0,1,1,0,8,2,6,1,0,1,2,0,2,3,1,2,2,1,1,8,2,6,1,0,1,2,0,2,3,1,2,2,1,1,0,0,0,0,0,0,0,0,0,0,0,0,0,0,0,453,145,308
03,91,Mancherial,Mancherial,04,Hajipur,570609,0000,VILLAGE,Mulkalla,Rural,784,3074,1512,1562,253,149,104,482,247,235,59,27,32,1711,973,738,1363,539,824,1254,780,474,862,583,279,179,148,31,409,226,183,33,20,13,241,189,52,392,197,195,15,12,3,131,53,78,10,6,4,236,126,110,388,196,192,15,12,3,128,52,76,10,6,4,235,126,109,4,1,3,0,0,0,3,1,2,0,0,0,1,0,1,1820,732,1088
03,91,Mancherial,Mancherial,04,Hajipur,570610,0000,VILLAGE,Kothapalle,Rural,152,669,324,345,66,35,31,74,37,37,16,7,9,366,193,173,303,131,172,200,172,28,167,145,22,35,32,3,88,75,13,0,0,0,44,38,6,33,27,6,3,3,0,9,4,5,0,0,0,21,20,1,33,27,6,3,3,0,9,4,5,0,0,0,21,20,1,0,0,0,0,0,0,0,0,0,0,0,0,0,0,0,469,152,317
03,91,Mancherial,Mancherial,04,Hajipur,570611,0000,VILLAGE,Vempalle,Rural,354,1412,701,711,128,67,61,487,236,251,7,4,3,845,463,382,567,238,329,422,367,55,378,332,46,82,78,4,179,147,32,5,5,0,112,102,10,44,35,9,4,3,1,35,29,6,0,0,0,5,3,2,43,34,9,4,3,1,34,28,6,0,0,0,5,3,2,1,1,0,0,0,0,1,1,0,0,0,0,0,0,0,990,334,656
03,91,Mancherial,Mancherial,15,Jaipur,570617,0000,VILLAGE,Kankur,Rural,252,948,503,445,94,54,40,153,80,73,0,0,0,468,282,186,480,221,259,506,286,220,305,206,99,158,96,62,63,42,21,0,0,0,84,68,16,201,80,121,21,7,14,150,52,98,1,1,0,29,20,9,181,73,108,19,6,13,136,48,88,1,1,0,25,18,7,20,7,13,2,1,1,14,4,10,0,0,0,4,2,2,442,217,225
03,91,Mancherial,Mancherial,15,Jaipur,570618,0000,VILLAGE,Mittapalle,Rural,623,2147,1072,1075,194,99,95,989,491,498,141,73,68,1062,594,468,1085,478,607,1153,637,516,185,139,46,59,48,11,52,36,16,7,4,3,67,51,16,968,498,470,7,6,1,876,441,435,7,4,3,78,47,31,270,146,124,2,2,0,205,105,100,1,1,0,62,38,24,698,352,346,5,4,1,671,336,335,6,3,3,16,9,7,994,435,559
03,91,Mancherial,Mancherial,16,Bheemaram,570619,0000,VILLAGE,Reddipalle,Rural,163,549,267,282,54,28,26,139,69,70,250,123,127,246,147,99,303,120,183,347,171,176,347,171,176,60,31,29,261,125,136,0,0,0,26,15,11,0,0,0,0,0,0,0,0,0,0,0,0,0,0,0,0,0,0,0,0,0,0,0,0,0,0,0,0,0,0,0,0,0,0,0,0,0,0,0,0,0,0,0,0,0,202,96,106
03,91,Mancherial,Mancherial,16,Bheemaram,570621,0000,VILLAGE,Dampur,Rural,479,1781,878,903,156,75,81,466,230,236,214,110,104,903,536,367,878,342,536,1062,534,528,909,460,449,84,55,29,697,310,387,3,3,0,125,92,33,153,74,79,6,2,4,63,24,39,11,2,9,73,46,27,135,66,69,6,2,4,58,23,35,7,2,5,64,39,25,18,8,10,0,0,0,5,1,4,4,0,4,9,7,2,719,344,375
03,91,Mancherial,Mancherial,16,Bheemaram,570622,0000,VILLAGE,Burugupalle,Rural,463,1787,911,876,183,108,75,436,219,217,1055,543,512,779,451,328,1008,460,548,969,501,468,655,363,292,64,55,9,532,262,270,14,8,6,45,38,7,314,138,176,0,0,0,306,132,174,4,2,2,4,4,0,297,130,167,0,0,0,290,124,166,3,2,1,4,4,0,17,8,9,0,0,0,16,8,8,1,0,1,0,0,0,818,410,408
03,91,Mancherial,Mancherial,16,Bheemaram,570623,0000,VILLAGE,Pothanpalle,Rural,103,349,172,177,43,20,23,73,38,35,48,25,23,178,99,79,171,73,98,143,83,60,58,49,9,18,18,0,14,12,2,0,0,0,26,19,7,85,34,51,2,1,1,46,16,30,0,0,0,37,17,20,58,24,34,1,0,1,35,12,23,0,0,0,22,12,10,27,10,17,1,1,0,11,4,7,0,0,0,15,5,10,206,89,117
03,91,Mancherial,Mancherial,16,Bheemaram,570625,0000,VILLAGE,Bheemaram,Rural,1605,6127,3052,3075,570,294,276,1226,637,589,874,440,434,3472,1968,1504,2655,1084,1571,2715,1566,1149,1974,1316,658,266,232,34,936,484,452,15,14,1,757,586,171,741,250,491,18,7,11,587,156,431,5,1,4,131,86,45,615,206,409,16,7,9,479,123,356,5,1,4,115,75,40,126,44,82,2,0,2,108,33,75,0,0,0,16,11,5,3412,1486,1926
03,91,Mancherial,Mancherial,16,Bheemaram,570626,0000,VILLAGE,Ankushapur,Rural,155,573,288,285,69,36,33,443,226,217,121,58,63,286,166,120,287,122,165,319,163,156,24,14,10,10,7,3,2,1,1,1,0,1,11,6,5,295,149,146,17,9,8,270,136,134,6,2,4,2,2,0,292,147,145,17,9,8,267,134,133,6,2,4,2,2,0,3,2,1,0,0,0,3,2,1,0,0,0,0,0,0,254,125,129
03,91,Mancherial,Mancherial,16,Bheemaram,570627,0000,VILLAGE,Polampalle,Rural,109,375,189,186,48,27,21,258,134,124,13,8,5,214,131,83,161,58,103,236,125,111,222,119,103,1,1,0,212,114,98,0,0,0,9,4,5,14,6,8,5,2,3,8,3,5,0,0,0,1,1,0,12,5,7,5,2,3,7,3,4,0,0,0,0,0,0,2,1,1,0,0,0,1,0,1,0,0,0,1,1,0,139,64,75
03,91,Mancherial,Mancherial,15,Jaipur,570628,0000,VILLAGE,Jaipur,Rural,627,2492,1254,1238,190,96,94,1169,613,556,243,118,125,1513,854,659,979,400,579,941,595,346,462,359,103,65,51,14,186,125,61,10,8,2,201,175,26,479,236,243,3,1,2,448,212,236,0,0,0,28,23,5,417,214,203,2,1,1,395,197,198,0,0,0,20,16,4,62,22,40,1,0,1,53,15,38,0,0,0,8,7,1,1551,659,892
03,91,Mancherial,Mancherial,15,Jaipur,570629,0000,VILLAGE,Narva,Rural,305,1111,571,540,122,66,56,915,470,445,46,24,22,554,334,220,557,237,320,459,286,173,273,188,85,90,82,8,100,34,66,1,1,0,82,71,11,186,98,88,6,4,2,145,72,73,1,0,1,34,22,12,133,69,64,6,4,2,108,53,55,1,0,1,18,12,6,53,29,24,0,0,0,37,19,18,0,0,0,16,10,6,652,285,367
03,91,Mancherial,Mancherial,15,Jaipur,570630,0000,VILLAGE,Maddikunta,Rural,276,1120,586,534,100,56,44,361,191,170,118,62,56,616,360,256,504,226,278,511,316,195,274,192,82,22,18,4,152,88,64,0,0,0,100,86,14,237,124,113,6,4,2,191,99,92,3,1,2,37,20,17,225,121,104,6,4,2,183,97,86,2,1,1,34,19,15,12,3,9,0,0,0,8,2,6,1,0,1,3,1,2,609,270,339
03,91,Mancherial,Mancherial,15,Jaipur,570631,0000,VILLAGE,Ramaraopet,Rural,559,2141,1099,1042,194,112,82,551,276,275,35,18,17,1222,705,517,919,394,525,977,548,429,835,505,330,132,90,42,401,158,243,10,5,5,292,252,40,142,43,99,16,0,16,76,15,61,16,6,10,34,22,12,138,42,96,16,0,16,75,15,60,14,5,9,33,22,11,4,1,3,0,0,0,1,0,1,2,1,1,1,0,1,1164,551,613
03,91,Mancherial,Mancherial,15,Jaipur,570633,0000,VILLAGE,Indaram,Rural,1317,5435,2873,2562,483,258,225,1337,777,560,287,150,137,3537,2088,1449,1898,785,1113,2045,1357,688,1674,1198,476,111,94,17,624,339,285,32,21,11,907,744,163,371,159,212,13,9,4,294,114,180,3,2,1,61,34,27,357,153,204,13,9,4,285,112,173,3,2,1,56,30,26,14,6,8,0,0,0,9,2,7,0,0,0,5,4,1,3390,1516,1874
03,91,Mancherial,Mancherial,15,Jaipur,570634,0000,VILLAGE,Tekmatla,Rural,807,3120,1566,1554,271,139,132,1467,729,738,34,19,15,1855,1065,790,1265,501,764,1478,866,612,970,684,286,87,84,3,654,392,262,13,8,5,216,200,16,508,182,326,14,6,8,461,151,310,13,7,6,20,18,2,463,157,306,12,5,7,420,129,291,13,7,6,18,16,2,45,25,20,2,1,1,41,22,19,0,0,0,2,2,0,1642,700,942
03,91,Mancherial,Mancherial,15,Jaipur,570635,0000,VILLAGE,Shetpalle,Rural,541,2033,1016,1017,183,95,88,630,317,313,17,8,9,1003,568,435,1030,448,582,969,582,387,920,571,349,103,102,1,501,214,287,9,6,3,307,249,58,49,11,38,1,1,0,42,6,36,0,0,0,6,4,2,48,10,38,1,1,0,42,6,36,0,0,0,5,3,2,1,1,0,0,0,0,0,0,0,0,0,0,1,1,0,1064,434,630
03,91,Mancherial,Mancherial,15,Jaipur,570636,0000,VILLAGE,Yelkanti,Rural,173,695,344,351,70,36,34,377,184,193,26,12,14,349,202,147,346,142,204,354,197,157,151,93,58,98,53,45,3,1,2,2,1,1,48,38,10,203,104,99,2,0,2,173,83,90,1,0,1,27,21,6,193,98,95,2,0,2,166,79,87,1,0,1,24,19,5,10,6,4,0,0,0,7,4,3,0,0,0,3,2,1,341,147,194
03,91,Mancherial,Mancherial,15,Jaipur,570637,0000,VILLAGE,Pegdapalle,Rural,387,1359,663,696,137,60,77,451,209,242,17,10,7,740,416,324,619,247,372,577,341,236,517,313,204,64,58,6,114,56,58,2,2,0,337,197,140,60,28,32,2,1,1,35,14,21,1,0,1,22,13,9,27,16,11,1,1,0,6,3,3,0,0,0,20,12,8,33,12,21,1,0,1,29,11,18,1,0,1,2,1,1,782,322,460
03,91,Mancherial,Mancherial,15,Jaipur,570638,0000,VILLAGE,Gangipalle,Rural,290,1076,517,559,118,64,54,391,185,206,13,8,5,536,287,249,540,230,310,616,313,303,306,218,88,89,71,18,136,87,49,11,8,3,70,52,18,310,95,215,25,0,25,246,70,176,5,3,2,34,22,12,241,69,172,24,0,24,185,45,140,4,3,1,28,21,7,69,26,43,1,0,1,61,25,36,1,0,1,6,1,5,460,204,256
03,91,Mancherial,Mancherial,15,Jaipur,570639,0000,VILLAGE,Narasingapuram,Rural,302,1085,543,542,97,52,45,412,205,207,16,7,9,613,352,261,472,191,281,462,285,177,271,190,81,84,54,30,81,45,36,15,9,6,91,82,9,191,95,96,10,3,7,157,72,85,1,0,1,23,20,3,134,83,51,10,3,7,103,62,41,0,0,0,21,18,3,57,12,45,0,0,0,54,10,44,1,0,1,2,2,0,623,258,365
03,91,Mancherial,Mancherial,15,Jaipur,570640,0000,VILLAGE,Bejjal,Rural,182,663,327,336,56,27,29,239,122,117,0,0,0,472,260,212,191,67,124,350,187,163,166,117,49,47,43,4,55,31,24,24,11,13,40,32,8,184,70,114,8,8,0,141,40,101,17,5,12,18,17,1,148,59,89,7,7,0,113,33,80,13,5,8,15,14,1,36,11,25,1,1,0,28,7,21,4,0,4,3,3,0,313,140,173
03,91,Mancherial,Mancherial,15,Jaipur,570641,0000,VILLAGE,Maddulapalle,Rural,84,333,153,180,35,19,16,24,7,17,0,0,0,171,89,82,162,64,98,195,95,100,173,85,88,71,35,36,80,37,43,1,0,1,21,13,8,22,10,12,4,2,2,8,1,7,0,0,0,10,7,3,22,10,12,4,2,2,8,1,7,0,0,0,10,7,3,0,0,0,0,0,0,0,0,0,0,0,0,0,0,0,138,58,80
03,91,Mancherial,Mancherial,15,Jaipur,570642,0000,VILLAGE,Kundaram,Rural,669,2418,1189,1229,213,103,110,871,427,444,29,12,17,1180,674,506,1238,515,723,1327,716,611,1020,617,403,166,153,13,653,320,333,15,10,5,186,134,52,307,99,208,4,3,1,117,26,91,3,2,1,183,68,115,272,88,184,4,3,1,89,17,72,3,2,1,176,66,110,35,11,24,0,0,0,28,9,19,0,0,0,7,2,5,1091,473,618
03,91,Mancherial,Mancherial,16,Bheemaram,570643,0000,VILLAGE,Arepalle,Rural,337,1164,584,580,121,62,59,688,349,339,121,60,61,602,348,254,562,236,326,587,318,269,454,254,200,115,61,54,291,153,138,11,10,1,37,30,7,133,64,69,8,3,5,86,42,44,8,2,6,31,17,14,88,45,43,7,2,5,54,28,26,5,1,4,22,14,8,45,19,26,1,1,0,32,14,18,3,1,2,9,3,6,577,266,311
03,91,Mancherial,Mancherial,15,Jaipur,570644,0000,VILLAGE,Rommipur,Rural,213,754,365,389,69,32,37,372,188,184,2,0,2,400,220,180,354,145,209,403,203,200,399,201,198,70,45,25,320,152,168,5,2,3,4,2,2,4,2,2,2,1,1,2,1,1,0,0,0,0,0,0,4,2,2,2,1,1,2,1,1,0,0,0,0,0,0,0,0,0,0,0,0,0,0,0,0,0,0,0,0,0,351,162,189
03,91,Mancherial,Mancherial,15,Jaipur,570645,0000,VILLAGE,Kistapur,Rural,257,936,461,475,86,40,46,241,116,125,1,0,1,474,265,209,462,196,266,380,252,128,321,219,102,114,113,1,146,53,93,15,14,1,46,39,7,59,33,26,1,0,1,55,30,25,0,0,0,3,3,0,53,30,23,1,0,1,49,27,22,0,0,0,3,3,0,6,3,3,0,0,0,6,3,3,0,0,0,0,0,0,556,209,347
03,91,Mancherial,Mancherial,16,Bheemaram,570646,0000,VILLAGE,Maddikal,Rural,489,1867,946,921,194,105,89,322,170,152,416,209,207,919,562,357,948,384,564,946,562,384,459,281,178,92,85,7,295,149,146,0,0,0,72,47,25,487,281,206,6,4,2,453,256,197,5,4,1,23,17,6,315,230,85,6,4,2,291,211,80,3,3,0,15,12,3,172,51,121,0,0,0,162,45,117,2,1,1,8,5,3,921,384,537
03,91,Mancherial,Mancherial,16,Bheemaram,570647,0000,VILLAGE,Kothpalle,Rural,249,921,462,459,110,48,62,582,293,289,40,20,20,416,246,170,505,216,289,462,260,202,136,125,11,97,96,1,16,14,2,6,2,4,17,13,4,326,135,191,22,22,0,276,96,180,0,0,0,28,17,11,267,109,158,18,18,0,224,74,150,0,0,0,25,17,8,59,26,33,4,4,0,52,22,30,0,0,0,3,0,3,459,202,257
03,91,Mancherial,Mancherial,15,Jaipur,570648,0000,VILLAGE,Velal,Rural,492,1782,871,911,178,90,88,1000,489,511,0,0,0,793,447,346,989,424,565,811,487,324,544,337,207,91,87,4,358,171,187,1,1,0,94,78,16,267,150,117,6,5,1,257,141,116,4,4,0,0,0,0,168,145,23,6,5,1,158,136,22,4,4,0,0,0,0,99,5,94,0,0,0,99,5,94,0,0,0,0,0,0,971,384,587
03,91,Mancherial,Mancherial,15,Jaipur,570649,0000,VILLAGE,Gopalpur,Rural,135,469,254,215,37,24,13,352,194,158,0,0,0,249,158,91,220,96,124,233,128,105,232,127,105,12,12,0,201,100,101,0,0,0,19,15,4,1,1,0,0,0,0,1,1,0,0,0,0,0,0,0,1,1,0,0,0,0,1,1,0,0,0,0,0,0,0,0,0,0,0,0,0,0,0,0,0,0,0,0,0,0,236,126,110
03,91,Mancherial,Mancherial,15,Jaipur,570650,0000,VILLAGE,Pownur,Rural,307,979,473,506,105,57,48,527,264,263,0,0,0,470,266,204,509,207,302,549,262,287,341,197,144,66,30,36,162,98,64,3,0,3,110,69,41,208,65,143,0,0,0,206,63,143,0,0,0,2,2,0,168,46,122,0,0,0,166,44,122,0,0,0,2,2,0,40,19,21,0,0,0,40,19,21,0,0,0,0,0,0,430,211,219
03,91,Mancherial,Mancherial,15,Jaipur,570651,0000,VILLAGE,Sivvaram,Rural,392,1490,734,756,140,66,74,358,180,178,10,6,4,670,387,283,820,347,473,801,412,389,304,214,90,169,135,34,57,19,38,12,10,2,66,50,16,497,198,299,7,5,2,321,114,207,51,19,32,118,60,58,326,122,204,7,5,2,198,66,132,23,4,19,98,47,51,171,76,95,0,0,0,123,48,75,28,15,13,20,13,7,689,322,367
03,91,Mancherial,Mancherial,17,Chennur,570652,0000,VILLAGE,Buddaram,Rural,81,317,165,152,38,24,14,45,24,21,170,89,81,82,46,36,235,119,116,200,100,100,93,73,20,28,27,1,57,39,18,1,0,1,7,7,0,107,27,80,1,0,1,101,25,76,0,0,0,5,2,3,107,27,80,1,0,1,101,25,76,0,0,0,5,2,3,0,0,0,0,0,0,0,0,0,0,0,0,0,0,0,117,65,52
03,91,Mancherial,Mancherial,17,Chennur,570653,0000,VILLAGE,Sankaram,Rural,72,303,148,155,51,22,29,10,5,5,275,134,141,134,78,56,169,70,99,178,89,89,170,85,85,1,1,0,164,81,83,0,0,0,5,3,2,8,4,4,0,0,0,7,4,3,1,0,1,0,0,0,7,4,3,0,0,0,7,4,3,0,0,0,0,0,0,1,0,1,0,0,0,0,0,0,1,0,1,0,0,0,125,59,66
03,91,Mancherial,Mancherial,17,Chennur,570654,0000,VILLAGE,Kannepalle,Rural,78,298,150,148,46,27,19,14,6,8,0,0,0,131,73,58,167,77,90,186,96,90,174,94,80,3,3,0,150,73,77,0,0,0,21,18,3,12,2,10,0,0,0,6,2,4,0,0,0,6,0,6,12,2,10,0,0,0,6,2,4,0,0,0,6,0,6,0,0,0,0,0,0,0,0,0,0,0,0,0,0,0,112,54,58
03,91,Mancherial,Mancherial,17,Chennur,570656,0000,VILLAGE,Shivalingapur,Rural,96,380,212,168,38,27,11,273,160,113,0,0,0,165,100,65,215,112,103,243,129,114,233,123,110,9,8,1,217,110,107,0,0,0,7,5,2,10,6,4,0,0,0,3,3,0,0,0,0,7,3,4,9,5,4,0,0,0,2,2,0,0,0,0,7,3,4,1,1,0,0,0,0,1,1,0,0,0,0,0,0,0,137,83,54
03,91,Mancherial,Mancherial,17,Chennur,570658,0000,VILLAGE,Akkapalle,Rural,140,508,252,256,63,38,25,0,0,0,0,0,0,210,120,90,298,132,166,333,160,173,327,157,170,31,27,4,280,117,163,7,6,1,9,7,2,6,3,3,2,1,1,3,1,2,0,0,0,1,1,0,5,2,3,2,1,1,2,0,2,0,0,0,1,1,0,1,1,0,0,0,0,1,1,0,0,0,0,0,0,0,175,92,83
03,91,Mancherial,Mancherial,17,Chennur,570659,0000,VILLAGE,Chintapalle,Rural,140,569,289,280,50,24,26,73,39,34,124,61,63,308,176,132,261,113,148,331,165,166,331,165,166,2,2,0,322,158,164,4,3,1,3,2,1,0,0,0,0,0,0,0,0,0,0,0,0,0,0,0,0,0,0,0,0,0,0,0,0,0,0,0,0,0,0,0,0,0,0,0,0,0,0,0,0,0,0,0,0,0,238,124,114
03,91,Mancherial,Mancherial,17,Chennur,570660,0000,VILLAGE,Yellakkapet,Rural,344,1466,729,737,193,95,98,231,118,113,440,213,227,709,412,297,757,317,440,631,375,256,412,332,80,46,36,10,197,146,51,1,1,0,168,149,19,219,43,176,1,0,1,182,27,155,0,0,0,36,16,20,176,34,142,1,0,1,141,20,121,0,0,0,34,14,20,43,9,34,0,0,0,41,7,34,0,0,0,2,2,0,835,354,481
03,91,Mancherial,Mancherial,17,Chennur,570661,0000,VILLAGE,Kistampet,Rural,672,2572,1279,1293,236,124,112,873,438,435,245,122,123,1315,775,540,1257,504,753,1395,732,663,1209,701,508,275,216,59,742,342,400,5,4,1,187,139,48,186,31,155,41,6,35,123,15,108,1,0,1,21,10,11,171,30,141,36,6,30,118,15,103,1,0,1,16,9,7,15,1,14,5,0,5,5,0,5,0,0,0,5,1,4,1177,547,630
03,91,Mancherial,Mancherial,17,Chennur,570662,0000,VILLAGE,Khambojipet,Rural,37,146,68,78,15,5,10,0,0,0,0,0,0,64,32,32,82,36,46,70,35,35,36,30,6,12,11,1,17,12,5,2,2,0,5,5,0,34,5,29,1,0,1,33,5,28,0,0,0,0,0,0,34,5,29,1,0,1,33,5,28,0,0,0,0,0,0,0,0,0,0,0,0,0,0,0,0,0,0,0,0,0,76,33,43
03,91,Mancherial,Mancherial,17,Chennur,570663,0000,VILLAGE,Lingampalle,Rural,100,379,197,182,43,25,18,0,0,0,132,66,66,155,95,60,224,102,122,225,116,109,115,102,13,41,39,2,56,49,7,4,4,0,14,10,4,110,14,96,9,2,7,97,12,85,0,0,0,4,0,4,105,13,92,9,2,7,93,11,82,0,0,0,3,0,3,5,1,4,0,0,0,4,1,3,0,0,0,1,0,1,154,81,73
03,91,Mancherial,Mancherial,17,Chennur,570664,0000,VILLAGE,Suddal,Rural,516,2047,1033,1014,249,130,119,871,439,432,296,151,145,1000,590,410,1047,443,604,1123,581,542,591,410,181,293,239,54,243,126,117,6,6,0,49,39,10,532,171,361,10,9,1,493,137,356,0,0,0,29,25,4,526,169,357,10,9,1,489,136,353,0,0,0,27,24,3,6,2,4,0,0,0,4,1,3,0,0,0,2,1,1,924,452,472
03,91,Mancherial,Mancherial,17,Chennur,570665,0000,VILLAGE,Bhamraopet,Rural,243,922,460,462,83,40,43,200,93,107,176,84,92,498,271,227,424,189,235,505,273,232,435,244,191,251,150,101,146,69,77,7,3,4,31,22,9,70,29,41,0,0,0,65,26,39,0,0,0,5,3,2,70,29,41,0,0,0,65,26,39,0,0,0,5,3,2,0,0,0,0,0,0,0,0,0,0,0,0,0,0,0,417,187,230
03,91,Mancherial,Mancherial,17,Chennur,570666,0000,VILLAGE,Kathersala,Rural,290,1130,552,578,106,55,51,0,0,0,0,0,0,594,331,263,536,221,315,589,302,287,560,298,262,143,137,6,359,122,237,16,9,7,42,30,12,29,4,25,2,0,2,20,1,19,0,0,0,7,3,4,28,4,24,2,0,2,19,1,18,0,0,0,7,3,4,1,0,1,0,0,0,1,0,1,0,0,0,0,0,0,541,250,291
03,91,Mancherial,Mancherial,17,Chennur,570668,0000,VILLAGE,Narayanpur,Rural,115,467,233,234,56,30,26,243,121,122,39,23,16,141,89,52,326,144,182,281,134,147,274,133,141,0,0,0,270,129,141,1,1,0,3,3,0,7,1,6,3,1,2,1,0,1,3,0,3,0,0,0,7,1,6,3,1,2,1,0,1,3,0,3,0,0,0,0,0,0,0,0,0,0,0,0,0,0,0,0,0,0,186,99,87
03,91,Mancherial,Mancherial,17,Chennur,570670,0000,VILLAGE,Dugnepalle,Rural,789,2913,1436,1477,310,156,154,1552,783,769,13,10,3,1226,743,483,1687,693,994,1673,859,814,1634,841,793,438,291,147,1023,430,593,10,5,5,163,115,48,39,18,21,11,4,7,15,5,10,4,1,3,9,8,1,33,16,17,8,3,5,13,4,9,3,1,2,9,8,1,6,2,4,3,1,2,2,1,1,1,0,1,0,0,0,1240,577,663
03,91,Mancherial,Mancherial,17,Chennur,570671,0000,VILLAGE,Raipet,Rural,129,489,252,237,51,29,22,337,175,162,0,0,0,219,129,90,270,123,147,280,136,144,252,119,133,113,105,8,125,8,117,1,0,1,13,6,7,28,17,11,1,1,0,5,1,4,2,0,2,20,15,5,21,12,9,1,1,0,4,1,3,1,0,1,15,10,5,7,5,2,0,0,0,1,0,1,1,0,1,5,5,0,209,116,93
03,91,Mancherial,Mancherial,17,Chennur,570672,0000,VILLAGE,Angarajpalle,Rural,339,1228,605,623,147,68,79,626,298,328,0,0,0,631,355,276,597,250,347,616,346,270,615,345,270,104,76,28,493,255,238,2,2,0,16,12,4,1,1,0,1,1,0,0,0,0,0,0,0,0,0,0,1,1,0,1,1,0,0,0,0,0,0,0,0,0,0,0,0,0,0,0,0,0,0,0,0,0,0,0,0,0,612,259,353
03,91,Mancherial,Mancherial,17,Chennur,570673,0000,VILLAGE,Kachanpalle,Rural,191,713,350,363,84,48,36,231,111,120,34,16,18,358,209,149,355,141,214,438,202,236,121,110,11,85,83,2,8,7,1,4,3,1,24,17,7,317,92,225,9,9,0,295,76,219,4,2,2,9,5,4,306,88,218,7,7,0,286,74,212,4,2,2,9,5,4,11,4,7,2,2,0,9,2,7,0,0,0,0,0,0,275,148,127
03,91,Mancherial,Mancherial,17,Chennur,570674,0000,VILLAGE,Gangaram,Rural,393,1505,732,773,206,99,107,1045,506,539,2,1,1,636,370,266,869,362,507,795,396,399,759,390,369,294,275,19,429,94,335,2,2,0,34,19,15,36,6,30,1,0,1,35,6,29,0,0,0,0,0,0,32,4,28,0,0,0,32,4,28,0,0,0,0,0,0,4,2,2,1,0,1,3,2,1,0,0,0,0,0,0,710,336,374
03,91,Mancherial,Mancherial,17,Chennur,570675,0000,VILLAGE,Asnad,Rural,741,2817,1370,1447,340,167,173,694,335,359,31,17,14,1155,628,527,1662,742,920,1571,831,740,1160,697,463,525,445,80,436,98,338,1,0,1,198,154,44,411,134,277,27,10,17,355,109,246,0,0,0,29,15,14,280,95,185,19,7,12,249,79,170,0,0,0,12,9,3,131,39,92,8,3,5,106,30,76,0,0,0,17,6,11,1246,539,707
03,91,Mancherial,Mancherial,17,Chennur,570676,0000,VILLAGE,Kommera,Rural,671,2355,1178,1177,248,132,116,1280,664,616,5,2,3,1080,612,468,1275,566,709,1311,676,635,1198,624,574,409,305,104,621,215,406,23,13,10,145,91,54,113,52,61,9,7,2,90,34,56,0,0,0,14,11,3,89,41,48,5,4,1,70,26,44,0,0,0,14,11,3,24,11,13,4,3,1,20,8,12,0,0,0,0,0,0,1044,502,542
03,91,Mancherial,Mancherial,17,Chennur,570677,0000,VILLAGE,Sundersala,Rural,265,917,470,447,110,48,62,385,191,194,0,0,0,416,263,153,501,207,294,512,266,246,421,248,173,123,95,28,234,106,128,4,0,4,60,47,13,91,18,73,4,2,2,60,3,57,1,0,1,26,13,13,90,18,72,4,2,2,59,3,56,1,0,1,26,13,13,1,0,1,0,0,0,1,0,1,0,0,0,0,0,0,405,204,201
03,91,Mancherial,Mancherial,17,Chennur,570678,0000,VILLAGE,Narasakkapet,Rural,104,361,192,169,63,35,28,351,186,165,0,0,0,137,92,45,224,100,124,189,95,94,161,92,69,55,43,12,97,42,55,0,0,0,9,7,2,28,3,25,0,0,0,27,3,24,0,0,0,1,0,1,28,3,25,0,0,0,27,3,24,0,0,0,1,0,1,0,0,0,0,0,0,0,0,0,0,0,0,0,0,0,172,97,75
03,91,Mancherial,Mancherial,17,Chennur,570679,0000,VILLAGE,Pokkuru,Rural,648,2200,1056,1144,233,118,115,583,270,313,0,0,0,974,532,442,1226,524,702,1411,692,719,1322,660,662,407,213,194,782,363,419,57,36,21,76,48,28,89,32,57,12,4,8,52,15,37,1,0,1,24,13,11,82,30,52,8,2,6,51,15,36,0,0,0,23,13,10,7,2,5,4,2,2,1,0,1,1,0,1,1,0,1,789,364,425
03,91,Mancherial,Mancherial,17,Chennur,570680,0000,VILLAGE,Chakepalle,Rural,89,425,216,209,41,26,15,421,212,209,0,0,0,205,121,84,220,95,125,245,122,123,120,95,25,66,61,5,46,29,17,1,1,0,7,4,3,125,27,98,7,3,4,63,22,41,1,0,1,54,2,52,123,25,98,7,3,4,62,21,41,1,0,1,53,1,52,2,2,0,0,0,0,1,1,0,0,0,0,1,1,0,180,94,86
03,91,Mancherial,Mancherial,17,Chennur,570681,0000,VILLAGE,Ponnaram,Rural,140,521,295,226,63,36,27,362,199,163,0,0,0,223,120,103,298,175,123,249,134,115,119,111,8,117,109,8,0,0,0,2,2,0,0,0,0,130,23,107,4,3,1,118,19,99,7,1,6,1,0,1,127,21,106,4,3,1,115,17,98,7,1,6,1,0,1,3,2,1,0,0,0,3,2,1,0,0,0,0,0,0,272,161,111
03,91,Mancherial,Mancherial,17,Chennur,570682,0000,VILLAGE,Somanpalle,Rural,452,1613,807,806,144,78,66,533,276,257,112,63,49,725,416,309,888,391,497,929,467,462,682,408,274,144,135,9,471,230,241,0,0,0,67,43,24,247,59,188,13,13,0,137,28,109,4,0,4,93,18,75,167,28,139,7,7,0,84,16,68,4,0,4,72,5,67,80,31,49,6,6,0,53,12,41,0,0,0,21,13,8,684,340,344
03,91,Mancherial,Mancherial,17,Chennur,570683,0000,VILLAGE,Nagapur,Rural,281,1046,513,533,102,56,46,298,145,153,51,25,26,483,290,193,563,223,340,680,335,345,559,281,278,216,123,93,253,96,157,3,3,0,87,59,28,121,54,67,35,15,20,58,26,32,5,1,4,23,12,11,70,30,40,19,7,12,38,14,24,0,0,0,13,9,4,51,24,27,16,8,8,20,12,8,5,1,4,10,3,7,366,178,188
03,91,Mancherial,Mancherial,17,Chennur,570684,0000,VILLAGE,Beervelli,Rural,142,506,238,268,51,24,27,199,90,109,0,0,0,182,100,82,324,138,186,207,153,54,182,153,29,89,89,0,85,60,25,0,0,0,8,4,4,25,0,25,0,0,0,24,0,24,0,0,0,1,0,1,25,0,25,0,0,0,24,0,24,0,0,0,1,0,1,0,0,0,0,0,0,0,0,0,0,0,0,0,0,0,299,85,214
03,92,Bellampalle,Mancherial,05,Kasipet,570509,0001,WARD,Devapur,Urban,2543,9683,4847,4836,966,479,487,1295,630,665,2180,1021,1159,6079,3362,2717,3604,1485,2119,3695,2834,861,2291,1961,330,95,79,16,167,87,80,169,155,14,1860,1640,220,1404,873,531,14,9,5,258,114,144,16,9,7,1116,741,375,1042,579,463,10,7,3,228,92,136,9,5,4,795,475,320,362,294,68,4,2,2,30,22,8,7,4,3,321,266,55,5988,2013,3975
03,92,Bellampalle,Mancherial,05,Kasipet,570510,0001,WARD,Kasipet,Urban,1380,5133,2611,2522,450,250,200,1990,997,993,1261,634,627,2935,1698,1237,2198,913,1285,2093,1329,764,1371,971,400,34,26,8,651,393,258,30,20,10,656,532,124,722,358,364,10,9,1,309,138,171,25,15,10,378,196,182,553,291,262,9,8,1,265,122,143,21,15,6,258,146,112,169,67,102,1,1,0,44,16,28,4,0,4,120,50,70,3040,1282,1758
03,91,Mancherial,Mancherial,12,Mandamarri,570569,0001,WARD,Kyethenpalle,Urban,7850,32385,16773,15612,2320,1223,1097,8001,4142,3859,499,253,246,21554,12429,9125,10831,4344,6487,9920,7940,1980,7381,6440,941,115,84,31,292,181,111,188,151,37,6786,6024,762,2539,1500,1039,59,40,19,1034,440,594,74,42,32,1372,978,394,2335,1374,961,56,38,18,972,419,553,68,40,28,1239,877,362,204,126,78,3,2,1,62,21,41,6,2,4,133,101,32,22465,8833,13632
03,91,Mancherial,Mancherial,03,Luxettipet,570590,0001,WARD,Luxettipet,Urban,2768,11322,5627,5695,1065,556,509,1820,886,934,304,188,116,8277,4476,3801,3045,1151,1894,4194,2855,1339,3270,2407,863,73,52,21,485,250,235,74,34,40,2638,2071,567,924,448,476,14,9,5,449,169,280,33,9,24,428,261,167,732,372,360,13,8,5,330,136,194,28,7,21,361,221,140,192,76,116,1,1,0,119,33,86,5,2,3,67,40,27,7128,2772,4356
03,91,Mancherial,Mancherial,14,Naspur,570612,0001,WARD,Teegalpahad,Urban,3114,12656,6631,6025,1015,548,467,2203,1169,1034,584,312,272,7920,4654,3266,4736,1977,2759,4066,3282,784,3640,3037,603,43,40,3,224,120,104,89,63,26,3284,2814,470,426,245,181,2,2,0,71,17,54,25,18,7,328,208,120,400,233,167,1,1,0,66,15,51,24,17,7,309,200,109,26,12,14,1,1,0,5,2,3,1,1,0,19,8,11,8590,3349,5241
03,91,Mancherial,Mancherial,14,Naspur,570613,0001,WARD,Naspur,Urban,7459,31244,15996,15248,2138,1118,1020,5377,2784,2593,846,445,401,21632,12216,9416,9612,3780,5832,9773,7877,1896,8404,7119,1285,37,29,8,327,164,163,54,36,18,7986,6890,1096,1369,758,611,37,17,20,159,78,81,27,16,11,1146,647,499,1254,702,552,37,17,20,145,69,76,14,9,5,1058,607,451,115,56,59,0,0,0,14,9,5,13,7,6,88,40,48,21471,8119,13352
03,91,Mancherial,Mancherial,14,Naspur,570614,0001,WARD,Thallapalle,Urban,2347,9656,5053,4603,671,358,313,2142,1120,1022,268,141,127,6050,3542,2508,3606,1511,2095,2723,2400,323,2327,2124,203,2,2,0,157,110,47,23,17,6,2145,1995,150,396,276,120,1,1,0,55,29,26,9,6,3,331,240,91,343,244,99,1,1,0,47,27,20,6,5,1,289,211,78,53,32,21,0,0,0,8,2,6,3,1,2,42,29,13,6933,2653,4280
03,91,Mancherial,Mancherial,14,Naspur,570615,0001,WARD,Singapur,Urban,4870,20061,10585,9476,1381,755,626,6382,3382,3000,574,302,272,13383,7814,5569,6678,2771,3907,5968,4978,990,5099,4492,607,49,38,11,334,253,81,69,48,21,4647,4153,494,869,486,383,12,7,5,230,79,151,26,13,13,601,387,214,727,398,329,11,6,5,188,57,131,15,7,8,513,328,185,142,88,54,1,1,0,42,22,20,11,6,5,88,59,29,14093,5607,8486
03,91,Mancherial,Mancherial,17,Chennur,570685,0001,WARD,Chennur,Urban,5927,23579,11809,11770,2344,1243,1101,3764,1852,1912,189,104,85,15301,8554,6747,8278,3255,5023,8827,6084,2743,6850,5216,1634,433,368,65,1921,1092,829,140,81,59,4356,3675,681,1977,868,1109,34,18,16,1157,422,735,27,6,21,759,422,337,1720,708,1012,31,17,14,1012,329,683,18,3,15,659,359,300,257,160,97,3,1,2,145,93,52,9,3,6,100,63,37,14752,5725,9027
03,92,Bellampalle,Mancherial,11,Bellampalle,802900,0001,WARD,Bellampalle,Urban,401,1672,848,824,127,62,65,385,194,191,13,4,9,1111,637,474,561,211,350,498,421,77,412,358,54,0,0,0,15,12,3,20,17,3,377,329,48,86,63,23,0,0,0,24,15,9,3,0,3,59,48,11,66,52,14,0,0,0,19,12,7,0,0,0,47,40,7,20,11,9,0,0,0,5,3,2,3,0,3,12,8,4,1174,427,747
03,91,Mancherial,Mancherial,12,Mandamarri,802901,0001,WARD,Mandamarri,Urban,251,989,520,469,67,36,31,208,104,104,1,0,1,569,340,229,420,180,240,364,244,120,270,209,61,2,0,2,20,10,10,13,12,1,235,187,48,94,35,59,1,0,1,18,6,12,6,3,3,69,26,43,85,33,52,1,0,1,15,6,9,5,2,3,64,25,39,9,2,7,0,0,0,3,0,3,1,1,0,5,1,4,625,276,349
03,91,Mancherial,Mancherial,13,Mancherial,802902,0001,WARD,Mancherial,Urban,814,3338,1649,1689,334,184,150,822,418,404,72,33,39,2251,1181,1070,1087,468,619,1175,889,286,971,759,212,6,6,0,130,87,43,4,2,2,831,664,167,204,130,74,2,0,2,25,20,5,1,0,1,176,110,66,200,129,71,2,0,2,25,20,5,1,0,1,172,109,63,4,1,3,0,0,0,0,0,0,0,0,0,4,1,3,2163,760,1403
03,92,Bellampalle,Mancherial,11,Bellampalle,802900,0002,WARD,Bellampalle,Urban,563,2201,1097,1104,155,85,70,791,387,404,19,7,12,1509,848,661,692,249,443,694,510,184,523,430,93,1,1,0,86,67,19,29,20,9,407,342,65,171,80,91,5,1,4,52,21,31,1,0,1,113,58,55,130,56,74,5,1,4,31,9,22,1,0,1,93,46,47,41,24,17,0,0,0,21,12,9,0,0,0,20,12,8,1507,587,920
03,91,Mancherial,Mancherial,12,Mandamarri,802901,0002,WARD,Mandamarri,Urban,519,2117,1077,1040,193,95,98,475,248,227,10,5,5,1352,764,588,765,313,452,685,514,171,447,361,86,1,1,0,16,6,10,9,6,3,421,348,73,238,153,85,1,1,0,19,6,13,2,1,1,216,145,71,219,145,74,1,1,0,7,1,6,1,1,0,210,142,68,19,8,11,0,0,0,12,5,7,1,0,1,6,3,3,1432,563,869
03,91,Mancherial,Mancherial,13,Mancherial,802902,0002,WARD,Mancherial,Urban,165,689,361,328,59,29,30,139,71,68,4,2,2,543,306,237,146,55,91,236,198,38,226,194,32,0,0,0,4,1,3,0,0,0,222,193,29,10,4,6,0,0,0,0,0,0,0,0,0,10,4,6,10,4,6,0,0,0,0,0,0,0,0,0,10,4,6,0,0,0,0,0,0,0,0,0,0,0,0,0,0,0,453,163,290
03,92,Bellampalle,Mancherial,11,Bellampalle,802900,0003,WARD,Bellampalle,Urban,467,1811,897,914,146,73,73,402,202,200,14,5,9,1234,693,541,577,204,373,598,470,128,520,425,95,1,0,1,16,5,11,9,8,1,494,412,82,78,45,33,0,0,0,12,9,3,23,14,9,43,22,21,58,35,23,0,0,0,9,7,2,14,10,4,35,18,17,20,10,10,0,0,0,3,2,1,9,4,5,8,4,4,1213,427,786
03,91,Mancherial,Mancherial,12,Mandamarri,802901,0003,WARD,Mandamarri,Urban,830,3444,1718,1726,219,134,85,953,454,499,94,45,49,2529,1350,1179,915,368,547,1161,860,301,848,702,146,10,7,3,58,26,32,18,15,3,762,654,108,313,158,155,9,3,6,54,16,38,21,12,9,229,127,102,283,141,142,9,3,6,46,13,33,15,9,6,213,116,97,30,17,13,0,0,0,8,3,5,6,3,3,16,11,5,2283,858,1425
03,91,Mancherial,Mancherial,13,Mancherial,802902,0003,WARD,Mancherial,Urban,772,3020,1533,1487,295,146,149,429,224,205,51,24,27,2187,1205,982,833,328,505,988,779,209,839,687,152,9,6,3,8,5,3,36,25,11,786,651,135,149,92,57,1,1,0,4,2,2,11,9,2,133,80,53,144,89,55,1,1,0,4,2,2,11,9,2,128,77,51,5,3,2,0,0,0,0,0,0,0,0,0,5,3,2,2032,754,1278
03,92,Bellampalle,Mancherial,11,Bellampalle,802900,0004,WARD,Bellampalle,Urban,372,1512,773,739,114,66,48,803,412,391,4,3,1,1114,626,488,398,147,251,433,353,80,330,283,47,2,1,1,4,1,3,3,2,1,321,279,42,103,70,33,2,2,0,9,7,2,2,0,2,90,61,29,91,61,30,2,2,0,6,4,2,2,0,2,81,55,26,12,9,3,0,0,0,3,3,0,0,0,0,9,6,3,1079,420,659
03,91,Mancherial,Mancherial,12,Mandamarri,802901,0004,WARD,Mandamarri,Urban,567,2376,1238,1138,155,83,72,441,237,204,69,38,31,1773,990,783,603,248,355,681,607,74,600,559,41,5,3,2,1,1,0,3,2,1,591,553,38,81,48,33,0,0,0,8,4,4,4,2,2,69,42,27,77,47,30,0,0,0,7,4,3,3,2,1,67,41,26,4,1,3,0,0,0,1,0,1,1,0,1,2,1,1,1695,631,1064
03,91,Mancherial,Mancherial,13,Mancherial,802902,0004,WARD,Mancherial,Urban,1046,4326,2180,2146,489,254,235,381,204,177,70,38,32,3199,1704,1495,1127,476,651,1499,1118,381,1275,1018,257,51,39,12,28,25,3,73,30,43,1123,924,199,224,100,124,14,8,6,11,6,5,107,37,70,92,49,43,217,95,122,14,8,6,11,6,5,107,37,70,85,44,41,7,5,2,0,0,0,0,0,0,0,0,0,7,5,2,2827,1062,1765
03,92,Bellampalle,Mancherial,11,Bellampalle,802900,0005,WARD,Bellampalle,Urban,329,1386,722,664,95,52,43,269,132,137,6,4,2,1004,581,423,382,141,241,523,391,132,261,227,34,7,3,4,2,1,1,2,2,0,250,221,29,262,164,98,5,4,1,13,6,7,56,30,26,188,124,64,192,120,72,4,3,1,4,1,3,13,5,8,171,111,60,70,44,26,1,1,0,9,5,4,43,25,18,17,13,4,863,331,532
03,91,Mancherial,Mancherial,12,Mandamarri,802901,0005,WARD,Mandamarri,Urban,407,1655,865,790,148,85,63,473,248,225,45,23,22,1025,594,431,630,271,359,521,423,98,317,282,35,1,1,0,3,1,2,4,3,1,309,277,32,204,141,63,2,2,0,117,74,43,6,5,1,79,60,19,199,139,60,2,2,0,115,74,41,6,5,1,76,58,18,5,2,3,0,0,0,2,0,2,0,0,0,3,2,1,1134,442,692
03,91,Mancherial,Mancherial,13,Mancherial,802902,0005,WARD,Mancherial,Urban,613,2726,1381,1345,271,145,126,210,101,109,28,14,14,2123,1132,991,603,249,354,821,689,132,773,662,111,4,4,0,0,0,0,4,4,0,765,654,111,48,27,21,4,1,3,1,0,1,3,3,0,40,23,17,46,26,20,4,1,3,1,0,1,3,3,0,38,22,16,2,1,1,0,0,0,0,0,0,0,0,0,2,1,1,1905,692,1213
03,92,Bellampalle,Mancherial,11,Bellampalle,802900,0006,WARD,Bellampalle,Urban,392,1517,749,768,125,60,65,302,145,157,8,3,5,999,554,445,518,195,323,451,360,91,426,346,80,4,3,1,3,2,1,8,3,5,411,338,73,25,14,11,2,2,0,2,0,2,1,0,1,20,12,8,24,14,10,2,2,0,2,0,2,1,0,1,19,12,7,1,0,1,0,0,0,0,0,0,0,0,0,1,0,1,1066,389,677
03,91,Mancherial,Mancherial,12,Mandamarri,802901,0006,WARD,Mandamarri,Urban,526,2077,1049,1028,189,104,85,291,147,144,405,203,202,1174,715,459,903,334,569,822,527,295,531,369,162,17,17,0,194,135,59,10,2,8,310,215,95,291,158,133,6,6,0,134,76,58,1,1,0,150,75,75,227,126,101,6,6,0,102,59,43,0,0,0,119,61,58,64,32,32,0,0,0,32,17,15,1,1,0,31,14,17,1255,522,733
03,91,Mancherial,Mancherial,13,Mancherial,802902,0006,WARD,Mancherial,Urban,331,1378,683,695,127,61,66,57,28,29,27,12,15,1115,595,520,263,88,175,418,346,72,415,344,71,1,1,0,0,0,0,7,4,3,407,339,68,3,2,1,0,0,0,0,0,0,0,0,0,3,2,1,2,1,1,0,0,0,0,0,0,0,0,0,2,1,1,1,1,0,0,0,0,0,0,0,0,0,0,1,1,0,960,337,623
03,92,Bellampalle,Mancherial,11,Bellampalle,802900,0007,WARD,Bellampalle,Urban,423,1877,948,929,189,101,88,207,105,102,25,14,11,1474,791,683,403,157,246,542,471,71,443,401,42,1,1,0,2,1,1,6,5,1,434,394,40,99,70,29,2,1,1,2,1,1,2,1,1,93,67,26,97,70,27,2,1,1,2,1,1,1,1,0,92,67,25,2,0,2,0,0,0,0,0,0,1,0,1,1,0,1,1335,477,858
03,91,Mancherial,Mancherial,12,Mandamarri,802901,0007,WARD,Mandamarri,Urban,624,2596,1292,1304,182,92,90,763,381,382,95,47,48,1820,1016,804,776,276,500,861,655,206,513,456,57,1,1,0,28,16,12,3,3,0,481,436,45,348,199,149,2,2,0,67,39,28,11,8,3,268,150,118,332,188,144,2,2,0,66,39,27,9,6,3,255,141,114,16,11,5,0,0,0,1,0,1,2,2,0,13,9,4,1735,637,1098
03,91,Mancherial,Mancherial,13,Mancherial,802902,0007,WARD,Mancherial,Urban,150,594,292,302,55,28,27,2,2,0,18,5,13,468,242,226,126,50,76,177,148,29,143,127,16,1,1,0,0,0,0,11,8,3,131,118,13,34,21,13,2,1,1,10,4,6,2,1,1,20,15,5,16,11,5,2,1,1,0,0,0,1,1,0,13,9,4,18,10,8,0,0,0,10,4,6,1,0,1,7,6,1,417,144,273
03,92,Bellampalle,Mancherial,11,Bellampalle,802900,0008,WARD,Bellampalle,Urban,599,2360,1174,1186,214,113,101,672,328,344,0,0,0,1458,802,656,902,372,530,779,590,189,597,475,122,6,4,2,11,11,0,17,11,6,563,449,114,182,115,67,8,3,5,114,79,35,3,2,1,57,31,26,129,80,49,8,3,5,76,55,21,2,1,1,43,21,22,53,35,18,0,0,0,38,24,14,1,1,0,14,10,4,1581,584,997
03,91,Mancherial,Mancherial,12,Mandamarri,802901,0008,WARD,Mandamarri,Urban,471,1966,978,988,191,96,95,460,227,233,24,14,10,1324,735,589,642,243,399,736,514,222,537,406,131,2,0,2,25,15,10,67,10,57,443,381,62,199,108,91,3,2,1,6,4,2,12,5,7,178,97,81,191,103,88,3,2,1,4,4,0,12,5,7,172,92,80,8,5,3,0,0,0,2,0,2,0,0,0,6,5,1,1230,464,766
03,91,Mancherial,Mancherial,13,Mancherial,802902,0008,WARD,Mancherial,Urban,253,1027,534,493,90,44,46,89,45,44,1,1,0,795,447,348,232,87,145,309,277,32,265,248,17,1,0,1,0,0,0,0,0,0,264,248,16,44,29,15,1,0,1,0,0,0,0,0,0,43,29,14,38,24,14,1,0,1,0,0,0,0,0,0,37,24,13,6,5,1,0,0,0,0,0,0,0,0,0,6,5,1,718,257,461
03,92,Bellampalle,Mancherial,11,Bellampalle,802900,0009,WARD,Bellampalle,Urban,961,3757,1889,1868,325,182,143,708,354,354,25,9,16,2616,1447,1169,1141,442,699,1162,936,226,875,730,145,8,7,1,76,62,14,21,15,6,770,646,124,287,206,81,2,2,0,48,32,16,39,31,8,198,141,57,272,200,72,2,2,0,44,32,12,38,31,7,188,135,53,15,6,9,0,0,0,4,0,4,1,0,1,10,6,4,2595,953,1642
03,91,Mancherial,Mancherial,12,Mandamarri,802901,0009,WARD,Mandamarri,Urban,528,2171,1093,1078,151,70,81,606,301,305,28,13,15,1448,831,617,723,262,461,650,478,172,413,325,88,13,10,3,32,16,16,13,7,6,355,292,63,237,153,84,4,3,1,123,75,48,24,12,12,86,63,23,208,135,73,4,3,1,101,61,40,22,12,10,81,59,22,29,18,11,0,0,0,22,14,8,2,0,2,5,4,1,1521,615,906
03,91,Mancherial,Mancherial,13,Mancherial,802902,0009,WARD,Mancherial,Urban,393,1541,784,757,130,70,60,25,12,13,14,5,9,1205,660,545,336,124,212,499,426,73,456,409,47,1,1,0,4,4,0,6,6,0,445,398,47,43,17,26,0,0,0,2,0,2,1,0,1,40,17,23,41,16,25,0,0,0,2,0,2,1,0,1,38,16,22,2,1,1,0,0,0,0,0,0,0,0,0,2,1,1,1042,358,684
03,92,Bellampalle,Mancherial,11,Bellampalle,802900,0010,WARD,Bellampalle,Urban,395,1560,785,775,138,66,72,46,22,24,0,0,0,1230,674,556,330,111,219,383,337,46,271,242,29,1,1,0,0,0,0,0,0,0,270,241,29,112,95,17,0,0,0,1,1,0,1,0,1,110,94,16,99,87,12,0,0,0,1,1,0,1,0,1,97,86,11,13,8,5,0,0,0,0,0,0,0,0,0,13,8,5,1177,448,729
03,91,Mancherial,Mancherial,12,Mandamarri,802901,0010,WARD,Mandamarri,Urban,353,1435,731,704,105,49,56,439,217,222,43,27,16,948,551,397,487,180,307,352,320,32,321,293,28,0,0,0,11,7,4,4,4,0,306,282,24,31,27,4,0,0,0,3,1,2,4,2,2,24,24,0,26,22,4,0,0,0,3,1,2,3,1,2,20,20,0,5,5,0,0,0,0,0,0,0,1,1,0,4,4,0,1083,411,672
03,91,Mancherial,Mancherial,13,Mancherial,802902,0010,WARD,Mancherial,Urban,205,929,491,438,84,46,38,8,4,4,3,1,2,788,432,356,141,59,82,326,271,55,326,271,55,2,1,1,2,2,0,7,6,1,315,262,53,0,0,0,0,0,0,0,0,0,0,0,0,0,0,0,0,0,0,0,0,0,0,0,0,0,0,0,0,0,0,0,0,0,0,0,0,0,0,0,0,0,0,0,0,0,603,220,383
03,92,Bellampalle,Mancherial,11,Bellampalle,802900,0011,WARD,Bellampalle,Urban,342,1305,683,622,98,54,44,81,44,37,19,8,11,896,520,376,409,163,246,391,324,67,301,268,33,1,1,0,3,2,1,9,9,0,288,256,32,90,56,34,2,1,1,4,3,1,3,1,2,81,51,30,66,43,23,2,1,1,2,2,0,2,1,1,60,39,21,24,13,11,0,0,0,2,1,1,1,0,1,21,12,9,914,359,555
03,91,Mancherial,Mancherial,12,Mandamarri,802901,0011,WARD,Mandamarri,Urban,507,2019,1060,959,120,66,54,649,341,308,38,19,19,1459,834,625,560,226,334,543,459,84,349,310,39,1,1,0,1,1,0,1,0,1,346,308,38,194,149,45,0,0,0,17,10,7,1,0,1,176,139,37,165,124,41,0,0,0,8,3,5,1,0,1,156,121,35,29,25,4,0,0,0,9,7,2,0,0,0,20,18,2,1476,601,875
03,91,Mancherial,Mancherial,13,Mancherial,802902,0011,WARD,Mancherial,Urban,220,874,424,450,68,39,29,22,10,12,9,5,4,734,365,369,140,59,81,274,225,49,272,225,47,1,1,0,0,0,0,6,6,0,265,218,47,2,0,2,0,0,0,0,0,0,0,0,0,2,0,2,2,0,2,0,0,0,0,0,0,0,0,0,2,0,2,0,0,0,0,0,0,0,0,0,0,0,0,0,0,0,600,199,401
03,92,Bellampalle,Mancherial,11,Bellampalle,802900,0012,WARD,Bellampalle,Urban,392,1514,727,787,120,63,57,87,40,47,1,1,0,1075,573,502,439,154,285,661,405,256,350,198,152,3,2,1,10,4,6,107,7,100,230,185,45,311,207,104,0,0,0,16,11,5,51,13,38,244,183,61,235,148,87,0,0,0,13,9,4,51,13,38,171,126,45,76,59,17,0,0,0,3,2,1,0,0,0,73,57,16,853,322,531
03,91,Mancherial,Mancherial,12,Mandamarri,802901,0012,WARD,Mandamarri,Urban,574,2339,1199,1140,120,66,54,593,293,300,26,11,15,1743,954,789,596,245,351,639,543,96,549,474,75,1,1,0,19,13,6,4,2,2,525,458,67,90,69,21,1,1,0,3,2,1,2,0,2,84,66,18,84,64,20,1,1,0,3,2,1,2,0,2,78,61,17,6,5,1,0,0,0,0,0,0,0,0,0,6,5,1,1700,656,1044
03,91,Mancherial,Mancherial,13,Mancherial,802902,0012,WARD,Mancherial,Urban,2440,10003,5136,4867,977,542,435,745,394,351,178,86,92,7898,4200,3698,2105,936,1169,3207,2658,549,2915,2494,421,10,8,2,11,9,2,47,38,9,2847,2439,408,292,164,128,3,3,0,8,4,4,8,3,5,273,154,119,277,158,119,3,3,0,8,4,4,7,2,5,259,149,110,15,6,9,0,0,0,0,0,0,1,1,0,14,5,9,6796,2478,4318
03,92,Bellampalle,Mancherial,11,Bellampalle,802900,0013,WARD,Bellampalle,Urban,515,1934,968,966,164,89,75,120,57,63,18,8,10,1384,753,631,550,215,335,539,464,75,463,402,61,4,4,0,3,2,1,0,0,0,456,396,60,76,62,14,0,0,0,4,2,2,1,0,1,71,60,11,27,14,13,0,0,0,3,1,2,1,0,1,23,13,10,49,48,1,0,0,0,1,1,0,0,0,0,48,47,1,1395,504,891
03,91,Mancherial,Mancherial,12,Mandamarri,802901,0013,WARD,Mandamarri,Urban,325,1370,716,654,111,62,49,634,332,302,12,7,5,917,538,379,453,178,275,324,282,42,203,180,23,1,1,0,0,0,0,5,5,0,197,174,23,121,102,19,1,1,0,34,23,11,48,42,6,38,36,2,105,91,14,1,1,0,25,17,8,44,39,5,35,34,1,16,11,5,0,0,0,9,6,3,4,3,1,3,2,1,1046,434,612
03,91,Mancherial,Mancherial,13,Mancherial,802902,0013,WARD,Mancherial,Urban,1139,4657,2307,2350,430,209,221,699,331,368,45,21,24,3423,1870,1553,1234,437,797,1487,1180,307,1288,1053,235,5,3,2,35,28,7,26,16,10,1222,1006,216,199,127,72,5,5,0,11,6,5,9,4,5,174,112,62,159,100,59,4,4,0,7,2,5,7,3,4,141,91,50,40,27,13,1,1,0,4,4,0,2,1,1,33,21,12,3170,1127,2043
03,92,Bellampalle,Mancherial,11,Bellampalle,802900,0014,WARD,Bellampalle,Urban,524,2129,1039,1090,179,88,91,855,420,435,48,24,24,1401,767,634,728,272,456,910,625,285,506,434,72,1,1,0,28,25,3,30,26,4,447,382,65,404,191,213,0,0,0,45,31,14,16,10,6,343,150,193,365,162,203,0,0,0,21,12,9,13,8,5,331,142,189,39,29,10,0,0,0,24,19,5,3,2,1,12,8,4,1219,414,805
03,91,Mancherial,Mancherial,12,Mandamarri,802901,0014,WARD,Mandamarri,Urban,512,2215,1189,1026,119,69,50,510,267,243,33,20,13,1753,1019,734,462,170,292,618,549,69,523,476,47,4,4,0,2,0,2,5,5,0,512,467,45,95,73,22,1,1,0,27,19,8,17,13,4,50,40,10,91,70,21,1,1,0,27,19,8,17,13,4,46,37,9,4,3,1,0,0,0,0,0,0,0,0,0,4,3,1,1597,640,957
03,91,Mancherial,Mancherial,13,Mancherial,802902,0014,WARD,Mancherial,Urban,144,601,300,301,52,25,27,352,170,182,0,0,0,185,110,75,416,190,226,416,215,201,413,213,200,97,52,45,314,160,154,0,0,0,2,1,1,3,2,1,1,1,0,2,1,1,0,0,0,0,0,0,3,2,1,1,1,0,2,1,1,0,0,0,0,0,0,0,0,0,0,0,0,0,0,0,0,0,0,0,0,0,185,85,100
03,92,Bellampalle,Mancherial,11,Bellampalle,802900,0015,WARD,Bellampalle,Urban,533,2172,1113,1059,156,85,71,591,313,278,92,43,49,1669,923,746,503,190,313,605,508,97,521,454,67,1,1,0,0,0,0,2,1,1,518,452,66,84,54,30,0,0,0,3,1,2,4,2,2,77,51,26,60,39,21,0,0,0,3,1,2,3,2,1,54,36,18,24,15,9,0,0,0,0,0,0,1,0,1,23,15,8,1567,605,962
03,91,Mancherial,Mancherial,12,Mandamarri,802901,0015,WARD,Mandamarri,Urban,947,3690,1964,1726,246,131,115,815,441,374,21,14,7,2501,1464,1037,1189,500,689,1039,840,199,870,740,130,6,5,1,33,16,17,17,13,4,814,706,108,169,100,69,1,0,1,61,27,34,2,1,1,105,72,33,149,92,57,1,0,1,54,26,28,2,1,1,92,65,27,20,8,12,0,0,0,7,1,6,0,0,0,13,7,6,2651,1124,1527
03,91,Mancherial,Mancherial,13,Mancherial,802902,0015,WARD,Mancherial,Urban,474,1972,994,978,171,80,91,421,211,210,9,5,4,1166,660,506,806,334,472,724,538,186,709,530,179,46,42,4,152,86,66,58,34,24,453,368,85,15,8,7,0,0,0,4,2,2,2,0,2,9,6,3,15,8,7,0,0,0,4,2,2,2,0,2,9,6,3,0,0,0,0,0,0,0,0,0,0,0,0,0,0,0,1248,456,792
03,92,Bellampalle,Mancherial,11,Bellampalle,802900,0016,WARD,Bellampalle,Urban,454,1866,919,947,116,57,59,1072,511,561,24,13,11,1379,732,647,487,187,300,554,439,115,510,408,102,0,0,0,5,2,3,0,0,0,505,406,99,44,31,13,1,1,0,1,0,1,2,1,1,40,29,11,20,10,10,1,1,0,1,0,1,1,0,1,17,9,8,24,21,3,0,0,0,0,0,0,1,1,0,23,20,3,1312,480,832
03,91,Mancherial,Mancherial,12,Mandamarri,802901,0016,WARD,Mandamarri,Urban,692,2786,1419,1367,204,111,93,388,196,192,30,13,17,1962,1103,859,824,316,508,789,677,112,708,624,84,4,3,1,13,10,3,21,13,8,670,598,72,81,53,28,0,0,0,15,8,7,6,2,4,60,43,17,74,51,23,0,0,0,14,8,6,5,1,4,55,42,13,7,2,5,0,0,0,1,0,1,1,1,0,5,1,4,1997,742,1255
03,91,Mancherial,Mancherial,13,Mancherial,802902,0016,WARD,Mancherial,Urban,160,690,346,344,58,23,35,0,0,0,0,0,0,397,233,164,293,113,180,292,202,90,279,194,85,11,3,8,20,5,15,0,0,0,248,186,62,13,8,5,0,0,0,5,1,4,0,0,0,8,7,1,10,5,5,0,0,0,5,1,4,0,0,0,5,4,1,3,3,0,0,0,0,0,0,0,0,0,0,3,3,0,398,144,254
03,92,Bellampalle,Mancherial,11,Bellampalle,802900,0017,WARD,Bellampalle,Urban,288,1105,544,561,69,32,37,609,290,319,0,0,0,791,428,363,314,116,198,352,261,91,326,244,82,0,0,0,0,0,0,4,1,3,322,243,79,26,17,9,2,1,1,0,0,0,1,0,1,23,16,7,21,16,5,2,1,1,0,0,0,0,0,0,19,15,4,5,1,4,0,0,0,0,0,0,1,0,1,4,1,3,753,283,470
03,91,Mancherial,Mancherial,12,Mandamarri,802901,0017,WARD,Mandamarri,Urban,189,831,421,410,56,32,24,291,145,146,10,6,4,597,338,259,234,83,151,234,190,44,202,165,37,1,1,0,4,3,1,1,1,0,196,160,36,32,25,7,0,0,0,1,0,1,1,1,0,30,24,6,30,23,7,0,0,0,1,0,1,1,1,0,28,22,6,2,2,0,0,0,0,0,0,0,0,0,0,2,2,0,597,231,366
03,91,Mancherial,Mancherial,13,Mancherial,802902,0017,WARD,Mancherial,Urban,359,1482,748,734,138,69,69,430,202,228,0,0,0,909,538,371,573,210,363,545,381,164,395,305,90,5,4,1,168,112,56,54,46,8,168,143,25,150,76,74,1,1,0,89,31,58,5,4,1,55,40,15,142,75,67,1,1,0,85,31,54,4,4,0,52,39,13,8,1,7,0,0,0,4,0,4,1,0,1,3,1,2,937,367,570
03,92,Bellampalle,Mancherial,11,Bellampalle,802900,0018,WARD,Bellampalle,Urban,383,1612,814,798,117,61,56,1033,518,515,13,7,6,1049,594,455,563,220,343,421,361,60,380,331,49,0,0,0,15,10,5,9,6,3,356,315,41,41,30,11,1,1,0,13,11,2,5,2,3,22,16,6,39,28,11,1,1,0,12,10,2,5,2,3,21,15,6,2,2,0,0,0,0,1,1,0,0,0,0,1,1,0,1191,453,738
03,91,Mancherial,Mancherial,12,Mandamarri,802901,0018,WARD,Mandamarri,Urban,527,2088,1027,1061,198,97,101,569,276,293,20,10,10,1315,740,575,773,287,486,575,465,110,490,405,85,0,0,0,5,3,2,2,1,1,483,401,82,85,60,25,0,0,0,16,8,8,1,1,0,68,51,17,64,43,21,0,0,0,5,1,4,1,1,0,58,41,17,21,17,4,0,0,0,11,7,4,0,0,0,10,10,0,1513,562,951
03,91,Mancherial,Mancherial,13,Mancherial,802902,0018,WARD,Mancherial,Urban,1630,6367,3194,3173,637,319,318,319,158,161,97,46,51,4423,2424,1999,1944,770,1174,1996,1611,385,1778,1460,318,9,8,1,23,13,10,42,30,12,1704,1409,295,218,151,67,5,4,1,37,19,18,15,13,2,161,115,46,94,59,35,5,4,1,8,3,5,3,3,0,78,49,29,124,92,32,0,0,0,29,16,13,12,10,2,83,66,17,4371,1583,2788
03,92,Bellampalle,Mancherial,11,Bellampalle,802900,0019,WARD,Bellampalle,Urban,595,2464,1226,1238,208,101,107,599,305,294,25,13,12,1929,1024,905,535,202,333,757,596,161,564,447,117,4,3,1,5,3,2,3,1,2,552,440,112,193,149,44,1,1,0,12,11,1,3,3,0,177,134,43,187,144,43,1,1,0,12,11,1,3,3,0,171,129,42,6,5,1,0,0,0,0,0,0,0,0,0,6,5,1,1707,630,1077
03,91,Mancherial,Mancherial,12,Mandamarri,802901,0019,WARD,Mandamarri,Urban,557,2271,1151,1120,248,133,115,546,273,273,177,81,96,1346,763,583,925,388,537,682,541,141,577,491,86,4,3,1,25,20,5,8,5,3,540,463,77,105,50,55,2,1,1,15,4,11,5,1,4,83,44,39,92,45,47,2,1,1,12,4,8,5,1,4,73,39,34,13,5,8,0,0,0,3,0,3,0,0,0,10,5,5,1589,610,979
03,91,Mancherial,Mancherial,13,Mancherial,802902,0019,WARD,Mancherial,Urban,2091,8318,4242,4076,876,451,425,795,380,415,171,99,72,5613,3127,2486,2705,1115,1590,2729,2216,513,2366,1994,372,16,14,2,278,204,74,16,10,6,2056,1766,290,363,222,141,2,1,1,14,4,10,19,14,5,328,203,125,319,190,129,1,0,1,12,3,9,11,7,4,295,180,115,44,32,12,1,1,0,2,1,1,8,7,1,33,23,10,5589,2026,3563
03,92,Bellampalle,Mancherial,11,Bellampalle,802900,0020,WARD,Bellampalle,Urban,634,2697,1286,1411,164,92,72,871,368,503,67,48,19,2081,1059,1022,616,227,389,779,603,176,712,556,156,3,3,0,16,11,5,26,14,12,667,528,139,67,47,20,4,1,3,7,6,1,1,1,0,55,39,16,60,43,17,4,1,3,6,6,0,1,1,0,49,35,14,7,4,3,0,0,0,1,0,1,0,0,0,6,4,2,1918,683,1235
03,91,Mancherial,Mancherial,12,Mandamarri,802901,0020,WARD,Mandamarri,Urban,630,2629,1372,1257,159,89,70,558,277,281,28,16,12,1958,1101,857,671,271,400,894,644,250,718,591,127,3,0,3,7,5,2,2,1,1,706,585,121,176,53,123,2,1,1,21,10,11,0,0,0,153,42,111,166,48,118,2,1,1,16,8,8,0,0,0,148,39,109,10,5,5,0,0,0,5,2,3,0,0,0,5,3,2,1735,728,1007
03,91,Mancherial,Mancherial,13,Mancherial,802902,0020,WARD,Mancherial,Urban,1169,4764,2433,2331,519,267,252,287,152,135,65,33,32,3470,1923,1547,1294,510,784,1480,1244,236,1379,1188,191,6,6,0,21,14,7,33,23,10,1319,1145,174,101,56,45,1,1,0,3,2,1,1,1,0,96,52,44,85,48,37,1,1,0,1,1,0,1,1,0,82,45,37,16,8,8,0,0,0,2,1,1,0,0,0,14,7,7,3284,1189,2095
03,92,Bellampalle,Mancherial,11,Bellampalle,802900,0021,WARD,Bellampalle,Urban,357,1534,768,766,120,51,69,1441,720,721,0,0,0,1018,582,436,516,186,330,412,329,83,255,206,49,1,0,1,1,1,0,0,0,0,253,205,48,157,123,34,4,2,2,4,0,4,0,0,0,149,121,28,154,122,32,4,2,2,2,0,2,0,0,0,148,120,28,3,1,2,0,0,0,2,0,2,0,0,0,1,1,0,1122,439,683
03,91,Mancherial,Mancherial,12,Mandamarri,802901,0021,WARD,Mandamarri,Urban,568,2321,1206,1115,161,85,76,569,290,279,38,19,19,1589,909,680,732,297,435,723,598,125,577,481,96,3,2,1,14,7,7,10,6,4,550,466,84,146,117,29,6,4,2,3,0,3,4,4,0,133,109,24,132,114,18,5,4,1,1,0,1,2,2,0,124,108,16,14,3,11,1,0,1,2,0,2,2,2,0,9,1,8,1598,608,990
03,91,Mancherial,Mancherial,13,Mancherial,802902,0021,WARD,Mancherial,Urban,860,3600,1852,1748,390,219,171,476,237,239,25,14,11,2443,1365,1078,1157,487,670,1095,903,192,984,841,143,1,1,0,45,32,13,18,13,5,920,795,125,111,62,49,2,2,0,41,20,21,1,0,1,67,40,27,99,58,41,1,1,0,38,19,19,1,0,1,59,38,21,12,4,8,1,1,0,3,1,2,0,0,0,8,2,6,2505,949,1556
03,92,Bellampalle,Mancherial,11,Bellampalle,802900,0022,WARD,Bellampalle,Urban,337,1437,699,738,85,49,36,367,168,199,2,2,0,993,544,449,444,155,289,410,327,83,361,298,63,0,0,0,33,22,11,5,3,2,323,273,50,49,29,20,0,0,0,2,0,2,2,0,2,45,29,16,36,23,13,0,0,0,1,0,1,1,0,1,34,23,11,13,6,7,0,0,0,1,0,1,1,0,1,11,6,5,1027,372,655
03,91,Mancherial,Mancherial,12,Mandamarri,802901,0022,WARD,Mandamarri,Urban,442,1843,960,883,158,77,81,357,203,154,43,25,18,1243,726,517,600,234,366,515,417,98,385,338,47,7,7,0,22,10,12,17,16,1,339,305,34,130,79,51,1,0,1,65,37,28,7,4,3,57,38,19,121,75,46,1,0,1,63,37,26,6,4,2,51,34,17,9,4,5,0,0,0,2,0,2,1,0,1,6,4,2,1328,543,785
03,91,Mancherial,Mancherial,13,Mancherial,802902,0022,WARD,Mancherial,Urban,616,2468,1240,1228,254,147,107,1498,733,765,155,85,70,1478,820,658,990,420,570,797,591,206,639,507,132,5,3,2,48,29,19,9,5,4,577,470,107,158,84,74,0,0,0,46,19,27,0,0,0,112,65,47,147,79,68,0,0,0,42,18,24,0,0,0,105,61,44,11,5,6,0,0,0,4,1,3,0,0,0,7,4,3,1671,649,1022
03,92,Bellampalle,Mancherial,11,Bellampalle,802900,0023,WARD,Bellampalle,Urban,195,841,428,413,47,31,16,299,143,156,4,2,2,589,321,268,252,107,145,257,210,47,114,99,15,0,0,0,0,0,0,1,1,0,113,98,15,143,111,32,0,0,0,0,0,0,2,2,0,141,109,32,128,98,30,0,0,0,0,0,0,2,2,0,126,96,30,15,13,2,0,0,0,0,0,0,0,0,0,15,13,2,584,218,366
03,91,Mancherial,Mancherial,12,Mandamarri,802901,0023,WARD,Mandamarri,Urban,610,2469,1240,1229,215,102,113,730,379,351,102,49,53,1667,943,724,802,297,505,812,605,207,615,497,118,7,6,1,19,7,12,41,20,21,548,464,84,197,108,89,3,1,2,74,26,48,13,4,9,107,77,30,119,72,47,3,1,2,21,6,15,11,2,9,84,63,21,78,36,42,0,0,0,53,20,33,2,2,0,23,14,9,1657,635,1022
03,91,Mancherial,Mancherial,13,Mancherial,802902,0023,WARD,Mancherial,Urban,964,3915,1968,1947,421,214,207,332,159,173,60,31,29,2479,1404,1075,1436,564,872,1286,1049,237,1196,1015,181,1,1,0,12,9,3,40,33,7,1143,972,171,90,34,56,0,0,0,19,1,18,7,1,6,64,32,32,85,33,52,0,0,0,15,1,14,7,1,6,63,31,32,5,1,4,0,0,0,4,0,4,0,0,0,1,1,0,2629,919,1710
03,92,Bellampalle,Mancherial,11,Bellampalle,802900,0024,WARD,Bellampalle,Urban,174,764,382,382,62,30,32,243,113,130,7,6,1,550,302,248,214,80,134,217,179,38,138,121,17,1,1,0,1,1,0,0,0,0,136,119,17,79,58,21,0,0,0,47,35,12,4,2,2,28,21,7,73,55,18,0,0,0,42,32,10,3,2,1,28,21,7,6,3,3,0,0,0,5,3,2,1,0,1,0,0,0,547,203,344
03,91,Mancherial,Mancherial,12,Mandamarri,802901,0024,WARD,Mandamarri,Urban,654,2432,1209,1223,201,100,101,448,211,237,702,353,349,1390,777,613,1042,432,610,1152,688,464,825,514,311,75,67,8,550,283,267,14,9,5,186,155,31,327,174,153,10,8,2,196,84,112,52,33,19,69,49,20,311,168,143,10,8,2,186,80,106,50,31,19,65,49,16,16,6,10,0,0,0,10,4,6,2,2,0,4,0,4,1280,521,759
03,91,Mancherial,Mancherial,13,Mancherial,802902,0024,WARD,Mancherial,Urban,657,2691,1340,1351,255,128,127,114,56,58,40,19,21,1984,1080,904,707,260,447,842,707,135,814,686,128,5,4,1,12,4,8,8,3,5,789,675,114,28,21,7,1,1,0,2,0,2,1,0,1,24,20,4,27,20,7,1,1,0,2,0,2,1,0,1,23,19,4,1,1,0,0,0,0,0,0,0,0,0,0,1,1,0,1849,633,1216
03,92,Bellampalle,Mancherial,11,Bellampalle,802900,0025,WARD,Bellampalle,Urban,196,768,388,380,58,29,29,329,166,163,4,2,2,490,279,211,278,109,169,252,198,54,207,166,41,0,0,0,3,3,0,0,0,0,204,163,41,45,32,13,2,1,1,16,12,4,2,1,1,25,18,7,43,31,12,2,1,1,16,12,4,2,1,1,23,17,6,2,1,1,0,0,0,0,0,0,0,0,0,2,1,1,516,190,326
03,91,Mancherial,Mancherial,13,Mancherial,802902,0025,WARD,Mancherial,Urban,384,1555,795,760,163,87,76,58,29,29,15,8,7,1153,628,525,402,167,235,567,448,119,547,439,108,0,0,0,4,2,2,7,3,4,536,434,102,20,9,11,0,0,0,4,0,4,1,0,1,15,9,6,17,8,9,0,0,0,3,0,3,0,0,0,14,8,6,3,1,2,0,0,0,1,0,1,1,0,1,1,1,0,988,347,641
03,92,Bellampalle,Mancherial,11,Bellampalle,802900,0026,WARD,Bellampalle,Urban,1444,5828,2974,2854,464,254,210,2131,1084,1047,280,141,139,4230,2340,1890,1598,634,964,1828,1474,354,1239,1041,198,20,19,1,108,65,43,25,18,7,1086,939,147,589,433,156,6,3,3,20,12,8,9,5,4,554,413,141,578,427,151,6,3,3,18,11,7,8,4,4,546,409,137,11,6,5,0,0,0,2,1,1,1,1,0,8,4,4,4000,1500,2500
03,91,Mancherial,Mancherial,12,Mandamarri,802901,0026,WARD,Mandamarri,Urban,54,223,114,109,23,13,10,75,42,33,0,0,0,135,75,60,88,39,49,49,43,6,49,43,6,0,0,0,0,0,0,0,0,0,49,43,6,0,0,0,0,0,0,0,0,0,0,0,0,0,0,0,0,0,0,0,0,0,0,0,0,0,0,0,0,0,0,0,0,0,0,0,0,0,0,0,0,0,0,0,0,0,174,71,103
03,91,Mancherial,Mancherial,13,Mancherial,802902,0026,WARD,Mancherial,Urban,639,2407,1206,1201,226,104,122,117,50,67,49,25,24,1575,892,683,832,314,518,852,636,216,816,617,199,0,0,0,4,2,2,5,1,4,807,614,193,36,19,17,1,0,1,2,1,1,0,0,0,33,18,15,31,17,14,1,0,1,1,1,0,0,0,0,29,16,13,5,2,3,0,0,0,1,0,1,0,0,0,4,2,2,1555,570,985
03,92,Bellampalle,Mancherial,11,Bellampalle,802900,0027,WARD,Bellampalle,Urban,106,415,209,206,28,14,14,102,51,51,32,16,16,309,172,137,106,37,69,142,108,34,134,104,30,2,0,2,9,5,4,5,3,2,118,96,22,8,4,4,1,0,1,0,0,0,1,1,0,6,3,3,8,4,4,1,0,1,0,0,0,1,1,0,6,3,3,0,0,0,0,0,0,0,0,0,0,0,0,0,0,0,273,101,172
03,91,Mancherial,Mancherial,13,Mancherial,802902,0027,WARD,Mancherial,Urban,1125,4471,2290,2181,457,255,202,202,103,99,32,17,15,2850,1644,1206,1621,646,975,1536,1217,319,1443,1168,275,6,6,0,38,24,14,60,44,16,1339,1094,245,93,49,44,5,4,1,7,3,4,6,2,4,75,40,35,79,39,40,5,4,1,6,3,3,5,1,4,63,31,32,14,10,4,0,0,0,1,0,1,1,1,0,12,9,3,2935,1073,1862
03,92,Bellampalle,Mancherial,11,Bellampalle,802900,0028,WARD,Bellampalle,Urban,1003,3920,2050,1870,285,160,125,663,343,320,112,56,56,2881,1593,1288,1039,457,582,1345,977,368,912,750,162,25,17,8,44,27,17,25,19,6,818,687,131,433,227,206,7,2,5,273,131,142,6,4,2,147,90,57,395,209,186,7,2,5,259,129,130,5,3,2,124,75,49,38,18,20,0,0,0,14,2,12,1,1,0,23,15,8,2575,1073,1502
03,91,Mancherial,Mancherial,13,Mancherial,802902,0028,WARD,Mancherial,Urban,971,3894,2002,1892,421,216,205,498,272,226,112,56,56,2346,1357,989,1548,645,903,1369,1033,336,1057,865,192,16,12,4,8,6,2,6,3,3,1027,844,183,312,168,144,4,1,3,22,8,14,1,0,1,285,159,126,196,112,84,4,1,3,19,7,12,1,0,1,172,104,68,116,56,60,0,0,0,3,1,2,0,0,0,113,55,58,2525,969,1556
03,92,Bellampalle,Mancherial,11,Bellampalle,802900,0029,WARD,Bellampalle,Urban,463,1883,925,958,176,94,82,594,297,297,19,8,11,1217,664,553,666,261,405,658,447,211,481,366,115,11,10,1,44,22,22,0,0,0,426,334,92,177,81,96,1,1,0,110,41,69,2,1,1,64,38,26,158,69,89,1,1,0,106,40,66,2,1,1,49,27,22,19,12,7,0,0,0,4,1,3,0,0,0,15,11,4,1225,478,747
03,91,Mancherial,Mancherial,13,Mancherial,802902,0029,WARD,Mancherial,Urban,691,2614,1306,1308,270,144,126,594,298,296,60,29,31,1242,702,540,1372,604,768,981,691,290,764,610,154,29,27,2,189,127,62,20,16,4,526,440,86,217,81,136,0,0,0,66,11,55,29,9,20,122,61,61,201,74,127,0,0,0,63,10,53,27,8,19,111,56,55,16,7,9,0,0,0,3,1,2,2,1,1,11,5,6,1633,615,1018
03,91,Mancherial,Mancherial,14,Naspur,570616,0030,WARD,Seetaramapalle,Urban,802,3024,1523,1501,268,144,124,726,357,369,23,10,13,1672,951,721,1352,572,780,1142,756,386,789,630,159,26,24,2,157,93,64,3,3,0,603,510,93,353,126,227,2,2,0,318,108,210,1,0,1,32,16,16,347,124,223,2,2,0,314,106,208,0,0,0,31,16,15,6,2,4,0,0,0,4,2,2,1,0,1,1,0,1,1882,767,1115