DISTRICT_CODE,DIVISION_CODE,DIVISION_NAME,Name_District,Mandal_Code,Name_Mandal,Village_Code,Ward,Level1,VName,TRU,No_HH,TOT_P,TOT_M,TOT_F,P_06,M_06,F_06,P_SC,M_SC,F_SC,P_ST,M_ST,F_ST,P_LIT,M_LIT,F_LIT,P_ILL,M_ILL,F_ILL,TOT_WORK_P,TOT_WORK_M,TOT_WORK_F,MAINWORK_P,MAINWORK_M,MAINWORK_F,MAIN_CL_P,MAIN_CL_M,MAIN_CL_F,MAIN_AL_P,MAIN_AL_M,MAIN_AL_F,MAIN_HH_P,MAIN_HH_M,MAIN_HH_F,MAIN_OT_P,MAIN_OT_M,MAIN_OT_F,MARGWORK_P,MARGWORK_M,MARGWORK_F,MARG_CL_P,MARG_CL_M,MARG_CL_F,MARG_AL_P,MARG_AL_M,MARG_AL_F,MARG_HH_P,MARG_HH_M,MARG_HH_F,MARG_OT_P,MARG_OT_M,MARG_OT_F,MARGWORK_3_6_P,MARGWORK_3_6_M,MARGWORK_3_6_F,MARG_CL_3_6_P,MARG_CL_3_6_M,MARG_CL_3_6_F,MARG_AL_3_6_P,MARG_AL_3_6_M,MARG_AL_3_6_F,MARG_HH_3_6_P,MARG_HH_3_6_M,MARG_HH_3_6_F,MARG_OT_3_6_P,MARG_OT_3_6_M,MARG_OT_3_6_F,MARGWORK_0_3_P,MARGWORK_0_3_M,MARGWORK_0_3_F,MARG_CL_0_3_P,MARG_CL_0_3_M,MARG_CL_0_3_F,MARG_AL_0_3_P,MARG_AL_0_3_M,MARG_AL_0_3_F,MARG_HH_0_3_P,MARG_HH_0_3_M,MARG_HH_0_3_F,MARG_OT_0_3_P,MARG_OT_0_3_M,MARG_OT_0_3_F,NON_WORK_P,NON_WORK_M,NON_WORK_F
17,91,Medak,Medak,01,Shankarampet_A,572838,0000,VILLAGE,Tenkati,Rural,882,3577,1763,1814,508,237,271,617,295,322,27,11,16,1549,964,585,2028,799,1229,1895,971,924,740,639,101,331,313,18,139,99,40,34,28,6,236,199,37,1155,332,823,169,48,121,902,249,653,10,2,8,74,33,41,1062,306,756,146,39,107,850,236,614,4,2,2,62,29,33,93,26,67,23,9,14,52,13,39,6,0,6,12,4,8,1682,792,890
17,91,Medak,Medak,01,Shankarampet_A,572841,0000,VILLAGE,Cheelapalle,Rural,397,1764,893,871,235,128,107,432,229,203,0,0,0,683,392,291,1081,501,580,934,483,451,574,387,187,271,236,35,253,111,142,4,3,1,46,37,9,360,96,264,6,5,1,302,57,245,6,3,3,46,31,15,332,79,253,6,5,1,289,50,239,6,3,3,31,21,10,28,17,11,0,0,0,13,7,6,0,0,0,15,10,5,830,410,420
17,91,Medak,Medak,01,Shankarampet_A,572842,0000,VILLAGE,Uthloor,Rural,458,2406,1199,1207,311,155,156,343,167,176,0,0,0,1068,655,413,1338,544,794,1314,684,630,1166,652,514,635,378,257,439,195,244,0,0,0,92,79,13,148,32,116,21,7,14,104,13,91,1,1,0,22,11,11,120,23,97,18,5,13,87,10,77,0,0,0,15,8,7,28,9,19,3,2,1,17,3,14,1,1,0,7,3,4,1092,515,577
17,91,Medak,Medak,01,Shankarampet_A,572843,0000,VILLAGE,Narayanapalle,Rural,54,214,102,112,28,12,16,62,28,34,0,0,0,59,35,24,155,67,88,119,59,60,6,3,3,4,2,2,0,0,0,2,1,1,0,0,0,113,56,57,0,0,0,113,56,57,0,0,0,0,0,0,113,56,57,0,0,0,113,56,57,0,0,0,0,0,0,0,0,0,0,0,0,0,0,0,0,0,0,0,0,0,95,43,52
17,91,Medak,Medak,01,Shankarampet_A,572844,0000,VILLAGE,Kothepet,Rural,186,789,387,402,109,53,56,144,70,74,0,0,0,283,183,100,506,204,302,434,208,226,36,21,15,23,15,8,2,0,2,0,0,0,11,6,5,398,187,211,38,23,15,352,158,194,5,5,0,3,1,2,387,184,203,38,23,15,342,156,186,4,4,0,3,1,2,11,3,8,0,0,0,10,2,8,1,1,0,0,0,0,355,179,176
17,91,Medak,Medak,01,Shankarampet_A,572846,0000,VILLAGE,Jukal,Rural,484,2010,983,1027,267,136,131,407,195,212,0,0,0,678,385,293,1332,598,734,1074,546,528,742,450,292,706,427,279,7,5,2,0,0,0,29,18,11,332,96,236,19,16,3,300,68,232,1,1,0,12,11,1,315,83,232,19,16,3,290,62,228,1,1,0,5,4,1,17,13,4,0,0,0,10,6,4,0,0,0,7,7,0,936,437,499
17,91,Medak,Medak,01,Shankarampet_A,572847,0000,VILLAGE,Virojipalle,Rural,347,1647,820,827,224,120,104,232,106,126,297,152,145,488,303,185,1159,517,642,906,454,452,222,218,4,202,198,4,2,2,0,0,0,0,18,18,0,684,236,448,3,1,2,612,189,423,4,2,2,65,44,21,553,205,348,2,1,1,493,164,329,2,2,0,56,38,18,131,31,100,1,0,1,119,25,94,2,0,2,9,6,3,741,366,375
17,91,Medak,Medak,01,Shankarampet_A,572848,0000,VILLAGE,Ramajipalle,Rural,295,1411,701,710,182,92,90,307,158,149,9,4,5,461,283,178,950,418,532,761,410,351,68,59,9,41,37,4,0,0,0,0,0,0,27,22,5,693,351,342,161,136,25,469,175,294,7,6,1,56,34,22,693,351,342,161,136,25,469,175,294,7,6,1,56,34,22,0,0,0,0,0,0,0,0,0,0,0,0,0,0,0,650,291,359
17,91,Medak,Medak,01,Shankarampet_A,572849,0000,VILLAGE,Sivaipalle,Rural,170,1074,528,546,121,62,59,125,62,63,0,0,0,355,199,156,719,329,390,651,326,325,280,169,111,57,46,11,203,106,97,1,1,0,19,16,3,371,157,214,2,2,0,349,146,203,2,1,1,18,8,10,362,154,208,2,2,0,341,143,198,1,1,0,18,8,10,9,3,6,0,0,0,8,3,5,1,0,1,0,0,0,423,202,221
17,91,Medak,Medak,01,Shankarampet_A,572850,0000,VILLAGE,Danampalle,Rural,121,510,251,259,67,31,36,145,71,74,0,0,0,236,147,89,274,104,170,285,145,140,258,138,120,14,11,3,230,117,113,0,0,0,14,10,4,27,7,20,0,0,0,27,7,20,0,0,0,0,0,0,26,7,19,0,0,0,26,7,19,0,0,0,0,0,0,1,0,1,0,0,0,1,0,1,0,0,0,0,0,0,225,106,119
17,91,Medak,Medak,01,Shankarampet_A,572851,0000,VILLAGE,Musapet,Rural,463,1915,941,974,204,114,90,276,137,139,17,6,11,923,574,349,992,367,625,1000,544,456,993,541,452,145,102,43,750,365,385,37,25,12,61,49,12,7,3,4,0,0,0,3,1,2,0,0,0,4,2,2,6,2,4,0,0,0,3,1,2,0,0,0,3,1,2,1,1,0,0,0,0,0,0,0,0,0,0,1,1,0,915,397,518
17,91,Medak,Medak,01,Shankarampet_A,572852,0000,VILLAGE,Thirumalapur,Rural,441,2137,1081,1056,309,175,134,185,90,95,20,11,9,1240,677,563,897,404,493,877,576,301,433,313,120,23,21,2,14,12,2,137,74,63,259,206,53,444,263,181,7,4,3,83,75,8,13,5,8,341,179,162,375,202,173,5,2,3,82,74,8,12,4,8,276,122,154,69,61,8,2,2,0,1,1,0,1,1,0,65,57,8,1260,505,755
17,91,Medak,Medak,01,Shankarampet_A,572853,0000,VILLAGE,Kamalapur,Rural,289,1364,649,715,171,76,95,98,42,56,137,68,69,515,304,211,849,345,504,757,379,378,407,257,150,156,124,32,104,48,56,42,24,18,105,61,44,350,122,228,64,33,31,198,45,153,53,23,30,35,21,14,310,114,196,58,30,28,167,42,125,52,23,29,33,19,14,40,8,32,6,3,3,31,3,28,1,0,1,2,2,0,607,270,337
17,91,Medak,Medak,01,Shankarampet_A,572854,0000,VILLAGE,Malkapur,Rural,410,1896,958,938,252,133,119,137,66,71,367,177,190,811,510,301,1085,448,637,1084,531,553,636,401,235,285,173,112,221,119,102,94,82,12,36,27,9,448,130,318,129,27,102,266,70,196,41,25,16,12,8,4,288,51,237,89,10,79,170,27,143,17,6,11,12,8,4,160,79,81,40,17,23,96,43,53,24,19,5,0,0,0,812,427,385
17,91,Medak,Medak,01,Shankarampet_A,572855,0000,VILLAGE,Baddaram,Rural,281,1158,555,603,140,76,64,242,113,129,0,0,0,467,265,202,691,290,401,589,305,284,297,166,131,24,18,6,191,89,102,9,2,7,73,57,16,292,139,153,43,27,16,134,50,84,24,8,16,91,54,37,275,133,142,41,26,15,123,45,78,23,8,15,88,54,34,17,6,11,2,1,1,11,5,6,1,0,1,3,0,3,569,250,319
17,91,Medak,Medak,01,Shankarampet_A,572856,0000,VILLAGE,Gottimukkala,Rural,449,1913,947,966,227,116,111,391,192,199,0,0,0,828,490,338,1085,457,628,994,551,443,687,395,292,254,197,57,193,20,173,2,2,0,238,176,62,307,156,151,17,15,2,203,86,117,0,0,0,87,55,32,295,150,145,15,13,2,196,85,111,0,0,0,84,52,32,12,6,6,2,2,0,7,1,6,0,0,0,3,3,0,919,396,523
17,91,Medak,Medak,01,Shankarampet_A,572857,0000,VILLAGE,Venkatapur (Katela),Rural,297,1202,605,597,191,103,88,0,0,0,464,230,234,406,252,154,796,353,443,650,332,318,631,329,302,186,124,62,388,171,217,13,7,6,44,27,17,19,3,16,2,0,2,13,2,11,0,0,0,4,1,3,19,3,16,2,0,2,13,2,11,0,0,0,4,1,3,0,0,0,0,0,0,0,0,0,0,0,0,0,0,0,552,273,279
17,91,Medak,Medak,01,Shankarampet_A,572858,0000,VILLAGE,Kollapalle,Rural,274,1234,617,617,184,91,93,261,128,133,76,38,38,479,308,171,755,309,446,684,348,336,484,254,230,272,149,123,170,83,87,7,4,3,35,18,17,200,94,106,34,15,19,126,58,68,7,3,4,33,18,15,192,91,101,33,15,18,122,57,65,5,1,4,32,18,14,8,3,5,1,0,1,4,1,3,2,2,0,1,0,1,550,269,281
17,91,Medak,Medak,01,Shankarampet_A,572859,0000,VILLAGE,Maktha Lakshmapur,Rural,389,1852,915,937,230,127,103,236,112,124,0,0,0,840,503,337,1012,412,600,1010,493,517,372,193,179,35,25,10,127,52,75,1,1,0,209,115,94,638,300,338,1,1,0,558,261,297,56,26,30,23,12,11,628,296,332,1,1,0,549,257,292,55,26,29,23,12,11,10,4,6,0,0,0,9,4,5,1,0,1,0,0,0,842,422,420
17,91,Medak,Medak,01,Shankarampet_A,572860,0000,VILLAGE,Marshetpalle,Rural,288,1517,758,759,194,102,92,249,120,129,0,0,0,515,321,194,1002,437,565,870,443,427,714,374,340,700,371,329,8,0,8,0,0,0,6,3,3,156,69,87,8,0,8,107,36,71,13,9,4,28,24,4,155,68,87,8,0,8,107,36,71,13,9,4,27,23,4,1,1,0,0,0,0,0,0,0,0,0,0,1,1,0,647,315,332
17,91,Medak,Medak,01,Shankarampet_A,572861,0000,VILLAGE,Burugupalle,Rural,391,2061,1031,1030,313,171,142,265,130,135,644,328,316,680,431,249,1381,600,781,1154,581,573,908,521,387,874,498,376,6,2,4,1,0,1,27,21,6,246,60,186,2,1,1,225,41,184,3,3,0,16,15,1,238,55,183,1,1,0,218,36,182,3,3,0,16,15,1,8,5,3,1,0,1,7,5,2,0,0,0,0,0,0,907,450,457
17,91,Medak,Medak,05,Papannapet,572863,0000,VILLAGE,Kompalle,Rural,258,1156,567,589,125,70,55,291,131,160,0,0,0,373,234,139,783,333,450,661,319,342,485,258,227,61,61,0,396,178,218,3,2,1,25,17,8,176,61,115,0,0,0,170,61,109,0,0,0,6,0,6,133,45,88,0,0,0,128,45,83,0,0,0,5,0,5,43,16,27,0,0,0,42,16,26,0,0,0,1,0,1,495,248,247
17,91,Medak,Medak,05,Papannapet,572864,0000,VILLAGE,Cheekode,Rural,339,1608,828,780,182,107,75,217,122,95,50,50,0,637,415,222,971,413,558,831,405,426,500,286,214,159,113,46,286,129,157,4,3,1,51,41,10,331,119,212,20,8,12,278,95,183,5,2,3,28,14,14,326,116,210,19,8,11,276,94,182,5,2,3,26,12,14,5,3,2,1,0,1,2,1,1,0,0,0,2,2,0,777,423,354
17,91,Medak,Medak,05,Papannapet,572865,0000,VILLAGE,Lingaipalle,Rural,667,3238,1578,1660,456,239,217,127,65,62,654,335,319,1129,671,458,2109,907,1202,1710,846,864,1284,667,617,302,172,130,885,425,460,14,10,4,83,60,23,426,179,247,14,7,7,391,162,229,1,0,1,20,10,10,404,176,228,12,7,5,375,160,215,1,0,1,16,9,7,22,3,19,2,0,2,16,2,14,0,0,0,4,1,3,1528,732,796
17,91,Medak,Medak,05,Papannapet,572866,0000,VILLAGE,Mallampet,Rural,581,2832,1340,1492,410,194,216,367,166,201,271,142,129,951,570,381,1881,770,1111,1609,802,807,1077,695,382,455,429,26,505,176,329,10,7,3,107,83,24,532,107,425,9,7,2,480,78,402,6,0,6,37,22,15,506,101,405,9,7,2,465,74,391,5,0,5,27,20,7,26,6,20,0,0,0,15,4,11,1,0,1,10,2,8,1223,538,685
17,91,Medak,Medak,05,Papannapet,572867,0000,VILLAGE,Ramathirtham,Rural,340,1758,850,908,266,130,136,430,198,232,500,244,256,547,334,213,1211,516,695,980,476,504,887,461,426,474,299,175,378,134,244,1,1,0,34,27,7,93,15,78,0,0,0,93,15,78,0,0,0,0,0,0,92,15,77,0,0,0,92,15,77,0,0,0,0,0,0,1,0,1,0,0,0,1,0,1,0,0,0,0,0,0,778,374,404
17,91,Medak,Medak,05,Papannapet,572868,0000,VILLAGE,Muddapur,Rural,129,576,282,294,82,40,42,155,75,80,0,0,0,220,135,85,356,147,209,319,155,164,293,143,150,87,51,36,203,90,113,0,0,0,3,2,1,26,12,14,4,3,1,22,9,13,0,0,0,0,0,0,25,12,13,4,3,1,21,9,12,0,0,0,0,0,0,1,0,1,0,0,0,1,0,1,0,0,0,0,0,0,257,127,130
17,91,Medak,Medak,05,Papannapet,572869,0000,VILLAGE,Minpur,Rural,374,1825,876,949,229,112,117,343,170,173,11,3,8,894,507,387,931,369,562,837,458,379,510,302,208,82,56,26,383,209,174,4,4,0,41,33,8,327,156,171,2,1,1,315,148,167,0,0,0,10,7,3,73,35,38,1,1,0,64,27,37,0,0,0,8,7,1,254,121,133,1,0,1,251,121,130,0,0,0,2,0,2,988,418,570
17,91,Medak,Medak,05,Papannapet,572870,0000,VILLAGE,Kurthiwada,Rural,687,2841,1372,1469,294,147,147,264,134,130,2,0,2,1478,878,600,1363,494,869,1235,724,511,1059,629,430,286,212,74,640,313,327,11,5,6,122,99,23,176,95,81,9,8,1,151,82,69,11,3,8,5,2,3,137,74,63,7,6,1,117,63,54,9,3,6,4,2,2,39,21,18,2,2,0,34,19,15,2,0,2,1,0,1,1606,648,958
17,91,Medak,Medak,05,Papannapet,572871,0000,VILLAGE,Yousufpet,Rural,869,3932,1885,2047,476,235,241,1110,525,585,26,16,10,1962,1149,813,1970,736,1234,1980,1061,919,1714,966,748,832,563,269,632,221,411,11,6,5,239,176,63,266,95,171,3,2,1,110,11,99,3,2,1,150,80,70,205,65,140,3,2,1,98,7,91,3,2,1,101,54,47,61,30,31,0,0,0,12,4,8,0,0,0,49,26,23,1952,824,1128
17,91,Medak,Medak,05,Papannapet,572872,0000,VILLAGE,Kothapalle,Rural,881,3625,1812,1813,395,211,184,435,212,223,53,36,17,2154,1270,884,1471,542,929,1710,976,734,1678,967,711,385,329,56,921,389,532,33,18,15,339,231,108,32,9,23,2,0,2,21,4,17,3,1,2,6,4,2,32,9,23,2,0,2,21,4,17,3,1,2,6,4,2,0,0,0,0,0,0,0,0,0,0,0,0,0,0,0,1915,836,1079
17,91,Medak,Medak,05,Papannapet,572873,0000,VILLAGE,Gandharpalle,Rural,459,1877,893,984,211,115,96,479,230,249,5,2,3,910,527,383,967,366,601,840,464,376,835,462,373,187,164,23,570,245,325,0,0,0,78,53,25,5,2,3,0,0,0,4,1,3,0,0,0,1,1,0,5,2,3,0,0,0,4,1,3,0,0,0,1,1,0,0,0,0,0,0,0,0,0,0,0,0,0,0,0,0,1037,429,608
17,91,Medak,Medak,05,Papannapet,572874,0000,VILLAGE,Podchenpalle,Rural,1119,4989,2421,2568,566,279,287,706,333,373,928,452,476,2498,1481,1017,2491,940,1551,2429,1319,1110,2064,1188,876,774,531,243,1020,425,595,20,15,5,250,217,33,365,131,234,7,5,2,347,120,227,3,3,0,8,3,5,198,81,117,7,5,2,184,72,112,3,3,0,4,1,3,167,50,117,0,0,0,163,48,115,0,0,0,4,2,2,2560,1102,1458
17,91,Medak,Medak,05,Papannapet,572875,0000,VILLAGE,Ellapoor,Rural,538,2303,1100,1203,245,115,130,360,160,200,26,16,10,1217,712,505,1086,388,698,1073,628,445,1046,623,423,399,302,97,528,237,291,10,1,9,109,83,26,27,5,22,2,1,1,8,1,7,11,0,11,6,3,3,23,3,20,1,0,1,8,1,7,9,0,9,5,2,3,4,2,2,1,1,0,0,0,0,2,0,2,1,1,0,1230,472,758
17,91,Medak,Medak,05,Papannapet,572876,0000,VILLAGE,Nagsanpalle,Rural,534,2391,1122,1269,282,125,157,448,204,244,4,2,2,1172,696,476,1219,426,793,1297,674,623,1215,644,571,264,208,56,768,293,475,23,15,8,160,128,32,82,30,52,5,3,2,36,8,28,2,0,2,39,19,20,79,30,49,5,3,2,34,8,26,2,0,2,38,19,19,3,0,3,0,0,0,2,0,2,0,0,0,1,0,1,1094,448,646
17,91,Medak,Medak,05,Papannapet,572877,0000,VILLAGE,Ablapur,Rural,253,1215,608,607,161,81,80,76,35,41,0,0,0,542,337,205,673,271,402,728,361,367,484,236,248,197,136,61,267,84,183,4,3,1,16,13,3,244,125,119,20,11,9,196,99,97,10,2,8,18,13,5,197,104,93,15,9,6,164,84,80,5,1,4,13,10,3,47,21,26,5,2,3,32,15,17,5,1,4,5,3,2,487,247,240
17,91,Medak,Medak,05,Papannapet,572878,0000,VILLAGE,Annaram,Rural,372,1648,795,853,190,89,101,428,204,224,168,88,80,746,441,305,902,354,548,920,441,479,898,430,468,615,283,332,207,95,112,3,0,3,73,52,21,22,11,11,1,0,1,10,5,5,0,0,0,11,6,5,21,10,11,1,0,1,10,5,5,0,0,0,10,5,5,1,1,0,0,0,0,0,0,0,0,0,0,1,1,0,728,354,374
17,91,Medak,Medak,05,Papannapet,572879,0000,VILLAGE,Doulapur,Rural,101,410,202,208,68,38,30,74,39,35,0,0,0,149,83,66,261,119,142,227,112,115,226,111,115,25,14,11,196,95,101,0,0,0,5,2,3,1,1,0,1,1,0,0,0,0,0,0,0,0,0,0,1,1,0,1,1,0,0,0,0,0,0,0,0,0,0,0,0,0,0,0,0,0,0,0,0,0,0,0,0,0,183,90,93
17,91,Medak,Medak,05,Papannapet,572880,0000,VILLAGE,Papannapet,Rural,1191,5419,2610,2809,570,276,294,979,485,494,89,25,64,2877,1655,1222,2542,955,1587,2598,1475,1123,2267,1320,947,210,154,56,1307,601,706,64,28,36,686,537,149,331,155,176,12,8,4,166,51,115,37,12,25,116,84,32,194,111,83,10,6,4,68,32,36,31,9,22,85,64,21,137,44,93,2,2,0,98,19,79,6,3,3,31,20,11,2821,1135,1686
17,91,Medak,Medak,05,Papannapet,572881,0000,VILLAGE,Thimmaipalle,Rural,69,336,168,168,42,26,16,86,40,46,0,0,0,140,87,53,196,81,115,172,87,85,172,87,85,69,64,5,95,17,78,0,0,0,8,6,2,0,0,0,0,0,0,0,0,0,0,0,0,0,0,0,0,0,0,0,0,0,0,0,0,0,0,0,0,0,0,0,0,0,0,0,0,0,0,0,0,0,0,0,0,0,164,81,83
17,91,Medak,Medak,05,Papannapet,572882,0000,VILLAGE,Arkela,Rural,525,2702,1321,1381,466,229,237,474,210,264,1497,749,748,1022,623,399,1680,698,982,1301,669,632,1120,604,516,378,229,149,606,268,338,3,1,2,133,106,27,181,65,116,3,1,2,173,60,113,0,0,0,5,4,1,179,64,115,3,1,2,171,59,112,0,0,0,5,4,1,2,1,1,0,0,0,2,1,1,0,0,0,0,0,0,1401,652,749
17,91,Medak,Medak,05,Papannapet,572883,0000,VILLAGE,Narsingi,Rural,376,1740,850,890,200,94,106,258,123,135,119,60,59,770,464,306,970,386,584,942,477,465,915,460,455,358,177,181,419,187,232,18,11,7,120,85,35,27,17,10,0,0,0,7,2,5,2,1,1,18,14,4,26,16,10,0,0,0,7,2,5,2,1,1,17,13,4,1,1,0,0,0,0,0,0,0,0,0,0,1,1,0,798,373,425
17,91,Medak,Medak,05,Papannapet,572884,0000,VILLAGE,Bacharam,Rural,480,2254,1086,1168,299,152,147,254,124,130,19,8,11,762,457,305,1492,629,863,1400,669,731,1365,659,706,284,142,142,1038,486,552,14,7,7,29,24,5,35,10,25,3,0,3,19,3,16,0,0,0,13,7,6,32,10,22,1,0,1,19,3,16,0,0,0,12,7,5,3,0,3,2,0,2,0,0,0,0,0,0,1,0,1,854,417,437
17,91,Medak,Medak,05,Papannapet,572885,0000,VILLAGE,Namapur,Rural,123,595,298,297,76,39,37,28,11,17,71,35,36,209,124,85,386,174,212,300,155,145,54,51,3,49,49,0,0,0,0,0,0,0,5,2,3,246,104,142,0,0,0,238,99,139,0,0,0,8,5,3,246,104,142,0,0,0,238,99,139,0,0,0,8,5,3,0,0,0,0,0,0,0,0,0,0,0,0,0,0,0,295,143,152
17,91,Medak,Medak,05,Papannapet,572886,0000,VILLAGE,Enkepalle,Rural,123,672,341,331,89,49,40,108,53,55,0,0,0,253,159,94,419,182,237,366,181,185,364,179,185,230,113,117,120,53,67,0,0,0,14,13,1,2,2,0,0,0,0,0,0,0,0,0,0,2,2,0,2,2,0,0,0,0,0,0,0,0,0,0,2,2,0,0,0,0,0,0,0,0,0,0,0,0,0,0,0,0,306,160,146
17,91,Medak,Medak,05,Papannapet,572887,0000,VILLAGE,Chitriyal,Rural,342,1792,911,881,215,118,97,379,187,192,107,60,47,792,476,316,1000,435,565,853,464,389,826,450,376,290,163,127,438,200,238,1,1,0,97,86,11,27,14,13,1,1,0,25,13,12,0,0,0,1,0,1,19,10,9,0,0,0,19,10,9,0,0,0,0,0,0,8,4,4,1,1,0,6,3,3,0,0,0,1,0,1,939,447,492
17,91,Medak,Medak,05,Papannapet,572888,0000,VILLAGE,Kodpak,Rural,774,3415,1651,1764,404,202,202,540,250,290,7,4,3,1401,817,584,2014,834,1180,1760,937,823,1031,657,374,557,388,169,371,182,189,9,6,3,94,81,13,729,280,449,33,16,17,682,255,427,7,3,4,7,6,1,400,131,269,25,12,13,364,111,253,5,3,2,6,5,1,329,149,180,8,4,4,318,144,174,2,0,2,1,1,0,1655,714,941
17,91,Medak,Medak,06,Havelighanpur,572889,0000,VILLAGE,Sardhana,Rural,1345,5428,2626,2802,640,326,314,711,334,377,470,224,246,2659,1572,1087,2769,1054,1715,2692,1391,1301,1990,1096,894,695,491,204,946,356,590,26,11,15,323,238,85,702,295,407,76,39,37,553,220,333,17,6,11,56,30,26,644,269,375,68,33,35,521,207,314,17,6,11,38,23,15,58,26,32,8,6,2,32,13,19,0,0,0,18,7,11,2736,1235,1501
17,91,Medak,Medak,06,Havelighanpur,572891,0000,VILLAGE,Rajpet,Rural,839,3864,1861,2003,455,239,216,592,278,314,386,182,204,1617,936,681,2247,925,1322,2023,1014,1009,1995,1005,990,1494,852,642,345,58,287,56,28,28,100,67,33,28,9,19,2,1,1,7,1,6,13,2,11,6,5,1,24,7,17,2,1,1,5,1,4,12,1,11,5,4,1,4,2,2,0,0,0,2,0,2,1,1,0,1,1,0,1841,847,994
17,91,Medak,Medak,06,Havelighanpur,572892,0000,VILLAGE,Burugupalle,Rural,1463,6546,3199,3347,818,417,401,891,438,453,694,327,367,2943,1792,1151,3603,1407,2196,3461,1742,1719,2793,1485,1308,1376,768,608,953,418,535,133,46,87,331,253,78,668,257,411,13,7,6,588,227,361,13,0,13,54,23,31,649,250,399,12,7,5,580,223,357,10,0,10,47,20,27,19,7,12,1,0,1,8,4,4,3,0,3,7,3,4,3085,1457,1628
17,91,Medak,Medak,06,Havelighanpur,572893,0000,VILLAGE,Nagapur,Rural,387,1651,825,826,181,96,85,281,132,149,0,0,0,820,508,312,831,317,514,855,472,383,779,445,334,345,198,147,269,126,143,35,20,15,130,101,29,76,27,49,2,0,2,47,18,29,4,1,3,23,8,15,76,27,49,2,0,2,47,18,29,4,1,3,23,8,15,0,0,0,0,0,0,0,0,0,0,0,0,0,0,0,796,353,443
17,91,Medak,Medak,06,Havelighanpur,572894,0000,VILLAGE,Thimmaipalle,Rural,368,1577,763,814,166,92,74,284,135,149,2,1,1,765,452,313,812,311,501,826,430,396,544,293,251,174,113,61,187,71,116,98,43,55,85,66,19,282,137,145,9,7,2,221,108,113,11,3,8,41,19,22,277,135,142,7,6,1,219,108,111,10,2,8,41,19,22,5,2,3,2,1,1,2,0,2,1,1,0,0,0,0,751,333,418
17,91,Medak,Medak,06,Havelighanpur,572895,0000,VILLAGE,Ananthasagar,Rural,16,79,40,39,15,5,10,0,0,0,62,30,32,22,18,4,57,22,35,40,20,20,0,0,0,0,0,0,0,0,0,0,0,0,0,0,0,40,20,20,0,0,0,40,20,20,0,0,0,0,0,0,40,20,20,0,0,0,40,20,20,0,0,0,0,0,0,0,0,0,0,0,0,0,0,0,0,0,0,0,0,0,39,20,19
17,91,Medak,Medak,06,Havelighanpur,572896,0000,VILLAGE,Gangapur,Rural,294,1303,629,674,142,73,69,408,201,207,209,98,111,524,309,215,779,320,459,936,452,484,778,374,404,217,167,50,399,160,239,136,35,101,26,12,14,158,78,80,5,3,2,11,5,6,103,49,54,39,21,18,147,71,76,5,3,2,7,3,4,102,48,54,33,17,16,11,7,4,0,0,0,4,2,2,1,1,0,6,4,2,367,177,190
17,91,Medak,Medak,06,Havelighanpur,572897,0000,VILLAGE,Shamnapur,Rural,465,2084,1036,1048,291,153,138,232,118,114,510,245,265,749,481,268,1335,555,780,1082,553,529,1001,509,492,602,329,273,253,121,132,61,7,54,85,52,33,81,44,37,11,6,5,50,25,25,2,0,2,18,13,5,70,35,35,9,5,4,49,24,25,2,0,2,10,6,4,11,9,2,2,1,1,1,1,0,0,0,0,8,7,1,1002,483,519
17,91,Medak,Medak,06,Havelighanpur,572898,0000,VILLAGE,Byathole,Rural,220,923,444,479,107,60,47,280,135,145,65,31,34,452,256,196,471,188,283,436,248,188,344,204,140,105,66,39,197,103,94,10,5,5,32,30,2,92,44,48,14,10,4,56,26,30,16,3,13,6,5,1,89,42,47,14,10,4,55,26,29,14,1,13,6,5,1,3,2,1,0,0,0,1,0,1,2,2,0,0,0,0,487,196,291
17,91,Medak,Medak,06,Havelighanpur,572899,0000,VILLAGE,Lingasanpalle,Rural,229,998,467,531,172,75,97,0,0,0,523,251,272,304,195,109,694,272,422,514,255,259,356,237,119,181,166,15,139,52,87,0,0,0,36,19,17,158,18,140,38,11,27,114,5,109,3,0,3,3,2,1,151,18,133,38,11,27,107,5,102,3,0,3,3,2,1,7,0,7,0,0,0,7,0,7,0,0,0,0,0,0,484,212,272
17,91,Medak,Medak,06,Havelighanpur,572900,0000,VILLAGE,Havelighanpur,Rural,705,3248,1556,1692,478,252,226,232,115,117,850,416,434,1326,768,558,1922,788,1134,1690,885,805,1463,818,645,734,434,300,335,142,193,8,3,5,386,239,147,227,67,160,5,4,1,214,58,156,2,0,2,6,5,1,209,58,151,4,3,1,197,50,147,2,0,2,6,5,1,18,9,9,1,1,0,17,8,9,0,0,0,0,0,0,1558,671,887
17,91,Medak,Medak,06,Havelighanpur,572901,0000,VILLAGE,Suklapet,Rural,14,62,29,33,5,2,3,4,2,2,0,0,0,20,11,9,42,18,24,38,17,21,11,9,2,10,8,2,1,1,0,0,0,0,0,0,0,27,8,19,2,2,0,25,6,19,0,0,0,0,0,0,27,8,19,2,2,0,25,6,19,0,0,0,0,0,0,0,0,0,0,0,0,0,0,0,0,0,0,0,0,0,24,12,12
17,91,Medak,Medak,06,Havelighanpur,572902,0000,VILLAGE,Thogita,Rural,560,2600,1261,1339,354,164,190,327,158,169,670,318,352,1138,689,449,1462,572,890,1304,698,606,1096,611,485,514,344,170,447,171,276,17,4,13,118,92,26,208,87,121,4,1,3,180,78,102,14,0,14,10,8,2,203,85,118,4,1,3,175,76,99,14,0,14,10,8,2,5,2,3,0,0,0,5,2,3,0,0,0,0,0,0,1296,563,733
17,91,Medak,Medak,06,Havelighanpur,572903,0000,VILLAGE,Shalipet,Rural,151,584,273,311,71,37,34,0,0,0,0,0,0,254,145,109,330,128,202,410,189,221,125,104,21,79,72,7,42,29,13,0,0,0,4,3,1,285,85,200,8,5,3,274,78,196,0,0,0,3,2,1,285,85,200,8,5,3,274,78,196,0,0,0,3,2,1,0,0,0,0,0,0,0,0,0,0,0,0,0,0,0,174,84,90
17,91,Medak,Medak,06,Havelighanpur,572904,0000,VILLAGE,Bogada Bhoopathipur,Rural,202,882,423,459,102,48,54,105,57,48,0,0,0,441,262,179,441,161,280,518,244,274,499,240,259,202,169,33,279,58,221,6,5,1,12,8,4,19,4,15,3,2,1,14,2,12,1,0,1,1,0,1,16,4,12,3,2,1,12,2,10,0,0,0,1,0,1,3,0,3,0,0,0,2,0,2,1,0,1,0,0,0,364,179,185
17,91,Medak,Medak,06,Havelighanpur,572905,0000,VILLAGE,Fareedpur,Rural,286,1245,591,654,160,79,81,432,199,233,132,65,67,632,374,258,613,217,396,616,303,313,612,302,310,373,187,186,193,80,113,1,0,1,45,35,10,4,1,3,0,0,0,1,0,1,0,0,0,3,1,2,3,1,2,0,0,0,0,0,0,0,0,0,3,1,2,1,0,1,0,0,0,1,0,1,0,0,0,0,0,0,629,288,341
17,91,Medak,Medak,06,Havelighanpur,572906,0000,VILLAGE,Muthaipalle,Rural,198,914,437,477,103,56,47,434,202,232,38,22,16,507,300,207,407,137,270,477,252,225,469,250,219,176,100,76,168,75,93,19,2,17,106,73,33,8,2,6,0,0,0,6,2,4,0,0,0,2,0,2,8,2,6,0,0,0,6,2,4,0,0,0,2,0,2,0,0,0,0,0,0,0,0,0,0,0,0,0,0,0,437,185,252
17,91,Medak,Medak,06,Havelighanpur,572907,0000,VILLAGE,Kuchanpalle,Rural,473,1984,966,1018,245,130,115,563,260,303,0,0,0,1094,643,451,890,323,567,980,526,454,957,519,438,455,253,202,351,163,188,5,0,5,146,103,43,23,7,16,5,1,4,15,3,12,0,0,0,3,3,0,18,7,11,4,1,3,11,3,8,0,0,0,3,3,0,5,0,5,1,0,1,4,0,4,0,0,0,0,0,0,1004,440,564
17,91,Medak,Medak,06,Havelighanpur,572908,0000,VILLAGE,Serikuchanpalle,Rural,127,587,287,300,67,40,27,49,21,28,86,39,47,247,136,111,340,151,189,365,171,194,358,167,191,8,6,2,331,148,183,6,5,1,13,8,5,7,4,3,2,2,0,2,0,2,3,2,1,0,0,0,4,2,2,2,2,0,2,0,2,0,0,0,0,0,0,3,2,1,0,0,0,0,0,0,3,2,1,0,0,0,222,116,106
17,91,Medak,Medak,06,Havelighanpur,572909,0000,VILLAGE,Mudulwai,Rural,398,1721,839,882,162,85,77,488,225,263,0,0,0,870,518,352,851,321,530,898,469,429,759,427,332,243,177,66,265,78,187,15,4,11,236,168,68,139,42,97,7,2,5,119,32,87,0,0,0,13,8,5,137,41,96,7,2,5,117,31,86,0,0,0,13,8,5,2,1,1,0,0,0,2,1,1,0,0,0,0,0,0,823,370,453
17,91,Medak,Medak,06,Havelighanpur,572910,0000,VILLAGE,Aurangabad,Rural,587,2622,1266,1356,371,179,192,447,202,245,641,294,347,1111,682,429,1511,584,927,1359,686,673,1182,614,568,389,239,150,574,251,323,67,5,62,152,119,33,177,72,105,2,0,2,70,13,57,7,3,4,98,56,42,153,56,97,0,0,0,64,10,54,6,2,4,83,44,39,24,16,8,2,0,2,6,3,3,1,1,0,15,12,3,1263,580,683
17,91,Medak,Medak,12,Medak,572911,0000,VILLAGE,Pathur,Rural,558,2601,1260,1341,343,176,167,326,150,176,505,239,266,1099,659,440,1502,601,901,1412,703,709,1376,689,687,898,469,429,321,115,206,24,15,9,133,90,43,36,14,22,12,5,7,6,0,6,2,2,0,16,7,9,36,14,22,12,5,7,6,0,6,2,2,0,16,7,9,0,0,0,0,0,0,0,0,0,0,0,0,0,0,0,1189,557,632
17,91,Medak,Medak,12,Medak,572912,0000,VILLAGE,Rayanpalle,Rural,331,1546,742,804,233,113,120,129,57,72,382,181,201,608,364,244,938,378,560,862,410,452,726,395,331,444,273,171,198,86,112,38,6,32,46,30,16,136,15,121,3,2,1,125,12,113,4,0,4,4,1,3,129,11,118,1,0,1,122,10,112,2,0,2,4,1,3,7,4,3,2,2,0,3,2,1,2,0,2,0,0,0,684,332,352
17,91,Medak,Medak,12,Medak,572913,0000,VILLAGE,Magta Bhoopathipur,Rural,800,3565,1788,1777,426,225,201,535,263,272,26,9,17,1640,1015,625,1925,773,1152,1883,958,925,1644,910,734,908,596,312,548,190,358,17,6,11,171,118,53,239,48,191,15,6,9,198,32,166,3,2,1,23,8,15,217,37,180,14,5,9,177,22,155,3,2,1,23,8,15,22,11,11,1,1,0,21,10,11,0,0,0,0,0,0,1682,830,852
17,91,Medak,Medak,12,Medak,572914,0000,VILLAGE,Venkatapur,Rural,577,2869,1402,1467,380,189,191,585,271,314,123,53,70,1176,725,451,1693,677,1016,1595,785,810,1568,775,793,1234,598,636,172,76,96,28,3,25,134,98,36,27,10,17,1,0,1,17,7,10,2,1,1,7,2,5,22,9,13,1,0,1,15,6,9,2,1,1,4,2,2,5,1,4,0,0,0,2,1,1,0,0,0,3,0,3,1274,617,657
17,91,Medak,Medak,12,Medak,572915,0000,VILLAGE,Medak (R),Rural,63,218,100,118,32,13,19,0,0,0,0,0,0,52,24,28,166,76,90,108,57,51,18,15,3,6,6,0,5,2,3,0,0,0,7,7,0,90,42,48,0,0,0,79,31,48,0,0,0,11,11,0,9,9,0,0,0,0,4,4,0,0,0,0,5,5,0,81,33,48,0,0,0,75,27,48,0,0,0,6,6,0,110,43,67
17,91,Medak,Medak,12,Medak,572916,0000,VILLAGE,Maqdumpur,Rural,225,842,392,450,99,51,48,423,192,231,1,0,1,367,208,159,475,184,291,436,213,223,307,160,147,43,39,4,223,95,128,9,4,5,32,22,10,129,53,76,0,0,0,122,49,73,0,0,0,7,4,3,5,2,3,0,0,0,3,1,2,0,0,0,2,1,1,124,51,73,0,0,0,119,48,71,0,0,0,5,3,2,406,179,227
17,91,Medak,Medak,12,Medak,572917,0000,VILLAGE,Perur,Rural,307,1247,605,642,147,72,75,269,129,140,0,0,0,585,358,227,662,247,415,672,351,321,667,349,318,332,176,156,224,92,132,1,0,1,110,81,29,5,2,3,2,0,2,1,1,0,1,1,0,1,0,1,3,1,2,1,0,1,1,1,0,0,0,0,1,0,1,2,1,1,1,0,1,0,0,0,1,1,0,0,0,0,575,254,321
17,91,Medak,Medak,12,Medak,572918,0000,VILLAGE,Rayalamadugu,Rural,1245,5009,2454,2555,505,263,242,745,373,372,18,10,8,2791,1587,1204,2218,867,1351,2375,1349,1026,2172,1303,869,913,568,345,751,357,394,52,30,22,456,348,108,203,46,157,34,14,20,97,20,77,25,3,22,47,9,38,183,39,144,24,10,14,91,18,73,24,3,21,44,8,36,20,7,13,10,4,6,6,2,4,1,0,1,3,1,2,2634,1105,1529
17,91,Medak,Medak,12,Medak,572919,0000,VILLAGE,Chityal,Rural,686,2982,1465,1517,409,218,191,236,107,129,1093,531,562,1212,745,467,1770,720,1050,1645,787,858,677,450,227,410,311,99,203,91,112,11,5,6,53,43,10,968,337,631,18,8,10,914,313,601,14,5,9,22,11,11,947,333,614,17,8,9,897,310,587,13,5,8,20,10,10,21,4,17,1,0,1,17,3,14,1,0,1,2,1,1,1337,678,659
17,91,Medak,Medak,12,Medak,572920,0000,VILLAGE,Balanagar,Rural,172,878,423,455,137,75,62,116,58,58,372,188,184,308,192,116,570,231,339,418,215,203,417,214,203,337,169,168,55,25,30,3,2,1,22,18,4,1,1,0,0,0,0,0,0,0,0,0,0,1,1,0,1,1,0,0,0,0,0,0,0,0,0,0,1,1,0,0,0,0,0,0,0,0,0,0,0,0,0,0,0,0,460,208,252
17,91,Medak,Medak,12,Medak,572921,0000,VILLAGE,Rajpalle,Rural,794,3467,1665,1802,428,218,210,359,170,189,308,149,159,1641,978,663,1826,687,1139,1845,936,909,1626,863,763,519,320,199,737,296,441,43,10,33,327,237,90,219,73,146,13,5,8,116,26,90,12,4,8,78,38,40,205,67,138,12,5,7,110,24,86,8,1,7,75,37,38,14,6,8,1,0,1,6,2,4,4,3,1,3,1,2,1622,729,893
17,91,Medak,Medak,12,Medak,572922,0000,VILLAGE,Komtoor,Rural,98,473,235,238,57,29,28,95,46,49,0,0,0,252,153,99,221,82,139,279,132,147,279,132,147,155,77,78,113,47,66,4,2,2,7,6,1,0,0,0,0,0,0,0,0,0,0,0,0,0,0,0,0,0,0,0,0,0,0,0,0,0,0,0,0,0,0,0,0,0,0,0,0,0,0,0,0,0,0,0,0,0,194,103,91
17,91,Medak,Medak,12,Medak,572923,0000,VILLAGE,Pashapur,Rural,15,117,52,65,17,9,8,70,30,40,0,0,0,32,15,17,85,37,48,64,30,34,64,30,34,0,0,0,64,30,34,0,0,0,0,0,0,0,0,0,0,0,0,0,0,0,0,0,0,0,0,0,0,0,0,0,0,0,0,0,0,0,0,0,0,0,0,0,0,0,0,0,0,0,0,0,0,0,0,0,0,0,53,22,31
17,91,Medak,Medak,12,Medak,572924,0000,VILLAGE,Khazipalle,Rural,341,1581,747,834,188,93,95,324,158,166,0,0,0,722,426,296,859,321,538,848,458,390,825,450,375,387,209,178,294,134,160,19,1,18,125,106,19,23,8,15,2,1,1,18,5,13,0,0,0,3,2,1,22,7,15,2,1,1,18,5,13,0,0,0,2,1,1,1,1,0,0,0,0,0,0,0,0,0,0,1,1,0,733,289,444
17,91,Medak,Medak,07,Ramayampet,572926,0000,VILLAGE,Parvathapur,Rural,254,1235,610,625,162,86,76,180,88,92,720,356,364,547,327,220,688,283,405,694,347,347,689,345,344,659,329,330,14,6,8,2,0,2,14,10,4,5,2,3,4,2,2,0,0,0,1,0,1,0,0,0,5,2,3,4,2,2,0,0,0,1,0,1,0,0,0,0,0,0,0,0,0,0,0,0,0,0,0,0,0,0,541,263,278
17,91,Medak,Medak,07,Ramayampet,572927,0000,VILLAGE,Dantepalle,Rural,175,818,419,399,110,57,53,159,82,77,378,193,185,323,198,125,495,221,274,435,230,205,392,226,166,358,201,157,8,5,3,1,0,1,25,20,5,43,4,39,33,1,32,9,2,7,0,0,0,1,1,0,43,4,39,33,1,32,9,2,7,0,0,0,1,1,0,0,0,0,0,0,0,0,0,0,0,0,0,0,0,0,383,189,194
17,91,Medak,Medak,07,Ramayampet,572928,0000,VILLAGE,Katrial,Rural,526,2227,1078,1149,260,143,117,793,394,399,265,131,134,996,569,427,1231,509,722,1161,595,566,980,578,402,604,371,233,146,57,89,92,24,68,138,126,12,181,17,164,39,6,33,76,5,71,10,0,10,56,6,50,157,10,147,32,3,29,65,1,64,7,0,7,53,6,47,24,7,17,7,3,4,11,4,7,3,0,3,3,0,3,1066,483,583
17,91,Medak,Medak,07,Ramayampet,572929,0000,VILLAGE,Lakshmapur,Rural,368,1367,668,699,146,81,65,301,145,156,6,3,3,659,406,253,708,262,446,826,420,406,669,356,313,341,198,143,157,65,92,52,4,48,119,89,30,157,64,93,19,10,9,74,37,37,15,2,13,49,15,34,112,34,78,3,3,0,53,19,34,12,1,11,44,11,33,45,30,15,16,7,9,21,18,3,3,1,2,5,4,1,541,248,293
17,91,Medak,Medak,07,Ramayampet,572930,0000,VILLAGE,Thonigandla,Rural,244,1018,503,515,124,74,50,249,118,131,18,9,9,453,272,181,565,231,334,540,266,274,533,261,272,164,99,65,180,76,104,74,8,66,115,78,37,7,5,2,1,1,0,4,3,1,0,0,0,2,1,1,7,5,2,1,1,0,4,3,1,0,0,0,2,1,1,0,0,0,0,0,0,0,0,0,0,0,0,0,0,0,478,237,241
17,91,Medak,Medak,07,Ramayampet,572931,0000,VILLAGE,Sadasivnagar,Rural,10,60,29,31,12,8,4,0,0,0,60,29,31,15,7,8,45,22,23,27,13,14,27,13,14,27,13,14,0,0,0,0,0,0,0,0,0,0,0,0,0,0,0,0,0,0,0,0,0,0,0,0,0,0,0,0,0,0,0,0,0,0,0,0,0,0,0,0,0,0,0,0,0,0,0,0,0,0,0,0,0,0,33,16,17
17,91,Medak,Medak,07,Ramayampet,572932,0000,VILLAGE,Jamsing Lingapur,Rural,418,1848,928,920,221,121,100,774,384,390,3,2,1,890,565,325,958,363,595,992,506,486,986,502,484,394,235,159,388,186,202,127,14,113,77,67,10,6,4,2,0,0,0,0,0,0,2,1,1,4,3,1,5,3,2,0,0,0,0,0,0,2,1,1,3,2,1,1,1,0,0,0,0,0,0,0,0,0,0,1,1,0,856,422,434
17,91,Medak,Medak,07,Ramayampet,572933,0000,VILLAGE,Akkannapet,Rural,896,3808,1838,1970,458,231,227,828,395,433,30,15,15,1890,1129,761,1918,709,1209,2002,1021,981,1694,977,717,529,390,139,431,228,203,324,29,295,410,330,80,308,44,264,36,5,31,99,25,74,148,1,147,25,13,12,277,34,243,32,3,29,83,23,60,144,0,144,18,8,10,31,10,21,4,2,2,16,2,14,4,1,3,7,5,2,1806,817,989
17,91,Medak,Medak,07,Ramayampet,572934,0000,VILLAGE,Damaracheru,Rural,300,1436,706,730,165,87,78,361,167,194,163,80,83,670,372,298,766,334,432,765,378,387,586,347,239,135,103,32,338,207,131,61,3,58,52,34,18,179,31,148,4,2,2,119,27,92,53,1,52,3,1,2,174,31,143,4,2,2,116,27,89,52,1,51,2,1,1,5,0,5,0,0,0,3,0,3,1,0,1,1,0,1,671,328,343
17,91,Medak,Medak,07,Ramayampet,572935,0000,VILLAGE,Ramayampet,Rural,3566,16899,8309,8590,1906,949,957,2330,995,1335,650,415,235,10634,6020,4614,6265,2289,3976,7059,4174,2885,6649,3996,2653,910,680,230,1048,503,545,1064,127,937,3627,2686,941,410,178,232,20,12,8,119,42,77,71,6,65,200,118,82,345,147,198,17,10,7,108,36,72,45,2,43,175,99,76,65,31,34,3,2,1,11,6,5,26,4,22,25,19,6,9840,4135,5705
17,91,Medak,Medak,07,Ramayampet,572936,0000,VILLAGE,Komatipalle,Rural,221,961,465,496,137,69,68,145,60,85,197,98,99,367,213,154,594,252,342,516,249,267,488,236,252,295,142,153,73,36,37,3,0,3,117,58,59,28,13,15,5,2,3,15,6,9,0,0,0,8,5,3,27,12,15,5,2,3,15,6,9,0,0,0,7,4,3,1,1,0,0,0,0,0,0,0,0,0,0,1,1,0,445,216,229
17,91,Medak,Medak,07,Ramayampet,572937,0000,VILLAGE,Konapur,Rural,509,2224,1090,1134,257,136,121,592,275,317,303,162,141,1107,662,445,1117,428,689,1163,622,541,1121,605,516,362,223,139,357,158,199,165,26,139,237,198,39,42,17,25,6,3,3,5,1,4,14,5,9,17,8,9,33,14,19,3,2,1,4,0,4,12,5,7,14,7,7,9,3,6,3,1,2,1,1,0,2,0,2,3,1,2,1061,468,593
17,91,Medak,Medak,08,Nizampet,572938,0000,VILLAGE,Nandigaon,Rural,368,1704,865,839,162,86,76,451,228,223,63,29,34,918,564,354,786,301,485,928,466,462,920,463,457,334,203,131,252,113,139,122,25,97,212,122,90,8,3,5,1,1,0,2,1,1,3,0,3,2,1,1,6,3,3,1,1,0,2,1,1,2,0,2,1,1,0,2,0,2,0,0,0,0,0,0,1,0,1,1,0,1,776,399,377
17,91,Medak,Medak,08,Nizampet,572939,0000,VILLAGE,Chelmeda,Rural,779,3646,1787,1859,404,210,194,442,211,231,30,15,15,1660,1016,644,1986,771,1215,1992,970,1022,1967,958,1009,1109,686,423,388,167,221,363,19,344,107,86,21,25,12,13,3,1,2,3,1,2,13,4,9,6,6,0,19,11,8,2,1,1,2,1,1,9,3,6,6,6,0,6,1,5,1,0,1,1,0,1,4,1,3,0,0,0,1654,817,837
17,91,Medak,Medak,08,Nizampet,572940,0000,VILLAGE,Naskal,Rural,1174,5332,2625,2707,633,321,312,725,345,380,586,273,313,2553,1541,1012,2779,1084,1695,2861,1423,1438,2293,1275,1018,938,708,230,436,227,209,438,31,407,481,309,172,568,148,420,25,19,6,320,45,275,93,0,93,130,84,46,508,117,391,7,4,3,301,40,261,88,0,88,112,73,39,60,31,29,18,15,3,19,5,14,5,0,5,18,11,7,2471,1202,1269
17,91,Medak,Medak,08,Nizampet,572941,0000,VILLAGE,Nizampet,Rural,1042,4977,2557,2420,539,284,255,972,542,430,148,82,66,2754,1738,1016,2223,819,1404,2440,1264,1176,1864,989,875,427,299,128,399,242,157,547,56,491,491,392,99,576,275,301,51,45,6,191,86,105,166,26,140,168,118,50,490,241,249,50,45,5,137,69,68,154,23,131,149,104,45,86,34,52,1,0,1,54,17,37,12,3,9,19,14,5,2537,1293,1244
17,91,Medak,Medak,08,Nizampet,572942,0000,VILLAGE,Kalwakunta,Rural,956,4166,2003,2163,437,225,212,577,290,287,314,148,166,2012,1180,832,2154,823,1331,2259,1158,1101,2006,1048,958,934,545,389,267,147,120,314,28,286,491,328,163,253,110,143,23,17,6,59,30,29,118,17,101,53,46,7,224,88,136,9,4,5,51,27,24,116,15,101,48,42,6,29,22,7,14,13,1,8,3,5,2,2,0,5,4,1,1907,845,1062
17,91,Medak,Medak,08,Nizampet,572943,0000,VILLAGE,Bachurajpalle,Rural,313,1402,677,725,194,95,99,246,112,134,476,250,226,531,321,210,871,356,515,730,375,355,728,374,354,347,233,114,218,79,139,64,4,60,99,58,41,2,1,1,0,0,0,0,0,0,0,0,0,2,1,1,2,1,1,0,0,0,0,0,0,0,0,0,2,1,1,0,0,0,0,0,0,0,0,0,0,0,0,0,0,0,672,302,370
17,91,Medak,Medak,07,Ramayampet,572944,0000,VILLAGE,Rayalapur,Rural,714,3293,1644,1649,387,208,179,818,412,406,46,20,26,1725,1057,668,1568,587,981,1766,920,846,1687,876,811,726,426,300,351,172,179,260,55,205,350,223,127,79,44,35,7,5,2,36,20,16,8,1,7,28,18,10,72,40,32,7,5,2,33,19,14,8,1,7,24,15,9,7,4,3,0,0,0,3,1,2,0,0,0,4,3,1,1527,724,803
17,91,Medak,Medak,07,Ramayampet,572945,0000,VILLAGE,Sutarpalle,Rural,220,1053,512,541,142,73,69,271,135,136,12,6,6,545,343,202,508,169,339,591,288,303,534,262,272,241,139,102,158,83,75,85,1,84,50,39,11,57,26,31,23,16,7,28,8,20,1,0,1,5,2,3,13,6,7,4,2,2,7,3,4,0,0,0,2,1,1,44,20,24,19,14,5,21,5,16,1,0,1,3,1,2,462,224,238
17,91,Medak,Medak,07,Ramayampet,572946,0000,VILLAGE,Sivaipalle,Rural,160,689,337,352,87,44,43,12,6,6,0,0,0,220,128,92,469,209,260,359,176,183,355,174,181,164,99,65,104,50,54,56,5,51,31,20,11,4,2,2,0,0,0,0,0,0,2,1,1,2,1,1,2,1,1,0,0,0,0,0,0,1,0,1,1,1,0,2,1,1,0,0,0,0,0,0,1,1,0,1,0,1,330,161,169
17,91,Medak,Medak,07,Ramayampet,572947,0000,VILLAGE,Dongal Dharmaram,Rural,743,3461,1786,1675,369,198,171,1034,525,509,1,1,0,1775,1128,647,1686,658,1028,1920,1021,899,1734,929,805,827,547,280,344,185,159,337,15,322,226,182,44,186,92,94,106,54,52,31,15,16,14,1,13,35,22,13,79,36,43,14,5,9,23,11,12,12,1,11,30,19,11,107,56,51,92,49,43,8,4,4,2,0,2,5,3,2,1541,765,776
17,91,Medak,Medak,08,Nizampet,572948,0000,VILLAGE,Narlapur,Rural,856,3702,1796,1906,414,203,211,609,304,305,231,109,122,1707,1036,671,1995,760,1235,2124,1065,1059,1910,966,944,901,579,322,252,106,146,322,15,307,435,266,169,214,99,115,71,49,22,83,33,50,28,2,26,32,15,17,134,52,82,28,19,9,65,21,44,20,1,19,21,11,10,80,47,33,43,30,13,18,12,6,8,1,7,11,4,7,1578,731,847
17,91,Medak,Medak,08,Nizampet,572949,0000,VILLAGE,Venkatapur,Rural,362,1520,730,790,160,95,65,130,65,65,134,65,69,719,432,287,801,298,503,782,378,404,704,357,347,353,230,123,142,54,88,116,1,115,93,72,21,78,21,57,1,1,0,32,12,20,33,3,30,12,5,7,70,20,50,1,1,0,26,11,15,32,3,29,11,5,6,8,1,7,0,0,0,6,1,5,1,0,1,1,0,1,738,352,386
17,93,Tupran,Medak,10,Narsingi,573130,0000,VILLAGE,Narsingi,Rural,1611,7488,3671,3817,813,420,393,994,448,546,96,52,44,4161,2433,1728,3327,1238,2089,3626,2047,1579,2974,1709,1265,687,474,213,860,409,451,315,53,262,1112,773,339,652,338,314,66,49,17,320,168,152,80,19,61,186,102,84,463,269,194,64,47,17,225,121,104,41,17,24,133,84,49,189,69,120,2,2,0,95,47,48,39,2,37,53,18,35,3862,1624,2238
17,93,Tupran,Medak,10,Narsingi,573131,0000,VILLAGE,Narsampalle,Rural,355,1786,888,898,227,121,106,182,95,87,555,264,291,830,489,341,956,399,557,1094,574,520,937,485,452,773,395,378,45,19,26,22,2,20,97,69,28,157,89,68,60,39,21,77,41,36,15,6,9,5,3,2,43,21,22,17,9,8,18,9,9,6,2,4,2,1,1,114,68,46,43,30,13,59,32,27,9,4,5,3,2,1,692,314,378
17,93,Tupran,Medak,09,Chegunta,573132,0000,VILLAGE,Vallabhapur,Rural,169,803,394,409,93,49,44,104,51,53,289,142,147,400,238,162,403,156,247,376,200,176,374,198,176,136,80,56,208,99,109,0,0,0,30,19,11,2,2,0,0,0,0,0,0,0,0,0,0,2,2,0,0,0,0,0,0,0,0,0,0,0,0,0,0,0,0,2,2,0,0,0,0,0,0,0,0,0,0,2,2,0,427,194,233
17,93,Tupran,Medak,10,Narsingi,573133,0000,VILLAGE,Bheemraopalle,Rural,109,468,236,232,54,28,26,89,44,45,0,0,0,199,128,71,269,108,161,281,142,139,232,115,117,195,97,98,18,5,13,0,0,0,19,13,6,49,27,22,46,27,19,2,0,2,0,0,0,1,0,1,0,0,0,0,0,0,0,0,0,0,0,0,0,0,0,49,27,22,46,27,19,2,0,2,0,0,0,1,0,1,187,94,93
17,93,Tupran,Medak,09,Chegunta,573134,0000,VILLAGE,Rukmapur,Rural,315,1440,688,752,200,102,98,145,62,83,11,5,6,606,356,250,834,332,502,997,500,497,615,362,253,381,234,147,185,92,93,15,9,6,34,27,7,382,138,244,26,12,14,310,117,193,39,5,34,7,4,3,254,79,175,17,7,10,197,64,133,34,5,29,6,3,3,128,59,69,9,5,4,113,53,60,5,0,5,1,1,0,443,188,255
17,93,Tupran,Medak,09,Chegunta,573135,0000,VILLAGE,Ibrahimpur,Rural,784,3285,1647,1638,431,238,193,503,257,246,14,9,5,1533,924,609,1752,723,1029,2003,1001,1002,1743,880,863,758,555,203,619,161,458,163,19,144,203,145,58,260,121,139,46,25,21,166,84,82,16,2,14,32,10,22,129,40,89,30,12,18,60,18,42,14,2,12,25,8,17,131,81,50,16,13,3,106,66,40,2,0,2,7,2,5,1282,646,636
17,93,Tupran,Medak,09,Chegunta,573136,0000,VILLAGE,Kistapur,Rural,77,371,164,207,43,15,28,55,27,28,0,0,0,202,108,94,169,56,113,189,88,101,188,88,100,108,68,40,16,5,11,58,13,45,6,2,4,1,0,1,0,0,0,0,0,0,1,0,1,0,0,0,0,0,0,0,0,0,0,0,0,0,0,0,0,0,0,1,0,1,0,0,0,0,0,0,1,0,1,0,0,0,182,76,106
17,93,Tupran,Medak,09,Chegunta,573137,0000,VILLAGE,Pulamamidi,Rural,222,1143,562,581,137,74,63,420,204,216,0,0,0,496,290,206,647,272,375,865,427,438,837,410,427,374,242,132,270,114,156,95,8,87,98,46,52,28,17,11,4,2,2,7,4,3,0,0,0,17,11,6,26,16,10,2,1,1,7,4,3,0,0,0,17,11,6,2,1,1,2,1,1,0,0,0,0,0,0,0,0,0,278,135,143
17,93,Tupran,Medak,09,Chegunta,573138,0000,VILLAGE,Bonal,Rural,418,1786,889,897,226,114,112,340,159,181,0,0,0,793,478,315,993,411,582,922,476,446,917,475,442,643,364,279,161,61,100,48,1,47,65,49,16,5,1,4,1,1,0,3,0,3,0,0,0,1,0,1,2,0,2,0,0,0,1,0,1,0,0,0,1,0,1,3,1,2,1,1,0,2,0,2,0,0,0,0,0,0,864,413,451
17,93,Tupran,Medak,09,Chegunta,573139,0000,VILLAGE,Kondapur(Bonal),Rural,398,1820,892,928,199,97,102,690,356,334,4,1,3,865,522,343,955,370,585,1137,628,509,927,499,428,269,230,39,532,224,308,12,5,7,114,40,74,210,129,81,13,9,4,46,28,18,30,16,14,121,76,45,40,24,16,9,7,2,17,11,6,7,5,2,7,1,6,170,105,65,4,2,2,29,17,12,23,11,12,114,75,39,683,264,419
17,93,Tupran,Medak,09,Chegunta,573142,0000,VILLAGE,Gollapalle(Imapur),Rural,395,1785,919,866,213,106,107,212,105,107,835,440,395,741,471,270,1044,448,596,1003,498,505,967,485,482,259,191,68,635,259,376,30,4,26,43,31,12,36,13,23,0,0,0,11,8,3,20,1,19,5,4,1,33,12,21,0,0,0,9,7,2,19,1,18,5,4,1,3,1,2,0,0,0,2,1,1,1,0,1,0,0,0,782,421,361
17,93,Tupran,Medak,09,Chegunta,573143,0000,VILLAGE,Ramapur,Rural,416,1856,923,933,253,118,135,261,123,138,398,204,194,812,513,299,1044,410,634,1004,498,506,957,483,474,803,415,388,51,19,32,46,8,38,57,41,16,47,15,32,4,0,4,31,11,20,2,1,1,10,3,7,47,15,32,4,0,4,31,11,20,2,1,1,10,3,7,0,0,0,0,0,0,0,0,0,0,0,0,0,0,0,852,425,427
17,93,Tupran,Medak,09,Chegunta,573144,0000,VILLAGE,Ananthasagar,Rural,350,1629,791,838,189,99,90,297,151,146,11,6,5,691,397,294,938,394,544,935,465,470,913,458,455,636,323,313,185,86,99,39,16,23,53,33,20,22,7,15,7,4,3,6,1,5,1,0,1,8,2,6,9,3,6,3,1,2,2,0,2,1,0,1,3,2,1,13,4,9,4,3,1,4,1,3,0,0,0,5,0,5,694,326,368
17,93,Tupran,Medak,09,Chegunta,573145,0000,VILLAGE,Ullithammapalle,Rural,232,1030,505,525,115,57,58,298,145,153,8,2,6,543,330,213,487,175,312,490,266,224,377,236,141,91,58,33,221,127,94,7,5,2,58,46,12,113,30,83,0,0,0,42,9,33,54,5,49,17,16,1,73,29,44,0,0,0,40,8,32,16,5,11,17,16,1,40,1,39,0,0,0,2,1,1,38,0,38,0,0,0,540,239,301
17,93,Tupran,Medak,09,Chegunta,573146,0000,VILLAGE,Reddipalle,Rural,625,2670,1291,1379,321,153,168,236,114,122,4,1,3,1241,765,476,1429,526,903,1542,788,754,1034,604,430,436,305,131,364,173,191,23,9,14,211,117,94,508,184,324,59,25,34,293,62,231,11,6,5,145,91,54,429,151,278,39,18,21,255,47,208,7,4,3,128,82,46,79,33,46,20,7,13,38,15,23,4,2,2,17,9,8,1128,503,625
17,93,Tupran,Medak,10,Narsingi,573147,0000,VILLAGE,Valloor,Rural,233,974,492,482,122,74,48,320,158,162,0,0,0,509,304,205,465,188,277,487,265,222,479,263,216,118,102,16,233,99,134,0,0,0,128,62,66,8,2,6,0,0,0,6,0,6,0,0,0,2,2,0,8,2,6,0,0,0,6,0,6,0,0,0,2,2,0,0,0,0,0,0,0,0,0,0,0,0,0,0,0,0,487,227,260
17,93,Tupran,Medak,09,Chegunta,573148,0000,VILLAGE,Polampalle,Rural,217,947,462,485,118,58,60,218,96,122,8,4,4,436,256,180,511,206,305,519,270,249,516,269,247,365,192,173,49,17,32,32,12,20,70,48,22,3,1,2,1,0,1,1,1,0,1,0,1,0,0,0,3,1,2,1,0,1,1,1,0,1,0,1,0,0,0,0,0,0,0,0,0,0,0,0,0,0,0,0,0,0,428,192,236
17,93,Tupran,Medak,09,Chegunta,573149,0000,VILLAGE,Wadiaram,Rural,745,3235,1565,1670,366,178,188,585,270,315,61,29,32,1859,1088,771,1376,477,899,1725,937,788,1369,762,607,437,234,203,263,125,138,220,24,196,449,379,70,356,175,181,78,41,37,172,86,86,53,5,48,53,43,10,123,60,63,15,9,6,13,6,7,46,4,42,49,41,8,233,115,118,63,32,31,159,80,79,7,1,6,4,2,2,1510,628,882
17,93,Tupran,Medak,09,Chegunta,573150,0000,VILLAGE,Chinnashivnur,Rural,740,3249,1563,1686,412,205,207,494,230,264,67,32,35,1531,884,647,1718,679,1039,1709,867,842,1656,840,816,601,400,201,799,297,502,44,12,32,212,131,81,53,27,26,4,1,3,15,7,8,5,2,3,29,17,12,51,26,25,4,1,3,14,7,7,5,2,3,28,16,12,2,1,1,0,0,0,1,0,1,0,0,0,1,1,0,1540,696,844
17,93,Tupran,Medak,09,Chegunta,573151,0000,VILLAGE,Makkarajpet,Rural,728,3231,1578,1653,388,195,193,537,257,280,178,88,90,1526,867,659,1705,711,994,1724,935,789,1567,893,674,652,368,284,641,315,326,72,30,42,202,180,22,157,42,115,12,9,3,90,20,70,25,3,22,30,10,20,118,31,87,7,6,1,80,18,62,15,2,13,16,5,11,39,11,28,5,3,2,10,2,8,10,1,9,14,5,9,1507,643,864
17,93,Tupran,Medak,09,Chegunta,573152,0000,VILLAGE,Chandaipet,Rural,426,1845,882,963,213,108,105,438,208,230,30,15,15,888,520,368,957,362,595,1047,527,520,1017,515,502,501,267,234,278,122,156,38,19,19,200,107,93,30,12,18,5,2,3,16,5,11,5,3,2,4,2,2,15,5,10,2,0,2,6,2,4,5,3,2,2,0,2,15,7,8,3,2,1,10,3,7,0,0,0,2,2,0,798,355,443
17,93,Tupran,Medak,09,Chegunta,573153,0000,VILLAGE,Pedda Shivnoor,Rural,247,1079,528,551,136,79,57,276,131,145,112,55,57,454,263,191,625,265,360,613,298,315,387,259,128,178,144,34,124,62,62,5,3,2,80,50,30,226,39,187,26,8,18,166,23,143,3,0,3,31,8,23,145,33,112,17,7,10,99,18,81,2,0,2,27,8,19,81,6,75,9,1,8,67,5,62,1,0,1,4,0,4,466,230,236
17,93,Tupran,Medak,21,Masaipet,573154,0000,VILLAGE,Pothamshettipally,Rural,68,346,170,176,30,11,19,174,88,86,75,37,38,191,117,74,155,53,102,222,113,109,221,112,109,147,75,72,53,21,32,0,0,0,21,16,5,1,1,0,0,0,0,0,0,0,0,0,0,1,1,0,1,1,0,0,0,0,0,0,0,0,0,0,1,1,0,0,0,0,0,0,0,0,0,0,0,0,0,0,0,0,124,57,67
17,93,Tupran,Medak,21,Masaipet,573155,0000,VILLAGE,Chetla Thimmaipalli,Rural,395,2017,1008,1009,358,190,168,167,76,91,1283,666,617,712,449,263,1305,559,746,1209,629,580,1184,621,563,668,387,281,354,119,235,6,5,1,156,110,46,25,8,17,3,0,3,9,3,6,0,0,0,13,5,8,16,5,11,3,0,3,5,3,2,0,0,0,8,2,6,9,3,6,0,0,0,4,0,4,0,0,0,5,3,2,808,379,429
17,93,Tupran,Medak,21,Masaipet,573156,0000,VILLAGE,Pothampalle,Rural,438,1714,876,838,228,127,101,361,194,167,160,74,86,829,525,304,885,351,534,961,463,498,817,413,404,675,346,329,71,29,42,10,3,7,61,35,26,144,50,94,4,2,2,49,20,29,66,16,50,25,12,13,106,30,76,2,1,1,47,18,29,47,8,39,10,3,7,38,20,18,2,1,1,2,2,0,19,8,11,15,9,6,753,413,340
17,93,Tupran,Medak,09,Chegunta,573157,0000,VILLAGE,Kasanpalle,Rural,209,912,451,461,145,75,70,0,0,0,177,87,90,359,220,139,553,231,322,670,331,339,292,219,73,208,181,27,28,2,26,21,10,11,35,26,9,378,112,266,244,76,168,117,23,94,8,7,1,9,6,3,193,21,172,109,4,105,78,14,64,2,2,0,4,1,3,185,91,94,135,72,63,39,9,30,6,5,1,5,5,0,242,120,122
17,91,Medak,Medak,11,Shankarampet_R,573159,0000,VILLAGE,Khajapur,Rural,484,2293,1104,1189,302,157,145,524,252,272,510,254,256,1088,621,467,1205,483,722,1267,636,631,1225,629,596,756,398,358,290,139,151,66,22,44,113,70,43,42,7,35,0,0,0,33,6,27,2,1,1,7,0,7,34,7,27,0,0,0,28,6,22,2,1,1,4,0,4,8,0,8,0,0,0,5,0,5,0,0,0,3,0,3,1026,468,558
17,93,Tupran,Medak,10,Narsingi,573160,0000,VILLAGE,Sankhapur,Rural,465,2055,1022,1033,295,156,139,429,204,225,424,227,197,779,467,312,1276,555,721,1167,594,573,1108,563,545,660,373,287,257,91,166,1,0,1,190,99,91,59,31,28,43,22,21,6,1,5,0,0,0,10,8,2,23,10,13,10,3,7,4,0,4,0,0,0,9,7,2,36,21,15,33,19,14,2,1,1,0,0,0,1,1,0,888,428,460
17,93,Tupran,Medak,10,Narsingi,573161,0000,VILLAGE,Zapthishivnur,Rural,424,1844,895,949,265,131,134,535,275,260,121,70,51,881,522,359,963,373,590,1111,558,553,965,488,477,407,215,192,229,85,144,116,19,97,213,169,44,146,70,76,11,8,3,95,50,45,20,4,16,20,8,12,68,31,37,2,2,0,39,21,18,10,1,9,17,7,10,78,39,39,9,6,3,56,29,27,10,3,7,3,1,2,733,337,396
17,91,Medak,Medak,11,Shankarampet_R,573162,0000,VILLAGE,Kaslapur,Rural,34,160,83,77,19,10,9,0,0,0,0,0,0,66,41,25,94,42,52,131,73,58,73,38,35,19,8,11,21,6,15,7,0,7,26,24,2,58,35,23,4,1,3,51,34,17,2,0,2,1,0,1,28,16,12,2,0,2,25,16,9,0,0,0,1,0,1,30,19,11,2,1,1,26,18,8,2,0,2,0,0,0,29,10,19
17,91,Medak,Medak,11,Shankarampet_R,573163,0000,VILLAGE,Mirzapalle,Rural,431,1943,966,977,230,129,101,419,205,214,434,227,207,946,570,376,997,396,601,1148,590,558,1072,547,525,557,351,206,448,155,293,24,7,17,43,34,9,76,43,33,3,3,0,73,40,33,0,0,0,0,0,0,22,8,14,3,3,0,19,5,14,0,0,0,0,0,0,54,35,19,0,0,0,54,35,19,0,0,0,0,0,0,795,376,419
17,93,Tupran,Medak,10,Narsingi,573164,0000,VILLAGE,Seripalle,Rural,510,2211,1068,1143,233,116,117,728,341,387,23,13,10,1264,768,496,947,300,647,1170,592,578,1115,573,542,407,229,178,332,143,189,117,18,99,259,183,76,55,19,36,8,1,7,29,10,19,9,2,7,9,6,3,44,16,28,6,1,5,24,9,15,8,2,6,6,4,2,11,3,8,2,0,2,5,1,4,1,0,1,3,2,1,1041,476,565
17,91,Medak,Medak,11,Shankarampet_R,573165,0000,VILLAGE,Kamaram,Rural,303,1381,681,700,180,95,85,108,49,59,851,421,430,587,380,207,794,301,493,752,355,397,739,349,390,426,214,212,261,109,152,13,4,9,39,22,17,13,6,7,4,2,2,5,1,4,0,0,0,4,3,1,9,3,6,3,2,1,5,1,4,0,0,0,1,0,1,4,3,1,1,0,1,0,0,0,0,0,0,3,3,0,629,326,303
17,91,Medak,Medak,11,Shankarampet_R,573166,0000,VILLAGE,Madur,Rural,1433,6780,3309,3471,866,426,440,712,346,366,27,11,16,2914,1850,1064,3866,1459,2407,4155,2050,2105,3731,1847,1884,1834,1153,681,1512,519,993,112,54,58,273,121,152,424,203,221,266,134,132,129,59,70,11,3,8,18,7,11,74,26,48,16,4,12,48,19,29,3,1,2,7,2,5,350,177,173,250,130,120,81,40,41,8,2,6,11,5,6,2625,1259,1366
17,91,Medak,Medak,11,Shankarampet_R,573167,0000,VILLAGE,Korivipalle,Rural,220,979,497,482,143,76,67,419,211,208,279,150,129,394,238,156,585,259,326,506,270,236,504,270,234,424,229,195,54,22,32,1,1,0,25,18,7,2,0,2,0,0,0,1,0,1,0,0,0,1,0,1,1,0,1,0,0,0,0,0,0,0,0,0,1,0,1,1,0,1,0,0,0,1,0,1,0,0,0,0,0,0,473,227,246
17,91,Medak,Medak,11,Shankarampet_R,573168,0000,VILLAGE,Gajgatlapalle,Rural,347,1447,720,727,151,80,71,208,98,110,29,14,15,589,361,228,858,359,499,858,447,411,562,330,232,339,181,158,106,64,42,14,7,7,103,78,25,296,117,179,68,27,41,182,66,116,9,3,6,37,21,16,205,78,127,39,15,24,136,47,89,7,3,4,23,13,10,91,39,52,29,12,17,46,19,27,2,0,2,14,8,6,589,273,316
17,91,Medak,Medak,11,Shankarampet_R,573169,0000,VILLAGE,Turkala Mohammedapur,Rural,341,1516,756,760,204,98,106,184,90,94,448,233,215,641,394,247,875,362,513,815,414,401,713,375,338,581,301,280,69,31,38,24,14,10,39,29,10,102,39,63,20,9,11,28,9,19,17,3,14,37,18,19,77,30,47,12,4,8,21,6,15,15,3,12,29,17,12,25,9,16,8,5,3,7,3,4,2,0,2,8,1,7,701,342,359
17,91,Medak,Medak,11,Shankarampet_R,573170,0000,VILLAGE,Shankaraj Kondapur,Rural,376,1833,869,964,236,125,111,203,96,107,293,142,151,812,460,352,1021,409,612,1138,549,589,636,345,291,417,237,180,119,48,71,30,17,13,70,43,27,502,204,298,23,11,12,332,126,206,50,10,40,97,57,40,290,106,184,18,9,9,166,47,119,41,7,34,65,43,22,212,98,114,5,2,3,166,79,87,9,3,6,32,14,18,695,320,375
17,91,Medak,Medak,11,Shankarampet_R,573171,0000,VILLAGE,Gavalpalle,Rural,592,2663,1319,1344,396,205,191,490,232,258,964,471,493,1132,694,438,1531,625,906,1412,713,699,1337,692,645,322,191,131,950,455,495,1,0,1,64,46,18,75,21,54,2,2,0,72,18,54,0,0,0,1,1,0,73,21,52,2,2,0,70,18,52,0,0,0,1,1,0,2,0,2,0,0,0,2,0,2,0,0,0,0,0,0,1251,606,645
17,91,Medak,Medak,11,Shankarampet_R,573172,0000,VILLAGE,Ambajipet,Rural,266,1056,528,528,125,71,54,134,58,76,0,0,0,611,357,254,445,171,274,560,288,272,542,285,257,161,92,69,284,145,139,32,6,26,65,42,23,18,3,15,0,0,0,15,0,15,0,0,0,3,3,0,18,3,15,0,0,0,15,0,15,0,0,0,3,3,0,0,0,0,0,0,0,0,0,0,0,0,0,0,0,0,496,240,256
17,91,Medak,Medak,11,Shankarampet_R,573173,0000,VILLAGE,Shankarampet (R),Rural,1103,4899,2389,2510,633,306,327,972,462,510,161,106,55,2461,1448,1013,2438,941,1497,2350,1301,1049,2185,1221,964,477,292,185,847,384,463,106,6,100,755,539,216,165,80,85,8,8,0,62,23,39,9,1,8,86,48,38,152,74,78,8,8,0,54,19,35,9,1,8,81,46,35,13,6,7,0,0,0,8,4,4,0,0,0,5,2,3,2549,1088,1461
17,91,Medak,Medak,11,Shankarampet_R,573174,0000,VILLAGE,Chandampet,Rural,745,3444,1734,1710,426,215,211,782,387,395,39,21,18,1646,1042,604,1798,692,1106,1761,961,800,1703,935,768,604,344,260,391,180,211,163,7,156,545,404,141,58,26,32,4,2,2,19,7,12,4,1,3,31,16,15,40,18,22,0,0,0,15,6,9,3,1,2,22,11,11,18,8,10,4,2,2,4,1,3,1,0,1,9,5,4,1683,773,910
17,91,Medak,Medak,11,Shankarampet_R,573175,0000,VILLAGE,Chandapur,Rural,170,714,348,366,80,43,37,120,51,69,0,0,0,355,221,134,359,127,232,354,186,168,352,185,167,175,94,81,111,47,64,1,0,1,65,44,21,2,1,1,0,0,0,1,0,1,0,0,0,1,1,0,2,1,1,0,0,0,1,0,1,0,0,0,1,1,0,0,0,0,0,0,0,0,0,0,0,0,0,0,0,0,360,162,198
17,91,Medak,Medak,11,Shankarampet_R,573176,0000,VILLAGE,Jangrai,Rural,461,2018,992,1026,274,143,131,389,196,193,761,379,382,744,454,290,1274,538,736,1214,602,612,889,482,407,468,319,149,358,121,237,1,0,1,62,42,20,325,120,205,123,62,61,175,45,130,1,0,1,26,13,13,187,48,139,51,20,31,118,19,99,1,0,1,17,9,8,138,72,66,72,42,30,57,26,31,0,0,0,9,4,5,804,390,414
17,91,Medak,Medak,11,Shankarampet_R,573177,0000,VILLAGE,Suraram,Rural,765,3213,1571,1642,395,201,194,331,164,167,92,47,45,1415,866,549,1798,705,1093,1719,900,819,1646,874,772,655,430,225,642,236,406,140,46,94,209,162,47,73,26,47,12,7,5,28,10,18,12,0,12,21,9,12,63,21,42,10,5,5,25,9,16,10,0,10,18,7,11,10,5,5,2,2,0,3,1,2,2,0,2,3,2,1,1494,671,823
17,91,Medak,Medak,11,Shankarampet_R,573178,0000,VILLAGE,Dharpalle,Rural,553,2545,1247,1298,326,165,161,515,251,264,66,35,31,1018,593,425,1527,654,873,1627,835,792,1391,712,679,833,452,381,477,191,286,7,3,4,74,66,8,236,123,113,61,43,18,169,79,90,5,1,4,1,0,1,61,34,27,20,16,4,36,17,19,5,1,4,0,0,0,175,89,86,41,27,14,133,62,71,0,0,0,1,0,1,918,412,506
17,92,Narsapur,Medak,13,Kulcharam,573179,0000,VILLAGE,Paithara,Rural,458,1918,931,987,205,109,96,577,279,298,0,0,0,716,418,298,1202,513,689,998,504,494,998,504,494,729,379,350,237,97,140,1,1,0,31,27,4,0,0,0,0,0,0,0,0,0,0,0,0,0,0,0,0,0,0,0,0,0,0,0,0,0,0,0,0,0,0,0,0,0,0,0,0,0,0,0,0,0,0,0,0,0,920,427,493
17,92,Narsapur,Medak,13,Kulcharam,573180,0000,VILLAGE,Konapur,Rural,236,1112,550,562,136,78,58,389,203,186,0,0,0,430,247,183,682,303,379,540,282,258,489,267,222,111,104,7,342,134,208,1,0,1,35,29,6,51,15,36,1,1,0,40,11,29,3,0,3,7,3,4,46,15,31,1,1,0,35,11,24,3,0,3,7,3,4,5,0,5,0,0,0,5,0,5,0,0,0,0,0,0,572,268,304
17,92,Narsapur,Medak,13,Kulcharam,573181,0000,VILLAGE,Etigadda Mohmdapur,Rural,226,978,473,505,96,53,43,195,98,97,0,0,0,405,225,180,573,248,325,451,254,197,219,201,18,102,96,6,73,71,2,10,5,5,34,29,5,232,53,179,1,0,1,231,53,178,0,0,0,0,0,0,232,53,179,1,0,1,231,53,178,0,0,0,0,0,0,0,0,0,0,0,0,0,0,0,0,0,0,0,0,0,527,219,308
17,92,Narsapur,Medak,13,Kulcharam,573182,0000,VILLAGE,Yenigandla,Rural,676,3082,1528,1554,358,185,173,296,142,154,83,35,48,1466,877,589,1616,651,965,1596,875,721,1540,850,690,774,512,262,631,222,409,1,0,1,134,116,18,56,25,31,4,2,2,38,15,23,4,1,3,10,7,3,31,10,21,4,2,2,21,5,16,2,1,1,4,2,2,25,15,10,0,0,0,17,10,7,2,0,2,6,5,1,1486,653,833
17,92,Narsapur,Medak,13,Kulcharam,573183,0000,VILLAGE,Rangampet,Rural,810,3889,1923,1966,496,253,243,327,161,166,37,16,21,1987,1159,828,1902,764,1138,1785,1054,731,1704,1011,693,385,253,132,830,395,435,60,32,28,429,331,98,81,43,38,1,1,0,29,8,21,7,3,4,44,31,13,77,42,35,1,1,0,27,7,20,7,3,4,42,31,11,4,1,3,0,0,0,2,1,1,0,0,0,2,0,2,2104,869,1235
17,92,Narsapur,Medak,13,Kulcharam,573184,0000,VILLAGE,Thukkapur,Rural,125,571,281,290,79,33,46,59,28,31,0,0,0,197,127,70,374,154,220,286,146,140,87,86,1,86,86,0,0,0,0,0,0,0,1,0,1,199,60,139,0,0,0,199,60,139,0,0,0,0,0,0,2,2,0,0,0,0,2,2,0,0,0,0,0,0,0,197,58,139,0,0,0,197,58,139,0,0,0,0,0,0,285,135,150
17,92,Narsapur,Medak,13,Kulcharam,573185,0000,VILLAGE,Sangaipet,Rural,489,2220,1096,1124,265,131,134,487,224,263,286,157,129,1027,652,375,1193,444,749,1079,564,515,1042,543,499,313,260,53,642,213,429,10,7,3,77,63,14,37,21,16,10,9,1,23,9,14,2,1,1,2,2,0,37,21,16,10,9,1,23,9,14,2,1,1,2,2,0,0,0,0,0,0,0,0,0,0,0,0,0,0,0,0,1141,532,609
17,92,Narsapur,Medak,13,Kulcharam,573186,0000,VILLAGE,Variguntham,Rural,582,2743,1334,1409,349,184,165,625,307,318,710,338,372,1232,734,498,1511,600,911,1427,720,707,1095,608,487,668,485,183,373,83,290,2,1,1,52,39,13,332,112,220,8,4,4,288,84,204,3,0,3,33,24,9,329,112,217,8,4,4,286,84,202,3,0,3,32,24,8,3,0,3,0,0,0,2,0,2,0,0,0,1,0,1,1316,614,702
17,92,Narsapur,Medak,13,Kulcharam,573187,0000,VILLAGE,Serivariguntham,Rural,80,360,183,177,43,26,17,0,0,0,0,0,0,201,124,77,159,59,100,184,101,83,174,100,74,61,56,5,76,14,62,4,2,2,33,28,5,10,1,9,0,0,0,9,1,8,0,0,0,1,0,1,10,1,9,0,0,0,9,1,8,0,0,0,1,0,1,0,0,0,0,0,0,0,0,0,0,0,0,0,0,0,176,82,94
17,92,Narsapur,Medak,13,Kulcharam,573188,0000,VILLAGE,Kulcharam,Rural,1106,4717,2297,2420,517,275,242,543,278,265,127,66,61,2348,1358,990,2369,939,1430,2295,1273,1022,1688,980,708,654,489,165,707,225,482,36,29,7,291,237,54,607,293,314,4,1,3,505,226,279,10,6,4,88,60,28,527,267,260,3,1,2,438,206,232,9,6,3,77,54,23,80,26,54,1,0,1,67,20,47,1,0,1,11,6,5,2422,1024,1398
17,92,Narsapur,Medak,13,Kulcharam,573189,0000,VILLAGE,Chinnaghanpur,Rural,687,3023,1484,1539,364,199,165,821,382,439,285,144,141,1478,892,586,1545,592,953,1373,740,633,1145,674,471,354,323,31,596,181,415,20,13,7,175,157,18,228,66,162,6,3,3,189,45,144,8,4,4,25,14,11,200,60,140,4,3,1,165,39,126,8,4,4,23,14,9,28,6,22,2,0,2,24,6,18,0,0,0,2,0,2,1650,744,906
17,92,Narsapur,Medak,13,Kulcharam,573190,0000,VILLAGE,Appajipalle,Rural,73,304,148,156,31,15,16,0,0,0,6,3,3,157,91,66,147,57,90,165,90,75,165,90,75,0,0,0,157,82,75,0,0,0,8,8,0,0,0,0,0,0,0,0,0,0,0,0,0,0,0,0,0,0,0,0,0,0,0,0,0,0,0,0,0,0,0,0,0,0,0,0,0,0,0,0,0,0,0,0,0,0,139,58,81
17,92,Narsapur,Medak,13,Kulcharam,573191,0000,VILLAGE,Venkatapur,Rural,129,553,271,282,55,24,31,0,0,0,0,0,0,243,148,95,310,123,187,305,165,140,247,154,93,244,152,92,0,0,0,0,0,0,3,2,1,58,11,47,0,0,0,53,10,43,0,0,0,5,1,4,58,11,47,0,0,0,53,10,43,0,0,0,5,1,4,0,0,0,0,0,0,0,0,0,0,0,0,0,0,0,248,106,142
17,92,Narsapur,Medak,13,Kulcharam,573192,0000,VILLAGE,Pothamsettipalle,Rural,481,2134,1039,1095,251,122,129,394,191,203,14,5,9,1030,611,419,1104,428,676,1144,611,533,543,393,150,286,239,47,90,16,74,12,9,3,155,129,26,601,218,383,1,0,1,400,107,293,6,0,6,194,111,83,577,205,372,1,0,1,397,105,292,5,0,5,174,100,74,24,13,11,0,0,0,3,2,1,1,0,1,20,11,9,990,428,562
17,92,Narsapur,Medak,13,Kulcharam,573193,0000,VILLAGE,Kistapur,Rural,414,1681,786,895,239,113,126,212,102,110,2,2,0,798,478,320,883,308,575,1041,511,530,942,476,466,403,349,54,370,63,307,16,7,9,153,57,96,99,35,64,4,2,2,10,1,9,3,0,3,82,32,50,85,31,54,4,2,2,9,1,8,3,0,3,69,28,41,14,4,10,0,0,0,1,0,1,0,0,0,13,4,9,640,275,365
17,92,Narsapur,Medak,13,Kulcharam,573194,0000,VILLAGE,Rampur,Rural,342,1393,671,722,175,89,86,196,99,97,30,15,15,726,438,288,667,233,434,699,375,324,587,356,231,296,209,87,227,97,130,6,5,1,58,45,13,112,19,93,36,2,34,61,9,52,1,0,1,14,8,6,105,16,89,33,1,32,58,8,50,1,0,1,13,7,6,7,3,4,3,1,2,3,1,2,0,0,0,1,1,0,694,296,398
17,92,Narsapur,Medak,13,Kulcharam,573195,0000,VILLAGE,Amsanpalle,Rural,518,2351,1120,1231,280,135,145,316,149,167,603,292,311,1016,602,414,1335,518,817,1205,608,597,1193,603,590,692,357,335,377,161,216,3,1,2,121,84,37,12,5,7,0,0,0,4,1,3,0,0,0,8,4,4,11,5,6,0,0,0,4,1,3,0,0,0,7,4,3,1,0,1,0,0,0,0,0,0,0,0,0,1,0,1,1146,512,634
17,92,Narsapur,Medak,13,Kulcharam,573196,0000,VILLAGE,Nainjalalpur,Rural,133,602,305,297,73,39,34,170,86,84,108,56,52,291,182,109,311,123,188,348,184,164,241,128,113,193,100,93,16,6,10,11,10,1,21,12,9,107,56,51,1,0,1,92,43,49,9,8,1,5,5,0,107,56,51,1,0,1,92,43,49,9,8,1,5,5,0,0,0,0,0,0,0,0,0,0,0,0,0,0,0,0,254,121,133
17,92,Narsapur,Medak,13,Kulcharam,573197,0000,VILLAGE,Kongode,Rural,295,1297,606,691,140,72,68,325,145,180,0,0,0,650,361,289,647,245,402,588,310,278,386,243,143,157,106,51,178,95,83,5,5,0,46,37,9,202,67,135,14,6,8,183,58,125,3,2,1,2,1,1,183,64,119,14,6,8,166,55,111,2,2,0,1,1,0,19,3,16,0,0,0,17,3,14,1,0,1,1,0,1,709,296,413
17,92,Narsapur,Medak,13,Kulcharam,573198,0000,VILLAGE,Pothireddipalle,Rural,158,739,365,374,125,63,62,192,97,95,191,98,93,293,179,114,446,186,260,444,218,226,429,211,218,126,111,15,253,71,182,11,4,7,39,25,14,15,7,8,3,3,0,7,0,7,0,0,0,5,4,1,15,7,8,3,3,0,7,0,7,0,0,0,5,4,1,0,0,0,0,0,0,0,0,0,0,0,0,0,0,0,295,147,148
17,92,Narsapur,Medak,13,Kulcharam,573199,0000,VILLAGE,Tummalapalle,Rural,50,243,118,125,40,21,19,0,0,0,237,115,122,82,55,27,161,63,98,120,56,64,117,55,62,4,3,1,103,43,60,0,0,0,10,9,1,3,1,2,0,0,0,3,1,2,0,0,0,0,0,0,3,1,2,0,0,0,3,1,2,0,0,0,0,0,0,0,0,0,0,0,0,0,0,0,0,0,0,0,0,0,123,62,61
17,91,Medak,Medak,04,Tekmal,573200,0000,VILLAGE,Yelupugonda,Rural,698,3295,1622,1673,456,238,218,860,412,448,500,259,241,1389,851,538,1906,771,1135,1773,879,894,1173,598,575,610,316,294,484,232,252,5,3,2,74,47,27,600,281,319,4,1,3,557,258,299,9,5,4,30,17,13,585,277,308,2,1,1,554,258,296,8,5,3,21,13,8,15,4,11,2,0,2,3,0,3,1,0,1,9,4,5,1522,743,779
17,91,Medak,Medak,04,Tekmal,573201,0000,VILLAGE,Bodagat,Rural,253,1191,584,607,184,100,84,166,73,93,0,0,0,397,241,156,794,343,451,682,331,351,676,330,346,434,212,222,159,67,92,8,5,3,75,46,29,6,1,5,0,0,0,6,1,5,0,0,0,0,0,0,6,1,5,0,0,0,6,1,5,0,0,0,0,0,0,0,0,0,0,0,0,0,0,0,0,0,0,0,0,0,509,253,256
17,91,Medak,Medak,04,Tekmal,573202,0000,VILLAGE,Yellupet,Rural,323,1694,852,842,224,106,118,615,304,311,0,0,0,628,406,222,1066,446,620,911,456,455,823,434,389,489,266,223,290,138,152,1,0,1,43,30,13,88,22,66,74,15,59,7,1,6,2,1,1,5,5,0,81,18,63,71,14,57,5,0,5,2,1,1,3,3,0,7,4,3,3,1,2,2,1,1,0,0,0,2,2,0,783,396,387
17,91,Medak,Medak,04,Tekmal,573203,0000,VILLAGE,Shabad,Rural,273,1382,708,674,254,143,111,0,0,0,1370,702,668,304,205,99,1078,503,575,807,395,412,515,253,262,400,211,189,104,35,69,8,5,3,3,2,1,292,142,150,2,1,1,276,134,142,1,0,1,13,7,6,286,141,145,2,1,1,272,133,139,1,0,1,11,7,4,6,1,5,0,0,0,4,1,3,0,0,0,2,0,2,575,313,262
17,91,Medak,Medak,04,Tekmal,573204,0000,VILLAGE,Yellampalle,Rural,275,1416,700,716,219,113,106,152,74,78,763,389,374,465,313,152,951,387,564,769,359,410,760,352,408,25,11,14,666,291,375,2,2,0,67,48,19,9,7,2,0,0,0,7,6,1,0,0,0,2,1,1,9,7,2,0,0,0,7,6,1,0,0,0,2,1,1,0,0,0,0,0,0,0,0,0,0,0,0,0,0,0,647,341,306
17,91,Medak,Medak,04,Tekmal,573205,0000,VILLAGE,Hasanmohmadpalle,Rural,250,1157,547,610,171,70,101,203,93,110,344,173,171,288,187,101,869,360,509,698,331,367,695,331,364,197,147,50,491,178,313,0,0,0,7,6,1,3,0,3,0,0,0,3,0,3,0,0,0,0,0,0,3,0,3,0,0,0,3,0,3,0,0,0,0,0,0,0,0,0,0,0,0,0,0,0,0,0,0,0,0,0,459,216,243
17,91,Medak,Medak,04,Tekmal,573206,0000,VILLAGE,Achannapalle,Rural,278,1403,696,707,184,97,87,116,59,57,695,347,348,554,334,220,849,362,487,764,396,368,751,393,358,327,278,49,375,73,302,6,6,0,43,36,7,13,3,10,2,1,1,10,1,9,1,1,0,0,0,0,13,3,10,2,1,1,10,1,9,1,1,0,0,0,0,0,0,0,0,0,0,0,0,0,0,0,0,0,0,0,639,300,339
17,91,Medak,Medak,04,Tekmal,573207,0000,VILLAGE,Yelkurthi,Rural,324,1622,799,823,180,97,83,469,232,237,0,0,0,757,457,300,865,342,523,892,457,435,733,395,338,292,201,91,375,139,236,3,2,1,63,53,10,159,62,97,14,8,6,132,47,85,3,1,2,10,6,4,125,49,76,10,6,4,105,37,68,3,1,2,7,5,2,34,13,21,4,2,2,27,10,17,0,0,0,3,1,2,730,342,388
17,91,Medak,Medak,04,Tekmal,573208,0000,VILLAGE,Korampalle,Rural,301,1381,675,706,176,86,90,223,111,112,1,1,0,621,367,254,760,308,452,777,397,380,431,272,159,37,36,1,363,209,154,0,0,0,31,27,4,346,125,221,2,1,1,334,119,215,0,0,0,10,5,5,345,124,221,2,1,1,334,119,215,0,0,0,9,4,5,1,1,0,0,0,0,0,0,0,0,0,0,1,1,0,604,278,326
17,91,Medak,Medak,04,Tekmal,573209,0000,VILLAGE,Eklaspur,Rural,126,570,275,295,83,39,44,131,60,71,0,0,0,180,110,70,390,165,225,308,158,150,298,152,146,161,85,76,108,51,57,1,0,1,28,16,12,10,6,4,1,1,0,3,0,3,0,0,0,6,5,1,7,5,2,1,1,0,2,0,2,0,0,0,4,4,0,3,1,2,0,0,0,1,0,1,0,0,0,2,1,1,262,117,145
17,91,Medak,Medak,04,Tekmal,573210,0000,VILLAGE,Tekmal,Rural,1623,8212,4037,4175,1101,555,546,1033,488,545,1272,602,670,3771,2277,1494,4441,1760,2681,3596,2105,1491,2843,1775,1068,1357,879,478,807,353,454,62,34,28,617,509,108,753,330,423,47,15,32,437,133,304,32,11,21,237,171,66,631,291,340,42,14,28,354,110,244,20,7,13,215,160,55,122,39,83,5,1,4,83,23,60,12,4,8,22,11,11,4616,1932,2684
17,91,Medak,Medak,04,Tekmal,573211,0000,VILLAGE,Tamploor,Rural,456,2145,1028,1117,292,141,151,583,278,305,0,0,0,933,514,419,1212,514,698,1113,595,518,836,447,389,711,358,353,31,14,17,6,5,1,88,70,18,277,148,129,2,1,1,231,115,116,12,9,3,32,23,9,267,142,125,2,1,1,227,113,114,12,9,3,26,19,7,10,6,4,0,0,0,4,2,2,0,0,0,6,4,2,1032,433,599
17,91,Medak,Medak,04,Tekmal,573212,0000,VILLAGE,Kadloor,Rural,461,2134,1068,1066,268,147,121,432,203,229,424,219,205,981,600,381,1153,468,685,1187,622,565,700,395,305,418,218,200,146,70,76,15,10,5,121,97,24,487,227,260,97,55,42,352,143,209,6,4,2,32,25,7,379,175,204,18,13,5,331,138,193,3,3,0,27,21,6,108,52,56,79,42,37,21,5,16,3,1,2,5,4,1,947,446,501
17,91,Medak,Medak,04,Tekmal,573213,0000,VILLAGE,Bodmatpalle,Rural,310,1435,729,706,150,83,67,374,194,180,0,0,0,773,460,313,662,269,393,780,445,335,645,402,243,301,189,112,155,70,85,7,6,1,182,137,45,135,43,92,19,6,13,82,28,54,3,0,3,31,9,22,68,15,53,9,1,8,38,10,28,3,0,3,18,4,14,67,28,39,10,5,5,44,18,26,0,0,0,13,5,8,655,284,371
17,91,Medak,Medak,04,Tekmal,573214,0000,VILLAGE,Bardipur,Rural,291,1440,705,735,175,98,77,319,160,159,57,26,31,609,356,253,831,349,482,698,382,316,638,360,278,162,110,52,417,203,214,18,14,4,41,33,8,60,22,38,6,1,5,45,16,29,0,0,0,9,5,4,56,19,37,5,1,4,42,13,29,0,0,0,9,5,4,4,3,1,1,0,1,3,3,0,0,0,0,0,0,0,742,323,419
17,91,Medak,Medak,04,Tekmal,573215,0000,VILLAGE,Dadaipalle,Rural,208,885,429,456,114,52,62,111,54,57,0,0,0,407,245,162,478,184,294,506,263,243,479,248,231,129,73,56,305,137,168,16,12,4,29,26,3,27,15,12,4,3,1,13,6,7,0,0,0,10,6,4,20,11,9,4,3,1,13,6,7,0,0,0,3,2,1,7,4,3,0,0,0,0,0,0,0,0,0,7,4,3,379,166,213
17,91,Medak,Medak,04,Tekmal,573216,0000,VILLAGE,Malkapur,Rural,103,596,299,297,102,47,55,76,36,40,388,192,196,277,178,99,319,121,198,294,148,146,91,64,27,39,33,6,23,11,12,1,1,0,28,19,9,203,84,119,34,17,17,169,67,102,0,0,0,0,0,0,140,63,77,33,17,16,107,46,61,0,0,0,0,0,0,63,21,42,1,0,1,62,21,41,0,0,0,0,0,0,302,151,151
17,91,Medak,Medak,04,Tekmal,573217,0000,VILLAGE,Palvancha,Rural,395,1871,896,975,229,116,113,695,330,365,102,48,54,758,427,331,1113,469,644,1014,524,490,1009,522,487,585,308,277,368,172,196,2,0,2,54,42,12,5,2,3,1,1,0,3,1,2,1,0,1,0,0,0,5,2,3,1,1,0,3,1,2,1,0,1,0,0,0,0,0,0,0,0,0,0,0,0,0,0,0,0,0,0,857,372,485
17,91,Medak,Medak,04,Tekmal,573218,0000,VILLAGE,Dhannaram,Rural,418,2036,984,1052,249,119,130,490,225,265,0,0,0,911,549,362,1125,435,690,1173,596,577,1041,545,496,309,221,88,576,226,350,22,15,7,134,83,51,132,51,81,1,1,0,113,42,71,2,0,2,16,8,8,64,22,42,1,1,0,53,15,38,0,0,0,10,6,4,68,29,39,0,0,0,60,27,33,2,0,2,6,2,4,863,388,475
17,91,Medak,Medak,04,Tekmal,573219,0000,VILLAGE,Kusangi,Rural,427,2014,1006,1008,225,122,103,484,238,246,23,12,11,928,580,348,1086,426,660,1062,539,523,866,501,365,268,178,90,465,218,247,6,5,1,127,100,27,196,38,158,24,4,20,158,24,134,1,1,0,13,9,4,170,33,137,19,4,15,140,21,119,1,1,0,10,7,3,26,5,21,5,0,5,18,3,15,0,0,0,3,2,1,952,467,485
17,91,Medak,Medak,03,Alladurg,573220,0000,VILLAGE,Alladurg,Rural,2255,11018,5438,5580,1277,666,611,1516,698,818,1187,606,581,5325,3150,2175,5693,2288,3405,5229,2964,2265,3682,2255,1427,1257,920,337,1706,749,957,100,74,26,619,512,107,1547,709,838,124,62,62,1202,489,713,49,19,30,172,139,33,1291,571,720,119,58,61,1006,399,607,40,15,25,126,99,27,256,138,118,5,4,1,196,90,106,9,4,5,46,40,6,5789,2474,3315
17,91,Medak,Medak,03,Alladurg,573221,0000,VILLAGE,Appajipalle,Rural,425,2069,1018,1051,278,132,146,242,120,122,175,82,93,715,433,282,1354,585,769,1132,550,582,351,177,174,12,7,5,298,148,150,6,4,2,35,18,17,781,373,408,47,25,22,688,324,364,1,1,0,45,23,22,58,27,31,7,4,3,27,12,15,1,1,0,23,10,13,723,346,377,40,21,19,661,312,349,0,0,0,22,13,9,937,468,469
17,91,Medak,Medak,03,Alladurg,573222,0000,VILLAGE,Mupparam,Rural,342,1609,796,813,224,113,111,216,94,122,284,139,145,638,402,236,971,394,577,808,422,386,427,274,153,71,62,9,222,101,121,7,3,4,127,108,19,381,148,233,61,45,16,292,86,206,2,1,1,26,16,10,369,142,227,60,44,16,283,81,202,2,1,1,24,16,8,12,6,6,1,1,0,9,5,4,0,0,0,2,0,2,801,374,427
17,91,Medak,Medak,03,Alladurg,573223,0000,VILLAGE,Mahammadapur,Rural,391,1991,985,1006,299,166,133,604,298,306,301,147,154,784,475,309,1207,510,697,993,536,457,325,269,56,89,88,1,116,80,36,38,36,2,82,65,17,668,267,401,11,5,6,636,247,389,6,6,0,15,9,6,625,247,378,11,5,6,594,227,367,6,6,0,14,9,5,43,20,23,0,0,0,42,20,22,0,0,0,1,0,1,998,449,549
17,91,Medak,Medak,03,Alladurg,573224,0000,VILLAGE,Chilever,Rural,510,2533,1244,1289,308,154,154,674,326,348,15,6,9,1211,714,497,1322,530,792,1207,735,472,587,417,170,136,131,5,365,212,153,7,4,3,79,70,9,620,318,302,36,24,12,533,260,273,8,1,7,43,33,10,552,269,283,33,21,12,475,218,257,5,0,5,39,30,9,68,49,19,3,3,0,58,42,16,3,1,2,4,3,1,1326,509,817
17,91,Medak,Medak,03,Alladurg,573225,0000,VILLAGE,Muslapur,Rural,809,3596,1742,1854,428,215,213,756,369,387,243,127,116,1629,976,653,1967,766,1201,1741,961,780,1312,906,406,282,257,25,765,428,337,26,19,7,239,202,37,429,55,374,21,3,18,373,34,339,14,4,10,21,14,7,405,50,355,21,3,18,350,29,321,13,4,9,21,14,7,24,5,19,0,0,0,23,5,18,1,0,1,0,0,0,1855,781,1074
17,91,Medak,Medak,03,Alladurg,573226,0000,VILLAGE,Bhahirandibba,Rural,336,1503,761,742,193,95,98,505,243,262,0,0,0,629,399,230,874,362,512,795,442,353,780,434,346,103,75,28,634,321,313,1,1,0,42,37,5,15,8,7,0,0,0,15,8,7,0,0,0,0,0,0,15,8,7,0,0,0,15,8,7,0,0,0,0,0,0,0,0,0,0,0,0,0,0,0,0,0,0,0,0,0,708,319,389
17,91,Medak,Medak,03,Alladurg,573227,0000,VILLAGE,Chevella,Rural,336,1619,822,797,185,99,86,318,162,156,0,0,0,711,435,276,908,387,521,738,421,317,718,413,305,157,125,32,400,162,238,16,10,6,145,116,29,20,8,12,3,2,1,8,2,6,1,0,1,8,4,4,17,6,11,3,2,1,8,2,6,1,0,1,5,2,3,3,2,1,0,0,0,0,0,0,0,0,0,3,2,1,881,401,480
17,91,Medak,Medak,03,Alladurg,573235,0000,VILLAGE,Peddapur,Rural,1032,4851,2431,2420,607,300,307,1062,527,535,238,124,114,2200,1340,860,2651,1091,1560,2205,1306,899,1961,1224,737,400,287,113,1191,631,560,14,11,3,356,295,61,244,82,162,14,8,6,188,45,143,9,8,1,33,21,12,202,55,147,14,8,6,158,30,128,2,1,1,28,16,12,42,27,15,0,0,0,30,15,15,7,7,0,5,5,0,2646,1125,1521
17,91,Medak,Medak,02,Regode,573240,0000,VILLAGE,Pocharam,Rural,120,495,265,230,67,40,27,178,97,81,0,0,0,272,167,105,223,98,125,316,174,142,315,173,142,118,67,51,183,94,89,0,0,0,14,12,2,1,1,0,0,0,0,0,0,0,0,0,0,1,1,0,1,1,0,0,0,0,0,0,0,0,0,0,1,1,0,0,0,0,0,0,0,0,0,0,0,0,0,0,0,0,179,91,88
17,91,Medak,Medak,02,Regode,573241,0000,VILLAGE,Marpalle,Rural,369,1753,887,866,224,105,119,410,211,199,0,0,0,890,561,329,863,326,537,883,458,425,861,449,412,247,121,126,464,209,255,6,3,3,144,116,28,22,9,13,1,0,1,15,6,9,1,0,1,5,3,2,19,8,11,1,0,1,14,6,8,1,0,1,3,2,1,3,1,2,0,0,0,1,0,1,0,0,0,2,1,1,870,429,441
17,91,Medak,Medak,02,Regode,573242,0000,VILLAGE,Regode,Rural,794,3732,1928,1804,411,209,202,868,435,433,2,2,0,1945,1217,728,1787,711,1076,1636,993,643,1046,721,325,268,177,91,359,210,149,12,10,2,407,324,83,590,272,318,1,1,0,488,195,293,14,9,5,87,67,20,527,240,287,1,1,0,462,190,272,9,7,2,55,42,13,63,32,31,0,0,0,26,5,21,5,2,3,32,25,7,2096,935,1161
17,91,Medak,Medak,02,Regode,573243,0000,VILLAGE,Chowderpalle,Rural,181,978,499,479,133,66,67,128,68,60,65,38,27,392,243,149,586,256,330,614,308,306,609,306,303,168,90,78,430,210,220,5,3,2,6,3,3,5,2,3,0,0,0,3,1,2,0,0,0,2,1,1,5,2,3,0,0,0,3,1,2,0,0,0,2,1,1,0,0,0,0,0,0,0,0,0,0,0,0,0,0,0,364,191,173
17,91,Medak,Medak,02,Regode,573244,0000,VILLAGE,Kothwalpalle,Rural,318,1471,728,743,187,91,96,485,229,256,108,55,53,669,414,255,802,314,488,815,421,394,668,355,313,129,87,42,270,139,131,2,1,1,267,128,139,147,66,81,4,2,2,105,50,55,10,2,8,28,12,16,119,57,62,3,1,2,86,43,43,6,2,4,24,11,13,28,9,19,1,1,0,19,7,12,4,0,4,4,1,3,656,307,349
17,91,Medak,Medak,02,Regode,573245,0000,VILLAGE,Timmapur,Rural,111,573,295,278,101,52,49,127,65,62,0,0,0,157,110,47,416,185,231,350,170,180,235,119,116,65,38,27,145,72,73,2,2,0,23,7,16,115,51,64,6,2,4,72,28,44,1,1,0,36,20,16,111,49,62,6,2,4,72,28,44,1,1,0,32,18,14,4,2,2,0,0,0,0,0,0,0,0,0,4,2,2,223,125,98
17,91,Medak,Medak,02,Regode,573246,0000,VILLAGE,Venkatapur [Maktha],Rural,136,585,298,287,58,24,34,0,0,0,0,0,0,191,136,55,394,162,232,337,187,150,159,136,23,89,84,5,28,18,10,0,0,0,42,34,8,178,51,127,0,0,0,165,42,123,0,0,0,13,9,4,178,51,127,0,0,0,165,42,123,0,0,0,13,9,4,0,0,0,0,0,0,0,0,0,0,0,0,0,0,0,248,111,137
17,91,Medak,Medak,02,Regode,573247,0000,VILLAGE,Jangriyal,Rural,191,1020,521,499,96,51,45,207,106,101,0,0,0,545,321,224,475,200,275,618,319,299,605,311,294,250,134,116,297,129,168,1,0,1,57,48,9,13,8,5,3,2,1,8,4,4,0,0,0,2,2,0,13,8,5,3,2,1,8,4,4,0,0,0,2,2,0,0,0,0,0,0,0,0,0,0,0,0,0,0,0,0,402,202,200
17,91,Medak,Medak,02,Regode,573248,0000,VILLAGE,R_ Itikyal,Rural,314,1529,768,761,200,101,99,500,242,258,7,4,3,658,389,269,871,379,492,796,425,371,421,262,159,83,73,10,252,118,134,6,5,1,80,66,14,375,163,212,5,2,3,328,129,199,1,1,0,41,31,10,374,162,212,5,2,3,327,128,199,1,1,0,41,31,10,1,1,0,0,0,0,1,1,0,0,0,0,0,0,0,733,343,390
17,91,Medak,Medak,02,Regode,573251,0000,VILLAGE,Dosapalle,Rural,435,2251,1141,1110,341,183,158,119,70,49,1190,607,583,828,528,300,1423,613,810,1114,577,537,886,514,372,250,183,67,507,250,257,14,10,4,115,71,44,228,63,165,3,2,1,204,53,151,16,6,10,5,2,3,220,59,161,3,2,1,202,52,150,12,4,8,3,1,2,8,4,4,0,0,0,2,1,1,4,2,2,2,1,1,1137,564,573
17,91,Medak,Medak,02,Regode,573252,0000,VILLAGE,Kondapur,Rural,177,822,415,407,130,68,62,234,113,121,0,0,0,350,225,125,472,190,282,415,225,190,14,11,3,2,1,1,1,1,0,0,0,0,11,9,2,401,214,187,68,54,14,275,109,166,7,5,2,51,46,5,182,146,36,56,51,5,81,53,28,6,5,1,39,37,2,219,68,151,12,3,9,194,56,138,1,0,1,12,9,3,407,190,217
17,91,Medak,Medak,02,Regode,573253,0000,VILLAGE,Burhanwadi,Rural,65,332,173,159,54,35,19,0,0,0,325,170,155,115,75,40,217,98,119,165,74,91,164,74,90,38,17,21,120,53,67,0,0,0,6,4,2,1,0,1,0,0,0,1,0,1,0,0,0,0,0,0,1,0,1,0,0,0,1,0,1,0,0,0,0,0,0,0,0,0,0,0,0,0,0,0,0,0,0,0,0,0,167,99,68
17,91,Medak,Medak,02,Regode,573254,0000,VILLAGE,Pyararam,Rural,226,1077,567,510,104,51,53,397,214,183,0,0,0,464,286,178,613,281,332,751,398,353,437,225,212,190,164,26,198,35,163,14,9,5,35,17,18,314,173,141,73,62,11,129,46,83,20,12,8,92,53,39,313,173,140,73,62,11,129,46,83,20,12,8,91,53,38,1,0,1,0,0,0,0,0,0,0,0,0,1,0,1,326,169,157
17,91,Medak,Medak,02,Regode,573255,0000,VILLAGE,Lingampalle,Rural,300,1412,688,724,141,69,72,439,204,235,0,0,0,752,447,305,660,241,419,687,384,303,644,366,278,219,128,91,373,193,180,4,2,2,48,43,5,43,18,25,3,1,2,25,8,17,5,2,3,10,7,3,36,16,20,3,1,2,20,7,13,5,2,3,8,6,2,7,2,5,0,0,0,5,1,4,0,0,0,2,1,1,725,304,421
17,91,Medak,Medak,02,Regode,573256,0000,VILLAGE,Sindole,Rural,281,1424,738,686,186,104,82,345,189,156,0,0,0,668,397,271,756,341,415,743,410,333,736,405,331,196,161,35,521,230,291,4,4,0,15,10,5,7,5,2,2,2,0,3,1,2,0,0,0,2,2,0,7,5,2,2,2,0,3,1,2,0,0,0,2,2,0,0,0,0,0,0,0,0,0,0,0,0,0,0,0,0,681,328,353
17,91,Medak,Medak,02,Regode,573257,0000,VILLAGE,Tatpalle,Rural,157,776,389,387,96,47,49,289,149,140,0,0,0,344,209,135,432,180,252,412,203,209,254,128,126,82,41,41,167,85,82,0,0,0,5,2,3,158,75,83,2,1,1,154,73,81,0,0,0,2,1,1,158,75,83,2,1,1,154,73,81,0,0,0,2,1,1,0,0,0,0,0,0,0,0,0,0,0,0,0,0,0,364,186,178
17,91,Medak,Medak,02,Regode,573258,0000,VILLAGE,Gojwada,Rural,506,2303,1154,1149,180,91,89,625,306,319,131,65,66,1034,611,423,1269,543,726,1214,616,598,1174,601,573,371,269,102,736,276,460,2,2,0,65,54,11,40,15,25,7,6,1,24,8,16,1,1,0,8,0,8,33,12,21,5,4,1,23,7,16,1,1,0,4,0,4,7,3,4,2,2,0,1,1,0,0,0,0,4,0,4,1089,538,551
17,92,Narsapur,Medak,14,Chilipched,573525,0000,VILLAGE,Chitkul,Rural,708,3362,1543,1819,391,196,195,563,248,315,850,365,485,1616,884,732,1746,659,1087,1669,868,801,1079,610,469,214,183,31,724,317,407,3,2,1,138,108,30,590,258,332,89,29,60,439,183,256,6,2,4,56,44,12,570,252,318,83,28,55,430,181,249,6,2,4,51,41,10,20,6,14,6,1,5,9,2,7,0,0,0,5,3,2,1693,675,1018
17,92,Narsapur,Medak,15,Kowdipalle,573526,0000,VILLAGE,Bujarampet,Rural,537,2409,1195,1214,322,168,154,206,101,105,748,375,373,936,569,367,1473,626,847,1376,680,696,1285,648,637,419,275,144,765,311,454,21,20,1,80,42,38,91,32,59,4,0,4,77,29,48,2,0,2,8,3,5,52,13,39,3,0,3,43,12,31,0,0,0,6,1,5,39,19,20,1,0,1,34,17,17,2,0,2,2,2,0,1033,515,518
17,92,Narsapur,Medak,15,Kowdipalle,573527,0000,VILLAGE,Venkatapur(A),Rural,144,605,295,310,80,41,39,141,70,71,0,0,0,231,140,91,374,155,219,191,169,22,190,168,22,137,132,5,45,30,15,0,0,0,8,6,2,1,1,0,0,0,0,1,1,0,0,0,0,0,0,0,1,1,0,0,0,0,1,1,0,0,0,0,0,0,0,0,0,0,0,0,0,0,0,0,0,0,0,0,0,0,414,126,288
17,92,Narsapur,Medak,15,Kowdipalle,573528,0000,VILLAGE,Kukatpalle,Rural,318,1348,642,706,152,79,73,300,145,155,1,1,0,509,280,229,839,362,477,742,382,360,512,271,241,393,204,189,42,19,23,9,4,5,68,44,24,230,111,119,59,58,1,152,43,109,16,7,9,3,3,0,29,12,17,4,3,1,19,4,15,5,4,1,1,1,0,201,99,102,55,55,0,133,39,94,11,3,8,2,2,0,606,260,346
17,92,Narsapur,Medak,15,Kowdipalle,573529,0000,VILLAGE,Devalpalle,Rural,337,1472,733,739,176,98,78,298,135,163,268,142,126,658,395,263,814,338,476,721,368,353,313,161,152,112,110,2,166,30,136,1,1,0,34,20,14,408,207,201,11,7,4,371,185,186,11,4,7,15,11,4,321,165,156,8,6,2,289,146,143,10,3,7,14,10,4,87,42,45,3,1,2,82,39,43,1,1,0,1,1,0,751,365,386
17,92,Narsapur,Medak,15,Kowdipalle,573530,0000,VILLAGE,Kowdipalle,Rural,893,4042,1936,2106,486,230,256,720,322,398,564,234,330,2154,1214,940,1888,722,1166,1729,940,789,1177,719,458,361,229,132,360,168,192,42,26,16,414,296,118,552,221,331,19,10,9,439,143,296,7,2,5,87,66,21,542,215,327,19,10,9,433,140,293,7,2,5,83,63,20,10,6,4,0,0,0,6,3,3,0,0,0,4,3,1,2313,996,1317
17,92,Narsapur,Medak,15,Kowdipalle,573531,0000,VILLAGE,Yelmakanna,Rural,1012,4729,2374,2355,555,277,278,632,343,289,582,305,277,2219,1365,854,2510,1009,1501,2295,1186,1109,2008,1085,923,813,605,208,995,334,661,30,21,9,170,125,45,287,101,186,14,9,5,246,75,171,3,1,2,24,16,8,260,88,172,11,6,5,235,71,164,1,1,0,13,10,3,27,13,14,3,3,0,11,4,7,2,0,2,11,6,5,2434,1188,1246
17,92,Narsapur,Medak,15,Kowdipalle,573532,0000,VILLAGE,Kanchanpalle,Rural,434,1936,970,966,194,108,86,268,126,142,99,53,46,929,552,377,1007,418,589,908,543,365,770,484,286,239,189,50,418,193,225,2,2,0,111,100,11,138,59,79,8,2,6,93,27,66,1,0,1,36,30,6,102,46,56,8,2,6,63,18,45,1,0,1,30,26,4,36,13,23,0,0,0,30,9,21,0,0,0,6,4,2,1028,427,601
17,92,Narsapur,Medak,15,Kowdipalle,573533,0000,VILLAGE,Dharmasagar,Rural,135,582,282,300,64,34,30,130,64,66,39,18,21,315,175,140,267,107,160,337,162,175,27,16,11,1,1,0,25,15,10,1,0,1,0,0,0,310,146,164,0,0,0,310,146,164,0,0,0,0,0,0,310,146,164,0,0,0,310,146,164,0,0,0,0,0,0,0,0,0,0,0,0,0,0,0,0,0,0,0,0,0,245,120,125
17,92,Narsapur,Medak,15,Kowdipalle,573534,0000,VILLAGE,Kannavaram,Rural,225,1023,505,518,131,72,59,153,76,77,423,214,209,432,268,164,591,237,354,539,271,268,534,268,266,247,123,124,228,101,127,1,1,0,58,43,15,5,3,2,0,0,0,0,0,0,0,0,0,5,3,2,4,3,1,0,0,0,0,0,0,0,0,0,4,3,1,1,0,1,0,0,0,0,0,0,0,0,0,1,0,1,484,234,250
17,92,Narsapur,Medak,15,Kowdipalle,573535,0000,VILLAGE,Lingaraoguda,Rural,40,185,98,87,23,12,11,0,0,0,17,8,9,62,42,20,123,56,67,93,52,41,92,51,41,67,37,30,22,11,11,0,0,0,3,3,0,1,1,0,0,0,0,1,1,0,0,0,0,0,0,0,1,1,0,0,0,0,1,1,0,0,0,0,0,0,0,0,0,0,0,0,0,0,0,0,0,0,0,0,0,0,92,46,46
17,92,Narsapur,Medak,15,Kowdipalle,573536,0000,VILLAGE,Dasguda,Rural,30,180,90,90,27,15,12,0,0,0,0,0,0,71,43,28,109,47,62,83,42,41,83,42,41,78,41,37,5,1,4,0,0,0,0,0,0,0,0,0,0,0,0,0,0,0,0,0,0,0,0,0,0,0,0,0,0,0,0,0,0,0,0,0,0,0,0,0,0,0,0,0,0,0,0,0,0,0,0,0,0,0,97,48,49
17,92,Narsapur,Medak,14,Chilipched,573537,0000,VILLAGE,Ramdasguda,Rural,100,411,204,207,47,25,22,7,3,4,18,9,9,166,107,59,245,97,148,201,103,98,200,103,97,85,83,2,102,8,94,1,1,0,12,11,1,1,0,1,0,0,0,0,0,0,0,0,0,1,0,1,1,0,1,0,0,0,0,0,0,0,0,0,1,0,1,0,0,0,0,0,0,0,0,0,0,0,0,0,0,0,210,101,109
17,92,Narsapur,Medak,14,Chilipched,573538,0000,VILLAGE,Gouthapur,Rural,439,2116,1028,1088,260,129,131,234,119,115,1000,494,506,920,551,369,1196,477,719,1037,515,522,1022,510,512,469,252,217,467,197,270,4,3,1,82,58,24,15,5,10,2,1,1,8,1,7,0,0,0,5,3,2,12,4,8,2,1,1,7,1,6,0,0,0,3,2,1,3,1,2,0,0,0,1,0,1,0,0,0,2,1,1,1079,513,566
17,92,Narsapur,Medak,14,Chilipched,573540,0000,VILLAGE,Chandur,Rural,531,2053,996,1057,217,119,98,340,149,191,228,106,122,968,565,403,1085,431,654,944,507,437,608,345,263,318,200,118,230,97,133,7,6,1,53,42,11,336,162,174,29,23,6,283,121,162,4,2,2,20,16,4,335,161,174,29,23,6,283,121,162,4,2,2,19,15,4,1,1,0,0,0,0,0,0,0,0,0,0,1,1,0,1109,489,620
17,92,Narsapur,Medak,14,Chilipched,573541,0000,VILLAGE,Chilipched,Rural,522,2305,1131,1174,276,146,130,410,199,211,41,20,21,1146,686,460,1159,445,714,1151,634,517,1123,620,503,373,291,82,623,219,404,8,6,2,119,104,15,28,14,14,0,0,0,5,3,2,0,0,0,23,11,12,7,4,3,0,0,0,5,3,2,0,0,0,2,1,1,21,10,11,0,0,0,0,0,0,0,0,0,21,10,11,1154,497,657
17,92,Narsapur,Medak,14,Chilipched,573542,0000,VILLAGE,Somakkapet,Rural,409,1946,970,976,215,117,98,227,104,123,750,393,357,827,519,308,1119,451,668,1000,485,515,740,366,374,510,257,253,194,82,112,5,3,2,31,24,7,260,119,141,3,1,2,251,113,138,0,0,0,6,5,1,260,119,141,3,1,2,251,113,138,0,0,0,6,5,1,0,0,0,0,0,0,0,0,0,0,0,0,0,0,0,946,485,461
17,92,Narsapur,Medak,15,Kowdipalle,573543,0000,VILLAGE,Seri Faizabad,Rural,92,425,217,208,54,31,23,0,0,0,1,0,1,184,112,72,241,105,136,247,130,117,246,130,116,145,79,66,61,24,37,7,5,2,33,22,11,1,0,1,0,0,0,1,0,1,0,0,0,0,0,0,1,0,1,0,0,0,1,0,1,0,0,0,0,0,0,0,0,0,0,0,0,0,0,0,0,0,0,0,0,0,178,87,91
17,92,Narsapur,Medak,14,Chilipched,573544,0000,VILLAGE,Faizabad,Rural,332,1474,741,733,177,95,82,429,212,217,276,151,125,627,394,233,847,347,500,872,458,414,484,274,210,167,98,69,209,104,105,22,14,8,86,58,28,388,184,204,53,33,20,261,122,139,37,12,25,37,17,20,335,159,176,48,31,17,230,107,123,27,7,20,30,14,16,53,25,28,5,2,3,31,15,16,10,5,5,7,3,4,602,283,319
17,92,Narsapur,Medak,14,Chilipched,573545,0000,VILLAGE,Banda Pothugal,Rural,219,1100,523,577,153,80,73,337,160,177,0,0,0,521,299,222,579,224,355,500,290,210,493,286,207,135,91,44,294,140,154,3,1,2,61,54,7,7,4,3,0,0,0,1,0,1,0,0,0,6,4,2,5,2,3,0,0,0,1,0,1,0,0,0,4,2,2,2,2,0,0,0,0,0,0,0,0,0,0,2,2,0,600,233,367
17,92,Narsapur,Medak,14,Chilipched,573546,0000,VILLAGE,Ajjamarri,Rural,286,1453,714,739,192,98,94,387,179,208,0,0,0,641,387,254,812,327,485,830,407,423,467,238,229,260,141,119,166,69,97,28,20,8,13,8,5,363,169,194,113,58,55,233,104,129,12,4,8,5,3,2,357,167,190,113,58,55,228,102,126,12,4,8,4,3,1,6,2,4,0,0,0,5,2,3,0,0,0,1,0,1,623,307,316
17,92,Narsapur,Medak,14,Chilipched,573547,0000,VILLAGE,Gangavaram,Rural,236,1124,575,549,176,93,83,429,223,206,30,15,15,421,258,163,703,317,386,599,309,290,546,285,261,118,90,28,397,171,226,1,1,0,30,23,7,53,24,29,4,3,1,31,8,23,0,0,0,18,13,5,27,13,14,4,3,1,16,5,11,0,0,0,7,5,2,26,11,15,0,0,0,15,3,12,0,0,0,11,8,3,525,266,259
17,92,Narsapur,Medak,14,Chilipched,573548,0000,VILLAGE,Jaggampet,Rural,279,1274,629,645,144,73,71,179,83,96,75,36,39,549,327,222,725,302,423,625,347,278,600,339,261,218,154,64,302,126,176,21,11,10,59,48,11,25,8,17,3,2,1,18,2,16,0,0,0,4,4,0,25,8,17,3,2,1,18,2,16,0,0,0,4,4,0,0,0,0,0,0,0,0,0,0,0,0,0,0,0,0,649,282,367
17,92,Narsapur,Medak,14,Chilipched,573549,0000,VILLAGE,Rahimguda,Rural,130,525,267,258,50,23,27,84,40,44,324,168,156,249,155,94,276,112,164,312,143,169,279,133,146,123,63,60,152,67,85,0,0,0,4,3,1,33,10,23,2,0,2,30,10,20,0,0,0,1,0,1,25,10,15,1,0,1,23,10,13,0,0,0,1,0,1,8,0,8,1,0,1,7,0,7,0,0,0,0,0,0,213,124,89
17,92,Narsapur,Medak,15,Kowdipalle,573550,0000,VILLAGE,Salabatpur,Rural,508,2473,1271,1202,383,200,183,117,62,55,1274,679,595,888,587,301,1585,684,901,1275,671,604,1082,582,500,446,247,199,515,241,274,1,0,1,120,94,26,193,89,104,4,4,0,179,78,101,0,0,0,10,7,3,190,87,103,2,2,0,178,78,100,0,0,0,10,7,3,3,2,1,2,2,0,1,0,1,0,0,0,0,0,0,1198,600,598
17,92,Narsapur,Medak,14,Chilipched,573551,0000,VILLAGE,Antharam,Rural,218,1041,543,498,137,78,59,23,13,10,352,189,163,419,274,145,622,269,353,539,286,253,82,47,35,48,26,22,15,7,8,3,3,0,16,11,5,457,239,218,6,6,0,437,221,216,6,5,1,8,7,1,453,235,218,6,6,0,437,221,216,3,2,1,7,6,1,4,4,0,0,0,0,0,0,0,3,3,0,1,1,0,502,257,245
17,92,Narsapur,Medak,15,Kowdipalle,573552,0000,VILLAGE,Mohammednagar (Munirai),Rural,487,2301,1118,1183,346,169,177,174,88,86,842,409,433,1063,614,449,1238,504,734,1133,609,524,834,467,367,368,223,145,397,190,207,4,3,1,65,51,14,299,142,157,22,13,9,263,121,142,8,4,4,6,4,2,70,20,50,18,10,8,44,6,38,3,1,2,5,3,2,229,122,107,4,3,1,219,115,104,5,3,2,1,1,0,1168,509,659
17,92,Narsapur,Medak,15,Kowdipalle,573553,0000,VILLAGE,Thimmapur,Rural,378,1840,920,920,249,120,129,147,73,74,558,275,283,886,540,346,954,380,574,943,495,448,917,481,436,336,170,166,470,215,255,3,3,0,108,93,15,26,14,12,1,1,0,14,6,8,3,3,0,8,4,4,18,9,9,0,0,0,10,4,6,3,3,0,5,2,3,8,5,3,1,1,0,4,2,2,0,0,0,3,2,1,897,425,472
17,92,Narsapur,Medak,15,Kowdipalle,573554,0000,VILLAGE,Nagasanpalle,Rural,148,754,374,380,102,52,50,53,30,23,0,0,0,373,218,155,381,156,225,393,203,190,373,194,179,115,72,43,234,101,133,10,9,1,14,12,2,20,9,11,4,3,1,12,2,10,0,0,0,4,4,0,20,9,11,4,3,1,12,2,10,0,0,0,4,4,0,0,0,0,0,0,0,0,0,0,0,0,0,0,0,0,361,171,190
17,92,Narsapur,Medak,15,Kowdipalle,573555,0000,VILLAGE,Rajilapur,Rural,588,2785,1435,1350,329,177,152,356,178,178,314,167,147,1326,823,503,1459,612,847,1450,765,685,1357,713,644,466,248,218,709,330,379,10,8,2,172,127,45,93,52,41,4,1,3,43,17,26,0,0,0,46,34,12,93,52,41,4,1,3,43,17,26,0,0,0,46,34,12,0,0,0,0,0,0,0,0,0,0,0,0,0,0,0,1335,670,665
17,92,Narsapur,Medak,15,Kowdipalle,573556,0000,VILLAGE,Thunki,Rural,511,2490,1228,1262,356,192,164,444,210,234,610,319,291,945,557,388,1545,671,874,1330,664,666,1323,658,665,644,350,294,505,192,313,8,5,3,166,111,55,7,6,1,3,2,1,0,0,0,0,0,0,4,4,0,7,6,1,3,2,1,0,0,0,0,0,0,4,4,0,0,0,0,0,0,0,0,0,0,0,0,0,0,0,0,1160,564,596
17,92,Narsapur,Medak,15,Kowdipalle,573557,0000,VILLAGE,Mutrajpalle,Rural,310,1502,745,757,177,77,100,127,63,64,396,193,203,805,489,316,697,256,441,784,408,376,713,378,335,351,191,160,215,74,141,5,3,2,142,110,32,71,30,41,0,0,0,51,17,34,7,4,3,13,9,4,57,21,36,0,0,0,42,12,30,4,2,2,11,7,4,14,9,5,0,0,0,9,5,4,3,2,1,2,2,0,718,337,381
17,92,Narsapur,Medak,15,Kowdipalle,573558,0000,VILLAGE,Rajpet,Rural,321,1461,758,703,156,86,70,142,80,62,392,212,180,699,438,261,762,320,442,805,415,390,791,409,382,213,110,103,522,259,263,2,2,0,54,38,16,14,6,8,0,0,0,2,0,2,0,0,0,12,6,6,13,5,8,0,0,0,2,0,2,0,0,0,11,5,6,1,1,0,0,0,0,0,0,0,0,0,0,1,1,0,656,343,313
17,92,Narsapur,Medak,15,Kowdipalle,573559,0000,VILLAGE,Venkatapur(B),Rural,164,792,392,400,96,42,54,132,66,66,0,0,0,424,261,163,368,131,237,429,211,218,398,195,203,157,112,45,220,68,152,0,0,0,21,15,6,31,16,15,3,3,0,13,5,8,1,1,0,14,7,7,29,15,14,3,3,0,13,5,8,1,1,0,12,6,6,2,1,1,0,0,0,0,0,0,0,0,0,2,1,1,363,181,182
17,93,Tupran,Medak,18,Yeldurthy,573560,0000,VILLAGE,Damarancha,Rural,308,1504,716,788,159,80,79,159,70,89,0,0,0,723,420,303,781,296,485,904,440,464,827,408,419,677,337,340,88,35,53,3,0,3,59,36,23,77,32,45,17,8,9,48,18,30,1,1,0,11,5,6,75,30,45,15,6,9,48,18,30,1,1,0,11,5,6,2,2,0,2,2,0,0,0,0,0,0,0,0,0,0,600,276,324
17,93,Tupran,Medak,18,Yeldurthy,573561,0000,VILLAGE,Settipalle Kalan,Rural,368,1797,877,920,217,111,106,160,72,88,35,13,22,879,514,365,918,363,555,899,501,398,876,491,385,406,261,145,335,146,189,34,10,24,101,74,27,23,10,13,1,1,0,18,6,12,0,0,0,4,3,1,21,8,13,1,1,0,17,5,12,0,0,0,3,2,1,2,2,0,0,0,0,1,1,0,0,0,0,1,1,0,898,376,522
17,93,Tupran,Medak,18,Yeldurthy,573562,0000,VILLAGE,Bandaposanpalle,Rural,597,2784,1353,1431,332,180,152,836,406,430,0,0,0,1255,744,511,1529,609,920,1451,755,696,1141,658,483,383,239,144,527,246,281,14,5,9,217,168,49,310,97,213,10,3,7,244,67,177,21,6,15,35,21,14,291,95,196,10,3,7,239,66,173,14,6,8,28,20,8,19,2,17,0,0,0,5,1,4,7,0,7,7,1,6,1333,598,735
17,93,Tupran,Medak,18,Yeldurthy,573563,0000,VILLAGE,Edulapalle,Rural,190,851,415,436,110,56,54,201,101,100,46,24,22,381,218,163,470,197,273,401,245,156,390,240,150,232,162,70,124,49,75,0,0,0,34,29,5,11,5,6,1,0,1,6,2,4,0,0,0,4,3,1,10,4,6,1,0,1,6,2,4,0,0,0,3,2,1,1,1,0,0,0,0,0,0,0,0,0,0,1,1,0,450,170,280
17,93,Tupran,Medak,18,Yeldurthy,573564,0000,VILLAGE,Uppulingapur,Rural,347,1586,774,812,189,99,90,345,159,186,235,118,117,676,391,285,910,383,527,790,442,348,751,434,317,341,263,78,329,107,222,2,0,2,79,64,15,39,8,31,0,0,0,35,6,29,0,0,0,4,2,2,37,7,30,0,0,0,34,5,29,0,0,0,3,2,1,2,1,1,0,0,0,1,1,0,0,0,0,1,0,1,796,332,464
17,93,Tupran,Medak,18,Yeldurthy,573565,0000,VILLAGE,Kuknoor,Rural,711,3212,1560,1652,378,179,199,823,397,426,42,23,19,1495,895,600,1717,665,1052,1678,897,781,1625,876,749,500,304,196,726,309,417,42,4,38,357,259,98,53,21,32,15,3,12,14,3,11,2,0,2,22,15,7,47,17,30,13,3,10,12,1,11,2,0,2,20,13,7,6,4,2,2,0,2,2,2,0,0,0,0,2,2,0,1534,663,871
17,93,Tupran,Medak,18,Yeldurthy,573566,0000,VILLAGE,Dharmaram,Rural,203,892,436,456,100,50,50,214,105,109,6,1,5,432,262,170,460,174,286,457,247,210,445,242,203,273,148,125,78,31,47,0,0,0,94,63,31,12,5,7,1,0,1,0,0,0,0,0,0,11,5,6,8,3,5,1,0,1,0,0,0,0,0,0,7,3,4,4,2,2,0,0,0,0,0,0,0,0,0,4,2,2,435,189,246
17,93,Tupran,Medak,18,Yeldurthy,573567,0000,VILLAGE,Andugulapalle,Rural,367,1441,735,706,166,89,77,168,85,83,365,190,175,709,446,263,732,289,443,855,414,441,491,246,245,267,137,130,155,69,86,9,4,5,60,36,24,364,168,196,24,12,12,305,142,163,0,0,0,35,14,21,361,167,194,24,12,12,305,142,163,0,0,0,32,13,19,3,1,2,0,0,0,0,0,0,0,0,0,3,1,2,586,321,265
17,93,Tupran,Medak,18,Yeldurthy,573568,0000,VILLAGE,Manepalle,Rural,580,2477,1234,1243,279,161,118,156,77,79,6,2,4,1091,667,424,1386,567,819,1301,704,597,615,428,187,516,360,156,38,19,19,17,12,5,44,37,7,686,276,410,376,192,184,237,47,190,28,9,19,45,28,17,498,197,301,265,140,125,183,27,156,16,9,7,34,21,13,188,79,109,111,52,59,54,20,34,12,0,12,11,7,4,1176,530,646
17,93,Tupran,Medak,18,Yeldurthy,573569,0000,VILLAGE,Mangalparthy,Rural,395,1758,839,919,173,89,84,232,114,118,137,75,62,899,503,396,859,336,523,859,467,392,647,373,274,304,190,114,268,120,148,20,19,1,55,44,11,212,94,118,46,23,23,139,60,79,7,2,5,20,9,11,195,84,111,41,18,23,129,56,73,5,1,4,20,9,11,17,10,7,5,5,0,10,4,6,2,1,1,0,0,0,899,372,527
17,93,Tupran,Medak,18,Yeldurthy,573570,0000,VILLAGE,Mannevar Jalalpur,Rural,350,1659,817,842,199,103,96,200,100,100,160,80,80,766,480,286,893,337,556,852,440,412,289,166,123,37,34,3,241,122,119,0,0,0,11,10,1,563,274,289,86,42,44,447,205,242,2,2,0,28,25,3,401,243,158,56,37,19,322,185,137,1,1,0,22,20,2,162,31,131,30,5,25,125,20,105,1,1,0,6,5,1,807,377,430
17,93,Tupran,Medak,18,Yeldurthy,573571,0000,VILLAGE,Esvantharaopet,Rural,284,1235,594,641,133,63,70,192,97,95,81,43,38,512,294,218,723,300,423,641,315,326,510,283,227,424,221,203,56,36,20,0,0,0,30,26,4,131,32,99,25,13,12,101,19,82,0,0,0,5,0,5,123,31,92,24,12,12,94,19,75,0,0,0,5,0,5,8,1,7,1,1,0,7,0,7,0,0,0,0,0,0,594,279,315
17,93,Tupran,Medak,18,Yeldurthy,573572,0000,VILLAGE,Yeldurthy,Rural,1717,7713,3858,3855,956,499,457,1600,803,797,213,112,101,3716,2249,1467,3997,1609,2388,3832,2120,1712,3468,1944,1524,1372,814,558,1300,518,782,40,25,15,756,587,169,364,176,188,6,3,3,310,144,166,10,1,9,38,28,10,279,142,137,3,3,0,230,110,120,9,1,8,37,28,9,85,34,51,3,0,3,80,34,46,1,0,1,1,0,1,3881,1738,2143
17,93,Tupran,Medak,18,Yeldurthy,573573,0000,VILLAGE,Peddapur,Rural,70,316,143,173,36,15,21,212,100,112,9,6,3,109,62,47,207,81,126,188,90,98,177,88,89,145,72,73,13,6,7,1,1,0,18,9,9,11,2,9,0,0,0,8,1,7,1,1,0,2,0,2,11,2,9,0,0,0,8,1,7,1,1,0,2,0,2,0,0,0,0,0,0,0,0,0,0,0,0,0,0,0,128,53,75
17,93,Tupran,Medak,18,Yeldurthy,573574,0000,VILLAGE,Mellor,Rural,188,826,400,426,76,40,36,207,96,111,11,5,6,385,219,166,441,181,260,506,264,242,480,259,221,402,218,184,24,2,22,7,5,2,47,34,13,26,5,21,5,0,5,20,4,16,0,0,0,1,1,0,26,5,21,5,0,5,20,4,16,0,0,0,1,1,0,0,0,0,0,0,0,0,0,0,0,0,0,0,0,0,320,136,184
17,93,Tupran,Medak,21,Masaipet,573575,0000,VILLAGE,Achampet,Rural,228,1010,498,512,129,70,59,355,173,182,0,0,0,468,270,198,542,228,314,515,278,237,466,252,214,90,59,31,329,170,159,22,3,19,25,20,5,49,26,23,2,1,1,39,20,19,0,0,0,8,5,3,49,26,23,2,1,1,39,20,19,0,0,0,8,5,3,0,0,0,0,0,0,0,0,0,0,0,0,0,0,0,495,220,275
17,93,Tupran,Medak,21,Masaipet,573576,0000,VILLAGE,Hakimpet,Rural,108,475,245,230,31,18,13,157,82,75,0,0,0,292,169,123,183,76,107,237,141,96,221,132,89,94,61,33,101,52,49,3,1,2,23,18,5,16,9,7,1,0,1,10,5,5,0,0,0,5,4,1,16,9,7,1,0,1,10,5,5,0,0,0,5,4,1,0,0,0,0,0,0,0,0,0,0,0,0,0,0,0,238,104,134
17,93,Tupran,Medak,21,Masaipet,573577,0000,VILLAGE,Ramanthapur,Rural,279,1234,611,623,182,101,81,87,39,48,539,273,266,514,308,206,720,303,417,658,319,339,646,318,328,304,151,153,286,141,145,4,1,3,52,25,27,12,1,11,6,0,6,5,1,4,1,0,1,0,0,0,7,1,6,6,0,6,1,1,0,0,0,0,0,0,0,5,0,5,0,0,0,4,0,4,1,0,1,0,0,0,576,292,284
17,93,Tupran,Medak,21,Masaipet,573578,0000,VILLAGE,Lingareddipalle,Rural,37,176,80,96,12,5,7,103,47,56,0,0,0,100,55,45,76,25,51,98,51,47,97,51,46,59,32,27,37,19,18,0,0,0,1,0,1,1,0,1,1,0,1,0,0,0,0,0,0,0,0,0,1,0,1,1,0,1,0,0,0,0,0,0,0,0,0,0,0,0,0,0,0,0,0,0,0,0,0,0,0,0,78,29,49
17,93,Tupran,Medak,21,Masaipet,573579,0000,VILLAGE,Masaipet,Rural,1458,6146,3065,3081,735,364,371,1353,663,690,84,48,36,3149,1896,1253,2997,1169,1828,2900,1700,1200,1743,1225,518,553,460,93,445,230,215,75,13,62,670,522,148,1157,475,682,15,6,9,827,269,558,31,1,30,284,199,85,696,271,425,14,6,8,477,138,339,29,1,28,176,126,50,461,204,257,1,0,1,350,131,219,2,0,2,108,73,35,3246,1365,1881
17,93,Tupran,Medak,21,Masaipet,573580,0000,VILLAGE,Koppulapalle,Rural,366,1615,794,821,200,94,106,249,106,143,149,77,72,719,437,282,896,357,539,796,422,374,734,393,341,605,304,301,50,26,24,17,10,7,62,53,9,62,29,33,4,0,4,32,11,21,8,4,4,18,14,4,25,11,14,4,0,4,7,2,5,5,2,3,9,7,2,37,18,19,0,0,0,25,9,16,3,2,1,9,7,2,819,372,447
17,93,Tupran,Medak,18,Yeldurthy,573581,0000,VILLAGE,Hastalpur,Rural,365,1602,798,804,286,145,141,257,129,128,318,163,155,622,379,243,980,419,561,824,422,402,786,404,382,346,214,132,395,160,235,16,7,9,29,23,6,38,18,20,0,0,0,17,9,8,8,4,4,13,5,8,31,13,18,0,0,0,15,7,8,3,1,2,13,5,8,7,5,2,0,0,0,2,2,0,5,3,2,0,0,0,778,376,402
17,93,Tupran,Medak,19,Tupran,573582,0000,VILLAGE,Vattur,Rural,78,410,215,195,56,36,20,39,22,17,12,8,4,223,132,91,187,83,104,209,121,88,200,113,87,78,47,31,96,46,50,0,0,0,26,20,6,9,8,1,4,4,0,3,2,1,0,0,0,2,2,0,9,8,1,4,4,0,3,2,1,0,0,0,2,2,0,0,0,0,0,0,0,0,0,0,0,0,0,0,0,0,201,94,107
17,93,Tupran,Medak,19,Tupran,573583,0000,VILLAGE,Jhandapalle,Rural,65,284,148,136,35,19,16,51,23,28,8,4,4,154,101,53,130,47,83,128,76,52,123,74,49,59,45,14,62,27,35,0,0,0,2,2,0,5,2,3,3,1,2,2,1,1,0,0,0,0,0,0,5,2,3,3,1,2,2,1,1,0,0,0,0,0,0,0,0,0,0,0,0,0,0,0,0,0,0,0,0,0,156,72,84
17,93,Tupran,Medak,19,Tupran,573584,0000,VILLAGE,Nagulapalle,Rural,281,1206,589,617,150,83,67,247,118,129,13,4,9,664,384,280,542,205,337,595,340,255,326,228,98,93,89,4,156,73,83,4,3,1,73,63,10,269,112,157,5,1,4,220,86,134,0,0,0,44,25,19,262,111,151,5,1,4,214,86,128,0,0,0,43,24,19,7,1,6,0,0,0,6,0,6,0,0,0,1,1,0,611,249,362
17,93,Tupran,Medak,19,Tupran,573585,0000,VILLAGE,Islampur,Rural,505,2172,1088,1084,258,153,105,442,214,228,146,72,74,1139,665,474,1033,423,610,1257,648,609,876,515,361,214,156,58,479,228,251,5,2,3,178,129,49,381,133,248,2,2,0,358,119,239,0,0,0,21,12,9,175,107,68,2,2,0,153,93,60,0,0,0,20,12,8,206,26,180,0,0,0,205,26,179,0,0,0,1,0,1,915,440,475
17,93,Tupran,Medak,19,Tupran,573586,0000,VILLAGE,Datarpalle,Rural,139,573,289,284,71,40,31,134,69,65,0,0,0,305,192,113,268,97,171,326,159,167,282,143,139,117,59,58,102,33,69,2,2,0,61,49,12,44,16,28,10,1,9,23,9,14,4,2,2,7,4,3,39,14,25,10,1,9,20,8,12,2,1,1,7,4,3,5,2,3,0,0,0,3,1,2,2,1,1,0,0,0,247,130,117
17,93,Tupran,Medak,19,Tupran,573587,0000,VILLAGE,Gundareddipalle,Rural,302,1450,715,735,146,73,73,158,66,92,0,0,0,752,452,300,698,263,435,800,416,384,792,415,377,358,197,161,404,195,209,4,4,0,26,19,7,8,1,7,1,0,1,7,1,6,0,0,0,0,0,0,8,1,7,1,0,1,7,1,6,0,0,0,0,0,0,0,0,0,0,0,0,0,0,0,0,0,0,0,0,0,650,299,351
17,93,Tupran,Medak,19,Tupran,573588,0000,VILLAGE,Malkapur,Rural,292,1358,671,687,158,87,71,215,109,106,79,40,39,707,408,299,651,263,388,597,342,255,512,295,217,371,213,158,55,24,31,26,13,13,60,45,15,85,47,38,20,8,12,35,16,19,18,14,4,12,9,3,56,30,26,12,3,9,26,14,12,8,6,2,10,7,3,29,17,12,8,5,3,9,2,7,10,8,2,2,2,0,761,329,432
17,93,Tupran,Medak,19,Tupran,573589,0000,VILLAGE,Konaipalle (Pattibegampet),Rural,160,701,366,335,77,49,28,119,65,54,0,0,0,345,208,137,356,158,198,397,214,183,347,191,156,121,66,55,187,93,94,15,13,2,24,19,5,50,23,27,0,0,0,40,18,22,7,2,5,3,3,0,40,19,21,0,0,0,30,14,16,7,2,5,3,3,0,10,4,6,0,0,0,10,4,6,0,0,0,0,0,0,304,152,152
17,93,Tupran,Medak,19,Tupran,573590,0000,VILLAGE,Venktaipalle,Rural,309,1459,724,735,195,90,105,169,80,89,16,6,10,670,403,267,789,321,468,754,388,366,747,385,362,320,198,122,265,77,188,16,7,9,146,103,43,7,3,4,1,1,0,0,0,0,1,0,1,5,2,3,5,2,3,1,1,0,0,0,0,1,0,1,3,1,2,2,1,1,0,0,0,0,0,0,0,0,0,2,1,1,705,336,369
17,93,Tupran,Medak,19,Tupran,573591,0000,VILLAGE,Kistapur,Rural,266,1123,562,561,142,84,58,127,60,67,0,0,0,581,340,241,542,222,320,643,314,329,368,174,194,3,1,2,324,139,185,2,1,1,39,33,6,275,140,135,4,2,2,269,136,133,0,0,0,2,2,0,3,2,1,0,0,0,1,0,1,0,0,0,2,2,0,272,138,134,4,2,2,268,136,132,0,0,0,0,0,0,480,248,232
17,93,Tupran,Medak,19,Tupran,573592,0000,VILLAGE,Yavapur,Rural,499,1988,985,1003,191,101,90,457,214,243,57,27,30,1076,640,436,912,345,567,1265,595,670,1165,545,620,424,227,197,631,261,370,46,18,28,64,39,25,100,50,50,6,3,3,35,11,24,28,13,15,31,23,8,87,43,44,5,2,3,33,11,22,28,13,15,21,17,4,13,7,6,1,1,0,2,0,2,0,0,0,10,6,4,723,390,333
17,93,Tupran,Medak,19,Tupran,573594,0000,VILLAGE,Tupran,Rural,3152,14401,7247,7154,1718,886,832,2133,1044,1089,150,78,72,9255,5245,4010,5146,2002,3144,5839,3842,1997,5164,3490,1674,748,498,250,1176,523,653,284,161,123,2956,2308,648,675,352,323,32,15,17,141,53,88,135,52,83,367,232,135,529,278,251,25,11,14,127,49,78,83,31,52,294,187,107,146,74,72,7,4,3,14,4,10,52,21,31,73,45,28,8562,3405,5157
17,93,Tupran,Medak,19,Tupran,573595,0000,VILLAGE,Padalpalle,Rural,313,1374,678,696,155,79,76,163,82,81,0,0,0,695,412,283,679,266,413,651,352,299,647,351,296,324,174,150,218,89,129,0,0,0,105,88,17,4,1,3,2,0,2,1,0,1,0,0,0,1,1,0,3,0,3,2,0,2,1,0,1,0,0,0,0,0,0,1,1,0,0,0,0,0,0,0,0,0,0,1,1,0,723,326,397
17,93,Tupran,Medak,19,Tupran,573596,0000,VILLAGE,Brahmanapalle,Rural,240,1086,512,574,126,59,67,317,140,177,144,78,66,568,327,241,518,185,333,503,277,226,408,266,142,134,114,20,184,79,105,5,4,1,85,69,16,95,11,84,1,0,1,88,10,78,3,0,3,3,1,2,92,10,82,1,0,1,85,9,76,3,0,3,3,1,2,3,1,2,0,0,0,3,1,2,0,0,0,0,0,0,583,235,348
17,93,Tupran,Medak,19,Tupran,573597,0000,VILLAGE,Venkatapur (Pattitupran),Rural,72,371,184,187,48,26,22,84,42,42,0,0,0,240,134,106,131,50,81,306,154,152,178,96,82,91,61,30,72,23,49,1,0,1,14,12,2,128,58,70,3,0,3,20,4,16,1,0,1,104,54,50,127,58,69,3,0,3,19,4,15,1,0,1,104,54,50,1,0,1,0,0,0,1,0,1,0,0,0,0,0,0,65,30,35
17,93,Tupran,Medak,19,Tupran,573598,0000,VILLAGE,Ravelli,Rural,545,2508,1218,1290,358,171,187,191,88,103,50,26,24,1283,731,552,1225,487,738,1224,697,527,790,522,268,230,172,58,137,68,69,3,2,1,420,280,140,434,175,259,3,0,3,324,99,225,20,13,7,87,63,24,419,169,250,3,0,3,317,99,218,18,12,6,81,58,23,15,6,9,0,0,0,7,0,7,2,1,1,6,5,1,1284,521,763
17,93,Tupran,Medak,19,Tupran,573599,0000,VILLAGE,Ghanpur,Rural,629,2793,1379,1414,368,204,164,353,167,186,5,2,3,1454,859,595,1339,520,819,1299,721,578,567,386,181,227,171,56,143,66,77,17,8,9,180,141,39,732,335,397,12,7,5,573,245,328,16,2,14,131,81,50,402,178,224,11,6,5,347,151,196,16,2,14,28,19,9,330,157,173,1,1,0,226,94,132,0,0,0,103,62,41,1494,658,836
17,93,Tupran,Medak,19,Tupran,573600,0000,VILLAGE,Immapur,Rural,216,943,462,481,120,56,64,223,116,107,0,0,0,515,305,210,428,157,271,505,258,247,452,242,210,229,107,122,74,37,37,13,4,9,136,94,42,53,16,37,9,3,6,22,3,19,3,1,2,19,9,10,51,15,36,9,3,6,21,3,18,3,1,2,18,8,10,2,1,1,0,0,0,1,0,1,0,0,0,1,1,0,438,204,234
17,93,Tupran,Medak,19,Tupran,573601,0000,VILLAGE,Allapur,Rural,316,1408,686,722,178,79,99,188,90,98,2,0,2,692,404,288,716,282,434,700,402,298,677,388,289,246,137,109,313,170,143,0,0,0,118,81,37,23,14,9,3,1,2,4,0,4,0,0,0,16,13,3,19,14,5,1,1,0,2,0,2,0,0,0,16,13,3,4,0,4,2,0,2,2,0,2,0,0,0,0,0,0,708,284,424
17,93,Tupran,Medak,20,Manoharabad,573602,0000,VILLAGE,Lingareddipet,Rural,291,1305,651,654,156,78,78,168,87,81,0,0,0,720,434,286,585,217,368,819,425,394,704,368,336,288,159,129,325,128,197,1,0,1,90,81,9,115,57,58,0,0,0,4,1,3,0,0,0,111,56,55,115,57,58,0,0,0,4,1,3,0,0,0,111,56,55,0,0,0,0,0,0,0,0,0,0,0,0,0,0,0,486,226,260
17,93,Tupran,Medak,20,Manoharabad,573603,0000,VILLAGE,Palat,Rural,186,812,420,392,95,63,32,123,58,65,2,1,1,431,246,185,381,174,207,421,220,201,139,86,53,43,22,21,31,19,12,2,1,1,63,44,19,282,134,148,3,1,2,237,118,119,6,1,5,36,14,22,267,127,140,3,1,2,234,116,118,1,0,1,29,10,19,15,7,8,0,0,0,3,2,1,5,1,4,7,4,3,391,200,191
17,93,Tupran,Medak,20,Manoharabad,573604,0000,VILLAGE,Ramaipalle,Rural,229,989,472,517,129,69,60,290,135,155,14,6,8,568,316,252,421,156,265,475,254,221,434,237,197,164,97,67,103,34,69,4,1,3,163,105,58,41,17,24,4,1,3,23,10,13,0,0,0,14,6,8,41,17,24,4,1,3,23,10,13,0,0,0,14,6,8,0,0,0,0,0,0,0,0,0,0,0,0,0,0,0,514,218,296
17,93,Tupran,Medak,20,Manoharabad,573605,0000,VILLAGE,Venkatapur Agraharam,Rural,248,1108,584,524,148,78,70,57,28,29,0,0,0,485,304,181,623,280,343,637,337,300,609,326,283,195,93,102,333,163,170,10,6,4,71,64,7,28,11,17,2,0,2,5,0,5,15,7,8,6,4,2,27,11,16,1,0,1,5,0,5,15,7,8,6,4,2,1,0,1,1,0,1,0,0,0,0,0,0,0,0,0,471,247,224
17,93,Tupran,Medak,20,Manoharabad,573606,0000,VILLAGE,Dharmarajpalle,Rural,50,211,111,100,20,11,9,0,0,0,0,0,0,122,72,50,89,39,50,117,64,53,87,49,38,80,43,37,1,1,0,2,2,0,4,3,1,30,15,15,18,8,10,11,6,5,0,0,0,1,1,0,27,14,13,17,7,10,9,6,3,0,0,0,1,1,0,3,1,2,1,1,0,2,0,2,0,0,0,0,0,0,94,47,47
17,93,Tupran,Medak,20,Manoharabad,573607,0000,VILLAGE,Chatla  Gouraram,Rural,141,653,323,330,48,28,20,216,110,106,133,63,70,350,198,152,303,125,178,403,197,206,392,193,199,79,39,40,294,146,148,2,2,0,17,6,11,11,4,7,1,1,0,6,3,3,0,0,0,4,0,4,10,4,6,1,1,0,5,3,2,0,0,0,4,0,4,1,0,1,0,0,0,1,0,1,0,0,0,0,0,0,250,126,124
17,93,Tupran,Medak,20,Manoharabad,573608,0000,VILLAGE,Konaipalle (Patti Tupran),Rural,224,1057,537,520,149,91,58,104,58,46,0,0,0,536,298,238,521,239,282,548,277,271,329,211,118,173,102,71,56,19,37,1,1,0,99,89,10,219,66,153,22,6,16,188,52,136,1,1,0,8,7,1,200,58,142,17,5,12,175,46,129,1,1,0,7,6,1,19,8,11,5,1,4,13,6,7,0,0,0,1,1,0,509,260,249
17,93,Tupran,Medak,20,Manoharabad,573609,0000,VILLAGE,Manoharabad,Rural,888,4084,2023,2061,541,282,259,756,366,390,29,9,20,2222,1280,942,1862,743,1119,1736,1097,639,980,689,291,177,144,33,192,62,130,61,49,12,550,434,116,756,408,348,69,27,42,402,184,218,31,14,17,254,183,71,717,380,337,62,22,40,382,171,211,30,13,17,243,174,69,39,28,11,7,5,2,20,13,7,1,1,0,11,9,2,2348,926,1422
17,93,Tupran,Medak,20,Manoharabad,573610,0000,VILLAGE,Jeedipalle,Rural,394,1575,775,800,207,107,100,197,99,98,0,0,0,891,517,374,684,258,426,804,460,344,728,425,303,282,164,118,252,122,130,28,19,9,166,120,46,76,35,41,3,1,2,41,18,23,15,7,8,17,9,8,65,30,35,3,1,2,36,15,21,13,6,7,13,8,5,11,5,6,0,0,0,5,3,2,2,1,1,4,1,3,771,315,456
17,93,Tupran,Medak,20,Manoharabad,573611,0000,VILLAGE,Kucharam,Rural,360,1742,886,856,216,119,97,473,232,241,91,51,40,1048,613,435,694,273,421,975,514,461,949,507,442,253,189,64,469,201,268,68,19,49,159,98,61,26,7,19,2,0,2,10,2,8,0,0,0,14,5,9,25,7,18,2,0,2,10,2,8,0,0,0,13,5,8,1,0,1,0,0,0,0,0,0,0,0,0,1,0,1,767,372,395
17,93,Tupran,Medak,20,Manoharabad,573612,0000,VILLAGE,Kallakal,Rural,1612,6482,3323,3159,851,426,425,982,473,509,212,110,102,3821,2227,1594,2661,1096,1565,3068,1987,1081,2360,1653,707,220,170,50,351,189,162,142,103,39,1647,1191,456,708,334,374,38,6,32,244,101,143,26,9,17,400,218,182,349,168,181,17,4,13,146,68,78,18,6,12,168,90,78,359,166,193,21,2,19,98,33,65,8,3,5,232,128,104,3414,1336,2078
17,93,Tupran,Medak,20,Manoharabad,573613,0000,VILLAGE,Muppireddipalle,Rural,283,1108,580,528,132,70,62,212,105,107,1,1,0,506,292,214,602,288,314,606,363,243,427,261,166,346,206,140,11,5,6,14,6,8,56,44,12,179,102,77,6,5,1,147,79,68,4,2,2,22,16,6,167,96,71,6,5,1,141,78,63,2,1,1,18,12,6,12,6,6,0,0,0,6,1,5,2,1,1,4,4,0,502,217,285
17,93,Tupran,Medak,20,Manoharabad,573615,0000,VILLAGE,Rangaipalle,Rural,324,1276,648,628,146,84,62,224,110,114,31,16,15,545,319,226,731,329,402,800,423,377,475,272,203,172,98,74,212,107,105,1,1,0,90,66,24,325,151,174,9,4,5,139,59,80,10,5,5,167,83,84,307,145,162,9,4,5,132,58,74,4,1,3,162,82,80,18,6,12,0,0,0,7,1,6,6,4,2,5,1,4,476,225,251
17,93,Tupran,Medak,20,Manoharabad,573616,0000,VILLAGE,Kondapur,Rural,151,570,282,288,40,18,22,31,15,16,0,0,0,174,96,78,396,186,210,363,174,189,359,170,189,350,168,182,0,0,0,0,0,0,9,2,7,4,4,0,1,1,0,0,0,0,0,0,0,3,3,0,4,4,0,1,1,0,0,0,0,0,0,0,3,3,0,0,0,0,0,0,0,0,0,0,0,0,0,0,0,0,207,108,99
17,93,Tupran,Medak,19,Tupran,573671,0000,VILLAGE,Narsampalle,Rural,235,1029,504,525,145,66,79,139,67,72,296,135,161,490,291,199,539,213,326,516,255,261,412,222,190,233,140,93,125,47,78,6,3,3,48,32,16,104,33,71,9,4,5,86,24,62,2,1,1,7,4,3,86,29,57,8,3,5,74,22,52,1,1,0,3,3,0,18,4,14,1,1,0,12,2,10,1,0,1,4,1,3,513,249,264
17,92,Narsapur,Medak,17,Shivampet,573722,0000,VILLAGE,Lingojiguda,Rural,169,674,341,333,86,42,44,112,58,54,281,140,141,277,179,98,397,162,235,319,169,150,176,143,33,21,20,1,135,106,29,1,0,1,19,17,2,143,26,117,4,4,0,128,17,111,2,0,2,9,5,4,100,20,80,4,4,0,90,13,77,2,0,2,4,3,1,43,6,37,0,0,0,38,4,34,0,0,0,5,2,3,355,172,183
17,92,Narsapur,Medak,17,Shivampet,573723,0000,VILLAGE,Allipur,Rural,372,1775,864,911,227,105,122,274,138,136,326,176,150,739,438,301,1036,426,610,978,486,492,949,471,478,329,199,130,530,207,323,8,6,2,82,59,23,29,15,14,6,2,4,10,3,7,8,8,0,5,2,3,26,14,12,6,2,4,7,2,5,8,8,0,5,2,3,3,1,2,0,0,0,3,1,2,0,0,0,0,0,0,797,378,419
17,92,Narsapur,Medak,17,Shivampet,573724,0000,VILLAGE,Pambanda,Rural,289,1293,654,639,187,104,83,154,76,78,250,132,118,620,367,253,673,287,386,873,443,430,771,393,378,280,184,96,453,177,276,5,4,1,33,28,5,102,50,52,0,0,0,1,0,1,0,0,0,101,50,51,102,50,52,0,0,0,1,0,1,0,0,0,101,50,51,0,0,0,0,0,0,0,0,0,0,0,0,0,0,0,420,211,209
17,92,Narsapur,Medak,17,Shivampet,573725,0000,VILLAGE,Pothula Boguda,Rural,231,1028,512,516,147,77,70,254,122,132,0,0,0,380,241,139,648,271,377,559,291,268,504,265,239,231,172,59,168,23,145,2,1,1,103,69,34,55,26,29,5,4,1,31,11,20,0,0,0,19,11,8,42,22,20,3,2,1,27,10,17,0,0,0,12,10,2,13,4,9,2,2,0,4,1,3,0,0,0,7,1,6,469,221,248
17,92,Narsapur,Medak,17,Shivampet,573726,0000,VILLAGE,Konthanpalle,Rural,652,2688,1349,1339,298,150,148,542,268,274,30,13,17,1239,773,466,1449,576,873,1458,768,690,1174,627,547,548,337,211,447,155,292,8,2,6,171,133,38,284,141,143,55,31,24,154,56,98,9,3,6,66,51,15,281,140,141,54,30,24,152,56,96,9,3,6,66,51,15,3,1,2,1,1,0,2,0,2,0,0,0,0,0,0,1230,581,649
17,92,Narsapur,Medak,17,Shivampet,573727,0000,VILLAGE,Gundlapalle,Rural,316,1487,758,729,151,89,62,192,93,99,30,15,15,708,433,275,779,325,454,828,427,401,773,401,372,491,239,252,110,42,68,20,14,6,152,106,46,55,26,29,27,12,15,5,2,3,1,0,1,22,12,10,54,26,28,27,12,15,5,2,3,0,0,0,22,12,10,1,0,1,0,0,0,0,0,0,1,0,1,0,0,0,659,331,328
17,92,Narsapur,Medak,17,Shivampet,573728,0000,VILLAGE,Shabashpalle,Rural,208,924,472,452,121,52,69,136,68,68,0,0,0,484,314,170,440,158,282,432,262,170,396,245,151,171,97,74,77,38,39,0,0,0,148,110,38,36,17,19,4,3,1,20,6,14,0,0,0,12,8,4,36,17,19,4,3,1,20,6,14,0,0,0,12,8,4,0,0,0,0,0,0,0,0,0,0,0,0,0,0,0,492,210,282
17,92,Narsapur,Medak,17,Shivampet,573729,0000,VILLAGE,Donthi,Rural,805,3346,1638,1708,381,208,173,734,351,383,188,101,87,1783,1033,750,1563,605,958,1730,927,803,1465,862,603,369,252,117,598,276,322,43,13,30,455,321,134,265,65,200,15,6,9,237,48,189,0,0,0,13,11,2,241,60,181,4,1,3,224,48,176,0,0,0,13,11,2,24,5,19,11,5,6,13,0,13,0,0,0,0,0,0,1616,711,905
17,92,Narsapur,Medak,17,Shivampet,573730,0000,VILLAGE,Usirikapalle,Rural,218,963,467,496,105,51,54,199,93,106,326,157,169,461,277,184,502,190,312,531,267,264,437,224,213,83,71,12,296,111,185,2,1,1,56,41,15,94,43,51,6,2,4,74,33,41,1,0,1,13,8,5,94,43,51,6,2,4,74,33,41,1,0,1,13,8,5,0,0,0,0,0,0,0,0,0,0,0,0,0,0,0,432,200,232
17,92,Narsapur,Medak,17,Shivampet,573731,0000,VILLAGE,Edulapur,Rural,127,527,271,256,59,32,27,84,38,46,6,4,2,334,194,140,193,77,116,285,151,134,282,149,133,183,95,88,71,33,38,0,0,0,28,21,7,3,2,1,0,0,0,0,0,0,0,0,0,3,2,1,1,0,1,0,0,0,0,0,0,0,0,0,1,0,1,2,2,0,0,0,0,0,0,0,0,0,0,2,2,0,242,120,122
17,92,Narsapur,Medak,17,Shivampet,573732,0000,VILLAGE,Ratnapoor,Rural,489,2165,1099,1066,306,165,141,195,93,102,534,273,261,950,598,352,1215,501,714,1129,594,535,1105,583,522,529,331,198,476,175,301,18,14,4,82,63,19,24,11,13,3,3,0,8,1,7,8,5,3,5,2,3,24,11,13,3,3,0,8,1,7,8,5,3,5,2,3,0,0,0,0,0,0,0,0,0,0,0,0,0,0,0,1036,505,531
17,92,Narsapur,Medak,17,Shivampet,573733,0000,VILLAGE,Kothapet,Rural,311,1440,743,697,188,96,92,108,52,56,402,211,191,637,397,240,803,346,457,762,409,353,670,389,281,435,272,163,147,47,100,10,6,4,78,64,14,92,20,72,20,10,10,59,4,55,0,0,0,13,6,7,83,17,66,19,10,9,54,3,51,0,0,0,10,4,6,9,3,6,1,0,1,5,1,4,0,0,0,3,2,1,678,334,344
17,92,Narsapur,Medak,17,Shivampet,573734,0000,VILLAGE,Pillutla,Rural,387,1693,822,871,199,101,98,344,157,187,0,0,0,880,517,363,813,305,508,854,448,406,628,381,247,303,224,79,164,40,124,8,5,3,153,112,41,226,67,159,1,1,0,194,52,142,22,9,13,9,5,4,210,62,148,1,1,0,188,51,137,16,7,9,5,3,2,16,5,11,0,0,0,6,1,5,6,2,4,4,2,2,839,374,465
17,92,Narsapur,Medak,17,Shivampet,573735,0000,VILLAGE,Thimmapur,Rural,221,1024,523,501,125,62,63,64,31,33,0,0,0,469,294,175,555,229,326,587,312,275,576,304,272,278,175,103,272,112,160,1,0,1,25,17,8,11,8,3,4,3,1,5,4,1,0,0,0,2,1,1,11,8,3,4,3,1,5,4,1,0,0,0,2,1,1,0,0,0,0,0,0,0,0,0,0,0,0,0,0,0,437,211,226
17,92,Narsapur,Medak,17,Shivampet,573736,0000,VILLAGE,Chinnagottimukkala,Rural,333,1525,757,768,228,125,103,505,259,246,252,121,131,751,436,315,774,321,453,802,403,399,774,392,382,378,214,164,292,104,188,49,30,19,55,44,11,28,11,17,5,4,1,17,4,13,3,2,1,3,1,2,28,11,17,5,4,1,17,4,13,3,2,1,3,1,2,0,0,0,0,0,0,0,0,0,0,0,0,0,0,0,723,354,369
17,92,Narsapur,Medak,17,Shivampet,573737,0000,VILLAGE,Shivampet,Rural,1170,5365,2602,2763,647,356,291,605,290,315,1331,609,722,2952,1641,1311,2413,961,1452,2556,1458,1098,2432,1405,1027,1111,630,481,688,288,400,46,20,26,587,467,120,124,53,71,16,10,6,64,15,49,7,4,3,37,24,13,88,35,53,7,3,4,49,11,38,3,2,1,29,19,10,36,18,18,9,7,2,15,4,11,4,2,2,8,5,3,2809,1144,1665
17,92,Narsapur,Medak,17,Shivampet,573738,0000,VILLAGE,Chandi,Rural,496,2089,1053,1036,284,140,144,181,91,90,641,329,312,905,549,356,1184,504,680,1038,568,470,756,480,276,399,263,136,179,72,107,11,5,6,167,140,27,282,88,194,1,1,0,258,75,183,3,1,2,20,11,9,256,76,180,0,0,0,238,68,170,1,0,1,17,8,9,26,12,14,1,1,0,20,7,13,2,1,1,3,3,0,1051,485,566
17,92,Narsapur,Medak,17,Shivampet,573739,0000,VILLAGE,Maqdumpur,Rural,195,854,428,426,103,59,44,151,76,75,0,0,0,496,283,213,358,145,213,366,219,147,191,130,61,27,21,6,50,17,33,1,1,0,113,91,22,175,89,86,23,14,9,91,41,50,6,3,3,55,31,24,123,61,62,17,11,6,62,27,35,4,1,3,40,22,18,52,28,24,6,3,3,29,14,15,2,2,0,15,9,6,488,209,279
17,92,Narsapur,Medak,17,Shivampet,573740,0000,VILLAGE,Gangaipalle,Rural,193,823,383,440,105,47,58,151,73,78,100,50,50,382,219,163,441,164,277,479,233,246,434,215,219,306,156,150,101,37,64,2,2,0,25,20,5,45,18,27,11,6,5,29,9,20,3,2,1,2,1,1,42,17,25,11,6,5,26,8,18,3,2,1,2,1,1,3,1,2,0,0,0,3,1,2,0,0,0,0,0,0,344,150,194
17,93,Tupran,Medak,20,Manoharabad,573741,0000,VILLAGE,Potharam,Rural,219,998,490,508,100,50,50,119,50,69,6,3,3,586,361,225,412,129,283,542,282,260,466,242,224,132,78,54,259,112,147,8,7,1,67,45,22,76,40,36,4,2,2,53,31,22,1,0,1,18,7,11,76,40,36,4,2,2,53,31,22,1,0,1,18,7,11,0,0,0,0,0,0,0,0,0,0,0,0,0,0,0,456,208,248
17,93,Tupran,Medak,20,Manoharabad,573742,0000,VILLAGE,Parkibanda,Rural,420,1933,960,973,274,146,128,286,124,162,9,6,3,1006,579,427,927,381,546,1015,528,487,522,292,230,205,134,71,240,97,143,4,2,2,73,59,14,493,236,257,100,55,45,361,164,197,8,5,3,24,12,12,485,233,252,99,54,45,354,162,192,8,5,3,24,12,12,8,3,5,1,1,0,7,2,5,0,0,0,0,0,0,918,432,486
17,92,Narsapur,Medak,17,Shivampet,573743,0000,VILLAGE,Bijilipur,Rural,185,849,424,425,110,56,54,278,142,136,0,0,0,418,259,159,431,165,266,434,240,194,298,176,122,32,31,1,229,115,114,0,0,0,37,30,7,136,64,72,15,10,5,118,52,66,0,0,0,3,2,1,131,60,71,15,10,5,114,49,65,0,0,0,2,1,1,5,4,1,0,0,0,4,3,1,0,0,0,1,1,0,415,184,231
17,92,Narsapur,Medak,17,Shivampet,573744,0000,VILLAGE,Gomaram,Rural,744,3056,1560,1496,346,180,166,556,272,284,45,24,21,1501,888,613,1555,672,883,1396,859,537,1302,793,509,361,307,54,697,277,420,21,17,4,223,192,31,94,66,28,16,14,2,38,24,14,3,1,2,37,27,10,79,56,23,15,13,2,34,20,14,3,1,2,27,22,5,15,10,5,1,1,0,4,4,0,0,0,0,10,5,5,1660,701,959
17,92,Narsapur,Medak,17,Shivampet,573745,0000,VILLAGE,Pedda Gottimukkala,Rural,507,2240,1119,1121,298,155,143,252,115,137,460,241,219,1094,653,441,1146,466,680,1111,618,493,1094,612,482,471,314,157,420,132,288,10,8,2,193,158,35,17,6,11,3,2,1,9,1,8,1,0,1,4,3,1,17,6,11,3,2,1,9,1,8,1,0,1,4,3,1,0,0,0,0,0,0,0,0,0,0,0,0,0,0,0,1129,501,628
17,92,Narsapur,Medak,17,Shivampet,573746,0000,VILLAGE,Chennapur,Rural,226,1010,514,496,96,51,45,144,71,73,329,171,158,524,314,210,486,200,286,599,299,300,552,278,274,135,115,20,381,143,238,11,7,4,25,13,12,47,21,26,6,4,2,24,9,15,2,1,1,15,7,8,45,21,24,6,4,2,22,9,13,2,1,1,15,7,8,2,0,2,0,0,0,2,0,2,0,0,0,0,0,0,411,215,196
17,92,Narsapur,Medak,17,Shivampet,573747,0000,VILLAGE,Nawabpet,Rural,593,2529,1268,1261,304,163,141,291,143,148,410,200,210,1309,762,547,1220,506,714,1271,709,562,1117,656,461,353,217,136,517,240,277,6,3,3,241,196,45,154,53,101,10,1,9,107,26,81,5,3,2,32,23,9,145,47,98,10,1,9,105,26,79,2,0,2,28,20,8,9,6,3,0,0,0,2,0,2,3,3,0,4,3,1,1258,559,699
17,92,Narsapur,Medak,17,Shivampet,573748,0000,VILLAGE,Sikindlapur,Rural,199,834,434,400,109,75,34,173,88,85,7,5,2,358,213,145,476,221,255,438,248,190,55,43,12,30,25,5,4,2,2,0,0,0,21,16,5,383,205,178,87,49,38,255,130,125,9,6,3,32,20,12,360,192,168,86,49,37,235,118,117,7,5,2,32,20,12,23,13,10,1,0,1,20,12,8,2,1,1,0,0,0,396,186,210
17,92,Narsapur,Medak,16,Narsapur,573749,0000,VILLAGE,Ahmednagar,Rural,305,1400,717,683,167,86,81,289,146,143,622,318,304,684,434,250,716,283,433,844,421,423,786,392,394,696,346,350,27,11,16,5,3,2,58,32,26,58,29,29,13,6,7,6,3,3,6,2,4,33,18,15,57,29,28,13,6,7,6,3,3,6,2,4,32,18,14,1,0,1,0,0,0,0,0,0,0,0,0,1,0,1,556,296,260
17,92,Narsapur,Medak,16,Narsapur,573750,0000,VILLAGE,Ibrahimbad,Rural,366,1820,937,883,233,125,108,391,192,199,938,497,441,811,515,296,1009,422,587,969,487,482,961,481,480,586,276,310,262,114,148,8,3,5,105,88,17,8,6,2,1,1,0,3,2,1,0,0,0,4,3,1,6,5,1,1,1,0,2,2,0,0,0,0,3,2,1,2,1,1,0,0,0,1,0,1,0,0,0,1,1,0,851,450,401
17,92,Narsapur,Medak,16,Narsapur,573751,0000,VILLAGE,Admapur,Rural,165,718,354,364,98,51,47,149,73,76,191,101,90,322,193,129,396,161,235,368,206,162,104,95,9,58,56,2,0,0,0,0,0,0,46,39,7,264,111,153,4,3,1,257,105,152,0,0,0,3,3,0,264,111,153,4,3,1,257,105,152,0,0,0,3,3,0,0,0,0,0,0,0,0,0,0,0,0,0,0,0,0,350,148,202
17,92,Narsapur,Medak,16,Narsapur,573752,0000,VILLAGE,Jakkupalle,Rural,213,907,452,455,125,61,64,177,88,89,61,30,31,394,242,152,513,210,303,462,261,201,455,259,196,136,129,7,281,98,183,1,1,0,37,31,6,7,2,5,1,1,0,5,0,5,0,0,0,1,1,0,7,2,5,1,1,0,5,0,5,0,0,0,1,1,0,0,0,0,0,0,0,0,0,0,0,0,0,0,0,0,445,191,254
17,92,Narsapur,Medak,16,Narsapur,573753,0000,VILLAGE,Chippalturthi,Rural,333,1625,837,788,211,105,106,371,196,175,359,181,178,750,479,271,875,358,517,928,506,422,886,481,405,520,269,251,195,90,105,51,26,25,120,96,24,42,25,17,32,18,14,3,1,2,2,2,0,5,4,1,8,5,3,2,2,0,3,1,2,1,1,0,2,1,1,34,20,14,30,16,14,0,0,0,1,1,0,3,3,0,697,331,366
17,92,Narsapur,Medak,16,Narsapur,573754,0000,VILLAGE,Nagulpalle,Rural,257,1146,554,592,134,71,63,218,96,122,61,29,32,616,376,240,530,178,352,604,325,279,554,302,252,399,212,187,77,26,51,0,0,0,78,64,14,50,23,27,37,16,21,5,3,2,0,0,0,8,4,4,44,19,25,36,15,21,4,2,2,0,0,0,4,2,2,6,4,2,1,1,0,1,1,0,0,0,0,4,2,2,542,229,313
17,92,Narsapur,Medak,16,Narsapur,573755,0000,VILLAGE,Moosapet,Rural,456,1849,922,927,209,108,101,366,180,186,684,345,339,819,503,316,1030,419,611,1100,532,568,1066,517,549,356,265,91,625,181,444,15,12,3,70,59,11,34,15,19,4,4,0,19,4,15,5,3,2,6,4,2,26,10,16,4,4,0,15,2,13,1,0,1,6,4,2,8,5,3,0,0,0,4,2,2,4,3,1,0,0,0,749,390,359
17,92,Narsapur,Medak,16,Narsapur,573756,0000,VILLAGE,Mohammadabad (Janakampet),Rural,280,1274,629,645,153,82,71,130,50,80,1012,514,498,642,372,270,632,257,375,644,314,330,591,287,304,33,28,5,524,230,294,0,0,0,34,29,5,53,27,26,0,0,0,42,22,20,0,0,0,11,5,6,14,5,9,0,0,0,8,3,5,0,0,0,6,2,4,39,22,17,0,0,0,34,19,15,0,0,0,5,3,2,630,315,315
17,92,Narsapur,Medak,16,Narsapur,573757,0000,VILLAGE,Manthoor,Rural,177,759,376,383,82,37,45,39,15,24,0,0,0,397,237,160,362,139,223,434,228,206,210,194,16,121,118,3,2,2,0,0,0,0,87,74,13,224,34,190,27,1,26,184,23,161,0,0,0,13,10,3,191,33,158,22,1,21,156,22,134,0,0,0,13,10,3,33,1,32,5,0,5,28,1,27,0,0,0,0,0,0,325,148,177
17,92,Narsapur,Medak,16,Narsapur,573758,0000,VILLAGE,Reddipalle,Rural,315,1438,722,716,154,80,74,220,109,111,183,95,88,784,491,293,654,231,423,754,414,340,725,401,324,154,88,66,431,194,237,6,4,2,134,115,19,29,13,16,2,2,0,23,11,12,2,0,2,2,0,2,28,12,16,1,1,0,23,11,12,2,0,2,2,0,2,1,1,0,1,1,0,0,0,0,0,0,0,0,0,0,684,308,376
17,92,Narsapur,Medak,16,Narsapur,573759,0000,VILLAGE,Khazipet,Rural,246,1101,532,569,128,71,57,137,72,65,94,52,42,510,282,228,591,250,341,644,320,324,566,287,279,309,158,151,254,126,128,1,1,0,2,2,0,78,33,45,8,3,5,54,23,31,6,4,2,10,3,7,7,4,3,3,1,2,3,2,1,0,0,0,1,1,0,71,29,42,5,2,3,51,21,30,6,4,2,9,2,7,457,212,245
17,92,Narsapur,Medak,16,Narsapur,573760,0000,VILLAGE,Tiyalpur,Rural,377,1350,664,686,181,94,87,122,58,64,364,180,184,598,358,240,752,306,446,771,376,395,286,174,112,160,110,50,86,32,54,1,1,0,39,31,8,485,202,283,89,52,37,377,133,244,2,2,0,17,15,2,349,141,208,74,46,28,262,84,178,1,1,0,12,10,2,136,61,75,15,6,9,115,49,66,1,1,0,5,5,0,579,288,291
17,92,Narsapur,Medak,16,Narsapur,573761,0000,VILLAGE,Thirmalapur,Rural,114,466,229,237,56,33,23,130,60,70,113,60,53,236,136,100,230,93,137,234,128,106,142,83,59,121,67,54,4,2,2,1,1,0,16,13,3,92,45,47,2,2,0,85,41,44,0,0,0,5,2,3,26,14,12,0,0,0,25,14,11,0,0,0,1,0,1,66,31,35,2,2,0,60,27,33,0,0,0,4,2,2,232,101,131
17,92,Narsapur,Medak,16,Narsapur,573762,0000,VILLAGE,Gollapalle,Rural,160,675,330,345,77,43,34,41,22,19,0,0,0,304,166,138,371,164,207,496,242,254,391,210,181,118,107,11,270,102,168,0,0,0,3,1,2,105,32,73,55,23,32,50,9,41,0,0,0,0,0,0,31,4,27,0,0,0,31,4,27,0,0,0,0,0,0,74,28,46,55,23,32,19,5,14,0,0,0,0,0,0,179,88,91
17,92,Narsapur,Medak,16,Narsapur,573763,0000,VILLAGE,Brahmanpalle,Rural,306,1348,670,678,187,97,90,214,109,105,346,174,172,635,395,240,713,275,438,774,388,386,685,340,345,199,109,90,435,194,241,1,0,1,50,37,13,89,48,41,19,13,6,59,28,31,2,1,1,9,6,3,59,31,28,15,10,5,37,17,20,1,0,1,6,4,2,30,17,13,4,3,1,22,11,11,1,1,0,3,2,1,574,282,292
17,92,Narsapur,Medak,16,Narsapur,573764,0000,VILLAGE,Lingapur,Rural,270,1158,588,570,117,65,52,137,66,71,8,4,4,543,311,232,615,277,338,672,356,316,668,355,313,187,169,18,446,162,284,5,1,4,30,23,7,4,1,3,0,0,0,1,0,1,3,1,2,0,0,0,1,0,1,0,0,0,0,0,0,1,0,1,0,0,0,3,1,2,0,0,0,1,0,1,2,1,1,0,0,0,486,232,254
17,92,Narsapur,Medak,16,Narsapur,573765,0000,VILLAGE,Achampet,Rural,144,713,352,361,92,52,40,145,73,72,0,0,0,339,196,143,374,156,218,384,197,187,384,197,187,319,165,154,33,5,28,0,0,0,32,27,5,0,0,0,0,0,0,0,0,0,0,0,0,0,0,0,0,0,0,0,0,0,0,0,0,0,0,0,0,0,0,0,0,0,0,0,0,0,0,0,0,0,0,0,0,0,329,155,174
17,92,Narsapur,Medak,16,Narsapur,573766,0000,VILLAGE,Hanmanthapur,Rural,111,477,244,233,58,27,31,147,81,66,0,0,0,228,141,87,249,103,146,262,146,116,252,142,110,66,41,25,150,68,82,0,0,0,36,33,3,10,4,6,6,4,2,3,0,3,1,0,1,0,0,0,5,1,4,1,1,0,3,0,3,1,0,1,0,0,0,5,3,2,5,3,2,0,0,0,0,0,0,0,0,0,215,98,117
17,92,Narsapur,Medak,16,Narsapur,573768,0000,VILLAGE,Narayanpur,Rural,254,1150,582,568,153,87,66,273,149,124,441,218,223,484,284,200,666,298,368,605,307,298,599,304,295,159,97,62,397,169,228,6,5,1,37,33,4,6,3,3,2,1,1,4,2,2,0,0,0,0,0,0,1,0,1,0,0,0,1,0,1,0,0,0,0,0,0,5,3,2,2,1,1,3,2,1,0,0,0,0,0,0,545,275,270
17,92,Narsapur,Medak,16,Narsapur,573769,0000,VILLAGE,Chinna Chintakunta,Rural,356,1621,792,829,184,91,93,187,86,101,52,26,26,836,496,340,785,296,489,788,455,333,535,383,152,279,223,56,155,71,84,5,5,0,96,84,12,253,72,181,15,3,12,204,43,161,3,1,2,31,25,6,194,47,147,8,2,6,161,27,134,2,1,1,23,17,6,59,25,34,7,1,6,43,16,27,1,0,1,8,8,0,833,337,496
17,92,Narsapur,Medak,16,Narsapur,573770,0000,VILLAGE,Pedda Chintakunta,Rural,329,1423,706,717,155,73,82,197,97,100,147,75,72,658,422,236,765,284,481,871,435,436,823,403,420,332,202,130,402,137,265,13,4,9,76,60,16,48,32,16,41,26,15,1,1,0,0,0,0,6,5,1,5,5,0,0,0,0,0,0,0,0,0,0,5,5,0,43,27,16,41,26,15,1,1,0,0,0,0,1,0,1,552,271,281
17,92,Narsapur,Medak,16,Narsapur,573771,0000,VILLAGE,Sitarampur,Rural,134,566,284,282,86,49,37,102,48,54,0,0,0,241,144,97,325,140,185,347,184,163,196,110,86,41,19,22,101,47,54,0,0,0,54,44,10,151,74,77,0,0,0,146,71,75,0,0,0,5,3,2,133,59,74,0,0,0,130,57,73,0,0,0,3,2,1,18,15,3,0,0,0,16,14,2,0,0,0,2,1,1,219,100,119
17,92,Narsapur,Medak,16,Narsapur,573772,0000,VILLAGE,Rustumpet,Rural,487,2011,998,1013,241,120,121,180,82,98,51,24,27,1018,604,414,993,394,599,1082,562,520,1043,533,510,417,237,180,451,154,297,12,6,6,163,136,27,39,29,10,4,2,2,14,9,5,0,0,0,21,18,3,29,21,8,3,1,2,10,6,4,0,0,0,16,14,2,10,8,2,1,1,0,4,3,1,0,0,0,5,4,1,929,436,493
17,92,Narsapur,Medak,16,Narsapur,573773,0000,VILLAGE,Ramachandrapur,Rural,284,1218,621,597,144,80,64,140,70,70,0,0,0,630,377,253,588,244,344,675,345,330,671,344,327,538,270,268,94,51,43,2,1,1,37,22,15,4,1,3,2,1,1,1,0,1,0,0,0,1,0,1,4,1,3,2,1,1,1,0,1,0,0,0,1,0,1,0,0,0,0,0,0,0,0,0,0,0,0,0,0,0,543,276,267
17,92,Narsapur,Medak,16,Narsapur,573774,0000,VILLAGE,Tuljarampet,Rural,153,879,455,424,76,38,38,21,11,10,541,264,277,601,356,245,278,99,179,304,159,145,295,159,136,63,53,10,192,73,119,0,0,0,40,33,7,9,0,9,1,0,1,6,0,6,0,0,0,2,0,2,9,0,9,1,0,1,6,0,6,0,0,0,2,0,2,0,0,0,0,0,0,0,0,0,0,0,0,0,0,0,575,296,279
17,92,Narsapur,Medak,16,Narsapur,573775,0000,VILLAGE,Awancha,Rural,267,1130,556,574,131,72,59,383,186,197,0,0,0,532,306,226,598,250,348,565,284,281,542,272,270,55,35,20,456,221,235,8,1,7,23,15,8,23,12,11,1,1,0,13,2,11,0,0,0,9,9,0,23,12,11,1,1,0,13,2,11,0,0,0,9,9,0,0,0,0,0,0,0,0,0,0,0,0,0,0,0,0,565,272,293
17,92,Narsapur,Medak,16,Narsapur,573776,0000,VILLAGE,Yellapur,Rural,182,753,358,395,112,53,59,167,79,88,7,4,3,349,192,157,404,166,238,395,202,193,367,186,181,78,70,8,232,73,159,2,2,0,55,41,14,28,16,12,1,1,0,15,4,11,0,0,0,12,11,1,28,16,12,1,1,0,15,4,11,0,0,0,12,11,1,0,0,0,0,0,0,0,0,0,0,0,0,0,0,0,358,156,202
17,92,Narsapur,Medak,16,Narsapur,573777,0000,VILLAGE,Madapur,Rural,159,680,331,349,124,61,63,200,96,104,378,186,192,287,167,120,393,164,229,365,182,183,358,179,179,343,169,174,6,4,2,1,1,0,8,5,3,7,3,4,3,1,2,1,0,1,1,1,0,2,1,1,6,2,4,3,1,2,1,0,1,0,0,0,2,1,1,1,1,0,0,0,0,0,0,0,1,1,0,0,0,0,315,149,166
17,92,Narsapur,Medak,16,Narsapur,573778,0000,VILLAGE,Narsapur,Rural,3799,18339,9628,8711,2181,1128,1053,2143,1091,1052,1504,1123,381,12511,7325,5186,5828,2303,3525,6309,4551,1758,5480,4119,1361,382,299,83,954,461,493,79,50,29,4065,3309,756,829,432,397,66,35,31,297,115,182,38,16,22,428,266,162,680,356,324,59,31,28,267,101,166,30,13,17,324,211,113,149,76,73,7,4,3,30,14,16,8,3,5,104,55,49,12030,5077,6953
17,92,Narsapur,Medak,16,Narsapur,573779,0000,VILLAGE,Kondapur,Rural,60,274,142,132,25,9,16,49,26,23,0,0,0,152,100,52,122,42,80,178,94,84,178,94,84,24,17,7,95,29,66,0,0,0,59,48,11,0,0,0,0,0,0,0,0,0,0,0,0,0,0,0,0,0,0,0,0,0,0,0,0,0,0,0,0,0,0,0,0,0,0,0,0,0,0,0,0,0,0,0,0,0,96,48,48
17,92,Narsapur,Medak,16,Narsapur,573780,0000,VILLAGE,Kagazmaddur,Rural,499,2228,1098,1130,305,156,149,302,136,166,119,65,54,1075,630,445,1153,468,685,1240,627,613,1097,583,514,281,264,17,630,173,457,2,2,0,184,144,40,143,44,99,1,0,1,132,37,95,1,1,0,9,6,3,82,19,63,1,0,1,75,15,60,0,0,0,6,4,2,61,25,36,0,0,0,57,22,35,1,1,0,3,2,1,988,471,517
17,92,Narsapur,Medak,16,Narsapur,573781,0000,VILLAGE,NAIMATULLAGUDA,Rural,27,106,57,49,8,5,3,14,9,5,0,0,0,52,38,14,54,19,35,63,34,29,63,34,29,0,0,0,55,27,28,0,0,0,8,7,1,0,0,0,0,0,0,0,0,0,0,0,0,0,0,0,0,0,0,0,0,0,0,0,0,0,0,0,0,0,0,0,0,0,0,0,0,0,0,0,0,0,0,0,0,0,43,23,20
17,92,Narsapur,Medak,16,Narsapur,573782,0000,VILLAGE,Nathinoipalle,Rural,259,1172,580,592,149,79,70,4,2,2,6,2,4,623,361,262,549,219,330,613,325,288,602,316,286,56,43,13,458,211,247,6,4,2,82,58,24,11,9,2,2,2,0,5,4,1,0,0,0,4,3,1,9,7,2,1,1,0,4,3,1,0,0,0,4,3,1,2,2,0,1,1,0,1,1,0,0,0,0,0,0,0,559,255,304
17,91,Medak,Medak,01,Shankarampet_A,572862,0001,WARD,Shankarampet (A),Urban,1393,6227,3105,3122,715,355,360,566,276,290,40,21,19,3634,2153,1481,2593,952,1641,2331,1617,714,2041,1483,558,110,81,29,510,277,233,73,59,14,1348,1066,282,290,134,156,2,1,1,110,29,81,22,14,8,156,90,66,233,112,121,2,1,1,80,26,54,21,13,8,130,72,58,57,22,35,0,0,0,30,3,27,1,1,0,26,18,8,3896,1488,2408
17,93,Tupran,Medak,09,Chegunta,573158,0001,WARD,Chegunta,Urban,1244,5747,2872,2875,655,348,307,569,269,300,38,15,23,3819,2174,1645,1928,698,1230,2430,1551,879,1908,1289,619,195,111,84,305,174,131,242,81,161,1166,923,243,522,262,260,19,8,11,255,152,103,61,14,47,187,88,99,376,165,211,16,8,8,130,61,69,55,12,43,175,84,91,146,97,49,3,0,3,125,91,34,6,2,4,12,4,8,3317,1321,1996
17,91,Medak,Medak,12,Medak,802913,0001,WARD,Medak U,Urban,5586,28236,13505,14731,3019,1521,1498,3923,1616,2307,905,384,521,20570,10512,10058,7666,2993,4673,8677,6348,2329,7227,5504,1723,333,251,82,547,328,219,271,148,123,6076,4777,1299,1450,844,606,41,31,10,549,264,285,56,18,38,804,531,273,1076,656,420,41,31,10,271,130,141,45,13,32,719,482,237,374,188,186,0,0,0,278,134,144,11,5,6,85,49,36,19559,7157,12402
17,91,Medak,Medak,12,Medak,802913,0002,WARD,Medak U,Urban,1754,8121,3971,4150,904,447,457,475,224,251,46,20,26,5259,2939,2320,2862,1032,1830,3154,2125,1029,2848,1980,868,76,55,21,211,99,112,156,20,136,2405,1806,599,306,145,161,10,6,4,84,36,48,35,3,32,177,100,77,265,129,136,10,6,4,80,34,46,34,3,31,141,86,55,41,16,25,0,0,0,4,2,2,1,0,1,36,14,22,4967,1846,3121
17,91,Medak,Medak,12,Medak,802913,0003,WARD,Medak U,Urban,1671,7898,3860,4038,892,450,442,550,268,282,67,32,35,5155,2865,2290,2743,995,1748,2936,2033,903,2708,1915,793,215,130,85,529,245,284,292,156,136,1672,1384,288,228,118,110,11,2,9,51,17,34,36,8,28,130,91,39,200,106,94,10,2,8,49,16,33,26,7,19,115,81,34,28,12,16,1,0,1,2,1,1,10,1,9,15,10,5,4962,1827,3135
17,91,Medak,Medak,12,Medak,572925,0004,WARD,Ausulpalle,Urban,560,2625,1250,1375,336,180,156,284,135,149,68,30,38,1123,623,500,1502,627,875,1382,710,672,1299,682,617,359,189,170,609,269,340,18,8,10,313,216,97,83,28,55,8,2,6,26,13,13,26,2,24,23,11,12,58,15,43,4,0,4,15,6,9,24,2,22,15,7,8,25,13,12,4,2,2,11,7,4,2,0,2,8,4,4,1243,540,703