DISTRICT_CODE,DIVISION_CODE,DIVISION_NAME,Name_District,Mandal_Code,Name_Mandal,Village_Code,Ward,Level1,VName,TRU,No_HH,TOT_P,TOT_M,TOT_F,P_06,M_06,F_06,P_SC,M_SC,F_SC,P_ST,M_ST,F_ST,P_LIT,M_LIT,F_LIT,P_ILL,M_ILL,F_ILL,TOT_WORK_P,TOT_WORK_M,TOT_WORK_F,MAINWORK_P,MAINWORK_M,MAINWORK_F,MAIN_CL_P,MAIN_CL_M,MAIN_CL_F,MAIN_AL_P,MAIN_AL_M,MAIN_AL_F,MAIN_HH_P,MAIN_HH_M,MAIN_HH_F,MAIN_OT_P,MAIN_OT_M,MAIN_OT_F,MARGWORK_P,MARGWORK_M,MARGWORK_F,MARG_CL_P,MARG_CL_M,MARG_CL_F,MARG_AL_P,MARG_AL_M,MARG_AL_F,MARG_HH_P,MARG_HH_M,MARG_HH_F,MARG_OT_P,MARG_OT_M,MARG_OT_F,MARGWORK_3_6_P,MARGWORK_3_6_M,MARGWORK_3_6_F,MARG_CL_3_6_P,MARG_CL_3_6_M,MARG_CL_3_6_F,MARG_AL_3_6_P,MARG_AL_3_6_M,MARG_AL_3_6_F,MARG_HH_3_6_P,MARG_HH_3_6_M,MARG_HH_3_6_F,MARG_OT_3_6_P,MARG_OT_3_6_M,MARG_OT_3_6_F,MARGWORK_0_3_P,MARGWORK_0_3_M,MARGWORK_0_3_F,MARG_CL_0_3_P,MARG_CL_0_3_M,MARG_CL_0_3_F,MARG_AL_0_3_P,MARG_AL_0_3_M,MARG_AL_0_3_F,MARG_HH_0_3_P,MARG_HH_0_3_M,MARG_HH_0_3_F,MARG_OT_0_3_P,MARG_OT_0_3_M,MARG_OT_0_3_F,NON_WORK_P,NON_WORK_M,NON_WORK_F
28,92,Kalwakurthy,Nagarkurnool,06,Veldanda,575308,0000,VILLAGE,Kuppagandla,Rural,876,3785,1897,1888,566,299,267,455,231,224,1873,966,907,1500,922,578,2285,975,1310,1960,1004,956,1929,989,940,915,568,347,737,185,552,6,3,3,271,233,38,31,15,16,4,3,1,13,4,9,0,0,0,14,8,6,31,15,16,4,3,1,13,4,9,0,0,0,14,8,6,0,0,0,0,0,0,0,0,0,0,0,0,0,0,0,1825,893,932
28,92,Kalwakurthy,Nagarkurnool,06,Veldanda,575309,0000,VILLAGE,Peddapur,Rural,567,2240,1140,1100,251,145,106,580,299,281,289,152,137,1161,718,443,1079,422,657,1164,631,533,1157,627,530,274,154,120,613,262,351,4,1,3,266,210,56,7,4,3,2,1,1,4,2,2,0,0,0,1,1,0,4,2,2,1,1,0,3,1,2,0,0,0,0,0,0,3,2,1,1,0,1,1,1,0,0,0,0,1,1,0,1076,509,567
28,92,Kalwakurthy,Nagarkurnool,06,Veldanda,575310,0000,VILLAGE,Cherkur,Rural,1412,5810,2976,2834,736,372,364,1006,512,494,2178,1134,1044,2395,1560,835,3415,1416,1999,3444,1804,1640,2801,1523,1278,1356,874,482,1066,333,733,43,31,12,336,285,51,643,281,362,40,33,7,506,180,326,18,7,11,79,61,18,551,212,339,9,5,4,450,143,307,18,7,11,74,57,17,92,69,23,31,28,3,56,37,19,0,0,0,5,4,1,2366,1172,1194
28,92,Kalwakurthy,Nagarkurnool,06,Veldanda,575311,0000,VILLAGE,Koneduvada,Rural,112,482,255,227,100,54,46,0,0,0,467,246,221,120,89,31,362,166,196,297,149,148,292,144,148,178,101,77,100,33,67,1,0,1,13,10,3,5,5,0,4,4,0,0,0,0,0,0,0,1,1,0,2,2,0,1,1,0,0,0,0,0,0,0,1,1,0,3,3,0,3,3,0,0,0,0,0,0,0,0,0,0,185,106,79
28,92,Kalwakurthy,Nagarkurnool,06,Veldanda,575312,0000,VILLAGE,Bollampalle,Rural,589,2318,1176,1142,271,149,122,608,308,300,352,185,167,1072,652,420,1246,524,722,1368,697,671,1356,689,667,594,373,221,632,209,423,5,4,1,125,103,22,12,8,4,1,0,1,9,6,3,0,0,0,2,2,0,5,4,1,1,0,1,4,4,0,0,0,0,0,0,0,7,4,3,0,0,0,5,2,3,0,0,0,2,2,0,950,479,471
28,92,Kalwakurthy,Nagarkurnool,06,Veldanda,575313,0000,VILLAGE,Chedurvalli,Rural,634,2648,1386,1262,318,187,131,478,247,231,1610,860,750,1037,682,355,1611,704,907,1677,888,789,1532,811,721,538,328,210,700,261,439,7,6,1,287,216,71,145,77,68,49,24,25,37,10,27,10,5,5,49,38,11,121,66,55,44,22,22,24,7,17,10,5,5,43,32,11,24,11,13,5,2,3,13,3,10,0,0,0,6,6,0,971,498,473
28,92,Kalwakurthy,Nagarkurnool,06,Veldanda,575314,0000,VILLAGE,Ajilapur,Rural,560,2039,1055,984,245,132,113,353,184,169,410,206,204,838,528,310,1201,527,674,1202,631,571,1069,578,491,389,324,65,506,104,402,5,5,0,169,145,24,133,53,80,3,1,2,76,24,52,6,2,4,48,26,22,74,27,47,3,1,2,32,6,26,5,2,3,34,18,16,59,26,33,0,0,0,44,18,26,1,0,1,14,8,6,837,424,413
28,92,Kalwakurthy,Nagarkurnool,06,Veldanda,575315,0000,VILLAGE,Bhairpur,Rural,444,1851,932,919,241,121,120,329,159,170,524,266,258,732,467,265,1119,465,654,1086,569,517,966,515,451,417,251,166,412,156,256,10,9,1,127,99,28,120,54,66,6,3,3,70,32,38,0,0,0,44,19,25,119,53,66,6,3,3,70,32,38,0,0,0,43,18,25,1,1,0,0,0,0,0,0,0,0,0,0,1,1,0,765,363,402
28,92,Kalwakurthy,Nagarkurnool,07,Charakonda,575316,0000,VILLAGE,Seriappareddipalle,Rural,244,912,442,470,104,45,59,209,98,111,383,188,195,373,239,134,539,203,336,571,282,289,526,274,252,215,109,106,170,47,123,3,3,0,138,115,23,45,8,37,8,4,4,29,2,27,0,0,0,8,2,6,16,2,14,4,2,2,6,0,6,0,0,0,6,0,6,29,6,23,4,2,2,23,2,21,0,0,0,2,2,0,341,160,181
28,92,Kalwakurthy,Nagarkurnool,07,Charakonda,575317,0000,VILLAGE,Gokaram,Rural,482,1924,951,973,208,107,101,469,230,239,10,6,4,791,480,311,1133,471,662,1157,591,566,1130,584,546,485,313,172,462,123,339,18,11,7,165,137,28,27,7,20,3,1,2,15,4,11,3,0,3,6,2,4,23,7,16,3,1,2,13,4,9,1,0,1,6,2,4,4,0,4,0,0,0,2,0,2,2,0,2,0,0,0,767,360,407
28,92,Kalwakurthy,Nagarkurnool,06,Veldanda,575318,0000,VILLAGE,Yerravalli,Rural,141,501,261,240,74,41,33,153,86,67,218,107,111,223,150,73,278,111,167,294,146,148,283,137,146,3,2,1,274,129,145,1,1,0,5,5,0,11,9,2,0,0,0,10,9,1,0,0,0,1,0,1,11,9,2,0,0,0,10,9,1,0,0,0,1,0,1,0,0,0,0,0,0,0,0,0,0,0,0,0,0,0,207,115,92
28,92,Kalwakurthy,Nagarkurnool,06,Veldanda,575319,0000,VILLAGE,Pothepalle,Rural,721,3126,1603,1523,407,210,197,322,163,159,1526,807,719,1191,782,409,1935,821,1114,1699,856,843,1669,843,826,850,537,313,628,155,473,21,17,4,170,134,36,30,13,17,7,5,2,10,2,8,5,2,3,8,4,4,30,13,17,7,5,2,10,2,8,5,2,3,8,4,4,0,0,0,0,0,0,0,0,0,0,0,0,0,0,0,1427,747,680
28,92,Kalwakurthy,Nagarkurnool,06,Veldanda,575320,0000,VILLAGE,Gundal,Rural,144,610,319,291,72,42,30,365,187,178,0,0,0,293,198,95,317,121,196,334,170,164,333,170,163,109,66,43,148,52,96,0,0,0,76,52,24,1,0,1,0,0,0,1,0,1,0,0,0,0,0,0,1,0,1,0,0,0,1,0,1,0,0,0,0,0,0,0,0,0,0,0,0,0,0,0,0,0,0,0,0,0,276,149,127
28,92,Kalwakurthy,Nagarkurnool,06,Veldanda,575321,0000,VILLAGE,Veldanda,Rural,1380,5697,2804,2893,554,284,270,1413,669,744,174,76,98,2991,1756,1235,2706,1048,1658,2936,1652,1284,2660,1545,1115,810,532,278,1050,385,665,50,25,25,750,603,147,276,107,169,60,25,35,191,68,123,5,1,4,20,13,7,230,85,145,59,25,34,149,48,101,4,0,4,18,12,6,46,22,24,1,0,1,42,20,22,1,1,0,2,1,1,2761,1152,1609
28,92,Kalwakurthy,Nagarkurnool,06,Veldanda,575323,0000,VILLAGE,Rachur,Rural,695,2615,1324,1291,356,179,177,655,336,319,272,135,137,1253,775,478,1362,549,813,1425,793,632,1135,697,438,401,263,138,627,343,284,12,10,2,95,81,14,290,96,194,33,16,17,238,73,165,4,1,3,15,6,9,240,65,175,14,4,10,208,54,154,4,1,3,14,6,8,50,31,19,19,12,7,30,19,11,0,0,0,1,0,1,1190,531,659
28,92,Kalwakurthy,Nagarkurnool,06,Veldanda,575324,0000,VILLAGE,Kotra,Rural,656,2693,1335,1358,303,141,162,781,403,378,252,125,127,1115,684,431,1578,651,927,1562,815,747,1347,751,596,826,472,354,370,158,212,18,10,8,133,111,22,215,64,151,5,3,2,149,32,117,44,16,28,17,13,4,161,42,119,5,3,2,126,25,101,19,5,14,11,9,2,54,22,32,0,0,0,23,7,16,25,11,14,6,4,2,1131,520,611
28,92,Kalwakurthy,Nagarkurnool,09,Kalwakurthy,575325,0000,VILLAGE,Tandra,Rural,540,2293,1141,1152,229,123,106,845,401,444,30,11,19,1048,624,424,1245,517,728,1258,668,590,1136,634,502,434,251,183,397,140,257,7,4,3,298,239,59,122,34,88,14,7,7,96,20,76,0,0,0,12,7,5,104,29,75,11,6,5,81,16,65,0,0,0,12,7,5,18,5,13,3,1,2,15,4,11,0,0,0,0,0,0,1035,473,562
28,92,Kalwakurthy,Nagarkurnool,06,Veldanda,575326,0000,VILLAGE,Lingareddipalle,Rural,184,798,417,381,100,58,42,271,144,127,0,0,0,460,288,172,338,129,209,460,234,226,458,232,226,274,181,93,155,26,129,0,0,0,29,25,4,2,2,0,1,1,0,1,1,0,0,0,0,0,0,0,2,2,0,1,1,0,1,1,0,0,0,0,0,0,0,0,0,0,0,0,0,0,0,0,0,0,0,0,0,0,338,183,155
28,92,Kalwakurthy,Nagarkurnool,07,Charakonda,575327,0000,VILLAGE,Jupalle,Rural,886,3664,1862,1802,502,260,242,880,456,424,407,210,197,1429,895,534,2235,967,1268,2041,1080,961,1806,996,810,678,468,210,846,291,555,6,4,2,276,233,43,235,84,151,145,50,95,60,12,48,0,0,0,30,22,8,150,34,116,75,8,67,46,4,42,0,0,0,29,22,7,85,50,35,70,42,28,14,8,6,0,0,0,1,0,1,1623,782,841
28,92,Kalwakurthy,Nagarkurnool,05,Urkonda,575338,0000,VILLAGE,Jagboinpalle,Rural,329,1448,723,725,165,84,81,356,167,189,178,97,81,779,461,318,669,262,407,800,416,384,730,383,347,484,257,227,133,51,82,25,18,7,88,57,31,70,33,37,28,12,16,18,7,11,1,0,1,23,14,9,69,32,37,28,12,16,18,7,11,1,0,1,22,13,9,1,1,0,0,0,0,0,0,0,0,0,0,1,1,0,648,307,341
28,92,Kalwakurthy,Nagarkurnool,05,Urkonda,575339,0000,VILLAGE,Ramreddipalle,Rural,425,1694,844,850,213,108,105,197,97,100,199,97,102,719,446,273,975,398,577,1019,476,543,990,466,524,387,333,54,522,79,443,11,8,3,70,46,24,29,10,19,8,7,1,16,0,16,2,2,0,3,1,2,26,8,18,8,7,1,16,0,16,0,0,0,2,1,1,3,2,1,0,0,0,0,0,0,2,2,0,1,0,1,675,368,307
28,92,Kalwakurthy,Nagarkurnool,05,Urkonda,575340,0000,VILLAGE,Bommarasipalle,Rural,331,1335,668,667,185,96,89,266,135,131,76,33,43,717,436,281,618,232,386,703,383,320,700,382,318,520,278,242,74,19,55,3,2,1,103,83,20,3,1,2,1,0,1,0,0,0,0,0,0,2,1,1,3,1,2,1,0,1,0,0,0,0,0,0,2,1,1,0,0,0,0,0,0,0,0,0,0,0,0,0,0,0,632,285,347
28,92,Kalwakurthy,Nagarkurnool,05,Urkonda,575341,0000,VILLAGE,Jakanalapalle,Rural,346,1465,737,728,181,90,91,431,213,218,206,106,100,675,425,250,790,312,478,827,437,390,820,433,387,403,222,181,328,136,192,19,13,6,70,62,8,7,4,3,2,2,0,3,1,2,0,0,0,2,1,1,6,4,2,2,2,0,3,1,2,0,0,0,1,1,0,1,0,1,0,0,0,0,0,0,0,0,0,1,0,1,638,300,338
28,92,Kalwakurthy,Nagarkurnool,05,Urkonda,575342,0000,VILLAGE,Ippaipahad,Rural,255,1070,530,540,114,56,58,479,228,251,0,0,0,512,309,203,558,221,337,657,335,322,657,335,322,332,173,159,255,99,156,0,0,0,70,63,7,0,0,0,0,0,0,0,0,0,0,0,0,0,0,0,0,0,0,0,0,0,0,0,0,0,0,0,0,0,0,0,0,0,0,0,0,0,0,0,0,0,0,0,0,0,413,195,218
28,92,Kalwakurthy,Nagarkurnool,05,Urkonda,575343,0000,VILLAGE,Urkondapeta,Rural,621,2655,1426,1229,334,173,161,618,347,271,298,150,148,1506,958,548,1149,468,681,1295,738,557,1043,654,389,488,311,177,231,89,142,26,14,12,298,240,58,252,84,168,65,24,41,127,24,103,7,3,4,53,33,20,233,79,154,63,24,39,115,21,94,5,3,2,50,31,19,19,5,14,2,0,2,12,3,9,2,0,2,3,2,1,1360,688,672
28,92,Kalwakurthy,Nagarkurnool,05,Urkonda,575344,0000,VILLAGE,Narsampalle,Rural,110,471,236,235,68,38,30,176,84,92,22,12,10,218,124,94,253,112,141,227,118,109,223,115,108,161,100,61,59,12,47,0,0,0,3,3,0,4,3,1,3,2,1,1,1,0,0,0,0,0,0,0,2,1,1,1,0,1,1,1,0,0,0,0,0,0,0,2,2,0,2,2,0,0,0,0,0,0,0,0,0,0,244,118,126
28,92,Kalwakurthy,Nagarkurnool,05,Urkonda,575345,0000,VILLAGE,Urkonda,Rural,635,2814,1391,1423,338,154,184,911,440,471,48,24,24,1471,900,571,1343,491,852,1556,824,732,1486,783,703,482,276,206,680,267,413,19,10,9,305,230,75,70,41,29,8,6,2,11,2,9,0,0,0,51,33,18,70,41,29,8,6,2,11,2,9,0,0,0,51,33,18,0,0,0,0,0,0,0,0,0,0,0,0,0,0,0,1258,567,691
28,92,Kalwakurthy,Nagarkurnool,05,Urkonda,575346,0000,VILLAGE,Revally,Rural,421,1835,905,930,255,128,127,570,273,297,8,3,5,911,561,350,924,344,580,964,518,446,920,502,418,500,316,184,326,111,215,11,9,2,83,66,17,44,16,28,2,2,0,4,1,3,9,6,3,29,7,22,34,11,23,2,2,0,4,1,3,7,5,2,21,3,18,10,5,5,0,0,0,0,0,0,2,1,1,8,4,4,871,387,484
28,92,Kalwakurthy,Nagarkurnool,05,Urkonda,575353,0000,VILLAGE,Gudiganpalle,Rural,375,1703,839,864,217,106,111,743,366,377,0,0,0,893,523,370,810,316,494,836,476,360,549,400,149,232,197,35,207,106,101,1,1,0,109,96,13,287,76,211,11,3,8,253,59,194,0,0,0,23,14,9,286,76,210,11,3,8,253,59,194,0,0,0,22,14,8,1,0,1,0,0,0,0,0,0,0,0,0,1,0,1,867,363,504
28,92,Kalwakurthy,Nagarkurnool,05,Urkonda,575354,0000,VILLAGE,Madharam,Rural,867,3486,1788,1698,433,225,208,762,407,355,36,20,16,1704,1057,647,1782,731,1051,1794,1016,778,1543,934,609,654,421,233,542,212,330,11,7,4,336,294,42,251,82,169,48,16,32,166,48,118,3,1,2,34,17,17,226,75,151,48,16,32,143,41,102,3,1,2,32,17,15,25,7,18,0,0,0,23,7,16,0,0,0,2,0,2,1692,772,920
28,92,Kalwakurthy,Nagarkurnool,05,Urkonda,575355,0000,VILLAGE,Rachalapalle,Rural,478,1980,993,987,199,101,98,607,308,299,118,64,54,964,594,370,1016,399,617,1137,569,568,1120,559,561,690,390,300,320,79,241,27,21,6,83,69,14,17,10,7,0,0,0,8,2,6,5,4,1,4,4,0,12,6,6,0,0,0,8,2,6,2,2,0,2,2,0,5,4,1,0,0,0,0,0,0,3,2,1,2,2,0,843,424,419
28,91,Nagarkurnool,Nagarkurnool,01,Thimmajipeta,575557,0000,VILLAGE,Pullagiri,Rural,497,2600,1337,1263,555,318,237,143,73,70,2198,1131,1067,666,446,220,1934,891,1043,1385,675,710,1349,663,686,763,403,360,473,183,290,3,2,1,110,75,35,36,12,24,15,8,7,14,3,11,1,1,0,6,0,6,18,4,14,6,2,4,10,2,8,0,0,0,2,0,2,18,8,10,9,6,3,4,1,3,1,1,0,4,0,4,1215,662,553
28,91,Nagarkurnool,Nagarkurnool,01,Thimmajipeta,575558,0000,VILLAGE,Marikal,Rural,680,3096,1539,1557,397,208,189,417,208,209,963,509,454,1417,849,568,1679,690,989,1750,890,860,1662,843,819,623,408,215,633,163,470,58,15,43,348,257,91,88,47,41,8,4,4,18,7,11,2,1,1,60,35,25,88,47,41,8,4,4,18,7,11,2,1,1,60,35,25,0,0,0,0,0,0,0,0,0,0,0,0,0,0,0,1346,649,697
28,91,Nagarkurnool,Nagarkurnool,01,Thimmajipeta,575559,0000,VILLAGE,Ippalapalle,Rural,431,1915,967,948,244,138,106,489,247,242,507,249,258,959,566,393,956,401,555,1077,543,534,926,464,462,308,178,130,477,185,292,14,10,4,127,91,36,151,79,72,10,5,5,85,34,51,8,3,5,48,37,11,150,79,71,10,5,5,85,34,51,8,3,5,47,37,10,1,0,1,0,0,0,0,0,0,0,0,0,1,0,1,838,424,414
28,91,Nagarkurnool,Nagarkurnool,01,Thimmajipeta,575560,0000,VILLAGE,Avancha,Rural,1156,5022,2524,2498,706,379,327,650,339,311,1338,682,656,2061,1255,806,2961,1269,1692,2711,1394,1317,2131,1135,996,477,318,159,1419,638,781,9,5,4,226,174,52,580,259,321,70,30,40,460,193,267,10,6,4,40,30,10,531,248,283,55,26,29,428,186,242,8,6,2,40,30,10,49,11,38,15,4,11,32,7,25,2,0,2,0,0,0,2311,1130,1181
28,91,Nagarkurnool,Nagarkurnool,01,Thimmajipeta,575561,0000,VILLAGE,Budhasamudram,Rural,379,1535,769,766,169,93,76,298,146,152,0,0,0,852,508,344,683,261,422,779,423,356,768,420,348,241,144,97,384,166,218,14,11,3,129,99,30,11,3,8,0,0,0,7,1,6,1,0,1,3,2,1,11,3,8,0,0,0,7,1,6,1,0,1,3,2,1,0,0,0,0,0,0,0,0,0,0,0,0,0,0,0,756,346,410
28,91,Nagarkurnool,Nagarkurnool,01,Thimmajipeta,575562,0000,VILLAGE,Nerellapalle,Rural,346,1515,770,745,174,84,90,400,198,202,11,9,2,742,444,298,773,326,447,863,452,411,859,452,407,234,125,109,541,266,275,3,2,1,81,59,22,4,0,4,0,0,0,0,0,0,0,0,0,4,0,4,3,0,3,0,0,0,0,0,0,0,0,0,3,0,3,1,0,1,0,0,0,0,0,0,0,0,0,1,0,1,652,318,334
28,91,Nagarkurnool,Nagarkurnool,01,Thimmajipeta,575563,0000,VILLAGE,Marepalle,Rural,812,3479,1741,1738,431,229,202,1094,535,559,44,25,19,1677,970,707,1802,771,1031,2115,1040,1075,2066,1029,1037,1197,676,521,679,221,458,11,6,5,179,126,53,49,11,38,4,0,4,11,4,7,2,0,2,32,7,25,22,7,15,2,0,2,10,3,7,1,0,1,9,4,5,27,4,23,2,0,2,1,1,0,1,0,1,23,3,20,1364,701,663
28,91,Nagarkurnool,Nagarkurnool,01,Thimmajipeta,575564,0000,VILLAGE,Vedirepalle,Rural,374,1764,867,897,275,143,132,304,151,153,332,161,171,775,442,333,989,425,564,932,482,450,742,455,287,450,302,148,244,112,132,2,0,2,46,41,5,190,27,163,9,8,1,150,5,145,0,0,0,31,14,17,189,27,162,8,8,0,150,5,145,0,0,0,31,14,17,1,0,1,1,0,1,0,0,0,0,0,0,0,0,0,832,385,447
28,91,Nagarkurnool,Nagarkurnool,01,Thimmajipeta,575565,0000,VILLAGE,Thimmajipet,Rural,754,3489,1676,1813,424,223,201,721,355,366,31,10,21,1916,1018,898,1573,658,915,1468,891,577,1416,869,547,174,142,32,578,197,381,7,5,2,657,525,132,52,22,30,6,4,2,25,5,20,2,1,1,19,12,7,50,20,30,6,4,2,25,5,20,2,1,1,17,10,7,2,2,0,0,0,0,0,0,0,0,0,0,2,2,0,2021,785,1236
28,91,Nagarkurnool,Nagarkurnool,01,Thimmajipeta,575567,0000,VILLAGE,Gorita,Rural,689,3136,1585,1551,409,217,192,718,357,361,184,91,93,1449,875,574,1687,710,977,1936,989,947,1747,890,857,653,327,326,680,304,376,123,76,47,291,183,108,189,99,90,62,30,32,43,21,22,2,2,0,82,46,36,124,59,65,43,18,25,32,15,17,2,2,0,47,24,23,65,40,25,19,12,7,11,6,5,0,0,0,35,22,13,1200,596,604
28,91,Nagarkurnool,Nagarkurnool,01,Thimmajipeta,575568,0000,VILLAGE,Chegunta,Rural,454,2380,1203,1177,250,133,117,424,205,219,16,5,11,1241,728,513,1139,475,664,1343,680,663,486,315,171,190,150,40,172,73,99,22,19,3,102,73,29,857,365,492,10,5,5,779,326,453,24,14,10,44,20,24,839,362,477,10,5,5,768,326,442,23,14,9,38,17,21,18,3,15,0,0,0,11,0,11,1,0,1,6,3,3,1037,523,514
28,91,Nagarkurnool,Nagarkurnool,01,Thimmajipeta,575569,0000,VILLAGE,Bajipuram,Rural,359,1642,861,781,245,138,107,393,204,189,599,321,278,587,384,203,1055,477,578,807,427,380,793,420,373,308,260,48,414,108,306,6,2,4,65,50,15,14,7,7,7,4,3,2,0,2,1,1,0,4,2,2,13,6,7,7,4,3,2,0,2,1,1,0,3,1,2,1,1,0,0,0,0,0,0,0,0,0,0,1,1,0,835,434,401
28,91,Nagarkurnool,Nagarkurnool,01,Thimmajipeta,575570,0000,VILLAGE,Gummakonda,Rural,294,1463,723,740,206,107,99,288,134,154,239,123,116,724,407,317,739,316,423,692,402,290,675,396,279,220,162,58,227,51,176,5,5,0,223,178,45,17,6,11,1,0,1,3,1,2,0,0,0,13,5,8,17,6,11,1,0,1,3,1,2,0,0,0,13,5,8,0,0,0,0,0,0,0,0,0,0,0,0,0,0,0,771,321,450
28,91,Nagarkurnool,Nagarkurnool,01,Thimmajipeta,575571,0000,VILLAGE,Appajipalle,Rural,201,907,457,450,98,55,43,215,106,109,2,1,1,407,237,170,500,220,280,555,284,271,510,266,244,98,85,13,389,164,225,4,1,3,19,16,3,45,18,27,7,2,5,36,14,22,0,0,0,2,2,0,36,13,23,7,2,5,27,9,18,0,0,0,2,2,0,9,5,4,0,0,0,9,5,4,0,0,0,0,0,0,352,173,179
28,91,Nagarkurnool,Nagarkurnool,01,Thimmajipeta,575572,0000,VILLAGE,Koduparthy,Rural,411,1896,980,916,247,132,115,111,61,50,163,88,75,831,509,322,1065,471,594,1157,604,553,844,507,337,364,243,121,359,165,194,4,3,1,117,96,21,313,97,216,62,23,39,222,61,161,4,1,3,25,12,13,231,57,174,45,14,31,167,35,132,2,1,1,17,7,10,82,40,42,17,9,8,55,26,29,2,0,2,8,5,3,739,376,363
28,91,Nagarkurnool,Nagarkurnool,01,Thimmajipeta,575574,0000,VILLAGE,Bhavajipalle,Rural,407,1746,860,886,233,123,110,405,198,207,5,3,2,705,423,282,1041,437,604,845,480,365,821,468,353,245,197,48,518,221,297,1,1,0,57,49,8,24,12,12,2,0,2,9,1,8,9,8,1,4,3,1,24,12,12,2,0,2,9,1,8,9,8,1,4,3,1,0,0,0,0,0,0,0,0,0,0,0,0,0,0,0,901,380,521
28,91,Nagarkurnool,Nagarkurnool,01,Thimmajipeta,575575,0000,VILLAGE,Pothireddipalle,Rural,629,2839,1412,1427,355,181,174,694,344,350,223,112,111,1315,764,551,1524,648,876,1638,893,745,1250,691,559,425,289,136,644,271,373,11,8,3,170,123,47,388,202,186,42,23,19,323,164,159,0,0,0,23,15,8,159,94,65,31,16,15,106,63,43,0,0,0,22,15,7,229,108,121,11,7,4,217,101,116,0,0,0,1,0,1,1201,519,682
28,92,Kalwakurthy,Nagarkurnool,09,Kalwakurthy,575576,0000,VILLAGE,Velkatta,Rural,355,1596,822,774,205,109,96,316,160,156,148,82,66,660,416,244,936,406,530,960,501,459,935,488,447,405,220,185,441,196,245,7,6,1,82,66,16,25,13,12,3,1,2,12,5,7,2,2,0,8,5,3,24,12,12,2,0,2,12,5,7,2,2,0,8,5,3,1,1,0,1,1,0,0,0,0,0,0,0,0,0,0,636,321,315
28,92,Kalwakurthy,Nagarkurnool,09,Kalwakurthy,575577,0000,VILLAGE,Venkatapoor (Patti Maligara),Rural,331,1253,652,601,156,81,75,266,135,131,339,181,158,534,354,180,719,298,421,709,357,352,698,352,346,482,271,211,176,50,126,0,0,0,40,31,9,11,5,6,0,0,0,5,0,5,1,0,1,5,5,0,10,5,5,0,0,0,5,0,5,0,0,0,5,5,0,1,0,1,0,0,0,0,0,0,1,0,1,0,0,0,544,295,249
28,92,Kalwakurthy,Nagarkurnool,09,Kalwakurthy,575578,0000,VILLAGE,Jeedipalle,Rural,274,1177,611,566,167,84,83,117,62,55,190,105,85,567,365,202,610,246,364,732,385,347,727,383,344,498,260,238,195,96,99,0,0,0,34,27,7,5,2,3,2,1,1,3,1,2,0,0,0,0,0,0,5,2,3,2,1,1,3,1,2,0,0,0,0,0,0,0,0,0,0,0,0,0,0,0,0,0,0,0,0,0,445,226,219
28,92,Kalwakurthy,Nagarkurnool,09,Kalwakurthy,575579,0000,VILLAGE,Kurmidda,Rural,406,1532,755,777,211,93,118,489,245,244,279,130,149,774,480,294,758,275,483,844,434,410,693,405,288,197,171,26,425,174,251,25,25,0,46,35,11,151,29,122,4,0,4,122,14,108,22,14,8,3,1,2,150,29,121,4,0,4,122,14,108,21,14,7,3,1,2,1,0,1,0,0,0,0,0,0,1,0,1,0,0,0,688,321,367
28,92,Kalwakurthy,Nagarkurnool,09,Kalwakurthy,575580,0000,VILLAGE,Marchal,Rural,986,3956,2016,1940,430,215,215,853,421,432,36,19,17,2075,1288,787,1881,728,1153,2176,1171,1005,2095,1143,952,527,320,207,829,304,525,89,55,34,650,464,186,81,28,53,11,2,9,43,12,31,2,1,1,25,13,12,71,22,49,10,2,8,40,9,31,1,0,1,20,11,9,10,6,4,1,0,1,3,3,0,1,1,0,5,2,3,1780,845,935
28,92,Kalwakurthy,Nagarkurnool,09,Kalwakurthy,575581,0000,VILLAGE,Jillella,Rural,510,2277,1141,1136,261,121,140,497,234,263,16,11,5,1224,738,486,1053,403,650,1288,684,604,1222,665,557,268,183,85,738,327,411,12,5,7,204,150,54,66,19,47,15,4,11,41,9,32,0,0,0,10,6,4,66,19,47,15,4,11,41,9,32,0,0,0,10,6,4,0,0,0,0,0,0,0,0,0,0,0,0,0,0,0,989,457,532
28,92,Kalwakurthy,Nagarkurnool,09,Kalwakurthy,575582,0000,VILLAGE,Tharnikal,Rural,1092,4277,2158,2119,595,292,303,651,317,334,608,306,302,1835,1133,702,2442,1025,1417,2420,1244,1176,2174,1179,995,755,500,255,1084,404,680,23,14,9,312,261,51,246,65,181,8,2,6,178,25,153,2,0,2,58,38,20,102,43,59,6,2,4,52,13,39,2,0,2,42,28,14,144,22,122,2,0,2,126,12,114,0,0,0,16,10,6,1857,914,943
28,92,Kalwakurthy,Nagarkurnool,09,Kalwakurthy,575583,0000,VILLAGE,Thotapalle,Rural,493,1887,952,935,205,103,102,566,273,293,6,2,4,897,534,363,990,418,572,1184,607,577,1173,598,575,1149,584,565,13,5,8,3,2,1,8,7,1,11,9,2,11,9,2,0,0,0,0,0,0,0,0,0,10,8,2,10,8,2,0,0,0,0,0,0,0,0,0,1,1,0,1,1,0,0,0,0,0,0,0,0,0,0,703,345,358
28,92,Kalwakurthy,Nagarkurnool,09,Kalwakurthy,575584,0000,VILLAGE,Bekkara,Rural,142,563,292,271,38,15,23,183,96,87,0,0,0,307,195,112,256,97,159,318,177,141,128,84,44,89,53,36,18,13,5,1,1,0,20,17,3,190,93,97,3,1,2,175,81,94,3,2,1,9,9,0,78,38,40,2,1,1,74,36,38,1,0,1,1,1,0,112,55,57,1,0,1,101,45,56,2,2,0,8,8,0,245,115,130
28,92,Kalwakurthy,Nagarkurnool,09,Kalwakurthy,575585,0000,VILLAGE,Vepur,Rural,297,1198,604,594,154,78,76,373,182,191,11,7,4,480,294,186,718,310,408,719,380,339,652,365,287,59,42,17,452,205,247,3,2,1,138,116,22,67,15,52,0,0,0,64,13,51,1,0,1,2,2,0,59,11,48,0,0,0,57,10,47,1,0,1,1,1,0,8,4,4,0,0,0,7,3,4,0,0,0,1,1,0,479,224,255
28,92,Kalwakurthy,Nagarkurnool,09,Kalwakurthy,575586,0000,VILLAGE,Suddakal,Rural,224,970,481,489,127,63,64,248,119,129,8,4,4,384,232,152,586,249,337,554,285,269,554,285,269,225,118,107,236,88,148,4,4,0,89,75,14,0,0,0,0,0,0,0,0,0,0,0,0,0,0,0,0,0,0,0,0,0,0,0,0,0,0,0,0,0,0,0,0,0,0,0,0,0,0,0,0,0,0,0,0,0,416,196,220
28,92,Kalwakurthy,Nagarkurnool,09,Kalwakurthy,575587,0000,VILLAGE,Panjugul,Rural,797,3279,1694,1585,368,188,180,1196,626,570,77,40,37,1570,993,577,1709,701,1008,1863,1005,858,1818,984,834,911,507,404,525,166,359,26,20,6,356,291,65,45,21,24,0,0,0,29,9,20,2,1,1,14,11,3,41,19,22,0,0,0,27,8,19,2,1,1,12,10,2,4,2,2,0,0,0,2,1,1,0,0,0,2,1,1,1416,689,727
28,92,Kalwakurthy,Nagarkurnool,09,Kalwakurthy,575588,0000,VILLAGE,Yellikal,Rural,1086,4201,2140,2061,503,252,251,1286,655,631,258,133,125,1956,1214,742,2245,926,1319,2416,1267,1149,2353,1219,1134,979,539,440,1023,415,608,25,16,9,326,249,77,63,48,15,4,2,2,5,2,3,6,5,1,48,39,9,59,46,13,3,2,1,5,2,3,6,5,1,45,37,8,4,2,2,1,0,1,0,0,0,0,0,0,3,2,1,1785,873,912
28,92,Kalwakurthy,Nagarkurnool,09,Kalwakurthy,575589,0000,VILLAGE,Mukural,Rural,401,1655,825,830,168,90,78,492,251,241,17,8,9,713,442,271,942,383,559,1013,521,492,999,520,479,603,326,277,258,88,170,10,5,5,128,101,27,14,1,13,12,1,11,1,0,1,0,0,0,1,0,1,10,1,9,9,1,8,0,0,0,0,0,0,1,0,1,4,0,4,3,0,3,1,0,1,0,0,0,0,0,0,642,304,338
28,92,Kalwakurthy,Nagarkurnool,09,Kalwakurthy,575590,0000,VILLAGE,Gundur,Rural,540,2249,1132,1117,249,116,133,509,259,250,35,18,17,1162,716,446,1087,416,671,1232,669,563,1119,629,490,521,317,204,340,108,232,19,11,8,239,193,46,113,40,73,1,0,1,109,38,71,0,0,0,3,2,1,112,40,72,1,0,1,108,38,70,0,0,0,3,2,1,1,0,1,0,0,0,1,0,1,0,0,0,0,0,0,1017,463,554
28,92,Kalwakurthy,Nagarkurnool,09,Kalwakurthy,575591,0000,VILLAGE,Lingasanipalle,Rural,400,1591,799,792,211,113,98,532,273,259,19,11,8,594,368,226,997,431,566,1035,500,535,1028,497,531,510,252,258,335,131,204,5,1,4,178,113,65,7,3,4,3,1,2,0,0,0,0,0,0,4,2,2,7,3,4,3,1,2,0,0,0,0,0,0,4,2,2,0,0,0,0,0,0,0,0,0,0,0,0,0,0,0,556,299,257
28,92,Kalwakurthy,Nagarkurnool,09,Kalwakurthy,575592,0000,VILLAGE,Raghupathipeta,Rural,569,2374,1255,1119,274,142,132,799,434,365,17,13,4,1114,727,387,1260,528,732,1219,657,562,1212,654,558,304,172,132,654,276,378,20,18,2,234,188,46,7,3,4,0,0,0,5,2,3,0,0,0,2,1,1,7,3,4,0,0,0,5,2,3,0,0,0,2,1,1,0,0,0,0,0,0,0,0,0,0,0,0,0,0,0,1155,598,557
28,92,Kalwakurthy,Nagarkurnool,08,Vangoor,575594,0000,VILLAGE,Kondareddipalle,Rural,504,2268,1138,1130,300,167,133,559,293,266,9,3,6,935,563,372,1333,575,758,1500,751,749,1267,651,616,709,390,319,370,134,236,18,10,8,170,117,53,233,100,133,18,9,9,50,10,40,0,0,0,165,81,84,57,20,37,2,2,0,33,7,26,0,0,0,22,11,11,176,80,96,16,7,9,17,3,14,0,0,0,143,70,73,768,387,381
28,92,Kalwakurthy,Nagarkurnool,08,Vangoor,575595,0000,VILLAGE,Vangoor,Rural,1441,6345,3196,3149,621,312,309,1283,695,588,191,57,134,3321,1991,1330,3024,1205,1819,3441,1820,1621,3263,1741,1522,1472,848,624,1185,408,777,43,20,23,563,465,98,178,79,99,18,11,7,108,39,69,3,2,1,49,27,22,136,58,78,10,5,5,81,25,56,2,2,0,43,26,17,42,21,21,8,6,2,27,14,13,1,0,1,6,1,5,2904,1376,1528
28,92,Kalwakurthy,Nagarkurnool,08,Vangoor,575596,0000,VILLAGE,Sarvareddipalle,Rural,555,2522,1295,1227,418,238,180,506,254,252,1220,637,583,759,498,261,1763,797,966,1197,677,520,1037,601,436,553,456,97,433,104,329,5,2,3,46,39,7,160,76,84,25,15,10,72,29,43,8,4,4,55,28,27,143,69,74,23,14,9,60,25,35,7,4,3,53,26,27,17,7,10,2,1,1,12,4,8,1,0,1,2,2,0,1325,618,707
28,92,Kalwakurthy,Nagarkurnool,07,Charakonda,575597,0000,VILLAGE,Thimmaipalle,Rural,430,1754,856,898,200,107,93,337,179,158,892,414,478,773,470,303,981,386,595,1011,500,511,926,470,456,490,273,217,357,144,213,3,1,2,76,52,24,85,30,55,2,1,1,69,21,48,2,0,2,12,8,4,77,27,50,2,1,1,65,20,45,1,0,1,9,6,3,8,3,5,0,0,0,4,1,3,1,0,1,3,2,1,743,356,387
28,92,Kalwakurthy,Nagarkurnool,07,Charakonda,575598,0000,VILLAGE,Kamalapur,Rural,69,303,164,139,38,22,16,0,0,0,298,162,136,139,100,39,164,64,100,120,85,35,104,85,19,50,34,16,1,0,1,0,0,0,53,51,2,16,0,16,0,0,0,16,0,16,0,0,0,0,0,0,16,0,16,0,0,0,16,0,16,0,0,0,0,0,0,0,0,0,0,0,0,0,0,0,0,0,0,0,0,0,183,79,104
28,92,Kalwakurthy,Nagarkurnool,07,Charakonda,575599,0000,VILLAGE,Charakonda,Rural,1697,7201,3723,3478,911,471,440,1214,631,583,684,362,322,3286,2090,1196,3915,1633,2282,3926,2109,1817,3466,1991,1475,1073,666,407,1128,356,772,44,24,20,1221,945,276,460,118,342,35,19,16,299,30,269,12,1,11,114,68,46,412,107,305,28,16,12,267,27,240,10,0,10,107,64,43,48,11,37,7,3,4,32,3,29,2,1,1,7,4,3,3275,1614,1661
28,92,Kalwakurthy,Nagarkurnool,07,Charakonda,575600,0000,VILLAGE,Sirsangandla,Rural,1090,4792,2459,2333,650,348,302,634,334,300,2016,1037,979,2013,1289,724,2779,1170,1609,2639,1415,1224,2066,1245,821,1380,874,506,526,242,284,14,7,7,146,122,24,573,170,403,124,29,95,397,111,286,7,1,6,45,29,16,552,162,390,121,27,94,386,109,277,7,1,6,38,25,13,21,8,13,3,2,1,11,2,9,0,0,0,7,4,3,2153,1044,1109
28,92,Kalwakurthy,Nagarkurnool,08,Vangoor,575601,0000,VILLAGE,Konetipur,Rural,263,1061,539,522,126,66,60,243,122,121,72,38,34,500,303,197,561,236,325,660,350,310,657,349,308,273,197,76,337,113,224,1,1,0,46,38,8,3,1,2,2,0,2,0,0,0,0,0,0,1,1,0,2,1,1,1,0,1,0,0,0,0,0,0,1,1,0,1,0,1,1,0,1,0,0,0,0,0,0,0,0,0,401,189,212
28,92,Kalwakurthy,Nagarkurnool,08,Vangoor,575602,0000,VILLAGE,Gajra,Rural,322,1392,716,676,157,85,72,270,133,137,15,7,8,613,383,230,779,333,446,816,429,387,639,355,284,126,98,28,327,110,217,58,35,23,128,112,16,177,74,103,3,2,1,145,53,92,10,9,1,19,10,9,53,20,33,1,0,1,31,9,22,2,1,1,19,10,9,124,54,70,2,2,0,114,44,70,8,8,0,0,0,0,576,287,289
28,92,Kalwakurthy,Nagarkurnool,08,Vangoor,575603,0000,VILLAGE,Thirumalgiri,Rural,213,932,485,447,108,52,56,97,45,52,309,174,135,486,318,168,446,167,279,522,263,259,497,253,244,158,87,71,269,117,152,12,7,5,58,42,16,25,10,15,0,0,0,6,1,5,2,0,2,17,9,8,13,6,7,0,0,0,1,0,1,1,0,1,11,6,5,12,4,8,0,0,0,5,1,4,1,0,1,6,3,3,410,222,188
28,92,Kalwakurthy,Nagarkurnool,08,Vangoor,575604,0000,VILLAGE,Thippareddipalle,Rural,177,802,409,393,91,47,44,180,94,86,10,6,4,391,243,148,411,166,245,442,232,210,442,232,210,218,119,99,138,45,93,5,3,2,81,65,16,0,0,0,0,0,0,0,0,0,0,0,0,0,0,0,0,0,0,0,0,0,0,0,0,0,0,0,0,0,0,0,0,0,0,0,0,0,0,0,0,0,0,0,0,0,360,177,183
28,92,Kalwakurthy,Nagarkurnool,08,Vangoor,575605,0000,VILLAGE,Venkatapur (Patti Godal),Rural,150,634,312,322,88,46,42,195,100,95,0,0,0,233,135,98,401,177,224,370,183,187,369,182,187,334,167,167,31,11,20,0,0,0,4,4,0,1,1,0,0,0,0,0,0,0,0,0,0,1,1,0,1,1,0,0,0,0,0,0,0,0,0,0,1,1,0,0,0,0,0,0,0,0,0,0,0,0,0,0,0,0,264,129,135
28,92,Kalwakurthy,Nagarkurnool,08,Vangoor,575606,0000,VILLAGE,Uppalapahad,Rural,262,1133,555,578,151,70,81,307,146,161,7,3,4,567,345,222,566,210,356,651,351,300,597,337,260,273,158,115,155,30,125,6,5,1,163,144,19,54,14,40,4,2,2,33,2,31,0,0,0,17,10,7,39,12,27,2,1,1,24,2,22,0,0,0,13,9,4,15,2,13,2,1,1,9,0,9,0,0,0,4,1,3,482,204,278
28,92,Kalwakurthy,Nagarkurnool,08,Vangoor,575607,0000,VILLAGE,Polkampalle,Rural,950,3824,1948,1876,457,245,212,1134,571,563,12,6,6,1808,1119,689,2016,829,1187,2015,1141,874,1999,1138,861,636,507,129,1029,361,668,1,1,0,333,269,64,16,3,13,3,1,2,12,1,11,0,0,0,1,1,0,16,3,13,3,1,2,12,1,11,0,0,0,1,1,0,0,0,0,0,0,0,0,0,0,0,0,0,0,0,0,1809,807,1002
28,92,Kalwakurthy,Nagarkurnool,08,Vangoor,575608,0000,VILLAGE,Rangapur,Rural,1167,4752,2415,2337,559,290,269,553,276,277,450,253,197,2115,1349,766,2637,1066,1571,2765,1435,1330,2589,1373,1216,1177,715,462,982,330,652,55,34,21,375,294,81,176,62,114,107,22,85,14,0,14,3,1,2,52,39,13,176,62,114,107,22,85,14,0,14,3,1,2,52,39,13,0,0,0,0,0,0,0,0,0,0,0,0,0,0,0,1987,980,1007
28,92,Kalwakurthy,Nagarkurnool,08,Vangoor,575609,0000,VILLAGE,Annaram,Rural,256,1191,607,584,183,88,95,419,217,202,293,152,141,487,306,181,704,301,403,639,314,325,617,307,310,334,267,67,257,20,237,0,0,0,26,20,6,22,7,15,8,3,5,7,0,7,0,0,0,7,4,3,21,6,15,8,3,5,7,0,7,0,0,0,6,3,3,1,1,0,0,0,0,0,0,0,0,0,0,1,1,0,552,293,259
28,92,Kalwakurthy,Nagarkurnool,08,Vangoor,575610,0000,VILLAGE,Jogala,Rural,356,1393,682,711,213,103,110,444,214,230,217,104,113,567,341,226,826,341,485,839,437,402,813,427,386,453,259,194,276,98,178,7,4,3,77,66,11,26,10,16,5,2,3,15,4,11,0,0,0,6,4,2,25,10,15,5,2,3,14,4,10,0,0,0,6,4,2,1,0,1,0,0,0,1,0,1,0,0,0,0,0,0,554,245,309
28,92,Kalwakurthy,Nagarkurnool,08,Vangoor,575611,0000,VILLAGE,Pothareddipalle,Rural,220,971,497,474,105,50,55,307,152,155,6,2,4,414,255,159,557,242,315,573,296,277,545,283,262,203,126,77,237,85,152,3,3,0,102,69,33,28,13,15,0,0,0,10,4,6,3,2,1,15,7,8,25,11,14,0,0,0,8,2,6,3,2,1,14,7,7,3,2,1,0,0,0,2,2,0,0,0,0,1,0,1,398,201,197
28,92,Kalwakurthy,Nagarkurnool,08,Vangoor,575612,0000,VILLAGE,Ulpara,Rural,345,1505,761,744,194,98,96,349,177,172,8,3,5,586,368,218,919,393,526,846,449,397,825,440,385,497,269,228,155,43,112,12,9,3,161,119,42,21,9,12,10,8,2,2,0,2,0,0,0,9,1,8,17,6,11,6,5,1,2,0,2,0,0,0,9,1,8,4,3,1,4,3,1,0,0,0,0,0,0,0,0,0,659,312,347
28,92,Kalwakurthy,Nagarkurnool,08,Vangoor,575613,0000,VILLAGE,Mittasagude,Rural,328,1471,751,720,211,106,105,236,123,113,1,1,0,572,348,224,899,403,496,883,461,422,537,290,247,356,190,166,120,58,62,9,5,4,52,37,15,346,171,175,3,0,3,316,150,166,5,4,1,22,17,5,337,166,171,2,0,2,311,147,164,4,3,1,20,16,4,9,5,4,1,0,1,5,3,2,1,1,0,2,1,1,588,290,298
28,92,Kalwakurthy,Nagarkurnool,08,Vangoor,575614,0000,VILLAGE,Dindichinthalapalle,Rural,563,2149,1103,1046,301,156,145,659,342,317,11,6,5,948,591,357,1201,512,689,1201,639,562,1155,630,525,561,336,225,410,152,258,8,4,4,176,138,38,46,9,37,28,5,23,15,2,13,0,0,0,3,2,1,43,9,34,27,5,22,14,2,12,0,0,0,2,2,0,3,0,3,1,0,1,1,0,1,0,0,0,1,0,1,948,464,484
28,92,Kalwakurthy,Nagarkurnool,08,Vangoor,575615,0000,VILLAGE,Ummapur,Rural,197,809,413,396,109,59,50,322,159,163,6,4,2,327,200,127,482,213,269,498,248,250,491,245,246,245,230,15,224,7,217,1,0,1,21,8,13,7,3,4,2,2,0,3,0,3,0,0,0,2,1,1,7,3,4,2,2,0,3,0,3,0,0,0,2,1,1,0,0,0,0,0,0,0,0,0,0,0,0,0,0,0,311,165,146
28,92,Kalwakurthy,Nagarkurnool,08,Vangoor,575616,0000,VILLAGE,Nizamabad,Rural,251,909,487,422,99,54,45,327,175,152,10,4,6,423,286,137,486,201,285,550,286,264,545,285,260,363,195,168,107,35,72,12,6,6,63,49,14,5,1,4,0,0,0,1,0,1,0,0,0,4,1,3,3,0,3,0,0,0,1,0,1,0,0,0,2,0,2,2,1,1,0,0,0,0,0,0,0,0,0,2,1,1,359,201,158
28,93,Achampet,Nagarkurnool,13,Amrabad,575617,0000,VILLAGE,Mannanur,Rural,1230,5785,2567,3218,632,309,323,2287,892,1395,1718,812,906,3346,1676,1670,2439,891,1548,3133,1527,1606,2395,1266,1129,442,263,179,1032,438,594,129,67,62,792,498,294,738,261,477,27,16,11,288,73,215,44,10,34,379,162,217,687,238,449,24,14,10,274,70,204,33,6,27,356,148,208,51,23,28,3,2,1,14,3,11,11,4,7,23,14,9,2652,1040,1612
28,93,Achampet,Nagarkurnool,13,Amrabad,575618,0000,VILLAGE,Turkapalle,Rural,519,2280,1119,1161,237,124,113,1033,506,527,150,79,71,1090,639,451,1190,480,710,1317,655,662,1172,601,571,361,198,163,701,321,380,12,4,8,98,78,20,145,54,91,26,7,19,73,22,51,7,2,5,39,23,16,119,43,76,23,7,16,64,17,47,5,1,4,27,18,9,26,11,15,3,0,3,9,5,4,2,1,1,12,5,7,963,464,499
28,93,Achampet,Nagarkurnool,13,Amrabad,575619,0000,VILLAGE,Macharam,Rural,276,1072,524,548,111,60,51,724,353,371,149,72,77,524,311,213,548,213,335,474,254,220,290,177,113,240,149,91,30,12,18,1,1,0,19,15,4,184,77,107,1,1,0,178,73,105,0,0,0,5,3,2,183,76,107,0,0,0,178,73,105,0,0,0,5,3,2,1,1,0,1,1,0,0,0,0,0,0,0,0,0,0,598,270,328
28,93,Achampet,Nagarkurnool,13,Amrabad,575620,0000,VILLAGE,Amrabad,Rural,3290,13753,6857,6896,1557,805,752,5289,2649,2640,1145,559,586,6943,4173,2770,6810,2684,4126,7500,3823,3677,6700,3490,3210,3729,2043,1686,1791,614,1177,73,49,24,1107,784,323,800,333,467,74,31,43,446,162,284,39,18,21,241,122,119,656,278,378,63,28,35,381,143,238,34,14,20,178,93,85,144,55,89,11,3,8,65,19,46,5,4,1,63,29,34,6253,3034,3219
28,93,Achampet,Nagarkurnool,14,Padra,575621,0000,VILLAGE,Padra,Rural,1509,5464,2838,2626,611,340,271,1330,686,644,946,491,455,2494,1576,918,2970,1262,1708,3074,1529,1545,2094,1099,995,1055,573,482,727,307,420,42,27,15,270,192,78,980,430,550,26,15,11,861,365,496,8,5,3,85,45,40,946,413,533,24,14,10,836,354,482,5,3,2,81,42,39,34,17,17,2,1,1,25,11,14,3,2,1,4,3,1,2390,1309,1081
28,93,Achampet,Nagarkurnool,14,Padra,575622,0000,VILLAGE,Vankeswaram,Rural,1534,6380,3276,3104,782,443,339,1287,646,641,2579,1375,1204,2872,1820,1052,3508,1456,2052,3581,1811,1770,3045,1568,1477,1692,927,765,964,367,597,10,10,0,379,264,115,536,243,293,158,135,23,267,61,206,30,6,24,81,41,40,497,226,271,158,135,23,257,59,198,24,5,19,58,27,31,39,17,22,0,0,0,10,2,8,6,1,5,23,14,9,2799,1465,1334
28,93,Achampet,Nagarkurnool,14,Padra,575623,0000,VILLAGE,Udimilla,Rural,467,1706,860,846,173,91,82,429,221,208,607,303,304,899,556,343,807,304,503,948,482,466,925,474,451,339,236,103,488,166,322,2,1,1,96,71,25,23,8,15,5,1,4,7,3,4,0,0,0,11,4,7,22,8,14,5,1,4,6,3,3,0,0,0,11,4,7,1,0,1,0,0,0,1,0,1,0,0,0,0,0,0,758,378,380
28,93,Achampet,Nagarkurnool,14,Padra,575625,0000,VILLAGE,Maredugu,Rural,363,1300,680,620,165,95,70,170,91,79,384,194,190,664,395,269,636,285,351,794,411,383,343,263,80,179,172,7,55,23,32,16,7,9,93,61,32,451,148,303,13,8,5,409,128,281,6,1,5,23,11,12,438,143,295,13,8,5,407,126,281,2,1,1,16,8,8,13,5,8,0,0,0,2,2,0,4,0,4,7,3,4,506,269,237
28,93,Achampet,Nagarkurnool,14,Padra,575626,0000,VILLAGE,Ippalapalle,Rural,414,1776,892,884,199,100,99,62,33,29,783,378,405,841,510,331,935,382,553,551,268,283,259,121,138,114,54,60,94,41,53,6,2,4,45,24,21,292,147,145,48,30,18,175,77,98,1,0,1,68,40,28,289,147,142,47,30,17,174,77,97,1,0,1,67,40,27,3,0,3,1,0,1,1,0,1,0,0,0,1,0,1,1225,624,601
28,93,Achampet,Nagarkurnool,14,Padra,575627,0000,VILLAGE,Gangupenta,Rural,159,698,375,323,108,68,40,0,0,0,659,355,304,263,171,92,435,204,231,375,187,188,290,141,149,99,57,42,156,60,96,5,3,2,30,21,9,85,46,39,11,6,5,56,32,24,0,0,0,18,8,10,49,24,25,6,3,3,25,13,12,0,0,0,18,8,10,36,22,14,5,3,2,31,19,12,0,0,0,0,0,0,323,188,135
28,93,Achampet,Nagarkurnool,14,Padra,575628,0000,VILLAGE,Maddimadugu,Rural,174,579,217,362,73,29,44,38,16,22,185,63,122,183,92,91,396,125,271,377,145,232,244,104,140,136,60,76,65,23,42,8,3,5,35,18,17,133,41,92,24,15,9,61,15,46,0,0,0,48,11,37,132,40,92,23,14,9,61,15,46,0,0,0,48,11,37,1,1,0,1,1,0,0,0,0,0,0,0,0,0,0,202,72,130
28,93,Achampet,Nagarkurnool,13,Amrabad,575629,0000,VILLAGE,Uppununthala,Rural,171,678,320,358,126,53,73,16,8,8,391,179,212,265,162,103,413,158,255,472,231,241,269,143,126,103,59,44,151,73,78,0,0,0,15,11,4,203,88,115,65,37,28,126,46,80,1,0,1,11,5,6,120,38,82,25,10,15,86,25,61,1,0,1,8,3,5,83,50,33,40,27,13,40,21,19,0,0,0,3,2,1,206,89,117
28,93,Achampet,Nagarkurnool,13,Amrabad,575630,0000,VILLAGE,Lakshmapur (B_K),Rural,419,1982,1031,951,261,137,124,723,367,356,1188,627,561,783,480,303,1199,551,648,1023,505,518,994,491,503,837,416,421,136,61,75,1,1,0,20,13,7,29,14,15,3,2,1,19,8,11,1,0,1,6,4,2,24,12,12,1,1,0,18,8,10,0,0,0,5,3,2,5,2,3,2,1,1,1,0,1,1,0,1,1,1,0,959,526,433
28,93,Achampet,Nagarkurnool,13,Amrabad,575631,0000,VILLAGE,Thirumalapur (B_K),Rural,633,2136,1051,1085,254,135,119,654,324,330,106,53,53,901,559,342,1235,492,743,1240,576,664,645,481,164,466,415,51,140,37,103,5,5,0,34,24,10,595,95,500,9,7,2,526,62,464,12,5,7,48,21,27,589,92,497,8,7,1,524,62,462,10,3,7,47,20,27,6,3,3,1,0,1,2,0,2,2,2,0,1,1,0,896,475,421
28,93,Achampet,Nagarkurnool,12,Achampet,575633,0000,VILLAGE,Palukapalle,Rural,470,1807,905,902,204,99,105,540,275,265,0,0,0,764,472,292,1043,433,610,1081,561,520,1001,524,477,494,255,239,340,164,176,2,1,1,165,104,61,80,37,43,12,8,4,45,17,28,5,3,2,18,9,9,61,30,31,9,6,3,33,14,19,2,1,1,17,9,8,19,7,12,3,2,1,12,3,9,3,2,1,1,0,1,726,344,382
28,93,Achampet,Nagarkurnool,12,Achampet,575634,0000,VILLAGE,Lingotam,Rural,373,1473,766,707,180,95,85,494,261,233,233,118,115,684,453,231,789,313,476,817,433,384,630,341,289,244,128,116,269,116,153,8,5,3,109,92,17,187,92,95,4,3,1,111,34,77,2,2,0,70,53,17,187,92,95,4,3,1,111,34,77,2,2,0,70,53,17,0,0,0,0,0,0,0,0,0,0,0,0,0,0,0,656,333,323
28,93,Achampet,Nagarkurnool,12,Achampet,575635,0000,VILLAGE,Puljala,Rural,481,2052,1031,1021,262,131,131,924,459,465,0,0,0,765,466,299,1287,565,722,1266,646,620,1219,629,590,627,379,248,458,145,313,4,3,1,130,102,28,47,17,30,7,2,5,26,7,19,4,1,3,10,7,3,39,13,26,6,2,4,22,6,16,3,0,3,8,5,3,8,4,4,1,0,1,4,1,3,1,1,0,2,2,0,786,385,401
28,93,Achampet,Nagarkurnool,12,Achampet,575636,0000,VILLAGE,Chennaram Sabak,Rural,197,911,458,453,114,58,56,273,137,136,0,0,0,317,201,116,594,257,337,577,269,308,575,269,306,478,215,263,13,8,5,0,0,0,84,46,38,2,0,2,1,0,1,0,0,0,0,0,0,1,0,1,2,0,2,1,0,1,0,0,0,0,0,0,1,0,1,0,0,0,0,0,0,0,0,0,0,0,0,0,0,0,334,189,145
28,93,Achampet,Nagarkurnool,12,Achampet,575637,0000,VILLAGE,Hajiipur,Rural,379,1768,884,884,278,156,122,261,126,135,442,223,219,714,417,297,1054,467,587,1017,503,514,1016,503,513,548,272,276,360,153,207,9,9,0,99,69,30,1,0,1,0,0,0,0,0,0,0,0,0,1,0,1,1,0,1,0,0,0,0,0,0,0,0,0,1,0,1,0,0,0,0,0,0,0,0,0,0,0,0,0,0,0,751,381,370
28,93,Achampet,Nagarkurnool,12,Achampet,575638,0000,VILLAGE,Chandapur,Rural,577,2368,1173,1195,334,170,164,554,273,281,1116,555,561,965,571,394,1403,602,801,1322,681,641,955,498,457,666,344,322,205,92,113,4,1,3,80,61,19,367,183,184,40,20,20,287,139,148,4,1,3,36,23,13,359,181,178,39,20,19,284,138,146,2,0,2,34,23,11,8,2,6,1,0,1,3,1,2,2,1,1,2,0,2,1046,492,554
28,93,Achampet,Nagarkurnool,12,Achampet,575639,0000,VILLAGE,Nadimpalle,Rural,770,3383,1725,1658,455,244,211,965,497,468,82,45,37,1592,962,630,1791,763,1028,1857,970,887,1839,962,877,468,258,210,988,404,584,22,16,6,361,284,77,18,8,10,0,0,0,11,4,7,0,0,0,7,4,3,13,4,9,0,0,0,7,1,6,0,0,0,6,3,3,5,4,1,0,0,0,4,3,1,0,0,0,1,1,0,1526,755,771
28,93,Achampet,Nagarkurnool,12,Achampet,575640,0000,VILLAGE,Choutapalle,Rural,250,1021,525,496,153,77,76,473,249,224,376,189,187,410,271,139,611,254,357,613,313,300,414,249,165,190,146,44,150,43,107,1,0,1,73,60,13,199,64,135,12,7,5,154,39,115,4,2,2,29,16,13,182,57,125,11,6,5,141,34,107,3,2,1,27,15,12,17,7,10,1,1,0,13,5,8,1,0,1,2,1,1,408,212,196
28,93,Achampet,Nagarkurnool,12,Achampet,575641,0000,VILLAGE,Gumpampalle,Rural,277,1267,640,627,172,88,84,70,36,34,1147,578,569,532,333,199,735,307,428,749,377,372,720,363,357,508,251,257,135,46,89,0,0,0,77,66,11,29,14,15,9,5,4,16,8,8,0,0,0,4,1,3,28,13,15,8,4,4,16,8,8,0,0,0,4,1,3,1,1,0,1,1,0,0,0,0,0,0,0,0,0,0,518,263,255
28,93,Achampet,Nagarkurnool,12,Achampet,575642,0000,VILLAGE,Lakshmapur P N,Rural,315,1536,772,764,223,111,112,81,44,37,939,466,473,677,409,268,859,363,496,797,407,390,544,290,254,376,198,178,77,34,43,32,19,13,59,39,20,253,117,136,35,21,14,68,25,43,43,7,36,107,64,43,192,74,118,35,21,14,49,17,32,38,2,36,70,34,36,61,43,18,0,0,0,19,8,11,5,5,0,37,30,7,739,365,374
28,93,Achampet,Nagarkurnool,12,Achampet,575643,0000,VILLAGE,Bolghatpalle,Rural,295,1325,655,670,184,95,89,20,7,13,899,440,459,583,372,211,742,283,459,734,346,388,732,346,386,471,234,237,133,33,100,18,9,9,110,70,40,2,0,2,0,0,0,0,0,0,0,0,0,2,0,2,2,0,2,0,0,0,0,0,0,0,0,0,2,0,2,0,0,0,0,0,0,0,0,0,0,0,0,0,0,0,591,309,282
28,93,Achampet,Nagarkurnool,12,Achampet,575644,0000,VILLAGE,Rangapur,Rural,667,2935,1476,1459,460,235,225,191,89,102,2126,1086,1040,965,645,320,1970,831,1139,1729,824,905,1662,802,860,830,402,428,669,286,383,7,6,1,156,108,48,67,22,45,3,2,1,62,18,44,1,1,0,1,1,0,63,20,43,3,2,1,58,16,42,1,1,0,1,1,0,4,2,2,0,0,0,4,2,2,0,0,0,0,0,0,1206,652,554
28,93,Achampet,Nagarkurnool,12,Achampet,575645,0000,VILLAGE,Brahmanapalle,Rural,157,694,357,337,83,45,38,0,0,0,208,101,107,264,156,108,430,201,229,397,207,190,382,204,178,229,118,111,73,28,45,0,0,0,80,58,22,15,3,12,1,0,1,6,0,6,0,0,0,8,3,5,9,2,7,1,0,1,3,0,3,0,0,0,5,2,3,6,1,5,0,0,0,3,0,3,0,0,0,3,1,2,297,150,147
28,93,Achampet,Nagarkurnool,12,Achampet,575646,0000,VILLAGE,Ainole,Rural,889,3879,2013,1866,592,339,253,378,188,190,2613,1375,1238,1719,1124,595,2160,889,1271,2195,1106,1089,2083,1031,1052,1452,754,698,308,93,215,24,12,12,299,172,127,112,75,37,16,12,4,75,54,21,0,0,0,21,9,12,33,14,19,6,4,2,9,2,7,0,0,0,18,8,10,79,61,18,10,8,2,66,52,14,0,0,0,3,1,2,1684,907,777
28,93,Achampet,Nagarkurnool,12,Achampet,575647,0000,VILLAGE,Singavaram,Rural,374,1529,761,768,187,97,90,31,12,19,844,423,421,660,406,254,869,355,514,893,435,458,867,428,439,555,331,224,269,72,197,4,2,2,39,23,16,26,7,19,3,1,2,18,2,16,1,1,0,4,3,1,23,5,18,2,0,2,17,2,15,1,1,0,3,2,1,3,2,1,1,1,0,1,0,1,0,0,0,1,1,0,636,326,310
28,93,Achampet,Nagarkurnool,12,Achampet,575648,0000,VILLAGE,Bommenapalle,Rural,992,3816,1936,1880,547,285,262,439,231,208,1156,586,570,1408,912,496,2408,1024,1384,2135,1070,1065,1954,1030,924,1558,875,683,293,72,221,0,0,0,103,83,20,181,40,141,59,5,54,97,22,75,2,1,1,23,12,11,172,39,133,56,5,51,93,22,71,0,0,0,23,12,11,9,1,8,3,0,3,4,0,4,2,1,1,0,0,0,1681,866,815
28,93,Achampet,Nagarkurnool,12,Achampet,575649,0000,VILLAGE,Siddapur,Rural,925,3947,2095,1852,502,264,238,497,261,236,2063,1124,939,1695,1163,532,2252,932,1320,2237,1165,1072,2189,1150,1039,1553,834,719,509,216,293,8,4,4,119,96,23,48,15,33,36,10,26,8,2,6,0,0,0,4,3,1,47,15,32,35,10,25,8,2,6,0,0,0,4,3,1,1,0,1,1,0,1,0,0,0,0,0,0,0,0,0,1710,930,780
28,93,Achampet,Nagarkurnool,12,Achampet,575650,0000,VILLAGE,Mannavaripalle,Rural,501,2063,1035,1028,292,162,130,101,41,60,854,452,402,742,456,286,1321,579,742,1084,527,557,791,473,318,379,351,28,330,68,262,33,21,12,49,33,16,293,54,239,15,8,7,103,19,84,156,16,140,19,11,8,243,50,193,15,8,7,98,19,79,113,12,101,17,11,6,50,4,46,0,0,0,5,0,5,43,4,39,2,0,2,979,508,471
28,93,Achampet,Nagarkurnool,12,Achampet,575651,0000,VILLAGE,Ghanapur,Rural,433,1931,1037,894,256,153,103,237,119,118,1016,557,459,773,509,264,1158,528,630,1054,556,498,947,520,427,721,384,337,136,61,75,10,7,3,80,68,12,107,36,71,1,0,1,104,35,69,0,0,0,2,1,1,86,35,51,0,0,0,85,34,51,0,0,0,1,1,0,21,1,20,1,0,1,19,1,18,0,0,0,1,0,1,877,481,396
28,93,Achampet,Nagarkurnool,12,Achampet,575652,0000,VILLAGE,Akkavaram,Rural,405,1745,934,811,275,156,119,78,38,40,1526,819,707,714,477,237,1031,457,574,927,457,470,738,393,345,298,174,124,301,145,156,62,22,40,77,52,25,189,64,125,13,5,8,123,36,87,32,11,21,21,12,9,182,62,120,13,5,8,116,34,82,32,11,21,21,12,9,7,2,5,0,0,0,7,2,5,0,0,0,0,0,0,818,477,341
28,93,Achampet,Nagarkurnool,11,Uppunuthala,575655,0000,VILLAGE,Dasarlapalle,Rural,239,1006,522,484,102,61,41,500,256,244,0,0,0,477,267,210,529,255,274,617,315,302,611,312,299,277,154,123,260,109,151,0,0,0,74,49,25,6,3,3,1,0,1,2,0,2,1,1,0,2,2,0,5,2,3,1,0,1,2,0,2,0,0,0,2,2,0,1,1,0,0,0,0,0,0,0,1,1,0,0,0,0,389,207,182
28,93,Achampet,Nagarkurnool,11,Uppunuthala,575656,0000,VILLAGE,Peddapur,Rural,227,1086,538,548,137,81,56,197,102,95,16,9,7,488,264,224,598,274,324,697,345,352,685,338,347,272,161,111,226,76,150,17,7,10,170,94,76,12,7,5,1,0,1,1,0,1,0,0,0,10,7,3,11,7,4,1,0,1,1,0,1,0,0,0,9,7,2,1,0,1,0,0,0,0,0,0,0,0,0,1,0,1,389,193,196
28,93,Achampet,Nagarkurnool,11,Uppunuthala,575657,0000,VILLAGE,Molgara,Rural,182,810,410,400,99,54,45,295,150,145,23,12,11,425,251,174,385,159,226,403,218,185,403,218,185,121,98,23,193,53,140,10,5,5,79,62,17,0,0,0,0,0,0,0,0,0,0,0,0,0,0,0,0,0,0,0,0,0,0,0,0,0,0,0,0,0,0,0,0,0,0,0,0,0,0,0,0,0,0,0,0,0,407,192,215
28,93,Achampet,Nagarkurnool,11,Uppunuthala,575658,0000,VILLAGE,Zapthisadgode,Rural,289,1246,600,646,164,80,84,350,171,179,1,0,1,648,389,259,598,211,387,822,405,417,766,381,385,578,285,293,117,49,68,16,6,10,55,41,14,56,24,32,33,19,14,14,4,10,4,0,4,5,1,4,43,21,22,29,18,11,7,2,5,2,0,2,5,1,4,13,3,10,4,1,3,7,2,5,2,0,2,0,0,0,424,195,229
28,93,Achampet,Nagarkurnool,11,Uppunuthala,575659,0000,VILLAGE,Thirumalapur (Pattigodal),Rural,207,853,428,425,102,53,49,243,131,112,0,0,0,430,256,174,423,172,251,538,280,258,508,267,241,273,153,120,136,37,99,18,11,7,81,66,15,30,13,17,6,3,3,14,6,8,1,1,0,9,3,6,29,12,17,6,3,3,13,5,8,1,1,0,9,3,6,1,1,0,0,0,0,1,1,0,0,0,0,0,0,0,315,148,167
28,93,Achampet,Nagarkurnool,11,Uppunuthala,575660,0000,VILLAGE,Koratikal,Rural,393,1654,838,816,184,89,95,431,233,198,7,4,3,826,512,314,828,326,502,1081,548,533,979,493,486,675,332,343,136,41,95,14,6,8,154,114,40,102,55,47,20,10,10,5,1,4,7,5,2,70,39,31,101,55,46,20,10,10,4,1,3,7,5,2,70,39,31,1,0,1,0,0,0,1,0,1,0,0,0,0,0,0,573,290,283
28,93,Achampet,Nagarkurnool,11,Uppunuthala,575662,0000,VILLAGE,Lathifpur,Rural,146,598,298,300,73,34,39,136,62,74,129,63,66,275,174,101,323,124,199,376,188,188,315,185,130,162,101,61,114,53,61,0,0,0,39,31,8,61,3,58,46,2,44,13,1,12,0,0,0,2,0,2,60,2,58,46,2,44,12,0,12,0,0,0,2,0,2,1,1,0,0,0,0,1,1,0,0,0,0,0,0,0,222,110,112
28,93,Achampet,Nagarkurnool,11,Uppunuthala,575663,0000,VILLAGE,Penmilla,Rural,1003,4201,2082,2119,589,300,289,825,407,418,1002,491,511,1800,1099,701,2401,983,1418,2454,1206,1248,2018,1152,866,1425,907,518,374,105,269,19,10,9,200,130,70,436,54,382,35,5,30,379,39,340,4,2,2,18,8,10,423,52,371,35,5,30,369,38,331,2,1,1,17,8,9,13,2,11,0,0,0,10,1,9,2,1,1,1,0,1,1747,876,871
28,93,Achampet,Nagarkurnool,11,Uppunuthala,575664,0000,VILLAGE,Ayyavaripalle,Rural,225,924,478,446,106,50,56,205,115,90,242,120,122,426,275,151,498,203,295,553,282,271,541,277,264,426,234,192,59,18,41,34,6,28,22,19,3,12,5,7,1,1,0,4,1,3,4,1,3,3,2,1,9,5,4,1,1,0,1,1,0,4,1,3,3,2,1,3,0,3,0,0,0,3,0,3,0,0,0,0,0,0,371,196,175
28,93,Achampet,Nagarkurnool,11,Uppunuthala,575665,0000,VILLAGE,Veltur,Rural,736,3210,1613,1597,398,211,187,504,260,244,629,309,320,1486,915,571,1724,698,1026,1899,956,943,1738,898,840,1164,573,591,326,136,190,6,4,2,242,185,57,161,58,103,3,1,2,113,45,68,0,0,0,45,12,33,160,58,102,3,1,2,112,45,67,0,0,0,45,12,33,1,0,1,0,0,0,1,0,1,0,0,0,0,0,0,1311,657,654
28,93,Achampet,Nagarkurnool,11,Uppunuthala,575666,0000,VILLAGE,Thippapur,Rural,140,564,284,280,68,33,35,42,23,19,117,59,58,294,174,120,270,110,160,318,166,152,314,165,149,258,127,131,4,0,4,0,0,0,52,38,14,4,1,3,0,0,0,2,0,2,0,0,0,2,1,1,3,1,2,0,0,0,1,0,1,0,0,0,2,1,1,1,0,1,0,0,0,1,0,1,0,0,0,0,0,0,246,118,128
28,93,Achampet,Nagarkurnool,11,Uppunuthala,575667,0000,VILLAGE,Kamsanipalle,Rural,445,1964,990,974,237,126,111,517,269,248,379,189,190,868,549,319,1096,441,655,1150,554,596,862,459,403,381,228,153,270,95,175,45,20,25,166,116,50,288,95,193,38,19,19,143,34,109,12,4,8,95,38,57,267,85,182,37,19,18,135,30,105,11,4,7,84,32,52,21,10,11,1,0,1,8,4,4,1,0,1,11,6,5,814,436,378
28,93,Achampet,Nagarkurnool,11,Uppunuthala,575669,0000,VILLAGE,Laxmapur (Pattigodal),Rural,312,1248,643,605,137,65,72,374,197,177,37,16,21,621,380,241,627,263,364,757,422,335,750,418,332,444,232,212,211,101,110,4,3,1,91,82,9,7,4,3,0,0,0,7,4,3,0,0,0,0,0,0,7,4,3,0,0,0,7,4,3,0,0,0,0,0,0,0,0,0,0,0,0,0,0,0,0,0,0,0,0,0,491,221,270
28,93,Achampet,Nagarkurnool,11,Uppunuthala,575670,0000,VILLAGE,Mamillapalle,Rural,324,1467,726,741,196,91,105,614,301,313,0,0,0,635,383,252,832,343,489,963,473,490,956,469,487,373,188,185,471,200,271,5,3,2,107,78,29,7,4,3,1,1,0,2,0,2,3,2,1,1,1,0,6,3,3,0,0,0,2,0,2,3,2,1,1,1,0,1,1,0,1,1,0,0,0,0,0,0,0,0,0,0,504,253,251
28,93,Achampet,Nagarkurnool,11,Uppunuthala,575671,0000,VILLAGE,Upparapalle,Rural,275,1144,579,565,124,67,57,272,129,143,11,7,4,471,277,194,673,302,371,702,353,349,672,344,328,454,267,187,186,55,131,12,7,5,20,15,5,30,9,21,1,0,1,11,3,8,13,4,9,5,2,3,16,4,12,1,0,1,10,3,7,2,0,2,3,1,2,14,5,9,0,0,0,1,0,1,11,4,7,2,1,1,442,226,216
28,93,Achampet,Nagarkurnool,11,Uppunuthala,575672,0000,VILLAGE,Marripalle,Rural,380,1754,882,872,229,116,113,717,372,345,0,0,0,819,496,323,935,386,549,1012,506,506,1009,503,506,674,341,333,168,64,104,56,3,53,111,95,16,3,3,0,1,1,0,0,0,0,0,0,0,2,2,0,3,3,0,1,1,0,0,0,0,0,0,0,2,2,0,0,0,0,0,0,0,0,0,0,0,0,0,0,0,0,742,376,366
28,93,Achampet,Nagarkurnool,11,Uppunuthala,575673,0000,VILLAGE,Uppununthala,Rural,1341,6205,3155,3050,803,430,373,1387,702,685,1301,642,659,2795,1697,1098,3410,1458,1952,3511,1798,1713,3315,1700,1615,1578,936,642,1175,418,757,99,38,61,463,308,155,196,98,98,42,18,24,84,34,50,8,3,5,62,43,19,185,91,94,37,15,22,83,34,49,6,2,4,59,40,19,11,7,4,5,3,2,1,0,1,2,1,1,3,3,0,2694,1357,1337
28,93,Achampet,Nagarkurnool,11,Uppunuthala,575674,0000,VILLAGE,Tadoor,Rural,545,2294,1137,1157,318,158,160,599,292,307,6,3,3,825,514,311,1469,623,846,1340,673,667,1041,534,507,796,403,393,111,32,79,16,7,9,118,92,26,299,139,160,209,85,124,19,7,12,15,7,8,56,40,16,299,139,160,209,85,124,19,7,12,15,7,8,56,40,16,0,0,0,0,0,0,0,0,0,0,0,0,0,0,0,954,464,490
28,93,Achampet,Nagarkurnool,11,Uppunuthala,575675,0000,VILLAGE,Peratwanipalle,Rural,260,1250,632,618,147,71,76,172,85,87,294,149,145,593,385,208,657,247,410,628,361,267,603,350,253,294,161,133,165,63,102,9,5,4,135,121,14,25,11,14,3,1,2,17,6,11,0,0,0,5,4,1,24,11,13,3,1,2,16,6,10,0,0,0,5,4,1,1,0,1,0,0,0,1,0,1,0,0,0,0,0,0,622,271,351
28,93,Achampet,Nagarkurnool,11,Uppunuthala,575676,0000,VILLAGE,Raichedu,Rural,210,747,373,374,72,29,43,140,65,75,27,14,13,329,207,122,418,166,252,465,234,231,424,210,214,372,180,192,10,2,8,32,22,10,10,6,4,41,24,17,13,7,6,4,0,4,0,0,0,24,17,7,39,24,15,13,7,6,2,0,2,0,0,0,24,17,7,2,0,2,0,0,0,2,0,2,0,0,0,0,0,0,282,139,143
28,91,Nagarkurnool,Nagarkurnool,10,Telkapalle,575677,0000,VILLAGE,Zamistapur,Rural,262,1000,508,492,120,63,57,312,162,150,10,4,6,506,305,201,494,203,291,573,308,265,552,301,251,202,107,95,242,107,135,16,14,2,92,73,19,21,7,14,3,1,2,9,0,9,4,2,2,5,4,1,17,6,11,3,1,2,7,0,7,2,1,1,5,4,1,4,1,3,0,0,0,2,0,2,2,1,1,0,0,0,427,200,227
28,91,Nagarkurnool,Nagarkurnool,10,Telkapalle,575678,0000,VILLAGE,Karvanga,Rural,676,2727,1390,1337,335,176,159,960,506,454,11,6,5,1341,839,502,1386,551,835,1687,891,796,1366,721,645,466,254,212,623,275,348,16,14,2,261,178,83,321,170,151,40,22,18,189,85,104,12,3,9,80,60,20,199,111,88,15,7,8,124,58,66,6,2,4,54,44,10,122,59,63,25,15,10,65,27,38,6,1,5,26,16,10,1040,499,541
28,91,Nagarkurnool,Nagarkurnool,10,Telkapalle,575679,0000,VILLAGE,Nadigadda,Rural,666,2867,1433,1434,309,155,154,817,412,405,4,2,2,1480,903,577,1387,530,857,1686,903,783,1024,666,358,500,368,132,290,105,185,11,9,2,223,184,39,662,237,425,97,30,67,509,171,338,2,1,1,54,35,19,598,204,394,74,12,62,469,157,312,2,1,1,53,34,19,64,33,31,23,18,5,40,14,26,0,0,0,1,1,0,1181,530,651
28,91,Nagarkurnool,Nagarkurnool,10,Telkapalle,575680,0000,VILLAGE,Gouraram,Rural,459,1971,1004,967,264,139,125,490,244,246,45,19,26,851,525,326,1120,479,641,1119,579,540,1083,564,519,636,337,299,283,102,181,9,5,4,155,120,35,36,15,21,1,1,0,24,7,17,1,0,1,10,7,3,27,11,16,0,0,0,18,5,13,1,0,1,8,6,2,9,4,5,1,1,0,6,2,4,0,0,0,2,1,1,852,425,427
28,91,Nagarkurnool,Nagarkurnool,10,Telkapalle,575681,0000,VILLAGE,Parvathapuram,Rural,176,836,413,423,118,59,59,189,91,98,23,13,10,352,203,149,484,210,274,548,274,274,484,240,244,164,117,47,217,60,157,32,17,15,71,46,25,64,34,30,7,4,3,17,7,10,2,2,0,38,21,17,62,33,29,6,3,3,17,7,10,2,2,0,37,21,16,2,1,1,1,1,0,0,0,0,0,0,0,1,0,1,288,139,149
28,91,Nagarkurnool,Nagarkurnool,10,Telkapalle,575682,0000,VILLAGE,Rakonda,Rural,386,1689,837,852,176,93,83,481,230,251,36,14,22,752,444,308,937,393,544,1045,542,503,968,508,460,232,151,81,570,233,337,28,14,14,138,110,28,77,34,43,9,8,1,50,15,35,3,1,2,15,10,5,75,33,42,9,8,1,49,15,34,3,1,2,14,9,5,2,1,1,0,0,0,1,0,1,0,0,0,1,1,0,644,295,349
28,91,Nagarkurnool,Nagarkurnool,10,Telkapalle,575683,0000,VILLAGE,Telkapalle,Rural,2004,10384,4990,5394,1051,552,499,3071,1329,1742,119,44,75,6248,3333,2915,4136,1657,2479,4585,2700,1885,3564,2203,1361,1000,628,372,957,380,577,90,63,27,1517,1132,385,1021,497,524,45,27,18,533,140,393,34,13,21,409,317,92,947,472,475,44,27,17,481,129,352,25,4,21,397,312,85,74,25,49,1,0,1,52,11,41,9,9,0,12,5,7,5799,2290,3509
28,91,Nagarkurnool,Nagarkurnool,10,Telkapalle,575684,0000,VILLAGE,Chinnamudnur,Rural,264,1135,590,545,141,80,61,268,134,134,0,0,0,511,326,185,624,264,360,607,357,250,583,347,236,285,174,111,184,75,109,1,1,0,113,97,16,24,10,14,10,4,6,11,4,7,0,0,0,3,2,1,24,10,14,10,4,6,11,4,7,0,0,0,3,2,1,0,0,0,0,0,0,0,0,0,0,0,0,0,0,0,528,233,295
28,91,Nagarkurnool,Nagarkurnool,10,Telkapalle,575685,0000,VILLAGE,Gaddampalle,Rural,402,1727,895,832,236,125,111,674,346,328,29,15,14,756,486,270,971,409,562,983,505,478,940,487,453,496,259,237,294,108,186,15,7,8,135,113,22,43,18,25,13,4,9,22,8,14,1,0,1,7,6,1,42,18,24,12,4,8,22,8,14,1,0,1,7,6,1,1,0,1,1,0,1,0,0,0,0,0,0,0,0,0,744,390,354
28,91,Nagarkurnool,Nagarkurnool,10,Telkapalle,575686,0000,VILLAGE,Gouthampalle,Rural,230,962,492,470,131,64,67,220,109,111,0,0,0,418,261,157,544,231,313,528,276,252,461,251,210,236,150,86,183,67,116,2,1,1,40,33,7,67,25,42,3,3,0,48,13,35,4,1,3,12,8,4,59,21,38,1,1,0,46,12,34,3,1,2,9,7,2,8,4,4,2,2,0,2,1,1,1,0,1,3,1,2,434,216,218
28,91,Nagarkurnool,Nagarkurnool,10,Telkapalle,575687,0000,VILLAGE,Raipakula,Rural,387,1618,815,803,217,124,93,557,278,279,42,23,19,571,326,245,1047,489,558,944,478,466,940,477,463,362,213,149,526,228,298,1,1,0,51,35,16,4,1,3,0,0,0,2,1,1,0,0,0,2,0,2,3,1,2,0,0,0,2,1,1,0,0,0,1,0,1,1,0,1,0,0,0,0,0,0,0,0,0,1,0,1,674,337,337
28,91,Nagarkurnool,Nagarkurnool,10,Telkapalle,575688,0000,VILLAGE,Ananthasagar,Rural,286,1308,678,630,164,84,80,324,158,166,1,1,0,597,381,216,711,297,414,663,346,317,503,266,237,82,47,35,324,155,169,8,3,5,89,61,28,160,80,80,23,12,11,101,39,62,1,0,1,35,29,6,146,77,69,22,12,10,88,36,52,1,0,1,35,29,6,14,3,11,1,0,1,13,3,10,0,0,0,0,0,0,645,332,313
28,91,Nagarkurnool,Nagarkurnool,10,Telkapalle,575689,0000,VILLAGE,Bandapalle,Rural,130,526,272,254,56,24,32,36,17,19,0,0,0,312,187,125,214,85,129,364,189,175,356,184,172,264,154,110,59,9,50,1,1,0,32,20,12,8,5,3,0,0,0,0,0,0,0,0,0,8,5,3,8,5,3,0,0,0,0,0,0,0,0,0,8,5,3,0,0,0,0,0,0,0,0,0,0,0,0,0,0,0,162,83,79
28,91,Nagarkurnool,Nagarkurnool,10,Telkapalle,575690,0000,VILLAGE,Gattunellikuduru,Rural,307,1335,668,667,188,95,93,254,132,122,4,3,1,568,362,206,767,306,461,702,364,338,502,300,202,263,172,91,122,40,82,14,5,9,103,83,20,200,64,136,19,6,13,146,41,105,9,3,6,26,14,12,184,60,124,17,5,12,140,40,100,3,1,2,24,14,10,16,4,12,2,1,1,6,1,5,6,2,4,2,0,2,633,304,329
28,91,Nagarkurnool,Nagarkurnool,10,Telkapalle,575691,0000,VILLAGE,Pedduru,Rural,1037,4609,2326,2283,562,308,254,728,374,354,60,30,30,2261,1310,951,2348,1016,1332,2548,1279,1269,2248,1148,1100,870,604,266,1029,336,693,21,7,14,328,201,127,300,131,169,15,5,10,239,98,141,3,2,1,43,26,17,296,130,166,15,5,10,237,98,139,3,2,1,41,25,16,4,1,3,0,0,0,2,0,2,0,0,0,2,1,1,2061,1047,1014
28,91,Nagarkurnool,Nagarkurnool,10,Telkapalle,575692,0000,VILLAGE,Peddapalle,Rural,803,3990,2062,1928,481,244,237,1016,539,477,41,19,22,1681,1054,627,2309,1008,1301,2229,1190,1039,1056,616,440,342,232,110,443,185,258,27,16,11,244,183,61,1173,574,599,77,65,12,812,388,424,132,26,106,152,95,57,857,440,417,73,62,11,572,274,298,77,17,60,135,87,48,316,134,182,4,3,1,240,114,126,55,9,46,17,8,9,1761,872,889
28,91,Nagarkurnool,Nagarkurnool,10,Telkapalle,575693,0000,VILLAGE,Vattipalle,Rural,582,2798,1417,1381,333,178,155,1278,646,632,586,296,290,1165,708,457,1633,709,924,1447,774,673,1321,710,611,557,373,184,657,261,396,16,9,7,91,67,24,126,64,62,28,22,6,75,24,51,1,0,1,22,18,4,106,54,52,23,18,5,61,19,42,1,0,1,21,17,4,20,10,10,5,4,1,14,5,9,0,0,0,1,1,0,1351,643,708
28,91,Nagarkurnool,Nagarkurnool,10,Telkapalle,575694,0000,VILLAGE,Boppepalle,Rural,315,1464,747,717,175,92,83,794,411,383,15,9,6,632,384,248,832,363,469,695,406,289,632,382,250,374,232,142,99,44,55,12,6,6,147,100,47,63,24,39,16,4,12,23,6,17,1,1,0,23,13,10,56,22,34,16,4,12,21,6,15,1,1,0,18,11,7,7,2,5,0,0,0,2,0,2,0,0,0,5,2,3,769,341,428
28,91,Nagarkurnool,Nagarkurnool,10,Telkapalle,575695,0000,VILLAGE,Alair,Rural,951,4166,2149,2017,510,271,239,1180,608,572,1,0,1,1759,1074,685,2407,1075,1332,2250,1243,1007,1804,1041,763,727,438,289,555,242,313,12,6,6,510,355,155,446,202,244,42,18,24,306,124,182,1,1,0,97,59,38,443,200,243,42,18,24,304,122,182,1,1,0,96,59,37,3,2,1,0,0,0,2,2,0,0,0,0,1,0,1,1916,906,1010
28,91,Nagarkurnool,Nagarkurnool,10,Telkapalle,575696,0000,VILLAGE,Lakhnaram,Rural,529,2473,1265,1208,328,169,159,651,334,317,27,15,12,1011,634,377,1462,631,831,1400,742,658,1217,723,494,623,407,216,379,132,247,5,3,2,210,181,29,183,19,164,0,0,0,146,8,138,0,0,0,37,11,26,182,19,163,0,0,0,146,8,138,0,0,0,36,11,25,1,0,1,0,0,0,0,0,0,0,0,0,1,0,1,1073,523,550
28,91,Nagarkurnool,Nagarkurnool,04,Tadoor,575697,0000,VILLAGE,Bhallanpalle,Rural,533,2130,1063,1067,268,129,139,462,225,237,96,44,52,885,539,346,1245,524,721,1223,643,580,1187,623,564,765,454,311,273,51,222,6,3,3,143,115,28,36,20,16,3,1,2,13,6,7,9,6,3,11,7,4,36,20,16,3,1,2,13,6,7,9,6,3,11,7,4,0,0,0,0,0,0,0,0,0,0,0,0,0,0,0,907,420,487
28,91,Nagarkurnool,Nagarkurnool,04,Tadoor,575698,0000,VILLAGE,Papagal,Rural,385,1694,864,830,211,113,98,465,226,239,0,0,0,797,485,312,897,379,518,880,485,395,810,470,340,296,175,121,334,154,180,4,2,2,176,139,37,70,15,55,1,0,1,49,4,45,1,1,0,19,10,9,44,3,41,1,0,1,34,0,34,0,0,0,9,3,6,26,12,14,0,0,0,15,4,11,1,1,0,10,7,3,814,379,435
28,91,Nagarkurnool,Nagarkurnool,04,Tadoor,575699,0000,VILLAGE,Sirsawada,Rural,552,2263,1124,1139,270,125,145,511,264,247,10,4,6,968,598,370,1295,526,769,1294,661,633,1289,659,630,646,351,295,505,203,302,26,20,6,112,85,27,5,2,3,0,0,0,2,1,1,0,0,0,3,1,2,4,1,3,0,0,0,1,0,1,0,0,0,3,1,2,1,1,0,0,0,0,1,1,0,0,0,0,0,0,0,969,463,506
28,91,Nagarkurnool,Nagarkurnool,04,Tadoor,575700,0000,VILLAGE,Aithole,Rural,433,1827,915,912,213,113,100,398,194,204,297,160,137,820,491,329,1007,424,583,1023,539,484,1011,532,479,522,301,221,334,114,220,12,5,7,143,112,31,12,7,5,3,1,2,4,2,2,0,0,0,5,4,1,10,6,4,3,1,2,3,2,1,0,0,0,4,3,1,2,1,1,0,0,0,1,0,1,0,0,0,1,1,0,804,376,428
28,91,Nagarkurnool,Nagarkurnool,04,Tadoor,575701,0000,VILLAGE,Govindayapalle,Rural,256,1130,568,562,162,86,76,150,76,74,6,3,3,410,240,170,720,328,392,646,332,314,554,285,269,284,146,138,153,56,97,10,5,5,107,78,29,92,47,45,0,0,0,54,22,32,6,3,3,32,22,10,87,43,44,0,0,0,53,22,31,6,3,3,28,18,10,5,4,1,0,0,0,1,0,1,0,0,0,4,4,0,484,236,248
28,91,Nagarkurnool,Nagarkurnool,04,Tadoor,575702,0000,VILLAGE,Yatdharpalle,Rural,213,947,506,441,109,58,51,232,116,116,88,46,42,477,302,175,470,204,266,501,275,226,473,267,206,292,164,128,105,40,65,1,1,0,75,62,13,28,8,20,3,2,1,19,4,15,1,0,1,5,2,3,22,7,15,3,2,1,14,3,11,0,0,0,5,2,3,6,1,5,0,0,0,5,1,4,1,0,1,0,0,0,446,231,215
28,91,Nagarkurnool,Nagarkurnool,04,Tadoor,575703,0000,VILLAGE,Antharam,Rural,306,1250,614,636,170,84,86,257,131,126,6,4,2,512,296,216,738,318,420,714,363,351,630,338,292,229,224,5,360,81,279,4,2,2,37,31,6,84,25,59,5,4,1,63,8,55,0,0,0,16,13,3,84,25,59,5,4,1,63,8,55,0,0,0,16,13,3,0,0,0,0,0,0,0,0,0,0,0,0,0,0,0,536,251,285
28,91,Nagarkurnool,Nagarkurnool,04,Tadoor,575704,0000,VILLAGE,Nagadevupalle,Rural,115,527,263,264,74,34,40,153,76,77,0,0,0,214,120,94,313,143,170,303,159,144,302,158,144,170,89,81,103,48,55,1,0,1,28,21,7,1,1,0,0,0,0,0,0,0,0,0,0,1,1,0,1,1,0,0,0,0,0,0,0,0,0,0,1,1,0,0,0,0,0,0,0,0,0,0,0,0,0,0,0,0,224,104,120
28,91,Nagarkurnool,Nagarkurnool,04,Tadoor,575705,0000,VILLAGE,Akunellikuduru,Rural,230,1082,546,536,80,34,46,269,132,137,0,0,0,545,315,230,537,231,306,642,350,292,640,348,292,281,157,124,269,118,151,21,13,8,69,60,9,2,2,0,1,1,0,0,0,0,0,0,0,1,1,0,2,2,0,1,1,0,0,0,0,0,0,0,1,1,0,0,0,0,0,0,0,0,0,0,0,0,0,0,0,0,440,196,244
28,91,Nagarkurnool,Nagarkurnool,04,Tadoor,575706,0000,VILLAGE,Yadireddipalle,Rural,562,2467,1231,1236,281,156,125,525,267,258,10,7,3,1116,651,465,1351,580,771,1411,758,653,1327,738,589,843,468,375,306,135,171,2,1,1,176,134,42,84,20,64,8,1,7,23,5,18,1,1,0,52,13,39,74,18,56,6,1,5,19,4,15,1,1,0,48,12,36,10,2,8,2,0,2,4,1,3,0,0,0,4,1,3,1056,473,583
28,91,Nagarkurnool,Nagarkurnool,04,Tadoor,575707,0000,VILLAGE,Indrakal,Rural,526,2414,1214,1200,259,137,122,453,231,222,227,105,122,1006,623,383,1408,591,817,1355,699,656,1319,686,633,866,450,416,289,110,179,19,13,6,145,113,32,36,13,23,3,1,2,16,2,14,4,4,0,13,6,7,36,13,23,3,1,2,16,2,14,4,4,0,13,6,7,0,0,0,0,0,0,0,0,0,0,0,0,0,0,0,1059,515,544
28,91,Nagarkurnool,Nagarkurnool,04,Tadoor,575708,0000,VILLAGE,Yatmatapur,Rural,270,1073,547,526,127,62,65,372,193,179,0,0,0,582,347,235,491,200,291,615,345,270,589,335,254,249,160,89,248,108,140,13,8,5,79,59,20,26,10,16,2,1,1,15,6,9,0,0,0,9,3,6,26,10,16,2,1,1,15,6,9,0,0,0,9,3,6,0,0,0,0,0,0,0,0,0,0,0,0,0,0,0,458,202,256
28,91,Nagarkurnool,Nagarkurnool,04,Tadoor,575709,0000,VILLAGE,Thummalasugur,Rural,403,1643,856,787,200,99,101,353,173,180,17,8,9,769,495,274,874,361,513,978,516,462,973,514,459,469,256,213,470,232,238,3,3,0,31,23,8,5,2,3,0,0,0,3,1,2,2,1,1,0,0,0,5,2,3,0,0,0,3,1,2,2,1,1,0,0,0,0,0,0,0,0,0,0,0,0,0,0,0,0,0,0,665,340,325
28,91,Nagarkurnool,Nagarkurnool,04,Tadoor,575710,0000,VILLAGE,Parvathayapalle,Rural,162,673,345,328,88,45,43,175,91,84,202,107,95,254,154,100,419,191,228,379,189,190,369,184,185,306,151,155,32,12,20,1,0,1,30,21,9,10,5,5,2,1,1,1,1,0,1,1,0,6,2,4,9,5,4,2,1,1,1,1,0,1,1,0,5,2,3,1,0,1,0,0,0,0,0,0,0,0,0,1,0,1,294,156,138
28,91,Nagarkurnool,Nagarkurnool,03,Nagar_Kurnool,575711,0000,VILLAGE,Kummera,Rural,561,2536,1306,1230,327,183,144,606,311,295,253,132,121,1238,738,500,1298,568,730,1379,727,652,1269,681,588,840,481,359,266,85,181,12,7,5,151,108,43,110,46,64,8,3,5,60,18,42,11,10,1,31,15,16,108,45,63,8,3,5,59,17,42,11,10,1,30,15,15,2,1,1,0,0,0,1,1,0,0,0,0,1,0,1,1157,579,578
28,91,Nagarkurnool,Nagarkurnool,04,Tadoor,575712,0000,VILLAGE,Thirumalapur,Rural,394,1574,797,777,223,118,105,500,250,250,8,4,4,566,349,217,1008,448,560,816,431,385,769,401,368,475,263,212,92,40,52,7,6,1,195,92,103,47,30,17,9,4,5,8,5,3,2,0,2,28,21,7,40,26,14,8,4,4,7,4,3,1,0,1,24,18,6,7,4,3,1,0,1,1,1,0,1,0,1,4,3,1,758,366,392
28,91,Nagarkurnool,Nagarkurnool,04,Tadoor,575713,0000,VILLAGE,Cherlaitikyala,Rural,331,1498,766,732,142,76,66,411,213,198,5,2,3,755,456,299,743,310,433,803,442,361,680,413,267,379,261,118,197,69,128,9,6,3,95,77,18,123,29,94,6,4,2,101,15,86,0,0,0,16,10,6,103,26,77,6,4,2,85,14,71,0,0,0,12,8,4,20,3,17,0,0,0,16,1,15,0,0,0,4,2,2,695,324,371
28,91,Nagarkurnool,Nagarkurnool,04,Tadoor,575714,0000,VILLAGE,Tadoor,Rural,998,4579,2238,2341,529,292,237,946,473,473,21,7,14,2052,1142,910,2527,1096,1431,2276,1227,1049,2253,1213,1040,867,506,361,900,341,559,28,22,6,458,344,114,23,14,9,1,1,0,7,2,5,3,2,1,12,9,3,23,14,9,1,1,0,7,2,5,3,2,1,12,9,3,0,0,0,0,0,0,0,0,0,0,0,0,0,0,0,2303,1011,1292
28,91,Nagarkurnool,Nagarkurnool,04,Tadoor,575715,0000,VILLAGE,Gunthakoduru,Rural,451,2034,1016,1018,270,155,115,269,123,146,8,4,4,763,485,278,1271,531,740,1168,593,575,1035,543,492,636,327,309,241,96,145,0,0,0,158,120,38,133,50,83,3,0,3,121,46,75,2,1,1,7,3,4,131,49,82,3,0,3,120,46,74,1,0,1,7,3,4,2,1,1,0,0,0,1,0,1,1,1,0,0,0,0,866,423,443
28,91,Nagarkurnool,Nagarkurnool,04,Tadoor,575716,0000,VILLAGE,Yengampalle,Rural,112,547,270,277,66,44,22,158,83,75,2,0,2,225,126,99,322,144,178,320,162,158,316,161,155,157,81,76,114,45,69,5,3,2,40,32,8,4,1,3,1,0,1,1,0,1,0,0,0,2,1,1,4,1,3,1,0,1,1,0,1,0,0,0,2,1,1,0,0,0,0,0,0,0,0,0,0,0,0,0,0,0,227,108,119
28,91,Nagarkurnool,Nagarkurnool,04,Tadoor,575717,0000,VILLAGE,Medipur,Rural,362,1607,804,803,194,98,96,308,145,163,13,6,7,850,515,335,757,289,468,878,445,433,867,440,427,465,238,227,221,77,144,35,21,14,146,104,42,11,5,6,1,1,0,5,1,4,4,3,1,1,0,1,11,5,6,1,1,0,5,1,4,4,3,1,1,0,1,0,0,0,0,0,0,0,0,0,0,0,0,0,0,0,729,359,370
28,91,Nagarkurnool,Nagarkurnool,04,Tadoor,575718,0000,VILLAGE,Polmur,Rural,351,1527,770,757,200,98,102,503,246,257,28,18,10,812,487,325,715,283,432,910,470,440,892,459,433,350,187,163,457,207,250,5,2,3,80,63,17,18,11,7,0,0,0,10,6,4,2,1,1,6,4,2,14,10,4,0,0,0,8,5,3,1,1,0,5,4,1,4,1,3,0,0,0,2,1,1,1,0,1,1,0,1,617,300,317
28,91,Nagarkurnool,Nagarkurnool,04,Tadoor,575719,0000,VILLAGE,Allapur,Rural,303,1353,688,665,152,86,66,386,196,190,14,6,8,667,403,264,686,285,401,760,398,362,653,350,303,210,119,91,327,137,190,1,1,0,115,93,22,107,48,59,4,3,1,99,43,56,0,0,0,4,2,2,105,47,58,4,3,1,98,43,55,0,0,0,3,1,2,2,1,1,0,0,0,1,0,1,0,0,0,1,1,0,593,290,303
28,91,Nagarkurnool,Nagarkurnool,03,Nagar_Kurnool,575720,0000,VILLAGE,Nallavelli,Rural,360,1763,896,867,223,123,100,596,309,287,0,0,0,744,426,318,1019,470,549,923,527,396,894,511,383,412,246,166,283,89,194,4,3,1,195,173,22,29,16,13,2,0,2,14,8,6,0,0,0,13,8,5,28,16,12,2,0,2,14,8,6,0,0,0,12,8,4,1,0,1,0,0,0,0,0,0,0,0,0,1,0,1,840,369,471
28,91,Nagarkurnool,Nagarkurnool,03,Nagar_Kurnool,575721,0000,VILLAGE,Uyyalawada,Rural,481,2183,1085,1098,290,156,134,871,420,451,0,0,0,941,541,400,1242,544,698,1052,604,448,634,432,202,327,223,104,147,67,80,19,15,4,141,127,14,418,172,246,39,20,19,269,76,193,24,9,15,86,67,19,413,170,243,39,20,19,265,74,191,24,9,15,85,67,18,5,2,3,0,0,0,4,2,2,0,0,0,1,0,1,1131,481,650
28,91,Nagarkurnool,Nagarkurnool,03,Nagar_Kurnool,575722,0000,VILLAGE,Yendabetla,Rural,533,2562,1300,1262,296,160,136,513,245,268,12,7,5,1148,686,462,1414,614,800,1436,771,665,1263,737,526,242,147,95,697,315,382,27,16,11,297,259,38,173,34,139,2,0,2,159,28,131,6,1,5,6,5,1,171,34,137,2,0,2,157,28,129,6,1,5,6,5,1,2,0,2,0,0,0,2,0,2,0,0,0,0,0,0,1126,529,597
28,91,Nagarkurnool,Nagarkurnool,03,Nagar_Kurnool,575725,0000,VILLAGE,Gaggalpalle,Rural,535,2436,1232,1204,316,151,165,653,314,339,51,26,25,1142,705,437,1294,527,767,1393,725,668,1380,720,660,349,213,136,776,313,463,4,2,2,251,192,59,13,5,8,0,0,0,6,0,6,0,0,0,7,5,2,12,4,8,0,0,0,6,0,6,0,0,0,6,4,2,1,1,0,0,0,0,0,0,0,0,0,0,1,1,0,1043,507,536
28,91,Nagarkurnool,Nagarkurnool,03,Nagar_Kurnool,575726,0000,VILLAGE,Malkapur,Rural,225,941,491,450,119,73,46,178,94,84,4,2,2,373,236,137,568,255,313,561,294,267,522,278,244,332,203,129,133,26,107,5,5,0,52,44,8,39,16,23,0,0,0,39,16,23,0,0,0,0,0,0,39,16,23,0,0,0,39,16,23,0,0,0,0,0,0,0,0,0,0,0,0,0,0,0,0,0,0,0,0,0,380,197,183
28,91,Nagarkurnool,Nagarkurnool,03,Nagar_Kurnool,575727,0000,VILLAGE,Venkatapur,Rural,152,538,290,248,62,32,30,193,98,95,0,0,0,296,186,110,242,104,138,343,176,167,342,176,166,136,70,66,182,92,90,0,0,0,24,14,10,1,0,1,0,0,0,1,0,1,0,0,0,0,0,0,1,0,1,0,0,0,1,0,1,0,0,0,0,0,0,0,0,0,0,0,0,0,0,0,0,0,0,0,0,0,195,114,81
28,91,Nagarkurnool,Nagarkurnool,03,Nagar_Kurnool,575728,0000,VILLAGE,Puljal,Rural,280,1139,576,563,141,82,59,183,90,93,10,5,5,466,267,199,673,309,364,627,318,309,530,273,257,426,210,216,33,15,18,16,12,4,55,36,19,97,45,52,3,0,3,71,28,43,9,7,2,14,10,4,90,42,48,1,0,1,70,28,42,8,6,2,11,8,3,7,3,4,2,0,2,1,0,1,1,1,0,3,2,1,512,258,254
28,91,Nagarkurnool,Nagarkurnool,03,Nagar_Kurnool,575729,0000,VILLAGE,Manthati,Rural,683,3238,1590,1648,419,193,226,561,277,284,16,9,7,1235,737,498,2003,853,1150,1755,898,857,1681,867,814,107,58,49,1368,644,724,22,17,5,184,148,36,74,31,43,7,6,1,33,5,28,6,3,3,28,17,11,71,30,41,7,6,1,33,5,28,6,3,3,25,16,9,3,1,2,0,0,0,0,0,0,0,0,0,3,1,2,1483,692,791
28,91,Nagarkurnool,Nagarkurnool,03,Nagar_Kurnool,575730,0000,VILLAGE,Deshitkyal,Rural,408,1749,851,898,236,115,121,521,261,260,7,2,5,765,441,324,984,410,574,953,500,453,630,346,284,281,142,139,231,104,127,19,16,3,99,84,15,323,154,169,1,0,1,313,147,166,4,3,1,5,4,1,312,149,163,1,0,1,304,144,160,4,3,1,3,2,1,11,5,6,0,0,0,9,3,6,0,0,0,2,2,0,796,351,445
28,91,Nagarkurnool,Nagarkurnool,03,Nagar_Kurnool,575731,0000,VILLAGE,Naganul,Rural,777,3617,1763,1854,444,223,221,880,404,476,24,14,10,1700,957,743,1917,806,1111,1839,1024,815,1812,1018,794,400,231,169,838,317,521,6,6,0,568,464,104,27,6,21,3,0,3,15,1,14,1,0,1,8,5,3,24,6,18,3,0,3,13,1,12,0,0,0,8,5,3,3,0,3,0,0,0,2,0,2,1,0,1,0,0,0,1778,739,1039
28,91,Nagarkurnool,Nagarkurnool,03,Nagar_Kurnool,575733,0000,VILLAGE,Sripuram,Rural,893,3856,1960,1896,553,289,264,749,391,358,41,20,21,1416,853,563,2440,1107,1333,2224,1185,1039,1900,1041,859,766,430,336,686,275,411,74,53,21,374,283,91,324,144,180,17,10,7,151,38,113,17,12,5,139,84,55,248,107,141,12,7,5,100,21,79,7,3,4,129,76,53,76,37,39,5,3,2,51,17,34,10,9,1,10,8,2,1632,775,857
28,91,Nagarkurnool,Nagarkurnool,03,Nagar_Kurnool,575734,0000,VILLAGE,Bondalapalle,Rural,437,1898,985,913,210,122,88,540,277,263,0,0,0,803,496,307,1095,489,606,1069,577,492,1004,564,440,225,174,51,599,268,331,58,35,23,122,87,35,65,13,52,15,1,14,26,4,22,6,2,4,18,6,12,50,12,38,11,1,10,17,3,14,6,2,4,16,6,10,15,1,14,4,0,4,9,1,8,0,0,0,2,0,2,829,408,421
28,91,Nagarkurnool,Nagarkurnool,03,Nagar_Kurnool,575735,0000,VILLAGE,Thoodukurthy,Rural,1214,5820,2935,2885,735,386,349,1004,492,512,193,97,96,2618,1535,1083,3202,1400,1802,2933,1663,1270,2551,1517,1034,828,485,343,911,413,498,35,26,9,777,593,184,382,146,236,31,13,18,191,47,144,25,11,14,135,75,60,295,105,190,23,9,14,177,41,136,13,5,8,82,50,32,87,41,46,8,4,4,14,6,8,12,6,6,53,25,28,2887,1272,1615
28,91,Nagarkurnool,Nagarkurnool,03,Nagar_Kurnool,575736,0000,VILLAGE,Peddapuram,Rural,466,2231,1136,1095,327,163,164,803,407,396,18,9,9,743,452,291,1488,684,804,1328,684,644,1319,681,638,506,264,242,729,355,374,5,4,1,79,58,21,9,3,6,3,2,1,6,1,5,0,0,0,0,0,0,8,3,5,2,2,0,6,1,5,0,0,0,0,0,0,1,0,1,1,0,1,0,0,0,0,0,0,0,0,0,903,452,451
28,91,Nagarkurnool,Nagarkurnool,03,Nagar_Kurnool,575737,0000,VILLAGE,Gudipalle,Rural,529,2546,1288,1258,333,168,165,349,172,177,29,16,13,1029,627,402,1517,661,856,1349,701,648,860,503,357,286,185,101,355,154,201,9,5,4,210,159,51,489,198,291,18,11,7,379,128,251,7,0,7,85,59,26,474,192,282,18,11,7,369,125,244,5,0,5,82,56,26,15,6,9,0,0,0,10,3,7,2,0,2,3,3,0,1197,587,610
28,91,Nagarkurnool,Nagarkurnool,03,Nagar_Kurnool,575738,0000,VILLAGE,Auraspalle,Rural,190,924,471,453,91,51,40,385,190,195,0,0,0,455,285,170,469,186,283,568,304,264,563,302,261,123,63,60,345,173,172,3,2,1,92,64,28,5,2,3,0,0,0,0,0,0,0,0,0,5,2,3,5,2,3,0,0,0,0,0,0,0,0,0,5,2,3,0,0,0,0,0,0,0,0,0,0,0,0,0,0,0,356,167,189
28,91,Nagarkurnool,Nagarkurnool,03,Nagar_Kurnool,575739,0000,VILLAGE,Vanapatla,Rural,635,2797,1398,1399,398,194,204,641,326,315,36,17,19,1158,713,445,1639,685,954,1585,829,756,1492,790,702,1010,528,482,292,133,159,20,9,11,170,120,50,93,39,54,7,1,6,71,24,47,4,3,1,11,11,0,90,36,54,7,1,6,70,23,47,4,3,1,9,9,0,3,3,0,0,0,0,1,1,0,0,0,0,2,2,0,1212,569,643
28,91,Nagarkurnool,Nagarkurnool,03,Nagar_Kurnool,575740,0000,VILLAGE,Narsaipalle,Rural,142,745,362,383,105,51,54,188,84,104,0,0,0,323,189,134,422,173,249,420,207,213,413,205,208,87,43,44,287,132,155,3,3,0,36,27,9,7,2,5,0,0,0,4,1,3,0,0,0,3,1,2,5,2,3,0,0,0,2,1,1,0,0,0,3,1,2,2,0,2,0,0,0,2,0,2,0,0,0,0,0,0,325,155,170
28,91,Nagarkurnool,Nagarkurnool,03,Nagar_Kurnool,575741,0000,VILLAGE,Chandubatla,Rural,255,1233,642,591,154,72,82,206,100,106,0,0,0,631,403,228,602,239,363,652,373,279,444,268,176,280,154,126,6,3,3,4,4,0,154,107,47,208,105,103,30,13,17,138,59,79,2,2,0,38,31,7,204,104,100,29,12,17,137,59,78,2,2,0,36,31,5,4,1,3,1,1,0,1,0,1,0,0,0,2,0,2,581,269,312
28,91,Nagarkurnool,Nagarkurnool,03,Nagar_Kurnool,575742,0000,VILLAGE,Ganyagula,Rural,459,2310,1180,1130,304,159,145,808,430,378,16,8,8,963,568,395,1347,612,735,1208,692,516,1201,689,512,288,181,107,668,332,336,8,6,2,237,170,67,7,3,4,0,0,0,6,3,3,0,0,0,1,0,1,7,3,4,0,0,0,6,3,3,0,0,0,1,0,1,0,0,0,0,0,0,0,0,0,0,0,0,0,0,0,1102,488,614
28,91,Nagarkurnool,Nagarkurnool,03,Nagar_Kurnool,575743,0000,VILLAGE,Peddamudnur,Rural,678,3401,1754,1647,456,231,225,659,327,332,13,5,8,1473,915,558,1928,839,1089,1709,949,760,1548,873,675,546,299,247,652,299,353,21,18,3,329,257,72,161,76,85,1,1,0,118,50,68,4,2,2,38,23,15,139,68,71,1,1,0,103,46,57,3,2,1,32,19,13,22,8,14,0,0,0,15,4,11,1,0,1,6,4,2,1692,805,887
28,91,Nagarkurnool,Nagarkurnool,02,Bijinapalle,575745,0000,VILLAGE,Gouraram,Rural,327,1616,778,838,282,138,144,195,88,107,476,233,243,531,309,222,1085,469,616,870,437,433,860,434,426,118,110,8,472,163,309,2,2,0,268,159,109,10,3,7,1,1,0,4,0,4,0,0,0,5,2,3,9,2,7,0,0,0,4,0,4,0,0,0,5,2,3,1,1,0,1,1,0,0,0,0,0,0,0,0,0,0,746,341,405
28,91,Nagarkurnool,Nagarkurnool,02,Bijinapalle,575746,0000,VILLAGE,Manganur,Rural,1483,6912,3494,3418,917,454,463,1200,599,601,29,17,12,3119,1877,1242,3793,1617,2176,3830,2072,1758,3592,1954,1638,618,407,211,2455,1153,1302,59,35,24,460,359,101,238,118,120,19,12,7,139,56,83,12,7,5,68,43,25,209,104,105,15,9,6,127,51,76,10,7,3,57,37,20,29,14,15,4,3,1,12,5,7,2,0,2,11,6,5,3082,1422,1660
28,91,Nagarkurnool,Nagarkurnool,02,Bijinapalle,575747,0000,VILLAGE,Velgonda,Rural,795,3548,1814,1734,412,203,209,912,460,452,3,1,2,1638,1008,630,1910,806,1104,2052,1073,979,1558,911,647,528,315,213,778,396,382,53,35,18,199,165,34,494,162,332,40,5,35,394,128,266,28,5,23,32,24,8,491,161,330,40,5,35,391,127,264,28,5,23,32,24,8,3,1,2,0,0,0,3,1,2,0,0,0,0,0,0,1496,741,755
28,91,Nagarkurnool,Nagarkurnool,02,Bijinapalle,575748,0000,VILLAGE,Vattem,Rural,1043,4918,2450,2468,644,333,311,825,407,418,633,316,317,2124,1289,835,2794,1161,1633,2425,1287,1138,1741,987,754,381,242,139,981,434,547,18,15,3,361,296,65,684,300,384,6,3,3,597,240,357,25,12,13,56,45,11,600,266,334,5,2,3,527,217,310,23,10,13,45,37,8,84,34,50,1,1,0,70,23,47,2,2,0,11,8,3,2493,1163,1330
28,91,Nagarkurnool,Nagarkurnool,02,Bijinapalle,575749,0000,VILLAGE,Anekhanpalle,Rural,88,395,190,205,70,32,38,90,49,41,300,139,161,114,76,38,281,114,167,227,106,121,227,106,121,79,38,41,140,62,78,0,0,0,8,6,2,0,0,0,0,0,0,0,0,0,0,0,0,0,0,0,0,0,0,0,0,0,0,0,0,0,0,0,0,0,0,0,0,0,0,0,0,0,0,0,0,0,0,0,0,0,168,84,84
28,91,Nagarkurnool,Nagarkurnool,02,Bijinapalle,575750,0000,VILLAGE,Karukonda,Rural,436,1770,893,877,279,142,137,638,333,305,462,224,238,704,428,276,1066,465,601,994,512,482,953,498,455,276,147,129,594,290,304,13,7,6,70,54,16,41,14,27,3,0,3,30,11,19,4,2,2,4,1,3,32,11,21,3,0,3,23,9,14,2,1,1,4,1,3,9,3,6,0,0,0,7,2,5,2,1,1,0,0,0,776,381,395
28,91,Nagarkurnool,Nagarkurnool,02,Bijinapalle,575751,0000,VILLAGE,Vasanthapur,Rural,279,1201,617,584,139,71,68,576,297,279,0,0,0,503,309,194,698,308,390,675,369,306,648,358,290,138,118,20,411,173,238,30,11,19,69,56,13,27,11,16,4,2,2,12,6,6,8,1,7,3,2,1,24,9,15,4,2,2,11,5,6,6,0,6,3,2,1,3,2,1,0,0,0,1,1,0,2,1,1,0,0,0,526,248,278
28,91,Nagarkurnool,Nagarkurnool,02,Bijinapalle,575752,0000,VILLAGE,Lingasanipalli,Rural,386,1858,945,913,274,152,122,468,234,234,0,0,0,725,439,286,1133,506,627,1039,554,485,984,522,462,233,137,96,632,285,347,9,9,0,110,91,19,55,32,23,8,4,4,28,14,14,1,1,0,18,13,5,44,25,19,4,2,2,23,11,12,1,1,0,16,11,5,11,7,4,4,2,2,5,3,2,0,0,0,2,2,0,819,391,428
28,91,Nagarkurnool,Nagarkurnool,02,Bijinapalle,575753,0000,VILLAGE,Venkatapur,Rural,151,705,362,343,82,39,43,119,57,62,98,54,44,386,246,140,319,116,203,334,185,149,329,183,146,52,50,2,189,71,118,0,0,0,88,62,26,5,2,3,0,0,0,3,1,2,0,0,0,2,1,1,2,1,1,0,0,0,0,0,0,0,0,0,2,1,1,3,1,2,0,0,0,3,1,2,0,0,0,0,0,0,371,177,194
28,91,Nagarkurnool,Nagarkurnool,02,Bijinapalle,575754,0000,VILLAGE,Palem,Rural,1035,4511,2294,2217,437,210,227,920,453,467,65,49,16,2762,1649,1113,1749,645,1104,2175,1238,937,1712,1025,687,243,143,100,542,193,349,114,66,48,813,623,190,463,213,250,25,16,9,233,77,156,33,15,18,172,105,67,400,186,214,13,10,3,213,73,140,24,9,15,150,94,56,63,27,36,12,6,6,20,4,16,9,6,3,22,11,11,2336,1056,1280
28,91,Nagarkurnool,Nagarkurnool,02,Bijinapalle,575755,0000,VILLAGE,Gudlanarwa,Rural,719,3266,1642,1624,409,212,197,722,351,371,113,51,62,1529,916,613,1737,726,1011,1728,918,810,1664,882,782,567,342,225,720,285,435,15,11,4,362,244,118,64,36,28,3,2,1,39,15,24,4,3,1,18,16,2,56,30,26,3,2,1,33,11,22,4,3,1,16,14,2,8,6,2,0,0,0,6,4,2,0,0,0,2,2,0,1538,724,814
28,91,Nagarkurnool,Nagarkurnool,02,Bijinapalle,575756,0000,VILLAGE,Bijinapalle,Rural,1586,7329,3730,3599,824,455,369,1593,824,769,118,63,55,3920,2307,1613,3409,1423,1986,3542,1948,1594,2914,1763,1151,539,325,214,1068,470,598,153,98,55,1154,870,284,628,185,443,41,23,18,300,58,242,84,42,42,203,62,141,609,182,427,40,23,17,293,56,237,83,42,41,193,61,132,19,3,16,1,0,1,7,2,5,1,0,1,10,1,9,3787,1782,2005
28,91,Nagarkurnool,Nagarkurnool,02,Bijinapalle,575757,0000,VILLAGE,Polepalle,Rural,422,1816,921,895,258,140,118,373,186,187,253,124,129,758,445,313,1058,476,582,985,530,455,946,509,437,166,124,42,664,283,381,2,1,1,114,101,13,39,21,18,0,0,0,35,18,17,1,0,1,3,3,0,38,21,17,0,0,0,35,18,17,0,0,0,3,3,0,1,0,1,0,0,0,0,0,0,1,0,1,0,0,0,831,391,440
28,91,Nagarkurnool,Nagarkurnool,02,Bijinapalle,575758,0000,VILLAGE,Latpalle,Rural,1659,7151,3692,3459,1168,641,527,421,225,196,3881,2022,1859,2664,1649,1015,4487,2043,2444,3754,1975,1779,3498,1830,1668,919,642,277,1461,511,950,169,75,94,949,602,347,256,145,111,85,75,10,87,28,59,21,8,13,63,34,29,243,141,102,83,75,8,81,27,54,21,8,13,58,31,27,13,4,9,2,0,2,6,1,5,0,0,0,5,3,2,3397,1717,1680
28,91,Nagarkurnool,Nagarkurnool,02,Bijinapalle,575759,0000,VILLAGE,Gangaram,Rural,1299,5722,2900,2822,800,430,370,635,311,324,1829,939,890,2293,1387,906,3429,1513,1916,3284,1650,1634,2594,1364,1230,905,594,311,1245,471,774,37,24,13,407,275,132,690,286,404,56,32,24,323,109,214,25,10,15,286,135,151,624,256,368,49,28,21,287,93,194,21,8,13,267,127,140,66,30,36,7,4,3,36,16,20,4,2,2,19,8,11,2438,1250,1188
28,91,Nagarkurnool,Nagarkurnool,02,Bijinapalle,575760,0000,VILLAGE,Mahadevpeta,Rural,457,2082,1038,1044,260,138,122,202,101,101,0,0,0,927,561,366,1155,477,678,1154,597,557,970,561,409,268,221,47,519,194,325,6,5,1,177,141,36,184,36,148,5,1,4,156,21,135,2,0,2,21,14,7,177,33,144,4,1,3,151,19,132,2,0,2,20,13,7,7,3,4,1,0,1,5,2,3,0,0,0,1,1,0,928,441,487
28,91,Nagarkurnool,Nagarkurnool,02,Bijinapalle,575761,0000,VILLAGE,Shainpalle,Rural,607,2910,1460,1450,409,205,204,616,303,313,224,115,109,1131,691,440,1779,769,1010,1557,803,754,1511,781,730,550,307,243,623,217,406,21,11,10,317,246,71,46,22,24,6,2,4,22,7,15,0,0,0,18,13,5,41,21,20,5,2,3,18,6,12,0,0,0,18,13,5,5,1,4,1,0,1,4,1,3,0,0,0,0,0,0,1353,657,696
28,91,Nagarkurnool,Nagarkurnool,02,Bijinapalle,575762,0000,VILLAGE,Mammaipalle,Rural,297,1437,728,709,198,106,92,220,112,108,14,6,8,641,390,251,796,338,458,807,420,387,476,253,223,134,69,65,207,85,122,3,2,1,132,97,35,331,167,164,145,74,71,145,68,77,3,1,2,38,24,14,317,159,158,145,74,71,138,64,74,2,1,1,32,20,12,14,8,6,0,0,0,7,4,3,1,0,1,6,4,2,630,308,322
28,91,Nagarkurnool,Nagarkurnool,02,Bijinapalle,575763,0000,VILLAGE,Allipur,Rural,192,714,376,338,83,43,40,7,5,2,0,0,0,313,201,112,401,175,226,417,230,187,417,230,187,166,99,67,155,52,103,1,1,0,95,78,17,0,0,0,0,0,0,0,0,0,0,0,0,0,0,0,0,0,0,0,0,0,0,0,0,0,0,0,0,0,0,0,0,0,0,0,0,0,0,0,0,0,0,0,0,0,297,146,151
28,91,Nagarkurnool,Nagarkurnool,02,Bijinapalle,575764,0000,VILLAGE,Dharmapur,Rural,161,675,335,340,85,48,37,240,126,114,0,0,0,285,181,104,390,154,236,366,184,182,362,182,180,58,26,32,186,74,112,2,1,1,116,81,35,4,2,2,0,0,0,0,0,0,0,0,0,4,2,2,4,2,2,0,0,0,0,0,0,0,0,0,4,2,2,0,0,0,0,0,0,0,0,0,0,0,0,0,0,0,309,151,158
28,91,Nagarkurnool,Nagarkurnool,02,Bijinapalle,575765,0000,VILLAGE,Salkarper,Rural,490,2233,1102,1131,358,150,208,447,211,236,117,58,59,748,470,278,1485,632,853,1247,636,611,1238,635,603,398,305,93,710,241,469,20,13,7,110,76,34,9,1,8,2,0,2,6,1,5,0,0,0,1,0,1,7,1,6,0,0,0,6,1,5,0,0,0,1,0,1,2,0,2,2,0,2,0,0,0,0,0,0,0,0,0,986,466,520
28,91,Nagarkurnool,Nagarkurnool,02,Bijinapalle,575766,0000,VILLAGE,Vaddemanu,Rural,1581,6502,3284,3218,876,460,416,1032,513,519,41,21,20,2624,1598,1026,3878,1686,2192,3739,1973,1766,3196,1734,1462,801,517,284,1736,745,991,41,22,19,618,450,168,543,239,304,13,7,6,357,139,218,7,5,2,166,88,78,377,160,217,6,4,2,215,72,143,4,3,1,152,81,71,166,79,87,7,3,4,142,67,75,3,2,1,14,7,7,2763,1311,1452
28,91,Nagarkurnool,Nagarkurnool,02,Bijinapalle,575767,0000,VILLAGE,Boyapur,Rural,109,449,225,224,37,23,14,52,24,28,0,0,0,231,144,87,218,81,137,262,130,132,247,122,125,108,54,54,81,23,58,0,0,0,58,45,13,15,8,7,3,1,2,5,3,2,0,0,0,7,4,3,14,8,6,3,1,2,5,3,2,0,0,0,6,4,2,1,0,1,0,0,0,0,0,0,0,0,0,1,0,1,187,95,92
28,91,Nagarkurnool,Nagarkurnool,02,Bijinapalle,575768,0000,VILLAGE,Khanapur,Rural,637,2927,1435,1492,343,165,178,758,365,393,6,3,3,1370,797,573,1557,638,919,1878,962,916,1176,626,550,196,116,80,740,343,397,15,7,8,225,160,65,702,336,366,160,128,32,184,37,147,1,1,0,357,170,187,699,333,366,160,128,32,184,37,147,0,0,0,355,168,187,3,3,0,0,0,0,0,0,0,1,1,0,2,2,0,1049,473,576
28,93,Achampet,Nagarkurnool,15,Balmoor,576081,0000,VILLAGE,Polepalle,Rural,185,731,390,341,72,36,36,237,129,108,0,0,0,326,213,113,405,177,228,424,227,197,415,224,191,235,136,99,115,30,85,0,0,0,65,58,7,9,3,6,2,1,1,6,2,4,0,0,0,1,0,1,9,3,6,2,1,1,6,2,4,0,0,0,1,0,1,0,0,0,0,0,0,0,0,0,0,0,0,0,0,0,307,163,144
28,93,Achampet,Nagarkurnool,15,Balmoor,576082,0000,VILLAGE,Jinkunta,Rural,548,2214,1169,1045,280,152,128,905,478,427,6,2,4,970,632,338,1244,537,707,1341,696,645,1212,636,576,412,218,194,650,314,336,16,9,7,134,95,39,129,60,69,4,2,2,75,29,46,3,0,3,47,29,18,112,51,61,4,2,2,69,26,43,3,0,3,36,23,13,17,9,8,0,0,0,6,3,3,0,0,0,11,6,5,873,473,400
28,93,Achampet,Nagarkurnool,15,Balmoor,576083,0000,VILLAGE,Thummanpeta,Rural,603,2748,1410,1338,272,161,111,573,288,285,27,16,11,1395,810,585,1353,600,753,1423,772,651,1100,639,461,403,219,184,404,179,225,17,12,5,276,229,47,323,133,190,11,10,1,257,86,171,2,1,1,53,36,17,317,131,186,11,10,1,251,84,167,2,1,1,53,36,17,6,2,4,0,0,0,6,2,4,0,0,0,0,0,0,1325,638,687
28,93,Achampet,Nagarkurnool,15,Balmoor,576084,0000,VILLAGE,Gattuthumman,Rural,728,3142,1604,1538,341,178,163,916,464,452,6,4,2,1461,916,545,1681,688,993,1857,967,890,1795,928,867,683,399,284,600,225,375,183,70,113,329,234,95,62,39,23,7,6,1,8,2,6,21,13,8,26,18,8,53,35,18,7,6,1,4,1,3,21,13,8,21,15,6,9,4,5,0,0,0,4,1,3,0,0,0,5,3,2,1285,637,648
28,93,Achampet,Nagarkurnool,15,Balmoor,576085,0000,VILLAGE,Mahadevpur,Rural,243,994,511,483,131,76,55,349,176,173,1,0,1,467,290,177,527,221,306,577,295,282,446,267,179,178,112,66,174,80,94,12,8,4,82,67,15,131,28,103,6,1,5,106,24,82,1,1,0,18,2,16,128,26,102,6,1,5,103,22,81,1,1,0,18,2,16,3,2,1,0,0,0,3,2,1,0,0,0,0,0,0,417,216,201
28,93,Achampet,Nagarkurnool,15,Balmoor,576086,0000,VILLAGE,Polesettipalle,Rural,765,3485,1843,1642,361,199,162,1041,536,505,371,214,157,1634,1029,605,1851,814,1037,1901,966,935,1701,913,788,866,486,380,607,247,360,19,14,5,209,166,43,200,53,147,25,7,18,135,24,111,12,3,9,28,19,9,175,43,132,22,5,17,130,22,108,3,1,2,20,15,5,25,10,15,3,2,1,5,2,3,9,2,7,8,4,4,1584,877,707
28,93,Achampet,Nagarkurnool,15,Balmoor,576087,0000,VILLAGE,Chennaram P G,Rural,307,1209,624,585,141,85,56,434,228,206,0,0,0,510,311,199,699,313,386,692,360,332,648,342,306,490,258,232,93,36,57,3,2,1,62,46,16,44,18,26,1,0,1,25,7,18,0,0,0,18,11,7,37,18,19,0,0,0,23,7,16,0,0,0,14,11,3,7,0,7,1,0,1,2,0,2,0,0,0,4,0,4,517,264,253
28,93,Achampet,Nagarkurnool,15,Balmoor,576088,0000,VILLAGE,Kondareddipalle,Rural,333,1329,673,656,140,66,74,518,265,253,0,0,0,675,396,279,654,277,377,765,410,355,659,364,295,360,183,177,180,85,95,2,1,1,117,95,22,106,46,60,9,6,3,71,25,46,3,2,1,23,13,10,86,37,49,9,6,3,59,20,39,3,2,1,15,9,6,20,9,11,0,0,0,12,5,7,0,0,0,8,4,4,564,263,301
28,93,Achampet,Nagarkurnool,15,Balmoor,576089,0000,VILLAGE,Godal,Rural,507,2191,1124,1067,289,168,121,878,450,428,9,4,5,1006,636,370,1185,488,697,1071,632,439,684,464,220,418,300,118,140,58,82,7,4,3,119,102,17,387,168,219,103,36,67,212,84,128,9,8,1,63,40,23,351,156,195,99,35,64,185,75,110,9,8,1,58,38,20,36,12,24,4,1,3,27,9,18,0,0,0,5,2,3,1120,492,628
28,93,Achampet,Nagarkurnool,15,Balmoor,576090,0000,VILLAGE,Veeramrajupalle,Rural,113,444,227,217,45,28,17,194,96,98,0,0,0,233,139,94,211,88,123,262,142,120,110,77,33,20,16,4,49,30,19,5,2,3,36,29,7,152,65,87,11,7,4,92,28,64,9,3,6,40,27,13,128,51,77,10,7,3,76,20,56,7,2,5,35,22,13,24,14,10,1,0,1,16,8,8,2,1,1,5,5,0,182,85,97
28,93,Achampet,Nagarkurnool,15,Balmoor,576091,0000,VILLAGE,Ramajipalle,Rural,478,1825,961,864,189,104,85,574,291,283,21,13,8,963,595,368,862,366,496,1125,579,546,937,488,449,442,239,203,332,146,186,24,14,10,139,89,50,188,91,97,74,36,38,28,9,19,20,12,8,66,34,32,176,83,93,74,36,38,25,7,18,15,7,8,62,33,29,12,8,4,0,0,0,3,2,1,5,5,0,4,1,3,700,382,318
28,93,Achampet,Nagarkurnool,15,Balmoor,576092,0000,VILLAGE,Bonala,Rural,520,2462,1232,1230,265,141,124,702,368,334,935,475,460,1244,707,537,1218,525,693,1592,826,766,1251,639,612,261,138,123,848,417,431,45,26,19,97,58,39,341,187,154,20,10,10,80,32,48,0,0,0,241,145,96,340,186,154,20,10,10,80,32,48,0,0,0,240,144,96,1,1,0,0,0,0,0,0,0,0,0,0,1,1,0,870,406,464
28,93,Achampet,Nagarkurnool,15,Balmoor,576093,0000,VILLAGE,Kondanagula,Rural,1368,6333,3365,2968,693,381,312,1163,609,554,1283,682,601,3370,2157,1213,2963,1208,1755,3284,1700,1584,2417,1362,1055,1012,563,449,947,466,481,28,19,9,430,314,116,867,338,529,64,22,42,706,260,446,7,3,4,90,53,37,733,273,460,54,19,35,605,209,396,3,2,1,71,43,28,134,65,69,10,3,7,101,51,50,4,1,3,19,10,9,3049,1665,1384
28,93,Achampet,Nagarkurnool,15,Balmoor,576094,0000,VILLAGE,Mylaram,Rural,174,765,382,383,96,42,54,324,155,169,0,0,0,326,209,117,439,173,266,468,235,233,434,219,215,315,164,151,54,20,34,10,1,9,55,34,21,34,16,18,12,3,9,3,3,0,0,0,0,19,10,9,31,13,18,11,2,9,2,2,0,0,0,0,18,9,9,3,3,0,1,1,0,1,1,0,0,0,0,1,1,0,297,147,150
28,93,Achampet,Nagarkurnool,15,Balmoor,576095,0000,VILLAGE,Balmoor,Rural,983,4024,2064,1960,397,213,184,971,556,415,151,74,77,2012,1204,808,2012,860,1152,2192,1150,1042,1528,832,696,519,317,202,656,277,379,37,21,16,316,217,99,664,318,346,80,41,39,357,161,196,28,9,19,199,107,92,503,236,267,79,40,39,237,103,134,23,8,15,164,85,79,161,82,79,1,1,0,120,58,62,5,1,4,35,22,13,1832,914,918
28,93,Achampet,Nagarkurnool,15,Balmoor,576096,0000,VILLAGE,Narasaipalle,Rural,231,1091,576,515,172,96,76,0,0,0,1041,551,490,366,239,127,725,337,388,555,276,279,549,274,275,101,97,4,343,108,235,0,0,0,105,69,36,6,2,4,0,0,0,3,1,2,2,0,2,1,1,0,6,2,4,0,0,0,3,1,2,2,0,2,1,1,0,0,0,0,0,0,0,0,0,0,0,0,0,0,0,0,536,300,236
28,93,Achampet,Nagarkurnool,15,Balmoor,576098,0000,VILLAGE,Ananthavaram,Rural,382,1756,903,853,209,115,94,676,344,332,17,9,8,867,515,352,889,388,501,976,491,485,955,483,472,204,121,83,424,178,246,28,6,22,299,178,121,21,8,13,3,0,3,9,4,5,6,3,3,3,1,2,20,7,13,3,0,3,9,4,5,6,3,3,2,0,2,1,1,0,0,0,0,0,0,0,0,0,0,1,1,0,780,412,368
28,93,Achampet,Nagarkurnool,15,Balmoor,576099,0000,VILLAGE,Ambagiri,Rural,252,941,489,452,118,66,52,0,0,0,882,460,422,408,260,148,533,229,304,526,256,270,521,254,267,201,103,98,297,133,164,3,2,1,20,16,4,5,2,3,0,0,0,1,0,1,0,0,0,4,2,2,3,1,2,0,0,0,1,0,1,0,0,0,2,1,1,2,1,1,0,0,0,0,0,0,0,0,0,2,1,1,415,233,182
28,93,Achampet,Nagarkurnool,15,Balmoor,576101,0000,VILLAGE,Billakal,Rural,286,1084,550,534,135,75,60,94,45,49,224,106,118,426,270,156,658,280,378,637,321,316,483,261,222,180,117,63,240,101,139,2,2,0,61,41,20,154,60,94,8,4,4,123,48,75,0,0,0,23,8,15,150,58,92,8,4,4,121,47,74,0,0,0,21,7,14,4,2,2,0,0,0,2,1,1,0,0,0,2,1,1,447,229,218
28,93,Achampet,Nagarkurnool,16,Lingal,576102,0000,VILLAGE,Sainpeta,Rural,371,1716,932,784,202,118,84,298,169,129,668,349,319,883,567,316,833,365,468,965,500,465,913,481,432,533,283,250,288,130,158,0,0,0,92,68,24,52,19,33,9,3,6,35,14,21,0,0,0,8,2,6,52,19,33,9,3,6,35,14,21,0,0,0,8,2,6,0,0,0,0,0,0,0,0,0,0,0,0,0,0,0,751,432,319
28,93,Achampet,Nagarkurnool,16,Lingal,576103,0000,VILLAGE,Datharam,Rural,142,555,279,276,82,40,42,121,62,59,0,0,0,245,150,95,310,129,181,357,185,172,353,184,169,175,96,79,81,25,56,9,2,7,88,61,27,4,1,3,0,0,0,1,0,1,0,0,0,3,1,2,4,1,3,0,0,0,1,0,1,0,0,0,3,1,2,0,0,0,0,0,0,0,0,0,0,0,0,0,0,0,198,94,104
28,93,Achampet,Nagarkurnool,16,Lingal,576104,0000,VILLAGE,Komatikunta,Rural,376,1569,797,772,186,98,88,336,168,168,20,10,10,747,418,329,822,379,443,888,498,390,850,483,367,376,216,160,334,153,181,26,14,12,114,100,14,38,15,23,3,1,2,23,5,18,0,0,0,12,9,3,38,15,23,3,1,2,23,5,18,0,0,0,12,9,3,0,0,0,0,0,0,0,0,0,0,0,0,0,0,0,681,299,382
28,93,Achampet,Nagarkurnool,16,Lingal,576105,0000,VILLAGE,Bakaram,Rural,145,618,331,287,72,38,34,116,60,56,0,0,0,235,156,79,383,175,208,394,205,189,71,44,27,14,8,6,14,9,5,4,2,2,39,25,14,323,161,162,97,54,43,200,94,106,3,0,3,23,13,10,321,161,160,97,54,43,200,94,106,3,0,3,21,13,8,2,0,2,0,0,0,0,0,0,0,0,0,2,0,2,224,126,98
28,93,Achampet,Nagarkurnool,16,Lingal,576106,0000,VILLAGE,Rampur,Rural,144,723,349,374,84,42,42,131,67,64,22,11,11,324,174,150,399,175,224,414,204,210,406,202,204,128,98,30,152,29,123,0,0,0,126,75,51,8,2,6,3,1,2,3,0,3,0,0,0,2,1,1,6,2,4,3,1,2,2,0,2,0,0,0,1,1,0,2,0,2,0,0,0,1,0,1,0,0,0,1,0,1,309,145,164
28,93,Achampet,Nagarkurnool,16,Lingal,576107,0000,VILLAGE,Vallabhapur,Rural,191,874,456,418,92,51,41,214,101,113,0,0,0,445,269,176,429,187,242,470,268,202,389,249,140,121,111,10,106,20,86,14,10,4,148,108,40,81,19,62,7,2,5,48,5,43,2,1,1,24,11,13,79,19,60,7,2,5,47,5,42,2,1,1,23,11,12,2,0,2,0,0,0,1,0,1,0,0,0,1,0,1,404,188,216
28,93,Achampet,Nagarkurnool,16,Lingal,576108,0000,VILLAGE,Manajipet,Rural,82,329,164,165,32,12,20,100,50,50,0,0,0,110,69,41,219,95,124,200,105,95,199,104,95,35,31,4,149,60,89,1,0,1,14,13,1,1,1,0,0,0,0,1,1,0,0,0,0,0,0,0,1,1,0,0,0,0,1,1,0,0,0,0,0,0,0,0,0,0,0,0,0,0,0,0,0,0,0,0,0,0,129,59,70
28,93,Achampet,Nagarkurnool,16,Lingal,576109,0000,VILLAGE,Madapur,Rural,102,416,207,209,42,24,18,179,92,87,0,0,0,132,68,64,284,139,145,252,127,125,161,89,72,136,70,66,2,1,1,0,0,0,23,18,5,91,38,53,0,0,0,47,16,31,4,2,2,40,20,20,91,38,53,0,0,0,47,16,31,4,2,2,40,20,20,0,0,0,0,0,0,0,0,0,0,0,0,0,0,0,164,80,84
28,93,Achampet,Nagarkurnool,16,Lingal,576110,0000,VILLAGE,Maqdumpur,Rural,131,601,321,280,87,47,40,174,96,78,228,119,109,292,193,99,309,128,181,345,185,160,344,184,160,85,78,7,200,60,140,0,0,0,59,46,13,1,1,0,0,0,0,0,0,0,0,0,0,1,1,0,1,1,0,0,0,0,0,0,0,0,0,0,1,1,0,0,0,0,0,0,0,0,0,0,0,0,0,0,0,0,256,136,120
28,93,Achampet,Nagarkurnool,16,Lingal,576111,0000,VILLAGE,Jeelugupalle,Rural,268,1116,527,589,135,52,83,139,64,75,291,134,157,467,280,187,649,247,402,706,337,369,409,221,188,265,144,121,77,35,42,13,4,9,54,38,16,297,116,181,29,15,14,203,65,138,14,5,9,51,31,20,177,75,102,9,5,4,121,42,79,6,2,4,41,26,15,120,41,79,20,10,10,82,23,59,8,3,5,10,5,5,410,190,220
28,93,Achampet,Nagarkurnool,16,Lingal,576112,0000,VILLAGE,Surapur,Rural,390,1768,939,829,184,97,87,227,126,101,520,267,253,786,507,279,982,432,550,1049,531,518,948,508,440,447,267,180,472,221,251,9,7,2,20,13,7,101,23,78,14,8,6,75,8,67,6,4,2,6,3,3,99,21,78,14,8,6,73,6,67,6,4,2,6,3,3,2,2,0,0,0,0,2,2,0,0,0,0,0,0,0,719,408,311
28,93,Achampet,Nagarkurnool,16,Lingal,576113,0000,VILLAGE,Kothakuntapalle,Rural,305,1200,634,566,146,86,60,191,103,88,82,44,38,375,235,140,825,399,426,653,362,291,526,334,192,143,105,38,106,18,88,0,0,0,277,211,66,127,28,99,1,0,1,49,9,40,0,0,0,77,19,58,120,25,95,0,0,0,45,7,38,0,0,0,75,18,57,7,3,4,1,0,1,4,2,2,0,0,0,2,1,1,547,272,275
28,93,Achampet,Nagarkurnool,16,Lingal,576114,0000,VILLAGE,Ausalikunta,Rural,347,1658,853,805,226,125,101,556,291,265,163,79,84,680,420,260,978,433,545,925,498,427,911,490,421,319,176,143,340,165,175,12,10,2,240,139,101,14,8,6,5,3,2,1,1,0,0,0,0,8,4,4,13,7,6,4,2,2,1,1,0,0,0,0,8,4,4,1,1,0,1,1,0,0,0,0,0,0,0,0,0,0,733,355,378
28,93,Achampet,Nagarkurnool,16,Lingal,576115,0000,VILLAGE,Anbatpalle,Rural,1096,4853,2462,2391,723,404,319,452,238,214,231,125,106,1695,1072,623,3158,1390,1768,2696,1386,1310,1848,1131,717,587,485,102,837,374,463,62,20,42,362,252,110,848,255,593,110,19,91,471,114,357,24,12,12,243,110,133,755,213,542,110,19,91,455,109,346,16,8,8,174,77,97,93,42,51,0,0,0,16,5,11,8,4,4,69,33,36,2157,1076,1081
28,93,Achampet,Nagarkurnool,16,Lingal,576117,0000,VILLAGE,Rayavaram,Rural,566,2486,1270,1216,342,181,161,135,61,74,1002,518,484,832,512,320,1654,758,896,1377,697,680,953,483,470,436,246,190,375,161,214,38,16,22,104,60,44,424,214,210,14,6,8,342,166,176,3,1,2,65,41,24,421,212,209,13,5,8,341,166,175,2,0,2,65,41,24,3,2,1,1,1,0,1,0,1,1,1,0,0,0,0,1109,573,536
28,93,Achampet,Nagarkurnool,16,Lingal,576119,0000,VILLAGE,Lingal,Rural,3181,14497,7534,6963,1978,1059,919,1366,906,460,7018,3517,3501,6798,4207,2591,7699,3327,4372,7517,3847,3670,5262,2878,2384,2220,1228,992,1772,760,1012,63,35,28,1207,855,352,2255,969,1286,107,51,56,1342,508,834,49,25,24,757,385,372,2162,933,1229,104,50,54,1318,499,819,45,23,22,695,361,334,93,36,57,3,1,2,24,9,15,4,2,2,62,24,38,6980,3687,3293
28,94,Kollapur,Nagarkurnool,17,Peddakothapalle,576120,0000,VILLAGE,Devalthirumalpur,Rural,586,2782,1489,1293,379,213,166,632,333,299,11,7,4,1100,695,405,1682,794,888,1390,775,615,1295,735,560,405,399,6,777,241,536,10,5,5,103,90,13,95,40,55,2,1,1,52,12,40,2,0,2,39,27,12,94,40,54,2,1,1,51,12,39,2,0,2,39,27,12,1,0,1,0,0,0,1,0,1,0,0,0,0,0,0,1392,714,678
28,94,Kollapur,Nagarkurnool,17,Peddakothapalle,576121,0000,VILLAGE,Vennacherla,Rural,990,5692,2894,2798,708,360,348,1694,860,834,70,45,25,2398,1540,858,3294,1354,1940,3203,1599,1604,2968,1475,1493,819,469,350,1595,654,941,68,34,34,486,318,168,235,124,111,17,12,5,84,30,54,21,11,10,113,71,42,208,103,105,14,9,5,84,30,54,15,8,7,95,56,39,27,21,6,3,3,0,0,0,0,6,3,3,18,15,3,2489,1295,1194
28,94,Kollapur,Nagarkurnool,17,Peddakothapalle,576122,0000,VILLAGE,Chandrakal,Rural,571,2925,1506,1419,389,217,172,1011,529,482,2,1,1,1175,713,462,1750,793,957,1631,877,754,1598,860,738,928,518,410,498,221,277,13,11,2,159,110,49,33,17,16,4,1,3,14,4,10,3,3,0,12,9,3,31,15,16,4,1,3,13,3,10,3,3,0,11,8,3,2,2,0,0,0,0,1,1,0,0,0,0,1,1,0,1294,629,665
28,94,Kollapur,Nagarkurnool,17,Peddakothapalle,576123,0000,VILLAGE,Adirala,Rural,125,563,282,281,82,41,41,438,214,224,0,0,0,261,159,102,302,123,179,343,180,163,342,180,162,105,53,52,168,76,92,0,0,0,69,51,18,1,0,1,0,0,0,1,0,1,0,0,0,0,0,0,1,0,1,0,0,0,1,0,1,0,0,0,0,0,0,0,0,0,0,0,0,0,0,0,0,0,0,0,0,0,220,102,118
28,94,Kollapur,Nagarkurnool,17,Peddakothapalle,576124,0000,VILLAGE,Mustipalle,Rural,706,3359,1728,1631,460,247,213,726,364,362,9,8,1,1229,750,479,2130,978,1152,1925,1035,890,1803,980,823,1041,557,484,482,211,271,25,21,4,255,191,64,122,55,67,31,12,19,65,26,39,0,0,0,26,17,9,117,51,66,31,12,19,63,25,38,0,0,0,23,14,9,5,4,1,0,0,0,2,1,1,0,0,0,3,3,0,1434,693,741
28,94,Kollapur,Nagarkurnool,17,Peddakothapalle,576125,0000,VILLAGE,Marrikal,Rural,623,2795,1417,1378,437,231,206,506,245,261,42,21,21,897,556,341,1898,861,1037,1603,822,781,1544,789,755,396,250,146,1070,484,586,12,8,4,66,47,19,59,33,26,7,5,2,40,19,21,4,3,1,8,6,2,47,27,20,5,4,1,33,16,17,3,3,0,6,4,2,12,6,6,2,1,1,7,3,4,1,0,1,2,2,0,1192,595,597
28,94,Kollapur,Nagarkurnool,17,Peddakothapalle,576126,0000,VILLAGE,Peddakothapalle,Rural,1127,5407,2729,2678,730,378,352,1274,671,603,80,35,45,2593,1509,1084,2814,1220,1594,2475,1422,1053,2239,1335,904,619,369,250,761,344,417,30,21,9,829,601,228,236,87,149,15,7,8,157,38,119,2,2,0,62,40,22,216,76,140,15,7,8,149,37,112,2,2,0,50,30,20,20,11,9,0,0,0,8,1,7,0,0,0,12,10,2,2932,1307,1625
28,94,Kollapur,Nagarkurnool,17,Peddakothapalle,576127,0000,VILLAGE,Peddakarpamula,Rural,917,4257,2175,2082,557,298,259,879,443,436,35,19,16,1700,1032,668,2557,1143,1414,2238,1210,1028,2074,1173,901,680,446,234,1011,461,550,28,23,5,355,243,112,164,37,127,5,2,3,136,23,113,1,0,1,22,12,10,154,34,120,4,2,2,129,21,108,1,0,1,20,11,9,10,3,7,1,0,1,7,2,5,0,0,0,2,1,1,2019,965,1054
28,94,Kollapur,Nagarkurnool,17,Peddakothapalle,576128,0000,VILLAGE,Dedinenipalle,Rural,203,933,468,465,124,63,61,209,104,105,184,95,89,379,236,143,554,232,322,539,282,257,519,270,249,234,120,114,158,64,94,8,4,4,119,82,37,20,12,8,1,1,0,5,3,2,3,1,2,11,7,4,19,12,7,1,1,0,5,3,2,3,1,2,10,7,3,1,0,1,0,0,0,0,0,0,0,0,0,1,0,1,394,186,208
28,94,Kollapur,Nagarkurnool,17,Peddakothapalle,576129,0000,VILLAGE,Chinnakarpamula,Rural,266,1165,579,586,168,81,87,153,76,77,8,4,4,475,304,171,690,275,415,634,326,308,464,275,189,222,141,81,163,68,95,1,0,1,78,66,12,170,51,119,39,5,34,111,34,77,3,1,2,17,11,6,163,51,112,36,5,31,109,34,75,2,1,1,16,11,5,7,0,7,3,0,3,2,0,2,1,0,1,1,0,1,531,253,278
28,94,Kollapur,Nagarkurnool,17,Peddakothapalle,576130,0000,VILLAGE,Bacharam,Rural,91,500,260,240,88,37,51,259,135,124,23,10,13,169,109,60,331,151,180,259,145,114,231,128,103,85,80,5,126,37,89,4,3,1,16,8,8,28,17,11,2,2,0,24,13,11,0,0,0,2,2,0,28,17,11,2,2,0,24,13,11,0,0,0,2,2,0,0,0,0,0,0,0,0,0,0,0,0,0,0,0,0,241,115,126
28,94,Kollapur,Nagarkurnool,17,Peddakothapalle,576131,0000,VILLAGE,Jonnalaboguda,Rural,431,2060,1035,1025,319,150,169,694,365,329,814,404,410,928,590,338,1132,445,687,1129,589,540,1120,586,534,184,126,58,748,317,431,31,13,18,157,130,27,9,3,6,0,0,0,5,1,4,0,0,0,4,2,2,9,3,6,0,0,0,5,1,4,0,0,0,4,2,2,0,0,0,0,0,0,0,0,0,0,0,0,0,0,0,931,446,485
28,94,Kollapur,Nagarkurnool,17,Peddakothapalle,576132,0000,VILLAGE,Gantraopalle,Rural,598,2575,1286,1289,325,163,162,670,338,332,11,7,4,1111,652,459,1464,634,830,1427,723,704,837,440,397,263,235,28,476,122,354,14,14,0,84,69,15,590,283,307,21,14,7,523,242,281,5,3,2,41,24,17,589,282,307,21,14,7,522,241,281,5,3,2,41,24,17,1,1,0,0,0,0,1,1,0,0,0,0,0,0,0,1148,563,585
28,94,Kollapur,Nagarkurnool,17,Peddakothapalle,576135,0000,VILLAGE,Sathapur,Rural,988,4663,2364,2299,604,298,306,562,262,300,28,14,14,1720,1077,643,2943,1287,1656,2597,1343,1254,2469,1303,1166,682,446,236,1371,536,835,35,23,12,381,298,83,128,40,88,8,4,4,60,9,51,5,2,3,55,25,30,114,36,78,7,4,3,57,8,49,3,1,2,47,23,24,14,4,10,1,0,1,3,1,2,2,1,1,8,2,6,2066,1021,1045
28,94,Kollapur,Nagarkurnool,17,Peddakothapalle,576136,0000,VILLAGE,Narayanpalle,Rural,274,1068,556,512,136,68,68,311,160,151,0,0,0,458,278,180,610,278,332,638,327,311,589,304,285,103,65,38,451,213,238,1,0,1,34,26,8,49,23,26,0,0,0,43,19,24,0,0,0,6,4,2,49,23,26,0,0,0,43,19,24,0,0,0,6,4,2,0,0,0,0,0,0,0,0,0,0,0,0,0,0,0,430,229,201
28,94,Kollapur,Nagarkurnool,17,Peddakothapalle,576137,0000,VILLAGE,Mahasamudram,Rural,152,646,320,326,78,35,43,158,82,76,8,2,6,331,190,141,315,130,185,403,203,200,327,169,158,60,33,27,152,79,73,41,16,25,74,41,33,76,34,42,4,3,1,31,14,17,21,6,15,20,11,9,71,31,40,3,2,1,29,14,15,21,6,15,18,9,9,5,3,2,1,1,0,2,0,2,0,0,0,2,2,0,243,117,126
28,94,Kollapur,Nagarkurnool,17,Peddakothapalle,576138,0000,VILLAGE,Chennapuraopalle,Rural,570,2402,1256,1146,309,170,139,517,265,252,5,3,2,1146,727,419,1256,529,727,1369,721,648,1314,692,622,304,186,118,664,268,396,19,14,5,327,224,103,55,29,26,5,3,2,18,9,9,1,0,1,31,17,14,45,23,22,5,3,2,17,8,9,1,0,1,22,12,10,10,6,4,0,0,0,1,1,0,0,0,0,9,5,4,1033,535,498
28,94,Kollapur,Nagarkurnool,17,Peddakothapalle,576139,0000,VILLAGE,Kalwakole,Rural,1296,5965,3028,2937,743,381,362,1522,770,752,21,12,9,2775,1657,1118,3190,1371,1819,3214,1710,1504,3061,1623,1438,661,376,285,1792,806,986,62,41,21,546,400,146,153,87,66,18,10,8,70,27,43,5,3,2,60,47,13,139,75,64,18,10,8,63,22,41,5,3,2,53,40,13,14,12,2,0,0,0,7,5,2,0,0,0,7,7,0,2751,1318,1433
28,94,Kollapur,Nagarkurnool,17,Peddakothapalle,576140,0000,VILLAGE,Thirumalampalle,Rural,121,496,242,254,56,28,28,6,3,3,125,58,67,168,102,66,328,140,188,328,153,175,213,113,100,191,98,93,4,2,2,4,3,1,14,10,4,115,40,75,4,1,3,100,35,65,3,0,3,8,4,4,115,40,75,4,1,3,100,35,65,3,0,3,8,4,4,0,0,0,0,0,0,0,0,0,0,0,0,0,0,0,168,89,79
28,94,Kollapur,Nagarkurnool,17,Peddakothapalle,576141,0000,VILLAGE,Vedukaraopalle,Rural,38,180,97,83,26,15,11,0,0,0,176,95,81,46,36,10,134,61,73,105,44,61,97,41,56,39,39,0,55,1,54,0,0,0,3,1,2,8,3,5,0,0,0,3,0,3,3,1,2,2,2,0,5,2,3,0,0,0,3,0,3,1,1,0,1,1,0,3,1,2,0,0,0,0,0,0,2,0,2,1,1,0,75,53,22
28,94,Kollapur,Nagarkurnool,17,Peddakothapalle,576142,0000,VILLAGE,Kothapeta,Rural,107,490,256,234,77,40,37,72,34,38,0,0,0,228,144,84,262,112,150,266,142,124,255,135,120,124,68,56,115,53,62,3,3,0,13,11,2,11,7,4,0,0,0,5,2,3,1,1,0,5,4,1,11,7,4,0,0,0,5,2,3,1,1,0,5,4,1,0,0,0,0,0,0,0,0,0,0,0,0,0,0,0,224,114,110
28,94,Kollapur,Nagarkurnool,17,Peddakothapalle,576143,0000,VILLAGE,Yapatla,Rural,898,4127,2148,1979,556,303,253,625,327,298,148,78,70,1838,1155,683,2289,993,1296,2326,1222,1104,1677,907,770,444,272,172,1014,480,534,27,15,12,192,140,52,649,315,334,99,63,36,460,194,266,19,10,9,71,48,23,397,205,192,99,63,36,230,98,132,9,5,4,59,39,20,252,110,142,0,0,0,230,96,134,10,5,5,12,9,3,1801,926,875
28,94,Kollapur,Nagarkurnool,17,Peddakothapalle,576145,0000,VILLAGE,Maredumandinne,Rural,295,1411,738,673,205,117,88,195,104,91,209,114,95,489,293,196,922,445,477,757,390,367,757,390,367,294,149,145,387,178,209,37,31,6,39,32,7,0,0,0,0,0,0,0,0,0,0,0,0,0,0,0,0,0,0,0,0,0,0,0,0,0,0,0,0,0,0,0,0,0,0,0,0,0,0,0,0,0,0,0,0,0,654,348,306
28,94,Kollapur,Nagarkurnool,18,Kodair,576146,0000,VILLAGE,Rekulapalle,Rural,239,1186,585,601,229,116,113,0,0,0,1156,571,585,483,273,210,703,312,391,577,281,296,568,274,294,152,75,77,326,134,192,1,1,0,89,64,25,9,7,2,2,2,0,3,2,1,0,0,0,4,3,1,9,7,2,2,2,0,3,2,1,0,0,0,4,3,1,0,0,0,0,0,0,0,0,0,0,0,0,0,0,0,609,304,305
28,94,Kollapur,Nagarkurnool,18,Kodair,576147,0000,VILLAGE,Singaipalle,Rural,717,3196,1630,1566,501,274,227,440,232,208,1314,672,642,1170,735,435,2026,895,1131,1734,906,828,1684,882,802,192,133,59,1133,491,642,2,0,2,357,258,99,50,24,26,4,4,0,28,9,19,0,0,0,18,11,7,50,24,26,4,4,0,28,9,19,0,0,0,18,11,7,0,0,0,0,0,0,0,0,0,0,0,0,0,0,0,1462,724,738
28,94,Kollapur,Nagarkurnool,18,Kodair,576148,0000,VILLAGE,Machupalle,Rural,438,2015,1046,969,231,132,99,584,293,291,10,5,5,880,545,335,1135,501,634,1175,618,557,1166,613,553,442,270,172,485,183,302,29,18,11,210,142,68,9,5,4,3,1,2,2,2,0,0,0,0,4,2,2,9,5,4,3,1,2,2,2,0,0,0,0,4,2,2,0,0,0,0,0,0,0,0,0,0,0,0,0,0,0,840,428,412
28,94,Kollapur,Nagarkurnool,18,Kodair,576149,0000,VILLAGE,Turkadinne,Rural,272,1301,710,591,195,128,67,198,102,96,0,0,0,455,306,149,846,404,442,761,392,369,730,375,355,411,212,199,229,102,127,9,4,5,81,57,24,31,17,14,0,0,0,9,4,5,1,0,1,21,13,8,29,17,12,0,0,0,9,4,5,0,0,0,20,13,7,2,0,2,0,0,0,0,0,0,1,0,1,1,0,1,540,318,222
28,94,Kollapur,Nagarkurnool,18,Kodair,576150,0000,VILLAGE,Muthireddipalle,Rural,372,1623,860,763,179,114,65,4,2,2,36,17,19,782,491,291,841,369,472,966,505,461,736,447,289,441,268,173,160,74,86,9,4,5,126,101,25,230,58,172,4,2,2,166,22,144,18,8,10,42,26,16,221,52,169,2,1,1,165,22,143,14,5,9,40,24,16,9,6,3,2,1,1,1,0,1,4,3,1,2,2,0,657,355,302
28,94,Kollapur,Nagarkurnool,18,Kodair,576151,0000,VILLAGE,Janumpalle,Rural,563,2649,1349,1300,404,227,177,420,210,210,12,6,6,903,535,368,1746,814,932,1508,767,741,1457,747,710,323,282,41,841,315,526,100,27,73,193,123,70,51,20,31,15,9,6,19,5,14,7,0,7,10,6,4,44,17,27,12,7,5,17,5,12,6,0,6,9,5,4,7,3,4,3,2,1,2,0,2,1,0,1,1,1,0,1141,582,559
28,94,Kollapur,Nagarkurnool,18,Kodair,576152,0000,VILLAGE,Teegalapalle,Rural,426,2002,1011,991,254,130,124,570,299,271,2,2,0,926,549,377,1076,462,614,1202,619,583,1158,600,558,412,221,191,605,278,327,20,11,9,121,90,31,44,19,25,7,6,1,25,6,19,2,0,2,10,7,3,40,18,22,7,6,1,22,6,16,2,0,2,9,6,3,4,1,3,0,0,0,3,0,3,0,0,0,1,1,0,800,392,408
28,94,Kollapur,Nagarkurnool,18,Kodair,576153,0000,VILLAGE,Bawaipalle,Rural,218,1084,600,484,121,65,56,360,191,169,0,0,0,512,330,182,572,270,302,608,332,276,569,316,253,131,122,9,266,77,189,5,3,2,167,114,53,39,16,23,3,3,0,22,2,20,0,0,0,14,11,3,31,13,18,3,3,0,16,1,15,0,0,0,12,9,3,8,3,5,0,0,0,6,1,5,0,0,0,2,2,0,476,268,208
28,94,Kollapur,Nagarkurnool,18,Kodair,576154,0000,VILLAGE,Paspula,Rural,436,2147,1112,1035,228,129,99,417,217,200,29,14,15,1018,643,375,1129,469,660,1146,608,538,1001,562,439,364,242,122,320,127,193,10,9,1,307,184,123,145,46,99,11,4,7,97,19,78,3,1,2,34,22,12,136,46,90,10,4,6,91,19,72,1,1,0,34,22,12,9,0,9,1,0,1,6,0,6,2,0,2,0,0,0,1001,504,497
28,94,Kollapur,Nagarkurnool,18,Kodair,576155,0000,VILLAGE,Khanapur,Rural,78,360,180,180,46,25,21,330,165,165,0,0,0,127,80,47,233,100,133,208,103,105,207,103,104,25,20,5,33,6,27,2,1,1,147,76,71,1,0,1,0,0,0,0,0,0,1,0,1,0,0,0,0,0,0,0,0,0,0,0,0,0,0,0,0,0,0,1,0,1,0,0,0,0,0,0,1,0,1,0,0,0,152,77,75
28,94,Kollapur,Nagarkurnool,18,Kodair,576156,0000,VILLAGE,Kodair,Rural,1498,6426,3269,3157,818,419,399,1159,596,563,80,45,35,2837,1699,1138,3589,1570,2019,3503,1775,1728,3062,1620,1442,828,500,328,1267,551,716,135,88,47,832,481,351,441,155,286,11,6,5,305,83,222,24,7,17,101,59,42,428,153,275,10,6,4,300,83,217,21,6,15,97,58,39,13,2,11,1,0,1,5,0,5,3,1,2,4,1,3,2923,1494,1429
28,94,Kollapur,Nagarkurnool,18,Kodair,576157,0000,VILLAGE,Nagulapalle,Rural,600,2752,1453,1299,340,193,147,737,374,363,921,508,413,1068,690,378,1684,763,921,1471,805,666,1444,794,650,696,437,259,371,122,249,11,9,2,366,226,140,27,11,16,7,4,3,8,1,7,1,0,1,11,6,5,26,11,15,7,4,3,7,1,6,1,0,1,11,6,5,1,0,1,0,0,0,1,0,1,0,0,0,0,0,0,1281,648,633
28,94,Kollapur,Nagarkurnool,18,Kodair,576158,0000,VILLAGE,Rajapuram,Rural,652,3338,1675,1663,392,199,193,786,400,386,13,6,7,1429,868,561,1909,807,1102,2001,1004,997,1315,700,615,472,315,157,540,212,328,98,42,56,205,131,74,686,304,382,18,8,10,516,205,311,25,14,11,127,77,50,658,292,366,17,8,9,503,199,304,19,11,8,119,74,45,28,12,16,1,0,1,13,6,7,6,3,3,8,3,5,1337,671,666
28,94,Kollapur,Nagarkurnool,18,Kodair,576160,0000,VILLAGE,Mailaram,Rural,736,3687,1897,1790,610,325,285,520,279,241,2008,1020,988,1300,851,449,2387,1046,1341,1978,1024,954,1882,987,895,336,292,44,1332,540,792,3,2,1,211,153,58,96,37,59,4,3,1,81,30,51,2,1,1,9,3,6,91,35,56,4,3,1,76,28,48,2,1,1,9,3,6,5,2,3,0,0,0,5,2,3,0,0,0,0,0,0,1709,873,836
28,94,Kollapur,Nagarkurnool,18,Kodair,576161,0000,VILLAGE,Badigadinne,Rural,159,726,364,362,98,48,50,462,229,233,227,118,109,270,168,102,456,196,260,387,183,204,385,182,203,356,162,194,18,14,4,1,0,1,10,6,4,2,1,1,0,0,0,1,0,1,0,0,0,1,1,0,2,1,1,0,0,0,1,0,1,0,0,0,1,1,0,0,0,0,0,0,0,0,0,0,0,0,0,0,0,0,339,181,158
28,94,Kollapur,Nagarkurnool,18,Kodair,576162,0000,VILLAGE,Narsaipalle,Rural,668,2810,1468,1342,316,163,153,313,166,147,52,28,24,1259,812,447,1551,656,895,1476,786,690,1429,767,662,190,166,24,888,336,552,20,12,8,331,253,78,47,19,28,5,3,2,26,6,20,2,0,2,14,10,4,47,19,28,5,3,2,26,6,20,2,0,2,14,10,4,0,0,0,0,0,0,0,0,0,0,0,0,0,0,0,1334,682,652
28,94,Kollapur,Nagarkurnool,18,Kodair,576163,0000,VILLAGE,Yetham,Rural,818,3538,1846,1692,413,222,191,629,328,301,29,14,15,1644,1018,626,1894,828,1066,1771,982,789,1520,860,660,269,194,75,916,385,531,10,9,1,325,272,53,251,122,129,3,2,1,208,87,121,5,3,2,35,30,5,244,121,123,3,2,1,202,87,115,5,3,2,34,29,5,7,1,6,0,0,0,6,0,6,0,0,0,1,1,0,1767,864,903
28,94,Kollapur,Nagarkurnool,18,Kodair,576164,0000,VILLAGE,Kondraopallle,Rural,554,2346,1178,1168,312,155,157,532,266,266,14,7,7,923,566,357,1423,612,811,1231,653,578,955,530,425,89,76,13,634,272,362,12,8,4,220,174,46,276,123,153,0,0,0,245,100,145,4,3,1,27,20,7,271,119,152,0,0,0,241,97,144,4,3,1,26,19,7,5,4,1,0,0,0,4,3,1,0,0,0,1,1,0,1115,525,590
28,94,Kollapur,Nagarkurnool,20,Pentlavelli,576328,0000,VILLAGE,Konduru,Rural,584,2613,1379,1234,304,163,141,180,103,77,21,12,9,1155,742,413,1458,637,821,1545,828,717,1178,730,448,342,281,61,507,208,299,32,15,17,297,226,71,367,98,269,34,23,11,297,56,241,4,0,4,32,19,13,310,76,234,20,14,6,264,46,218,1,0,1,25,16,9,57,22,35,14,9,5,33,10,23,3,0,3,7,3,4,1068,551,517
28,94,Kollapur,Nagarkurnool,20,Pentlavelli,576329,0000,VILLAGE,Singavaram,Rural,106,475,253,222,61,35,26,144,77,67,0,0,0,243,152,91,232,101,131,270,152,118,267,152,115,113,60,53,70,30,40,8,4,4,76,58,18,3,0,3,0,0,0,0,0,0,0,0,0,3,0,3,3,0,3,0,0,0,0,0,0,0,0,0,3,0,3,0,0,0,0,0,0,0,0,0,0,0,0,0,0,0,205,101,104
28,94,Kollapur,Nagarkurnool,20,Pentlavelli,576330,0000,VILLAGE,Gopalapuram,Rural,452,1999,1028,971,244,128,116,222,109,113,52,27,25,1065,669,396,934,359,575,1004,561,443,943,535,408,328,199,129,325,112,213,25,15,10,265,209,56,61,26,35,7,4,3,30,6,24,5,3,2,19,13,6,53,23,30,6,4,2,28,6,22,5,3,2,14,10,4,8,3,5,1,0,1,2,0,2,0,0,0,5,3,2,995,467,528
28,94,Kollapur,Nagarkurnool,20,Pentlavelli,576341,0000,VILLAGE,Jataprole,Rural,773,3436,1764,1672,419,214,205,790,409,381,69,33,36,1871,1129,742,1565,635,930,1780,981,799,1760,967,793,175,105,70,1014,428,586,95,63,32,476,371,105,20,14,6,6,5,1,4,1,3,1,0,1,9,8,1,19,13,6,6,5,1,4,1,3,1,0,1,8,7,1,1,1,0,0,0,0,0,0,0,0,0,0,1,1,0,1656,783,873
28,94,Kollapur,Nagarkurnool,19,Kollapur,576348,0000,VILLAGE,Chintalapalle,Rural,502,2036,1037,999,258,135,123,735,367,368,26,13,13,974,576,398,1062,461,601,1071,614,457,1031,600,431,251,168,83,471,183,288,19,12,7,290,237,53,40,14,26,2,1,1,25,5,20,6,3,3,7,5,2,36,12,24,1,0,1,24,5,19,5,3,2,6,4,2,4,2,2,1,1,0,1,0,1,1,0,1,1,1,0,965,423,542
28,94,Kollapur,Nagarkurnool,19,Kollapur,576349,0000,VILLAGE,Narsimhapuram,Rural,146,648,332,316,88,54,34,128,72,56,70,33,37,277,151,126,371,181,190,350,187,163,18,16,2,10,10,0,1,1,0,0,0,0,7,5,2,332,171,161,1,1,0,321,162,159,7,5,2,3,3,0,325,166,159,1,1,0,314,157,157,7,5,2,3,3,0,7,5,2,0,0,0,7,5,2,0,0,0,0,0,0,298,145,153
28,94,Kollapur,Nagarkurnool,19,Kollapur,576350,0000,VILLAGE,Enmanabetla,Rural,789,3377,1736,1641,417,218,199,688,357,331,283,142,141,1437,892,545,1940,844,1096,1925,989,936,1858,963,895,614,460,154,1055,353,702,28,18,10,161,132,29,67,26,41,14,8,6,29,5,24,11,5,6,13,8,5,63,25,38,14,8,6,27,5,22,10,4,6,12,8,4,4,1,3,0,0,0,2,0,2,1,1,0,1,0,1,1452,747,705
28,94,Kollapur,Nagarkurnool,19,Kollapur,576351,0000,VILLAGE,Machinenipalle,Rural,209,762,398,364,88,43,45,175,95,80,27,14,13,355,231,124,407,167,240,450,235,215,442,229,213,79,78,1,322,122,200,6,4,2,35,25,10,8,6,2,1,0,1,7,6,1,0,0,0,0,0,0,8,6,2,1,0,1,7,6,1,0,0,0,0,0,0,0,0,0,0,0,0,0,0,0,0,0,0,0,0,0,312,163,149
28,94,Kollapur,Nagarkurnool,19,Kollapur,576352,0000,VILLAGE,Jawaipalle,Rural,201,868,474,394,117,72,45,235,141,94,15,9,6,395,256,139,473,218,255,492,267,225,483,262,221,77,61,16,305,131,174,2,0,2,99,70,29,9,5,4,0,0,0,1,0,1,0,0,0,8,5,3,6,4,2,0,0,0,1,0,1,0,0,0,5,4,1,3,1,2,0,0,0,0,0,0,0,0,0,3,1,2,376,207,169
28,94,Kollapur,Nagarkurnool,19,Kollapur,576353,0000,VILLAGE,Singavatnam,Rural,721,2919,1457,1462,291,151,140,507,263,244,17,8,9,1520,896,624,1399,561,838,1398,810,588,1126,694,432,194,146,48,625,315,310,17,8,9,290,225,65,272,116,156,3,3,0,228,97,131,1,0,1,40,16,24,269,114,155,3,3,0,227,96,131,1,0,1,38,15,23,3,2,1,0,0,0,1,1,0,0,0,0,2,1,1,1521,647,874
28,94,Kollapur,Nagarkurnool,19,Kollapur,576354,0000,VILLAGE,Choutabetla,Rural,227,1032,537,495,101,56,45,194,96,98,0,0,0,537,337,200,495,200,295,566,300,266,542,286,256,215,168,47,250,56,194,7,5,2,70,57,13,24,14,10,9,6,3,8,2,6,0,0,0,7,6,1,22,12,10,8,5,3,7,1,6,0,0,0,7,6,1,2,2,0,1,1,0,1,1,0,0,0,0,0,0,0,466,237,229
28,94,Kollapur,Nagarkurnool,19,Kollapur,576355,0000,VILLAGE,Chukkaipalle,Rural,481,1973,1019,954,201,108,93,621,317,304,9,7,2,1035,628,407,938,391,547,1075,596,479,1059,587,472,392,215,177,492,243,249,11,6,5,164,123,41,16,9,7,2,1,1,10,5,5,0,0,0,4,3,1,15,9,6,2,1,1,10,5,5,0,0,0,3,3,0,1,0,1,0,0,0,0,0,0,0,0,0,1,0,1,898,423,475
28,94,Kollapur,Nagarkurnool,19,Kollapur,576356,0000,VILLAGE,Ankiraopalle,Rural,275,1096,568,528,107,54,53,583,314,269,17,9,8,566,352,214,530,216,314,616,321,295,614,319,295,227,119,108,315,145,170,4,2,2,68,53,15,2,2,0,0,0,0,2,2,0,0,0,0,0,0,0,2,2,0,0,0,0,2,2,0,0,0,0,0,0,0,0,0,0,0,0,0,0,0,0,0,0,0,0,0,0,480,247,233
28,94,Kollapur,Nagarkurnool,19,Kollapur,576357,0000,VILLAGE,Kudikilla,Rural,1040,4706,2408,2298,612,312,300,1491,763,728,14,7,7,1802,1074,728,2904,1334,1570,2628,1353,1275,2536,1318,1218,750,429,321,1210,516,694,44,23,21,532,350,182,92,35,57,6,3,3,45,10,35,1,0,1,40,22,18,75,32,43,6,3,3,35,9,26,1,0,1,33,20,13,17,3,14,0,0,0,10,1,9,0,0,0,7,2,5,2078,1055,1023
28,94,Kollapur,Nagarkurnool,19,Kollapur,576358,0000,VILLAGE,Narlapuram,Rural,600,2652,1388,1264,404,227,177,373,187,186,912,477,435,977,659,318,1675,729,946,1535,763,772,1321,695,626,246,147,99,706,329,377,61,33,28,308,186,122,214,68,146,23,11,12,79,19,60,56,7,49,56,31,25,208,67,141,23,11,12,76,18,58,53,7,46,56,31,25,6,1,5,0,0,0,3,1,2,3,0,3,0,0,0,1117,625,492
28,94,Kollapur,Nagarkurnool,19,Kollapur,576360,0000,VILLAGE,Malachintapalle,Rural,1166,4832,2504,2328,751,415,336,341,168,173,1806,942,864,1614,1001,613,3218,1503,1715,2683,1340,1343,2237,1122,1115,593,438,155,1324,493,831,35,18,17,285,173,112,446,218,228,67,38,29,322,144,178,2,1,1,55,35,20,441,217,224,67,38,29,319,144,175,2,1,1,53,34,19,5,1,4,0,0,0,3,0,3,0,0,0,2,1,1,2149,1164,985
28,94,Kollapur,Nagarkurnool,19,Kollapur,576361,0000,VILLAGE,Yellur,Rural,1205,4847,2483,2364,674,362,312,858,437,421,836,439,397,1891,1186,705,2956,1297,1659,2569,1371,1198,2311,1266,1045,346,270,76,1522,633,889,33,23,10,410,340,70,258,105,153,14,11,3,158,43,115,12,10,2,74,41,33,223,88,135,12,10,2,142,39,103,6,5,1,63,34,29,35,17,18,2,1,1,16,4,12,6,5,1,11,7,4,2278,1112,1166
28,94,Kollapur,Nagarkurnool,19,Kollapur,576362,0000,VILLAGE,Wardyal,Rural,3023,13897,7255,6642,1480,795,685,2332,1242,1090,470,289,181,8962,5294,3668,4935,1961,2974,5230,3497,1733,4477,3074,1403,289,235,54,1238,561,677,158,130,28,2792,2148,644,753,423,330,18,13,5,259,126,133,66,42,24,410,242,168,618,345,273,15,12,3,158,70,88,60,37,23,385,226,159,135,78,57,3,1,2,101,56,45,6,5,1,25,16,9,8667,3758,4909
28,94,Kollapur,Nagarkurnool,19,Kollapur,576363,0000,VILLAGE,Kollapur,Rural,1063,4732,2288,2444,448,249,199,660,336,324,33,16,17,2878,1518,1360,1854,770,1084,2093,1213,880,1351,854,497,66,59,7,542,197,345,6,6,0,737,592,145,742,359,383,9,7,2,315,138,177,10,6,4,408,208,200,609,296,313,8,6,2,256,108,148,8,5,3,337,177,160,133,63,70,1,1,0,59,30,29,2,1,1,71,31,40,2639,1075,1564
28,94,Kollapur,Nagarkurnool,19,Kollapur,576364,0000,VILLAGE,Narsingaraopalle,Rural,220,759,394,365,83,45,38,39,18,21,0,0,0,336,215,121,423,179,244,466,237,229,462,235,227,135,105,30,279,95,184,4,2,2,44,33,11,4,2,2,0,0,0,4,2,2,0,0,0,0,0,0,4,2,2,0,0,0,4,2,2,0,0,0,0,0,0,0,0,0,0,0,0,0,0,0,0,0,0,0,0,0,293,157,136
28,94,Kollapur,Nagarkurnool,20,Pentlavelli,576365,0000,VILLAGE,Pentlavelli,Rural,2418,9822,5067,4755,1108,558,550,1330,672,658,446,237,209,5296,3232,2064,4526,1835,2691,4606,2662,1944,3693,2256,1437,364,234,130,1599,627,972,157,108,49,1573,1287,286,913,406,507,30,20,10,627,243,384,26,4,22,230,139,91,845,382,463,27,18,9,599,240,359,26,4,22,193,120,73,68,24,44,3,2,1,28,3,25,0,0,0,37,19,18,5216,2405,2811
28,94,Kollapur,Nagarkurnool,20,Pentlavelli,576366,0000,VILLAGE,Manchalakatta,Rural,191,744,390,354,71,43,28,127,68,59,0,0,0,334,212,122,410,178,232,438,229,209,438,229,209,12,6,6,418,220,198,0,0,0,8,3,5,0,0,0,0,0,0,0,0,0,0,0,0,0,0,0,0,0,0,0,0,0,0,0,0,0,0,0,0,0,0,0,0,0,0,0,0,0,0,0,0,0,0,0,0,0,306,161,145
28,94,Kollapur,Nagarkurnool,19,Kollapur,576367,0000,VILLAGE,Ramapur,Rural,507,2047,1066,981,264,147,117,358,185,173,15,7,8,836,534,302,1211,532,679,1170,578,592,1153,567,586,401,224,177,681,288,393,5,2,3,66,53,13,17,11,6,3,1,2,6,3,3,1,0,1,7,7,0,15,11,4,3,1,2,5,3,2,0,0,0,7,7,0,2,0,2,0,0,0,1,0,1,1,0,1,0,0,0,877,488,389
28,94,Kollapur,Nagarkurnool,20,Pentlavelli,576369,0000,VILLAGE,Vemkal,Rural,87,337,171,166,44,25,19,95,50,45,12,5,7,121,78,43,216,93,123,188,95,93,173,89,84,28,14,14,92,38,54,7,4,3,46,33,13,15,6,9,0,0,0,13,5,8,0,0,0,2,1,1,10,3,7,0,0,0,8,2,6,0,0,0,2,1,1,5,3,2,0,0,0,5,3,2,0,0,0,0,0,0,149,76,73
28,94,Kollapur,Nagarkurnool,20,Pentlavelli,576370,0000,VILLAGE,Malleswaram,Rural,341,1318,682,636,173,94,79,446,230,216,0,0,0,486,308,178,832,374,458,785,383,402,744,366,378,156,119,37,541,213,328,9,3,6,38,31,7,41,17,24,2,0,2,32,13,19,3,2,1,4,2,2,41,17,24,2,0,2,32,13,19,3,2,1,4,2,2,0,0,0,0,0,0,0,0,0,0,0,0,0,0,0,533,299,234
28,94,Kollapur,Nagarkurnool,19,Kollapur,576371,0000,VILLAGE,Somasila,Rural,466,1734,909,825,221,110,111,375,198,177,0,0,0,928,585,343,806,324,482,818,478,340,734,450,284,167,103,64,257,80,177,15,3,12,295,264,31,84,28,56,7,4,3,47,6,41,3,0,3,27,18,9,79,28,51,7,4,3,44,6,38,3,0,3,25,18,7,5,0,5,0,0,0,3,0,3,0,0,0,2,0,2,916,431,485
28,94,Kollapur,Nagarkurnool,19,Kollapur,576372,0000,VILLAGE,Amaragiri,Rural,97,344,187,157,46,25,21,8,5,3,163,91,72,100,61,39,244,126,118,203,117,86,203,117,86,10,10,0,105,26,79,0,0,0,88,81,7,0,0,0,0,0,0,0,0,0,0,0,0,0,0,0,0,0,0,0,0,0,0,0,0,0,0,0,0,0,0,0,0,0,0,0,0,0,0,0,0,0,0,0,0,0,141,70,71
28,94,Kollapur,Nagarkurnool,19,Kollapur,576374,0000,VILLAGE,Bollaram,Rural,40,205,113,92,23,13,10,146,83,63,39,22,17,108,75,33,97,38,59,102,56,46,100,54,46,15,11,4,59,22,37,0,0,0,26,21,5,2,2,0,0,0,0,0,0,0,0,0,0,2,2,0,2,2,0,0,0,0,0,0,0,0,0,0,2,2,0,0,0,0,0,0,0,0,0,0,0,0,0,0,0,0,103,57,46
28,92,Kalwakurthy,Nagarkurnool,09,Kalwakurthy,575593,0001,WARD,Kalwakurthy,Urban,6102,28060,14313,13747,3263,1680,1583,3159,1542,1617,2576,1515,1061,18791,10726,8065,9269,3587,5682,10942,7310,3632,10075,6949,3126,1381,859,522,1964,799,1165,276,196,80,6454,5095,1359,867,361,506,30,8,22,326,77,249,48,21,27,463,255,208,758,312,446,26,8,18,299,72,227,36,13,23,397,219,178,109,49,60,4,0,4,27,5,22,12,8,4,66,36,30,17118,7003,10115
28,93,Achampet,Nagarkurnool,13,Amrabad,575632,0001,WARD,Vatwarlapalle,Urban,1123,4544,2261,2283,497,234,263,1054,524,530,535,280,255,2900,1694,1206,1644,567,1077,2040,1232,808,1205,843,362,34,16,18,36,20,16,181,79,102,954,728,226,835,389,446,48,25,23,354,158,196,112,31,81,321,175,146,723,328,395,48,25,23,318,140,178,94,22,72,263,141,122,112,61,51,0,0,0,36,18,18,18,9,9,58,34,24,2504,1029,1475
28,93,Achampet,Nagarkurnool,12,Achampet,575653,0001,WARD,Achampet,Urban,4287,20721,11031,9690,2203,1165,1038,2715,1341,1374,1988,1306,682,14914,8763,6151,5807,2268,3539,7105,4934,2171,6446,4641,1805,546,380,166,665,262,403,73,49,24,5162,3950,1212,659,293,366,37,21,16,175,49,126,16,7,9,431,216,215,605,272,333,34,20,14,163,46,117,14,7,7,394,199,195,54,21,33,3,1,2,12,3,9,2,0,2,37,17,20,13616,6097,7519
28,93,Achampet,Nagarkurnool,12,Achampet,575654,0001,WARD,Tangapur,Urban,1665,7704,3810,3894,1030,501,529,2143,1067,1076,740,386,354,4597,2619,1978,3107,1191,1916,3107,1946,1161,2905,1856,1049,250,162,88,583,189,394,69,46,23,2003,1459,544,202,90,112,7,5,2,67,17,50,9,3,6,119,65,54,193,86,107,6,4,2,66,17,49,8,2,6,113,63,50,9,4,5,1,1,0,1,0,1,1,1,0,6,2,4,4597,1864,2733
28,91,Nagarkurnool,Nagarkurnool,03,Nagar_Kurnool,575744,0001,WARD,Nagar_Kurnool,Urban,5856,26801,13434,13367,3104,1611,1493,2586,1306,1280,390,199,191,18970,10371,8599,7831,3063,4768,9774,6937,2837,8494,6338,2156,353,284,69,666,318,348,422,300,122,7053,5436,1617,1280,599,681,19,17,2,244,113,131,31,9,22,986,460,526,1226,577,649,19,17,2,236,110,126,26,7,19,945,443,502,54,22,32,0,0,0,8,3,5,5,2,3,41,17,24,17027,6497,10530