DISTRICT_CODE,DIVISION_CODE,DIVISION_NAME,Name_District,Mandal_Code,Name_Mandal,Village_Code,Ward,Level1,VName,TRU,No_HH,TOT_P,TOT_M,TOT_F,P_06,M_06,F_06,P_SC,M_SC,F_SC,P_ST,M_ST,F_ST,P_LIT,M_LIT,F_LIT,P_ILL,M_ILL,F_ILL,TOT_WORK_P,TOT_WORK_M,TOT_WORK_F,MAINWORK_P,MAINWORK_M,MAINWORK_F,MAIN_CL_P,MAIN_CL_M,MAIN_CL_F,MAIN_AL_P,MAIN_AL_M,MAIN_AL_F,MAIN_HH_P,MAIN_HH_M,MAIN_HH_F,MAIN_OT_P,MAIN_OT_M,MAIN_OT_F,MARGWORK_P,MARGWORK_M,MARGWORK_F,MARG_CL_P,MARG_CL_M,MARG_CL_F,MARG_AL_P,MARG_AL_M,MARG_AL_F,MARG_HH_P,MARG_HH_M,MARG_HH_F,MARG_OT_P,MARG_OT_M,MARG_OT_F,MARGWORK_3_6_P,MARGWORK_3_6_M,MARGWORK_3_6_F,MARG_CL_3_6_P,MARG_CL_3_6_M,MARG_CL_3_6_F,MARG_AL_3_6_P,MARG_AL_3_6_M,MARG_AL_3_6_F,MARG_HH_3_6_P,MARG_HH_3_6_M,MARG_HH_3_6_F,MARG_OT_3_6_P,MARG_OT_3_6_M,MARG_OT_3_6_F,MARGWORK_0_3_P,MARGWORK_0_3_M,MARGWORK_0_3_F,MARG_CL_0_3_P,MARG_CL_0_3_M,MARG_CL_0_3_F,MARG_AL_0_3_P,MARG_AL_0_3_M,MARG_AL_0_3_F,MARG_HH_0_3_P,MARG_HH_0_3_M,MARG_HH_0_3_F,MARG_OT_0_3_P,MARG_OT_0_3_M,MARG_OT_0_3_F,NON_WORK_P,NON_WORK_M,NON_WORK_F
29,91,Nalgonda,Nalgonda,04,Saligouraram,576659,0000,VILLAGE,Uppalancha,Rural,412,1663,858,805,176,88,88,303,155,148,33,15,18,840,527,313,823,331,492,955,491,464,655,449,206,300,228,72,225,111,114,33,26,7,97,84,13,300,42,258,4,2,2,225,22,203,14,5,9,57,13,44,255,36,219,3,2,1,200,20,180,13,5,8,39,9,30,45,6,39,1,0,1,25,2,23,1,0,1,18,4,14,708,367,341
29,91,Nalgonda,Nalgonda,04,Saligouraram,576660,0000,VILLAGE,Baironi banda,Rural,440,1862,932,930,219,115,104,508,244,264,54,29,25,1031,578,453,831,354,477,1056,540,516,1044,533,511,526,299,227,400,155,245,17,8,9,101,71,30,12,7,5,0,0,0,2,1,1,8,5,3,2,1,1,8,5,3,0,0,0,0,0,0,8,5,3,0,0,0,4,2,2,0,0,0,2,1,1,0,0,0,2,1,1,806,392,414
29,91,Nalgonda,Nalgonda,04,Saligouraram,576661,0000,VILLAGE,Thakkedla Pahad,Rural,290,1153,590,563,120,65,55,323,171,152,0,0,0,612,368,244,541,222,319,626,319,307,504,300,204,177,126,51,252,119,133,1,0,1,74,55,19,122,19,103,3,2,1,109,13,96,7,2,5,3,2,1,121,19,102,3,2,1,108,13,95,7,2,5,3,2,1,1,0,1,0,0,0,1,0,1,0,0,0,0,0,0,527,271,256
29,91,Nalgonda,Nalgonda,04,Saligouraram,576662,0000,VILLAGE,Akkaram,Rural,897,3496,1730,1766,363,191,172,816,417,399,38,19,19,1866,1062,804,1630,668,962,1927,989,938,1713,909,804,420,265,155,1146,525,621,18,13,5,129,106,23,214,80,134,5,1,4,197,75,122,3,1,2,9,3,6,204,76,128,5,1,4,190,72,118,2,1,1,7,2,5,10,4,6,0,0,0,7,3,4,1,0,1,2,1,1,1569,741,828
29,91,Nalgonda,Nalgonda,04,Saligouraram,576663,0000,VILLAGE,Vaddipamula,Rural,60,240,123,117,25,13,12,105,52,53,0,0,0,132,79,53,108,44,64,137,66,71,137,66,71,50,26,24,82,36,46,0,0,0,5,4,1,0,0,0,0,0,0,0,0,0,0,0,0,0,0,0,0,0,0,0,0,0,0,0,0,0,0,0,0,0,0,0,0,0,0,0,0,0,0,0,0,0,0,0,0,0,103,57,46
29,91,Nalgonda,Nalgonda,04,Saligouraram,576664,0000,VILLAGE,Nulagadda Kothapalle,Rural,458,1796,895,901,170,81,89,583,290,293,0,0,0,955,542,413,841,353,488,937,506,431,886,479,407,168,152,16,591,239,352,4,4,0,123,84,39,51,27,24,4,3,1,43,21,22,0,0,0,4,3,1,48,25,23,4,3,1,41,20,21,0,0,0,3,2,1,3,2,1,0,0,0,2,1,1,0,0,0,1,1,0,859,389,470
29,91,Nalgonda,Nalgonda,04,Saligouraram,576665,0000,VILLAGE,Manimadde,Rural,331,1191,592,599,103,55,48,306,150,156,66,28,38,624,381,243,567,211,356,659,330,329,377,194,183,27,18,9,237,100,137,12,7,5,101,69,32,282,136,146,38,32,6,205,78,127,3,3,0,36,23,13,282,136,146,38,32,6,205,78,127,3,3,0,36,23,13,0,0,0,0,0,0,0,0,0,0,0,0,0,0,0,532,262,270
29,91,Nalgonda,Nalgonda,04,Saligouraram,576666,0000,VILLAGE,Gurijala,Rural,458,1826,936,890,142,74,68,449,250,199,7,3,4,1015,620,395,811,316,495,1082,559,523,954,494,460,139,108,31,715,313,402,8,6,2,92,67,25,128,65,63,5,3,2,63,21,42,2,1,1,58,40,18,127,65,62,5,3,2,63,21,42,2,1,1,57,40,17,1,0,1,0,0,0,0,0,0,0,0,0,1,0,1,744,377,367
29,91,Nalgonda,Nalgonda,04,Saligouraram,576667,0000,VILLAGE,Tudimidi,Rural,198,846,428,418,80,41,39,68,36,32,0,0,0,474,277,197,372,151,221,460,238,222,456,236,220,204,118,86,217,91,126,1,1,0,34,26,8,4,2,2,1,1,0,3,1,2,0,0,0,0,0,0,3,1,2,1,1,0,2,0,2,0,0,0,0,0,0,1,1,0,0,0,0,1,1,0,0,0,0,0,0,0,386,190,196
29,91,Nalgonda,Nalgonda,04,Saligouraram,576668,0000,VILLAGE,Sali Lingotam,Rural,398,1382,689,693,148,70,78,286,155,131,67,35,32,761,447,314,621,242,379,663,344,319,491,313,178,123,122,1,274,110,164,2,2,0,92,79,13,172,31,141,0,0,0,157,23,134,2,1,1,13,7,6,171,31,140,0,0,0,156,23,133,2,1,1,13,7,6,1,0,1,0,0,0,1,0,1,0,0,0,0,0,0,719,345,374
29,91,Nalgonda,Nalgonda,04,Saligouraram,576669,0000,VILLAGE,Saligouraram,Rural,1284,5214,2638,2576,489,265,224,1014,511,503,59,38,21,3066,1786,1280,2148,852,1296,2656,1408,1248,2370,1334,1036,544,428,116,1305,496,809,28,21,7,493,389,104,286,74,212,42,6,36,213,52,161,4,0,4,27,16,11,253,59,194,38,4,34,191,43,148,4,0,4,20,12,8,33,15,18,4,2,2,22,9,13,0,0,0,7,4,3,2558,1230,1328
29,91,Nalgonda,Nalgonda,04,Saligouraram,576670,0000,VILLAGE,Adlur,Rural,767,2957,1500,1457,294,179,115,1132,572,560,20,10,10,1584,953,631,1373,547,826,1502,779,723,1359,732,627,205,170,35,890,376,514,4,2,2,260,184,76,143,47,96,7,1,6,105,21,84,8,6,2,23,19,4,137,45,92,6,1,5,102,20,82,7,6,1,22,18,4,6,2,4,1,0,1,3,1,2,1,0,1,1,1,0,1455,721,734
29,91,Nalgonda,Nalgonda,04,Saligouraram,576671,0000,VILLAGE,Vallala,Rural,864,3305,1643,1662,324,156,168,505,266,239,24,12,12,1806,1071,735,1499,572,927,1723,896,827,1623,873,750,430,292,138,969,394,575,6,4,2,218,183,35,100,23,77,3,1,2,94,20,74,3,2,1,0,0,0,55,13,42,3,1,2,49,10,39,3,2,1,0,0,0,45,10,35,0,0,0,45,10,35,0,0,0,0,0,0,1582,747,835
29,91,Nalgonda,Nalgonda,04,Saligouraram,576672,0000,VILLAGE,PerkaKondaram,Rural,850,3264,1617,1647,347,176,171,957,460,497,12,6,6,1923,1114,809,1341,503,838,1866,927,939,1819,913,906,241,149,92,1405,626,779,4,1,3,169,137,32,47,14,33,2,1,1,34,7,27,0,0,0,11,6,5,46,14,32,2,1,1,33,7,26,0,0,0,11,6,5,1,0,1,0,0,0,1,0,1,0,0,0,0,0,0,1398,690,708
29,91,Nalgonda,Nalgonda,04,Saligouraram,576674,0000,VILLAGE,Utukur,Rural,707,2831,1425,1406,235,121,114,546,261,285,6,3,3,1547,920,627,1284,505,779,1606,806,800,1600,804,796,549,388,161,863,279,584,20,12,8,168,125,43,6,2,4,0,0,0,5,2,3,0,0,0,1,0,1,5,2,3,0,0,0,4,2,2,0,0,0,1,0,1,1,0,1,0,0,0,1,0,1,0,0,0,0,0,0,1225,619,606
29,91,Nalgonda,Nalgonda,04,Saligouraram,576675,0000,VILLAGE,Chittalur,Rural,1444,5514,2753,2761,535,285,250,1758,867,891,39,25,14,3158,1811,1347,2356,942,1414,3058,1579,1479,2847,1527,1320,689,435,254,1694,759,935,20,15,5,444,318,126,211,52,159,9,4,5,178,33,145,1,1,0,23,14,9,200,47,153,7,2,5,170,31,139,0,0,0,23,14,9,11,5,6,2,2,0,8,2,6,1,1,0,0,0,0,2456,1174,1282
29,91,Nalgonda,Nalgonda,04,Saligouraram,576676,0000,VILLAGE,Vangamarthi,Rural,683,2574,1295,1279,293,170,123,589,299,290,0,0,0,1405,815,590,1169,480,689,1493,726,767,1391,685,706,223,148,75,1083,489,594,17,6,11,68,42,26,102,41,61,1,1,0,98,40,58,1,0,1,2,0,2,95,38,57,1,1,0,91,37,54,1,0,1,2,0,2,7,3,4,0,0,0,7,3,4,0,0,0,0,0,0,1081,569,512
29,91,Nalgonda,Nalgonda,04,Saligouraram,576677,0000,VILLAGE,Madaram,Rural,888,3273,1614,1659,306,148,158,767,393,374,43,20,23,1879,1129,750,1394,485,909,1812,907,905,1779,892,887,237,149,88,1347,581,766,20,10,10,175,152,23,33,15,18,2,1,1,26,11,15,0,0,0,5,3,2,32,14,18,2,1,1,25,10,15,0,0,0,5,3,2,1,1,0,0,0,0,1,1,0,0,0,0,0,0,0,1461,707,754
29,91,Nalgonda,Nalgonda,04,Saligouraram,576678,0000,VILLAGE,Itukula Pahad,Rural,700,2688,1358,1330,263,148,115,780,390,390,77,41,36,1530,924,606,1158,434,724,1482,735,747,1464,730,734,248,171,77,975,347,628,0,0,0,241,212,29,18,5,13,0,0,0,17,4,13,0,0,0,1,1,0,14,3,11,0,0,0,14,3,11,0,0,0,0,0,0,4,2,2,0,0,0,3,1,2,0,0,0,1,1,0,1206,623,583
29,91,Nalgonda,Nalgonda,01,Chityala,576863,0000,VILLAGE,Sunkenepalle,Rural,409,1580,819,761,166,83,83,381,200,181,25,12,13,821,500,321,759,319,440,743,439,304,720,430,290,128,66,62,253,87,166,16,12,4,323,265,58,23,9,14,0,0,0,17,4,13,0,0,0,6,5,1,22,9,13,0,0,0,16,4,12,0,0,0,6,5,1,1,0,1,0,0,0,1,0,1,0,0,0,0,0,0,837,380,457
29,91,Nalgonda,Nalgonda,01,Chityala,576864,0000,VILLAGE,Gundrampalle,Rural,868,3455,1765,1690,347,196,151,830,421,409,32,18,14,2141,1284,857,1314,481,833,1536,920,616,1331,841,490,123,104,19,509,141,368,44,26,18,655,570,85,205,79,126,0,0,0,144,42,102,28,16,12,33,21,12,193,76,117,0,0,0,135,40,95,27,15,12,31,21,10,12,3,9,0,0,0,9,2,7,1,1,0,2,0,2,1919,845,1074
29,91,Nalgonda,Nalgonda,01,Chityala,576865,0000,VILLAGE,Aipoor,Rural,600,2287,1197,1090,220,137,83,392,207,185,22,13,9,1286,786,500,1001,411,590,1148,666,482,1117,659,458,142,104,38,484,135,349,36,26,10,455,394,61,31,7,24,1,0,1,10,0,10,4,1,3,16,6,10,23,5,18,1,0,1,8,0,8,4,1,3,10,4,6,8,2,6,0,0,0,2,0,2,0,0,0,6,2,4,1139,531,608
29,91,Nalgonda,Nalgonda,01,Chityala,576866,0000,VILLAGE,Perepalle,Rural,292,1234,629,605,118,61,57,113,61,52,5,3,2,735,456,279,499,173,326,652,391,261,573,375,198,35,35,0,195,56,139,2,1,1,341,283,58,79,16,63,1,0,1,61,9,52,0,0,0,17,7,10,74,16,58,1,0,1,56,9,47,0,0,0,17,7,10,5,0,5,0,0,0,5,0,5,0,0,0,0,0,0,582,238,344
29,91,Nalgonda,Nalgonda,01,Chityala,576867,0000,VILLAGE,Pittampalle,Rural,345,1348,711,637,127,69,58,316,159,157,1,1,0,741,451,290,607,260,347,674,388,286,633,376,257,271,157,114,167,44,123,2,1,1,193,174,19,41,12,29,0,0,0,34,6,28,0,0,0,7,6,1,41,12,29,0,0,0,34,6,28,0,0,0,7,6,1,0,0,0,0,0,0,0,0,0,0,0,0,0,0,0,674,323,351
29,91,Nalgonda,Nalgonda,01,Chityala,576868,0000,VILLAGE,Veliminedu,Rural,1483,6083,3102,2981,688,356,332,876,435,441,94,50,44,3311,1984,1327,2772,1118,1654,2736,1658,1078,2440,1560,880,431,322,109,1161,536,625,29,13,16,819,689,130,296,98,198,8,2,6,156,29,127,4,2,2,128,65,63,220,65,155,8,2,6,149,27,122,3,2,1,60,34,26,76,33,43,0,0,0,7,2,5,1,0,1,68,31,37,3347,1444,1903
29,91,Nalgonda,Nalgonda,01,Chityala,576869,0000,VILLAGE,Pedakaparthy,Rural,1114,4666,2381,2285,484,268,216,606,315,291,15,8,7,2769,1631,1138,1897,750,1147,2127,1241,886,2096,1238,858,435,303,132,780,261,519,30,16,14,851,658,193,31,3,28,1,1,0,25,1,24,0,0,0,5,1,4,30,3,27,1,1,0,24,1,23,0,0,0,5,1,4,1,0,1,0,0,0,1,0,1,0,0,0,0,0,0,2539,1140,1399
29,91,Nalgonda,Nalgonda,01,Chityala,576870,0000,VILLAGE,Chinakaparthy,Rural,989,3978,2006,1972,424,242,182,574,280,294,30,15,15,2117,1229,888,1861,777,1084,2125,1190,935,1799,1099,700,325,204,121,454,159,295,15,12,3,1005,724,281,326,91,235,10,2,8,193,31,162,3,2,1,120,56,64,293,78,215,8,2,6,175,27,148,0,0,0,110,49,61,33,13,20,2,0,2,18,4,14,3,2,1,10,7,3,1853,816,1037
29,91,Nalgonda,Nalgonda,01,Chityala,576871,0000,VILLAGE,Tallayellemla,Rural,781,3010,1518,1492,318,154,164,511,255,256,0,0,0,1649,998,651,1361,520,841,1559,847,712,1434,820,614,320,209,111,678,245,433,32,29,3,404,337,67,125,27,98,1,0,1,104,13,91,0,0,0,20,14,6,117,27,90,1,0,1,96,13,83,0,0,0,20,14,6,8,0,8,0,0,0,8,0,8,0,0,0,0,0,0,1451,671,780
29,91,Nalgonda,Nalgonda,01,Chityala,576872,0000,VILLAGE,Yelikatta,Rural,521,2009,1026,983,185,95,90,290,156,134,0,0,0,1099,647,452,910,379,531,960,550,410,895,527,368,190,161,29,366,79,287,20,14,6,319,273,46,65,23,42,6,2,4,33,4,29,2,0,2,24,17,7,55,16,39,5,2,3,31,4,27,2,0,2,17,10,7,10,7,3,1,0,1,2,0,2,0,0,0,7,7,0,1049,476,573
29,91,Nalgonda,Nalgonda,01,Chityala,576873,0000,VILLAGE,Urmadla,Rural,836,3320,1769,1551,284,147,137,558,306,252,38,22,16,1895,1193,702,1425,576,849,1559,890,669,1436,867,569,183,161,22,650,177,473,2,2,0,601,527,74,123,23,100,4,3,1,93,8,85,0,0,0,26,12,14,116,20,96,2,2,0,90,7,83,0,0,0,24,11,13,7,3,4,2,1,1,3,1,2,0,0,0,2,1,1,1761,879,882
29,91,Nalgonda,Nalgonda,01,Chityala,576874,0000,VILLAGE,Shivanenigudem,Rural,303,1234,628,606,130,75,55,321,168,153,15,5,10,684,395,289,550,233,317,560,370,190,386,343,43,104,104,0,25,19,6,12,10,2,245,210,35,174,27,147,0,0,0,154,23,131,1,0,1,19,4,15,167,27,140,0,0,0,153,23,130,1,0,1,13,4,9,7,0,7,0,0,0,1,0,1,0,0,0,6,0,6,674,258,416
29,91,Nalgonda,Nalgonda,01,Chityala,576875,0000,VILLAGE,Vanipakla,Rural,603,2264,1122,1142,241,121,120,557,272,285,16,10,6,1176,685,491,1088,437,651,1165,631,534,1031,619,412,265,194,71,374,103,271,19,12,7,373,310,63,134,12,122,4,1,3,115,5,110,2,1,1,13,5,8,126,9,117,2,0,2,112,5,107,2,1,1,10,3,7,8,3,5,2,1,1,3,0,3,0,0,0,3,2,1,1099,491,608
29,91,Nalgonda,Nalgonda,01,Chityala,576876,0000,VILLAGE,Wattimarthy,Rural,504,1840,939,901,159,88,71,359,182,177,4,3,1,1133,673,460,707,266,441,862,532,330,727,520,207,173,126,47,82,37,45,21,13,8,451,344,107,135,12,123,1,0,1,126,9,117,0,0,0,8,3,5,131,12,119,1,0,1,125,9,116,0,0,0,5,3,2,4,0,4,0,0,0,1,0,1,0,0,0,3,0,3,978,407,571
29,91,Nalgonda,Nalgonda,01,Chityala,576877,0000,VILLAGE,Nerada,Rural,890,3540,1822,1718,306,161,145,515,266,249,15,8,7,2187,1310,877,1353,512,841,1866,1056,810,1676,1001,675,217,169,48,764,342,422,359,207,152,336,283,53,190,55,135,5,1,4,117,24,93,26,4,22,42,26,16,186,54,132,4,1,3,116,24,92,26,4,22,40,25,15,4,1,3,1,0,1,1,0,1,0,0,0,2,1,1,1674,766,908
29,91,Nalgonda,Nalgonda,02,Narketpalle,576879,0000,VILLAGE,Mandra,Rural,385,1533,762,771,173,83,90,277,134,143,0,0,0,851,513,338,682,249,433,832,448,384,693,402,291,136,115,21,233,42,191,79,44,35,245,201,44,139,46,93,12,6,6,76,13,63,15,4,11,36,23,13,85,24,61,4,1,3,47,5,42,10,3,7,24,15,9,54,22,32,8,5,3,29,8,21,5,1,4,12,8,4,701,314,387
29,91,Nalgonda,Nalgonda,02,Narketpalle,576880,0000,VILLAGE,Akkenepalle,Rural,1094,4454,2290,2164,408,223,185,929,465,464,0,0,0,2487,1492,995,1967,798,1169,2305,1249,1056,2298,1246,1052,589,357,232,1245,546,699,46,23,23,418,320,98,7,3,4,0,0,0,4,2,2,0,0,0,3,1,2,6,3,3,0,0,0,4,2,2,0,0,0,2,1,1,1,0,1,0,0,0,0,0,0,0,0,0,1,0,1,2149,1041,1108
29,91,Nalgonda,Nalgonda,02,Narketpalle,576881,0000,VILLAGE,Ammanabole,Rural,1445,5641,2860,2781,554,298,256,1495,752,743,64,31,33,3243,1895,1348,2398,965,1433,2809,1526,1283,2231,1350,881,517,382,135,1097,477,620,37,26,11,580,465,115,578,176,402,14,6,8,432,94,338,11,6,5,121,70,51,462,141,321,14,6,8,346,73,273,11,6,5,91,56,35,116,35,81,0,0,0,86,21,65,0,0,0,30,14,16,2832,1334,1498
29,91,Nalgonda,Nalgonda,02,Narketpalle,576882,0000,VILLAGE,Nakkala Palle,Rural,330,1329,676,653,153,84,69,209,110,99,22,16,6,626,381,245,703,295,408,772,395,377,752,386,366,85,51,34,592,285,307,6,4,2,69,46,23,20,9,11,2,1,1,15,8,7,0,0,0,3,0,3,12,4,8,2,1,1,8,3,5,0,0,0,2,0,2,8,5,3,0,0,0,7,5,2,0,0,0,1,0,1,557,281,276
29,91,Nalgonda,Nalgonda,02,Narketpalle,576883,0000,VILLAGE,Shapalle,Rural,364,1489,758,731,154,85,69,441,228,213,6,2,4,824,490,334,665,268,397,775,426,349,597,397,200,115,106,9,301,147,154,1,1,0,180,143,37,178,29,149,3,0,3,161,22,139,0,0,0,14,7,7,170,28,142,1,0,1,158,22,136,0,0,0,11,6,5,8,1,7,2,0,2,3,0,3,0,0,0,3,1,2,714,332,382
29,91,Nalgonda,Nalgonda,02,Narketpalle,576884,0000,VILLAGE,Sabbiguda,Rural,101,417,210,207,37,20,17,65,32,33,0,0,0,219,132,87,198,78,120,232,120,112,231,120,111,44,42,2,169,61,108,0,0,0,18,17,1,1,0,1,0,0,0,1,0,1,0,0,0,0,0,0,1,0,1,0,0,0,1,0,1,0,0,0,0,0,0,0,0,0,0,0,0,0,0,0,0,0,0,0,0,0,185,90,95
29,91,Nalgonda,Nalgonda,02,Narketpalle,576885,0000,VILLAGE,Chippalapalle,Rural,139,507,268,239,46,30,16,201,102,99,0,0,0,311,190,121,196,78,118,225,133,92,31,27,4,14,13,1,2,1,1,0,0,0,15,13,2,194,106,88,2,0,2,182,96,86,0,0,0,10,10,0,191,104,87,2,0,2,181,96,85,0,0,0,8,8,0,3,2,1,0,0,0,1,0,1,0,0,0,2,2,0,282,135,147
29,91,Nalgonda,Nalgonda,02,Narketpalle,576886,0000,VILLAGE,Thondalvai,Rural,764,3083,1592,1491,364,192,172,843,446,397,22,13,9,1712,1011,701,1371,581,790,1604,902,702,1457,882,575,348,284,64,849,401,448,34,17,17,226,180,46,147,20,127,3,3,0,131,12,119,0,0,0,13,5,8,136,18,118,3,3,0,120,10,110,0,0,0,13,5,8,11,2,9,0,0,0,11,2,9,0,0,0,0,0,0,1479,690,789
29,91,Nalgonda,Nalgonda,02,Narketpalle,576887,0000,VILLAGE,Thirumala Giri,Rural,107,460,231,229,59,39,20,252,126,126,0,0,0,242,134,108,218,97,121,228,117,111,159,107,52,21,21,0,84,46,38,0,0,0,54,40,14,69,10,59,0,0,0,60,3,57,2,1,1,7,6,1,63,8,55,0,0,0,58,3,55,0,0,0,5,5,0,6,2,4,0,0,0,2,0,2,2,1,1,2,1,1,232,114,118
29,91,Nalgonda,Nalgonda,02,Narketpalle,576888,0000,VILLAGE,Nemmani,Rural,612,2381,1166,1215,229,105,124,394,193,201,0,0,0,1455,834,621,926,332,594,1209,672,537,1204,670,534,230,140,90,584,256,328,179,110,69,211,164,47,5,2,3,0,0,0,1,0,1,0,0,0,4,2,2,3,1,2,0,0,0,1,0,1,0,0,0,2,1,1,2,1,1,0,0,0,0,0,0,0,0,0,2,1,1,1172,494,678
29,91,Nalgonda,Nalgonda,02,Narketpalle,576889,0000,VILLAGE,Pothinenipalle,Rural,150,619,311,308,50,31,19,312,160,152,0,0,0,326,186,140,293,125,168,295,159,136,285,155,130,49,30,19,90,22,68,1,0,1,145,103,42,10,4,6,1,0,1,1,1,0,2,0,2,6,3,3,7,3,4,0,0,0,1,1,0,2,0,2,4,2,2,3,1,2,1,0,1,0,0,0,0,0,0,2,1,1,324,152,172
29,91,Nalgonda,Nalgonda,02,Narketpalle,576890,0000,VILLAGE,Madhayedavally,Rural,368,1399,722,677,130,74,56,206,106,100,1,0,1,860,511,349,539,211,328,732,390,342,423,257,166,116,96,20,177,55,122,49,40,9,81,66,15,309,133,176,0,0,0,200,74,126,44,5,39,65,54,11,231,104,127,0,0,0,175,70,105,18,1,17,38,33,5,78,29,49,0,0,0,25,4,21,26,4,22,27,21,6,667,332,335
29,91,Nalgonda,Nalgonda,02,Narketpalle,576891,0000,VILLAGE,Narketpalle,Rural,2603,10394,5375,5019,1201,633,568,1712,904,808,254,123,131,7007,4047,2960,3387,1328,2059,4308,2777,1531,4012,2688,1324,357,224,133,1029,403,626,109,74,35,2517,1987,530,296,89,207,15,7,8,109,30,79,34,5,29,138,47,91,256,79,177,13,7,6,92,28,64,26,2,24,125,42,83,40,10,30,2,0,2,17,2,15,8,3,5,13,5,8,6086,2598,3488
29,91,Nalgonda,Nalgonda,02,Narketpalle,576892,0000,VILLAGE,Choudampalle,Rural,215,797,406,391,82,42,40,331,174,157,0,0,0,487,287,200,310,119,191,415,222,193,381,205,176,140,70,70,175,77,98,0,0,0,66,58,8,34,17,17,0,0,0,34,17,17,0,0,0,0,0,0,34,17,17,0,0,0,34,17,17,0,0,0,0,0,0,0,0,0,0,0,0,0,0,0,0,0,0,0,0,0,382,184,198
29,91,Nalgonda,Nalgonda,02,Narketpalle,576893,0000,VILLAGE,Brahmanvellemla,Rural,837,3336,1660,1676,346,172,174,916,454,462,84,47,37,1930,1125,805,1406,535,871,1679,921,758,1262,742,520,291,174,117,464,177,287,168,99,69,339,292,47,417,179,238,8,2,6,342,146,196,39,8,31,28,23,5,159,52,107,6,0,6,103,30,73,30,6,24,20,16,4,258,127,131,2,2,0,239,116,123,9,2,7,8,7,1,1657,739,918
29,91,Nalgonda,Nalgonda,02,Narketpalle,576894,0000,VILLAGE,Auravani,Rural,469,2062,1071,991,216,109,107,432,217,215,0,0,0,1134,716,418,928,355,573,1031,589,442,978,577,401,125,93,32,397,170,227,7,3,4,449,311,138,53,12,41,6,3,3,31,2,29,0,0,0,16,7,9,42,10,32,6,3,3,24,1,23,0,0,0,12,6,6,11,2,9,0,0,0,7,1,6,0,0,0,4,1,3,1031,482,549
29,91,Nalgonda,Nalgonda,02,Narketpalle,576895,0000,VILLAGE,Yellareddy Guda,Rural,1200,4730,2394,2336,534,281,253,1257,621,636,129,63,66,2838,1640,1198,1892,754,1138,2316,1343,973,2275,1325,950,517,292,225,745,284,461,60,40,20,953,709,244,41,18,23,0,0,0,19,2,17,3,3,0,19,13,6,33,14,19,0,0,0,17,2,15,0,0,0,16,12,4,8,4,4,0,0,0,2,0,2,3,3,0,3,1,2,2414,1051,1363
29,91,Nalgonda,Nalgonda,02,Narketpalle,576896,0000,VILLAGE,Cherughat,Rural,1069,4171,2106,2065,409,208,201,850,412,438,3,1,2,2570,1501,1069,1601,605,996,2066,1160,906,1659,1027,632,522,304,218,435,164,271,21,19,2,681,540,141,407,133,274,10,1,9,352,99,253,8,5,3,37,28,9,362,109,253,7,1,6,329,91,238,3,1,2,23,16,7,45,24,21,3,0,3,23,8,15,5,4,1,14,12,2,2105,946,1159
29,91,Nalgonda,Nalgonda,02,Narketpalle,576897,0000,VILLAGE,Akkenepallevarilingotam,Rural,518,2062,1058,1004,234,115,119,365,176,189,45,26,19,1228,739,489,834,319,515,1046,597,449,999,578,421,80,62,18,565,233,332,15,9,6,339,274,65,47,19,28,0,0,0,31,7,24,4,4,0,12,8,4,37,14,23,0,0,0,26,7,19,2,2,0,9,5,4,10,5,5,0,0,0,5,0,5,2,2,0,3,3,0,1016,461,555
29,91,Nalgonda,Nalgonda,03,Kattangoor,576898,0000,VILLAGE,Thimmapur,Rural,5,20,12,8,2,1,1,0,0,0,0,0,0,10,7,3,10,5,5,9,8,1,9,8,1,6,6,0,1,0,1,0,0,0,2,2,0,0,0,0,0,0,0,0,0,0,0,0,0,0,0,0,0,0,0,0,0,0,0,0,0,0,0,0,0,0,0,0,0,0,0,0,0,0,0,0,0,0,0,0,0,0,11,4,7
29,91,Nalgonda,Nalgonda,03,Kattangoor,576899,0000,VILLAGE,Parada,Rural,688,2567,1278,1289,257,133,124,394,195,199,88,37,51,1390,823,567,1177,455,722,1179,703,476,1033,687,346,242,205,37,542,269,273,18,10,8,231,203,28,146,16,130,7,1,6,123,11,112,4,1,3,12,3,9,138,13,125,7,1,6,115,8,107,4,1,3,12,3,9,8,3,5,0,0,0,8,3,5,0,0,0,0,0,0,1388,575,813
29,91,Nalgonda,Nalgonda,03,Kattangoor,576900,0000,VILLAGE,Edulur,Rural,1278,5263,2673,2590,518,277,241,1450,732,718,16,9,7,2954,1752,1202,2309,921,1388,2673,1407,1266,1822,1007,815,252,152,100,1133,541,592,142,88,54,295,226,69,851,400,451,40,17,23,619,271,348,65,34,31,127,78,49,826,388,438,37,16,21,605,264,341,64,34,30,120,74,46,25,12,13,3,1,2,14,7,7,1,0,1,7,4,3,2590,1266,1324
29,91,Nalgonda,Nalgonda,03,Kattangoor,576901,0000,VILLAGE,Pandenapalle,Rural,293,1063,530,533,109,56,53,387,185,202,0,0,0,571,331,240,492,199,293,557,289,268,551,287,264,133,81,52,412,204,208,2,0,2,4,2,2,6,2,4,0,0,0,4,2,2,0,0,0,2,0,2,2,0,2,0,0,0,2,0,2,0,0,0,0,0,0,4,2,2,0,0,0,2,2,0,0,0,0,2,0,2,506,241,265
29,91,Nalgonda,Nalgonda,03,Kattangoor,576902,0000,VILLAGE,Kurumathy,Rural,536,2161,1075,1086,223,110,113,592,282,310,2,1,1,1112,648,464,1049,427,622,1195,597,598,942,575,367,217,174,43,516,247,269,76,53,23,133,101,32,253,22,231,3,0,3,222,14,208,10,0,10,18,8,10,251,22,229,3,0,3,221,14,207,10,0,10,17,8,9,2,0,2,0,0,0,1,0,1,0,0,0,1,0,1,966,478,488
29,91,Nalgonda,Nalgonda,03,Kattangoor,576903,0000,VILLAGE,Cheruvannaram,Rural,930,3691,1882,1809,406,211,195,1207,636,571,19,9,10,1940,1170,770,1751,712,1039,1973,1030,943,1933,1012,921,303,237,66,1334,560,774,39,21,18,257,194,63,40,18,22,1,1,0,36,15,21,0,0,0,3,2,1,38,18,20,1,1,0,34,15,19,0,0,0,3,2,1,2,0,2,0,0,0,2,0,2,0,0,0,0,0,0,1718,852,866
29,91,Nalgonda,Nalgonda,03,Kattangoor,576904,0000,VILLAGE,Munukuntla,Rural,573,2502,1273,1229,250,130,120,677,338,339,19,11,8,1388,828,560,1114,445,669,1598,845,753,1396,783,613,166,116,50,779,367,412,33,28,5,418,272,146,202,62,140,5,3,2,173,48,125,8,3,5,16,8,8,197,61,136,5,3,2,169,47,122,8,3,5,15,8,7,5,1,4,0,0,0,4,1,3,0,0,0,1,0,1,904,428,476
29,91,Nalgonda,Nalgonda,03,Kattangoor,576905,0000,VILLAGE,Kalmera,Rural,452,1884,954,930,198,92,106,469,250,219,0,0,0,1048,638,410,836,316,520,999,515,484,972,501,471,93,68,25,605,255,350,44,26,18,230,152,78,27,14,13,1,1,0,13,4,9,2,1,1,11,8,3,22,12,10,0,0,0,10,3,7,2,1,1,10,8,2,5,2,3,1,1,0,3,1,2,0,0,0,1,0,1,885,439,446
29,91,Nalgonda,Nalgonda,03,Kattangoor,576906,0000,VILLAGE,Yersaniguda,Rural,343,1379,693,686,146,70,76,295,152,143,0,0,0,729,437,292,650,256,394,741,386,355,227,137,90,42,26,16,58,27,31,49,24,25,78,60,18,514,249,265,6,3,3,362,161,201,42,17,25,104,68,36,396,206,190,5,3,2,328,151,177,3,1,2,60,51,9,118,43,75,1,0,1,34,10,24,39,16,23,44,17,27,638,307,331
29,91,Nalgonda,Nalgonda,03,Kattangoor,576907,0000,VILLAGE,Pamanagundla,Rural,353,1496,759,737,137,66,71,484,235,249,0,0,0,922,541,381,574,218,356,731,424,307,659,414,245,176,102,74,201,79,122,6,6,0,276,227,49,72,10,62,2,2,0,61,5,56,1,0,1,8,3,5,72,10,62,2,2,0,61,5,56,1,0,1,8,3,5,0,0,0,0,0,0,0,0,0,0,0,0,0,0,0,765,335,430
29,91,Nalgonda,Nalgonda,03,Kattangoor,576908,0000,VILLAGE,Ismainpalle,Rural,228,852,431,421,118,69,49,304,158,146,0,0,0,423,245,178,429,186,243,482,251,231,429,238,191,48,27,21,231,95,136,59,41,18,91,75,16,53,13,40,1,0,1,36,4,32,8,5,3,8,4,4,45,13,32,1,0,1,30,4,26,7,5,2,7,4,3,8,0,8,0,0,0,6,0,6,1,0,1,1,0,1,370,180,190
29,91,Nalgonda,Nalgonda,03,Kattangoor,576909,0000,VILLAGE,Pittam Palle,Rural,451,1850,945,905,198,113,85,767,391,376,0,0,0,952,571,381,898,374,524,958,495,463,923,476,447,177,116,61,498,163,335,2,2,0,246,195,51,35,19,16,0,0,0,24,9,15,3,3,0,8,7,1,29,16,13,0,0,0,21,8,13,2,2,0,6,6,0,6,3,3,0,0,0,3,1,2,1,1,0,2,1,1,892,450,442
29,91,Nalgonda,Nalgonda,03,Kattangoor,576910,0000,VILLAGE,Dugnevally,Rural,1128,4769,2433,2336,548,278,270,572,290,282,23,14,9,2729,1630,1099,2040,803,1237,2508,1268,1240,2348,1235,1113,246,155,91,1903,938,965,41,31,10,158,111,47,160,33,127,6,3,3,125,21,104,11,1,10,18,8,10,149,28,121,4,1,3,122,20,102,8,1,7,15,6,9,11,5,6,2,2,0,3,1,2,3,0,3,3,2,1,2261,1165,1096
29,91,Nalgonda,Nalgonda,03,Kattangoor,576911,0000,VILLAGE,Kattangoor,Rural,1661,7034,3575,3459,747,390,357,1115,569,546,82,39,43,4279,2508,1771,2755,1067,1688,3464,1886,1578,3392,1850,1542,285,163,122,2110,962,1148,109,67,42,888,658,230,72,36,36,14,3,11,22,9,13,2,1,1,34,23,11,69,35,34,14,3,11,20,8,12,2,1,1,33,23,10,3,1,2,0,0,0,2,1,1,0,0,0,1,0,1,3570,1689,1881
29,91,Nalgonda,Nalgonda,03,Kattangoor,576912,0000,VILLAGE,Aiti Pamula,Rural,1480,6136,2943,3193,627,313,314,1473,714,759,215,7,208,3442,1896,1546,2694,1047,1647,2930,1551,1379,2661,1499,1162,209,162,47,1878,878,1000,58,44,14,516,415,101,269,52,217,10,0,10,206,26,180,9,2,7,44,24,20,257,48,209,10,0,10,200,25,175,8,2,6,39,21,18,12,4,8,0,0,0,6,1,5,1,0,1,5,3,2,3206,1392,1814
29,91,Nalgonda,Nalgonda,03,Kattangoor,576913,0000,VILLAGE,Mallaram,Rural,130,555,287,268,80,44,36,179,95,84,0,0,0,301,177,124,254,110,144,326,179,147,286,157,129,89,60,29,141,60,81,0,0,0,56,37,19,40,22,18,1,0,1,33,17,16,1,1,0,5,4,1,22,12,10,0,0,0,19,9,10,0,0,0,3,3,0,18,10,8,1,0,1,14,8,6,1,1,0,2,1,1,229,108,121
29,91,Nalgonda,Nalgonda,03,Kattangoor,576914,0000,VILLAGE,Bollepalle,Rural,705,2697,1357,1340,260,138,122,574,278,296,280,136,144,1499,894,605,1198,463,735,1274,726,548,890,601,289,256,200,56,257,95,162,57,45,12,320,261,59,384,125,259,4,0,4,291,75,216,11,1,10,78,49,29,321,102,219,3,0,3,273,73,200,11,1,10,34,28,6,63,23,40,1,0,1,18,2,16,0,0,0,44,21,23,1423,631,792
29,91,Nalgonda,Nalgonda,03,Kattangoor,576915,0000,VILLAGE,Ramachandrapuram,Rural,217,912,477,435,111,57,54,20,14,6,0,0,0,544,329,215,368,148,220,522,271,251,503,267,236,114,96,18,165,80,85,184,60,124,40,31,9,19,4,15,1,0,1,7,1,6,7,2,5,4,1,3,18,4,14,1,0,1,6,1,5,7,2,5,4,1,3,1,0,1,0,0,0,1,0,1,0,0,0,0,0,0,390,206,184
29,91,Nalgonda,Nalgonda,05,Nakrekal,576916,0000,VILLAGE,Ogode,Rural,724,2832,1444,1388,284,145,139,561,291,270,83,47,36,1590,952,638,1242,492,750,1578,801,777,1524,778,746,608,342,266,650,229,421,14,9,5,252,198,54,54,23,31,4,1,3,42,16,26,0,0,0,8,6,2,35,16,19,2,1,1,25,9,16,0,0,0,8,6,2,19,7,12,2,0,2,17,7,10,0,0,0,0,0,0,1254,643,611
29,91,Nalgonda,Nalgonda,05,Nakrekal,576917,0000,VILLAGE,Vallabhapur,Rural,339,1358,688,670,135,72,63,53,24,29,0,0,0,734,426,308,624,262,362,746,385,361,279,244,35,109,98,11,59,42,17,2,1,1,109,103,6,467,141,326,7,3,4,412,107,305,5,0,5,43,31,12,436,129,307,6,3,3,394,101,293,4,0,4,32,25,7,31,12,19,1,0,1,18,6,12,1,0,1,11,6,5,612,303,309
29,91,Nalgonda,Nalgonda,05,Nakrekal,576918,0000,VILLAGE,Palem,Rural,427,1658,843,815,176,84,92,621,317,304,10,5,5,921,558,363,737,285,452,931,471,460,556,348,208,124,104,20,319,151,168,8,4,4,105,89,16,375,123,252,2,2,0,345,105,240,5,3,2,23,13,10,348,113,235,2,2,0,324,98,226,5,3,2,17,10,7,27,10,17,0,0,0,21,7,14,0,0,0,6,3,3,727,372,355
29,91,Nalgonda,Nalgonda,05,Nakrekal,576919,0000,VILLAGE,Nomula,Rural,1230,4778,2420,2358,491,270,221,879,441,438,0,0,0,2538,1509,1029,2240,911,1329,2546,1306,1240,1350,990,360,175,155,20,738,447,291,36,32,4,401,356,45,1196,316,880,14,5,9,1010,206,804,63,24,39,109,81,28,1058,268,790,10,3,7,897,174,723,61,22,39,90,69,21,138,48,90,4,2,2,113,32,81,2,2,0,19,12,7,2232,1114,1118
29,91,Nalgonda,Nalgonda,05,Nakrekal,576920,0000,VILLAGE,Kadaparthy,Rural,729,2680,1300,1380,272,144,128,567,262,305,3,0,3,1478,832,646,1202,468,734,1452,732,720,1427,725,702,497,281,216,621,198,423,14,13,1,295,233,62,25,7,18,2,0,2,19,4,15,0,0,0,4,3,1,15,5,10,2,0,2,10,3,7,0,0,0,3,2,1,10,2,8,0,0,0,9,1,8,0,0,0,1,1,0,1228,568,660
29,91,Nalgonda,Nalgonda,05,Nakrekal,576921,0000,VILLAGE,Adavi Bollaram,Rural,54,169,83,86,7,2,5,43,22,21,0,0,0,111,64,47,58,19,39,105,52,53,103,51,52,43,42,1,60,9,51,0,0,0,0,0,0,2,1,1,1,1,0,1,0,1,0,0,0,0,0,0,2,1,1,1,1,0,1,0,1,0,0,0,0,0,0,0,0,0,0,0,0,0,0,0,0,0,0,0,0,0,64,31,33
29,91,Nalgonda,Nalgonda,05,Nakrekal,576922,0000,VILLAGE,Chandam palle,Rural,475,1775,871,904,223,102,121,482,237,245,0,0,0,864,512,352,911,359,552,927,468,459,743,439,304,207,159,48,244,58,186,30,21,9,262,201,61,184,29,155,0,0,0,137,13,124,13,0,13,34,16,18,174,26,148,0,0,0,134,12,122,12,0,12,28,14,14,10,3,7,0,0,0,3,1,2,1,0,1,6,2,4,848,403,445
29,91,Nalgonda,Nalgonda,05,Nakrekal,576923,0000,VILLAGE,Nellibanda,Rural,196,668,345,323,74,43,31,263,139,124,0,0,0,376,234,142,292,111,181,382,204,178,376,204,172,84,51,33,232,111,121,1,1,0,59,41,18,6,0,6,0,0,0,3,0,3,0,0,0,3,0,3,2,0,2,0,0,0,1,0,1,0,0,0,1,0,1,4,0,4,0,0,0,2,0,2,0,0,0,2,0,2,286,141,145
29,91,Nalgonda,Nalgonda,05,Nakrekal,576924,0000,VILLAGE,Tatikal,Rural,867,3191,1595,1596,379,209,170,302,153,149,427,216,211,1715,998,717,1476,597,879,1877,937,940,877,573,304,232,168,64,315,190,125,206,129,77,124,86,38,1000,364,636,16,5,11,889,303,586,58,37,21,37,19,18,993,361,632,16,5,11,883,301,582,57,36,21,37,19,18,7,3,4,0,0,0,6,2,4,1,1,0,0,0,0,1314,658,656
29,91,Nalgonda,Nalgonda,05,Nakrekal,576925,0000,VILLAGE,Tettekunta,Rural,62,209,105,104,22,12,10,0,0,0,0,0,0,115,68,47,94,37,57,118,62,56,96,55,41,34,29,5,48,14,34,0,0,0,14,12,2,22,7,15,4,3,1,15,3,12,0,0,0,3,1,2,22,7,15,4,3,1,15,3,12,0,0,0,3,1,2,0,0,0,0,0,0,0,0,0,0,0,0,0,0,0,91,43,48
29,91,Nalgonda,Nalgonda,05,Nakrekal,576926,0000,VILLAGE,Mangalipalle,Rural,780,2810,1445,1365,247,139,108,807,422,385,0,0,0,1504,897,607,1306,548,758,1562,835,727,1369,783,586,335,231,104,622,223,399,22,14,8,390,315,75,193,52,141,4,1,3,168,40,128,2,2,0,19,9,10,174,47,127,4,1,3,154,39,115,2,2,0,14,5,9,19,5,14,0,0,0,14,1,13,0,0,0,5,4,1,1248,610,638
29,91,Nalgonda,Nalgonda,05,Nakrekal,576927,0000,VILLAGE,Chandupatla,Rural,1062,3927,2056,1871,372,202,170,1172,625,547,66,35,31,2358,1445,913,1569,611,958,2046,1105,941,1798,1020,778,322,226,96,651,214,437,24,11,13,801,569,232,248,85,163,2,0,2,194,58,136,5,0,5,47,27,20,236,81,155,2,0,2,188,57,131,4,0,4,42,24,18,12,4,8,0,0,0,6,1,5,1,0,1,5,3,2,1881,951,930
29,91,Nalgonda,Nalgonda,05,Nakrekal,576928,0000,VILLAGE,Marrur,Rural,531,1986,979,1007,197,89,108,383,189,194,99,57,42,1038,609,429,948,370,578,1100,542,558,1069,538,531,141,123,18,721,267,454,44,22,22,163,126,37,31,4,27,1,0,1,29,3,26,0,0,0,1,1,0,31,4,27,1,0,1,29,3,26,0,0,0,1,1,0,0,0,0,0,0,0,0,0,0,0,0,0,0,0,0,886,437,449
29,91,Nalgonda,Nalgonda,05,Nakrekal,576929,0000,VILLAGE,Gorenkal palle,Rural,642,2436,1217,1219,290,142,148,763,385,378,0,0,0,1193,701,492,1243,516,727,1292,672,620,602,391,211,198,175,23,137,48,89,19,10,9,248,158,90,690,281,409,1,1,0,404,149,255,27,8,19,258,123,135,661,268,393,1,1,0,401,147,254,23,8,15,236,112,124,29,13,16,0,0,0,3,2,1,4,0,4,22,11,11,1144,545,599
29,91,Nalgonda,Nalgonda,05,Nakrekal,576930,0000,VILLAGE,Mandalapur,Rural,293,1155,590,565,119,60,59,340,168,172,0,0,0,651,385,266,504,205,299,680,353,327,575,288,287,75,58,17,240,76,164,17,14,3,243,140,103,105,65,40,4,1,3,7,1,6,7,4,3,87,59,28,103,63,40,4,1,3,7,1,6,5,2,3,87,59,28,2,2,0,0,0,0,0,0,0,2,2,0,0,0,0,475,237,238
29,91,Nalgonda,Nalgonda,06,Kethepalle,576932,0000,VILLAGE,Ippala Gudem,Rural,230,888,451,437,76,36,40,359,184,175,0,0,0,525,322,203,363,129,234,565,287,278,400,229,171,146,116,30,136,25,111,0,0,0,118,88,30,165,58,107,5,3,2,120,37,83,0,0,0,40,18,22,135,40,95,5,3,2,91,19,72,0,0,0,39,18,21,30,18,12,0,0,0,29,18,11,0,0,0,1,0,1,323,164,159
29,91,Nalgonda,Nalgonda,06,Kethepalle,576933,0000,VILLAGE,Gudiwada,Rural,928,3558,1782,1776,380,199,181,1146,577,569,158,81,77,1771,1029,742,1787,753,1034,2092,1035,1057,1726,900,826,243,186,57,954,324,630,28,17,11,501,373,128,366,135,231,7,2,5,304,98,206,14,11,3,41,24,17,165,57,108,2,1,1,123,30,93,13,10,3,27,16,11,201,78,123,5,1,4,181,68,113,1,1,0,14,8,6,1466,747,719
29,91,Nalgonda,Nalgonda,06,Kethepalle,576934,0000,VILLAGE,Bopparam,Rural,412,1600,864,736,133,69,64,510,273,237,5,5,0,919,605,314,681,259,422,965,477,488,565,406,159,163,161,2,268,129,139,0,0,0,134,116,18,400,71,329,9,3,6,384,64,320,0,0,0,7,4,3,282,23,259,7,2,5,268,17,251,0,0,0,7,4,3,118,48,70,2,1,1,116,47,69,0,0,0,0,0,0,635,387,248
29,91,Nalgonda,Nalgonda,06,Kethepalle,576935,0000,VILLAGE,Kasangode,Rural,554,2026,994,1032,206,102,104,376,176,200,0,0,0,1066,640,426,960,354,606,1134,567,567,1090,550,540,116,67,49,829,383,446,0,0,0,145,100,45,44,17,27,0,0,0,35,14,21,0,0,0,9,3,6,38,14,24,0,0,0,31,12,19,0,0,0,7,2,5,6,3,3,0,0,0,4,2,2,0,0,0,2,1,1,892,427,465
29,91,Nalgonda,Nalgonda,06,Kethepalle,576936,0000,VILLAGE,Kethe Palle,Rural,2184,8193,4066,4127,865,427,438,1338,664,674,71,41,30,4646,2658,1988,3547,1408,2139,4264,2198,2066,3734,2038,1696,957,649,308,2081,853,1228,29,14,15,667,522,145,530,160,370,17,4,13,393,111,282,5,1,4,115,44,71,487,146,341,12,3,9,363,101,262,5,1,4,107,41,66,43,14,29,5,1,4,30,10,20,0,0,0,8,3,5,3929,1868,2061
29,91,Nalgonda,Nalgonda,06,Kethepalle,576937,0000,VILLAGE,Korla Pahad,Rural,498,1986,996,990,209,101,108,690,329,361,0,0,0,1128,658,470,858,338,520,1022,546,476,886,495,391,119,89,30,622,286,336,12,9,3,133,111,22,136,51,85,7,2,5,106,33,73,0,0,0,23,16,7,107,35,72,6,2,4,85,23,62,0,0,0,16,10,6,29,16,13,1,0,1,21,10,11,0,0,0,7,6,1,964,450,514
29,91,Nalgonda,Nalgonda,06,Kethepalle,576938,0000,VILLAGE,Inpamula,Rural,934,3484,1732,1752,318,155,163,1081,530,551,15,6,9,2300,1312,988,1184,420,764,1932,1010,922,1744,957,787,328,201,127,871,329,542,28,22,6,517,405,112,188,53,135,4,3,1,164,41,123,11,2,9,9,7,2,176,52,124,4,3,1,155,40,115,8,2,6,9,7,2,12,1,11,0,0,0,9,1,8,3,0,3,0,0,0,1552,722,830
29,91,Nalgonda,Nalgonda,06,Kethepalle,576939,0000,VILLAGE,Bandapalem,Rural,530,2059,1052,1007,219,126,93,739,377,362,1,1,0,1149,663,486,910,389,521,1179,580,599,1162,574,588,309,170,139,738,319,419,14,7,7,101,78,23,17,6,11,2,1,1,8,2,6,2,0,2,5,3,2,11,3,8,0,0,0,7,1,6,1,0,1,3,2,1,6,3,3,2,1,1,1,1,0,1,0,1,2,1,1,880,472,408
29,91,Nalgonda,Nalgonda,06,Kethepalle,576940,0000,VILLAGE,Cherukupalle,Rural,761,3087,1546,1541,365,186,179,1012,517,495,1,0,1,1567,930,637,1520,616,904,1827,925,902,1479,781,698,318,228,90,991,439,552,24,10,14,146,104,42,348,144,204,9,5,4,140,39,101,0,0,0,199,100,99,328,138,190,9,5,4,123,34,89,0,0,0,196,99,97,20,6,14,0,0,0,17,5,12,0,0,0,3,1,2,1260,621,639
29,91,Nalgonda,Nalgonda,06,Kethepalle,576941,0000,VILLAGE,Thungathurthy,Rural,729,2828,1406,1422,338,165,173,851,408,443,0,0,0,1566,913,653,1262,493,769,1600,838,762,1416,765,651,327,202,125,922,426,496,12,9,3,155,128,27,184,73,111,10,7,3,142,45,97,2,2,0,30,19,11,159,58,101,6,3,3,123,35,88,2,2,0,28,18,10,25,15,10,4,4,0,19,10,9,0,0,0,2,1,1,1228,568,660
29,91,Nalgonda,Nalgonda,06,Kethepalle,576942,0000,VILLAGE,Uppalapahad,Rural,350,1241,632,609,147,80,67,303,153,150,0,0,0,614,362,252,627,270,357,668,339,329,414,244,170,123,94,29,173,50,123,0,0,0,118,100,18,254,95,159,13,7,6,218,72,146,6,6,0,17,10,7,69,48,21,7,5,2,45,32,13,4,4,0,13,7,6,185,47,138,6,2,4,173,40,133,2,2,0,4,3,1,573,293,280
29,91,Nalgonda,Nalgonda,06,Kethepalle,576943,0000,VILLAGE,Kappole,Rural,795,2947,1475,1472,296,149,147,1040,514,526,3,2,1,1535,918,617,1412,557,855,1648,844,804,1136,650,486,457,270,187,444,213,231,29,17,12,206,150,56,512,194,318,6,2,4,464,171,293,2,1,1,40,20,20,479,174,305,4,0,4,443,161,282,1,0,1,31,13,18,33,20,13,2,2,0,21,10,11,1,1,0,9,7,2,1299,631,668
29,91,Nalgonda,Nalgonda,06,Kethepalle,576944,0000,VILLAGE,Bheemavaram,Rural,924,3636,1840,1796,358,198,160,835,415,420,0,0,0,1995,1155,840,1641,685,956,2236,1115,1121,2031,1049,982,676,404,272,1032,447,585,91,40,51,232,158,74,205,66,139,12,7,5,127,20,107,9,3,6,57,36,21,192,58,134,12,7,5,126,20,106,9,3,6,45,28,17,13,8,5,0,0,0,1,0,1,0,0,0,12,8,4,1400,725,675
29,92,Miryalaguda,Nalgonda,19,Madugulapally,577039,0000,VILLAGE,Koyalpahad,Rural,190,687,360,327,71,33,38,393,211,182,0,0,0,348,213,135,339,147,192,416,217,199,390,203,187,153,79,74,177,74,103,0,0,0,60,50,10,26,14,12,4,1,3,16,8,8,0,0,0,6,5,1,22,14,8,3,1,2,13,8,5,0,0,0,6,5,1,4,0,4,1,0,1,3,0,3,0,0,0,0,0,0,271,143,128
29,92,Miryalaguda,Nalgonda,19,Madugulapally,577040,0000,VILLAGE,Agamothakuru,Rural,741,2714,1362,1352,281,150,131,470,231,239,7,2,5,1397,817,580,1317,545,772,1392,759,633,1251,746,505,275,202,73,709,331,378,16,11,5,251,202,49,141,13,128,29,1,28,103,7,96,1,0,1,8,5,3,138,12,126,29,1,28,103,7,96,0,0,0,6,4,2,3,1,2,0,0,0,0,0,0,1,0,1,2,1,1,1322,603,719
29,92,Miryalaguda,Nalgonda,19,Madugulapally,577041,0000,VILLAGE,Chirumarthy,Rural,663,2309,1150,1159,238,125,113,397,199,198,4,3,1,1326,769,557,983,381,602,1295,662,633,1227,635,592,573,316,257,532,226,306,9,7,2,113,86,27,68,27,41,22,10,12,20,10,10,2,0,2,24,7,17,53,22,31,17,9,8,13,6,7,2,0,2,21,7,14,15,5,10,5,1,4,7,4,3,0,0,0,3,0,3,1014,488,526
29,92,Miryalaguda,Nalgonda,19,Madugulapally,577042,0000,VILLAGE,Pamulapahad,Rural,733,2603,1285,1318,246,116,130,720,350,370,14,7,7,1433,820,613,1170,465,705,1351,722,629,1058,654,404,302,226,76,564,278,286,15,10,5,177,140,37,293,68,225,20,2,18,230,38,192,6,3,3,37,25,12,278,62,216,17,2,15,229,37,192,2,1,1,30,22,8,15,6,9,3,0,3,1,1,0,4,2,2,7,3,4,1252,563,689
29,92,Miryalaguda,Nalgonda,20,Vemulapalle,577043,0000,VILLAGE,Amangal,Rural,1241,4510,2247,2263,489,245,244,1838,916,922,19,9,10,2471,1448,1023,2039,799,1240,2490,1259,1231,2179,1206,973,400,322,78,1573,719,854,35,27,8,171,138,33,311,53,258,15,1,14,241,29,212,19,4,15,36,19,17,294,47,247,14,0,14,239,29,210,13,4,9,28,14,14,17,6,11,1,1,0,2,0,2,6,0,6,8,5,3,2020,988,1032
29,92,Miryalaguda,Nalgonda,19,Madugulapally,577044,0000,VILLAGE,Beemanpalle,Rural,318,1267,642,625,164,83,81,432,221,211,202,95,107,657,396,261,610,246,364,577,304,273,566,300,266,130,90,40,322,126,196,1,1,0,113,83,30,11,4,7,0,0,0,2,0,2,0,0,0,9,4,5,11,4,7,0,0,0,2,0,2,0,0,0,9,4,5,0,0,0,0,0,0,0,0,0,0,0,0,0,0,0,690,338,352
29,92,Miryalaguda,Nalgonda,19,Madugulapally,577045,0000,VILLAGE,Bommakal,Rural,341,1287,652,635,117,62,55,328,168,160,0,0,0,807,461,346,480,191,289,703,398,305,660,380,280,305,184,121,254,108,146,14,11,3,87,77,10,43,18,25,9,4,5,29,9,20,1,1,0,4,4,0,43,18,25,9,4,5,29,9,20,1,1,0,4,4,0,0,0,0,0,0,0,0,0,0,0,0,0,0,0,0,584,254,330
29,92,Miryalaguda,Nalgonda,19,Madugulapally,577046,0000,VILLAGE,Thopuchrerla,Rural,980,3533,1766,1767,345,174,171,693,335,358,522,253,269,1987,1168,819,1546,598,948,2095,1096,999,1342,834,508,467,323,144,588,306,282,97,51,46,190,154,36,753,262,491,45,13,32,535,144,391,37,14,23,136,91,45,624,207,417,34,10,24,437,107,330,36,14,22,117,76,41,129,55,74,11,3,8,98,37,61,1,0,1,19,15,4,1438,670,768
29,92,Miryalaguda,Nalgonda,19,Madugulapally,577047,0000,VILLAGE,Gandravaniguda,Rural,168,581,301,280,42,27,15,0,0,0,0,0,0,312,176,136,269,125,144,362,194,168,353,192,161,245,133,112,64,26,38,0,0,0,44,33,11,9,2,7,3,1,2,6,1,5,0,0,0,0,0,0,6,1,5,3,1,2,3,0,3,0,0,0,0,0,0,3,1,2,0,0,0,3,1,2,0,0,0,0,0,0,219,107,112
29,92,Miryalaguda,Nalgonda,19,Madugulapally,577048,0000,VILLAGE,Kukkadam,Rural,644,2436,1197,1239,255,125,130,683,324,359,11,9,2,1340,787,553,1096,410,686,1301,712,589,1102,669,433,92,76,16,649,315,334,3,1,2,358,277,81,199,43,156,1,0,1,189,36,153,0,0,0,9,7,2,184,36,148,1,0,1,175,30,145,0,0,0,8,6,2,15,7,8,0,0,0,14,6,8,0,0,0,1,1,0,1135,485,650
29,92,Miryalaguda,Nalgonda,20,Vemulapalle,577049,0000,VILLAGE,Buggavarigudem,Rural,317,1239,615,624,123,50,73,233,114,119,0,0,0,707,412,295,532,203,329,697,373,324,573,355,218,229,137,92,275,162,113,6,4,2,63,52,11,124,18,106,28,7,21,91,10,81,0,0,0,5,1,4,102,6,96,20,2,18,77,3,74,0,0,0,5,1,4,22,12,10,8,5,3,14,7,7,0,0,0,0,0,0,542,242,300
29,92,Miryalaguda,Nalgonda,20,Vemulapalle,577050,0000,VILLAGE,Vemulapalle,Rural,1229,4646,2337,2309,428,204,224,1364,666,698,1,1,0,2987,1720,1267,1659,617,1042,2269,1293,976,1914,1192,722,305,226,79,969,441,528,88,68,20,552,457,95,355,101,254,14,3,11,259,61,198,35,11,24,47,26,21,327,90,237,12,2,10,245,54,191,23,8,15,47,26,21,28,11,17,2,1,1,14,7,7,12,3,9,0,0,0,2377,1044,1333
29,92,Miryalaguda,Nalgonda,20,Vemulapalle,577051,0000,VILLAGE,Annapareddiguda,Rural,253,939,460,479,92,46,46,174,84,90,6,2,4,559,318,241,380,142,238,464,270,194,452,261,191,128,98,30,211,76,135,6,5,1,107,82,25,12,9,3,0,0,0,1,0,1,0,0,0,11,9,2,10,7,3,0,0,0,1,0,1,0,0,0,9,7,2,2,2,0,0,0,0,0,0,0,0,0,0,2,2,0,475,190,285
29,92,Miryalaguda,Nalgonda,20,Vemulapalle,577052,0000,VILLAGE,Itikyala,Rural,783,2986,1466,1520,297,139,158,605,295,310,9,4,5,1737,1005,732,1249,461,788,1565,869,696,904,670,234,151,141,10,478,284,194,7,5,2,268,240,28,661,199,462,18,4,14,589,181,408,0,0,0,54,14,40,656,197,459,18,4,14,586,181,405,0,0,0,52,12,40,5,2,3,0,0,0,3,0,3,0,0,0,2,2,0,1421,597,824
29,92,Miryalaguda,Nalgonda,20,Vemulapalle,577053,0000,VILLAGE,Mundla Pahad,Rural,6,19,9,10,4,1,3,0,0,0,0,0,0,6,5,1,13,4,9,11,8,3,11,8,3,1,1,0,8,5,3,0,0,0,2,2,0,0,0,0,0,0,0,0,0,0,0,0,0,0,0,0,0,0,0,0,0,0,0,0,0,0,0,0,0,0,0,0,0,0,0,0,0,0,0,0,0,0,0,0,0,0,8,1,7
29,92,Miryalaguda,Nalgonda,20,Vemulapalle,577054,0000,VILLAGE,Settipalle,Rural,387,1325,661,664,106,53,53,543,270,273,233,116,117,822,467,355,503,194,309,691,389,302,564,345,219,100,91,9,327,139,188,9,6,3,128,109,19,127,44,83,6,1,5,83,22,61,14,6,8,24,15,9,121,42,79,6,1,5,78,20,58,13,6,7,24,15,9,6,2,4,0,0,0,5,2,3,1,0,1,0,0,0,634,272,362
29,92,Miryalaguda,Nalgonda,20,Vemulapalle,577055,0000,VILLAGE,Thimmareddiguda,Rural,208,783,399,384,72,40,32,183,91,92,0,0,0,442,259,183,341,140,201,369,210,159,140,115,25,111,90,21,2,2,0,0,0,0,27,23,4,229,95,134,11,5,6,172,49,123,3,3,0,43,38,5,217,91,126,11,5,6,162,47,115,3,3,0,41,36,5,12,4,8,0,0,0,10,2,8,0,0,0,2,2,0,414,189,225
29,92,Miryalaguda,Nalgonda,20,Vemulapalle,577056,0000,VILLAGE,Molka Patnam,Rural,540,2023,1047,976,222,123,99,535,278,257,17,9,8,1189,691,498,834,356,478,1163,612,551,913,527,386,217,169,48,473,212,261,1,0,1,222,146,76,250,85,165,3,2,1,228,67,161,1,0,1,18,16,2,230,81,149,3,2,1,208,63,145,1,0,1,18,16,2,20,4,16,0,0,0,20,4,16,0,0,0,0,0,0,860,435,425
29,92,Miryalaguda,Nalgonda,20,Vemulapalle,577057,0000,VILLAGE,Salkunur,Rural,793,3063,1563,1500,324,161,163,646,331,315,11,7,4,1654,1000,654,1409,563,846,1734,925,809,1664,903,761,185,153,32,1279,586,693,18,13,5,182,151,31,70,22,48,1,0,1,51,11,40,2,1,1,16,10,6,67,22,45,1,0,1,48,11,37,2,1,1,16,10,6,3,0,3,0,0,0,3,0,3,0,0,0,0,0,0,1329,638,691
29,92,Miryalaguda,Nalgonda,19,Madugulapally,577058,0000,VILLAGE,Kalvalapalem,Rural,281,1029,514,515,97,54,43,296,157,139,0,0,0,567,332,235,462,182,280,557,298,259,424,243,181,110,74,36,237,111,126,5,3,2,72,55,17,133,55,78,4,3,1,119,45,74,0,0,0,10,7,3,122,53,69,4,3,1,108,43,65,0,0,0,10,7,3,11,2,9,0,0,0,11,2,9,0,0,0,0,0,0,472,216,256
29,92,Miryalaguda,Nalgonda,20,Vemulapalle,577059,0000,VILLAGE,Chali Chimala Palem,Rural,30,143,74,69,14,10,4,0,0,0,0,0,0,90,54,36,53,20,33,90,52,38,90,52,38,25,25,0,54,18,36,2,2,0,9,7,2,0,0,0,0,0,0,0,0,0,0,0,0,0,0,0,0,0,0,0,0,0,0,0,0,0,0,0,0,0,0,0,0,0,0,0,0,0,0,0,0,0,0,0,0,0,53,22,31
29,92,Miryalaguda,Nalgonda,20,Vemulapalle,577060,0000,VILLAGE,Ravulapenta,Rural,1002,3542,1763,1779,334,178,156,919,483,436,0,0,0,1796,1059,737,1746,704,1042,1898,973,925,1760,922,838,370,228,142,1200,552,648,6,3,3,184,139,45,138,51,87,5,4,1,115,36,79,1,0,1,17,11,6,123,42,81,5,4,1,103,30,73,1,0,1,14,8,6,15,9,6,0,0,0,12,6,6,0,0,0,3,3,0,1644,790,854
29,92,Miryalaguda,Nalgonda,20,Vemulapalle,577061,0000,VILLAGE,Kamepalle,Rural,220,875,458,417,119,79,40,246,130,116,0,0,0,444,280,164,431,178,253,465,237,228,465,237,228,21,21,0,411,190,221,0,0,0,33,26,7,0,0,0,0,0,0,0,0,0,0,0,0,0,0,0,0,0,0,0,0,0,0,0,0,0,0,0,0,0,0,0,0,0,0,0,0,0,0,0,0,0,0,0,0,0,410,221,189
29,91,Nalgonda,Nalgonda,07,Thipparthi,577062,0000,VILLAGE,Keshrajpalle,Rural,587,2440,1224,1216,224,123,101,854,435,419,15,6,9,1560,905,655,880,319,561,1562,801,761,1060,580,480,76,40,36,572,230,342,20,7,13,392,303,89,502,221,281,5,1,4,288,106,182,21,6,15,188,108,80,366,166,200,4,1,3,178,62,116,18,6,12,166,97,69,136,55,81,1,0,1,110,44,66,3,0,3,22,11,11,878,423,455
29,91,Nalgonda,Nalgonda,07,Thipparthi,577063,0000,VILLAGE,A_Duppalapalle,Rural,429,1671,827,844,181,90,91,423,213,210,0,0,0,956,542,414,715,285,430,866,464,402,798,445,353,282,203,79,406,171,235,6,4,2,104,67,37,68,19,49,5,2,3,52,14,38,8,1,7,3,2,1,65,18,47,5,2,3,51,14,37,7,1,6,2,1,1,3,1,2,0,0,0,1,0,1,1,0,1,1,1,0,805,363,442
29,91,Nalgonda,Nalgonda,07,Thipparthi,577064,0000,VILLAGE,Kankanala Palle,Rural,148,605,303,302,72,39,33,122,61,61,0,0,0,315,187,128,290,116,174,391,199,192,378,192,186,32,20,12,277,126,151,6,4,2,63,42,21,13,7,6,1,1,0,6,1,5,0,0,0,6,5,1,12,6,6,1,1,0,6,1,5,0,0,0,5,4,1,1,1,0,0,0,0,0,0,0,0,0,0,1,1,0,214,104,110
29,91,Nalgonda,Nalgonda,07,Thipparthi,577065,0000,VILLAGE,Thanderpalle,Rural,353,1437,726,711,155,89,66,339,163,176,0,0,0,846,493,353,591,233,358,676,354,322,481,303,178,63,42,21,195,64,131,15,13,2,208,184,24,195,51,144,2,0,2,154,30,124,4,3,1,35,18,17,182,46,136,2,0,2,145,28,117,4,3,1,31,15,16,13,5,8,0,0,0,9,2,7,0,0,0,4,3,1,761,372,389
29,91,Nalgonda,Nalgonda,08,Nalgonda,577066,0000,VILLAGE,Khajiramaram,Rural,311,1174,592,582,140,70,70,395,196,199,0,0,0,678,400,278,496,192,304,575,316,259,245,229,16,86,83,3,35,28,7,1,0,1,123,118,5,330,87,243,3,0,3,303,67,236,0,0,0,24,20,4,327,87,240,3,0,3,301,67,234,0,0,0,23,20,3,3,0,3,0,0,0,2,0,2,0,0,0,1,0,1,599,276,323
29,91,Nalgonda,Nalgonda,08,Nalgonda,577067,0000,VILLAGE,Suraram,Rural,918,3421,1710,1711,342,168,174,867,427,440,3,1,2,1940,1132,808,1481,578,903,1884,966,918,1753,936,817,513,319,194,958,378,580,25,17,8,257,222,35,131,30,101,1,0,1,104,10,94,1,1,0,25,19,6,114,25,89,1,0,1,92,9,83,1,1,0,20,15,5,17,5,12,0,0,0,12,1,11,0,0,0,5,4,1,1537,744,793
29,91,Nalgonda,Nalgonda,07,Thipparthi,577068,0000,VILLAGE,Pujjur,Rural,1110,4337,2200,2137,434,222,212,971,490,481,4,2,2,2358,1387,971,1979,813,1166,2328,1222,1106,2062,1090,972,937,550,387,887,364,523,3,2,1,235,174,61,266,132,134,2,2,0,259,129,130,0,0,0,5,1,4,261,131,130,2,2,0,255,128,127,0,0,0,4,1,3,5,1,4,0,0,0,4,1,3,0,0,0,1,0,1,2009,978,1031
29,91,Nalgonda,Nalgonda,07,Thipparthi,577069,0000,VILLAGE,Gaddikondaram,Rural,211,716,349,367,57,28,29,216,107,109,0,0,0,390,220,170,326,129,197,315,193,122,306,187,119,43,43,0,223,112,111,8,7,1,32,25,7,9,6,3,3,3,0,6,3,3,0,0,0,0,0,0,7,4,3,1,1,0,6,3,3,0,0,0,0,0,0,2,2,0,2,2,0,0,0,0,0,0,0,0,0,0,401,156,245
29,91,Nalgonda,Nalgonda,07,Thipparthi,577070,0000,VILLAGE,Indloor,Rural,548,2231,1146,1085,258,136,122,611,304,307,6,3,3,1099,650,449,1132,496,636,1246,678,568,897,577,320,340,247,93,464,267,197,22,9,13,71,54,17,349,101,248,5,3,2,305,78,227,3,1,2,36,19,17,344,100,244,5,3,2,301,77,224,3,1,2,35,19,16,5,1,4,0,0,0,4,1,3,0,0,0,1,0,1,985,468,517
29,91,Nalgonda,Nalgonda,07,Thipparthi,577071,0000,VILLAGE,Mamidala,Rural,1327,5297,2651,2646,584,317,267,1621,811,810,56,31,25,2979,1699,1280,2318,952,1366,3042,1573,1469,2541,1415,1126,742,515,227,1496,668,828,18,10,8,285,222,63,501,158,343,22,13,9,384,107,277,48,10,38,47,28,19,470,146,324,19,11,8,374,105,269,35,5,30,42,25,17,31,12,19,3,2,1,10,2,8,13,5,8,5,3,2,2255,1078,1177
29,91,Nalgonda,Nalgonda,07,Thipparthi,577072,0000,VILLAGE,Sarvaram,Rural,510,2023,1040,983,202,122,80,316,156,160,6,2,4,1019,586,433,1004,454,550,1116,609,507,1084,597,487,259,194,65,712,316,396,7,5,2,106,82,24,32,12,20,0,0,0,15,2,13,1,0,1,16,10,6,32,12,20,0,0,0,15,2,13,1,0,1,16,10,6,0,0,0,0,0,0,0,0,0,0,0,0,0,0,0,907,431,476
29,91,Nalgonda,Nalgonda,07,Thipparthi,577073,0000,VILLAGE,Thipparthi,Rural,1702,6805,3498,3307,667,364,303,1410,733,677,104,53,51,4246,2474,1772,2559,1024,1535,3291,1874,1417,2654,1630,1024,704,435,269,1027,465,562,73,53,20,850,677,173,637,244,393,85,43,42,409,142,267,18,7,11,125,52,73,617,237,380,75,39,36,405,142,263,16,5,11,121,51,70,20,7,13,10,4,6,4,0,4,2,2,0,4,1,3,3514,1624,1890
29,91,Nalgonda,Nalgonda,07,Thipparthi,577074,0000,VILLAGE,Jangamreddi Gudem,Rural,654,2565,1301,1264,289,165,124,364,180,184,6,3,3,1488,848,640,1077,453,624,1410,735,675,1198,636,562,582,349,233,458,163,295,16,16,0,142,108,34,212,99,113,10,7,3,144,54,90,5,3,2,53,35,18,202,93,109,9,6,3,138,51,87,5,3,2,50,33,17,10,6,4,1,1,0,6,3,3,0,0,0,3,2,1,1155,566,589
29,91,Nalgonda,Nalgonda,07,Thipparthi,577075,0000,VILLAGE,Rajupeta,Rural,876,3518,1761,1757,377,176,201,646,327,319,14,8,6,1762,1045,717,1756,716,1040,1749,1024,725,1637,985,652,650,425,225,612,216,396,6,6,0,369,338,31,112,39,73,7,3,4,85,17,68,3,2,1,17,17,0,107,37,70,7,3,4,82,17,65,3,2,1,15,15,0,5,2,3,0,0,0,3,0,3,0,0,0,2,2,0,1769,737,1032
29,91,Nalgonda,Nalgonda,07,Thipparthi,577076,0000,VILLAGE,Gangana palem,Rural,181,688,369,319,77,43,34,206,115,91,0,0,0,385,237,148,303,132,171,402,215,187,306,184,122,77,54,23,157,74,83,0,0,0,72,56,16,96,31,65,5,1,4,81,26,55,1,1,0,9,3,6,70,22,48,3,1,2,63,19,44,1,1,0,3,1,2,26,9,17,2,0,2,18,7,11,0,0,0,6,2,4,286,154,132
29,92,Miryalaguda,Nalgonda,19,Madugulapally,577077,0000,VILLAGE,Cheruvupalle,Rural,689,2516,1254,1262,257,128,129,594,296,298,5,3,2,1449,846,603,1067,408,659,1326,716,610,1056,610,446,369,241,128,530,247,283,2,1,1,155,121,34,270,106,164,15,5,10,184,58,126,3,0,3,68,43,25,82,29,53,7,1,6,38,4,34,2,0,2,35,24,11,188,77,111,8,4,4,146,54,92,1,0,1,33,19,14,1190,538,652
29,92,Miryalaguda,Nalgonda,19,Madugulapally,577078,0000,VILLAGE,Dacharam,Rural,318,1146,560,586,116,50,66,180,85,95,0,0,0,572,327,245,574,233,341,639,333,306,623,325,298,206,133,73,334,130,204,5,4,1,78,58,20,16,8,8,0,0,0,10,5,5,0,0,0,6,3,3,16,8,8,0,0,0,10,5,5,0,0,0,6,3,3,0,0,0,0,0,0,0,0,0,0,0,0,0,0,0,507,227,280
29,92,Miryalaguda,Nalgonda,19,Madugulapally,577079,0000,VILLAGE,Madugulapalle,Rural,762,2860,1469,1391,287,150,137,607,285,322,94,44,50,1750,1026,724,1110,443,667,1598,890,708,1139,684,455,523,307,216,282,138,144,48,22,26,286,217,69,459,206,253,7,1,6,134,51,83,6,2,4,312,152,160,102,53,49,5,0,5,44,23,21,5,1,4,48,29,19,357,153,204,2,1,1,90,28,62,1,1,0,264,123,141,1262,579,683
29,92,Miryalaguda,Nalgonda,19,Madugulapally,577080,0000,VILLAGE,Indugula,Rural,614,2338,1143,1195,214,97,117,868,402,466,0,0,0,1374,786,588,964,357,607,1240,656,584,900,521,379,391,252,139,370,155,215,3,2,1,136,112,24,340,135,205,20,13,7,296,100,196,1,1,0,23,21,2,339,135,204,20,13,7,295,100,195,1,1,0,23,21,2,1,0,1,0,0,0,1,0,1,0,0,0,0,0,0,1098,487,611
29,91,Nalgonda,Nalgonda,08,Nalgonda,577081,0000,VILLAGE,Appaji Peta,Rural,849,3246,1618,1628,362,177,185,695,339,356,40,23,17,1719,1028,691,1527,590,937,1827,941,886,1786,926,860,490,298,192,893,320,573,21,15,6,382,293,89,41,15,26,8,1,7,17,9,8,4,2,2,12,3,9,28,5,23,8,1,7,10,3,7,2,1,1,8,0,8,13,10,3,0,0,0,7,6,1,2,1,1,4,3,1,1419,677,742
29,91,Nalgonda,Nalgonda,08,Nalgonda,577082,0000,VILLAGE,Anneparthy,Rural,800,3006,1501,1505,429,224,205,619,309,310,79,38,41,1801,997,804,1205,504,701,1512,913,599,1385,850,535,256,169,87,574,198,376,6,6,0,549,477,72,127,63,64,20,12,8,94,45,49,0,0,0,13,6,7,16,6,10,2,1,1,3,0,3,0,0,0,11,5,6,111,57,54,18,11,7,91,45,46,0,0,0,2,1,1,1494,588,906
29,91,Nalgonda,Nalgonda,08,Nalgonda,577083,0000,VILLAGE,Chrlapalle,Rural,1567,6396,3175,3221,624,326,298,1380,666,714,20,8,12,4403,2462,1941,1993,713,1280,3132,1797,1335,3012,1753,1259,1028,496,532,333,129,204,169,104,65,1482,1024,458,120,44,76,7,7,0,29,6,23,6,2,4,78,29,49,96,36,60,7,7,0,21,3,18,1,0,1,67,26,41,24,8,16,0,0,0,8,3,5,5,2,3,11,3,8,3264,1378,1886
29,91,Nalgonda,Nalgonda,08,Nalgonda,577085,0000,VILLAGE,Dandampalle,Rural,545,2071,1023,1048,271,136,135,772,384,388,0,0,0,1083,632,451,988,391,597,1286,651,635,1059,593,466,249,154,95,419,130,289,5,4,1,386,305,81,227,58,169,3,1,2,217,53,164,1,0,1,6,4,2,107,4,103,2,0,2,100,1,99,1,0,1,4,3,1,120,54,66,1,1,0,117,52,65,0,0,0,2,1,1,785,372,413
29,91,Nalgonda,Nalgonda,08,Nalgonda,577086,0000,VILLAGE,Chandanpalle,Rural,714,2808,1403,1405,315,174,141,543,266,277,3,1,2,1724,970,754,1084,433,651,1659,869,790,1456,763,693,257,147,110,965,427,538,4,3,1,230,186,44,203,106,97,1,1,0,195,103,92,1,0,1,6,2,4,79,43,36,0,0,0,74,42,32,0,0,0,5,1,4,124,63,61,1,1,0,121,61,60,1,0,1,1,1,0,1149,534,615
29,91,Nalgonda,Nalgonda,08,Nalgonda,577087,0000,VILLAGE,Kanchanpalle,Rural,660,2527,1251,1276,239,112,127,789,388,401,7,3,4,1404,822,582,1123,429,694,1352,700,652,1311,682,629,184,108,76,669,225,444,20,10,10,438,339,99,41,18,23,12,8,4,12,2,10,1,0,1,16,8,8,13,3,10,0,0,0,6,1,5,1,0,1,6,2,4,28,15,13,12,8,4,6,1,5,0,0,0,10,6,4,1175,551,624
29,91,Nalgonda,Nalgonda,08,Nalgonda,577088,0000,VILLAGE,Bhudaram,Rural,365,1408,704,704,160,84,76,497,246,251,0,0,0,801,475,326,607,229,378,774,395,379,772,394,378,253,139,114,412,171,241,6,5,1,101,79,22,2,1,1,1,0,1,1,1,0,0,0,0,0,0,0,2,1,1,1,0,1,1,1,0,0,0,0,0,0,0,0,0,0,0,0,0,0,0,0,0,0,0,0,0,0,634,309,325
29,91,Nalgonda,Nalgonda,08,Nalgonda,577089,0000,VILLAGE,K_Kondaram,Rural,396,1633,803,830,180,88,92,358,162,196,0,0,0,961,557,404,672,246,426,1001,525,476,953,503,450,176,106,70,547,248,299,2,1,1,228,148,80,48,22,26,15,7,8,22,10,12,0,0,0,11,5,6,17,8,9,7,3,4,5,3,2,0,0,0,5,2,3,31,14,17,8,4,4,17,7,10,0,0,0,6,3,3,632,278,354
29,91,Nalgonda,Nalgonda,08,Nalgonda,577090,0000,VILLAGE,P_Domalapalle,Rural,393,1564,806,758,159,87,72,503,252,251,11,6,5,821,507,314,743,299,444,950,518,432,645,463,182,238,151,87,140,72,68,3,3,0,264,237,27,305,55,250,10,0,10,276,48,228,3,0,3,16,7,9,221,17,204,9,0,9,195,12,183,3,0,3,14,5,9,84,38,46,1,0,1,81,36,45,0,0,0,2,2,0,614,288,326
29,91,Nalgonda,Nalgonda,08,Nalgonda,577091,0000,VILLAGE,M_Domalapalle,Rural,378,1456,714,742,136,73,63,42,24,18,5,2,3,720,430,290,736,284,452,784,413,371,724,401,323,140,88,52,329,118,211,2,0,2,253,195,58,60,12,48,2,0,2,43,5,38,1,0,1,14,7,7,58,11,47,2,0,2,42,4,38,0,0,0,14,7,7,2,1,1,0,0,0,1,1,0,1,0,1,0,0,0,672,301,371
29,91,Nalgonda,Nalgonda,08,Nalgonda,577092,0000,VILLAGE,Narsing Batla,Rural,1070,4236,2141,2095,482,232,250,522,267,255,35,19,16,2169,1302,867,2067,839,1228,2650,1362,1288,2110,1159,951,604,484,120,1107,398,709,176,98,78,223,179,44,540,203,337,48,29,19,331,103,228,117,48,69,44,23,21,416,140,276,38,22,16,261,68,193,85,36,49,32,14,18,124,63,61,10,7,3,70,35,35,32,12,20,12,9,3,1586,779,807
29,91,Nalgonda,Nalgonda,08,Nalgonda,577093,0000,VILLAGE,Khundavanpur,Rural,232,900,463,437,139,82,57,148,73,75,0,0,0,447,253,194,453,210,243,614,306,308,422,267,155,282,190,92,121,59,62,1,1,0,18,17,1,192,39,153,10,3,7,181,35,146,0,0,0,1,1,0,146,16,130,4,0,4,141,15,126,0,0,0,1,1,0,46,23,23,6,3,3,40,20,20,0,0,0,0,0,0,286,157,129
29,91,Nalgonda,Nalgonda,08,Nalgonda,577094,0000,VILLAGE,Donakal,Rural,199,791,385,406,100,45,55,225,106,119,0,0,0,426,249,177,365,136,229,460,229,231,265,203,62,89,88,1,81,30,51,11,11,0,84,74,10,195,26,169,2,1,1,185,20,165,1,0,1,7,5,2,193,26,167,2,1,1,183,20,163,1,0,1,7,5,2,2,0,2,0,0,0,2,0,2,0,0,0,0,0,0,331,156,175
29,91,Nalgonda,Nalgonda,08,Nalgonda,577095,0000,VILLAGE,Gundla Palle,Rural,276,1134,575,559,129,64,65,372,185,187,0,0,0,608,374,234,526,201,325,637,318,319,601,300,301,178,89,89,293,105,188,4,3,1,126,103,23,36,18,18,9,6,3,12,4,8,0,0,0,15,8,7,33,16,17,9,6,3,12,4,8,0,0,0,12,6,6,3,2,1,0,0,0,0,0,0,0,0,0,3,2,1,497,257,240
29,91,Nalgonda,Nalgonda,08,Nalgonda,577096,0000,VILLAGE,Anantharam,Rural,364,1449,738,711,161,91,70,315,162,153,211,104,107,636,382,254,813,356,457,828,439,389,755,408,347,236,139,97,365,148,217,6,2,4,148,119,29,73,31,42,19,8,11,38,14,24,0,0,0,16,9,7,33,12,21,8,2,6,17,5,12,0,0,0,8,5,3,40,19,21,11,6,5,21,9,12,0,0,0,8,4,4,621,299,322
29,91,Nalgonda,Nalgonda,08,Nalgonda,577097,0000,VILLAGE,Kothapalle,Rural,426,1605,809,796,193,84,109,571,287,284,5,3,2,855,519,336,750,290,460,866,476,390,697,392,305,105,67,38,341,131,210,3,3,0,248,191,57,169,84,85,11,9,2,23,7,16,0,0,0,135,68,67,163,80,83,11,9,2,21,6,15,0,0,0,131,65,66,6,4,2,0,0,0,2,1,1,0,0,0,4,3,1,739,333,406
29,91,Nalgonda,Nalgonda,08,Nalgonda,577098,0000,VILLAGE,Mamillaguda,Rural,539,2166,1093,1073,297,145,152,516,263,253,50,29,21,1237,724,513,929,369,560,991,587,404,869,533,336,128,70,58,77,24,53,22,17,5,642,422,220,122,54,68,6,2,4,54,10,44,3,0,3,59,42,17,121,54,67,6,2,4,54,10,44,3,0,3,58,42,16,1,0,1,0,0,0,0,0,0,0,0,0,1,0,1,1175,506,669
29,91,Nalgonda,Nalgonda,08,Nalgonda,577099,0000,VILLAGE,G_K_Annaram,Rural,279,1095,548,547,117,63,54,216,111,105,17,8,9,591,358,233,504,190,314,741,398,343,402,257,145,118,89,29,223,124,99,8,4,4,53,40,13,339,141,198,33,16,17,249,87,162,7,2,5,50,36,14,291,121,170,23,11,12,217,73,144,6,1,5,45,36,9,48,20,28,10,5,5,32,14,18,1,1,0,5,0,5,354,150,204
29,91,Nalgonda,Nalgonda,08,Nalgonda,577100,0000,VILLAGE,Medla Duppala palle,Rural,379,1444,711,733,148,71,77,517,251,266,0,0,0,828,493,335,616,218,398,750,415,335,723,401,322,91,69,22,331,105,226,8,7,1,293,220,73,27,14,13,1,1,0,10,4,6,2,0,2,14,9,5,21,10,11,0,0,0,7,3,4,2,0,2,12,7,5,6,4,2,1,1,0,3,1,2,0,0,0,2,2,0,694,296,398
29,91,Nalgonda,Nalgonda,08,Nalgonda,577101,0000,VILLAGE,Annareddy Guda,Rural,164,675,345,330,71,34,37,197,101,96,0,0,0,412,236,176,263,109,154,410,210,200,407,208,199,198,103,95,122,32,90,0,0,0,87,73,14,3,2,1,0,0,0,2,2,0,0,0,0,1,0,1,1,0,1,0,0,0,0,0,0,0,0,0,1,0,1,2,2,0,0,0,0,2,2,0,0,0,0,0,0,0,265,135,130
29,91,Nalgonda,Nalgonda,08,Nalgonda,577102,0000,VILLAGE,Velugupalle,Rural,281,1137,584,553,139,69,70,326,169,157,105,55,50,612,384,228,525,200,325,722,373,349,664,346,318,190,101,89,270,99,171,45,32,13,159,114,45,58,27,31,10,6,4,42,18,24,0,0,0,6,3,3,55,27,28,10,6,4,41,18,23,0,0,0,4,3,1,3,0,3,0,0,0,1,0,1,0,0,0,2,0,2,415,211,204
29,91,Nalgonda,Nalgonda,08,Nalgonda,577103,0000,VILLAGE,Rasoolpur,Rural,216,836,424,412,106,55,51,232,127,105,2,1,1,469,279,190,367,145,222,480,265,215,467,263,204,134,81,53,241,111,130,0,0,0,92,71,21,13,2,11,1,0,1,10,0,10,0,0,0,2,2,0,13,2,11,1,0,1,10,0,10,0,0,0,2,2,0,0,0,0,0,0,0,0,0,0,0,0,0,0,0,0,356,159,197
29,91,Nalgonda,Nalgonda,08,Nalgonda,577104,0000,VILLAGE,Mushampalle,Rural,583,2158,1085,1073,207,126,81,477,236,241,0,0,0,1187,698,489,971,387,584,1475,771,704,1165,642,523,412,260,152,595,262,333,10,7,3,148,113,35,310,129,181,69,28,41,190,79,111,2,2,0,49,20,29,89,29,60,23,7,16,40,9,31,2,2,0,24,11,13,221,100,121,46,21,25,150,70,80,0,0,0,25,9,16,683,314,369
29,91,Nalgonda,Nalgonda,10,Munugode,577111,0000,VILLAGE,Kothularam,Rural,204,840,416,424,73,38,35,74,32,42,0,0,0,459,278,181,381,138,243,392,206,186,222,136,86,80,65,15,91,28,63,5,4,1,46,39,7,170,70,100,0,0,0,162,62,100,0,0,0,8,8,0,164,67,97,0,0,0,157,60,97,0,0,0,7,7,0,6,3,3,0,0,0,5,2,3,0,0,0,1,1,0,448,210,238
29,91,Nalgonda,Nalgonda,10,Munugode,577112,0000,VILLAGE,Kistapuram,Rural,446,1792,921,871,185,100,85,510,263,247,59,34,25,998,598,400,794,323,471,881,489,392,662,458,204,167,136,31,194,47,147,33,29,4,268,246,22,219,31,188,6,1,5,189,13,176,2,2,0,22,15,7,210,29,181,6,1,5,181,12,169,2,2,0,21,14,7,9,2,7,0,0,0,8,1,7,0,0,0,1,1,0,911,432,479
29,91,Nalgonda,Nalgonda,10,Munugode,577113,0000,VILLAGE,Ipparthy,Rural,388,1452,743,709,200,102,98,466,233,233,0,0,0,727,436,291,725,307,418,833,436,397,682,378,304,75,63,12,464,193,271,10,10,0,133,112,21,151,58,93,12,1,11,122,47,75,5,2,3,12,8,4,63,18,45,11,1,10,38,10,28,5,2,3,9,5,4,88,40,48,1,0,1,84,37,47,0,0,0,3,3,0,619,307,312
29,91,Nalgonda,Nalgonda,10,Munugode,577114,0000,VILLAGE,Palivela,Rural,680,2542,1281,1261,241,133,108,363,173,190,14,7,7,1385,808,577,1157,473,684,1367,738,629,1043,591,452,163,126,37,485,191,294,167,100,67,228,174,54,324,147,177,4,2,2,294,134,160,3,0,3,23,11,12,246,111,135,3,1,2,220,102,118,3,0,3,20,8,12,78,36,42,1,1,0,74,32,42,0,0,0,3,3,0,1175,543,632
29,91,Nalgonda,Nalgonda,10,Munugode,577115,0000,VILLAGE,Vookondi,Rural,558,2460,1286,1174,281,152,129,469,245,224,12,7,5,1315,792,523,1145,494,651,1408,736,672,1240,694,546,128,101,27,928,455,473,44,27,17,140,111,29,168,42,126,8,3,5,158,37,121,0,0,0,2,2,0,167,41,126,8,3,5,157,36,121,0,0,0,2,2,0,1,1,0,0,0,0,1,1,0,0,0,0,0,0,0,1052,550,502
29,91,Nalgonda,Nalgonda,10,Munugode,577116,0000,VILLAGE,Rathipalle,Rural,190,843,411,432,108,51,57,91,40,51,0,0,0,445,255,190,398,156,242,440,244,196,300,234,66,92,83,9,91,44,47,16,14,2,101,93,8,140,10,130,0,0,0,131,6,125,2,1,1,7,3,4,137,9,128,0,0,0,129,6,123,2,1,1,6,2,4,3,1,2,0,0,0,2,0,2,0,0,0,1,1,0,403,167,236
29,91,Nalgonda,Nalgonda,10,Munugode,577117,0000,VILLAGE,Pulipalpula,Rural,642,2745,1453,1292,307,183,124,702,371,331,0,0,0,1435,874,561,1310,579,731,1533,805,728,1317,774,543,125,99,26,906,440,466,20,15,5,266,220,46,216,31,185,1,0,1,204,26,178,0,0,0,11,5,6,211,30,181,1,0,1,201,25,176,0,0,0,9,5,4,5,1,4,0,0,0,3,1,2,0,0,0,2,0,2,1212,648,564
29,91,Nalgonda,Nalgonda,10,Munugode,577118,0000,VILLAGE,Kalavalapalle,Rural,537,2230,1135,1095,259,138,121,741,383,358,0,0,0,1102,669,433,1128,466,662,1244,650,594,1221,640,581,241,137,104,889,432,457,12,12,0,79,59,20,23,10,13,2,2,0,14,3,11,2,1,1,5,4,1,21,9,12,2,2,0,14,3,11,2,1,1,3,3,0,2,1,1,0,0,0,0,0,0,0,0,0,2,1,1,986,485,501
29,91,Nalgonda,Nalgonda,10,Munugode,577119,0000,VILLAGE,Gudapur,Rural,357,1516,799,717,153,86,67,461,239,222,21,19,2,847,523,324,669,276,393,760,432,328,743,425,318,158,95,63,367,148,219,4,4,0,214,178,36,17,7,10,1,0,1,12,4,8,0,0,0,4,3,1,15,7,8,1,0,1,10,4,6,0,0,0,4,3,1,2,0,2,0,0,0,2,0,2,0,0,0,0,0,0,756,367,389
29,91,Nalgonda,Nalgonda,10,Munugode,577120,0000,VILLAGE,Jamasthanpalle,Rural,165,630,322,308,82,49,33,142,72,70,0,0,0,312,188,124,318,134,184,369,191,178,365,191,174,91,87,4,233,75,158,0,0,0,41,29,12,4,0,4,0,0,0,4,0,4,0,0,0,0,0,0,3,0,3,0,0,0,3,0,3,0,0,0,0,0,0,1,0,1,0,0,0,1,0,1,0,0,0,0,0,0,261,131,130
29,91,Nalgonda,Nalgonda,10,Munugode,577121,0000,VILLAGE,Singaram,Rural,335,1320,658,662,142,71,71,393,186,207,3,2,1,708,414,294,612,244,368,692,374,318,263,217,46,65,65,0,124,86,38,4,1,3,70,65,5,429,157,272,1,1,0,403,141,262,3,3,0,22,12,10,428,156,272,1,1,0,402,140,262,3,3,0,22,12,10,1,1,0,0,0,0,1,1,0,0,0,0,0,0,0,628,284,344
29,91,Nalgonda,Nalgonda,10,Munugode,577122,0000,VILLAGE,Kaslapuram,Rural,168,679,361,318,84,51,33,173,89,84,0,0,0,379,237,142,300,124,176,376,208,168,243,190,53,9,9,0,185,138,47,0,0,0,49,43,6,133,18,115,4,0,4,123,15,108,0,0,0,6,3,3,120,11,109,4,0,4,111,9,102,0,0,0,5,2,3,13,7,6,0,0,0,12,6,6,0,0,0,1,1,0,303,153,150
29,91,Nalgonda,Nalgonda,10,Munugode,577123,0000,VILLAGE,Cheekatimamidi,Rural,695,2826,1434,1392,238,124,114,476,240,236,8,3,5,1402,853,549,1424,581,843,1564,814,750,1526,811,715,427,326,101,830,302,528,12,8,4,257,175,82,38,3,35,3,0,3,26,2,24,2,0,2,7,1,6,24,2,22,3,0,3,17,2,15,2,0,2,2,0,2,14,1,13,0,0,0,9,0,9,0,0,0,5,1,4,1262,620,642
29,91,Nalgonda,Nalgonda,10,Munugode,577124,0000,VILLAGE,Kompalle,Rural,644,2410,1213,1197,257,140,117,635,330,305,15,7,8,1245,730,515,1165,483,682,1334,704,630,1231,687,544,218,211,7,868,359,509,15,10,5,130,107,23,103,17,86,6,4,2,78,10,68,2,1,1,17,2,15,96,15,81,6,4,2,71,8,63,2,1,1,17,2,15,7,2,5,0,0,0,7,2,5,0,0,0,0,0,0,1076,509,567
29,91,Nalgonda,Nalgonda,10,Munugode,577125,0000,VILLAGE,Chalmeda,Rural,297,1217,609,608,116,53,63,245,120,125,4,3,1,599,357,242,618,252,366,683,347,336,661,338,323,339,202,137,255,89,166,15,8,7,52,39,13,22,9,13,2,1,1,8,2,6,5,2,3,7,4,3,21,9,12,2,1,1,8,2,6,5,2,3,6,4,2,1,0,1,0,0,0,0,0,0,0,0,0,1,0,1,534,262,272
29,91,Nalgonda,Nalgonda,32,Gattuppal,577126,0000,VILLAGE,Velmakanne,Rural,713,2517,1276,1241,259,139,120,370,179,191,20,11,9,1372,821,551,1145,455,690,1438,770,668,1276,716,560,173,118,55,653,252,401,32,19,13,418,327,91,162,54,108,11,4,7,126,37,89,4,2,2,21,11,10,107,32,75,9,2,7,77,19,58,2,1,1,19,10,9,55,22,33,2,2,0,49,18,31,2,1,1,2,1,1,1079,506,573
29,91,Nalgonda,Nalgonda,10,Munugode,577128,0000,VILLAGE,Kalvakuntla,Rural,251,1073,540,533,92,49,43,280,143,137,0,0,0,659,392,267,414,148,266,603,310,293,538,300,238,85,58,27,395,201,194,3,3,0,55,38,17,65,10,55,2,0,2,52,6,46,0,0,0,11,4,7,62,9,53,1,0,1,51,6,45,0,0,0,10,3,7,3,1,2,1,0,1,1,0,1,0,0,0,1,1,0,470,230,240
29,91,Nalgonda,Nalgonda,10,Munugode,577129,0000,VILLAGE,Cholledu,Rural,500,2006,1035,971,249,128,121,248,129,119,10,8,2,882,554,328,1124,481,643,1136,587,549,679,400,279,130,119,11,450,199,251,12,10,2,87,72,15,457,187,270,59,28,31,278,79,199,13,10,3,107,70,37,267,143,124,58,28,30,136,54,82,10,8,2,63,53,10,190,44,146,1,0,1,142,25,117,3,2,1,44,17,27,870,448,422
29,91,Nalgonda,Nalgonda,10,Munugode,577130,0000,VILLAGE,Munugode,Rural,2446,10141,5294,4847,1100,590,510,1920,1020,900,59,33,26,5749,3489,2260,4392,1805,2587,4937,2730,2207,4770,2656,2114,689,439,250,2233,913,1320,210,140,70,1638,1164,474,167,74,93,8,2,6,80,27,53,12,4,8,67,41,26,152,64,88,8,2,6,78,26,52,10,2,8,56,34,22,15,10,5,0,0,0,2,1,1,2,2,0,11,7,4,5204,2564,2640
29,91,Nalgonda,Nalgonda,10,Munugode,577131,0000,VILLAGE,Solipur,Rural,124,486,252,234,56,30,26,103,56,47,0,0,0,232,142,90,254,110,144,301,151,150,301,151,150,119,62,57,109,39,70,0,0,0,73,50,23,0,0,0,0,0,0,0,0,0,0,0,0,0,0,0,0,0,0,0,0,0,0,0,0,0,0,0,0,0,0,0,0,0,0,0,0,0,0,0,0,0,0,0,0,0,185,101,84
29,91,Nalgonda,Nalgonda,10,Munugode,577132,0000,VILLAGE,Koratikal,Rural,929,3752,1957,1795,379,198,181,773,401,372,63,34,29,1902,1157,745,1850,800,1050,2072,1083,989,1987,1057,930,699,441,258,1003,402,601,99,65,34,186,149,37,85,26,59,22,8,14,59,15,44,1,1,0,3,2,1,55,16,39,17,6,11,37,9,28,1,1,0,0,0,0,30,10,20,5,2,3,22,6,16,0,0,0,3,2,1,1680,874,806
29,93,Devarakonda,Nalgonda,12,Marriguda,577147,0000,VILLAGE,Khudabakshpalle,Rural,848,3467,1742,1725,372,192,180,378,193,185,582,293,289,1687,1012,675,1780,730,1050,1840,979,861,1549,830,719,146,101,45,1192,576,616,11,7,4,200,146,54,291,149,142,9,7,2,236,103,133,0,0,0,46,39,7,236,125,111,9,7,2,192,86,106,0,0,0,35,32,3,55,24,31,0,0,0,44,17,27,0,0,0,11,7,4,1627,763,864
29,91,Nalgonda,Nalgonda,32,Gattuppal,577148,0000,VILLAGE,Anthampet,Rural,381,1531,795,736,167,102,65,341,172,169,243,138,105,739,444,295,792,351,441,864,445,419,728,388,340,98,86,12,546,226,320,21,20,1,63,56,7,136,57,79,1,1,0,134,56,78,0,0,0,1,0,1,135,57,78,1,1,0,133,56,77,0,0,0,1,0,1,1,0,1,0,0,0,1,0,1,0,0,0,0,0,0,667,350,317
29,91,Nalgonda,Nalgonda,32,Gattuppal,577149,0000,VILLAGE,Somajiguda,Rural,294,1114,598,516,162,100,62,198,104,94,411,224,187,454,310,144,660,288,372,569,295,274,417,234,183,40,28,12,344,174,170,0,0,0,33,32,1,152,61,91,1,0,1,150,60,90,0,0,0,1,1,0,152,61,91,1,0,1,150,60,90,0,0,0,1,1,0,0,0,0,0,0,0,0,0,0,0,0,0,0,0,0,545,303,242
29,91,Nalgonda,Nalgonda,32,Gattuppal,577150,0000,VILLAGE,Nammapur,Rural,337,1302,651,651,139,80,59,303,162,141,2,2,0,581,355,226,721,296,425,699,341,358,536,310,226,136,127,9,282,93,189,8,8,0,110,82,28,163,31,132,6,4,2,145,22,123,0,0,0,12,5,7,163,31,132,6,4,2,145,22,123,0,0,0,12,5,7,0,0,0,0,0,0,0,0,0,0,0,0,0,0,0,603,310,293
29,93,Devarakonda,Nalgonda,12,Marriguda,577151,0000,VILLAGE,Lenkalapalle,Rural,577,2085,1025,1060,212,95,117,411,198,213,43,20,23,950,581,369,1135,444,691,1283,646,637,1105,574,531,529,320,209,456,158,298,7,4,3,113,92,21,178,72,106,5,2,3,163,66,97,2,0,2,8,4,4,150,63,87,5,2,3,137,57,80,1,0,1,7,4,3,28,9,19,0,0,0,26,9,17,1,0,1,1,0,1,802,379,423
29,93,Devarakonda,Nalgonda,12,Marriguda,577152,0000,VILLAGE,Metichandapur,Rural,281,1122,548,574,156,84,72,377,182,195,0,0,0,540,315,225,582,233,349,663,332,331,293,147,146,47,24,23,219,104,115,3,3,0,24,16,8,370,185,185,9,5,4,350,172,178,3,2,1,8,6,2,368,184,184,9,5,4,348,171,177,3,2,1,8,6,2,2,1,1,0,0,0,2,1,1,0,0,0,0,0,0,459,216,243
29,93,Devarakonda,Nalgonda,12,Marriguda,577153,0000,VILLAGE,Venkepalle,Rural,251,1054,545,509,148,73,75,110,58,52,409,204,205,510,337,173,544,208,336,487,259,228,339,179,160,226,125,101,74,22,52,0,0,0,39,32,7,148,80,68,2,1,1,145,79,66,1,0,1,0,0,0,148,80,68,2,1,1,145,79,66,1,0,1,0,0,0,0,0,0,0,0,0,0,0,0,0,0,0,0,0,0,567,286,281
29,93,Devarakonda,Nalgonda,12,Marriguda,577154,0000,VILLAGE,Indurthi,Rural,1457,6105,3071,3034,653,339,314,1224,607,617,89,41,48,3043,1910,1133,3062,1161,1901,3322,1731,1591,2490,1497,993,678,494,184,1275,568,707,48,31,17,489,404,85,832,234,598,14,11,3,748,181,567,10,5,5,60,37,23,807,222,585,14,11,3,728,174,554,9,4,5,56,33,23,25,12,13,0,0,0,20,7,13,1,1,0,4,4,0,2783,1340,1443
29,93,Devarakonda,Nalgonda,12,Marriguda,577155,0000,VILLAGE,Sarampet,Rural,316,1202,610,592,122,63,59,493,251,242,146,72,74,585,359,226,617,251,366,672,325,347,654,316,338,28,21,7,603,280,323,1,1,0,22,14,8,18,9,9,0,0,0,16,8,8,0,0,0,2,1,1,18,9,9,0,0,0,16,8,8,0,0,0,2,1,1,0,0,0,0,0,0,0,0,0,0,0,0,0,0,0,530,285,245
29,93,Devarakonda,Nalgonda,12,Marriguda,577156,0000,VILLAGE,Yergandlapalle,Rural,870,3614,1863,1751,391,218,173,582,286,296,296,153,143,1745,1120,625,1869,743,1126,1936,1024,912,1158,740,418,469,325,144,448,210,238,32,23,9,209,182,27,778,284,494,20,9,11,681,233,448,20,9,11,57,33,24,728,266,462,19,8,11,647,225,422,17,8,9,45,25,20,50,18,32,1,1,0,34,8,26,3,1,2,12,8,4,1678,839,839
29,93,Devarakonda,Nalgonda,12,Marriguda,577157,0000,VILLAGE,Tammadpalle,Rural,210,1006,504,502,132,70,62,210,102,108,0,0,0,519,312,207,487,192,295,475,283,192,333,208,125,96,72,24,136,46,90,11,11,0,90,79,11,142,75,67,0,0,0,101,40,61,13,13,0,28,22,6,136,73,63,0,0,0,99,40,59,13,13,0,24,20,4,6,2,4,0,0,0,2,0,2,0,0,0,4,2,2,531,221,310
29,93,Devarakonda,Nalgonda,12,Marriguda,577158,0000,VILLAGE,Tirgandlapalle,Rural,394,1621,818,803,178,98,80,369,183,186,13,8,5,820,502,318,801,316,485,808,458,350,802,454,348,202,124,78,279,85,194,9,4,5,312,241,71,6,4,2,1,1,0,0,0,0,0,0,0,5,3,2,6,4,2,1,1,0,0,0,0,0,0,0,5,3,2,0,0,0,0,0,0,0,0,0,0,0,0,0,0,0,813,360,453
29,93,Devarakonda,Nalgonda,12,Marriguda,577159,0000,VILLAGE,Kondur,Rural,323,1332,679,653,174,89,85,118,57,61,310,153,157,599,378,221,733,301,432,730,385,345,700,371,329,143,111,32,387,117,270,2,2,0,168,141,27,30,14,16,2,0,2,18,9,9,0,0,0,10,5,5,10,5,5,0,0,0,7,3,4,0,0,0,3,2,1,20,9,11,2,0,2,11,6,5,0,0,0,7,3,4,602,294,308
29,93,Devarakonda,Nalgonda,12,Marriguda,577160,0000,VILLAGE,"Marriguda	",Rural,771,3603,1862,1741,340,167,173,691,362,329,197,107,90,2283,1384,899,1320,478,842,1435,849,586,1286,818,468,122,99,23,560,214,346,24,19,5,580,486,94,149,31,118,9,3,6,100,10,90,3,0,3,37,18,19,135,31,104,8,3,5,91,10,81,3,0,3,33,18,15,14,0,14,1,0,1,9,0,9,0,0,0,4,0,4,2168,1013,1155
29,93,Devarakonda,Nalgonda,12,Marriguda,577161,0000,VILLAGE,Bhatlapalle,Rural,94,368,197,171,31,16,15,144,75,69,0,0,0,189,126,63,179,71,108,198,103,95,65,46,19,39,30,9,10,5,5,6,2,4,10,9,1,133,57,76,3,2,1,107,36,71,2,0,2,21,19,2,117,49,68,2,1,1,95,31,64,2,0,2,18,17,1,16,8,8,1,1,0,12,5,7,0,0,0,3,2,1,170,94,76
29,93,Devarakonda,Nalgonda,12,Marriguda,577162,0000,VILLAGE,Vattipalle,Rural,533,2308,1216,1092,237,141,96,311,154,157,312,197,115,1306,815,491,1002,401,601,1087,608,479,943,563,380,233,148,85,475,231,244,60,49,11,175,135,40,144,45,99,2,1,1,122,32,90,3,2,1,17,10,7,142,45,97,2,1,1,120,32,88,3,2,1,17,10,7,2,0,2,0,0,0,2,0,2,0,0,0,0,0,0,1221,608,613
29,93,Devarakonda,Nalgonda,12,Marriguda,577163,0000,VILLAGE,Damerabheemanpalle,Rural,1094,4134,2060,2074,464,233,231,543,284,259,416,215,201,2396,1343,1053,1738,717,1021,2106,1137,969,1585,922,663,469,335,134,840,382,458,30,26,4,246,179,67,521,215,306,25,12,13,415,161,254,25,12,13,56,30,26,515,214,301,25,12,13,411,160,251,24,12,12,55,30,25,6,1,5,0,0,0,4,1,3,1,0,1,1,0,1,2028,923,1105
29,93,Devarakonda,Nalgonda,13,Chinthapalle,577164,0000,VILLAGE,Godkondla,Rural,1313,5429,2736,2693,745,400,345,508,256,252,94,52,42,3179,1805,1374,2250,931,1319,2202,1425,777,2112,1382,730,326,209,117,608,260,348,49,37,12,1129,876,253,90,43,47,3,1,2,31,9,22,4,3,1,52,30,22,89,43,46,3,1,2,31,9,22,4,3,1,51,30,21,1,0,1,0,0,0,0,0,0,0,0,0,1,0,1,3227,1311,1916
29,93,Devarakonda,Nalgonda,13,Chinthapalle,577165,0000,VILLAGE,Chennapuraopalle,Rural,663,2860,1461,1399,394,194,200,274,125,149,1024,555,469,1303,821,482,1557,640,917,1279,772,507,677,399,278,252,163,89,267,95,172,29,20,9,129,121,8,602,373,229,11,6,5,363,185,178,75,54,21,153,128,25,506,318,188,10,5,5,322,174,148,46,33,13,128,106,22,96,55,41,1,1,0,41,11,30,29,21,8,25,22,3,1581,689,892
29,93,Devarakonda,Nalgonda,13,Chinthapalle,577166,0000,VILLAGE,Madnapur,Rural,190,807,395,412,84,37,47,129,66,63,0,0,0,383,226,157,424,169,255,398,221,177,311,189,122,36,32,4,180,74,106,2,2,0,93,81,12,87,32,55,0,0,0,72,18,54,1,1,0,14,13,1,87,32,55,0,0,0,72,18,54,1,1,0,14,13,1,0,0,0,0,0,0,0,0,0,0,0,0,0,0,0,409,174,235
29,93,Devarakonda,Nalgonda,13,Chinthapalle,577167,0000,VILLAGE,Sakalserepally,Rural,200,768,383,385,107,61,46,140,75,65,8,5,3,399,238,161,369,145,224,400,210,190,211,178,33,42,26,16,13,7,6,15,14,1,141,131,10,189,32,157,0,0,0,171,17,154,2,0,2,16,15,1,186,31,155,0,0,0,171,17,154,0,0,0,15,14,1,3,1,2,0,0,0,0,0,0,2,0,2,1,1,0,368,173,195
29,93,Devarakonda,Nalgonda,13,Chinthapalle,577168,0000,VILLAGE,Kurmaidu,Rural,1034,4071,2097,1974,439,238,201,875,465,410,509,274,235,1995,1229,766,2076,868,1208,2425,1271,1154,1515,1042,473,366,298,68,714,383,331,64,50,14,371,311,60,910,229,681,17,6,11,608,120,488,111,29,82,174,74,100,752,181,571,15,5,10,509,100,409,89,19,70,139,57,82,158,48,110,2,1,1,99,20,79,22,10,12,35,17,18,1646,826,820
29,93,Devarakonda,Nalgonda,13,Chinthapalle,577169,0000,VILLAGE,Ummapur,Rural,112,460,233,227,49,25,24,17,6,11,0,0,0,220,135,85,240,98,142,268,142,126,266,141,125,85,45,40,120,52,68,0,0,0,61,44,17,2,1,1,2,1,1,0,0,0,0,0,0,0,0,0,2,1,1,2,1,1,0,0,0,0,0,0,0,0,0,0,0,0,0,0,0,0,0,0,0,0,0,0,0,0,192,91,101
29,93,Devarakonda,Nalgonda,13,Chinthapalle,577170,0000,VILLAGE,Takatlapalli,Rural,383,1481,738,743,202,104,98,184,85,99,665,346,319,628,386,242,853,352,501,801,403,398,710,381,329,277,183,94,295,74,221,2,2,0,136,122,14,91,22,69,13,1,12,44,5,39,1,0,1,33,16,17,84,22,62,13,1,12,40,5,35,1,0,1,30,16,14,7,0,7,0,0,0,4,0,4,0,0,0,3,0,3,680,335,345
29,93,Devarakonda,Nalgonda,13,Chinthapalle,577171,0000,VILLAGE,Kurmapalli,Rural,911,3758,1928,1830,468,248,220,597,304,293,16,9,7,1689,1062,627,2069,866,1203,2004,1044,960,1251,652,599,202,111,91,856,387,469,30,26,4,163,128,35,753,392,361,117,64,53,571,275,296,49,41,8,16,12,4,575,307,268,100,56,44,413,200,213,46,39,7,16,12,4,178,85,93,17,8,9,158,75,83,3,2,1,0,0,0,1754,884,870
29,93,Devarakonda,Nalgonda,13,Chinthapalle,577172,0000,VILLAGE,Mallepalle,Rural,221,932,465,467,127,63,64,242,118,124,0,0,0,436,256,180,496,209,287,461,244,217,397,215,182,25,24,1,319,148,171,1,1,0,52,42,10,64,29,35,0,0,0,58,25,33,1,1,0,5,3,2,64,29,35,0,0,0,58,25,33,1,1,0,5,3,2,0,0,0,0,0,0,0,0,0,0,0,0,0,0,0,471,221,250
29,93,Devarakonda,Nalgonda,13,Chinthapalle,577173,0000,VILLAGE,Vinjamoor,Rural,1317,5563,2787,2776,709,377,332,992,487,505,600,311,289,2570,1554,1016,2993,1233,1760,2946,1509,1437,2290,1247,1043,964,639,325,986,346,640,32,24,8,308,238,70,656,262,394,37,25,12,559,197,362,8,3,5,52,37,15,601,234,367,37,25,12,506,170,336,8,3,5,50,36,14,55,28,27,0,0,0,53,27,26,0,0,0,2,1,1,2617,1278,1339
29,93,Devarakonda,Nalgonda,13,Chinthapalle,577174,0000,VILLAGE,Varkal,Rural,287,1155,584,571,127,72,55,464,249,215,0,0,0,623,375,248,532,209,323,608,324,284,418,290,128,80,80,0,186,92,94,11,10,1,141,108,33,190,34,156,1,1,0,171,26,145,2,2,0,16,5,11,161,32,129,1,1,0,142,24,118,2,2,0,16,5,11,29,2,27,0,0,0,29,2,27,0,0,0,0,0,0,547,260,287
29,93,Devarakonda,Nalgonda,13,Chinthapalle,577175,0000,VILLAGE,Gadyagowraram,Rural,633,2631,1316,1315,350,180,170,1088,547,541,50,25,25,1205,745,460,1426,571,855,1455,758,697,1401,731,670,312,180,132,966,452,514,13,8,5,110,91,19,54,27,27,6,3,3,32,15,17,0,0,0,16,9,7,54,27,27,6,3,3,32,15,17,0,0,0,16,9,7,0,0,0,0,0,0,0,0,0,0,0,0,0,0,0,1176,558,618
29,93,Devarakonda,Nalgonda,13,Chinthapalle,577176,0000,VILLAGE,Upparpalle,Rural,121,492,234,258,57,21,36,88,37,51,0,0,0,213,121,92,279,113,166,281,147,134,281,147,134,21,13,8,247,122,125,0,0,0,13,12,1,0,0,0,0,0,0,0,0,0,0,0,0,0,0,0,0,0,0,0,0,0,0,0,0,0,0,0,0,0,0,0,0,0,0,0,0,0,0,0,0,0,0,0,0,0,211,87,124
29,93,Devarakonda,Nalgonda,13,Chinthapalle,577177,0000,VILLAGE,Melvalapalli,Rural,346,1373,680,693,168,75,93,381,192,189,39,20,19,639,398,241,734,282,452,798,406,392,794,405,389,229,126,103,463,201,262,10,5,5,92,73,19,4,1,3,0,0,0,3,1,2,0,0,0,1,0,1,4,1,3,0,0,0,3,1,2,0,0,0,1,0,1,0,0,0,0,0,0,0,0,0,0,0,0,0,0,0,575,274,301
29,93,Devarakonda,Nalgonda,13,Chinthapalle,577178,0000,VILLAGE,Tirumalapur,Rural,79,327,169,158,29,23,6,235,123,112,0,0,0,159,90,69,168,79,89,193,96,97,193,96,97,72,42,30,118,51,67,1,1,0,2,2,0,0,0,0,0,0,0,0,0,0,0,0,0,0,0,0,0,0,0,0,0,0,0,0,0,0,0,0,0,0,0,0,0,0,0,0,0,0,0,0,0,0,0,0,0,0,134,73,61
29,93,Devarakonda,Nalgonda,13,Chinthapalle,577179,0000,VILLAGE,Nasarlapalli,Rural,460,1797,900,897,212,106,106,404,196,208,207,100,107,846,534,312,951,366,585,1068,553,515,1028,537,491,223,116,107,688,322,366,10,8,2,107,91,16,40,16,24,3,1,2,14,7,7,0,0,0,23,8,15,37,15,22,3,1,2,11,6,5,0,0,0,23,8,15,3,1,2,0,0,0,3,1,2,0,0,0,0,0,0,729,347,382
29,93,Devarakonda,Nalgonda,13,Chinthapalle,577180,0000,VILLAGE,Chinthapalli,Rural,981,4368,2209,2159,436,230,206,868,405,463,87,47,40,2731,1566,1165,1637,643,994,1864,1084,780,1818,1072,746,181,113,68,903,379,524,26,17,9,708,563,145,46,12,34,5,1,4,27,7,20,0,0,0,14,4,10,44,11,33,4,1,3,27,7,20,0,0,0,13,3,10,2,1,1,1,0,1,0,0,0,0,0,0,1,1,0,2504,1125,1379
29,93,Devarakonda,Nalgonda,13,Chinthapalle,577181,0000,VILLAGE,Hanumanthulapalli,Rural,384,1696,874,822,229,113,116,466,240,226,529,261,268,767,492,275,929,382,547,1016,510,506,989,503,486,159,100,59,681,286,395,5,1,4,144,116,28,27,7,20,5,2,3,12,2,10,0,0,0,10,3,7,18,7,11,5,2,3,8,2,6,0,0,0,5,3,2,9,0,9,0,0,0,4,0,4,0,0,0,5,0,5,680,364,316
29,93,Devarakonda,Nalgonda,13,Chinthapalle,577182,0000,VILLAGE,Anajpur,Rural,69,279,144,135,23,10,13,140,73,67,0,0,0,132,86,46,147,58,89,159,73,86,151,72,79,66,64,2,80,3,77,1,1,0,4,4,0,8,1,7,0,0,0,6,0,6,0,0,0,2,1,1,8,1,7,0,0,0,6,0,6,0,0,0,2,1,1,0,0,0,0,0,0,0,0,0,0,0,0,0,0,0,120,71,49
29,93,Devarakonda,Nalgonda,13,Chinthapalle,577183,0000,VILLAGE,Mallareddipalli,Rural,293,1157,583,574,138,73,65,404,202,202,0,0,0,492,308,184,665,275,390,645,333,312,635,330,305,226,161,65,355,131,224,2,1,1,52,37,15,10,3,7,0,0,0,3,1,2,0,0,0,7,2,5,9,3,6,0,0,0,3,1,2,0,0,0,6,2,4,1,0,1,0,0,0,0,0,0,0,0,0,1,0,1,512,250,262
29,93,Devarakonda,Nalgonda,13,Chinthapalle,577184,0000,VILLAGE,Kokkirayalagowraram,Rural,216,865,449,416,154,76,78,4,1,3,848,442,406,331,231,100,534,218,316,476,233,243,252,121,131,100,81,19,144,35,109,2,1,1,6,4,2,224,112,112,15,14,1,174,65,109,1,0,1,34,33,1,209,105,104,15,14,1,163,60,103,0,0,0,31,31,0,15,7,8,0,0,0,11,5,6,1,0,1,3,2,1,389,216,173
29,93,Devarakonda,Nalgonda,13,Chinthapalle,577185,0000,VILLAGE,Teeded,Rural,694,2789,1392,1397,363,198,165,425,212,213,939,478,461,1248,748,500,1541,644,897,1495,755,740,1418,732,686,304,252,52,841,258,583,14,9,5,259,213,46,77,23,54,1,0,1,66,18,48,2,0,2,8,5,3,71,22,49,1,0,1,60,17,43,2,0,2,8,5,3,6,1,5,0,0,0,6,1,5,0,0,0,0,0,0,1294,637,657
29,93,Devarakonda,Nalgonda,30,Gundlapalle,577186,0000,VILLAGE,Brahmanapalle,Rural,205,932,472,460,153,77,76,117,49,68,320,160,160,375,232,143,557,240,317,504,260,244,488,253,235,145,75,70,268,119,149,0,0,0,75,59,16,16,7,9,0,0,0,8,3,5,0,0,0,8,4,4,13,6,7,0,0,0,5,2,3,0,0,0,8,4,4,3,1,2,0,0,0,3,1,2,0,0,0,0,0,0,428,212,216
29,93,Devarakonda,Nalgonda,30,Gundlapalle,577187,0000,VILLAGE,SingarajPalli,Rural,322,1350,697,653,157,81,76,179,90,89,363,196,167,604,368,236,746,329,417,757,398,359,657,347,310,176,111,65,376,162,214,6,1,5,99,73,26,100,51,49,0,0,0,98,49,49,0,0,0,2,2,0,100,51,49,0,0,0,98,49,49,0,0,0,2,2,0,0,0,0,0,0,0,0,0,0,0,0,0,0,0,0,593,299,294
29,93,Devarakonda,Nalgonda,30,Gundlapalle,577188,0000,VILLAGE,VeeraboinaPalli,Rural,628,2824,1462,1362,486,253,233,125,64,61,2170,1134,1036,1007,664,343,1817,798,1019,1630,807,823,1528,771,757,495,325,170,733,234,499,53,30,23,247,182,65,102,36,66,8,4,4,74,21,53,2,0,2,18,11,7,70,24,46,4,1,3,53,17,36,2,0,2,11,6,5,32,12,20,4,3,1,21,4,17,0,0,0,7,5,2,1194,655,539
29,93,Devarakonda,Nalgonda,30,Gundlapalle,577189,0000,VILLAGE,Towklapur,Rural,1142,4799,2415,2384,586,299,287,789,384,405,1581,821,760,2165,1286,879,2634,1129,1505,2635,1341,1294,1445,889,556,810,507,303,392,199,193,33,25,8,210,158,52,1190,452,738,83,46,37,900,256,644,12,5,7,195,145,50,1145,448,697,83,46,37,862,255,607,12,5,7,188,142,46,45,4,41,0,0,0,38,1,37,0,0,0,7,3,4,2164,1074,1090
29,93,Devarakonda,Nalgonda,30,Gundlapalle,577190,0000,VILLAGE,Vavikole,Rural,651,2758,1381,1377,334,172,162,1092,548,544,15,8,7,1341,805,536,1417,576,841,1562,807,755,979,585,394,359,323,36,451,147,304,11,8,3,158,107,51,583,222,361,111,48,63,419,135,284,7,4,3,46,35,11,572,221,351,104,47,57,415,135,280,7,4,3,46,35,11,11,1,10,7,1,6,4,0,4,0,0,0,0,0,0,1196,574,622
29,93,Devarakonda,Nalgonda,30,Gundlapalle,577191,0000,VILLAGE,Rahmatpur,Rural,375,1625,835,790,198,96,102,429,216,213,25,11,14,896,549,347,729,286,443,1003,514,489,656,382,274,233,160,73,369,186,183,31,18,13,23,18,5,347,132,215,16,11,5,324,117,207,0,0,0,7,4,3,345,132,213,16,11,5,322,117,205,0,0,0,7,4,3,2,0,2,0,0,0,2,0,2,0,0,0,0,0,0,622,321,301
29,93,Devarakonda,Nalgonda,30,Gundlapalle,577192,0000,VILLAGE,Kandakur,Rural,766,3208,1609,1599,382,179,203,1085,545,540,121,59,62,1591,969,622,1617,640,977,1901,986,915,1685,883,802,663,419,244,695,245,450,35,16,19,292,203,89,216,103,113,14,6,8,118,43,75,13,7,6,71,47,24,167,83,84,13,5,8,91,35,56,8,4,4,55,39,16,49,20,29,1,1,0,27,8,19,5,3,2,16,8,8,1307,623,684
29,93,Devarakonda,Nalgonda,30,Gundlapalle,577193,0000,VILLAGE,Dasarinemalipur,Rural,219,1019,527,492,136,82,54,155,75,80,246,144,102,544,327,217,475,200,275,538,267,271,529,264,265,184,125,59,261,77,184,3,3,0,81,59,22,9,3,6,1,0,1,8,3,5,0,0,0,0,0,0,9,3,6,1,0,1,8,3,5,0,0,0,0,0,0,0,0,0,0,0,0,0,0,0,0,0,0,0,0,0,481,260,221
29,93,Devarakonda,Nalgonda,30,Gundlapalle,577194,0000,VILLAGE,KamePalli,Rural,372,1658,846,812,163,90,73,544,278,266,6,3,3,950,566,384,708,280,428,912,512,400,812,480,332,252,198,54,357,139,218,19,6,13,184,137,47,100,32,68,3,2,1,63,13,50,20,14,6,14,3,11,84,25,59,3,2,1,54,9,45,16,11,5,11,3,8,16,7,9,0,0,0,9,4,5,4,3,1,3,0,3,746,334,412
29,93,Devarakonda,Nalgonda,30,Gundlapalle,577195,0000,VILLAGE,Yerraram,Rural,309,1605,767,838,225,111,114,197,87,110,296,144,152,890,487,403,715,280,435,789,409,380,673,381,292,231,165,66,305,110,195,6,3,3,131,103,28,116,28,88,0,0,0,104,20,84,1,1,0,11,7,4,116,28,88,0,0,0,104,20,84,1,1,0,11,7,4,0,0,0,0,0,0,0,0,0,0,0,0,0,0,0,816,358,458
29,93,Devarakonda,Nalgonda,30,Gundlapalle,577196,0000,VILLAGE,T_Gowararam,Rural,384,1826,915,911,183,98,85,615,305,310,17,9,8,957,562,395,869,353,516,993,521,472,955,515,440,605,314,291,128,45,83,4,3,1,218,153,65,38,6,32,5,1,4,22,4,18,0,0,0,11,1,10,34,5,29,5,1,4,21,3,18,0,0,0,8,1,7,4,1,3,0,0,0,1,1,0,0,0,0,3,0,3,833,394,439
29,93,Devarakonda,Nalgonda,30,Gundlapalle,577197,0000,VILLAGE,Khanapur,Rural,363,1520,784,736,195,111,84,258,122,136,180,91,89,821,511,310,699,273,426,799,440,359,554,375,179,335,231,104,135,66,69,10,7,3,74,71,3,245,65,180,23,7,16,177,44,133,32,6,26,13,8,5,245,65,180,23,7,16,177,44,133,32,6,26,13,8,5,0,0,0,0,0,0,0,0,0,0,0,0,0,0,0,721,344,377
29,93,Devarakonda,Nalgonda,30,Gundlapalle,577198,0000,VILLAGE,Bollanapalli,Rural,615,2716,1378,1338,378,197,181,471,249,222,1579,812,767,1105,724,381,1611,654,957,1462,757,705,1221,692,529,327,243,84,619,251,368,30,16,14,245,182,63,241,65,176,10,7,3,185,36,149,3,1,2,43,21,22,227,58,169,10,7,3,174,31,143,3,1,2,40,19,21,14,7,7,0,0,0,11,5,6,0,0,0,3,2,1,1254,621,633
29,93,Devarakonda,Nalgonda,30,Gundlapalle,577199,0000,VILLAGE,CherkuPalle,Rural,1128,5015,2607,2408,645,338,307,757,382,375,2460,1288,1172,2407,1566,841,2608,1041,1567,2654,1380,1274,2156,1207,949,686,457,229,1015,397,618,23,18,5,432,335,97,498,173,325,45,26,19,352,93,259,18,3,15,83,51,32,374,147,227,34,19,15,268,82,186,8,2,6,64,44,20,124,26,98,11,7,4,84,11,73,10,1,9,19,7,12,2361,1227,1134
29,93,Devarakonda,Nalgonda,30,Gundlapalle,577202,0000,VILLAGE,Gundlapalli,Rural,1102,5562,2447,3115,578,305,273,1203,461,742,576,174,402,3329,1554,1775,2233,893,1340,2369,1319,1050,2084,1249,835,347,204,143,419,169,250,104,50,54,1214,826,388,285,70,215,70,6,64,86,13,73,7,2,5,122,49,73,278,69,209,70,6,64,85,13,72,7,2,5,116,48,68,7,1,6,0,0,0,1,0,1,0,0,0,6,1,5,3193,1128,2065
29,93,Devarakonda,Nalgonda,30,Gundlapalle,577203,0000,VILLAGE,Gonakol,Rural,171,705,369,336,73,42,31,485,258,227,0,0,0,367,225,142,338,144,194,383,205,178,177,97,80,46,19,27,81,35,46,0,0,0,50,43,7,206,108,98,11,4,7,175,86,89,1,1,0,19,17,2,198,103,95,8,3,5,171,83,88,1,1,0,18,16,2,8,5,3,3,1,2,4,3,1,0,0,0,1,1,0,322,164,158
29,93,Devarakonda,Nalgonda,30,Gundlapalle,577204,0000,VILLAGE,Bogguladona,Rural,435,2080,1050,1030,308,164,144,256,130,126,1445,742,703,851,559,292,1229,491,738,1199,593,606,797,518,279,388,353,35,340,111,229,8,7,1,61,47,14,402,75,327,197,15,182,176,43,133,2,0,2,27,17,10,398,73,325,197,15,182,175,43,132,2,0,2,24,15,9,4,2,2,0,0,0,1,0,1,0,0,0,3,2,1,881,457,424
29,93,Devarakonda,Nalgonda,30,Gundlapalle,577206,0000,VILLAGE,Gonaboinapalle,Rural,1051,4502,2267,2235,646,327,319,724,360,364,928,468,460,1847,1203,644,2655,1064,1591,2824,1367,1457,1233,856,377,730,491,239,317,220,97,14,13,1,172,132,40,1591,511,1080,31,27,4,1335,363,972,47,3,44,178,118,60,1545,481,1064,28,25,3,1318,354,964,39,0,39,160,102,58,46,30,16,3,2,1,17,9,8,8,3,5,18,16,2,1678,900,778
29,93,Devarakonda,Nalgonda,30,Gundlapalle,577207,0000,VILLAGE,Kamadenigowraram,Rural,134,676,340,336,126,63,63,92,42,50,476,241,235,270,175,95,406,165,241,352,173,179,211,129,82,114,87,27,26,6,20,19,1,18,52,35,17,141,44,97,1,0,1,117,31,86,3,0,3,20,13,7,140,44,96,1,0,1,116,31,85,3,0,3,20,13,7,1,0,1,0,0,0,1,0,1,0,0,0,0,0,0,324,167,157
29,93,Devarakonda,Nalgonda,31,Chandampet,577208,0000,VILLAGE,Guntipalli,Rural,133,527,271,256,45,22,23,416,210,206,0,0,0,270,174,96,257,97,160,316,163,153,311,162,149,141,117,24,124,8,116,1,0,1,45,37,8,5,1,4,1,1,0,3,0,3,0,0,0,1,0,1,5,1,4,1,1,0,3,0,3,0,0,0,1,0,1,0,0,0,0,0,0,0,0,0,0,0,0,0,0,0,211,108,103
29,93,Devarakonda,Nalgonda,31,Chandampet,577209,0000,VILLAGE,Mududondla,Rural,535,2255,1156,1099,305,174,131,288,142,146,1302,681,621,967,635,332,1288,521,767,1333,654,679,929,581,348,355,242,113,392,211,181,10,5,5,172,123,49,404,73,331,10,2,8,215,37,178,112,17,95,67,17,50,397,71,326,8,0,8,212,37,175,112,17,95,65,17,48,7,2,5,2,2,0,3,0,3,0,0,0,2,0,2,922,502,420
29,93,Devarakonda,Nalgonda,31,Chandampet,577210,0000,VILLAGE,Achampet(P)Chandampet,Rural,130,648,330,318,87,37,50,0,0,0,648,330,318,187,145,42,461,185,276,347,164,183,345,163,182,334,158,176,2,0,2,2,1,1,7,4,3,2,1,1,2,1,1,0,0,0,0,0,0,0,0,0,2,1,1,2,1,1,0,0,0,0,0,0,0,0,0,0,0,0,0,0,0,0,0,0,0,0,0,0,0,0,301,166,135
29,93,Devarakonda,Nalgonda,31,Chandampet,577211,0000,VILLAGE,Chandampet,Rural,334,1630,638,992,142,58,84,222,121,101,106,60,46,913,372,541,717,266,451,634,351,283,554,342,212,226,154,72,90,28,62,3,0,3,235,160,75,80,9,71,7,5,2,73,4,69,0,0,0,0,0,0,80,9,71,7,5,2,73,4,69,0,0,0,0,0,0,0,0,0,0,0,0,0,0,0,0,0,0,0,0,0,996,287,709
29,93,Devarakonda,Nalgonda,31,Chandampet,577212,0000,VILLAGE,PolePalli,Rural,1138,4875,2492,2383,696,395,301,1030,515,515,2507,1327,1180,2165,1347,818,2710,1145,1565,2410,1307,1103,1590,944,646,570,408,162,658,276,382,31,26,5,331,234,97,820,363,457,89,46,43,680,276,404,9,4,5,42,37,5,769,329,440,87,45,42,656,266,390,6,2,4,20,16,4,51,34,17,2,1,1,24,10,14,3,2,1,22,21,1,2465,1185,1280
29,93,Devarakonda,Nalgonda,31,Chandampet,577213,0000,VILLAGE,Gagillapur,Rural,649,2798,1428,1370,409,214,195,478,236,242,1015,525,490,1107,715,392,1691,713,978,1538,841,697,1450,826,624,661,422,239,656,302,354,9,8,1,124,94,30,88,15,73,0,0,0,76,9,67,0,0,0,12,6,6,57,9,48,0,0,0,47,4,43,0,0,0,10,5,5,31,6,25,0,0,0,29,5,24,0,0,0,2,1,1,1260,587,673
29,93,Devarakonda,Nalgonda,27,Neredugommu,577214,0000,VILLAGE,Timmapuram,Rural,519,2022,1033,989,277,144,133,344,173,171,518,259,259,836,526,310,1186,507,679,1202,612,590,1014,527,487,487,283,204,463,194,269,13,8,5,51,42,9,188,85,103,4,3,1,19,6,13,4,0,4,161,76,85,26,11,15,4,3,1,13,5,8,0,0,0,9,3,6,162,74,88,0,0,0,6,1,5,4,0,4,152,73,79,820,421,399
29,93,Devarakonda,Nalgonda,27,Neredugommu,577215,0000,VILLAGE,Neradugommu,Rural,1207,5390,2804,2586,842,446,396,615,310,305,3236,1728,1508,1988,1293,695,3402,1511,1891,2969,1542,1427,2472,1415,1057,724,630,94,1362,487,875,30,20,10,356,278,78,497,127,370,37,5,32,342,48,294,4,1,3,114,73,41,472,122,350,35,4,31,323,46,277,3,1,2,111,71,40,25,5,20,2,1,1,19,2,17,1,0,1,3,2,1,2421,1262,1159
29,93,Devarakonda,Nalgonda,27,Neredugommu,577216,0000,VILLAGE,Kethepalli,Rural,189,780,426,354,118,74,44,62,35,27,629,344,285,270,193,77,510,233,277,358,196,162,355,194,161,203,145,58,130,31,99,2,1,1,20,17,3,3,2,1,0,0,0,2,1,1,0,0,0,1,1,0,3,2,1,0,0,0,2,1,1,0,0,0,1,1,0,0,0,0,0,0,0,0,0,0,0,0,0,0,0,0,422,230,192
29,93,Devarakonda,Nalgonda,27,Neredugommu,577217,0000,VILLAGE,Kothapalli,Rural,841,3377,1802,1575,447,257,190,295,158,137,2175,1188,987,1272,854,418,2105,948,1157,2053,1008,1045,2016,994,1022,668,513,155,1281,437,844,5,2,3,62,42,20,37,14,23,4,2,2,20,4,16,4,2,2,9,6,3,37,14,23,4,2,2,20,4,16,4,2,2,9,6,3,0,0,0,0,0,0,0,0,0,0,0,0,0,0,0,1324,794,530
29,93,Devarakonda,Nalgonda,27,Neredugommu,577218,0000,VILLAGE,Peddamunigal,Rural,827,3723,1957,1766,521,274,247,671,334,337,1464,801,663,1777,1129,648,1946,828,1118,1887,1044,843,1835,1026,809,590,345,245,762,305,457,7,3,4,476,373,103,52,18,34,9,4,5,10,1,9,2,1,1,31,12,19,48,17,31,8,3,5,8,1,7,2,1,1,30,12,18,4,1,3,1,1,0,2,0,2,0,0,0,1,0,1,1836,913,923
29,93,Devarakonda,Nalgonda,27,Neredugommu,577219,0000,VILLAGE,Batchapur,Rural,183,871,484,387,158,101,57,0,0,0,859,479,380,262,191,71,609,293,316,459,220,239,428,211,217,174,165,9,240,36,204,1,0,1,13,10,3,31,9,22,2,0,2,13,3,10,0,0,0,16,6,10,30,9,21,1,0,1,13,3,10,0,0,0,16,6,10,1,0,1,1,0,1,0,0,0,0,0,0,0,0,0,412,264,148
29,93,Devarakonda,Nalgonda,31,Chandampet,577220,0000,VILLAGE,Chitriyala,Rural,1024,4293,2254,2039,473,256,217,1057,565,492,750,392,358,2023,1248,775,2270,1006,1264,2610,1344,1266,2190,1146,1044,991,665,326,775,260,515,116,37,79,308,184,124,420,198,222,43,32,11,131,38,93,47,17,30,199,111,88,404,195,209,43,32,11,129,38,91,45,16,29,187,109,78,16,3,13,0,0,0,2,0,2,2,1,1,12,2,10,1683,910,773
29,93,Devarakonda,Nalgonda,31,Chandampet,577221,0000,VILLAGE,Murpunuthala,Rural,520,2165,1098,1067,269,145,124,262,128,134,806,424,382,913,560,353,1252,538,714,1243,633,610,1096,602,494,473,262,211,463,212,251,16,10,6,144,118,26,147,31,116,4,4,0,130,19,111,3,3,0,10,5,5,136,26,110,4,4,0,120,15,105,3,3,0,9,4,5,11,5,6,0,0,0,10,4,6,0,0,0,1,1,0,922,465,457
29,93,Devarakonda,Nalgonda,31,Chandampet,577222,0000,VILLAGE,Theldevarapalli,Rural,820,3543,1834,1709,531,285,246,418,202,216,2061,1097,964,1669,1023,646,1874,811,1063,1971,975,996,1685,854,831,897,481,416,527,237,290,125,43,82,136,93,43,286,121,165,17,6,11,129,52,77,55,19,36,85,44,41,261,113,148,15,6,9,121,49,72,47,17,30,78,41,37,25,8,17,2,0,2,8,3,5,8,2,6,7,3,4,1572,859,713
29,93,Devarakonda,Nalgonda,31,Chandampet,577223,0000,VILLAGE,Bollarampatti(Munagala),Rural,135,598,325,273,123,68,55,0,0,0,587,320,267,221,167,54,377,158,219,319,153,166,308,149,159,237,126,111,38,7,31,2,0,2,31,16,15,11,4,7,1,1,0,5,1,4,2,1,1,3,1,2,6,2,4,1,1,0,2,0,2,0,0,0,3,1,2,5,2,3,0,0,0,3,1,2,2,1,1,0,0,0,279,172,107
29,93,Devarakonda,Nalgonda,31,Chandampet,577224,0000,VILLAGE,RekulaGadda,Rural,294,1243,670,573,176,88,88,23,12,11,744,408,336,505,340,165,738,330,408,611,291,320,571,273,298,390,214,176,82,15,67,67,26,41,32,18,14,40,18,22,14,4,10,8,4,4,0,0,0,18,10,8,39,17,22,14,4,10,8,4,4,0,0,0,17,9,8,1,1,0,0,0,0,0,0,0,0,0,0,1,1,0,632,379,253
29,93,Devarakonda,Nalgonda,27,Neredugommu,577225,0000,VILLAGE,Dasarlapalli,Rural,63,263,159,104,23,16,7,0,0,0,263,159,104,115,79,36,148,80,68,213,122,91,198,114,84,162,93,69,5,2,3,8,5,3,23,14,9,15,8,7,6,2,4,0,0,0,0,0,0,9,6,3,15,8,7,6,2,4,0,0,0,0,0,0,9,6,3,0,0,0,0,0,0,0,0,0,0,0,0,0,0,0,50,37,13
29,93,Devarakonda,Nalgonda,27,Neredugommu,577226,0000,VILLAGE,KacharajPalli,Rural,504,2191,1181,1010,345,193,152,15,9,6,1537,854,683,835,563,272,1356,618,738,1235,608,627,723,460,263,292,219,73,382,205,177,19,14,5,30,22,8,512,148,364,43,8,35,436,124,312,15,9,6,18,7,11,418,145,273,42,8,34,348,123,225,13,8,5,15,6,9,94,3,91,1,0,1,88,1,87,2,1,1,3,1,2,956,573,383
29,93,Devarakonda,Nalgonda,31,Chandampet,577227,0000,VILLAGE,YalmalaManda,Rural,503,2087,1158,929,321,203,118,80,44,36,1929,1074,855,737,516,221,1350,642,708,1288,650,638,987,540,447,366,211,155,588,307,281,8,4,4,25,18,7,301,110,191,11,4,7,245,76,169,17,11,6,28,19,9,291,103,188,9,3,6,245,76,169,12,7,5,25,17,8,10,7,3,2,1,1,0,0,0,5,4,1,3,2,1,799,508,291
29,93,Devarakonda,Nalgonda,31,Chandampet,577228,0000,VILLAGE,Kambalapalli,Rural,1070,4474,2400,2074,581,317,264,481,257,224,1833,992,841,1540,1035,505,2934,1365,1569,2945,1548,1397,2231,1227,1004,658,459,199,1318,651,667,91,35,56,164,82,82,714,321,393,37,23,14,319,79,240,28,14,14,330,205,125,687,309,378,34,21,13,313,76,237,21,11,10,319,201,118,27,12,15,3,2,1,6,3,3,7,3,4,11,4,7,1529,852,677
29,93,Devarakonda,Nalgonda,31,Chandampet,577229,0000,VILLAGE,Rekulavalyam,Rural,57,211,116,95,31,16,15,86,49,37,45,21,24,52,38,14,159,78,81,131,66,65,119,60,59,29,16,13,89,43,46,1,1,0,0,0,0,12,6,6,1,1,0,0,0,0,0,0,0,11,5,6,12,6,6,1,1,0,0,0,0,0,0,0,11,5,6,0,0,0,0,0,0,0,0,0,0,0,0,0,0,0,80,50,30
29,93,Devarakonda,Nalgonda,31,Chandampet,577230,0000,VILLAGE,Pogilla,Rural,334,1444,771,673,216,123,93,61,32,29,650,355,295,477,321,156,967,450,517,1051,533,518,970,492,478,73,41,32,507,255,252,274,148,126,116,48,68,81,41,40,4,2,2,20,9,11,12,7,5,45,23,22,72,37,35,4,2,2,20,9,11,9,5,4,39,21,18,9,4,5,0,0,0,0,0,0,3,2,1,6,2,4,393,238,155
29,93,Devarakonda,Nalgonda,29,Devarakonda,577231,0000,VILLAGE,Gottimukkala,Rural,635,2766,1405,1361,366,175,191,314,156,158,1299,678,621,1121,699,422,1645,706,939,1520,764,756,1164,668,496,366,299,67,680,286,394,3,2,1,115,81,34,356,96,260,14,8,6,330,81,249,0,0,0,12,7,5,354,95,259,14,8,6,329,80,249,0,0,0,11,7,4,2,1,1,0,0,0,1,1,0,0,0,0,1,0,1,1246,641,605
29,93,Devarakonda,Nalgonda,29,Devarakonda,577232,0000,VILLAGE,Iddampalli,Rural,564,2257,1123,1134,240,122,118,738,352,386,7,4,3,1104,674,430,1153,449,704,1325,691,634,885,623,262,295,227,68,425,255,170,3,2,1,162,139,23,440,68,372,21,12,9,397,41,356,2,1,1,20,14,6,424,63,361,21,12,9,384,38,346,1,0,1,18,13,5,16,5,11,0,0,0,13,3,10,1,1,0,2,1,1,932,432,500
29,93,Devarakonda,Nalgonda,29,Devarakonda,577233,0000,VILLAGE,PadamatiPalli,Rural,665,2796,1416,1380,368,182,186,965,494,471,299,161,138,1311,827,484,1485,589,896,1466,775,691,1292,716,576,666,356,310,342,143,199,36,20,16,248,197,51,174,59,115,51,26,25,87,14,73,3,1,2,33,18,15,160,55,105,49,24,25,78,14,64,3,1,2,30,16,14,14,4,10,2,2,0,9,0,9,0,0,0,3,2,1,1330,641,689
29,93,Devarakonda,Nalgonda,29,Devarakonda,577234,0000,VILLAGE,Turupupalli,Rural,788,3254,1641,1613,455,246,209,796,382,414,1559,804,755,1510,951,559,1744,690,1054,1749,901,848,1689,882,807,672,423,249,625,185,440,15,9,6,377,265,112,60,19,41,4,1,3,32,7,25,5,4,1,19,7,12,56,16,40,4,1,3,30,6,24,4,3,1,18,6,12,4,3,1,0,0,0,2,1,1,1,1,0,1,1,0,1505,740,765
29,93,Devarakonda,Nalgonda,29,Devarakonda,577235,0000,VILLAGE,Kondabheemanapalli,Rural,1023,4302,2160,2142,649,344,305,565,284,281,2004,1001,1003,1742,1065,677,2560,1095,1465,2368,1188,1180,2153,1077,1076,425,233,192,1320,568,752,13,6,7,395,270,125,215,111,104,8,4,4,69,34,35,4,1,3,134,72,62,215,111,104,8,4,4,69,34,35,4,1,3,134,72,62,0,0,0,0,0,0,0,0,0,0,0,0,0,0,0,1934,972,962
29,93,Devarakonda,Nalgonda,29,Devarakonda,577236,0000,VILLAGE,Mudigonda,Rural,1443,6357,3177,3180,899,491,408,472,239,233,4173,2074,2099,2561,1582,979,3796,1595,2201,3475,1751,1724,2612,1406,1206,1289,805,484,862,256,606,18,10,8,443,335,108,863,345,518,123,103,20,654,192,462,6,3,3,80,47,33,475,161,314,50,35,15,357,93,264,6,3,3,62,30,32,388,184,204,73,68,5,297,99,198,0,0,0,18,17,1,2882,1426,1456
29,93,Devarakonda,Nalgonda,29,Devarakonda,577237,0000,VILLAGE,SerePalli,Rural,713,3019,1586,1433,382,221,161,147,80,67,2411,1274,1137,1327,850,477,1692,736,956,1597,810,787,1381,776,605,646,462,184,609,210,399,1,0,1,125,104,21,216,34,182,8,5,3,194,20,174,0,0,0,14,9,5,215,33,182,8,5,3,193,19,174,0,0,0,14,9,5,1,1,0,0,0,0,1,1,0,0,0,0,0,0,0,1422,776,646
29,93,Devarakonda,Nalgonda,28,Kondamallapally,577238,0000,VILLAGE,Chennaram,Rural,523,2407,1271,1136,355,193,162,65,35,30,2043,1079,964,1013,648,365,1394,623,771,1267,647,620,946,506,440,164,126,38,604,241,363,16,15,1,162,124,38,321,141,180,4,2,2,157,56,101,12,6,6,148,77,71,230,115,115,0,0,0,142,53,89,9,5,4,79,57,22,91,26,65,4,2,2,15,3,12,3,1,2,69,20,49,1140,624,516
29,93,Devarakonda,Nalgonda,28,Kondamallapally,577239,0000,VILLAGE,Yepoor,Rural,39,190,103,87,31,20,11,0,0,0,190,103,87,70,52,18,120,51,69,100,48,52,3,3,0,0,0,0,0,0,0,0,0,0,3,3,0,97,45,52,0,0,0,97,45,52,0,0,0,0,0,0,95,45,50,0,0,0,95,45,50,0,0,0,0,0,0,2,0,2,0,0,0,2,0,2,0,0,0,0,0,0,90,55,35
29,93,Devarakonda,Nalgonda,28,Kondamallapally,577240,0000,VILLAGE,KolmunthalPahad,Rural,782,3557,1806,1751,610,343,267,245,121,124,1948,991,957,1329,883,446,2228,923,1305,1729,893,836,1359,794,565,394,249,145,373,129,244,4,3,1,588,413,175,370,99,271,219,55,164,32,7,25,0,0,0,119,37,82,334,94,240,216,55,161,31,7,24,0,0,0,87,32,55,36,5,31,3,0,3,1,0,1,0,0,0,32,5,27,1828,913,915
29,93,Devarakonda,Nalgonda,28,Kondamallapally,577241,0000,VILLAGE,Gummadavelly,Rural,471,1962,1011,951,246,124,122,300,154,146,381,209,172,826,516,310,1136,495,641,1049,569,480,994,535,459,175,104,71,499,209,290,118,72,46,202,150,52,55,34,21,9,6,3,12,8,4,11,6,5,23,14,9,48,31,17,9,6,3,11,8,3,5,3,2,23,14,9,7,3,4,0,0,0,1,0,1,6,3,3,0,0,0,913,442,471
29,93,Devarakonda,Nalgonda,28,Kondamallapally,577242,0000,VILLAGE,ChinnaAdiserlapalli,Rural,337,1432,755,677,186,103,83,411,224,187,267,134,133,605,405,200,827,350,477,812,433,379,705,407,298,204,123,81,326,165,161,0,0,0,175,119,56,107,26,81,2,2,0,78,4,74,1,1,0,26,19,7,100,26,74,2,2,0,73,4,69,1,1,0,24,19,5,7,0,7,0,0,0,5,0,5,0,0,0,2,0,2,620,322,298
29,93,Devarakonda,Nalgonda,28,Kondamallapally,577243,0000,VILLAGE,Chintakuntla,Rural,851,3712,1870,1842,581,300,281,948,472,476,1054,560,494,1336,857,479,2376,1013,1363,1895,993,902,1878,983,895,203,162,41,1527,698,829,6,6,0,142,117,25,17,10,7,3,3,0,6,1,5,0,0,0,8,6,2,15,8,7,3,3,0,6,1,5,0,0,0,6,4,2,2,2,0,0,0,0,0,0,0,0,0,0,2,2,0,1817,877,940
29,93,Devarakonda,Nalgonda,28,Kondamallapally,577244,0000,VILLAGE,Doniyala,Rural,314,1413,688,725,164,78,86,304,152,152,162,95,67,778,438,340,635,250,385,714,364,350,504,331,173,59,47,12,188,89,99,1,1,0,256,194,62,210,33,177,0,0,0,202,32,170,4,0,4,4,1,3,163,19,144,0,0,0,159,19,140,1,0,1,3,0,3,47,14,33,0,0,0,43,13,30,3,0,3,1,1,0,699,324,375
29,93,Devarakonda,Nalgonda,28,Kondamallapally,577245,0000,VILLAGE,Gazinagar,Rural,654,3124,1645,1479,429,235,194,262,135,127,2483,1315,1168,1279,878,401,1845,767,1078,1645,824,821,1504,785,719,194,163,31,1089,441,648,5,3,2,216,178,38,141,39,102,7,5,2,104,15,89,1,1,0,29,18,11,131,36,95,7,5,2,98,14,84,0,0,0,26,17,9,10,3,7,0,0,0,6,1,5,1,1,0,3,1,2,1479,821,658
29,93,Devarakonda,Nalgonda,29,Devarakonda,577247,0000,VILLAGE,Kommepalli,Rural,291,1276,645,631,159,78,81,233,124,109,218,109,109,530,336,194,746,309,437,799,405,394,457,313,144,203,165,38,163,77,86,3,1,2,88,70,18,342,92,250,33,14,19,283,61,222,13,6,7,13,11,2,323,87,236,26,11,15,273,61,212,13,6,7,11,9,2,19,5,14,7,3,4,10,0,10,0,0,0,2,2,0,477,240,237
29,93,Devarakonda,Nalgonda,29,Devarakonda,577248,0000,VILLAGE,Tatikole,Rural,1501,6418,3222,3196,815,403,412,854,431,423,397,197,200,2824,1740,1084,3594,1482,2112,3566,1825,1741,3072,1626,1446,932,671,261,1564,518,1046,30,24,6,546,413,133,494,199,295,24,18,6,332,90,242,41,18,23,97,73,24,471,192,279,24,18,6,317,84,233,34,17,17,96,73,23,23,7,16,0,0,0,15,6,9,7,1,6,1,0,1,2852,1397,1455
29,93,Devarakonda,Nalgonda,29,Devarakonda,577249,0000,VILLAGE,Kacharam,Rural,175,710,367,343,107,54,53,242,120,122,50,26,24,248,159,89,462,208,254,422,210,212,420,209,211,230,115,115,125,40,85,5,2,3,60,52,8,2,1,1,0,0,0,0,0,0,0,0,0,2,1,1,2,1,1,0,0,0,0,0,0,0,0,0,2,1,1,0,0,0,0,0,0,0,0,0,0,0,0,0,0,0,288,157,131
29,93,Devarakonda,Nalgonda,29,Devarakonda,577250,0000,VILLAGE,Mynampalle,Rural,464,2037,1058,979,304,157,147,224,117,107,1557,804,753,934,632,302,1103,426,677,1112,560,552,771,398,373,356,187,169,312,128,184,3,2,1,100,81,19,341,162,179,45,23,22,197,88,109,5,2,3,94,49,45,324,157,167,45,23,22,181,84,97,5,2,3,93,48,45,17,5,12,0,0,0,16,4,12,0,0,0,1,1,0,925,498,427
29,93,Devarakonda,Nalgonda,29,Devarakonda,577251,0000,VILLAGE,Madmadka,Rural,372,1650,846,804,243,141,102,96,48,48,1097,562,535,518,343,175,1132,503,629,943,461,482,416,273,143,196,171,25,158,52,106,7,6,1,55,44,11,527,188,339,14,11,3,481,155,326,13,9,4,19,13,6,485,182,303,14,11,3,441,150,291,11,8,3,19,13,6,42,6,36,0,0,0,40,5,35,2,1,1,0,0,0,707,385,322
29,93,Devarakonda,Nalgonda,29,Devarakonda,577252,0000,VILLAGE,Shakavally,Rural,140,534,276,258,73,41,32,84,42,42,0,0,0,233,143,90,301,133,168,312,161,151,293,157,136,10,7,3,236,118,118,18,8,10,29,24,5,19,4,15,0,0,0,11,1,10,6,1,5,2,2,0,18,4,14,0,0,0,11,1,10,5,1,4,2,2,0,1,0,1,0,0,0,0,0,0,1,0,1,0,0,0,222,115,107
29,93,Devarakonda,Nalgonda,28,Kondamallapally,577253,0000,VILLAGE,Pendlipakala,Rural,681,2841,1465,1376,430,243,187,276,145,131,1545,814,731,1203,802,401,1638,663,975,1448,780,668,1357,754,603,283,251,32,935,392,543,3,3,0,136,108,28,91,26,65,1,1,0,66,8,58,1,1,0,23,16,7,84,25,59,0,0,0,63,8,55,1,1,0,20,16,4,7,1,6,1,1,0,3,0,3,0,0,0,3,0,3,1393,685,708
29,93,Devarakonda,Nalgonda,28,Kondamallapally,577254,0000,VILLAGE,Atchampet,Rural,51,219,115,104,38,15,23,0,0,0,219,115,104,79,62,17,140,53,87,94,56,38,94,56,38,36,36,0,44,9,35,0,0,0,14,11,3,0,0,0,0,0,0,0,0,0,0,0,0,0,0,0,0,0,0,0,0,0,0,0,0,0,0,0,0,0,0,0,0,0,0,0,0,0,0,0,0,0,0,0,0,0,125,59,66
29,93,Devarakonda,Nalgonda,28,Kondamallapally,577255,0000,VILLAGE,Vardhamaniguda,Rural,70,333,173,160,46,24,22,0,0,0,203,100,103,156,106,50,177,67,110,128,95,33,126,95,31,46,46,0,55,28,27,0,0,0,25,21,4,2,0,2,0,0,0,1,0,1,0,0,0,1,0,1,1,0,1,0,0,0,1,0,1,0,0,0,0,0,0,1,0,1,0,0,0,0,0,0,0,0,0,1,0,1,205,78,127
29,93,Devarakonda,Nalgonda,28,Kondamallapally,577256,0000,VILLAGE,ChannamneniPalli,Rural,268,1164,572,592,137,62,75,171,81,90,549,280,269,505,313,192,659,259,400,679,347,332,675,344,331,405,198,207,209,94,115,2,0,2,59,52,7,4,3,1,1,0,1,1,1,0,0,0,0,2,2,0,4,3,1,1,0,1,1,1,0,0,0,0,2,2,0,0,0,0,0,0,0,0,0,0,0,0,0,0,0,0,485,225,260
29,93,Devarakonda,Nalgonda,28,Kondamallapally,577257,0000,VILLAGE,Fakeerpoor,Rural,59,240,126,114,30,15,15,31,17,14,0,0,0,130,85,45,110,41,69,139,71,68,138,70,68,127,62,65,1,0,1,2,2,0,8,6,2,1,1,0,0,0,0,0,0,0,0,0,0,1,1,0,1,1,0,0,0,0,0,0,0,0,0,0,1,1,0,0,0,0,0,0,0,0,0,0,0,0,0,0,0,0,101,55,46
29,93,Devarakonda,Nalgonda,14,Nampalle,577260,0000,VILLAGE,Hydelapur,Rural,39,185,99,86,24,12,12,10,6,4,0,0,0,88,56,32,97,43,54,120,67,53,115,63,52,104,56,48,9,5,4,0,0,0,2,2,0,5,4,1,1,1,0,1,0,1,0,0,0,3,3,0,5,4,1,1,1,0,1,0,1,0,0,0,3,3,0,0,0,0,0,0,0,0,0,0,0,0,0,0,0,0,65,32,33
29,93,Devarakonda,Nalgonda,14,Nampalle,577261,0000,VILLAGE,Swamulavari Lingotam,Rural,503,2057,1031,1026,238,122,116,289,140,149,93,53,40,846,547,299,1211,484,727,1259,615,644,1247,610,637,208,111,97,986,464,522,2,1,1,51,34,17,12,5,7,3,0,3,8,5,3,0,0,0,1,0,1,12,5,7,3,0,3,8,5,3,0,0,0,1,0,1,0,0,0,0,0,0,0,0,0,0,0,0,0,0,0,798,416,382
29,93,Devarakonda,Nalgonda,14,Nampalle,577263,0000,VILLAGE,Damera,Rural,495,1963,1024,939,297,151,146,611,328,283,67,37,30,806,520,286,1157,504,653,1157,586,571,1120,572,548,972,507,465,108,38,70,0,0,0,40,27,13,37,14,23,8,2,6,24,10,14,0,0,0,5,2,3,32,12,20,7,2,5,20,8,12,0,0,0,5,2,3,5,2,3,1,0,1,4,2,2,0,0,0,0,0,0,806,438,368
29,93,Devarakonda,Nalgonda,14,Nampalle,577264,0000,VILLAGE,NerallaPalli,Rural,395,1603,799,804,213,107,106,358,171,187,48,24,24,631,376,255,972,423,549,860,434,426,839,424,415,226,181,45,524,180,344,8,5,3,81,58,23,21,10,11,3,2,1,8,3,5,0,0,0,10,5,5,20,9,11,3,2,1,7,2,5,0,0,0,10,5,5,1,1,0,0,0,0,1,1,0,0,0,0,0,0,0,743,365,378
29,93,Devarakonda,Nalgonda,14,Nampalle,577265,0000,VILLAGE,KundellaTirumalagiri,Rural,14,44,28,16,5,4,1,0,0,0,1,1,0,12,10,2,32,18,14,25,17,8,25,17,8,12,12,0,13,5,8,0,0,0,0,0,0,0,0,0,0,0,0,0,0,0,0,0,0,0,0,0,0,0,0,0,0,0,0,0,0,0,0,0,0,0,0,0,0,0,0,0,0,0,0,0,0,0,0,0,0,0,19,11,8
29,91,Nalgonda,Nalgonda,11,Chandur,577266,0000,VILLAGE,Chamalapalli,Rural,365,1472,718,754,181,82,99,239,114,125,0,0,0,661,407,254,811,311,500,916,458,458,893,450,443,273,195,78,563,219,344,16,11,5,41,25,16,23,8,15,0,0,0,17,6,11,0,0,0,6,2,4,23,8,15,0,0,0,17,6,11,0,0,0,6,2,4,0,0,0,0,0,0,0,0,0,0,0,0,0,0,0,556,260,296
29,93,Devarakonda,Nalgonda,14,Nampalle,577267,0000,VILLAGE,Ganugupalle,Rural,163,667,338,329,73,34,39,197,100,97,81,39,42,311,191,120,356,147,209,417,218,199,413,216,197,102,101,1,261,75,186,18,15,3,32,25,7,4,2,2,0,0,0,1,0,1,0,0,0,3,2,1,4,2,2,0,0,0,1,0,1,0,0,0,3,2,1,0,0,0,0,0,0,0,0,0,0,0,0,0,0,0,250,120,130
29,93,Devarakonda,Nalgonda,14,Nampalle,577268,0000,VILLAGE,Mohamadapur,Rural,396,1550,781,769,180,91,89,356,179,177,0,0,0,748,438,310,802,343,459,800,452,348,601,358,243,286,174,112,215,107,108,11,6,5,89,71,18,199,94,105,3,2,1,174,76,98,1,1,0,21,15,6,199,94,105,3,2,1,174,76,98,1,1,0,21,15,6,0,0,0,0,0,0,0,0,0,0,0,0,0,0,0,750,329,421
29,93,Devarakonda,Nalgonda,14,Nampalle,577269,0000,VILLAGE,Peddapur,Rural,1070,4374,2234,2140,647,333,314,536,268,268,1347,713,634,1656,1045,611,2718,1189,1529,2418,1248,1170,2318,1222,1096,721,548,173,1145,361,784,59,23,36,393,290,103,100,26,74,3,2,1,82,17,65,3,1,2,12,6,6,93,25,68,2,2,0,79,16,63,2,1,1,10,6,4,7,1,6,1,0,1,3,1,2,1,0,1,2,0,2,1956,986,970
29,93,Devarakonda,Nalgonda,14,Nampalle,577270,0000,VILLAGE,Nampalle,Rural,833,3784,1766,2018,352,184,168,919,379,540,40,21,19,2283,1187,1096,1501,579,922,1562,927,635,1496,898,598,244,167,77,770,356,414,63,43,20,419,332,87,66,29,37,2,0,2,35,14,21,7,5,2,22,10,12,55,21,34,2,0,2,25,7,18,6,4,2,22,10,12,11,8,3,0,0,0,10,7,3,1,1,0,0,0,0,2222,839,1383
29,93,Devarakonda,Nalgonda,14,Nampalle,577271,0000,VILLAGE,Chittampahad,Rural,263,1061,532,529,120,59,61,346,166,180,0,0,0,577,352,225,484,180,304,525,278,247,525,278,247,150,126,24,303,96,207,1,1,0,71,55,16,0,0,0,0,0,0,0,0,0,0,0,0,0,0,0,0,0,0,0,0,0,0,0,0,0,0,0,0,0,0,0,0,0,0,0,0,0,0,0,0,0,0,0,0,0,536,254,282
29,93,Devarakonda,Nalgonda,14,Nampalle,577272,0000,VILLAGE,Vaddepalli,Rural,283,1133,565,568,154,77,77,405,204,201,0,0,0,471,308,163,662,257,405,654,322,332,491,246,245,189,109,80,243,86,157,7,7,0,52,44,8,163,76,87,21,12,9,139,63,76,0,0,0,3,1,2,115,51,64,0,0,0,113,50,63,0,0,0,2,1,1,48,25,23,21,12,9,26,13,13,0,0,0,1,0,1,479,243,236
29,93,Devarakonda,Nalgonda,14,Nampalle,577273,0000,VILLAGE,TungapathiGouraram,Rural,454,1890,961,929,270,129,141,344,174,170,3,1,2,814,525,289,1076,436,640,1054,544,510,984,511,473,475,273,202,391,151,240,24,16,8,94,71,23,70,33,37,11,4,7,36,14,22,1,1,0,22,14,8,61,28,33,11,4,7,28,10,18,0,0,0,22,14,8,9,5,4,0,0,0,8,4,4,1,1,0,0,0,0,836,417,419
29,93,Devarakonda,Nalgonda,14,Nampalle,577274,0000,VILLAGE,Mallaprajpalli,Rural,325,1326,667,659,160,76,84,316,163,153,0,0,0,606,394,212,720,273,447,784,366,418,741,354,387,328,218,110,370,103,267,5,4,1,38,29,9,43,12,31,9,7,2,30,3,27,1,1,0,3,1,2,39,9,30,7,5,2,29,3,26,1,1,0,2,0,2,4,3,1,2,2,0,1,0,1,0,0,0,1,1,0,542,301,241
29,93,Devarakonda,Nalgonda,14,Nampalle,577275,0000,VILLAGE,Tirumalagiri,Rural,250,1118,563,555,133,77,56,309,148,161,0,0,0,505,317,188,613,246,367,603,325,278,597,320,277,224,130,94,304,139,165,3,3,0,66,48,18,6,5,1,1,1,0,3,2,1,0,0,0,2,2,0,5,4,1,1,1,0,3,2,1,0,0,0,1,1,0,1,1,0,0,0,0,0,0,0,0,0,0,1,1,0,515,238,277
29,93,Devarakonda,Nalgonda,14,Nampalle,577276,0000,VILLAGE,Kethpalli(P)Pasnoor,Rural,196,819,413,406,101,47,54,309,143,166,0,0,0,348,218,130,471,195,276,432,226,206,155,116,39,34,25,9,84,62,22,4,4,0,33,25,8,277,110,167,10,4,6,251,99,152,2,1,1,14,6,8,251,102,149,10,4,6,227,92,135,0,0,0,14,6,8,26,8,18,0,0,0,24,7,17,2,1,1,0,0,0,387,187,200
29,93,Devarakonda,Nalgonda,14,Nampalle,577277,0000,VILLAGE,GhatlaMallaPalle,Rural,323,1282,635,647,157,75,82,326,158,168,0,0,0,605,375,230,677,260,417,700,377,323,674,369,305,234,171,63,339,115,224,25,19,6,76,64,12,26,8,18,3,2,1,18,4,14,0,0,0,5,2,3,23,6,17,3,2,1,16,3,13,0,0,0,4,1,3,3,2,1,0,0,0,2,1,1,0,0,0,1,1,0,582,258,324
29,93,Devarakonda,Nalgonda,14,Nampalle,577278,0000,VILLAGE,Thumalpalli,Rural,259,1160,597,563,155,89,66,414,214,200,0,0,0,550,332,218,610,265,345,597,334,263,485,313,172,135,131,4,339,175,164,0,0,0,11,7,4,112,21,91,5,4,1,103,17,86,4,0,4,0,0,0,112,21,91,5,4,1,103,17,86,4,0,4,0,0,0,0,0,0,0,0,0,0,0,0,0,0,0,0,0,0,563,263,300
29,93,Devarakonda,Nalgonda,14,Nampalle,577279,0000,VILLAGE,Medlavai,Rural,402,1720,902,818,220,116,104,327,167,160,4,1,3,733,485,248,987,417,570,919,479,440,251,199,52,101,79,22,70,52,18,1,1,0,79,67,12,668,280,388,10,3,7,447,171,276,2,1,1,209,105,104,663,277,386,10,3,7,446,170,276,1,1,0,206,103,103,5,3,2,0,0,0,1,1,0,1,0,1,3,2,1,801,423,378
29,93,Devarakonda,Nalgonda,14,Nampalle,577280,0000,VILLAGE,Pasnoor,Rural,1042,4258,2146,2112,602,302,300,768,369,399,1070,556,514,1655,1056,599,2603,1090,1513,2320,1215,1105,2143,1133,1010,215,142,73,1633,749,884,20,11,9,275,231,44,177,82,95,15,10,5,109,40,69,4,3,1,49,29,20,170,79,91,14,10,4,104,38,66,4,3,1,48,28,20,7,3,4,1,0,1,5,2,3,0,0,0,1,1,0,1938,931,1007
29,93,Devarakonda,Nalgonda,14,Nampalle,577281,0000,VILLAGE,Sharabhapur,Rural,77,345,170,175,51,26,25,118,59,59,0,0,0,148,85,63,197,85,112,180,86,94,175,85,90,107,55,52,51,16,35,0,0,0,17,14,3,5,1,4,0,0,0,2,1,1,0,0,0,3,0,3,4,1,3,0,0,0,2,1,1,0,0,0,2,0,2,1,0,1,0,0,0,0,0,0,0,0,0,1,0,1,165,84,81
29,93,Devarakonda,Nalgonda,14,Nampalle,577282,0000,VILLAGE,Fakirpur,Rural,126,507,235,272,72,31,41,172,78,94,0,0,0,198,100,98,309,135,174,284,147,137,283,147,136,111,60,51,160,77,83,0,0,0,12,10,2,1,0,1,0,0,0,1,0,1,0,0,0,0,0,0,1,0,1,0,0,0,1,0,1,0,0,0,0,0,0,0,0,0,0,0,0,0,0,0,0,0,0,0,0,0,223,88,135
29,93,Devarakonda,Nalgonda,14,Nampalle,577283,0000,VILLAGE,Rebelli,Rural,243,1027,537,490,87,56,31,163,87,76,51,22,29,557,339,218,470,198,272,578,329,249,573,328,245,134,118,16,355,143,212,16,11,5,68,56,12,5,1,4,1,1,0,4,0,4,0,0,0,0,0,0,5,1,4,1,1,0,4,0,4,0,0,0,0,0,0,0,0,0,0,0,0,0,0,0,0,0,0,0,0,0,449,208,241
29,93,Devarakonda,Nalgonda,14,Nampalle,577284,0000,VILLAGE,BandaThimmapur,Rural,162,691,345,346,95,44,51,139,70,69,0,0,0,308,189,119,383,156,227,394,196,198,359,190,169,157,112,45,176,63,113,0,0,0,26,15,11,35,6,29,1,1,0,30,3,27,2,1,1,2,1,1,32,5,27,1,1,0,27,2,25,2,1,1,2,1,1,3,1,2,0,0,0,3,1,2,0,0,0,0,0,0,297,149,148
29,93,Devarakonda,Nalgonda,14,Nampalle,577285,0000,VILLAGE,Sunkishala,Rural,138,591,309,282,82,38,44,174,87,87,0,0,0,275,178,97,316,131,185,364,187,177,363,187,176,50,32,18,300,144,156,0,0,0,13,11,2,1,0,1,0,0,0,1,0,1,0,0,0,0,0,0,1,0,1,0,0,0,1,0,1,0,0,0,0,0,0,0,0,0,0,0,0,0,0,0,0,0,0,0,0,0,227,122,105
29,93,Devarakonda,Nalgonda,14,Nampalle,577286,0000,VILLAGE,Devethpalli,Rural,404,1727,884,843,216,118,98,391,197,194,505,264,241,823,503,320,904,381,523,930,479,451,559,355,204,416,253,163,27,14,13,9,9,0,107,79,28,371,124,247,1,0,1,302,78,224,7,6,1,61,40,21,365,123,242,1,0,1,296,77,219,7,6,1,61,40,21,6,1,5,0,0,0,6,1,5,0,0,0,0,0,0,797,405,392
29,93,Devarakonda,Nalgonda,14,Nampalle,577287,0000,VILLAGE,Mustipalli,Rural,611,2566,1318,1248,359,192,167,282,145,137,1042,534,508,1080,709,371,1486,609,877,1447,737,710,948,522,426,540,355,185,276,67,209,4,4,0,128,96,32,499,215,284,11,7,4,418,157,261,5,4,1,65,47,18,496,214,282,11,7,4,416,156,260,5,4,1,64,47,17,3,1,2,0,0,0,2,1,1,0,0,0,1,0,1,1119,581,538
29,93,Devarakonda,Nalgonda,14,Nampalle,577288,0000,VILLAGE,Pagidipalle,Rural,85,327,166,161,44,21,23,58,29,29,1,0,1,121,75,46,206,91,115,186,97,89,97,53,44,91,48,43,0,0,0,0,0,0,6,5,1,89,44,45,2,2,0,84,40,44,0,0,0,3,2,1,89,44,45,2,2,0,84,40,44,0,0,0,3,2,1,0,0,0,0,0,0,0,0,0,0,0,0,0,0,0,141,69,72
29,91,Nalgonda,Nalgonda,32,Gattuppal,577289,0000,VILLAGE,Ghattuppal,Rural,1405,6346,3344,3002,588,299,289,600,338,262,209,131,78,3983,2423,1560,2363,921,1442,2931,1722,1209,2878,1712,1166,97,71,26,836,401,435,319,187,132,1626,1053,573,53,10,43,3,1,2,9,3,6,0,0,0,41,6,35,50,7,43,3,1,2,8,2,6,0,0,0,39,4,35,3,3,0,0,0,0,1,1,0,0,0,0,2,2,0,3415,1622,1793
29,91,Nalgonda,Nalgonda,32,Gattuppal,577290,0000,VILLAGE,Theratpalle,Rural,945,3781,1893,1888,421,216,205,469,223,246,30,17,13,2013,1183,830,1768,710,1058,2090,1087,1003,2076,1079,997,471,262,209,1091,473,618,115,65,50,399,279,120,14,8,6,2,1,1,2,1,1,0,0,0,10,6,4,13,8,5,2,1,1,2,1,1,0,0,0,9,6,3,1,0,1,0,0,0,0,0,0,0,0,0,1,0,1,1691,806,885
29,91,Nalgonda,Nalgonda,11,Chandur,577291,0000,VILLAGE,Kondapuram,Rural,492,1936,997,939,214,120,94,592,301,291,1,1,0,947,577,370,989,420,569,826,529,297,711,513,198,263,215,48,236,104,132,13,13,0,199,181,18,115,16,99,39,3,36,61,9,52,2,0,2,13,4,9,114,15,99,39,3,36,60,8,52,2,0,2,13,4,9,1,1,0,0,0,0,1,1,0,0,0,0,0,0,0,1110,468,642
29,91,Nalgonda,Nalgonda,11,Chandur,577292,0000,VILLAGE,Pullemla,Rural,675,2670,1362,1308,291,151,140,361,188,173,22,13,9,1344,824,520,1326,538,788,1374,759,615,1352,748,604,262,184,78,917,414,503,7,7,0,166,143,23,22,11,11,1,1,0,18,8,10,0,0,0,3,2,1,21,11,10,1,1,0,17,8,9,0,0,0,3,2,1,1,0,1,0,0,0,1,0,1,0,0,0,0,0,0,1296,603,693
29,91,Nalgonda,Nalgonda,11,Chandur,577293,0000,VILLAGE,Bodangiparthy,Rural,331,1313,668,645,151,85,66,229,123,106,22,11,11,670,392,278,643,276,367,670,352,318,620,325,295,145,71,74,296,117,179,1,0,1,178,137,41,50,27,23,2,2,0,10,2,8,1,1,0,37,22,15,49,27,22,2,2,0,10,2,8,1,1,0,36,22,14,1,0,1,0,0,0,0,0,0,0,0,0,1,0,1,643,316,327
29,91,Nalgonda,Nalgonda,11,Chandur,577294,0000,VILLAGE,Kumandaniguda,Rural,142,618,306,312,70,33,37,304,142,162,0,0,0,366,216,150,252,90,162,295,153,142,287,151,136,65,35,30,162,67,95,0,0,0,60,49,11,8,2,6,1,0,1,3,0,3,0,0,0,4,2,2,6,1,5,1,0,1,2,0,2,0,0,0,3,1,2,2,1,1,0,0,0,1,0,1,0,0,0,1,1,0,323,153,170
29,91,Nalgonda,Nalgonda,11,Chandur,577295,0000,VILLAGE,Sirdepalle,Rural,298,1230,607,623,120,54,66,217,102,115,0,0,0,618,362,256,612,245,367,732,371,361,724,368,356,173,86,87,450,200,250,2,2,0,99,80,19,8,3,5,1,0,1,7,3,4,0,0,0,0,0,0,6,2,4,1,0,1,5,2,3,0,0,0,0,0,0,2,1,1,0,0,0,2,1,1,0,0,0,0,0,0,498,236,262
29,91,Nalgonda,Nalgonda,11,Chandur,577296,0000,VILLAGE,Idikuda,Rural,501,2147,1117,1030,287,159,128,328,175,153,0,0,0,1010,617,393,1137,500,637,1139,607,532,946,556,390,156,125,31,655,316,339,17,11,6,118,104,14,193,51,142,3,2,1,179,43,136,1,1,0,10,5,5,193,51,142,3,2,1,179,43,136,1,1,0,10,5,5,0,0,0,0,0,0,0,0,0,0,0,0,0,0,0,1008,510,498
29,91,Nalgonda,Nalgonda,11,Chandur,577297,0000,VILLAGE,Nermeta,Rural,476,1796,876,920,191,97,94,400,181,219,0,0,0,849,496,353,947,380,567,986,523,463,974,518,456,249,148,101,658,314,344,0,0,0,67,56,11,12,5,7,0,0,0,8,3,5,0,0,0,4,2,2,12,5,7,0,0,0,8,3,5,0,0,0,4,2,2,0,0,0,0,0,0,0,0,0,0,0,0,0,0,0,810,353,457
29,91,Nalgonda,Nalgonda,11,Chandur,577298,0000,VILLAGE,Donipamula,Rural,697,2792,1416,1376,325,165,160,986,506,480,4,2,2,1377,870,507,1415,546,869,1458,761,697,1277,726,551,189,131,58,823,368,455,3,1,2,262,226,36,181,35,146,2,0,2,120,12,108,0,0,0,59,23,36,176,32,144,2,0,2,118,12,106,0,0,0,56,20,36,5,3,2,0,0,0,2,0,2,0,0,0,3,3,0,1334,655,679
29,91,Nalgonda,Nalgonda,11,Chandur,577299,0000,VILLAGE,Bangarigadda,Rural,759,2907,1491,1416,324,172,152,422,221,201,96,45,51,1458,913,545,1449,578,871,1540,846,694,1518,837,681,264,204,60,973,397,576,41,24,17,240,212,28,22,9,13,0,0,0,12,3,9,0,0,0,10,6,4,19,8,11,0,0,0,10,3,7,0,0,0,9,5,4,3,1,2,0,0,0,2,0,2,0,0,0,1,1,0,1367,645,722
29,91,Nalgonda,Nalgonda,11,Chandur,577300,0000,VILLAGE,Thummalapalle,Rural,427,1547,736,811,191,94,97,525,249,276,0,0,0,720,414,306,827,322,505,862,434,428,845,426,419,256,167,89,446,152,294,3,2,1,140,105,35,17,8,9,2,2,0,11,3,8,0,0,0,4,3,1,16,8,8,2,2,0,10,3,7,0,0,0,4,3,1,1,0,1,0,0,0,1,0,1,0,0,0,0,0,0,685,302,383
29,91,Nalgonda,Nalgonda,11,Chandur,577301,0000,VILLAGE,Gundrepalle,Rural,476,1897,961,936,204,110,94,630,325,305,0,0,0,952,584,368,945,377,568,1018,556,462,938,539,399,157,117,40,515,190,325,11,7,4,255,225,30,80,17,63,2,0,2,64,9,55,0,0,0,14,8,6,76,17,59,2,0,2,61,9,52,0,0,0,13,8,5,4,0,4,0,0,0,3,0,3,0,0,0,1,0,1,879,405,474
29,91,Nalgonda,Nalgonda,11,Chandur,577302,0000,VILLAGE,Angadipeta,Rural,522,2009,1045,964,200,113,87,400,220,180,22,12,10,1133,699,434,876,346,530,1067,588,479,995,572,423,146,95,51,416,150,266,104,63,41,329,264,65,72,16,56,1,0,1,55,7,48,4,0,4,12,9,3,60,15,45,1,0,1,45,7,38,3,0,3,11,8,3,12,1,11,0,0,0,10,0,10,1,0,1,1,1,0,942,457,485
29,91,Nalgonda,Nalgonda,11,Chandur,577303,0000,VILLAGE,Kasthala,Rural,776,2858,1441,1417,274,134,140,627,310,317,0,0,0,1479,892,587,1379,549,830,1608,850,758,1593,847,746,464,299,165,884,342,542,1,0,1,244,206,38,15,3,12,1,0,1,8,2,6,1,0,1,5,1,4,14,3,11,1,0,1,8,2,6,1,0,1,4,1,3,1,0,1,0,0,0,0,0,0,0,0,0,1,0,1,1250,591,659
29,91,Nalgonda,Nalgonda,11,Chandur,577304,0000,VILLAGE,Udathalpalli,Rural,566,2139,1113,1026,260,136,124,104,52,52,5,2,3,883,567,316,1256,546,710,1298,662,636,1255,646,609,104,81,23,1068,505,563,8,6,2,75,54,21,43,16,27,3,1,2,31,11,20,2,0,2,7,4,3,42,16,26,3,1,2,30,11,19,2,0,2,7,4,3,1,0,1,0,0,0,1,0,1,0,0,0,0,0,0,841,451,390
29,91,Nalgonda,Nalgonda,09,Kangal,577306,0000,VILLAGE,Regatla,Rural,1155,4699,2403,2296,500,258,242,1401,670,731,12,6,6,2481,1516,965,2218,887,1331,2627,1373,1254,2061,1229,832,390,343,47,1343,655,688,24,12,12,304,219,85,566,144,422,15,4,11,519,122,397,6,3,3,26,15,11,451,87,364,12,2,10,411,68,343,3,2,1,25,15,10,115,57,58,3,2,1,108,54,54,3,1,2,1,0,1,2072,1030,1042
29,91,Nalgonda,Nalgonda,09,Kangal,577307,0000,VILLAGE,Ponugode,Rural,899,3528,1790,1738,358,192,166,475,241,234,49,30,19,1753,1102,651,1775,688,1087,2037,1054,983,1860,1005,855,349,217,132,1360,670,690,26,12,14,125,106,19,177,49,128,5,2,3,140,31,109,16,3,13,16,13,3,160,43,117,5,2,3,129,29,100,13,2,11,13,10,3,17,6,11,0,0,0,11,2,9,3,1,2,3,3,0,1491,736,755
29,91,Nalgonda,Nalgonda,09,Kangal,577308,0000,VILLAGE,Gaddamvari Yadavally,Rural,1399,5542,2797,2745,611,316,295,814,393,421,75,29,46,2862,1748,1114,2680,1049,1631,3170,1609,1561,2988,1566,1422,478,359,119,2133,932,1201,68,38,30,309,237,72,182,43,139,22,12,10,129,24,105,9,0,9,22,7,15,131,22,109,14,7,7,94,10,84,5,0,5,18,5,13,51,21,30,8,5,3,35,14,21,4,0,4,4,2,2,2372,1188,1184
29,91,Nalgonda,Nalgonda,09,Kangal,577309,0000,VILLAGE,Shahabdulla Pur,Rural,223,851,433,418,91,54,37,194,88,106,0,0,0,419,250,169,432,183,249,433,237,196,433,237,196,86,64,22,281,133,148,60,38,22,6,2,4,0,0,0,0,0,0,0,0,0,0,0,0,0,0,0,0,0,0,0,0,0,0,0,0,0,0,0,0,0,0,0,0,0,0,0,0,0,0,0,0,0,0,0,0,0,418,196,222
29,91,Nalgonda,Nalgonda,09,Kangal,577310,0000,VILLAGE,Pagidimarri,Rural,534,2081,1070,1011,210,107,103,305,166,139,0,0,0,1160,720,440,921,350,571,1109,616,493,1078,603,475,467,334,133,454,135,319,27,24,3,130,110,20,31,13,18,4,2,2,14,6,8,1,0,1,12,5,7,29,12,17,3,1,2,14,6,8,1,0,1,11,5,6,2,1,1,1,1,0,0,0,0,0,0,0,1,0,1,972,454,518
29,91,Nalgonda,Nalgonda,09,Kangal,577311,0000,VILLAGE,Dorepalle,Rural,457,1849,953,896,218,121,97,438,218,220,0,0,0,922,550,372,927,403,524,1012,525,487,778,471,307,293,251,42,342,99,243,3,3,0,140,118,22,234,54,180,40,14,26,160,25,135,1,1,0,33,14,19,202,44,158,37,13,24,136,21,115,0,0,0,29,10,19,32,10,22,3,1,2,24,4,20,1,1,0,4,4,0,837,428,409
29,91,Nalgonda,Nalgonda,08,Nalgonda,577312,0000,VILLAGE,Chennaram,Rural,291,1151,596,555,138,72,66,178,92,86,0,0,0,574,345,229,577,251,326,625,327,298,586,317,269,128,110,18,288,76,212,1,1,0,169,130,39,39,10,29,9,5,4,22,3,19,0,0,0,8,2,6,37,10,27,8,5,3,21,3,18,0,0,0,8,2,6,2,0,2,1,0,1,1,0,1,0,0,0,0,0,0,526,269,257
29,91,Nalgonda,Nalgonda,09,Kangal,577313,0000,VILLAGE,Derveshpur,Rural,393,1552,794,758,198,112,86,375,193,182,5,2,3,841,520,321,711,274,437,852,453,399,765,429,336,175,104,71,297,104,193,4,3,1,289,218,71,87,24,63,13,0,13,37,7,30,1,1,0,36,16,20,81,20,61,13,0,13,34,6,28,1,1,0,33,13,20,6,4,2,0,0,0,3,1,2,0,0,0,3,3,0,700,341,359
29,91,Nalgonda,Nalgonda,09,Kangal,577314,0000,VILLAGE,Cherla Gouraram,Rural,611,2547,1305,1242,324,175,149,312,162,150,245,139,106,1274,787,487,1273,518,755,1415,756,659,1304,734,570,187,119,68,621,212,409,12,8,4,484,395,89,111,22,89,5,1,4,86,14,72,0,0,0,20,7,13,110,21,89,5,1,4,86,14,72,0,0,0,19,6,13,1,1,0,0,0,0,0,0,0,0,0,0,1,1,0,1132,549,583
29,91,Nalgonda,Nalgonda,09,Kangal,577315,0000,VILLAGE,Parvathagiril,Rural,441,1804,925,879,215,117,98,270,130,140,124,64,60,1013,607,406,791,318,473,941,496,445,488,296,192,139,109,30,130,26,104,0,0,0,219,161,58,453,200,253,25,20,5,175,34,141,3,2,1,250,144,106,448,197,251,25,20,5,173,33,140,3,2,1,247,142,105,5,3,2,0,0,0,2,1,1,0,0,0,3,2,1,863,429,434
29,91,Nalgonda,Nalgonda,09,Kangal,577316,0000,VILLAGE,Boinapalle,Rural,251,1010,536,474,112,58,54,322,162,160,6,4,2,535,349,186,475,187,288,555,299,256,551,297,254,99,72,27,394,179,215,4,3,1,54,43,11,4,2,2,0,0,0,4,2,2,0,0,0,0,0,0,2,1,1,0,0,0,2,1,1,0,0,0,0,0,0,2,1,1,0,0,0,2,1,1,0,0,0,0,0,0,455,237,218
29,91,Nalgonda,Nalgonda,09,Kangal,577317,0000,VILLAGE,Budemerla Palle,Rural,242,978,494,484,117,66,51,215,105,110,0,0,0,464,278,186,514,216,298,554,279,275,472,260,212,134,92,42,295,133,162,8,7,1,35,28,7,82,19,63,1,0,1,66,9,57,2,1,1,13,9,4,55,11,44,1,0,1,47,6,41,0,0,0,7,5,2,27,8,19,0,0,0,19,3,16,2,1,1,6,4,2,424,215,209
29,91,Nalgonda,Nalgonda,09,Kangal,577318,0000,VILLAGE,Kangal,Rural,1721,7010,3600,3410,894,445,449,1587,822,765,209,111,98,3762,2325,1437,3248,1275,1973,3852,2072,1780,3597,1947,1650,697,477,220,2119,879,1240,65,38,27,716,553,163,255,125,130,4,3,1,200,100,100,7,0,7,44,22,22,118,38,80,4,3,1,78,18,60,5,0,5,31,17,14,137,87,50,0,0,0,122,82,40,2,0,2,13,5,8,3158,1528,1630
29,91,Nalgonda,Nalgonda,09,Kangal,577319,0000,VILLAGE,Turka Palle,Rural,266,1052,541,511,125,72,53,330,172,158,0,0,0,538,317,221,514,224,290,648,327,321,621,315,306,130,77,53,475,230,245,5,1,4,11,7,4,27,12,15,0,0,0,4,1,3,1,0,1,22,11,11,27,12,15,0,0,0,4,1,3,1,0,1,22,11,11,0,0,0,0,0,0,0,0,0,0,0,0,0,0,0,404,214,190
29,91,Nalgonda,Nalgonda,09,Kangal,577320,0000,VILLAGE,Hydlapur,Rural,112,381,185,196,31,14,17,162,79,83,0,0,0,170,104,66,211,81,130,210,102,108,98,90,8,77,75,2,5,5,0,4,3,1,12,7,5,112,12,100,0,0,0,110,11,99,1,0,1,1,1,0,112,12,100,0,0,0,110,11,99,1,0,1,1,1,0,0,0,0,0,0,0,0,0,0,0,0,0,0,0,0,171,83,88
29,91,Nalgonda,Nalgonda,09,Kangal,577321,0000,VILLAGE,Gouraram,Rural,208,918,481,437,88,49,39,202,102,100,0,0,0,446,278,168,472,203,269,531,289,242,527,289,238,194,182,12,283,65,218,3,3,0,47,39,8,4,0,4,0,0,0,4,0,4,0,0,0,0,0,0,4,0,4,0,0,0,4,0,4,0,0,0,0,0,0,0,0,0,0,0,0,0,0,0,0,0,0,0,0,0,387,192,195
29,91,Nalgonda,Nalgonda,09,Kangal,577322,0000,VILLAGE,Mularam,Rural,117,486,251,235,66,31,35,162,80,82,0,0,0,221,133,88,265,118,147,294,149,145,264,134,130,2,2,0,256,127,129,0,0,0,6,5,1,30,15,15,0,0,0,8,5,3,0,0,0,22,10,12,30,15,15,0,0,0,8,5,3,0,0,0,22,10,12,0,0,0,0,0,0,0,0,0,0,0,0,0,0,0,192,102,90
29,91,Nalgonda,Nalgonda,09,Kangal,577323,0000,VILLAGE,Bommepalle,Rural,91,390,202,188,64,33,31,112,57,55,0,0,0,179,112,67,211,90,121,224,116,108,181,100,81,81,81,0,92,15,77,1,1,0,7,3,4,43,16,27,1,1,0,40,15,25,0,0,0,2,0,2,26,9,17,1,1,0,25,8,17,0,0,0,0,0,0,17,7,10,0,0,0,15,7,8,0,0,0,2,0,2,166,86,80
29,91,Nalgonda,Nalgonda,09,Kangal,577324,0000,VILLAGE,Serilingotam,Rural,166,726,392,334,62,39,23,106,56,50,0,0,0,393,251,142,333,141,192,366,216,150,364,215,149,147,105,42,167,65,102,4,4,0,46,41,5,2,1,1,0,0,0,0,0,0,0,0,0,2,1,1,2,1,1,0,0,0,0,0,0,0,0,0,2,1,1,0,0,0,0,0,0,0,0,0,0,0,0,0,0,0,360,176,184
29,91,Nalgonda,Nalgonda,09,Kangal,577325,0000,VILLAGE,Chetla Chennaram,Rural,469,1670,833,837,157,79,78,181,88,93,0,0,0,815,498,317,855,335,520,970,491,479,964,488,476,530,289,241,316,111,205,4,1,3,114,87,27,6,3,3,1,1,0,3,1,2,1,0,1,1,1,0,5,3,2,1,1,0,3,1,2,0,0,0,1,1,0,1,0,1,0,0,0,0,0,0,1,0,1,0,0,0,700,342,358
29,91,Nalgonda,Nalgonda,09,Kangal,577326,0000,VILLAGE,Narsimhapur,Rural,13,60,30,30,5,3,2,21,12,9,0,0,0,34,18,16,26,12,14,29,16,13,29,16,13,11,10,1,16,5,11,0,0,0,2,1,1,0,0,0,0,0,0,0,0,0,0,0,0,0,0,0,0,0,0,0,0,0,0,0,0,0,0,0,0,0,0,0,0,0,0,0,0,0,0,0,0,0,0,0,0,0,31,14,17
29,91,Nalgonda,Nalgonda,08,Nalgonda,577327,0000,VILLAGE,Thorgal,Rural,326,1263,640,623,154,74,80,320,164,156,0,0,0,677,404,273,586,236,350,683,352,331,552,313,239,184,131,53,295,122,173,1,1,0,72,59,13,131,39,92,10,5,5,110,27,83,0,0,0,11,7,4,116,33,83,7,4,3,101,25,76,0,0,0,8,4,4,15,6,9,3,1,2,9,2,7,0,0,0,3,3,0,580,288,292
29,91,Nalgonda,Nalgonda,09,Kangal,577328,0000,VILLAGE,Mangenapalle,Rural,16,52,27,25,4,2,2,6,3,3,0,0,0,27,18,9,25,9,16,26,15,11,16,15,1,12,12,0,3,2,1,0,0,0,1,1,0,10,0,10,0,0,0,10,0,10,0,0,0,0,0,0,8,0,8,0,0,0,8,0,8,0,0,0,0,0,0,2,0,2,0,0,0,2,0,2,0,0,0,0,0,0,26,12,14
29,91,Nalgonda,Nalgonda,09,Kangal,577329,0000,VILLAGE,Jangamai Guda,Rural,69,271,140,131,35,21,14,29,12,17,0,0,0,128,75,53,143,65,78,141,77,64,69,64,5,41,41,0,11,10,1,0,0,0,17,13,4,72,13,59,0,0,0,64,7,57,1,0,1,7,6,1,68,12,56,0,0,0,61,6,55,0,0,0,7,6,1,4,1,3,0,0,0,3,1,2,1,0,1,0,0,0,130,63,67
29,91,Nalgonda,Nalgonda,09,Kangal,577330,0000,VILLAGE,Irugantipalle,Rural,161,651,326,325,73,37,36,279,134,145,0,0,0,355,204,151,296,122,174,348,194,154,347,194,153,117,85,32,172,64,108,21,13,8,37,32,5,1,0,1,0,0,0,0,0,0,0,0,0,1,0,1,1,0,1,0,0,0,0,0,0,0,0,0,1,0,1,0,0,0,0,0,0,0,0,0,0,0,0,0,0,0,303,132,171
29,91,Nalgonda,Nalgonda,09,Kangal,577331,0000,VILLAGE,Chinna Madharam,Rural,377,1507,769,738,139,67,72,249,119,130,7,3,4,849,509,340,658,260,398,779,425,354,729,409,320,269,237,32,331,76,255,2,0,2,127,96,31,50,16,34,1,1,0,24,4,20,5,1,4,20,10,10,37,12,25,1,1,0,18,3,15,3,0,3,15,8,7,13,4,9,0,0,0,6,1,5,2,1,1,5,2,3,728,344,384
29,93,Devarakonda,Nalgonda,15,Gurrampode,577332,0000,VILLAGE,Pochampalle,Rural,457,1887,974,913,212,127,85,255,133,122,0,0,0,958,581,377,929,393,536,1083,583,500,982,536,446,326,195,131,520,230,290,14,10,4,122,101,21,101,47,54,36,20,16,59,23,36,1,1,0,5,3,2,66,28,38,25,12,13,35,12,23,1,1,0,5,3,2,35,19,16,11,8,3,24,11,13,0,0,0,0,0,0,804,391,413
29,93,Devarakonda,Nalgonda,15,Gurrampode,577333,0000,VILLAGE,Mulakalapalli,Rural,118,469,223,246,69,32,37,19,10,9,0,0,0,246,140,106,223,83,140,284,142,142,283,142,141,15,9,6,260,127,133,0,0,0,8,6,2,1,0,1,0,0,0,1,0,1,0,0,0,0,0,0,1,0,1,0,0,0,1,0,1,0,0,0,0,0,0,0,0,0,0,0,0,0,0,0,0,0,0,0,0,0,185,81,104
29,93,Devarakonda,Nalgonda,15,Gurrampode,577334,0000,VILLAGE,Kondapur,Rural,20,101,50,51,15,11,4,9,6,3,0,0,0,22,8,14,79,42,37,75,34,41,75,34,41,0,0,0,75,34,41,0,0,0,0,0,0,0,0,0,0,0,0,0,0,0,0,0,0,0,0,0,0,0,0,0,0,0,0,0,0,0,0,0,0,0,0,0,0,0,0,0,0,0,0,0,0,0,0,0,0,0,26,16,10
29,93,Devarakonda,Nalgonda,15,Gurrampode,577335,0000,VILLAGE,Chamled,Rural,813,3396,1734,1662,349,168,181,761,395,366,46,24,22,1833,1127,706,1563,607,956,1891,994,897,1868,987,881,520,306,214,970,392,578,66,40,26,312,249,63,23,7,16,0,0,0,15,3,12,4,2,2,4,2,2,20,4,16,0,0,0,15,3,12,2,0,2,3,1,2,3,3,0,0,0,0,0,0,0,2,2,0,1,1,0,1505,740,765
29,93,Devarakonda,Nalgonda,15,Gurrampode,577336,0000,VILLAGE,Vattikode,Rural,518,2137,1080,1057,267,140,127,503,261,242,0,0,0,1004,602,402,1133,478,655,1061,594,467,1059,593,466,238,190,48,629,259,370,13,6,7,179,138,41,2,1,1,0,0,0,0,0,0,0,0,0,2,1,1,2,1,1,0,0,0,0,0,0,0,0,0,2,1,1,0,0,0,0,0,0,0,0,0,0,0,0,0,0,0,1076,486,590
29,93,Devarakonda,Nalgonda,15,Gurrampode,577337,0000,VILLAGE,Koppole,Rural,1439,5658,2845,2813,668,343,325,1334,669,665,67,40,27,2811,1693,1118,2847,1152,1695,3264,1705,1559,3166,1668,1498,1204,691,513,1586,709,877,93,49,44,283,219,64,98,37,61,1,0,1,24,6,18,1,0,1,72,31,41,91,36,55,1,0,1,19,5,14,1,0,1,70,31,39,7,1,6,0,0,0,5,1,4,0,0,0,2,0,2,2394,1140,1254
29,93,Devarakonda,Nalgonda,15,Gurrampode,577338,0000,VILLAGE,Nadikuda,Rural,441,1853,916,937,241,133,108,492,244,248,4,2,2,843,472,371,1010,444,566,991,494,497,803,476,327,309,187,122,427,236,191,15,10,5,52,43,9,188,18,170,11,2,9,174,16,158,1,0,1,2,0,2,188,18,170,11,2,9,174,16,158,1,0,1,2,0,2,0,0,0,0,0,0,0,0,0,0,0,0,0,0,0,862,422,440
29,93,Devarakonda,Nalgonda,15,Gurrampode,577339,0000,VILLAGE,Bollaram,Rural,255,1050,505,545,139,63,76,576,285,291,60,28,32,547,315,232,503,190,313,534,284,250,297,253,44,114,110,4,100,71,29,1,1,0,82,71,11,237,31,206,8,3,5,214,18,196,1,0,1,14,10,4,182,19,163,8,3,5,169,12,157,1,0,1,4,4,0,55,12,43,0,0,0,45,6,39,0,0,0,10,6,4,516,221,295
29,93,Devarakonda,Nalgonda,15,Gurrampode,577340,0000,VILLAGE,Amlur,Rural,183,771,399,372,95,47,48,105,51,54,0,0,0,379,234,145,392,165,227,465,234,231,463,232,231,203,102,101,228,112,116,7,4,3,25,14,11,2,2,0,0,0,0,1,1,0,0,0,0,1,1,0,2,2,0,0,0,0,1,1,0,0,0,0,1,1,0,0,0,0,0,0,0,0,0,0,0,0,0,0,0,0,306,165,141
29,93,Devarakonda,Nalgonda,15,Gurrampode,577341,0000,VILLAGE,Gurrampode,Rural,717,3061,1547,1514,354,173,181,503,246,257,103,63,40,1695,1000,695,1366,547,819,1387,826,561,1382,826,556,430,279,151,548,214,334,36,25,11,368,308,60,5,0,5,3,0,3,2,0,2,0,0,0,0,0,0,5,0,5,3,0,3,2,0,2,0,0,0,0,0,0,0,0,0,0,0,0,0,0,0,0,0,0,0,0,0,1674,721,953
29,93,Devarakonda,Nalgonda,15,Gurrampode,577342,0000,VILLAGE,Tenepalli,Rural,534,2457,1259,1198,320,171,149,345,171,174,506,267,239,1056,649,407,1401,610,791,1386,724,662,1346,714,632,208,114,94,1035,521,514,18,12,6,85,67,18,40,10,30,3,2,1,26,5,21,4,0,4,7,3,4,33,8,25,3,2,1,24,4,20,0,0,0,6,2,4,7,2,5,0,0,0,2,1,1,4,0,4,1,1,0,1071,535,536
29,93,Devarakonda,Nalgonda,15,Gurrampode,577343,0000,VILLAGE,Ootlapalle,Rural,187,880,436,444,115,50,65,82,35,47,0,0,0,449,267,182,431,169,262,485,268,217,457,256,201,54,34,20,381,206,175,0,0,0,22,16,6,28,12,16,2,0,2,5,1,4,0,0,0,21,11,10,28,12,16,2,0,2,5,1,4,0,0,0,21,11,10,0,0,0,0,0,0,0,0,0,0,0,0,0,0,0,395,168,227
29,93,Devarakonda,Nalgonda,15,Gurrampode,577344,0000,VILLAGE,Sulthanpur,Rural,252,1020,494,526,140,74,66,150,68,82,0,0,0,461,259,202,559,235,324,588,285,303,585,284,301,280,159,121,244,78,166,0,0,0,61,47,14,3,1,2,0,0,0,3,1,2,0,0,0,0,0,0,2,1,1,0,0,0,2,1,1,0,0,0,0,0,0,1,0,1,0,0,0,1,0,1,0,0,0,0,0,0,432,209,223
29,93,Devarakonda,Nalgonda,15,Gurrampode,577345,0000,VILLAGE,Chinthagudam,Rural,85,336,163,173,26,15,11,25,14,11,0,0,0,198,109,89,138,54,84,199,107,92,199,107,92,153,84,69,34,17,17,0,0,0,12,6,6,0,0,0,0,0,0,0,0,0,0,0,0,0,0,0,0,0,0,0,0,0,0,0,0,0,0,0,0,0,0,0,0,0,0,0,0,0,0,0,0,0,0,0,0,0,137,56,81
29,93,Devarakonda,Nalgonda,15,Gurrampode,577346,0000,VILLAGE,Shagazipur,Rural,190,770,391,379,121,62,59,273,137,136,0,0,0,322,193,129,448,198,250,444,226,218,408,210,198,110,69,41,208,73,135,0,0,0,90,68,22,36,16,20,6,3,3,26,10,16,0,0,0,4,3,1,26,12,14,3,1,2,22,10,12,0,0,0,1,1,0,10,4,6,3,2,1,4,0,4,0,0,0,3,2,1,326,165,161
29,93,Devarakonda,Nalgonda,15,Gurrampode,577347,0000,VILLAGE,Kalwapalli,Rural,245,1039,529,510,141,73,68,168,91,77,0,0,0,508,309,199,531,220,311,554,305,249,409,284,125,158,110,48,182,113,69,0,0,0,69,61,8,145,21,124,1,1,0,141,18,123,0,0,0,3,2,1,143,20,123,1,1,0,139,17,122,0,0,0,3,2,1,2,1,1,0,0,0,2,1,1,0,0,0,0,0,0,485,224,261
29,93,Devarakonda,Nalgonda,15,Gurrampode,577348,0000,VILLAGE,Palwai,Rural,785,3132,1561,1571,397,198,199,590,289,301,19,10,9,1502,900,602,1630,661,969,1417,854,563,1390,842,548,565,377,188,666,336,330,4,2,2,155,127,28,27,12,15,0,0,0,14,5,9,3,1,2,10,6,4,26,12,14,0,0,0,13,5,8,3,1,2,10,6,4,1,0,1,0,0,0,1,0,1,0,0,0,0,0,0,1715,707,1008
29,93,Devarakonda,Nalgonda,15,Gurrampode,577349,0000,VILLAGE,ParlaPalli,Rural,45,203,103,100,24,17,7,61,30,31,0,0,0,61,37,24,142,66,76,137,66,71,137,66,71,44,22,22,84,38,46,0,0,0,9,6,3,0,0,0,0,0,0,0,0,0,0,0,0,0,0,0,0,0,0,0,0,0,0,0,0,0,0,0,0,0,0,0,0,0,0,0,0,0,0,0,0,0,0,0,0,0,66,37,29
29,93,Devarakonda,Nalgonda,15,Gurrampode,577350,0000,VILLAGE,Makkapalli,Rural,247,1082,548,534,112,42,70,294,145,149,0,0,0,516,337,179,566,211,355,697,366,331,694,364,330,166,91,75,509,263,246,1,1,0,18,9,9,3,2,1,1,0,1,2,2,0,0,0,0,0,0,0,3,2,1,1,0,1,2,2,0,0,0,0,0,0,0,0,0,0,0,0,0,0,0,0,0,0,0,0,0,0,385,182,203
29,93,Devarakonda,Nalgonda,15,Gurrampode,577351,0000,VILLAGE,Mailapur,Rural,183,750,361,389,84,36,48,88,41,47,0,0,0,440,257,183,310,104,206,439,218,221,437,217,220,99,49,50,321,155,166,1,1,0,16,12,4,2,1,1,0,0,0,0,0,0,0,0,0,2,1,1,2,1,1,0,0,0,0,0,0,0,0,0,2,1,1,0,0,0,0,0,0,0,0,0,0,0,0,0,0,0,311,143,168
29,93,Devarakonda,Nalgonda,15,Gurrampode,577352,0000,VILLAGE,Junuthla,Rural,473,2022,1033,989,282,137,145,311,165,146,679,351,328,822,527,295,1200,506,694,1073,579,494,1052,574,478,282,180,102,677,322,355,1,1,0,92,71,21,21,5,16,0,0,0,15,1,14,0,0,0,6,4,2,20,5,15,0,0,0,14,1,13,0,0,0,6,4,2,1,0,1,0,0,0,1,0,1,0,0,0,0,0,0,949,454,495
29,93,Devarakonda,Nalgonda,15,Gurrampode,577353,0000,VILLAGE,Thanedarpalli,Rural,529,2155,1094,1061,276,134,142,552,264,288,120,68,52,1085,673,412,1070,421,649,1288,678,610,749,458,291,197,169,28,404,186,218,5,5,0,143,98,45,539,220,319,24,10,14,388,128,260,23,21,2,104,61,43,408,157,251,22,10,12,314,97,217,7,6,1,65,44,21,131,63,68,2,0,2,74,31,43,16,15,1,39,17,22,867,416,451
29,93,Devarakonda,Nalgonda,15,Gurrampode,577354,0000,VILLAGE,Kacharram(p)Koppole,Rural,173,744,372,372,112,53,59,83,34,49,0,0,0,326,197,129,418,175,243,435,222,213,433,221,212,28,14,14,215,103,112,0,0,0,190,104,86,2,1,1,0,0,0,2,1,1,0,0,0,0,0,0,2,1,1,0,0,0,2,1,1,0,0,0,0,0,0,0,0,0,0,0,0,0,0,0,0,0,0,0,0,0,309,150,159
29,93,Devarakonda,Nalgonda,15,Gurrampode,577355,0000,VILLAGE,Pallepahad,Rural,94,399,200,199,59,28,31,168,88,80,0,0,0,168,100,68,231,100,131,205,110,95,205,110,95,32,28,4,156,69,87,0,0,0,17,13,4,0,0,0,0,0,0,0,0,0,0,0,0,0,0,0,0,0,0,0,0,0,0,0,0,0,0,0,0,0,0,0,0,0,0,0,0,0,0,0,0,0,0,0,0,0,194,90,104
29,93,Devarakonda,Nalgonda,15,Gurrampode,577356,0000,VILLAGE,Chepur,Rural,985,3918,1998,1920,458,235,223,730,375,355,30,12,18,1815,1120,695,2103,878,1225,2367,1211,1156,2163,1179,984,469,389,80,1510,657,853,8,5,3,176,128,48,204,32,172,14,9,5,178,13,165,0,0,0,12,10,2,194,30,164,11,8,3,171,12,159,0,0,0,12,10,2,10,2,8,3,1,2,7,1,6,0,0,0,0,0,0,1551,787,764
29,93,Devarakonda,Nalgonda,15,Gurrampode,577357,0000,VILLAGE,Kothlapur,Rural,153,542,290,252,84,54,30,154,85,69,0,0,0,234,148,86,308,142,166,321,158,163,318,158,160,38,32,6,264,113,151,0,0,0,16,13,3,3,0,3,0,0,0,1,0,1,0,0,0,2,0,2,1,0,1,0,0,0,1,0,1,0,0,0,0,0,0,2,0,2,0,0,0,0,0,0,0,0,0,2,0,2,221,132,89
29,93,Devarakonda,Nalgonda,15,Gurrampode,577358,0000,VILLAGE,Mosangi,Rural,400,1448,719,729,152,73,79,555,278,277,4,2,2,676,429,247,772,290,482,891,434,457,880,431,449,295,197,98,531,194,337,2,2,0,52,38,14,11,3,8,0,0,0,8,2,6,0,0,0,3,1,2,11,3,8,0,0,0,8,2,6,0,0,0,3,1,2,0,0,0,0,0,0,0,0,0,0,0,0,0,0,0,557,285,272
29,93,Devarakonda,Nalgonda,26,Pedda_adiserlapalle,577359,0000,VILLAGE,Surepalli,Rural,110,417,205,212,45,22,23,128,61,67,0,0,0,210,115,95,207,90,117,199,113,86,198,113,85,105,72,33,77,31,46,2,2,0,14,8,6,1,0,1,0,0,0,1,0,1,0,0,0,0,0,0,1,0,1,0,0,0,1,0,1,0,0,0,0,0,0,0,0,0,0,0,0,0,0,0,0,0,0,0,0,0,218,92,126
29,93,Devarakonda,Nalgonda,26,Pedda_adiserlapalle,577360,0000,VILLAGE,Chilkamarry,Rural,254,1103,537,566,111,58,53,217,101,116,126,65,61,607,337,270,496,200,296,568,303,265,536,280,256,139,77,62,319,147,172,21,10,11,57,46,11,32,23,9,0,0,0,14,10,4,3,0,3,15,13,2,31,22,9,0,0,0,13,9,4,3,0,3,15,13,2,1,1,0,0,0,0,1,1,0,0,0,0,0,0,0,535,234,301
29,93,Devarakonda,Nalgonda,26,Pedda_adiserlapalle,577361,0000,VILLAGE,Rollakal,Rural,141,546,282,264,48,32,16,131,72,59,0,0,0,273,165,108,273,117,156,307,164,143,293,160,133,77,74,3,180,61,119,4,0,4,32,25,7,14,4,10,1,0,1,12,4,8,1,0,1,0,0,0,11,3,8,1,0,1,9,3,6,1,0,1,0,0,0,3,1,2,0,0,0,3,1,2,0,0,0,0,0,0,239,118,121
29,93,Devarakonda,Nalgonda,26,Pedda_adiserlapalle,577362,0000,VILLAGE,Gudipalli,Rural,802,3227,1653,1574,364,189,175,763,401,362,38,26,12,1776,1090,686,1451,563,888,1684,890,794,1297,742,555,713,399,314,344,168,176,39,23,16,201,152,49,387,148,239,6,3,3,346,125,221,1,1,0,34,19,15,371,143,228,6,3,3,334,123,211,0,0,0,31,17,14,16,5,11,0,0,0,12,2,10,1,1,0,3,2,1,1543,763,780
29,93,Devarakonda,Nalgonda,26,Pedda_adiserlapalle,577363,0000,VILLAGE,Keshamnenipalli,Rural,318,1385,714,671,222,109,113,0,0,0,1242,644,598,449,286,163,936,428,508,881,441,440,881,441,440,321,183,138,520,231,289,2,1,1,38,26,12,0,0,0,0,0,0,0,0,0,0,0,0,0,0,0,0,0,0,0,0,0,0,0,0,0,0,0,0,0,0,0,0,0,0,0,0,0,0,0,0,0,0,0,0,0,504,273,231
29,93,Devarakonda,Nalgonda,26,Pedda_adiserlapalle,577364,0000,VILLAGE,Ghanpalli,Rural,159,625,319,306,77,34,43,195,98,97,0,0,0,280,175,105,345,144,201,355,187,168,355,187,168,120,87,33,194,69,125,0,0,0,41,31,10,0,0,0,0,0,0,0,0,0,0,0,0,0,0,0,0,0,0,0,0,0,0,0,0,0,0,0,0,0,0,0,0,0,0,0,0,0,0,0,0,0,0,0,0,0,270,132,138
29,93,Devarakonda,Nalgonda,26,Pedda_adiserlapalle,577365,0000,VILLAGE,Bheemanapalli,Rural,493,1984,992,992,218,99,119,463,234,229,0,0,0,957,599,358,1027,393,634,1211,605,606,1209,604,605,595,321,274,550,247,303,8,4,4,56,32,24,2,1,1,0,0,0,0,0,0,0,0,0,2,1,1,2,1,1,0,0,0,0,0,0,0,0,0,2,1,1,0,0,0,0,0,0,0,0,0,0,0,0,0,0,0,773,387,386
29,93,Devarakonda,Nalgonda,26,Pedda_adiserlapalle,577366,0000,VILLAGE,Polkampalli,Rural,291,1131,577,554,110,55,55,328,168,160,2,2,0,629,388,241,502,189,313,710,351,359,348,248,100,218,191,27,115,47,68,2,1,1,13,9,4,362,103,259,68,27,41,291,73,218,3,3,0,0,0,0,362,103,259,68,27,41,291,73,218,3,3,0,0,0,0,0,0,0,0,0,0,0,0,0,0,0,0,0,0,0,421,226,195
29,93,Devarakonda,Nalgonda,26,Pedda_adiserlapalle,577367,0000,VILLAGE,Ghanpur,Rural,408,1671,834,837,223,106,117,448,223,225,2,2,0,748,450,298,923,384,539,1054,527,527,918,506,412,384,261,123,465,191,274,26,23,3,43,31,12,136,21,115,14,5,9,97,9,88,10,3,7,15,4,11,132,20,112,14,5,9,96,9,87,9,2,7,13,4,9,4,1,3,0,0,0,1,0,1,1,1,0,2,0,2,617,307,310
29,93,Devarakonda,Nalgonda,26,Pedda_adiserlapalle,577368,0000,VILLAGE,Madhapur,Rural,469,1898,971,927,248,133,115,313,154,159,841,434,407,826,540,286,1072,431,641,998,497,501,979,484,495,651,320,331,237,97,140,17,12,5,74,55,19,19,13,6,14,9,5,4,3,1,0,0,0,1,1,0,19,13,6,14,9,5,4,3,1,0,0,0,1,1,0,0,0,0,0,0,0,0,0,0,0,0,0,0,0,0,900,474,426
29,93,Devarakonda,Nalgonda,26,Pedda_adiserlapalle,577369,0000,VILLAGE,Ghatnemilipur,Rural,136,571,268,303,83,34,49,159,76,83,236,108,128,282,156,126,289,112,177,319,153,166,276,129,147,73,69,4,194,53,141,4,3,1,5,4,1,43,24,19,2,2,0,10,1,9,6,2,4,25,19,6,27,14,13,2,2,0,10,1,9,4,1,3,11,10,1,16,10,6,0,0,0,0,0,0,2,1,1,14,9,5,252,115,137
29,93,Devarakonda,Nalgonda,26,Pedda_adiserlapalle,577370,0000,VILLAGE,Medaram,Rural,806,3125,1568,1557,392,205,187,407,204,203,50,26,24,1685,1002,683,1440,566,874,1658,868,790,1282,730,552,469,354,115,648,240,408,2,1,1,163,135,28,376,138,238,35,9,26,312,107,205,3,1,2,26,21,5,374,138,236,34,9,25,311,107,204,3,1,2,26,21,5,2,0,2,1,0,1,1,0,1,0,0,0,0,0,0,1467,700,767
29,93,Devarakonda,Nalgonda,26,Pedda_adiserlapalle,577371,0000,VILLAGE,Tirumalagiri,Rural,420,1719,861,858,253,125,128,220,113,107,0,0,0,798,479,319,921,382,539,988,491,497,823,463,360,267,188,79,449,194,255,2,1,1,105,80,25,165,28,137,11,6,5,143,18,125,1,0,1,10,4,6,160,27,133,11,6,5,142,18,124,0,0,0,7,3,4,5,1,4,0,0,0,1,0,1,1,0,1,3,1,2,731,370,361
29,93,Devarakonda,Nalgonda,26,Pedda_adiserlapalle,577372,0000,VILLAGE,Dugyala,Rural,491,2127,1069,1058,245,126,119,416,195,221,385,211,174,978,581,397,1149,488,661,1188,615,573,933,569,364,274,186,88,538,286,252,22,19,3,99,78,21,255,46,209,9,3,6,235,39,196,4,0,4,7,4,3,248,44,204,7,2,5,230,38,192,4,0,4,7,4,3,7,2,5,2,1,1,5,1,4,0,0,0,0,0,0,939,454,485
29,93,Devarakonda,Nalgonda,26,Pedda_adiserlapalle,577373,0000,VILLAGE,PeddaAdiserlaPalli,Rural,2689,11925,6136,5789,1608,848,760,1920,931,989,3845,2153,1692,5818,3565,2253,6107,2571,3536,5976,3060,2916,5636,2958,2678,1548,1069,479,3454,1430,2024,69,38,31,565,421,144,340,102,238,34,20,14,275,60,215,4,1,3,27,21,6,336,101,235,34,20,14,272,60,212,4,1,3,26,20,6,4,1,3,0,0,0,3,0,3,0,0,0,1,1,0,5949,3076,2873
29,93,Devarakonda,Nalgonda,27,Neredugommu,577374,0000,VILLAGE,Perval,Rural,710,3044,1586,1458,432,234,198,291,150,141,1483,806,677,975,657,318,2069,929,1140,1766,909,857,1746,903,843,620,389,231,952,383,569,6,1,5,168,130,38,20,6,14,2,1,1,9,3,6,1,1,0,8,1,7,12,3,9,2,1,1,4,1,3,0,0,0,6,1,5,8,3,5,0,0,0,5,2,3,1,1,0,2,0,2,1278,677,601
29,93,Devarakonda,Nalgonda,26,Pedda_adiserlapalle,577375,0000,VILLAGE,Azmapur,Rural,743,2943,1505,1438,349,179,170,683,341,342,747,409,338,1299,836,463,1644,669,975,1661,834,827,1480,767,713,377,197,180,933,423,510,12,10,2,158,137,21,181,67,114,23,9,14,133,43,90,3,0,3,22,15,7,163,61,102,22,9,13,120,39,81,3,0,3,18,13,5,18,6,12,1,0,1,13,4,9,0,0,0,4,2,2,1282,671,611
29,93,Devarakonda,Nalgonda,26,Pedda_adiserlapalle,577376,0000,VILLAGE,Mallapuram,Rural,504,2186,1140,1046,272,159,113,219,116,103,1176,620,556,979,625,354,1207,515,692,1102,572,530,1078,566,512,320,292,28,644,183,461,6,3,3,108,88,20,24,6,18,4,0,4,13,1,12,0,0,0,7,5,2,19,5,14,2,0,2,11,1,10,0,0,0,6,4,2,5,1,4,2,0,2,2,0,2,0,0,0,1,1,0,1084,568,516
29,93,Devarakonda,Nalgonda,26,Pedda_adiserlapalle,577377,0000,VILLAGE,Vaddipatla,Rural,1087,4806,2500,2306,713,392,321,301,156,145,2661,1398,1263,1864,1200,664,2942,1300,1642,2740,1353,1387,2300,1135,1165,1385,724,661,702,265,437,18,9,9,195,137,58,440,218,222,132,118,14,151,17,134,4,1,3,153,82,71,426,211,215,131,117,14,145,15,130,3,1,2,147,78,69,14,7,7,1,1,0,6,2,4,1,0,1,6,4,2,2066,1147,919
29,93,Devarakonda,Nalgonda,26,Pedda_adiserlapalle,577379,0000,VILLAGE,Peddagummadam,Rural,287,1208,627,581,198,111,87,96,50,46,551,288,263,362,221,141,846,406,440,689,342,347,647,329,318,28,22,6,480,224,256,0,0,0,139,83,56,42,13,29,2,1,1,31,10,21,2,0,2,7,2,5,30,12,18,1,1,0,22,9,13,2,0,2,5,2,3,12,1,11,1,0,1,9,1,8,0,0,0,2,0,2,519,285,234
29,93,Devarakonda,Nalgonda,26,Pedda_adiserlapalle,577380,0000,VILLAGE,Yella puram,Rural,99,381,195,186,54,28,26,78,40,38,0,0,0,162,96,66,219,99,120,208,104,104,85,44,41,69,34,35,13,9,4,0,0,0,3,1,2,123,60,63,0,0,0,120,58,62,0,0,0,3,2,1,100,51,49,0,0,0,100,51,49,0,0,0,0,0,0,23,9,14,0,0,0,20,7,13,0,0,0,3,2,1,173,91,82
29,93,Devarakonda,Nalgonda,26,Pedda_adiserlapalle,577381,0000,VILLAGE,Nambapuram,Rural,514,2316,1232,1084,321,170,151,22,11,11,2029,1091,938,733,517,216,1583,715,868,1360,679,681,1339,671,668,804,455,349,394,132,262,7,5,2,134,79,55,21,8,13,8,3,5,7,2,5,2,1,1,4,2,2,19,8,11,7,3,4,6,2,4,2,1,1,4,2,2,2,0,2,1,0,1,1,0,1,0,0,0,0,0,0,956,553,403
29,92,Miryalaguda,Nalgonda,25,Peddavura,577382,0000,VILLAGE,Pinnavura,Rural,102,420,217,203,38,18,20,126,66,60,0,0,0,241,149,92,179,68,111,210,113,97,142,105,37,69,65,4,44,15,29,2,2,0,27,23,4,68,8,60,1,0,1,53,4,49,10,2,8,4,2,2,60,6,54,0,0,0,52,4,48,4,0,4,4,2,2,8,2,6,1,0,1,1,0,1,6,2,4,0,0,0,210,104,106
29,92,Miryalaguda,Nalgonda,25,Peddavura,577383,0000,VILLAGE,Garnekunta,Rural,321,1287,637,650,179,85,94,290,146,144,0,0,0,583,346,237,704,291,413,783,403,380,778,402,376,234,123,111,531,269,262,0,0,0,13,10,3,5,1,4,0,0,0,5,1,4,0,0,0,0,0,0,5,1,4,0,0,0,5,1,4,0,0,0,0,0,0,0,0,0,0,0,0,0,0,0,0,0,0,0,0,0,504,234,270
29,92,Miryalaguda,Nalgonda,25,Peddavura,577384,0000,VILLAGE,Velmaguda,Rural,612,2501,1276,1225,275,142,133,541,273,268,10,6,4,1235,753,482,1266,523,743,1423,739,684,1340,706,634,612,349,263,555,227,328,20,18,2,153,112,41,83,33,50,15,6,9,39,15,24,0,0,0,29,12,17,68,26,42,12,3,9,33,13,20,0,0,0,23,10,13,15,7,8,3,3,0,6,2,4,0,0,0,6,2,4,1078,537,541
29,92,Miryalaguda,Nalgonda,25,Peddavura,577385,0000,VILLAGE,Kothalur,Rural,229,884,457,427,101,55,46,120,65,55,0,0,0,432,272,160,452,185,267,533,265,268,525,264,261,397,203,194,109,50,59,7,3,4,12,8,4,8,1,7,0,0,0,8,1,7,0,0,0,0,0,0,7,1,6,0,0,0,7,1,6,0,0,0,0,0,0,1,0,1,0,0,0,1,0,1,0,0,0,0,0,0,351,192,159
29,92,Miryalaguda,Nalgonda,25,Peddavura,577386,0000,VILLAGE,Tammadapalli,Rural,153,628,316,312,78,41,37,255,131,124,0,0,0,311,195,116,317,121,196,344,182,162,261,154,107,157,93,64,73,40,33,2,1,1,29,20,9,83,28,55,8,2,6,75,26,49,0,0,0,0,0,0,81,27,54,8,2,6,73,25,48,0,0,0,0,0,0,2,1,1,0,0,0,2,1,1,0,0,0,0,0,0,284,134,150
29,92,Miryalaguda,Nalgonda,25,Peddavura,577387,0000,VILLAGE,Sirasanagandla,Rural,641,2497,1218,1279,275,127,148,452,203,249,0,0,0,1280,727,553,1217,491,726,1330,669,661,1051,529,522,220,147,73,697,286,411,2,0,2,132,96,36,279,140,139,9,2,7,25,11,14,1,1,0,244,126,118,266,133,133,7,2,5,14,4,10,1,1,0,244,126,118,13,7,6,2,0,2,11,7,4,0,0,0,0,0,0,1167,549,618
29,92,Miryalaguda,Nalgonda,25,Peddavura,577388,0000,VILLAGE,Lingampalli,Rural,161,657,328,329,89,39,50,67,34,33,5,1,4,332,197,135,325,131,194,397,207,190,397,207,190,179,110,69,181,72,109,6,4,2,31,21,10,0,0,0,0,0,0,0,0,0,0,0,0,0,0,0,0,0,0,0,0,0,0,0,0,0,0,0,0,0,0,0,0,0,0,0,0,0,0,0,0,0,0,0,0,0,260,121,139
29,92,Miryalaguda,Nalgonda,25,Peddavura,577389,0000,VILLAGE,TeppalaMadugu,Rural,194,744,360,384,98,47,51,262,121,141,4,3,1,327,191,136,417,169,248,416,203,213,414,203,211,125,123,2,254,50,204,0,0,0,35,30,5,2,0,2,0,0,0,2,0,2,0,0,0,0,0,0,2,0,2,0,0,0,2,0,2,0,0,0,0,0,0,0,0,0,0,0,0,0,0,0,0,0,0,0,0,0,328,157,171
29,92,Miryalaguda,Nalgonda,25,Peddavura,577390,0000,VILLAGE,Chintapalli,Rural,311,1237,624,613,145,87,58,256,120,136,377,202,175,481,303,178,756,321,435,670,334,336,627,324,303,99,74,25,460,194,266,0,0,0,68,56,12,43,10,33,1,0,1,31,4,27,0,0,0,11,6,5,36,7,29,1,0,1,27,3,24,0,0,0,8,4,4,7,3,4,0,0,0,4,1,3,0,0,0,3,2,1,567,290,277
29,92,Miryalaguda,Nalgonda,25,Peddavura,577391,0000,VILLAGE,Peddavuru,Rural,1135,4529,2257,2272,551,271,280,988,480,508,146,72,74,2470,1476,994,2059,781,1278,2536,1351,1185,2432,1324,1108,522,373,149,1170,454,716,25,13,12,715,484,231,104,27,77,6,2,4,67,5,62,3,0,3,28,20,8,99,25,74,6,2,4,64,4,60,3,0,3,26,19,7,5,2,3,0,0,0,3,1,2,0,0,0,2,1,1,1993,906,1087
29,92,Miryalaguda,Nalgonda,25,Peddavura,577392,0000,VILLAGE,Sangaram,Rural,245,953,480,473,119,66,53,408,208,200,6,3,3,417,260,157,536,220,316,488,260,228,474,251,223,178,103,75,217,86,131,3,2,1,76,60,16,14,9,5,3,2,1,4,1,3,0,0,0,7,6,1,13,9,4,3,2,1,3,1,2,0,0,0,7,6,1,1,0,1,0,0,0,1,0,1,0,0,0,0,0,0,465,220,245
29,92,Miryalaguda,Nalgonda,25,Peddavura,577393,0000,VILLAGE,Polepalli,Rural,188,724,361,363,85,40,45,369,181,188,2,1,1,394,225,169,330,136,194,413,220,193,413,220,193,290,152,138,89,41,48,0,0,0,34,27,7,0,0,0,0,0,0,0,0,0,0,0,0,0,0,0,0,0,0,0,0,0,0,0,0,0,0,0,0,0,0,0,0,0,0,0,0,0,0,0,0,0,0,0,0,0,311,141,170
29,92,Miryalaguda,Nalgonda,25,Peddavura,577394,0000,VILLAGE,Pothnur,Rural,368,1430,718,712,143,76,67,434,212,222,25,15,10,744,447,297,686,271,415,766,431,335,735,412,323,276,195,81,340,130,210,15,11,4,104,76,28,31,19,12,8,8,0,10,3,7,1,0,1,12,8,4,31,19,12,8,8,0,10,3,7,1,0,1,12,8,4,0,0,0,0,0,0,0,0,0,0,0,0,0,0,0,664,287,377
29,92,Miryalaguda,Nalgonda,25,Peddavura,577395,0000,VILLAGE,Pulicherla,Rural,1037,4148,2075,2073,656,342,314,418,189,229,1457,754,703,1541,939,602,2607,1136,1471,2333,1173,1160,1780,1027,753,582,447,135,1006,434,572,5,3,2,187,143,44,553,146,407,21,7,14,516,133,383,4,2,2,12,4,8,518,133,385,20,7,13,484,121,363,4,2,2,10,3,7,35,13,22,1,0,1,32,12,20,0,0,0,2,1,1,1815,902,913
29,92,Miryalaguda,Nalgonda,25,Peddavura,577396,0000,VILLAGE,Vutlapalli,Rural,659,2586,1285,1301,341,164,177,172,85,87,1001,499,502,1231,757,474,1355,528,827,1366,677,689,1009,585,424,412,303,109,456,170,286,10,8,2,131,104,27,357,92,265,21,8,13,303,77,226,14,0,14,19,7,12,357,92,265,21,8,13,303,77,226,14,0,14,19,7,12,0,0,0,0,0,0,0,0,0,0,0,0,0,0,0,1220,608,612
29,92,Miryalaguda,Nalgonda,25,Peddavura,577397,0000,VILLAGE,Parvedula,Rural,910,3835,1980,1855,582,329,253,270,136,134,2487,1305,1182,1526,966,560,2309,1014,1295,2341,1161,1180,1605,1032,573,702,635,67,743,265,478,10,8,2,150,124,26,736,129,607,49,22,27,656,94,562,11,5,6,20,8,12,671,102,569,43,18,25,602,73,529,10,5,5,16,6,10,65,27,38,6,4,2,54,21,33,1,0,1,4,2,2,1494,819,675
29,92,Miryalaguda,Nalgonda,25,Peddavura,577398,0000,VILLAGE,Thungathurthy,Rural,1005,4042,2083,1959,462,243,219,184,89,95,2362,1228,1134,1836,1188,648,2206,895,1311,2473,1252,1221,2284,1159,1125,576,348,228,1603,734,869,6,4,2,99,73,26,189,93,96,11,7,4,128,60,68,8,5,3,42,21,21,139,65,74,9,6,3,115,50,65,2,1,1,13,8,5,50,28,22,2,1,1,13,10,3,6,4,2,29,13,16,1569,831,738
29,92,Miryalaguda,Nalgonda,25,Peddavura,577399,0000,VILLAGE,Chalakurthy,Rural,1439,5888,3042,2846,824,449,375,550,272,278,2977,1562,1415,2677,1677,1000,3211,1365,1846,3157,1627,1530,2993,1585,1408,779,566,213,1895,795,1100,43,21,22,276,203,73,164,42,122,15,10,5,127,20,107,5,3,2,17,9,8,160,41,119,14,10,4,125,19,106,5,3,2,16,9,7,4,1,3,1,0,1,2,1,1,0,0,0,1,0,1,2731,1415,1316
29,92,Miryalaguda,Nalgonda,24,Tirumalagiri_Sagar,577402,0000,VILLAGE,Jammanakota,Rural,98,370,195,175,55,28,27,0,0,0,366,193,173,167,118,49,203,77,126,239,118,121,235,116,119,4,2,2,229,113,116,0,0,0,2,1,1,4,2,2,0,0,0,4,2,2,0,0,0,0,0,0,4,2,2,0,0,0,4,2,2,0,0,0,0,0,0,0,0,0,0,0,0,0,0,0,0,0,0,0,0,0,131,77,54
29,92,Miryalaguda,Nalgonda,24,Tirumalagiri_Sagar,577403,0000,VILLAGE,Nellikal,Rural,1275,5369,2773,2596,833,485,348,286,141,145,3969,2099,1870,1932,1219,713,3437,1554,1883,3014,1476,1538,2555,1279,1276,448,348,100,1832,714,1118,21,9,12,254,208,46,459,197,262,110,58,52,307,113,194,4,2,2,38,24,14,434,188,246,107,57,50,292,109,183,3,2,1,32,20,12,25,9,16,3,1,2,15,4,11,1,0,1,6,4,2,2355,1297,1058
29,92,Miryalaguda,Nalgonda,24,Tirumalagiri_Sagar,577404,0000,VILLAGE,Chintala Palem,Rural,1226,5219,2725,2494,824,461,363,123,55,68,3639,1927,1712,1707,1162,545,3512,1563,1949,2995,1495,1500,2418,1368,1050,1414,1018,396,788,245,543,42,37,5,174,68,106,577,127,450,31,22,9,525,95,430,5,2,3,16,8,8,534,114,420,30,21,9,488,88,400,3,0,3,13,5,8,43,13,30,1,1,0,37,7,30,2,2,0,3,3,0,2224,1230,994
29,92,Miryalaguda,Nalgonda,24,Tirumalagiri_Sagar,577405,0000,VILLAGE,Thimmaipalem,Rural,254,1149,612,537,193,114,79,13,7,6,1104,587,517,287,219,68,862,393,469,700,324,376,699,324,375,177,171,6,497,135,362,0,0,0,25,18,7,1,0,1,0,0,0,1,0,1,0,0,0,0,0,0,1,0,1,0,0,0,1,0,1,0,0,0,0,0,0,0,0,0,0,0,0,0,0,0,0,0,0,0,0,0,449,288,161
29,92,Miryalaguda,Nalgonda,24,Tirumalagiri_Sagar,577406,0000,VILLAGE,Thunki nuthala,Rural,231,975,551,424,124,86,38,0,0,0,965,544,421,259,183,76,716,368,348,568,293,275,566,291,275,70,32,38,495,259,236,0,0,0,1,0,1,2,2,0,1,1,0,1,1,0,0,0,0,0,0,0,2,2,0,1,1,0,1,1,0,0,0,0,0,0,0,0,0,0,0,0,0,0,0,0,0,0,0,0,0,0,407,258,149
29,92,Miryalaguda,Nalgonda,16,Anumula_Haliya,577408,0000,VILLAGE,Kosalamarri,Rural,41,186,83,103,27,6,21,65,28,37,0,0,0,90,54,36,96,29,67,101,51,50,101,51,50,48,29,19,48,19,29,0,0,0,5,3,2,0,0,0,0,0,0,0,0,0,0,0,0,0,0,0,0,0,0,0,0,0,0,0,0,0,0,0,0,0,0,0,0,0,0,0,0,0,0,0,0,0,0,0,0,0,85,32,53
29,92,Miryalaguda,Nalgonda,16,Anumula_Haliya,577409,0000,VILLAGE,Mukkamala,Rural,144,576,278,298,50,22,28,221,108,113,0,0,0,322,182,140,254,96,158,295,171,124,292,168,124,133,79,54,112,50,62,0,0,0,47,39,8,3,3,0,1,1,0,1,1,0,0,0,0,1,1,0,3,3,0,1,1,0,1,1,0,0,0,0,1,1,0,0,0,0,0,0,0,0,0,0,0,0,0,0,0,0,281,107,174
29,92,Miryalaguda,Nalgonda,16,Anumula_Haliya,577410,0000,VILLAGE,Venkatadripalem,Rural,71,250,126,124,25,12,13,102,54,48,0,0,0,135,82,53,115,44,71,149,76,73,147,75,72,64,39,25,74,28,46,0,0,0,9,8,1,2,1,1,1,0,1,1,1,0,0,0,0,0,0,0,2,1,1,1,0,1,1,1,0,0,0,0,0,0,0,0,0,0,0,0,0,0,0,0,0,0,0,0,0,0,101,50,51
29,92,Miryalaguda,Nalgonda,16,Anumula_Haliya,577411,0000,VILLAGE,Annaram,Rural,174,680,334,346,44,26,18,164,84,80,0,0,0,374,218,156,306,116,190,360,193,167,358,192,166,171,100,71,137,53,84,4,2,2,46,37,9,2,1,1,0,0,0,2,1,1,0,0,0,0,0,0,2,1,1,0,0,0,2,1,1,0,0,0,0,0,0,0,0,0,0,0,0,0,0,0,0,0,0,0,0,0,320,141,179
29,92,Miryalaguda,Nalgonda,16,Anumula_Haliya,577412,0000,VILLAGE,Marepalle,Rural,510,1965,970,995,254,122,132,399,203,196,110,57,53,923,537,386,1042,433,609,1148,583,565,1092,567,525,438,293,145,502,164,338,13,12,1,139,98,41,56,16,40,1,1,0,38,6,32,0,0,0,17,9,8,36,9,27,1,1,0,26,3,23,0,0,0,9,5,4,20,7,13,0,0,0,12,3,9,0,0,0,8,4,4,817,387,430
29,92,Miryalaguda,Nalgonda,16,Anumula_Haliya,577413,0000,VILLAGE,Kummarikuntakalva,Rural,94,383,182,201,71,37,34,34,15,19,0,0,0,124,64,60,259,118,141,237,116,121,117,96,21,84,84,0,21,5,16,1,0,1,11,7,4,120,20,100,3,3,0,108,13,95,0,0,0,9,4,5,90,6,84,1,1,0,86,3,83,0,0,0,3,2,1,30,14,16,2,2,0,22,10,12,0,0,0,6,2,4,146,66,80
29,92,Miryalaguda,Nalgonda,16,Anumula_Haliya,577414,0000,VILLAGE,Pulimamidi,Rural,389,1559,774,785,131,73,58,459,227,232,25,10,15,861,510,351,698,264,434,795,423,372,794,423,371,293,180,113,401,160,241,6,5,1,94,78,16,1,0,1,0,0,0,0,0,0,1,0,1,0,0,0,1,0,1,0,0,0,0,0,0,1,0,1,0,0,0,0,0,0,0,0,0,0,0,0,0,0,0,0,0,0,764,351,413
29,92,Miryalaguda,Nalgonda,16,Anumula_Haliya,577416,0000,VILLAGE,Yacharam,Rural,544,2020,1032,988,267,141,126,444,223,221,9,5,4,1047,631,416,973,401,572,1339,681,658,1079,599,480,264,171,93,511,182,329,28,11,17,276,235,41,260,82,178,48,14,34,145,37,108,15,9,6,52,22,30,135,29,106,32,6,26,68,7,61,4,2,2,31,14,17,125,53,72,16,8,8,77,30,47,11,7,4,21,8,13,681,351,330
29,92,Miryalaguda,Nalgonda,16,Anumula_Haliya,577417,0000,VILLAGE,Kupaspalli,Rural,109,375,181,194,50,24,26,255,118,137,0,0,0,177,100,77,198,81,117,218,115,103,105,87,18,53,52,1,44,29,15,0,0,0,8,6,2,113,28,85,1,0,1,85,13,72,0,0,0,27,15,12,112,28,84,1,0,1,85,13,72,0,0,0,26,15,11,1,0,1,0,0,0,0,0,0,0,0,0,1,0,1,157,66,91
29,92,Miryalaguda,Nalgonda,16,Anumula_Haliya,577419,0000,VILLAGE,Sreenadhapur,Rural,255,955,484,471,92,46,46,301,149,152,0,0,0,560,330,230,395,154,241,505,282,223,505,282,223,119,115,4,277,81,196,0,0,0,109,86,23,0,0,0,0,0,0,0,0,0,0,0,0,0,0,0,0,0,0,0,0,0,0,0,0,0,0,0,0,0,0,0,0,0,0,0,0,0,0,0,0,0,0,0,0,0,450,202,248
29,92,Miryalaguda,Nalgonda,16,Anumula_Haliya,577420,0000,VILLAGE,Ramadugu,Rural,613,2209,1102,1107,230,119,111,400,203,197,0,0,0,1185,693,492,1024,409,615,1257,611,646,1075,603,472,522,380,142,484,170,314,10,8,2,59,45,14,182,8,174,159,4,155,18,2,16,4,2,2,1,0,1,180,7,173,159,4,155,16,1,15,4,2,2,1,0,1,2,1,1,0,0,0,2,1,1,0,0,0,0,0,0,952,491,461
29,92,Miryalaguda,Nalgonda,16,Anumula_Haliya,577421,0000,VILLAGE,Thimmapur,Rural,193,708,352,356,96,43,53,112,50,62,0,0,0,430,257,173,278,95,183,392,194,198,114,109,5,91,90,1,3,1,2,7,7,0,13,11,2,278,85,193,41,3,38,196,58,138,4,2,2,37,22,15,270,84,186,39,3,36,193,57,136,3,2,1,35,22,13,8,1,7,2,0,2,3,1,2,1,0,1,2,0,2,316,158,158
29,92,Miryalaguda,Nalgonda,16,Anumula_Haliya,577422,0000,VILLAGE,Anumula,Rural,3536,13994,7009,6985,1662,843,819,1646,814,832,772,375,397,9029,5085,3944,4965,1924,3041,6092,3820,2272,5587,3671,1916,706,525,181,2033,827,1206,186,139,47,2662,2180,482,505,149,356,43,17,26,203,38,165,85,12,73,174,82,92,422,124,298,32,10,22,168,35,133,71,8,63,151,71,80,83,25,58,11,7,4,35,3,32,14,4,10,23,11,12,7902,3189,4713
29,92,Miryalaguda,Nalgonda,16,Anumula_Haliya,577423,0000,VILLAGE,Palem,Rural,290,1113,540,573,124,65,59,407,198,209,0,0,0,523,300,223,590,240,350,676,322,354,666,318,348,185,100,85,421,178,243,3,3,0,57,37,20,10,4,6,1,1,0,4,2,2,0,0,0,5,1,4,6,2,4,0,0,0,2,1,1,0,0,0,4,1,3,4,2,2,1,1,0,2,1,1,0,0,0,1,0,1,437,218,219
29,92,Miryalaguda,Nalgonda,16,Anumula_Haliya,577424,0000,VILLAGE,Ibrahimpeta,Rural,843,3377,1696,1681,319,153,166,547,270,277,88,46,42,2100,1191,909,1277,505,772,1683,967,716,1550,934,616,142,119,23,993,496,497,2,2,0,413,317,96,133,33,100,8,2,6,99,18,81,2,0,2,24,13,11,113,30,83,5,2,3,83,15,68,1,0,1,24,13,11,20,3,17,3,0,3,16,3,13,1,0,1,0,0,0,1694,729,965
29,92,Miryalaguda,Nalgonda,24,Tirumalagiri_Sagar,577425,0000,VILLAGE,Alwala,Rural,709,2610,1295,1315,323,165,158,494,242,252,71,37,34,1228,717,511,1382,578,804,1485,773,712,1286,760,526,272,213,59,853,410,443,12,8,4,149,129,20,199,13,186,20,4,16,169,6,163,3,0,3,7,3,4,184,10,174,19,4,15,157,4,153,3,0,3,5,2,3,15,3,12,1,0,1,12,2,10,0,0,0,2,1,1,1125,522,603
29,92,Miryalaguda,Nalgonda,16,Anumula_Haliya,577426,0000,VILLAGE,Kothapalli,Rural,906,3496,1796,1700,389,210,179,987,481,506,586,310,276,1863,1134,729,1633,662,971,1867,1013,854,1484,834,650,304,220,84,915,400,515,11,6,5,254,208,46,383,179,204,13,5,8,289,120,169,8,4,4,73,50,23,366,173,193,11,4,7,281,118,163,5,4,1,69,47,22,17,6,11,2,1,1,8,2,6,3,0,3,4,3,1,1629,783,846
29,92,Miryalaguda,Nalgonda,24,Tirumalagiri_Sagar,577427,0000,VILLAGE,Sreerampur,Rural,391,1661,852,809,211,127,84,209,111,98,1045,545,500,758,463,295,903,389,514,977,472,505,838,414,424,173,139,34,569,203,366,14,3,11,82,69,13,139,58,81,5,4,1,40,22,18,85,27,58,9,5,4,89,35,54,2,2,0,30,16,14,53,16,37,4,1,3,50,23,27,3,2,1,10,6,4,32,11,21,5,4,1,684,380,304
29,92,Miryalaguda,Nalgonda,24,Tirumalagiri_Sagar,577428,0000,VILLAGE,Konerpur,Rural,131,571,301,270,91,51,40,0,0,0,562,296,266,164,117,47,407,184,223,357,166,191,354,165,189,7,5,2,340,156,184,1,1,0,6,3,3,3,1,2,0,0,0,3,1,2,0,0,0,0,0,0,3,1,2,0,0,0,3,1,2,0,0,0,0,0,0,0,0,0,0,0,0,0,0,0,0,0,0,0,0,0,214,135,79
29,92,Miryalaguda,Nalgonda,24,Tirumalagiri_Sagar,577429,0000,VILLAGE,Yellapur,Rural,540,2357,1205,1152,372,189,183,241,127,114,1674,862,812,778,532,246,1579,673,906,1403,684,719,1336,662,674,137,100,37,1140,517,623,8,3,5,51,42,9,67,22,45,7,3,4,48,13,35,3,0,3,9,6,3,42,14,28,3,1,2,32,10,22,2,0,2,5,3,2,25,8,17,4,2,2,16,3,13,1,0,1,4,3,1,954,521,433
29,92,Miryalaguda,Nalgonda,24,Tirumalagiri_Sagar,577430,0000,VILLAGE,Rajavaram,Rural,1531,5885,3039,2846,708,397,311,814,431,383,2271,1198,1073,2680,1705,975,3205,1334,1871,3363,1691,1672,3296,1666,1630,444,283,161,2516,1154,1362,70,32,38,266,197,69,67,25,42,7,4,3,42,11,31,3,3,0,15,7,8,40,17,23,5,3,2,24,8,16,1,1,0,10,5,5,27,8,19,2,1,1,18,3,15,2,2,0,5,2,3,2522,1348,1174
29,92,Miryalaguda,Nalgonda,24,Tirumalagiri_Sagar,577431,0000,VILLAGE,Kompalli,Rural,465,1730,870,860,155,85,70,658,324,334,47,23,24,981,585,396,749,285,464,959,496,463,843,464,379,93,68,25,523,228,295,26,16,10,201,152,49,116,32,84,11,2,9,77,16,61,1,0,1,27,14,13,106,28,78,10,2,8,70,13,57,1,0,1,25,13,12,10,4,6,1,0,1,7,3,4,0,0,0,2,1,1,771,374,397
29,92,Miryalaguda,Nalgonda,24,Tirumalagiri_Sagar,577432,0000,VILLAGE,Tirumalagiri,Rural,1605,6177,3139,3038,722,400,322,968,473,495,2518,1326,1192,2889,1802,1087,3288,1337,1951,3374,1725,1649,2811,1642,1169,654,526,128,1711,752,959,33,22,11,413,342,71,563,83,480,19,5,14,437,49,388,60,3,57,47,26,21,538,73,465,19,5,14,424,44,380,59,3,56,36,21,15,25,10,15,0,0,0,13,5,8,1,0,1,11,5,6,2803,1414,1389
29,92,Miryalaguda,Nalgonda,24,Tirumalagiri_Sagar,577433,0000,VILLAGE,Silgapur,Rural,176,679,334,345,77,35,42,259,126,133,7,3,4,323,197,126,356,137,219,420,211,209,47,41,6,26,25,1,2,2,0,6,4,2,13,10,3,373,170,203,4,2,2,324,133,191,16,15,1,29,20,9,357,156,201,4,2,2,323,133,190,5,4,1,25,17,8,16,14,2,0,0,0,1,0,1,11,11,0,4,3,1,259,123,136
29,92,Miryalaguda,Nalgonda,16,Anumula_Haliya,577434,0000,VILLAGE,Perur,Rural,2135,8224,4112,4112,808,410,398,1473,737,736,891,458,433,4592,2716,1876,3632,1396,2236,4313,2327,1986,3721,2155,1566,848,629,219,2133,906,1227,17,11,6,723,609,114,592,172,420,42,15,27,458,119,339,2,0,2,90,38,52,564,160,404,42,15,27,443,112,331,1,0,1,78,33,45,28,12,16,0,0,0,15,7,8,1,0,1,12,5,7,3911,1785,2126
29,92,Miryalaguda,Nalgonda,17,Nidamanur,577435,0000,VILLAGE,Marpaka,Rural,676,2664,1339,1325,302,158,144,489,239,250,0,0,0,1350,782,568,1314,557,757,1529,799,730,1445,758,687,410,256,154,928,429,499,15,4,11,92,69,23,84,41,43,16,7,9,59,32,27,0,0,0,9,2,7,56,30,26,13,6,7,37,22,15,0,0,0,6,2,4,28,11,17,3,1,2,22,10,12,0,0,0,3,0,3,1135,540,595
29,92,Miryalaguda,Nalgonda,17,Nidamanur,577436,0000,VILLAGE,Yerraballi,Rural,759,2827,1442,1385,305,159,146,574,287,287,10,5,5,1469,883,586,1358,559,799,1614,832,782,1472,815,657,510,361,149,828,346,482,10,6,4,124,102,22,142,17,125,40,5,35,85,10,75,3,0,3,14,2,12,116,13,103,34,5,29,71,7,64,2,0,2,9,1,8,26,4,22,6,0,6,14,3,11,1,0,1,5,1,4,1213,610,603
29,92,Miryalaguda,Nalgonda,19,Madugulapally,577437,0000,VILLAGE,Gopalpur,Rural,155,593,317,276,77,46,31,67,34,33,0,0,0,264,159,105,329,158,171,324,161,163,317,159,158,130,73,57,167,72,95,1,0,1,19,14,5,7,2,5,2,1,1,4,1,3,0,0,0,1,0,1,6,1,5,2,1,1,3,0,3,0,0,0,1,0,1,1,1,0,0,0,0,1,1,0,0,0,0,0,0,0,269,156,113
29,92,Miryalaguda,Nalgonda,19,Madugulapally,577438,0000,VILLAGE,Kesavapuram,Rural,150,509,268,241,34,19,15,52,27,25,0,0,0,342,207,135,167,61,106,170,148,22,167,145,22,109,102,7,33,19,14,2,2,0,23,22,1,3,3,0,0,0,0,2,2,0,0,0,0,1,1,0,3,3,0,0,0,0,2,2,0,0,0,0,1,1,0,0,0,0,0,0,0,0,0,0,0,0,0,0,0,0,339,120,219
29,92,Miryalaguda,Nalgonda,19,Madugulapally,577439,0000,VILLAGE,Kannekal,Rural,1289,4924,2505,2419,507,275,232,934,486,448,90,41,49,2589,1480,1109,2335,1025,1310,2891,1486,1405,2316,1200,1116,719,395,324,1341,618,723,23,14,9,233,173,60,575,286,289,18,8,10,517,259,258,18,4,14,22,15,7,555,278,277,14,5,9,510,256,254,12,3,9,19,14,5,20,8,12,4,3,1,7,3,4,6,1,5,3,1,2,2033,1019,1014
29,92,Miryalaguda,Nalgonda,17,Nidamanur,577440,0000,VILLAGE,Guntipalle,Rural,346,1393,732,661,165,94,71,514,277,237,8,6,2,708,442,266,685,290,395,730,401,329,532,311,221,168,120,48,302,142,160,3,1,2,59,48,11,198,90,108,0,0,0,165,64,101,0,0,0,33,26,7,195,89,106,0,0,0,162,63,99,0,0,0,33,26,7,3,1,2,0,0,0,3,1,2,0,0,0,0,0,0,663,331,332
29,92,Miryalaguda,Nalgonda,17,Nidamanur,577441,0000,VILLAGE,Vutkur,Rural,725,2717,1315,1402,255,118,137,540,253,287,4,2,2,1296,762,534,1421,553,868,1753,861,892,1208,610,598,401,250,151,701,272,429,16,14,2,90,74,16,545,251,294,29,18,11,477,206,271,19,16,3,20,11,9,308,124,184,19,12,7,267,94,173,13,13,0,9,5,4,237,127,110,10,6,4,210,112,98,6,3,3,11,6,5,964,454,510
29,92,Miryalaguda,Nalgonda,17,Nidamanur,577442,0000,VILLAGE,Mupparam,Rural,1007,3786,1901,1885,411,210,201,992,508,484,68,38,30,1889,1123,766,1897,778,1119,2109,1101,1008,2089,1092,997,279,196,83,1652,771,881,10,7,3,148,118,30,20,9,11,4,2,2,11,3,8,0,0,0,5,4,1,15,8,7,3,2,1,8,3,5,0,0,0,4,3,1,5,1,4,1,0,1,3,0,3,0,0,0,1,1,0,1677,800,877
29,92,Miryalaguda,Nalgonda,17,Nidamanur,577443,0000,VILLAGE,BokkamanthulaPahad,Rural,449,1639,835,804,169,87,82,520,273,247,39,17,22,922,536,386,717,299,418,856,452,404,842,443,399,145,100,45,558,236,322,1,0,1,138,107,31,14,9,5,1,1,0,7,2,5,0,0,0,6,6,0,9,7,2,1,1,0,4,2,2,0,0,0,4,4,0,5,2,3,0,0,0,3,0,3,0,0,0,2,2,0,783,383,400
29,92,Miryalaguda,Nalgonda,17,Nidamanur,577444,0000,VILLAGE,Vempahad,Rural,499,1893,987,906,206,105,101,490,253,237,20,11,9,1079,684,395,814,303,511,1086,567,519,1016,554,462,190,163,27,732,328,404,7,6,1,87,57,30,70,13,57,4,2,2,63,9,54,1,0,1,2,2,0,60,10,50,3,2,1,54,6,48,1,0,1,2,2,0,10,3,7,1,0,1,9,3,6,0,0,0,0,0,0,807,420,387
29,92,Miryalaguda,Nalgonda,17,Nidamanur,577445,0000,VILLAGE,Nidamanur,Rural,1595,6581,3317,3264,604,312,292,1022,542,480,217,116,101,4370,2464,1906,2211,853,1358,2809,1735,1074,2296,1474,822,239,162,77,1218,619,599,35,27,8,804,666,138,513,261,252,14,5,9,414,200,214,11,4,7,74,52,22,468,240,228,12,5,7,379,183,196,6,3,3,71,49,22,45,21,24,2,0,2,35,17,18,5,1,4,3,3,0,3772,1582,2190
29,92,Miryalaguda,Nalgonda,17,Nidamanur,577446,0000,VILLAGE,Sakhapur,Rural,418,1567,815,752,163,92,71,555,275,280,0,0,0,1006,569,437,561,246,315,747,432,315,640,418,222,156,142,14,340,171,169,6,3,3,138,102,36,107,14,93,2,0,2,99,10,89,0,0,0,6,4,2,107,14,93,2,0,2,99,10,89,0,0,0,6,4,2,0,0,0,0,0,0,0,0,0,0,0,0,0,0,0,820,383,437
29,92,Miryalaguda,Nalgonda,17,Nidamanur,577447,0000,VILLAGE,Bankapur,Rural,406,1423,706,717,134,64,70,348,165,183,1,0,1,936,512,424,487,194,293,781,428,353,682,381,301,219,145,74,321,132,189,14,10,4,128,94,34,99,47,52,6,6,0,60,19,41,0,0,0,33,22,11,98,46,52,6,6,0,60,19,41,0,0,0,32,21,11,1,1,0,0,0,0,0,0,0,0,0,0,1,1,0,642,278,364
29,92,Miryalaguda,Nalgonda,17,Nidamanur,577448,0000,VILLAGE,Venigandla,Rural,814,3054,1555,1499,333,185,148,763,401,362,65,36,29,1811,1067,744,1243,488,755,1551,889,662,1373,863,510,411,301,110,729,370,359,2,2,0,231,190,41,178,26,152,3,1,2,144,13,131,14,1,13,17,11,6,168,23,145,3,1,2,135,11,124,14,1,13,16,10,6,10,3,7,0,0,0,9,2,7,0,0,0,1,1,0,1503,666,837
29,92,Miryalaguda,Nalgonda,17,Nidamanur,577449,0000,VILLAGE,Tummadam,Rural,2669,10248,5108,5140,1084,563,521,1971,962,1009,82,49,33,5977,3396,2581,4271,1712,2559,5842,3080,2762,5188,2936,2252,1195,855,340,2860,1270,1590,227,127,100,906,684,222,654,144,510,33,9,24,391,77,314,39,2,37,191,56,135,602,132,470,29,8,21,370,75,295,26,1,25,177,48,129,52,12,40,4,1,3,21,2,19,13,1,12,14,8,6,4406,2028,2378
29,92,Miryalaguda,Nalgonda,17,Nidamanur,577450,0000,VILLAGE,Surepalle,Rural,297,1154,584,570,139,75,64,303,151,152,168,85,83,555,337,218,599,247,352,604,308,296,560,285,275,60,59,1,406,153,253,3,1,2,91,72,19,44,23,21,3,3,0,20,5,15,4,2,2,17,13,4,39,22,17,3,3,0,16,5,11,4,2,2,16,12,4,5,1,4,0,0,0,4,0,4,0,0,0,1,1,0,550,276,274
29,92,Miryalaguda,Nalgonda,24,Tirumalagiri_Sagar,577451,0000,VILLAGE,Nenatapur,Rural,1002,3942,2055,1887,498,267,231,141,74,67,2288,1194,1094,1703,1120,583,2239,935,1304,2169,1084,1085,2050,1039,1011,600,352,248,1295,568,727,22,12,10,133,107,26,119,45,74,27,13,14,62,13,49,2,0,2,28,19,9,112,42,70,27,13,14,57,12,45,2,0,2,26,17,9,7,3,4,0,0,0,5,1,4,0,0,0,2,2,0,1773,971,802
29,92,Miryalaguda,Nalgonda,17,Nidamanur,577452,0000,VILLAGE,Regulagadda,Rural,358,1404,703,701,146,73,73,313,146,167,244,126,118,815,480,335,589,223,366,793,412,381,786,407,379,71,52,19,558,238,320,22,17,5,135,100,35,7,5,2,3,2,1,1,1,0,0,0,0,3,2,1,6,4,2,3,2,1,1,1,0,0,0,0,2,1,1,1,1,0,0,0,0,0,0,0,0,0,0,1,1,0,611,291,320
29,92,Miryalaguda,Nalgonda,17,Nidamanur,577453,0000,VILLAGE,Vallabhapur,Rural,403,1498,749,749,157,73,84,209,103,106,21,13,8,849,501,348,649,248,401,807,432,375,596,341,255,148,98,50,402,206,196,4,3,1,42,34,8,211,91,120,2,2,0,201,83,118,1,1,0,7,5,2,207,89,118,1,1,0,199,82,117,1,1,0,6,5,1,4,2,2,1,1,0,2,1,1,0,0,0,1,0,1,691,317,374
29,92,Miryalaguda,Nalgonda,18,Thripuraram,577454,0000,VILLAGE,Konthalapalle,Rural,201,743,374,369,83,42,41,114,63,51,1,1,0,415,249,166,328,125,203,391,202,189,164,150,14,76,76,0,28,21,7,2,1,1,58,52,6,227,52,175,4,1,3,216,44,172,0,0,0,7,7,0,225,52,173,4,1,3,214,44,170,0,0,0,7,7,0,2,0,2,0,0,0,2,0,2,0,0,0,0,0,0,352,172,180
29,92,Miryalaguda,Nalgonda,18,Thripuraram,577455,0000,VILLAGE,Annaram,Rural,229,920,471,449,90,52,38,275,135,140,1,1,0,424,256,168,496,215,281,595,297,298,200,120,80,122,76,46,64,32,32,2,2,0,12,10,2,395,177,218,45,20,25,345,153,192,0,0,0,5,4,1,336,154,182,42,20,22,289,130,159,0,0,0,5,4,1,59,23,36,3,0,3,56,23,33,0,0,0,0,0,0,325,174,151
29,92,Miryalaguda,Nalgonda,18,Thripuraram,577456,0000,VILLAGE,Duggepalle,Rural,528,1717,850,867,168,82,86,420,217,203,157,77,80,999,564,435,718,286,432,1053,521,532,276,164,112,101,58,43,126,75,51,3,2,1,46,29,17,777,357,420,18,5,13,681,303,378,13,7,6,65,42,23,733,335,398,18,5,13,645,286,359,12,7,5,58,37,21,44,22,22,0,0,0,36,17,19,1,0,1,7,5,2,664,329,335
29,92,Miryalaguda,Nalgonda,18,Thripuraram,577457,0000,VILLAGE,KamareddiGudem,Rural,375,1471,743,728,172,92,80,356,175,181,1,0,1,780,462,318,691,281,410,873,440,433,592,356,236,184,141,43,337,164,173,3,2,1,68,49,19,281,84,197,3,1,2,242,62,180,3,1,2,33,20,13,259,80,179,1,1,0,226,60,166,3,1,2,29,18,11,22,4,18,2,0,2,16,2,14,0,0,0,4,2,2,598,303,295
29,92,Miryalaguda,Nalgonda,18,Thripuraram,577458,0000,VILLAGE,Kampalaplle,Rural,254,953,464,489,124,63,61,218,104,114,0,0,0,509,277,232,444,187,257,543,272,271,144,89,55,58,54,4,57,21,36,3,2,1,26,12,14,399,183,216,81,54,27,265,103,162,0,0,0,53,26,27,399,183,216,81,54,27,265,103,162,0,0,0,53,26,27,0,0,0,0,0,0,0,0,0,0,0,0,0,0,0,410,192,218
29,92,Miryalaguda,Nalgonda,19,Madugulapally,577459,0000,VILLAGE,Poosalapahad,Rural,241,905,452,453,89,43,46,192,99,93,2,2,0,489,281,208,416,171,245,521,267,254,357,251,106,39,34,5,283,189,94,2,2,0,33,26,7,164,16,148,13,7,6,145,4,141,0,0,0,6,5,1,152,7,145,5,0,5,141,2,139,0,0,0,6,5,1,12,9,3,8,7,1,4,2,2,0,0,0,0,0,0,384,185,199
29,92,Miryalaguda,Nalgonda,19,Madugulapally,577460,0000,VILLAGE,Gajalapur,Rural,319,1178,581,597,130,62,68,346,170,176,3,2,1,653,379,274,525,202,323,672,357,315,611,335,276,122,78,44,322,128,194,1,1,0,166,128,38,61,22,39,4,3,1,50,15,35,0,0,0,7,4,3,44,17,27,1,1,0,39,14,25,0,0,0,4,2,2,17,5,12,3,2,1,11,1,10,0,0,0,3,2,1,506,224,282
29,92,Miryalaguda,Nalgonda,19,Madugulapally,577461,0000,VILLAGE,Abhangapuram,Rural,287,1073,544,529,124,69,55,359,178,181,5,5,0,557,322,235,516,222,294,621,311,310,578,303,275,109,69,40,391,175,216,6,2,4,72,57,15,43,8,35,5,0,5,19,3,16,8,2,6,11,3,8,27,4,23,3,0,3,14,3,11,4,0,4,6,1,5,16,4,12,2,0,2,5,0,5,4,2,2,5,2,3,452,233,219
29,92,Miryalaguda,Nalgonda,18,Thripuraram,577463,0000,VILLAGE,Peddadevulapalle,Rural,1129,4424,2129,2295,460,222,238,646,309,337,101,6,95,2662,1445,1217,1762,684,1078,2135,1230,905,1768,1103,665,208,141,67,829,323,506,20,18,2,711,621,90,367,127,240,14,12,2,260,87,173,41,8,33,52,20,32,242,105,137,11,9,2,170,74,96,19,7,12,42,15,27,125,22,103,3,3,0,90,13,77,22,1,21,10,5,5,2289,899,1390
29,92,Miryalaguda,Nalgonda,18,Thripuraram,577464,0000,VILLAGE,Brundavanpur,Rural,33,109,54,55,8,4,4,12,7,5,0,0,0,76,43,33,33,11,22,65,34,31,33,28,5,27,24,3,0,0,0,0,0,0,6,4,2,32,6,26,17,0,17,14,6,8,0,0,0,1,0,1,32,6,26,17,0,17,14,6,8,0,0,0,1,0,1,0,0,0,0,0,0,0,0,0,0,0,0,0,0,0,44,20,24
29,92,Miryalaguda,Nalgonda,18,Thripuraram,577465,0000,VILLAGE,Kampasagar,Rural,655,2404,1210,1194,276,127,149,1376,687,689,4,2,2,1245,765,480,1159,445,714,1352,696,656,1321,686,635,159,129,30,1007,436,571,3,2,1,152,119,33,31,10,21,0,0,0,29,8,21,0,0,0,2,2,0,25,7,18,0,0,0,24,6,18,0,0,0,1,1,0,6,3,3,0,0,0,5,2,3,0,0,0,1,1,0,1052,514,538
29,92,Miryalaguda,Nalgonda,18,Thripuraram,577466,0000,VILLAGE,Narlakantiguda,Rural,141,539,256,283,63,30,33,4,2,2,0,0,0,316,168,148,223,88,135,294,154,140,239,135,104,67,46,21,137,59,78,3,3,0,32,27,5,55,19,36,14,4,10,32,9,23,1,0,1,8,6,2,45,15,30,11,3,8,26,6,20,0,0,0,8,6,2,10,4,6,3,1,2,6,3,3,1,0,1,0,0,0,245,102,143
29,92,Miryalaguda,Nalgonda,18,Thripuraram,577467,0000,VILLAGE,Babasahabpet,Rural,432,1685,814,871,176,85,91,285,142,143,0,0,0,909,520,389,776,294,482,925,506,419,906,497,409,167,105,62,607,284,323,3,3,0,129,105,24,19,9,10,1,1,0,10,4,6,0,0,0,8,4,4,19,9,10,1,1,0,10,4,6,0,0,0,8,4,4,0,0,0,0,0,0,0,0,0,0,0,0,0,0,0,760,308,452
29,92,Miryalaguda,Nalgonda,18,Thripuraram,577468,0000,VILLAGE,Thripuraram,Rural,1427,5959,2961,2998,543,267,276,1184,615,569,220,48,172,3902,2159,1743,2057,802,1255,2518,1553,965,2164,1393,771,397,299,98,763,313,450,56,38,18,948,743,205,354,160,194,13,6,7,245,87,158,14,7,7,82,60,22,339,155,184,13,6,7,237,84,153,14,7,7,75,58,17,15,5,10,0,0,0,8,3,5,0,0,0,7,2,5,3441,1408,2033
29,92,Miryalaguda,Nalgonda,18,Thripuraram,577469,0000,VILLAGE,Bejjikal,Rural,942,3410,1685,1725,334,177,157,763,383,380,10,4,6,2008,1136,872,1402,549,853,1804,1008,796,1267,848,419,395,318,77,609,308,301,4,1,3,259,221,38,537,160,377,62,13,49,411,100,311,4,0,4,60,47,13,502,141,361,54,11,43,399,95,304,3,0,3,46,35,11,35,19,16,8,2,6,12,5,7,1,0,1,14,12,2,1606,677,929
29,92,Miryalaguda,Nalgonda,18,Thripuraram,577470,0000,VILLAGE,Anjanapalle,Rural,1265,4324,2127,2197,385,202,183,506,250,256,436,217,219,2492,1454,1038,1832,673,1159,2361,1256,1105,1843,1090,753,760,456,304,774,392,382,56,36,20,253,206,47,518,166,352,22,10,12,428,117,311,21,13,8,47,26,21,446,130,316,19,8,11,371,90,281,19,12,7,37,20,17,72,36,36,3,2,1,57,27,30,2,1,1,10,6,4,1963,871,1092
29,92,Miryalaguda,Nalgonda,18,Thripuraram,577471,0000,VILLAGE,Ragadapa,Rural,1387,5725,3017,2708,775,468,307,326,171,155,4684,2487,2197,2156,1487,669,3569,1530,2039,3328,1622,1706,2645,1488,1157,976,721,255,1438,597,841,18,11,7,213,159,54,683,134,549,23,5,18,621,112,509,2,0,2,37,17,20,669,132,537,22,5,17,609,110,499,2,0,2,36,17,19,14,2,12,1,0,1,12,2,10,0,0,0,1,0,1,2397,1395,1002
29,92,Miryalaguda,Nalgonda,18,Thripuraram,577472,0000,VILLAGE,Matur,Rural,1337,5481,2813,2668,672,378,294,157,85,72,4564,2354,2210,2531,1628,903,2950,1185,1765,2965,1484,1481,2843,1431,1412,474,317,157,2150,966,1184,23,8,15,196,140,56,122,53,69,4,1,3,96,37,59,1,1,0,21,14,7,105,42,63,4,1,3,92,36,56,0,0,0,9,5,4,17,11,6,0,0,0,4,1,3,1,1,0,12,9,3,2516,1329,1187
29,92,Miryalaguda,Nalgonda,18,Thripuraram,577473,0000,VILLAGE,Borraipalem,Rural,910,3607,1840,1767,428,238,190,563,290,273,1474,748,726,2002,1229,773,1605,611,994,1896,987,909,1676,897,779,242,175,67,1200,541,659,31,23,8,203,158,45,220,90,130,11,3,8,199,84,115,4,1,3,6,2,4,187,84,103,10,2,8,169,80,89,3,1,2,5,1,4,33,6,27,1,1,0,30,4,26,1,0,1,1,1,0,1711,853,858
29,92,Miryalaguda,Nalgonda,23,Adavi devula palli,577474,0000,VILLAGE,Mulka Charla,Rural,885,3753,1973,1780,603,332,271,321,169,152,2975,1571,1404,1249,880,369,2504,1093,1411,2126,1068,1058,1876,1028,848,753,546,207,968,355,613,9,6,3,146,121,25,250,40,210,4,2,2,231,32,199,0,0,0,15,6,9,225,36,189,4,2,2,212,29,183,0,0,0,9,5,4,25,4,21,0,0,0,19,3,16,0,0,0,6,1,5,1627,905,722
29,92,Miryalaguda,Nalgonda,23,Adavi devula palli,577475,0000,VILLAGE,Baleempalle,Rural,425,1637,819,818,191,87,104,53,25,28,887,451,436,674,442,232,963,377,586,1013,486,527,976,477,499,208,163,45,715,279,436,16,9,7,37,26,11,37,9,28,0,0,0,28,5,23,6,1,5,3,3,0,35,9,26,0,0,0,26,5,21,6,1,5,3,3,0,2,0,2,0,0,0,2,0,2,0,0,0,0,0,0,624,333,291
29,92,Miryalaguda,Nalgonda,23,Adavi devula palli,577476,0000,VILLAGE,Chityala,Rural,382,1403,695,708,237,113,124,36,19,17,662,320,342,344,248,96,1059,447,612,779,401,378,652,383,269,235,210,25,376,146,230,10,6,4,31,21,10,127,18,109,6,2,4,116,12,104,4,3,1,1,1,0,124,17,107,6,2,4,113,11,102,4,3,1,1,1,0,3,1,2,0,0,0,3,1,2,0,0,0,0,0,0,624,294,330
29,92,Miryalaguda,Nalgonda,23,Adavi devula palli,577477,0000,VILLAGE,Adavi devula palli,Rural,1891,7556,3843,3713,879,478,401,723,376,347,2123,1115,1008,3676,2238,1438,3880,1605,2275,4274,2199,2075,3979,2139,1840,393,242,151,2963,1411,1552,48,28,20,575,458,117,295,60,235,11,2,9,213,36,177,3,1,2,68,21,47,263,48,215,10,1,9,186,28,158,3,1,2,64,18,46,32,12,20,1,1,0,27,8,19,0,0,0,4,3,1,3282,1644,1638
29,92,Miryalaguda,Nalgonda,23,Adavi devula palli,577478,0000,VILLAGE,Ulshaya palem,Rural,349,1555,813,742,185,105,80,126,64,62,1194,624,570,644,433,211,911,380,531,902,451,451,898,448,450,210,163,47,626,236,390,9,5,4,53,44,9,4,3,1,0,0,0,3,3,0,0,0,0,1,0,1,3,2,1,0,0,0,2,2,0,0,0,0,1,0,1,1,1,0,0,0,0,1,1,0,0,0,0,0,0,0,653,362,291
29,92,Miryalaguda,Nalgonda,22,Damaracherla,577479,0000,VILLAGE,Timmapur,Rural,482,2076,1075,1001,283,154,129,179,91,88,1731,905,826,615,406,209,1461,669,792,1062,506,556,1053,502,551,301,156,145,728,326,402,0,0,0,24,20,4,9,4,5,1,0,1,5,2,3,0,0,0,3,2,1,8,4,4,0,0,0,5,2,3,0,0,0,3,2,1,1,0,1,1,0,1,0,0,0,0,0,0,0,0,0,1014,569,445
29,92,Miryalaguda,Nalgonda,22,Damaracherla,577480,0000,VILLAGE,Kallepally,Rural,501,2150,1101,1049,275,144,131,161,80,81,1611,827,784,915,610,305,1235,491,744,1192,579,613,1180,573,607,113,55,58,1040,499,541,4,2,2,23,17,6,12,6,6,0,0,0,10,5,5,1,1,0,1,0,1,12,6,6,0,0,0,10,5,5,1,1,0,1,0,1,0,0,0,0,0,0,0,0,0,0,0,0,0,0,0,958,522,436
29,92,Miryalaguda,Nalgonda,22,Damaracherla,577481,0000,VILLAGE,Dilawarpur,Rural,1353,5314,2714,2600,624,328,296,613,317,296,3328,1702,1626,2625,1679,946,2689,1035,1654,2811,1437,1374,2528,1354,1174,392,277,115,1893,868,1025,9,8,1,234,201,33,283,83,200,12,5,7,248,64,184,5,4,1,18,10,8,277,80,197,12,5,7,244,62,182,5,4,1,16,9,7,6,3,3,0,0,0,4,2,2,0,0,0,2,1,1,2503,1277,1226
29,92,Miryalaguda,Nalgonda,22,Damaracherla,577482,0000,VILLAGE,Kondrapolu,Rural,1292,5115,2593,2522,509,273,236,821,402,419,2682,1381,1301,2715,1679,1036,2400,914,1486,2722,1440,1282,2645,1417,1228,603,407,196,1558,643,915,10,7,3,474,360,114,77,23,54,7,2,5,59,16,43,0,0,0,11,5,6,72,21,51,7,2,5,55,14,41,0,0,0,10,5,5,5,2,3,0,0,0,4,2,2,0,0,0,1,0,1,2393,1153,1240
29,92,Miryalaguda,Nalgonda,22,Damaracherla,577483,0000,VILLAGE,Kesawapur,Rural,1074,4543,2225,2318,563,272,291,421,207,214,3154,1540,1614,1938,1195,743,2605,1030,1575,2557,1251,1306,2202,1167,1035,394,323,71,1562,656,906,16,8,8,230,180,50,355,84,271,15,4,11,326,72,254,4,1,3,10,7,3,352,84,268,14,4,10,325,72,253,3,1,2,10,7,3,3,0,3,1,0,1,1,0,1,1,0,1,0,0,0,1986,974,1012
29,92,Miryalaguda,Nalgonda,22,Damaracherla,577484,0000,VILLAGE,Dameracherla,Rural,3239,12710,6418,6292,1510,751,759,1756,876,880,2746,1412,1334,7030,4165,2865,5680,2253,3427,6541,3660,2881,5597,3387,2210,1213,887,326,2312,878,1434,60,35,25,2012,1587,425,944,273,671,20,3,17,728,192,536,40,9,31,156,69,87,840,239,601,18,3,15,662,174,488,25,5,20,135,57,78,104,34,70,2,0,2,66,18,48,15,4,11,21,12,9,6169,2758,3411
29,92,Miryalaguda,Nalgonda,22,Damaracherla,577485,0000,VILLAGE,Narasapur,Rural,368,1643,844,799,232,123,109,0,0,0,1420,735,685,783,499,284,860,345,515,912,461,451,897,453,444,274,148,126,550,249,301,3,3,0,70,53,17,15,8,7,3,2,1,10,4,6,0,0,0,2,2,0,14,8,6,3,2,1,9,4,5,0,0,0,2,2,0,1,0,1,0,0,0,1,0,1,0,0,0,0,0,0,731,383,348
29,92,Miryalaguda,Nalgonda,22,Damaracherla,577486,0000,VILLAGE,Veerlapalem,Rural,1129,4220,2140,2080,562,287,275,223,115,108,2382,1216,1166,1832,1201,631,2388,939,1449,2407,1171,1236,2324,1144,1180,607,355,252,1521,638,883,27,20,7,169,131,38,83,27,56,7,4,3,45,9,36,2,1,1,29,13,16,56,20,36,5,2,3,28,6,22,1,0,1,22,12,10,27,7,20,2,2,0,17,3,14,1,1,0,7,1,6,1813,969,844
29,92,Miryalaguda,Nalgonda,23,Adavi devula palli,577487,0000,VILLAGE,Mudimanikam,Rural,335,1345,684,661,166,78,88,66,35,31,13,6,7,575,351,224,770,333,437,785,410,375,639,352,287,125,95,30,361,150,211,1,1,0,152,106,46,146,58,88,70,23,47,65,28,37,2,2,0,9,5,4,66,41,25,16,9,7,41,26,15,2,2,0,7,4,3,80,17,63,54,14,40,24,2,22,0,0,0,2,1,1,560,274,286
29,92,Miryalaguda,Nalgonda,22,Damaracherla,577489,0000,VILLAGE,Thalla veerappa gudem,Rural,635,2372,1200,1172,235,117,118,319,163,156,29,16,13,1168,721,447,1204,479,725,1428,696,732,1298,651,647,237,134,103,957,435,522,3,1,2,101,81,20,130,45,85,3,0,3,106,32,74,0,0,0,21,13,8,120,44,76,3,0,3,96,31,65,0,0,0,21,13,8,10,1,9,0,0,0,10,1,9,0,0,0,0,0,0,944,504,440
29,92,Miryalaguda,Nalgonda,22,Damaracherla,577490,0000,VILLAGE,Irkigudem,Rural,382,1446,697,749,149,81,68,18,9,9,15,8,7,856,476,380,590,221,369,810,392,418,806,390,416,148,85,63,609,273,336,10,6,4,39,26,13,4,2,2,3,2,1,1,0,1,0,0,0,0,0,0,4,2,2,3,2,1,1,0,1,0,0,0,0,0,0,0,0,0,0,0,0,0,0,0,0,0,0,0,0,0,636,305,331
29,92,Miryalaguda,Nalgonda,22,Damaracherla,577491,0000,VILLAGE,Vada Palli,Rural,2145,8108,4078,4030,851,435,416,988,482,506,1231,616,615,4994,2813,2181,3114,1265,1849,3705,2356,1349,2330,1702,628,68,49,19,660,284,376,23,15,8,1579,1354,225,1375,654,721,22,10,12,811,249,562,33,14,19,509,381,128,845,466,379,19,10,9,481,197,284,19,9,10,326,250,76,530,188,342,3,0,3,330,52,278,14,5,9,183,131,52,4403,1722,2681
29,92,Miryalaguda,Nalgonda,21,Miryalaguda,577492,0000,VILLAGE,Goguvanigudem,Rural,357,1411,704,707,125,60,65,395,203,192,0,0,0,798,460,338,613,244,369,743,423,320,399,275,124,162,124,38,178,104,74,9,9,0,50,38,12,344,148,196,20,9,11,309,127,182,7,6,1,8,6,2,284,120,164,19,9,10,251,99,152,6,6,0,8,6,2,60,28,32,1,0,1,58,28,30,1,0,1,0,0,0,668,281,387
29,92,Miryalaguda,Nalgonda,21,Miryalaguda,577493,0000,VILLAGE,Ilapuram,Rural,482,1896,983,913,221,115,106,3,1,2,1608,841,767,890,573,317,1006,410,596,1132,574,558,548,516,32,110,108,2,348,323,25,0,0,0,90,85,5,584,58,526,16,2,14,557,51,506,0,0,0,11,5,6,568,55,513,16,2,14,542,49,493,0,0,0,10,4,6,16,3,13,0,0,0,15,2,13,0,0,0,1,1,0,764,409,355
29,92,Miryalaguda,Nalgonda,21,Miryalaguda,577494,0000,VILLAGE,Chillapuram,Rural,351,1425,711,714,127,60,67,348,167,181,214,112,102,846,472,374,579,239,340,725,402,323,363,322,41,144,139,5,68,47,21,8,8,0,143,128,15,362,80,282,1,0,1,355,77,278,0,0,0,6,3,3,335,80,255,1,0,1,329,77,252,0,0,0,5,3,2,27,0,27,0,0,0,26,0,26,0,0,0,1,0,1,700,309,391
29,92,Miryalaguda,Nalgonda,21,Miryalaguda,577495,0000,VILLAGE,Thunga Pahad,Rural,1655,6719,3468,3251,695,373,322,833,419,414,3126,1634,1492,3719,2282,1437,3000,1186,1814,3255,1819,1436,2909,1652,1257,784,566,218,1542,620,922,35,23,12,548,443,105,346,167,179,18,11,7,235,91,144,32,18,14,61,47,14,330,161,169,17,10,7,223,88,135,30,17,13,60,46,14,16,6,10,1,1,0,12,3,9,2,1,1,1,1,0,3464,1649,1815
29,92,Miryalaguda,Nalgonda,21,Miryalaguda,577496,0000,VILLAGE,Nandi Phad,Rural,1496,5916,3038,2878,618,335,283,900,461,439,2330,1205,1125,3441,2049,1392,2475,989,1486,2761,1680,1081,2156,1599,557,449,379,70,580,260,320,7,5,2,1120,955,165,605,81,524,9,7,2,559,56,503,2,0,2,35,18,17,569,75,494,8,6,2,527,53,474,2,0,2,32,16,16,36,6,30,1,1,0,32,3,29,0,0,0,3,2,1,3155,1358,1797
29,92,Miryalaguda,Nalgonda,21,Miryalaguda,577497,0000,VILLAGE,Yadgarpalli,Rural,1107,4091,2015,2076,384,200,184,885,427,458,15,7,8,2300,1297,1003,1791,718,1073,2134,1193,941,1836,1138,698,169,149,20,1101,549,552,12,8,4,554,432,122,298,55,243,8,4,4,247,36,211,4,1,3,39,14,25,281,55,226,8,4,4,233,36,197,3,1,2,37,14,23,17,0,17,0,0,0,14,0,14,1,0,1,2,0,2,1957,822,1135
29,92,Miryalaguda,Nalgonda,21,Miryalaguda,577498,0000,VILLAGE,Vootla Palli,Rural,848,2907,1468,1439,243,126,117,1058,537,521,12,6,6,1662,990,672,1245,478,767,1515,834,681,1503,826,677,138,114,24,1110,512,598,6,5,1,249,195,54,12,8,4,0,0,0,1,0,1,0,0,0,11,8,3,11,7,4,0,0,0,1,0,1,0,0,0,10,7,3,1,1,0,0,0,0,0,0,0,0,0,0,1,1,0,1392,634,758
29,92,Miryalaguda,Nalgonda,21,Miryalaguda,577499,0000,VILLAGE,Takkellapahad,Rural,736,2810,1450,1360,285,156,129,951,488,463,253,135,118,1429,879,550,1381,571,810,1478,752,726,590,406,184,112,101,11,281,139,142,20,17,3,177,149,28,888,346,542,14,12,2,742,257,485,38,14,24,94,63,31,832,333,499,13,11,2,717,252,465,19,11,8,83,59,24,56,13,43,1,1,0,25,5,20,19,3,16,11,4,7,1332,698,634
29,92,Miryalaguda,Nalgonda,21,Miryalaguda,577500,0000,VILLAGE,Tadkamalla,Rural,1510,5588,2776,2812,519,263,256,1026,508,518,622,310,312,2984,1673,1311,2604,1103,1501,2903,1603,1300,2808,1567,1241,573,437,136,1901,856,1045,23,19,4,311,255,56,95,36,59,2,1,1,83,28,55,1,0,1,9,7,2,77,34,43,1,1,0,67,26,41,1,0,1,8,7,1,18,2,16,1,0,1,16,2,14,0,0,0,1,0,1,2685,1173,1512
29,92,Miryalaguda,Nalgonda,21,Miryalaguda,577501,0000,VILLAGE,Narsimhulaguda,Rural,219,906,448,458,86,41,45,12,5,7,255,132,123,455,261,194,451,187,264,498,268,230,450,243,207,147,119,28,245,94,151,3,2,1,55,28,27,48,25,23,1,1,0,43,20,23,1,1,0,3,3,0,9,6,3,1,1,0,5,2,3,0,0,0,3,3,0,39,19,20,0,0,0,38,18,20,1,1,0,0,0,0,408,180,228
29,92,Miryalaguda,Nalgonda,21,Miryalaguda,577502,0000,VILLAGE,Kalvapalli,Rural,471,1824,915,909,215,118,97,395,207,188,560,271,289,977,575,402,847,340,507,1040,564,476,732,486,246,229,172,57,346,189,157,4,3,1,153,122,31,308,78,230,57,6,51,229,55,174,1,0,1,21,17,4,303,75,228,57,6,51,227,55,172,1,0,1,18,14,4,5,3,2,0,0,0,2,0,2,0,0,0,3,3,0,784,351,433
29,92,Miryalaguda,Nalgonda,21,Miryalaguda,577503,0000,VILLAGE,Gudur,Rural,775,2901,1463,1438,270,143,127,694,348,346,999,500,499,1660,981,679,1241,482,759,1589,820,769,1247,655,592,177,115,62,807,334,473,20,11,9,243,195,48,342,165,177,75,35,40,219,90,129,5,3,2,43,37,6,336,162,174,75,35,40,215,87,128,4,3,1,42,37,5,6,3,3,0,0,0,4,3,1,1,0,1,1,0,1,1312,643,669
29,92,Miryalaguda,Nalgonda,21,Miryalaguda,577504,0000,VILLAGE,Hyolapuram,Rural,47,179,87,92,23,11,12,22,10,12,0,0,0,117,63,54,62,24,38,61,47,14,60,46,14,5,5,0,32,20,12,0,0,0,23,21,2,1,1,0,0,0,0,1,1,0,0,0,0,0,0,0,1,1,0,0,0,0,1,1,0,0,0,0,0,0,0,0,0,0,0,0,0,0,0,0,0,0,0,0,0,0,118,40,78
29,92,Miryalaguda,Nalgonda,21,Miryalaguda,577505,0000,VILLAGE,Venkatadri Palem,Rural,2075,7940,3968,3972,894,441,453,1463,714,749,1476,768,708,4587,2660,1927,3353,1308,2045,3557,2172,1385,2859,1973,886,207,169,38,769,324,445,38,20,18,1845,1460,385,698,199,499,12,7,5,488,91,397,6,0,6,192,101,91,645,180,465,10,6,4,449,78,371,5,0,5,181,96,85,53,19,34,2,1,1,39,13,26,1,0,1,11,5,6,4383,1796,2587
29,92,Miryalaguda,Nalgonda,21,Miryalaguda,577506,0000,VILLAGE,Annaram,Rural,575,2014,1052,962,194,109,85,250,137,113,356,187,169,1141,713,428,873,339,534,1126,630,496,830,543,287,285,219,66,350,162,188,5,4,1,190,158,32,296,87,209,49,17,32,224,56,168,0,0,0,23,14,9,240,58,182,35,11,24,188,38,150,0,0,0,17,9,8,56,29,27,14,6,8,36,18,18,0,0,0,6,5,1,888,422,466
29,92,Miryalaguda,Nalgonda,21,Miryalaguda,577507,0000,VILLAGE,Zaptiveerappa guda,Rural,632,2628,1363,1265,263,144,119,357,183,174,1320,702,618,1296,818,478,1332,545,787,1425,770,655,1412,764,648,138,114,24,1104,515,589,3,3,0,167,132,35,13,6,7,2,1,1,5,3,2,1,0,1,5,2,3,13,6,7,2,1,1,5,3,2,1,0,1,5,2,3,0,0,0,0,0,0,0,0,0,0,0,0,0,0,0,1203,593,610
29,92,Miryalaguda,Nalgonda,21,Miryalaguda,577508,0000,VILLAGE,Chintha Palli,Rural,806,3179,1625,1554,286,159,127,395,213,182,1674,863,811,1743,1079,664,1436,546,890,1663,876,787,739,562,177,227,177,50,256,171,85,6,5,1,250,209,41,924,314,610,10,2,8,839,259,580,10,4,6,65,49,16,848,300,548,9,2,7,765,246,519,10,4,6,64,48,16,76,14,62,1,0,1,74,13,61,0,0,0,1,1,0,1516,749,767
29,92,Miryalaguda,Nalgonda,21,Miryalaguda,577509,0000,VILLAGE,Kothaguda,Rural,610,2391,1236,1155,237,123,114,689,343,346,834,451,383,1411,854,557,980,382,598,1315,699,616,1243,667,576,121,109,12,861,365,496,31,21,10,230,172,58,72,32,40,0,0,0,34,7,27,13,5,8,25,20,5,66,28,38,0,0,0,33,7,26,12,5,7,21,16,5,6,4,2,0,0,0,1,0,1,1,0,1,4,4,0,1076,537,539
29,92,Miryalaguda,Nalgonda,21,Miryalaguda,577510,0000,VILLAGE,Kista Puram,Rural,273,950,478,472,82,46,36,202,103,99,232,122,110,572,338,234,378,140,238,545,274,271,427,216,211,195,96,99,152,51,101,0,0,0,80,69,11,118,58,60,30,8,22,35,9,26,0,0,0,53,41,12,112,57,55,25,7,18,35,9,26,0,0,0,52,41,11,6,1,5,5,1,4,0,0,0,0,0,0,1,0,1,405,204,201
29,92,Miryalaguda,Nalgonda,21,Miryalaguda,577511,0000,VILLAGE,Rudraram,Rural,748,2774,1376,1398,291,141,150,539,261,278,318,166,152,1492,871,621,1282,505,777,1538,823,715,1430,807,623,258,190,68,911,400,511,14,6,8,247,211,36,108,16,92,1,0,1,97,10,87,2,0,2,8,6,2,106,16,90,1,0,1,96,10,86,2,0,2,7,6,1,2,0,2,0,0,0,1,0,1,0,0,0,1,0,1,1236,553,683
29,92,Miryalaguda,Nalgonda,21,Miryalaguda,577512,0000,VILLAGE,Mulkalkalva,Rural,246,922,466,456,86,46,40,184,88,96,0,0,0,455,262,193,467,204,263,564,286,278,552,276,276,12,9,3,511,245,266,1,1,0,28,21,7,12,10,2,0,0,0,5,4,1,0,0,0,7,6,1,12,10,2,0,0,0,5,4,1,0,0,0,7,6,1,0,0,0,0,0,0,0,0,0,0,0,0,0,0,0,358,180,178
29,92,Miryalaguda,Nalgonda,21,Miryalaguda,577513,0000,VILLAGE,Rayan palem,Rural,666,2587,1332,1255,258,152,106,364,188,176,761,402,359,1174,708,466,1413,624,789,1494,768,726,1469,760,709,447,243,204,922,448,474,8,7,1,92,62,30,25,8,17,2,0,2,16,4,12,0,0,0,7,4,3,20,6,14,2,0,2,12,2,10,0,0,0,6,4,2,5,2,3,0,0,0,4,2,2,0,0,0,1,0,1,1093,564,529
29,92,Miryalaguda,Nalgonda,21,Miryalaguda,577514,0000,VILLAGE,Alagadapa,Rural,1890,6962,3453,3509,694,353,341,2258,1123,1135,240,126,114,3938,2313,1625,3024,1140,1884,3566,1932,1634,2753,1597,1156,419,304,115,1590,706,884,41,26,15,703,561,142,813,335,478,29,5,24,684,265,419,19,10,9,81,55,26,786,324,462,28,5,23,673,260,413,17,9,8,68,50,18,27,11,16,1,0,1,11,5,6,2,1,1,13,5,8,3396,1521,1875
29,91,Nalgonda,Nalgonda,01,Chityala,576878,0001,WARD,Chityala,Urban,3399,13752,7052,6700,1388,720,668,2321,1182,1139,197,103,94,9597,5483,4114,4155,1569,2586,5499,3762,1737,4817,3477,1340,251,192,59,735,229,506,248,164,84,3583,2892,691,682,285,397,4,1,3,420,167,253,39,18,21,219,99,120,642,272,370,4,1,3,403,165,238,37,17,20,198,89,109,40,13,27,0,0,0,17,2,15,2,1,1,21,10,11,8253,3290,4963
29,91,Nalgonda,Nalgonda,05,Nakrekal,576931,0001,WARD,Nakrekal,Urban,7177,29126,14345,14781,2798,1414,1384,4660,2001,2659,212,107,105,21070,11368,9702,8056,2977,5079,10923,7400,3523,9373,6805,2568,388,334,54,1729,723,1006,625,445,180,6631,5303,1328,1550,595,955,10,8,2,765,194,571,241,81,160,534,312,222,1413,556,857,9,7,2,702,188,514,221,76,145,481,285,196,137,39,98,1,1,0,63,6,57,20,5,15,53,27,26,18203,6945,11258
29,93,Devarakonda,Nalgonda,28,Kondamallapally,577258,0001,WARD,Kondamallapalle,Urban,2048,9683,5155,4528,1205,654,551,1305,658,647,1717,951,766,6144,3684,2460,3539,1471,2068,3318,2308,1010,3186,2259,927,393,269,124,571,253,318,105,85,20,2117,1652,465,132,49,83,6,3,3,29,10,19,12,0,12,85,36,49,124,46,78,6,3,3,28,10,18,10,0,10,80,33,47,8,3,5,0,0,0,1,0,1,2,0,2,5,3,2,6365,2847,3518
29,93,Devarakonda,Nalgonda,29,Devarakonda,577259,0001,WARD,Devarakonda,Urban,6433,29731,15287,14444,3189,1607,1582,2894,1402,1492,3720,2263,1457,21631,12262,9369,8100,3025,5075,10066,7233,2833,8205,6285,1920,312,248,64,385,198,187,250,172,78,7258,5667,1591,1861,948,913,46,36,10,220,94,126,233,141,92,1362,677,685,1360,677,683,23,14,9,127,51,76,147,80,67,1063,532,531,501,271,230,23,22,1,93,43,50,86,61,25,299,145,154,19665,8054,11611
29,91,Nalgonda,Nalgonda,11,Chandur,577305,0001,WARD,Chandur,Urban,2606,10880,5401,5479,929,493,436,837,378,459,122,70,52,7259,4033,3226,3621,1368,2253,4626,2807,1819,4212,2664,1548,112,93,19,1101,433,668,460,270,190,2539,1868,671,414,143,271,3,0,3,121,21,100,8,2,6,282,120,162,304,106,198,3,0,3,97,19,78,7,2,5,197,85,112,110,37,73,0,0,0,24,2,22,1,0,1,85,35,50,6254,2594,3660
29,92,Miryalaguda,Nalgonda,25,Peddavura,577407,0001,WARD,Vijayapuru North (U),Urban,4254,15887,7752,8135,1630,816,814,3086,1483,1603,1003,478,525,11393,6159,5234,4494,1593,2901,5718,4071,1647,4583,3474,1109,39,32,7,150,102,48,66,49,17,4328,3291,1037,1135,597,538,7,4,3,285,123,162,32,18,14,811,452,359,919,524,395,7,4,3,196,100,96,25,14,11,691,406,285,216,73,143,0,0,0,89,23,66,7,4,3,120,46,74,10169,3681,6488
29,91,Nalgonda,Nalgonda,08,Nalgonda,802928,0001,WARD,Nalgonda (M),Urban,1090,4425,2178,2247,448,217,231,381,178,203,52,25,27,3309,1765,1544,1116,413,703,1650,1201,449,1369,1027,342,36,26,10,48,30,18,135,69,66,1150,902,248,281,174,107,2,0,2,6,2,4,14,4,10,259,168,91,268,167,101,2,0,2,6,2,4,11,3,8,249,162,87,13,7,6,0,0,0,0,0,0,3,1,2,10,6,4,2775,977,1798
29,92,Miryalaguda,Nalgonda,21,Miryalaguda,802929,0001,WARD,Miryalaguda(M),Urban,1494,5833,2867,2966,561,278,283,957,466,491,267,138,129,4325,2295,2030,1508,572,936,2249,1574,675,1984,1528,456,47,41,6,136,68,68,53,26,27,1748,1393,355,265,46,219,2,0,2,40,7,33,4,0,4,219,39,180,244,45,199,2,0,2,32,6,26,3,0,3,207,39,168,21,1,20,0,0,0,8,1,7,1,0,1,12,0,12,3584,1293,2291
29,91,Nalgonda,Nalgonda,08,Nalgonda,802928,0002,WARD,Nalgonda (M),Urban,783,3450,1688,1762,360,183,177,1048,510,538,0,0,0,2484,1360,1124,966,328,638,1157,862,295,915,693,222,1,1,0,9,7,2,2,1,1,903,684,219,242,169,73,1,0,1,9,4,5,1,1,0,231,164,67,226,165,61,1,0,1,8,4,4,1,1,0,216,160,56,16,4,12,0,0,0,1,0,1,0,0,0,15,4,11,2293,826,1467
29,92,Miryalaguda,Nalgonda,21,Miryalaguda,802929,0002,WARD,Miryalaguda(M),Urban,408,1622,782,840,153,83,70,1328,632,696,0,0,0,1128,613,515,494,169,325,655,429,226,578,391,187,2,2,0,11,1,10,12,4,8,553,384,169,77,38,39,0,0,0,44,20,24,4,3,1,29,15,14,72,35,37,0,0,0,42,18,24,4,3,1,26,14,12,5,3,2,0,0,0,2,2,0,0,0,0,3,1,2,967,353,614
29,91,Nalgonda,Nalgonda,08,Nalgonda,802928,0003,WARD,Nalgonda (M),Urban,921,4242,2086,2156,406,194,212,1022,504,518,0,0,0,3335,1739,1596,907,347,560,1330,1053,277,1168,958,210,1,1,0,12,8,4,29,23,6,1126,926,200,162,95,67,2,2,0,2,1,1,1,1,0,157,91,66,86,58,28,2,2,0,2,1,1,0,0,0,82,55,27,76,37,39,0,0,0,0,0,0,1,1,0,75,36,39,2912,1033,1879
29,92,Miryalaguda,Nalgonda,21,Miryalaguda,802929,0003,WARD,Miryalaguda(M),Urban,271,1123,526,597,116,53,63,810,363,447,0,0,0,741,398,343,382,128,254,435,301,134,418,293,125,7,7,0,6,4,2,4,0,4,401,282,119,17,8,9,1,1,0,0,0,0,2,2,0,14,5,9,17,8,9,1,1,0,0,0,0,2,2,0,14,5,9,0,0,0,0,0,0,0,0,0,0,0,0,0,0,0,688,225,463
29,91,Nalgonda,Nalgonda,08,Nalgonda,802928,0004,WARD,Nalgonda (M),Urban,4501,19368,9892,9476,2133,1099,1034,1659,838,821,395,195,200,15300,8250,7050,4068,1642,2426,6596,4947,1649,5619,4453,1166,249,220,29,137,111,26,183,133,50,5050,3989,1061,977,494,483,20,15,5,17,7,10,247,34,213,693,438,255,477,294,183,19,14,5,11,3,8,38,17,21,409,260,149,500,200,300,1,1,0,6,4,2,209,17,192,284,178,106,12772,4945,7827
29,92,Miryalaguda,Nalgonda,21,Miryalaguda,802929,0004,WARD,Miryalaguda(M),Urban,252,1022,500,522,85,47,38,28,13,15,13,6,7,773,399,374,249,101,148,420,302,118,317,284,33,7,7,0,7,3,4,6,6,0,297,268,29,103,18,85,0,0,0,33,1,32,9,2,7,61,15,46,96,16,80,0,0,0,30,1,29,7,1,6,59,14,45,7,2,5,0,0,0,3,0,3,2,1,1,2,1,1,602,198,404
29,91,Nalgonda,Nalgonda,08,Nalgonda,802928,0005,WARD,Nalgonda (M),Urban,6836,30330,14925,15405,3452,1758,1694,5090,2423,2667,319,159,160,23825,12391,11434,6505,2534,3971,9528,7277,2251,8496,6667,1829,157,135,22,179,129,50,342,235,107,7818,6168,1650,1032,610,422,15,9,6,44,20,24,67,31,36,906,550,356,968,575,393,15,9,6,36,17,19,56,23,33,861,526,335,64,35,29,0,0,0,8,3,5,11,8,3,45,24,21,20802,7648,13154
29,92,Miryalaguda,Nalgonda,21,Miryalaguda,802929,0005,WARD,Miryalaguda(M),Urban,1264,4957,2475,2482,567,308,259,335,167,168,72,38,34,3286,1823,1463,1671,652,1019,2128,1425,703,1719,1318,401,6,4,2,127,50,77,54,35,19,1532,1229,303,409,107,302,2,0,2,174,26,148,25,5,20,208,76,132,393,102,291,2,0,2,169,26,143,22,4,18,200,72,128,16,5,11,0,0,0,5,0,5,3,1,2,8,4,4,2829,1050,1779
29,91,Nalgonda,Nalgonda,08,Nalgonda,802928,0006,WARD,Nalgonda (M),Urban,11805,47584,24062,23522,4712,2487,2225,3820,1909,1911,698,361,337,38433,20467,17966,9151,3595,5556,17142,12469,4673,15849,11943,3906,177,161,16,109,70,39,509,297,212,15054,11415,3639,1293,526,767,36,20,16,42,15,27,201,31,170,1014,460,554,1173,498,675,35,20,15,37,14,23,168,25,143,933,439,494,120,28,92,1,0,1,5,1,4,33,6,27,81,21,60,30442,11593,18849
29,92,Miryalaguda,Nalgonda,21,Miryalaguda,802929,0006,WARD,Miryalaguda(M),Urban,1181,4511,2268,2243,527,259,268,321,165,156,65,37,28,3265,1813,1452,1246,455,791,1708,1264,444,1391,1095,296,17,15,2,44,24,20,43,36,7,1287,1020,267,317,169,148,0,0,0,25,17,8,29,5,24,263,147,116,301,166,135,0,0,0,24,16,8,24,5,19,253,145,108,16,3,13,0,0,0,1,1,0,5,0,5,10,2,8,2803,1004,1799
29,91,Nalgonda,Nalgonda,08,Nalgonda,802928,0007,WARD,Nalgonda (M),Urban,3463,14348,7141,7207,1526,772,754,2592,1285,1307,203,95,108,9758,5474,4284,4590,1667,2923,5792,3770,2022,5132,3488,1644,208,165,43,935,387,548,163,94,69,3826,2842,984,660,282,378,12,7,5,196,26,170,22,7,15,430,242,188,628,274,354,12,7,5,186,24,162,18,5,13,412,238,174,32,8,24,0,0,0,10,2,8,4,2,2,18,4,14,8556,3371,5185
29,92,Miryalaguda,Nalgonda,21,Miryalaguda,802929,0007,WARD,Miryalaguda(M),Urban,3567,13729,6855,6874,1491,759,732,607,304,303,316,158,158,10048,5419,4629,3681,1436,2245,5149,3862,1287,4604,3672,932,100,95,5,270,140,130,182,87,95,4052,3350,702,545,190,355,15,3,12,126,21,105,40,1,39,364,165,199,494,174,320,15,3,12,116,19,97,36,1,35,327,151,176,51,16,35,0,0,0,10,2,8,4,0,4,37,14,23,8580,2993,5587
29,91,Nalgonda,Nalgonda,08,Nalgonda,802928,0008,WARD,Nalgonda (M),Urban,2893,11997,5999,5998,1256,678,578,2420,1174,1246,181,91,90,9014,4840,4174,2983,1159,1824,4313,3036,1277,3847,2832,1015,74,57,17,243,130,113,71,45,26,3459,2600,859,466,204,262,6,4,2,107,26,81,42,12,30,311,162,149,432,191,241,6,4,2,101,26,75,34,9,25,291,152,139,34,13,21,0,0,0,6,0,6,8,3,5,20,10,10,7684,2963,4721
29,92,Miryalaguda,Nalgonda,21,Miryalaguda,802929,0008,WARD,Miryalaguda(M),Urban,160,609,297,312,63,27,36,4,3,1,9,4,5,447,250,197,162,47,115,252,177,75,228,175,53,6,6,0,10,3,7,0,0,0,212,166,46,24,2,22,1,0,1,1,0,1,0,0,0,22,2,20,23,2,21,1,0,1,1,0,1,0,0,0,21,2,19,1,0,1,0,0,0,0,0,0,0,0,0,1,0,1,357,120,237
29,91,Nalgonda,Nalgonda,08,Nalgonda,577105,0009,WARD,Nalgonda,Urban,613,2443,1275,1168,316,175,141,397,203,194,214,105,109,1591,921,670,852,354,498,1000,665,335,760,535,225,18,13,5,19,10,9,14,9,5,709,503,206,240,130,110,2,1,1,14,6,8,33,17,16,191,106,85,144,80,64,1,1,0,7,3,4,16,11,5,120,65,55,96,50,46,1,0,1,7,3,4,17,6,11,71,41,30,1443,610,833
29,92,Miryalaguda,Nalgonda,21,Miryalaguda,802929,0009,WARD,Miryalaguda(M),Urban,319,1305,646,659,122,54,68,25,12,13,2,1,1,1056,568,488,249,78,171,447,357,90,424,353,71,4,4,0,3,1,2,14,10,4,403,338,65,23,4,19,1,1,0,0,0,0,4,0,4,18,3,15,22,3,19,1,1,0,0,0,0,4,0,4,17,2,15,1,1,0,0,0,0,0,0,0,0,0,0,1,1,0,858,289,569
29,91,Nalgonda,Nalgonda,08,Nalgonda,577106,0010,WARD,Panagallu,Urban,605,2413,1217,1196,273,136,137,949,487,462,121,62,59,1325,774,551,1088,443,645,1210,642,568,733,423,310,81,56,25,162,59,103,11,5,6,479,303,176,477,219,258,2,1,1,316,90,226,0,0,0,159,128,31,476,218,258,2,1,1,316,90,226,0,0,0,158,127,31,1,1,0,0,0,0,0,0,0,0,0,0,1,1,0,1203,575,628
29,92,Miryalaguda,Nalgonda,21,Miryalaguda,802929,0010,WARD,Miryalaguda(M),Urban,127,503,242,261,46,23,23,4,2,2,0,0,0,398,204,194,105,38,67,185,140,45,180,138,42,0,0,0,3,3,0,3,0,3,174,135,39,5,2,3,0,0,0,0,0,0,0,0,0,5,2,3,3,1,2,0,0,0,0,0,0,0,0,0,3,1,2,2,1,1,0,0,0,0,0,0,0,0,0,2,1,1,318,102,216
29,91,Nalgonda,Nalgonda,08,Nalgonda,577107,0011,WARD,Golla guda,Urban,769,3320,1639,1681,366,178,188,898,411,487,14,9,5,2396,1277,1119,924,362,562,1118,859,259,1076,839,237,18,16,2,39,18,21,61,53,8,958,752,206,42,20,22,0,0,0,1,1,0,3,2,1,38,17,21,38,20,18,0,0,0,1,1,0,2,2,0,35,17,18,4,0,4,0,0,0,0,0,0,1,0,1,3,0,3,2202,780,1422
29,92,Miryalaguda,Nalgonda,21,Miryalaguda,802929,0011,WARD,Miryalaguda(M),Urban,236,891,452,439,80,49,31,15,7,8,22,12,10,681,363,318,210,89,121,356,249,107,325,248,77,4,3,1,47,17,30,4,2,2,270,226,44,31,1,30,0,0,0,0,0,0,0,0,0,31,1,30,22,1,21,0,0,0,0,0,0,0,0,0,22,1,21,9,0,9,0,0,0,0,0,0,0,0,0,9,0,9,535,203,332
29,91,Nalgonda,Nalgonda,08,Nalgonda,577108,0012,WARD,Arijalabavi,Urban,513,2029,1029,1000,204,106,98,625,306,319,24,12,12,1327,755,572,702,274,428,916,557,359,768,527,241,108,75,33,98,35,63,6,3,3,556,414,142,148,30,118,2,0,2,68,0,68,1,0,1,77,30,47,134,26,108,2,0,2,62,0,62,1,0,1,69,26,43,14,4,10,0,0,0,6,0,6,0,0,0,8,4,4,1113,472,641
29,92,Miryalaguda,Nalgonda,21,Miryalaguda,802929,0012,WARD,Miryalaguda(M),Urban,281,1168,590,578,110,57,53,29,14,15,7,4,3,958,503,455,210,87,123,443,315,128,336,306,30,2,2,0,1,1,0,11,7,4,322,296,26,107,9,98,0,0,0,2,1,1,11,3,8,94,5,89,94,9,85,0,0,0,2,1,1,11,3,8,81,5,76,13,0,13,0,0,0,0,0,0,0,0,0,13,0,13,725,275,450
29,91,Nalgonda,Nalgonda,08,Nalgonda,577109,0013,WARD,Gandhamvarigudem,Urban,1004,4128,2079,2049,491,265,226,449,222,227,131,66,65,2603,1445,1158,1525,634,891,1741,1102,639,1644,1079,565,184,145,39,677,319,358,43,33,10,740,582,158,97,23,74,0,0,0,63,7,56,2,1,1,32,15,17,89,18,71,0,0,0,61,6,55,2,1,1,26,11,15,8,5,3,0,0,0,2,1,1,0,0,0,6,4,2,2387,977,1410
29,92,Miryalaguda,Nalgonda,21,Miryalaguda,802929,0013,WARD,Miryalaguda(M),Urban,256,1048,549,499,86,48,38,30,15,15,17,9,8,907,489,418,141,60,81,334,282,52,327,279,48,8,8,0,5,4,1,1,1,0,313,266,47,7,3,4,0,0,0,0,0,0,0,0,0,7,3,4,5,3,2,0,0,0,0,0,0,0,0,0,5,3,2,2,0,2,0,0,0,0,0,0,0,0,0,2,0,2,714,267,447
29,91,Nalgonda,Nalgonda,08,Nalgonda,577110,0014,WARD,Marriguda,Urban,1030,4249,2110,2139,396,200,196,1332,646,686,45,20,25,2711,1529,1182,1538,581,957,1941,1130,811,1477,922,555,277,172,105,312,111,201,16,10,6,872,629,243,464,208,256,29,15,14,271,73,198,11,8,3,153,112,41,451,202,249,29,15,14,264,72,192,10,7,3,148,108,40,13,6,7,0,0,0,7,1,6,1,1,0,5,4,1,2308,980,1328
29,92,Miryalaguda,Nalgonda,21,Miryalaguda,802929,0014,WARD,Miryalaguda(M),Urban,1938,7540,3825,3715,819,428,391,319,153,166,284,148,136,5615,3061,2554,1925,764,1161,2466,2024,442,2195,1850,345,9,8,1,14,9,5,24,15,9,2148,1818,330,271,174,97,1,1,0,21,8,13,17,8,9,232,157,75,209,138,71,1,1,0,10,3,7,15,7,8,183,127,56,62,36,26,0,0,0,11,5,6,2,1,1,49,30,19,5074,1801,3273
29,92,Miryalaguda,Nalgonda,21,Miryalaguda,802929,0015,WARD,Miryalaguda(M),Urban,117,439,209,230,39,19,20,41,21,20,2,1,1,358,184,174,81,25,56,126,96,30,123,96,27,0,0,0,1,0,1,9,6,3,113,90,23,3,0,3,0,0,0,0,0,0,3,0,3,0,0,0,1,0,1,0,0,0,0,0,0,1,0,1,0,0,0,2,0,2,0,0,0,0,0,0,2,0,2,0,0,0,313,113,200
29,92,Miryalaguda,Nalgonda,21,Miryalaguda,802929,0016,WARD,Miryalaguda(M),Urban,270,1082,549,533,82,43,39,151,73,78,19,10,9,860,489,371,222,60,162,342,276,66,339,273,66,2,2,0,4,4,0,3,2,1,330,265,65,3,3,0,0,0,0,0,0,0,0,0,0,3,3,0,3,3,0,0,0,0,0,0,0,0,0,0,3,3,0,0,0,0,0,0,0,0,0,0,0,0,0,0,0,0,740,273,467
29,92,Miryalaguda,Nalgonda,21,Miryalaguda,802929,0017,WARD,Miryalaguda(M),Urban,62,242,132,110,18,8,10,45,28,17,4,2,2,207,121,86,35,11,24,71,59,12,70,59,11,3,3,0,0,0,0,0,0,0,67,56,11,1,0,1,0,0,0,1,0,1,0,0,0,0,0,0,1,0,1,0,0,0,1,0,1,0,0,0,0,0,0,0,0,0,0,0,0,0,0,0,0,0,0,0,0,0,171,73,98
29,92,Miryalaguda,Nalgonda,21,Miryalaguda,802929,0018,WARD,Miryalaguda(M),Urban,4588,18126,9205,8921,1847,953,894,897,437,460,1151,567,584,14224,7674,6550,3902,1531,2371,6280,4978,1302,6061,4917,1144,150,142,8,94,51,43,62,35,27,5755,4689,1066,219,61,158,3,1,2,15,1,14,17,4,13,184,55,129,187,57,130,3,1,2,11,1,10,13,4,9,160,51,109,32,4,28,0,0,0,4,0,4,4,0,4,24,4,20,11846,4227,7619
29,92,Miryalaguda,Nalgonda,21,Miryalaguda,802929,0019,WARD,Miryalaguda(M),Urban,2449,9605,4751,4854,1041,536,505,2011,953,1058,571,295,276,7195,3822,3373,2410,929,1481,3574,2637,937,3286,2500,786,93,87,6,112,57,55,60,23,37,3021,2333,688,288,137,151,2,0,2,23,7,16,15,1,14,248,129,119,181,91,90,1,0,1,19,7,12,10,1,9,151,83,68,107,46,61,1,0,1,4,0,4,5,0,5,97,46,51,6031,2114,3917
29,92,Miryalaguda,Nalgonda,21,Miryalaguda,802929,0020,WARD,Miryalaguda(M),Urban,287,1124,551,573,119,59,60,91,45,46,20,9,11,921,467,454,203,84,119,390,309,81,362,291,71,11,11,0,2,1,1,4,3,1,345,276,69,28,18,10,0,0,0,6,1,5,0,0,0,22,17,5,28,18,10,0,0,0,6,1,5,0,0,0,22,17,5,0,0,0,0,0,0,0,0,0,0,0,0,0,0,0,734,242,492
29,92,Miryalaguda,Nalgonda,21,Miryalaguda,802929,0021,WARD,Miryalaguda(M),Urban,288,1206,582,624,145,74,71,28,13,15,13,6,7,925,477,448,281,105,176,351,307,44,346,304,42,7,6,1,0,0,0,1,0,1,338,298,40,5,3,2,0,0,0,1,1,0,1,0,1,3,2,1,4,3,1,0,0,0,1,1,0,0,0,0,3,2,1,1,0,1,0,0,0,0,0,0,1,0,1,0,0,0,855,275,580
29,92,Miryalaguda,Nalgonda,21,Miryalaguda,802929,0022,WARD,Miryalaguda(M),Urban,119,531,261,270,53,25,28,12,7,5,44,21,23,439,229,210,92,32,60,172,143,29,166,140,26,0,0,0,0,0,0,0,0,0,166,140,26,6,3,3,0,0,0,0,0,0,0,0,0,6,3,3,3,2,1,0,0,0,0,0,0,0,0,0,3,2,1,3,1,2,0,0,0,0,0,0,0,0,0,3,1,2,359,118,241
29,92,Miryalaguda,Nalgonda,21,Miryalaguda,802929,0023,WARD,Miryalaguda(M),Urban,102,434,215,219,30,17,13,0,0,0,0,0,0,373,192,181,61,23,38,145,131,14,143,131,12,1,1,0,0,0,0,1,1,0,141,129,12,2,0,2,0,0,0,0,0,0,0,0,0,2,0,2,2,0,2,0,0,0,0,0,0,0,0,0,2,0,2,0,0,0,0,0,0,0,0,0,0,0,0,0,0,0,289,84,205
29,92,Miryalaguda,Nalgonda,21,Miryalaguda,802929,0024,WARD,Miryalaguda(M),Urban,90,359,181,178,36,20,16,4,1,3,6,2,4,299,154,145,60,27,33,119,105,14,113,102,11,0,0,0,10,10,0,0,0,0,103,92,11,6,3,3,0,0,0,0,0,0,0,0,0,6,3,3,6,3,3,0,0,0,0,0,0,0,0,0,6,3,3,0,0,0,0,0,0,0,0,0,0,0,0,0,0,0,240,76,164
29,92,Miryalaguda,Nalgonda,21,Miryalaguda,802929,0025,WARD,Miryalaguda(M),Urban,144,596,293,303,52,28,24,0,0,0,0,0,0,430,239,191,166,54,112,235,143,92,234,143,91,0,0,0,0,0,0,0,0,0,234,143,91,1,0,1,0,0,0,0,0,0,0,0,0,1,0,1,1,0,1,0,0,0,0,0,0,0,0,0,1,0,1,0,0,0,0,0,0,0,0,0,0,0,0,0,0,0,361,150,211
29,92,Miryalaguda,Nalgonda,21,Miryalaguda,802929,0026,WARD,Miryalaguda(M),Urban,103,381,181,200,30,17,13,0,0,0,6,3,3,305,155,150,76,26,50,146,121,25,132,115,17,0,0,0,0,0,0,0,0,0,132,115,17,14,6,8,1,1,0,0,0,0,0,0,0,13,5,8,14,6,8,1,1,0,0,0,0,0,0,0,13,5,8,0,0,0,0,0,0,0,0,0,0,0,0,0,0,0,235,60,175
29,92,Miryalaguda,Nalgonda,21,Miryalaguda,802929,0027,WARD,Miryalaguda(M),Urban,83,314,156,158,26,15,11,0,0,0,0,0,0,259,136,123,55,20,35,111,98,13,102,92,10,0,0,0,0,0,0,6,6,0,96,86,10,9,6,3,0,0,0,0,0,0,0,0,0,9,6,3,9,6,3,0,0,0,0,0,0,0,0,0,9,6,3,0,0,0,0,0,0,0,0,0,0,0,0,0,0,0,203,58,145
29,92,Miryalaguda,Nalgonda,21,Miryalaguda,802929,0028,WARD,Miryalaguda(M),Urban,2419,9411,4680,4731,1003,519,484,1372,681,691,897,475,422,6727,3638,3089,2684,1042,1642,3751,2565,1186,3307,2451,856,96,90,6,150,77,73,52,36,16,3009,2248,761,444,114,330,10,7,3,60,20,40,28,6,22,346,81,265,429,110,319,10,7,3,60,20,40,27,6,21,332,77,255,15,4,11,0,0,0,0,0,0,1,0,1,14,4,10,5660,2115,3545
29,92,Miryalaguda,Nalgonda,21,Miryalaguda,802929,0029,WARD,Miryalaguda(M),Urban,516,1894,952,942,197,112,85,340,170,170,64,36,28,1157,642,515,737,310,427,845,550,295,669,498,171,76,62,14,183,96,87,12,9,3,398,331,67,176,52,124,2,0,2,143,36,107,3,1,2,28,15,13,168,51,117,2,0,2,135,35,100,3,1,2,28,15,13,8,1,7,0,0,0,8,1,7,0,0,0,0,0,0,1049,402,647
29,92,Miryalaguda,Nalgonda,21,Miryalaguda,802929,0030,WARD,Miryalaguda(M),Urban,504,1899,982,917,200,107,93,288,144,144,101,54,47,1330,739,591,569,243,326,711,523,188,678,508,170,90,83,7,110,50,60,17,12,5,461,363,98,33,15,18,2,1,1,17,7,10,0,0,0,14,7,7,33,15,18,2,1,1,17,7,10,0,0,0,14,7,7,0,0,0,0,0,0,0,0,0,0,0,0,0,0,0,1188,459,729
29,92,Miryalaguda,Nalgonda,21,Miryalaguda,802929,0031,WARD,Miryalaguda(M),Urban,279,1075,546,529,105,52,53,31,11,20,4,3,1,577,348,229,498,198,300,542,298,244,369,253,116,69,54,15,67,11,56,0,0,0,233,188,45,173,45,128,2,1,1,156,39,117,0,0,0,15,5,10,166,43,123,2,1,1,154,39,115,0,0,0,10,3,7,7,2,5,0,0,0,2,0,2,0,0,0,5,2,3,533,248,285
29,92,Miryalaguda,Nalgonda,21,Miryalaguda,802929,0032,WARD,Miryalaguda(M),Urban,455,1732,868,864,196,103,93,113,59,54,82,46,36,1140,627,513,592,241,351,737,493,244,574,441,133,71,60,11,59,30,29,9,6,3,435,345,90,163,52,111,4,2,2,50,9,41,6,2,4,103,39,64,145,50,95,4,2,2,46,9,37,4,1,3,91,38,53,18,2,16,0,0,0,4,0,4,2,1,1,12,1,11,995,375,620
29,92,Miryalaguda,Nalgonda,21,Miryalaguda,802929,0033,WARD,Miryalaguda(M),Urban,348,1421,726,695,156,88,68,200,102,98,1108,568,540,774,485,289,647,241,406,685,377,308,669,369,300,75,65,10,389,126,263,1,0,1,204,178,26,16,8,8,1,1,0,9,1,8,1,1,0,5,5,0,15,8,7,1,1,0,8,1,7,1,1,0,5,5,0,1,0,1,0,0,0,1,0,1,0,0,0,0,0,0,736,349,387
29,92,Miryalaguda,Nalgonda,21,Miryalaguda,802929,0034,WARD,Miryalaguda(M),Urban,638,2496,1313,1183,276,147,129,219,115,104,128,64,64,1537,914,623,959,399,560,1112,742,370,897,696,201,4,4,0,24,14,10,9,5,4,860,673,187,215,46,169,0,0,0,137,4,133,1,1,0,77,41,36,207,45,162,0,0,0,132,4,128,1,1,0,74,40,34,8,1,7,0,0,0,5,0,5,0,0,0,3,1,2,1384,571,813
29,92,Miryalaguda,Nalgonda,21,Miryalaguda,802929,0035,WARD,Miryalaguda(M),Urban,901,3589,1798,1791,405,188,217,509,263,246,807,383,424,1982,1167,815,1607,631,976,1597,1019,578,1281,967,314,23,16,7,78,22,56,29,13,16,1151,916,235,316,52,264,17,1,16,197,11,186,7,1,6,95,39,56,266,44,222,17,1,16,165,9,156,5,0,5,79,34,45,50,8,42,0,0,0,32,2,30,2,1,1,16,5,11,1992,779,1213
29,92,Miryalaguda,Nalgonda,21,Miryalaguda,577496,0036,WARD,Nandi Phad,Urban,284,1101,560,541,145,81,64,35,15,20,194,94,100,854,441,413,247,119,128,378,287,91,369,280,89,17,15,2,11,7,4,5,3,2,336,255,81,9,7,2,0,0,0,0,0,0,1,1,0,8,6,2,8,6,2,0,0,0,0,0,0,1,1,0,7,5,2,1,1,0,0,0,0,0,0,0,0,0,0,1,1,0,723,273,450