DISTRICT_CODE,DIVISION_CODE,DIVISION_NAME,Name_District,Mandal_Code,Name_Mandal,Village_Code,Ward,Level1,VName,TRU,No_HH,TOT_P,TOT_M,TOT_F,P_06,M_06,F_06,P_SC,M_SC,F_SC,P_ST,M_ST,F_ST,P_LIT,M_LIT,F_LIT,P_ILL,M_ILL,F_ILL,TOT_WORK_P,TOT_WORK_M,TOT_WORK_F,MAINWORK_P,MAINWORK_M,MAINWORK_F,MAIN_CL_P,MAIN_CL_M,MAIN_CL_F,MAIN_AL_P,MAIN_AL_M,MAIN_AL_F,MAIN_HH_P,MAIN_HH_M,MAIN_HH_F,MAIN_OT_P,MAIN_OT_M,MAIN_OT_F,MARGWORK_P,MARGWORK_M,MARGWORK_F,MARG_CL_P,MARG_CL_M,MARG_CL_F,MARG_AL_P,MARG_AL_M,MARG_AL_F,MARG_HH_P,MARG_HH_M,MARG_HH_F,MARG_OT_P,MARG_OT_M,MARG_OT_F,MARGWORK_3_6_P,MARGWORK_3_6_M,MARGWORK_3_6_F,MARG_CL_3_6_P,MARG_CL_3_6_M,MARG_CL_3_6_F,MARG_AL_3_6_P,MARG_AL_3_6_M,MARG_AL_3_6_F,MARG_HH_3_6_P,MARG_HH_3_6_M,MARG_HH_3_6_F,MARG_OT_3_6_P,MARG_OT_3_6_M,MARG_OT_3_6_F,MARGWORK_0_3_P,MARGWORK_0_3_M,MARGWORK_0_3_F,MARG_CL_0_3_P,MARG_CL_0_3_M,MARG_CL_0_3_F,MARG_AL_0_3_P,MARG_AL_0_3_M,MARG_AL_0_3_F,MARG_HH_0_3_P,MARG_HH_0_3_M,MARG_HH_0_3_F,MARG_OT_0_3_P,MARG_OT_0_3_M,MARG_OT_0_3_F,NON_WORK_P,NON_WORK_M,NON_WORK_F
04,91,Nirmal,Nirmal,18,Kaddampeddur,570035,0000,VILLAGE,Gangapur,Rural,434,1959,958,1001,224,110,114,8,1,7,1296,648,648,652,389,263,1307,569,738,1252,624,628,1117,557,560,303,183,120,702,320,382,75,24,51,37,30,7,135,67,68,6,3,3,84,39,45,38,23,15,7,2,5,49,21,28,3,2,1,38,16,22,3,2,1,5,1,4,86,46,40,3,1,2,46,23,23,35,21,14,2,1,1,707,334,373
04,91,Nirmal,Nirmal,18,Kaddampeddur,570036,0000,VILLAGE,Allampally,Rural,536,2286,1135,1151,396,189,207,114,58,56,954,470,484,829,520,309,1457,615,842,1250,617,633,788,391,397,353,174,179,394,193,201,11,5,6,30,19,11,462,226,236,202,127,75,226,81,145,12,3,9,22,15,7,379,194,185,197,124,73,158,56,102,9,3,6,15,11,4,83,32,51,5,3,2,68,25,43,3,0,3,7,4,3,1036,518,518
04,91,Nirmal,Nirmal,18,Kaddampeddur,570037,0000,VILLAGE,Rampur,Rural,47,230,112,118,24,12,12,0,0,0,225,110,115,86,49,37,144,63,81,163,83,80,155,79,76,59,29,30,86,44,42,0,0,0,10,6,4,8,4,4,0,0,0,8,4,4,0,0,0,0,0,0,8,4,4,0,0,0,8,4,4,0,0,0,0,0,0,0,0,0,0,0,0,0,0,0,0,0,0,0,0,0,67,29,38
04,91,Nirmal,Nirmal,18,Kaddampeddur,570038,0000,VILLAGE,Gandigopalpur,Rural,99,404,193,211,51,28,23,0,0,0,384,184,200,129,68,61,275,125,150,261,125,136,259,125,134,163,78,85,94,46,48,0,0,0,2,1,1,2,0,2,0,0,0,1,0,1,0,0,0,1,0,1,2,0,2,0,0,0,1,0,1,0,0,0,1,0,1,0,0,0,0,0,0,0,0,0,0,0,0,0,0,0,143,68,75
04,91,Nirmal,Nirmal,18,Kaddampeddur,570039,0000,VILLAGE,Istampur,Rural,103,465,228,237,69,36,33,21,13,8,418,199,219,154,101,53,311,127,184,307,142,165,280,129,151,272,125,147,5,1,4,0,0,0,3,3,0,27,13,14,9,5,4,14,7,7,4,1,3,0,0,0,22,11,11,7,4,3,11,6,5,4,1,3,0,0,0,5,2,3,2,1,1,3,1,2,0,0,0,0,0,0,158,86,72
04,91,Nirmal,Nirmal,18,Kaddampeddur,570040,0000,VILLAGE,Udumpur,Rural,303,1301,634,667,148,68,80,184,85,99,340,167,173,682,398,284,619,236,383,780,394,386,740,379,361,176,87,89,451,219,232,13,6,7,100,67,33,40,15,25,4,2,2,27,9,18,1,0,1,8,4,4,40,15,25,4,2,2,27,9,18,1,0,1,8,4,4,0,0,0,0,0,0,0,0,0,0,0,0,0,0,0,521,240,281
04,91,Nirmal,Nirmal,18,Kaddampeddur,570041,0000,VILLAGE,Maisampet,Rural,56,219,102,117,29,10,19,0,0,0,218,101,117,53,33,20,166,69,97,139,67,72,99,48,51,18,9,9,81,39,42,0,0,0,0,0,0,40,19,21,0,0,0,40,19,21,0,0,0,0,0,0,40,19,21,0,0,0,40,19,21,0,0,0,0,0,0,0,0,0,0,0,0,0,0,0,0,0,0,0,0,0,80,35,45
04,91,Nirmal,Nirmal,18,Kaddampeddur,570042,0000,VILLAGE,Dharmajipet,Rural,4,11,5,6,3,1,2,0,0,0,11,5,6,0,0,0,11,5,6,8,4,4,8,4,4,0,0,0,8,4,4,0,0,0,0,0,0,0,0,0,0,0,0,0,0,0,0,0,0,0,0,0,0,0,0,0,0,0,0,0,0,0,0,0,0,0,0,0,0,0,0,0,0,0,0,0,0,0,0,0,0,0,3,1,2
04,91,Nirmal,Nirmal,18,Kaddampeddur,570043,0000,VILLAGE,Kalleda,Rural,228,907,440,467,87,37,50,55,29,26,126,56,70,438,268,170,469,172,297,512,245,267,353,173,180,236,118,118,46,17,29,30,14,16,41,24,17,159,72,87,45,23,22,89,35,54,6,2,4,19,12,7,149,69,80,44,22,22,83,35,48,5,1,4,17,11,6,10,3,7,1,1,0,6,0,6,1,1,0,2,1,1,395,195,200
04,91,Nirmal,Nirmal,18,Kaddampeddur,570044,0000,VILLAGE,Laxmipur,Rural,115,393,187,206,31,8,23,110,53,57,142,70,72,187,116,71,206,71,135,252,123,129,249,120,129,70,35,35,113,53,60,30,13,17,36,19,17,3,3,0,0,0,0,0,0,0,1,1,0,2,2,0,3,3,0,0,0,0,0,0,0,1,1,0,2,2,0,0,0,0,0,0,0,0,0,0,0,0,0,0,0,0,141,64,77
04,91,Nirmal,Nirmal,18,Kaddampeddur,570045,0000,VILLAGE,Ravajipet(old),Rural,23,109,62,47,8,5,3,0,0,0,105,60,45,38,30,8,71,32,39,67,30,37,67,30,37,61,29,32,6,1,5,0,0,0,0,0,0,0,0,0,0,0,0,0,0,0,0,0,0,0,0,0,0,0,0,0,0,0,0,0,0,0,0,0,0,0,0,0,0,0,0,0,0,0,0,0,0,0,0,0,0,0,42,32,10
04,91,Nirmal,Nirmal,17,Khanapur,570046,0000,VILLAGE,Singapur,Rural,221,856,417,439,109,59,50,61,31,30,270,131,139,353,193,160,503,224,279,511,249,262,416,207,209,307,160,147,61,31,30,31,5,26,17,11,6,95,42,53,7,4,3,67,26,41,7,4,3,14,8,6,80,37,43,7,4,3,56,23,33,6,4,2,11,6,5,15,5,10,0,0,0,11,3,8,1,0,1,3,2,1,345,168,177
04,91,Nirmal,Nirmal,18,Kaddampeddur,570047,0000,VILLAGE,Peddur,Rural,900,3734,1833,1901,415,221,194,509,255,254,484,234,250,2458,1364,1094,1276,469,807,1732,1010,722,1160,803,357,128,107,21,170,82,88,111,27,84,751,587,164,572,207,365,15,6,9,110,25,85,66,10,56,381,166,215,443,155,288,13,5,8,102,24,78,54,7,47,274,119,155,129,52,77,2,1,1,8,1,7,12,3,9,107,47,60,2002,823,1179
04,91,Nirmal,Nirmal,18,Kaddampeddur,570048,0000,VILLAGE,Pandwapur,Rural,241,1016,484,532,117,58,59,77,39,38,308,133,175,490,294,196,526,190,336,588,278,310,287,175,112,192,124,68,46,18,28,0,0,0,49,33,16,301,103,198,2,1,1,173,56,117,4,1,3,122,45,77,235,94,141,2,1,1,172,56,116,3,0,3,58,37,21,66,9,57,0,0,0,1,0,1,1,1,0,64,8,56,428,206,222
04,91,Nirmal,Nirmal,18,Kaddampeddur,570049,0000,VILLAGE,Nawabpet,Rural,214,837,420,417,102,63,39,21,12,9,0,0,0,403,227,176,434,193,241,509,252,257,482,236,246,83,39,44,351,175,176,27,15,12,21,7,14,27,16,11,0,0,0,18,10,8,1,0,1,8,6,2,23,14,9,0,0,0,15,9,6,1,0,1,7,5,2,4,2,2,0,0,0,3,1,2,0,0,0,1,1,0,328,168,160
04,91,Nirmal,Nirmal,19,Dastuarabad,570050,0000,VILLAGE,Mallapur,Rural,176,715,365,350,62,35,27,84,40,44,245,119,126,340,199,141,375,166,209,418,216,202,130,85,45,108,68,40,5,5,0,0,0,0,17,12,5,288,131,157,4,1,3,275,126,149,2,1,1,7,3,4,284,129,155,4,1,3,272,124,148,2,1,1,6,3,3,4,2,2,0,0,0,3,2,1,0,0,0,1,0,1,297,149,148
04,91,Nirmal,Nirmal,19,Dastuarabad,570051,0000,VILLAGE,Bhuttapur,Rural,447,1715,848,867,163,83,80,1020,501,519,140,72,68,895,532,363,820,316,504,976,493,483,831,422,409,41,26,15,670,333,337,55,17,38,65,46,19,145,71,74,5,1,4,107,55,52,23,10,13,10,5,5,135,69,66,2,1,1,103,54,49,21,9,12,9,5,4,10,2,8,3,0,3,4,1,3,2,1,1,1,0,1,739,355,384
04,91,Nirmal,Nirmal,19,Dastuarabad,570052,0000,VILLAGE,Revojipet(New),Rural,401,1679,811,868,152,84,68,186,89,97,211,92,119,873,504,369,806,307,499,923,466,457,883,450,433,212,129,83,420,195,225,76,5,71,175,121,54,40,16,24,1,0,1,10,5,5,7,0,7,22,11,11,32,11,21,1,0,1,9,4,5,5,0,5,17,7,10,8,5,3,0,0,0,1,1,0,2,0,2,5,4,1,756,345,411
04,91,Nirmal,Nirmal,19,Dastuarabad,570053,0000,VILLAGE,Dastuarabad,Rural,1298,4897,2411,2486,502,252,250,960,480,480,345,172,173,2284,1356,928,2613,1055,1558,2765,1414,1351,2315,1194,1121,755,436,319,929,436,493,259,58,201,372,264,108,450,220,230,82,67,15,293,117,176,27,6,21,48,30,18,433,211,222,82,67,15,284,112,172,25,5,20,42,27,15,17,9,8,0,0,0,9,5,4,2,1,1,6,3,3,2132,997,1135
04,91,Nirmal,Nirmal,18,Kaddampeddur,570054,0000,VILLAGE,Ambaripet,Rural,314,1192,574,618,102,49,53,24,11,13,4,2,2,550,324,226,642,250,392,807,389,418,764,368,396,309,205,104,313,82,231,37,22,15,105,59,46,43,21,22,8,4,4,23,9,14,4,3,1,8,5,3,28,11,17,3,1,2,14,2,12,3,3,0,8,5,3,15,10,5,5,3,2,9,7,2,1,0,1,0,0,0,385,185,200
04,91,Nirmal,Nirmal,18,Kaddampeddur,570055,0000,VILLAGE,Kondkuru,Rural,224,933,463,470,80,36,44,357,178,179,6,5,1,476,272,204,457,191,266,483,259,224,480,256,224,176,89,87,173,73,100,1,0,1,130,94,36,3,3,0,1,1,0,0,0,0,0,0,0,2,2,0,3,3,0,1,1,0,0,0,0,0,0,0,2,2,0,0,0,0,0,0,0,0,0,0,0,0,0,0,0,0,450,204,246
04,91,Nirmal,Nirmal,18,Kaddampeddur,570056,0000,VILLAGE,Kannapur,Rural,348,1320,624,696,136,65,71,429,211,218,136,63,73,637,373,264,683,251,432,748,371,377,655,322,333,156,100,56,304,132,172,92,11,81,103,79,24,93,49,44,3,3,0,51,21,30,6,1,5,33,24,9,73,36,37,3,3,0,35,12,23,6,1,5,29,20,9,20,13,7,0,0,0,16,9,7,0,0,0,4,4,0,572,253,319
04,91,Nirmal,Nirmal,18,Kaddampeddur,570057,0000,VILLAGE,Dharmaipet,Rural,367,1524,718,806,169,89,80,224,103,121,267,128,139,694,371,323,830,347,483,878,419,459,846,408,438,227,132,95,356,134,222,102,55,47,161,87,74,32,11,21,1,0,1,7,2,5,6,0,6,18,9,9,26,11,15,1,0,1,7,2,5,0,0,0,18,9,9,6,0,6,0,0,0,0,0,0,6,0,6,0,0,0,646,299,347
04,91,Nirmal,Nirmal,18,Kaddampeddur,570058,0000,VILLAGE,Narsapur,Rural,280,1102,540,562,112,62,50,180,87,93,396,200,196,526,311,215,576,229,347,632,311,321,485,257,228,129,97,32,259,118,141,40,8,32,57,34,23,147,54,93,6,1,5,128,47,81,4,0,4,9,6,3,119,41,78,5,1,4,103,35,68,4,0,4,7,5,2,28,13,15,1,0,1,25,12,13,0,0,0,2,1,1,470,229,241
04,91,Nirmal,Nirmal,18,Kaddampeddur,570059,0000,VILLAGE,Nachan Yellapur,Rural,255,955,507,448,91,55,36,522,285,237,203,111,92,430,283,147,525,224,301,527,274,253,265,132,133,92,52,40,59,33,26,65,25,40,49,22,27,262,142,120,23,10,13,55,28,27,46,24,22,138,80,58,154,88,66,21,9,12,32,16,16,17,10,7,84,53,31,108,54,54,2,1,1,23,12,11,29,14,15,54,27,27,428,233,195
04,91,Nirmal,Nirmal,18,Kaddampeddur,570060,0000,VILLAGE,Maddipadga,Rural,561,2337,1163,1174,189,96,93,1330,663,667,72,35,37,1316,792,524,1021,371,650,1108,622,486,1041,597,444,461,304,157,339,180,159,91,22,69,150,91,59,67,25,42,10,3,7,41,11,30,7,2,5,9,9,0,64,24,40,10,3,7,39,11,28,6,1,5,9,9,0,3,1,2,0,0,0,2,0,2,1,1,0,0,0,0,1229,541,688
04,91,Nirmal,Nirmal,18,Kaddampeddur,570061,0000,VILLAGE,Laxmisagar,Rural,151,705,346,359,61,33,28,204,95,109,303,157,146,320,189,131,385,157,228,479,228,251,427,204,223,187,88,99,224,105,119,2,2,0,14,9,5,52,24,28,10,6,4,14,4,10,0,0,0,28,14,14,52,24,28,10,6,4,14,4,10,0,0,0,28,14,14,0,0,0,0,0,0,0,0,0,0,0,0,0,0,0,226,118,108
04,91,Nirmal,Nirmal,18,Kaddampeddur,570062,0000,VILLAGE,Yelagadapa,Rural,308,1300,641,659,114,61,53,193,93,100,14,8,6,699,406,293,601,235,366,657,316,341,362,203,159,71,54,17,200,113,87,41,10,31,50,26,24,295,113,182,11,5,6,207,98,109,65,3,62,12,7,5,294,112,182,11,5,6,207,98,109,65,3,62,11,6,5,1,1,0,0,0,0,0,0,0,0,0,0,1,1,0,643,325,318
04,91,Nirmal,Nirmal,18,Kaddampeddur,570063,0000,VILLAGE,Masaipet,Rural,291,1222,581,641,110,51,59,385,185,200,224,103,121,606,353,253,616,228,388,624,320,304,615,317,298,97,64,33,428,214,214,11,1,10,79,38,41,9,3,6,2,0,2,5,2,3,0,0,0,2,1,1,7,1,6,2,0,2,3,0,3,0,0,0,2,1,1,2,2,0,0,0,0,2,2,0,0,0,0,0,0,0,598,261,337
04,91,Nirmal,Nirmal,18,Kaddampeddur,570064,0000,VILLAGE,Lingapur,Rural,688,2795,1382,1413,218,118,100,519,259,260,157,86,71,1447,861,586,1348,521,827,1599,784,815,1394,697,697,651,373,278,218,103,115,242,32,210,283,189,94,205,87,118,17,9,8,160,66,94,5,0,5,23,12,11,200,84,116,15,7,8,157,65,92,5,0,5,23,12,11,5,3,2,2,2,0,3,1,2,0,0,0,0,0,0,1196,598,598
04,91,Nirmal,Nirmal,18,Kaddampeddur,570065,0000,VILLAGE,Sarangapur,Rural,274,1085,537,548,102,46,56,0,0,0,0,0,0,595,373,222,490,164,326,607,305,302,601,303,298,406,225,181,72,40,32,69,5,64,54,33,21,6,2,4,2,1,1,2,1,1,2,0,2,0,0,0,4,2,2,2,1,1,2,1,1,0,0,0,0,0,0,2,0,2,0,0,0,0,0,0,2,0,2,0,0,0,478,232,246
04,91,Nirmal,Nirmal,18,Kaddampeddur,570066,0000,VILLAGE,Dildarnagar,Rural,144,494,243,251,48,27,21,197,102,95,0,0,0,278,153,125,216,90,126,266,138,128,249,131,118,26,21,5,173,81,92,12,7,5,38,22,16,17,7,10,0,0,0,11,4,7,2,0,2,4,3,1,11,4,7,0,0,0,9,3,6,0,0,0,2,1,1,6,3,3,0,0,0,2,1,1,2,0,2,2,2,0,228,105,123
04,91,Nirmal,Nirmal,18,Kaddampeddur,570067,0000,VILLAGE,Chittial,Rural,314,1216,633,583,134,82,52,37,21,16,400,209,191,629,400,229,587,233,354,752,383,369,150,94,56,75,49,26,29,15,14,7,6,1,39,24,15,602,289,313,53,36,17,364,162,202,34,15,19,151,76,75,418,198,220,46,30,16,244,114,130,21,7,14,107,47,60,184,91,93,7,6,1,120,48,72,13,8,5,44,29,15,464,250,214
04,91,Nirmal,Nirmal,18,Kaddampeddur,570068,0000,VILLAGE,Bellal,Rural,977,3982,1989,1993,363,194,169,1102,552,550,295,147,148,1762,1072,690,2220,917,1303,2054,1119,935,1762,897,865,602,331,271,877,443,434,72,6,66,211,117,94,292,222,70,19,16,3,212,177,35,19,7,12,42,22,20,257,199,58,18,15,3,187,158,29,13,6,7,39,20,19,35,23,12,1,1,0,25,19,6,6,1,5,3,2,1,1928,870,1058
04,91,Nirmal,Nirmal,19,Dastuarabad,570069,0000,VILLAGE,Bhuthkur,Rural,344,1398,663,735,146,65,81,359,167,192,100,46,54,541,326,215,857,337,520,779,370,409,343,173,170,52,31,21,175,80,95,24,5,19,92,57,35,436,197,239,85,43,42,312,145,167,20,2,18,19,7,12,419,189,230,85,43,42,298,137,161,19,2,17,17,7,10,17,8,9,0,0,0,14,8,6,1,0,1,2,0,2,619,293,326
04,91,Nirmal,Nirmal,19,Dastuarabad,570070,0000,VILLAGE,Munnial,Rural,770,3046,1501,1545,289,159,130,1047,535,512,783,385,398,1495,870,625,1551,631,920,1695,863,832,1455,809,646,418,272,146,866,431,435,11,8,3,160,98,62,240,54,186,14,2,12,183,35,148,3,0,3,40,17,23,223,50,173,11,2,9,177,32,145,2,0,2,33,16,17,17,4,13,3,0,3,6,3,3,1,0,1,7,1,6,1351,638,713
04,91,Nirmal,Nirmal,19,Dastuarabad,570071,0000,VILLAGE,Chennur,Rural,120,487,236,251,61,30,31,0,0,0,210,99,111,177,100,77,310,136,174,212,114,98,190,102,88,139,81,58,40,14,26,2,1,1,9,6,3,22,12,10,1,0,1,13,7,6,1,0,1,7,5,2,18,9,9,1,0,1,11,6,5,1,0,1,5,3,2,4,3,1,0,0,0,2,1,1,0,0,0,2,2,0,275,122,153
04,91,Nirmal,Nirmal,19,Dastuarabad,570072,0000,VILLAGE,Gondserial,Rural,460,1877,951,926,211,111,100,564,293,271,330,164,166,773,477,296,1104,474,630,1075,547,528,1065,541,524,460,250,210,511,230,281,23,3,20,71,58,13,10,6,4,0,0,0,5,1,4,0,0,0,5,5,0,10,6,4,0,0,0,5,1,4,0,0,0,5,5,0,0,0,0,0,0,0,0,0,0,0,0,0,0,0,0,802,404,398
04,91,Nirmal,Nirmal,10,Sarangapur,570073,0000,VILLAGE,Potia,Rural,470,2210,1118,1092,343,173,170,64,34,30,1999,1012,987,918,585,333,1292,533,759,1281,646,635,1245,631,614,464,400,64,727,194,533,4,1,3,50,36,14,36,15,21,1,1,0,26,9,17,3,0,3,6,5,1,18,9,9,0,0,0,10,4,6,2,0,2,6,5,1,18,6,12,1,1,0,16,5,11,1,0,1,0,0,0,929,472,457
04,91,Nirmal,Nirmal,10,Sarangapur,570074,0000,VILLAGE,Kupti,Rural,188,851,418,433,118,52,66,9,6,3,785,386,399,374,230,144,477,188,289,526,263,263,502,248,254,248,148,100,214,79,135,22,7,15,18,14,4,24,15,9,2,1,1,5,2,3,4,2,2,13,10,3,17,13,4,1,1,0,2,2,0,2,1,1,12,9,3,7,2,5,1,0,1,3,0,3,2,1,1,1,1,0,325,155,170
04,91,Nirmal,Nirmal,10,Sarangapur,570075,0000,VILLAGE,Ponkur,Rural,509,2575,1231,1344,318,165,153,123,57,66,828,401,427,1274,708,566,1301,523,778,1349,668,681,1316,652,664,342,212,130,441,204,237,293,28,265,240,208,32,33,16,17,2,1,1,4,2,2,16,3,13,11,10,1,33,16,17,2,1,1,4,2,2,16,3,13,11,10,1,0,0,0,0,0,0,0,0,0,0,0,0,0,0,0,1226,563,663
04,91,Nirmal,Nirmal,10,Sarangapur,570076,0000,VILLAGE,Pendaldhari,Rural,51,273,140,133,34,21,13,0,0,0,271,138,133,50,34,16,223,106,117,180,86,94,179,86,93,73,61,12,106,25,81,0,0,0,0,0,0,1,0,1,0,0,0,0,0,0,0,0,0,1,0,1,1,0,1,0,0,0,0,0,0,0,0,0,1,0,1,0,0,0,0,0,0,0,0,0,0,0,0,0,0,0,93,54,39
04,91,Nirmal,Nirmal,10,Sarangapur,570078,0000,VILLAGE,Adelli,Rural,301,1247,618,629,170,85,85,167,78,89,618,316,302,457,279,178,790,339,451,716,358,358,419,235,184,117,101,16,116,60,56,113,11,102,73,63,10,297,123,174,6,5,1,282,115,167,1,0,1,8,3,5,297,123,174,6,5,1,282,115,167,1,0,1,8,3,5,0,0,0,0,0,0,0,0,0,0,0,0,0,0,0,531,260,271
04,91,Nirmal,Nirmal,10,Sarangapur,570079,0000,VILLAGE,Nagapur,Rural,185,825,395,430,115,63,52,19,10,9,739,352,387,237,134,103,588,261,327,487,237,250,471,232,239,410,200,210,58,29,29,0,0,0,3,3,0,16,5,11,1,1,0,12,4,8,3,0,3,0,0,0,16,5,11,1,1,0,12,4,8,3,0,3,0,0,0,0,0,0,0,0,0,0,0,0,0,0,0,0,0,0,338,158,180
04,91,Nirmal,Nirmal,10,Sarangapur,570080,0000,VILLAGE,Jam,Rural,1284,6426,2683,3743,572,284,288,1266,292,974,1130,549,581,3370,1548,1822,3056,1135,1921,3061,1480,1581,3035,1468,1567,925,643,282,716,499,217,1058,64,994,336,262,74,26,12,14,0,0,0,17,9,8,4,1,3,5,2,3,25,12,13,0,0,0,17,9,8,3,1,2,5,2,3,1,0,1,0,0,0,0,0,0,1,0,1,0,0,0,3365,1203,2162
04,91,Nirmal,Nirmal,10,Sarangapur,570081,0000,VILLAGE,Sarangapur,Rural,931,3809,1809,2000,395,192,203,573,280,293,199,100,99,1863,1087,776,1946,722,1224,2097,1017,1080,2009,968,1041,164,130,34,673,383,290,692,62,630,480,393,87,88,49,39,2,1,1,48,33,15,21,2,19,17,13,4,81,47,34,1,1,0,46,32,14,18,2,16,16,12,4,7,2,5,1,0,1,2,1,1,3,0,3,1,1,0,1712,792,920
04,91,Nirmal,Nirmal,10,Sarangapur,570082,0000,VILLAGE,Kowtla (Buzurg),Rural,956,3942,1907,2035,407,212,195,707,315,392,585,284,301,1500,921,579,2442,986,1456,2468,1154,1314,2031,944,1087,482,316,166,520,319,201,599,104,495,430,205,225,437,210,227,4,1,3,221,114,107,18,5,13,194,90,104,402,199,203,2,1,1,214,110,104,11,4,7,175,84,91,35,11,24,2,0,2,7,4,3,7,1,6,19,6,13,1474,753,721
04,91,Nirmal,Nirmal,10,Sarangapur,570083,0000,VILLAGE,Jewly,Rural,328,1432,679,753,181,96,85,172,80,92,257,133,124,579,323,256,853,356,497,857,425,432,836,420,416,403,212,191,319,177,142,33,8,25,81,23,58,21,5,16,9,3,6,6,1,5,3,0,3,3,1,2,17,5,12,7,3,4,6,1,5,1,0,1,3,1,2,4,0,4,2,0,2,0,0,0,2,0,2,0,0,0,575,254,321
04,91,Nirmal,Nirmal,10,Sarangapur,570084,0000,VILLAGE,Chincholi (Malak),Rural,523,2002,926,1076,194,90,104,187,81,106,71,33,38,926,521,405,1076,405,671,1155,537,618,1014,496,518,352,280,72,110,69,41,374,49,325,178,98,80,141,41,100,7,3,4,64,25,39,16,6,10,54,7,47,137,39,98,7,3,4,63,25,38,14,4,10,53,7,46,4,2,2,0,0,0,1,0,1,2,2,0,1,0,1,847,389,458
04,91,Nirmal,Nirmal,10,Sarangapur,570085,0000,VILLAGE,Kankati,Rural,323,1341,640,701,142,78,64,650,302,348,112,53,59,612,358,254,729,282,447,824,379,445,808,367,441,238,195,43,154,95,59,363,38,325,53,39,14,16,12,4,1,1,0,6,4,2,1,0,1,8,7,1,13,9,4,1,1,0,4,2,2,1,0,1,7,6,1,3,3,0,0,0,0,2,2,0,0,0,0,1,1,0,517,261,256
04,91,Nirmal,Nirmal,10,Sarangapur,570086,0000,VILLAGE,vaikuntapur,Rural,258,983,453,530,89,38,51,392,182,210,22,8,14,465,292,173,518,161,357,583,279,304,464,256,208,106,90,16,179,125,54,143,11,132,36,30,6,119,23,96,1,1,0,35,5,30,71,7,64,12,10,2,108,21,87,1,1,0,32,5,27,65,7,58,10,8,2,11,2,9,0,0,0,3,0,3,6,0,6,2,2,0,400,174,226
04,91,Nirmal,Nirmal,10,Sarangapur,570087,0000,VILLAGE,Tandra,Rural,331,1370,654,716,153,80,73,197,90,107,2,1,1,656,389,267,714,265,449,838,376,462,814,365,449,82,73,9,284,198,86,315,19,296,133,75,58,24,11,13,1,1,0,11,4,7,4,0,4,8,6,2,23,11,12,1,1,0,10,4,6,4,0,4,8,6,2,1,0,1,0,0,0,1,0,1,0,0,0,0,0,0,532,278,254
04,91,Nirmal,Nirmal,10,Sarangapur,570088,0000,VILLAGE,Piyarampur,Rural,326,1241,585,656,122,66,56,223,102,121,88,40,48,610,358,252,631,227,404,752,329,423,743,324,419,152,114,38,212,134,78,301,26,275,78,50,28,9,5,4,0,0,0,2,1,1,6,3,3,1,1,0,9,5,4,0,0,0,2,1,1,6,3,3,1,1,0,0,0,0,0,0,0,0,0,0,0,0,0,0,0,0,489,256,233
04,91,Nirmal,Nirmal,10,Sarangapur,570089,0000,VILLAGE,Beervelli,Rural,707,2945,1407,1538,276,152,124,639,300,339,74,39,35,1668,966,702,1277,441,836,1730,796,934,1401,654,747,151,118,33,435,266,169,527,72,455,288,198,90,329,142,187,16,8,8,101,44,57,37,10,27,175,80,95,314,132,182,16,8,8,98,41,57,33,8,25,167,75,92,15,10,5,0,0,0,3,3,0,4,2,2,8,5,3,1215,611,604
04,91,Nirmal,Nirmal,10,Sarangapur,570090,0000,VILLAGE,Vanjar,Rural,314,1275,594,681,153,85,68,301,145,156,29,15,14,572,316,256,703,278,425,795,363,432,752,360,392,333,189,144,235,129,106,142,16,126,42,26,16,43,3,40,16,1,15,18,2,16,5,0,5,4,0,4,43,3,40,16,1,15,18,2,16,5,0,5,4,0,4,0,0,0,0,0,0,0,0,0,0,0,0,0,0,0,480,231,249
04,91,Nirmal,Nirmal,10,Sarangapur,570091,0000,VILLAGE,Godsera,Rural,85,327,160,167,35,17,18,134,62,72,9,4,5,149,87,62,178,73,105,195,99,96,186,98,88,75,61,14,58,30,28,43,3,40,10,4,6,9,1,8,1,0,1,7,1,6,0,0,0,1,0,1,9,1,8,1,0,1,7,1,6,0,0,0,1,0,1,0,0,0,0,0,0,0,0,0,0,0,0,0,0,0,132,61,71
04,91,Nirmal,Nirmal,10,Sarangapur,570092,0000,VILLAGE,Yakarpalle,Rural,136,588,284,304,53,30,23,95,43,52,31,14,17,220,126,94,368,158,210,416,203,213,307,123,184,124,97,27,7,5,2,0,0,0,176,21,155,109,80,29,1,1,0,89,65,24,0,0,0,19,14,5,100,73,27,1,1,0,82,60,22,0,0,0,17,12,5,9,7,2,0,0,0,7,5,2,0,0,0,2,2,0,172,81,91
04,91,Nirmal,Nirmal,10,Sarangapur,570093,0000,VILLAGE,Boregaon,Rural,520,2113,1005,1108,189,84,105,328,156,172,93,50,43,1073,637,436,1040,368,672,1239,600,639,1222,591,631,295,214,81,412,260,152,402,37,365,113,80,33,17,9,8,0,0,0,7,3,4,2,0,2,8,6,2,15,7,8,0,0,0,7,3,4,2,0,2,6,4,2,2,2,0,0,0,0,0,0,0,0,0,0,2,2,0,874,405,469
04,91,Nirmal,Nirmal,10,Sarangapur,570094,0000,VILLAGE,Dhani,Rural,581,2455,1167,1288,298,148,150,119,61,58,496,251,245,1147,689,458,1308,478,830,1541,728,813,1507,716,791,449,281,168,552,339,213,419,33,386,87,63,24,34,12,22,2,1,1,16,7,9,8,0,8,8,4,4,34,12,22,2,1,1,16,7,9,8,0,8,8,4,4,0,0,0,0,0,0,0,0,0,0,0,0,0,0,0,914,439,475
04,91,Nirmal,Nirmal,10,Sarangapur,570095,0000,VILLAGE,Alur,Rural,683,2597,1211,1386,235,108,127,223,99,124,27,13,14,1223,714,509,1374,497,877,1336,642,694,1190,591,599,252,197,55,384,220,164,129,17,112,425,157,268,146,51,95,11,4,7,85,25,60,22,4,18,28,18,10,139,48,91,10,4,6,84,25,59,20,2,18,25,17,8,7,3,4,1,0,1,1,0,1,2,2,0,3,1,2,1261,569,692
04,91,Nirmal,Nirmal,10,Sarangapur,570096,0000,VILLAGE,Lakshmipur,Rural,65,280,132,148,27,16,11,28,15,13,32,15,17,158,89,69,122,43,79,161,77,84,143,69,74,9,6,3,20,8,12,2,1,1,112,54,58,18,8,10,0,0,0,7,2,5,0,0,0,11,6,5,18,8,10,0,0,0,7,2,5,0,0,0,11,6,5,0,0,0,0,0,0,0,0,0,0,0,0,0,0,0,119,55,64
04,91,Nirmal,Nirmal,10,Sarangapur,570097,0000,VILLAGE,Chincholi (Buzurg),Rural,762,3013,1410,1603,301,157,144,500,249,251,205,93,112,1623,944,679,1390,466,924,1747,790,957,1629,739,890,265,198,67,282,170,112,755,98,657,327,273,54,118,51,67,7,5,2,41,23,18,46,2,44,24,21,3,110,44,66,4,2,2,41,23,18,44,1,43,21,18,3,8,7,1,3,3,0,0,0,0,2,1,1,3,3,0,1266,620,646
04,91,Nirmal,Nirmal,10,Sarangapur,570098,0000,VILLAGE,Gopalpet,Rural,428,1873,918,955,208,119,89,124,57,67,319,168,151,869,509,360,1004,409,595,1116,533,583,1089,519,570,404,243,161,309,187,122,294,22,272,82,67,15,27,14,13,0,0,0,19,12,7,5,0,5,3,2,1,26,13,13,0,0,0,19,12,7,5,0,5,2,1,1,1,1,0,0,0,0,0,0,0,0,0,0,1,1,0,757,385,372
04,91,Nirmal,Nirmal,12,Nirmal_Rural,570100,0000,VILLAGE,Ranapur,Rural,163,827,392,435,101,49,52,11,1,10,762,362,400,497,277,220,330,115,215,409,204,205,407,204,203,367,186,181,28,10,18,0,0,0,12,8,4,2,0,2,0,0,0,1,0,1,0,0,0,1,0,1,2,0,2,0,0,0,1,0,1,0,0,0,1,0,1,0,0,0,0,0,0,0,0,0,0,0,0,0,0,0,418,188,230
04,92,Bhainsa,Nirmal,06,Kuntala,570101,0000,VILLAGE,Limba (Buzurg),Rural,269,1154,579,575,142,77,65,156,77,79,61,29,32,538,351,187,616,228,388,678,347,331,646,331,315,180,100,80,228,134,94,122,56,66,116,41,75,32,16,16,4,1,3,2,2,0,1,0,1,25,13,12,32,16,16,4,1,3,2,2,0,1,0,1,25,13,12,0,0,0,0,0,0,0,0,0,0,0,0,0,0,0,476,232,244
04,92,Bhainsa,Nirmal,06,Kuntala,570102,0000,VILLAGE,Medanpur,Rural,140,557,287,270,74,46,28,135,65,70,58,27,31,214,140,74,343,147,196,347,164,183,343,161,182,158,112,46,73,29,44,93,5,88,19,15,4,4,3,1,0,0,0,1,1,0,1,0,1,2,2,0,3,3,0,0,0,0,1,1,0,0,0,0,2,2,0,1,0,1,0,0,0,0,0,0,1,0,1,0,0,0,210,123,87
04,92,Bhainsa,Nirmal,06,Kuntala,570103,0000,VILLAGE,Ambagaon,Rural,96,497,267,230,60,35,25,13,5,8,352,193,159,174,127,47,323,140,183,269,130,139,259,124,135,110,98,12,146,26,120,0,0,0,3,0,3,10,6,4,1,0,1,8,5,3,0,0,0,1,1,0,10,6,4,1,0,1,8,5,3,0,0,0,1,1,0,0,0,0,0,0,0,0,0,0,0,0,0,0,0,0,228,137,91
04,92,Bhainsa,Nirmal,06,Kuntala,570104,0000,VILLAGE,Suryapur,Rural,194,782,388,394,89,44,45,117,54,63,0,0,0,359,248,111,423,140,283,469,209,260,454,206,248,124,84,40,87,47,40,220,56,164,23,19,4,15,3,12,0,0,0,3,0,3,9,0,9,3,3,0,15,3,12,0,0,0,3,0,3,9,0,9,3,3,0,0,0,0,0,0,0,0,0,0,0,0,0,0,0,0,313,179,134
04,92,Bhainsa,Nirmal,06,Kuntala,570105,0000,VILLAGE,Rajapur,Rural,56,247,128,119,58,33,25,0,0,0,238,123,115,68,48,20,179,80,99,135,71,64,135,71,64,131,69,62,3,1,2,0,0,0,1,1,0,0,0,0,0,0,0,0,0,0,0,0,0,0,0,0,0,0,0,0,0,0,0,0,0,0,0,0,0,0,0,0,0,0,0,0,0,0,0,0,0,0,0,0,0,0,112,57,55
04,92,Bhainsa,Nirmal,06,Kuntala,570106,0000,VILLAGE,Downelle,Rural,331,1483,706,777,189,85,104,178,86,92,606,283,323,632,385,247,851,321,530,878,419,459,870,414,456,508,320,188,147,52,95,187,21,166,28,21,7,8,5,3,2,1,1,3,2,1,1,0,1,2,2,0,7,5,2,1,1,0,3,2,1,1,0,1,2,2,0,1,0,1,1,0,1,0,0,0,0,0,0,0,0,0,605,287,318
04,91,Nirmal,Nirmal,07,Narsapur_G,570108,0000,VILLAGE,Burugupalle,Rural,246,1182,618,564,198,102,96,36,23,13,1138,593,545,431,314,117,751,304,447,598,308,290,559,287,272,413,212,201,136,69,67,1,1,0,9,5,4,39,21,18,5,3,2,30,16,14,0,0,0,4,2,2,39,21,18,5,3,2,30,16,14,0,0,0,4,2,2,0,0,0,0,0,0,0,0,0,0,0,0,0,0,0,584,310,274
04,91,Nirmal,Nirmal,07,Narsapur_G,570110,0000,VILLAGE,Gulmadaga,Rural,1124,4283,2070,2213,508,264,244,599,296,303,142,66,76,1690,1031,659,2593,1039,1554,2536,1186,1350,2035,951,1084,526,424,102,509,323,186,663,23,640,337,181,156,501,235,266,25,17,8,296,188,108,68,2,66,112,28,84,476,221,255,24,17,7,277,175,102,66,2,64,109,27,82,25,14,11,1,0,1,19,13,6,2,0,2,3,1,2,1747,884,863
04,92,Bhainsa,Nirmal,06,Kuntala,570111,0000,VILLAGE,Raipahad,Rural,21,94,45,49,17,7,10,0,0,0,93,45,48,18,13,5,76,32,44,53,26,27,0,0,0,0,0,0,0,0,0,0,0,0,0,0,0,53,26,27,0,0,0,53,26,27,0,0,0,0,0,0,53,26,27,0,0,0,53,26,27,0,0,0,0,0,0,0,0,0,0,0,0,0,0,0,0,0,0,0,0,0,41,19,22
04,92,Bhainsa,Nirmal,06,Kuntala,570112,0000,VILLAGE,Ambakanti,Rural,579,2472,1194,1278,310,144,166,255,110,145,550,284,266,1031,639,392,1441,555,886,1458,692,766,1392,652,740,406,274,132,410,234,176,431,22,409,145,122,23,66,40,26,11,9,2,24,11,13,14,4,10,17,16,1,65,40,25,11,9,2,24,11,13,13,4,9,17,16,1,1,0,1,0,0,0,0,0,0,1,0,1,0,0,0,1014,502,512
04,92,Bhainsa,Nirmal,06,Kuntala,570113,0000,VILLAGE,Kuntala,Rural,1107,4611,2263,2348,449,242,207,393,176,217,248,126,122,2393,1438,955,2218,825,1393,2573,1279,1294,2369,1191,1178,446,320,126,656,388,268,609,101,508,658,382,276,204,88,116,9,8,1,68,38,30,67,9,58,60,33,27,192,82,110,9,8,1,64,36,28,65,9,56,54,29,25,12,6,6,0,0,0,4,2,2,2,0,2,6,4,2,2038,984,1054
04,92,Bhainsa,Nirmal,06,Kuntala,570114,0000,VILLAGE,Oala,Rural,660,2837,1408,1429,380,209,171,365,176,189,273,152,121,1409,812,597,1428,596,832,1601,795,806,1506,755,751,241,185,56,543,323,220,394,41,353,328,206,122,95,40,55,5,2,3,14,5,9,25,9,16,51,24,27,80,37,43,3,2,1,10,4,6,21,8,13,46,23,23,15,3,12,2,0,2,4,1,3,4,1,3,5,1,4,1236,613,623
04,92,Bhainsa,Nirmal,06,Kuntala,570115,0000,VILLAGE,Limba(Khurd),Rural,611,2556,1277,1279,286,153,133,255,131,124,152,88,64,1236,724,512,1320,553,767,1438,718,720,1259,687,572,365,238,127,531,289,242,236,58,178,127,102,25,179,31,148,46,7,39,80,14,66,31,0,31,22,10,12,166,30,136,46,7,39,73,14,59,27,0,27,20,9,11,13,1,12,0,0,0,7,0,7,4,0,4,2,1,1,1118,559,559
04,92,Bhainsa,Nirmal,06,Kuntala,570116,0000,VILLAGE,Vittapur,Rural,227,868,400,468,95,38,57,143,67,76,46,22,24,415,250,165,453,150,303,487,228,259,477,221,256,144,80,64,180,107,73,112,10,102,41,24,17,10,7,3,1,1,0,4,2,2,0,0,0,5,4,1,8,6,2,1,1,0,2,1,1,0,0,0,5,4,1,2,1,1,0,0,0,2,1,1,0,0,0,0,0,0,381,172,209
04,92,Bhainsa,Nirmal,06,Kuntala,570117,0000,VILLAGE,Venkur,Rural,91,428,214,214,62,28,34,104,51,53,34,15,19,206,129,77,222,85,137,258,132,126,245,127,118,92,91,1,46,16,30,83,4,79,24,16,8,13,5,8,0,0,0,9,4,5,2,0,2,2,1,1,8,3,5,0,0,0,6,3,3,2,0,2,0,0,0,5,2,3,0,0,0,3,1,2,0,0,0,2,1,1,170,82,88
04,92,Bhainsa,Nirmal,06,Kuntala,570118,0000,VILLAGE,Penchikalpahad,Rural,232,962,478,484,80,45,35,170,85,85,32,18,14,518,319,199,444,159,285,545,253,292,526,243,283,152,101,51,140,81,59,81,6,75,153,55,98,19,10,9,8,4,4,10,5,5,0,0,0,1,1,0,15,9,6,5,3,2,9,5,4,0,0,0,1,1,0,4,1,3,3,1,2,1,0,1,0,0,0,0,0,0,417,225,192
04,92,Bhainsa,Nirmal,06,Kuntala,570119,0000,VILLAGE,Andhur,Rural,379,1541,744,797,168,88,80,486,224,262,93,47,46,726,432,294,815,312,503,884,423,461,684,344,340,150,105,45,263,176,87,177,8,169,94,55,39,200,79,121,5,4,1,96,41,55,7,0,7,92,34,58,189,74,115,5,4,1,90,38,52,5,0,5,89,32,57,11,5,6,0,0,0,6,3,3,2,0,2,3,2,1,657,321,336
04,91,Nirmal,Nirmal,07,Narsapur_G,570120,0000,VILLAGE,Bamini (Buzurg),Rural,206,905,434,471,118,58,60,185,91,94,301,142,159,379,238,141,526,196,330,570,263,307,514,236,278,180,99,81,216,109,107,61,6,55,57,22,35,56,27,29,1,0,1,40,18,22,5,1,4,10,8,2,53,26,27,1,0,1,38,18,20,5,1,4,9,7,2,3,1,2,0,0,0,2,0,2,0,0,0,1,1,0,335,171,164
04,91,Nirmal,Nirmal,07,Narsapur_G,570121,0000,VILLAGE,Nandan,Rural,151,539,262,277,55,31,24,109,53,56,218,107,111,252,161,91,287,101,186,339,165,174,322,157,165,120,75,45,82,42,40,85,13,72,35,27,8,17,8,9,5,5,0,5,1,4,5,1,4,2,1,1,17,8,9,5,5,0,5,1,4,5,1,4,2,1,1,0,0,0,0,0,0,0,0,0,0,0,0,0,0,0,200,97,103
04,91,Nirmal,Nirmal,07,Narsapur_G,570122,0000,VILLAGE,Turati,Rural,268,987,454,533,96,48,48,191,84,107,18,8,10,499,296,203,488,158,330,583,261,322,564,253,311,145,120,25,145,83,62,235,22,213,39,28,11,19,8,11,2,0,2,5,2,3,3,0,3,9,6,3,16,8,8,2,0,2,5,2,3,3,0,3,6,6,0,3,0,3,0,0,0,0,0,0,0,0,0,3,0,3,404,193,211
04,92,Bhainsa,Nirmal,06,Kuntala,570123,0000,VILLAGE,Kallur,Rural,576,2299,1076,1223,221,130,91,500,241,259,28,10,18,1230,674,556,1069,402,667,1144,542,602,1122,531,591,193,139,54,250,124,126,442,75,367,237,193,44,22,11,11,0,0,0,9,4,5,2,1,1,11,6,5,19,9,10,0,0,0,7,3,4,1,0,1,11,6,5,3,2,1,0,0,0,2,1,1,1,1,0,0,0,0,1155,534,621
04,91,Nirmal,Nirmal,07,Narsapur_G,570124,0000,VILLAGE,Mutakapalle,Rural,29,114,62,52,14,8,6,35,20,15,0,0,0,52,39,13,62,23,39,66,35,31,66,35,31,48,26,22,16,8,8,0,0,0,2,1,1,0,0,0,0,0,0,0,0,0,0,0,0,0,0,0,0,0,0,0,0,0,0,0,0,0,0,0,0,0,0,0,0,0,0,0,0,0,0,0,0,0,0,0,0,0,48,27,21
04,91,Nirmal,Nirmal,07,Narsapur_G,570125,0000,VILLAGE,Burgupalle,Rural,82,351,167,184,25,10,15,54,23,31,0,0,0,203,123,80,148,44,104,204,101,103,129,77,52,38,27,11,36,16,20,18,1,17,37,33,4,75,24,51,0,0,0,9,4,5,45,0,45,21,20,1,33,15,18,0,0,0,5,1,4,14,0,14,14,14,0,42,9,33,0,0,0,4,3,1,31,0,31,7,6,1,147,66,81
04,91,Nirmal,Nirmal,07,Narsapur_G,570126,0000,VILLAGE,Arly (Khurd),Rural,163,581,285,296,69,43,26,199,94,105,1,0,1,234,145,89,347,140,207,349,151,198,348,151,197,125,80,45,70,36,34,109,3,106,44,32,12,1,0,1,0,0,0,1,0,1,0,0,0,0,0,0,1,0,1,0,0,0,1,0,1,0,0,0,0,0,0,0,0,0,0,0,0,0,0,0,0,0,0,0,0,0,232,134,98
04,91,Nirmal,Nirmal,07,Narsapur_G,570127,0000,VILLAGE,Dongargaon,Rural,110,425,201,224,42,20,22,129,65,64,1,1,0,189,109,80,236,92,144,275,134,141,271,134,137,139,109,30,32,16,16,90,4,86,10,5,5,4,0,4,2,0,2,0,0,0,2,0,2,0,0,0,4,0,4,2,0,2,0,0,0,2,0,2,0,0,0,0,0,0,0,0,0,0,0,0,0,0,0,0,0,0,150,67,83
04,91,Nirmal,Nirmal,07,Narsapur_G,570128,0000,VILLAGE,Chakepalle,Rural,324,1435,667,768,169,72,97,280,138,142,40,20,20,693,395,298,742,272,470,821,389,432,203,130,73,60,49,11,18,14,4,45,14,31,80,53,27,618,259,359,3,1,2,95,69,26,259,10,249,261,179,82,618,259,359,3,1,2,95,69,26,259,10,249,261,179,82,0,0,0,0,0,0,0,0,0,0,0,0,0,0,0,614,278,336
04,92,Bhainsa,Nirmal,01,Kubeer,570129,0000,VILLAGE,Palsi,Rural,897,4144,2012,2132,484,232,252,516,241,275,498,260,238,1754,1110,644,2390,902,1488,2278,1094,1184,2269,1092,1177,787,487,300,889,429,460,413,37,376,180,139,41,9,2,7,2,0,2,1,1,0,4,1,3,2,0,2,2,0,2,2,0,2,0,0,0,0,0,0,0,0,0,7,2,5,0,0,0,1,1,0,4,1,3,2,0,2,1866,918,948
04,92,Bhainsa,Nirmal,01,Kubeer,570130,0000,VILLAGE,Pardi khurd,Rural,332,1278,616,662,139,72,67,152,77,75,184,97,87,683,404,279,595,212,383,701,338,363,697,337,360,379,224,155,166,48,118,80,9,71,72,56,16,4,1,3,0,0,0,3,1,2,0,0,0,1,0,1,4,1,3,0,0,0,3,1,2,0,0,0,1,0,1,0,0,0,0,0,0,0,0,0,0,0,0,0,0,0,577,278,299
04,92,Bhainsa,Nirmal,01,Kubeer,570131,0000,VILLAGE,Jamgaon,Rural,167,818,421,397,121,66,55,50,26,24,11,6,5,453,275,178,365,146,219,465,246,219,464,245,219,179,118,61,125,71,54,98,0,98,62,56,6,1,1,0,0,0,0,1,1,0,0,0,0,0,0,0,1,1,0,0,0,0,1,1,0,0,0,0,0,0,0,0,0,0,0,0,0,0,0,0,0,0,0,0,0,0,353,175,178
04,92,Bhainsa,Nirmal,01,Kubeer,570132,0000,VILLAGE,Ranjani,Rural,276,1389,691,698,214,101,113,12,5,7,854,426,428,540,355,185,849,336,513,789,383,406,534,301,233,333,180,153,141,81,60,10,4,6,50,36,14,255,82,173,13,10,3,232,71,161,3,0,3,7,1,6,222,69,153,6,3,3,206,65,141,3,0,3,7,1,6,33,13,20,7,7,0,26,6,20,0,0,0,0,0,0,600,308,292
04,92,Bhainsa,Nirmal,01,Kubeer,570133,0000,VILLAGE,Sirpalle,Rural,381,1880,925,955,374,195,179,73,37,36,1656,813,843,693,444,249,1187,481,706,1028,507,521,917,491,426,344,249,95,511,195,316,8,3,5,54,44,10,111,16,95,5,1,4,91,11,80,4,1,3,11,3,8,93,11,82,4,1,3,81,9,72,2,0,2,6,1,5,18,5,13,1,0,1,10,2,8,2,1,1,5,2,3,852,418,434
04,92,Bhainsa,Nirmal,01,Kubeer,570134,0000,VILLAGE,Dodarna,Rural,618,2915,1504,1411,503,259,244,85,50,35,2652,1364,1288,1151,798,353,1764,706,1058,1527,762,765,1472,746,726,571,311,260,788,342,446,9,7,2,104,86,18,55,16,39,5,2,3,39,10,29,5,1,4,6,3,3,53,15,38,5,2,3,38,10,28,5,1,4,5,2,3,2,1,1,0,0,0,1,0,1,0,0,0,1,1,0,1388,742,646
04,92,Bhainsa,Nirmal,01,Kubeer,570135,0000,VILLAGE,Belgaon,Rural,305,1393,683,710,219,115,104,351,169,182,639,315,324,631,387,244,762,296,466,778,394,384,771,390,381,142,139,3,571,226,345,27,3,24,31,22,9,7,4,3,1,0,1,4,2,2,0,0,0,2,2,0,7,4,3,1,0,1,4,2,2,0,0,0,2,2,0,0,0,0,0,0,0,0,0,0,0,0,0,0,0,0,615,289,326
04,92,Bhainsa,Nirmal,01,Kubeer,570136,0000,VILLAGE,Brahmeswar,Rural,186,845,413,432,140,59,81,58,27,31,612,295,317,337,230,107,508,183,325,402,219,183,282,159,123,150,82,68,108,59,49,1,1,0,23,17,6,120,60,60,16,7,9,82,37,45,1,1,0,21,15,6,114,58,56,14,6,8,80,37,43,1,1,0,19,14,5,6,2,4,2,1,1,2,0,2,0,0,0,2,1,1,443,194,249
04,92,Bhainsa,Nirmal,01,Kubeer,570137,0000,VILLAGE,Marlagonda,Rural,126,640,344,296,111,60,51,4,1,3,631,339,292,203,158,45,437,186,251,322,151,171,313,145,168,5,3,2,306,140,166,0,0,0,2,2,0,9,6,3,0,0,0,9,6,3,0,0,0,0,0,0,9,6,3,0,0,0,9,6,3,0,0,0,0,0,0,0,0,0,0,0,0,0,0,0,0,0,0,0,0,0,318,193,125
04,92,Bhainsa,Nirmal,01,Kubeer,570138,0000,VILLAGE,Nandapahad,Rural,70,364,192,172,68,43,25,15,8,7,348,183,165,129,93,36,235,99,136,200,94,106,176,82,94,0,0,0,172,80,92,0,0,0,4,2,2,24,12,12,0,0,0,23,11,12,0,0,0,1,1,0,24,12,12,0,0,0,23,11,12,0,0,0,1,1,0,0,0,0,0,0,0,0,0,0,0,0,0,0,0,0,164,98,66
04,92,Bhainsa,Nirmal,01,Kubeer,570139,0000,VILLAGE,Veeragohan,Rural,74,404,198,206,86,40,46,2,0,2,391,193,198,110,82,28,294,116,178,237,118,119,225,112,113,1,1,0,221,108,113,0,0,0,3,3,0,12,6,6,0,0,0,12,6,6,0,0,0,0,0,0,12,6,6,0,0,0,12,6,6,0,0,0,0,0,0,0,0,0,0,0,0,0,0,0,0,0,0,0,0,0,167,80,87
04,92,Bhainsa,Nirmal,01,Kubeer,570140,0000,VILLAGE,Halda,Rural,257,1156,579,577,158,83,75,232,113,119,189,96,93,437,276,161,719,303,416,695,344,351,690,340,350,212,138,74,343,161,182,101,17,84,34,24,10,5,4,1,2,2,0,2,2,0,1,0,1,0,0,0,5,4,1,2,2,0,2,2,0,1,0,1,0,0,0,0,0,0,0,0,0,0,0,0,0,0,0,0,0,0,461,235,226
04,92,Bhainsa,Nirmal,01,Kubeer,570141,0000,VILLAGE,Shivani,Rural,291,1403,694,709,247,129,118,52,23,29,988,492,496,357,234,123,1046,460,586,755,371,384,707,346,361,97,58,39,542,265,277,17,10,7,51,13,38,48,25,23,5,3,2,38,21,17,0,0,0,5,1,4,48,25,23,5,3,2,38,21,17,0,0,0,5,1,4,0,0,0,0,0,0,0,0,0,0,0,0,0,0,0,648,323,325
04,92,Bhainsa,Nirmal,01,Kubeer,570142,0000,VILLAGE,Chata,Rural,407,1805,892,913,237,130,107,344,165,179,178,87,91,789,482,307,1016,410,606,1107,532,575,953,444,509,323,222,101,227,134,93,332,29,303,71,59,12,154,88,66,8,5,3,112,64,48,13,4,9,21,15,6,147,87,60,8,5,3,108,64,44,11,3,8,20,15,5,7,1,6,0,0,0,4,0,4,2,1,1,1,0,1,698,360,338
04,92,Bhainsa,Nirmal,01,Kubeer,570143,0000,VILLAGE,Pardi (Buzurg),Rural,729,3280,1648,1632,442,246,196,556,286,270,219,109,110,1422,857,565,1858,791,1067,2012,984,1028,1763,914,849,727,464,263,470,258,212,147,23,124,419,169,250,249,70,179,55,22,33,99,18,81,61,12,49,34,18,16,221,63,158,41,18,23,90,16,74,56,11,45,34,18,16,28,7,21,14,4,10,9,2,7,5,1,4,0,0,0,1268,664,604
04,92,Bhainsa,Nirmal,01,Kubeer,570144,0000,VILLAGE,Darkubeer,Rural,139,632,306,326,108,51,57,179,78,101,14,8,6,246,155,91,386,151,235,384,188,196,382,188,194,285,149,136,72,31,41,16,3,13,9,5,4,2,0,2,0,0,0,1,0,1,1,0,1,0,0,0,2,0,2,0,0,0,1,0,1,1,0,1,0,0,0,0,0,0,0,0,0,0,0,0,0,0,0,0,0,0,248,118,130
04,92,Bhainsa,Nirmal,01,Kubeer,570145,0000,VILLAGE,Rajura,Rural,77,319,166,153,42,22,20,139,74,65,1,1,0,179,112,67,140,54,86,178,98,80,176,97,79,66,39,27,90,43,47,0,0,0,20,15,5,2,1,1,0,0,0,2,1,1,0,0,0,0,0,0,2,1,1,0,0,0,2,1,1,0,0,0,0,0,0,0,0,0,0,0,0,0,0,0,0,0,0,0,0,0,141,68,73
04,92,Bhainsa,Nirmal,01,Kubeer,570146,0000,VILLAGE,Kubeer,Rural,1439,6672,3354,3318,773,398,375,903,449,454,361,205,156,3664,2166,1498,3008,1188,1820,3208,1744,1464,3004,1653,1351,700,473,227,884,492,392,476,57,419,944,631,313,204,91,113,13,8,5,56,26,30,56,15,41,79,42,37,185,86,99,13,8,5,53,25,28,43,13,30,76,40,36,19,5,14,0,0,0,3,1,2,13,2,11,3,2,1,3464,1610,1854
04,92,Bhainsa,Nirmal,01,Kubeer,570147,0000,VILLAGE,Khasra,Rural,185,889,433,456,117,56,61,139,60,79,246,132,114,419,262,157,470,171,299,468,226,242,365,193,172,160,101,59,113,74,39,74,3,71,18,15,3,103,33,70,3,1,2,64,22,42,28,2,26,8,8,0,94,31,63,1,0,1,58,21,37,27,2,25,8,8,0,9,2,7,2,1,1,6,1,5,1,0,1,0,0,0,421,207,214
04,92,Bhainsa,Nirmal,01,Kubeer,570148,0000,VILLAGE,Chondi,Rural,233,1113,524,589,132,60,72,267,118,149,130,65,65,554,321,233,559,203,356,711,334,377,630,294,336,279,161,118,195,97,98,123,9,114,33,27,6,81,40,41,4,2,2,13,8,5,29,11,18,35,19,16,51,29,22,2,1,1,8,5,3,16,7,9,25,16,9,30,11,19,2,1,1,5,3,2,13,4,9,10,3,7,402,190,212
04,92,Bhainsa,Nirmal,01,Kubeer,570149,0000,VILLAGE,Jumda,Rural,65,339,163,176,43,20,23,253,120,133,0,0,0,207,117,90,132,46,86,206,100,106,205,99,106,183,91,92,12,3,9,3,0,3,7,5,2,1,1,0,1,1,0,0,0,0,0,0,0,0,0,0,0,0,0,0,0,0,0,0,0,0,0,0,0,0,0,1,1,0,1,1,0,0,0,0,0,0,0,0,0,0,133,63,70
04,92,Bhainsa,Nirmal,01,Kubeer,570150,0000,VILLAGE,Sangvi,Rural,176,813,396,417,72,34,38,93,45,48,0,0,0,358,206,152,455,190,265,492,241,251,444,227,217,199,193,6,112,17,95,92,5,87,41,12,29,48,14,34,3,3,0,24,6,18,5,0,5,16,5,11,47,14,33,3,3,0,23,6,17,5,0,5,16,5,11,1,0,1,0,0,0,1,0,1,0,0,0,0,0,0,321,155,166
04,92,Bhainsa,Nirmal,01,Kubeer,570151,0000,VILLAGE,Kupti,Rural,183,759,370,389,96,50,46,145,72,73,0,0,0,307,175,132,452,195,257,442,223,219,389,196,193,147,101,46,114,64,50,97,4,93,31,27,4,53,27,26,2,0,2,25,14,11,7,0,7,19,13,6,24,17,7,2,0,2,11,10,1,3,0,3,8,7,1,29,10,19,0,0,0,14,4,10,4,0,4,11,6,5,317,147,170
04,92,Bhainsa,Nirmal,01,Kubeer,570152,0000,VILLAGE,Varni,Rural,65,303,153,150,31,19,12,72,37,35,108,63,45,138,88,50,165,65,100,202,97,105,202,97,105,194,92,102,0,0,0,0,0,0,8,5,3,0,0,0,0,0,0,0,0,0,0,0,0,0,0,0,0,0,0,0,0,0,0,0,0,0,0,0,0,0,0,0,0,0,0,0,0,0,0,0,0,0,0,0,0,0,101,56,45
04,92,Bhainsa,Nirmal,01,Kubeer,570153,0000,VILLAGE,Sonari,Rural,183,905,438,467,91,51,40,166,77,89,20,9,11,498,289,209,407,149,258,527,250,277,519,246,273,165,103,62,193,101,92,102,4,98,59,38,21,8,4,4,0,0,0,3,2,1,1,0,1,4,2,2,7,3,4,0,0,0,2,1,1,1,0,1,4,2,2,1,1,0,0,0,0,1,1,0,0,0,0,0,0,0,378,188,190
04,92,Bhainsa,Nirmal,01,Kubeer,570154,0000,VILLAGE,Hampli (Buzurg),Rural,164,612,309,303,78,46,32,120,59,61,4,2,2,340,210,130,272,99,173,379,184,195,354,180,174,115,66,49,204,91,113,11,2,9,24,21,3,25,4,21,17,2,15,0,0,0,5,2,3,3,0,3,23,4,19,16,2,14,0,0,0,4,2,2,3,0,3,2,0,2,1,0,1,0,0,0,1,0,1,0,0,0,233,125,108
04,92,Bhainsa,Nirmal,01,Kubeer,570155,0000,VILLAGE,Godapur,Rural,225,1119,541,578,156,81,75,97,45,52,82,42,40,580,339,241,539,202,337,634,321,313,590,306,284,461,240,221,79,38,41,1,0,1,49,28,21,44,15,29,1,0,1,37,12,25,0,0,0,6,3,3,39,15,24,0,0,0,35,12,23,0,0,0,4,3,1,5,0,5,1,0,1,2,0,2,0,0,0,2,0,2,485,220,265
04,92,Bhainsa,Nirmal,01,Kubeer,570156,0000,VILLAGE,Nighwa,Rural,676,2834,1359,1475,332,162,170,477,234,243,81,36,45,1476,880,596,1358,479,879,1513,779,734,1475,757,718,604,346,258,507,251,256,1,1,0,363,159,204,38,22,16,1,1,0,34,19,15,1,1,0,2,1,1,31,19,12,1,1,0,27,16,11,1,1,0,2,1,1,7,3,4,0,0,0,7,3,4,0,0,0,0,0,0,1321,580,741
04,92,Bhainsa,Nirmal,01,Kubeer,570157,0000,VILLAGE,Mola,Rural,113,465,227,238,68,38,30,78,33,45,30,14,16,219,120,99,246,107,139,267,128,139,209,105,104,100,52,48,102,46,56,0,0,0,7,7,0,58,23,35,28,10,18,27,11,16,0,0,0,3,2,1,43,17,26,19,7,12,22,9,13,0,0,0,2,1,1,15,6,9,9,3,6,5,2,3,0,0,0,1,1,0,198,99,99
04,92,Bhainsa,Nirmal,01,Kubeer,570158,0000,VILLAGE,Lingi,Rural,86,437,222,215,59,32,27,105,58,47,4,2,2,251,147,104,186,75,111,276,143,133,213,116,97,88,55,33,111,49,62,0,0,0,14,12,2,63,27,36,4,1,3,57,24,33,0,0,0,2,2,0,62,26,36,4,1,3,57,24,33,0,0,0,1,1,0,1,1,0,0,0,0,0,0,0,0,0,0,1,1,0,161,79,82
04,92,Bhainsa,Nirmal,01,Kubeer,570159,0000,VILLAGE,Wai,Rural,123,460,238,222,60,28,32,63,35,28,4,3,1,177,119,58,283,119,164,254,128,126,74,62,12,51,47,4,13,10,3,2,1,1,8,4,4,180,66,114,1,1,0,117,40,77,22,4,18,40,21,19,180,66,114,1,1,0,117,40,77,22,4,18,40,21,19,0,0,0,0,0,0,0,0,0,0,0,0,0,0,0,206,110,96
04,92,Bhainsa,Nirmal,01,Kubeer,570160,0000,VILLAGE,Sanwali,Rural,442,1900,949,951,252,136,116,377,186,191,3,3,0,1011,617,394,889,332,557,1034,514,520,925,450,475,470,256,214,220,106,114,137,11,126,98,77,21,109,64,45,0,0,0,71,37,34,10,0,10,28,27,1,89,48,41,0,0,0,70,36,34,6,0,6,13,12,1,20,16,4,0,0,0,1,1,0,4,0,4,15,15,0,866,435,431
04,92,Bhainsa,Nirmal,01,Kubeer,570161,0000,VILLAGE,Antharni,Rural,96,417,216,201,70,40,30,86,39,47,162,85,77,190,117,73,227,99,128,248,121,127,247,121,126,174,89,85,48,18,30,4,0,4,21,14,7,1,0,1,0,0,0,1,0,1,0,0,0,0,0,0,1,0,1,0,0,0,1,0,1,0,0,0,0,0,0,0,0,0,0,0,0,0,0,0,0,0,0,0,0,0,169,95,74
04,92,Bhainsa,Nirmal,01,Kubeer,570162,0000,VILLAGE,Malegaon,Rural,340,1477,706,771,195,97,98,327,151,176,6,1,5,644,388,256,833,318,515,929,442,487,587,318,269,215,132,83,285,150,135,53,9,44,34,27,7,342,124,218,14,6,8,170,65,105,129,33,96,29,20,9,318,120,198,13,6,7,166,63,103,115,33,82,24,18,6,24,4,20,1,0,1,4,2,2,14,0,14,5,2,3,548,264,284
04,92,Bhainsa,Nirmal,01,Kubeer,570163,0000,VILLAGE,Godsara,Rural,173,763,377,386,94,47,47,135,67,68,27,11,16,368,221,147,395,156,239,449,221,228,367,202,165,131,130,1,137,42,95,67,2,65,32,28,4,82,19,63,0,0,0,72,14,58,7,2,5,3,3,0,81,19,62,0,0,0,71,14,57,7,2,5,3,3,0,1,0,1,0,0,0,1,0,1,0,0,0,0,0,0,314,156,158
04,92,Bhainsa,Nirmal,01,Kubeer,570164,0000,VILLAGE,Pangra,Rural,70,399,195,204,62,30,32,144,72,72,11,6,5,236,134,102,163,61,102,217,106,111,215,106,109,71,70,1,115,17,98,0,0,0,29,19,10,2,0,2,2,0,2,0,0,0,0,0,0,0,0,0,0,0,0,0,0,0,0,0,0,0,0,0,0,0,0,2,0,2,2,0,2,0,0,0,0,0,0,0,0,0,182,89,93
04,92,Bhainsa,Nirmal,01,Kubeer,570165,0000,VILLAGE,Bakot,Rural,37,212,92,120,28,10,18,18,6,12,0,0,0,120,62,58,92,30,62,109,51,58,109,51,58,37,34,3,56,5,51,3,1,2,13,11,2,0,0,0,0,0,0,0,0,0,0,0,0,0,0,0,0,0,0,0,0,0,0,0,0,0,0,0,0,0,0,0,0,0,0,0,0,0,0,0,0,0,0,0,0,0,103,41,62
04,92,Bhainsa,Nirmal,01,Kubeer,570166,0000,VILLAGE,Saona,Rural,78,431,227,204,74,43,31,164,94,70,8,7,1,195,121,74,236,106,130,235,128,107,228,121,107,99,52,47,110,62,48,9,3,6,10,4,6,7,7,0,1,1,0,1,1,0,0,0,0,5,5,0,7,7,0,1,1,0,1,1,0,0,0,0,5,5,0,0,0,0,0,0,0,0,0,0,0,0,0,0,0,0,196,99,97
04,92,Bhainsa,Nirmal,05,Bhainsa,570167,0000,VILLAGE,Chinchod,Rural,310,1544,773,771,206,109,97,559,280,279,25,14,11,737,441,296,807,332,475,863,456,407,848,449,399,305,206,99,502,205,297,12,12,0,29,26,3,15,7,8,6,4,2,4,0,4,0,0,0,5,3,2,10,5,5,4,3,1,2,0,2,0,0,0,4,2,2,5,2,3,2,1,1,2,0,2,0,0,0,1,1,0,681,317,364
04,92,Bhainsa,Nirmal,05,Bhainsa,570168,0000,VILLAGE,Kumbi,Rural,158,739,359,380,116,58,58,177,79,98,2,1,1,275,175,100,464,184,280,401,214,187,387,209,178,32,21,11,304,156,148,2,0,2,49,32,17,14,5,9,0,0,0,9,5,4,2,0,2,3,0,3,10,3,7,0,0,0,6,3,3,1,0,1,3,0,3,4,2,2,0,0,0,3,2,1,1,0,1,0,0,0,338,145,193
04,92,Bhainsa,Nirmal,05,Bhainsa,570169,0000,VILLAGE,Takli,Rural,129,475,235,240,58,31,27,2,1,1,1,1,0,249,153,96,226,82,144,272,132,140,272,132,140,194,100,94,52,25,27,16,0,16,10,7,3,0,0,0,0,0,0,0,0,0,0,0,0,0,0,0,0,0,0,0,0,0,0,0,0,0,0,0,0,0,0,0,0,0,0,0,0,0,0,0,0,0,0,0,0,0,203,103,100
04,92,Bhainsa,Nirmal,05,Bhainsa,570170,0000,VILLAGE,Linga,Rural,94,402,198,204,61,29,32,20,4,16,4,2,2,215,129,86,187,69,118,169,104,65,157,97,60,73,66,7,74,24,50,2,1,1,8,6,2,12,7,5,1,1,0,5,2,3,2,1,1,4,3,1,12,7,5,1,1,0,5,2,3,2,1,1,4,3,1,0,0,0,0,0,0,0,0,0,0,0,0,0,0,0,233,94,139
04,92,Bhainsa,Nirmal,05,Bhainsa,570171,0000,VILLAGE,Mirzapur,Rural,224,1053,532,521,141,73,68,359,183,176,41,20,21,488,301,187,565,231,334,601,299,302,596,297,299,204,110,94,269,127,142,58,7,51,65,53,12,5,2,3,1,1,0,2,1,1,1,0,1,1,0,1,5,2,3,1,1,0,2,1,1,1,0,1,1,0,1,0,0,0,0,0,0,0,0,0,0,0,0,0,0,0,452,233,219
04,92,Bhainsa,Nirmal,05,Bhainsa,570172,0000,VILLAGE,Siddur,Rural,203,902,442,460,124,57,67,176,87,89,9,5,4,435,271,164,467,171,296,532,260,272,479,243,236,168,97,71,127,75,52,72,6,66,112,65,47,53,17,36,1,1,0,41,11,30,5,2,3,6,3,3,53,17,36,1,1,0,41,11,30,5,2,3,6,3,3,0,0,0,0,0,0,0,0,0,0,0,0,0,0,0,370,182,188
04,92,Bhainsa,Nirmal,05,Bhainsa,570173,0000,VILLAGE,Gundagaon,Rural,162,694,338,356,90,53,37,88,59,29,9,5,4,362,208,154,332,130,202,467,221,246,442,210,232,120,87,33,192,93,99,100,11,89,30,19,11,25,11,14,1,0,1,4,0,4,8,2,6,12,9,3,25,11,14,1,0,1,4,0,4,8,2,6,12,9,3,0,0,0,0,0,0,0,0,0,0,0,0,0,0,0,227,117,110
04,92,Bhainsa,Nirmal,05,Bhainsa,570174,0000,VILLAGE,Mahagaon,Rural,642,3061,1497,1564,404,197,207,363,173,190,92,51,41,1340,819,521,1721,678,1043,1745,851,894,1702,828,874,630,440,190,246,114,132,362,36,326,464,238,226,43,23,20,6,4,2,11,5,6,7,0,7,19,14,5,41,22,19,5,3,2,11,5,6,6,0,6,19,14,5,2,1,1,1,1,0,0,0,0,1,0,1,0,0,0,1316,646,670
04,92,Bhainsa,Nirmal,05,Bhainsa,570175,0000,VILLAGE,Chintalabori,Rural,304,1387,663,724,188,93,95,190,92,98,36,16,20,537,327,210,850,336,514,876,418,458,867,418,449,203,146,57,308,168,140,230,11,219,126,93,33,9,0,9,1,0,1,1,0,1,2,0,2,5,0,5,5,0,5,1,0,1,1,0,1,2,0,2,1,0,1,4,0,4,0,0,0,0,0,0,0,0,0,4,0,4,511,245,266
04,92,Bhainsa,Nirmal,05,Bhainsa,570176,0000,VILLAGE,Kotalgaon,Rural,414,1678,814,864,180,93,87,314,165,149,4,1,3,827,502,325,851,312,539,1039,491,548,1008,476,532,347,241,106,276,128,148,223,16,207,162,91,71,31,15,16,3,0,3,10,4,6,1,0,1,17,11,6,28,14,14,3,0,3,10,4,6,0,0,0,15,10,5,3,1,2,0,0,0,0,0,0,1,0,1,2,1,1,639,323,316
04,92,Bhainsa,Nirmal,05,Bhainsa,570177,0000,VILLAGE,Bijjur,Rural,189,828,411,417,86,54,32,140,68,72,5,1,4,460,272,188,368,139,229,520,251,269,503,246,257,233,122,111,182,91,91,56,5,51,32,28,4,17,5,12,2,1,1,15,4,11,0,0,0,0,0,0,17,5,12,2,1,1,15,4,11,0,0,0,0,0,0,0,0,0,0,0,0,0,0,0,0,0,0,0,0,0,308,160,148
04,92,Bhainsa,Nirmal,05,Bhainsa,570178,0000,VILLAGE,Sunkli,Rural,375,1520,744,776,190,96,94,256,127,129,83,44,39,680,410,270,840,334,506,879,422,457,739,361,378,284,179,105,179,109,70,211,15,196,65,58,7,140,61,79,2,1,1,95,49,46,36,7,29,7,4,3,135,57,78,2,1,1,92,47,45,35,6,29,6,3,3,5,4,1,0,0,0,3,2,1,1,1,0,1,1,0,641,322,319
04,92,Bhainsa,Nirmal,05,Bhainsa,570179,0000,VILLAGE,Thimmapur,Rural,547,2180,1044,1136,269,133,136,845,403,442,14,8,6,1009,593,416,1171,451,720,1269,610,659,981,484,497,228,159,69,256,150,106,316,21,295,181,154,27,288,126,162,10,8,2,211,105,106,5,0,5,62,13,49,269,119,150,10,8,2,198,100,98,3,0,3,58,11,47,19,7,12,0,0,0,13,5,8,2,0,2,4,2,2,911,434,477
04,92,Bhainsa,Nirmal,05,Bhainsa,570180,0000,VILLAGE,Wanalpahad,Rural,451,1766,870,896,221,101,120,427,212,215,112,64,48,866,533,333,900,337,563,1041,501,540,1038,498,540,245,139,106,550,281,269,160,15,145,83,63,20,3,3,0,1,1,0,0,0,0,2,2,0,0,0,0,3,3,0,1,1,0,0,0,0,2,2,0,0,0,0,0,0,0,0,0,0,0,0,0,0,0,0,0,0,0,725,369,356
04,92,Bhainsa,Nirmal,05,Bhainsa,570181,0000,VILLAGE,Ekgaon,Rural,255,985,471,514,105,54,51,226,105,121,19,8,11,489,294,195,496,177,319,598,282,316,584,278,306,143,90,53,245,128,117,6,3,3,190,57,133,14,4,10,0,0,0,7,4,3,1,0,1,6,0,6,13,4,9,0,0,0,7,4,3,0,0,0,6,0,6,1,0,1,0,0,0,0,0,0,1,0,1,0,0,0,387,189,198
04,92,Bhainsa,Nirmal,05,Bhainsa,570183,0000,VILLAGE,Babalgaon,Rural,78,364,168,196,53,21,32,72,34,38,0,0,0,172,100,72,192,68,124,223,108,115,221,107,114,60,60,0,142,37,105,3,0,3,16,10,6,2,1,1,0,0,0,2,1,1,0,0,0,0,0,0,2,1,1,0,0,0,2,1,1,0,0,0,0,0,0,0,0,0,0,0,0,0,0,0,0,0,0,0,0,0,141,60,81
04,92,Bhainsa,Nirmal,05,Bhainsa,570184,0000,VILLAGE,Pangri,Rural,237,1079,522,557,141,76,65,155,74,81,60,30,30,500,283,217,579,239,340,644,310,334,174,120,54,125,81,44,5,2,3,5,3,2,39,34,5,470,190,280,72,32,40,294,103,191,32,9,23,72,46,26,429,175,254,71,32,39,273,100,173,29,8,21,56,35,21,41,15,26,1,0,1,21,3,18,3,1,2,16,11,5,435,212,223
04,92,Bhainsa,Nirmal,05,Bhainsa,570185,0000,VILLAGE,Manjri,Rural,214,925,468,457,110,60,50,130,64,66,43,26,17,388,242,146,537,226,311,527,253,274,504,243,261,184,153,31,200,54,146,66,11,55,54,25,29,23,10,13,2,2,0,13,5,8,3,0,3,5,3,2,21,10,11,2,2,0,12,5,7,3,0,3,4,3,1,2,0,2,0,0,0,1,0,1,0,0,0,1,0,1,398,215,183
04,92,Bhainsa,Nirmal,05,Bhainsa,570186,0000,VILLAGE,Sirala,Rural,102,440,227,213,64,36,28,131,69,62,0,0,0,132,82,50,308,145,163,324,166,158,321,163,158,315,159,156,3,1,2,1,1,0,2,2,0,3,3,0,2,2,0,0,0,0,0,0,0,1,1,0,3,3,0,2,2,0,0,0,0,0,0,0,1,1,0,0,0,0,0,0,0,0,0,0,0,0,0,0,0,0,116,61,55
04,92,Bhainsa,Nirmal,05,Bhainsa,570187,0000,VILLAGE,Elegaon,Rural,463,1992,969,1023,255,123,132,525,256,269,235,106,129,963,601,362,1029,368,661,1210,578,632,1070,514,556,244,177,67,488,213,275,126,9,117,212,115,97,140,64,76,9,5,4,54,20,34,16,2,14,61,37,24,135,62,73,8,5,3,53,19,34,14,2,12,60,36,24,5,2,3,1,0,1,1,1,0,2,0,2,1,1,0,782,391,391
04,92,Bhainsa,Nirmal,05,Bhainsa,570188,0000,VILLAGE,Badgaon,Rural,71,320,140,180,44,18,26,146,62,84,1,0,1,175,91,84,145,49,96,162,76,86,130,75,55,54,39,15,71,32,39,1,0,1,4,4,0,32,1,31,26,1,25,3,0,3,0,0,0,3,0,3,32,1,31,26,1,25,3,0,3,0,0,0,3,0,3,0,0,0,0,0,0,0,0,0,0,0,0,0,0,0,158,64,94
04,92,Bhainsa,Nirmal,05,Bhainsa,570189,0000,VILLAGE,Dahegaon,Rural,863,3424,1621,1803,427,217,210,366,176,190,110,50,60,1496,854,642,1928,767,1161,2088,1005,1083,1988,972,1016,218,129,89,1169,648,521,333,39,294,268,156,112,100,33,67,8,5,3,44,13,31,15,0,15,33,15,18,83,28,55,7,4,3,42,12,30,8,0,8,26,12,14,17,5,12,1,1,0,2,1,1,7,0,7,7,3,4,1336,616,720
04,92,Bhainsa,Nirmal,05,Bhainsa,570190,0000,VILLAGE,Walegaon,Rural,432,1924,924,1000,248,118,130,440,212,228,267,119,148,949,565,384,975,359,616,1170,560,610,950,496,454,399,223,176,352,180,172,61,7,54,138,86,52,220,64,156,29,11,18,111,42,69,7,2,5,73,9,64,218,63,155,29,11,18,111,42,69,6,1,5,72,9,63,2,1,1,0,0,0,0,0,0,1,1,0,1,0,1,754,364,390
04,92,Bhainsa,Nirmal,05,Bhainsa,570191,0000,VILLAGE,Kumsari,Rural,268,1118,553,565,160,89,71,42,24,18,97,44,53,556,330,226,562,223,339,667,321,346,605,304,301,213,193,20,214,35,179,103,9,94,75,67,8,62,17,45,5,3,2,34,8,26,14,0,14,9,6,3,60,17,43,5,3,2,32,8,24,14,0,14,9,6,3,2,0,2,0,0,0,2,0,2,0,0,0,0,0,0,451,232,219
04,92,Bhainsa,Nirmal,05,Bhainsa,570192,0000,VILLAGE,Khatgaon,Rural,101,451,239,212,61,39,22,64,37,27,22,15,7,223,145,78,228,94,134,272,138,134,251,128,123,83,61,22,126,48,78,8,5,3,34,14,20,21,10,11,0,0,0,1,0,1,0,0,0,20,10,10,21,10,11,0,0,0,1,0,1,0,0,0,20,10,10,0,0,0,0,0,0,0,0,0,0,0,0,0,0,0,179,101,78
04,92,Bhainsa,Nirmal,05,Bhainsa,570193,0000,VILLAGE,Kamol,Rural,711,2696,1336,1360,277,144,133,331,153,178,148,70,78,1332,816,516,1364,520,844,1592,792,800,1369,665,704,439,271,168,737,320,417,106,9,97,87,65,22,223,127,96,3,0,3,203,122,81,8,1,7,9,4,5,219,124,95,3,0,3,200,119,81,7,1,6,9,4,5,4,3,1,0,0,0,3,3,0,1,0,1,0,0,0,1104,544,560
04,92,Bhainsa,Nirmal,05,Bhainsa,570194,0000,VILLAGE,Hasgul,Rural,172,805,403,402,113,65,48,148,78,70,59,30,29,485,282,203,320,121,199,484,237,247,197,132,65,128,88,40,44,26,18,6,2,4,19,16,3,287,105,182,79,23,56,127,61,66,51,1,50,30,20,10,280,102,178,76,23,53,127,61,66,51,1,50,26,17,9,7,3,4,3,0,3,0,0,0,0,0,0,4,3,1,321,166,155
04,92,Bhainsa,Nirmal,05,Bhainsa,570195,0000,VILLAGE,Mategaon,Rural,218,860,399,461,98,58,40,144,66,78,0,0,0,532,287,245,328,112,216,470,215,255,468,214,254,123,73,50,169,78,91,111,8,103,65,55,10,2,1,1,0,0,0,0,0,0,0,0,0,2,1,1,1,1,0,0,0,0,0,0,0,0,0,0,1,1,0,1,0,1,0,0,0,0,0,0,0,0,0,1,0,1,390,184,206
04,92,Bhainsa,Nirmal,05,Bhainsa,570196,0000,VILLAGE,Hampoli Khurd,Rural,151,688,334,354,73,38,35,127,64,63,30,16,14,346,205,141,342,129,213,422,203,219,418,201,217,97,64,33,183,91,92,11,7,4,127,39,88,4,2,2,0,0,0,4,2,2,0,0,0,0,0,0,4,2,2,0,0,0,4,2,2,0,0,0,0,0,0,0,0,0,0,0,0,0,0,0,0,0,0,0,0,0,266,131,135
04,92,Bhainsa,Nirmal,05,Bhainsa,570197,0000,VILLAGE,Boregaon (Buzurg),Rural,92,405,188,217,51,18,33,103,41,62,18,9,9,218,121,97,187,67,120,213,100,113,212,100,112,84,40,44,117,52,65,1,1,0,10,7,3,1,0,1,1,0,1,0,0,0,0,0,0,0,0,0,1,0,1,1,0,1,0,0,0,0,0,0,0,0,0,0,0,0,0,0,0,0,0,0,0,0,0,0,0,0,192,88,104
04,92,Bhainsa,Nirmal,05,Bhainsa,570198,0000,VILLAGE,Watoli,Rural,228,1035,524,511,170,104,66,332,179,153,17,8,9,520,302,218,515,222,293,545,273,272,540,271,269,179,96,83,170,90,80,20,3,17,171,82,89,5,2,3,0,0,0,4,2,2,0,0,0,1,0,1,5,2,3,0,0,0,4,2,2,0,0,0,1,0,1,0,0,0,0,0,0,0,0,0,0,0,0,0,0,0,490,251,239
04,92,Bhainsa,Nirmal,05,Bhainsa,570199,0000,VILLAGE,Pendapalle,Rural,457,1913,924,989,222,104,118,242,111,131,2,0,2,954,596,358,959,328,631,1119,539,580,1119,539,580,230,175,55,404,277,127,413,25,388,72,62,10,0,0,0,0,0,0,0,0,0,0,0,0,0,0,0,0,0,0,0,0,0,0,0,0,0,0,0,0,0,0,0,0,0,0,0,0,0,0,0,0,0,0,0,0,0,794,385,409
04,92,Bhainsa,Nirmal,02,Tanur,570201,0000,VILLAGE,Wadjhari,Rural,55,279,142,137,41,21,20,16,7,9,0,0,0,127,78,49,152,64,88,146,78,68,146,78,68,121,65,56,18,9,9,0,0,0,7,4,3,0,0,0,0,0,0,0,0,0,0,0,0,0,0,0,0,0,0,0,0,0,0,0,0,0,0,0,0,0,0,0,0,0,0,0,0,0,0,0,0,0,0,0,0,0,133,64,69
04,92,Bhainsa,Nirmal,02,Tanur,570202,0000,VILLAGE,Beltaroda,Rural,338,1455,731,724,153,76,77,118,62,56,16,10,6,709,455,254,746,276,470,833,417,416,617,308,309,313,186,127,98,50,48,0,0,0,206,72,134,216,109,107,11,6,5,179,92,87,13,2,11,13,9,4,213,108,105,11,6,5,176,91,85,13,2,11,13,9,4,3,1,2,0,0,0,3,1,2,0,0,0,0,0,0,622,314,308
04,92,Bhainsa,Nirmal,02,Tanur,570203,0000,VILLAGE,Bhosi,Rural,450,2076,1092,984,220,129,91,229,117,112,21,10,11,1090,710,380,986,382,604,1016,533,483,808,411,397,284,182,102,205,100,105,108,13,95,211,116,95,208,122,86,14,9,5,164,95,69,3,2,1,27,16,11,39,21,18,1,0,1,25,15,10,3,2,1,10,4,6,169,101,68,13,9,4,139,80,59,0,0,0,17,12,5,1060,559,501
04,92,Bhainsa,Nirmal,02,Tanur,570204,0000,VILLAGE,Mahalingi,Rural,443,1775,884,891,196,105,91,207,109,98,65,24,41,974,609,365,801,275,526,1081,501,580,1069,496,573,277,174,103,509,246,263,201,11,190,82,65,17,12,5,7,2,1,1,5,2,3,3,1,2,2,1,1,10,4,6,2,1,1,4,1,3,2,1,1,2,1,1,2,1,1,0,0,0,1,1,0,1,0,1,0,0,0,694,383,311
04,92,Bhainsa,Nirmal,02,Tanur,570205,0000,VILLAGE,Bamni,Rural,263,1229,627,602,178,100,78,97,52,45,324,168,156,635,389,246,594,238,356,681,354,327,470,252,218,218,152,66,95,31,64,50,2,48,107,67,40,211,102,109,5,0,5,184,90,94,9,3,6,13,9,4,206,99,107,5,0,5,180,87,93,8,3,5,13,9,4,5,3,2,0,0,0,4,3,1,1,0,1,0,0,0,548,273,275
04,92,Bhainsa,Nirmal,02,Tanur,570206,0000,VILLAGE,Bondrat,Rural,150,650,319,331,65,27,38,102,48,54,8,3,5,328,201,127,322,118,204,383,190,193,381,190,191,202,102,100,133,64,69,1,1,0,45,23,22,2,0,2,2,0,2,0,0,0,0,0,0,0,0,0,2,0,2,2,0,2,0,0,0,0,0,0,0,0,0,0,0,0,0,0,0,0,0,0,0,0,0,0,0,0,267,129,138
04,92,Bhainsa,Nirmal,02,Tanur,570207,0000,VILLAGE,Bolsa,Rural,296,1305,621,684,200,112,88,371,174,197,10,5,5,606,338,268,699,283,416,685,334,351,39,24,15,30,17,13,0,0,0,0,0,0,9,7,2,646,310,336,4,3,1,634,302,332,2,1,1,6,4,2,561,283,278,4,3,1,549,275,274,2,1,1,6,4,2,85,27,58,0,0,0,85,27,58,0,0,0,0,0,0,620,287,333
04,92,Bhainsa,Nirmal,02,Tanur,570208,0000,VILLAGE,Umri (Khurd),Rural,218,1129,550,579,157,89,68,208,106,102,0,0,0,659,372,287,470,178,292,605,302,303,598,298,300,299,157,142,272,123,149,7,5,2,20,13,7,7,4,3,2,2,0,2,1,1,0,0,0,3,1,2,7,4,3,2,2,0,2,1,1,0,0,0,3,1,2,0,0,0,0,0,0,0,0,0,0,0,0,0,0,0,524,248,276
04,92,Bhainsa,Nirmal,02,Tanur,570209,0000,VILLAGE,Boregaon (Khurd),Rural,113,502,236,266,63,29,34,81,36,45,0,0,0,241,142,99,261,94,167,236,113,123,236,113,123,127,60,67,93,41,52,8,6,2,8,6,2,0,0,0,0,0,0,0,0,0,0,0,0,0,0,0,0,0,0,0,0,0,0,0,0,0,0,0,0,0,0,0,0,0,0,0,0,0,0,0,0,0,0,0,0,0,266,123,143
04,92,Bhainsa,Nirmal,02,Tanur,570210,0000,VILLAGE,Bember,Rural,269,1289,661,628,179,101,78,270,136,134,15,7,8,663,419,244,626,242,384,749,379,370,730,369,361,214,169,45,411,153,258,61,6,55,44,41,3,19,10,9,4,1,3,15,9,6,0,0,0,0,0,0,19,10,9,4,1,3,15,9,6,0,0,0,0,0,0,0,0,0,0,0,0,0,0,0,0,0,0,0,0,0,540,282,258
04,92,Bhainsa,Nirmal,02,Tanur,570211,0000,VILLAGE,Jhari (Buzurg),Rural,342,1643,818,825,245,121,124,239,127,112,379,193,186,780,480,300,863,338,525,849,429,420,659,338,321,409,211,198,239,118,121,1,1,0,10,8,2,190,91,99,4,3,1,176,82,94,1,0,1,9,6,3,184,89,95,4,3,1,170,80,90,1,0,1,9,6,3,6,2,4,0,0,0,6,2,4,0,0,0,0,0,0,794,389,405
04,92,Bhainsa,Nirmal,02,Tanur,570212,0000,VILLAGE,Mugli,Rural,311,1609,790,819,220,110,110,168,80,88,116,61,55,706,423,283,903,367,536,860,444,416,775,405,370,602,305,297,94,47,47,16,7,9,63,46,17,85,39,46,7,3,4,55,21,34,5,2,3,18,13,5,72,31,41,7,3,4,49,17,32,4,2,2,12,9,3,13,8,5,0,0,0,6,4,2,1,0,1,6,4,2,749,346,403
04,92,Bhainsa,Nirmal,02,Tanur,570213,0000,VILLAGE,Masalga,Rural,135,841,421,420,144,70,74,152,86,66,492,241,251,386,248,138,455,173,282,377,200,177,263,189,74,189,146,43,63,35,28,0,0,0,11,8,3,114,11,103,25,1,24,89,10,79,0,0,0,0,0,0,114,11,103,25,1,24,89,10,79,0,0,0,0,0,0,0,0,0,0,0,0,0,0,0,0,0,0,0,0,0,464,221,243
04,92,Bhainsa,Nirmal,02,Tanur,570214,0000,VILLAGE,Kupli,Rural,43,220,111,109,23,11,12,115,62,53,0,0,0,135,80,55,85,31,54,140,67,73,140,67,73,3,2,1,1,1,0,0,0,0,136,64,72,0,0,0,0,0,0,0,0,0,0,0,0,0,0,0,0,0,0,0,0,0,0,0,0,0,0,0,0,0,0,0,0,0,0,0,0,0,0,0,0,0,0,0,0,0,80,44,36
04,92,Bhainsa,Nirmal,02,Tanur,570215,0000,VILLAGE,Wadgaon,Rural,222,1121,547,574,130,72,58,449,219,230,0,0,0,634,350,284,487,197,290,660,319,341,638,305,333,145,118,27,179,37,142,0,0,0,314,150,164,22,14,8,2,1,1,0,0,0,0,0,0,20,13,7,22,14,8,2,1,1,0,0,0,0,0,0,20,13,7,0,0,0,0,0,0,0,0,0,0,0,0,0,0,0,461,228,233
04,92,Bhainsa,Nirmal,02,Tanur,570216,0000,VILLAGE,Jewla (Khurd),Rural,329,1675,829,846,203,102,101,200,101,99,0,0,0,830,472,358,845,357,488,934,475,459,646,339,307,151,82,69,461,231,230,7,4,3,27,22,5,288,136,152,32,15,17,253,119,134,0,0,0,3,2,1,282,134,148,32,15,17,248,118,130,0,0,0,2,1,1,6,2,4,0,0,0,5,1,4,0,0,0,1,1,0,741,354,387
04,92,Bhainsa,Nirmal,02,Tanur,570217,0000,VILLAGE,Kalyani,Rural,140,640,301,339,98,57,41,137,67,70,165,78,87,326,180,146,314,121,193,367,178,189,355,173,182,7,3,4,332,163,169,4,1,3,12,6,6,12,5,7,0,0,0,5,3,2,0,0,0,7,2,5,12,5,7,0,0,0,5,3,2,0,0,0,7,2,5,0,0,0,0,0,0,0,0,0,0,0,0,0,0,0,273,123,150
04,92,Bhainsa,Nirmal,02,Tanur,570218,0000,VILLAGE,Kolur,Rural,555,2684,1341,1343,407,206,201,400,203,197,344,167,177,1294,829,465,1390,512,878,1436,727,709,1349,684,665,648,349,299,524,239,285,17,12,5,160,84,76,87,43,44,0,0,0,80,40,40,2,0,2,5,3,2,85,42,43,0,0,0,78,39,39,2,0,2,5,3,2,2,1,1,0,0,0,2,1,1,0,0,0,0,0,0,1248,614,634
04,92,Bhainsa,Nirmal,02,Tanur,570219,0000,VILLAGE,Hipnally,Rural,300,1536,774,762,224,104,120,256,136,120,715,338,377,561,364,197,975,410,565,920,473,447,673,360,313,357,183,174,307,170,137,1,0,1,8,7,1,247,113,134,0,0,0,232,105,127,8,2,6,7,6,1,64,29,35,0,0,0,54,23,31,5,1,4,5,5,0,183,84,99,0,0,0,178,82,96,3,1,2,2,1,1,616,301,315
04,92,Bhainsa,Nirmal,02,Tanur,570220,0000,VILLAGE,Elvi,Rural,434,1931,927,1004,238,128,110,152,75,77,97,38,59,989,581,408,942,346,596,1105,527,578,1067,513,554,447,233,214,303,149,154,146,28,118,171,103,68,38,14,24,5,2,3,23,7,16,2,0,2,8,5,3,37,14,23,5,2,3,23,7,16,1,0,1,8,5,3,1,0,1,0,0,0,0,0,0,1,0,1,0,0,0,826,400,426
04,92,Bhainsa,Nirmal,02,Tanur,570221,0000,VILLAGE,Hangirga,Rural,219,1018,502,516,124,66,58,160,83,77,16,8,8,501,315,186,517,187,330,620,282,338,451,199,252,352,151,201,55,25,30,2,1,1,42,22,20,169,83,86,94,48,46,63,27,36,1,0,1,11,8,3,154,77,77,94,48,46,48,21,27,1,0,1,11,8,3,15,6,9,0,0,0,15,6,9,0,0,0,0,0,0,398,220,178
04,92,Bhainsa,Nirmal,02,Tanur,570222,0000,VILLAGE,Dahgaon,Rural,202,956,479,477,151,78,73,265,129,136,111,59,52,460,273,187,496,206,290,575,278,297,573,278,295,368,172,196,187,91,96,0,0,0,18,15,3,2,0,2,0,0,0,0,0,0,0,0,0,2,0,2,2,0,2,0,0,0,0,0,0,0,0,0,2,0,2,0,0,0,0,0,0,0,0,0,0,0,0,0,0,0,381,201,180
04,92,Bhainsa,Nirmal,02,Tanur,570223,0000,VILLAGE,Singangam,Rural,140,629,308,321,86,44,42,130,58,72,0,0,0,285,157,128,344,151,193,225,147,78,221,146,75,80,70,10,132,68,64,0,0,0,9,8,1,4,1,3,1,1,0,1,0,1,0,0,0,2,0,2,3,1,2,1,1,0,0,0,0,0,0,0,2,0,2,1,0,1,0,0,0,1,0,1,0,0,0,0,0,0,404,161,243
04,92,Bhainsa,Nirmal,02,Tanur,570224,0000,VILLAGE,Doultabad,Rural,186,859,421,438,116,63,53,264,125,139,11,5,6,482,266,216,377,155,222,475,239,236,378,194,184,295,158,137,70,27,43,0,0,0,13,9,4,97,45,52,0,0,0,93,42,51,0,0,0,4,3,1,97,45,52,0,0,0,93,42,51,0,0,0,4,3,1,0,0,0,0,0,0,0,0,0,0,0,0,0,0,0,384,182,202
04,92,Bhainsa,Nirmal,02,Tanur,570225,0000,VILLAGE,Nandgam,Rural,95,469,242,227,82,52,30,136,74,62,0,0,0,205,111,94,264,131,133,203,111,92,30,28,2,27,27,0,0,0,0,0,0,0,3,1,2,173,83,90,29,28,1,132,46,86,0,0,0,12,9,3,69,39,30,23,23,0,43,13,30,0,0,0,3,3,0,104,44,60,6,5,1,89,33,56,0,0,0,9,6,3,266,131,135
04,92,Bhainsa,Nirmal,02,Tanur,570226,0000,VILLAGE,Tanur,Rural,813,4124,2075,2049,518,261,257,489,241,248,161,100,61,2141,1256,885,1983,819,1164,1982,1095,887,1566,887,679,592,344,248,548,287,261,70,15,55,356,241,115,416,208,208,26,14,12,277,129,148,26,0,26,87,65,22,404,205,199,26,14,12,272,128,144,24,0,24,82,63,19,12,3,9,0,0,0,5,1,4,2,0,2,5,2,3,2142,980,1162
04,92,Bhainsa,Nirmal,02,Tanur,570227,0000,VILLAGE,JewlaBuzurg,Rural,421,2076,1043,1033,276,142,134,430,204,226,9,5,4,1171,688,483,905,355,550,1031,554,477,948,505,443,489,259,230,392,203,189,26,8,18,41,35,6,83,49,34,9,8,1,64,35,29,3,0,3,7,6,1,80,48,32,8,8,0,62,34,28,3,0,3,7,6,1,3,1,2,1,0,1,2,1,1,0,0,0,0,0,0,1045,489,556
04,92,Bhainsa,Nirmal,02,Tanur,570228,0000,VILLAGE,Tondala,Rural,198,972,492,480,134,77,57,275,136,139,42,18,24,538,318,220,434,174,260,547,267,280,518,251,267,203,108,95,265,110,155,4,0,4,46,33,13,29,16,13,3,1,2,18,11,7,2,0,2,6,4,2,29,16,13,3,1,2,18,11,7,2,0,2,6,4,2,0,0,0,0,0,0,0,0,0,0,0,0,0,0,0,425,225,200
04,92,Bhainsa,Nirmal,02,Tanur,570230,0000,VILLAGE,Kharbala,Rural,204,943,484,459,128,65,63,258,138,120,7,3,4,499,297,202,444,187,257,575,287,288,501,248,253,495,244,251,3,2,1,2,1,1,1,1,0,74,39,35,0,0,0,63,29,34,11,10,1,0,0,0,63,29,34,0,0,0,63,29,34,0,0,0,0,0,0,11,10,1,0,0,0,0,0,0,11,10,1,0,0,0,368,197,171
04,92,Bhainsa,Nirmal,02,Tanur,570231,0000,VILLAGE,Yellawat,Rural,331,1594,813,781,265,138,127,552,279,273,10,5,5,839,508,331,755,305,450,819,432,387,807,425,382,309,189,120,467,217,250,17,8,9,14,11,3,12,7,5,1,0,1,7,3,4,0,0,0,4,4,0,12,7,5,1,0,1,7,3,4,0,0,0,4,4,0,0,0,0,0,0,0,0,0,0,0,0,0,0,0,0,775,381,394
04,92,Bhainsa,Nirmal,02,Tanur,570232,0000,VILLAGE,Wadhone,Rural,101,523,271,252,69,42,27,219,110,109,0,0,0,274,158,116,249,113,136,275,151,124,229,129,100,112,60,52,101,57,44,0,0,0,16,12,4,46,22,24,0,0,0,37,14,23,0,0,0,9,8,1,46,22,24,0,0,0,37,14,23,0,0,0,9,8,1,0,0,0,0,0,0,0,0,0,0,0,0,0,0,0,248,120,128
04,92,Bhainsa,Nirmal,04,Mudhole,570233,0000,VILLAGE,Ramtek,Rural,278,1199,599,600,158,84,74,315,164,151,17,9,8,568,358,210,631,241,390,650,310,340,648,309,339,272,154,118,215,87,128,74,10,64,87,58,29,2,1,1,0,0,0,0,0,0,1,0,1,1,1,0,2,1,1,0,0,0,0,0,0,1,0,1,1,1,0,0,0,0,0,0,0,0,0,0,0,0,0,0,0,0,549,289,260
04,92,Bhainsa,Nirmal,04,Mudhole,570234,0000,VILLAGE,Machkal,Rural,199,850,432,418,85,44,41,262,135,127,1,0,1,489,296,193,361,136,225,483,236,247,450,219,231,100,71,29,315,130,185,0,0,0,35,18,17,33,17,16,10,9,1,23,8,15,0,0,0,0,0,0,31,16,15,10,9,1,21,7,14,0,0,0,0,0,0,2,1,1,0,0,0,2,1,1,0,0,0,0,0,0,367,196,171
04,92,Bhainsa,Nirmal,04,Mudhole,570235,0000,VILLAGE,Mudgal,Rural,261,1025,511,514,149,71,78,408,202,206,115,54,61,413,249,164,612,262,350,569,279,290,269,135,134,136,70,66,76,40,36,23,1,22,34,24,10,300,144,156,3,2,1,285,137,148,0,0,0,12,5,7,299,143,156,3,2,1,285,137,148,0,0,0,11,4,7,1,1,0,0,0,0,0,0,0,0,0,0,1,1,0,456,232,224
04,92,Bhainsa,Nirmal,04,Mudhole,570236,0000,VILLAGE,Taroda,Rural,437,1847,945,902,275,145,130,157,82,75,50,27,23,1020,604,416,827,341,486,922,486,436,743,403,340,166,134,32,345,181,164,92,8,84,140,80,60,179,83,96,21,15,6,65,34,31,61,16,45,32,18,14,168,76,92,21,15,6,61,30,31,57,16,41,29,15,14,11,7,4,0,0,0,4,4,0,4,0,4,3,3,0,925,459,466
04,92,Bhainsa,Nirmal,04,Mudhole,570237,0000,VILLAGE,Pipri,Rural,60,226,105,121,25,9,16,47,24,23,11,6,5,106,59,47,120,46,74,150,68,82,134,66,68,43,22,21,75,38,37,0,0,0,16,6,10,16,2,14,3,2,1,0,0,0,0,0,0,13,0,13,15,2,13,3,2,1,0,0,0,0,0,0,12,0,12,1,0,1,0,0,0,0,0,0,0,0,0,1,0,1,76,37,39
04,92,Bhainsa,Nirmal,04,Mudhole,570238,0000,VILLAGE,Edbid,Rural,789,3275,1604,1671,397,213,184,608,280,328,943,474,469,1449,879,570,1826,725,1101,2080,1018,1062,1958,944,1014,992,529,463,666,308,358,127,29,98,173,78,95,122,74,48,76,56,20,26,10,16,7,1,6,13,7,6,85,48,37,49,35,14,23,8,15,4,0,4,9,5,4,37,26,11,27,21,6,3,2,1,3,1,2,4,2,2,1195,586,609
04,92,Bhainsa,Nirmal,04,Mudhole,570239,0000,VILLAGE,Venkatapur,Rural,129,551,252,299,68,32,36,215,97,118,8,3,5,251,140,111,300,112,188,358,166,192,352,165,187,189,108,81,55,30,25,78,4,74,30,23,7,6,1,5,1,0,1,4,1,3,0,0,0,1,0,1,6,1,5,1,0,1,4,1,3,0,0,0,1,0,1,0,0,0,0,0,0,0,0,0,0,0,0,0,0,0,193,86,107
04,92,Bhainsa,Nirmal,04,Mudhole,570240,0000,VILLAGE,Chinchala,Rural,257,1033,527,506,108,58,50,350,168,182,33,17,16,554,352,202,479,175,304,578,274,304,573,270,303,289,185,104,59,25,34,100,7,93,125,53,72,5,4,1,0,0,0,1,0,1,0,0,0,4,4,0,5,4,1,0,0,0,1,0,1,0,0,0,4,4,0,0,0,0,0,0,0,0,0,0,0,0,0,0,0,0,455,253,202
04,92,Bhainsa,Nirmal,04,Mudhole,570241,0000,VILLAGE,Vitholi,Rural,450,2101,1032,1069,290,148,142,337,168,169,954,473,481,1044,639,405,1057,393,664,1143,546,597,864,442,422,178,104,74,584,285,299,30,6,24,72,47,25,279,104,175,3,1,2,253,91,162,18,9,9,5,3,2,233,81,152,2,0,2,220,75,145,6,3,3,5,3,2,46,23,23,1,1,0,33,16,17,12,6,6,0,0,0,958,486,472
04,92,Bhainsa,Nirmal,04,Mudhole,570245,0000,VILLAGE,Karegaon,Rural,234,1001,467,534,101,49,52,284,140,144,64,31,33,456,250,206,545,217,328,559,271,288,480,230,250,157,85,72,216,121,95,69,1,68,38,23,15,79,41,38,8,5,3,45,24,21,13,1,12,13,11,2,60,33,27,5,3,2,36,21,15,8,0,8,11,9,2,19,8,11,3,2,1,9,3,6,5,1,4,2,2,0,442,196,246
04,92,Bhainsa,Nirmal,04,Mudhole,570246,0000,VILLAGE,Chintakunta,Rural,220,1063,487,576,172,84,88,137,58,79,321,149,172,327,197,130,736,290,446,629,282,347,310,137,173,228,101,127,54,24,30,9,2,7,19,10,9,319,145,174,4,2,2,299,137,162,1,1,0,15,5,10,317,144,173,4,2,2,298,137,161,1,1,0,14,4,10,2,1,1,0,0,0,1,0,1,0,0,0,1,1,0,434,205,229
04,92,Bhainsa,Nirmal,04,Mudhole,570247,0000,VILLAGE,Wadthala,Rural,520,2380,1144,1236,290,149,141,523,240,283,28,11,17,1024,614,410,1356,530,826,1212,600,612,771,461,310,300,242,58,171,95,76,199,44,155,101,80,21,441,139,302,3,1,2,245,125,120,170,2,168,23,11,12,435,138,297,2,1,1,245,125,120,167,2,165,21,10,11,6,1,5,1,0,1,0,0,0,3,0,3,2,1,1,1168,544,624
04,92,Bhainsa,Nirmal,04,Mudhole,570248,0000,VILLAGE,Boregaon,Rural,482,2031,942,1089,218,112,106,403,178,225,107,51,56,902,520,382,1129,422,707,1162,551,611,1097,524,573,754,399,355,134,54,80,137,27,110,72,44,28,65,27,38,7,2,5,40,16,24,10,4,6,8,5,3,62,26,36,7,2,5,37,15,22,10,4,6,8,5,3,3,1,2,0,0,0,3,1,2,0,0,0,0,0,0,869,391,478
04,92,Bhainsa,Nirmal,04,Mudhole,570250,0000,VILLAGE,Brahmangaon,Rural,367,1397,652,745,148,80,68,369,172,197,181,80,101,558,324,234,839,328,511,824,364,460,789,350,439,253,135,118,360,139,221,54,9,45,122,67,55,35,14,21,6,2,4,9,4,5,0,0,0,20,8,12,35,14,21,6,2,4,9,4,5,0,0,0,20,8,12,0,0,0,0,0,0,0,0,0,0,0,0,0,0,0,573,288,285
04,92,Bhainsa,Nirmal,04,Mudhole,570251,0000,VILLAGE,Ganora,Rural,212,853,406,447,88,46,42,4,1,3,0,0,0,346,200,146,507,206,301,513,241,272,510,238,272,77,37,40,420,197,223,5,1,4,8,3,5,3,3,0,0,0,0,3,3,0,0,0,0,0,0,0,3,3,0,0,0,0,3,3,0,0,0,0,0,0,0,0,0,0,0,0,0,0,0,0,0,0,0,0,0,0,340,165,175
04,92,Bhainsa,Nirmal,04,Mudhole,570252,0000,VILLAGE,Riuvi,Rural,113,468,235,233,61,33,28,145,67,78,96,45,51,208,122,86,260,113,147,249,121,128,245,119,126,226,107,119,8,4,4,2,1,1,9,7,2,4,2,2,0,0,0,2,1,1,0,0,0,2,1,1,4,2,2,0,0,0,2,1,1,0,0,0,2,1,1,0,0,0,0,0,0,0,0,0,0,0,0,0,0,0,219,114,105
04,92,Bhainsa,Nirmal,03,Basar,570254,0000,VILLAGE,Kirgul (Khurd),Rural,357,1629,797,832,206,102,104,219,113,106,8,1,7,723,429,294,906,368,538,876,456,420,794,413,381,347,205,142,344,176,168,41,3,38,62,29,33,82,43,39,3,0,3,74,41,33,1,1,0,4,1,3,82,43,39,3,0,3,74,41,33,1,1,0,4,1,3,0,0,0,0,0,0,0,0,0,0,0,0,0,0,0,753,341,412
04,92,Bhainsa,Nirmal,04,Mudhole,570255,0000,VILLAGE,Mudhole,Rural,2825,12777,6322,6455,1669,868,801,1274,623,651,96,48,48,6659,3744,2915,6118,2578,3540,5819,3492,2327,5237,3211,2026,596,421,175,2320,1261,1059,342,71,271,1979,1458,521,582,281,301,29,12,17,394,168,226,11,2,9,148,99,49,563,267,296,27,12,15,384,161,223,11,2,9,141,92,49,19,14,5,2,0,2,10,7,3,0,0,0,7,7,0,6958,2830,4128
04,92,Bhainsa,Nirmal,03,Basar,570256,0000,VILLAGE,Takli,Rural,273,1242,622,620,150,82,68,292,151,141,0,0,0,649,387,262,593,235,358,695,346,349,653,327,326,471,239,232,142,68,74,7,2,5,33,18,15,42,19,23,0,0,0,0,0,0,2,1,1,40,18,22,42,19,23,0,0,0,0,0,0,2,1,1,40,18,22,0,0,0,0,0,0,0,0,0,0,0,0,0,0,0,547,276,271
04,92,Bhainsa,Nirmal,03,Basar,570257,0000,VILLAGE,Dhondapur,Rural,157,643,321,322,90,47,43,281,137,144,5,3,2,324,176,148,319,145,174,276,150,126,275,150,125,58,36,22,202,102,100,0,0,0,15,12,3,1,0,1,1,0,1,0,0,0,0,0,0,0,0,0,1,0,1,1,0,1,0,0,0,0,0,0,0,0,0,0,0,0,0,0,0,0,0,0,0,0,0,0,0,0,367,171,196
04,92,Bhainsa,Nirmal,03,Basar,570258,0000,VILLAGE,Labdi,Rural,261,1199,606,593,145,77,68,199,107,92,65,33,32,512,300,212,687,306,381,624,316,308,610,312,298,588,301,287,12,5,7,3,2,1,7,4,3,14,4,10,3,0,3,2,1,1,7,3,4,2,0,2,3,1,2,1,0,1,2,1,1,0,0,0,0,0,0,11,3,8,2,0,2,0,0,0,7,3,4,2,0,2,575,290,285
04,92,Bhainsa,Nirmal,03,Basar,570259,0000,VILLAGE,Bidralli,Rural,582,2732,1373,1359,316,166,150,518,232,286,89,48,41,1408,841,567,1324,532,792,1586,775,811,1493,740,753,826,417,409,534,247,287,23,10,13,110,66,44,93,35,58,9,0,9,60,23,37,4,2,2,20,10,10,91,35,56,8,0,8,60,23,37,4,2,2,19,10,9,2,0,2,1,0,1,0,0,0,0,0,0,1,0,1,1146,598,548
04,92,Bhainsa,Nirmal,03,Basar,570261,0000,VILLAGE,Mailapur,Rural,136,562,251,311,79,40,39,170,66,104,137,61,76,241,136,105,321,115,206,344,153,191,247,107,140,44,24,20,116,55,61,58,1,57,29,27,2,97,46,51,21,12,9,44,19,25,17,1,16,15,14,1,97,46,51,21,12,9,44,19,25,17,1,16,15,14,1,0,0,0,0,0,0,0,0,0,0,0,0,0,0,0,218,98,120
04,92,Bhainsa,Nirmal,03,Basar,570262,0000,VILLAGE,Ravindapur,Rural,423,1897,947,950,296,154,142,50,20,30,123,60,63,1040,571,469,857,376,481,880,521,359,810,475,335,56,34,22,165,66,99,161,15,146,428,360,68,70,46,24,1,1,0,51,43,8,9,2,7,9,0,9,62,45,17,1,1,0,47,42,5,6,2,4,8,0,8,8,1,7,0,0,0,4,1,3,3,0,3,1,0,1,1017,426,591
04,92,Bhainsa,Nirmal,03,Basar,570264,0000,VILLAGE,Basar,Rural,1362,5865,2868,2997,697,363,334,641,300,341,208,103,105,3021,1710,1311,2844,1158,1686,2910,1583,1327,2653,1479,1174,378,272,106,1144,589,555,148,35,113,983,583,400,257,104,153,8,5,3,107,51,56,61,2,59,81,46,35,230,90,140,8,5,3,107,51,56,57,2,55,58,32,26,27,14,13,0,0,0,0,0,0,4,0,4,23,14,9,2955,1285,1670
04,92,Bhainsa,Nirmal,03,Basar,570265,0000,VILLAGE,Renukapur,Rural,1,1,1,0,0,0,0,0,0,0,1,1,0,1,1,0,0,0,0,0,0,0,0,0,0,0,0,0,0,0,0,0,0,0,0,0,0,0,0,0,0,0,0,0,0,0,0,0,0,0,0,0,0,0,0,0,0,0,0,0,0,0,0,0,0,0,0,0,0,0,0,0,0,0,0,0,0,0,0,0,0,0,1,1,0
04,92,Bhainsa,Nirmal,03,Basar,570266,0000,VILLAGE,Kirgul (Buzurg),Rural,209,780,390,390,81,49,32,748,377,371,22,9,13,204,122,82,576,268,308,485,233,252,409,203,206,187,170,17,182,19,163,0,0,0,40,14,26,76,30,46,5,2,3,53,21,32,0,0,0,18,7,11,44,17,27,5,2,3,27,9,18,0,0,0,12,6,6,32,13,19,0,0,0,26,12,14,0,0,0,6,1,5,295,157,138
04,92,Bhainsa,Nirmal,03,Basar,570267,0000,VILLAGE,Voni,Rural,196,943,472,471,119,59,60,202,100,102,0,0,0,510,314,196,433,158,275,555,273,282,554,272,282,186,109,77,326,139,187,0,0,0,42,24,18,1,1,0,1,1,0,0,0,0,0,0,0,0,0,0,1,1,0,1,1,0,0,0,0,0,0,0,0,0,0,0,0,0,0,0,0,0,0,0,0,0,0,0,0,0,388,199,189
04,92,Bhainsa,Nirmal,03,Basar,570268,0000,VILLAGE,Kowtha,Rural,201,922,448,474,107,53,54,189,99,90,10,5,5,472,283,189,450,165,285,510,253,257,500,251,249,203,116,87,264,128,136,22,0,22,11,7,4,10,2,8,3,1,2,3,0,3,3,0,3,1,1,0,5,1,4,2,1,1,3,0,3,0,0,0,0,0,0,5,1,4,1,0,1,0,0,0,3,0,3,1,1,0,412,195,217
04,92,Bhainsa,Nirmal,04,Mudhole,570269,0000,VILLAGE,Astha,Rural,646,2492,1183,1309,239,126,113,503,239,264,5,2,3,1203,718,485,1289,465,824,1493,718,775,1079,548,531,470,266,204,327,158,169,125,21,104,157,103,54,414,170,244,21,10,11,272,132,140,67,5,62,54,23,31,402,164,238,21,10,11,262,126,136,67,5,62,52,23,29,12,6,6,0,0,0,10,6,4,0,0,0,2,0,2,999,465,534
04,92,Bhainsa,Nirmal,03,Basar,570270,0000,VILLAGE,Surli,Rural,30,133,63,70,24,16,8,26,10,16,0,0,0,66,33,33,67,30,37,66,28,38,66,28,38,4,1,3,51,26,25,1,1,0,10,0,10,0,0,0,0,0,0,0,0,0,0,0,0,0,0,0,0,0,0,0,0,0,0,0,0,0,0,0,0,0,0,0,0,0,0,0,0,0,0,0,0,0,0,0,0,0,67,35,32
04,92,Bhainsa,Nirmal,03,Basar,570271,0000,VILLAGE,Salapur,Rural,94,409,207,202,53,32,21,149,73,76,0,0,0,190,114,76,219,93,126,227,111,116,227,111,116,1,0,1,208,101,107,1,0,1,17,10,7,0,0,0,0,0,0,0,0,0,0,0,0,0,0,0,0,0,0,0,0,0,0,0,0,0,0,0,0,0,0,0,0,0,0,0,0,0,0,0,0,0,0,0,0,0,182,96,86
04,92,Bhainsa,Nirmal,03,Basar,570272,0000,VILLAGE,Sawargaon,Rural,91,397,190,207,45,20,25,137,64,73,0,0,0,205,121,84,192,69,123,209,97,112,209,97,112,4,1,3,197,92,105,1,1,0,7,3,4,0,0,0,0,0,0,0,0,0,0,0,0,0,0,0,0,0,0,0,0,0,0,0,0,0,0,0,0,0,0,0,0,0,0,0,0,0,0,0,0,0,0,0,0,0,188,93,95
04,92,Bhainsa,Nirmal,08,Lokeswaram,570273,0000,VILLAGE,Potpalle (M),Rural,38,189,89,100,21,6,15,58,29,29,0,0,0,94,55,39,95,34,61,104,50,54,104,50,54,82,42,40,15,7,8,6,1,5,1,0,1,0,0,0,0,0,0,0,0,0,0,0,0,0,0,0,0,0,0,0,0,0,0,0,0,0,0,0,0,0,0,0,0,0,0,0,0,0,0,0,0,0,0,0,0,0,85,39,46
04,92,Bhainsa,Nirmal,08,Lokeswaram,570274,0000,VILLAGE,Hadgaon,Rural,171,746,374,372,96,57,39,224,115,109,1,0,1,329,191,138,417,183,234,470,233,237,470,233,237,255,138,117,147,75,72,44,3,41,24,17,7,0,0,0,0,0,0,0,0,0,0,0,0,0,0,0,0,0,0,0,0,0,0,0,0,0,0,0,0,0,0,0,0,0,0,0,0,0,0,0,0,0,0,0,0,0,276,141,135
04,92,Bhainsa,Nirmal,08,Lokeswaram,570275,0000,VILLAGE,Sathgaon,Rural,177,682,301,381,86,37,49,278,114,164,0,0,0,267,153,114,415,148,267,425,189,236,417,187,230,205,128,77,66,38,28,125,4,121,21,17,4,8,2,6,3,1,2,3,0,3,0,0,0,2,1,1,6,2,4,2,1,1,3,0,3,0,0,0,1,1,0,2,0,2,1,0,1,0,0,0,0,0,0,1,0,1,257,112,145
04,92,Bhainsa,Nirmal,08,Lokeswaram,570276,0000,VILLAGE,Biloli,Rural,293,1064,525,539,94,52,42,207,95,112,105,58,47,463,281,182,601,244,357,587,297,290,583,295,288,128,109,19,207,137,70,197,8,189,51,41,10,4,2,2,1,1,0,1,0,1,0,0,0,2,1,1,3,1,2,1,1,0,1,0,1,0,0,0,1,0,1,1,1,0,0,0,0,0,0,0,0,0,0,1,1,0,477,228,249
04,92,Bhainsa,Nirmal,08,Lokeswaram,570277,0000,VILLAGE,Hawarga,Rural,185,706,336,370,61,39,22,94,48,46,40,18,22,311,178,133,395,158,237,402,191,211,377,181,196,100,87,13,112,50,62,121,9,112,44,35,9,25,10,15,4,1,3,8,5,3,9,2,7,4,2,2,22,9,13,4,1,3,5,4,1,9,2,7,4,2,2,3,1,2,0,0,0,3,1,2,0,0,0,0,0,0,304,145,159
04,92,Bhainsa,Nirmal,08,Lokeswaram,570278,0000,VILLAGE,Manmad,Rural,559,2185,974,1211,249,139,110,585,269,316,14,8,6,883,473,410,1302,501,801,1304,577,727,1173,537,636,339,200,139,322,164,158,172,13,159,340,160,180,131,40,91,6,4,2,54,26,28,4,0,4,67,10,57,125,38,87,5,4,1,52,26,26,4,0,4,64,8,56,6,2,4,1,0,1,2,0,2,0,0,0,3,2,1,881,397,484
04,92,Bhainsa,Nirmal,08,Lokeswaram,570279,0000,VILLAGE,Potpalle (B),Rural,192,657,294,363,68,34,34,212,86,126,0,0,0,280,155,125,377,139,238,454,196,258,378,173,205,172,104,68,95,42,53,33,4,29,78,23,55,76,23,53,7,4,3,22,8,14,10,0,10,37,11,26,40,8,32,4,2,2,15,4,11,6,0,6,15,2,13,36,15,21,3,2,1,7,4,3,4,0,4,22,9,13,203,98,105
04,92,Bhainsa,Nirmal,08,Lokeswaram,570280,0000,VILLAGE,Yeddur,Rural,135,526,272,254,69,40,29,120,61,59,0,0,0,213,137,76,313,135,178,299,140,159,287,132,155,133,83,50,65,39,26,73,4,69,16,6,10,12,8,4,0,0,0,2,2,0,1,1,0,9,5,4,12,8,4,0,0,0,2,2,0,1,1,0,9,5,4,0,0,0,0,0,0,0,0,0,0,0,0,0,0,0,227,132,95
04,92,Bhainsa,Nirmal,08,Lokeswaram,570282,0000,VILLAGE,Rajura,Rural,755,3064,1510,1554,322,172,150,410,203,207,154,78,76,1386,832,554,1678,678,1000,1632,786,846,1571,756,815,444,272,172,312,202,110,334,26,308,481,256,225,61,30,31,6,2,4,31,15,16,5,0,5,19,13,6,60,30,30,5,2,3,31,15,16,5,0,5,19,13,6,1,0,1,1,0,1,0,0,0,0,0,0,0,0,0,1432,724,708
04,92,Bhainsa,Nirmal,08,Lokeswaram,570284,0000,VILLAGE,Gadchanda,Rural,575,2312,1090,1222,180,98,82,427,197,230,69,32,37,1123,650,473,1189,440,749,1414,661,753,1403,659,744,374,248,126,381,222,159,194,22,172,454,167,287,11,2,9,1,0,1,7,0,7,0,0,0,3,2,1,10,2,8,1,0,1,7,0,7,0,0,0,2,2,0,1,0,1,0,0,0,0,0,0,0,0,0,1,0,1,898,429,469
04,92,Bhainsa,Nirmal,08,Lokeswaram,570285,0000,VILLAGE,Nagar,Rural,402,1506,722,784,169,83,86,357,180,177,537,257,280,682,413,269,824,309,515,933,442,491,932,442,490,147,94,53,448,269,179,257,6,251,80,73,7,1,0,1,0,0,0,1,0,1,0,0,0,0,0,0,1,0,1,0,0,0,1,0,1,0,0,0,0,0,0,0,0,0,0,0,0,0,0,0,0,0,0,0,0,0,573,280,293
04,92,Bhainsa,Nirmal,08,Lokeswaram,570286,0000,VILLAGE,Bhagapur,Rural,152,552,252,300,52,26,26,278,131,147,7,4,3,247,131,116,305,121,184,313,145,168,309,144,165,98,69,29,92,44,48,86,4,82,33,27,6,4,1,3,0,0,0,0,0,0,1,0,1,3,1,2,4,1,3,0,0,0,0,0,0,1,0,1,3,1,2,0,0,0,0,0,0,0,0,0,0,0,0,0,0,0,239,107,132
04,92,Bhainsa,Nirmal,08,Lokeswaram,570287,0000,VILLAGE,Kistapur,Rural,191,690,334,356,71,34,37,59,34,25,15,6,9,371,223,148,319,111,208,396,210,186,378,199,179,61,48,13,121,72,49,106,4,102,90,75,15,18,11,7,12,8,4,6,3,3,0,0,0,0,0,0,18,11,7,12,8,4,6,3,3,0,0,0,0,0,0,0,0,0,0,0,0,0,0,0,0,0,0,0,0,0,294,124,170
04,92,Bhainsa,Nirmal,08,Lokeswaram,570288,0000,VILLAGE,Malkapur,Rural,49,249,123,126,52,25,27,1,1,0,0,0,0,81,51,30,168,72,96,135,64,71,133,64,69,11,6,5,121,58,63,1,0,1,0,0,0,2,0,2,0,0,0,0,0,0,1,0,1,1,0,1,2,0,2,0,0,0,0,0,0,1,0,1,1,0,1,0,0,0,0,0,0,0,0,0,0,0,0,0,0,0,114,59,55
04,92,Bhainsa,Nirmal,08,Lokeswaram,570289,0000,VILLAGE,Puspur,Rural,923,3857,1839,2018,463,237,226,535,254,281,1408,680,728,1523,929,594,2334,910,1424,2389,1117,1272,2295,1088,1207,889,512,377,822,374,448,346,25,321,238,177,61,94,29,65,17,3,14,46,15,31,7,1,6,24,10,14,86,27,59,16,3,13,42,14,28,7,1,6,21,9,12,8,2,6,1,0,1,4,1,3,0,0,0,3,1,2,1468,722,746
04,92,Bhainsa,Nirmal,08,Lokeswaram,570290,0000,VILLAGE,Lohesra,Rural,868,3342,1616,1726,349,176,173,661,321,340,69,38,31,1481,867,614,1861,749,1112,1897,934,963,1712,836,876,458,391,67,447,215,232,555,22,533,252,208,44,185,98,87,1,1,0,55,32,23,29,10,19,100,55,45,175,91,84,1,1,0,52,31,21,29,10,19,93,49,44,10,7,3,0,0,0,3,1,2,0,0,0,7,6,1,1445,682,763
04,92,Bhainsa,Nirmal,08,Lokeswaram,570291,0000,VILLAGE,New Raipur (K) R_C,Rural,498,1979,929,1050,210,95,115,474,227,247,7,4,3,890,524,366,1089,405,684,1148,528,620,1145,525,620,394,280,114,253,128,125,371,6,365,127,111,16,3,3,0,1,1,0,0,0,0,0,0,0,2,2,0,3,3,0,1,1,0,0,0,0,0,0,0,2,2,0,0,0,0,0,0,0,0,0,0,0,0,0,0,0,0,831,401,430
04,92,Bhainsa,Nirmal,08,Lokeswaram,570292,0000,VILLAGE,Joharpur,Rural,401,1640,791,849,187,106,81,639,297,342,140,61,79,639,370,269,1001,421,580,973,455,518,894,420,474,253,172,81,296,171,125,256,6,250,89,71,18,79,35,44,5,2,3,45,23,22,19,2,17,10,8,2,61,28,33,5,2,3,35,18,17,11,0,11,10,8,2,18,7,11,0,0,0,10,5,5,8,2,6,0,0,0,667,336,331
04,92,Bhainsa,Nirmal,08,Lokeswaram,570293,0000,VILLAGE,Kankapur,Rural,371,1576,737,839,165,84,81,283,129,154,78,35,43,658,384,274,918,353,565,874,392,482,808,372,436,243,168,75,219,120,99,12,2,10,334,82,252,66,20,46,5,1,4,35,18,17,20,0,20,6,1,5,56,20,36,5,1,4,33,18,15,13,0,13,5,1,4,10,0,10,0,0,0,2,0,2,7,0,7,1,0,1,702,345,357
04,92,Bhainsa,Nirmal,08,Lokeswaram,570296,0000,VILLAGE,Wastapur,Rural,86,324,158,166,27,13,14,201,94,107,28,14,14,110,71,39,214,87,127,185,85,100,185,85,100,75,40,35,88,38,50,11,0,11,11,7,4,0,0,0,0,0,0,0,0,0,0,0,0,0,0,0,0,0,0,0,0,0,0,0,0,0,0,0,0,0,0,0,0,0,0,0,0,0,0,0,0,0,0,0,0,0,139,73,66
04,92,Bhainsa,Nirmal,08,Lokeswaram,570297,0000,VILLAGE,Watoli,Rural,266,995,483,512,109,63,46,184,84,100,26,13,13,389,233,156,606,250,356,624,285,339,621,283,338,261,168,93,159,80,79,162,3,159,39,32,7,3,2,1,2,2,0,0,0,0,0,0,0,1,0,1,2,1,1,1,1,0,0,0,0,0,0,0,1,0,1,1,1,0,1,1,0,0,0,0,0,0,0,0,0,0,371,198,173
04,92,Bhainsa,Nirmal,08,Lokeswaram,570298,0000,VILLAGE,Dharmara,Rural,322,1303,618,685,137,69,68,198,82,116,72,36,36,494,303,191,809,315,494,759,362,397,683,329,354,190,114,76,213,115,98,83,5,78,197,95,102,76,33,43,3,2,1,39,16,23,4,3,1,30,12,18,65,26,39,2,1,1,33,13,20,4,3,1,26,9,17,11,7,4,1,1,0,6,3,3,0,0,0,4,3,1,544,256,288
04,92,Bhainsa,Nirmal,08,Lokeswaram,570299,0000,VILLAGE,Panchgudi,Rural,210,906,415,491,88,43,45,289,126,163,89,42,47,438,251,187,468,164,304,506,240,266,506,240,266,202,124,78,174,85,89,102,8,94,28,23,5,0,0,0,0,0,0,0,0,0,0,0,0,0,0,0,0,0,0,0,0,0,0,0,0,0,0,0,0,0,0,0,0,0,0,0,0,0,0,0,0,0,0,0,0,0,400,175,225
04,92,Bhainsa,Nirmal,08,Lokeswaram,570300,0000,VILLAGE,Mohalla,Rural,107,392,177,215,49,25,24,233,104,129,21,10,11,176,100,76,216,77,139,205,89,116,205,89,116,115,62,53,37,15,22,42,2,40,11,10,1,0,0,0,0,0,0,0,0,0,0,0,0,0,0,0,0,0,0,0,0,0,0,0,0,0,0,0,0,0,0,0,0,0,0,0,0,0,0,0,0,0,0,0,0,0,187,88,99
04,92,Bhainsa,Nirmal,08,Lokeswaram,570302,0000,VILLAGE,Pipri,Rural,472,1867,909,958,172,70,102,494,229,265,25,13,12,878,541,337,989,368,621,1017,504,513,1010,500,510,192,134,58,326,240,86,135,5,130,357,121,236,7,4,3,0,0,0,2,2,0,3,2,1,2,0,2,7,4,3,0,0,0,2,2,0,3,2,1,2,0,2,0,0,0,0,0,0,0,0,0,0,0,0,0,0,0,850,405,445
04,92,Bhainsa,Nirmal,08,Lokeswaram,570303,0000,VILLAGE,Bamni(K),Rural,245,944,441,503,97,53,44,402,189,213,1,0,1,428,249,179,516,192,324,552,250,302,544,247,297,250,174,76,84,36,48,162,5,157,48,32,16,8,3,5,1,1,0,5,2,3,0,0,0,2,0,2,7,2,5,1,1,0,4,1,3,0,0,0,2,0,2,1,1,0,0,0,0,1,1,0,0,0,0,0,0,0,392,191,201
04,91,Nirmal,Nirmal,07,Narsapur_G,570304,0000,VILLAGE,Anjani,Rural,145,627,333,294,90,52,38,27,15,12,595,314,281,268,196,72,359,137,222,356,178,178,100,59,41,40,29,11,44,20,24,0,0,0,16,10,6,256,119,137,3,2,1,237,106,131,3,0,3,13,11,2,244,114,130,3,2,1,229,102,127,1,0,1,11,10,1,12,5,7,0,0,0,8,4,4,2,0,2,2,1,1,271,155,116
04,91,Nirmal,Nirmal,07,Narsapur_G,570305,0000,VILLAGE,Kurli,Rural,447,1955,930,1025,257,138,119,274,129,145,413,208,205,718,437,281,1237,493,744,1232,567,665,1187,554,633,192,154,38,626,303,323,167,14,153,202,83,119,45,13,32,0,0,0,20,4,16,0,0,0,25,9,16,40,12,28,0,0,0,16,3,13,0,0,0,24,9,15,5,1,4,0,0,0,4,1,3,0,0,0,1,0,1,723,363,360
04,91,Nirmal,Nirmal,09,Dilawarpur,570306,0000,VILLAGE,Kadili,Rural,96,439,220,219,72,43,29,164,87,77,0,0,0,161,88,73,278,132,146,283,141,142,282,141,141,89,87,2,104,49,55,82,2,80,7,3,4,1,0,1,0,0,0,0,0,0,0,0,0,1,0,1,1,0,1,0,0,0,0,0,0,0,0,0,1,0,1,0,0,0,0,0,0,0,0,0,0,0,0,0,0,0,156,79,77
04,91,Nirmal,Nirmal,09,Dilawarpur,570307,0000,VILLAGE,Malegaon,Rural,181,795,360,435,93,40,53,81,35,46,421,194,227,384,218,166,411,142,269,494,232,262,424,205,219,143,109,34,119,69,50,5,1,4,157,26,131,70,27,43,3,0,3,55,26,29,1,0,1,11,1,10,63,25,38,2,0,2,50,24,26,1,0,1,10,1,9,7,2,5,1,0,1,5,2,3,0,0,0,1,0,1,301,128,173
04,91,Nirmal,Nirmal,09,Dilawarpur,570308,0000,VILLAGE,Kalva,Rural,718,2917,1394,1523,274,142,132,382,166,216,976,497,479,1156,712,444,1761,682,1079,1760,805,955,932,521,411,431,303,128,290,120,170,103,11,92,108,87,21,828,284,544,9,4,5,591,217,374,138,13,125,90,50,40,808,274,534,7,3,4,582,212,370,135,13,122,84,46,38,20,10,10,2,1,1,9,5,4,3,0,3,6,4,2,1157,589,568
04,91,Nirmal,Nirmal,09,Dilawarpur,570309,0000,VILLAGE,New Lolam(R_C_),Rural,359,1486,714,772,153,85,68,179,80,99,199,92,107,694,425,269,792,289,503,1014,464,550,306,183,123,77,67,10,93,67,26,104,25,79,32,24,8,708,281,427,39,34,5,324,172,152,178,15,163,167,60,107,576,228,348,33,30,3,241,136,105,142,6,136,160,56,104,132,53,79,6,4,2,83,36,47,36,9,27,7,4,3,472,250,222
04,91,Nirmal,Nirmal,07,Narsapur_G,570310,0000,VILLAGE,Daryapur,Rural,90,370,180,190,62,32,30,121,55,66,193,95,98,130,82,48,240,98,142,74,37,37,58,31,27,11,8,3,14,7,7,1,1,0,32,15,17,16,6,10,4,1,3,4,1,3,2,1,1,6,3,3,14,5,9,4,1,3,3,0,3,2,1,1,5,3,2,2,1,1,0,0,0,1,1,0,0,0,0,1,0,1,296,143,153
04,91,Nirmal,Nirmal,07,Narsapur_G,570312,0000,VILLAGE,Narsapur,Rural,1463,5787,2776,3011,586,313,273,920,413,507,123,59,64,3484,1954,1530,2303,822,1481,2960,1534,1426,2830,1495,1335,245,144,101,514,278,236,278,57,221,1793,1016,777,130,39,91,8,4,4,30,11,19,56,4,52,36,20,16,101,28,73,5,2,3,22,7,15,48,2,46,26,17,9,29,11,18,3,2,1,8,4,4,8,2,6,10,3,7,2827,1242,1585
04,91,Nirmal,Nirmal,07,Narsapur_G,570313,0000,VILLAGE,Naseerabad,Rural,46,195,93,102,17,8,9,65,30,35,0,0,0,87,52,35,108,41,67,122,59,63,113,55,58,7,7,0,49,41,8,50,1,49,7,6,1,9,4,5,1,0,1,4,3,1,3,0,3,1,1,0,9,4,5,1,0,1,4,3,1,3,0,3,1,1,0,0,0,0,0,0,0,0,0,0,0,0,0,0,0,0,73,34,39
04,91,Nirmal,Nirmal,07,Narsapur_G,570314,0000,VILLAGE,Rampur,Rural,522,1923,929,994,195,90,105,267,125,142,119,53,66,888,544,344,1035,385,650,1074,512,562,1063,507,556,178,141,37,284,165,119,267,20,247,334,181,153,11,5,6,1,1,0,5,1,4,2,0,2,3,3,0,7,4,3,1,1,0,2,1,1,2,0,2,2,2,0,4,1,3,0,0,0,3,0,3,0,0,0,1,1,0,849,417,432
04,91,Nirmal,Nirmal,07,Narsapur_G,570315,0000,VILLAGE,Cherlapalle,Rural,30,129,68,61,19,10,9,0,0,0,37,19,18,57,39,18,72,29,43,82,39,43,82,39,43,41,38,3,6,1,5,35,0,35,0,0,0,0,0,0,0,0,0,0,0,0,0,0,0,0,0,0,0,0,0,0,0,0,0,0,0,0,0,0,0,0,0,0,0,0,0,0,0,0,0,0,0,0,0,0,0,0,47,29,18
04,91,Nirmal,Nirmal,07,Narsapur_G,570316,0000,VILLAGE,Temborni,Rural,479,1783,832,951,181,99,82,507,239,268,6,2,4,815,483,332,968,349,619,1064,480,584,1061,478,583,193,132,61,321,212,109,396,23,373,151,111,40,3,2,1,0,0,0,2,2,0,1,0,1,0,0,0,3,2,1,0,0,0,2,2,0,1,0,1,0,0,0,0,0,0,0,0,0,0,0,0,0,0,0,0,0,0,719,352,367
04,91,Nirmal,Nirmal,09,Dilawarpur,570318,0000,VILLAGE,Samanderpalle,Rural,141,538,254,284,68,35,33,193,91,102,16,8,8,244,146,98,294,108,186,336,152,184,326,149,177,111,84,27,82,46,36,112,9,103,21,10,11,10,3,7,1,1,0,1,1,0,3,0,3,5,1,4,6,2,4,0,0,0,1,1,0,1,0,1,4,1,3,4,1,3,1,1,0,0,0,0,2,0,2,1,0,1,202,102,100
04,91,Nirmal,Nirmal,09,Dilawarpur,570320,0000,VILLAGE,Gundampalle,Rural,758,2994,1418,1576,315,163,152,461,205,256,171,72,99,1352,790,562,1642,628,1014,1854,881,973,1491,718,773,430,260,170,411,218,193,252,59,193,398,181,217,363,163,200,54,28,26,145,78,67,31,3,28,133,54,79,284,119,165,46,24,22,98,50,48,29,3,26,111,42,69,79,44,35,8,4,4,47,28,19,2,0,2,22,12,10,1140,537,603
04,91,Nirmal,Nirmal,09,Dilawarpur,570321,0000,VILLAGE,Dilawarpur,Rural,1640,6814,3201,3613,765,374,391,724,312,412,680,312,368,3188,1835,1353,3626,1366,2260,3873,1857,2016,3721,1799,1922,804,562,242,931,525,406,1199,48,1151,787,664,123,152,58,94,13,3,10,111,41,70,16,4,12,12,10,2,140,53,87,13,3,10,105,39,66,13,4,9,9,7,2,12,5,7,0,0,0,6,2,4,3,0,3,3,3,0,2941,1344,1597
04,91,Nirmal,Nirmal,09,Dilawarpur,570322,0000,VILLAGE,Sirgapur,Rural,367,1447,693,754,120,56,64,198,87,111,43,21,22,757,453,304,690,240,450,905,424,481,724,344,380,207,131,76,229,119,110,192,15,177,96,79,17,181,80,101,6,4,2,150,67,83,10,2,8,15,7,8,178,80,98,6,4,2,149,67,82,8,2,6,15,7,8,3,0,3,0,0,0,1,0,1,2,0,2,0,0,0,542,269,273
04,91,Nirmal,Nirmal,09,Dilawarpur,570323,0000,VILLAGE,Mayapur,Rural,174,676,339,337,79,41,38,269,124,145,63,36,27,201,127,74,475,212,263,451,228,223,438,224,214,41,34,7,298,166,132,69,1,68,30,23,7,13,4,9,0,0,0,5,1,4,3,0,3,5,3,2,12,4,8,0,0,0,5,1,4,2,0,2,5,3,2,1,0,1,0,0,0,0,0,0,1,0,1,0,0,0,225,111,114
04,91,Nirmal,Nirmal,09,Dilawarpur,570324,0000,VILLAGE,Banaspalle,Rural,324,1185,567,618,103,52,51,392,174,218,151,74,77,553,325,228,632,242,390,711,353,358,530,300,230,127,127,0,137,75,62,125,4,121,141,94,47,181,53,128,2,2,0,84,42,42,79,2,77,16,7,9,180,53,127,2,2,0,83,42,41,79,2,77,16,7,9,1,0,1,0,0,0,1,0,1,0,0,0,0,0,0,474,214,260
04,91,Nirmal,Nirmal,09,Dilawarpur,570325,0000,VILLAGE,Lingampalle,Rural,38,164,71,93,16,7,9,107,45,62,7,2,5,83,45,38,81,26,55,93,42,51,89,41,48,0,0,0,54,29,25,22,0,22,13,12,1,4,1,3,0,0,0,1,1,0,3,0,3,0,0,0,4,1,3,0,0,0,1,1,0,3,0,3,0,0,0,0,0,0,0,0,0,0,0,0,0,0,0,0,0,0,71,29,42
04,91,Nirmal,Nirmal,09,Dilawarpur,570327,0000,VILLAGE,Kanjar,Rural,206,839,411,428,72,36,36,161,79,82,16,6,10,448,256,192,391,155,236,489,239,250,484,238,246,124,77,47,175,115,60,132,8,124,53,38,15,5,1,4,0,0,0,4,1,3,1,0,1,0,0,0,5,1,4,0,0,0,4,1,3,1,0,1,0,0,0,0,0,0,0,0,0,0,0,0,0,0,0,0,0,0,350,172,178
04,91,Nirmal,Nirmal,09,Dilawarpur,570328,0000,VILLAGE,Ratnapur (K),Rural,65,259,127,132,27,9,18,0,0,0,2,1,1,106,67,39,153,60,93,151,74,77,151,74,77,23,13,10,29,11,18,0,0,0,99,50,49,0,0,0,0,0,0,0,0,0,0,0,0,0,0,0,0,0,0,0,0,0,0,0,0,0,0,0,0,0,0,0,0,0,0,0,0,0,0,0,0,0,0,0,0,0,108,53,55
04,91,Nirmal,Nirmal,09,Dilawarpur,570329,0000,VILLAGE,Sangvi,Rural,269,1057,515,542,83,43,40,210,103,107,196,100,96,597,342,255,460,173,287,712,330,382,440,201,239,83,71,12,236,80,156,43,20,23,78,30,48,272,129,143,83,44,39,111,43,68,30,15,15,48,27,21,266,127,139,81,42,39,108,43,65,29,15,14,48,27,21,6,2,4,2,2,0,3,0,3,1,0,1,0,0,0,345,185,160
04,91,Nirmal,Nirmal,09,Dilawarpur,570330,0000,VILLAGE,Mallapur,Rural,87,343,179,164,44,26,18,32,13,19,70,40,30,106,63,43,237,116,121,222,110,112,220,110,110,134,88,46,79,21,58,6,0,6,1,1,0,2,0,2,0,0,0,0,0,0,2,0,2,0,0,0,1,0,1,0,0,0,0,0,0,1,0,1,0,0,0,1,0,1,0,0,0,0,0,0,1,0,1,0,0,0,121,69,52
04,91,Nirmal,Nirmal,13,Soan,570334,0000,VILLAGE,Velmel,Rural,259,1058,526,532,110,64,46,95,43,52,206,98,108,399,241,158,659,285,374,670,332,338,660,328,332,325,201,124,158,86,72,148,18,130,29,23,6,10,4,6,0,0,0,8,4,4,2,0,2,0,0,0,9,4,5,0,0,0,7,4,3,2,0,2,0,0,0,1,0,1,0,0,0,1,0,1,0,0,0,0,0,0,388,194,194
04,91,Nirmal,Nirmal,12,Nirmal_Rural,570335,0000,VILLAGE,Vengvapeta,Rural,569,2199,1080,1119,195,106,89,485,238,247,56,30,26,1140,689,451,1059,391,668,1144,585,559,1136,579,557,379,333,46,90,60,30,489,53,436,178,133,45,8,6,2,2,2,0,1,1,0,1,0,1,4,3,1,7,5,2,1,1,0,1,1,0,1,0,1,4,3,1,1,1,0,1,1,0,0,0,0,0,0,0,0,0,0,1055,495,560
04,91,Nirmal,Nirmal,12,Nirmal_Rural,570336,0000,VILLAGE,Dyangapur,Rural,191,870,434,436,101,52,49,160,69,91,86,45,41,433,265,168,437,169,268,504,243,261,499,242,257,151,100,51,147,90,57,138,2,136,63,50,13,5,1,4,0,0,0,1,0,1,0,0,0,4,1,3,4,1,3,0,0,0,1,0,1,0,0,0,3,1,2,1,0,1,0,0,0,0,0,0,0,0,0,1,0,1,366,191,175
04,91,Nirmal,Nirmal,12,Nirmal_Rural,570337,0000,VILLAGE,Yellareddipet,Rural,124,454,231,223,43,21,22,258,129,129,8,5,3,208,145,63,246,86,160,316,154,162,314,154,160,266,135,131,41,17,24,3,0,3,4,2,2,2,0,2,1,0,1,1,0,1,0,0,0,0,0,0,2,0,2,1,0,1,1,0,1,0,0,0,0,0,0,0,0,0,0,0,0,0,0,0,0,0,0,0,0,0,138,77,61
04,91,Nirmal,Nirmal,12,Nirmal_Rural,570338,0000,VILLAGE,Medpalle,Rural,385,1418,678,740,138,74,64,82,36,46,267,132,135,588,346,242,830,332,498,889,426,463,809,393,416,315,177,138,289,145,144,95,5,90,110,66,44,80,33,47,24,11,13,35,13,22,4,0,4,17,9,8,66,28,38,20,9,11,28,11,17,2,0,2,16,8,8,14,5,9,4,2,2,7,2,5,2,0,2,1,1,0,529,252,277
04,91,Nirmal,Nirmal,12,Nirmal_Rural,570339,0000,VILLAGE,Neelaipet,Rural,206,884,424,460,108,53,55,126,60,66,220,108,112,416,263,153,468,161,307,526,254,272,516,249,267,168,121,47,125,80,45,166,4,162,57,44,13,10,5,5,0,0,0,7,2,5,0,0,0,3,3,0,10,5,5,0,0,0,7,2,5,0,0,0,3,3,0,0,0,0,0,0,0,0,0,0,0,0,0,0,0,0,358,170,188
04,91,Nirmal,Nirmal,12,Nirmal_Rural,570340,0000,VILLAGE,Ananthpet,Rural,365,1387,668,719,142,76,66,465,227,238,19,10,9,632,367,265,755,301,454,785,370,415,680,326,354,185,128,57,224,117,107,190,28,162,81,53,28,105,44,61,7,4,3,49,23,26,21,3,18,28,14,14,99,42,57,7,4,3,47,21,26,17,3,14,28,14,14,6,2,4,0,0,0,2,2,0,4,0,4,0,0,0,602,298,304
04,91,Nirmal,Nirmal,12,Nirmal_Rural,570342,0000,VILLAGE,Kamlapur,Rural,1,3,2,1,0,0,0,0,0,0,0,0,0,0,0,0,3,2,1,3,2,1,3,2,1,0,0,0,3,2,1,0,0,0,0,0,0,0,0,0,0,0,0,0,0,0,0,0,0,0,0,0,0,0,0,0,0,0,0,0,0,0,0,0,0,0,0,0,0,0,0,0,0,0,0,0,0,0,0,0,0,0,0,0,0
04,91,Nirmal,Nirmal,12,Nirmal_Rural,570343,0000,VILLAGE,Yedlapur,Rural,6,21,7,14,6,2,4,0,0,0,16,5,11,5,1,4,16,6,10,13,4,9,12,4,8,0,0,0,9,3,6,1,0,1,2,1,1,1,0,1,0,0,0,0,0,0,1,0,1,0,0,0,1,0,1,0,0,0,0,0,0,1,0,1,0,0,0,0,0,0,0,0,0,0,0,0,0,0,0,0,0,0,8,3,5
04,91,Nirmal,Nirmal,12,Nirmal_Rural,570344,0000,VILLAGE,Nagnaipet,Rural,1,3,2,1,0,0,0,0,0,0,3,2,1,2,2,0,1,0,1,3,2,1,3,2,1,0,0,0,3,2,1,0,0,0,0,0,0,0,0,0,0,0,0,0,0,0,0,0,0,0,0,0,0,0,0,0,0,0,0,0,0,0,0,0,0,0,0,0,0,0,0,0,0,0,0,0,0,0,0,0,0,0,0,0,0
04,91,Nirmal,Nirmal,12,Nirmal_Rural,570345,0000,VILLAGE,Lingdapur,Rural,120,478,245,233,62,33,29,30,14,16,96,46,50,222,134,88,256,111,145,300,149,151,299,148,151,9,8,1,158,96,62,82,4,78,50,40,10,1,1,0,0,0,0,1,1,0,0,0,0,0,0,0,1,1,0,0,0,0,1,1,0,0,0,0,0,0,0,0,0,0,0,0,0,0,0,0,0,0,0,0,0,0,178,96,82
04,91,Nirmal,Nirmal,12,Nirmal_Rural,570346,0000,VILLAGE,Talwada,Rural,138,558,258,300,59,27,32,98,46,52,31,11,20,268,159,109,290,99,191,337,157,180,336,156,180,132,94,38,60,32,28,109,3,106,35,27,8,1,1,0,0,0,0,1,1,0,0,0,0,0,0,0,1,1,0,0,0,0,1,1,0,0,0,0,0,0,0,0,0,0,0,0,0,0,0,0,0,0,0,0,0,0,221,101,120
04,91,Nirmal,Nirmal,12,Nirmal_Rural,570347,0000,VILLAGE,Manjlapur,Rural,1155,4749,2342,2407,463,236,227,743,343,400,110,55,55,2672,1574,1098,2077,768,1309,2445,1234,1211,2105,1088,1017,476,352,124,414,264,150,714,55,659,501,417,84,340,146,194,8,2,6,184,119,65,113,6,107,35,19,16,331,142,189,7,1,6,179,116,63,112,6,106,33,19,14,9,4,5,1,1,0,5,3,2,1,0,1,2,0,2,2304,1108,1196
04,91,Nirmal,Nirmal,12,Nirmal_Rural,570348,0000,VILLAGE,Chityal,Rural,459,1853,873,980,215,92,123,251,114,137,18,10,8,882,522,360,971,351,620,1113,531,582,1051,493,558,406,215,191,300,158,142,236,44,192,109,76,33,62,38,24,12,9,3,13,5,8,15,6,9,22,18,4,48,28,20,5,4,1,10,4,6,13,4,9,20,16,4,14,10,4,7,5,2,3,1,2,2,2,0,2,2,0,740,342,398
04,91,Nirmal,Nirmal,12,Nirmal_Rural,570349,0000,VILLAGE,New Mujgi,Rural,607,2419,1111,1308,268,127,141,225,103,122,163,81,82,1034,586,448,1385,525,860,1469,659,810,1377,623,754,469,287,182,397,204,193,389,32,357,122,100,22,92,36,56,17,9,8,17,5,12,36,7,29,22,15,7,90,36,54,16,9,7,16,5,11,36,7,29,22,15,7,2,0,2,1,0,1,1,0,1,0,0,0,0,0,0,950,452,498
04,91,Nirmal,Nirmal,12,Nirmal_Rural,570350,0000,VILLAGE,Thamsa,Rural,106,429,207,222,46,26,20,315,150,165,37,18,19,210,124,86,219,83,136,234,112,122,232,111,121,98,64,34,59,30,29,51,0,51,24,17,7,2,1,1,0,0,0,1,0,1,0,0,0,1,1,0,2,1,1,0,0,0,1,0,1,0,0,0,1,1,0,0,0,0,0,0,0,0,0,0,0,0,0,0,0,0,195,95,100
04,91,Nirmal,Nirmal,12,Nirmal_Rural,570352,0000,VILLAGE,Yellapalle,Rural,373,1523,737,786,207,108,99,293,126,167,311,148,163,439,244,195,1084,493,591,920,429,491,889,422,467,76,42,34,294,152,142,175,37,138,344,191,153,31,7,24,4,1,3,3,0,3,6,0,6,18,6,12,27,7,20,2,1,1,3,0,3,4,0,4,18,6,12,4,0,4,2,0,2,0,0,0,2,0,2,0,0,0,603,308,295
04,91,Nirmal,Nirmal,12,Nirmal_Rural,570353,0000,VILLAGE,Bhagyanagar,Rural,290,1066,506,560,126,66,60,173,87,86,238,115,123,448,254,194,618,252,366,683,312,371,615,285,330,201,100,101,286,130,156,67,17,50,61,38,23,68,27,41,23,10,13,13,3,10,12,4,8,20,10,10,42,16,26,8,3,5,7,1,6,12,4,8,15,8,7,26,11,15,15,7,8,6,2,4,0,0,0,5,2,3,383,194,189
04,91,Nirmal,Nirmal,12,Nirmal_Rural,570354,0000,VILLAGE,New Pochamphad,Rural,162,687,335,352,90,33,57,230,112,118,31,13,18,268,164,104,419,171,248,422,205,217,413,202,211,101,95,6,273,104,169,32,0,32,7,3,4,9,3,6,3,2,1,4,0,4,1,0,1,1,1,0,9,3,6,3,2,1,4,0,4,1,0,1,1,1,0,0,0,0,0,0,0,0,0,0,0,0,0,0,0,0,265,130,135
04,91,Nirmal,Nirmal,12,Nirmal_Rural,570355,0000,VILLAGE,Ratnapur Kondali,Rural,581,2352,1146,1206,248,118,130,342,169,173,82,47,35,1150,681,469,1202,465,737,1406,697,709,1291,628,663,272,227,45,364,192,172,397,53,344,258,156,102,115,69,46,9,6,3,20,13,7,49,19,30,37,31,6,113,67,46,9,6,3,20,13,7,48,18,30,36,30,6,2,2,0,0,0,0,0,0,0,1,1,0,1,1,0,946,449,497
04,91,Nirmal,Nirmal,12,Nirmal_Rural,570356,0000,VILLAGE,Kondapur,Rural,453,1634,774,860,198,115,83,169,72,97,17,6,11,888,515,373,746,259,487,912,418,494,762,358,404,274,145,129,155,70,85,48,3,45,285,140,145,150,60,90,4,1,3,93,50,43,26,1,25,27,8,19,136,56,80,4,1,3,89,47,42,18,1,17,25,7,18,14,4,10,0,0,0,4,3,1,8,0,8,2,1,1,722,356,366
04,91,Nirmal,Nirmal,12,Nirmal_Rural,570357,0000,VILLAGE,Akkapur,Rural,386,1622,755,867,178,91,87,131,59,72,11,7,4,712,386,326,910,369,541,914,422,492,818,374,444,484,283,201,67,26,41,206,19,187,61,46,15,96,48,48,2,1,1,57,34,23,25,5,20,12,8,4,93,46,47,2,1,1,54,32,22,25,5,20,12,8,4,3,2,1,0,0,0,3,2,1,0,0,0,0,0,0,708,333,375
04,91,Nirmal,Nirmal,12,Nirmal_Rural,570358,0000,VILLAGE,Muktapur,Rural,338,1320,619,701,123,65,58,208,93,115,39,19,20,638,362,276,682,257,425,771,354,417,768,352,416,182,137,45,224,134,90,290,21,269,72,60,12,3,2,1,0,0,0,2,2,0,1,0,1,0,0,0,3,2,1,0,0,0,2,2,0,1,0,1,0,0,0,0,0,0,0,0,0,0,0,0,0,0,0,0,0,0,549,265,284
04,91,Nirmal,Nirmal,12,Nirmal_Rural,570359,0000,VILLAGE,Venkatapur,Rural,485,1762,826,936,194,97,97,352,155,197,80,43,37,985,549,436,777,277,500,984,468,516,947,451,496,89,60,29,156,99,57,374,25,349,328,267,61,37,17,20,3,1,2,10,6,4,17,7,10,7,3,4,21,9,12,1,0,1,8,5,3,5,1,4,7,3,4,16,8,8,2,1,1,2,1,1,12,6,6,0,0,0,778,358,420
04,91,Nirmal,Nirmal,13,Soan,570360,0000,VILLAGE,Shakari,Rural,155,514,263,251,42,29,13,89,45,44,219,107,112,234,147,87,280,116,164,303,152,151,302,151,151,87,81,6,70,46,24,119,6,113,26,18,8,1,1,0,0,0,0,0,0,0,0,0,0,1,1,0,1,1,0,0,0,0,0,0,0,0,0,0,1,1,0,0,0,0,0,0,0,0,0,0,0,0,0,0,0,0,211,111,100
04,91,Nirmal,Nirmal,13,Soan,570361,0000,VILLAGE,Kadthal,Rural,591,2324,1067,1257,257,122,135,332,157,175,8,3,5,1109,625,484,1215,442,773,1269,597,672,1219,575,644,294,218,76,243,160,83,470,28,442,212,169,43,50,22,28,3,2,1,33,11,22,2,0,2,12,9,3,42,21,21,3,2,1,25,10,15,2,0,2,12,9,3,8,1,7,0,0,0,8,1,7,0,0,0,0,0,0,1055,470,585
04,91,Nirmal,Nirmal,12,Nirmal_Rural,570362,0000,VILLAGE,Koutla(K),Rural,375,1516,702,814,190,92,98,386,195,191,273,116,157,562,312,250,954,390,564,956,456,500,892,436,456,314,205,109,276,164,112,246,22,224,56,45,11,64,20,44,3,1,2,31,14,17,22,1,21,8,4,4,56,15,41,3,1,2,24,9,15,21,1,20,8,4,4,8,5,3,0,0,0,7,5,2,1,0,1,0,0,0,560,246,314
04,91,Nirmal,Nirmal,13,Soan,570363,0000,VILLAGE,Siddan Kunta(New),Rural,430,1711,816,895,201,96,105,290,131,159,172,77,95,705,425,280,1006,391,615,1014,483,531,985,472,513,341,173,168,370,200,170,158,13,145,116,86,30,29,11,18,7,4,3,12,3,9,1,0,1,9,4,5,29,11,18,7,4,3,12,3,9,1,0,1,9,4,5,0,0,0,0,0,0,0,0,0,0,0,0,0,0,0,697,333,364
04,91,Nirmal,Nirmal,13,Soan,570366,0000,VILLAGE,Old Pochampad,Rural,89,876,172,704,75,30,45,519,40,479,37,8,29,673,91,582,203,81,122,187,93,94,186,93,93,5,4,1,126,50,76,2,0,2,53,39,14,1,0,1,0,0,0,1,0,1,0,0,0,0,0,0,1,0,1,0,0,0,1,0,1,0,0,0,0,0,0,0,0,0,0,0,0,0,0,0,0,0,0,0,0,0,689,79,610
04,91,Nirmal,Nirmal,13,Soan,570367,0000,VILLAGE,Pakpatla,Rural,931,3726,1783,1943,525,262,263,313,152,161,516,236,280,1473,869,604,2253,914,1339,2274,1088,1186,2087,1046,1041,553,297,256,780,362,418,351,46,305,403,341,62,187,42,145,5,1,4,130,15,115,3,1,2,49,25,24,184,42,142,5,1,4,128,15,113,3,1,2,48,25,23,3,0,3,0,0,0,2,0,2,0,0,0,1,0,1,1452,695,757
04,91,Nirmal,Nirmal,13,Soan,570368,0000,VILLAGE,Madhapur,Rural,699,2779,1321,1458,283,141,142,303,151,152,339,147,192,1268,738,530,1511,583,928,1702,800,902,1657,778,879,647,371,276,533,248,285,370,75,295,107,84,23,45,22,23,3,2,1,19,7,12,1,1,0,22,12,10,39,18,21,1,1,0,18,7,11,0,0,0,20,10,10,6,4,2,2,1,1,1,0,1,1,1,0,2,2,0,1077,521,556
04,91,Nirmal,Nirmal,13,Soan,570369,0000,VILLAGE,Jafrapur,Rural,452,1930,924,1006,195,96,99,220,99,121,115,55,60,799,465,334,1131,459,672,1202,590,612,1126,577,549,508,305,203,266,165,101,265,48,217,87,59,28,76,13,63,4,1,3,19,5,14,48,6,42,5,1,4,39,12,27,3,1,2,18,5,13,15,5,10,3,1,2,37,1,36,1,0,1,1,0,1,33,1,32,2,0,2,728,334,394
04,91,Nirmal,Nirmal,13,Soan,570370,0000,VILLAGE,Ganjal,Rural,355,1256,593,663,156,81,75,184,90,94,39,22,17,536,313,223,720,280,440,706,325,381,359,172,187,146,121,25,29,17,12,164,18,146,20,16,4,347,153,194,3,2,1,185,107,78,98,4,94,61,40,21,338,149,189,3,2,1,180,105,75,98,4,94,57,38,19,9,4,5,0,0,0,5,2,3,0,0,0,4,2,2,550,268,282
04,91,Nirmal,Nirmal,13,Soan,570371,0000,VILLAGE,Soan,Rural,1290,4814,2320,2494,491,246,245,546,269,277,131,64,67,2322,1331,991,2492,989,1503,2604,1314,1290,2471,1230,1241,495,344,151,697,452,245,823,64,759,456,370,86,133,84,49,4,4,0,17,8,9,18,1,17,94,71,23,111,74,37,3,3,0,12,7,5,13,1,12,83,63,20,22,10,12,1,1,0,5,1,4,5,0,5,11,8,3,2210,1006,1204
04,91,Nirmal,Nirmal,14,Laxmanchanda,570372,0000,VILLAGE,Waddyal,Rural,1296,5140,2403,2737,496,253,243,635,300,335,552,268,284,2353,1370,983,2787,1033,1754,2957,1368,1589,2783,1301,1482,1051,598,453,851,395,456,523,77,446,358,231,127,174,67,107,4,0,4,54,20,34,43,3,40,73,44,29,149,57,92,4,0,4,38,15,23,40,2,38,67,40,27,25,10,15,0,0,0,16,5,11,3,1,2,6,4,2,2183,1035,1148
04,91,Nirmal,Nirmal,14,Laxmanchanda,570373,0000,VILLAGE,Kankapur,Rural,408,1505,724,781,219,116,103,258,131,127,23,7,16,588,340,248,917,384,533,835,417,418,794,394,400,256,150,106,257,117,140,41,8,33,240,119,121,41,23,18,6,4,2,11,5,6,0,0,0,24,14,10,38,21,17,5,3,2,11,5,6,0,0,0,22,13,9,3,2,1,1,1,0,0,0,0,0,0,0,2,1,1,670,307,363
04,91,Nirmal,Nirmal,14,Laxmanchanda,570374,0000,VILLAGE,Narsapur(B),Rural,381,1446,699,747,168,89,79,275,126,149,9,6,3,657,399,258,789,300,489,833,396,437,751,387,364,304,212,92,242,86,156,103,2,101,102,87,15,82,9,73,42,2,40,28,3,25,8,1,7,4,3,1,71,8,63,41,2,39,24,3,21,4,1,3,2,2,0,11,1,10,1,0,1,4,0,4,4,0,4,2,1,1,613,303,310
04,91,Nirmal,Nirmal,14,Laxmanchanda,570375,0000,VILLAGE,Boregaon,Rural,305,1218,574,644,137,65,72,327,156,171,236,108,128,543,344,199,675,230,445,747,333,414,561,269,292,428,223,205,99,34,65,20,1,19,14,11,3,186,64,122,1,0,1,174,59,115,2,1,1,9,4,5,121,40,81,1,0,1,117,40,77,1,0,1,2,0,2,65,24,41,0,0,0,57,19,38,1,1,0,7,4,3,471,241,230
04,91,Nirmal,Nirmal,14,Laxmanchanda,570376,0000,VILLAGE,Kanjar,Rural,124,497,236,261,55,29,26,172,83,89,10,4,6,284,164,120,213,72,141,243,119,124,241,118,123,54,45,9,41,32,9,98,3,95,48,38,10,2,1,1,1,1,0,0,0,0,0,0,0,1,0,1,2,1,1,1,1,0,0,0,0,0,0,0,1,0,1,0,0,0,0,0,0,0,0,0,0,0,0,0,0,0,254,117,137
04,91,Nirmal,Nirmal,14,Laxmanchanda,570377,0000,VILLAGE,Babapur,Rural,332,1154,541,613,111,54,57,248,127,121,113,45,68,492,285,207,662,256,406,673,311,362,521,234,287,238,154,84,62,37,25,178,13,165,43,30,13,152,77,75,6,3,3,130,71,59,14,2,12,2,1,1,141,75,66,5,3,2,124,69,55,11,2,9,1,1,0,11,2,9,1,0,1,6,2,4,3,0,3,1,0,1,481,230,251
04,91,Nirmal,Nirmal,14,Laxmanchanda,570378,0000,VILLAGE,Potapalle (K),Rural,279,970,473,497,116,66,50,281,141,140,35,10,25,370,224,146,600,249,351,589,282,307,573,270,303,197,141,56,129,73,56,108,2,106,139,54,85,16,12,4,1,1,0,7,7,0,0,0,0,8,4,4,6,4,2,1,1,0,1,1,0,0,0,0,4,2,2,10,8,2,0,0,0,6,6,0,0,0,0,4,2,2,381,191,190
04,91,Nirmal,Nirmal,14,Laxmanchanda,570379,0000,VILLAGE,Thiripalle,Rural,199,678,319,359,65,33,32,201,87,114,3,2,1,279,169,110,399,150,249,373,180,193,345,171,174,120,118,2,121,29,92,78,6,72,26,18,8,28,9,19,3,2,1,8,3,5,13,1,12,4,3,1,25,7,18,3,2,1,7,3,4,12,0,12,3,2,1,3,2,1,0,0,0,1,0,1,1,1,0,1,1,0,305,139,166
04,91,Nirmal,Nirmal,14,Laxmanchanda,570380,0000,VILLAGE,LaxmanChanda,Rural,1295,5115,2446,2669,555,279,276,692,326,366,70,43,27,2389,1390,999,2726,1056,1670,2748,1320,1428,2314,1197,1117,1143,600,543,435,228,207,265,32,233,471,337,134,434,123,311,8,6,2,147,76,71,226,13,213,53,28,25,419,119,300,6,5,1,145,75,70,222,13,209,46,26,20,15,4,11,2,1,1,2,1,1,4,0,4,7,2,5,2367,1126,1241
04,91,Nirmal,Nirmal,14,Laxmanchanda,570381,0000,VILLAGE,Peechara,Rural,549,2165,1007,1158,256,128,128,369,169,200,7,4,3,876,481,395,1289,526,763,1270,606,664,1207,580,627,692,351,341,327,155,172,111,13,98,77,61,16,63,26,37,0,0,0,6,1,5,36,7,29,21,18,3,58,26,32,0,0,0,6,1,5,31,7,24,21,18,3,5,0,5,0,0,0,0,0,0,5,0,5,0,0,0,895,401,494
04,91,Nirmal,Nirmal,13,Soan,570382,0000,VILLAGE,New Velmal,Rural,565,2225,1052,1173,220,107,113,414,191,223,40,17,23,1218,696,522,1007,356,651,1194,552,642,1191,550,641,398,268,130,152,94,58,454,24,430,187,164,23,3,2,1,0,0,0,0,0,0,1,0,1,2,2,0,0,0,0,0,0,0,0,0,0,0,0,0,0,0,0,3,2,1,0,0,0,0,0,0,1,0,1,2,2,0,1031,500,531
04,91,Nirmal,Nirmal,13,Soan,570383,0000,VILLAGE,Sangampet,Rural,141,575,289,286,54,27,27,253,126,127,7,3,4,273,176,97,302,113,189,375,185,190,198,139,59,93,87,6,30,11,19,25,2,23,50,39,11,177,46,131,10,8,2,62,10,52,66,5,61,39,23,16,168,43,125,10,8,2,60,9,51,62,4,58,36,22,14,9,3,6,0,0,0,2,1,1,4,1,3,3,1,2,200,104,96
04,91,Nirmal,Nirmal,13,Soan,570384,0000,VILLAGE,New Bopparam,Rural,602,2113,1026,1087,201,102,99,258,120,138,11,6,5,1013,589,424,1100,437,663,1208,565,643,1197,561,636,346,192,154,117,67,50,322,21,301,412,281,131,11,4,7,2,0,2,3,2,1,4,2,2,2,0,2,6,0,6,2,0,2,0,0,0,2,0,2,2,0,2,5,4,1,0,0,0,3,2,1,2,2,0,0,0,0,905,461,444
04,91,Nirmal,Nirmal,13,Soan,570385,0000,VILLAGE,Kuchanpalle,Rural,359,1437,695,742,147,65,82,234,107,127,92,43,49,657,398,259,780,297,483,811,388,423,801,386,415,525,286,239,72,37,35,148,19,129,56,44,12,10,2,8,3,2,1,1,0,1,4,0,4,2,0,2,9,2,7,3,2,1,1,0,1,4,0,4,1,0,1,1,0,1,0,0,0,0,0,0,0,0,0,1,0,1,626,307,319
04,91,Nirmal,Nirmal,14,Laxmanchanda,570386,0000,VILLAGE,Dharmaram,Rural,240,972,435,537,100,55,45,285,118,167,0,0,0,425,237,188,547,198,349,534,222,312,481,210,271,303,155,148,61,28,33,93,9,84,24,18,6,53,12,41,8,1,7,17,4,13,23,2,21,5,5,0,49,10,39,8,1,7,14,3,11,22,1,21,5,5,0,4,2,2,0,0,0,3,1,2,1,1,0,0,0,0,438,213,225
04,91,Nirmal,Nirmal,14,Laxmanchanda,570387,0000,VILLAGE,Parpalle,Rural,699,2796,1359,1437,277,139,138,211,96,115,251,119,132,1184,693,491,1612,666,946,1616,778,838,1584,767,817,819,480,339,301,160,141,305,9,296,159,118,41,32,11,21,2,1,1,13,9,4,15,0,15,2,1,1,32,11,21,2,1,1,13,9,4,15,0,15,2,1,1,0,0,0,0,0,0,0,0,0,0,0,0,0,0,0,1180,581,599
04,91,Nirmal,Nirmal,14,Laxmanchanda,570388,0000,VILLAGE,Potpalle (B),Rural,40,135,64,71,11,5,6,25,15,10,0,0,0,50,24,26,85,40,45,76,36,40,75,36,39,27,14,13,28,12,16,3,0,3,17,10,7,1,0,1,1,0,1,0,0,0,0,0,0,0,0,0,1,0,1,1,0,1,0,0,0,0,0,0,0,0,0,0,0,0,0,0,0,0,0,0,0,0,0,0,0,0,59,28,31
04,91,Nirmal,Nirmal,14,Laxmanchanda,570389,0000,VILLAGE,Mallapur,Rural,361,1529,737,792,138,74,64,257,118,139,0,0,0,639,390,249,890,347,543,888,422,466,727,366,361,434,272,162,19,14,5,78,24,54,196,56,140,161,56,105,28,11,17,74,35,39,46,4,42,13,6,7,156,54,102,28,11,17,73,35,38,46,4,42,9,4,5,5,2,3,0,0,0,1,0,1,0,0,0,4,2,2,641,315,326
04,91,Nirmal,Nirmal,14,Laxmanchanda,570390,0000,VILLAGE,Machapur,Rural,92,381,187,194,39,20,19,83,39,44,2,0,2,140,79,61,241,108,133,227,120,107,199,111,88,147,92,55,22,12,10,19,0,19,11,7,4,28,9,19,0,0,0,11,9,2,17,0,17,0,0,0,28,9,19,0,0,0,11,9,2,17,0,17,0,0,0,0,0,0,0,0,0,0,0,0,0,0,0,0,0,0,154,67,87
04,91,Nirmal,Nirmal,14,Laxmanchanda,570391,0000,VILLAGE,Munipalle,Rural,354,1464,683,781,159,75,84,167,76,91,0,0,0,664,360,304,800,323,477,803,390,413,766,373,393,344,208,136,200,110,90,174,32,142,48,23,25,37,17,20,0,0,0,13,8,5,8,1,7,16,8,8,33,15,18,0,0,0,10,7,3,8,1,7,15,7,8,4,2,2,0,0,0,3,1,2,0,0,0,1,1,0,661,293,368
04,91,Nirmal,Nirmal,14,Laxmanchanda,570392,0000,VILLAGE,Chamanpalle,Rural,430,1729,853,876,187,97,90,568,274,294,25,8,17,799,493,306,930,360,570,956,459,497,889,440,449,449,264,185,253,101,152,126,32,94,61,43,18,67,19,48,1,1,0,6,1,5,49,7,42,11,10,1,60,13,47,1,1,0,6,1,5,47,6,41,6,5,1,7,6,1,0,0,0,0,0,0,2,1,1,5,5,0,773,394,379
04,91,Nirmal,Nirmal,14,Laxmanchanda,570393,0000,VILLAGE,Chintalchanda,Rural,360,1495,713,782,140,67,73,445,210,235,5,4,1,572,317,255,923,396,527,974,469,505,942,449,493,557,355,202,251,70,181,110,11,99,24,13,11,32,20,12,11,8,3,8,4,4,2,0,2,11,8,3,31,20,11,10,8,2,8,4,4,2,0,2,11,8,3,1,0,1,1,0,1,0,0,0,0,0,0,0,0,0,521,244,277
04,91,Nirmal,Nirmal,15,Mamda,570394,0000,VILLAGE,Pulimadugu,Rural,46,211,101,110,38,19,19,0,0,0,211,101,110,40,20,20,171,81,90,142,65,77,138,63,75,93,45,48,45,18,27,0,0,0,0,0,0,4,2,2,0,0,0,0,0,0,0,0,0,4,2,2,4,2,2,0,0,0,0,0,0,0,0,0,4,2,2,0,0,0,0,0,0,0,0,0,0,0,0,0,0,0,69,36,33
04,91,Nirmal,Nirmal,15,Mamda,570395,0000,VILLAGE,Tandra,Rural,237,1068,506,562,160,82,78,25,12,13,636,304,332,434,244,190,634,262,372,558,287,271,459,261,198,279,163,116,114,54,60,2,2,0,64,42,22,99,26,73,2,0,2,47,10,37,35,3,32,15,13,2,52,15,37,0,0,0,6,3,3,35,3,32,11,9,2,47,11,36,2,0,2,41,7,34,0,0,0,4,4,0,510,219,291
04,91,Nirmal,Nirmal,15,Mamda,570396,0000,VILLAGE,Vasthapur,Rural,66,363,176,187,72,34,38,0,0,0,358,175,183,92,55,37,271,121,150,234,116,118,179,88,91,70,67,3,105,17,88,0,0,0,4,4,0,55,28,27,3,3,0,44,22,22,2,2,0,6,1,5,53,27,26,3,3,0,44,22,22,1,1,0,5,1,4,2,1,1,0,0,0,0,0,0,1,1,0,1,0,1,129,60,69
04,91,Nirmal,Nirmal,15,Mamda,570397,0000,VILLAGE,Rampur,Rural,55,286,127,159,58,23,35,0,0,0,283,127,156,60,40,20,226,87,139,199,93,106,158,77,81,54,54,0,101,20,81,3,3,0,0,0,0,41,16,25,3,3,0,34,12,22,2,0,2,2,1,1,41,16,25,3,3,0,34,12,22,2,0,2,2,1,1,0,0,0,0,0,0,0,0,0,0,0,0,0,0,0,87,34,53
04,91,Nirmal,Nirmal,15,Mamda,570398,0000,VILLAGE,Rasimatla,Rural,111,619,319,300,104,50,54,3,1,2,493,252,241,230,132,98,389,187,202,297,154,143,296,154,142,184,100,84,104,48,56,0,0,0,8,6,2,1,0,1,0,0,0,0,0,0,0,0,0,1,0,1,1,0,1,0,0,0,0,0,0,0,0,0,1,0,1,0,0,0,0,0,0,0,0,0,0,0,0,0,0,0,322,165,157
04,91,Nirmal,Nirmal,15,Mamda,570399,0000,VILLAGE,Gayadpalle,Rural,197,967,471,496,161,72,89,0,0,0,948,461,487,406,255,151,561,216,345,530,256,274,505,253,252,406,213,193,34,16,18,1,0,1,64,24,40,25,3,22,0,0,0,16,3,13,0,0,0,9,0,9,19,2,17,0,0,0,13,2,11,0,0,0,6,0,6,6,1,5,0,0,0,3,1,2,0,0,0,3,0,3,437,215,222
04,91,Nirmal,Nirmal,15,Mamda,570400,0000,VILLAGE,Burugupalle,Rural,33,167,79,88,21,12,9,0,0,0,93,44,49,29,14,15,138,65,73,125,59,66,115,56,59,89,43,46,26,13,13,0,0,0,0,0,0,10,3,7,0,0,0,0,0,0,0,0,0,10,3,7,10,3,7,0,0,0,0,0,0,0,0,0,10,3,7,0,0,0,0,0,0,0,0,0,0,0,0,0,0,0,42,20,22
04,91,Nirmal,Nirmal,15,Mamda,570401,0000,VILLAGE,Kishanraopet,Rural,179,894,455,439,146,77,69,4,1,3,873,447,426,242,159,83,652,296,356,514,247,267,481,237,244,389,197,192,63,27,36,5,1,4,24,12,12,33,10,23,11,2,9,16,6,10,2,0,2,4,2,2,26,9,17,11,2,9,13,6,7,0,0,0,2,1,1,7,1,6,0,0,0,3,0,3,2,0,2,2,1,1,380,208,172
04,91,Nirmal,Nirmal,15,Mamda,570402,0000,VILLAGE,Parimandal,Rural,565,2410,1196,1214,283,152,131,323,157,166,949,478,471,1084,657,427,1326,539,787,1434,698,736,872,441,431,689,353,336,84,39,45,12,5,7,87,44,43,562,257,305,49,30,19,354,191,163,110,19,91,49,17,32,537,243,294,44,26,18,339,182,157,105,18,87,49,17,32,25,14,11,5,4,1,15,9,6,5,1,4,0,0,0,976,498,478
04,91,Nirmal,Nirmal,15,Mamda,570403,0000,VILLAGE,Arepalle,Rural,182,708,329,379,80,47,33,45,20,25,287,142,145,269,151,118,439,178,261,431,197,234,191,137,54,166,122,44,12,6,6,4,3,1,9,6,3,240,60,180,1,0,1,221,57,164,3,0,3,15,3,12,232,59,173,1,0,1,217,56,161,0,0,0,14,3,11,8,1,7,0,0,0,4,1,3,3,0,3,1,0,1,277,132,145
04,91,Nirmal,Nirmal,15,Mamda,570404,0000,VILLAGE,Lingapur,Rural,144,647,324,323,74,42,32,34,17,17,613,307,306,224,140,84,423,184,239,417,208,209,9,7,2,4,4,0,5,3,2,0,0,0,0,0,0,408,201,207,40,37,3,363,159,204,0,0,0,5,5,0,51,44,7,24,24,0,23,16,7,0,0,0,4,4,0,357,157,200,16,13,3,340,143,197,0,0,0,1,1,0,230,116,114
04,91,Nirmal,Nirmal,15,Mamda,570405,0000,VILLAGE,Raidhari,Rural,125,516,234,282,70,28,42,2,2,0,306,134,172,239,152,87,277,82,195,270,117,153,179,89,90,120,64,56,40,17,23,5,0,5,14,8,6,91,28,63,2,0,2,89,28,61,0,0,0,0,0,0,89,28,61,1,0,1,88,28,60,0,0,0,0,0,0,2,0,2,1,0,1,1,0,1,0,0,0,0,0,0,246,117,129
04,91,Nirmal,Nirmal,15,Mamda,570407,0000,VILLAGE,Kappanpalle,Rural,137,546,254,292,46,20,26,67,29,38,407,191,216,223,128,95,323,126,197,325,150,175,324,150,174,290,138,152,15,5,10,5,2,3,14,5,9,1,0,1,0,0,0,0,0,0,0,0,0,1,0,1,1,0,1,0,0,0,0,0,0,0,0,0,1,0,1,0,0,0,0,0,0,0,0,0,0,0,0,0,0,0,221,104,117
04,91,Nirmal,Nirmal,15,Mamda,570408,0000,VILLAGE,Dimmadurthy,Rural,364,1341,634,707,145,74,71,289,141,148,91,40,51,622,362,260,719,272,447,881,416,465,677,330,347,335,181,154,144,68,76,55,9,46,143,72,71,204,86,118,4,3,1,165,77,88,1,0,1,34,6,28,161,69,92,4,3,1,127,61,66,1,0,1,29,5,24,43,17,26,0,0,0,38,16,22,0,0,0,5,1,4,460,218,242
04,91,Nirmal,Nirmal,15,Mamda,570411,0000,VILLAGE,Kothasangvi(RC),Rural,380,1485,729,756,152,84,68,158,80,78,97,48,49,762,463,299,723,266,457,831,397,434,820,393,427,262,148,114,336,191,145,166,27,139,56,27,29,11,4,7,2,2,0,3,1,2,1,0,1,5,1,4,11,4,7,2,2,0,3,1,2,1,0,1,5,1,4,0,0,0,0,0,0,0,0,0,0,0,0,0,0,0,654,332,322
04,91,Nirmal,Nirmal,15,Mamda,570412,0000,VILLAGE,Mamda,Rural,959,4459,2093,2366,491,224,267,470,215,255,660,248,412,2399,1300,1099,2060,793,1267,2137,1150,987,1347,801,546,524,351,173,393,213,180,53,20,33,377,217,160,790,349,441,9,5,4,464,228,236,112,33,79,205,83,122,680,312,368,8,4,4,425,214,211,103,32,71,144,62,82,110,37,73,1,1,0,39,14,25,9,1,8,61,21,40,2322,943,1379
04,91,Nirmal,Nirmal,15,Mamda,570414,0000,VILLAGE,Kothalingampalle,Rural,173,613,253,360,60,23,37,153,60,93,79,33,46,247,126,121,366,127,239,369,149,220,37,23,14,3,2,1,1,1,0,4,1,3,29,19,10,332,126,206,37,23,14,80,51,29,160,1,159,55,51,4,324,120,204,36,23,13,78,49,29,159,1,158,51,47,4,8,6,2,1,0,1,2,2,0,1,0,1,4,4,0,244,104,140
04,91,Nirmal,Nirmal,15,Mamda,570415,0000,VILLAGE,Kortikal,Rural,857,3480,1684,1796,322,156,166,850,406,444,75,41,34,1750,999,751,1730,685,1045,2087,1012,1075,2003,986,1017,800,451,349,712,383,329,340,56,284,151,96,55,84,26,58,21,6,15,34,12,22,4,0,4,25,8,17,62,20,42,18,5,13,24,10,14,4,0,4,16,5,11,22,6,16,3,1,2,10,2,8,0,0,0,9,3,6,1393,672,721
04,91,Nirmal,Nirmal,15,Mamda,570416,0000,VILLAGE,Chandaram,Rural,66,280,136,144,32,20,12,47,24,23,2,1,1,140,76,64,140,60,80,199,92,107,193,90,103,186,88,98,0,0,0,0,0,0,7,2,5,6,2,4,5,2,3,0,0,0,0,0,0,1,0,1,6,2,4,5,2,3,0,0,0,0,0,0,1,0,1,0,0,0,0,0,0,0,0,0,0,0,0,0,0,0,81,44,37
04,91,Nirmal,Nirmal,15,Mamda,570417,0000,VILLAGE,Bandal Khanapur,Rural,118,499,250,249,65,33,32,142,71,71,342,170,172,202,142,60,297,108,189,305,145,160,242,113,129,176,84,92,1,0,1,15,9,6,50,20,30,63,32,31,34,14,20,0,0,0,0,0,0,29,18,11,63,32,31,34,14,20,0,0,0,0,0,0,29,18,11,0,0,0,0,0,0,0,0,0,0,0,0,0,0,0,194,105,89
04,91,Nirmal,Nirmal,15,Mamda,570418,0000,VILLAGE,Potharam,Rural,268,1066,513,553,109,57,52,125,65,60,8,3,5,398,254,144,668,259,409,604,284,320,603,283,320,522,242,280,50,23,27,3,0,3,28,18,10,1,1,0,0,0,0,0,0,0,0,0,0,1,1,0,1,1,0,0,0,0,0,0,0,0,0,0,1,1,0,0,0,0,0,0,0,0,0,0,0,0,0,0,0,0,462,229,233
04,91,Nirmal,Nirmal,15,Mamda,570419,0000,VILLAGE,Ananthpet,Rural,303,1182,565,617,114,67,47,17,6,11,115,57,58,447,262,185,735,303,432,792,355,437,735,341,394,638,298,340,57,18,39,4,3,1,36,22,14,57,14,43,0,0,0,37,11,26,5,0,5,15,3,12,57,14,43,0,0,0,37,11,26,5,0,5,15,3,12,0,0,0,0,0,0,0,0,0,0,0,0,0,0,0,390,210,180
04,91,Nirmal,Nirmal,15,Mamda,570420,0000,VILLAGE,Kotha Timbareni (R_C),Rural,19,72,32,40,6,4,2,2,0,2,3,1,2,35,17,18,37,15,22,55,25,30,55,25,30,38,22,16,12,2,10,5,1,4,0,0,0,0,0,0,0,0,0,0,0,0,0,0,0,0,0,0,0,0,0,0,0,0,0,0,0,0,0,0,0,0,0,0,0,0,0,0,0,0,0,0,0,0,0,0,0,0,17,7,10
04,91,Nirmal,Nirmal,15,Mamda,570421,0000,VILLAGE,Adarsanagar(R_C)Kothur,Rural,102,415,203,212,41,20,21,127,64,63,63,31,32,186,110,76,229,93,136,286,135,151,286,135,151,93,51,42,172,82,90,18,0,18,3,2,1,0,0,0,0,0,0,0,0,0,0,0,0,0,0,0,0,0,0,0,0,0,0,0,0,0,0,0,0,0,0,0,0,0,0,0,0,0,0,0,0,0,0,0,0,0,129,68,61
04,91,Nirmal,Nirmal,15,Mamda,570422,0000,VILLAGE,Kamalkot,Rural,388,1600,783,817,164,77,87,489,244,245,207,95,112,833,494,339,767,289,478,897,444,453,780,395,385,478,256,222,200,94,106,18,2,16,84,43,41,117,49,68,6,3,3,66,23,43,12,4,8,33,19,14,84,40,44,4,3,1,45,18,27,8,3,5,27,16,11,33,9,24,2,0,2,21,5,16,4,1,3,6,3,3,703,339,364
04,91,Nirmal,Nirmal,15,Mamda,570423,0000,VILLAGE,Ponkal,Rural,1302,5160,2495,2665,574,317,257,591,288,303,182,89,93,2339,1355,984,2821,1140,1681,3147,1503,1644,2767,1354,1413,1390,735,655,691,310,381,274,48,226,412,261,151,380,149,231,28,11,17,217,76,141,24,4,20,111,58,53,357,138,219,23,10,13,210,72,138,19,3,16,105,53,52,23,11,12,5,1,4,7,4,3,5,1,4,6,5,1,2013,992,1021
04,91,Nirmal,Nirmal,15,Mamda,570424,0000,VILLAGE,Naldurthi,Rural,253,941,463,478,91,38,53,148,78,70,182,86,96,393,242,151,548,221,327,574,290,284,545,275,270,357,202,155,165,64,101,12,4,8,11,5,6,29,15,14,2,1,1,22,11,11,1,1,0,4,2,2,29,15,14,2,1,1,22,11,11,1,1,0,4,2,2,0,0,0,0,0,0,0,0,0,0,0,0,0,0,0,367,173,194
04,91,Nirmal,Nirmal,15,Mamda,570425,0000,VILLAGE,Devathapur,Rural,14,54,23,31,13,6,7,0,0,0,54,23,31,14,9,5,40,14,26,32,13,19,29,13,16,17,8,9,6,3,3,2,1,1,4,1,3,3,0,3,0,0,0,1,0,1,0,0,0,2,0,2,3,0,3,0,0,0,1,0,1,0,0,0,2,0,2,0,0,0,0,0,0,0,0,0,0,0,0,0,0,0,22,10,12
04,91,Nirmal,Nirmal,15,Mamda,570426,0000,VILLAGE,Venkatapur,Rural,55,254,143,111,35,22,13,0,0,0,244,136,108,104,83,21,150,60,90,145,78,67,133,74,59,51,34,17,64,31,33,3,0,3,15,9,6,12,4,8,2,1,1,5,1,4,0,0,0,5,2,3,12,4,8,2,1,1,5,1,4,0,0,0,5,2,3,0,0,0,0,0,0,0,0,0,0,0,0,0,0,0,109,65,44
04,91,Nirmal,Nirmal,16,Pembi,570427,0000,VILLAGE,Paspula,Rural,424,2017,1016,1001,322,162,160,16,10,6,1695,858,837,765,495,270,1252,521,731,1266,639,627,1124,560,564,799,407,392,207,98,109,10,3,7,108,52,56,142,79,63,33,13,20,12,3,9,4,1,3,93,62,31,121,65,56,27,10,17,11,3,8,3,1,2,80,51,29,21,14,7,6,3,3,1,0,1,1,0,1,13,11,2,751,377,374
04,91,Nirmal,Nirmal,16,Pembi,570428,0000,VILLAGE,Itikyal,Rural,291,1260,649,611,162,78,84,198,98,100,726,372,354,629,399,230,631,250,381,806,410,396,637,328,309,559,290,269,21,11,10,0,0,0,57,27,30,169,82,87,35,16,19,3,3,0,2,1,1,129,62,67,167,81,86,35,16,19,3,3,0,2,1,1,127,61,66,2,1,1,0,0,0,0,0,0,0,0,0,2,1,1,454,239,215
04,91,Nirmal,Nirmal,16,Pembi,570429,0000,VILLAGE,Gummanuyenglapur,Rural,130,567,282,285,100,52,48,0,0,0,491,239,252,209,130,79,358,152,206,320,147,173,313,144,169,0,0,0,309,142,167,0,0,0,4,2,2,7,3,4,0,0,0,7,3,4,0,0,0,0,0,0,7,3,4,0,0,0,7,3,4,0,0,0,0,0,0,0,0,0,0,0,0,0,0,0,0,0,0,0,0,0,247,135,112
04,91,Nirmal,Nirmal,16,Pembi,570430,0000,VILLAGE,Dhomdari,Rural,44,202,92,110,33,12,21,0,0,0,201,91,110,45,25,20,157,67,90,142,66,76,95,52,43,85,51,34,2,1,1,7,0,7,1,0,1,47,14,33,5,1,4,13,6,7,16,0,16,13,7,6,39,12,27,4,1,3,12,5,7,11,0,11,12,6,6,8,2,6,1,0,1,1,1,0,5,0,5,1,1,0,60,26,34
04,91,Nirmal,Nirmal,16,Pembi,570431,0000,VILLAGE,Vaspalle,Rural,58,274,143,131,46,26,20,0,0,0,272,142,130,91,56,35,183,87,96,173,87,86,107,59,48,94,54,40,3,3,0,7,0,7,3,2,1,66,28,38,3,1,2,30,18,12,26,4,22,7,5,2,57,28,29,3,1,2,29,18,11,18,4,14,7,5,2,9,0,9,0,0,0,1,0,1,8,0,8,0,0,0,101,56,45
04,91,Nirmal,Nirmal,16,Pembi,570432,0000,VILLAGE,Shetpalle,Rural,267,1233,578,655,172,80,92,0,0,0,968,447,521,354,216,138,879,362,517,673,330,343,595,305,290,403,208,195,163,82,81,13,9,4,16,6,10,78,25,53,16,7,9,50,10,40,0,0,0,12,8,4,73,23,50,14,6,8,47,9,38,0,0,0,12,8,4,5,2,3,2,1,1,3,1,2,0,0,0,0,0,0,560,248,312
04,91,Nirmal,Nirmal,16,Pembi,570433,0000,VILLAGE,Kosagutta,Rural,71,384,199,185,46,21,25,0,0,0,384,199,185,226,136,90,158,63,95,162,78,84,150,72,78,6,3,3,139,66,73,0,0,0,5,3,2,12,6,6,0,0,0,5,3,2,1,1,0,6,2,4,12,6,6,0,0,0,5,3,2,1,1,0,6,2,4,0,0,0,0,0,0,0,0,0,0,0,0,0,0,0,222,121,101
04,91,Nirmal,Nirmal,16,Pembi,570434,0000,VILLAGE,Pembi,Rural,698,2905,1460,1445,334,166,168,438,213,225,555,304,251,1520,953,567,1385,507,878,1672,838,834,1446,771,675,235,159,76,869,421,448,61,30,31,281,161,120,226,67,159,11,2,9,91,33,58,57,1,56,67,31,36,217,65,152,9,1,8,91,33,58,55,1,54,62,30,32,9,2,7,2,1,1,0,0,0,2,0,2,5,1,4,1233,622,611
04,91,Nirmal,Nirmal,16,Pembi,570435,0000,VILLAGE,Venkampochampad,Rural,471,2218,1105,1113,364,186,178,0,0,0,2156,1079,1077,701,470,231,1517,635,882,1255,604,651,1119,575,544,652,438,214,344,82,262,41,18,23,82,37,45,136,29,107,8,4,4,97,16,81,8,2,6,23,7,16,132,27,105,8,4,4,95,16,79,6,0,6,23,7,16,4,2,2,0,0,0,2,0,2,2,2,0,0,0,0,963,501,462
04,91,Nirmal,Nirmal,16,Pembi,570436,0000,VILLAGE,Burugupalle,Rural,26,129,62,67,33,12,21,0,0,0,128,62,66,23,14,9,106,48,58,71,36,35,37,30,7,36,30,6,1,0,1,0,0,0,0,0,0,34,6,28,0,0,0,34,6,28,0,0,0,0,0,0,34,6,28,0,0,0,34,6,28,0,0,0,0,0,0,0,0,0,0,0,0,0,0,0,0,0,0,0,0,0,58,26,32
04,91,Nirmal,Nirmal,17,Khanapur,570437,0000,VILLAGE,Bevapur(R),Rural,264,1080,541,539,151,70,81,380,196,184,468,241,227,458,290,168,622,251,371,578,283,295,479,261,218,344,199,145,81,27,54,1,1,0,53,34,19,99,22,77,2,0,2,88,19,69,0,0,0,9,3,6,98,22,76,2,0,2,88,19,69,0,0,0,8,3,5,1,0,1,0,0,0,0,0,0,0,0,0,1,0,1,502,258,244
04,91,Nirmal,Nirmal,17,Khanapur,570438,0000,VILLAGE,Rajura,Rural,541,2321,1158,1163,224,111,113,352,180,172,375,187,188,1191,697,494,1130,461,669,1540,782,758,1459,746,713,600,353,247,502,253,249,306,112,194,51,28,23,81,36,45,5,2,3,9,4,5,17,12,5,50,18,32,81,36,45,5,2,3,9,4,5,17,12,5,50,18,32,0,0,0,0,0,0,0,0,0,0,0,0,0,0,0,781,376,405
04,91,Nirmal,Nirmal,16,Pembi,570439,0000,VILLAGE,Mandapalle,Rural,628,2330,1156,1174,234,124,110,338,161,177,229,110,119,1032,628,404,1298,528,770,1410,695,715,1305,664,641,763,410,353,417,175,242,44,17,27,81,62,19,105,31,74,6,2,4,43,16,27,37,1,36,19,12,7,50,19,31,3,1,2,28,9,19,7,1,6,12,8,4,55,12,43,3,1,2,15,7,8,30,0,30,7,4,3,920,461,459
04,91,Nirmal,Nirmal,17,Khanapur,570440,0000,VILLAGE,Ervachintal,Rural,277,1149,578,571,124,70,54,165,87,78,414,202,212,539,315,224,610,263,347,600,321,279,492,282,210,279,175,104,148,76,72,42,10,32,23,21,2,108,39,69,8,2,6,75,31,44,17,4,13,8,2,6,101,38,63,8,2,6,75,31,44,11,3,8,7,2,5,7,1,6,0,0,0,0,0,0,6,1,5,1,0,1,549,257,292
04,91,Nirmal,Nirmal,17,Khanapur,570441,0000,VILLAGE,Chamanpalle,Rural,131,559,281,278,57,29,28,1,1,0,264,134,130,265,153,112,294,128,166,362,189,173,1,0,1,0,0,0,1,0,1,0,0,0,0,0,0,361,189,172,11,7,4,344,179,165,5,2,3,1,1,0,353,185,168,11,7,4,336,175,161,5,2,3,1,1,0,8,4,4,0,0,0,8,4,4,0,0,0,0,0,0,197,92,105
04,91,Nirmal,Nirmal,17,Khanapur,570442,0000,VILLAGE,Beernandi,Rural,708,2717,1362,1355,271,149,122,438,218,220,686,341,345,1164,685,479,1553,677,876,1599,783,816,1567,769,798,694,398,296,598,250,348,149,21,128,126,100,26,32,14,18,2,2,0,7,3,4,16,7,9,7,2,5,18,8,10,2,2,0,7,3,4,2,1,1,7,2,5,14,6,8,0,0,0,0,0,0,14,6,8,0,0,0,1118,579,539
04,91,Nirmal,Nirmal,17,Khanapur,570443,0000,VILLAGE,Advisarangapur,Rural,58,265,142,123,27,16,11,0,0,0,252,135,117,96,60,36,169,82,87,152,80,72,91,48,43,73,38,35,16,8,8,0,0,0,2,2,0,61,32,29,5,2,3,56,30,26,0,0,0,0,0,0,59,31,28,5,2,3,54,29,25,0,0,0,0,0,0,2,1,1,0,0,0,2,1,1,0,0,0,0,0,0,113,62,51
04,91,Nirmal,Nirmal,16,Pembi,570444,0000,VILLAGE,Nagpur,Rural,92,384,181,203,43,17,26,0,0,0,0,0,0,123,76,47,261,105,156,250,123,127,245,121,124,183,93,90,62,28,34,0,0,0,0,0,0,5,2,3,0,0,0,3,1,2,0,0,0,2,1,1,5,2,3,0,0,0,3,1,2,0,0,0,2,1,1,0,0,0,0,0,0,0,0,0,0,0,0,0,0,0,134,58,76
04,91,Nirmal,Nirmal,17,Khanapur,570445,0000,VILLAGE,Iqbalpur,Rural,81,343,184,159,25,15,10,18,13,5,186,102,84,207,129,78,136,55,81,213,120,93,208,118,90,128,75,53,63,35,28,2,1,1,15,7,8,5,2,3,1,1,0,1,0,1,2,0,2,1,1,0,5,2,3,1,1,0,1,0,1,2,0,2,1,1,0,0,0,0,0,0,0,0,0,0,0,0,0,0,0,0,130,64,66
04,91,Nirmal,Nirmal,17,Khanapur,570446,0000,VILLAGE,Tarlapad,Rural,362,1393,693,700,160,81,79,251,131,120,109,49,60,634,389,245,759,304,455,820,416,404,632,360,272,283,192,91,256,130,126,60,11,49,33,27,6,188,56,132,5,1,4,162,46,116,16,6,10,5,3,2,187,56,131,5,1,4,161,46,115,16,6,10,5,3,2,1,0,1,0,0,0,1,0,1,0,0,0,0,0,0,573,277,296
04,91,Nirmal,Nirmal,17,Khanapur,570447,0000,VILLAGE,Sathnapalle,Rural,541,2270,1104,1166,257,134,123,254,127,127,725,350,375,1130,649,481,1140,455,685,1028,556,472,872,466,406,351,242,109,333,128,205,66,4,62,122,92,30,156,90,66,6,3,3,66,35,31,18,2,16,66,50,16,148,87,61,6,3,3,62,33,29,18,2,16,62,49,13,8,3,5,0,0,0,4,2,2,0,0,0,4,1,3,1242,548,694
04,91,Nirmal,Nirmal,17,Khanapur,570448,0000,VILLAGE,Patha Yellapur,Rural,1165,4610,2293,2317,519,264,255,1066,549,517,303,161,142,2208,1348,860,2402,945,1457,2591,1263,1328,1942,966,976,657,400,257,583,263,320,292,29,263,410,274,136,649,297,352,7,6,1,372,180,192,118,18,100,152,93,59,426,188,238,6,5,1,176,86,90,106,15,91,138,82,56,223,109,114,1,1,0,196,94,102,12,3,9,14,11,3,2019,1030,989
04,91,Nirmal,Nirmal,17,Khanapur,570449,0000,VILLAGE,Kothapet,Rural,122,478,233,245,48,21,27,129,58,71,0,0,0,261,160,101,217,73,144,284,139,145,237,125,112,79,51,28,78,33,45,24,2,22,56,39,17,47,14,33,1,1,0,24,7,17,1,0,1,21,6,15,40,10,30,1,1,0,22,5,17,1,0,1,16,4,12,7,4,3,0,0,0,2,2,0,0,0,0,5,2,3,194,94,100
04,91,Nirmal,Nirmal,17,Khanapur,570450,0000,VILLAGE,Dilwarpur,Rural,463,1881,912,969,177,92,85,498,235,263,3,1,2,1084,632,452,797,280,517,1006,488,518,922,432,490,320,212,108,224,106,118,228,19,209,150,95,55,84,56,28,0,0,0,71,52,19,5,1,4,8,3,5,78,51,27,0,0,0,66,48,18,4,0,4,8,3,5,6,5,1,0,0,0,5,4,1,1,1,0,0,0,0,875,424,451
04,91,Nirmal,Nirmal,17,Khanapur,570451,0000,VILLAGE,Bavapur(K),Rural,249,990,492,498,85,44,41,245,123,122,0,0,0,500,303,197,490,189,301,604,306,298,467,242,225,315,181,134,97,50,47,43,6,37,12,5,7,137,64,73,23,8,15,98,49,49,9,3,6,7,4,3,126,62,64,21,8,13,96,49,47,2,1,1,7,4,3,11,2,9,2,0,2,2,0,2,7,2,5,0,0,0,386,186,200
04,91,Nirmal,Nirmal,17,Khanapur,570452,0000,VILLAGE,Khanapur,Rural,1648,7081,3538,3543,704,366,338,1343,634,709,183,89,94,4617,2628,1989,2464,910,1554,3197,1805,1392,2302,1442,860,304,238,66,308,217,91,520,96,424,1170,891,279,895,363,532,27,19,8,374,167,207,192,41,151,302,136,166,872,350,522,25,17,8,370,166,204,188,40,148,289,127,162,23,13,10,2,2,0,4,1,3,4,1,3,13,9,4,3884,1733,2151
04,91,Nirmal,Nirmal,17,Khanapur,570453,0000,VILLAGE,Badankurthy,Rural,624,2594,1308,1286,227,123,104,374,187,187,9,4,5,1360,847,513,1234,461,773,1539,766,773,1469,732,737,589,327,262,394,223,171,171,27,144,315,155,160,70,34,36,22,13,9,22,9,13,5,0,5,21,12,9,58,27,31,20,11,9,16,6,10,4,0,4,18,10,8,12,7,5,2,2,0,6,3,3,1,0,1,3,2,1,1055,542,513
04,91,Nirmal,Nirmal,17,Khanapur,570454,0000,VILLAGE,Maskapur,Rural,515,2241,1074,1167,161,85,76,28,9,19,97,1,96,1445,791,654,796,283,513,1166,620,546,1140,610,530,403,287,116,310,170,140,256,25,231,171,128,43,26,10,16,0,0,0,5,0,5,4,0,4,17,10,7,25,10,15,0,0,0,4,0,4,4,0,4,17,10,7,1,0,1,0,0,0,1,0,1,0,0,0,0,0,0,1075,454,621
04,91,Nirmal,Nirmal,17,Khanapur,570455,0000,VILLAGE,Gangaipet,Rural,11,40,21,19,10,6,4,0,0,0,40,21,19,9,6,3,31,15,16,25,13,12,25,13,12,1,0,1,23,12,11,0,0,0,1,1,0,0,0,0,0,0,0,0,0,0,0,0,0,0,0,0,0,0,0,0,0,0,0,0,0,0,0,0,0,0,0,0,0,0,0,0,0,0,0,0,0,0,0,0,0,0,15,8,7
04,91,Nirmal,Nirmal,17,Khanapur,570456,0000,VILLAGE,Surjapur,Rural,548,2265,1127,1138,198,116,82,815,404,411,22,10,12,1197,715,482,1068,412,656,1286,631,655,1198,595,603,375,258,117,483,240,243,233,24,209,107,73,34,88,36,52,1,0,1,77,33,44,5,1,4,5,2,3,82,34,48,1,0,1,74,32,42,2,0,2,5,2,3,6,2,4,0,0,0,3,1,2,3,1,2,0,0,0,979,496,483
04,91,Nirmal,Nirmal,17,Khanapur,570457,0000,VILLAGE,Medampalle,Rural,80,319,156,163,30,23,7,0,0,0,221,111,110,115,68,47,204,88,116,216,94,122,214,94,120,192,87,105,19,6,13,0,0,0,3,1,2,2,0,2,0,0,0,0,0,0,0,0,0,2,0,2,1,0,1,0,0,0,0,0,0,0,0,0,1,0,1,1,0,1,0,0,0,0,0,0,0,0,0,1,0,1,103,62,41
04,91,Nirmal,Nirmal,17,Khanapur,570458,0001,WARD,Thimmapur,Urban,3063,13485,6847,6638,1327,678,649,1342,646,696,385,224,161,9128,5191,3937,4357,1656,2701,5728,3333,2395,4243,2669,1574,206,158,48,472,289,183,915,253,662,2650,1969,681,1485,664,821,16,8,8,316,168,148,412,113,299,741,375,366,1134,510,624,14,6,8,275,145,130,253,54,199,592,305,287,351,154,197,2,2,0,41,23,18,159,59,100,149,70,79,7757,3514,4243
04,92,Bhainsa,Nirmal,05,Bhainsa,802898,0001,WARD,Bhainsa,Urban,1662,6999,3527,3472,865,458,407,133,67,66,31,15,16,4245,2480,1765,2754,1047,1707,3334,1952,1382,2934,1750,1184,119,92,27,460,251,209,628,138,490,1727,1269,458,400,202,198,9,3,6,84,46,38,42,8,34,265,145,120,376,193,183,9,3,6,79,45,34,39,7,32,249,138,111,24,9,15,0,0,0,5,1,4,3,1,2,16,7,9,3665,1575,2090
04,91,Nirmal,Nirmal,11,Nirmal (U),802899,0001,WARD,Nirmal,Urban,6269,27565,13718,13847,3267,1686,1581,2432,1195,1237,746,370,376,18728,10213,8515,8837,3505,5332,11253,7196,4057,9540,6345,3195,202,169,33,304,190,114,1106,219,887,7928,5767,2161,1713,851,862,20,14,6,53,27,26,71,27,44,1569,783,786,1563,770,793,19,13,6,42,23,19,59,24,35,1443,710,733,150,81,69,1,1,0,11,4,7,12,3,9,126,73,53,16312,6522,9790
04,92,Bhainsa,Nirmal,05,Bhainsa,802898,0002,WARD,Bhainsa,Urban,1252,5592,2756,2836,660,327,333,520,260,260,86,46,40,3762,2026,1736,1830,730,1100,2244,1475,769,1873,1307,566,47,38,9,267,145,122,205,69,136,1354,1055,299,371,168,203,4,3,1,110,55,55,53,10,43,204,100,104,351,161,190,4,3,1,96,51,45,50,9,41,201,98,103,20,7,13,0,0,0,14,4,10,3,1,2,3,2,1,3348,1281,2067
04,91,Nirmal,Nirmal,11,Nirmal (U),802899,0002,WARD,Nirmal,Urban,4888,23474,11638,11836,2654,1388,1266,1181,571,610,153,72,81,15918,8724,7194,7556,2914,4642,9638,6034,3604,8042,5183,2859,71,62,9,328,246,82,1768,374,1394,5875,4501,1374,1596,851,745,12,6,6,99,70,29,148,53,95,1337,722,615,1504,786,718,12,6,6,85,62,23,131,48,83,1276,670,606,92,65,27,0,0,0,14,8,6,17,5,12,61,52,9,13836,5604,8232
04,92,Bhainsa,Nirmal,05,Bhainsa,802898,0003,WARD,Bhainsa,Urban,3645,17645,8790,8855,2408,1153,1255,860,430,430,43,19,24,10367,5623,4744,7278,3167,4111,6260,4264,1996,5022,3551,1471,243,177,66,530,331,199,617,136,481,3632,2907,725,1238,713,525,17,14,3,163,91,72,89,27,62,969,581,388,973,559,414,15,13,2,122,71,51,57,21,36,779,454,325,265,154,111,2,1,1,41,20,21,32,6,26,190,127,63,11385,4526,6859
04,91,Nirmal,Nirmal,11,Nirmal (U),802899,0003,WARD,Nirmal,Urban,4861,21960,10899,11061,2411,1244,1167,2082,1014,1068,170,87,83,14472,8154,6318,7488,2745,4743,9624,5709,3915,8692,5248,3444,31,26,5,248,180,68,1686,351,1335,6727,4691,2036,932,461,471,8,3,5,36,25,11,283,55,228,605,378,227,848,400,448,7,2,5,31,21,10,273,50,223,537,327,210,84,61,23,1,1,0,5,4,1,10,5,5,68,51,17,12336,5190,7146
04,92,Bhainsa,Nirmal,05,Bhainsa,802898,0004,WARD,Bhainsa,Urban,4048,19528,9980,9548,2720,1451,1269,3365,1675,1690,428,214,214,11718,6593,5125,7810,3387,4423,7834,4976,2858,6855,4465,2390,63,46,17,837,392,445,878,371,507,5077,3656,1421,979,511,468,13,7,6,285,137,148,120,28,92,561,339,222,861,451,410,13,7,6,272,128,144,101,26,75,475,290,185,118,60,58,0,0,0,13,9,4,19,2,17,86,49,37,11694,5004,6690
04,91,Nirmal,Nirmal,11,Nirmal (U),802899,0004,WARD,Nirmal,Urban,3280,15434,7798,7636,1971,997,974,587,289,298,246,134,112,10562,5783,4779,4872,2015,2857,5903,4048,1855,5481,3871,1610,37,35,2,99,67,32,556,82,474,4789,3687,1102,422,177,245,2,0,2,7,3,4,61,8,53,352,166,186,380,157,223,2,0,2,6,3,3,60,8,52,312,146,166,42,20,22,0,0,0,1,0,1,1,0,1,40,20,20,9531,3750,5781