DISTRICT_CODE,DIVISION_CODE,DIVISION_NAME,Name_District,Mandal_Code,Name_Mandal,Village_Code,Ward,Level1,VName,TRU,No_HH,TOT_P,TOT_M,TOT_F,P_06,M_06,F_06,P_SC,M_SC,F_SC,P_ST,M_ST,F_ST,P_LIT,M_LIT,F_LIT,P_ILL,M_ILL,F_ILL,TOT_WORK_P,TOT_WORK_M,TOT_WORK_F,MAINWORK_P,MAINWORK_M,MAINWORK_F,MAIN_CL_P,MAIN_CL_M,MAIN_CL_F,MAIN_AL_P,MAIN_AL_M,MAIN_AL_F,MAIN_HH_P,MAIN_HH_M,MAIN_HH_F,MAIN_OT_P,MAIN_OT_M,MAIN_OT_F,MARGWORK_P,MARGWORK_M,MARGWORK_F,MARG_CL_P,MARG_CL_M,MARG_CL_F,MARG_AL_P,MARG_AL_M,MARG_AL_F,MARG_HH_P,MARG_HH_M,MARG_HH_F,MARG_OT_P,MARG_OT_M,MARG_OT_F,MARGWORK_3_6_P,MARGWORK_3_6_M,MARGWORK_3_6_F,MARG_CL_3_6_P,MARG_CL_3_6_M,MARG_CL_3_6_F,MARG_AL_3_6_P,MARG_AL_3_6_M,MARG_AL_3_6_F,MARG_HH_3_6_P,MARG_HH_3_6_M,MARG_HH_3_6_F,MARG_OT_3_6_P,MARG_OT_3_6_M,MARG_OT_3_6_F,MARGWORK_0_3_P,MARGWORK_0_3_M,MARGWORK_0_3_F,MARG_CL_0_3_P,MARG_CL_0_3_M,MARG_CL_0_3_F,MARG_AL_0_3_P,MARG_AL_0_3_M,MARG_AL_0_3_F,MARG_HH_0_3_P,MARG_HH_0_3_M,MARG_HH_0_3_F,MARG_OT_0_3_P,MARG_OT_0_3_M,MARG_OT_0_3_F,NON_WORK_P,NON_WORK_M,NON_WORK_F
05,92,Bodhan,Nizamabad,15,Ranjal,570686,0000,VILLAGE,Neela,Rural,1684,7367,3692,3675,863,456,407,982,499,483,0,0,0,3830,2095,1735,3537,1597,1940,3520,2007,1513,2786,1599,1187,296,230,66,1211,771,440,505,57,448,774,541,233,734,408,326,9,6,3,531,311,220,84,13,71,110,78,32,705,393,312,7,4,3,520,304,216,79,11,68,99,74,25,29,15,14,2,2,0,11,7,4,5,2,3,11,4,7,3847,1685,2162
05,92,Bodhan,Nizamabad,15,Ranjal,570687,0000,VILLAGE,Kandakurthi,Rural,929,4563,2360,2203,682,357,325,266,135,131,33,17,16,2371,1338,1033,2192,1022,1170,1612,1179,433,1422,1040,382,341,281,60,768,558,210,83,11,72,230,190,40,190,139,51,42,36,6,92,71,21,16,5,11,40,27,13,174,132,42,42,36,6,83,68,15,14,4,10,35,24,11,16,7,9,0,0,0,9,3,6,2,1,1,5,3,2,2951,1181,1770
05,92,Bodhan,Nizamabad,15,Ranjal,570688,0000,VILLAGE,Boregaon,Rural,554,2327,1166,1161,296,166,130,292,149,143,4,2,2,1134,659,475,1193,507,686,1168,625,543,1145,617,528,488,371,117,499,199,300,41,4,37,117,43,74,23,8,15,2,1,1,14,7,7,1,0,1,6,0,6,18,6,12,2,1,1,11,5,6,1,0,1,4,0,4,5,2,3,0,0,0,3,2,1,0,0,0,2,0,2,1159,541,618
05,92,Bodhan,Nizamabad,15,Ranjal,570689,0000,VILLAGE,Satapur,Rural,913,4134,2077,2057,596,316,280,459,235,224,199,99,100,1988,1085,903,2146,992,1154,2150,1185,965,1948,1095,853,242,194,48,737,411,326,188,28,160,781,462,319,202,90,112,5,4,1,154,67,87,7,1,6,36,18,18,174,76,98,2,2,0,132,56,76,5,0,5,35,18,17,28,14,14,3,2,1,22,11,11,2,1,1,1,0,1,1984,892,1092
05,92,Bodhan,Nizamabad,15,Ranjal,570690,0000,VILLAGE,Ranjal,Rural,2100,8802,4360,4442,832,416,416,1421,721,700,303,154,149,5181,2891,2290,3621,1469,2152,4563,2458,2105,3782,2052,1730,465,383,82,1836,984,852,508,78,430,973,607,366,781,406,375,27,18,9,424,231,193,130,18,112,200,139,61,624,313,311,25,17,8,321,165,156,109,11,98,169,120,49,157,93,64,2,1,1,103,66,37,21,7,14,31,19,12,4239,1902,2337
05,92,Bodhan,Nizamabad,15,Ranjal,570691,0000,VILLAGE,Tadbiloli,Rural,805,3409,1672,1737,344,190,154,465,213,252,240,116,124,1666,943,723,1743,729,1014,1852,934,918,1510,779,731,578,378,200,432,213,219,288,60,228,212,128,84,342,155,187,2,2,0,247,144,103,79,2,77,14,7,7,257,149,108,2,2,0,239,142,97,8,2,6,8,3,5,85,6,79,0,0,0,8,2,6,71,0,71,6,4,2,1557,738,819
05,92,Bodhan,Nizamabad,15,Ranjal,570692,0000,VILLAGE,Bhagepalle,Rural,200,755,362,393,89,47,42,142,71,71,0,0,0,389,217,172,366,145,221,433,204,229,402,196,206,187,130,57,46,23,23,49,15,34,120,28,92,31,8,23,5,3,2,3,2,1,9,0,9,14,3,11,31,8,23,5,3,2,3,2,1,9,0,9,14,3,11,0,0,0,0,0,0,0,0,0,0,0,0,0,0,0,322,158,164
05,92,Bodhan,Nizamabad,15,Ranjal,570693,0000,VILLAGE,Kunepalle,Rural,371,1532,755,777,163,89,74,349,175,174,241,116,125,903,524,379,629,231,398,869,426,443,628,322,306,183,126,57,156,89,67,196,39,157,93,68,25,241,104,137,12,9,3,132,59,73,50,8,42,47,28,19,220,97,123,10,8,2,126,57,69,45,8,37,39,24,15,21,7,14,2,1,1,6,2,4,5,0,5,8,4,4,663,329,334
05,92,Bodhan,Nizamabad,15,Ranjal,570694,0000,VILLAGE,Kalyapur,Rural,581,2306,1142,1164,185,94,91,277,121,156,259,135,124,1258,723,535,1048,419,629,1181,637,544,1106,612,494,301,254,47,301,194,107,28,11,17,476,153,323,75,25,50,2,0,2,23,11,12,3,0,3,47,14,33,67,23,44,2,0,2,20,10,10,3,0,3,42,13,29,8,2,6,0,0,0,3,1,2,0,0,0,5,1,4,1125,505,620
05,92,Bodhan,Nizamabad,15,Ranjal,570695,0000,VILLAGE,Dupalle,Rural,939,3685,1817,1868,379,210,169,548,274,274,55,20,35,1858,1070,788,1827,747,1080,2032,1012,1020,1818,945,873,436,319,117,576,361,215,215,20,195,591,245,346,214,67,147,34,13,21,132,39,93,9,1,8,39,14,25,195,60,135,33,12,21,125,38,87,6,0,6,31,10,21,19,7,12,1,1,0,7,1,6,3,1,2,8,4,4,1653,805,848
05,91,Nizamabad,Nizamabad,01,Navipet,570696,0000,VILLAGE,Yamcha,Rural,349,1466,716,750,162,82,80,330,146,184,8,3,5,778,444,334,688,272,416,797,405,392,589,327,262,151,119,32,117,57,60,158,21,137,163,130,33,208,78,130,6,4,2,106,43,63,67,7,60,29,24,5,179,69,110,6,4,2,98,38,60,50,6,44,25,21,4,29,9,20,0,0,0,8,5,3,17,1,16,4,3,1,669,311,358
05,91,Nizamabad,Nizamabad,01,Navipet,570697,0000,VILLAGE,Alzapur,Rural,66,322,145,177,30,16,14,134,54,80,11,3,8,203,105,98,119,40,79,189,90,99,120,58,62,92,48,44,4,2,2,12,0,12,12,8,4,69,32,37,0,0,0,68,32,36,1,0,1,0,0,0,68,32,36,0,0,0,67,32,35,1,0,1,0,0,0,1,0,1,0,0,0,1,0,1,0,0,0,0,0,0,133,55,78
05,91,Nizamabad,Nizamabad,01,Navipet,570698,0000,VILLAGE,Nandigaon,Rural,375,1551,798,753,150,79,71,421,227,194,34,18,16,715,447,268,836,351,485,913,480,433,628,352,276,176,134,42,281,141,140,22,2,20,149,75,74,285,128,157,12,3,9,147,78,69,27,15,12,99,32,67,267,117,150,11,2,9,140,74,66,25,13,12,91,28,63,18,11,7,1,1,0,7,4,3,2,2,0,8,4,4,638,318,320
05,91,Nizamabad,Nizamabad,01,Navipet,570699,0000,VILLAGE,Binola,Rural,827,3260,1636,1624,279,146,133,517,258,259,46,26,20,1777,1027,750,1483,609,874,1730,905,825,974,541,433,193,160,33,373,232,141,89,23,66,319,126,193,756,364,392,38,18,20,395,238,157,74,16,58,249,92,157,725,354,371,37,18,19,385,235,150,64,15,49,239,86,153,31,10,21,1,0,1,10,3,7,10,1,9,10,6,4,1530,731,799
05,91,Nizamabad,Nizamabad,01,Navipet,570700,0000,VILLAGE,Tungini,Rural,166,687,352,335,61,35,26,5,2,3,2,1,1,361,223,138,326,129,197,359,193,166,238,127,111,36,30,6,175,84,91,10,2,8,17,11,6,121,66,55,18,16,2,83,43,40,10,1,9,10,6,4,121,66,55,18,16,2,83,43,40,10,1,9,10,6,4,0,0,0,0,0,0,0,0,0,0,0,0,0,0,0,328,159,169
05,91,Nizamabad,Nizamabad,01,Navipet,570701,0000,VILLAGE,Naleshwar,Rural,786,3116,1557,1559,247,130,117,389,185,204,0,0,0,1454,830,624,1662,727,935,1784,881,903,1409,698,711,459,350,109,467,194,273,342,36,306,141,118,23,375,183,192,6,5,1,322,156,166,20,8,12,27,14,13,370,181,189,6,5,1,319,154,165,18,8,10,27,14,13,5,2,3,0,0,0,3,2,1,2,0,2,0,0,0,1332,676,656
05,91,Nizamabad,Nizamabad,01,Navipet,570703,0000,VILLAGE,Nizampur,Rural,268,1077,517,560,92,52,40,348,168,180,0,0,0,498,279,219,579,238,341,616,302,314,595,296,299,162,106,56,343,166,177,50,0,50,40,24,16,21,6,15,2,0,2,8,4,4,0,0,0,11,2,9,19,6,13,2,0,2,8,4,4,0,0,0,9,2,7,2,0,2,0,0,0,0,0,0,0,0,0,2,0,2,461,215,246
05,91,Nizamabad,Nizamabad,01,Navipet,570704,0000,VILLAGE,Lingapur,Rural,272,1053,510,543,129,65,64,328,152,176,1,0,1,428,242,186,625,268,357,578,263,315,394,174,220,214,137,77,18,6,12,127,12,115,35,19,16,184,89,95,5,4,1,154,71,83,5,0,5,20,14,6,176,85,91,5,4,1,153,71,82,2,0,2,16,10,6,8,4,4,0,0,0,1,0,1,3,0,3,4,4,0,475,247,228
05,91,Nizamabad,Nizamabad,01,Navipet,570705,0000,VILLAGE,Shaikhapur,Rural,99,333,155,178,28,12,16,147,71,76,32,13,19,137,75,62,196,80,116,202,90,112,77,33,44,25,25,0,3,1,2,31,1,30,18,6,12,125,57,68,2,1,1,101,39,62,0,0,0,22,17,5,118,55,63,2,1,1,97,39,58,0,0,0,19,15,4,7,2,5,0,0,0,4,0,4,0,0,0,3,2,1,131,65,66
05,91,Nizamabad,Nizamabad,01,Navipet,570706,0000,VILLAGE,Shiranpalle,Rural,240,1026,509,517,102,55,47,292,137,155,100,54,46,524,309,215,502,200,302,537,270,267,528,265,263,125,95,30,222,118,104,128,14,114,53,38,15,9,5,4,1,1,0,6,3,3,0,0,0,2,1,1,5,3,2,1,1,0,3,2,1,0,0,0,1,0,1,4,2,2,0,0,0,3,1,2,0,0,0,1,1,0,489,239,250
05,91,Nizamabad,Nizamabad,01,Navipet,570707,0000,VILLAGE,Jannipalle,Rural,842,3082,1464,1618,281,131,150,524,241,283,30,13,17,1713,974,739,1369,490,879,1523,820,703,1177,639,538,224,193,31,264,177,87,332,37,295,357,232,125,346,181,165,13,7,6,219,115,104,26,4,22,88,55,33,327,171,156,11,7,4,207,108,99,25,4,21,84,52,32,19,10,9,2,0,2,12,7,5,1,0,1,4,3,1,1559,644,915
05,91,Nizamabad,Nizamabad,01,Navipet,570708,0000,VILLAGE,Pothangal,Rural,607,2410,1190,1220,254,122,132,463,222,241,658,344,314,1279,734,545,1131,456,675,1264,656,608,715,402,313,138,102,36,352,200,152,141,33,108,84,67,17,549,254,295,23,11,12,313,154,159,145,40,105,68,49,19,538,250,288,21,11,10,306,150,156,143,40,103,68,49,19,11,4,7,2,0,2,7,4,3,2,0,2,0,0,0,1146,534,612
05,91,Nizamabad,Nizamabad,01,Navipet,570709,0000,VILLAGE,Abbapur (B),Rural,271,1295,655,640,154,80,74,246,111,135,971,500,471,455,286,169,840,369,471,742,365,377,742,365,377,377,193,184,353,164,189,5,4,1,7,4,3,0,0,0,0,0,0,0,0,0,0,0,0,0,0,0,0,0,0,0,0,0,0,0,0,0,0,0,0,0,0,0,0,0,0,0,0,0,0,0,0,0,0,0,0,0,553,290,263
05,91,Nizamabad,Nizamabad,01,Navipet,570711,0000,VILLAGE,Maddepalle,Rural,305,1236,618,618,128,60,68,196,90,106,696,341,355,552,329,223,684,289,395,669,335,334,657,330,327,116,67,49,449,218,231,25,6,19,67,39,28,12,5,7,0,0,0,9,4,5,0,0,0,3,1,2,12,5,7,0,0,0,9,4,5,0,0,0,3,1,2,0,0,0,0,0,0,0,0,0,0,0,0,0,0,0,567,283,284
05,91,Nizamabad,Nizamabad,01,Navipet,570713,0000,VILLAGE,Mittapur,Rural,127,586,279,307,56,23,33,192,85,107,3,1,2,198,110,88,388,169,219,327,160,167,121,104,17,80,75,5,17,10,7,14,10,4,10,9,1,206,56,150,6,4,2,84,35,49,110,11,99,6,6,0,199,54,145,6,4,2,84,35,49,103,9,94,6,6,0,7,2,5,0,0,0,0,0,0,7,2,5,0,0,0,259,119,140
05,91,Nizamabad,Nizamabad,01,Navipet,570714,0000,VILLAGE,Kosli,Rural,718,3142,1540,1602,325,175,150,643,303,340,609,298,311,1644,919,725,1498,621,877,1682,869,813,1426,754,672,220,168,52,680,336,344,230,39,191,296,211,85,256,115,141,16,7,9,125,51,74,26,12,14,89,45,44,237,107,130,16,7,9,110,45,65,26,12,14,85,43,42,19,8,11,0,0,0,15,6,9,0,0,0,4,2,2,1460,671,789
05,91,Nizamabad,Nizamabad,01,Navipet,570715,0000,VILLAGE,Nagepur,Rural,644,2760,1325,1435,307,169,138,379,173,206,448,219,229,1431,797,634,1329,528,801,1433,739,694,1290,675,615,257,199,58,569,319,250,288,23,265,176,134,42,143,64,79,8,5,3,89,44,45,22,2,20,24,13,11,134,59,75,6,4,2,85,42,43,21,2,19,22,11,11,9,5,4,2,1,1,4,2,2,1,0,1,2,2,0,1327,586,741
05,91,Nizamabad,Nizamabad,01,Navipet,570716,0000,VILLAGE,Fathenagar,Rural,237,1097,500,597,152,64,88,142,66,76,0,0,0,633,308,325,464,192,272,355,281,74,279,224,55,82,77,5,136,97,39,8,5,3,53,45,8,76,57,19,3,2,1,17,8,9,0,0,0,56,47,9,68,51,17,3,2,1,15,7,8,0,0,0,50,42,8,8,6,2,0,0,0,2,1,1,0,0,0,6,5,1,742,219,523
05,91,Nizamabad,Nizamabad,01,Navipet,570717,0000,VILLAGE,Rampur,Rural,342,1377,690,687,128,67,61,649,318,331,132,68,64,850,475,375,527,215,312,697,392,305,566,325,241,118,96,22,315,171,144,56,1,55,77,57,20,131,67,64,12,7,5,90,45,45,8,0,8,21,15,6,116,64,52,12,7,5,78,42,36,6,0,6,20,15,5,15,3,12,0,0,0,12,3,9,2,0,2,1,0,1,680,298,382
05,91,Nizamabad,Nizamabad,01,Navipet,570718,0000,VILLAGE,Navipet,Rural,1938,8563,4230,4333,973,501,472,931,460,471,414,195,219,5129,2891,2238,3434,1339,2095,4015,2298,1717,3640,2146,1494,341,256,85,766,466,300,959,156,803,1574,1268,306,375,152,223,8,2,6,132,62,70,103,18,85,132,70,62,332,133,199,8,2,6,122,57,65,88,14,74,114,60,54,43,19,24,0,0,0,10,5,5,15,4,11,18,10,8,4548,1932,2616
05,91,Nizamabad,Nizamabad,01,Navipet,570719,0000,VILLAGE,Kamalapur,Rural,450,1749,885,864,170,99,71,555,268,287,98,46,52,944,572,372,805,313,492,917,523,394,853,487,366,158,134,24,636,332,304,25,2,23,34,19,15,64,36,28,2,1,1,25,9,16,21,13,8,16,13,3,61,35,26,2,1,1,23,9,14,21,13,8,15,12,3,3,1,2,0,0,0,2,0,2,0,0,0,1,1,0,832,362,470
05,91,Nizamabad,Nizamabad,01,Navipet,570720,0000,VILLAGE,Narayanpur,Rural,304,1201,574,627,103,51,52,280,128,152,59,27,32,592,353,239,609,221,388,563,308,255,439,221,218,100,91,9,191,91,100,108,2,106,40,37,3,124,87,37,1,1,0,103,75,28,4,0,4,16,11,5,122,86,36,1,1,0,102,75,27,4,0,4,15,10,5,2,1,1,0,0,0,1,0,1,0,0,0,1,1,0,638,266,372
05,91,Nizamabad,Nizamabad,01,Navipet,570721,0000,VILLAGE,Mokanpalle,Rural,544,2166,1035,1131,221,121,100,711,330,381,51,29,22,1207,649,558,959,386,573,1063,602,461,980,561,419,290,246,44,373,210,163,187,23,164,130,82,48,83,41,42,7,4,3,41,18,23,6,1,5,29,18,11,59,27,32,7,4,3,40,18,22,4,1,3,8,4,4,24,14,10,0,0,0,1,0,1,2,0,2,21,14,7,1103,433,670
05,91,Nizamabad,Nizamabad,01,Navipet,570722,0000,VILLAGE,Mahantham,Rural,234,953,481,472,45,29,16,358,191,167,212,103,109,592,341,251,361,140,221,559,275,284,513,257,256,29,19,10,279,178,101,130,15,115,75,45,30,46,18,28,2,1,1,21,9,12,7,0,7,16,8,8,43,18,25,2,1,1,19,9,10,6,0,6,16,8,8,3,0,3,0,0,0,2,0,2,1,0,1,0,0,0,394,206,188
05,91,Nizamabad,Nizamabad,01,Navipet,570723,0000,VILLAGE,Abhangapatnam,Rural,783,3336,1636,1700,383,200,183,941,489,452,338,150,188,1919,1093,826,1417,543,874,1604,893,711,1319,720,599,123,116,7,488,305,183,257,20,237,451,279,172,285,173,112,6,3,3,190,114,76,15,11,4,74,45,29,244,146,98,5,3,2,165,99,66,13,9,4,61,35,26,41,27,14,1,0,1,25,15,10,2,2,0,13,10,3,1732,743,989
05,91,Nizamabad,Nizamabad,01,Navipet,570724,0000,VILLAGE,Dharyapur,Rural,781,3389,1667,1722,418,207,211,311,145,166,151,70,81,1803,1040,763,1586,627,959,1702,915,787,1200,643,557,108,76,32,292,148,144,262,50,212,538,369,169,502,272,230,6,3,3,313,191,122,68,4,64,115,74,41,469,254,215,5,2,3,298,183,115,62,3,59,104,66,38,33,18,15,1,1,0,15,8,7,6,1,5,11,8,3,1687,752,935
05,91,Nizamabad,Nizamabad,01,Navipet,570725,0000,VILLAGE,Abbapur (M),Rural,286,1186,587,599,115,70,45,305,152,153,96,42,54,602,346,256,584,241,343,733,363,370,570,277,293,78,71,7,189,132,57,226,10,216,77,64,13,163,86,77,4,4,0,112,61,51,20,1,19,27,20,7,137,78,59,4,4,0,103,57,46,8,1,7,22,16,6,26,8,18,0,0,0,9,4,5,12,0,12,5,4,1,453,224,229
05,91,Nizamabad,Nizamabad,01,Navipet,570726,0000,VILLAGE,Dharmaram,Rural,182,698,381,317,78,42,36,132,64,68,0,0,0,382,249,133,316,132,184,370,198,172,344,187,157,20,16,4,214,124,90,66,14,52,44,33,11,26,11,15,0,0,0,14,10,4,4,0,4,8,1,7,26,11,15,0,0,0,14,10,4,4,0,4,8,1,7,0,0,0,0,0,0,0,0,0,0,0,0,0,0,0,328,183,145
05,91,Nizamabad,Nizamabad,01,Navipet,570727,0000,VILLAGE,Ananthagiri,Rural,262,1008,464,544,91,49,42,288,134,154,43,19,24,572,313,259,436,151,285,553,250,303,350,173,177,133,91,42,64,33,31,101,6,95,52,43,9,203,77,126,3,2,1,41,22,19,79,9,70,80,44,36,200,77,123,3,2,1,39,22,17,78,9,69,80,44,36,3,0,3,0,0,0,2,0,2,1,0,1,0,0,0,455,214,241
05,93,Armur,Nizamabad,02,Nandipet,570728,0000,VILLAGE,Ummeda,Rural,509,1962,945,1017,178,99,79,371,177,194,51,28,23,900,521,379,1062,424,638,1313,613,700,1304,607,697,289,223,66,647,307,340,264,24,240,104,53,51,9,6,3,3,1,2,1,1,0,1,0,1,4,4,0,8,6,2,3,1,2,1,1,0,0,0,0,4,4,0,1,0,1,0,0,0,0,0,0,1,0,1,0,0,0,649,332,317
05,93,Armur,Nizamabad,02,Nandipet,570729,0000,VILLAGE,Badgoni,Rural,518,1875,874,1001,176,79,97,388,177,211,27,9,18,898,525,373,977,349,628,1083,505,578,950,439,511,309,147,162,205,118,87,286,44,242,150,130,20,133,66,67,15,11,4,78,37,41,22,2,20,18,16,2,90,41,49,14,10,4,43,16,27,18,2,16,15,13,2,43,25,18,1,1,0,35,21,14,4,0,4,3,3,0,792,369,423
05,93,Armur,Nizamabad,31,Donkeshwar,570730,0000,VILLAGE,Nikalpur,Rural,529,2024,977,1047,181,93,88,414,193,221,228,103,125,1024,612,412,1000,365,635,1208,577,631,1136,550,586,392,252,140,316,173,143,299,20,279,129,105,24,72,27,45,9,4,5,25,17,8,31,0,31,7,6,1,21,9,12,2,0,2,6,5,1,9,0,9,4,4,0,51,18,33,7,4,3,19,12,7,22,0,22,3,2,1,816,400,416
05,93,Armur,Nizamabad,31,Donkeshwar,570731,0000,VILLAGE,Donkeshwar,Rural,961,3732,1786,1946,349,186,163,481,233,248,214,98,116,1986,1146,840,1746,640,1106,2193,1027,1166,1901,897,1004,429,251,178,516,275,241,574,88,486,382,283,99,292,130,162,24,16,8,147,75,72,81,10,71,40,29,11,122,59,63,20,15,5,51,26,25,28,1,27,23,17,6,170,71,99,4,1,3,96,49,47,53,9,44,17,12,5,1539,759,780
05,93,Armur,Nizamabad,31,Donkeshwar,570732,0000,VILLAGE,Annaram,Rural,339,1258,597,661,136,75,61,410,187,223,62,38,24,640,372,268,618,225,393,712,331,381,663,314,349,126,80,46,207,125,82,205,7,198,125,102,23,49,17,32,1,0,1,13,9,4,22,0,22,13,8,5,19,6,13,1,0,1,5,3,2,9,0,9,4,3,1,30,11,19,0,0,0,8,6,2,13,0,13,9,5,4,546,266,280
05,93,Armur,Nizamabad,31,Donkeshwar,570733,0000,VILLAGE,Sirpur,Rural,323,1238,616,622,129,62,67,426,220,206,40,19,21,595,353,242,643,263,380,732,350,382,673,327,346,148,77,71,192,114,78,200,22,178,133,114,19,59,23,36,3,0,3,29,18,11,17,0,17,10,5,5,57,22,35,3,0,3,29,18,11,16,0,16,9,4,5,2,1,1,0,0,0,0,0,0,1,0,1,1,1,0,506,266,240
05,93,Armur,Nizamabad,31,Donkeshwar,570734,0000,VILLAGE,Narkodh,Rural,492,1843,888,955,194,109,85,280,122,158,109,55,54,927,529,398,916,359,557,1068,510,558,979,466,513,226,140,86,341,179,162,303,53,250,109,94,15,89,44,45,8,5,3,39,21,18,22,0,22,20,18,2,86,42,44,8,5,3,37,20,17,22,0,22,19,17,2,3,2,1,0,0,0,2,1,1,0,0,0,1,1,0,775,378,397
05,93,Armur,Nizamabad,31,Donkeshwar,570735,0000,VILLAGE,Gadepalle,Rural,290,1069,517,552,104,52,52,110,48,62,121,59,62,564,340,224,505,177,328,603,302,301,536,271,265,144,78,66,185,98,87,113,22,91,94,73,21,67,31,36,1,1,0,12,5,7,24,6,18,30,19,11,65,30,35,1,1,0,12,5,7,23,5,18,29,19,10,2,1,1,0,0,0,0,0,0,1,1,0,1,0,1,466,215,251
05,93,Armur,Nizamabad,31,Donkeshwar,570738,0000,VILLAGE,Noothpalle,Rural,753,2913,1390,1523,297,148,149,581,278,303,128,62,66,1474,864,610,1439,526,913,1624,796,828,1420,721,699,325,190,135,523,278,245,336,70,266,236,183,53,204,75,129,5,2,3,36,18,18,84,4,80,79,51,28,197,73,124,5,2,3,36,18,18,82,4,78,74,49,25,7,2,5,0,0,0,0,0,0,2,0,2,5,2,3,1289,594,695
05,93,Armur,Nizamabad,31,Donkeshwar,570739,0000,VILLAGE,Gangasamundar,Rural,227,841,406,435,98,48,50,187,96,91,33,15,18,453,264,189,388,142,246,473,239,234,461,230,231,233,114,119,128,75,53,52,4,48,48,37,11,12,9,3,5,3,2,3,2,1,1,1,0,3,3,0,12,9,3,5,3,2,3,2,1,1,1,0,3,3,0,0,0,0,0,0,0,0,0,0,0,0,0,0,0,0,368,167,201
05,93,Armur,Nizamabad,31,Donkeshwar,570740,0000,VILLAGE,Marampalle,Rural,623,2257,1062,1195,231,120,111,498,236,262,51,24,27,1188,680,508,1069,382,687,1261,570,691,1222,552,670,255,151,104,420,212,208,372,45,327,175,144,31,39,18,21,5,4,1,7,4,3,16,4,12,11,6,5,28,14,14,2,1,1,5,4,1,11,3,8,10,6,4,11,4,7,3,3,0,2,0,2,5,1,4,1,0,1,996,492,504
05,93,Armur,Nizamabad,31,Donkeshwar,570741,0000,VILLAGE,Dattapur,Rural,390,1537,710,827,176,93,83,352,155,197,429,200,229,680,388,292,857,322,535,829,380,449,808,370,438,327,190,137,182,82,100,194,10,184,105,88,17,21,10,11,1,1,0,4,2,2,7,2,5,9,5,4,21,10,11,1,1,0,4,2,2,7,2,5,9,5,4,0,0,0,0,0,0,0,0,0,0,0,0,0,0,0,708,330,378
05,93,Armur,Nizamabad,02,Nandipet,570742,0000,VILLAGE,Shahpur,Rural,498,1652,756,896,159,81,78,409,192,217,100,47,53,724,415,309,928,341,587,918,425,493,906,421,485,145,124,21,409,211,198,282,28,254,70,58,12,12,4,8,1,0,1,5,2,3,3,1,2,3,1,2,12,4,8,1,0,1,5,2,3,3,1,2,3,1,2,0,0,0,0,0,0,0,0,0,0,0,0,0,0,0,734,331,403
05,93,Armur,Nizamabad,31,Donkeshwar,570743,0000,VILLAGE,Komatpalle,Rural,152,592,260,332,68,34,34,140,61,79,32,15,17,269,137,132,323,123,200,321,129,192,319,127,192,125,70,55,97,35,62,68,2,66,29,20,9,2,2,0,0,0,0,0,0,0,0,0,0,2,2,0,2,2,0,0,0,0,0,0,0,0,0,0,2,2,0,0,0,0,0,0,0,0,0,0,0,0,0,0,0,0,271,131,140
05,93,Armur,Nizamabad,02,Nandipet,570744,0000,VILLAGE,Mayapur,Rural,183,734,341,393,66,36,30,130,58,72,66,26,40,343,196,147,391,145,246,436,187,249,277,127,150,167,102,65,18,5,13,71,5,66,21,15,6,159,60,99,63,36,27,21,6,15,50,5,45,25,13,12,135,51,84,54,31,23,17,5,12,40,3,37,24,12,12,24,9,15,9,5,4,4,1,3,10,2,8,1,1,0,298,154,144
05,93,Armur,Nizamabad,02,Nandipet,570745,0000,VILLAGE,C_H_Kondoor,Rural,656,2628,1276,1352,247,132,115,430,179,251,99,43,56,1333,781,552,1295,495,800,1447,694,753,1168,595,573,393,310,83,159,84,75,450,56,394,166,145,21,279,99,180,15,9,6,47,36,11,172,24,148,45,30,15,201,41,160,14,9,5,7,2,5,160,13,147,20,17,3,78,58,20,1,0,1,40,34,6,12,11,1,25,13,12,1181,582,599
05,93,Armur,Nizamabad,02,Nandipet,570746,0000,VILLAGE,Talveda,Rural,878,3513,1653,1860,359,181,178,561,261,300,4,1,3,1637,920,717,1876,733,1143,1953,925,1028,1810,860,950,545,322,223,552,280,272,379,22,357,334,236,98,143,65,78,9,4,5,45,26,19,33,8,25,56,27,29,89,43,46,8,3,5,39,21,18,19,3,16,23,16,7,54,22,32,1,1,0,6,5,1,14,5,9,33,11,22,1560,728,832
05,93,Armur,Nizamabad,02,Nandipet,570747,0000,VILLAGE,Kamtam,Rural,564,2144,1019,1125,183,98,85,650,319,331,26,12,14,1072,630,442,1072,389,683,1205,554,651,1157,539,618,352,212,140,480,248,232,236,24,212,89,55,34,48,15,33,3,1,2,23,9,14,13,2,11,9,3,6,45,15,30,3,1,2,22,9,13,12,2,10,8,3,5,3,0,3,0,0,0,1,0,1,1,0,1,1,0,1,939,465,474
05,93,Armur,Nizamabad,02,Nandipet,570748,0000,VILLAGE,Ailapur,Rural,776,3018,1466,1552,251,132,119,402,195,207,253,122,131,1717,1009,708,1301,457,844,1738,854,884,1570,792,778,241,202,39,496,285,211,504,24,480,329,281,48,168,62,106,9,5,4,47,28,19,85,10,75,27,19,8,161,58,103,9,5,4,41,24,17,84,10,74,27,19,8,7,4,3,0,0,0,6,4,2,1,0,1,0,0,0,1280,612,668
05,93,Armur,Nizamabad,02,Nandipet,570749,0000,VILLAGE,Mallaram,Rural,121,497,257,240,59,32,27,116,58,58,27,15,12,231,146,85,266,111,155,281,144,137,281,144,137,47,37,10,122,89,33,94,4,90,18,14,4,0,0,0,0,0,0,0,0,0,0,0,0,0,0,0,0,0,0,0,0,0,0,0,0,0,0,0,0,0,0,0,0,0,0,0,0,0,0,0,0,0,0,0,0,0,216,113,103
05,93,Armur,Nizamabad,02,Nandipet,570750,0000,VILLAGE,Chimrajpalle,Rural,340,1347,614,733,106,55,51,214,86,128,127,62,65,650,365,285,697,249,448,753,347,406,724,340,384,253,160,93,284,112,172,118,11,107,69,57,12,29,7,22,2,1,1,9,2,7,8,3,5,10,1,9,23,6,17,2,1,1,9,2,7,6,2,4,6,1,5,6,1,5,0,0,0,0,0,0,2,1,1,4,0,4,594,267,327
05,93,Armur,Nizamabad,02,Nandipet,570751,0000,VILLAGE,Lakkampalle,Rural,295,1137,517,620,118,60,58,399,187,212,37,15,22,474,254,220,663,263,400,628,261,367,616,255,361,137,95,42,208,83,125,185,9,176,86,68,18,12,6,6,1,1,0,4,2,2,3,0,3,4,3,1,11,6,5,1,1,0,4,2,2,2,0,2,4,3,1,1,0,1,0,0,0,0,0,0,1,0,1,0,0,0,509,256,253
05,93,Armur,Nizamabad,02,Nandipet,570752,0000,VILLAGE,Bazarkothur,Rural,342,1240,578,662,119,62,57,128,49,79,274,133,141,658,397,261,582,181,401,695,311,384,683,305,378,82,56,26,209,115,94,248,16,232,144,118,26,12,6,6,1,1,0,3,0,3,0,0,0,8,5,3,12,6,6,1,1,0,3,0,3,0,0,0,8,5,3,0,0,0,0,0,0,0,0,0,0,0,0,0,0,0,545,267,278
05,93,Armur,Nizamabad,02,Nandipet,570753,0000,VILLAGE,Nandipet,Rural,2891,11525,5658,5867,1258,632,626,952,452,500,385,183,202,6751,3842,2909,4774,1816,2958,5569,2934,2635,5332,2809,2523,593,422,171,993,584,409,1767,299,1468,1979,1504,475,237,125,112,14,12,2,51,24,27,70,19,51,102,70,32,222,116,106,13,12,1,49,22,27,64,16,48,96,66,30,15,9,6,1,0,1,2,2,0,6,3,3,6,4,2,5956,2724,3232
05,93,Armur,Nizamabad,02,Nandipet,570754,0000,VILLAGE,Velmal,Rural,2420,9000,4292,4708,924,475,449,1455,685,770,523,241,282,4633,2613,2020,4367,1679,2688,4812,2405,2407,4471,2295,2176,1366,923,443,1708,798,910,665,69,596,732,505,227,341,110,231,18,8,10,107,45,62,156,15,141,60,42,18,311,102,209,16,8,8,100,42,58,143,14,129,52,38,14,30,8,22,2,0,2,7,3,4,13,1,12,8,4,4,4188,1887,2301
05,93,Armur,Nizamabad,02,Nandipet,570755,0000,VILLAGE,Joorpur,Rural,68,234,104,130,19,6,13,152,69,83,23,10,13,105,59,46,129,45,84,142,64,78,135,59,76,46,29,17,56,26,30,18,1,17,15,3,12,7,5,2,0,0,0,2,2,0,4,3,1,1,0,1,7,5,2,0,0,0,2,2,0,4,3,1,1,0,1,0,0,0,0,0,0,0,0,0,0,0,0,0,0,0,92,40,52
05,93,Armur,Nizamabad,02,Nandipet,570756,0000,VILLAGE,Khudavandapur,Rural,882,3489,1683,1806,343,172,171,598,283,315,154,74,80,1735,1023,712,1754,660,1094,1882,870,1012,1525,658,867,379,252,127,188,104,84,592,22,570,366,280,86,357,212,145,22,15,7,246,147,99,23,9,14,66,41,25,346,207,139,22,15,7,242,144,98,22,9,13,60,39,21,11,5,6,0,0,0,4,3,1,1,0,1,6,2,4,1607,813,794
05,93,Armur,Nizamabad,31,Donkeshwar,570757,0000,VILLAGE,Tondakur,Rural,357,1284,601,683,105,59,46,200,95,105,0,0,0,650,361,289,634,240,394,773,349,424,550,244,306,154,113,41,119,66,53,226,28,198,51,37,14,223,105,118,12,8,4,102,58,44,62,7,55,47,32,15,208,98,110,12,8,4,92,53,39,57,5,52,47,32,15,15,7,8,0,0,0,10,5,5,5,2,3,0,0,0,511,252,259
05,93,Armur,Nizamabad,02,Nandipet,570758,0000,VILLAGE,Vannel(Khurd),Rural,639,2529,1174,1355,243,123,120,518,242,276,53,28,25,1329,758,571,1200,416,784,1393,641,752,1273,621,652,346,187,159,479,278,201,264,35,229,184,121,63,120,20,100,9,5,4,46,7,39,40,1,39,25,7,18,76,18,58,7,4,3,33,7,26,16,1,15,20,6,14,44,2,42,2,1,1,13,0,13,24,0,24,5,1,4,1136,533,603
05,93,Armur,Nizamabad,02,Nandipet,570759,0000,VILLAGE,Siddapur,Rural,391,1486,737,749,137,75,62,281,136,145,53,28,25,735,450,285,751,287,464,781,371,410,614,313,301,221,121,100,305,137,168,23,4,19,65,51,14,167,58,109,2,1,1,65,38,27,83,9,74,17,10,7,130,39,91,2,1,1,35,21,14,76,7,69,17,10,7,37,19,18,0,0,0,30,17,13,7,2,5,0,0,0,705,366,339
05,93,Armur,Nizamabad,30,Aloor,570760,0000,VILLAGE,Macherla,Rural,1030,3937,1878,2059,358,176,182,955,444,511,74,35,39,2096,1250,846,1841,628,1213,2175,1030,1145,1172,611,561,752,393,359,155,84,71,101,21,80,164,113,51,1003,419,584,9,7,2,540,265,275,369,86,283,85,61,24,950,391,559,6,4,2,510,254,256,364,83,281,70,50,20,53,28,25,3,3,0,30,11,19,5,3,2,15,11,4,1762,848,914
05,93,Armur,Nizamabad,30,Aloor,570761,0000,VILLAGE,Degaon,Rural,841,3129,1482,1647,305,147,158,733,327,406,194,83,111,1683,932,751,1446,550,896,1849,859,990,1806,838,968,537,312,225,447,199,248,451,25,426,371,302,69,43,21,22,5,3,2,9,4,5,13,2,11,16,12,4,34,17,17,4,2,2,6,3,3,10,2,8,14,10,4,9,4,5,1,1,0,3,1,2,3,0,3,2,2,0,1280,623,657
05,93,Armur,Nizamabad,03,Armur,570762,0000,VILLAGE,Amdapur,Rural,340,1242,596,646,89,54,35,470,225,245,173,82,91,678,411,267,564,185,379,749,365,384,723,351,372,241,140,101,252,134,118,135,6,129,95,71,24,26,14,12,2,1,1,19,11,8,3,1,2,2,1,1,24,13,11,2,1,1,18,10,8,2,1,1,2,1,1,2,1,1,0,0,0,1,1,0,1,0,1,0,0,0,493,231,262
05,93,Armur,Nizamabad,03,Armur,570763,0000,VILLAGE,Magidi,Rural,494,2104,1005,1099,200,101,99,523,239,284,108,57,51,1114,644,470,990,361,629,1187,560,627,888,483,405,241,157,84,359,216,143,219,56,163,69,54,15,299,77,222,14,3,11,85,38,47,178,23,155,22,13,9,239,61,178,7,2,5,65,30,35,151,21,130,16,8,8,60,16,44,7,1,6,20,8,12,27,2,25,6,5,1,917,445,472
05,93,Armur,Nizamabad,03,Armur,570765,0000,VILLAGE,Komanpalle,Rural,396,1482,692,790,127,63,64,458,219,239,151,71,80,740,411,329,742,281,461,748,381,367,415,268,147,190,123,67,100,58,42,40,8,32,85,79,6,333,113,220,12,10,2,207,92,115,91,2,89,23,9,14,227,97,130,10,10,0,181,81,100,27,1,26,9,5,4,106,16,90,2,0,2,26,11,15,64,1,63,14,4,10,734,311,423
05,93,Armur,Nizamabad,03,Armur,570766,0000,VILLAGE,Khanapur,Rural,385,1303,604,699,123,55,68,303,135,168,243,116,127,648,369,279,655,235,420,712,337,375,701,333,368,180,114,66,271,148,123,201,28,173,49,43,6,11,4,7,0,0,0,0,0,0,8,3,5,3,1,2,11,4,7,0,0,0,0,0,0,8,3,5,3,1,2,0,0,0,0,0,0,0,0,0,0,0,0,0,0,0,591,267,324
05,93,Armur,Nizamabad,03,Armur,570767,0000,VILLAGE,Surabiryal,Rural,749,2923,1402,1521,331,156,175,803,376,427,333,142,191,1576,921,655,1347,481,866,1738,832,906,1452,759,693,371,205,166,639,364,275,242,30,212,200,160,40,286,73,213,29,7,22,130,47,83,93,2,91,34,17,17,278,69,209,28,7,21,125,44,81,92,1,91,33,17,16,8,4,4,1,0,1,5,3,2,1,1,0,1,0,1,1185,570,615
05,93,Armur,Nizamabad,03,Armur,570768,0000,VILLAGE,Fathepur,Rural,734,2870,1418,1452,245,116,129,400,192,208,211,94,117,1639,958,681,1231,460,771,1617,785,832,1404,696,708,491,301,190,399,213,186,233,24,209,281,158,123,213,89,124,18,5,13,134,73,61,50,7,43,11,4,7,207,86,121,18,5,13,131,72,59,48,5,43,10,4,6,6,3,3,0,0,0,3,1,2,2,2,0,1,0,1,1253,633,620
05,93,Armur,Nizamabad,03,Armur,570769,0000,VILLAGE,Pipri,Rural,1424,6004,3165,2839,508,275,233,1399,851,548,251,125,126,3412,2191,1221,2592,974,1618,3344,1608,1736,2750,1365,1385,1013,570,443,679,420,259,693,118,575,365,257,108,594,243,351,15,8,7,281,143,138,163,22,141,135,70,65,576,237,339,15,8,7,272,142,130,163,22,141,126,65,61,18,6,12,0,0,0,9,1,8,0,0,0,9,5,4,2660,1557,1103
05,93,Armur,Nizamabad,03,Armur,570770,0000,VILLAGE,Manthani,Rural,856,3128,1472,1656,280,141,139,586,266,320,75,36,39,1662,947,715,1466,525,941,1809,847,962,1770,830,940,476,275,201,478,225,253,460,21,439,356,309,47,39,17,22,11,3,8,16,8,8,6,0,6,6,6,0,28,12,16,8,3,5,11,4,7,4,0,4,5,5,0,11,5,6,3,0,3,5,4,1,2,0,2,1,1,0,1319,625,694
05,93,Armur,Nizamabad,30,Aloor,570771,0000,VILLAGE,Merdhapalle,Rural,518,1855,875,980,164,89,75,489,227,262,115,51,64,882,494,388,973,381,592,1109,502,607,1104,501,603,455,241,214,348,181,167,230,19,211,71,60,11,5,1,4,0,0,0,2,1,1,3,0,3,0,0,0,4,1,3,0,0,0,2,1,1,2,0,2,0,0,0,1,0,1,0,0,0,0,0,0,1,0,1,0,0,0,746,373,373
05,93,Armur,Nizamabad,30,Aloor,570772,0000,VILLAGE,Aloor,Rural,1697,6594,3159,3435,621,342,279,1199,574,625,283,133,150,3663,2072,1591,2931,1087,1844,3726,1775,1951,3464,1656,1808,765,430,335,1020,575,445,935,98,837,744,553,191,262,119,143,42,10,32,110,62,48,46,5,41,64,42,22,246,111,135,41,10,31,101,58,43,45,5,40,59,38,21,16,8,8,1,0,1,9,4,5,1,0,1,5,4,1,2868,1384,1484
05,93,Armur,Nizamabad,30,Aloor,570773,0000,VILLAGE,Gaggupalle,Rural,333,1340,652,688,128,59,69,480,233,247,13,3,10,708,409,299,632,243,389,777,402,375,615,343,272,194,155,39,69,43,26,169,12,157,183,133,50,162,59,103,2,1,1,120,42,78,20,1,19,20,15,5,161,59,102,2,1,1,119,42,77,20,1,19,20,15,5,1,0,1,0,0,0,1,0,1,0,0,0,0,0,0,563,250,313
05,93,Armur,Nizamabad,03,Armur,570774,0000,VILLAGE,Rampur,Rural,139,548,282,266,47,23,24,338,173,165,25,13,12,346,205,141,202,77,125,315,151,164,310,150,160,146,80,66,75,38,37,42,4,38,47,28,19,5,1,4,2,0,2,2,0,2,0,0,0,1,1,0,5,1,4,2,0,2,2,0,2,0,0,0,1,1,0,0,0,0,0,0,0,0,0,0,0,0,0,0,0,0,233,131,102
05,93,Armur,Nizamabad,03,Armur,570775,0000,VILLAGE,Issapalle,Rural,751,2793,1353,1440,269,138,131,645,303,342,34,19,15,1451,822,629,1342,531,811,1616,768,848,1426,675,751,584,381,203,156,75,81,508,84,424,178,135,43,190,93,97,11,8,3,128,70,58,32,2,30,19,13,6,182,88,94,11,8,3,122,66,56,30,1,29,19,13,6,8,5,3,0,0,0,6,4,2,2,1,1,0,0,0,1177,585,592
05,93,Armur,Nizamabad,03,Armur,570776,0000,VILLAGE,Ankapur,Rural,1451,5689,2693,2996,498,242,256,1040,474,566,138,60,78,3233,1818,1415,2456,875,1581,3154,1524,1630,2979,1445,1534,758,369,389,1154,592,562,529,79,450,538,405,133,175,79,96,6,2,4,43,21,22,83,25,58,43,31,12,156,66,90,5,1,4,41,21,20,76,21,55,34,23,11,19,13,6,1,1,0,2,0,2,7,4,3,9,8,1,2535,1169,1366
05,93,Armur,Nizamabad,03,Armur,570777,0000,VILLAGE,Chepur,Rural,921,3829,1842,1987,359,194,165,1365,656,709,219,104,115,2217,1249,968,1612,593,1019,2253,1047,1206,1785,846,939,307,192,115,563,373,190,609,23,586,306,258,48,468,201,267,1,1,0,378,179,199,58,3,55,31,18,13,444,194,250,1,1,0,366,174,192,48,2,46,29,17,12,24,7,17,0,0,0,12,5,7,10,1,9,2,1,1,1576,795,781
05,93,Armur,Nizamabad,03,Armur,570778,0000,VILLAGE,Kothaarmur,Rural,818,3229,1595,1634,299,154,145,368,182,186,70,40,30,2078,1188,890,1151,407,744,1703,857,846,1584,804,780,147,92,55,151,79,72,559,49,510,727,584,143,119,53,66,14,5,9,22,11,11,10,2,8,73,35,38,64,34,30,10,4,6,20,10,10,7,2,5,27,18,9,55,19,36,4,1,3,2,1,1,3,0,3,46,17,29,1526,738,788
05,93,Armur,Nizamabad,03,Armur,570779,0000,VILLAGE,Govindpet,Rural,1006,3965,1913,2052,337,168,169,836,403,433,146,65,81,2284,1348,936,1681,565,1116,2185,1077,1108,1744,858,886,621,364,257,303,145,158,386,58,328,434,291,143,441,219,222,4,1,3,221,108,113,72,16,56,144,94,50,422,207,215,4,1,3,215,105,110,71,16,55,132,85,47,19,12,7,0,0,0,6,3,3,1,0,1,12,9,3,1780,836,944
05,93,Armur,Nizamabad,06,Mendora,570782,0000,VILLAGE,Doodgaon,Rural,1173,5117,2421,2696,506,264,242,698,345,353,296,138,158,2848,1515,1333,2269,906,1363,2386,1170,1216,2100,1030,1070,625,421,204,428,237,191,633,67,566,414,305,109,286,140,146,29,16,13,91,39,52,59,10,49,107,75,32,272,137,135,29,16,13,85,37,48,55,10,45,103,74,29,14,3,11,0,0,0,6,2,4,4,0,4,4,1,3,2731,1251,1480
05,93,Armur,Nizamabad,06,Mendora,570783,0000,VILLAGE,Chakeriyal,Rural,454,1658,787,871,180,86,94,258,131,127,197,93,104,750,433,317,908,354,554,1028,477,551,1027,477,550,261,140,121,523,278,245,193,18,175,50,41,9,1,0,1,1,0,1,0,0,0,0,0,0,0,0,0,1,0,1,1,0,1,0,0,0,0,0,0,0,0,0,0,0,0,0,0,0,0,0,0,0,0,0,0,0,0,630,310,320
05,93,Armur,Nizamabad,06,Mendora,570784,0000,VILLAGE,Kodecherla,Rural,321,1392,685,707,164,96,68,456,225,231,62,28,34,700,382,318,692,303,389,812,397,415,716,345,371,372,210,162,101,44,57,143,18,125,100,73,27,96,52,44,11,8,3,62,38,24,22,5,17,1,1,0,86,48,38,9,6,3,59,37,22,17,4,13,1,1,0,10,4,6,2,2,0,3,1,2,5,1,4,0,0,0,580,288,292
05,93,Armur,Nizamabad,06,Mendora,570785,0000,VILLAGE,Savel,Rural,691,2619,1302,1317,224,114,110,459,234,225,201,98,103,1331,816,515,1288,486,802,1641,792,849,1390,703,687,505,343,162,415,233,182,369,49,320,101,78,23,251,89,162,30,6,24,139,73,66,67,3,64,15,7,8,247,88,159,29,6,23,137,72,65,67,3,64,14,7,7,4,1,3,1,0,1,2,1,1,0,0,0,1,0,1,978,510,468
05,93,Armur,Nizamabad,06,Mendora,570786,0000,VILLAGE,Mendora,Rural,1306,4981,2431,2550,450,237,213,1119,558,561,245,114,131,2411,1399,1012,2570,1032,1538,2945,1443,1502,2431,1193,1238,854,487,367,913,444,469,457,100,357,207,162,45,514,250,264,31,23,8,364,186,178,83,21,62,36,20,16,463,233,230,30,23,7,337,174,163,60,16,44,36,20,16,51,17,34,1,0,1,27,12,15,23,5,18,0,0,0,2036,988,1048
05,93,Armur,Nizamabad,06,Mendora,570787,0000,VILLAGE,Bussapur,Rural,650,2538,1214,1324,233,113,120,513,249,264,177,89,88,1332,760,572,1206,454,752,1486,728,758,1181,574,607,518,257,261,335,173,162,116,12,104,212,132,80,305,154,151,14,9,5,201,97,104,30,13,17,60,35,25,299,151,148,14,9,5,199,97,102,29,13,16,57,32,25,6,3,3,0,0,0,2,0,2,1,0,1,3,3,0,1052,486,566
05,93,Armur,Nizamabad,05,Mupkal,570788,0000,VILLAGE,Nallur,Rural,488,2044,958,1086,220,93,127,652,291,361,161,78,83,1126,642,484,918,316,602,1216,583,633,1160,564,596,215,132,83,459,269,190,271,31,240,215,132,83,56,19,37,2,0,2,22,9,13,21,2,19,11,8,3,51,18,33,2,0,2,19,8,11,20,2,18,10,8,2,5,1,4,0,0,0,3,1,2,1,0,1,1,0,1,828,375,453
05,93,Armur,Nizamabad,04,Balkonda,570792,0000,VILLAGE,Jalalpur,Rural,343,1353,645,708,144,85,59,418,197,221,95,46,49,678,399,279,675,246,429,818,372,446,794,361,433,214,107,107,373,176,197,82,7,75,125,71,54,24,11,13,8,2,6,9,5,4,3,0,3,4,4,0,18,9,9,2,0,2,9,5,4,3,0,3,4,4,0,6,2,4,6,2,4,0,0,0,0,0,0,0,0,0,535,273,262
05,93,Armur,Nizamabad,04,Balkonda,570794,0000,VILLAGE,Nagapoor,Rural,309,1274,631,643,154,79,75,246,120,126,11,7,4,566,327,239,708,304,404,760,371,389,680,346,334,429,258,171,162,69,93,61,6,55,28,13,15,80,25,55,4,1,3,26,12,14,31,4,27,19,8,11,62,20,42,3,1,2,23,11,12,26,4,22,10,4,6,18,5,13,1,0,1,3,1,2,5,0,5,9,4,5,514,260,254
05,93,Armur,Nizamabad,05,Mupkal,570795,0000,VILLAGE,Mukpal,Rural,1694,6606,3228,3378,616,318,298,1061,517,544,244,112,132,4060,2352,1708,2546,876,1670,3457,1726,1731,3191,1597,1594,514,299,215,671,389,282,1043,161,882,963,748,215,266,129,137,8,5,3,108,40,68,70,26,44,80,58,22,216,109,107,7,4,3,73,30,43,64,21,43,72,54,18,50,20,30,1,1,0,35,10,25,6,5,1,8,4,4,3149,1502,1647
05,93,Armur,Nizamabad,05,Mupkal,570796,0000,VILLAGE,Kothapalle,Rural,709,2661,1230,1431,269,140,129,678,305,373,295,143,152,1474,829,645,1187,401,786,1415,647,768,1091,579,512,283,150,133,500,292,208,156,31,125,152,106,46,324,68,256,20,4,16,156,41,115,117,2,115,31,21,10,293,56,237,20,4,16,136,34,102,114,2,112,23,16,7,31,12,19,0,0,0,20,7,13,3,0,3,8,5,3,1246,583,663
05,93,Armur,Nizamabad,06,Mendora,570797,0000,VILLAGE,Velgatur,Rural,830,3314,1610,1704,373,189,184,388,183,205,650,315,335,1719,1004,715,1595,606,989,1884,892,992,1814,862,952,510,271,239,538,283,255,347,21,326,419,287,132,70,30,40,8,3,5,52,23,29,5,0,5,5,4,1,69,30,39,8,3,5,51,23,28,5,0,5,5,4,1,1,0,1,0,0,0,1,0,1,0,0,0,0,0,0,1430,718,712
05,93,Armur,Nizamabad,05,Mupkal,570798,0000,VILLAGE,Venchariyal,Rural,341,1321,654,667,146,90,56,312,150,162,53,27,26,662,377,285,659,277,382,774,365,409,771,363,408,225,119,106,300,169,131,172,11,161,74,64,10,3,2,1,0,0,0,1,0,1,0,0,0,2,2,0,3,2,1,0,0,0,1,0,1,0,0,0,2,2,0,0,0,0,0,0,0,0,0,0,0,0,0,0,0,0,547,289,258
05,93,Armur,Nizamabad,05,Mupkal,570799,0000,VILLAGE,Renjarla,Rural,1131,4471,2166,2305,427,195,232,760,380,380,191,90,101,2512,1462,1050,1959,704,1255,2575,1224,1351,2172,1039,1133,720,389,331,507,261,246,535,125,410,410,264,146,403,185,218,47,25,22,176,89,87,94,31,63,86,40,46,293,133,160,47,25,22,122,62,60,44,10,34,80,36,44,110,52,58,0,0,0,54,27,27,50,21,29,6,4,2,1896,942,954
05,93,Armur,Nizamabad,05,Mupkal,570800,0000,VILLAGE,Nagampet,Rural,530,1930,911,1019,173,93,80,269,131,138,203,90,113,991,563,428,939,348,591,1101,508,593,1087,499,588,375,195,180,281,147,134,234,10,224,197,147,50,14,9,5,3,3,0,6,3,3,1,0,1,4,3,1,14,9,5,3,3,0,6,3,3,1,0,1,4,3,1,0,0,0,0,0,0,0,0,0,0,0,0,0,0,0,829,403,426
05,93,Armur,Nizamabad,05,Mupkal,570801,0000,VILLAGE,Vempalle,Rural,416,1670,844,826,181,97,84,227,121,106,94,48,46,794,492,302,876,352,524,1066,524,542,863,418,445,541,304,237,110,54,56,154,16,138,58,44,14,203,106,97,110,59,51,25,10,15,31,16,15,37,21,16,186,98,88,101,54,47,24,9,15,24,14,10,37,21,16,17,8,9,9,5,4,1,1,0,7,2,5,0,0,0,604,320,284
05,93,Armur,Nizamabad,04,Balkonda,570802,0000,VILLAGE,Kisannagar,Rural,1010,4155,2019,2136,491,257,234,319,159,160,196,94,102,2607,1430,1177,1548,589,959,2209,1157,1052,2172,1135,1037,47,34,13,438,279,159,733,36,697,954,786,168,37,22,15,0,0,0,7,3,4,10,2,8,20,17,3,29,20,9,0,0,0,7,3,4,5,1,4,17,16,1,8,2,6,0,0,0,0,0,0,5,1,4,3,1,2,1946,862,1084
05,93,Armur,Nizamabad,04,Balkonda,570803,0000,VILLAGE,Balkonda,Rural,3720,15644,7497,8147,1848,947,901,1967,930,1037,489,233,256,8598,4801,3797,7046,2696,4350,8117,4065,4052,7463,3751,3712,1222,847,375,1662,1032,630,2506,187,2319,2073,1685,388,654,314,340,26,14,12,109,49,60,285,71,214,234,180,54,498,247,251,23,13,10,101,48,53,176,30,146,198,156,42,156,67,89,3,1,2,8,1,7,109,41,68,36,24,12,7527,3432,4095
05,93,Armur,Nizamabad,04,Balkonda,570804,0000,VILLAGE,Chittapur,Rural,851,3401,1654,1747,315,163,152,851,414,437,39,19,20,1849,1062,787,1552,592,960,2039,961,1078,1970,933,1037,710,423,287,472,231,241,491,44,447,297,235,62,69,28,41,7,5,2,28,10,18,26,9,17,8,4,4,67,27,40,7,5,2,27,10,17,25,8,17,8,4,4,2,1,1,0,0,0,1,0,1,1,1,0,0,0,0,1362,693,669
05,93,Armur,Nizamabad,04,Balkonda,570805,0000,VILLAGE,Bodepalle,Rural,556,2131,1015,1116,205,99,106,495,239,256,123,53,70,1065,618,447,1066,397,669,1218,579,639,1156,548,608,145,80,65,660,389,271,270,32,238,81,47,34,62,31,31,1,1,0,31,20,11,16,0,16,14,10,4,62,31,31,1,1,0,31,20,11,16,0,16,14,10,4,0,0,0,0,0,0,0,0,0,0,0,0,0,0,0,913,436,477
05,93,Armur,Nizamabad,04,Balkonda,570806,0000,VILLAGE,Vannel_Bashirabad,Rural,1012,3903,1843,2060,322,175,147,803,370,433,262,119,143,2144,1196,948,1759,647,1112,2228,1009,1219,2032,931,1101,699,338,361,734,380,354,405,72,333,194,141,53,196,78,118,7,2,5,72,46,26,80,6,74,37,24,13,168,63,105,6,1,5,65,43,22,73,5,68,24,14,10,28,15,13,1,1,0,7,3,4,7,1,6,13,10,3,1675,834,841
05,93,Armur,Nizamabad,07,Yergatla,570808,0000,VILLAGE,Tadpakal,Rural,509,2011,967,1044,170,93,77,226,112,114,95,40,55,1001,547,454,1010,420,590,1198,543,655,1187,539,648,487,259,228,261,136,125,244,30,214,195,114,81,11,4,7,1,0,1,3,1,2,3,1,2,4,2,2,11,4,7,1,0,1,3,1,2,3,1,2,4,2,2,0,0,0,0,0,0,0,0,0,0,0,0,0,0,0,813,424,389
05,93,Armur,Nizamabad,07,Yergatla,570809,0000,VILLAGE,Domchanda,Rural,471,1804,873,931,179,93,86,501,252,249,139,67,72,833,482,351,971,391,580,1110,530,580,1097,525,572,430,248,182,452,203,249,155,28,127,60,46,14,13,5,8,0,0,0,5,2,3,7,2,5,1,1,0,10,5,5,0,0,0,5,2,3,4,2,2,1,1,0,3,0,3,0,0,0,0,0,0,3,0,3,0,0,0,694,343,351
05,93,Armur,Nizamabad,07,Yergatla,570810,0000,VILLAGE,Gumeriyal,Rural,554,2326,1154,1172,168,76,92,455,229,226,103,42,61,1301,768,533,1025,386,639,1372,656,716,1036,508,528,405,203,202,389,196,193,159,45,114,83,64,19,336,148,188,3,3,0,278,108,170,19,15,4,36,22,14,73,45,28,3,3,0,32,15,17,10,8,2,28,19,9,263,103,160,0,0,0,246,93,153,9,7,2,8,3,5,954,498,456
05,93,Armur,Nizamabad,07,Yergatla,570811,0000,VILLAGE,Tadla Rampur,Rural,698,2739,1324,1415,247,137,110,452,213,239,20,11,9,1532,862,670,1207,462,745,1538,722,816,1524,715,809,286,156,130,463,204,259,314,41,273,461,314,147,14,7,7,1,1,0,4,1,3,2,0,2,7,5,2,14,7,7,1,1,0,4,1,3,2,0,2,7,5,2,0,0,0,0,0,0,0,0,0,0,0,0,0,0,0,1201,602,599
05,93,Armur,Nizamabad,07,Yergatla,570812,0000,VILLAGE,Yergatla,Rural,1464,5852,2867,2985,490,257,233,565,281,284,44,21,23,2855,1613,1242,2997,1254,1743,3530,1719,1811,3382,1642,1740,1001,524,477,1214,669,545,670,101,569,497,348,149,148,77,71,55,27,28,54,32,22,16,3,13,23,15,8,69,42,27,17,10,7,36,23,13,3,0,3,13,9,4,79,35,44,38,17,21,18,9,9,13,3,10,10,6,4,2322,1148,1174
05,93,Armur,Nizamabad,07,Yergatla,570813,0000,VILLAGE,Battapur,Rural,408,1685,862,823,165,79,86,297,134,163,223,117,106,929,553,376,756,309,447,1040,535,505,1036,534,502,409,230,179,278,159,119,237,63,174,112,82,30,4,1,3,0,0,0,0,0,0,4,1,3,0,0,0,1,0,1,0,0,0,0,0,0,1,0,1,0,0,0,3,1,2,0,0,0,0,0,0,3,1,2,0,0,0,645,327,318
05,93,Armur,Nizamabad,07,Yergatla,570814,0000,VILLAGE,Thurat,Rural,566,2137,1005,1132,237,136,101,543,257,286,24,11,13,1052,583,469,1085,422,663,1194,545,649,1167,530,637,373,216,157,269,134,135,361,75,286,164,105,59,27,15,12,1,0,1,17,9,8,2,1,1,7,5,2,24,13,11,1,0,1,16,8,8,1,1,0,6,4,2,3,2,1,0,0,0,1,1,0,1,0,1,1,1,0,943,460,483
05,93,Armur,Nizamabad,09,Mortad,570815,0000,VILLAGE,Shetpalle,Rural,730,2754,1375,1379,230,126,104,544,261,283,22,12,10,1459,873,586,1295,502,793,1511,721,790,1497,716,781,270,170,100,723,414,309,281,15,266,223,117,106,14,5,9,1,0,1,7,4,3,2,0,2,4,1,3,12,5,7,1,0,1,7,4,3,1,0,1,3,1,2,2,0,2,0,0,0,0,0,0,1,0,1,1,0,1,1243,654,589
05,93,Armur,Nizamabad,09,Mortad,570816,0000,VILLAGE,Dharmora,Rural,633,2205,1035,1170,206,110,96,537,248,289,281,137,144,1228,666,562,977,369,608,1186,610,576,1160,594,566,209,151,58,455,246,209,326,48,278,170,149,21,26,16,10,2,1,1,6,3,3,3,0,3,15,12,3,23,13,10,2,1,1,6,3,3,3,0,3,12,9,3,3,3,0,0,0,0,0,0,0,0,0,0,3,3,0,1019,425,594
05,93,Armur,Nizamabad,09,Mortad,570817,0000,VILLAGE,Donkal,Rural,839,3332,1636,1696,263,152,111,843,419,424,108,51,57,1873,1073,800,1459,563,896,1879,907,972,1873,905,968,535,262,273,693,412,281,425,45,380,220,186,34,6,2,4,2,2,0,0,0,0,4,0,4,0,0,0,4,2,2,2,2,0,0,0,0,2,0,2,0,0,0,2,0,2,0,0,0,0,0,0,2,0,2,0,0,0,1453,729,724
05,93,Armur,Nizamabad,09,Mortad,570818,0000,VILLAGE,Palem,Rural,803,3177,1588,1589,273,137,136,672,346,326,12,7,5,1865,1112,753,1312,476,836,1747,881,866,1671,843,828,502,259,243,439,291,148,447,50,397,283,243,40,76,38,38,7,5,2,34,19,15,22,2,20,13,12,1,73,37,36,7,5,2,32,18,14,21,2,19,13,12,1,3,1,2,0,0,0,2,1,1,1,0,1,0,0,0,1430,707,723
05,93,Armur,Nizamabad,09,Mortad,570819,0000,VILLAGE,Thimmapur,Rural,1179,4608,2239,2369,450,240,210,722,355,367,52,26,26,2417,1412,1005,2191,827,1364,2650,1283,1367,2600,1255,1345,733,369,364,780,443,337,684,103,581,403,340,63,50,28,22,1,0,1,10,4,6,13,4,9,26,20,6,37,22,15,1,0,1,4,1,3,11,4,7,21,17,4,13,6,7,0,0,0,6,3,3,2,0,2,5,3,2,1958,956,1002
05,93,Armur,Nizamabad,09,Mortad,570820,0000,VILLAGE,Mortad,Rural,2736,11123,5288,5835,1100,544,556,1690,820,870,146,72,74,6232,3479,2753,4891,1809,3082,5992,2920,3072,5580,2737,2843,1247,661,586,1597,962,635,1467,153,1314,1269,961,308,412,183,229,12,5,7,67,33,34,75,23,52,258,122,136,402,180,222,10,5,5,64,32,32,72,23,49,256,120,136,10,3,7,2,0,2,3,1,2,3,0,3,2,2,0,5131,2368,2763
05,93,Armur,Nizamabad,09,Mortad,570821,0000,VILLAGE,Sunkat,Rural,800,3019,1411,1608,272,141,131,667,322,345,155,84,71,1608,905,703,1411,506,905,1743,790,953,1655,730,925,455,249,206,566,293,273,444,29,415,190,159,31,88,60,28,0,0,0,31,14,17,11,7,4,46,39,7,66,45,21,0,0,0,26,13,13,9,6,3,31,26,5,22,15,7,0,0,0,5,1,4,2,1,1,15,13,2,1276,621,655
05,93,Armur,Nizamabad,10,Vailpur,570822,0000,VILLAGE,Ramannapet,Rural,1062,4253,2034,2219,413,225,188,554,260,294,8,4,4,2298,1312,986,1955,722,1233,2413,1123,1290,2004,825,1179,254,203,51,648,408,240,771,55,716,331,159,172,409,298,111,5,2,3,201,144,57,60,37,23,143,115,28,270,197,73,4,2,2,149,111,38,37,22,15,80,62,18,139,101,38,1,0,1,52,33,19,23,15,8,63,53,10,1840,911,929
05,93,Armur,Nizamabad,09,Mortad,570823,0000,VILLAGE,Donpal,Rural,326,1207,593,614,117,66,51,184,95,89,0,0,0,554,325,229,653,268,385,736,346,390,723,340,383,248,131,117,315,166,149,113,5,108,47,38,9,13,6,7,0,0,0,7,3,4,0,0,0,6,3,3,6,4,2,0,0,0,4,2,2,0,0,0,2,2,0,7,2,5,0,0,0,3,1,2,0,0,0,4,1,3,471,247,224
05,93,Armur,Nizamabad,09,Mortad,570824,0000,VILLAGE,Vaddiyat,Rural,495,1921,934,987,178,105,73,378,199,179,1,0,1,1006,574,432,915,360,555,1139,540,599,1089,509,580,270,140,130,257,150,107,405,88,317,157,131,26,50,31,19,3,1,2,31,18,13,7,3,4,9,9,0,39,26,13,2,1,1,24,16,8,6,2,4,7,7,0,11,5,6,1,0,1,7,2,5,1,1,0,2,2,0,782,394,388
05,93,Armur,Nizamabad,08,Kammarpalle,570825,0000,VILLAGE,Uploor,Rural,1297,4912,2370,2542,479,239,240,634,309,325,134,63,71,2539,1470,1069,2373,900,1473,3050,1446,1604,2506,1238,1268,775,418,357,608,332,276,549,115,434,574,373,201,544,208,336,51,26,25,207,129,78,222,27,195,64,26,38,447,193,254,41,23,18,183,124,59,173,21,152,50,25,25,97,15,82,10,3,7,24,5,19,49,6,43,14,1,13,1862,924,938
05,93,Armur,Nizamabad,08,Kammarpalle,570826,0000,VILLAGE,Dammannapet,Rural,148,544,271,273,64,31,33,2,0,2,80,42,38,243,144,99,301,127,174,359,166,193,356,163,193,11,6,5,3,0,3,98,22,76,244,135,109,3,3,0,1,1,0,0,0,0,1,1,0,1,1,0,2,2,0,0,0,0,0,0,0,1,1,0,1,1,0,1,1,0,1,1,0,0,0,0,0,0,0,0,0,0,185,105,80
05,93,Armur,Nizamabad,08,Kammarpalle,570827,0000,VILLAGE,Nagapur,Rural,301,1143,567,576,80,46,34,519,252,267,83,49,34,617,378,239,526,189,337,662,314,348,585,277,308,99,57,42,145,82,63,177,11,166,164,127,37,77,37,40,3,1,2,44,25,19,18,3,15,12,8,4,56,31,25,0,0,0,36,22,14,10,1,9,10,8,2,21,6,15,3,1,2,8,3,5,8,2,6,2,0,2,481,253,228
05,93,Armur,Nizamabad,08,Kammarpalle,570828,0000,VILLAGE,Kammar Palle,Rural,1776,6865,3320,3545,704,338,366,844,412,432,136,77,59,3949,2235,1714,2916,1085,1831,3730,1869,1861,3394,1720,1674,510,284,226,842,491,351,988,84,904,1054,861,193,336,149,187,9,1,8,55,23,32,37,12,25,235,113,122,287,134,153,8,1,7,46,22,24,31,10,21,202,101,101,49,15,34,1,0,1,9,1,8,6,2,4,33,12,21,3135,1451,1684
05,93,Armur,Nizamabad,08,Kammarpalle,570829,0000,VILLAGE,Hasakothur,Rural,1230,4574,2215,2359,436,230,206,701,329,372,226,115,111,2444,1411,1033,2130,804,1326,2743,1308,1435,2586,1236,1350,584,322,262,748,495,253,703,46,657,551,373,178,157,72,85,11,5,6,41,22,19,42,6,36,63,39,24,134,61,73,9,5,4,38,20,18,33,4,29,54,32,22,23,11,12,2,0,2,3,2,1,9,2,7,9,7,2,1831,907,924
05,93,Armur,Nizamabad,08,Kammarpalle,570830,0000,VILLAGE,Choutupalle,Rural,1268,4759,2409,2350,429,228,201,462,241,221,96,70,26,2740,1650,1090,2019,759,1260,2561,1255,1306,2226,1102,1124,390,233,157,666,363,303,548,88,460,622,418,204,335,153,182,8,3,5,234,107,127,40,5,35,53,38,15,325,148,177,8,3,5,225,103,122,40,5,35,52,37,15,10,5,5,0,0,0,9,4,5,0,0,0,1,1,0,2198,1154,1044
05,93,Armur,Nizamabad,08,Kammarpalle,570831,0000,VILLAGE,Basheerabad,Rural,972,3981,1930,2051,374,190,184,583,296,287,22,11,11,2148,1236,912,1833,694,1139,2246,1066,1180,2104,985,1119,442,311,131,654,399,255,536,63,473,472,212,260,142,81,61,15,8,7,65,44,21,22,10,12,40,19,21,122,69,53,14,8,6,61,40,21,14,6,8,33,15,18,20,12,8,1,0,1,4,4,0,8,4,4,7,4,3,1735,864,871
05,93,Armur,Nizamabad,08,Kammarpalle,570832,0000,VILLAGE,Konasamandar,Rural,944,3874,1821,2053,404,192,212,633,290,343,9,3,6,2031,1184,847,1843,637,1206,2143,1049,1094,1630,888,742,323,262,61,790,454,336,342,44,298,175,128,47,513,161,352,55,26,29,191,83,108,199,18,181,68,34,34,494,160,334,55,26,29,185,83,102,191,17,174,63,34,29,19,1,18,0,0,0,6,0,6,8,1,7,5,0,5,1731,772,959
05,93,Armur,Nizamabad,08,Kammarpalle,570834,0000,VILLAGE,Dammanpet (Ameernagar),Rural,354,1442,706,736,168,94,74,84,43,41,251,133,118,676,384,292,766,322,444,834,391,443,825,387,438,345,174,171,256,139,117,104,13,91,120,61,59,9,4,5,0,0,0,5,2,3,2,1,1,2,1,1,9,4,5,0,0,0,5,2,3,2,1,1,2,1,1,0,0,0,0,0,0,0,0,0,0,0,0,0,0,0,608,315,293
05,93,Armur,Nizamabad,08,Kammarpalle,570835,0000,VILLAGE,Narsapur,Rural,327,1327,643,684,109,57,52,276,131,145,163,83,80,656,380,276,671,263,408,786,360,426,780,359,421,197,124,73,245,156,89,270,19,251,68,60,8,6,1,5,0,0,0,3,0,3,1,0,1,2,1,1,5,0,5,0,0,0,3,0,3,1,0,1,1,0,1,1,1,0,0,0,0,0,0,0,0,0,0,1,1,0,541,283,258
05,93,Armur,Nizamabad,08,Kammarpalle,570836,0000,VILLAGE,Inayat Nagar,Rural,178,835,397,438,103,56,47,126,59,67,330,166,164,294,161,133,541,236,305,485,234,251,455,230,225,197,109,88,183,106,77,62,5,57,13,10,3,30,4,26,4,3,1,4,1,3,21,0,21,1,0,1,30,4,26,4,3,1,4,1,3,21,0,21,1,0,1,0,0,0,0,0,0,0,0,0,0,0,0,0,0,0,350,163,187
05,93,Armur,Nizamabad,08,Kammarpalle,570837,0000,VILLAGE,Konapur,Rural,558,2351,1138,1213,257,139,118,367,174,193,515,269,246,877,517,360,1474,621,853,1479,694,785,1215,570,645,380,224,156,325,182,143,313,21,292,197,143,54,264,124,140,2,1,1,211,104,107,21,2,19,30,17,13,242,115,127,2,1,1,197,98,99,16,1,15,27,15,12,22,9,13,0,0,0,14,6,8,5,1,4,3,2,1,872,444,428
05,93,Armur,Nizamabad,08,Kammarpalle,570840,0000,VILLAGE,Gudilingapur,Rural,15,72,36,36,12,6,6,0,0,0,70,35,35,26,21,5,46,15,31,39,17,22,36,17,19,21,12,9,12,5,7,1,0,1,2,0,2,3,0,3,2,0,2,0,0,0,0,0,0,1,0,1,3,0,3,2,0,2,0,0,0,0,0,0,1,0,1,0,0,0,0,0,0,0,0,0,0,0,0,0,0,0,33,19,14
05,93,Armur,Nizamabad,26,Bheemgal,570843,0000,VILLAGE,Changal,Rural,911,3756,1809,1947,323,164,159,838,384,454,1,1,0,2075,1196,879,1681,613,1068,2147,1015,1132,1838,865,973,618,340,278,432,289,143,564,63,501,224,173,51,309,150,159,12,7,5,196,108,88,71,12,59,30,23,7,71,45,26,5,4,1,35,21,14,15,8,7,16,12,4,238,105,133,7,3,4,161,87,74,56,4,52,14,11,3,1609,794,815
05,93,Armur,Nizamabad,26,Bheemgal,570844,0000,VILLAGE,Pedda Bheemgal,Rural,1393,5665,2684,2981,561,299,262,1063,494,569,1084,537,547,2860,1607,1253,2805,1077,1728,3232,1545,1687,3155,1508,1647,697,504,193,1119,629,490,983,84,899,356,291,65,77,37,40,7,4,3,32,16,16,8,1,7,30,16,14,60,31,29,6,4,2,19,10,9,7,1,6,28,16,12,17,6,11,1,0,1,13,6,7,1,0,1,2,0,2,2433,1139,1294
05,93,Armur,Nizamabad,26,Bheemgal,570845,0000,VILLAGE,Babapur,Rural,728,3332,1644,1688,412,213,199,14,7,7,11,3,8,2183,1174,1009,1149,470,679,1434,835,599,1418,825,593,132,120,12,272,195,77,451,19,432,563,491,72,16,10,6,0,0,0,5,4,1,2,0,2,9,6,3,16,10,6,0,0,0,5,4,1,2,0,2,9,6,3,0,0,0,0,0,0,0,0,0,0,0,0,0,0,0,1898,809,1089
05,93,Armur,Nizamabad,26,Bheemgal,570846,0000,VILLAGE,Jagrial,Rural,433,1711,823,888,185,94,91,370,174,196,16,6,10,966,547,419,745,276,469,999,473,526,959,464,495,359,250,109,130,66,64,301,23,278,169,125,44,40,9,31,1,0,1,9,3,6,20,0,20,10,6,4,35,7,28,1,0,1,6,1,5,18,0,18,10,6,4,5,2,3,0,0,0,3,2,1,2,0,2,0,0,0,712,350,362
05,93,Armur,Nizamabad,26,Bheemgal,570847,0000,VILLAGE,Kupkal,Rural,260,954,457,497,91,35,56,49,24,25,174,87,87,510,293,217,444,164,280,549,282,267,451,225,226,183,122,61,57,26,31,102,6,96,109,71,38,98,57,41,3,0,3,13,9,4,0,0,0,82,48,34,37,21,16,2,0,2,8,5,3,0,0,0,27,16,11,61,36,25,1,0,1,5,4,1,0,0,0,55,32,23,405,175,230
05,93,Armur,Nizamabad,26,Bheemgal,570848,0000,VILLAGE,Mendhora,Rural,824,3295,1568,1727,353,152,201,278,130,148,158,77,81,1705,1013,692,1590,555,1035,1874,925,949,1794,883,911,413,310,103,665,371,294,477,34,443,239,168,71,80,42,38,2,1,1,59,33,26,5,1,4,14,7,7,74,40,34,1,1,0,58,32,26,4,1,3,11,6,5,6,2,4,1,0,1,1,1,0,1,0,1,3,1,2,1421,643,778
05,93,Armur,Nizamabad,26,Bheemgal,570849,0000,VILLAGE,Babanagar,Rural,303,1220,590,630,135,71,64,290,138,152,77,37,40,628,352,276,592,238,354,675,321,354,462,252,210,45,27,18,157,95,62,144,23,121,116,107,9,213,69,144,0,0,0,17,8,9,7,3,4,189,58,131,101,49,52,0,0,0,12,7,5,2,2,0,87,40,47,112,20,92,0,0,0,5,1,4,5,1,4,102,18,84,545,269,276
05,93,Armur,Nizamabad,26,Bheemgal,570850,0000,VILLAGE,Puranipet,Rural,604,2442,1196,1246,276,138,138,463,223,240,63,27,36,1235,730,505,1207,466,741,1362,672,690,1182,537,645,119,95,24,409,271,138,498,54,444,156,117,39,180,135,45,0,0,0,95,76,19,29,19,10,56,40,16,178,134,44,0,0,0,94,75,19,28,19,9,56,40,16,2,1,1,0,0,0,1,1,0,1,0,1,0,0,0,1080,524,556
05,93,Armur,Nizamabad,26,Bheemgal,570851,0000,VILLAGE,Bheemgal,Rural,3526,15446,7674,7772,1791,938,853,1952,974,978,696,356,340,9310,5277,4033,6136,2397,3739,7108,3904,3204,6651,3696,2955,1046,790,256,1134,705,429,2093,304,1789,2378,1897,481,457,208,249,18,9,9,86,44,42,150,8,142,203,147,56,430,194,236,15,8,7,81,41,40,147,8,139,187,137,50,27,14,13,3,1,2,5,3,2,3,0,3,16,10,6,8338,3770,4568
05,93,Armur,Nizamabad,26,Bheemgal,570852,0000,VILLAGE,Lingapurchouth,Rural,224,901,438,463,70,32,38,76,39,37,3,3,0,503,301,202,398,137,261,528,250,278,528,250,278,160,109,51,134,92,42,185,11,174,49,38,11,0,0,0,0,0,0,0,0,0,0,0,0,0,0,0,0,0,0,0,0,0,0,0,0,0,0,0,0,0,0,0,0,0,0,0,0,0,0,0,0,0,0,0,0,0,373,188,185
05,93,Armur,Nizamabad,26,Bheemgal,570853,0000,VILLAGE,Bejjora,Rural,533,2255,1053,1202,207,118,89,509,234,275,11,7,4,1179,663,516,1076,390,686,1294,595,699,1163,498,665,361,244,117,176,114,62,523,55,468,103,85,18,131,97,34,0,0,0,129,96,33,0,0,0,2,1,1,131,97,34,0,0,0,129,96,33,0,0,0,2,1,1,0,0,0,0,0,0,0,0,0,0,0,0,0,0,0,961,458,503
05,93,Armur,Nizamabad,26,Bheemgal,570854,0000,VILLAGE,Sikandrapur,Rural,542,2378,1139,1239,237,115,122,472,214,258,539,260,279,1238,721,517,1140,418,722,1240,613,627,1239,613,626,486,275,211,356,201,155,288,45,243,109,92,17,1,0,1,0,0,0,1,0,1,0,0,0,0,0,0,1,0,1,0,0,0,1,0,1,0,0,0,0,0,0,0,0,0,0,0,0,0,0,0,0,0,0,0,0,0,1138,526,612
05,93,Armur,Nizamabad,26,Bheemgal,570855,0000,VILLAGE,Gongoppul,Rural,730,2977,1409,1568,298,147,151,453,206,247,514,251,263,1542,878,664,1435,531,904,1611,748,863,1508,706,802,347,235,112,703,317,386,234,13,221,224,141,83,103,42,61,6,4,2,38,17,21,19,2,17,40,19,21,87,36,51,6,4,2,33,16,17,16,2,14,32,14,18,16,6,10,0,0,0,5,1,4,3,0,3,8,5,3,1366,661,705
05,93,Armur,Nizamabad,26,Bheemgal,570856,0000,VILLAGE,Salampur,Rural,11,43,18,25,2,0,2,5,3,2,0,0,0,26,14,12,17,4,13,28,13,15,25,13,12,7,7,0,1,0,1,10,0,10,7,6,1,3,0,3,0,0,0,1,0,1,2,0,2,0,0,0,3,0,3,0,0,0,1,0,1,2,0,2,0,0,0,0,0,0,0,0,0,0,0,0,0,0,0,0,0,0,15,5,10
05,93,Armur,Nizamabad,26,Bheemgal,570857,0000,VILLAGE,Muchkur,Rural,1217,4771,2370,2401,475,234,241,1141,531,610,10,2,8,2774,1625,1149,1997,745,1252,2679,1342,1337,1938,886,1052,373,269,104,316,231,85,745,70,675,504,316,188,741,456,285,38,10,28,279,183,96,120,47,73,304,216,88,514,294,220,37,10,27,137,82,55,79,14,65,261,188,73,227,162,65,1,0,1,142,101,41,41,33,8,43,28,15,2092,1028,1064
05,93,Armur,Nizamabad,26,Bheemgal,570858,0000,VILLAGE,Pipri,Rural,444,1834,885,949,155,92,63,302,153,149,77,36,41,1032,610,422,802,275,527,1057,488,569,984,454,530,293,222,71,177,121,56,290,4,286,224,107,117,73,34,39,13,8,5,47,23,24,3,0,3,10,3,7,72,34,38,13,8,5,47,23,24,3,0,3,9,3,6,1,0,1,0,0,0,0,0,0,0,0,0,1,0,1,777,397,380
05,93,Armur,Nizamabad,26,Bheemgal,570859,0000,VILLAGE,Bachenpalle,Rural,356,1366,660,706,141,71,70,148,67,81,0,0,0,760,468,292,606,192,414,782,364,418,703,334,369,229,160,69,154,105,49,258,31,227,62,38,24,79,30,49,13,11,2,29,10,19,27,6,21,10,3,7,74,29,45,13,11,2,29,10,19,23,5,18,9,3,6,5,1,4,0,0,0,0,0,0,4,1,3,1,0,1,584,296,288
05,93,Armur,Nizamabad,26,Bheemgal,570860,0000,VILLAGE,Pallikonda,Rural,772,2876,1355,1521,268,140,128,356,164,192,0,0,0,1376,801,575,1500,554,946,1741,796,945,1491,668,823,319,224,95,360,239,121,567,36,531,245,169,76,250,128,122,23,12,11,51,23,28,14,1,13,162,92,70,231,122,109,16,8,8,43,22,21,11,1,10,161,91,70,19,6,13,7,4,3,8,1,7,3,0,3,1,1,0,1135,559,576
05,93,Armur,Nizamabad,26,Bheemgal,570861,0000,VILLAGE,Devan Palle,Rural,176,806,400,406,98,44,54,1,0,1,335,170,165,343,210,133,463,190,273,465,228,237,395,206,189,142,93,49,161,86,75,61,0,61,31,27,4,70,22,48,1,0,1,42,14,28,13,0,13,14,8,6,62,16,46,1,0,1,36,9,27,13,0,13,12,7,5,8,6,2,0,0,0,6,5,1,0,0,0,2,1,1,341,172,169
05,93,Armur,Nizamabad,26,Bheemgal,570862,0000,VILLAGE,Karepalle,Rural,218,1080,549,531,192,103,89,28,16,12,1029,523,506,505,322,183,575,227,348,559,297,262,547,294,253,259,136,123,283,154,129,0,0,0,5,4,1,12,3,9,2,0,2,9,3,6,0,0,0,1,0,1,11,2,9,2,0,2,8,2,6,0,0,0,1,0,1,1,1,0,0,0,0,1,1,0,0,0,0,0,0,0,521,252,269
05,93,Armur,Nizamabad,26,Bheemgal,570863,0000,VILLAGE,Rahathnagar,Rural,293,1439,713,726,223,111,112,26,15,11,1137,557,580,587,372,215,852,341,511,724,348,376,668,319,349,373,185,188,239,108,131,27,1,26,29,25,4,56,29,27,0,0,0,55,29,26,1,0,1,0,0,0,56,29,27,0,0,0,55,29,26,1,0,1,0,0,0,0,0,0,0,0,0,0,0,0,0,0,0,0,0,0,715,365,350
05,93,Armur,Nizamabad,26,Bheemgal,570864,0000,VILLAGE,Gangarai,Rural,43,220,112,108,31,19,12,2,1,1,216,110,106,100,58,42,120,54,66,113,56,57,97,48,49,95,47,48,0,0,0,0,0,0,2,1,1,16,8,8,0,0,0,16,8,8,0,0,0,0,0,0,15,7,8,0,0,0,15,7,8,0,0,0,0,0,0,1,1,0,0,0,0,1,1,0,0,0,0,0,0,0,107,56,51
05,93,Armur,Nizamabad,26,Bheemgal,570865,0000,VILLAGE,Thallapalle,Rural,114,530,277,253,71,33,38,12,6,6,501,262,239,170,128,42,360,149,211,314,154,160,311,152,159,157,99,58,131,34,97,0,0,0,23,19,4,3,2,1,0,0,0,0,0,0,0,0,0,3,2,1,3,2,1,0,0,0,0,0,0,0,0,0,3,2,1,0,0,0,0,0,0,0,0,0,0,0,0,0,0,0,216,123,93
05,93,Armur,Nizamabad,26,Bheemgal,570866,0000,VILLAGE,Devakkapet,Rural,310,1369,670,699,186,102,84,227,120,107,620,290,330,559,331,228,810,339,471,802,379,423,799,378,421,534,255,279,160,78,82,62,15,47,43,30,13,3,1,2,0,0,0,0,0,0,0,0,0,3,1,2,2,0,2,0,0,0,0,0,0,0,0,0,2,0,2,1,1,0,0,0,0,0,0,0,0,0,0,1,1,0,567,291,276
05,93,Armur,Nizamabad,10,Vailpur,570867,0000,VILLAGE,Lakhora,Rural,627,2530,1203,1327,227,100,127,358,175,183,13,5,8,1439,845,594,1091,358,733,1495,740,755,1367,663,704,257,155,102,467,339,128,498,65,433,145,104,41,128,77,51,2,1,1,105,66,39,6,2,4,15,8,7,102,61,41,2,1,1,81,51,30,4,1,3,15,8,7,26,16,10,0,0,0,24,15,9,2,1,1,0,0,0,1035,463,572
05,93,Armur,Nizamabad,10,Vailpur,570868,0000,VILLAGE,Padgal,Rural,1299,5688,2811,2877,508,251,257,1444,710,734,254,126,128,3178,1913,1265,2510,898,1612,3177,1566,1611,2690,1322,1368,902,505,397,721,382,339,661,160,501,406,275,131,487,244,243,49,21,28,360,199,161,42,3,39,36,21,15,440,223,217,30,12,18,341,189,152,36,2,34,33,20,13,47,21,26,19,9,10,19,10,9,6,1,5,3,1,2,2511,1245,1266
05,93,Armur,Nizamabad,10,Vailpur,570869,0000,VILLAGE,Pochampalle,Rural,217,904,442,462,89,54,35,200,88,112,2,0,2,516,292,224,388,150,238,525,256,269,245,117,128,114,56,58,101,49,52,12,0,12,18,12,6,280,139,141,5,1,4,165,113,52,93,13,80,17,12,5,180,127,53,4,1,3,136,103,33,26,12,14,14,11,3,100,12,88,1,0,1,29,10,19,67,1,66,3,1,2,379,186,193
05,93,Armur,Nizamabad,10,Vailpur,570870,0000,VILLAGE,Anksapur,Rural,988,3726,1782,1944,326,153,173,966,478,488,99,44,55,2106,1216,890,1620,566,1054,2082,1015,1067,1814,926,888,523,275,248,673,404,269,332,41,291,286,206,80,268,89,179,20,9,11,171,70,101,67,3,64,10,7,3,256,83,173,20,9,11,166,68,98,64,2,62,6,4,2,12,6,6,0,0,0,5,2,3,3,1,2,4,3,1,1644,767,877
05,93,Armur,Nizamabad,10,Vailpur,570871,0000,VILLAGE,Kuknur,Rural,439,1729,823,906,153,83,70,196,95,101,2,2,0,935,555,380,794,268,526,1000,467,533,506,330,176,281,214,67,106,51,55,54,15,39,65,50,15,494,137,357,15,4,11,260,91,169,155,0,155,64,42,22,486,135,351,14,3,11,258,91,167,152,0,152,62,41,21,8,2,6,1,1,0,2,0,2,3,0,3,2,1,1,729,356,373
05,93,Armur,Nizamabad,10,Vailpur,570872,0000,VILLAGE,Komanpalle,Rural,328,1194,535,659,121,59,62,347,147,200,0,0,0,648,353,295,546,182,364,723,321,402,426,189,237,136,102,34,110,46,64,134,2,132,46,39,7,297,132,165,39,20,19,192,93,99,39,2,37,27,17,10,289,129,160,39,20,19,184,90,94,39,2,37,27,17,10,8,3,5,0,0,0,8,3,5,0,0,0,0,0,0,471,214,257
05,93,Armur,Nizamabad,10,Vailpur,570873,0000,VILLAGE,Venkatapur,Rural,363,1462,704,758,119,62,57,415,193,222,16,8,8,723,399,324,739,305,434,806,388,418,741,356,385,241,138,103,266,135,131,152,42,110,82,41,41,65,32,33,5,2,3,44,23,21,6,3,3,10,4,6,65,32,33,5,2,3,44,23,21,6,3,3,10,4,6,0,0,0,0,0,0,0,0,0,0,0,0,0,0,0,656,316,340
05,93,Armur,Nizamabad,10,Vailpur,570874,0000,VILLAGE,Mothe,Rural,1023,4159,1974,2185,344,190,154,670,313,357,154,72,82,2230,1272,958,1929,702,1227,2503,1176,1327,2476,1162,1314,818,406,412,706,411,295,609,66,543,343,279,64,27,14,13,4,2,2,8,6,2,4,0,4,11,6,5,22,11,11,3,1,2,5,4,1,3,0,3,11,6,5,5,3,2,1,1,0,3,2,1,1,0,1,0,0,0,1656,798,858
05,93,Armur,Nizamabad,10,Vailpur,570875,0000,VILLAGE,Velpur,Rural,2046,8321,4059,4262,747,386,361,1435,710,725,60,35,25,4922,2814,2108,3399,1245,2154,4499,2292,2207,4273,2183,2090,786,436,350,1073,715,358,1160,161,999,1254,871,383,226,109,117,16,8,8,57,28,29,33,6,27,120,67,53,216,103,113,16,8,8,54,27,27,32,6,26,114,62,52,10,6,4,0,0,0,3,1,2,1,0,1,6,5,1,3822,1767,2055
05,93,Armur,Nizamabad,10,Vailpur,570876,0000,VILLAGE,Ameenapur,Rural,383,1413,707,706,112,67,45,394,189,205,21,12,9,771,462,309,642,245,397,792,408,384,674,321,353,94,78,16,189,146,43,284,4,280,107,93,14,118,87,31,0,0,0,104,78,26,4,0,4,10,9,1,117,87,30,0,0,0,103,78,25,4,0,4,10,9,1,1,0,1,0,0,0,1,0,1,0,0,0,0,0,0,621,299,322
05,93,Armur,Nizamabad,10,Vailpur,570877,0000,VILLAGE,Sahebpet,Rural,93,387,192,195,30,14,16,48,23,25,0,0,0,203,124,79,184,68,116,237,116,121,230,113,117,49,41,8,67,39,28,81,2,79,33,31,2,7,3,4,0,0,0,4,1,3,1,0,1,2,2,0,7,3,4,0,0,0,4,1,3,1,0,1,2,2,0,0,0,0,0,0,0,0,0,0,0,0,0,0,0,0,150,76,74
05,93,Armur,Nizamabad,10,Vailpur,570878,0000,VILLAGE,Janakampeta,Rural,398,1619,808,811,137,68,69,552,274,278,17,8,9,891,536,355,728,272,456,840,429,411,694,349,345,232,129,103,161,106,55,84,9,75,217,105,112,146,80,66,4,1,3,117,72,45,2,0,2,23,7,16,135,75,60,2,0,2,112,70,42,2,0,2,19,5,14,11,5,6,2,1,1,5,2,3,0,0,0,4,2,2,779,379,400
05,93,Armur,Nizamabad,10,Vailpur,570879,0000,VILLAGE,Narkhoda,Rural,1353,5464,2631,2833,518,259,259,854,405,449,56,26,30,2978,1682,1296,2486,949,1537,3067,1516,1551,2834,1369,1465,837,467,370,617,405,212,360,38,322,1020,459,561,233,147,86,3,2,1,163,102,61,11,2,9,56,41,15,201,129,72,3,2,1,148,93,55,9,2,7,41,32,9,32,18,14,0,0,0,15,9,6,2,0,2,15,9,6,2397,1115,1282
05,93,Armur,Nizamabad,10,Vailpur,570880,0000,VILLAGE,Wadi,Rural,271,1076,532,544,113,57,56,266,129,137,2,2,0,542,319,223,534,213,321,662,312,350,444,215,229,271,136,135,145,63,82,13,10,3,15,6,9,218,97,121,0,0,0,181,88,93,4,4,0,33,5,28,218,97,121,0,0,0,181,88,93,4,4,0,33,5,28,0,0,0,0,0,0,0,0,0,0,0,0,0,0,0,414,220,194
05,93,Armur,Nizamabad,10,Vailpur,570881,0000,VILLAGE,Kothapalle,Rural,278,1069,540,529,94,43,51,284,150,134,19,9,10,503,309,194,566,231,335,646,326,320,520,263,257,267,137,130,189,98,91,27,4,23,37,24,13,126,63,63,0,0,0,110,56,54,2,1,1,14,6,8,121,61,60,0,0,0,105,54,51,2,1,1,14,6,8,5,2,3,0,0,0,5,2,3,0,0,0,0,0,0,423,214,209
05,93,Armur,Nizamabad,10,Vailpur,570882,0000,VILLAGE,Aklur,Rural,432,1745,867,878,176,93,83,403,191,212,54,26,28,977,587,390,768,280,488,969,460,509,491,244,247,115,97,18,113,70,43,82,22,60,181,55,126,478,216,262,23,18,5,172,84,88,140,37,103,143,77,66,175,91,84,11,9,2,60,31,29,12,3,9,92,48,44,303,125,178,12,9,3,112,53,59,128,34,94,51,29,22,776,407,369
05,93,Armur,Nizamabad,11,Jakranpalle,570883,0000,VILLAGE,Munpalle,Rural,1101,4736,2300,2436,566,284,282,726,355,371,938,455,483,2443,1479,964,2293,821,1472,2714,1300,1414,2607,1251,1356,825,458,367,791,403,388,486,37,449,505,353,152,107,49,58,7,2,5,35,17,18,31,7,24,34,23,11,100,44,56,7,2,5,33,16,17,29,5,24,31,21,10,7,5,2,0,0,0,2,1,1,2,2,0,3,2,1,2022,1000,1022
05,93,Armur,Nizamabad,11,Jakranpalle,570884,0000,VILLAGE,Lakshmapur,Rural,421,1729,816,913,172,87,85,201,95,106,365,168,197,831,480,351,898,336,562,980,454,526,886,395,491,380,211,169,188,101,87,234,22,212,84,61,23,94,59,35,0,0,0,88,54,34,0,0,0,6,5,1,88,54,34,0,0,0,83,50,33,0,0,0,5,4,1,6,5,1,0,0,0,5,4,1,0,0,0,1,1,0,749,362,387
05,93,Armur,Nizamabad,11,Jakranpalle,570885,0000,VILLAGE,Narayanpet,Rural,294,1174,565,609,121,61,60,34,21,13,25,12,13,597,352,245,577,213,364,716,344,372,702,336,366,364,173,191,206,100,106,82,23,59,50,40,10,14,8,6,1,1,0,11,5,6,1,1,0,1,1,0,11,7,4,1,1,0,8,4,4,1,1,0,1,1,0,3,1,2,0,0,0,3,1,2,0,0,0,0,0,0,458,221,237
05,93,Armur,Nizamabad,11,Jakranpalle,570886,0000,VILLAGE,Argul,Rural,1003,4069,1967,2102,393,200,193,849,401,448,93,47,46,2388,1357,1031,1681,610,1071,2268,1100,1168,1733,822,911,472,266,206,386,235,151,516,66,450,359,255,104,535,278,257,76,49,27,338,176,162,59,13,46,62,40,22,498,258,240,74,47,27,327,168,159,44,10,34,53,33,20,37,20,17,2,2,0,11,8,3,15,3,12,9,7,2,1801,867,934
05,93,Armur,Nizamabad,11,Jakranpalle,570887,0000,VILLAGE,Brahmanpalle,Rural,636,2621,1235,1386,269,142,127,868,407,461,3,1,2,1530,834,696,1091,401,690,1428,691,737,1418,686,732,213,130,83,362,212,150,318,13,305,525,331,194,10,5,5,2,1,1,2,2,0,0,0,0,6,2,4,10,5,5,2,1,1,2,2,0,0,0,0,6,2,4,0,0,0,0,0,0,0,0,0,0,0,0,0,0,0,1193,544,649
05,93,Armur,Nizamabad,11,Jakranpalle,570888,0000,VILLAGE,Thorlikonda,Rural,1103,4413,2185,2228,402,212,190,1134,557,577,147,80,67,2548,1486,1062,1865,699,1166,2363,1160,1203,2316,1133,1183,413,241,172,805,475,330,621,65,556,477,352,125,47,27,20,11,5,6,23,15,8,5,0,5,8,7,1,41,24,17,10,5,5,23,15,8,4,0,4,4,4,0,6,3,3,1,0,1,0,0,0,1,0,1,4,3,1,2050,1025,1025
05,93,Armur,Nizamabad,11,Jakranpalle,570889,0000,VILLAGE,Kolipaka,Rural,583,2376,1169,1207,226,116,110,512,252,260,20,7,13,1350,793,557,1026,376,650,1326,654,672,1249,616,633,279,163,116,348,238,110,329,10,319,293,205,88,77,38,39,4,2,2,40,22,18,16,4,12,17,10,7,70,36,34,4,2,2,39,21,18,12,4,8,15,9,6,7,2,5,0,0,0,1,1,0,4,0,4,2,1,1,1050,515,535
05,93,Armur,Nizamabad,11,Jakranpalle,570890,0000,VILLAGE,Jakranpalle,Rural,1569,6228,2964,3264,605,315,290,1238,600,638,569,275,294,3406,1905,1501,2822,1059,1763,3445,1711,1734,3021,1502,1519,664,340,324,896,545,351,711,35,676,750,582,168,424,209,215,13,8,5,207,106,101,52,1,51,152,94,58,389,194,195,11,7,4,196,101,95,45,1,44,137,85,52,35,15,20,2,1,1,11,5,6,7,0,7,15,9,6,2783,1253,1530
05,93,Armur,Nizamabad,11,Jakranpalle,570891,0000,VILLAGE,Madhapur,Rural,128,538,271,267,43,25,18,32,15,17,7,4,3,341,181,160,197,90,107,292,147,145,278,142,136,77,56,21,98,65,33,5,2,3,98,19,79,14,5,9,2,1,1,3,2,1,1,1,0,8,1,7,13,4,9,2,1,1,2,1,1,1,1,0,8,1,7,1,1,0,0,0,0,1,1,0,0,0,0,0,0,0,246,124,122
05,93,Armur,Nizamabad,11,Jakranpalle,570892,0000,VILLAGE,Poppalpalle,Rural,458,2020,973,1047,256,129,127,272,127,145,925,453,472,1016,609,407,1004,364,640,1081,501,580,593,338,255,304,190,114,67,35,32,82,15,67,140,98,42,488,163,325,19,7,12,314,126,188,110,6,104,45,24,21,466,156,310,17,6,11,306,124,182,102,5,97,41,21,20,22,7,15,2,1,1,8,2,6,8,1,7,4,3,1,939,472,467
05,93,Armur,Nizamabad,11,Jakranpalle,570893,0000,VILLAGE,Sikindrapur,Rural,510,2208,1068,1140,261,121,140,289,148,141,106,57,49,1149,692,457,1059,376,683,1145,559,586,806,427,379,363,226,137,132,74,58,163,12,151,148,115,33,339,132,207,0,0,0,263,105,158,3,0,3,73,27,46,336,132,204,0,0,0,263,105,158,2,0,2,71,27,44,3,0,3,0,0,0,0,0,0,1,0,1,2,0,2,1063,509,554
05,93,Armur,Nizamabad,11,Jakranpalle,570894,0000,VILLAGE,Padkal,Rural,1215,4760,2312,2448,409,218,191,848,409,439,515,245,270,2546,1490,1056,2214,822,1392,2733,1364,1369,2325,1186,1139,368,206,162,1291,728,563,404,57,347,262,195,67,408,178,230,6,4,2,280,118,162,59,12,47,63,44,19,382,163,219,6,4,2,263,110,153,57,11,46,56,38,18,26,15,11,0,0,0,17,8,9,2,1,1,7,6,1,2027,948,1079
05,93,Armur,Nizamabad,11,Jakranpalle,570895,0000,VILLAGE,Keshpalle,Rural,502,2114,1021,1093,238,127,111,382,174,208,45,25,20,1134,667,467,980,354,626,1223,572,651,1211,570,641,521,343,178,267,160,107,350,9,341,73,58,15,12,2,10,2,1,1,2,1,1,7,0,7,1,0,1,8,2,6,2,1,1,2,1,1,3,0,3,1,0,1,4,0,4,0,0,0,0,0,0,4,0,4,0,0,0,891,449,442
05,93,Armur,Nizamabad,11,Jakranpalle,570896,0000,VILLAGE,Manoharabad,Rural,265,949,460,489,99,46,53,309,158,151,20,11,9,559,325,234,390,135,255,538,266,272,498,244,254,178,95,83,159,98,61,111,22,89,50,29,21,40,22,18,7,5,2,10,10,0,9,1,8,14,6,8,40,22,18,7,5,2,10,10,0,9,1,8,14,6,8,0,0,0,0,0,0,0,0,0,0,0,0,0,0,0,411,194,217
05,93,Armur,Nizamabad,11,Jakranpalle,570897,0000,VILLAGE,Kaligote,Rural,997,4054,2000,2054,377,215,162,523,238,285,57,31,26,2143,1254,889,1911,746,1165,2204,1087,1117,2077,1020,1057,651,406,245,556,300,256,554,41,513,316,273,43,127,67,60,3,1,2,20,13,7,12,1,11,92,52,40,39,21,18,3,1,2,11,8,3,11,1,10,14,11,3,88,46,42,0,0,0,9,5,4,1,0,1,78,41,37,1850,913,937
05,93,Armur,Nizamabad,11,Jakranpalle,570898,0000,VILLAGE,Chintalur,Rural,397,1516,728,788,128,63,65,187,88,99,15,10,5,783,443,340,733,285,448,811,434,377,691,396,295,218,121,97,292,202,90,108,18,90,73,55,18,120,38,82,3,1,2,61,30,31,42,0,42,14,7,7,113,36,77,3,1,2,60,30,30,38,0,38,12,5,7,7,2,5,0,0,0,1,0,1,4,0,4,2,2,0,705,294,411
05,91,Nizamabad,Nizamabad,12,Makloor,570899,0000,VILLAGE,Gunjali,Rural,821,3144,1521,1623,312,173,139,433,207,226,16,5,11,1503,835,668,1641,686,955,1751,885,866,1694,864,830,533,448,85,647,274,373,319,16,303,195,126,69,57,21,36,0,0,0,45,18,27,8,0,8,4,3,1,21,7,14,0,0,0,13,5,8,5,0,5,3,2,1,36,14,22,0,0,0,32,13,19,3,0,3,1,1,0,1393,636,757
05,91,Nizamabad,Nizamabad,12,Makloor,570900,0000,VILLAGE,Dharmora,Rural,270,1043,499,544,109,57,52,398,189,209,277,135,142,471,295,176,572,204,368,645,303,342,630,295,335,32,24,8,461,226,235,88,9,79,49,36,13,15,8,7,0,0,0,14,7,7,0,0,0,1,1,0,15,8,7,0,0,0,14,7,7,0,0,0,1,1,0,0,0,0,0,0,0,0,0,0,0,0,0,0,0,0,398,196,202
05,91,Nizamabad,Nizamabad,12,Makloor,570901,0000,VILLAGE,Chikli,Rural,386,1533,747,786,166,88,78,322,155,167,0,0,0,731,430,301,802,317,485,828,422,406,822,420,402,468,284,184,139,65,74,158,24,134,57,47,10,6,2,4,3,1,2,0,0,0,1,0,1,2,1,1,3,1,2,3,1,2,0,0,0,0,0,0,0,0,0,3,1,2,0,0,0,0,0,0,1,0,1,2,1,1,705,325,380
05,91,Nizamabad,Nizamabad,12,Makloor,570902,0000,VILLAGE,Vallabhapur,Rural,185,777,367,410,90,49,41,165,72,93,65,30,35,406,222,184,371,145,226,404,194,210,402,192,210,88,78,10,141,68,73,127,13,114,46,33,13,2,2,0,1,1,0,0,0,0,0,0,0,1,1,0,2,2,0,1,1,0,0,0,0,0,0,0,1,1,0,0,0,0,0,0,0,0,0,0,0,0,0,0,0,0,373,173,200
05,91,Nizamabad,Nizamabad,12,Makloor,570903,0000,VILLAGE,Metpalle,Rural,140,489,235,254,61,30,31,237,109,128,14,7,7,205,126,79,284,109,175,269,147,122,163,90,73,67,57,10,51,17,34,23,1,22,22,15,7,106,57,49,0,0,0,0,0,0,1,1,0,105,56,49,106,57,49,0,0,0,0,0,0,1,1,0,105,56,49,0,0,0,0,0,0,0,0,0,0,0,0,0,0,0,220,88,132
05,91,Nizamabad,Nizamabad,12,Makloor,570904,0000,VILLAGE,Mamdapur,Rural,139,534,252,282,52,23,29,235,108,127,96,48,48,249,146,103,285,106,179,293,146,147,291,145,146,131,86,45,107,44,63,32,3,29,21,12,9,2,1,1,0,0,0,2,1,1,0,0,0,0,0,0,0,0,0,0,0,0,0,0,0,0,0,0,0,0,0,2,1,1,0,0,0,2,1,1,0,0,0,0,0,0,241,106,135
05,91,Nizamabad,Nizamabad,12,Makloor,570905,0000,VILLAGE,Lakhmapur,Rural,75,285,142,143,17,6,11,6,4,2,0,0,0,201,101,100,84,41,43,148,93,55,147,93,54,43,41,2,56,36,20,0,0,0,48,16,32,1,0,1,1,0,1,0,0,0,0,0,0,0,0,0,1,0,1,1,0,1,0,0,0,0,0,0,0,0,0,0,0,0,0,0,0,0,0,0,0,0,0,0,0,0,137,49,88
05,91,Nizamabad,Nizamabad,12,Makloor,570906,0000,VILLAGE,Venkatapur,Rural,95,361,189,172,27,15,12,85,44,41,64,35,29,225,136,89,136,53,83,162,105,57,162,105,57,34,29,5,67,44,23,26,1,25,35,31,4,0,0,0,0,0,0,0,0,0,0,0,0,0,0,0,0,0,0,0,0,0,0,0,0,0,0,0,0,0,0,0,0,0,0,0,0,0,0,0,0,0,0,0,0,0,199,84,115
05,91,Nizamabad,Nizamabad,12,Makloor,570907,0000,VILLAGE,Gottimukkala,Rural,567,2193,1041,1152,208,105,103,436,193,243,244,120,124,1162,679,483,1031,362,669,1203,575,628,1175,569,606,145,110,35,638,373,265,289,22,267,103,64,39,28,6,22,1,0,1,9,4,5,15,0,15,3,2,1,26,6,20,1,0,1,9,4,5,13,0,13,3,2,1,2,0,2,0,0,0,0,0,0,2,0,2,0,0,0,990,466,524
05,91,Nizamabad,Nizamabad,12,Makloor,570908,0000,VILLAGE,Bonkanpalle,Rural,791,2947,1407,1540,303,158,145,655,300,355,134,65,69,1639,924,715,1308,483,825,1581,809,772,1431,735,696,243,203,40,703,358,345,255,6,249,230,168,62,150,74,76,2,1,1,3,0,3,13,0,13,132,73,59,150,74,76,2,1,1,3,0,3,13,0,13,132,73,59,0,0,0,0,0,0,0,0,0,0,0,0,0,0,0,1366,598,768
05,91,Nizamabad,Nizamabad,12,Makloor,570909,0000,VILLAGE,Mullangi (Binala),Rural,309,1185,568,617,115,74,41,256,122,134,24,10,14,660,374,286,525,194,331,655,317,338,573,279,294,205,148,57,202,92,110,113,1,112,53,38,15,82,38,44,18,15,3,47,18,29,10,0,10,7,5,2,71,31,40,13,11,2,43,15,28,8,0,8,7,5,2,11,7,4,5,4,1,4,3,1,2,0,2,0,0,0,530,251,279
05,91,Nizamabad,Nizamabad,12,Makloor,570910,0000,VILLAGE,Makloor,Rural,2083,8867,4214,4653,1012,488,524,1240,601,639,2122,949,1173,4765,2647,2118,4102,1567,2535,4296,2296,2000,3478,1922,1556,831,583,248,1278,734,544,562,20,542,807,585,222,818,374,444,28,16,12,358,165,193,131,5,126,301,188,113,730,331,399,27,16,11,336,156,180,122,4,118,245,155,90,88,43,45,1,0,1,22,9,13,9,1,8,56,33,23,4571,1918,2653
05,93,Armur,Nizamabad,30,Aloor,570911,0000,VILLAGE,Kalladi,Rural,1470,5634,2648,2986,590,302,288,1218,554,664,333,156,177,2944,1667,1277,2690,981,1709,3196,1471,1725,3055,1421,1634,1090,672,418,1035,519,516,675,40,635,255,190,65,141,50,91,17,7,10,42,15,27,24,2,22,58,26,32,83,32,51,10,4,6,28,11,17,10,2,8,35,15,20,58,18,40,7,3,4,14,4,10,14,0,14,23,11,12,2438,1177,1261
05,93,Armur,Nizamabad,30,Aloor,570912,0000,VILLAGE,Gutpa,Rural,1539,6628,3179,3449,687,360,327,1673,787,886,936,451,485,3584,2148,1436,3044,1031,2013,3642,1777,1865,3238,1648,1590,1405,882,523,822,442,380,666,65,601,345,259,86,404,129,275,9,4,5,365,109,256,2,2,0,28,14,14,396,125,271,8,3,5,360,107,253,2,2,0,26,13,13,8,4,4,1,1,0,5,2,3,0,0,0,2,1,1,2986,1402,1584
05,91,Nizamabad,Nizamabad,12,Makloor,570913,0000,VILLAGE,Mamidipalle,Rural,607,2487,1202,1285,298,144,154,586,270,316,195,93,102,1237,719,518,1250,483,767,1332,660,672,1238,612,626,257,180,77,183,98,85,326,17,309,472,317,155,94,48,46,2,1,1,54,28,26,1,0,1,37,19,18,88,46,42,2,1,1,50,27,23,1,0,1,35,18,17,6,2,4,0,0,0,4,1,3,0,0,0,2,1,1,1155,542,613
05,91,Nizamabad,Nizamabad,12,Makloor,570914,0000,VILLAGE,Chinnapur,Rural,452,1624,726,898,191,105,86,180,79,101,70,34,36,814,432,382,810,294,516,917,406,511,911,405,506,293,194,99,240,100,140,266,20,246,112,91,21,6,1,5,1,0,1,2,0,2,2,0,2,1,1,0,5,0,5,1,0,1,2,0,2,2,0,2,0,0,0,1,1,0,0,0,0,0,0,0,0,0,0,1,1,0,707,320,387
05,91,Nizamabad,Nizamabad,12,Makloor,570915,0000,VILLAGE,Singampalle,Rural,122,530,263,267,67,38,29,77,36,41,369,185,184,266,162,104,264,101,163,278,130,148,259,121,138,106,66,40,122,35,87,4,0,4,27,20,7,19,9,10,0,0,0,15,5,10,0,0,0,4,4,0,13,7,6,0,0,0,10,4,6,0,0,0,3,3,0,6,2,4,0,0,0,5,1,4,0,0,0,1,1,0,252,133,119
05,91,Nizamabad,Nizamabad,12,Makloor,570916,0000,VILLAGE,Borgaon (Kalan),Rural,771,3106,1477,1629,340,169,171,520,236,284,125,55,70,1686,979,707,1420,498,922,1633,849,784,1586,829,757,405,321,84,449,247,202,426,21,405,306,240,66,47,20,27,0,0,0,22,11,11,5,1,4,20,8,12,26,13,13,0,0,0,15,8,7,1,0,1,10,5,5,21,7,14,0,0,0,7,3,4,4,1,3,10,3,7,1473,628,845
05,91,Nizamabad,Nizamabad,12,Makloor,570917,0000,VILLAGE,Manik Bhandar,Rural,1402,6124,3062,3062,734,403,331,704,354,350,1294,599,695,3699,2089,1610,2425,973,1452,2635,1443,1192,2292,1277,1015,545,320,225,557,289,268,411,33,378,779,635,144,343,166,177,2,2,0,177,107,70,93,3,90,71,54,17,272,146,126,2,2,0,125,89,36,79,3,76,66,52,14,71,20,51,0,0,0,52,18,34,14,0,14,5,2,3,3489,1619,1870
05,91,Nizamabad,Nizamabad,12,Makloor,570918,0000,VILLAGE,Amrad,Rural,1171,4844,2318,2526,522,287,235,376,175,201,785,385,400,2359,1390,969,2485,928,1557,2715,1317,1398,2488,1193,1295,807,533,274,731,390,341,649,22,627,301,248,53,227,124,103,5,4,1,107,58,49,7,3,4,108,59,49,122,72,50,5,4,1,67,39,28,3,2,1,47,27,20,105,52,53,0,0,0,40,19,21,4,1,3,61,32,29,2129,1001,1128
05,91,Nizamabad,Nizamabad,12,Makloor,570919,0000,VILLAGE,Vaddatipalle,Rural,394,1501,710,791,166,81,85,329,149,180,0,0,0,757,448,309,744,262,482,807,375,432,799,372,427,209,158,51,244,145,99,160,4,156,186,65,121,8,3,5,0,0,0,2,1,1,0,0,0,6,2,4,5,1,4,0,0,0,1,0,1,0,0,0,4,1,3,3,2,1,0,0,0,1,1,0,0,0,0,2,1,1,694,335,359
05,91,Nizamabad,Nizamabad,12,Makloor,570920,0000,VILLAGE,Madanpalle,Rural,711,2752,1293,1459,292,164,128,375,181,194,746,367,379,1414,817,597,1338,476,862,1489,700,789,1368,609,759,324,232,92,469,231,238,409,22,387,166,124,42,121,91,30,3,3,0,99,72,27,2,0,2,17,16,1,36,30,6,2,2,0,21,17,4,2,0,2,11,11,0,85,61,24,1,1,0,78,55,23,0,0,0,6,5,1,1263,593,670
05,91,Nizamabad,Nizamabad,20,Nizamabad_Rural,570921,0000,VILLAGE,Malkapur,Rural,274,1160,551,609,139,70,69,242,117,125,22,8,14,473,265,208,687,286,401,655,324,331,588,303,285,58,50,8,385,211,174,0,0,0,145,42,103,67,21,46,2,1,1,34,17,17,3,0,3,28,3,25,60,20,40,2,1,1,31,16,15,1,0,1,26,3,23,7,1,6,0,0,0,3,1,2,2,0,2,2,0,2,505,227,278
05,91,Nizamabad,Nizamabad,20,Nizamabad_Rural,570922,0000,VILLAGE,Gundaram,Rural,1442,6179,2981,3198,702,348,354,687,324,363,21,9,12,3421,1896,1525,2758,1085,1673,2965,1697,1268,2376,1418,958,272,231,41,916,626,290,515,47,468,673,514,159,589,279,310,57,39,18,348,135,213,35,8,27,149,97,52,533,237,296,18,9,9,343,131,212,34,8,26,138,89,49,56,42,14,39,30,9,5,4,1,1,0,1,11,8,3,3214,1284,1930
05,91,Nizamabad,Nizamabad,20,Nizamabad_Rural,570923,0000,VILLAGE,Laxmapur,Rural,148,666,333,333,72,34,38,49,23,26,60,31,29,414,243,171,252,90,162,324,193,131,321,191,130,75,70,5,111,81,30,97,9,88,38,31,7,3,2,1,0,0,0,1,0,1,0,0,0,2,2,0,3,2,1,0,0,0,1,0,1,0,0,0,2,2,0,0,0,0,0,0,0,0,0,0,0,0,0,0,0,0,342,140,202
05,91,Nizamabad,Nizamabad,20,Nizamabad_Rural,570924,0000,VILLAGE,Jalalpur,Rural,317,1262,585,677,117,54,63,514,240,274,8,5,3,697,404,293,565,181,384,667,364,303,625,342,283,165,129,36,220,115,105,83,4,79,157,94,63,42,22,20,3,2,1,13,7,6,9,3,6,17,10,7,39,21,18,3,2,1,13,7,6,8,3,5,15,9,6,3,1,2,0,0,0,0,0,0,1,0,1,2,1,1,595,221,374
05,91,Nizamabad,Nizamabad,20,Nizamabad_Rural,570925,0000,VILLAGE,Palda,Rural,561,2141,1031,1110,196,102,94,384,182,202,9,3,6,1081,638,443,1060,393,667,1187,587,600,971,481,490,419,278,141,209,127,82,256,10,246,87,66,21,216,106,110,4,1,3,169,93,76,23,2,21,20,10,10,210,104,106,4,1,3,167,92,75,21,2,19,18,9,9,6,2,4,0,0,0,2,1,1,2,0,2,2,1,1,954,444,510
05,91,Nizamabad,Nizamabad,20,Nizamabad_Rural,570926,0000,VILLAGE,Tirmanpalle,Rural,139,530,247,283,50,22,28,32,15,17,33,18,15,286,163,123,244,84,160,373,187,186,345,172,173,92,70,22,100,62,38,105,5,100,48,35,13,28,15,13,0,0,0,2,2,0,3,0,3,23,13,10,27,15,12,0,0,0,2,2,0,2,0,2,23,13,10,1,0,1,0,0,0,0,0,0,1,0,1,0,0,0,157,60,97
05,91,Nizamabad,Nizamabad,20,Nizamabad_Rural,570927,0000,VILLAGE,Kondur,Rural,844,3441,1682,1759,377,192,185,679,323,356,95,42,53,1706,996,710,1735,686,1049,2021,1027,994,1828,989,839,334,262,72,1000,544,456,260,6,254,234,177,57,193,38,155,6,3,3,11,6,5,90,0,90,86,29,57,155,35,120,6,3,3,10,5,5,56,0,56,83,27,56,38,3,35,0,0,0,1,1,0,34,0,34,3,2,1,1420,655,765
05,91,Nizamabad,Nizamabad,20,Nizamabad_Rural,570928,0000,VILLAGE,Kalur,Rural,665,2584,1199,1385,266,127,139,425,192,233,74,35,39,1417,811,606,1167,388,779,1557,751,806,1128,564,564,320,246,74,253,136,117,279,11,268,276,171,105,429,187,242,179,88,91,95,37,58,63,22,41,92,40,52,417,184,233,178,87,91,89,36,53,63,22,41,87,39,48,12,3,9,1,1,0,6,1,5,0,0,0,5,1,4,1027,448,579
05,91,Nizamabad,Nizamabad,20,Nizamabad_Rural,570929,0000,VILLAGE,Mubaraknagar,Rural,1217,5135,2503,2632,506,271,235,894,444,450,62,30,32,3558,1916,1642,1577,587,990,2324,1396,928,2244,1361,883,310,210,100,376,197,179,187,18,169,1371,936,435,80,35,45,11,7,4,20,3,17,0,0,0,49,25,24,63,28,35,11,7,4,11,1,10,0,0,0,41,20,21,17,7,10,0,0,0,9,2,7,0,0,0,8,5,3,2811,1107,1704
05,91,Nizamabad,Nizamabad,20,Nizamabad_Rural,570930,0000,VILLAGE,Khanapur,Rural,1148,4956,2468,2488,617,314,303,565,272,293,16,9,7,2578,1529,1049,2378,939,1439,2637,1486,1151,2190,1249,941,183,140,43,532,318,214,458,126,332,1017,665,352,447,237,210,5,1,4,100,53,47,25,4,21,317,179,138,427,230,197,5,1,4,98,52,46,18,4,14,306,173,133,20,7,13,0,0,0,2,1,1,7,0,7,11,6,5,2319,982,1337
05,91,Nizamabad,Nizamabad,20,Nizamabad_Rural,570931,0000,VILLAGE,Sarangapur,Rural,772,3715,1975,1740,448,218,230,240,147,93,815,414,401,1857,1129,728,1858,846,1012,1940,1223,717,1609,933,676,187,109,78,769,387,382,125,18,107,528,419,109,331,290,41,44,43,1,125,110,15,6,0,6,156,137,19,326,290,36,44,43,1,125,110,15,2,0,2,155,137,18,5,0,5,0,0,0,0,0,0,4,0,4,1,0,1,1775,752,1023
05,91,Nizamabad,Nizamabad,20,Nizamabad_Rural,570933,0000,VILLAGE,Gopanpalle,Rural,741,2959,1405,1554,360,174,186,484,234,250,23,10,13,1796,995,801,1163,410,753,1499,778,721,1439,754,685,506,321,185,192,81,111,309,36,273,432,316,116,60,24,36,10,4,6,18,9,9,14,0,14,18,11,7,54,23,31,10,4,6,17,8,9,9,0,9,18,11,7,6,1,5,0,0,0,1,1,0,5,0,5,0,0,0,1460,627,833
05,91,Nizamabad,Nizamabad,20,Nizamabad_Rural,570934,0000,VILLAGE,Keshapur,Rural,181,739,356,383,64,36,28,223,96,127,3,2,1,387,219,168,352,137,215,417,204,213,411,203,208,223,156,67,16,14,2,126,9,117,46,24,22,6,1,5,0,0,0,0,0,0,2,0,2,4,1,3,5,1,4,0,0,0,0,0,0,2,0,2,3,1,2,1,0,1,0,0,0,0,0,0,0,0,0,1,0,1,322,152,170
05,91,Nizamabad,Nizamabad,20,Nizamabad_Rural,570935,0000,VILLAGE,Pangra,Rural,1105,6149,3693,2456,435,252,183,679,377,302,403,261,142,4934,3153,1781,1215,540,675,1750,1155,595,1485,1073,412,125,105,20,229,138,91,28,13,15,1103,817,286,265,82,183,18,5,13,130,26,104,7,1,6,110,50,60,259,80,179,17,5,12,127,25,102,7,1,6,108,49,59,6,2,4,1,0,1,3,1,2,0,0,0,2,1,1,4399,2538,1861
05,91,Nizamabad,Nizamabad,22,Mugpal,570936,0000,VILLAGE,Borgaon (P),Rural,2116,9201,4544,4657,907,463,444,1145,548,597,303,147,156,5976,3347,2629,3225,1197,2028,3928,2326,1602,3334,1982,1352,381,307,74,759,469,290,608,63,545,1586,1143,443,594,344,250,42,26,16,281,154,127,32,12,20,239,152,87,466,290,176,32,20,12,195,119,76,24,11,13,215,140,75,128,54,74,10,6,4,86,35,51,8,1,7,24,12,12,5273,2218,3055
05,91,Nizamabad,Nizamabad,22,Mugpal,570937,0000,VILLAGE,Thana Khurd,Rural,264,1053,512,541,97,48,49,350,180,170,0,0,0,582,340,242,471,172,299,580,315,265,569,312,257,274,187,87,133,71,62,0,0,0,162,54,108,11,3,8,0,0,0,3,1,2,0,0,0,8,2,6,8,2,6,0,0,0,1,1,0,0,0,0,7,1,6,3,1,2,0,0,0,2,0,2,0,0,0,1,1,0,473,197,276
05,91,Nizamabad,Nizamabad,22,Mugpal,570938,0000,VILLAGE,Mugpal,Rural,797,3469,1721,1748,341,165,176,698,335,363,21,17,4,1783,1073,710,1686,648,1038,1818,929,889,1806,923,883,389,291,98,582,371,211,509,18,491,326,243,83,12,6,6,1,1,0,3,1,2,2,0,2,6,4,2,10,6,4,1,1,0,3,1,2,0,0,0,6,4,2,2,0,2,0,0,0,0,0,0,2,0,2,0,0,0,1651,792,859
05,91,Nizamabad,Nizamabad,22,Mugpal,570939,0000,VILLAGE,Nyalkal,Rural,936,3909,1833,2076,387,183,204,359,165,194,103,44,59,1940,1106,834,1969,727,1242,2178,1098,1080,2075,1065,1010,531,397,134,729,425,304,522,61,461,293,182,111,103,33,70,7,4,3,30,10,20,46,3,43,20,16,4,89,29,60,7,4,3,30,10,20,38,2,36,14,13,1,14,4,10,0,0,0,0,0,0,8,1,7,6,3,3,1731,735,996
05,91,Nizamabad,Nizamabad,20,Nizamabad_Rural,570940,0000,VILLAGE,Dharmaram,Rural,407,1738,856,882,187,103,84,253,127,126,637,309,328,731,458,273,1007,398,609,1001,483,518,1001,483,518,261,210,51,495,211,284,180,6,174,65,56,9,0,0,0,0,0,0,0,0,0,0,0,0,0,0,0,0,0,0,0,0,0,0,0,0,0,0,0,0,0,0,0,0,0,0,0,0,0,0,0,0,0,0,0,0,0,737,373,364
05,91,Nizamabad,Nizamabad,20,Nizamabad_Rural,570941,0000,VILLAGE,Mallaram,Rural,961,4539,2143,2396,529,256,273,344,146,198,1746,858,888,2290,1296,994,2249,847,1402,2375,1199,1176,1795,948,847,228,158,70,847,380,467,22,15,7,698,395,303,580,251,329,68,44,24,288,143,145,58,1,57,166,63,103,574,249,325,68,44,24,288,143,145,57,1,56,161,61,100,6,2,4,0,0,0,0,0,0,1,0,1,5,2,3,2164,944,1220
05,91,Nizamabad,Nizamabad,20,Nizamabad_Rural,570942,0000,VILLAGE,Muthakunta,Rural,268,1131,571,560,138,75,63,190,100,90,228,114,114,503,311,192,628,260,368,685,332,353,613,317,296,304,156,148,200,107,93,96,47,49,13,7,6,72,15,57,2,1,1,15,2,13,41,5,36,14,7,7,64,11,53,2,1,1,14,1,13,37,4,33,11,5,6,8,4,4,0,0,0,1,1,0,4,1,3,3,2,1,446,239,207
05,91,Nizamabad,Nizamabad,20,Nizamabad_Rural,570943,0000,VILLAGE,Malkapur (J),Rural,792,3871,1925,1946,461,237,224,201,100,101,1522,738,784,1752,1077,675,2119,848,1271,2036,1011,1025,1994,997,997,837,419,418,758,352,406,101,12,89,298,214,84,42,14,28,12,3,9,18,6,12,1,0,1,11,5,6,42,14,28,12,3,9,18,6,12,1,0,1,11,5,6,0,0,0,0,0,0,0,0,0,0,0,0,0,0,0,1835,914,921
05,91,Nizamabad,Nizamabad,22,Mugpal,570944,0000,VILLAGE,Sirpur,Rural,623,2684,1218,1466,264,133,131,346,153,193,169,80,89,1147,630,517,1537,588,949,1536,684,852,1426,632,794,388,236,152,504,257,247,377,32,345,157,107,50,110,52,58,35,19,16,53,24,29,9,1,8,13,8,5,99,46,53,34,18,16,46,21,25,8,1,7,11,6,5,11,6,5,1,1,0,7,3,4,1,0,1,2,2,0,1148,534,614
05,91,Nizamabad,Nizamabad,22,Mugpal,570945,0000,VILLAGE,Kanjar,Rural,1143,4829,2317,2512,546,276,270,562,269,293,7,4,3,2211,1271,940,2618,1046,1572,2819,1408,1411,2804,1403,1401,935,681,254,920,538,382,471,23,448,478,161,317,15,5,10,3,1,2,1,1,0,6,0,6,5,3,2,14,5,9,2,1,1,1,1,0,6,0,6,5,3,2,1,0,1,1,0,1,0,0,0,0,0,0,0,0,0,2010,909,1101
05,91,Nizamabad,Nizamabad,23,Dichpalle,570946,0000,VILLAGE,Mullangi,Rural,433,1816,868,948,145,78,67,328,154,174,1,1,0,893,489,404,923,379,544,985,472,513,824,406,418,264,209,55,147,92,55,204,20,184,209,85,124,161,66,95,17,8,9,66,36,30,57,3,54,21,19,2,70,31,39,6,2,4,30,14,16,19,2,17,15,13,2,91,35,56,11,6,5,36,22,14,38,1,37,6,6,0,831,396,435
05,91,Nizamabad,Nizamabad,22,Mugpal,570947,0000,VILLAGE,Kulaspur,Rural,1056,4653,2136,2517,635,318,317,433,198,235,959,464,495,2022,1134,888,2631,1002,1629,2323,1053,1270,2216,1008,1208,727,505,222,475,279,196,651,52,599,363,172,191,107,45,62,6,0,6,37,29,8,46,2,44,18,14,4,79,34,45,6,0,6,27,19,8,31,2,29,15,13,2,28,11,17,0,0,0,10,10,0,15,0,15,3,1,2,2330,1083,1247
05,91,Nizamabad,Nizamabad,22,Mugpal,570948,0000,VILLAGE,Chinnapur,Rural,158,638,276,362,64,34,30,95,31,64,158,77,81,261,132,129,377,144,233,394,156,238,198,71,127,162,61,101,13,6,7,16,2,14,7,2,5,196,85,111,19,8,11,173,74,99,2,1,1,2,2,0,192,83,109,19,8,11,171,74,97,2,1,1,0,0,0,4,2,2,0,0,0,2,0,2,0,0,0,2,2,0,244,120,124
05,91,Nizamabad,Nizamabad,22,Mugpal,570949,0000,VILLAGE,Badsi,Rural,581,2514,1214,1300,252,134,118,401,210,191,172,75,97,1107,627,480,1407,587,820,1492,723,769,972,465,507,544,302,242,139,74,65,210,39,171,79,50,29,520,258,262,5,2,3,442,223,219,18,3,15,55,30,25,482,239,243,5,2,3,433,219,214,10,1,9,34,17,17,38,19,19,0,0,0,9,4,5,8,2,6,21,13,8,1022,491,531
05,91,Nizamabad,Nizamabad,22,Mugpal,570950,0000,VILLAGE,Mudakpalle,Rural,1426,6359,3161,3198,616,321,295,639,314,325,1578,827,751,3018,1835,1183,3341,1326,2015,3448,1687,1761,3209,1583,1626,1313,795,518,784,464,320,728,39,689,384,285,99,239,104,135,31,15,16,58,25,33,56,6,50,94,58,36,219,91,128,29,14,15,52,22,30,56,6,50,82,49,33,20,13,7,2,1,1,6,3,3,0,0,0,12,9,3,2911,1474,1437
05,91,Nizamabad,Nizamabad,22,Mugpal,570951,0000,VILLAGE,Kalpole,Rural,206,943,468,475,169,99,70,5,1,4,321,156,165,294,179,115,649,289,360,470,219,251,449,209,240,19,9,10,421,192,229,0,0,0,9,8,1,21,10,11,0,0,0,19,9,10,0,0,0,2,1,1,21,10,11,0,0,0,19,9,10,0,0,0,2,1,1,0,0,0,0,0,0,0,0,0,0,0,0,0,0,0,473,249,224
05,91,Nizamabad,Nizamabad,22,Mugpal,570952,0000,VILLAGE,Bhairapur,Rural,212,1014,506,508,143,78,65,26,14,12,912,454,458,644,351,293,370,155,215,501,253,248,346,233,113,250,180,70,33,7,26,2,2,0,61,44,17,155,20,135,80,6,74,52,9,43,2,0,2,21,5,16,78,15,63,39,6,33,33,7,26,1,0,1,5,2,3,77,5,72,41,0,41,19,2,17,1,0,1,16,3,13,513,253,260
05,91,Nizamabad,Nizamabad,22,Mugpal,570953,0000,VILLAGE,Manchippa,Rural,750,3278,1468,1810,375,161,214,474,225,249,636,325,311,1531,853,678,1747,615,1132,1835,858,977,1052,507,545,334,243,91,257,147,110,296,17,279,165,100,65,783,351,432,12,6,6,687,320,367,47,6,41,37,19,18,776,348,428,12,6,6,685,320,365,45,4,41,34,18,16,7,3,4,0,0,0,2,0,2,2,2,0,3,1,2,1443,610,833
05,91,Nizamabad,Nizamabad,22,Mugpal,570954,0000,VILLAGE,Amrabad,Rural,238,1433,701,732,212,97,115,4,1,3,1397,687,710,443,279,164,990,422,568,793,364,429,618,290,328,375,169,206,211,107,104,1,0,1,31,14,17,175,74,101,14,4,10,130,56,74,4,0,4,27,14,13,171,73,98,14,4,10,126,55,71,4,0,4,27,14,13,4,1,3,0,0,0,4,1,3,0,0,0,0,0,0,640,337,303
05,91,Nizamabad,Nizamabad,22,Mugpal,570955,0000,VILLAGE,Yellamkunta,Rural,119,660,324,336,104,49,55,49,25,24,584,287,297,87,74,13,573,250,323,376,175,201,374,173,201,335,152,183,29,15,14,0,0,0,10,6,4,2,2,0,1,1,0,0,0,0,0,0,0,1,1,0,2,2,0,1,1,0,0,0,0,0,0,0,1,1,0,0,0,0,0,0,0,0,0,0,0,0,0,0,0,0,284,149,135
05,92,Bodhan,Nizamabad,14,Yeda_Palle,570956,0000,VILLAGE,Ambam,Rural,383,1616,790,826,149,74,75,359,165,194,6,4,2,653,377,276,963,413,550,1047,519,528,983,498,485,254,149,105,557,291,266,90,19,71,82,39,43,64,21,43,1,0,1,5,2,3,0,0,0,58,19,39,63,21,42,1,0,1,4,2,2,0,0,0,58,19,39,1,0,1,0,0,0,1,0,1,0,0,0,0,0,0,569,271,298
05,92,Bodhan,Nizamabad,14,Yeda_Palle,570957,0000,VILLAGE,Brahammanpalle,Rural,224,920,436,484,121,57,64,225,101,124,7,2,5,489,265,224,431,171,260,481,247,234,462,239,223,304,187,117,45,22,23,72,0,72,41,30,11,19,8,11,2,1,1,14,6,8,1,0,1,2,1,1,17,7,10,2,1,1,12,5,7,1,0,1,2,1,1,2,1,1,0,0,0,2,1,1,0,0,0,0,0,0,439,189,250
05,92,Bodhan,Nizamabad,14,Yeda_Palle,570958,0000,VILLAGE,Jaithapur,Rural,439,1527,755,772,159,80,79,150,75,75,21,7,14,925,505,420,602,250,352,719,426,293,472,330,142,157,150,7,194,95,99,36,23,13,85,62,23,247,96,151,0,0,0,206,93,113,34,0,34,7,3,4,221,85,136,0,0,0,182,82,100,33,0,33,6,3,3,26,11,15,0,0,0,24,11,13,1,0,1,1,0,1,808,329,479
05,92,Bodhan,Nizamabad,14,Yeda_Palle,570959,0000,VILLAGE,Pocharam,Rural,287,1195,593,602,101,58,43,572,279,293,7,3,4,688,405,283,507,188,319,599,306,293,469,242,227,43,31,12,254,138,116,98,13,85,74,60,14,130,64,66,5,4,1,120,59,61,4,1,3,1,0,1,130,64,66,5,4,1,120,59,61,4,1,3,1,0,1,0,0,0,0,0,0,0,0,0,0,0,0,0,0,0,596,287,309
05,92,Bodhan,Nizamabad,14,Yeda_Palle,570960,0000,VILLAGE,Jankampet,Rural,2203,10086,5036,5050,1330,710,620,613,294,319,153,77,76,5671,3100,2571,4415,1936,2479,4042,2800,1242,3627,2608,1019,238,205,33,857,620,237,571,89,482,1961,1694,267,415,192,223,36,19,17,96,70,26,187,34,153,96,69,27,339,165,174,34,19,15,72,49,23,142,32,110,91,65,26,76,27,49,2,0,2,24,21,3,45,2,43,5,4,1,6044,2236,3808
05,92,Bodhan,Nizamabad,14,Yeda_Palle,570961,0000,VILLAGE,Thanekalan,Rural,992,4058,1972,2086,398,208,190,873,429,444,406,187,219,2177,1253,924,1881,719,1162,2224,1136,1088,1974,1014,960,258,205,53,964,505,459,388,36,352,364,268,96,250,122,128,2,1,1,98,54,44,35,3,32,115,64,51,240,117,123,2,1,1,93,52,41,34,2,32,111,62,49,10,5,5,0,0,0,5,2,3,1,1,0,4,2,2,1834,836,998
05,92,Bodhan,Nizamabad,14,Yeda_Palle,570962,0000,VILLAGE,Jamlam,Rural,395,1648,792,856,195,101,94,494,240,254,0,0,0,929,519,410,719,273,446,903,471,432,756,447,309,87,74,13,363,201,162,80,3,77,226,169,57,147,24,123,21,6,15,39,9,30,68,1,67,19,8,11,144,22,122,21,6,15,36,7,29,68,1,67,19,8,11,3,2,1,0,0,0,3,2,1,0,0,0,0,0,0,745,321,424
05,92,Bodhan,Nizamabad,14,Yeda_Palle,570963,0000,VILLAGE,Yedpalle,Rural,3141,13469,6484,6985,1463,737,726,1481,740,741,1088,512,576,7350,4013,3337,6119,2471,3648,6685,3600,3085,4841,2689,2152,658,529,129,2068,1132,936,799,113,686,1316,915,401,1844,911,933,46,39,7,1516,710,806,66,14,52,216,148,68,1786,886,900,46,39,7,1473,692,781,57,12,45,210,143,67,58,25,33,0,0,0,43,18,25,9,2,7,6,5,1,6784,2884,3900
05,92,Bodhan,Nizamabad,14,Yeda_Palle,570965,0000,VILLAGE,Mangalpahad,Rural,578,2319,1111,1208,261,137,124,368,173,195,16,6,10,1081,609,472,1238,502,736,1248,648,600,431,220,211,125,109,16,5,4,1,66,8,58,235,99,136,817,428,389,30,23,7,674,369,305,34,6,28,79,30,49,664,357,307,26,20,6,564,315,249,16,4,12,58,18,40,153,71,82,4,3,1,110,54,56,18,2,16,21,12,9,1071,463,608
05,92,Bodhan,Nizamabad,14,Yeda_Palle,570967,0000,VILLAGE,Kurnapalle,Rural,761,3190,1525,1665,295,155,140,317,148,169,8,4,4,1695,953,742,1495,572,923,1676,869,807,1664,866,798,133,86,47,913,540,373,290,20,270,328,220,108,12,3,9,2,0,2,4,2,2,1,0,1,5,1,4,10,3,7,2,0,2,3,2,1,0,0,0,5,1,4,2,0,2,0,0,0,1,0,1,1,0,1,0,0,0,1514,656,858
05,92,Bodhan,Nizamabad,16,Bodhan,570968,0000,VILLAGE,Bhiknalli,Rural,96,428,203,225,40,18,22,192,90,102,1,0,1,187,102,85,241,101,140,132,110,22,131,110,21,116,98,18,7,5,2,0,0,0,8,7,1,1,0,1,1,0,1,0,0,0,0,0,0,0,0,0,1,0,1,1,0,1,0,0,0,0,0,0,0,0,0,0,0,0,0,0,0,0,0,0,0,0,0,0,0,0,296,93,203
05,92,Bodhan,Nizamabad,16,Bodhan,570969,0000,VILLAGE,Hangerga,Rural,242,1165,568,597,168,72,96,94,46,48,0,0,0,560,307,253,605,261,344,575,332,243,529,321,208,254,181,73,204,98,106,1,1,0,70,41,29,46,11,35,20,3,17,22,8,14,1,0,1,3,0,3,25,2,23,11,0,11,12,2,10,0,0,0,2,0,2,21,9,12,9,3,6,10,6,4,1,0,1,1,0,1,590,236,354
05,92,Bodhan,Nizamabad,16,Bodhan,570970,0000,VILLAGE,Kopperga,Rural,346,1656,800,856,247,117,130,258,125,133,0,0,0,795,414,381,861,386,475,722,438,284,679,431,248,285,222,63,318,146,172,6,6,0,70,57,13,43,7,36,0,0,0,43,7,36,0,0,0,0,0,0,43,7,36,0,0,0,43,7,36,0,0,0,0,0,0,0,0,0,0,0,0,0,0,0,0,0,0,0,0,0,934,362,572
05,92,Bodhan,Nizamabad,16,Bodhan,570971,0000,VILLAGE,Khandgaon,Rural,296,1310,647,663,141,78,63,476,230,246,0,0,0,703,405,298,607,242,365,659,377,282,586,354,232,122,103,19,405,210,195,1,1,0,58,40,18,73,23,50,25,5,20,34,11,23,4,2,2,10,5,5,61,20,41,17,4,13,31,9,22,4,2,2,9,5,4,12,3,9,8,1,7,3,2,1,0,0,0,1,0,1,651,270,381
05,92,Bodhan,Nizamabad,16,Bodhan,570972,0000,VILLAGE,Siddapur,Rural,175,757,387,370,29,17,12,222,111,111,1,0,1,500,274,226,257,113,144,449,234,215,425,228,197,124,117,7,281,96,185,9,5,4,11,10,1,24,6,18,1,1,0,22,5,17,0,0,0,1,0,1,23,6,17,1,1,0,21,5,16,0,0,0,1,0,1,1,0,1,0,0,0,1,0,1,0,0,0,0,0,0,308,153,155
05,92,Bodhan,Nizamabad,16,Bodhan,570973,0000,VILLAGE,Kaldurthi,Rural,730,3253,1573,1680,399,187,212,635,292,343,16,6,10,1542,859,683,1711,714,997,1898,941,957,1830,928,902,377,208,169,1213,549,664,13,5,8,227,166,61,68,13,55,7,1,6,29,6,23,17,2,15,15,4,11,60,12,48,7,1,6,24,5,19,14,2,12,15,4,11,8,1,7,0,0,0,5,1,4,3,0,3,0,0,0,1355,632,723
05,92,Bodhan,Nizamabad,16,Bodhan,570974,0000,VILLAGE,Mavandi (Khurd),Rural,264,1124,554,570,123,63,60,255,125,130,0,0,0,557,326,231,567,228,339,592,317,275,562,305,257,377,208,169,127,51,76,7,4,3,51,42,9,30,12,18,4,1,3,20,8,12,0,0,0,6,3,3,28,12,16,4,1,3,19,8,11,0,0,0,5,3,2,2,0,2,0,0,0,1,0,1,0,0,0,1,0,1,532,237,295
05,92,Bodhan,Nizamabad,16,Bodhan,570975,0000,VILLAGE,Pegadapalle,Rural,771,3065,1474,1591,330,181,149,323,158,165,0,0,0,1607,889,718,1458,585,873,1649,843,806,1464,813,651,521,382,139,713,313,400,73,21,52,157,97,60,185,30,155,9,2,7,107,16,91,40,1,39,29,11,18,145,24,121,8,2,6,91,13,78,26,0,26,20,9,11,40,6,34,1,0,1,16,3,13,14,1,13,9,2,7,1416,631,785
05,92,Bodhan,Nizamabad,16,Bodhan,570976,0000,VILLAGE,Penta Kalan,Rural,461,1756,831,925,178,98,80,27,12,15,36,13,23,810,450,360,946,381,565,941,514,427,899,497,402,274,226,48,457,217,240,87,12,75,81,42,39,42,17,25,3,0,3,22,9,13,2,2,0,15,6,9,38,15,23,3,0,3,22,9,13,1,1,0,12,5,7,4,2,2,0,0,0,0,0,0,1,1,0,3,1,2,815,317,498
05,92,Bodhan,Nizamabad,16,Bodhan,570977,0000,VILLAGE,Langadapur,Rural,168,637,306,331,77,35,42,365,181,184,0,0,0,319,180,139,318,126,192,334,160,174,277,152,125,76,72,4,148,52,96,12,2,10,41,26,15,57,8,49,1,0,1,55,7,48,0,0,0,1,1,0,57,8,49,1,0,1,55,7,48,0,0,0,1,1,0,0,0,0,0,0,0,0,0,0,0,0,0,0,0,0,303,146,157
05,92,Bodhan,Nizamabad,16,Bodhan,570978,0000,VILLAGE,Mavandi(Kalan),Rural,232,950,472,478,98,59,39,333,160,173,0,0,0,501,283,218,449,189,260,578,289,289,535,274,261,197,127,70,258,95,163,12,6,6,68,46,22,43,15,28,9,6,3,22,5,17,3,0,3,9,4,5,29,9,20,8,5,3,17,4,13,3,0,3,1,0,1,14,6,8,1,1,0,5,1,4,0,0,0,8,4,4,372,183,189
05,92,Bodhan,Nizamabad,16,Bodhan,570979,0000,VILLAGE,Rampur,Rural,196,897,437,460,90,45,45,300,145,155,0,0,0,468,244,224,429,193,236,556,287,269,508,269,239,81,61,20,364,174,190,28,13,15,35,21,14,48,18,30,8,3,5,28,11,17,5,1,4,7,3,4,47,18,29,7,3,4,28,11,17,5,1,4,7,3,4,1,0,1,1,0,1,0,0,0,0,0,0,0,0,0,341,150,191
05,92,Bodhan,Nizamabad,32,Saloora,570980,0000,VILLAGE,Fathepur,Rural,139,701,341,360,83,40,43,12,6,6,0,0,0,393,204,189,308,137,171,347,198,149,149,120,29,47,38,9,76,57,19,0,0,0,26,25,1,198,78,120,5,1,4,152,47,105,1,0,1,40,30,10,184,69,115,4,0,4,146,44,102,1,0,1,33,25,8,14,9,5,1,1,0,6,3,3,0,0,0,7,5,2,354,143,211
05,92,Bodhan,Nizamabad,32,Saloora,570981,0000,VILLAGE,Taggelli,Rural,252,1095,529,566,140,76,64,463,220,243,1,0,1,509,284,225,586,245,341,662,321,341,651,318,333,120,106,14,466,175,291,24,9,15,41,28,13,11,3,8,1,1,0,5,2,3,1,0,1,4,0,4,8,2,6,0,0,0,5,2,3,1,0,1,2,0,2,3,1,2,1,1,0,0,0,0,0,0,0,2,0,2,433,208,225
05,92,Bodhan,Nizamabad,32,Saloora,570982,0000,VILLAGE,Mandharna,Rural,386,1691,839,852,203,99,104,527,267,260,0,0,0,823,480,343,868,359,509,953,489,464,757,427,330,436,290,146,289,116,173,0,0,0,32,21,11,196,62,134,3,1,2,188,57,131,1,0,1,4,4,0,195,62,133,3,1,2,187,57,130,1,0,1,4,4,0,1,0,1,0,0,0,1,0,1,0,0,0,0,0,0,738,350,388
05,92,Bodhan,Nizamabad,32,Saloora,570983,0000,VILLAGE,Hunsa,Rural,736,3396,1697,1699,351,171,180,811,384,427,15,10,5,1831,1066,765,1565,631,934,1711,993,718,1610,949,661,534,362,172,879,430,449,17,7,10,180,150,30,101,44,57,4,1,3,87,37,50,1,0,1,9,6,3,100,44,56,4,1,3,87,37,50,1,0,1,8,6,2,1,0,1,0,0,0,0,0,0,0,0,0,1,0,1,1685,704,981
05,92,Bodhan,Nizamabad,32,Saloora,570984,0000,VILLAGE,Khajapur,Rural,321,1368,694,674,152,86,66,472,233,239,0,0,0,681,408,273,687,286,401,690,347,343,668,338,330,138,96,42,490,208,282,25,22,3,15,12,3,22,9,13,2,1,1,18,7,11,2,1,1,0,0,0,19,7,12,2,1,1,17,6,11,0,0,0,0,0,0,3,2,1,0,0,0,1,1,0,2,1,1,0,0,0,678,347,331
05,92,Bodhan,Nizamabad,32,Saloora,570985,0000,VILLAGE,Saloora,Rural,1566,6609,3197,3412,688,344,344,920,420,500,12,5,7,3372,1907,1465,3237,1290,1947,3488,1856,1632,2461,1412,1049,602,420,182,1146,510,636,30,12,18,683,470,213,1027,444,583,27,19,8,830,338,492,9,3,6,161,84,77,968,412,556,25,17,8,805,328,477,8,3,5,130,64,66,59,32,27,2,2,0,25,10,15,1,0,1,31,20,11,3121,1341,1780
05,92,Bodhan,Nizamabad,32,Saloora,570986,0000,VILLAGE,Jadijamalpur,Rural,464,1689,802,887,167,82,85,272,134,138,1,1,0,1040,534,506,649,268,381,749,441,308,647,415,232,107,102,5,397,224,173,14,9,5,129,80,49,102,26,76,5,1,4,83,14,69,1,1,0,13,10,3,95,24,71,4,1,3,78,13,65,1,1,0,12,9,3,7,2,5,1,0,1,5,1,4,0,0,0,1,1,0,940,361,579
05,92,Bodhan,Nizamabad,16,Bodhan,570988,0000,VILLAGE,Bandarupalle,Rural,136,578,285,293,67,28,39,203,97,106,0,0,0,264,156,108,314,129,185,341,171,170,334,168,166,40,34,6,278,126,152,6,2,4,10,6,4,7,3,4,1,1,0,2,0,2,1,0,1,3,2,1,7,3,4,1,1,0,2,0,2,1,0,1,3,2,1,0,0,0,0,0,0,0,0,0,0,0,0,0,0,0,237,114,123
05,92,Bodhan,Nizamabad,16,Bodhan,570989,0000,VILLAGE,Bardipur,Rural,264,1025,489,536,125,60,65,307,155,152,0,0,0,487,278,209,538,211,327,570,303,267,545,293,252,100,66,34,340,171,169,19,8,11,86,48,38,25,10,15,1,0,1,23,9,14,0,0,0,1,1,0,22,8,14,1,0,1,20,7,13,0,0,0,1,1,0,3,2,1,0,0,0,3,2,1,0,0,0,0,0,0,455,186,269
05,92,Bodhan,Nizamabad,16,Bodhan,570990,0000,VILLAGE,Narsapur,Rural,168,815,439,376,90,50,40,188,94,94,67,39,28,482,280,202,333,159,174,382,230,152,372,225,147,103,56,47,174,97,77,2,1,1,93,71,22,10,5,5,3,1,2,2,1,1,0,0,0,5,3,2,10,5,5,3,1,2,2,1,1,0,0,0,5,3,2,0,0,0,0,0,0,0,0,0,0,0,0,0,0,0,433,209,224
05,92,Bodhan,Nizamabad,16,Bodhan,570991,0000,VILLAGE,Erajpalle,Rural,637,2566,1256,1310,235,152,83,436,208,228,8,3,5,1351,770,581,1215,486,729,1494,714,780,1079,601,478,213,172,41,512,264,248,170,25,145,184,140,44,415,113,302,10,4,6,297,91,206,24,0,24,84,18,66,382,109,273,8,3,5,294,90,204,24,0,24,56,16,40,33,4,29,2,1,1,3,1,2,0,0,0,28,2,26,1072,542,530
05,92,Bodhan,Nizamabad,16,Bodhan,570993,0000,VILLAGE,Amdapur,Rural,697,2860,1414,1446,283,164,119,414,205,209,18,10,8,1347,804,543,1513,610,903,1507,817,690,1062,585,477,135,114,21,452,249,203,115,8,107,360,214,146,445,232,213,68,44,24,290,172,118,11,0,11,76,16,60,431,227,204,68,44,24,283,169,114,9,0,9,71,14,57,14,5,9,0,0,0,7,3,4,2,0,2,5,2,3,1353,597,756
05,92,Bodhan,Nizamabad,16,Bodhan,570994,0000,VILLAGE,Achampalle RURAL,Rural,519,2300,1166,1134,235,116,119,618,310,308,44,21,23,1523,838,685,777,328,449,974,601,373,833,552,281,116,99,17,276,138,138,10,9,1,431,306,125,141,49,92,2,1,1,92,25,67,2,1,1,45,22,23,133,45,88,2,1,1,88,24,64,1,0,1,42,20,22,8,4,4,0,0,0,4,1,3,1,1,0,3,2,1,1326,565,761
05,92,Bodhan,Nizamabad,16,Bodhan,570995,0000,VILLAGE,Bodhan (Rural),Rural,855,3457,1686,1771,405,214,191,733,354,379,291,139,152,1940,1029,911,1517,657,860,1587,961,626,1380,872,508,87,72,15,887,493,394,30,4,26,376,303,73,207,89,118,9,4,5,145,59,86,1,1,0,52,25,27,177,79,98,9,4,5,121,53,68,0,0,0,47,22,25,30,10,20,0,0,0,24,6,18,1,1,0,5,3,2,1870,725,1145
05,92,Bodhan,Nizamabad,16,Bodhan,570996,0000,VILLAGE,Naganpalle,Rural,345,1227,609,618,127,56,71,375,194,181,5,3,2,737,406,331,490,203,287,751,397,354,744,395,349,80,71,9,582,279,303,47,15,32,35,30,5,7,2,5,0,0,0,3,1,2,4,1,3,0,0,0,6,2,4,0,0,0,2,1,1,4,1,3,0,0,0,1,0,1,0,0,0,1,0,1,0,0,0,0,0,0,476,212,264
05,92,Bodhan,Nizamabad,32,Saloora,570997,0000,VILLAGE,Lakmapur,Rural,59,249,122,127,24,8,16,0,0,0,0,0,0,131,74,57,118,48,70,121,73,48,117,72,45,43,27,16,50,25,25,0,0,0,24,20,4,4,1,3,0,0,0,0,0,0,4,1,3,0,0,0,4,1,3,0,0,0,0,0,0,4,1,3,0,0,0,0,0,0,0,0,0,0,0,0,0,0,0,0,0,0,128,49,79
05,92,Bodhan,Nizamabad,32,Saloora,570998,0000,VILLAGE,Komanpalle,Rural,553,2068,1014,1054,204,113,91,452,218,234,9,5,4,1071,628,443,997,386,611,1057,608,449,1029,593,436,179,143,36,697,353,344,24,14,10,129,83,46,28,15,13,0,0,0,8,2,6,1,0,1,19,13,6,25,15,10,0,0,0,7,2,5,0,0,0,18,13,5,3,0,3,0,0,0,1,0,1,1,0,1,1,0,1,1011,406,605
05,92,Bodhan,Nizamabad,32,Saloora,570999,0000,VILLAGE,Salampad,Rural,552,2127,1033,1094,200,100,100,373,157,216,2,0,2,1140,645,495,987,388,599,1065,588,477,804,477,327,277,200,77,385,180,205,11,8,3,131,89,42,261,111,150,9,5,4,247,104,143,1,0,1,4,2,2,259,111,148,9,5,4,245,104,141,1,0,1,4,2,2,2,0,2,0,0,0,2,0,2,0,0,0,0,0,0,1062,445,617
05,92,Bodhan,Nizamabad,16,Bodhan,571000,0000,VILLAGE,Penta Khurd,Rural,1070,3842,1893,1949,385,194,191,763,364,399,184,97,87,2054,1127,927,1788,766,1022,1889,1114,775,1621,972,649,258,226,32,1061,518,543,10,6,4,292,222,70,268,142,126,13,10,3,210,108,102,18,8,10,27,16,11,261,137,124,12,9,3,206,105,101,18,8,10,25,15,10,7,5,2,1,1,0,4,3,1,0,0,0,2,1,1,1953,779,1174
05,92,Bodhan,Nizamabad,16,Bodhan,571003,0000,VILLAGE,Minarpalle,Rural,319,1197,586,611,133,68,65,85,42,43,278,133,145,700,388,312,497,198,299,544,346,198,520,335,185,77,74,3,327,180,147,9,4,5,107,77,30,24,11,13,2,1,1,13,3,10,0,0,0,9,7,2,22,11,11,2,1,1,11,3,8,0,0,0,9,7,2,2,0,2,0,0,0,2,0,2,0,0,0,0,0,0,653,240,413
05,92,Bodhan,Nizamabad,16,Bodhan,571004,0000,VILLAGE,Bhavanipet,Rural,304,1101,546,555,94,53,41,191,91,100,3,2,1,653,349,304,448,197,251,562,319,243,376,257,119,113,104,9,138,68,70,11,6,5,114,79,35,186,62,124,20,7,13,138,48,90,14,1,13,14,6,8,178,59,119,19,6,13,136,47,89,13,1,12,10,5,5,8,3,5,1,1,0,2,1,1,1,0,1,4,1,3,539,227,312
05,92,Bodhan,Nizamabad,16,Bodhan,571005,0000,VILLAGE,Sangam,Rural,604,2373,1125,1248,263,111,152,558,266,292,45,23,22,1230,693,537,1143,432,711,1267,679,588,1038,573,465,229,214,15,524,189,335,23,1,22,262,169,93,229,106,123,1,1,0,122,52,70,42,9,33,64,44,20,222,103,119,1,1,0,118,51,67,40,8,32,63,43,20,7,3,4,0,0,0,4,1,3,2,1,1,1,1,0,1106,446,660
05,92,Bodhan,Nizamabad,16,Bodhan,571006,0000,VILLAGE,Ootpalle,Rural,1190,4844,2357,2487,689,341,348,512,252,260,1360,665,695,2389,1381,1008,2455,976,1479,2536,1321,1215,1814,1018,796,243,164,79,1149,556,593,15,7,8,407,291,116,722,303,419,16,8,8,601,249,352,24,4,20,81,42,39,695,297,398,16,8,8,584,247,337,21,3,18,74,39,35,27,6,21,0,0,0,17,2,15,3,1,2,7,3,4,2308,1036,1272
05,92,Bodhan,Nizamabad,33,Pothangal,571007,0000,VILLAGE,Sunkini,Rural,461,1993,970,1023,217,107,110,480,222,258,0,0,0,1090,596,494,903,374,529,1085,566,519,732,441,291,329,228,101,315,146,169,7,5,2,81,62,19,353,125,228,20,11,9,294,84,210,12,8,4,27,22,5,322,109,213,20,11,9,274,77,197,11,7,4,17,14,3,31,16,15,0,0,0,20,7,13,1,1,0,10,8,2,908,404,504
05,92,Bodhan,Nizamabad,33,Pothangal,571008,0000,VILLAGE,Sompur,Rural,280,1149,581,568,172,96,76,249,123,126,0,0,0,408,235,173,741,346,395,762,373,389,641,314,327,167,82,85,470,229,241,2,1,1,2,2,0,121,59,62,30,15,15,90,43,47,0,0,0,1,1,0,121,59,62,30,15,15,90,43,47,0,0,0,1,1,0,0,0,0,0,0,0,0,0,0,0,0,0,0,0,0,387,208,179
05,92,Bodhan,Nizamabad,33,Pothangal,571009,0000,VILLAGE,Takli,Rural,131,588,300,288,78,42,36,184,92,92,0,0,0,290,174,116,298,126,172,359,179,180,156,150,6,144,142,2,4,3,1,0,0,0,8,5,3,203,29,174,3,0,3,194,27,167,0,0,0,6,2,4,201,28,173,3,0,3,194,27,167,0,0,0,4,1,3,2,1,1,0,0,0,0,0,0,0,0,0,2,1,1,229,121,108
05,92,Bodhan,Nizamabad,17,Kotgiri,571010,0000,VILLAGE,Vallabhapur,Rural,193,810,400,410,95,47,48,60,28,32,0,0,0,346,198,148,464,202,262,558,283,275,507,260,247,121,90,31,345,141,204,11,7,4,30,22,8,51,23,28,24,14,10,25,8,17,2,1,1,0,0,0,11,3,8,4,2,2,7,1,6,0,0,0,0,0,0,40,20,20,20,12,8,18,7,11,2,1,1,0,0,0,252,117,135
05,92,Bodhan,Nizamabad,33,Pothangal,571011,0000,VILLAGE,Domaledgi,Rural,232,1012,501,511,85,49,36,249,113,136,0,0,0,500,298,202,512,203,309,511,270,241,479,252,227,64,53,11,374,179,195,10,3,7,31,17,14,32,18,14,4,2,2,18,9,9,2,1,1,8,6,2,30,16,14,4,2,2,16,7,9,2,1,1,8,6,2,2,2,0,0,0,0,2,2,0,0,0,0,0,0,0,501,231,270
05,92,Bodhan,Nizamabad,33,Pothangal,571012,0000,VILLAGE,Kollur,Rural,165,579,286,293,68,37,31,144,76,68,1,0,1,316,179,137,263,107,156,292,151,141,75,68,7,48,44,4,3,3,0,0,0,0,24,21,3,217,83,134,7,3,4,173,56,117,1,1,0,36,23,13,217,83,134,7,3,4,173,56,117,1,1,0,36,23,13,0,0,0,0,0,0,0,0,0,0,0,0,0,0,0,287,135,152
05,92,Bodhan,Nizamabad,33,Pothangal,571014,0000,VILLAGE,Hegdoli,Rural,399,1393,692,701,99,42,57,195,94,101,0,0,0,824,470,354,569,222,347,690,419,271,688,419,269,243,178,65,337,163,174,20,11,9,88,67,21,2,0,2,0,0,0,1,0,1,0,0,0,1,0,1,2,0,2,0,0,0,1,0,1,0,0,0,1,0,1,0,0,0,0,0,0,0,0,0,0,0,0,0,0,0,703,273,430
05,92,Bodhan,Nizamabad,17,Kotgiri,571015,0000,VILLAGE,Yadgarpur,Rural,181,814,412,402,107,59,48,185,83,102,0,0,0,430,249,181,384,163,221,388,241,147,150,132,18,8,8,0,127,111,16,2,2,0,13,11,2,238,109,129,1,0,1,237,109,128,0,0,0,0,0,0,238,109,129,1,0,1,237,109,128,0,0,0,0,0,0,0,0,0,0,0,0,0,0,0,0,0,0,0,0,0,426,171,255
05,92,Bodhan,Nizamabad,17,Kotgiri,571016,0000,VILLAGE,Ethonda,Rural,1078,4182,2037,2145,441,218,223,951,455,496,94,42,52,2136,1173,963,2046,864,1182,2040,1179,861,1977,1159,818,360,304,56,1261,617,644,48,20,28,308,218,90,63,20,43,1,0,1,40,12,28,9,3,6,13,5,8,51,15,36,1,0,1,36,9,27,7,2,5,7,4,3,12,5,7,0,0,0,4,3,1,2,1,1,6,1,5,2142,858,1284
05,92,Bodhan,Nizamabad,18,Rudrur,571017,0000,VILLAGE,Siddapur,Rural,129,516,252,264,50,23,27,89,45,44,0,0,0,285,160,125,231,92,139,216,145,71,213,145,68,112,105,7,86,31,55,0,0,0,15,9,6,3,0,3,0,0,0,3,0,3,0,0,0,0,0,0,0,0,0,0,0,0,0,0,0,0,0,0,0,0,0,3,0,3,0,0,0,3,0,3,0,0,0,0,0,0,300,107,193
05,92,Bodhan,Nizamabad,18,Rudrur,571018,0000,VILLAGE,Raikur,Rural,561,2258,1092,1166,205,102,103,419,200,219,4,1,3,1326,741,585,932,351,581,1021,625,396,889,555,334,232,214,18,450,176,274,7,3,4,200,162,38,132,70,62,5,2,3,112,61,51,1,0,1,14,7,7,45,21,24,5,2,3,28,12,16,0,0,0,12,7,5,87,49,38,0,0,0,84,49,35,1,0,1,2,0,2,1237,467,770
05,92,Bodhan,Nizamabad,18,Rudrur,571020,0000,VILLAGE,Ramanpalle,Rural,662,3131,1544,1587,418,229,189,301,143,158,22,8,14,1489,821,668,1642,723,919,1539,904,635,1007,710,297,176,168,8,383,197,186,5,2,3,443,343,100,532,194,338,7,2,5,337,85,252,0,0,0,188,107,81,492,163,329,6,2,4,327,81,246,0,0,0,159,80,79,40,31,9,1,0,1,10,4,6,0,0,0,29,27,2,1592,640,952
05,92,Bodhan,Nizamabad,18,Rudrur,571021,0000,VILLAGE,Chikatpalle,Rural,301,1075,505,570,109,54,55,128,61,67,1,1,0,522,282,240,553,223,330,591,297,294,503,259,244,27,25,2,406,194,212,1,1,0,69,39,30,88,38,50,1,1,0,40,12,28,2,0,2,45,25,20,87,38,49,1,1,0,39,12,27,2,0,2,45,25,20,1,0,1,0,0,0,1,0,1,0,0,0,0,0,0,484,208,276
05,92,Bodhan,Nizamabad,17,Kotgiri,571024,0000,VILLAGE,Kotgiri,Rural,2453,10745,5268,5477,1158,574,584,959,501,458,41,23,18,5931,3229,2702,4814,2039,2775,4745,2950,1795,3331,2095,1236,804,592,212,1497,756,741,120,76,44,910,671,239,1414,855,559,38,22,16,800,410,390,90,55,35,486,368,118,1242,722,520,37,22,15,764,386,378,57,34,23,384,280,104,172,133,39,1,0,1,36,24,12,33,21,12,102,88,14,6000,2318,3682
05,92,Bodhan,Nizamabad,33,Pothangal,571026,0000,VILLAGE,Karegoan,Rural,520,2016,1001,1015,208,113,95,679,349,330,70,35,35,1038,561,477,978,440,538,1038,597,441,979,586,393,259,214,45,542,242,300,8,5,3,170,125,45,59,11,48,7,2,5,30,4,26,2,0,2,20,5,15,51,9,42,7,2,5,25,3,22,1,0,1,18,4,14,8,2,6,0,0,0,5,1,4,1,0,1,2,1,1,978,404,574
05,92,Bodhan,Nizamabad,33,Pothangal,571027,0000,VILLAGE,Hangerga,Rural,707,3025,1445,1580,398,200,198,647,289,358,2,1,1,1569,854,715,1456,591,865,1515,841,674,1202,659,543,335,167,168,775,426,349,2,2,0,90,64,26,313,182,131,2,0,2,292,164,128,2,2,0,17,16,1,310,180,130,2,0,2,291,163,128,2,2,0,15,15,0,3,2,1,0,0,0,1,1,0,0,0,0,2,1,1,1510,604,906
05,92,Bodhan,Nizamabad,33,Pothangal,571028,0000,VILLAGE,Tirmalapur,Rural,225,857,420,437,87,41,46,210,105,105,0,0,0,507,286,221,350,134,216,394,261,133,309,200,109,73,70,3,214,112,102,0,0,0,22,18,4,85,61,24,0,0,0,59,41,18,0,0,0,26,20,6,79,60,19,0,0,0,56,41,15,0,0,0,23,19,4,6,1,5,0,0,0,3,0,3,0,0,0,3,1,2,463,159,304
05,92,Bodhan,Nizamabad,33,Pothangal,571029,0000,VILLAGE,Pothangal,Rural,1575,6704,3307,3397,754,378,376,666,332,334,25,15,10,3408,1942,1466,3296,1365,1931,3196,1887,1309,2469,1516,953,548,366,182,1078,590,488,216,62,154,627,498,129,727,371,356,9,4,5,657,322,335,10,4,6,51,41,10,716,365,351,8,4,4,654,320,334,8,4,4,46,37,9,11,6,5,1,0,1,3,2,1,2,0,2,5,4,1,3508,1420,2088
05,92,Bodhan,Nizamabad,17,Kotgiri,571031,0000,VILLAGE,Mirzapur,Rural,83,310,152,158,29,16,13,13,7,6,0,0,0,244,118,126,66,34,32,105,93,12,101,91,10,59,58,1,7,6,1,0,0,0,35,27,8,4,2,2,0,0,0,3,1,2,0,0,0,1,1,0,4,2,2,0,0,0,3,1,2,0,0,0,1,1,0,0,0,0,0,0,0,0,0,0,0,0,0,0,0,0,205,59,146
05,92,Bodhan,Nizamabad,17,Kotgiri,571032,0000,VILLAGE,Eklaspur,Rural,261,1068,541,527,106,62,44,128,68,60,1,0,1,589,330,259,479,211,268,538,338,200,523,332,191,162,151,11,294,130,164,5,4,1,62,47,15,15,6,9,1,1,0,9,2,7,1,0,1,4,3,1,13,5,8,1,1,0,7,1,6,1,0,1,4,3,1,2,1,1,0,0,0,2,1,1,0,0,0,0,0,0,530,203,327
05,92,Bodhan,Nizamabad,17,Kotgiri,571034,0000,VILLAGE,Rampur,Rural,165,680,331,349,87,49,38,44,20,24,141,66,75,330,171,159,350,160,190,366,207,159,81,78,3,50,50,0,8,7,1,4,4,0,19,17,2,285,129,156,5,4,1,234,94,140,9,7,2,37,24,13,238,105,133,2,2,0,209,84,125,4,3,1,23,16,7,47,24,23,3,2,1,25,10,15,5,4,1,14,8,6,314,124,190
05,92,Bodhan,Nizamabad,17,Kotgiri,571036,0000,VILLAGE,Kothapalle,Rural,551,2136,1049,1087,299,159,140,456,222,234,732,347,385,762,461,301,1374,588,786,1117,564,553,1110,561,549,238,212,26,782,293,489,12,10,2,78,46,32,7,3,4,2,1,1,5,2,3,0,0,0,0,0,0,7,3,4,2,1,1,5,2,3,0,0,0,0,0,0,0,0,0,0,0,0,0,0,0,0,0,0,0,0,0,1019,485,534
05,92,Bodhan,Nizamabad,33,Pothangal,571037,0000,VILLAGE,Jallapalle,Rural,833,3569,1780,1789,503,260,243,209,101,108,1199,601,598,1468,891,577,2101,889,1212,1835,982,853,1749,941,808,86,68,18,1475,745,730,37,19,18,151,109,42,86,41,45,7,2,5,39,13,26,3,2,1,37,24,13,65,37,28,5,2,3,23,10,13,3,2,1,34,23,11,21,4,17,2,0,2,16,3,13,0,0,0,3,1,2,1734,798,936
05,92,Bodhan,Nizamabad,33,Pothangal,571038,0000,VILLAGE,Kodcherla,Rural,304,1170,588,582,127,77,50,479,244,235,1,0,1,529,310,219,641,278,363,616,313,303,418,250,168,326,212,114,56,8,48,0,0,0,36,30,6,198,63,135,1,1,0,195,61,134,0,0,0,2,1,1,188,63,125,1,1,0,185,61,124,0,0,0,2,1,1,10,0,10,0,0,0,10,0,10,0,0,0,0,0,0,554,275,279
05,92,Bodhan,Nizamabad,33,Pothangal,571039,0000,VILLAGE,Kallur,Rural,537,2096,988,1108,215,113,102,305,140,165,0,0,0,1006,572,434,1090,416,674,1136,617,519,1119,610,509,69,53,16,1002,521,481,1,1,0,47,35,12,17,7,10,4,2,2,10,3,7,0,0,0,3,2,1,16,7,9,4,2,2,10,3,7,0,0,0,2,2,0,1,0,1,0,0,0,0,0,0,0,0,0,1,0,1,960,371,589
05,92,Bodhan,Nizamabad,17,Kotgiri,571040,0000,VILLAGE,Gannavaram,Rural,45,192,97,95,21,16,5,121,57,64,0,0,0,85,51,34,107,46,61,115,59,56,104,59,45,39,36,3,54,17,37,0,0,0,11,6,5,11,0,11,0,0,0,11,0,11,0,0,0,0,0,0,11,0,11,0,0,0,11,0,11,0,0,0,0,0,0,0,0,0,0,0,0,0,0,0,0,0,0,0,0,0,77,38,39
05,92,Bodhan,Nizamabad,17,Kotgiri,571041,0000,VILLAGE,Lingapur,Rural,113,497,251,246,40,20,20,184,97,87,0,0,0,258,155,103,239,96,143,254,149,105,204,138,66,81,75,6,105,48,57,0,0,0,18,15,3,50,11,39,0,0,0,48,11,37,0,0,0,2,0,2,50,11,39,0,0,0,48,11,37,0,0,0,2,0,2,0,0,0,0,0,0,0,0,0,0,0,0,0,0,0,243,102,141
05,92,Bodhan,Nizamabad,17,Kotgiri,571042,0000,VILLAGE,Baswapur,Rural,182,771,354,417,101,40,61,409,196,213,1,1,0,330,181,149,441,173,268,450,246,204,428,236,192,35,26,9,370,193,177,9,7,2,14,10,4,22,10,12,9,4,5,12,6,6,0,0,0,1,0,1,22,10,12,9,4,5,12,6,6,0,0,0,1,0,1,0,0,0,0,0,0,0,0,0,0,0,0,0,0,0,321,108,213
05,92,Bodhan,Nizamabad,17,Kotgiri,571043,0000,VILLAGE,Bareedpur,Rural,31,117,60,57,21,12,9,0,0,0,115,60,55,23,15,8,94,45,49,43,33,10,42,32,10,37,30,7,2,0,2,0,0,0,3,2,1,1,1,0,1,1,0,0,0,0,0,0,0,0,0,0,1,1,0,1,1,0,0,0,0,0,0,0,0,0,0,0,0,0,0,0,0,0,0,0,0,0,0,0,0,0,74,27,47
05,92,Bodhan,Nizamabad,17,Kotgiri,571044,0000,VILLAGE,Adkas Palle,Rural,118,432,207,225,53,21,32,80,37,43,54,24,30,253,135,118,179,72,107,164,150,14,159,149,10,137,130,7,3,2,1,0,0,0,19,17,2,5,1,4,0,0,0,3,0,3,1,0,1,1,1,0,5,1,4,0,0,0,3,0,3,1,0,1,1,1,0,0,0,0,0,0,0,0,0,0,0,0,0,0,0,0,268,57,211
05,92,Bodhan,Nizamabad,17,Kotgiri,571045,0000,VILLAGE,Sudlam,Rural,238,1032,509,523,138,72,66,183,82,101,457,221,236,504,294,210,528,215,313,565,291,274,547,283,264,202,125,77,319,141,178,3,1,2,23,16,7,18,8,10,4,0,4,8,3,5,3,3,0,3,2,1,17,8,9,4,0,4,7,3,4,3,3,0,3,2,1,1,0,1,0,0,0,1,0,1,0,0,0,0,0,0,467,218,249
05,92,Bodhan,Nizamabad,18,Rudrur,571192,0000,VILLAGE,Rudrur,Rural,2452,10164,4934,5230,976,480,496,789,375,414,122,58,64,5373,3029,2344,4791,1905,2886,4964,2870,2094,3611,2174,1437,435,322,113,1242,708,534,495,55,440,1439,1089,350,1353,696,657,36,19,17,965,534,431,65,18,47,287,125,162,886,458,428,27,15,12,607,336,271,36,10,26,216,97,119,467,238,229,9,4,5,358,198,160,29,8,21,71,28,43,5200,2064,3136
05,92,Bodhan,Nizamabad,18,Rudrur,571193,0000,VILLAGE,Akbar Nagar,Rural,392,1611,794,817,168,81,87,573,293,280,27,13,14,916,517,399,695,277,418,554,421,133,501,386,115,104,93,11,187,132,55,2,1,1,208,160,48,53,35,18,5,5,0,14,7,7,3,0,3,31,23,8,45,29,16,2,2,0,13,7,6,3,0,3,27,20,7,8,6,2,3,3,0,1,0,1,0,0,0,4,3,1,1057,373,684
05,92,Bodhan,Nizamabad,18,Rudrur,571194,0000,VILLAGE,Boppapur,Rural,287,1106,552,554,91,51,40,148,74,74,3,0,3,556,321,235,550,231,319,574,321,253,517,302,215,332,206,126,152,71,81,4,3,1,29,22,7,57,19,38,9,5,4,47,14,33,0,0,0,1,0,1,52,19,33,8,5,3,43,14,29,0,0,0,1,0,1,5,0,5,1,0,1,4,0,4,0,0,0,0,0,0,532,231,301
05,92,Bodhan,Nizamabad,19,Varni,571195,0000,VILLAGE,Humnapur,Rural,518,1939,951,988,187,101,86,586,281,305,16,9,7,912,494,418,1027,457,570,1047,575,472,547,325,222,161,121,40,242,116,126,28,14,14,116,74,42,500,250,250,7,5,2,419,208,211,34,18,16,40,19,21,189,100,89,3,2,1,162,88,74,9,4,5,15,6,9,311,150,161,4,3,1,257,120,137,25,14,11,25,13,12,892,376,516
05,92,Bodhan,Nizamabad,29,Chandur,571196,0000,VILLAGE,Ghanpur,Rural,325,1336,653,683,179,89,90,510,259,251,215,98,117,511,294,217,825,359,466,678,362,316,475,270,205,34,30,4,302,143,159,19,4,15,120,93,27,203,92,111,3,2,1,179,76,103,3,2,1,18,12,6,71,37,34,0,0,0,57,29,28,3,2,1,11,6,5,132,55,77,3,2,1,122,47,75,0,0,0,7,6,1,658,291,367
05,92,Bodhan,Nizamabad,28,Mosra,571197,0000,VILLAGE,Govoor,Rural,827,3237,1583,1654,400,215,185,774,355,419,94,49,45,1464,865,599,1773,718,1055,1827,933,894,1445,886,559,297,278,19,766,411,355,90,20,70,292,177,115,382,47,335,39,5,34,222,17,205,82,3,79,39,22,17,376,44,332,39,5,34,220,16,204,80,3,77,37,20,17,6,3,3,0,0,0,2,1,1,2,0,2,2,2,0,1410,650,760
05,92,Bodhan,Nizamabad,28,Mosra,571198,0000,VILLAGE,Mosra,Rural,1581,6525,3136,3389,632,306,326,848,391,457,576,270,306,3327,1956,1371,3198,1180,2018,3484,1786,1698,3272,1692,1580,277,246,31,1310,668,642,751,101,650,934,677,257,212,94,118,7,6,1,91,41,50,26,3,23,88,44,44,189,84,105,6,5,1,80,36,44,21,2,19,82,41,41,23,10,13,1,1,0,11,5,6,5,1,4,6,3,3,3041,1350,1691
05,92,Bodhan,Nizamabad,28,Mosra,571199,0000,VILLAGE,Chintakunta,Rural,583,2447,1179,1268,208,106,102,302,141,161,104,50,54,1211,715,496,1236,464,772,1393,706,687,1223,639,584,592,364,228,314,148,166,159,15,144,158,112,46,170,67,103,6,4,2,141,53,88,4,0,4,19,10,9,160,64,96,6,4,2,135,53,82,3,0,3,16,7,9,10,3,7,0,0,0,6,0,6,1,0,1,3,3,0,1054,473,581
05,92,Bodhan,Nizamabad,28,Mosra,571202,0000,VILLAGE,Thimmapur,Rural,313,1243,616,627,125,71,54,171,81,90,4,2,2,575,321,254,668,295,373,707,351,356,665,331,334,70,42,28,495,250,245,60,12,48,40,27,13,42,20,22,4,2,2,13,8,5,2,0,2,23,10,13,37,19,18,4,2,2,10,7,3,2,0,2,21,10,11,5,1,4,0,0,0,3,1,2,0,0,0,2,0,2,536,265,271
05,92,Bodhan,Nizamabad,29,Chandur,571203,0000,VILLAGE,Karegaon,Rural,239,1224,639,585,163,88,75,53,29,24,995,521,474,504,347,157,720,292,428,620,307,313,163,147,16,121,116,5,9,4,5,8,8,0,25,19,6,457,160,297,26,13,13,380,120,260,21,10,11,30,17,13,299,142,157,14,10,4,242,108,134,18,8,10,25,16,9,158,18,140,12,3,9,138,12,126,3,2,1,5,1,4,604,332,272
05,92,Bodhan,Nizamabad,29,Chandur,571204,0000,VILLAGE,Laxmapur,Rural,336,1403,722,681,136,83,53,126,61,65,69,36,33,695,437,258,708,285,423,752,393,359,299,167,132,261,150,111,16,5,11,0,0,0,22,12,10,453,226,227,0,0,0,406,204,202,2,0,2,45,22,23,324,162,162,0,0,0,283,143,140,1,0,1,40,19,21,129,64,65,0,0,0,123,61,62,1,0,1,5,3,2,651,329,322
05,92,Bodhan,Nizamabad,19,Varni,571205,0000,VILLAGE,Rajpet,Rural,101,420,210,210,62,39,23,11,7,4,395,196,199,180,111,69,240,99,141,216,110,106,212,108,104,82,72,10,111,20,91,2,2,0,17,14,3,4,2,2,0,0,0,1,0,1,0,0,0,3,2,1,4,2,2,0,0,0,1,0,1,0,0,0,3,2,1,0,0,0,0,0,0,0,0,0,0,0,0,0,0,0,204,100,104
05,92,Bodhan,Nizamabad,29,Chandur,571206,0000,VILLAGE,Chandur,Rural,1421,5801,2792,3009,622,305,317,786,359,427,211,101,110,3043,1681,1362,2758,1111,1647,3114,1610,1504,2609,1424,1185,560,407,153,956,490,466,314,70,244,779,457,322,505,186,319,33,1,32,399,151,248,19,0,19,54,34,20,500,184,316,33,1,32,396,149,247,17,0,17,54,34,20,5,2,3,0,0,0,3,2,1,2,0,2,0,0,0,2687,1182,1505
05,92,Bodhan,Nizamabad,19,Varni,571207,0000,VILLAGE,Shankaoora,Rural,416,1732,864,868,209,106,103,26,9,17,1297,659,638,926,545,381,806,319,487,883,442,441,756,398,358,255,174,81,393,151,242,11,4,7,97,69,28,127,44,83,18,13,5,73,15,58,6,2,4,30,14,16,106,37,69,16,11,5,62,13,49,2,0,2,26,13,13,21,7,14,2,2,0,11,2,9,4,2,2,4,1,3,849,422,427
05,92,Bodhan,Nizamabad,19,Varni,571208,0000,VILLAGE,Varni,Rural,3297,12281,6003,6278,1220,621,599,1288,639,649,965,487,478,7638,4038,3600,4643,1965,2678,5324,3454,1870,3784,2703,1081,834,768,66,1279,704,575,162,107,55,1509,1124,385,1540,751,789,42,29,13,1164,560,604,39,17,22,295,145,150,1464,724,740,39,28,11,1138,550,588,33,13,20,254,133,121,76,27,49,3,1,2,26,10,16,6,4,2,41,12,29,6957,2549,4408
05,92,Bodhan,Nizamabad,18,Rudrur,571209,0000,VILLAGE,Ambam,Rural,472,1825,861,964,184,105,79,272,132,140,34,21,13,842,459,383,983,402,581,969,497,472,269,211,58,123,104,19,53,37,16,7,3,4,86,67,19,700,286,414,39,11,28,596,254,342,27,3,24,38,18,20,486,218,268,28,7,21,415,197,218,11,1,10,32,13,19,214,68,146,11,4,7,181,57,124,16,2,14,6,5,1,856,364,492
05,92,Bodhan,Nizamabad,18,Rudrur,571210,0000,VILLAGE,Kondapur,Rural,57,223,103,120,23,12,11,69,31,38,32,16,16,74,40,34,149,63,86,122,59,63,11,10,1,2,1,1,2,2,0,0,0,0,7,7,0,111,49,62,3,1,2,106,47,59,0,0,0,2,1,1,110,49,61,2,1,1,106,47,59,0,0,0,2,1,1,1,0,1,1,0,1,0,0,0,0,0,0,0,0,0,101,44,57
05,92,Bodhan,Nizamabad,19,Varni,571211,0000,VILLAGE,Taglepalle,Rural,655,2643,1263,1380,307,159,148,392,188,204,257,129,128,1198,695,503,1445,568,877,1493,734,759,672,367,305,246,147,99,243,94,149,29,12,17,154,114,40,821,367,454,10,5,5,699,297,402,24,5,19,88,60,28,590,269,321,9,4,5,474,204,270,22,3,19,85,58,27,231,98,133,1,1,0,225,93,132,2,2,0,3,2,1,1150,529,621
05,92,Bodhan,Nizamabad,19,Varni,571212,0000,VILLAGE,Mallaram,Rural,135,555,271,284,58,25,33,27,12,15,251,125,126,267,173,94,288,98,190,291,154,137,284,152,132,50,34,16,175,69,106,3,3,0,56,46,10,7,2,5,0,0,0,6,2,4,1,0,1,0,0,0,5,2,3,0,0,0,4,2,2,1,0,1,0,0,0,2,0,2,0,0,0,2,0,2,0,0,0,0,0,0,264,117,147
05,92,Bodhan,Nizamabad,19,Varni,571213,0000,VILLAGE,Jakhora,Rural,1066,4406,2176,2230,438,229,209,452,203,249,1219,628,591,2029,1206,823,2377,970,1407,2290,1183,1107,1834,1010,824,418,323,95,948,477,471,245,26,219,223,184,39,456,173,283,31,16,15,340,126,214,27,5,22,58,26,32,438,169,269,30,16,14,329,123,206,24,5,19,55,25,30,18,4,14,1,0,1,11,3,8,3,0,3,3,1,2,2116,993,1123
05,92,Bodhan,Nizamabad,19,Varni,571214,0000,VILLAGE,Khunipur,Rural,222,823,392,431,100,46,54,175,73,102,1,0,1,420,220,200,403,172,231,433,231,202,380,210,170,99,83,16,253,107,146,2,2,0,26,18,8,53,21,32,1,1,0,44,16,28,0,0,0,8,4,4,42,18,24,1,1,0,33,13,20,0,0,0,8,4,4,11,3,8,0,0,0,11,3,8,0,0,0,0,0,0,390,161,229
05,92,Bodhan,Nizamabad,19,Varni,571215,0000,VILLAGE,Jalalpur,Rural,904,3757,1837,1920,445,221,224,262,126,136,202,97,105,1845,1039,806,1912,798,1114,1802,1011,791,521,346,175,261,229,32,139,40,99,16,4,12,105,73,32,1281,665,616,16,7,9,815,399,416,49,30,19,401,229,172,843,439,404,14,6,8,454,223,231,29,17,12,346,193,153,438,226,212,2,1,1,361,176,185,20,13,7,55,36,19,1955,826,1129
05,92,Bodhan,Nizamabad,19,Varni,571216,0000,VILLAGE,Sayeedpur,Rural,192,912,469,443,126,69,57,11,7,4,897,459,438,365,230,135,547,239,308,423,216,207,395,212,183,134,126,8,196,35,161,1,1,0,64,50,14,28,4,24,0,0,0,25,3,22,0,0,0,3,1,2,28,4,24,0,0,0,25,3,22,0,0,0,3,1,2,0,0,0,0,0,0,0,0,0,0,0,0,0,0,0,489,253,236
05,92,Bodhan,Nizamabad,29,Chandur,571217,0000,VILLAGE,Medpalle,Rural,211,1114,553,561,172,88,84,11,6,5,1078,535,543,373,217,156,741,336,405,576,275,301,384,200,184,169,151,18,183,33,150,23,10,13,9,6,3,192,75,117,3,3,0,171,63,108,8,1,7,10,8,2,190,74,116,3,3,0,171,63,108,8,1,7,8,7,1,2,1,1,0,0,0,0,0,0,0,0,0,2,1,1,538,278,260
05,92,Bodhan,Nizamabad,19,Varni,571218,0000,VILLAGE,Siddapur,Rural,235,1310,637,673,249,125,124,0,0,0,253,128,125,366,239,127,944,398,546,593,298,295,580,294,286,263,158,105,300,130,170,3,2,1,14,4,10,13,4,9,2,2,0,10,2,8,0,0,0,1,0,1,6,2,4,2,2,0,3,0,3,0,0,0,1,0,1,7,2,5,0,0,0,7,2,5,0,0,0,0,0,0,717,339,378
05,92,Bodhan,Nizamabad,19,Varni,571219,0000,VILLAGE,Pedmal,Rural,475,2193,1121,1072,408,218,190,167,84,83,821,411,410,792,521,271,1401,600,801,1195,607,588,1056,562,494,278,177,101,713,342,371,22,12,10,43,31,12,139,45,94,11,3,8,100,23,77,4,2,2,24,17,7,130,40,90,10,2,8,99,23,76,4,2,2,17,13,4,9,5,4,1,1,0,1,0,1,0,0,0,7,4,3,998,514,484
05,91,Nizamabad,Nizamabad,23,Dichpalle,571220,0000,VILLAGE,Arepalle,Rural,85,367,173,194,25,10,15,127,65,62,0,0,0,211,129,82,156,44,112,199,110,89,196,109,87,67,55,12,70,42,28,45,2,43,14,10,4,3,1,2,3,1,2,0,0,0,0,0,0,0,0,0,3,1,2,3,1,2,0,0,0,0,0,0,0,0,0,0,0,0,0,0,0,0,0,0,0,0,0,0,0,0,168,63,105
05,91,Nizamabad,Nizamabad,23,Dichpalle,571221,0000,VILLAGE,Bardipur,Rural,1948,8433,3745,4688,749,361,388,2386,922,1464,147,38,109,5410,2553,2857,3023,1192,1831,3809,2163,1646,3191,1874,1317,761,604,157,1015,573,442,321,34,287,1094,663,431,618,289,329,5,3,2,416,202,214,72,9,63,125,75,50,572,277,295,5,3,2,397,195,202,69,9,60,101,70,31,46,12,34,0,0,0,19,7,12,3,0,3,24,5,19,4624,1582,3042
05,91,Nizamabad,Nizamabad,23,Dichpalle,571222,0000,VILLAGE,Mentrajpalle,Rural,1325,5942,2860,3082,688,338,350,805,371,434,2382,1188,1194,3030,1824,1206,2912,1036,1876,3098,1526,1572,2823,1431,1392,542,452,90,1192,528,664,456,35,421,633,416,217,275,95,180,12,5,7,130,66,64,19,2,17,114,22,92,249,91,158,12,5,7,119,62,57,16,2,14,102,22,80,26,4,22,0,0,0,11,4,7,3,0,3,12,0,12,2844,1334,1510
05,91,Nizamabad,Nizamabad,23,Dichpalle,571223,0000,VILLAGE,Amruthapur,Rural,759,3149,1538,1611,325,167,158,624,309,315,22,8,14,1615,917,698,1534,621,913,1826,941,885,914,498,416,197,135,62,245,181,64,50,10,40,422,172,250,912,443,469,15,9,6,406,238,168,132,31,101,359,165,194,628,308,320,11,7,4,260,161,99,93,18,75,264,122,142,284,135,149,4,2,2,146,77,69,39,13,26,95,43,52,1323,597,726
05,91,Nizamabad,Nizamabad,23,Dichpalle,571224,0000,VILLAGE,Nadepalle,Rural,1495,6840,3394,3446,832,432,400,603,293,310,1043,522,521,4230,2391,1839,2610,1003,1607,3080,1741,1339,2725,1555,1170,327,219,108,486,259,227,393,54,339,1519,1023,496,355,186,169,8,3,5,79,47,32,45,12,33,223,124,99,200,103,97,8,3,5,60,35,25,38,8,30,94,57,37,155,83,72,0,0,0,19,12,7,7,4,3,129,67,62,3760,1653,2107
05,91,Nizamabad,Nizamabad,23,Dichpalle,571225,0000,VILLAGE,Suddepalle,Rural,724,3783,2102,1681,335,175,160,564,315,249,438,311,127,2388,1576,812,1395,526,869,1489,759,730,1006,560,446,290,190,100,349,211,138,198,24,174,169,135,34,483,199,284,5,2,3,385,174,211,50,6,44,43,17,26,186,62,124,4,1,3,141,49,92,7,0,7,34,12,22,297,137,160,1,1,0,244,125,119,43,6,37,9,5,4,2294,1343,951
05,91,Nizamabad,Nizamabad,23,Dichpalle,571226,0000,VILLAGE,Yanampalle,Rural,640,2747,1299,1448,318,151,167,261,117,144,293,129,164,1385,799,586,1362,500,862,1325,636,689,1231,600,631,383,270,113,392,188,204,298,39,259,158,103,55,94,36,58,11,7,4,33,20,13,33,4,29,17,5,12,68,24,44,10,6,4,25,13,12,19,1,18,14,4,10,26,12,14,1,1,0,8,7,1,14,3,11,3,1,2,1422,663,759
05,91,Nizamabad,Nizamabad,23,Dichpalle,571227,0000,VILLAGE,Suddulam,Rural,533,2234,1115,1119,180,105,75,615,294,321,37,19,18,1290,773,517,944,342,602,1267,633,634,1042,510,532,255,186,69,373,193,180,33,14,19,381,117,264,225,123,102,23,15,8,121,77,44,19,1,18,62,30,32,174,103,71,22,14,8,88,62,26,8,0,8,56,27,29,51,20,31,1,1,0,33,15,18,11,1,10,6,3,3,967,482,485
05,91,Nizamabad,Nizamabad,23,Dichpalle,571228,0000,VILLAGE,Koratpalle,Rural,553,2258,1108,1150,275,145,130,443,214,229,359,178,181,1100,651,449,1158,457,701,1294,642,652,1236,613,623,497,317,180,255,175,80,225,26,199,259,95,164,58,29,29,4,2,2,11,4,7,2,1,1,41,22,19,44,23,21,1,1,0,7,3,4,2,1,1,34,18,16,14,6,8,3,1,2,4,1,3,0,0,0,7,4,3,964,466,498
05,91,Nizamabad,Nizamabad,23,Dichpalle,571229,0000,VILLAGE,Mittapalle,Rural,571,2397,1149,1248,320,156,164,20,8,12,550,275,275,1114,656,458,1283,493,790,1388,682,706,1089,539,550,404,294,110,169,105,64,383,29,354,133,111,22,299,143,156,24,12,12,272,130,142,1,0,1,2,1,1,285,138,147,20,10,10,263,127,136,1,0,1,1,1,0,14,5,9,4,2,2,9,3,6,0,0,0,1,0,1,1009,467,542
05,91,Nizamabad,Nizamabad,23,Dichpalle,571230,0000,VILLAGE,Rampur,Rural,1232,5358,2554,2804,586,285,301,569,281,288,179,92,87,2667,1515,1152,2691,1039,1652,2976,1456,1520,2946,1440,1506,1144,873,271,503,338,165,1056,60,996,243,169,74,30,16,14,1,1,0,15,10,5,5,1,4,9,4,5,29,16,13,1,1,0,14,10,4,5,1,4,9,4,5,1,0,1,0,0,0,1,0,1,0,0,0,0,0,0,2382,1098,1284
05,91,Nizamabad,Nizamabad,23,Dichpalle,571231,0000,VILLAGE,Kamalapur,Rural,337,1425,692,733,191,99,92,197,89,108,194,90,104,660,393,267,765,299,466,794,388,406,748,362,386,284,209,75,165,114,51,275,23,252,24,16,8,46,26,20,6,4,2,29,14,15,10,7,3,1,1,0,45,26,19,6,4,2,29,14,15,9,7,2,1,1,0,1,0,1,0,0,0,0,0,0,1,0,1,0,0,0,631,304,327
05,91,Nizamabad,Nizamabad,23,Dichpalle,571232,0000,VILLAGE,Bibipur,Rural,207,1012,483,529,149,80,69,4,1,3,979,468,511,408,260,148,604,223,381,562,254,308,553,251,302,166,74,92,347,153,194,0,0,0,40,24,16,9,3,6,1,0,1,5,2,3,0,0,0,3,1,2,9,3,6,1,0,1,5,2,3,0,0,0,3,1,2,0,0,0,0,0,0,0,0,0,0,0,0,0,0,0,450,229,221
05,91,Nizamabad,Nizamabad,23,Dichpalle,571233,0000,VILLAGE,Dichpalle,Rural,1062,4709,2327,2382,456,208,248,547,274,273,534,327,207,2391,1431,960,2318,896,1422,2425,1143,1282,1912,900,1012,655,374,281,626,274,352,394,79,315,237,173,64,513,243,270,44,20,24,257,167,90,60,3,57,152,53,99,501,236,265,43,19,24,249,163,86,59,2,57,150,52,98,12,7,5,1,1,0,8,4,4,1,1,0,2,1,1,2284,1184,1100
05,91,Nizamabad,Nizamabad,23,Dichpalle,571234,0000,VILLAGE,Doosgaon,Rural,644,2840,1360,1480,357,191,166,404,195,209,746,368,378,1318,735,583,1522,625,897,1699,815,884,1169,557,612,515,254,261,355,242,113,186,19,167,113,42,71,530,258,272,119,51,68,197,141,56,53,17,36,161,49,112,485,242,243,100,46,54,185,138,47,48,14,34,152,44,108,45,16,29,19,5,14,12,3,9,5,3,2,9,5,4,1141,545,596
05,91,Nizamabad,Nizamabad,24,Indalwai,571235,0000,VILLAGE,Indalwai,Rural,2147,9382,4623,4759,1101,579,522,1135,560,575,1170,586,584,4815,2907,1908,4567,1716,2851,4991,2505,2486,4404,2179,2225,881,590,291,1360,840,520,1341,147,1194,822,602,220,587,326,261,35,17,18,246,156,90,97,19,78,209,134,75,446,260,186,31,15,16,216,146,70,82,17,65,117,82,35,141,66,75,4,2,2,30,10,20,15,2,13,92,52,40,4391,2118,2273
05,91,Nizamabad,Nizamabad,24,Indalwai,571236,0000,VILLAGE,Thriambakpeta,Rural,212,984,491,493,163,87,76,42,22,20,826,408,418,308,197,111,676,294,382,518,241,277,512,238,274,405,194,211,75,36,39,15,0,15,17,8,9,6,3,3,0,0,0,4,1,3,0,0,0,2,2,0,6,3,3,0,0,0,4,1,3,0,0,0,2,2,0,0,0,0,0,0,0,0,0,0,0,0,0,0,0,0,466,250,216
05,91,Nizamabad,Nizamabad,24,Indalwai,571237,0000,VILLAGE,Gannaram,Rural,1520,6772,3281,3491,754,377,377,460,232,228,1943,957,986,2965,1728,1237,3807,1553,2254,3788,1827,1961,2585,1334,1251,868,526,342,915,522,393,215,64,151,587,222,365,1203,493,710,38,20,18,737,352,385,143,39,104,285,82,203,1173,486,687,36,19,17,730,349,381,132,38,94,275,80,195,30,7,23,2,1,1,7,3,4,11,1,10,10,2,8,2984,1454,1530
05,91,Nizamabad,Nizamabad,24,Indalwai,571238,0000,VILLAGE,Mallapur,Rural,270,1082,523,559,116,52,64,155,80,75,0,0,0,537,318,219,545,205,340,601,291,310,600,290,310,230,174,56,72,46,26,97,13,84,201,57,144,1,1,0,0,0,0,0,0,0,0,0,0,1,1,0,1,1,0,0,0,0,0,0,0,0,0,0,1,1,0,0,0,0,0,0,0,0,0,0,0,0,0,0,0,0,481,232,249
05,91,Nizamabad,Nizamabad,25,Dharpalle,571240,0000,VILLAGE,Mailaram,Rural,466,1842,894,948,167,91,76,323,170,153,3,2,1,961,565,396,881,329,552,1129,542,587,1124,539,585,409,220,189,259,140,119,185,20,165,271,159,112,5,3,2,0,0,0,2,1,1,0,0,0,3,2,1,5,3,2,0,0,0,2,1,1,0,0,0,3,2,1,0,0,0,0,0,0,0,0,0,0,0,0,0,0,0,713,352,361
05,91,Nizamabad,Nizamabad,25,Dharpalle,571241,0000,VILLAGE,Challagarga,Rural,311,1268,600,668,151,73,78,174,81,93,0,0,0,608,339,269,660,261,399,736,356,380,704,341,363,175,143,32,171,96,75,291,47,244,67,55,12,32,15,17,0,0,0,14,7,7,8,1,7,10,7,3,25,12,13,0,0,0,10,5,5,5,0,5,10,7,3,7,3,4,0,0,0,4,2,2,3,1,2,0,0,0,532,244,288
05,91,Nizamabad,Nizamabad,25,Dharpalle,571242,0000,VILLAGE,Dubbak,Rural,1289,5563,2747,2816,635,341,294,982,475,507,1822,896,926,2761,1635,1126,2802,1112,1690,3223,1563,1660,2920,1377,1543,1709,958,751,221,147,74,303,88,215,687,184,503,303,186,117,20,11,9,219,135,84,9,3,6,55,37,18,229,138,91,17,8,9,161,98,63,5,1,4,46,31,15,74,48,26,3,3,0,58,37,21,4,2,2,9,6,3,2340,1184,1156
05,91,Nizamabad,Nizamabad,25,Dharpalle,571243,0000,VILLAGE,Dammannapet,Rural,533,2355,1109,1246,292,158,134,235,111,124,1075,522,553,1057,624,433,1298,485,813,1378,616,762,1366,613,753,844,454,390,160,76,84,162,25,137,200,58,142,12,3,9,1,0,1,5,0,5,1,1,0,5,2,3,12,3,9,1,0,1,5,0,5,1,1,0,5,2,3,0,0,0,0,0,0,0,0,0,0,0,0,0,0,0,977,493,484
05,91,Nizamabad,Nizamabad,25,Dharpalle,571244,0000,VILLAGE,Kasaram,Rural,210,725,336,389,72,37,35,200,89,111,0,0,0,485,249,236,240,87,153,412,179,233,372,164,208,128,87,41,89,48,41,119,3,116,36,26,10,40,15,25,0,0,0,26,11,15,12,2,10,2,2,0,29,13,16,0,0,0,25,10,15,2,1,1,2,2,0,11,2,9,0,0,0,1,1,0,10,1,9,0,0,0,313,157,156
05,91,Nizamabad,Nizamabad,25,Dharpalle,571245,0000,VILLAGE,Ramadugu,Rural,1090,4404,2164,2240,425,228,197,620,320,300,1,0,1,2284,1333,951,2120,831,1289,2345,1162,1183,2046,1003,1043,604,434,170,510,288,222,393,18,375,539,263,276,299,159,140,22,10,12,184,108,76,17,6,11,76,35,41,238,121,117,21,9,12,144,82,62,11,2,9,62,28,34,61,38,23,1,1,0,40,26,14,6,4,2,14,7,7,2059,1002,1057
05,91,Nizamabad,Nizamabad,24,Indalwai,571247,0000,VILLAGE,Lolam,Rural,1601,6634,3156,3478,689,329,360,912,427,485,83,39,44,3376,1977,1399,3258,1179,2079,3655,1787,1868,3406,1696,1710,939,671,268,1090,716,374,874,51,823,503,258,245,249,91,158,1,1,0,94,59,35,119,3,116,35,28,7,230,80,150,1,1,0,78,50,28,118,3,115,33,26,7,19,11,8,0,0,0,16,9,7,1,0,1,2,2,0,2979,1369,1610
05,91,Nizamabad,Nizamabad,25,Dharpalle,571248,0000,VILLAGE,Govindpalle,Rural,365,1652,710,942,208,109,99,107,44,63,506,233,273,731,375,356,921,335,586,810,322,488,353,53,300,52,28,24,13,8,5,0,0,0,288,17,271,457,269,188,10,5,5,418,247,171,2,2,0,27,15,12,381,227,154,10,5,5,353,209,144,1,1,0,17,12,5,76,42,34,0,0,0,65,38,27,1,1,0,10,3,7,842,388,454
05,91,Nizamabad,Nizamabad,25,Dharpalle,571249,0000,VILLAGE,Dharpalle,Rural,2546,11132,5336,5796,1254,644,610,1293,602,691,1017,497,520,5856,3357,2499,5276,1979,3297,5775,2942,2833,5451,2777,2674,1599,984,615,1320,777,543,681,157,524,1851,859,992,324,165,159,19,3,16,116,60,56,37,18,19,152,84,68,264,145,119,18,3,15,78,45,33,29,15,14,139,82,57,60,20,40,1,0,1,38,15,23,8,3,5,13,2,11,5357,2394,2963
05,91,Nizamabad,Nizamabad,24,Indalwai,571250,0000,VILLAGE,Gouraram,Rural,444,1906,845,1061,221,97,124,173,62,111,641,314,327,749,413,336,1157,432,725,1080,479,601,1049,468,581,387,224,163,400,186,214,161,5,156,101,53,48,31,11,20,6,1,5,10,7,3,8,0,8,7,3,4,29,9,20,6,1,5,9,6,3,8,0,8,6,2,4,2,2,0,0,0,0,1,1,0,0,0,0,1,1,0,826,366,460
05,91,Nizamabad,Nizamabad,24,Indalwai,571251,0000,VILLAGE,Vengalpad,Rural,200,950,478,472,156,82,74,1,1,0,866,437,429,317,190,127,633,288,345,460,240,220,434,235,199,77,56,21,348,175,173,0,0,0,9,4,5,26,5,21,5,0,5,16,4,12,1,0,1,4,1,3,23,5,18,4,0,4,15,4,11,1,0,1,3,1,2,3,0,3,1,0,1,1,0,1,0,0,0,1,0,1,490,238,252
05,91,Nizamabad,Nizamabad,24,Indalwai,571252,0000,VILLAGE,Nallavally,Rural,1093,4684,2242,2442,525,281,244,432,207,225,806,389,417,2280,1311,969,2404,931,1473,2668,1289,1379,2423,1193,1230,803,450,353,928,512,416,184,51,133,508,180,328,245,96,149,12,6,6,144,64,80,54,5,49,35,21,14,231,91,140,10,6,4,138,60,78,51,5,46,32,20,12,14,5,9,2,0,2,6,4,2,3,0,3,3,1,2,2016,953,1063
05,91,Nizamabad,Nizamabad,24,Indalwai,571253,0000,VILLAGE,Sirnapalle,Rural,825,3806,1830,1976,388,177,211,607,304,303,189,102,87,2134,1270,864,1672,560,1112,1914,964,950,1749,882,867,371,269,102,572,331,241,386,48,338,420,234,186,165,82,83,13,9,4,82,46,36,16,2,14,54,25,29,128,61,67,13,9,4,59,32,27,11,1,10,45,19,26,37,21,16,0,0,0,23,14,9,5,1,4,9,6,3,1892,866,1026
05,91,Nizamabad,Nizamabad,24,Indalwai,571254,0000,VILLAGE,Donkal,Rural,247,1033,489,544,123,66,57,81,39,42,317,145,172,455,260,195,578,229,349,556,269,287,547,266,281,268,176,92,184,49,135,19,8,11,76,33,43,9,3,6,0,0,0,5,2,3,0,0,0,4,1,3,9,3,6,0,0,0,5,2,3,0,0,0,4,1,3,0,0,0,0,0,0,0,0,0,0,0,0,0,0,0,477,220,257
05,91,Nizamabad,Nizamabad,25,Dharpalle,571255,0000,VILLAGE,Rekulapalle,Rural,538,2257,1078,1179,230,119,111,403,193,210,231,117,114,1116,636,480,1141,442,699,1300,608,692,1234,585,649,418,288,130,218,129,89,390,19,371,208,149,59,66,23,43,7,5,2,25,12,13,20,0,20,14,6,8,52,22,30,7,5,2,21,11,10,10,0,10,14,6,8,14,1,13,0,0,0,4,1,3,10,0,10,0,0,0,957,470,487
05,91,Nizamabad,Nizamabad,27,Sirkonda,571256,0000,VILLAGE,Pedda Walgot,Rural,737,3145,1500,1645,380,197,183,694,354,340,213,102,111,1570,908,662,1575,592,983,1623,785,838,1230,643,587,253,215,38,233,175,58,471,62,409,273,191,82,393,142,251,44,9,35,200,99,101,67,6,61,82,28,54,383,138,245,44,9,35,195,97,98,65,5,60,79,27,52,10,4,6,0,0,0,5,2,3,2,1,1,3,1,2,1522,715,807
05,91,Nizamabad,Nizamabad,27,Sirkonda,571257,0000,VILLAGE,Pothnur,Rural,188,815,419,396,79,41,38,278,137,141,80,40,40,417,259,158,398,160,238,468,244,224,459,239,220,182,123,59,112,74,38,125,9,116,40,33,7,9,5,4,0,0,0,0,0,0,3,1,2,6,4,2,9,5,4,0,0,0,0,0,0,3,1,2,6,4,2,0,0,0,0,0,0,0,0,0,0,0,0,0,0,0,347,175,172
05,91,Nizamabad,Nizamabad,27,Sirkonda,571258,0000,VILLAGE,Chinna Walgot,Rural,307,1290,620,670,112,46,66,419,191,228,15,8,7,703,403,300,587,217,370,703,355,348,700,353,347,200,166,34,141,96,45,254,22,232,105,69,36,3,2,1,0,0,0,0,0,0,0,0,0,3,2,1,3,2,1,0,0,0,0,0,0,0,0,0,3,2,1,0,0,0,0,0,0,0,0,0,0,0,0,0,0,0,587,265,322
05,91,Nizamabad,Nizamabad,27,Sirkonda,571259,0000,VILLAGE,Nyavanandi,Rural,1195,4829,2228,2601,413,197,216,520,224,296,493,240,253,2486,1391,1095,2343,837,1506,2534,1146,1388,1960,859,1101,587,398,189,456,269,187,660,52,608,257,140,117,574,287,287,20,18,2,417,219,198,103,21,82,34,29,5,553,279,274,20,18,2,411,217,194,92,17,75,30,27,3,21,8,13,0,0,0,6,2,4,11,4,7,4,2,2,2295,1082,1213
05,91,Nizamabad,Nizamabad,27,Sirkonda,571260,0000,VILLAGE,Ravutla,Rural,752,3156,1543,1613,367,183,184,390,179,211,792,404,388,1496,880,616,1660,663,997,1751,840,911,1611,822,789,534,419,115,548,245,303,250,50,200,279,108,171,140,18,122,3,2,1,23,6,17,0,0,0,114,10,104,140,18,122,3,2,1,23,6,17,0,0,0,114,10,104,0,0,0,0,0,0,0,0,0,0,0,0,0,0,0,1405,703,702
05,91,Nizamabad,Nizamabad,27,Sirkonda,571261,0000,VILLAGE,Thatpalle,Rural,331,1501,752,749,178,99,79,239,123,116,683,336,347,692,410,282,809,342,467,870,427,443,858,423,435,723,355,368,81,37,44,7,2,5,47,29,18,12,4,8,0,0,0,12,4,8,0,0,0,0,0,0,12,4,8,0,0,0,12,4,8,0,0,0,0,0,0,0,0,0,0,0,0,0,0,0,0,0,0,0,0,0,631,325,306
05,91,Nizamabad,Nizamabad,27,Sirkonda,571262,0000,VILLAGE,Chimanpalle,Rural,373,1522,748,774,169,89,80,130,62,68,574,273,301,766,456,310,756,292,464,789,404,385,661,366,295,396,213,183,87,49,38,65,26,39,113,78,35,128,38,90,13,4,9,70,18,52,17,4,13,28,12,16,127,37,90,13,4,9,70,18,52,16,3,13,28,12,16,1,1,0,0,0,0,0,0,0,1,1,0,0,0,0,733,344,389
05,91,Nizamabad,Nizamabad,27,Sirkonda,571263,0000,VILLAGE,Pandimadugu,Rural,457,1963,985,978,267,136,131,427,224,203,1359,678,681,733,444,289,1230,541,689,1023,508,515,1009,503,506,549,300,249,379,157,222,9,6,3,72,40,32,14,5,9,0,0,0,9,4,5,1,1,0,4,0,4,10,3,7,0,0,0,6,3,3,0,0,0,4,0,4,4,2,2,0,0,0,3,1,2,1,1,0,0,0,0,940,477,463
05,91,Nizamabad,Nizamabad,27,Sirkonda,571264,0000,VILLAGE,Mailaram,Rural,363,1539,758,781,146,79,67,380,187,193,25,16,9,797,473,324,742,285,457,882,430,452,877,427,450,178,129,49,351,222,129,209,21,188,139,55,84,5,3,2,2,1,1,2,2,0,1,0,1,0,0,0,5,3,2,2,1,1,2,2,0,1,0,1,0,0,0,0,0,0,0,0,0,0,0,0,0,0,0,0,0,0,657,328,329
05,91,Nizamabad,Nizamabad,27,Sirkonda,571265,0000,VILLAGE,Sirkonda,Rural,952,4009,1916,2093,401,187,214,722,332,390,196,98,98,2138,1223,915,1871,693,1178,2103,1068,1035,1783,951,832,385,269,116,344,234,110,574,78,496,480,370,110,320,117,203,13,6,7,120,64,56,51,2,49,136,45,91,306,112,194,13,6,7,114,63,51,49,1,48,130,42,88,14,5,9,0,0,0,6,1,5,2,1,1,6,3,3,1906,848,1058
05,91,Nizamabad,Nizamabad,27,Sirkonda,571266,0000,VILLAGE,Kondur,Rural,833,3302,1552,1750,292,158,134,404,174,230,164,80,84,1780,1035,745,1522,517,1005,1862,870,992,1678,769,909,329,260,69,465,274,191,555,61,494,329,174,155,184,101,83,8,8,0,96,61,35,35,0,35,45,32,13,160,91,69,5,5,0,85,58,27,33,0,33,37,28,9,24,10,14,3,3,0,11,3,8,2,0,2,8,4,4,1440,682,758
05,91,Nizamabad,Nizamabad,27,Sirkonda,571267,0000,VILLAGE,Ramadugu,Rural,372,1603,791,812,142,75,67,227,118,109,7,3,4,769,474,295,834,317,517,834,387,447,650,354,296,205,131,74,276,184,92,125,11,114,44,28,16,184,33,151,1,1,0,23,14,9,20,4,16,140,14,126,20,14,6,0,0,0,12,8,4,3,2,1,5,4,1,164,19,145,1,1,0,11,6,5,17,2,15,135,10,125,769,404,365
05,91,Nizamabad,Nizamabad,25,Dharpalle,571268,0000,VILLAGE,Honnajipet,Rural,1451,6588,3157,3431,670,329,341,791,376,415,1431,699,732,3265,1920,1345,3323,1237,2086,3556,1709,1847,3264,1562,1702,1106,691,415,773,474,299,918,97,821,467,300,167,292,147,145,19,2,17,185,96,89,19,5,14,69,44,25,265,131,134,19,2,17,176,90,86,16,4,12,54,35,19,27,16,11,0,0,0,9,6,3,3,1,2,15,9,6,3032,1448,1584
05,91,Nizamabad,Nizamabad,25,Dharpalle,571269,0000,VILLAGE,Kotalapalle,Rural,125,554,271,283,68,39,29,132,61,71,264,133,131,226,134,92,328,137,191,319,158,161,319,158,161,234,119,115,62,31,31,12,0,12,11,8,3,0,0,0,0,0,0,0,0,0,0,0,0,0,0,0,0,0,0,0,0,0,0,0,0,0,0,0,0,0,0,0,0,0,0,0,0,0,0,0,0,0,0,0,0,0,235,113,122
05,91,Nizamabad,Nizamabad,27,Sirkonda,571270,0000,VILLAGE,Kondapur,Rural,660,3126,1557,1569,344,197,147,229,104,125,1397,710,687,1295,772,523,1831,785,1046,1738,842,896,1728,839,889,681,408,273,523,248,275,238,16,222,286,167,119,10,3,7,5,2,3,5,1,4,0,0,0,0,0,0,10,3,7,5,2,3,5,1,4,0,0,0,0,0,0,0,0,0,0,0,0,0,0,0,0,0,0,0,0,0,1388,715,673
05,91,Nizamabad,Nizamabad,27,Sirkonda,571271,0000,VILLAGE,Musheernagar,Rural,309,1530,747,783,239,126,113,87,42,45,672,338,334,524,344,180,1006,403,603,839,398,441,834,397,437,561,272,289,236,105,131,1,0,1,36,20,16,5,1,4,0,0,0,4,0,4,0,0,0,1,1,0,5,1,4,0,0,0,4,0,4,0,0,0,1,1,0,0,0,0,0,0,0,0,0,0,0,0,0,0,0,0,691,349,342
05,91,Nizamabad,Nizamabad,27,Sirkonda,571272,0000,VILLAGE,Gadkole,Rural,840,3338,1644,1694,309,156,153,619,296,323,272,136,136,1737,1037,700,1601,607,994,1830,919,911,1746,876,870,633,366,267,504,281,223,98,12,86,511,217,294,84,43,41,4,2,2,46,21,25,4,1,3,30,19,11,48,26,22,2,1,1,29,15,14,2,0,2,15,10,5,36,17,19,2,1,1,17,6,11,2,1,1,15,9,6,1508,725,783
05,91,Nizamabad,Nizamabad,27,Sirkonda,571273,0000,VILLAGE,Hussainnagar,Rural,416,1555,720,835,180,98,82,235,100,135,236,111,125,775,435,340,780,285,495,856,374,482,850,371,479,318,186,132,148,81,67,293,36,257,91,68,23,6,3,3,0,0,0,1,0,1,2,0,2,3,3,0,6,3,3,0,0,0,1,0,1,2,0,2,3,3,0,0,0,0,0,0,0,0,0,0,0,0,0,0,0,0,699,346,353
05,91,Nizamabad,Nizamabad,27,Sirkonda,571274,0000,VILLAGE,Pakhal,Rural,160,749,365,384,116,59,57,63,31,32,674,327,347,322,199,123,427,166,261,433,213,220,428,209,219,240,116,124,150,65,85,1,0,1,37,28,9,5,4,1,0,0,0,1,1,0,0,0,0,4,3,1,5,4,1,0,0,0,1,1,0,0,0,0,4,3,1,0,0,0,0,0,0,0,0,0,0,0,0,0,0,0,316,152,164
05,91,Nizamabad,Nizamabad,27,Sirkonda,571275,0000,VILLAGE,Thumpalle,Rural,584,2707,1322,1385,344,184,160,166,90,76,1389,659,730,1157,697,460,1550,625,925,1511,738,773,1492,731,761,474,323,151,643,333,310,207,25,182,168,50,118,19,7,12,4,2,2,2,0,2,4,0,4,9,5,4,18,7,11,4,2,2,2,0,2,3,0,3,9,5,4,1,0,1,0,0,0,0,0,0,1,0,1,0,0,0,1196,584,612
05,93,Armur,Nizamabad,06,Mendora,570807,0001,WARD,Soanpet -Pochampad,Urban,1492,6820,3056,3764,700,341,359,1736,600,1136,214,88,126,4547,2215,2332,2273,841,1432,2740,1634,1106,2440,1503,937,271,174,97,412,216,196,326,27,299,1431,1086,345,300,131,169,6,2,4,77,15,62,35,0,35,182,114,68,269,118,151,6,2,4,67,13,54,33,0,33,163,103,60,31,13,18,0,0,0,10,2,8,2,0,2,19,11,8,4080,1422,2658
05,91,Nizamabad,Nizamabad,23,Dichpalle,571239,0001,WARD,Ghanpur,Urban,1196,5182,2531,2651,586,311,275,713,335,378,354,166,188,3393,1850,1543,1789,681,1108,2290,1383,907,1982,1245,737,41,40,1,352,277,75,471,54,417,1118,874,244,308,138,170,3,2,1,95,55,40,99,18,81,111,63,48,290,125,165,3,2,1,87,50,37,97,17,80,103,56,47,18,13,5,0,0,0,8,5,3,2,1,1,8,7,1,2892,1148,1744
05,93,Armur,Nizamabad,03,Armur,802903,0001,WARD,Armur,Urban,359,1802,929,873,240,126,114,194,99,95,28,14,14,1257,688,569,545,241,304,703,462,241,684,450,234,1,0,1,56,28,28,140,12,128,487,410,77,19,12,7,0,0,0,1,0,1,5,0,5,13,12,1,18,11,7,0,0,0,1,0,1,5,0,5,12,11,1,1,1,0,0,0,0,0,0,0,0,0,0,1,1,0,1099,467,632
05,91,Nizamabad,Nizamabad,21,Nizamabad_South,802904,0001,WARD,Nizamabad (Urban),Urban,6927,31505,15690,15815,3468,1810,1658,2200,1035,1165,415,205,210,23165,12383,10782,8340,3307,5033,11465,8130,3335,9938,7235,2703,160,136,24,296,182,114,1190,256,934,8292,6661,1631,1527,895,632,12,8,4,119,75,44,293,49,244,1103,763,340,1248,707,541,12,8,4,90,56,34,242,37,205,904,606,298,279,188,91,0,0,0,29,19,10,51,12,39,199,157,42,20040,7560,12480
05,92,Bodhan,Nizamabad,16,Bodhan,802905,0001,WARD,Bodhan (Urban),Urban,364,1844,940,904,209,106,103,8,5,3,0,0,0,1374,738,636,470,202,268,581,486,95,571,481,90,8,7,1,58,47,11,26,6,20,479,421,58,10,5,5,0,0,0,0,0,0,1,0,1,9,5,4,9,5,4,0,0,0,0,0,0,1,0,1,8,5,3,1,0,1,0,0,0,0,0,0,0,0,0,1,0,1,1263,454,809
05,93,Armur,Nizamabad,03,Armur,802903,0002,WARD,Armur,Urban,584,2437,1221,1216,292,168,124,148,72,76,44,20,24,1234,669,565,1203,552,651,1403,762,641,1269,712,557,21,13,8,20,10,10,103,13,90,1125,676,449,134,50,84,9,5,4,0,0,0,25,2,23,100,43,57,118,43,75,8,5,3,0,0,0,24,1,23,86,37,49,16,7,9,1,0,1,0,0,0,1,1,0,14,6,8,1034,459,575
05,91,Nizamabad,Nizamabad,21,Nizamabad_South,802904,0002,WARD,Nizamabad (Urban),Urban,1797,7745,3804,3941,722,374,348,131,65,66,36,14,22,5821,3114,2707,1924,690,1234,3330,2135,1195,3089,2014,1075,14,11,3,40,29,11,469,73,396,2566,1901,665,241,121,120,6,3,3,18,13,5,68,15,53,149,90,59,194,99,95,6,3,3,16,12,4,49,13,36,123,71,52,47,22,25,0,0,0,2,1,1,19,2,17,26,19,7,4415,1669,2746
05,92,Bodhan,Nizamabad,16,Bodhan,802905,0002,WARD,Bodhan (Urban),Urban,346,1851,944,907,251,136,115,3,2,1,0,0,0,1322,690,632,529,254,275,630,458,172,340,235,105,5,3,2,100,82,18,15,4,11,220,146,74,290,223,67,3,3,0,41,34,7,10,4,6,236,182,54,230,175,55,3,3,0,39,32,7,7,4,3,181,136,45,60,48,12,0,0,0,2,2,0,3,0,3,55,46,9,1221,486,735
05,93,Armur,Nizamabad,03,Armur,802903,0003,WARD,Armur,Urban,745,3165,1551,1614,413,202,211,128,69,59,147,76,71,2017,1098,919,1148,453,695,1420,844,576,573,488,85,7,5,2,34,31,3,36,9,27,496,443,53,847,356,491,1,1,0,31,10,21,309,6,303,506,339,167,830,347,483,1,1,0,26,6,20,303,6,297,500,334,166,17,9,8,0,0,0,5,4,1,6,0,6,6,5,1,1745,707,1038
05,91,Nizamabad,Nizamabad,21,Nizamabad_South,802904,0003,WARD,Nizamabad (Urban),Urban,5987,25356,12496,12860,2387,1237,1150,698,325,373,224,113,111,18317,10190,8127,7039,2306,4733,10944,6728,4216,9566,6200,3366,70,59,11,156,110,46,1550,281,1269,7790,5750,2040,1378,528,850,5,4,1,51,27,24,199,22,177,1123,475,648,1183,452,731,5,4,1,36,17,19,173,19,154,969,412,557,195,76,119,0,0,0,15,10,5,26,3,23,154,63,91,14412,5768,8644
05,92,Bodhan,Nizamabad,16,Bodhan,802905,0003,WARD,Bodhan (Urban),Urban,464,2376,1242,1134,243,134,109,29,12,17,4,3,1,1825,982,843,551,260,291,946,652,294,689,532,157,15,15,0,55,50,5,26,26,0,593,441,152,257,120,137,6,1,5,16,15,1,0,0,0,235,104,131,254,117,137,6,1,5,16,15,1,0,0,0,232,101,131,3,3,0,0,0,0,0,0,0,0,0,0,3,3,0,1430,590,840
05,93,Armur,Nizamabad,03,Armur,802903,0004,WARD,Armur,Urban,580,2518,1241,1277,279,135,144,335,144,191,18,10,8,1895,1017,878,623,224,399,913,647,266,880,634,246,9,9,0,125,105,20,45,5,40,701,515,186,33,13,20,0,0,0,2,0,2,1,0,1,30,13,17,31,12,19,0,0,0,1,0,1,1,0,1,29,12,17,2,1,1,0,0,0,1,0,1,0,0,0,1,1,0,1605,594,1011
05,91,Nizamabad,Nizamabad,21,Nizamabad_South,802904,0004,WARD,Nizamabad (Urban),Urban,1074,4942,2508,2434,578,322,256,90,35,55,7,3,4,3649,1965,1684,1293,543,750,1616,1232,384,1391,1072,319,1,1,0,17,16,1,158,15,143,1215,1040,175,225,160,65,0,0,0,4,3,1,18,4,14,203,153,50,139,96,43,0,0,0,2,2,0,9,0,9,128,94,34,86,64,22,0,0,0,2,1,1,9,4,5,75,59,16,3326,1276,2050
05,92,Bodhan,Nizamabad,16,Bodhan,802905,0004,WARD,Bodhan (Urban),Urban,455,2140,1042,1098,203,98,105,219,111,108,27,17,10,1639,851,788,501,191,310,585,445,140,441,328,113,2,2,0,15,7,8,3,0,3,421,319,102,144,117,27,1,1,0,4,1,3,3,2,1,136,113,23,137,112,25,1,1,0,4,1,3,3,2,1,129,108,21,7,5,2,0,0,0,0,0,0,0,0,0,7,5,2,1555,597,958
05,93,Armur,Nizamabad,03,Armur,802903,0005,WARD,Armur,Urban,513,2217,1079,1138,262,132,130,81,43,38,0,0,0,1550,832,718,667,247,420,1060,592,468,789,449,340,8,5,3,28,23,5,239,42,197,514,379,135,271,143,128,5,4,1,21,15,6,43,5,38,202,119,83,267,140,127,5,4,1,20,14,6,42,5,37,200,117,83,4,3,1,0,0,0,1,1,0,1,0,1,2,2,0,1157,487,670
05,91,Nizamabad,Nizamabad,21,Nizamabad_South,802904,0005,WARD,Nizamabad (Urban),Urban,4805,20720,10204,10516,2126,1066,1060,2505,1212,1293,286,147,139,15463,8274,7189,5257,1930,3327,7622,5301,2321,6895,4954,1941,68,62,6,101,75,26,388,93,295,6338,4724,1614,727,347,380,3,2,1,166,87,79,39,11,28,519,247,272,578,271,307,3,2,1,160,85,75,22,6,16,393,178,215,149,76,73,0,0,0,6,2,4,17,5,12,126,69,57,13098,4903,8195
05,92,Bodhan,Nizamabad,16,Bodhan,802905,0005,WARD,Bodhan (Urban),Urban,173,854,412,442,104,55,49,231,114,117,15,7,8,494,259,235,360,153,207,253,213,40,210,185,25,1,1,0,28,23,5,1,0,1,180,161,19,43,28,15,0,0,0,11,2,9,0,0,0,32,26,6,30,22,8,0,0,0,5,0,5,0,0,0,25,22,3,13,6,7,0,0,0,6,2,4,0,0,0,7,4,3,601,199,402
05,93,Armur,Nizamabad,03,Armur,802903,0006,WARD,Armur,Urban,558,2551,1291,1260,309,156,153,157,87,70,12,6,6,1923,1031,892,628,260,368,959,631,328,886,594,292,9,6,3,21,17,4,78,17,61,778,554,224,73,37,36,5,2,3,0,0,0,5,4,1,63,31,32,69,35,34,5,2,3,0,0,0,4,3,1,60,30,30,4,2,2,0,0,0,0,0,0,1,1,0,3,1,2,1592,660,932
05,91,Nizamabad,Nizamabad,13,Nizamabad_North,802904,0006,WARD,Nizamabad (Urban),Urban,13378,59572,29341,30231,6449,3254,3195,9219,4577,4642,763,386,377,40943,22376,18567,18629,6965,11664,23747,15887,7860,18967,13356,5611,201,170,31,478,312,166,1701,440,1261,16587,12434,4153,4780,2531,2249,33,17,16,352,197,155,459,139,320,3936,2178,1758,4207,2215,1992,31,16,15,316,181,135,411,130,281,3449,1888,1561,573,316,257,2,1,1,36,16,20,48,9,39,487,290,197,35825,13454,22371
05,92,Bodhan,Nizamabad,16,Bodhan,802905,0006,WARD,Bodhan (Urban),Urban,420,1799,872,927,190,105,85,434,201,233,11,5,6,1042,557,485,757,315,442,684,469,215,526,373,153,10,10,0,103,33,70,9,3,6,404,327,77,158,96,62,1,1,0,6,2,4,2,1,1,149,92,57,45,17,28,1,1,0,6,2,4,1,0,1,37,14,23,113,79,34,0,0,0,0,0,0,1,1,0,112,78,34,1115,403,712
05,93,Armur,Nizamabad,03,Armur,802903,0007,WARD,Armur,Urban,623,2652,1321,1331,295,156,139,534,255,279,61,27,34,1675,896,779,977,425,552,1129,704,425,697,494,203,2,1,1,41,25,16,104,39,65,550,429,121,432,210,222,0,0,0,18,9,9,69,10,59,345,191,154,355,174,181,0,0,0,13,9,4,57,7,50,285,158,127,77,36,41,0,0,0,5,0,5,12,3,9,60,33,27,1523,617,906
05,91,Nizamabad,Nizamabad,21,Nizamabad_South,802904,0007,WARD,Nizamabad (Urban),Urban,3048,15169,7635,7534,1992,972,1020,911,459,452,176,81,95,10255,5451,4804,4914,2184,2730,4915,3935,980,3779,3239,540,16,11,5,37,23,14,76,50,26,3650,3155,495,1136,696,440,4,1,3,73,47,26,90,43,47,969,605,364,958,606,352,4,1,3,46,32,14,47,22,25,861,551,310,178,90,88,0,0,0,27,15,12,43,21,22,108,54,54,10254,3700,6554
05,92,Bodhan,Nizamabad,16,Bodhan,802905,0007,WARD,Bodhan (Urban),Urban,365,1794,873,921,135,77,58,183,84,99,16,7,9,1238,662,576,556,211,345,560,427,133,518,397,121,5,3,2,118,79,39,10,5,5,385,310,75,42,30,12,0,0,0,5,2,3,1,0,1,36,28,8,37,27,10,0,0,0,4,2,2,1,0,1,32,25,7,5,3,2,0,0,0,1,0,1,0,0,0,4,3,1,1234,446,788
05,93,Armur,Nizamabad,03,Armur,802903,0008,WARD,Armur,Urban,140,637,315,322,77,43,34,0,0,0,0,0,0,481,258,223,156,57,99,205,140,65,113,67,46,2,2,0,2,1,1,16,10,6,93,54,39,92,73,19,0,0,0,0,0,0,6,3,3,86,70,16,74,60,14,0,0,0,0,0,0,6,3,3,68,57,11,18,13,5,0,0,0,0,0,0,0,0,0,18,13,5,432,175,257
05,91,Nizamabad,Nizamabad,21,Nizamabad_South,802904,0008,WARD,Nizamabad (Urban),Urban,1165,6145,3134,3011,924,457,467,0,0,0,0,0,0,4668,2467,2201,1477,667,810,1669,1443,226,1389,1240,149,11,10,1,33,25,8,60,40,20,1285,1165,120,280,203,77,3,2,1,29,21,8,28,19,9,220,161,59,237,170,67,2,1,1,24,18,6,11,3,8,200,148,52,43,33,10,1,1,0,5,3,2,17,16,1,20,13,7,4476,1691,2785
05,92,Bodhan,Nizamabad,16,Bodhan,802905,0008,WARD,Bodhan (Urban),Urban,584,2553,1232,1321,235,107,128,174,85,89,20,12,8,1870,965,905,683,267,416,742,622,120,672,571,101,40,38,2,70,55,15,11,5,6,551,473,78,70,51,19,1,1,0,23,16,7,1,1,0,45,33,12,60,44,16,1,1,0,21,16,5,1,1,0,37,26,11,10,7,3,0,0,0,2,0,2,0,0,0,8,7,1,1811,610,1201
05,93,Armur,Nizamabad,03,Armur,802903,0009,WARD,Armur,Urban,148,636,291,345,53,27,26,1,0,1,38,19,19,452,237,215,184,54,130,285,157,128,176,148,28,0,0,0,1,1,0,7,1,6,168,146,22,109,9,100,0,0,0,0,0,0,96,0,96,13,9,4,104,9,95,0,0,0,0,0,0,91,0,91,13,9,4,5,0,5,0,0,0,0,0,0,5,0,5,0,0,0,351,134,217
05,91,Nizamabad,Nizamabad,13,Nizamabad_North,802904,0009,WARD,Nizamabad (Urban),Urban,13716,73837,37481,36356,10762,5509,5253,867,416,451,141,65,76,49067,25916,23151,24770,11565,13205,21433,17561,3872,17529,14806,2723,94,73,21,180,126,54,474,233,241,16781,14374,2407,3904,2755,1149,49,21,28,389,340,49,301,167,134,3165,2227,938,3238,2274,964,47,20,27,293,248,45,107,55,52,2791,1951,840,666,481,185,2,1,1,96,92,4,194,112,82,374,276,98,52404,19920,32484
05,92,Bodhan,Nizamabad,16,Bodhan,802905,0009,WARD,Bodhan (Urban),Urban,482,2704,1475,1229,298,145,153,314,155,159,159,156,3,1835,1095,740,869,380,489,657,596,61,564,514,50,3,3,0,47,41,6,12,3,9,502,467,35,93,82,11,0,0,0,12,11,1,11,9,2,70,62,8,91,80,11,0,0,0,11,10,1,11,9,2,69,61,8,2,2,0,0,0,0,1,1,0,0,0,0,1,1,0,2047,879,1168
05,93,Armur,Nizamabad,03,Armur,802903,0010,WARD,Armur,Urban,574,2293,1065,1228,191,93,98,10,4,6,0,0,0,1379,743,636,914,322,592,1066,552,514,901,475,426,31,25,6,49,36,13,307,48,259,514,366,148,165,77,88,5,3,2,31,23,8,63,7,56,66,44,22,157,75,82,5,3,2,31,23,8,63,7,56,58,42,16,8,2,6,0,0,0,0,0,0,0,0,0,8,2,6,1227,513,714
05,91,Nizamabad,Nizamabad,21,Nizamabad_South,802904,0010,WARD,Nizamabad (Urban),Urban,8214,37391,18419,18972,4433,2194,2239,4182,2048,2134,622,310,312,24264,13159,11105,13127,5260,7867,15457,10234,5223,13431,9108,4323,73,58,15,782,510,272,902,177,725,11674,8363,3311,2026,1126,900,29,15,14,334,199,135,94,23,71,1569,889,680,1924,1085,839,29,15,14,328,195,133,76,21,55,1491,854,637,102,41,61,0,0,0,6,4,2,18,2,16,78,35,43,21934,8185,13749
05,92,Bodhan,Nizamabad,16,Bodhan,802905,0010,WARD,Bodhan (Urban),Urban,600,3056,1574,1482,334,170,164,3,0,3,0,0,0,2378,1264,1114,678,310,368,842,736,106,797,709,88,13,13,0,19,18,1,34,22,12,731,656,75,45,27,18,0,0,0,1,1,0,8,3,5,36,23,13,34,22,12,0,0,0,0,0,0,1,0,1,33,22,11,11,5,6,0,0,0,1,1,0,7,3,4,3,1,2,2214,838,1376
05,93,Armur,Nizamabad,03,Armur,802903,0011,WARD,Armur,Urban,181,733,356,377,49,29,20,242,109,133,0,0,0,464,262,202,269,94,175,336,189,147,322,184,138,12,6,6,33,17,16,14,0,14,263,161,102,14,5,9,0,0,0,1,0,1,0,0,0,13,5,8,14,5,9,0,0,0,1,0,1,0,0,0,13,5,8,0,0,0,0,0,0,0,0,0,0,0,0,0,0,0,397,167,230
05,91,Nizamabad,Nizamabad,13,Nizamabad_North,802904,0011,WARD,Nizamabad (Urban),Urban,5544,24388,12064,12324,2582,1326,1256,2481,1218,1263,739,383,356,17280,9198,8082,7108,2866,4242,9099,6321,2778,7050,5250,1800,108,96,12,219,140,79,287,111,176,6436,4903,1533,2049,1071,978,39,26,13,98,49,49,87,28,59,1825,968,857,1781,921,860,38,25,13,74,38,36,47,15,32,1622,843,779,268,150,118,1,1,0,24,11,13,40,13,27,203,125,78,15289,5743,9546
05,92,Bodhan,Nizamabad,16,Bodhan,802905,0011,WARD,Bodhan (Urban),Urban,531,2979,1510,1469,340,159,181,12,5,7,8,4,4,2148,1148,1000,831,362,469,837,741,96,805,715,90,55,48,7,26,23,3,19,8,11,705,636,69,32,26,6,3,3,0,10,8,2,2,2,0,17,13,4,28,22,6,2,2,0,9,7,2,0,0,0,17,13,4,4,4,0,1,1,0,1,1,0,2,2,0,0,0,0,2142,769,1373
05,93,Armur,Nizamabad,03,Armur,802903,0012,WARD,Armur,Urban,523,2012,961,1051,176,83,93,366,181,185,1,0,1,1095,614,481,917,347,570,1172,578,594,967,466,501,239,124,115,274,135,139,216,17,199,238,190,48,205,112,93,21,12,9,71,28,43,28,10,18,85,62,23,195,104,91,21,12,9,68,25,43,27,9,18,79,58,21,10,8,2,0,0,0,3,3,0,1,1,0,6,4,2,840,383,457
05,91,Nizamabad,Nizamabad,13,Nizamabad_North,802904,0012,WARD,Nizamabad (Urban),Urban,962,4382,2153,2229,524,288,236,504,250,254,16,10,6,2414,1359,1055,1968,794,1174,1855,1085,770,1456,901,555,59,31,28,377,236,141,107,72,35,913,562,351,399,184,215,11,2,9,191,93,98,8,6,2,189,83,106,391,181,210,11,2,9,189,92,97,8,6,2,183,81,102,8,3,5,0,0,0,2,1,1,0,0,0,6,2,4,2527,1068,1459
05,92,Bodhan,Nizamabad,16,Bodhan,802905,0012,WARD,Bodhan (Urban),Urban,618,2931,1440,1491,350,172,178,376,173,203,36,14,22,1577,840,737,1354,600,754,1134,756,378,1048,731,317,32,24,8,136,59,77,109,46,63,771,602,169,86,25,61,1,0,1,14,0,14,3,1,2,68,24,44,76,19,57,1,0,1,13,0,13,2,1,1,60,18,42,10,6,4,0,0,0,1,0,1,1,0,1,8,6,2,1797,684,1113
05,93,Armur,Nizamabad,03,Armur,802903,0013,WARD,Armur,Urban,470,1875,931,944,179,97,82,93,45,48,9,4,5,1085,636,449,790,295,495,1074,522,552,1054,506,548,147,91,56,243,138,105,357,18,339,307,259,48,20,16,4,1,1,0,0,0,0,3,1,2,16,14,2,16,14,2,1,1,0,0,0,0,3,1,2,12,12,0,4,2,2,0,0,0,0,0,0,0,0,0,4,2,2,801,409,392
05,92,Bodhan,Nizamabad,16,Bodhan,802905,0013,WARD,Bodhan (Urban),Urban,567,2630,1303,1327,202,111,91,441,243,198,5,5,0,1548,833,715,1082,470,612,1088,654,434,848,536,312,16,14,2,427,224,203,67,22,45,338,276,62,240,118,122,7,7,0,119,74,45,87,20,67,27,17,10,229,113,116,7,7,0,117,73,44,86,20,66,19,13,6,11,5,6,0,0,0,2,1,1,1,0,1,8,4,4,1542,649,893
05,93,Armur,Nizamabad,03,Armur,802903,0014,WARD,Armur,Urban,328,1303,622,681,129,60,69,0,0,0,0,0,0,859,478,381,444,144,300,695,364,331,609,321,288,11,8,3,76,28,48,257,130,127,265,155,110,86,43,43,0,0,0,22,11,11,5,4,1,59,28,31,85,43,42,0,0,0,22,11,11,5,4,1,58,28,30,1,0,1,0,0,0,0,0,0,0,0,0,1,0,1,608,258,350
05,92,Bodhan,Nizamabad,16,Bodhan,802905,0014,WARD,Bodhan (Urban),Urban,719,3244,1626,1618,351,186,165,285,140,145,57,31,26,1940,1070,870,1304,556,748,1305,861,444,984,651,333,50,44,6,208,128,80,69,18,51,657,461,196,321,210,111,4,3,1,104,86,18,7,2,5,206,119,87,313,206,107,3,3,0,100,84,16,7,2,5,203,117,86,8,4,4,1,0,1,4,2,2,0,0,0,3,2,1,1939,765,1174
05,93,Armur,Nizamabad,03,Armur,802903,0015,WARD,Armur,Urban,563,2507,1250,1257,243,125,118,48,21,27,3,2,1,1734,969,765,773,281,492,1112,637,475,996,573,423,3,2,1,62,48,14,285,33,252,646,490,156,116,64,52,2,1,1,9,4,5,29,5,24,76,54,22,112,62,50,2,1,1,9,4,5,26,4,22,75,53,22,4,2,2,0,0,0,0,0,0,3,1,2,1,1,0,1395,613,782
05,92,Bodhan,Nizamabad,16,Bodhan,802905,0015,WARD,Bodhan (Urban),Urban,175,735,366,369,77,32,45,42,17,25,20,10,10,593,319,274,142,47,95,257,198,59,247,193,54,5,5,0,15,9,6,2,1,1,225,178,47,10,5,5,0,0,0,0,0,0,0,0,0,10,5,5,10,5,5,0,0,0,0,0,0,0,0,0,10,5,5,0,0,0,0,0,0,0,0,0,0,0,0,0,0,0,478,168,310
05,93,Armur,Nizamabad,03,Armur,802903,0016,WARD,Armur,Urban,185,698,333,365,57,28,29,0,0,0,0,0,0,500,275,225,198,58,140,366,190,176,332,173,159,11,8,3,10,6,4,1,1,0,310,158,152,34,17,17,3,3,0,0,0,0,0,0,0,31,14,17,34,17,17,3,3,0,0,0,0,0,0,0,31,14,17,0,0,0,0,0,0,0,0,0,0,0,0,0,0,0,332,143,189
05,92,Bodhan,Nizamabad,16,Bodhan,802905,0016,WARD,Bodhan (Urban),Urban,531,2308,719,1589,206,60,146,121,58,63,47,13,34,1766,598,1168,542,121,421,742,364,378,559,335,224,80,75,5,16,12,4,7,3,4,456,245,211,183,29,154,0,0,0,15,5,10,0,0,0,168,24,144,41,19,22,0,0,0,5,4,1,0,0,0,36,15,21,142,10,132,0,0,0,10,1,9,0,0,0,132,9,123,1566,355,1211
05,93,Armur,Nizamabad,03,Armur,802903,0017,WARD,Armur,Urban,439,1735,820,915,171,84,87,16,8,8,38,20,18,1019,574,445,716,246,470,856,425,431,838,411,427,105,58,47,107,69,38,235,15,220,391,269,122,18,14,4,0,0,0,5,2,3,0,0,0,13,12,1,15,12,3,0,0,0,5,2,3,0,0,0,10,10,0,3,2,1,0,0,0,0,0,0,0,0,0,3,2,1,879,395,484
05,92,Bodhan,Nizamabad,16,Bodhan,802905,0017,WARD,Bodhan (Urban),Urban,675,3199,1675,1524,345,184,161,390,203,187,168,74,94,2193,1233,960,1006,442,564,1111,785,326,1042,757,285,31,30,1,166,70,96,19,6,13,826,651,175,69,28,41,1,1,0,10,3,7,3,2,1,55,22,33,60,23,37,1,1,0,9,2,7,3,2,1,47,18,29,9,5,4,0,0,0,1,1,0,0,0,0,8,4,4,2088,890,1198
05,93,Armur,Nizamabad,03,Armur,802903,0018,WARD,Armur,Urban,450,1782,885,897,157,89,68,670,337,333,1,1,0,956,537,419,826,348,478,1082,536,546,980,496,484,161,88,73,466,237,229,67,9,58,286,162,124,102,40,62,6,5,1,25,16,9,6,0,6,65,19,46,75,33,42,5,5,0,18,13,5,4,0,4,48,15,33,27,7,20,1,0,1,7,3,4,2,0,2,17,4,13,700,349,351
05,92,Bodhan,Nizamabad,16,Bodhan,802905,0018,WARD,Bodhan (Urban),Urban,457,1940,1045,895,129,72,57,67,35,32,44,25,19,1624,916,708,316,129,187,572,473,99,548,456,92,12,12,0,5,5,0,12,6,6,519,433,86,24,17,7,0,0,0,9,8,1,3,0,3,12,9,3,21,15,6,0,0,0,7,6,1,3,0,3,11,9,2,3,2,1,0,0,0,2,2,0,0,0,0,1,0,1,1368,572,796
05,93,Armur,Nizamabad,03,Armur,802903,0019,WARD,Armur,Urban,385,1650,837,813,160,77,83,15,8,7,36,16,20,1076,615,461,574,222,352,825,479,346,519,368,151,29,25,4,47,32,15,154,51,103,289,260,29,306,111,195,3,3,0,14,8,6,180,21,159,109,79,30,278,94,184,3,3,0,13,7,6,168,16,152,94,68,26,28,17,11,0,0,0,1,1,0,12,5,7,15,11,4,825,358,467
05,92,Bodhan,Nizamabad,16,Bodhan,802905,0019,WARD,Bodhan (Urban),Urban,408,1991,1070,921,237,123,114,86,46,40,11,5,6,1229,726,503,762,344,418,532,464,68,513,449,64,26,24,2,66,51,15,5,1,4,416,373,43,19,15,4,0,0,0,3,3,0,3,1,2,13,11,2,18,15,3,0,0,0,3,3,0,3,1,2,12,11,1,1,0,1,0,0,0,0,0,0,0,0,0,1,0,1,1459,606,853
05,93,Armur,Nizamabad,03,Armur,802903,0020,WARD,Armur,Urban,439,1938,943,995,214,95,119,40,19,21,0,0,0,1477,788,689,461,155,306,640,477,163,575,455,120,17,17,0,17,7,10,68,11,57,473,420,53,65,22,43,4,3,1,1,1,0,41,2,39,19,16,3,57,19,38,4,3,1,1,1,0,36,2,34,16,13,3,8,3,5,0,0,0,0,0,0,5,0,5,3,3,0,1298,466,832
05,92,Bodhan,Nizamabad,16,Bodhan,802905,0020,WARD,Bodhan (Urban),Urban,383,2062,1062,1000,291,151,140,17,9,8,3,1,2,1107,614,493,955,448,507,646,502,144,565,487,78,17,17,0,59,47,12,3,1,2,486,422,64,81,15,66,1,1,0,13,4,9,0,0,0,67,10,57,80,15,65,1,1,0,13,4,9,0,0,0,66,10,56,1,0,1,0,0,0,0,0,0,0,0,0,1,0,1,1416,560,856
05,93,Armur,Nizamabad,03,Armur,802903,0021,WARD,Armur,Urban,639,2907,1481,1426,376,191,185,165,86,79,0,0,0,2024,1132,892,883,349,534,1148,763,385,1103,735,368,4,4,0,26,17,9,205,23,182,868,691,177,45,28,17,1,1,0,0,0,0,2,1,1,42,26,16,42,25,17,1,1,0,0,0,0,2,1,1,39,23,16,3,3,0,0,0,0,0,0,0,0,0,0,3,3,0,1759,718,1041
05,92,Bodhan,Nizamabad,16,Bodhan,802905,0021,WARD,Bodhan (Urban),Urban,285,1444,731,713,184,84,100,37,16,21,4,1,3,806,463,343,638,268,370,613,392,221,604,389,215,17,13,4,50,20,30,172,97,75,365,259,106,9,3,6,1,0,1,0,0,0,3,1,2,5,2,3,9,3,6,1,0,1,0,0,0,3,1,2,5,2,3,0,0,0,0,0,0,0,0,0,0,0,0,0,0,0,831,339,492
05,93,Armur,Nizamabad,03,Armur,802903,0022,WARD,Armur,Urban,212,856,443,413,95,59,36,27,13,14,6,3,3,656,368,288,200,75,125,327,227,100,316,226,90,3,2,1,4,3,1,62,20,42,247,201,46,11,1,10,0,0,0,0,0,0,7,0,7,4,1,3,11,1,10,0,0,0,0,0,0,7,0,7,4,1,3,0,0,0,0,0,0,0,0,0,0,0,0,0,0,0,529,216,313
05,92,Bodhan,Nizamabad,16,Bodhan,802905,0022,WARD,Bodhan (Urban),Urban,553,2424,1189,1235,234,112,122,95,44,51,0,0,0,1322,749,573,1102,440,662,1076,699,377,766,581,185,58,53,5,323,250,73,135,54,81,250,224,26,310,118,192,8,8,0,156,77,79,110,10,100,36,23,13,284,110,174,8,8,0,144,72,72,99,8,91,33,22,11,26,8,18,0,0,0,12,5,7,11,2,9,3,1,2,1348,490,858
05,93,Armur,Nizamabad,03,Armur,802903,0023,WARD,Armur,Urban,675,2999,1495,1504,369,198,171,151,73,78,28,15,13,2092,1124,968,907,371,536,1198,723,475,1137,683,454,12,8,4,263,178,85,349,53,296,513,444,69,61,40,21,1,1,0,7,3,4,14,3,11,39,33,6,59,39,20,1,1,0,6,3,3,13,2,11,39,33,6,2,1,1,0,0,0,1,0,1,1,1,0,0,0,0,1801,772,1029
05,92,Bodhan,Nizamabad,16,Bodhan,802905,0023,WARD,Bodhan (Urban),Urban,470,2116,1031,1085,232,116,116,512,252,260,4,2,2,1222,667,555,894,364,530,948,559,389,807,485,322,11,8,3,224,130,94,73,3,70,499,344,155,141,74,67,0,0,0,113,60,53,7,1,6,21,13,8,137,74,63,0,0,0,113,60,53,5,1,4,19,13,6,4,0,4,0,0,0,0,0,0,2,0,2,2,0,2,1168,472,696
05,93,Armur,Nizamabad,03,Armur,570780,0024,WARD,Mamidipalle,Urban,2520,10571,5298,5273,1158,608,550,1128,553,575,170,92,78,7364,4086,3278,3207,1212,1995,4758,2797,1961,4383,2623,1760,382,256,126,364,194,170,772,148,624,2865,2025,840,375,174,201,9,5,4,39,19,20,69,11,58,258,139,119,331,164,167,9,5,4,35,18,17,57,10,47,230,131,99,44,10,34,0,0,0,4,1,3,12,1,11,28,8,20,5813,2501,3312
05,92,Bodhan,Nizamabad,16,Bodhan,802905,0024,WARD,Bodhan (Urban),Urban,513,2494,1210,1284,325,171,154,57,22,35,0,0,0,1423,740,683,1071,470,601,821,585,236,497,381,116,8,7,1,137,117,20,44,35,9,308,222,86,324,204,120,2,0,2,254,157,97,43,33,10,25,14,11,320,201,119,2,0,2,250,154,96,43,33,10,25,14,11,4,3,1,0,0,0,4,3,1,0,0,0,0,0,0,1673,625,1048
05,93,Armur,Nizamabad,03,Armur,570781,0025,WARD,Perkit,Urban,2246,9549,4777,4772,1150,584,566,708,351,357,175,89,86,6010,3353,2657,3539,1424,2115,4334,2467,1867,3928,2228,1700,347,201,146,575,321,254,970,104,866,2036,1602,434,406,239,167,3,2,1,29,11,18,104,15,89,270,211,59,385,227,158,3,2,1,28,11,17,98,13,85,256,201,55,21,12,9,0,0,0,1,0,1,6,2,4,14,10,4,5215,2310,2905
05,92,Bodhan,Nizamabad,16,Bodhan,802905,0025,WARD,Bodhan (Urban),Urban,438,2366,1189,1177,274,143,131,16,5,11,0,0,0,1619,873,746,747,316,431,646,499,147,412,340,72,9,7,2,124,102,22,4,1,3,275,230,45,234,159,75,2,0,2,47,32,15,40,23,17,145,104,41,152,101,51,2,0,2,31,21,10,12,6,6,107,74,33,82,58,24,0,0,0,16,11,5,28,17,11,38,30,8,1720,690,1030
05,92,Bodhan,Nizamabad,16,Bodhan,802905,0026,WARD,Bodhan (Urban),Urban,364,1581,799,782,177,91,86,0,0,0,10,6,4,912,495,417,669,304,365,611,459,152,490,349,141,61,53,8,240,122,118,4,3,1,185,171,14,121,110,11,1,0,1,9,3,6,0,0,0,111,107,4,108,98,10,1,0,1,9,3,6,0,0,0,98,95,3,13,12,1,0,0,0,0,0,0,0,0,0,13,12,1,970,340,630
05,92,Bodhan,Nizamabad,16,Bodhan,802905,0027,WARD,Bodhan (Urban),Urban,408,1856,940,916,215,119,96,548,258,290,0,0,0,1024,539,485,832,401,431,668,456,212,572,377,195,4,3,1,394,216,178,9,7,2,165,151,14,96,79,17,3,2,1,24,18,6,8,8,0,61,51,10,66,56,10,2,1,1,15,11,4,8,8,0,41,36,5,30,23,7,1,1,0,9,7,2,0,0,0,20,15,5,1188,484,704
05,92,Bodhan,Nizamabad,16,Bodhan,802905,0028,WARD,Bodhan (Urban),Urban,558,2282,1119,1163,235,120,115,137,75,62,31,12,19,1221,656,565,1061,463,598,1163,628,535,1145,620,525,77,63,14,793,452,341,100,16,84,175,89,86,18,8,10,1,1,0,2,1,1,0,0,0,15,6,9,16,8,8,1,1,0,2,1,1,0,0,0,13,6,7,2,0,2,0,0,0,0,0,0,0,0,0,2,0,2,1119,491,628
05,92,Bodhan,Nizamabad,16,Bodhan,802905,0029,WARD,Bodhan (Urban),Urban,410,1915,950,965,179,93,86,1,1,0,0,0,0,1334,698,636,581,252,329,661,482,179,418,310,108,4,4,0,16,10,6,3,3,0,395,293,102,243,172,71,1,0,1,56,40,16,11,6,5,175,126,49,196,134,62,0,0,0,49,34,15,6,6,0,141,94,47,47,38,9,1,0,1,7,6,1,5,0,5,34,32,2,1254,468,786
05,92,Bodhan,Nizamabad,16,Bodhan,802905,0030,WARD,Bodhan (Urban),Urban,376,1833,913,920,205,106,99,0,0,0,0,0,0,1140,615,525,693,298,395,660,512,148,623,489,134,31,19,12,28,19,9,10,6,4,554,445,109,37,23,14,4,2,2,15,8,7,0,0,0,18,13,5,35,22,13,4,2,2,14,7,7,0,0,0,17,13,4,2,1,1,0,0,0,1,1,0,0,0,0,1,0,1,1173,401,772
05,92,Bodhan,Nizamabad,16,Bodhan,802905,0031,WARD,Bodhan (Urban),Urban,378,1667,794,873,157,83,74,15,8,7,0,0,0,784,415,369,883,379,504,755,428,327,714,412,302,13,13,0,364,210,154,162,46,116,175,143,32,41,16,25,0,0,0,26,12,14,9,0,9,6,4,2,36,15,21,0,0,0,26,12,14,6,0,6,4,3,1,5,1,4,0,0,0,0,0,0,3,0,3,2,1,1,912,366,546
05,92,Bodhan,Nizamabad,16,Bodhan,802905,0032,WARD,Bodhan (Urban),Urban,328,1514,765,749,114,64,50,357,175,182,7,3,4,1064,598,466,450,167,283,712,417,295,551,355,196,5,3,2,165,100,65,74,23,51,307,229,78,161,62,99,2,1,1,65,31,34,34,7,27,60,23,37,153,61,92,2,1,1,63,31,32,30,6,24,58,23,35,8,1,7,0,0,0,2,0,2,4,1,3,2,0,2,802,348,454
05,92,Bodhan,Nizamabad,16,Bodhan,802905,0033,WARD,Bodhan (Urban),Urban,671,3230,1659,1571,347,175,172,28,19,9,30,20,10,2530,1359,1171,700,300,400,968,817,151,944,805,139,39,37,2,41,33,8,12,7,5,852,728,124,24,12,12,0,0,0,6,3,3,2,0,2,16,9,7,22,11,11,0,0,0,5,3,2,2,0,2,15,8,7,2,1,1,0,0,0,1,0,1,0,0,0,1,1,0,2262,842,1420
05,92,Bodhan,Nizamabad,16,Bodhan,802905,0034,WARD,Bodhan (Urban),Urban,558,2860,1449,1411,275,156,119,43,12,31,38,23,15,2167,1114,1053,693,335,358,764,631,133,649,556,93,20,18,2,6,3,3,62,48,14,561,487,74,115,75,40,2,2,0,2,1,1,4,1,3,107,71,36,106,72,34,2,2,0,2,1,1,4,1,3,98,68,30,9,3,6,0,0,0,0,0,0,0,0,0,9,3,6,2096,818,1278
05,92,Bodhan,Nizamabad,16,Bodhan,802905,0035,WARD,Bodhan (Urban),Urban,579,3001,1491,1510,377,186,191,177,88,89,17,12,5,2169,1147,1022,832,344,488,837,714,123,810,692,118,17,17,0,11,10,1,11,7,4,771,658,113,27,22,5,2,2,0,2,0,2,3,3,0,20,17,3,18,15,3,1,1,0,0,0,0,3,3,0,14,11,3,9,7,2,1,1,0,2,0,2,0,0,0,6,6,0,2164,777,1387