DISTRICT_CODE,DIVISION_CODE,DIVISION_NAME,Name_District,Mandal_Code,Name_Mandal,Village_Code,Ward,Level1,VName,TRU,No_HH,TOT_P,TOT_M,TOT_F,P_06,M_06,F_06,P_SC,M_SC,F_SC,P_ST,M_ST,F_ST,P_LIT,M_LIT,F_LIT,P_ILL,M_ILL,F_ILL,TOT_WORK_P,TOT_WORK_M,TOT_WORK_F,MAINWORK_P,MAINWORK_M,MAINWORK_F,MAIN_CL_P,MAIN_CL_M,MAIN_CL_F,MAIN_AL_P,MAIN_AL_M,MAIN_AL_F,MAIN_HH_P,MAIN_HH_M,MAIN_HH_F,MAIN_OT_P,MAIN_OT_M,MAIN_OT_F,MARGWORK_P,MARGWORK_M,MARGWORK_F,MARG_CL_P,MARG_CL_M,MARG_CL_F,MARG_AL_P,MARG_AL_M,MARG_AL_F,MARG_HH_P,MARG_HH_M,MARG_HH_F,MARG_OT_P,MARG_OT_M,MARG_OT_F,MARGWORK_3_6_P,MARGWORK_3_6_M,MARGWORK_3_6_F,MARG_CL_3_6_P,MARG_CL_3_6_M,MARG_CL_3_6_F,MARG_AL_3_6_P,MARG_AL_3_6_M,MARG_AL_3_6_F,MARG_HH_3_6_P,MARG_HH_3_6_M,MARG_HH_3_6_F,MARG_OT_3_6_P,MARG_OT_3_6_M,MARG_OT_3_6_F,MARGWORK_0_3_P,MARGWORK_0_3_M,MARGWORK_0_3_F,MARG_CL_0_3_P,MARG_CL_0_3_M,MARG_CL_0_3_F,MARG_AL_0_3_P,MARG_AL_0_3_M,MARG_AL_0_3_F,MARG_HH_0_3_P,MARG_HH_0_3_M,MARG_HH_0_3_F,MARG_OT_0_3_P,MARG_OT_0_3_M,MARG_OT_0_3_F,NON_WORK_P,NON_WORK_M,NON_WORK_F
23,91,Chevella,Rangareddy,01,Shankarpalle,574042,0000,VILLAGE,Mahalingapuram,Rural,1697,7154,3644,3510,754,410,344,1635,850,785,11,6,5,3964,2368,1596,3190,1276,1914,3832,2085,1747,3562,2006,1556,2292,1308,984,825,418,407,146,48,98,299,232,67,270,79,191,34,9,25,191,45,146,0,0,0,45,25,20,268,77,191,33,8,25,190,44,146,0,0,0,45,25,20,2,2,0,1,1,0,1,1,0,0,0,0,0,0,0,3322,1559,1763
23,91,Chevella,Rangareddy,01,Shankarpalle,574043,0000,VILLAGE,Fathepur,Rural,340,1499,760,739,203,109,94,365,180,185,0,0,0,933,511,422,566,249,317,923,478,445,515,261,254,341,172,169,117,58,59,10,3,7,47,28,19,408,217,191,17,7,10,305,154,151,16,10,6,70,46,24,395,210,185,15,7,8,299,151,148,15,10,5,66,42,24,13,7,6,2,0,2,6,3,3,1,0,1,4,4,0,576,282,294
23,91,Chevella,Rangareddy,01,Shankarpalle,574044,0000,VILLAGE,Singapur,Rural,873,3602,1876,1726,381,228,153,617,321,296,6,3,3,2153,1262,891,1449,614,835,1664,1089,575,1305,879,426,455,283,172,405,215,190,37,33,4,408,348,60,359,210,149,30,7,23,212,114,98,41,33,8,76,56,20,348,205,143,29,6,23,205,112,93,40,32,8,74,55,19,11,5,6,1,1,0,7,2,5,1,1,0,2,1,1,1938,787,1151
23,91,Chevella,Rangareddy,01,Shankarpalle,574045,0000,VILLAGE,Shankarpalle,Rural,2780,12047,6097,5950,1636,850,786,1501,755,746,70,40,30,7578,4212,3366,4469,1885,2584,4329,3231,1098,3215,2525,690,410,327,83,357,212,145,138,101,37,2310,1885,425,1114,706,408,50,36,14,426,252,174,51,29,22,587,389,198,943,608,335,44,33,11,348,205,143,47,26,21,504,344,160,171,98,73,6,3,3,78,47,31,4,3,1,83,45,38,7718,2866,4852
23,91,Chevella,Rangareddy,01,Shankarpalle,574046,0000,VILLAGE,Ramanthapur,Rural,216,841,438,403,92,49,43,192,95,97,1,0,1,443,278,165,398,160,238,440,241,199,333,176,157,215,108,107,90,46,44,0,0,0,28,22,6,107,65,42,0,0,0,93,55,38,0,0,0,14,10,4,37,23,14,0,0,0,28,18,10,0,0,0,9,5,4,70,42,28,0,0,0,65,37,28,0,0,0,5,5,0,401,197,204
23,91,Chevella,Rangareddy,01,Shankarpalle,574047,0000,VILLAGE,Chandippa,Rural,331,1344,669,675,152,78,74,405,204,201,0,0,0,623,364,259,721,305,416,747,403,344,598,364,234,181,163,18,289,87,202,3,2,1,125,112,13,149,39,110,3,1,2,114,14,100,0,0,0,32,24,8,144,36,108,3,1,2,111,13,98,0,0,0,30,22,8,5,3,2,0,0,0,3,1,2,0,0,0,2,2,0,597,266,331
23,91,Chevella,Rangareddy,01,Shankarpalle,574048,0000,VILLAGE,Ravalpalle Kalan,Rural,479,2068,1054,1014,265,137,128,512,261,251,0,0,0,1034,621,413,1034,433,601,1222,637,585,1186,622,564,1115,576,539,14,8,6,0,0,0,57,38,19,36,15,21,3,1,2,32,13,19,0,0,0,1,1,0,36,15,21,3,1,2,32,13,19,0,0,0,1,1,0,0,0,0,0,0,0,0,0,0,0,0,0,0,0,0,846,417,429
23,91,Chevella,Rangareddy,01,Shankarpalle,574049,0000,VILLAGE,Sankepalle (Khalsa),Rural,251,1139,587,552,136,69,67,307,156,151,0,0,0,538,324,214,601,263,338,651,332,319,650,332,318,481,255,226,135,53,82,5,1,4,29,23,6,1,0,1,0,0,0,1,0,1,0,0,0,0,0,0,1,0,1,0,0,0,1,0,1,0,0,0,0,0,0,0,0,0,0,0,0,0,0,0,0,0,0,0,0,0,488,255,233
23,91,Chevella,Rangareddy,01,Shankarpalle,574051,0000,VILLAGE,Anthappaguda,Rural,238,1106,560,546,134,62,72,350,175,175,0,0,0,564,352,212,542,208,334,658,338,320,654,336,318,531,272,259,99,49,50,4,3,1,20,12,8,4,2,2,1,1,0,0,0,0,0,0,0,3,1,2,4,2,2,1,1,0,0,0,0,0,0,0,3,1,2,0,0,0,0,0,0,0,0,0,0,0,0,0,0,0,448,222,226
23,91,Chevella,Rangareddy,01,Shankarpalle,574052,0000,VILLAGE,Masaniguda,Rural,209,1007,510,497,101,44,57,322,170,152,0,0,0,583,344,239,424,166,258,571,318,253,571,318,253,161,92,69,359,184,175,1,1,0,50,41,9,0,0,0,0,0,0,0,0,0,0,0,0,0,0,0,0,0,0,0,0,0,0,0,0,0,0,0,0,0,0,0,0,0,0,0,0,0,0,0,0,0,0,0,0,0,436,192,244
23,91,Chevella,Rangareddy,01,Shankarpalle,574053,0000,VILLAGE,Hussainipur,Rural,47,188,97,91,30,16,14,33,14,19,0,0,0,72,43,29,116,54,62,90,58,32,89,58,31,83,56,27,3,1,2,0,0,0,3,1,2,1,0,1,1,0,1,0,0,0,0,0,0,0,0,0,1,0,1,1,0,1,0,0,0,0,0,0,0,0,0,0,0,0,0,0,0,0,0,0,0,0,0,0,0,0,98,39,59
23,91,Chevella,Rangareddy,01,Shankarpalle,574054,0000,VILLAGE,Kothapalle,Rural,425,1794,928,866,197,103,94,399,202,197,46,24,22,897,553,344,897,375,522,969,561,408,888,520,368,678,401,277,107,35,72,14,13,1,89,71,18,81,41,40,20,9,11,36,12,24,3,3,0,22,17,5,65,31,34,18,7,11,31,11,20,1,1,0,15,12,3,16,10,6,2,2,0,5,1,4,2,2,0,7,5,2,825,367,458
23,91,Chevella,Rangareddy,01,Shankarpalle,574055,0000,VILLAGE,Parveda (Chanchalam),Rural,175,745,364,381,92,44,48,374,182,192,7,5,2,361,206,155,384,158,226,397,199,198,291,148,143,186,93,93,81,39,42,0,0,0,24,16,8,106,51,55,0,0,0,99,45,54,0,0,0,7,6,1,106,51,55,0,0,0,99,45,54,0,0,0,7,6,1,0,0,0,0,0,0,0,0,0,0,0,0,0,0,0,348,165,183
23,91,Chevella,Rangareddy,01,Shankarpalle,574056,0000,VILLAGE,Yervaguda,Rural,234,965,505,460,100,54,46,57,31,26,33,16,17,528,316,212,437,189,248,510,269,241,503,268,235,332,185,147,100,30,70,6,4,2,65,49,16,7,1,6,2,0,2,5,1,4,0,0,0,0,0,0,7,1,6,2,0,2,5,1,4,0,0,0,0,0,0,0,0,0,0,0,0,0,0,0,0,0,0,0,0,0,455,236,219
23,91,Chevella,Rangareddy,01,Shankarpalle,574057,0000,VILLAGE,Parveda Khalsa,Rural,514,2015,990,1025,220,98,122,103,51,52,13,7,6,1131,670,461,884,320,564,1078,560,518,861,454,407,590,297,293,181,85,96,0,0,0,90,72,18,217,106,111,28,12,16,153,63,90,0,0,0,36,31,5,210,100,110,28,12,16,149,60,89,0,0,0,33,28,5,7,6,1,0,0,0,4,3,1,0,0,0,3,3,0,937,430,507
23,91,Chevella,Rangareddy,01,Shankarpalle,574058,0000,VILLAGE,Yelwarthy,Rural,506,2171,1145,1026,254,134,120,674,354,320,15,10,5,1208,754,454,963,391,572,1172,672,500,437,291,146,300,186,114,38,20,18,10,9,1,89,76,13,735,381,354,26,11,15,648,324,324,0,0,0,61,46,15,648,336,312,26,11,15,573,285,288,0,0,0,49,40,9,87,45,42,0,0,0,75,39,36,0,0,0,12,6,6,999,473,526
23,91,Chevella,Rangareddy,01,Shankarpalle,574059,0000,VILLAGE,Tangutoor,Rural,670,2702,1414,1288,306,166,140,1077,556,521,52,29,23,1412,897,515,1290,517,773,1432,773,659,1391,749,642,747,394,353,494,231,263,14,11,3,136,113,23,41,24,17,3,1,2,21,11,10,3,2,1,14,10,4,34,20,14,2,1,1,21,11,10,2,1,1,9,7,2,7,4,3,1,0,1,0,0,0,1,1,0,5,3,2,1270,641,629
23,91,Chevella,Rangareddy,01,Shankarpalle,574060,0000,VILLAGE,Bhulkapur,Rural,689,2800,1390,1410,340,174,166,843,419,424,0,0,0,1422,828,594,1378,562,816,1523,798,725,1482,781,701,688,354,334,635,307,328,6,4,2,153,116,37,41,17,24,4,2,2,30,12,18,1,0,1,6,3,3,39,16,23,4,2,2,28,11,17,1,0,1,6,3,3,2,1,1,0,0,0,2,1,1,0,0,0,0,0,0,1277,592,685
23,91,Chevella,Rangareddy,01,Shankarpalle,574061,0000,VILLAGE,Kondakal,Rural,943,3938,1976,1962,513,248,265,842,421,421,309,146,163,2140,1249,891,1798,727,1071,1936,1135,801,1352,900,452,562,365,197,511,302,209,77,59,18,202,174,28,584,235,349,38,14,24,387,126,261,42,13,29,117,82,35,558,223,335,37,13,24,368,116,252,39,13,26,114,81,33,26,12,14,1,1,0,19,10,9,3,0,3,3,1,2,2002,841,1161
23,91,Chevella,Rangareddy,01,Shankarpalle,574062,0000,VILLAGE,Mokila,Rural,821,3566,1810,1756,498,266,232,680,346,334,918,472,446,1812,1087,725,1754,723,1031,1922,1026,896,1470,907,563,727,487,240,516,238,278,19,17,2,208,165,43,452,119,333,33,11,22,348,61,287,9,2,7,62,45,17,365,84,281,26,7,19,288,42,246,6,2,4,45,33,12,87,35,52,7,4,3,60,19,41,3,0,3,17,12,5,1644,784,860
23,91,Chevella,Rangareddy,01,Shankarpalle,574063,0000,VILLAGE,Donthanpalle,Rural,255,1050,553,497,122,59,63,326,147,179,12,5,7,633,389,244,417,164,253,453,279,174,443,271,172,80,52,28,231,126,105,0,0,0,132,93,39,10,8,2,0,0,0,3,1,2,0,0,0,7,7,0,8,7,1,0,0,0,2,1,1,0,0,0,6,6,0,2,1,1,0,0,0,1,0,1,0,0,0,1,1,0,597,274,323
23,91,Chevella,Rangareddy,01,Shankarpalle,574064,0000,VILLAGE,Janwada,Rural,1432,6321,3241,3080,792,423,369,1121,573,548,44,24,20,3299,1967,1332,3022,1274,1748,2829,1744,1085,2439,1627,812,374,264,110,697,356,341,44,26,18,1324,981,343,390,117,273,28,8,20,248,51,197,10,1,9,104,57,47,338,98,240,24,7,17,219,42,177,5,1,4,90,48,42,52,19,33,4,1,3,29,9,20,5,0,5,14,9,5,3492,1497,1995
23,91,Chevella,Rangareddy,01,Shankarpalle,574065,0000,VILLAGE,Maharajpet,Rural,405,1721,837,884,232,126,106,266,131,135,491,230,261,883,516,367,838,321,517,831,426,405,723,382,341,54,44,10,523,218,305,17,11,6,129,109,20,108,44,64,3,2,1,73,23,50,3,2,1,29,17,12,108,44,64,3,2,1,73,23,50,3,2,1,29,17,12,0,0,0,0,0,0,0,0,0,0,0,0,0,0,0,890,411,479
23,91,Chevella,Rangareddy,01,Shankarpalle,574066,0000,VILLAGE,Gopularam,Rural,285,1214,601,613,160,79,81,635,300,335,28,14,14,569,327,242,645,274,371,579,348,231,577,348,229,26,19,7,453,241,212,4,4,0,94,84,10,2,0,2,0,0,0,0,0,0,0,0,0,2,0,2,2,0,2,0,0,0,0,0,0,0,0,0,2,0,2,0,0,0,0,0,0,0,0,0,0,0,0,0,0,0,635,253,382
23,91,Chevella,Rangareddy,01,Shankarpalle,574067,0000,VILLAGE,Proddutur,Rural,564,2431,1144,1287,293,145,148,554,281,273,29,11,18,1327,735,592,1104,409,695,1194,649,545,931,534,397,540,308,232,219,90,129,10,5,5,162,131,31,263,115,148,21,9,12,199,77,122,1,1,0,42,28,14,254,110,144,21,9,12,194,75,119,1,1,0,38,25,13,9,5,4,0,0,0,5,2,3,0,0,0,4,3,1,1237,495,742
23,92,Ibrahimpatnam,Rangareddy,08,Abdullapurmet,574178,0000,VILLAGE,Marripalle,Rural,177,822,437,385,93,54,39,140,73,67,38,17,21,497,292,205,325,145,180,385,264,121,363,253,110,17,11,6,118,76,42,34,8,26,194,158,36,22,11,11,0,0,0,12,5,7,2,0,2,8,6,2,18,9,9,0,0,0,9,4,5,2,0,2,7,5,2,4,2,2,0,0,0,3,1,2,0,0,0,1,1,0,437,173,264
23,92,Ibrahimpatnam,Rangareddy,08,Abdullapurmet,574179,0000,VILLAGE,Qutubullapur,Rural,512,2218,1120,1098,277,163,114,516,266,250,81,42,39,1299,742,557,919,378,541,1092,646,446,598,429,169,118,88,30,71,26,45,41,28,13,368,287,81,494,217,277,31,18,13,191,62,129,12,5,7,260,132,128,448,209,239,29,18,11,167,58,109,11,5,6,241,128,113,46,8,38,2,0,2,24,4,20,1,0,1,19,4,15,1126,474,652
23,92,Ibrahimpatnam,Rangareddy,08,Abdullapurmet,574180,0000,VILLAGE,Thimmaiguda,Rural,89,398,205,193,40,15,25,0,0,0,0,0,0,241,147,94,157,58,99,175,121,54,81,72,9,36,30,6,5,3,2,0,0,0,40,39,1,94,49,45,7,7,0,72,31,41,0,0,0,15,11,4,94,49,45,7,7,0,72,31,41,0,0,0,15,11,4,0,0,0,0,0,0,0,0,0,0,0,0,0,0,0,223,84,139
23,92,Ibrahimpatnam,Rangareddy,08,Abdullapurmet,574181,0000,VILLAGE,Gowrelli,Rural,461,2242,1171,1071,269,151,118,846,456,390,6,3,3,1357,777,580,885,394,491,986,629,357,917,595,322,142,118,24,406,192,214,3,1,2,366,284,82,69,34,35,4,2,2,34,13,21,1,0,1,30,19,11,66,33,33,4,2,2,31,12,19,1,0,1,30,19,11,3,1,2,0,0,0,3,1,2,0,0,0,0,0,0,1256,542,714
23,92,Ibrahimpatnam,Rangareddy,08,Abdullapurmet,574182,0000,VILLAGE,Bacharam,Rural,331,1611,794,817,178,85,93,655,329,326,10,4,6,864,493,371,747,301,446,835,469,366,615,405,210,77,55,22,316,186,130,37,12,25,185,152,33,220,64,156,19,4,15,120,14,106,8,3,5,73,43,30,214,63,151,18,4,14,115,13,102,8,3,5,73,43,30,6,1,5,1,0,1,5,1,4,0,0,0,0,0,0,776,325,451
23,92,Ibrahimpatnam,Rangareddy,08,Abdullapurmet,574184,0000,VILLAGE,Bandaraviryal,Rural,813,3416,1732,1684,338,155,183,548,270,278,0,0,0,1870,1094,776,1546,638,908,1561,1051,510,1160,907,253,210,174,36,390,293,97,53,43,10,507,397,110,401,144,257,10,6,4,211,61,150,9,5,4,171,72,99,371,141,230,10,6,4,190,59,131,9,5,4,162,71,91,30,3,27,0,0,0,21,2,19,0,0,0,9,1,8,1855,681,1174
23,92,Ibrahimpatnam,Rangareddy,08,Abdullapurmet,574186,0000,VILLAGE,Tharamathipet,Rural,848,3984,2068,1916,490,272,218,486,235,251,28,17,11,2398,1374,1024,1586,694,892,1560,1085,475,1233,967,266,174,130,44,214,116,98,17,9,8,828,712,116,327,118,209,4,1,3,184,41,143,11,7,4,128,69,59,263,87,176,4,1,3,173,39,134,11,7,4,75,40,35,64,31,33,0,0,0,11,2,9,0,0,0,53,29,24,2424,983,1441
23,92,Ibrahimpatnam,Rangareddy,08,Abdullapurmet,574187,0000,VILLAGE,Baljaguda,Rural,140,681,340,341,80,38,42,131,63,68,0,0,0,411,234,177,270,106,164,296,199,97,208,186,22,111,104,7,14,10,4,4,4,0,79,68,11,88,13,75,3,2,1,79,8,71,0,0,0,6,3,3,88,13,75,3,2,1,79,8,71,0,0,0,6,3,3,0,0,0,0,0,0,0,0,0,0,0,0,0,0,0,385,141,244
23,92,Ibrahimpatnam,Rangareddy,08,Abdullapurmet,574189,0000,VILLAGE,Pasmamla,Rural,794,3703,1886,1817,458,224,234,1505,773,732,3,1,2,2294,1344,950,1409,542,867,1390,969,421,1302,923,379,203,124,79,341,196,145,12,6,6,746,597,149,88,46,42,13,8,5,22,7,15,1,0,1,52,31,21,85,44,41,12,7,5,21,7,14,1,0,1,51,30,21,3,2,1,1,1,0,1,0,1,0,0,0,1,1,0,2313,917,1396
23,92,Ibrahimpatnam,Rangareddy,08,Abdullapurmet,574190,0000,VILLAGE,Koheda,Rural,2193,9285,4841,4444,1167,606,561,1703,889,814,43,26,17,5917,3449,2468,3368,1392,1976,3864,2742,1122,3115,2327,788,444,318,126,653,272,381,55,48,7,1963,1689,274,749,415,334,28,15,13,231,67,164,39,17,22,451,316,135,717,398,319,22,10,12,224,64,160,37,16,21,434,308,126,32,17,15,6,5,1,7,3,4,2,1,1,17,8,9,5421,2099,3322
23,92,Ibrahimpatnam,Rangareddy,08,Abdullapurmet,574191,0000,VILLAGE,Anajpur,Rural,1203,4753,2458,2295,651,344,307,1071,560,511,41,23,18,2958,1715,1243,1795,743,1052,2187,1465,722,1844,1309,535,175,129,46,138,74,64,42,26,16,1489,1080,409,343,156,187,14,5,9,39,14,25,8,5,3,282,132,150,318,148,170,13,5,8,32,12,20,4,4,0,269,127,142,25,8,17,1,0,1,7,2,5,4,1,3,13,5,8,2566,993,1573
23,92,Ibrahimpatnam,Rangareddy,08,Abdullapurmet,574192,0000,VILLAGE,Guntapalle,Rural,211,877,447,430,115,55,60,287,154,133,16,7,9,563,316,247,314,131,183,400,225,175,140,122,18,12,9,3,4,2,2,38,36,2,86,75,11,260,103,157,6,2,4,83,33,50,6,4,2,165,64,101,205,74,131,4,1,3,64,23,41,5,3,2,132,47,85,55,29,26,2,1,1,19,10,9,1,1,0,33,17,16,477,222,255
23,92,Ibrahimpatnam,Rangareddy,08,Abdullapurmet,574193,0000,VILLAGE,Surmaiguda,Rural,103,434,229,205,55,33,22,280,150,130,12,7,5,232,145,87,202,84,118,226,127,99,218,126,92,12,8,4,59,23,36,0,0,0,147,95,52,8,1,7,2,1,1,4,0,4,2,0,2,0,0,0,8,1,7,2,1,1,4,0,4,2,0,2,0,0,0,0,0,0,0,0,0,0,0,0,0,0,0,0,0,0,208,102,106
23,92,Ibrahimpatnam,Rangareddy,08,Abdullapurmet,574194,0000,VILLAGE,Laskerguda,Rural,341,1361,696,665,175,90,85,226,116,110,43,25,18,907,515,392,454,181,273,524,381,143,407,332,75,20,17,3,24,12,12,14,9,5,349,294,55,117,49,68,3,3,0,43,5,38,0,0,0,71,41,30,100,47,53,3,3,0,33,5,28,0,0,0,64,39,25,17,2,15,0,0,0,10,0,10,0,0,0,7,2,5,837,315,522
23,92,Ibrahimpatnam,Rangareddy,08,Abdullapurmet,574195,0000,VILLAGE,Inamguda,Rural,201,906,455,451,104,57,47,43,23,20,0,0,0,551,308,243,355,147,208,332,241,91,276,231,45,19,15,4,26,14,12,3,2,1,228,200,28,56,10,46,0,0,0,39,2,37,0,0,0,17,8,9,56,10,46,0,0,0,39,2,37,0,0,0,17,8,9,0,0,0,0,0,0,0,0,0,0,0,0,0,0,0,574,214,360
23,92,Ibrahimpatnam,Rangareddy,08,Abdullapurmet,574196,0000,VILLAGE,Abdullapur,Rural,1217,5226,2657,2569,682,343,339,437,222,215,213,112,101,3319,1832,1487,1907,825,1082,1875,1391,484,1787,1345,442,55,44,11,50,34,16,31,19,12,1651,1248,403,88,46,42,5,0,5,12,3,9,5,3,2,66,40,26,86,44,42,5,0,5,12,3,9,4,2,2,65,39,26,2,2,0,0,0,0,0,0,0,1,1,0,1,1,0,3351,1266,2085
23,92,Ibrahimpatnam,Rangareddy,08,Abdullapurmet,574197,0000,VILLAGE,Kawadipalle,Rural,432,1789,915,874,205,107,98,285,143,142,15,6,9,1132,662,470,657,253,404,684,492,192,533,433,100,99,72,27,50,29,21,24,18,6,360,314,46,151,59,92,0,0,0,111,37,74,4,2,2,36,20,16,146,56,90,0,0,0,109,37,72,4,2,2,33,17,16,5,3,2,0,0,0,2,0,2,0,0,0,3,3,0,1105,423,682
23,92,Ibrahimpatnam,Rangareddy,08,Abdullapurmet,574198,0000,VILLAGE,Batasingaram,Rural,1123,4898,2523,2375,574,311,263,669,370,299,215,144,71,3083,1765,1318,1815,758,1057,1898,1312,586,1662,1202,460,299,164,135,95,52,43,21,15,6,1247,971,276,236,110,126,25,12,13,100,46,54,5,1,4,106,51,55,218,103,115,20,9,11,96,45,51,4,1,3,98,48,50,18,7,11,5,3,2,4,1,3,1,0,1,8,3,5,3000,1211,1789
23,92,Ibrahimpatnam,Rangareddy,08,Abdullapurmet,574199,0000,VILLAGE,Piglipur,Rural,159,735,314,421,85,31,54,66,31,35,4,3,1,333,183,150,402,131,271,269,141,128,61,37,24,9,6,3,27,11,16,1,0,1,24,20,4,208,104,104,8,6,2,69,29,40,19,4,15,112,65,47,195,100,95,8,6,2,65,27,38,15,4,11,107,63,44,13,4,9,0,0,0,4,2,2,4,0,4,5,2,3,466,173,293
23,92,Ibrahimpatnam,Rangareddy,08,Abdullapurmet,574201,0000,VILLAGE,Mazidpur,Rural,524,2262,1146,1116,304,153,151,266,136,130,50,27,23,1292,734,558,970,412,558,1057,626,431,952,593,359,96,67,29,411,206,205,135,60,75,310,260,50,105,33,72,2,1,1,44,15,29,23,5,18,36,12,24,93,28,65,1,1,0,35,11,24,23,5,18,34,11,23,12,5,7,1,0,1,9,4,5,0,0,0,2,1,1,1205,520,685
23,94,Rajendranagar,Rangareddy,03,Gandipet,574226,0000,VILLAGE,Gungurthy,Rural,2,15,12,3,1,0,1,0,0,0,0,0,0,13,12,1,2,0,2,9,7,2,8,7,1,0,0,0,0,0,0,0,0,0,8,7,1,1,0,1,0,0,0,0,0,0,0,0,0,1,0,1,1,0,1,0,0,0,0,0,0,0,0,0,1,0,1,0,0,0,0,0,0,0,0,0,0,0,0,0,0,0,6,5,1
23,94,Rajendranagar,Rangareddy,03,Gandipet,574227,0000,VILLAGE,Khanapur,Rural,456,2262,1170,1092,276,131,145,387,208,179,28,15,13,1341,806,535,921,364,557,1181,698,483,1064,654,410,247,127,120,439,219,220,18,11,7,360,297,63,117,44,73,9,2,7,78,28,50,1,0,1,29,14,15,112,43,69,9,2,7,78,28,50,1,0,1,24,13,11,5,1,4,0,0,0,0,0,0,0,0,0,5,1,4,1081,472,609
23,94,Rajendranagar,Rangareddy,03,Gandipet,574228,0000,VILLAGE,Vattinagulapalle,Rural,744,3673,1834,1839,494,259,235,936,472,464,63,31,32,2122,1165,957,1551,669,882,1366,913,453,1229,871,358,213,156,57,237,100,137,14,7,7,765,608,157,137,42,95,14,6,8,93,19,74,1,0,1,29,17,12,125,37,88,14,6,8,87,17,70,0,0,0,24,14,10,12,5,7,0,0,0,6,2,4,1,0,1,5,3,2,2307,921,1386
23,94,Rajendranagar,Rangareddy,03,Gandipet,574229,0000,VILLAGE,Gandipet,Rural,398,1880,937,943,270,140,130,266,128,138,0,0,0,1172,621,551,708,316,392,680,438,242,581,400,181,26,18,8,29,20,9,98,88,10,428,274,154,99,38,61,11,3,8,3,2,1,8,6,2,77,27,50,95,38,57,9,3,6,3,2,1,8,6,2,75,27,48,4,0,4,2,0,2,0,0,0,0,0,0,2,0,2,1200,499,701
23,94,Rajendranagar,Rangareddy,03,Gandipet,574230,0000,VILLAGE,Maqtha Kousarali,Rural,72,273,132,141,47,22,25,11,5,6,0,0,0,200,102,98,73,30,43,115,70,45,69,38,31,6,3,3,7,3,4,1,1,0,55,31,24,46,32,14,3,2,1,7,2,5,0,0,0,36,28,8,45,32,13,3,2,1,6,2,4,0,0,0,36,28,8,1,0,1,0,0,0,1,0,1,0,0,0,0,0,0,158,62,96
23,94,Rajendranagar,Rangareddy,03,Gandipet,574231,0000,VILLAGE,Pokkalwada,Rural,573,2421,1245,1176,273,145,128,344,176,168,10,5,5,1803,980,823,618,265,353,958,739,219,804,648,156,41,27,14,12,6,6,10,7,3,741,608,133,154,91,63,13,7,6,3,2,1,7,4,3,131,78,53,129,71,58,13,7,6,3,2,1,4,3,1,109,59,50,25,20,5,0,0,0,0,0,0,3,1,2,22,19,3,1463,506,957
23,94,Rajendranagar,Rangareddy,03,Gandipet,574232,0000,VILLAGE,Panjashajamal Bowli,Rural,155,606,303,303,82,40,42,60,31,29,0,0,0,497,253,244,109,50,59,428,222,206,289,209,80,4,4,0,1,0,1,8,2,6,276,203,73,139,13,126,1,1,0,1,0,1,123,8,115,14,4,10,22,7,15,1,1,0,0,0,0,10,2,8,11,4,7,117,6,111,0,0,0,1,0,1,113,6,107,3,0,3,178,81,97
23,94,Rajendranagar,Rangareddy,03,Gandipet,574233,0000,VILLAGE,Manchirevula,Rural,1008,4459,2263,2196,667,350,317,1066,539,527,83,43,40,2785,1548,1237,1674,715,959,1610,1208,402,1459,1150,309,77,47,30,71,44,27,63,59,4,1248,1000,248,151,58,93,11,3,8,56,12,44,4,0,4,80,43,37,143,53,90,11,3,8,55,11,44,3,0,3,74,39,35,8,5,3,0,0,0,1,1,0,1,0,1,6,4,2,2849,1055,1794
23,94,Rajendranagar,Rangareddy,03,Gandipet,574234,0000,VILLAGE,Bairagiguda,Rural,70,307,150,157,36,19,17,197,95,102,0,0,0,166,90,76,141,60,81,149,90,59,131,84,47,9,6,3,5,3,2,3,1,2,114,74,40,18,6,12,1,0,1,0,0,0,0,0,0,17,6,11,18,6,12,1,0,1,0,0,0,0,0,0,17,6,11,0,0,0,0,0,0,0,0,0,0,0,0,0,0,0,158,60,98
23,94,Rajendranagar,Rangareddy,03,Gandipet,574235,0000,VILLAGE,Gandamguda,Rural,924,3960,2021,1939,492,241,251,652,343,309,53,28,25,2933,1590,1343,1027,431,596,1477,1085,392,1357,1014,343,52,38,14,8,6,2,44,37,7,1253,933,320,120,71,49,9,8,1,4,3,1,6,1,5,101,59,42,116,70,46,9,8,1,4,3,1,6,1,5,97,58,39,4,1,3,0,0,0,0,0,0,0,0,0,4,1,3,2483,936,1547
23,94,Rajendranagar,Rangareddy,03,Gandipet,574238,0000,VILLAGE,Peeramcheru,Rural,515,2346,1215,1131,337,173,164,611,313,298,95,42,53,1330,760,570,1016,455,561,872,636,236,776,582,194,14,8,6,9,7,2,12,9,3,741,558,183,96,54,42,1,0,1,4,1,3,4,3,1,87,50,37,95,53,42,1,0,1,4,1,3,4,3,1,86,49,37,1,1,0,0,0,0,0,0,0,0,0,0,1,1,0,1474,579,895
23,94,Rajendranagar,Rangareddy,03,Gandipet,574239,0000,VILLAGE,Himayathsagar,Rural,550,2388,1205,1183,319,172,147,704,334,370,9,5,4,1599,880,719,789,325,464,852,605,247,585,438,147,13,9,4,11,5,6,3,1,2,558,423,135,267,167,100,3,2,1,17,8,9,20,3,17,227,154,73,257,161,96,3,2,1,14,8,6,20,3,17,220,148,72,10,6,4,0,0,0,3,0,3,0,0,0,7,6,1,1536,600,936
23,91,Chevella,Rangareddy,20,Moinabad,574251,0000,VILLAGE,Medipalle,Rural,521,2098,1096,1002,298,151,147,305,161,144,0,0,0,927,577,350,1171,519,652,1164,638,526,1130,620,510,453,289,164,533,215,318,3,2,1,141,114,27,34,18,16,2,1,1,19,10,9,0,0,0,13,7,6,30,15,15,1,0,1,19,10,9,0,0,0,10,5,5,4,3,1,1,1,0,0,0,0,0,0,0,3,2,1,934,458,476
23,91,Chevella,Rangareddy,20,Moinabad,574252,0000,VILLAGE,Chinna Mangalaram,Rural,675,3064,1577,1487,311,144,167,879,451,428,15,7,8,1636,952,684,1428,625,803,1390,865,525,1107,681,426,296,181,115,458,220,238,29,19,10,324,261,63,283,184,99,32,30,2,190,102,88,2,0,2,59,52,7,264,175,89,31,29,2,177,99,78,2,0,2,54,47,7,19,9,10,1,1,0,13,3,10,0,0,0,5,5,0,1674,712,962
23,91,Chevella,Rangareddy,20,Moinabad,574253,0000,VILLAGE,Mothukupalle,Rural,147,652,355,297,102,54,48,460,254,206,0,0,0,315,225,90,337,130,207,371,215,156,263,155,108,229,134,95,0,0,0,23,11,12,11,10,1,108,60,48,2,2,0,94,47,47,0,0,0,12,11,1,100,54,46,2,2,0,91,46,45,0,0,0,7,6,1,8,6,2,0,0,0,3,1,2,0,0,0,5,5,0,281,140,141
23,91,Chevella,Rangareddy,20,Moinabad,574254,0000,VILLAGE,Reddipalle,Rural,232,1002,520,482,128,68,60,193,106,87,0,0,0,558,330,228,444,190,254,566,332,234,500,296,204,229,124,105,141,61,80,2,2,0,128,109,19,66,36,30,1,0,1,4,2,2,0,0,0,61,34,27,10,7,3,0,0,0,4,2,2,0,0,0,6,5,1,56,29,27,1,0,1,0,0,0,0,0,0,55,29,26,436,188,248
23,91,Chevella,Rangareddy,20,Moinabad,574255,0000,VILLAGE,Chandanagar,Rural,200,979,475,504,111,47,64,0,0,0,0,0,0,583,328,255,396,147,249,446,284,162,430,280,150,216,126,90,79,42,37,3,2,1,132,110,22,16,4,12,2,0,2,5,1,4,0,0,0,9,3,6,15,3,12,2,0,2,5,1,4,0,0,0,8,2,6,1,1,0,0,0,0,0,0,0,0,0,0,1,1,0,533,191,342
23,91,Chevella,Rangareddy,20,Moinabad,574256,0000,VILLAGE,Chilkoor,Rural,1434,7265,3900,3365,758,369,389,2276,1329,947,38,34,4,4289,2636,1653,2976,1264,1712,2844,1947,897,2571,1832,739,559,437,122,650,341,309,12,10,2,1350,1044,306,273,115,158,8,3,5,108,37,71,5,1,4,152,74,78,268,111,157,8,3,5,107,36,71,4,0,4,149,72,77,5,4,1,0,0,0,1,1,0,1,1,0,3,2,1,4421,1953,2468
23,91,Chevella,Rangareddy,20,Moinabad,574257,0000,VILLAGE,Himayathnagar,Rural,877,3902,2062,1840,461,251,210,1121,579,542,95,49,46,2268,1312,956,1634,750,884,1613,1142,471,1417,1026,391,107,74,33,277,138,139,12,5,7,1021,809,212,196,116,80,7,2,5,52,19,33,4,1,3,133,94,39,159,99,60,7,2,5,50,18,32,2,1,1,100,78,22,37,17,20,0,0,0,2,1,1,2,0,2,33,16,17,2289,920,1369
23,91,Chevella,Rangareddy,20,Moinabad,574258,0000,VILLAGE,Aziznagar,Rural,1026,4703,2372,2331,556,293,263,1489,739,750,23,11,12,2593,1435,1158,2110,937,1173,2095,1309,786,2058,1291,767,695,399,296,764,398,366,65,45,20,534,449,85,37,18,19,1,1,0,32,15,17,1,0,1,3,2,1,35,17,18,1,1,0,30,14,16,1,0,1,3,2,1,2,1,1,0,0,0,2,1,1,0,0,0,0,0,0,2608,1063,1545
23,91,Chevella,Rangareddy,20,Moinabad,574259,0000,VILLAGE,Bangaliguda,Rural,16,54,34,20,4,3,1,52,33,19,0,0,0,25,21,4,29,13,16,36,20,16,36,20,16,0,0,0,35,19,16,0,0,0,1,1,0,0,0,0,0,0,0,0,0,0,0,0,0,0,0,0,0,0,0,0,0,0,0,0,0,0,0,0,0,0,0,0,0,0,0,0,0,0,0,0,0,0,0,0,0,0,18,14,4
23,91,Chevella,Rangareddy,20,Moinabad,574260,0000,VILLAGE,Yenkepalle,Rural,553,2395,1255,1140,312,172,140,749,398,351,6,2,4,1274,757,517,1121,498,623,992,705,287,940,680,260,148,123,25,313,165,148,11,10,1,468,382,86,52,25,27,3,0,3,14,3,11,3,0,3,32,22,10,41,22,19,3,0,3,11,3,8,2,0,2,25,19,6,11,3,8,0,0,0,3,0,3,1,0,1,7,3,4,1403,550,853
23,91,Chevella,Rangareddy,20,Moinabad,574261,0000,VILLAGE,Murthuzaguda,Rural,212,961,488,473,106,58,48,134,67,67,5,1,4,486,288,198,475,200,275,366,248,118,351,239,112,158,109,49,100,56,44,2,2,0,91,72,19,15,9,6,5,2,3,7,5,2,0,0,0,3,2,1,15,9,6,5,2,3,7,5,2,0,0,0,3,2,1,0,0,0,0,0,0,0,0,0,0,0,0,0,0,0,595,240,355
23,91,Chevella,Rangareddy,20,Moinabad,574262,0000,VILLAGE,Peddamangalaram,Rural,1147,4668,2392,2276,515,273,242,929,486,443,21,13,8,2505,1456,1049,2163,936,1227,2169,1360,809,1647,1070,577,770,477,293,378,178,200,27,25,2,472,390,82,522,290,232,28,15,13,389,196,193,18,14,4,87,65,22,480,276,204,26,15,11,357,187,170,17,14,3,80,60,20,42,14,28,2,0,2,32,9,23,1,0,1,7,5,2,2499,1032,1467
23,91,Chevella,Rangareddy,20,Moinabad,574263,0000,VILLAGE,Chinnashapur,Rural,90,392,195,197,46,19,27,121,61,60,0,0,0,235,141,94,157,54,103,243,133,110,231,126,105,203,110,93,13,7,6,2,1,1,13,8,5,12,7,5,2,2,0,9,4,5,0,0,0,1,1,0,11,6,5,2,2,0,8,3,5,0,0,0,1,1,0,1,1,0,0,0,0,1,1,0,0,0,0,0,0,0,149,62,87
23,91,Chevella,Rangareddy,20,Moinabad,574264,0000,VILLAGE,Sajjanpalle,Rural,106,445,235,210,49,23,26,30,14,16,3,2,1,278,169,109,167,66,101,228,136,92,222,134,88,165,96,69,25,13,12,0,0,0,32,25,7,6,2,4,0,0,0,4,2,2,0,0,0,2,0,2,5,1,4,0,0,0,3,1,2,0,0,0,2,0,2,1,1,0,0,0,0,1,1,0,0,0,0,0,0,0,217,99,118
23,91,Chevella,Rangareddy,20,Moinabad,574265,0000,VILLAGE,Tolkatta,Rural,365,1490,772,718,173,89,84,215,108,107,3,1,2,863,512,351,627,260,367,690,425,265,658,413,245,302,198,104,226,106,120,6,4,2,124,105,19,32,12,20,1,0,1,25,9,16,1,0,1,5,3,2,32,12,20,1,0,1,25,9,16,1,0,1,5,3,2,0,0,0,0,0,0,0,0,0,0,0,0,0,0,0,800,347,453
23,91,Chevella,Rangareddy,20,Moinabad,574266,0000,VILLAGE,Yethbarpalle,Rural,164,714,364,350,53,26,27,245,132,113,0,0,0,360,223,137,354,141,213,391,216,175,384,211,173,159,108,51,186,76,110,6,5,1,33,22,11,7,5,2,1,1,0,1,0,1,0,0,0,5,4,1,6,4,2,0,0,0,1,0,1,0,0,0,5,4,1,1,1,0,1,1,0,0,0,0,0,0,0,0,0,0,323,148,175
23,91,Chevella,Rangareddy,20,Moinabad,574267,0000,VILLAGE,Nakkalapalle,Rural,280,1209,628,581,126,60,66,295,160,135,0,0,0,665,407,258,544,221,323,603,354,249,500,312,188,306,189,117,100,45,55,2,2,0,92,76,16,103,42,61,4,3,1,97,38,59,0,0,0,2,1,1,93,41,52,4,3,1,87,37,50,0,0,0,2,1,1,10,1,9,0,0,0,10,1,9,0,0,0,0,0,0,606,274,332
23,91,Chevella,Rangareddy,20,Moinabad,574268,0000,VILLAGE,Kethireddipalle,Rural,535,2390,1223,1167,312,153,159,29,15,14,0,0,0,1286,760,526,1104,463,641,1346,762,584,1109,708,401,458,290,168,307,155,152,20,14,6,324,249,75,237,54,183,5,4,1,88,11,77,7,0,7,137,39,98,97,30,67,0,0,0,55,6,49,0,0,0,42,24,18,140,24,116,5,4,1,33,5,28,7,0,7,95,15,80,1044,461,583
23,91,Chevella,Rangareddy,20,Moinabad,574269,0000,VILLAGE,Venkatapur,Rural,329,1433,706,727,178,88,90,109,54,55,0,0,0,746,435,311,687,271,416,696,416,280,540,338,202,109,75,34,216,87,129,10,7,3,205,169,36,156,78,78,0,0,0,57,16,41,1,1,0,98,61,37,145,74,71,0,0,0,55,16,39,1,1,0,89,57,32,11,4,7,0,0,0,2,0,2,0,0,0,9,4,5,737,290,447
23,91,Chevella,Rangareddy,20,Moinabad,574270,0000,VILLAGE,Sriramnagar,Rural,424,1822,930,892,196,108,88,505,254,251,0,0,0,1005,591,414,817,339,478,953,541,412,945,537,408,694,385,309,132,57,75,14,10,4,105,85,20,8,4,4,0,0,0,3,0,3,0,0,0,5,4,1,8,4,4,0,0,0,3,0,3,0,0,0,5,4,1,0,0,0,0,0,0,0,0,0,0,0,0,0,0,0,869,389,480
23,91,Chevella,Rangareddy,20,Moinabad,574271,0000,VILLAGE,Kanakamamidi,Rural,774,3302,1677,1625,365,189,176,787,414,373,0,0,0,1758,1033,725,1544,644,900,1683,971,712,1312,813,499,694,415,279,270,109,161,12,11,1,336,278,58,371,158,213,13,5,8,320,134,186,1,1,0,37,18,19,351,153,198,13,5,8,304,132,172,1,1,0,33,15,18,20,5,15,0,0,0,16,2,14,0,0,0,4,3,1,1619,706,913
23,91,Chevella,Rangareddy,20,Moinabad,574272,0000,VILLAGE,Surangal,Rural,931,4326,2201,2125,554,313,241,849,435,414,1,0,1,2485,1337,1148,1841,864,977,1716,1134,582,1319,955,364,377,274,103,312,160,152,41,35,6,589,486,103,397,179,218,18,8,10,144,9,135,8,6,2,227,156,71,361,172,189,18,8,10,114,6,108,7,5,2,222,153,69,36,7,29,0,0,0,30,3,27,1,1,0,5,3,2,2610,1067,1543
23,91,Chevella,Rangareddy,20,Moinabad,574273,0000,VILLAGE,Amdapur,Rural,620,2587,1365,1222,299,179,120,509,261,248,1,1,0,1436,851,585,1151,514,637,1366,810,556,1043,619,424,412,259,153,410,173,237,13,10,3,208,177,31,323,191,132,20,15,5,270,151,119,2,1,1,31,24,7,322,190,132,20,15,5,270,151,119,2,1,1,30,23,7,1,1,0,0,0,0,0,0,0,0,0,0,1,1,0,1221,555,666
23,91,Chevella,Rangareddy,20,Moinabad,574274,0000,VILLAGE,Nazeebnagar,Rural,63,270,135,135,53,27,26,15,6,9,0,0,0,119,72,47,151,63,88,113,70,43,113,70,43,23,12,11,69,37,32,0,0,0,21,21,0,0,0,0,0,0,0,0,0,0,0,0,0,0,0,0,0,0,0,0,0,0,0,0,0,0,0,0,0,0,0,0,0,0,0,0,0,0,0,0,0,0,0,0,0,0,157,65,92
23,91,Chevella,Rangareddy,20,Moinabad,574275,0000,VILLAGE,Bakaram Jagir,Rural,579,2253,1146,1107,219,106,113,418,200,218,0,0,0,1230,719,511,1023,427,596,1218,717,501,878,591,287,348,239,109,286,169,117,21,13,8,223,170,53,340,126,214,14,8,6,280,85,195,1,1,0,45,32,13,337,126,211,14,8,6,277,85,192,1,1,0,45,32,13,3,0,3,0,0,0,3,0,3,0,0,0,0,0,0,1035,429,606
23,91,Chevella,Rangareddy,20,Moinabad,574276,0000,VILLAGE,Nagireddiguda,Rural,414,1829,929,900,210,105,105,1070,552,518,29,14,15,927,535,392,902,394,508,902,509,393,727,423,304,315,165,150,209,97,112,8,6,2,195,155,40,175,86,89,9,6,3,151,69,82,0,0,0,15,11,4,165,80,85,9,6,3,144,66,78,0,0,0,12,8,4,10,6,4,0,0,0,7,3,4,0,0,0,3,3,0,927,420,507
23,91,Chevella,Rangareddy,21,Chevella,574277,0000,VILLAGE,Hasthepur,Rural,134,547,280,267,86,52,34,193,90,103,1,1,0,270,151,119,277,129,148,321,162,159,316,159,157,281,142,139,7,5,2,5,0,5,23,12,11,5,3,2,3,1,2,0,0,0,0,0,0,2,2,0,5,3,2,3,1,2,0,0,0,0,0,0,2,2,0,0,0,0,0,0,0,0,0,0,0,0,0,0,0,0,226,118,108
23,91,Chevella,Rangareddy,21,Chevella,574278,0000,VILLAGE,Nowlaipalle,Rural,54,211,110,101,31,16,15,48,24,24,1,0,1,130,80,50,81,30,51,132,69,63,129,66,63,111,56,55,0,0,0,5,1,4,13,9,4,3,3,0,0,0,0,0,0,0,0,0,0,3,3,0,3,3,0,0,0,0,0,0,0,0,0,0,3,3,0,0,0,0,0,0,0,0,0,0,0,0,0,0,0,0,79,41,38
23,91,Chevella,Rangareddy,21,Chevella,574279,0000,VILLAGE,Anantawaram,Rural,352,1546,788,758,149,76,73,433,215,218,4,1,3,839,511,328,707,277,430,827,435,392,822,433,389,491,253,238,233,105,128,3,3,0,95,72,23,5,2,3,1,1,0,2,1,1,0,0,0,2,0,2,5,2,3,1,1,0,2,1,1,0,0,0,2,0,2,0,0,0,0,0,0,0,0,0,0,0,0,0,0,0,719,353,366
23,91,Chevella,Rangareddy,21,Chevella,574280,0000,VILLAGE,Aloor I,Rural,386,1681,850,831,222,112,110,401,192,209,5,3,2,847,504,343,834,346,488,975,501,474,897,466,431,567,295,272,262,122,140,3,1,2,65,48,17,78,35,43,7,3,4,50,23,27,0,0,0,21,9,12,62,30,32,7,3,4,40,19,21,0,0,0,15,8,7,16,5,11,0,0,0,10,4,6,0,0,0,6,1,5,706,349,357
23,91,Chevella,Rangareddy,21,Chevella,574281,0000,VILLAGE,Aloor II,Rural,515,2302,1151,1151,258,141,117,738,364,374,32,7,25,1266,729,537,1036,422,614,1145,609,536,799,448,351,369,187,182,279,132,147,7,4,3,144,125,19,346,161,185,74,34,40,256,122,134,3,0,3,13,5,8,305,144,161,47,19,28,251,122,129,1,0,1,6,3,3,41,17,24,27,15,12,5,0,5,2,0,2,7,2,5,1157,542,615
23,91,Chevella,Rangareddy,21,Chevella,574282,0000,VILLAGE,Aloor III,Rural,381,1817,975,842,180,93,87,730,410,320,37,19,18,989,632,357,828,343,485,855,465,390,832,455,377,371,249,122,359,125,234,10,5,5,92,76,16,23,10,13,6,3,3,16,7,9,0,0,0,1,0,1,23,10,13,6,3,3,16,7,9,0,0,0,1,0,1,0,0,0,0,0,0,0,0,0,0,0,0,0,0,0,962,510,452
23,91,Chevella,Rangareddy,21,Chevella,574283,0000,VILLAGE,Kowkuntla,Rural,461,2224,1148,1076,232,127,105,36,19,17,10,5,5,1417,826,591,807,322,485,1075,646,429,1059,638,421,683,408,275,247,113,134,1,1,0,128,116,12,16,8,8,0,0,0,9,3,6,0,0,0,7,5,2,16,8,8,0,0,0,9,3,6,0,0,0,7,5,2,0,0,0,0,0,0,0,0,0,0,0,0,0,0,0,1149,502,647
23,91,Chevella,Rangareddy,21,Chevella,574284,0000,VILLAGE,Tangedapalle,Rural,553,2555,1308,1247,292,153,139,358,187,171,46,24,22,1479,860,619,1076,448,628,1455,810,645,1404,788,616,1059,617,442,316,152,164,7,3,4,22,16,6,51,22,29,22,9,13,6,4,2,6,2,4,17,7,10,50,21,29,22,9,13,6,4,2,6,2,4,16,6,10,1,1,0,0,0,0,0,0,0,0,0,0,1,1,0,1100,498,602
23,91,Chevella,Rangareddy,21,Chevella,574285,0000,VILLAGE,Tallaram,Rural,228,950,487,463,90,44,46,746,384,362,0,0,0,604,348,256,346,139,207,552,275,277,528,268,260,208,108,100,274,136,138,12,3,9,34,21,13,24,7,17,1,0,1,12,4,8,5,0,5,6,3,3,19,7,12,1,0,1,11,4,7,3,0,3,4,3,1,5,0,5,0,0,0,1,0,1,2,0,2,2,0,2,398,212,186
23,91,Chevella,Rangareddy,21,Chevella,574286,0000,VILLAGE,Nyalata,Rural,562,2413,1229,1184,283,144,139,296,156,140,0,0,0,1253,760,493,1160,469,691,1381,725,656,1373,720,653,312,244,68,903,350,553,12,0,12,146,126,20,8,5,3,3,1,2,3,2,1,1,1,0,1,1,0,8,5,3,3,1,2,3,2,1,1,1,0,1,1,0,0,0,0,0,0,0,0,0,0,0,0,0,0,0,0,1032,504,528
23,91,Chevella,Rangareddy,21,Chevella,574287,0000,VILLAGE,Orella,Rural,598,2591,1320,1271,383,201,182,582,294,288,9,4,5,1342,785,557,1249,535,714,1370,734,636,1331,721,610,479,254,225,663,313,350,4,4,0,185,150,35,39,13,26,8,4,4,28,8,20,1,0,1,2,1,1,29,9,20,6,4,2,21,4,17,0,0,0,2,1,1,10,4,6,2,0,2,7,4,3,1,0,1,0,0,0,1221,586,635
23,91,Chevella,Rangareddy,21,Chevella,574288,0000,VILLAGE,Yenkepalle,Rural,233,1001,503,498,102,49,53,122,56,66,15,8,7,585,339,246,416,164,252,555,284,271,459,243,216,299,161,138,132,63,69,4,2,2,24,17,7,96,41,55,10,6,4,80,34,46,2,0,2,4,1,3,93,41,52,9,6,3,78,34,44,2,0,2,4,1,3,3,0,3,1,0,1,2,0,2,0,0,0,0,0,0,446,219,227
23,91,Chevella,Rangareddy,21,Chevella,574289,0000,VILLAGE,Dearlapalle,Rural,149,705,367,338,90,51,39,132,67,65,0,0,0,353,209,144,352,158,194,386,211,175,234,161,73,133,110,23,84,39,45,3,3,0,14,9,5,152,50,102,3,2,1,137,45,92,0,0,0,12,3,9,150,49,101,2,1,1,136,45,91,0,0,0,12,3,9,2,1,1,1,1,0,1,0,1,0,0,0,0,0,0,319,156,163
23,91,Chevella,Rangareddy,21,Chevella,574290,0000,VILLAGE,Kammeta,Rural,577,2582,1334,1248,311,162,149,669,357,312,0,0,0,1351,805,546,1231,529,702,1220,733,487,1020,673,347,634,440,194,260,138,122,10,10,0,116,85,31,200,60,140,28,16,12,153,32,121,5,3,2,14,9,5,187,54,133,27,15,12,145,29,116,3,2,1,12,8,4,13,6,7,1,1,0,8,3,5,2,1,1,2,1,1,1362,601,761
23,91,Chevella,Rangareddy,21,Chevella,574291,0000,VILLAGE,Gollapalle,Rural,218,957,505,452,110,63,47,237,128,109,45,22,23,515,313,202,442,192,250,534,309,225,527,309,218,210,125,85,262,139,123,0,0,0,55,45,10,7,0,7,0,0,0,5,0,5,0,0,0,2,0,2,7,0,7,0,0,0,5,0,5,0,0,0,2,0,2,0,0,0,0,0,0,0,0,0,0,0,0,0,0,0,423,196,227
23,91,Chevella,Rangareddy,21,Chevella,574292,0000,VILLAGE,Ravulapalle (Khurd),Rural,221,954,458,496,125,61,64,121,60,61,0,0,0,491,279,212,463,179,284,533,277,256,531,277,254,274,154,120,228,114,114,4,2,2,25,7,18,2,0,2,0,0,0,1,0,1,0,0,0,1,0,1,2,0,2,0,0,0,1,0,1,0,0,0,1,0,1,0,0,0,0,0,0,0,0,0,0,0,0,0,0,0,421,181,240
23,91,Chevella,Rangareddy,21,Chevella,574293,0000,VILLAGE,Mudimyal,Rural,325,1458,734,724,193,89,104,578,287,291,0,0,0,769,452,317,689,282,407,711,409,302,640,381,259,430,240,190,76,25,51,5,4,1,129,112,17,71,28,43,0,0,0,64,24,40,0,0,0,7,4,3,71,28,43,0,0,0,64,24,40,0,0,0,7,4,3,0,0,0,0,0,0,0,0,0,0,0,0,0,0,0,747,325,422
23,91,Chevella,Rangareddy,21,Chevella,574294,0000,VILLAGE,Kummera,Rural,205,935,471,464,118,57,61,240,119,121,0,0,0,531,319,212,404,152,252,585,292,293,582,290,292,476,234,242,105,55,50,0,0,0,1,1,0,3,2,1,2,2,0,1,0,1,0,0,0,0,0,0,3,2,1,2,2,0,1,0,1,0,0,0,0,0,0,0,0,0,0,0,0,0,0,0,0,0,0,0,0,0,350,179,171
23,91,Chevella,Rangareddy,21,Chevella,574295,0000,VILLAGE,Devuni Erravelly,Rural,365,1570,807,763,162,82,80,191,99,92,15,6,9,837,509,328,733,298,435,833,454,379,822,446,376,577,326,251,163,50,113,9,9,0,73,61,12,11,8,3,0,0,0,5,3,2,0,0,0,6,5,1,9,6,3,0,0,0,5,3,2,0,0,0,4,3,1,2,2,0,0,0,0,0,0,0,0,0,0,2,2,0,737,353,384
23,91,Chevella,Rangareddy,21,Chevella,574296,0000,VILLAGE,Ibrahimpalle,Rural,201,1039,533,506,114,57,57,224,115,109,0,0,0,589,353,236,450,180,270,536,301,235,533,299,234,308,167,141,163,82,81,0,0,0,62,50,12,3,2,1,1,1,0,2,1,1,0,0,0,0,0,0,3,2,1,1,1,0,2,1,1,0,0,0,0,0,0,0,0,0,0,0,0,0,0,0,0,0,0,0,0,0,503,232,271
23,91,Chevella,Rangareddy,21,Chevella,574297,0000,VILLAGE,Damergidda,Rural,368,1575,803,772,153,79,74,362,191,171,0,0,0,800,486,314,775,317,458,873,450,423,856,440,416,710,350,360,93,43,50,4,3,1,49,44,5,17,10,7,2,2,0,11,5,6,1,0,1,3,3,0,16,10,6,2,2,0,11,5,6,0,0,0,3,3,0,1,0,1,0,0,0,0,0,0,1,0,1,0,0,0,702,353,349
23,91,Chevella,Rangareddy,21,Chevella,574298,0000,VILLAGE,Bastepur,Rural,207,855,442,413,105,54,51,303,161,142,2,1,1,438,269,169,417,173,244,492,258,234,485,253,232,270,138,132,172,80,92,3,2,1,40,33,7,7,5,2,5,3,2,2,2,0,0,0,0,0,0,0,6,5,1,4,3,1,2,2,0,0,0,0,0,0,0,1,0,1,1,0,1,0,0,0,0,0,0,0,0,0,363,184,179
23,91,Chevella,Rangareddy,21,Chevella,574299,0000,VILLAGE,Mirjaguda,Rural,231,963,496,467,108,67,41,169,91,78,0,0,0,499,304,195,464,192,272,510,256,254,502,252,250,329,178,151,111,25,86,8,3,5,54,46,8,8,4,4,2,2,0,5,2,3,0,0,0,1,0,1,8,4,4,2,2,0,5,2,3,0,0,0,1,0,1,0,0,0,0,0,0,0,0,0,0,0,0,0,0,0,453,240,213
23,91,Chevella,Rangareddy,21,Chevella,574300,0000,VILLAGE,Kistapur,Rural,53,234,115,119,26,8,18,101,54,47,0,0,0,121,69,52,113,46,67,109,63,46,108,62,46,72,37,35,24,15,9,0,0,0,12,10,2,1,1,0,1,1,0,0,0,0,0,0,0,0,0,0,1,1,0,1,1,0,0,0,0,0,0,0,0,0,0,0,0,0,0,0,0,0,0,0,0,0,0,0,0,0,125,52,73
23,91,Chevella,Rangareddy,21,Chevella,574301,0000,VILLAGE,Naincheru,Rural,165,620,321,299,61,38,23,127,58,69,0,0,0,364,229,135,256,92,164,330,163,167,327,161,166,158,105,53,138,32,106,7,3,4,24,21,3,3,2,1,2,2,0,0,0,0,1,0,1,0,0,0,3,2,1,2,2,0,0,0,0,1,0,1,0,0,0,0,0,0,0,0,0,0,0,0,0,0,0,0,0,0,290,158,132
23,91,Chevella,Rangareddy,21,Chevella,574302,0000,VILLAGE,Khanapur,Rural,278,1212,605,607,108,50,58,321,152,169,0,0,0,673,401,272,539,204,335,674,338,336,666,331,335,497,247,250,114,46,68,1,0,1,54,38,16,8,7,1,5,4,1,1,1,0,0,0,0,2,2,0,8,7,1,5,4,1,1,1,0,0,0,0,2,2,0,0,0,0,0,0,0,0,0,0,0,0,0,0,0,0,538,267,271
23,91,Chevella,Rangareddy,21,Chevella,574303,0000,VILLAGE,Regadghanapur,Rural,317,1427,699,728,107,43,64,590,284,306,0,0,0,824,489,335,603,210,393,740,382,358,732,374,358,218,115,103,450,212,238,19,16,3,45,31,14,8,8,0,0,0,0,1,1,0,0,0,0,7,7,0,8,8,0,0,0,0,1,1,0,0,0,0,7,7,0,0,0,0,0,0,0,0,0,0,0,0,0,0,0,0,687,317,370
23,91,Chevella,Rangareddy,21,Chevella,574304,0000,VILLAGE,Devarampalle,Rural,197,839,426,413,95,47,48,134,64,70,0,0,0,503,301,202,336,125,211,512,271,241,510,269,241,484,254,230,7,2,5,0,0,0,19,13,6,2,2,0,0,0,0,0,0,0,0,0,0,2,2,0,2,2,0,0,0,0,0,0,0,0,0,0,2,2,0,0,0,0,0,0,0,0,0,0,0,0,0,0,0,0,327,155,172
23,91,Chevella,Rangareddy,21,Chevella,574305,0000,VILLAGE,Chanvelli,Rural,456,1798,908,890,162,80,82,267,137,130,0,0,0,1021,605,416,777,303,474,1077,545,532,957,486,471,644,327,317,261,122,139,9,6,3,43,31,12,120,59,61,5,3,2,113,55,58,0,0,0,2,1,1,120,59,61,5,3,2,113,55,58,0,0,0,2,1,1,0,0,0,0,0,0,0,0,0,0,0,0,0,0,0,721,363,358
23,91,Chevella,Rangareddy,21,Chevella,574306,0000,VILLAGE,Pamena,Rural,321,1478,740,738,134,64,70,4,1,3,0,0,0,904,532,372,574,208,366,815,422,393,788,410,378,471,259,212,210,67,143,15,12,3,92,72,20,27,12,15,5,2,3,9,3,6,1,1,0,12,6,6,22,12,10,4,2,2,8,3,5,1,1,0,9,6,3,5,0,5,1,0,1,1,0,1,0,0,0,3,0,3,663,318,345
23,91,Chevella,Rangareddy,21,Chevella,574307,0000,VILLAGE,Allawada,Rural,332,1381,684,697,170,78,92,359,174,185,0,0,0,687,409,278,694,275,419,819,427,392,818,426,392,296,166,130,516,255,261,0,0,0,6,5,1,1,1,0,1,1,0,0,0,0,0,0,0,0,0,0,1,1,0,1,1,0,0,0,0,0,0,0,0,0,0,0,0,0,0,0,0,0,0,0,0,0,0,0,0,0,562,257,305
23,91,Chevella,Rangareddy,21,Chevella,574308,0000,VILLAGE,Chevella,Rural,1559,7031,3553,3478,894,463,431,1574,737,837,120,68,52,4447,2525,1922,2584,1028,1556,2738,1811,927,2576,1740,836,578,377,201,777,354,423,53,40,13,1168,969,199,162,71,91,16,8,8,78,29,49,0,0,0,68,34,34,150,68,82,14,8,6,72,28,44,0,0,0,64,32,32,12,3,9,2,0,2,6,1,5,0,0,0,4,2,2,4293,1742,2551
23,91,Chevella,Rangareddy,21,Chevella,574309,0000,VILLAGE,Kesavaram,Rural,203,894,434,460,103,50,53,4,2,2,0,0,0,499,293,206,395,141,254,443,238,205,324,212,112,221,151,70,66,33,33,2,2,0,35,26,9,119,26,93,6,3,3,107,20,87,1,0,1,5,3,2,118,26,92,6,3,3,106,20,86,1,0,1,5,3,2,1,0,1,0,0,0,1,0,1,0,0,0,0,0,0,451,196,255
23,91,Chevella,Rangareddy,21,Chevella,574310,0000,VILLAGE,Malkapur,Rural,426,1927,969,958,266,131,135,264,127,137,24,11,13,1045,611,434,882,358,524,1113,593,520,1058,559,499,483,259,224,433,213,220,52,23,29,90,64,26,55,34,21,3,3,0,13,7,6,4,1,3,35,23,12,54,33,21,3,3,0,12,6,6,4,1,3,35,23,12,1,1,0,0,0,0,1,1,0,0,0,0,0,0,0,814,376,438
23,91,Chevella,Rangareddy,21,Chevella,574311,0000,VILLAGE,Kanduwada,Rural,864,3758,1903,1855,436,227,209,571,281,290,11,6,5,2010,1187,823,1748,716,1032,1931,1138,793,1793,1070,723,920,640,280,667,278,389,7,7,0,199,145,54,138,68,70,16,11,5,93,35,58,1,1,0,28,21,7,132,66,66,16,11,5,87,33,54,1,1,0,28,21,7,6,2,4,0,0,0,6,2,4,0,0,0,0,0,0,1827,765,1062
23,91,Chevella,Rangareddy,21,Chevella,574312,0000,VILLAGE,Gundal,Rural,501,2136,1093,1043,240,119,121,352,192,160,0,0,0,1075,668,407,1061,425,636,1202,656,546,1113,610,503,736,429,307,298,115,183,11,8,3,68,58,10,89,46,43,5,2,3,21,11,10,3,2,1,60,31,29,32,20,12,0,0,0,9,6,3,2,1,1,21,13,8,57,26,31,5,2,3,12,5,7,1,1,0,39,18,21,934,437,497
23,91,Chevella,Rangareddy,22,Shabad,574696,0000,VILLAGE,Bobbilgam,Rural,295,1152,582,570,141,71,70,225,111,114,0,0,0,638,388,250,514,194,320,620,325,295,608,322,286,250,161,89,298,112,186,4,1,3,56,48,8,12,3,9,3,2,1,2,0,2,5,0,5,2,1,1,5,1,4,1,1,0,2,0,2,2,0,2,0,0,0,7,2,5,2,1,1,0,0,0,3,0,3,2,1,1,532,257,275
23,91,Chevella,Rangareddy,22,Shabad,574697,0000,VILLAGE,Tirumalapur,Rural,185,742,357,385,77,32,45,201,94,107,0,0,0,446,235,211,296,122,174,446,219,227,427,211,216,185,92,93,222,102,120,2,2,0,18,15,3,19,8,11,1,0,1,18,8,10,0,0,0,0,0,0,19,8,11,1,0,1,18,8,10,0,0,0,0,0,0,0,0,0,0,0,0,0,0,0,0,0,0,0,0,0,296,138,158
23,91,Chevella,Rangareddy,22,Shabad,574698,0000,VILLAGE,Etlaerravaly,Rural,292,1135,570,565,138,75,63,280,140,140,16,7,9,579,334,245,556,236,320,770,376,394,740,358,382,465,300,165,223,24,199,4,3,1,48,31,17,30,18,12,10,9,1,9,1,8,0,0,0,11,8,3,28,17,11,9,8,1,9,1,8,0,0,0,10,8,2,2,1,1,1,1,0,0,0,0,0,0,0,1,0,1,365,194,171
23,91,Chevella,Rangareddy,22,Shabad,574699,0000,VILLAGE,Tadlapalle,Rural,911,3946,2033,1913,500,255,245,733,354,379,34,14,20,2043,1249,794,1903,784,1119,2017,1076,941,1699,1009,690,782,566,216,552,189,363,41,18,23,324,236,88,318,67,251,55,22,33,214,19,195,5,0,5,44,26,18,307,62,245,53,21,32,208,17,191,5,0,5,41,24,17,11,5,6,2,1,1,6,2,4,0,0,0,3,2,1,1929,957,972
23,91,Chevella,Rangareddy,22,Shabad,574700,0000,VILLAGE,Rudraram,Rural,228,1046,552,494,116,61,55,153,78,75,0,0,0,577,344,233,469,208,261,613,327,286,605,323,282,493,253,240,71,38,33,2,2,0,39,30,9,8,4,4,2,1,1,1,1,0,1,0,1,4,2,2,7,3,4,2,1,1,1,1,0,1,0,1,3,1,2,1,1,0,0,0,0,0,0,0,0,0,0,1,1,0,433,225,208
23,91,Chevella,Rangareddy,22,Shabad,574701,0000,VILLAGE,Chandenvalle,Rural,360,1629,812,817,171,83,88,360,182,178,26,12,14,799,467,332,830,345,485,852,462,390,849,461,388,330,200,130,433,187,246,2,1,1,84,73,11,3,1,2,1,0,1,0,0,0,0,0,0,2,1,1,2,1,1,1,0,1,0,0,0,0,0,0,1,1,0,1,0,1,0,0,0,0,0,0,0,0,0,1,0,1,777,350,427
23,91,Chevella,Rangareddy,22,Shabad,574702,0000,VILLAGE,Hayathabad,Rural,402,1750,872,878,202,106,96,485,244,241,128,69,59,961,532,429,789,340,449,778,446,332,747,430,317,448,240,208,114,40,74,13,10,3,172,140,32,31,16,15,8,4,4,2,0,2,0,0,0,21,12,9,22,14,8,4,3,1,1,0,1,0,0,0,17,11,6,9,2,7,4,1,3,1,0,1,0,0,0,4,1,3,972,426,546
23,91,Chevella,Rangareddy,22,Shabad,574703,0000,VILLAGE,Solipet,Rural,376,1526,770,756,211,115,96,298,148,150,0,0,0,801,457,344,725,313,412,786,476,310,449,351,98,243,210,33,143,91,52,10,8,2,53,42,11,337,125,212,29,24,5,227,60,167,5,2,3,76,39,37,309,120,189,27,23,4,201,56,145,5,2,3,76,39,37,28,5,23,2,1,1,26,4,22,0,0,0,0,0,0,740,294,446
23,91,Chevella,Rangareddy,22,Shabad,574704,0000,VILLAGE,Maddur,Rural,415,1936,1016,920,270,147,123,446,234,212,464,241,223,973,598,375,963,418,545,1064,562,502,987,524,463,688,368,320,161,66,95,17,5,12,121,85,36,77,38,39,17,5,12,27,13,14,3,1,2,30,19,11,72,37,35,13,4,9,27,13,14,3,1,2,29,19,10,5,1,4,4,1,3,0,0,0,0,0,0,1,0,1,872,454,418
23,91,Chevella,Rangareddy,22,Shabad,574705,0000,VILLAGE,Peddaved,Rural,162,654,331,323,59,32,27,166,87,79,64,34,30,278,171,107,376,160,216,350,195,155,152,124,28,118,96,22,19,15,4,5,5,0,10,8,2,198,71,127,15,6,9,161,56,105,6,2,4,16,7,9,145,61,84,14,6,8,115,47,68,2,1,1,14,7,7,53,10,43,1,0,1,46,9,37,4,1,3,2,0,2,304,136,168
23,91,Chevella,Rangareddy,22,Shabad,574706,0000,VILLAGE,Damerlapalle,Rural,453,1966,984,982,203,106,97,312,165,147,0,0,0,1000,578,422,966,406,560,1116,599,517,876,498,378,387,226,161,384,187,197,14,5,9,91,80,11,240,101,139,3,3,0,216,82,134,2,2,0,19,14,5,237,99,138,3,3,0,215,81,134,2,2,0,17,13,4,3,2,1,0,0,0,1,1,0,0,0,0,2,1,1,850,385,465
23,91,Chevella,Rangareddy,22,Shabad,574707,0000,VILLAGE,Nagarkunta,Rural,288,1256,639,617,137,58,79,300,153,147,131,67,64,655,405,250,601,234,367,633,355,278,233,201,32,130,118,12,41,34,7,6,6,0,56,43,13,400,154,246,66,27,39,300,100,200,2,0,2,32,27,5,353,138,215,65,26,39,258,86,172,1,0,1,29,26,3,47,16,31,1,1,0,42,14,28,1,0,1,3,1,2,623,284,339
23,91,Chevella,Rangareddy,22,Shabad,574708,0000,VILLAGE,Bhongirpalle,Rural,58,261,137,124,26,13,13,157,80,77,0,0,0,145,86,59,116,51,65,150,79,71,149,78,71,88,49,39,60,28,32,0,0,0,1,1,0,1,1,0,0,0,0,0,0,0,0,0,0,1,1,0,1,1,0,0,0,0,0,0,0,0,0,0,1,1,0,0,0,0,0,0,0,0,0,0,0,0,0,0,0,0,111,58,53
23,91,Chevella,Rangareddy,22,Shabad,574709,0000,VILLAGE,Machanpalle,Rural,349,1505,787,718,202,102,100,367,186,181,196,100,96,691,433,258,814,354,460,717,434,283,586,389,197,280,214,66,269,143,126,0,0,0,37,32,5,131,45,86,9,5,4,83,28,55,28,4,24,11,8,3,82,38,44,9,5,4,59,24,35,6,3,3,8,6,2,49,7,42,0,0,0,24,4,20,22,1,21,3,2,1,788,353,435
23,91,Chevella,Rangareddy,22,Shabad,574710,0000,VILLAGE,Polaram,Rural,91,425,221,204,52,29,23,94,42,52,221,116,105,177,117,60,248,104,144,225,108,117,225,108,117,140,69,71,78,32,46,0,0,0,7,7,0,0,0,0,0,0,0,0,0,0,0,0,0,0,0,0,0,0,0,0,0,0,0,0,0,0,0,0,0,0,0,0,0,0,0,0,0,0,0,0,0,0,0,0,0,0,200,113,87
23,91,Chevella,Rangareddy,22,Shabad,574711,0000,VILLAGE,Pothugal,Rural,277,1253,636,617,146,82,64,311,149,162,193,100,93,629,365,264,624,271,353,589,329,260,536,301,235,265,143,122,176,82,94,9,7,2,86,69,17,53,28,25,5,2,3,14,6,8,9,4,5,25,16,9,52,27,25,5,2,3,14,6,8,9,4,5,24,15,9,1,1,0,0,0,0,0,0,0,0,0,0,1,1,0,664,307,357
23,91,Chevella,Rangareddy,22,Shabad,574712,0000,VILLAGE,Regadidoswada,Rural,432,1892,950,942,207,98,109,563,275,288,0,0,0,1028,600,428,864,350,514,1070,555,515,1049,544,505,618,330,288,335,159,176,16,13,3,80,42,38,21,11,10,6,5,1,7,3,4,3,0,3,5,3,2,19,10,9,5,4,1,7,3,4,2,0,2,5,3,2,2,1,1,1,1,0,0,0,0,1,0,1,0,0,0,822,395,427
23,91,Chevella,Rangareddy,22,Shabad,574713,0000,VILLAGE,Komerabanda,Rural,240,1063,550,513,122,70,52,229,121,108,47,25,22,523,312,211,540,238,302,624,333,291,431,281,150,109,82,27,240,126,114,1,1,0,81,72,9,193,52,141,6,2,4,185,49,136,0,0,0,2,1,1,151,28,123,5,2,3,145,26,119,0,0,0,1,0,1,42,24,18,1,0,1,40,23,17,0,0,0,1,1,0,439,217,222
23,91,Chevella,Rangareddy,22,Shabad,574714,0000,VILLAGE,Obagunta,Rural,92,358,185,173,40,18,22,206,100,106,13,6,7,175,105,70,183,80,103,207,106,101,106,99,7,53,53,0,23,22,1,0,0,0,30,24,6,101,7,94,0,0,0,100,6,94,0,0,0,1,1,0,101,7,94,0,0,0,100,6,94,0,0,0,1,1,0,0,0,0,0,0,0,0,0,0,0,0,0,0,0,0,151,79,72
23,91,Chevella,Rangareddy,22,Shabad,574715,0000,VILLAGE,Shabad,Rural,3511,14927,7614,7313,1857,935,922,3596,1844,1752,196,99,97,8116,4824,3292,6811,2790,4021,7583,4294,3289,5344,3353,1991,2332,1597,735,1957,907,1050,83,66,17,972,783,189,2239,941,1298,194,98,96,1668,600,1068,11,5,6,366,238,128,2073,866,1207,176,95,81,1557,540,1017,7,5,2,333,226,107,166,75,91,18,3,15,111,60,51,4,0,4,33,12,21,7344,3320,4024
23,91,Chevella,Rangareddy,22,Shabad,574716,0000,VILLAGE,Manmarri,Rural,866,3758,1915,1843,460,234,226,708,369,339,0,0,0,1997,1190,807,1761,725,1036,2067,1041,1026,1559,823,736,783,427,356,591,259,332,13,6,7,172,131,41,508,218,290,69,48,21,383,145,238,9,2,7,47,23,24,320,156,164,33,26,7,259,116,143,4,1,3,24,13,11,188,62,126,36,22,14,124,29,95,5,1,4,23,10,13,1691,874,817
23,91,Chevella,Rangareddy,22,Shabad,574717,0000,VILLAGE,Kakloor,Rural,1151,4954,2511,2443,514,258,256,1036,514,522,5,3,2,2833,1691,1142,2121,820,1301,2597,1423,1174,1463,985,478,316,241,75,371,149,222,38,21,17,738,574,164,1134,438,696,83,40,43,592,176,416,25,5,20,434,217,217,855,354,501,57,29,28,528,154,374,17,5,12,253,166,87,279,84,195,26,11,15,64,22,42,8,0,8,181,51,130,2357,1088,1269
23,91,Chevella,Rangareddy,22,Shabad,574718,0000,VILLAGE,Ananthawaram,Rural,250,1085,541,544,133,66,67,460,223,237,0,0,0,572,338,234,513,203,310,596,308,288,553,282,271,208,159,49,297,94,203,2,1,1,46,28,18,43,26,17,6,3,3,11,6,5,3,2,1,23,15,8,38,24,14,5,3,2,9,5,4,3,2,1,21,14,7,5,2,3,1,0,1,2,1,1,0,0,0,2,1,1,489,233,256
23,91,Chevella,Rangareddy,22,Shabad,574719,0000,VILLAGE,Kesavaram,Rural,251,1100,563,537,123,56,67,80,44,36,47,24,23,585,357,228,515,206,309,451,293,158,392,251,141,119,105,14,206,88,118,0,0,0,67,58,9,59,42,17,2,0,2,53,38,15,0,0,0,4,4,0,58,41,17,2,0,2,52,37,15,0,0,0,4,4,0,1,1,0,0,0,0,1,1,0,0,0,0,0,0,0,649,270,379
23,91,Chevella,Rangareddy,22,Shabad,574720,0000,VILLAGE,Rangapur,Rural,3,15,7,8,2,1,1,0,0,0,0,0,0,2,0,2,13,7,6,6,4,2,1,1,0,0,0,0,1,1,0,0,0,0,0,0,0,5,3,2,0,0,0,5,3,2,0,0,0,0,0,0,5,3,2,0,0,0,5,3,2,0,0,0,0,0,0,0,0,0,0,0,0,0,0,0,0,0,0,0,0,0,9,3,6
23,94,Rajendranagar,Rangareddy,19,Shamshabad,574721,0000,VILLAGE,Ramanujapur,Rural,432,1916,974,942,255,146,109,679,348,331,230,109,121,874,503,371,1042,471,571,917,499,418,912,497,415,362,203,159,309,120,189,0,0,0,241,174,67,5,2,3,2,2,0,2,0,2,0,0,0,1,0,1,5,2,3,2,2,0,2,0,2,0,0,0,1,0,1,0,0,0,0,0,0,0,0,0,0,0,0,0,0,0,999,475,524
23,94,Rajendranagar,Rangareddy,19,Shamshabad,574722,0000,VILLAGE,Kaveliguda,Rural,51,216,110,106,25,12,13,21,11,10,0,0,0,107,63,44,109,47,62,92,71,21,81,67,14,42,42,0,18,8,10,1,1,0,20,16,4,11,4,7,0,0,0,10,3,7,1,1,0,0,0,0,11,4,7,0,0,0,10,3,7,1,1,0,0,0,0,0,0,0,0,0,0,0,0,0,0,0,0,0,0,0,124,39,85
23,94,Rajendranagar,Rangareddy,19,Shamshabad,574723,0000,VILLAGE,Malkaram,Rural,265,1207,623,584,128,75,53,368,196,172,0,0,0,669,393,276,538,230,308,601,377,224,590,375,215,225,156,69,197,83,114,3,3,0,165,133,32,11,2,9,0,0,0,9,1,8,0,0,0,2,1,1,11,2,9,0,0,0,9,1,8,0,0,0,2,1,1,0,0,0,0,0,0,0,0,0,0,0,0,0,0,0,606,246,360
23,94,Rajendranagar,Rangareddy,19,Shamshabad,574724,0000,VILLAGE,Kolbowidoddi,Rural,41,144,78,66,27,12,15,82,47,35,0,0,0,74,48,26,70,30,40,89,54,35,86,54,32,2,1,1,64,36,28,0,0,0,20,17,3,3,0,3,0,0,0,1,0,1,0,0,0,2,0,2,3,0,3,0,0,0,1,0,1,0,0,0,2,0,2,0,0,0,0,0,0,0,0,0,0,0,0,0,0,0,55,24,31
23,94,Rajendranagar,Rangareddy,19,Shamshabad,574725,0000,VILLAGE,Sultanpalle,Rural,282,1261,662,599,188,109,79,406,216,190,0,0,0,591,339,252,670,323,347,643,396,247,503,390,113,127,124,3,271,170,101,0,0,0,105,96,9,140,6,134,2,0,2,129,4,125,0,0,0,9,2,7,139,5,134,2,0,2,129,4,125,0,0,0,8,1,7,1,1,0,0,0,0,0,0,0,0,0,0,1,1,0,618,266,352
23,94,Rajendranagar,Rangareddy,19,Shamshabad,574726,0000,VILLAGE,Kacharam,Rural,165,787,424,363,88,47,41,174,95,79,0,0,0,408,256,152,379,168,211,415,252,163,366,231,135,189,107,82,52,27,25,7,6,1,118,91,27,49,21,28,1,1,0,45,19,26,0,0,0,3,1,2,48,21,27,1,1,0,44,19,25,0,0,0,3,1,2,1,0,1,0,0,0,1,0,1,0,0,0,0,0,0,372,172,200
23,94,Rajendranagar,Rangareddy,19,Shamshabad,574727,0000,VILLAGE,Rayannaguda,Rural,96,404,206,198,55,33,22,0,0,0,0,0,0,193,100,93,211,106,105,246,131,115,239,126,113,78,44,34,106,50,56,10,6,4,45,26,19,7,5,2,0,0,0,1,0,1,0,0,0,6,5,1,7,5,2,0,0,0,1,0,1,0,0,0,6,5,1,0,0,0,0,0,0,0,0,0,0,0,0,0,0,0,158,75,83
23,94,Rajendranagar,Rangareddy,19,Shamshabad,574728,0000,VILLAGE,Nanajpur,Rural,293,1335,663,672,180,100,80,393,196,197,14,6,8,724,413,311,611,250,361,597,370,227,415,279,136,154,113,41,137,60,77,8,7,1,116,99,17,182,91,91,5,2,3,133,63,70,2,1,1,42,25,17,172,87,85,5,2,3,131,62,69,2,1,1,34,22,12,10,4,6,0,0,0,2,1,1,0,0,0,8,3,5,738,293,445
23,94,Rajendranagar,Rangareddy,19,Shamshabad,574729,0000,VILLAGE,Jukal,Rural,589,2715,1337,1378,391,189,202,499,237,262,693,342,351,1225,709,516,1490,628,862,1534,810,724,1201,718,483,315,244,71,633,316,317,2,1,1,251,157,94,333,92,241,11,5,6,77,30,47,6,4,2,239,53,186,331,92,239,11,5,6,77,30,47,6,4,2,237,53,184,2,0,2,0,0,0,0,0,0,0,0,0,2,0,2,1181,527,654
23,94,Rajendranagar,Rangareddy,19,Shamshabad,574730,0000,VILLAGE,Chowderguda,Rural,234,1074,551,523,117,49,68,293,146,147,2,1,1,558,338,220,516,213,303,516,323,193,512,320,192,207,120,87,169,78,91,3,3,0,133,119,14,4,3,1,0,0,0,0,0,0,0,0,0,4,3,1,4,3,1,0,0,0,0,0,0,0,0,0,4,3,1,0,0,0,0,0,0,0,0,0,0,0,0,0,0,0,558,228,330
23,94,Rajendranagar,Rangareddy,19,Shamshabad,574731,0000,VILLAGE,Narkhuda,Rural,1133,5067,2521,2546,707,357,350,1035,524,511,109,54,55,2582,1475,1107,2485,1046,1439,2273,1325,948,1681,1098,583,419,298,121,551,236,315,21,16,5,690,548,142,592,227,365,32,25,7,398,105,293,13,5,8,149,92,57,563,218,345,31,24,7,386,104,282,12,5,7,134,85,49,29,9,20,1,1,0,12,1,11,1,0,1,15,7,8,2794,1196,1598
23,94,Rajendranagar,Rangareddy,19,Shamshabad,574734,0000,VILLAGE,Kothwalguda,Rural,560,2447,1242,1205,348,181,167,458,219,239,24,10,14,1225,673,552,1222,569,653,1065,692,373,929,620,309,192,142,50,183,80,103,72,26,46,482,372,110,136,72,64,9,6,3,34,15,19,15,1,14,78,50,28,98,52,46,7,4,3,27,13,14,12,1,11,52,34,18,38,20,18,2,2,0,7,2,5,3,0,3,26,16,10,1382,550,832
23,94,Rajendranagar,Rangareddy,19,Shamshabad,574735,0000,VILLAGE,Langerguda,Rural,4,15,7,8,4,3,1,0,0,0,0,0,0,2,0,2,13,7,6,9,4,5,9,4,5,0,0,0,9,4,5,0,0,0,0,0,0,0,0,0,0,0,0,0,0,0,0,0,0,0,0,0,0,0,0,0,0,0,0,0,0,0,0,0,0,0,0,0,0,0,0,0,0,0,0,0,0,0,0,0,0,0,6,3,3
23,94,Rajendranagar,Rangareddy,19,Shamshabad,574736,0000,VILLAGE,Maqtabahadur Ali,Rural,124,712,375,337,87,45,42,407,213,194,0,0,0,382,226,156,330,149,181,310,227,83,306,224,82,8,6,2,1,1,0,0,0,0,297,217,80,4,3,1,1,0,1,0,0,0,0,0,0,3,3,0,3,3,0,0,0,0,0,0,0,0,0,0,3,3,0,1,0,1,1,0,1,0,0,0,0,0,0,0,0,0,402,148,254
23,94,Rajendranagar,Rangareddy,19,Shamshabad,574737,0000,VILLAGE,Kishanguda,Rural,145,715,381,334,70,33,37,302,154,148,26,17,9,502,297,205,213,84,129,263,174,89,259,172,87,10,4,6,46,24,22,0,0,0,203,144,59,4,2,2,0,0,0,2,1,1,0,0,0,2,1,1,4,2,2,0,0,0,2,1,1,0,0,0,2,1,1,0,0,0,0,0,0,0,0,0,0,0,0,0,0,0,452,207,245
23,94,Rajendranagar,Rangareddy,19,Shamshabad,574738,0000,VILLAGE,Ootpalle,Rural,392,1659,851,808,195,99,96,130,63,67,0,0,0,942,538,404,717,313,404,749,490,259,464,336,128,107,86,21,78,54,24,19,14,5,260,182,78,285,154,131,10,7,3,179,90,89,3,3,0,93,54,39,271,148,123,9,6,3,172,88,84,3,3,0,87,51,36,14,6,8,1,1,0,7,2,5,0,0,0,6,3,3,910,361,549
23,94,Rajendranagar,Rangareddy,19,Shamshabad,574739,0000,VILLAGE,Tondpalle,Rural,484,2326,1212,1114,307,162,145,315,174,141,17,7,10,1328,777,551,998,435,563,952,662,290,567,451,116,105,75,30,65,34,31,14,13,1,383,329,54,385,211,174,12,7,5,159,62,97,10,5,5,204,137,67,346,190,156,8,5,3,154,62,92,4,1,3,180,122,58,39,21,18,4,2,2,5,0,5,6,4,2,24,15,9,1374,550,824
23,94,Rajendranagar,Rangareddy,19,Shamshabad,574741,0000,VILLAGE,Gandiguda,Rural,118,483,272,211,74,42,32,42,18,24,5,3,2,269,176,93,214,96,118,216,143,73,204,136,68,24,22,2,109,56,53,2,2,0,69,56,13,12,7,5,1,1,0,6,2,4,1,0,1,4,4,0,12,7,5,1,1,0,6,2,4,1,0,1,4,4,0,0,0,0,0,0,0,0,0,0,0,0,0,0,0,0,267,129,138
23,94,Rajendranagar,Rangareddy,19,Shamshabad,574742,0000,VILLAGE,Peddashapur,Rural,851,3833,1976,1857,539,281,258,405,210,195,679,350,329,2029,1208,821,1804,768,1036,1655,1070,585,1392,922,470,281,229,52,617,293,324,18,13,5,476,387,89,263,148,115,41,29,12,174,93,81,0,0,0,48,26,22,257,143,114,41,29,12,170,90,80,0,0,0,46,24,22,6,5,1,0,0,0,4,3,1,0,0,0,2,2,0,2178,906,1272
23,94,Rajendranagar,Rangareddy,19,Shamshabad,574743,0000,VILLAGE,Madanpalle,Rural,542,2454,1263,1191,432,229,203,158,70,88,1901,976,925,907,584,323,1547,679,868,1178,623,555,1025,597,428,78,58,20,643,299,344,0,0,0,304,240,64,153,26,127,4,2,2,121,14,107,0,0,0,28,10,18,152,26,126,4,2,2,120,14,106,0,0,0,28,10,18,1,0,1,0,0,0,1,0,1,0,0,0,0,0,0,1276,640,636
23,94,Rajendranagar,Rangareddy,19,Shamshabad,574744,0000,VILLAGE,Palmakole,Rural,1312,5816,2922,2894,729,394,335,1452,753,699,614,234,380,3385,1929,1456,2431,993,1438,2334,1561,773,2134,1473,661,334,233,101,779,370,409,76,64,12,945,806,139,200,88,112,24,6,18,66,18,48,27,20,7,83,44,39,182,75,107,24,6,18,63,17,46,22,16,6,73,36,37,18,13,5,0,0,0,3,1,2,5,4,1,10,8,2,3482,1361,2121
23,94,Rajendranagar,Rangareddy,19,Shamshabad,574745,0000,VILLAGE,Peddatopra,Rural,652,2745,1409,1336,386,211,175,574,288,286,754,398,356,1347,780,567,1398,629,769,1242,737,505,1112,708,404,305,203,102,280,81,199,4,2,2,523,422,101,130,29,101,3,1,2,48,3,45,0,0,0,79,25,54,117,26,91,3,1,2,42,3,39,0,0,0,72,22,50,13,3,10,0,0,0,6,0,6,0,0,0,7,3,4,1503,672,831
23,94,Rajendranagar,Rangareddy,19,Shamshabad,574746,0000,VILLAGE,Muchintal,Rural,384,1772,955,817,209,104,105,570,292,278,15,7,8,1063,650,413,709,305,404,791,471,320,621,393,228,202,123,79,233,118,115,15,12,3,171,140,31,170,78,92,6,0,6,137,62,75,0,0,0,27,16,11,150,70,80,6,0,6,121,58,63,0,0,0,23,12,11,20,8,12,0,0,0,16,4,12,0,0,0,4,4,0,981,484,497
23,94,Rajendranagar,Rangareddy,19,Shamshabad,574747,0000,VILLAGE,Ghansimiaguda,Rural,275,1283,633,650,184,76,108,16,7,9,9,6,3,659,376,283,624,257,367,568,360,208,547,350,197,131,79,52,296,168,128,7,4,3,113,99,14,21,10,11,2,1,1,13,6,7,0,0,0,6,3,3,15,7,8,2,1,1,7,3,4,0,0,0,6,3,3,6,3,3,0,0,0,6,3,3,0,0,0,0,0,0,715,273,442
23,94,Rajendranagar,Rangareddy,19,Shamshabad,574748,0000,VILLAGE,Cherlaguda,Rural,42,176,82,94,31,13,18,74,34,40,0,0,0,72,40,32,104,42,62,77,46,31,38,33,5,1,1,0,9,8,1,0,0,0,28,24,4,39,13,26,0,0,0,32,8,24,0,0,0,7,5,2,35,11,24,0,0,0,29,7,22,0,0,0,6,4,2,4,2,2,0,0,0,3,1,2,0,0,0,1,1,0,99,36,63
23,94,Rajendranagar,Rangareddy,19,Shamshabad,574749,0000,VILLAGE,Hamidullanagar,Rural,318,1413,732,681,192,100,92,372,180,192,63,34,29,698,402,296,715,330,385,610,398,212,581,384,197,194,151,43,238,126,112,15,11,4,134,96,38,29,14,15,2,1,1,10,6,4,3,3,0,14,4,10,23,11,12,2,1,1,7,4,3,2,2,0,12,4,8,6,3,3,0,0,0,3,2,1,1,1,0,2,0,2,803,334,469
23,94,Rajendranagar,Rangareddy,19,Shamshabad,574750,0000,VILLAGE,Posettyguda,Rural,72,290,145,145,35,15,20,229,114,115,0,0,0,168,101,67,122,44,78,114,78,36,73,62,11,15,15,0,22,17,5,2,0,2,34,30,4,41,16,25,5,3,2,24,8,16,1,0,1,11,5,6,39,15,24,5,3,2,22,7,15,1,0,1,11,5,6,2,1,1,0,0,0,2,1,1,0,0,0,0,0,0,176,67,109
23,94,Rajendranagar,Rangareddy,19,Shamshabad,574751,0000,VILLAGE,Gollapalle Khurd,Rural,202,810,405,405,86,44,42,447,229,218,6,2,4,421,234,187,389,171,218,402,254,148,387,240,147,11,6,5,348,209,139,0,0,0,28,25,3,15,14,1,1,1,0,8,8,0,1,1,0,5,4,1,11,11,0,1,1,0,8,8,0,0,0,0,2,2,0,4,3,1,0,0,0,0,0,0,1,1,0,3,2,1,408,151,257
23,94,Rajendranagar,Rangareddy,19,Shamshabad,574752,0000,VILLAGE,Rasheedguda,Rural,124,481,256,225,70,36,34,90,50,40,0,0,0,228,143,85,253,113,140,209,144,65,175,132,43,24,24,0,74,47,27,16,6,10,61,55,6,34,12,22,1,1,0,28,9,19,1,0,1,4,2,2,32,11,21,1,1,0,26,8,18,1,0,1,4,2,2,2,1,1,0,0,0,2,1,1,0,0,0,0,0,0,272,112,160
23,94,Rajendranagar,Rangareddy,19,Shamshabad,574753,0000,VILLAGE,Sayyed Guda,Rural,12,53,30,23,13,6,7,23,13,10,15,10,5,17,11,6,36,19,17,25,14,11,25,14,11,0,0,0,25,14,11,0,0,0,0,0,0,0,0,0,0,0,0,0,0,0,0,0,0,0,0,0,0,0,0,0,0,0,0,0,0,0,0,0,0,0,0,0,0,0,0,0,0,0,0,0,0,0,0,0,0,0,28,16,12
23,94,Rajendranagar,Rangareddy,19,Shamshabad,574754,0000,VILLAGE,Gollapalle Kalan,Rural,164,861,453,408,101,45,56,150,76,74,0,0,0,514,317,197,347,136,211,350,239,111,343,236,107,74,48,26,155,90,65,1,1,0,113,97,16,7,3,4,2,1,1,1,0,1,0,0,0,4,2,2,7,3,4,2,1,1,1,0,1,0,0,0,4,2,2,0,0,0,0,0,0,0,0,0,0,0,0,0,0,0,511,214,297
23,94,Rajendranagar,Rangareddy,19,Shamshabad,574755,0000,VILLAGE,Bahadurguda,Rural,365,1605,851,754,229,124,105,501,257,244,93,52,41,736,462,274,869,389,480,763,458,305,722,451,271,411,256,155,220,116,104,23,19,4,68,60,8,41,7,34,7,2,5,24,4,20,1,0,1,9,1,8,41,7,34,7,2,5,24,4,20,1,0,1,9,1,8,0,0,0,0,0,0,0,0,0,0,0,0,0,0,0,842,393,449
23,94,Rajendranagar,Rangareddy,19,Shamshabad,574756,0000,VILLAGE,Golkonda Khurd,Rural,299,1306,655,651,173,81,92,112,56,56,29,14,15,725,422,303,581,233,348,648,376,272,472,308,164,124,105,19,193,77,116,11,9,2,144,117,27,176,68,108,3,3,0,156,58,98,6,3,3,11,4,7,173,66,107,3,3,0,155,57,98,6,3,3,9,3,6,3,2,1,0,0,0,1,1,0,0,0,0,2,1,1,658,279,379
23,94,Rajendranagar,Rangareddy,19,Shamshabad,574757,0000,VILLAGE,Shankarapur,Rural,207,895,472,423,79,39,40,162,84,78,24,12,12,517,306,211,378,166,212,436,288,148,380,282,98,161,126,35,80,43,37,6,4,2,133,109,24,56,6,50,21,1,20,24,2,22,0,0,0,11,3,8,48,5,43,20,1,19,21,2,19,0,0,0,7,2,5,8,1,7,1,0,1,3,0,3,0,0,0,4,1,3,459,184,275
23,94,Rajendranagar,Rangareddy,19,Shamshabad,574758,0000,VILLAGE,Sanghiguda,Rural,113,473,253,220,60,29,31,172,86,86,0,0,0,241,156,85,232,97,135,209,133,76,205,130,75,56,44,12,93,38,55,1,1,0,55,47,8,4,3,1,1,0,1,1,1,0,0,0,0,2,2,0,3,2,1,1,0,1,0,0,0,0,0,0,2,2,0,1,1,0,0,0,0,1,1,0,0,0,0,0,0,0,264,120,144
23,94,Rajendranagar,Rangareddy,19,Shamshabad,574759,0000,VILLAGE,Golkonda Kalan,Rural,460,1982,995,987,323,151,172,747,358,389,16,8,8,1047,604,443,935,391,544,838,538,300,701,480,221,125,83,42,343,192,151,16,11,5,217,194,23,137,58,79,9,2,7,98,35,63,2,2,0,28,19,9,135,57,78,9,2,7,96,34,62,2,2,0,28,19,9,2,1,1,0,0,0,2,1,1,0,0,0,0,0,0,1144,457,687
23,93,Kandukur,Rangareddy,18,Maheshwaram,574763,0000,VILLAGE,Venkannaguda,Rural,5,34,14,20,7,2,5,0,0,0,0,0,0,11,6,5,23,8,15,17,7,10,11,7,4,5,5,0,4,0,4,0,0,0,2,2,0,6,0,6,0,0,0,6,0,6,0,0,0,0,0,0,6,0,6,0,0,0,6,0,6,0,0,0,0,0,0,0,0,0,0,0,0,0,0,0,0,0,0,0,0,0,17,7,10
23,93,Kandukur,Rangareddy,18,Maheshwaram,574764,0000,VILLAGE,Gollor,Rural,338,1513,774,739,205,100,105,618,301,317,79,40,39,841,503,338,672,271,401,708,435,273,535,382,153,196,144,52,137,63,74,0,0,0,202,175,27,173,53,120,3,1,2,145,33,112,0,0,0,25,19,6,162,47,115,3,1,2,137,29,108,0,0,0,22,17,5,11,6,5,0,0,0,8,4,4,0,0,0,3,2,1,805,339,466
23,93,Kandukur,Rangareddy,18,Maheshwaram,574765,0000,VILLAGE,Nandipalle,Rural,152,729,363,366,122,60,62,475,234,241,8,4,4,317,172,145,412,191,221,284,179,105,276,174,102,85,55,30,152,89,63,5,5,0,34,25,9,8,5,3,0,0,0,4,2,2,0,0,0,4,3,1,7,4,3,0,0,0,3,1,2,0,0,0,4,3,1,1,1,0,0,0,0,1,1,0,0,0,0,0,0,0,445,184,261
23,93,Kandukur,Rangareddy,18,Maheshwaram,574766,0000,VILLAGE,Nagaram,Rural,856,3948,2071,1877,634,352,282,635,319,316,1215,658,557,1817,1088,729,2131,983,1148,1803,996,807,1568,952,616,593,427,166,660,271,389,39,25,14,276,229,47,235,44,191,22,7,15,173,21,152,13,2,11,27,14,13,228,42,186,22,7,15,167,20,147,13,2,11,26,13,13,7,2,5,0,0,0,6,1,5,0,0,0,1,1,0,2145,1075,1070
23,93,Kandukur,Rangareddy,18,Maheshwaram,574767,0000,VILLAGE,Mansanpalle,Rural,445,2125,1084,1041,338,170,168,278,134,144,470,252,218,982,571,411,1143,513,630,862,535,327,652,497,155,356,290,66,161,92,69,11,8,3,124,107,17,210,38,172,9,2,7,181,28,153,5,2,3,15,6,9,199,36,163,9,2,7,171,26,145,5,2,3,14,6,8,11,2,9,0,0,0,10,2,8,0,0,0,1,0,1,1263,549,714
23,93,Kandukur,Rangareddy,18,Maheshwaram,574768,0000,VILLAGE,Dabilguda,Rural,149,652,346,306,77,38,39,376,204,172,7,4,3,291,186,105,361,160,201,345,187,158,326,183,143,152,91,61,126,56,70,2,1,1,46,35,11,19,4,15,5,2,3,11,1,10,2,0,2,1,1,0,15,2,13,3,1,2,11,1,10,1,0,1,0,0,0,4,2,2,2,1,1,0,0,0,1,0,1,1,1,0,307,159,148
23,93,Kandukur,Rangareddy,18,Maheshwaram,574769,0000,VILLAGE,Nagireddipalle,Rural,200,947,499,448,125,73,52,374,191,183,197,107,90,487,294,193,460,205,255,449,238,211,377,216,161,123,102,21,217,85,132,6,6,0,31,23,8,72,22,50,7,0,7,57,17,40,1,1,0,7,4,3,72,22,50,7,0,7,57,17,40,1,1,0,7,4,3,0,0,0,0,0,0,0,0,0,0,0,0,0,0,0,498,261,237
23,93,Kandukur,Rangareddy,18,Maheshwaram,574770,0000,VILLAGE,Ameerpet,Rural,909,4109,2175,1934,560,302,258,735,407,328,4,2,2,2285,1394,891,1824,781,1043,1797,1117,680,1474,1016,458,523,337,186,339,134,205,9,7,2,603,538,65,323,101,222,43,10,33,234,63,171,4,1,3,42,27,15,267,86,181,40,8,32,190,57,133,3,1,2,34,20,14,56,15,41,3,2,1,44,6,38,1,0,1,8,7,1,2312,1058,1254
23,93,Kandukur,Rangareddy,18,Maheshwaram,574771,0000,VILLAGE,Toopra Khurd,Rural,358,1591,811,780,218,128,90,214,106,108,721,383,338,735,421,314,856,390,466,713,395,318,412,361,51,222,209,13,55,32,23,0,0,0,135,120,15,301,34,267,4,1,3,284,23,261,0,0,0,13,10,3,301,34,267,4,1,3,284,23,261,0,0,0,13,10,3,0,0,0,0,0,0,0,0,0,0,0,0,0,0,0,878,416,462
23,93,Kandukur,Rangareddy,18,Maheshwaram,574772,0000,VILLAGE,Kalwakole,Rural,613,2590,1332,1258,309,168,141,825,430,395,16,8,8,1414,827,587,1176,505,671,1349,715,634,1228,679,549,413,254,159,506,196,310,7,5,2,302,224,78,121,36,85,16,9,7,82,18,64,0,0,0,23,9,14,101,29,72,14,8,6,69,15,54,0,0,0,18,6,12,20,7,13,2,1,1,13,3,10,0,0,0,5,3,2,1241,617,624
23,93,Kandukur,Rangareddy,18,Maheshwaram,574773,0000,VILLAGE,Pendyal,Rural,393,1752,896,856,262,130,132,366,191,175,517,271,246,907,551,356,845,345,500,811,482,329,570,466,104,344,295,49,75,39,36,6,4,2,145,128,17,241,16,225,15,4,11,219,10,209,1,1,0,6,1,5,237,15,222,15,4,11,215,9,206,1,1,0,6,1,5,4,1,3,0,0,0,4,1,3,0,0,0,0,0,0,941,414,527
23,93,Kandukur,Rangareddy,18,Maheshwaram,574774,0000,VILLAGE,Dubbacherla,Rural,406,1678,858,820,185,91,94,347,185,162,221,122,99,881,500,381,797,358,439,791,445,346,752,431,321,323,204,119,293,127,166,13,12,1,123,88,35,39,14,25,4,3,1,22,7,15,4,0,4,9,4,5,36,12,24,4,3,1,22,7,15,4,0,4,6,2,4,3,2,1,0,0,0,0,0,0,0,0,0,3,2,1,887,413,474
23,93,Kandukur,Rangareddy,18,Maheshwaram,574775,0000,VILLAGE,Subhanpur,Rural,358,1445,738,707,154,96,58,247,127,120,9,5,4,763,460,303,682,278,404,718,401,317,553,369,184,273,173,100,140,74,66,10,8,2,130,114,16,165,32,133,13,3,10,149,28,121,1,0,1,2,1,1,164,31,133,13,3,10,148,27,121,1,0,1,2,1,1,1,1,0,0,0,0,1,1,0,0,0,0,0,0,0,727,337,390
23,93,Kandukur,Rangareddy,18,Maheshwaram,574776,0000,VILLAGE,Dilwarguda,Rural,65,290,160,130,32,17,15,0,0,0,0,0,0,145,103,42,145,57,88,144,78,66,133,77,56,97,54,43,15,2,13,0,0,0,21,21,0,11,1,10,0,0,0,10,0,10,1,1,0,0,0,0,11,1,10,0,0,0,10,0,10,1,1,0,0,0,0,0,0,0,0,0,0,0,0,0,0,0,0,0,0,0,146,82,64
23,93,Kandukur,Rangareddy,18,Maheshwaram,574777,0000,VILLAGE,Kollapadkal,Rural,428,1825,932,893,222,113,109,571,290,281,214,112,102,914,558,356,911,374,537,891,479,412,819,473,346,569,347,222,209,89,120,7,6,1,34,31,3,72,6,66,5,2,3,62,3,59,1,0,1,4,1,3,72,6,66,5,2,3,62,3,59,1,0,1,4,1,3,0,0,0,0,0,0,0,0,0,0,0,0,0,0,0,934,453,481
23,93,Kandukur,Rangareddy,18,Maheshwaram,574778,0000,VILLAGE,Porandla,Rural,258,1110,577,533,172,90,82,253,138,115,5,2,3,513,325,188,597,252,345,605,322,283,547,292,255,254,198,56,264,72,192,10,7,3,19,15,4,58,30,28,0,0,0,47,23,24,2,0,2,9,7,2,58,30,28,0,0,0,47,23,24,2,0,2,9,7,2,0,0,0,0,0,0,0,0,0,0,0,0,0,0,0,505,255,250
23,93,Kandukur,Rangareddy,18,Maheshwaram,574779,0000,VILLAGE,Akanpalle,Rural,256,1047,546,501,148,80,68,410,222,188,311,155,156,437,273,164,610,273,337,526,289,237,505,287,218,123,91,32,248,99,149,0,0,0,134,97,37,21,2,19,0,0,0,19,1,18,0,0,0,2,1,1,20,2,18,0,0,0,18,1,17,0,0,0,2,1,1,1,0,1,0,0,0,1,0,1,0,0,0,0,0,0,521,257,264
23,93,Kandukur,Rangareddy,18,Maheshwaram,574780,0000,VILLAGE,Ghatpalle,Rural,319,1351,706,645,175,95,80,413,220,193,81,47,34,609,373,236,742,333,409,735,419,316,695,395,300,334,214,120,221,78,143,24,16,8,116,87,29,40,24,16,2,2,0,27,14,13,7,5,2,4,3,1,19,11,8,1,1,0,10,5,5,4,2,2,4,3,1,21,13,8,1,1,0,17,9,8,3,3,0,0,0,0,616,287,329
23,93,Kandukur,Rangareddy,18,Maheshwaram,574781,0000,VILLAGE,Maheswaram,Rural,1943,8795,4531,4264,1249,639,610,1237,587,650,1931,1046,885,4666,2709,1957,4129,1822,2307,3665,2335,1330,3196,2204,992,874,646,228,896,352,544,37,28,9,1389,1178,211,469,131,338,26,6,20,323,54,269,7,3,4,113,68,45,367,89,278,23,5,18,250,28,222,6,2,4,88,54,34,102,42,60,3,1,2,73,26,47,1,1,0,25,14,11,5130,2196,2934
23,93,Kandukur,Rangareddy,18,Maheshwaram,574782,0000,VILLAGE,Gangaram,Rural,187,909,482,427,137,75,62,141,75,66,566,299,267,364,218,146,545,264,281,433,213,220,262,183,79,222,147,75,16,15,1,0,0,0,24,21,3,171,30,141,10,9,1,151,14,137,1,1,0,9,6,3,170,29,141,9,8,1,151,14,137,1,1,0,9,6,3,1,1,0,1,1,0,0,0,0,0,0,0,0,0,0,476,269,207
23,93,Kandukur,Rangareddy,18,Maheshwaram,574783,0000,VILLAGE,Sirigiripur,Rural,309,1372,736,636,151,77,74,223,110,113,77,61,16,749,478,271,623,258,365,743,405,338,721,398,323,229,146,83,242,81,161,3,3,0,247,168,79,22,7,15,0,0,0,11,3,8,0,0,0,11,4,7,16,7,9,0,0,0,5,3,2,0,0,0,11,4,7,6,0,6,0,0,0,6,0,6,0,0,0,0,0,0,629,331,298
23,93,Kandukur,Rangareddy,18,Maheshwaram,574784,0000,VILLAGE,Baghmankhal,Rural,43,351,273,78,20,9,11,19,16,3,8,8,0,292,254,38,59,19,40,82,38,44,81,38,43,4,1,3,3,1,2,1,0,1,73,36,37,1,0,1,0,0,0,0,0,0,0,0,0,1,0,1,1,0,1,0,0,0,0,0,0,0,0,0,1,0,1,0,0,0,0,0,0,0,0,0,0,0,0,0,0,0,269,235,34
23,93,Kandukur,Rangareddy,18,Maheshwaram,574785,0000,VILLAGE,Mankhal,Rural,2686,11916,6187,5729,1701,888,813,1977,1015,962,2726,1431,1295,6709,4003,2706,5207,2184,3023,5183,3347,1836,4584,3193,1391,687,509,178,1100,464,636,85,61,24,2712,2159,553,599,154,445,71,21,50,275,20,255,27,14,13,226,99,127,564,141,423,69,20,49,261,20,241,27,14,13,207,87,120,35,13,22,2,1,1,14,0,14,0,0,0,19,12,7,6733,2840,3893
23,93,Kandukur,Rangareddy,18,Maheshwaram,574787,0000,VILLAGE,Sardar Nagar,Rural,353,1600,842,758,182,95,87,425,230,195,32,13,19,951,585,366,649,257,392,640,468,172,623,459,164,82,61,21,141,69,72,5,2,3,395,327,68,17,9,8,0,0,0,11,5,6,2,1,1,4,3,1,16,9,7,0,0,0,11,5,6,1,1,0,4,3,1,1,0,1,0,0,0,0,0,0,1,0,1,0,0,0,960,374,586
23,93,Kandukur,Rangareddy,18,Maheshwaram,574788,0000,VILLAGE,Sreenagar,Rural,39,167,83,84,21,6,15,0,0,0,53,24,29,100,60,40,67,23,44,55,44,11,47,40,7,18,16,2,13,9,4,3,3,0,13,12,1,8,4,4,0,0,0,4,0,4,4,4,0,0,0,0,4,2,2,0,0,0,2,0,2,2,2,0,0,0,0,4,2,2,0,0,0,2,0,2,2,2,0,0,0,0,112,39,73
23,93,Kandukur,Rangareddy,18,Maheshwaram,574789,0000,VILLAGE,Raviryal,Rural,1120,4793,2478,2315,587,306,281,585,291,294,82,42,40,2735,1605,1130,2058,873,1185,2050,1363,687,1969,1333,636,303,221,82,258,46,212,70,31,39,1338,1035,303,81,30,51,10,3,7,29,3,26,2,2,0,40,22,18,71,25,46,10,3,7,27,3,24,1,1,0,33,18,15,10,5,5,0,0,0,2,0,2,1,1,0,7,4,3,2743,1115,1628
23,93,Kandukur,Rangareddy,18,Maheshwaram,574790,0000,VILLAGE,Kongar Khurd (A),Rural,487,2216,1117,1099,233,117,116,433,209,224,0,0,0,1285,733,552,931,384,547,1098,658,440,915,575,340,164,132,32,274,69,205,7,4,3,470,370,100,183,83,100,18,4,14,114,54,60,2,1,1,49,24,25,121,52,69,7,2,5,71,30,41,0,0,0,43,20,23,62,31,31,11,2,9,43,24,19,2,1,1,6,4,2,1118,459,659
23,93,Kandukur,Rangareddy,18,Maheshwaram,574792,0000,VILLAGE,Imamguda,Rural,162,720,383,337,76,38,38,67,34,33,65,37,28,447,272,175,273,111,162,227,191,36,208,178,30,52,46,6,58,42,16,12,11,1,86,79,7,19,13,6,2,0,2,5,3,2,1,0,1,11,10,1,17,11,6,2,0,2,4,2,2,1,0,1,10,9,1,2,2,0,0,0,0,1,1,0,0,0,0,1,1,0,493,192,301
23,93,Kandukur,Rangareddy,18,Maheshwaram,574794,0000,VILLAGE,Mohabatnagar,Rural,167,691,367,324,88,46,42,127,69,58,312,161,151,393,236,157,298,131,167,384,219,165,376,215,161,52,41,11,265,132,133,3,2,1,56,40,16,8,4,4,3,2,1,2,1,1,0,0,0,3,1,2,8,4,4,3,2,1,2,1,1,0,0,0,3,1,2,0,0,0,0,0,0,0,0,0,0,0,0,0,0,0,307,148,159
23,93,Kandukur,Rangareddy,18,Maheshwaram,574795,0000,VILLAGE,Thummaloor,Rural,680,2859,1431,1428,415,202,213,597,287,310,87,45,42,1497,887,610,1362,544,818,1516,878,638,1451,853,598,343,254,89,485,179,306,16,10,6,607,410,197,65,25,40,10,2,8,26,9,17,4,0,4,25,14,11,40,17,23,8,1,7,10,4,6,1,0,1,21,12,9,25,8,17,2,1,1,16,5,11,3,0,3,4,2,2,1343,553,790
23,93,Kandukur,Rangareddy,17,Kandukur,574796,0000,VILLAGE,Chippalpalle,Rural,348,1448,722,726,183,80,103,216,101,115,0,0,0,699,414,285,749,308,441,737,407,330,592,378,214,225,175,50,273,122,151,14,12,2,80,69,11,145,29,116,6,1,5,130,22,108,3,1,2,6,5,1,133,26,107,6,1,5,120,20,100,2,1,1,5,4,1,12,3,9,0,0,0,10,2,8,1,0,1,1,1,0,711,315,396
23,93,Kandukur,Rangareddy,17,Kandukur,574797,0000,VILLAGE,Murlinagar,Rural,225,1075,556,519,114,67,47,174,89,85,717,373,344,510,312,198,565,244,321,554,282,272,414,253,161,215,150,65,144,58,86,1,1,0,54,44,10,140,29,111,17,4,13,107,14,93,0,0,0,16,11,5,127,24,103,14,3,11,101,14,87,0,0,0,12,7,5,13,5,8,3,1,2,6,0,6,0,0,0,4,4,0,521,274,247
23,93,Kandukur,Rangareddy,17,Kandukur,574798,0000,VILLAGE,Dhannaram,Rural,258,1121,565,556,116,51,65,264,121,143,0,0,0,559,330,229,562,235,327,579,311,268,225,215,10,163,159,4,7,5,2,0,0,0,55,51,4,354,96,258,13,0,13,317,79,238,0,0,0,24,17,7,349,94,255,13,0,13,317,79,238,0,0,0,19,15,4,5,2,3,0,0,0,0,0,0,0,0,0,5,2,3,542,254,288
23,93,Kandukur,Rangareddy,17,Kandukur,574799,0000,VILLAGE,Pulumamidi,Rural,675,2967,1550,1417,438,234,204,693,342,351,934,518,416,1259,766,493,1708,784,924,1523,828,695,1272,767,505,409,289,120,579,281,298,2,1,1,282,196,86,251,61,190,10,6,4,175,15,160,2,1,1,64,39,25,245,59,186,10,6,4,171,14,157,2,1,1,62,38,24,6,2,4,0,0,0,4,1,3,0,0,0,2,1,1,1444,722,722
23,93,Kandukur,Rangareddy,17,Kandukur,574801,0000,VILLAGE,Jaithwaram (Khalsa),Rural,289,1186,618,568,134,72,62,95,45,50,5,2,3,683,407,276,503,211,292,614,341,273,614,341,273,250,135,115,254,122,132,14,12,2,96,72,24,0,0,0,0,0,0,0,0,0,0,0,0,0,0,0,0,0,0,0,0,0,0,0,0,0,0,0,0,0,0,0,0,0,0,0,0,0,0,0,0,0,0,0,0,0,572,277,295
23,93,Kandukur,Rangareddy,17,Kandukur,574802,0000,VILLAGE,Jaithwaram (Maqta),Rural,99,391,200,191,47,24,23,165,83,82,0,0,0,183,103,80,208,97,111,217,122,95,216,121,95,81,60,21,124,53,71,3,2,1,8,6,2,1,1,0,0,0,0,1,1,0,0,0,0,0,0,0,1,1,0,0,0,0,1,1,0,0,0,0,0,0,0,0,0,0,0,0,0,0,0,0,0,0,0,0,0,0,174,78,96
23,93,Kandukur,Rangareddy,17,Kandukur,574803,0000,VILLAGE,Gafoornagar,Rural,65,258,129,129,25,14,11,81,40,41,0,0,0,159,95,64,99,34,65,126,74,52,115,71,44,59,34,25,24,11,13,0,0,0,32,26,6,11,3,8,3,1,2,6,0,6,0,0,0,2,2,0,11,3,8,3,1,2,6,0,6,0,0,0,2,2,0,0,0,0,0,0,0,0,0,0,0,0,0,0,0,0,132,55,77
23,93,Kandukur,Rangareddy,17,Kandukur,574804,0000,VILLAGE,Kothur,Rural,285,1278,661,617,184,108,76,441,225,216,4,2,2,694,415,279,584,246,338,587,351,236,532,326,206,197,121,76,182,76,106,8,7,1,145,122,23,55,25,30,18,8,10,22,5,17,1,0,1,14,12,2,55,25,30,18,8,10,22,5,17,1,0,1,14,12,2,0,0,0,0,0,0,0,0,0,0,0,0,0,0,0,691,310,381
23,93,Kandukur,Rangareddy,17,Kandukur,574805,0000,VILLAGE,Gudoor,Rural,568,2264,1161,1103,317,158,159,727,387,340,4,1,3,1256,778,478,1008,383,625,1120,663,457,1090,644,446,166,115,51,612,303,309,18,7,11,294,219,75,30,19,11,0,0,0,9,4,5,3,1,2,18,14,4,30,19,11,0,0,0,9,4,5,3,1,2,18,14,4,0,0,0,0,0,0,0,0,0,0,0,0,0,0,0,1144,498,646
23,93,Kandukur,Rangareddy,17,Kandukur,574806,0000,VILLAGE,Rachloor,Rural,966,4036,2056,1980,455,231,224,987,490,497,302,160,142,2108,1276,832,1928,780,1148,1945,1152,793,1751,1072,679,509,307,202,682,286,396,24,19,5,536,460,76,194,80,114,27,9,18,141,52,89,2,1,1,24,18,6,173,73,100,26,8,18,122,47,75,2,1,1,23,17,6,21,7,14,1,1,0,19,5,14,0,0,0,1,1,0,2091,904,1187
23,93,Kandukur,Rangareddy,17,Kandukur,574807,0000,VILLAGE,Lemoor,Rural,1089,4828,2506,2322,576,294,282,1390,729,661,4,1,3,2634,1557,1077,2194,949,1245,2347,1422,925,2028,1295,733,649,427,222,868,433,435,43,32,11,468,403,65,319,127,192,14,6,8,198,67,131,40,16,24,67,38,29,268,111,157,13,6,7,188,65,123,18,7,11,49,33,16,51,16,35,1,0,1,10,2,8,22,9,13,18,5,13,2481,1084,1397
23,93,Kandukur,Rangareddy,17,Kandukur,574808,0000,VILLAGE,Timmapur,Rural,789,3466,1761,1705,437,221,216,1080,574,506,16,8,8,1895,1147,748,1571,614,957,1718,1017,701,1223,815,408,319,258,61,591,292,299,6,5,1,307,260,47,495,202,293,12,1,11,348,106,242,11,6,5,124,89,35,388,187,201,12,1,11,263,103,160,9,4,5,104,79,25,107,15,92,0,0,0,85,3,82,2,2,0,20,10,10,1748,744,1004
23,93,Kandukur,Rangareddy,17,Kandukur,574809,0000,VILLAGE,Madhapur,Rural,276,1277,673,604,154,86,68,581,313,268,0,0,0,691,417,274,586,256,330,645,364,281,252,232,20,85,82,3,26,25,1,0,0,0,141,125,16,393,132,261,10,0,10,372,124,248,0,0,0,11,8,3,393,132,261,10,0,10,372,124,248,0,0,0,11,8,3,0,0,0,0,0,0,0,0,0,0,0,0,0,0,0,632,309,323
23,93,Kandukur,Rangareddy,17,Kandukur,574810,0000,VILLAGE,Gummadavalle,Rural,618,2728,1426,1302,340,174,166,503,254,249,334,187,147,1533,947,586,1195,479,716,1295,791,504,1223,776,447,407,264,143,407,179,228,41,27,14,368,306,62,72,15,57,13,8,5,29,0,29,0,0,0,30,7,23,72,15,57,13,8,5,29,0,29,0,0,0,30,7,23,0,0,0,0,0,0,0,0,0,0,0,0,0,0,0,1433,635,798
23,93,Kandukur,Rangareddy,17,Kandukur,574811,0000,VILLAGE,Thimmaipalle,Rural,27,119,64,55,18,9,9,101,58,43,0,0,0,56,38,18,63,26,37,63,31,32,63,31,32,32,23,9,22,1,21,0,0,0,9,7,2,0,0,0,0,0,0,0,0,0,0,0,0,0,0,0,0,0,0,0,0,0,0,0,0,0,0,0,0,0,0,0,0,0,0,0,0,0,0,0,0,0,0,0,0,0,56,33,23
23,93,Kandukur,Rangareddy,17,Kandukur,574812,0000,VILLAGE,Annojiguda,Rural,190,791,395,396,92,51,41,0,0,0,0,0,0,408,230,178,383,165,218,406,215,191,376,197,179,237,153,84,102,10,92,1,0,1,36,34,2,30,18,12,0,0,0,9,2,7,5,1,4,16,15,1,21,13,8,0,0,0,6,1,5,2,0,2,13,12,1,9,5,4,0,0,0,3,1,2,3,1,2,3,3,0,385,180,205
23,93,Kandukur,Rangareddy,17,Kandukur,574813,0000,VILLAGE,Kandukur,Rural,1254,4999,2585,2414,653,343,310,908,469,439,85,52,33,2851,1688,1163,2148,897,1251,2300,1408,892,1908,1307,601,662,465,197,526,280,246,71,46,25,649,516,133,392,101,291,63,18,45,209,29,180,8,0,8,112,54,58,327,91,236,52,16,36,166,26,140,7,0,7,102,49,53,65,10,55,11,2,9,43,3,40,1,0,1,10,5,5,2699,1177,1522
23,93,Kandukur,Rangareddy,17,Kandukur,574814,0000,VILLAGE,Mohammadnagar,Rural,94,363,176,187,39,16,23,61,29,32,0,0,0,160,89,71,203,87,116,185,89,96,167,81,86,1,1,0,122,49,73,2,1,1,42,30,12,18,8,10,0,0,0,6,2,4,0,0,0,12,6,6,17,7,10,0,0,0,6,2,4,0,0,0,11,5,6,1,1,0,0,0,0,0,0,0,0,0,0,1,1,0,178,87,91
23,93,Kandukur,Rangareddy,17,Kandukur,574815,0000,VILLAGE,Peruguguda,Rural,29,105,59,46,8,4,4,105,59,46,0,0,0,60,44,16,45,15,30,66,35,31,62,34,28,8,8,0,38,13,25,1,0,1,15,13,2,4,1,3,0,0,0,0,0,0,0,0,0,4,1,3,4,1,3,0,0,0,0,0,0,0,0,0,4,1,3,0,0,0,0,0,0,0,0,0,0,0,0,0,0,0,39,24,15
23,93,Kandukur,Rangareddy,17,Kandukur,574816,0000,VILLAGE,Bachupalle,Rural,295,1287,637,650,142,65,77,512,249,263,14,7,7,736,441,295,551,196,355,741,380,361,536,364,172,229,206,23,244,115,129,8,2,6,55,41,14,205,16,189,101,1,100,77,6,71,1,0,1,26,9,17,198,16,182,95,1,94,77,6,71,1,0,1,25,9,16,7,0,7,6,0,6,0,0,0,0,0,0,1,0,1,546,257,289
23,93,Kandukur,Rangareddy,17,Kandukur,574817,0000,VILLAGE,Nednur,Rural,1125,4652,2411,2241,555,281,274,950,474,476,198,99,99,2303,1414,889,2349,997,1352,2424,1426,998,2319,1400,919,979,586,393,800,388,412,22,18,4,518,408,110,105,26,79,11,4,7,74,13,61,1,0,1,19,9,10,100,26,74,11,4,7,70,13,57,0,0,0,19,9,10,5,0,5,0,0,0,4,0,4,1,0,1,0,0,0,2228,985,1243
23,93,Kandukur,Rangareddy,17,Kandukur,574819,0000,VILLAGE,Dasarlapalle,Rural,422,1844,949,895,262,139,123,289,149,140,484,249,235,826,495,331,1018,454,564,938,529,409,897,516,381,222,181,41,557,240,317,6,3,3,112,92,20,41,13,28,2,1,1,23,4,19,0,0,0,16,8,8,36,12,24,2,1,1,19,4,15,0,0,0,15,7,8,5,1,4,0,0,0,4,0,4,0,0,0,1,1,0,906,420,486
23,93,Kandukur,Rangareddy,17,Kandukur,574821,0000,VILLAGE,Debbadaguda,Rural,488,2182,1105,1077,236,132,104,454,225,229,230,120,110,1268,738,530,914,367,547,1127,597,530,1078,588,490,541,298,243,295,80,215,7,5,2,235,205,30,49,9,40,5,2,3,36,4,32,0,0,0,8,3,5,43,8,35,4,1,3,32,4,28,0,0,0,7,3,4,6,1,5,1,1,0,4,0,4,0,0,0,1,0,1,1055,508,547
23,93,Kandukur,Rangareddy,17,Kandukur,574822,0000,VILLAGE,Panjaguda,Rural,268,1081,522,559,122,54,68,377,178,199,0,0,0,525,333,192,556,189,367,623,315,308,464,290,174,173,105,68,152,70,82,2,1,1,137,114,23,159,25,134,41,5,36,94,16,78,0,0,0,24,4,20,157,24,133,40,5,35,94,16,78,0,0,0,23,3,20,2,1,1,1,0,1,0,0,0,0,0,0,1,1,0,458,207,251
23,93,Kandukur,Rangareddy,17,Kandukur,574823,0000,VILLAGE,Meerkhanpet,Rural,1051,4377,2242,2135,551,280,271,845,442,403,197,97,100,2149,1341,808,2228,901,1327,2269,1242,1027,2103,1214,889,743,431,312,859,376,483,39,25,14,462,382,80,166,28,138,13,2,11,134,12,122,4,3,1,15,11,4,165,27,138,13,2,11,133,11,122,4,3,1,15,11,4,1,1,0,0,0,0,1,1,0,0,0,0,0,0,0,2108,1000,1108
23,93,Kandukur,Rangareddy,17,Kandukur,574824,0000,VILLAGE,Sarvaravulapalle,Rural,67,317,170,147,34,23,11,107,50,57,197,112,85,124,78,46,193,92,101,168,84,84,168,84,84,162,80,82,2,0,2,0,0,0,4,4,0,0,0,0,0,0,0,0,0,0,0,0,0,0,0,0,0,0,0,0,0,0,0,0,0,0,0,0,0,0,0,0,0,0,0,0,0,0,0,0,0,0,0,0,0,0,149,86,63
23,93,Kandukur,Rangareddy,17,Kandukur,574825,0000,VILLAGE,Mucherla,Rural,964,4147,2177,1970,544,288,256,1033,529,504,626,346,280,1861,1162,699,2286,1015,1271,2351,1220,1131,2138,1122,1016,560,467,93,1156,314,842,36,22,14,386,319,67,213,98,115,11,3,8,90,39,51,41,14,27,71,42,29,183,85,98,11,3,8,87,38,49,20,4,16,65,40,25,30,13,17,0,0,0,3,1,2,21,10,11,6,2,4,1796,957,839
23,92,Ibrahimpatnam,Rangareddy,09,Ibrahimpatnam,574826,0000,VILLAGE,Kongara Kalan,Rural,1086,5269,2737,2532,671,348,323,730,390,340,872,443,429,2796,1677,1119,2473,1060,1413,2309,1499,810,1964,1324,640,341,217,124,600,250,350,91,62,29,932,795,137,345,175,170,73,38,35,89,34,55,29,15,14,154,88,66,333,171,162,71,37,34,86,33,53,25,13,12,151,88,63,12,4,8,2,1,1,3,1,2,4,2,2,3,0,3,2960,1238,1722
23,92,Ibrahimpatnam,Rangareddy,09,Ibrahimpatnam,574827,0000,VILLAGE,Adibatla,Rural,646,2798,1438,1360,371,204,167,456,243,213,45,23,22,1544,882,662,1254,556,698,1250,817,433,1069,707,362,330,217,113,294,135,159,8,6,2,437,349,88,181,110,71,6,1,5,145,87,58,1,1,0,29,21,8,173,105,68,5,0,5,141,86,55,0,0,0,27,19,8,8,5,3,1,1,0,4,1,3,1,1,0,2,2,0,1548,621,927
23,92,Ibrahimpatnam,Rangareddy,09,Ibrahimpatnam,574828,0000,VILLAGE,Bongloor,Rural,346,1414,687,727,181,81,100,195,90,105,8,5,3,920,508,412,494,179,315,662,395,267,501,353,148,71,44,27,65,17,48,16,12,4,349,280,69,161,42,119,28,8,20,58,13,45,12,6,6,63,15,48,145,38,107,27,8,19,50,12,38,7,4,3,61,14,47,16,4,12,1,0,1,8,1,7,5,2,3,2,1,1,752,292,460
23,92,Ibrahimpatnam,Rangareddy,09,Ibrahimpatnam,574829,0000,VILLAGE,Chintapalleguda,Rural,79,326,183,143,40,24,16,227,126,101,1,1,0,190,121,69,136,62,74,163,110,53,160,108,52,12,11,1,77,44,33,0,0,0,71,53,18,3,2,1,2,1,1,0,0,0,0,0,0,1,1,0,3,2,1,2,1,1,0,0,0,0,0,0,1,1,0,0,0,0,0,0,0,0,0,0,0,0,0,0,0,0,163,73,90
23,92,Ibrahimpatnam,Rangareddy,09,Ibrahimpatnam,574830,0000,VILLAGE,Ramdaspalle,Rural,195,833,424,409,104,56,48,284,146,138,5,3,2,438,240,198,395,184,211,409,240,169,393,234,159,87,55,32,179,72,107,2,1,1,125,106,19,16,6,10,1,0,1,8,2,6,0,0,0,7,4,3,13,6,7,1,0,1,6,2,4,0,0,0,6,4,2,3,0,3,0,0,0,2,0,2,0,0,0,1,0,1,424,184,240
23,92,Ibrahimpatnam,Rangareddy,09,Ibrahimpatnam,574832,0000,VILLAGE,Ibrahimpatnam (Khalsa),Rural,3685,17345,9129,8216,1822,939,883,3817,2009,1808,848,415,433,11544,6742,4802,5801,2387,3414,6471,4442,2029,5664,4037,1627,1030,671,359,1091,503,588,127,94,33,3416,2769,647,807,405,402,78,29,49,331,114,217,16,11,5,382,251,131,666,345,321,74,28,46,245,77,168,10,8,2,337,232,105,141,60,81,4,1,3,86,37,49,6,3,3,45,19,26,10874,4687,6187
23,92,Ibrahimpatnam,Rangareddy,09,Ibrahimpatnam,574833,0000,VILLAGE,Naganpalle,Rural,436,1877,926,951,210,102,108,734,367,367,16,6,10,973,567,406,904,359,545,815,515,300,792,508,284,79,56,23,167,68,99,13,7,6,533,377,156,23,7,16,4,2,2,8,1,7,1,1,0,10,3,7,23,7,16,4,2,2,8,1,7,1,1,0,10,3,7,0,0,0,0,0,0,0,0,0,0,0,0,0,0,0,1062,411,651
23,92,Ibrahimpatnam,Rangareddy,09,Ibrahimpatnam,574834,0000,VILLAGE,Polkampalle,Rural,736,3055,1586,1469,380,199,181,852,437,415,33,17,16,1661,991,670,1394,595,799,1391,849,542,1028,685,343,148,99,49,285,110,175,36,28,8,559,448,111,363,164,199,7,4,3,24,6,18,0,0,0,332,154,178,345,157,188,7,4,3,22,5,17,0,0,0,316,148,168,18,7,11,0,0,0,2,1,1,0,0,0,16,6,10,1664,737,927
23,92,Ibrahimpatnam,Rangareddy,09,Ibrahimpatnam,574835,0000,VILLAGE,Narrepalle,Rural,286,1191,599,592,193,88,105,155,71,84,3,3,0,572,332,240,619,267,352,484,325,159,481,324,157,75,70,5,205,81,124,0,0,0,201,173,28,3,1,2,2,1,1,1,0,1,0,0,0,0,0,0,3,1,2,2,1,1,1,0,1,0,0,0,0,0,0,0,0,0,0,0,0,0,0,0,0,0,0,0,0,0,707,274,433
23,92,Ibrahimpatnam,Rangareddy,09,Ibrahimpatnam,574836,0000,VILLAGE,Dandumailaram,Rural,1214,5296,2701,2595,647,360,287,934,458,476,17,9,8,2658,1547,1111,2638,1154,1484,2352,1485,867,2018,1392,626,326,252,74,955,486,469,19,16,3,718,638,80,334,93,241,40,10,30,227,36,191,0,0,0,67,47,20,270,78,192,37,8,29,175,29,146,0,0,0,58,41,17,64,15,49,3,2,1,52,7,45,0,0,0,9,6,3,2944,1216,1728
23,92,Ibrahimpatnam,Rangareddy,09,Ibrahimpatnam,574837,0000,VILLAGE,Muknoor,Rural,311,1263,648,615,158,82,76,638,343,295,4,3,1,644,384,260,619,264,355,624,378,246,461,288,173,78,62,16,290,143,147,6,3,3,87,80,7,163,90,73,4,1,3,126,61,65,3,1,2,30,27,3,160,87,73,4,1,3,126,61,65,3,1,2,27,24,3,3,3,0,0,0,0,0,0,0,0,0,0,3,3,0,639,270,369
23,92,Ibrahimpatnam,Rangareddy,09,Ibrahimpatnam,574839,0000,VILLAGE,Yengalaguda,Rural,153,605,303,302,74,31,43,338,174,164,0,0,0,346,220,126,259,83,176,387,210,177,380,208,172,71,41,30,245,135,110,22,9,13,42,23,19,7,2,5,1,0,1,4,1,3,0,0,0,2,1,1,7,2,5,1,0,1,4,1,3,0,0,0,2,1,1,0,0,0,0,0,0,0,0,0,0,0,0,0,0,0,218,93,125
23,92,Ibrahimpatnam,Rangareddy,09,Ibrahimpatnam,574840,0000,VILLAGE,Raipole,Rural,1242,5106,2637,2469,586,305,281,785,404,381,198,105,93,2770,1640,1130,2336,997,1339,2483,1432,1051,2128,1278,850,381,244,137,765,323,442,51,14,37,931,697,234,355,154,201,31,13,18,77,30,47,43,4,39,204,107,97,306,134,172,26,12,14,69,29,40,38,4,34,173,89,84,49,20,29,5,1,4,8,1,7,5,0,5,31,18,13,2623,1205,1418
23,92,Ibrahimpatnam,Rangareddy,09,Ibrahimpatnam,574843,0000,VILLAGE,Mangalpalle,Rural,1059,4812,2601,2211,546,287,259,774,407,367,71,34,37,2952,1816,1136,1860,785,1075,1695,1313,382,1537,1265,272,180,157,23,348,219,129,84,74,10,925,815,110,158,48,110,20,6,14,37,4,33,2,0,2,99,38,61,139,46,93,18,6,12,33,4,29,2,0,2,86,36,50,19,2,17,2,0,2,4,0,4,0,0,0,13,2,11,3117,1288,1829
23,92,Ibrahimpatnam,Rangareddy,09,Ibrahimpatnam,574845,0000,VILLAGE,Ramreddiguda,Rural,171,728,374,354,78,41,37,154,82,72,4,3,1,410,246,164,318,128,190,334,209,125,203,148,55,34,23,11,33,10,23,3,3,0,133,112,21,131,61,70,1,1,0,52,12,40,1,1,0,77,47,30,104,49,55,1,1,0,43,12,31,1,1,0,59,35,24,27,12,15,0,0,0,9,0,9,0,0,0,18,12,6,394,165,229
23,92,Ibrahimpatnam,Rangareddy,09,Ibrahimpatnam,574846,0000,VILLAGE,Pocharam,Rural,377,1598,855,743,168,86,82,546,285,261,3,2,1,922,561,361,676,294,382,729,439,290,600,394,206,107,73,34,153,73,80,9,4,5,331,244,87,129,45,84,3,2,1,105,30,75,1,0,1,20,13,7,106,38,68,2,2,0,86,26,60,1,0,1,17,10,7,23,7,16,1,0,1,19,4,15,0,0,0,3,3,0,869,416,453
23,92,Ibrahimpatnam,Rangareddy,09,Ibrahimpatnam,574847,0000,VILLAGE,Yeliminedu,Rural,694,3133,1572,1561,345,161,184,875,444,431,11,7,4,1818,1067,751,1315,505,810,1522,878,644,1354,859,495,235,199,36,731,319,412,26,17,9,362,324,38,168,19,149,5,2,3,148,10,138,3,0,3,12,7,5,159,19,140,5,2,3,140,10,130,2,0,2,12,7,5,9,0,9,0,0,0,8,0,8,1,0,1,0,0,0,1611,694,917
23,92,Ibrahimpatnam,Rangareddy,09,Ibrahimpatnam,574848,0000,VILLAGE,Tadlakalva,Rural,4,21,10,11,1,0,1,10,6,4,0,0,0,9,5,4,12,5,7,11,6,5,11,6,5,4,3,1,7,3,4,0,0,0,0,0,0,0,0,0,0,0,0,0,0,0,0,0,0,0,0,0,0,0,0,0,0,0,0,0,0,0,0,0,0,0,0,0,0,0,0,0,0,0,0,0,0,0,0,0,0,0,10,4,6
23,92,Ibrahimpatnam,Rangareddy,09,Ibrahimpatnam,574849,0000,VILLAGE,Yerrakunta,Rural,14,80,41,39,11,4,7,80,41,39,0,0,0,40,25,15,40,16,24,44,24,20,34,20,14,3,0,3,0,0,0,0,0,0,31,20,11,10,4,6,1,0,1,0,0,0,0,0,0,9,4,5,10,4,6,1,0,1,0,0,0,0,0,0,9,4,5,0,0,0,0,0,0,0,0,0,0,0,0,0,0,0,36,17,19
23,92,Ibrahimpatnam,Rangareddy,09,Ibrahimpatnam,574850,0000,VILLAGE,Turkaguda,Rural,193,880,455,425,94,45,49,234,122,112,0,0,0,500,315,185,380,140,240,435,256,179,314,216,98,134,81,53,7,4,3,5,2,3,168,129,39,121,40,81,31,12,19,21,6,15,1,1,0,68,21,47,110,37,73,29,11,18,20,6,14,1,1,0,60,19,41,11,3,8,2,1,1,1,0,1,0,0,0,8,2,6,445,199,246
23,92,Ibrahimpatnam,Rangareddy,09,Ibrahimpatnam,574851,0000,VILLAGE,Kappapahad,Rural,485,1999,998,1001,287,122,165,569,288,281,12,7,5,1046,618,428,953,380,573,1073,597,476,897,523,374,226,149,77,510,237,273,7,2,5,154,135,19,176,74,102,5,1,4,158,64,94,1,0,1,12,9,3,174,74,100,5,1,4,156,64,92,1,0,1,12,9,3,2,0,2,0,0,0,2,0,2,0,0,0,0,0,0,926,401,525
23,92,Ibrahimpatnam,Rangareddy,09,Ibrahimpatnam,574852,0000,VILLAGE,Toolekalan,Rural,514,2028,1005,1023,249,127,122,789,378,411,21,10,11,1003,578,425,1025,427,598,882,548,334,873,543,330,150,128,22,609,315,294,19,12,7,95,88,7,9,5,4,4,1,3,0,0,0,0,0,0,5,4,1,7,4,3,3,1,2,0,0,0,0,0,0,4,3,1,2,1,1,1,0,1,0,0,0,0,0,0,1,1,0,1146,457,689
23,92,Ibrahimpatnam,Rangareddy,09,Ibrahimpatnam,574854,0000,VILLAGE,Khanapur,Rural,293,1299,669,630,137,76,61,478,249,229,0,0,0,771,461,310,528,208,320,584,356,228,436,318,118,87,67,20,72,42,30,2,1,1,275,208,67,148,38,110,25,3,22,92,19,73,0,0,0,31,16,15,136,34,102,24,3,21,81,15,66,0,0,0,31,16,15,12,4,8,1,0,1,11,4,7,0,0,0,0,0,0,715,313,402
23,92,Ibrahimpatnam,Rangareddy,10,Manchal,574856,0000,VILLAGE,Manorabad,Rural,43,166,80,86,12,6,6,154,76,78,0,0,0,96,56,40,70,24,46,92,48,44,92,48,44,0,0,0,78,38,40,2,2,0,12,8,4,0,0,0,0,0,0,0,0,0,0,0,0,0,0,0,0,0,0,0,0,0,0,0,0,0,0,0,0,0,0,0,0,0,0,0,0,0,0,0,0,0,0,0,0,0,74,32,42
23,92,Ibrahimpatnam,Rangareddy,10,Manchal,574857,0000,VILLAGE,Sabithnagar,Rural,128,530,284,246,52,28,24,264,131,133,0,0,0,302,196,106,228,88,140,270,148,122,269,148,121,17,12,5,185,85,100,10,8,2,57,43,14,1,0,1,0,0,0,0,0,0,0,0,0,1,0,1,1,0,1,0,0,0,0,0,0,0,0,0,1,0,1,0,0,0,0,0,0,0,0,0,0,0,0,0,0,0,260,136,124
23,92,Ibrahimpatnam,Rangareddy,10,Manchal,574858,0000,VILLAGE,Lingampalle,Rural,365,1459,743,716,124,68,56,212,105,107,4,1,3,895,523,372,564,220,344,726,453,273,654,428,226,112,93,19,223,96,127,13,9,4,306,230,76,72,25,47,10,5,5,13,4,9,1,0,1,48,16,32,68,25,43,9,5,4,13,4,9,1,0,1,45,16,29,4,0,4,1,0,1,0,0,0,0,0,0,3,0,3,733,290,443
23,92,Ibrahimpatnam,Rangareddy,10,Manchal,574859,0000,VILLAGE,Thallapalliguda,Rural,351,1523,785,738,176,96,80,368,193,175,11,5,6,877,512,365,646,273,373,778,443,335,723,430,293,110,89,21,354,118,236,7,5,2,252,218,34,55,13,42,4,1,3,41,5,36,0,0,0,10,7,3,39,10,29,4,1,3,30,5,25,0,0,0,5,4,1,16,3,13,0,0,0,11,0,11,0,0,0,5,3,2,745,342,403
23,92,Ibrahimpatnam,Rangareddy,10,Manchal,574861,0000,VILLAGE,Thippaiguda,Rural,262,1065,569,496,126,68,58,293,165,128,3,2,1,515,324,191,550,245,305,616,341,275,589,325,264,161,86,75,284,116,168,16,12,4,128,111,17,27,16,11,9,5,4,4,2,2,1,0,1,13,9,4,27,16,11,9,5,4,4,2,2,1,0,1,13,9,4,0,0,0,0,0,0,0,0,0,0,0,0,0,0,0,449,228,221
23,92,Ibrahimpatnam,Rangareddy,10,Manchal,574862,0000,VILLAGE,Chittapur,Rural,351,1489,778,711,177,95,82,265,150,115,0,0,0,866,536,330,623,242,381,800,451,349,765,434,331,235,147,88,343,131,212,19,12,7,168,144,24,35,17,18,10,6,4,11,3,8,2,2,0,12,6,6,24,14,10,7,5,2,7,3,4,0,0,0,10,6,4,11,3,8,3,1,2,4,0,4,2,2,0,2,0,2,689,327,362
23,92,Ibrahimpatnam,Rangareddy,10,Manchal,574863,0000,VILLAGE,Manchal,Rural,1060,4507,2142,2365,458,249,209,1101,547,554,240,14,226,2601,1380,1221,1906,762,1144,1920,1133,787,1783,1076,707,285,208,77,780,282,498,34,21,13,684,565,119,137,57,80,25,9,16,44,9,35,3,0,3,65,39,26,110,44,66,22,6,16,36,8,28,3,0,3,49,30,19,27,13,14,3,3,0,8,1,7,0,0,0,16,9,7,2587,1009,1578
23,92,Ibrahimpatnam,Rangareddy,10,Manchal,574865,0000,VILLAGE,Nomula,Rural,445,1932,999,933,230,122,108,668,344,324,10,4,6,972,597,375,960,402,558,826,527,299,705,484,221,129,103,26,333,168,165,33,23,10,210,190,20,121,43,78,6,2,4,100,27,73,0,0,0,15,14,1,117,41,76,4,2,2,98,25,73,0,0,0,15,14,1,4,2,2,2,0,2,2,2,0,0,0,0,0,0,0,1106,472,634
23,92,Ibrahimpatnam,Rangareddy,10,Manchal,574866,0000,VILLAGE,Agapalle,Rural,397,1806,941,865,246,125,121,381,198,183,0,0,0,1030,618,412,776,323,453,785,507,278,666,453,213,134,105,29,202,80,122,18,15,3,312,253,59,119,54,65,35,19,16,56,20,36,1,1,0,27,14,13,100,46,54,35,19,16,39,14,25,1,1,0,25,12,13,19,8,11,0,0,0,17,6,11,0,0,0,2,2,0,1021,434,587
23,92,Ibrahimpatnam,Rangareddy,10,Manchal,574867,0000,VILLAGE,Kagazghat,Rural,201,896,461,435,106,65,41,340,172,168,0,0,0,498,295,203,398,166,232,514,289,225,210,135,75,36,24,12,114,57,57,3,2,1,57,52,5,304,154,150,39,25,14,176,71,105,29,18,11,60,40,20,205,131,74,35,23,12,104,61,43,22,17,5,44,30,14,99,23,76,4,2,2,72,10,62,7,1,6,16,10,6,382,172,210
23,92,Ibrahimpatnam,Rangareddy,10,Manchal,574868,0000,VILLAGE,Japala,Rural,512,2130,1108,1022,223,124,99,480,251,229,21,14,7,1262,759,503,868,349,519,1150,641,509,545,381,164,163,118,45,204,117,87,8,7,1,170,139,31,605,260,345,124,41,83,184,56,128,17,11,6,280,152,128,436,175,261,99,28,71,168,50,118,9,6,3,160,91,69,169,85,84,25,13,12,16,6,10,8,5,3,120,61,59,980,467,513
23,92,Ibrahimpatnam,Rangareddy,10,Manchal,574869,0000,VILLAGE,Rangapur,Rural,260,1119,506,613,84,49,35,128,66,62,222,41,181,684,334,350,435,172,263,455,247,208,148,108,40,57,31,26,8,5,3,2,2,0,81,70,11,307,139,168,33,16,17,207,86,121,8,4,4,59,33,26,234,101,133,29,12,17,143,55,88,6,3,3,56,31,25,73,38,35,4,4,0,64,31,33,2,1,1,3,2,1,664,259,405
23,92,Ibrahimpatnam,Rangareddy,10,Manchal,574870,0000,VILLAGE,Cheeded,Rural,247,1046,469,577,102,41,61,215,92,123,5,2,3,487,279,208,559,190,369,510,257,253,374,217,157,94,65,29,171,69,102,5,1,4,104,82,22,136,40,96,5,3,2,71,15,56,6,1,5,54,21,33,136,40,96,5,3,2,71,15,56,6,1,5,54,21,33,0,0,0,0,0,0,0,0,0,0,0,0,0,0,0,536,212,324
23,92,Ibrahimpatnam,Rangareddy,10,Manchal,574871,0000,VILLAGE,Dadpalle,Rural,292,1359,705,654,163,84,79,79,40,39,687,362,325,670,416,254,689,289,400,687,374,313,561,340,221,198,116,82,200,84,116,1,1,0,162,139,23,126,34,92,17,8,9,94,17,77,2,1,1,13,8,5,64,25,39,16,8,8,39,12,27,0,0,0,9,5,4,62,9,53,1,0,1,55,5,50,2,1,1,4,3,1,672,331,341
23,92,Ibrahimpatnam,Rangareddy,10,Manchal,574872,0000,VILLAGE,Bodakonda,Rural,1149,4825,2526,2299,675,387,288,69,34,35,3568,1896,1672,1905,1265,640,2920,1261,1659,2619,1335,1284,2345,1274,1071,547,339,208,834,325,509,13,9,4,951,601,350,274,61,213,15,10,5,152,16,136,65,12,53,42,23,19,206,51,155,15,10,5,126,15,111,25,4,21,40,22,18,68,10,58,0,0,0,26,1,25,40,8,32,2,1,1,2206,1191,1015
23,92,Ibrahimpatnam,Rangareddy,10,Manchal,574873,0000,VILLAGE,Asmatpur,Rural,161,674,345,329,94,55,39,165,91,74,0,0,0,341,211,130,333,134,199,357,174,183,352,172,180,56,30,26,185,70,115,8,5,3,103,67,36,5,2,3,0,0,0,2,0,2,0,0,0,3,2,1,5,2,3,0,0,0,2,0,2,0,0,0,3,2,1,0,0,0,0,0,0,0,0,0,0,0,0,0,0,0,317,171,146
23,92,Ibrahimpatnam,Rangareddy,10,Manchal,574874,0000,VILLAGE,Chandkhanguda,Rural,94,469,263,206,80,36,44,4,2,2,0,0,0,257,185,72,212,78,134,199,126,73,197,125,72,38,23,15,93,47,46,4,2,2,62,53,9,2,1,1,1,1,0,0,0,0,0,0,0,1,0,1,2,1,1,1,1,0,0,0,0,0,0,0,1,0,1,0,0,0,0,0,0,0,0,0,0,0,0,0,0,0,270,137,133
23,92,Ibrahimpatnam,Rangareddy,10,Manchal,574875,0000,VILLAGE,Arutla,Rural,2319,10037,5185,4852,1240,651,589,1576,825,751,2376,1268,1108,4965,3065,1900,5072,2120,2952,4903,2763,2140,4123,2463,1660,1109,772,337,1496,502,994,169,103,66,1349,1086,263,780,300,480,103,47,56,352,96,256,23,6,17,302,151,151,701,273,428,102,47,55,306,86,220,21,6,15,272,134,138,79,27,52,1,0,1,46,10,36,2,0,2,30,17,13,5134,2422,2712
23,92,Ibrahimpatnam,Rangareddy,10,Manchal,574876,0000,VILLAGE,Bandalemoor,Rural,515,2079,1121,958,207,110,97,228,129,99,984,541,443,1009,643,366,1070,478,592,1149,615,534,1024,570,454,150,115,35,709,328,381,21,11,10,144,116,28,125,45,80,11,6,5,92,28,64,8,4,4,14,7,7,94,27,67,8,4,4,70,16,54,4,2,2,12,5,7,31,18,13,3,2,1,22,12,10,4,2,2,2,2,0,930,506,424
23,92,Ibrahimpatnam,Rangareddy,10,Manchal,574877,0000,VILLAGE,Loyapalle,Rural,1409,6078,3200,2878,673,376,297,469,238,231,2302,1256,1046,3032,1902,1130,3046,1298,1748,2988,1665,1323,2397,1480,917,397,322,75,1213,513,700,32,26,6,755,619,136,591,185,406,38,18,20,309,48,261,30,6,24,214,113,101,502,150,352,31,14,17,264,28,236,23,5,18,184,103,81,89,35,54,7,4,3,45,20,25,7,1,6,30,10,20,3090,1535,1555
23,92,Ibrahimpatnam,Rangareddy,11,Yacharam,574879,0000,VILLAGE,Tulekhurd,Rural,667,2776,1437,1339,283,145,138,1023,534,489,0,0,0,1593,1007,586,1183,430,753,1394,789,605,1255,749,506,414,254,160,372,121,251,2,2,0,467,372,95,139,40,99,20,13,7,109,20,89,0,0,0,10,7,3,128,37,91,17,13,4,102,18,84,0,0,0,9,6,3,11,3,8,3,0,3,7,2,5,0,0,0,1,1,0,1382,648,734
23,92,Ibrahimpatnam,Rangareddy,11,Yacharam,574880,0000,VILLAGE,Gungal,Rural,1056,4254,2205,2049,470,265,205,1064,546,518,42,19,23,2371,1483,888,1883,722,1161,2192,1274,918,1158,822,336,339,258,81,204,70,134,21,17,4,594,477,117,1034,452,582,44,24,20,732,244,488,13,5,8,245,179,66,735,327,408,38,20,18,517,176,341,12,5,7,168,126,42,299,125,174,6,4,2,215,68,147,1,0,1,77,53,24,2062,931,1131
23,92,Ibrahimpatnam,Rangareddy,11,Yacharam,574881,0000,VILLAGE,Mandigowrelly,Rural,364,1498,782,716,120,69,51,654,342,312,2,2,0,817,507,310,681,275,406,795,408,387,504,336,168,241,195,46,156,55,101,1,1,0,106,85,21,291,72,219,55,18,37,203,35,168,1,0,1,32,19,13,276,66,210,54,17,37,190,31,159,1,0,1,31,18,13,15,6,9,1,1,0,13,4,9,0,0,0,1,1,0,703,374,329
23,92,Ibrahimpatnam,Rangareddy,11,Yacharam,574882,0000,VILLAGE,Yacharam,Rural,774,3812,1908,1904,419,213,206,1044,512,532,231,126,105,2454,1387,1067,1358,521,837,1466,963,503,1261,867,394,114,87,27,421,197,224,6,2,4,720,581,139,205,96,109,18,4,14,124,48,76,2,2,0,61,42,19,149,72,77,17,3,14,76,28,48,2,2,0,54,39,15,56,24,32,1,1,0,48,20,28,0,0,0,7,3,4,2346,945,1401
23,92,Ibrahimpatnam,Rangareddy,11,Yacharam,574883,0000,VILLAGE,Mogullavampu,Rural,185,751,388,363,62,38,24,199,101,98,0,0,0,439,270,169,312,118,194,338,215,123,215,167,48,91,87,4,45,17,28,3,1,2,76,62,14,123,48,75,6,1,5,69,15,54,5,0,5,43,32,11,114,43,71,6,1,5,68,14,54,4,0,4,36,28,8,9,5,4,0,0,0,1,1,0,1,0,1,7,4,3,413,173,240
23,92,Ibrahimpatnam,Rangareddy,11,Yacharam,574884,0000,VILLAGE,Chowderpalle,Rural,576,2452,1288,1164,276,157,119,526,270,256,0,0,0,1373,827,546,1079,461,618,1272,765,507,1220,739,481,288,202,86,534,204,330,54,42,12,344,291,53,52,26,26,9,5,4,23,13,10,0,0,0,20,8,12,22,10,12,8,5,3,8,3,5,0,0,0,6,2,4,30,16,14,1,0,1,15,10,5,0,0,0,14,6,8,1180,523,657
23,92,Ibrahimpatnam,Rangareddy,11,Yacharam,574885,0000,VILLAGE,Nandiwanaparthy,Rural,1419,6035,3142,2893,704,361,343,1358,712,646,534,298,236,3012,1879,1133,3023,1263,1760,3108,1728,1380,2508,1531,977,595,437,158,1231,532,699,76,56,20,606,506,100,600,197,403,115,29,86,264,73,191,62,4,58,159,91,68,569,189,380,99,23,76,255,73,182,59,4,55,156,89,67,31,8,23,16,6,10,9,0,9,3,0,3,3,2,1,2927,1414,1513
23,92,Ibrahimpatnam,Rangareddy,11,Yacharam,574886,0000,VILLAGE,Nazdik Singaram,Rural,271,1159,577,582,144,74,70,355,183,172,12,7,5,585,347,238,574,230,344,587,330,257,475,303,172,212,126,86,114,50,64,20,15,5,129,112,17,112,27,85,5,1,4,93,15,78,1,0,1,13,11,2,112,27,85,5,1,4,93,15,78,1,0,1,13,11,2,0,0,0,0,0,0,0,0,0,0,0,0,0,0,0,572,247,325
23,92,Ibrahimpatnam,Rangareddy,11,Yacharam,574887,0000,VILLAGE,Kurmidda,Rural,648,2784,1442,1342,350,173,177,356,181,175,329,167,162,1399,888,511,1385,554,831,1425,790,635,992,578,414,300,214,86,449,157,292,6,3,3,237,204,33,433,212,221,84,42,42,299,136,163,2,1,1,48,33,15,299,152,147,68,37,31,186,85,101,2,1,1,43,29,14,134,60,74,16,5,11,113,51,62,0,0,0,5,4,1,1359,652,707
23,92,Ibrahimpatnam,Rangareddy,11,Yacharam,574888,0000,VILLAGE,Thatiparthy,Rural,431,1778,910,868,237,123,114,578,298,280,8,4,4,851,531,320,927,379,548,946,513,433,912,496,416,180,101,79,556,253,303,21,17,4,155,125,30,34,17,17,6,3,3,23,10,13,2,2,0,3,2,1,27,12,15,6,3,3,17,6,11,2,2,0,2,1,1,7,5,2,0,0,0,6,4,2,0,0,0,1,1,0,832,397,435
23,92,Ibrahimpatnam,Rangareddy,11,Yacharam,574889,0000,VILLAGE,Nanaknagar,Rural,248,1097,566,531,143,70,73,536,278,258,0,0,0,556,347,209,541,219,322,579,317,262,564,311,253,112,70,42,334,137,197,1,1,0,117,103,14,15,6,9,0,0,0,11,4,7,0,0,0,4,2,2,11,4,7,0,0,0,9,3,6,0,0,0,2,1,1,4,2,2,0,0,0,2,1,1,0,0,0,2,1,1,518,249,269
23,92,Ibrahimpatnam,Rangareddy,11,Yacharam,574890,0000,VILLAGE,Medpalle,Rural,464,2076,1032,1044,228,104,124,702,342,360,5,2,3,1066,626,440,1010,406,604,960,600,360,730,566,164,212,190,22,223,119,104,26,23,3,269,234,35,230,34,196,42,6,36,171,17,154,3,0,3,14,11,3,217,30,187,42,6,36,159,14,145,3,0,3,13,10,3,13,4,9,0,0,0,12,3,9,0,0,0,1,1,0,1116,432,684
23,92,Ibrahimpatnam,Rangareddy,11,Yacharam,574891,0000,VILLAGE,Nakkarta,Rural,351,1640,910,730,171,86,85,407,244,163,58,50,8,814,565,249,826,345,481,773,420,353,309,183,126,51,40,11,206,103,103,4,3,1,48,37,11,464,237,227,17,13,4,405,193,212,16,11,5,26,20,6,407,207,200,17,13,4,356,168,188,10,7,3,24,19,5,57,30,27,0,0,0,49,25,24,6,4,2,2,1,1,867,490,377
23,92,Ibrahimpatnam,Rangareddy,11,Yacharam,574892,0000,VILLAGE,Kothapalle,Rural,564,2468,1258,1210,275,138,137,701,366,335,149,77,72,1164,714,450,1304,544,760,1289,737,552,908,597,311,294,197,97,328,159,169,21,18,3,265,223,42,381,140,241,56,27,29,248,65,183,6,3,3,71,45,26,354,128,226,53,27,26,236,62,174,6,3,3,59,36,23,27,12,15,3,0,3,12,3,9,0,0,0,12,9,3,1179,521,658
23,92,Ibrahimpatnam,Rangareddy,11,Yacharam,574893,0000,VILLAGE,Thakkellapalle,Rural,500,2006,1018,988,273,139,134,521,267,254,582,306,276,991,619,372,1015,399,616,973,565,408,949,553,396,213,135,78,313,122,191,4,2,2,419,294,125,24,12,12,8,4,4,7,3,4,0,0,0,9,5,4,22,11,11,8,4,4,5,2,3,0,0,0,9,5,4,2,1,1,0,0,0,2,1,1,0,0,0,0,0,0,1033,453,580
23,92,Ibrahimpatnam,Rangareddy,11,Yacharam,574894,0000,VILLAGE,Chintapatla,Rural,937,3990,2051,1939,417,214,203,1059,532,527,19,9,10,2078,1291,787,1912,760,1152,2148,1173,975,1923,1123,800,612,428,184,808,295,513,14,10,4,489,390,99,225,50,175,7,2,5,190,30,160,6,5,1,22,13,9,179,23,156,5,1,4,155,12,143,0,0,0,19,10,9,46,27,19,2,1,1,35,18,17,6,5,1,3,3,0,1842,878,964
23,92,Ibrahimpatnam,Rangareddy,11,Yacharam,574895,0000,VILLAGE,Nallavelly,Rural,1312,5709,2900,2809,683,334,349,1186,604,582,412,204,208,2979,1811,1168,2730,1089,1641,2552,1547,1005,2378,1503,875,611,463,148,775,283,492,150,99,51,842,658,184,174,44,130,13,6,7,88,11,77,5,1,4,68,26,42,143,38,105,11,5,6,70,10,60,3,0,3,59,23,36,31,6,25,2,1,1,18,1,17,2,1,1,9,3,6,3157,1353,1804
23,92,Ibrahimpatnam,Rangareddy,11,Yacharam,574897,0000,VILLAGE,Manthangowrelly,Rural,588,2571,1312,1259,390,227,163,207,93,114,1373,703,670,1008,636,372,1563,676,887,1263,649,614,898,596,302,343,213,130,343,195,148,15,12,3,197,176,21,365,53,312,28,10,18,309,26,283,2,1,1,26,16,10,346,43,303,28,10,18,298,23,275,1,0,1,19,10,9,19,10,9,0,0,0,11,3,8,1,1,0,7,6,1,1308,663,645
23,92,Ibrahimpatnam,Rangareddy,11,Yacharam,574898,0000,VILLAGE,Manthangoud,Rural,135,553,308,245,89,52,37,0,0,0,545,304,241,191,136,55,362,172,190,286,136,150,135,132,3,85,84,1,2,2,0,1,1,0,47,45,2,151,4,147,0,0,0,139,1,138,0,0,0,12,3,9,59,1,58,0,0,0,57,1,56,0,0,0,2,0,2,92,3,89,0,0,0,82,0,82,0,0,0,10,3,7,267,172,95
23,95,Shadhnagar,Rangareddy,27,Jilled Chowdergudem,575138,0000,VILLAGE,Vanampalle,Rural,190,807,428,379,120,75,45,263,138,125,15,7,8,372,242,130,435,186,249,480,241,239,474,236,238,176,159,17,241,36,205,13,7,6,44,34,10,6,5,1,0,0,0,2,1,1,1,1,0,3,3,0,6,5,1,0,0,0,2,1,1,1,1,0,3,3,0,0,0,0,0,0,0,0,0,0,0,0,0,0,0,0,327,187,140
23,95,Shadhnagar,Rangareddy,26,Kondurg,575139,0000,VILLAGE,Kondurg (E),Rural,481,2026,992,1034,252,113,139,104,56,48,22,7,15,1036,611,425,990,381,609,1128,603,525,1047,559,488,593,324,269,333,151,182,16,10,6,105,74,31,81,44,37,6,4,2,59,27,32,0,0,0,16,13,3,63,33,30,6,4,2,47,20,27,0,0,0,10,9,1,18,11,7,0,0,0,12,7,5,0,0,0,6,4,2,898,389,509
23,95,Shadhnagar,Rangareddy,27,Jilled Chowdergudem,575140,0000,VILLAGE,Tummalapalle,Rural,480,2236,1119,1117,290,139,151,699,341,358,2,1,1,1039,600,439,1197,519,678,1144,636,508,592,504,88,266,243,23,174,138,36,0,0,0,152,123,29,552,132,420,14,6,8,514,110,404,0,0,0,24,16,8,550,131,419,13,5,8,513,110,403,0,0,0,24,16,8,2,1,1,1,1,0,1,0,1,0,0,0,0,0,0,1092,483,609
23,95,Shadhnagar,Rangareddy,26,Kondurg,575141,0000,VILLAGE,Ummenthyal,Rural,436,1917,957,960,212,108,104,694,350,344,7,3,4,1072,625,447,845,332,513,998,546,452,857,474,383,305,181,124,451,219,232,6,3,3,95,71,24,141,72,69,31,18,13,106,52,54,0,0,0,4,2,2,140,72,68,31,18,13,106,52,54,0,0,0,3,2,1,1,0,1,0,0,0,0,0,0,0,0,0,1,0,1,919,411,508
23,95,Shadhnagar,Rangareddy,26,Kondurg,575142,0000,VILLAGE,Mutpoor,Rural,379,1610,813,797,180,85,95,335,169,166,26,15,11,709,429,280,901,384,517,882,482,400,858,469,389,426,237,189,304,126,178,5,3,2,123,103,20,24,13,11,8,3,5,11,7,4,0,0,0,5,3,2,18,9,9,8,3,5,6,3,3,0,0,0,4,3,1,6,4,2,0,0,0,5,4,1,0,0,0,1,0,1,728,331,397
23,95,Shadhnagar,Rangareddy,26,Kondurg,575143,0000,VILLAGE,Regadi Chilakamarri,Rural,334,1486,755,731,171,88,83,640,333,307,0,0,0,762,468,294,724,287,437,795,457,338,788,456,332,325,183,142,316,145,171,13,12,1,134,116,18,7,1,6,4,1,3,3,0,3,0,0,0,0,0,0,7,1,6,4,1,3,3,0,3,0,0,0,0,0,0,0,0,0,0,0,0,0,0,0,0,0,0,0,0,0,691,298,393
23,95,Shadhnagar,Rangareddy,26,Kondurg,575144,0000,VILLAGE,Chukkammet,Rural,18,75,32,43,5,2,3,72,31,41,0,0,0,37,14,23,38,18,20,37,20,17,37,20,17,12,9,3,21,8,13,0,0,0,4,3,1,0,0,0,0,0,0,0,0,0,0,0,0,0,0,0,0,0,0,0,0,0,0,0,0,0,0,0,0,0,0,0,0,0,0,0,0,0,0,0,0,0,0,0,0,0,38,12,26
23,95,Shadhnagar,Rangareddy,26,Kondurg,575145,0000,VILLAGE,Tekulapalle,Rural,301,1241,630,611,138,64,74,202,101,101,0,0,0,545,329,216,696,301,395,755,383,372,755,383,372,712,366,346,31,8,23,0,0,0,12,9,3,0,0,0,0,0,0,0,0,0,0,0,0,0,0,0,0,0,0,0,0,0,0,0,0,0,0,0,0,0,0,0,0,0,0,0,0,0,0,0,0,0,0,0,0,0,486,247,239
23,95,Shadhnagar,Rangareddy,26,Kondurg,575146,0000,VILLAGE,Uttaraspalle,Rural,278,1148,596,552,149,75,74,360,189,171,0,0,0,526,319,207,622,277,345,651,352,299,651,352,299,263,171,92,249,69,180,0,0,0,139,112,27,0,0,0,0,0,0,0,0,0,0,0,0,0,0,0,0,0,0,0,0,0,0,0,0,0,0,0,0,0,0,0,0,0,0,0,0,0,0,0,0,0,0,0,0,0,497,244,253
23,95,Shadhnagar,Rangareddy,26,Kondurg,575147,0000,VILLAGE,Bhirampalle,Rural,216,915,473,442,125,70,55,260,137,123,30,16,14,347,218,129,568,255,313,511,272,239,511,272,239,371,224,147,129,41,88,2,1,1,9,6,3,0,0,0,0,0,0,0,0,0,0,0,0,0,0,0,0,0,0,0,0,0,0,0,0,0,0,0,0,0,0,0,0,0,0,0,0,0,0,0,0,0,0,0,0,0,404,201,203
23,95,Shadhnagar,Rangareddy,26,Kondurg,575148,0000,VILLAGE,Mahadevpoor,Rural,367,1551,770,781,189,99,90,541,260,281,16,9,7,779,469,310,772,301,471,869,452,417,862,446,416,387,203,184,413,191,222,3,1,2,59,51,8,7,6,1,0,0,0,1,0,1,0,0,0,6,6,0,6,5,1,0,0,0,1,0,1,0,0,0,5,5,0,1,1,0,0,0,0,0,0,0,0,0,0,1,1,0,682,318,364
23,95,Shadhnagar,Rangareddy,26,Kondurg,575149,0000,VILLAGE,Srirangapur,Rural,216,905,464,441,112,62,50,240,124,116,0,0,0,424,247,177,481,217,264,501,283,218,490,280,210,83,63,20,311,145,166,0,0,0,96,72,24,11,3,8,0,0,0,3,1,2,0,0,0,8,2,6,10,2,8,0,0,0,2,0,2,0,0,0,8,2,6,1,1,0,0,0,0,1,1,0,0,0,0,0,0,0,404,181,223
23,95,Shadhnagar,Rangareddy,26,Kondurg,575150,0000,VILLAGE,Chinnayelkicherla,Rural,373,1693,858,835,253,137,116,257,131,126,743,388,355,652,384,268,1041,474,567,928,497,431,901,489,412,434,248,186,415,204,211,6,6,0,46,31,15,27,8,19,7,3,4,8,1,7,0,0,0,12,4,8,27,8,19,7,3,4,8,1,7,0,0,0,12,4,8,0,0,0,0,0,0,0,0,0,0,0,0,0,0,0,765,361,404
23,95,Shadhnagar,Rangareddy,26,Kondurg,575151,0000,VILLAGE,Somarampad,Rural,75,291,138,153,43,20,23,87,44,43,0,0,0,125,68,57,166,70,96,159,76,83,155,76,79,69,35,34,77,34,43,0,0,0,9,7,2,4,0,4,3,0,3,1,0,1,0,0,0,0,0,0,1,0,1,1,0,1,0,0,0,0,0,0,0,0,0,3,0,3,2,0,2,1,0,1,0,0,0,0,0,0,132,62,70
23,95,Shadhnagar,Rangareddy,26,Kondurg,575152,0000,VILLAGE,Parvathapur,Rural,272,1109,546,563,122,66,56,180,79,101,0,0,0,548,326,222,561,220,341,678,350,328,671,345,326,417,207,210,158,66,92,7,5,2,89,67,22,7,5,2,0,0,0,2,0,2,0,0,0,5,5,0,6,4,2,0,0,0,2,0,2,0,0,0,4,4,0,1,1,0,0,0,0,0,0,0,0,0,0,1,1,0,431,196,235
23,95,Shadhnagar,Rangareddy,26,Kondurg,575153,0000,VILLAGE,Tangellapalle,Rural,502,2232,1166,1066,285,162,123,515,270,245,20,9,11,1003,641,362,1229,525,704,1230,684,546,1197,675,522,638,371,267,357,138,219,1,1,0,201,165,36,33,9,24,5,1,4,23,6,17,0,0,0,5,2,3,30,8,22,5,1,4,21,5,16,0,0,0,4,2,2,3,1,2,0,0,0,2,1,1,0,0,0,1,0,1,1002,482,520
23,95,Shadhnagar,Rangareddy,26,Kondurg,575154,0000,VILLAGE,Viswanathpur,Rural,236,1082,535,547,152,66,86,217,106,111,0,0,0,465,289,176,617,246,371,595,307,288,579,301,278,384,220,164,148,46,102,6,4,2,41,31,10,16,6,10,5,0,5,6,3,3,4,3,1,1,0,1,16,6,10,5,0,5,6,3,3,4,3,1,1,0,1,0,0,0,0,0,0,0,0,0,0,0,0,0,0,0,487,228,259
23,95,Shadhnagar,Rangareddy,26,Kondurg,575156,0000,VILLAGE,Cherukupalle,Rural,387,1686,850,836,246,131,115,469,235,234,8,4,4,751,455,296,935,395,540,931,486,445,910,479,431,190,148,42,589,226,363,0,0,0,131,105,26,21,7,14,1,1,0,19,5,14,0,0,0,1,1,0,15,5,10,1,1,0,13,3,10,0,0,0,1,1,0,6,2,4,0,0,0,6,2,4,0,0,0,0,0,0,755,364,391
23,95,Shadhnagar,Rangareddy,26,Kondurg,575157,0000,VILLAGE,Kondurg(West),Rural,1034,4483,2289,2194,607,326,281,1549,781,768,7,6,1,2260,1302,958,2223,987,1236,2172,1291,881,1637,954,683,739,434,305,583,269,314,20,14,6,295,237,58,535,337,198,45,23,22,119,51,68,6,5,1,365,258,107,449,285,164,39,20,19,104,46,58,3,2,1,303,217,86,86,52,34,6,3,3,15,5,10,3,3,0,62,41,21,2311,998,1313
23,95,Shadhnagar,Rangareddy,27,Jilled Chowdergudem,575158,0000,VILLAGE,Thoompalle,Rural,183,718,376,342,70,39,31,429,236,193,0,0,0,348,215,133,370,161,209,451,241,210,449,241,208,208,120,88,215,101,114,2,1,1,24,19,5,2,0,2,0,0,0,0,0,0,1,0,1,1,0,1,2,0,2,0,0,0,0,0,0,1,0,1,1,0,1,0,0,0,0,0,0,0,0,0,0,0,0,0,0,0,267,135,132
23,95,Shadhnagar,Rangareddy,27,Jilled Chowdergudem,575159,0000,VILLAGE,Indranagar,Rural,224,954,472,482,131,76,55,83,43,40,0,0,0,549,313,236,405,159,246,464,273,191,374,252,122,86,55,31,125,63,62,19,14,5,144,120,24,90,21,69,3,0,3,54,4,50,13,7,6,20,10,10,89,20,69,3,0,3,54,4,50,12,6,6,20,10,10,1,1,0,0,0,0,0,0,0,1,1,0,0,0,0,490,199,291
23,95,Shadhnagar,Rangareddy,27,Jilled Chowdergudem,575160,0000,VILLAGE,Chowdargudem(Jilled),Rural,847,4010,2010,2000,474,247,227,321,159,162,4,1,3,2295,1333,962,1715,677,1038,1867,1169,698,1539,968,571,535,302,233,304,103,201,32,29,3,668,534,134,328,201,127,11,7,4,109,49,60,21,17,4,187,128,59,216,134,82,7,5,2,77,34,43,6,4,2,126,91,35,112,67,45,4,2,2,32,15,17,15,13,2,61,37,24,2143,841,1302
23,95,Shadhnagar,Rangareddy,27,Jilled Chowdergudem,575161,0000,VILLAGE,Padmaram,Rural,555,2560,1321,1239,330,184,146,766,408,358,24,10,14,1231,738,493,1329,583,746,1495,802,693,1478,792,686,507,346,161,891,389,502,0,0,0,80,57,23,17,10,7,1,1,0,3,1,2,1,0,1,12,8,4,11,5,6,1,1,0,3,1,2,0,0,0,7,3,4,6,5,1,0,0,0,0,0,0,1,0,1,5,5,0,1065,519,546
23,95,Shadhnagar,Rangareddy,27,Jilled Chowdergudem,575162,0000,VILLAGE,Chennareddiguda,Rural,52,242,122,120,31,16,15,70,39,31,0,0,0,117,73,44,125,49,76,138,65,73,136,64,72,75,38,37,60,25,35,0,0,0,1,1,0,2,1,1,0,0,0,2,1,1,0,0,0,0,0,0,2,1,1,0,0,0,2,1,1,0,0,0,0,0,0,0,0,0,0,0,0,0,0,0,0,0,0,0,0,0,104,57,47
23,95,Shadhnagar,Rangareddy,27,Jilled Chowdergudem,575163,0000,VILLAGE,Veerannapet,Rural,500,2213,1118,1095,325,150,175,105,57,48,14,9,5,949,586,363,1264,532,732,1162,640,522,1071,613,458,467,273,194,369,138,231,3,3,0,232,199,33,91,27,64,9,1,8,67,15,52,1,1,0,14,10,4,75,22,53,9,1,8,53,11,42,1,1,0,12,9,3,16,5,11,0,0,0,14,4,10,0,0,0,2,1,1,1051,478,573
23,95,Shadhnagar,Rangareddy,27,Jilled Chowdergudem,575164,0000,VILLAGE,Gurrampalle,Rural,310,1383,681,702,161,69,92,400,203,197,7,3,4,488,294,194,895,387,508,827,433,394,219,171,48,143,110,33,57,47,10,0,0,0,19,14,5,608,262,346,223,105,118,372,147,225,0,0,0,13,10,3,608,262,346,223,105,118,372,147,225,0,0,0,13,10,3,0,0,0,0,0,0,0,0,0,0,0,0,0,0,0,556,248,308
23,95,Shadhnagar,Rangareddy,27,Jilled Chowdergudem,575165,0000,VILLAGE,Raviryal,Rural,418,1913,954,959,265,140,125,515,253,262,0,0,0,779,443,336,1134,511,623,1154,582,572,1071,544,527,322,183,139,536,251,285,43,16,27,170,94,76,83,38,45,2,0,2,61,27,34,4,0,4,16,11,5,77,36,41,2,0,2,57,25,32,4,0,4,14,11,3,6,2,4,0,0,0,4,2,2,0,0,0,2,0,2,759,372,387
23,95,Shadhnagar,Rangareddy,27,Jilled Chowdergudem,575166,0000,VILLAGE,Chegireddy Ghanpur,Rural,374,1983,1043,940,274,148,126,241,111,130,811,446,365,751,484,267,1232,559,673,834,524,310,630,424,206,375,298,77,187,88,99,5,2,3,63,36,27,204,100,104,0,0,0,176,82,94,12,8,4,16,10,6,96,80,16,0,0,0,73,63,10,12,8,4,11,9,2,108,20,88,0,0,0,103,19,84,0,0,0,5,1,4,1149,519,630
23,95,Shadhnagar,Rangareddy,27,Jilled Chowdergudem,575167,0000,VILLAGE,Pedda Yelkicherla,Rural,985,4674,2283,2391,669,329,340,997,489,508,650,320,330,1968,1144,824,2706,1139,1567,2410,1214,1196,2315,1172,1143,1009,771,238,1056,217,839,0,0,0,250,184,66,95,42,53,15,11,4,64,23,41,4,4,0,12,4,8,74,29,45,13,10,3,46,11,35,4,4,0,11,4,7,21,13,8,2,1,1,18,12,6,0,0,0,1,0,1,2264,1069,1195
23,95,Shadhnagar,Rangareddy,27,Jilled Chowdergudem,575169,0000,VILLAGE,Malkapahad,Rural,151,693,352,341,123,61,62,24,12,12,642,328,314,29,16,13,664,336,328,276,217,59,275,217,58,16,14,2,258,202,56,0,0,0,1,1,0,1,0,1,0,0,0,1,0,1,0,0,0,0,0,0,1,0,1,0,0,0,1,0,1,0,0,0,0,0,0,0,0,0,0,0,0,0,0,0,0,0,0,0,0,0,417,135,282
23,95,Shadhnagar,Rangareddy,27,Jilled Chowdergudem,575170,0000,VILLAGE,Gunjalapahad,Rural,193,916,470,446,127,57,70,349,177,172,0,0,0,388,243,145,528,227,301,502,272,230,501,272,229,173,125,48,252,89,163,2,2,0,74,56,18,1,0,1,0,0,0,0,0,0,0,0,0,1,0,1,0,0,0,0,0,0,0,0,0,0,0,0,0,0,0,1,0,1,0,0,0,0,0,0,0,0,0,1,0,1,414,198,216
23,95,Shadhnagar,Rangareddy,27,Jilled Chowdergudem,575171,0000,VILLAGE,Chalivendrampalle,Rural,93,465,225,240,54,24,30,185,94,91,0,0,0,207,122,85,258,103,155,274,139,135,274,139,135,252,130,122,7,0,7,4,2,2,11,7,4,0,0,0,0,0,0,0,0,0,0,0,0,0,0,0,0,0,0,0,0,0,0,0,0,0,0,0,0,0,0,0,0,0,0,0,0,0,0,0,0,0,0,0,0,0,191,86,105
23,95,Shadhnagar,Rangareddy,27,Jilled Chowdergudem,575172,0000,VILLAGE,Jakaram,Rural,224,1057,536,521,123,60,63,236,118,118,0,0,0,508,331,177,549,205,344,564,320,244,558,318,240,196,140,56,311,137,174,2,2,0,49,39,10,6,2,4,0,0,0,6,2,4,0,0,0,0,0,0,6,2,4,0,0,0,6,2,4,0,0,0,0,0,0,0,0,0,0,0,0,0,0,0,0,0,0,0,0,0,493,216,277
23,95,Shadhnagar,Rangareddy,27,Jilled Chowdergudem,575173,0000,VILLAGE,Edira,Rural,1094,4838,2445,2393,735,390,345,593,300,293,742,387,355,1844,1119,725,2994,1326,1668,2405,1385,1020,2370,1375,995,1529,993,536,576,183,393,7,6,1,258,193,65,35,10,25,12,6,6,17,2,15,0,0,0,6,2,4,28,6,22,7,2,5,15,2,13,0,0,0,6,2,4,7,4,3,5,4,1,2,0,2,0,0,0,0,0,0,2433,1060,1373
23,95,Shadhnagar,Rangareddy,26,Kondurg,575174,0000,VILLAGE,Venkiryal,Rural,257,1214,623,591,166,93,73,313,161,152,125,65,60,493,301,192,721,322,399,632,315,317,630,313,317,442,227,215,157,69,88,2,2,0,29,15,14,2,2,0,1,1,0,1,1,0,0,0,0,0,0,0,2,2,0,1,1,0,1,1,0,0,0,0,0,0,0,0,0,0,0,0,0,0,0,0,0,0,0,0,0,0,582,308,274
23,95,Shadhnagar,Rangareddy,26,Kondurg,575175,0000,VILLAGE,Agiryal,Rural,491,2192,1092,1100,285,145,140,578,291,287,89,44,45,936,560,376,1256,532,724,1204,609,595,1124,571,553,410,216,194,569,254,315,39,23,16,106,78,28,80,38,42,1,0,1,37,17,20,18,10,8,24,11,13,61,28,33,1,0,1,31,13,18,16,9,7,13,6,7,19,10,9,0,0,0,6,4,2,2,1,1,11,5,6,988,483,505
23,95,Shadhnagar,Rangareddy,25,Farooqnagar,575176,0000,VILLAGE,Rangasamudram,Rural,172,776,393,383,79,42,37,80,44,36,0,0,0,394,239,155,382,154,228,522,266,256,489,252,237,243,125,118,229,117,112,2,1,1,15,9,6,33,14,19,5,1,4,0,0,0,0,0,0,28,13,15,32,14,18,4,1,3,0,0,0,0,0,0,28,13,15,1,0,1,1,0,1,0,0,0,0,0,0,0,0,0,254,127,127
23,95,Shadhnagar,Rangareddy,25,Farooqnagar,575177,0000,VILLAGE,Mogalagidda,Rural,1044,4778,2379,2399,578,274,304,630,307,323,15,9,6,2705,1575,1130,2073,804,1269,2191,1322,869,1387,944,443,325,211,114,475,236,239,23,17,6,564,480,84,804,378,426,9,6,3,716,315,401,14,9,5,65,48,17,760,347,413,8,5,3,702,306,396,8,3,5,42,33,9,44,31,13,1,1,0,14,9,5,6,6,0,23,15,8,2587,1057,1530
23,95,Shadhnagar,Rangareddy,25,Farooqnagar,575178,0000,VILLAGE,Elkata,Rural,665,2806,1365,1441,407,199,208,437,206,231,21,14,7,1370,788,582,1436,577,859,1484,789,695,942,580,362,233,165,68,354,135,219,22,18,4,333,262,71,542,209,333,16,8,8,373,149,224,21,5,16,132,47,85,502,199,303,15,8,7,367,148,219,19,5,14,101,38,63,40,10,30,1,0,1,6,1,5,2,0,2,31,9,22,1322,576,746
23,95,Shadhnagar,Rangareddy,25,Farooqnagar,575179,0000,VILLAGE,Nagulapalle,Rural,536,2088,1057,1031,266,125,141,676,327,349,6,3,3,1099,678,421,989,379,610,1059,598,461,905,544,361,334,231,103,369,146,223,11,10,1,191,157,34,154,54,100,3,1,2,122,32,90,0,0,0,29,21,8,135,49,86,3,1,2,109,30,79,0,0,0,23,18,5,19,5,14,0,0,0,13,2,11,0,0,0,6,3,3,1029,459,570
23,95,Shadhnagar,Rangareddy,25,Farooqnagar,575180,0000,VILLAGE,Allisabguda,Rural,168,619,319,300,65,42,23,246,118,128,0,0,0,395,229,166,224,90,134,283,164,119,275,158,117,73,52,21,115,38,77,5,3,2,82,65,17,8,6,2,0,0,0,2,0,2,0,0,0,6,6,0,8,6,2,0,0,0,2,0,2,0,0,0,6,6,0,0,0,0,0,0,0,0,0,0,0,0,0,0,0,0,336,155,181
23,95,Shadhnagar,Rangareddy,25,Farooqnagar,575181,0000,VILLAGE,Chattanpalle,Rural,1665,6978,3486,3492,927,448,479,1110,544,566,536,282,254,4229,2416,1813,2749,1070,1679,3059,1975,1084,2786,1807,979,526,345,181,739,303,436,120,85,35,1401,1074,327,273,168,105,18,4,14,42,10,32,2,1,1,211,153,58,266,165,101,18,4,14,42,10,32,2,1,1,204,150,54,7,3,4,0,0,0,0,0,0,0,0,0,7,3,4,3919,1511,2408
23,95,Shadhnagar,Rangareddy,25,Farooqnagar,575182,0000,VILLAGE,Dooskal,Rural,590,2181,1094,1087,261,125,136,635,319,316,98,48,50,1137,672,465,1044,422,622,1181,629,552,790,420,370,201,135,66,353,132,221,91,34,57,145,119,26,391,209,182,3,2,1,357,180,177,1,0,1,30,27,3,246,129,117,3,2,1,219,105,114,0,0,0,24,22,2,145,80,65,0,0,0,138,75,63,1,0,1,6,5,1,1000,465,535
23,95,Shadhnagar,Rangareddy,25,Farooqnagar,575183,0000,VILLAGE,Kondannaguda,Rural,293,1127,580,547,142,71,71,187,97,90,28,11,17,524,330,194,603,250,353,575,314,261,271,209,62,96,88,8,171,117,54,1,1,0,3,3,0,304,105,199,7,4,3,287,94,193,0,0,0,10,7,3,302,105,197,6,4,2,286,94,192,0,0,0,10,7,3,2,0,2,1,0,1,1,0,1,0,0,0,0,0,0,552,266,286
23,95,Shadhnagar,Rangareddy,25,Farooqnagar,575184,0000,VILLAGE,Veljerla(),Rural,111,442,242,200,59,39,20,0,0,0,398,221,177,194,135,59,248,107,141,227,114,113,192,89,103,77,46,31,79,15,64,1,0,1,35,28,7,35,25,10,0,0,0,13,3,10,0,0,0,22,22,0,35,25,10,0,0,0,13,3,10,0,0,0,22,22,0,0,0,0,0,0,0,0,0,0,0,0,0,0,0,0,215,128,87
23,95,Shadhnagar,Rangareddy,25,Farooqnagar,575185,0000,VILLAGE,Suryaraoguda,Rural,12,52,22,30,11,2,9,0,0,0,52,22,30,14,10,4,38,12,26,27,12,15,27,12,15,23,12,11,4,0,4,0,0,0,0,0,0,0,0,0,0,0,0,0,0,0,0,0,0,0,0,0,0,0,0,0,0,0,0,0,0,0,0,0,0,0,0,0,0,0,0,0,0,0,0,0,0,0,0,0,0,0,25,10,15
23,95,Shadhnagar,Rangareddy,25,Farooqnagar,575186,0000,VILLAGE,Kangaguda,Rural,147,653,328,325,126,67,59,1,1,0,628,316,312,219,131,88,434,197,237,376,171,205,293,134,159,281,129,152,5,3,2,0,0,0,7,2,5,83,37,46,39,18,21,7,4,3,0,0,0,37,15,22,82,36,46,39,18,21,6,3,3,0,0,0,37,15,22,1,1,0,0,0,0,1,1,0,0,0,0,0,0,0,277,157,120
23,95,Shadhnagar,Rangareddy,25,Farooqnagar,575187,0000,VILLAGE,Veljerla(II),Rural,613,2535,1328,1207,329,166,163,228,119,109,796,430,366,1206,774,432,1329,554,775,1351,776,575,1146,665,481,321,199,122,666,332,334,2,2,0,157,132,25,205,111,94,5,4,1,119,45,74,3,2,1,78,60,18,98,64,34,4,4,0,39,19,20,2,2,0,53,39,14,107,47,60,1,0,1,80,26,54,1,0,1,25,21,4,1184,552,632
23,95,Shadhnagar,Rangareddy,25,Farooqnagar,575188,0000,VILLAGE,Veljerla (I),Rural,256,998,556,442,120,78,42,325,188,137,379,210,169,444,278,166,554,278,276,533,300,233,520,293,227,59,41,18,366,174,192,1,0,1,94,78,16,13,7,6,3,2,1,6,2,4,0,0,0,4,3,1,12,6,6,3,2,1,5,1,4,0,0,0,4,3,1,1,1,0,0,0,0,1,1,0,0,0,0,0,0,0,465,256,209
23,95,Shadhnagar,Rangareddy,25,Farooqnagar,575189,0000,VILLAGE,Buchiguda,Rural,173,721,349,372,79,37,42,112,54,58,0,0,0,402,228,174,319,121,198,436,216,220,232,158,74,186,131,55,15,5,10,2,2,0,29,20,9,204,58,146,3,1,2,160,51,109,0,0,0,41,6,35,201,57,144,3,1,2,157,50,107,0,0,0,41,6,35,3,1,2,0,0,0,3,1,2,0,0,0,0,0,0,285,133,152
23,95,Shadhnagar,Rangareddy,25,Farooqnagar,575190,0000,VILLAGE,Solipur,Rural,419,1778,899,879,196,105,91,325,148,177,129,67,62,1076,619,457,702,280,422,764,505,259,476,335,141,115,92,23,147,64,83,48,43,5,166,136,30,288,170,118,40,32,8,120,50,70,14,10,4,114,78,36,254,154,100,36,32,4,112,49,63,11,8,3,95,65,30,34,16,18,4,0,4,8,1,7,3,2,1,19,13,6,1014,394,620
23,95,Shadhnagar,Rangareddy,25,Farooqnagar,575191,0000,VILLAGE,Hajipalli,Rural,188,795,390,405,94,46,48,215,96,119,0,0,0,451,275,176,344,115,229,460,238,222,391,205,186,71,38,33,264,124,140,8,3,5,48,40,8,69,33,36,6,4,2,43,15,28,4,1,3,16,13,3,68,32,36,6,4,2,42,14,28,4,1,3,16,13,3,1,1,0,0,0,0,1,1,0,0,0,0,0,0,0,335,152,183
23,95,Shadhnagar,Rangareddy,25,Farooqnagar,575193,0000,VILLAGE,Krishnanagar,Rural,893,3784,1884,1900,499,253,246,814,403,411,912,456,456,1881,1124,757,1903,760,1143,2142,1180,962,1804,1027,777,561,347,214,608,242,366,249,123,126,386,315,71,338,153,185,12,4,8,153,33,120,12,6,6,161,110,51,251,119,132,9,2,7,96,18,78,10,5,5,136,94,42,87,34,53,3,2,1,57,15,42,2,1,1,25,16,9,1642,704,938
23,95,Shadhnagar,Rangareddy,25,Farooqnagar,575194,0000,VILLAGE,Chowlapalle(West),Rural,661,2950,1517,1433,364,183,181,366,180,186,706,361,345,1662,962,700,1288,555,733,1398,818,580,736,582,154,246,218,28,370,266,104,22,15,7,98,83,15,662,236,426,16,13,3,603,198,405,11,4,7,32,21,11,652,232,420,13,12,1,599,196,403,10,4,6,30,20,10,10,4,6,3,1,2,4,2,2,1,0,1,2,1,1,1552,699,853
23,95,Shadhnagar,Rangareddy,25,Farooqnagar,575195,0000,VILLAGE,Kandivanam,Rural,293,1317,684,633,191,101,90,195,95,100,267,134,133,637,396,241,680,288,392,732,379,353,364,219,145,81,77,4,233,107,126,2,1,1,48,34,14,368,160,208,2,2,0,328,129,199,4,2,2,34,27,7,366,159,207,2,2,0,328,129,199,2,1,1,34,27,7,2,1,1,0,0,0,0,0,0,2,1,1,0,0,0,585,305,280
23,95,Shadhnagar,Rangareddy,25,Farooqnagar,575196,0000,VILLAGE,Chinchod,Rural,1322,5445,2787,2658,717,395,322,858,433,425,924,477,447,2357,1427,930,3088,1360,1728,3003,1635,1368,2563,1454,1109,872,592,280,1197,481,716,91,59,32,403,322,81,440,181,259,10,4,6,374,150,224,6,3,3,50,24,26,378,159,219,10,4,6,321,132,189,4,1,3,43,22,21,62,22,40,0,0,0,53,18,35,2,2,0,7,2,5,2442,1152,1290
23,95,Shadhnagar,Rangareddy,25,Farooqnagar,575197,0000,VILLAGE,Bhemaram,Rural,285,1365,696,669,167,98,69,206,104,102,519,260,259,608,369,239,757,327,430,741,393,348,707,382,325,229,154,75,373,154,219,1,1,0,104,73,31,34,11,23,3,1,2,14,3,11,0,0,0,17,7,10,27,9,18,3,1,2,13,3,10,0,0,0,11,5,6,7,2,5,0,0,0,1,0,1,0,0,0,6,2,4,624,303,321
23,95,Shadhnagar,Rangareddy,25,Farooqnagar,575198,0000,VILLAGE,Kamsanpalle,Rural,608,2705,1405,1300,389,206,183,406,223,183,642,341,301,996,639,357,1709,766,943,1592,847,745,1521,814,707,615,501,114,792,226,566,30,14,16,84,73,11,71,33,38,4,1,3,35,11,24,2,1,1,30,20,10,69,33,36,2,1,1,35,11,24,2,1,1,30,20,10,2,0,2,2,0,2,0,0,0,0,0,0,0,0,0,1113,558,555
23,95,Shadhnagar,Rangareddy,25,Farooqnagar,575199,0000,VILLAGE,Vittyal,Rural,452,1970,981,989,241,134,107,335,163,172,472,244,228,799,478,321,1171,503,668,1090,535,555,1067,528,539,468,246,222,501,216,285,7,3,4,91,63,28,23,7,16,5,1,4,8,2,6,1,0,1,9,4,5,17,4,13,5,1,4,6,0,6,0,0,0,6,3,3,6,3,3,0,0,0,2,2,0,1,0,1,3,1,2,880,446,434
23,95,Shadhnagar,Rangareddy,25,Farooqnagar,575200,0000,VILLAGE,Jagammaguda,Rural,141,578,293,285,90,46,44,10,5,5,149,71,78,240,137,103,338,156,182,316,172,144,315,172,143,57,48,9,88,14,74,0,0,0,170,110,60,1,0,1,1,0,1,0,0,0,0,0,0,0,0,0,1,0,1,1,0,1,0,0,0,0,0,0,0,0,0,0,0,0,0,0,0,0,0,0,0,0,0,0,0,0,262,121,141
23,95,Shadhnagar,Rangareddy,25,Farooqnagar,575201,0000,VILLAGE,Annaram,Rural,384,1616,827,789,197,96,101,391,188,203,295,154,141,856,508,348,760,319,441,796,474,322,536,361,175,145,104,41,185,76,109,7,5,2,199,176,23,260,113,147,21,12,9,220,87,133,1,0,1,18,14,4,257,111,146,21,12,9,218,86,132,1,0,1,17,13,4,3,2,1,0,0,0,2,1,1,0,0,0,1,1,0,820,353,467
23,95,Shadhnagar,Rangareddy,25,Farooqnagar,575202,0000,VILLAGE,Chilkamarri (Chelka),Rural,425,1680,847,833,218,107,111,231,108,123,13,7,6,830,516,314,850,331,519,1011,548,463,906,487,419,348,189,159,455,231,224,30,17,13,73,50,23,105,61,44,25,16,9,36,17,19,8,5,3,36,23,13,101,57,44,24,15,9,35,16,19,8,5,3,34,21,13,4,4,0,1,1,0,1,1,0,0,0,0,2,2,0,669,299,370
23,95,Shadhnagar,Rangareddy,25,Farooqnagar,575203,0000,VILLAGE,Kammadanam,Rural,442,1782,903,879,189,96,93,616,319,297,4,2,2,924,557,367,858,346,512,957,525,432,547,332,215,220,127,93,139,79,60,3,0,3,185,126,59,410,193,217,37,27,10,311,119,192,1,1,0,61,46,15,382,183,199,37,27,10,290,113,177,1,1,0,54,42,12,28,10,18,0,0,0,21,6,15,0,0,0,7,4,3,825,378,447
23,95,Shadhnagar,Rangareddy,25,Farooqnagar,575204,0000,VILLAGE,Gantlavelli,Rural,384,1712,888,824,219,120,99,332,163,169,886,468,418,730,459,271,982,429,553,979,496,483,658,367,291,95,73,22,422,188,234,12,7,5,129,99,30,321,129,192,14,10,4,136,45,91,20,11,9,151,63,88,277,118,159,13,9,4,120,44,76,15,11,4,129,54,75,44,11,33,1,1,0,16,1,15,5,0,5,22,9,13,733,392,341
23,95,Shadhnagar,Rangareddy,25,Farooqnagar,575206,0000,VILLAGE,Raikal,Rural,478,2170,1139,1031,252,140,112,504,267,237,357,193,164,1157,730,427,1013,409,604,1123,654,469,945,551,394,418,262,156,314,140,174,28,25,3,185,124,61,178,103,75,11,7,4,95,45,50,4,3,1,68,48,20,170,99,71,11,7,4,90,43,47,4,3,1,65,46,19,8,4,4,0,0,0,5,2,3,0,0,0,3,2,1,1047,485,562
23,95,Shadhnagar,Rangareddy,25,Farooqnagar,575207,0000,VILLAGE,Thimmajipalle,Rural,34,161,89,72,27,18,9,0,0,0,160,88,72,47,30,17,114,59,55,83,47,36,83,47,36,1,0,1,68,33,35,0,0,0,14,14,0,0,0,0,0,0,0,0,0,0,0,0,0,0,0,0,0,0,0,0,0,0,0,0,0,0,0,0,0,0,0,0,0,0,0,0,0,0,0,0,0,0,0,0,0,0,78,42,36
23,95,Shadhnagar,Rangareddy,25,Farooqnagar,575208,0000,VILLAGE,Burgul,Rural,1452,5993,3078,2915,702,354,348,1418,718,700,858,448,410,3158,1894,1264,2835,1184,1651,3015,1738,1277,2594,1578,1016,693,471,222,1002,448,554,60,35,25,839,624,215,421,160,261,57,16,41,290,103,187,19,6,13,55,35,20,412,157,255,55,16,39,286,102,184,19,6,13,52,33,19,9,3,6,2,0,2,4,1,3,0,0,0,3,2,1,2978,1340,1638
23,95,Shadhnagar,Rangareddy,25,Farooqnagar,575209,0000,VILLAGE,Seriguda-Madhurapur,Rural,111,444,219,225,44,23,21,1,1,0,0,0,0,241,146,95,203,73,130,242,122,120,20,11,9,17,10,7,2,1,1,1,0,1,0,0,0,222,111,111,7,4,3,201,97,104,0,0,0,14,10,4,35,17,18,2,1,1,31,15,16,0,0,0,2,1,1,187,94,93,5,3,2,170,82,88,0,0,0,12,9,3,202,97,105
23,95,Shadhnagar,Rangareddy,25,Farooqnagar,575210,0000,VILLAGE,Madhurapur,Rural,469,1959,1009,950,232,117,115,234,122,112,276,137,139,974,592,382,985,417,568,1043,587,456,500,399,101,283,235,48,99,64,35,12,10,2,106,90,16,543,188,355,38,16,22,422,126,296,12,3,9,71,43,28,517,176,341,38,16,22,399,116,283,12,3,9,68,41,27,26,12,14,0,0,0,23,10,13,0,0,0,3,2,1,916,422,494
23,95,Shadhnagar,Rangareddy,24,Nandigam,575212,0000,VILLAGE,Edulapalle,Rural,320,1467,761,706,195,102,93,458,230,228,9,3,6,699,436,263,768,325,443,793,435,358,603,418,185,232,191,41,217,94,123,0,0,0,154,133,21,190,17,173,6,3,3,180,12,168,0,0,0,4,2,2,184,14,170,5,2,3,177,11,166,0,0,0,2,1,1,6,3,3,1,1,0,3,1,2,0,0,0,2,1,1,674,326,348
23,95,Shadhnagar,Rangareddy,24,Nandigam,575213,0000,VILLAGE,Mamidipalle,Rural,870,3687,1854,1833,413,208,205,753,376,377,13,7,6,1937,1138,799,1750,716,1034,2031,1098,933,1276,742,534,744,409,335,257,107,150,5,4,1,270,222,48,755,356,399,39,17,22,626,274,352,0,0,0,90,65,25,746,349,397,38,16,22,623,273,350,0,0,0,85,60,25,9,7,2,1,1,0,3,1,2,0,0,0,5,5,0,1656,756,900
23,95,Shadhnagar,Rangareddy,24,Nandigam,575214,0000,VILLAGE,Chegur,Rural,1857,7832,4090,3742,1034,554,480,1247,631,616,132,70,62,3816,2344,1472,4016,1746,2270,4009,2210,1799,3494,2013,1481,1450,883,567,1273,508,765,93,60,33,678,562,116,515,197,318,55,20,35,313,92,221,15,7,8,132,78,54,491,187,304,53,19,34,303,90,213,12,5,7,123,73,50,24,10,14,2,1,1,10,2,8,3,2,1,9,5,4,3823,1880,1943
23,95,Shadhnagar,Rangareddy,23,Kothur,575215,0000,VILLAGE,Mallapur,Rural,375,1614,808,806,177,85,92,367,181,186,313,150,163,955,546,409,659,262,397,749,461,288,700,437,263,235,181,54,309,134,175,2,1,1,154,121,33,49,24,25,3,1,2,29,11,18,1,1,0,16,11,5,48,24,24,3,1,2,28,11,17,1,1,0,16,11,5,1,0,1,0,0,0,1,0,1,0,0,0,0,0,0,865,347,518
23,95,Shadhnagar,Rangareddy,23,Kothur,575216,0000,VILLAGE,Gudur,Rural,608,2765,1436,1329,351,188,163,516,274,242,487,257,230,1431,874,557,1334,562,772,1548,827,721,1435,771,664,996,525,471,304,144,160,21,13,8,114,89,25,113,56,57,7,3,4,67,21,46,2,1,1,37,31,6,113,56,57,7,3,4,67,21,46,2,1,1,37,31,6,0,0,0,0,0,0,0,0,0,0,0,0,0,0,0,1217,609,608
23,95,Shadhnagar,Rangareddy,23,Kothur,575217,0000,VILLAGE,Thimmapur,Rural,826,3445,1789,1656,482,251,231,560,288,272,46,22,24,2220,1291,929,1225,498,727,1234,988,246,1212,984,228,71,61,10,61,27,34,15,8,7,1065,888,177,22,4,18,1,0,1,2,0,2,0,0,0,19,4,15,21,4,17,1,0,1,2,0,2,0,0,0,18,4,14,1,0,1,0,0,0,0,0,0,0,0,0,1,0,1,2211,801,1410
23,95,Shadhnagar,Rangareddy,23,Kothur,575218,0000,VILLAGE,Theegapur,Rural,352,1485,761,724,206,116,90,432,223,209,11,4,7,799,449,350,686,312,374,763,419,344,755,416,339,143,78,65,314,111,203,1,1,0,297,226,71,8,3,5,1,1,0,0,0,0,0,0,0,7,2,5,8,3,5,1,1,0,0,0,0,0,0,0,7,2,5,0,0,0,0,0,0,0,0,0,0,0,0,0,0,0,722,342,380
23,95,Shadhnagar,Rangareddy,24,Nandigam,575219,0000,VILLAGE,Veerlapalle,Rural,694,2959,1518,1441,367,189,178,409,204,205,3,2,1,1508,912,596,1451,606,845,1451,828,623,1321,782,539,502,321,181,403,148,255,31,20,11,385,293,92,130,46,84,3,1,2,81,17,64,7,3,4,39,25,14,119,40,79,3,1,2,77,15,62,7,3,4,32,21,11,11,6,5,0,0,0,4,2,2,0,0,0,7,4,3,1508,690,818
23,95,Shadhnagar,Rangareddy,24,Nandigam,575220,0000,VILLAGE,Nandigam,Rural,3474,14996,7840,7156,2043,1059,984,2217,1110,1107,1479,756,723,8197,4906,3291,6799,2934,3865,6735,4531,2204,6326,4368,1958,1555,1071,484,1362,582,780,201,151,50,3208,2564,644,409,163,246,47,20,27,207,64,143,20,9,11,135,70,65,387,157,230,46,19,27,197,63,134,18,8,10,126,67,59,22,6,16,1,1,0,10,1,9,2,1,1,9,3,6,8261,3309,4952
23,95,Shadhnagar,Rangareddy,23,Kothur,575221,0000,VILLAGE,Penjerla,Rural,591,2526,1271,1255,305,159,146,599,294,305,6,3,3,1298,764,534,1228,507,721,1330,760,570,1282,734,548,278,180,98,712,327,385,10,10,0,282,217,65,48,26,22,2,1,1,30,15,15,0,0,0,16,10,6,47,26,21,2,1,1,29,15,14,0,0,0,16,10,6,1,0,1,0,0,0,1,0,1,0,0,0,0,0,0,1196,511,685
23,95,Shadhnagar,Rangareddy,23,Kothur,575222,0000,VILLAGE,Inmulnarva,Rural,1144,5151,2649,2502,798,433,365,829,425,404,1092,566,526,2517,1500,1017,2634,1149,1485,2228,1414,814,1861,1203,658,372,246,126,426,157,269,55,31,24,1008,769,239,367,211,156,10,3,7,57,12,45,84,52,32,216,144,72,312,187,125,8,3,5,41,7,34,76,50,26,187,127,60,55,24,31,2,0,2,16,5,11,8,2,6,29,17,12,2923,1235,1688
23,95,Shadhnagar,Rangareddy,23,Kothur,575223,0000,VILLAGE,Khajiguda,Rural,184,806,416,390,123,60,63,31,13,18,409,220,189,324,214,110,482,202,280,407,230,177,402,228,174,184,112,72,111,32,79,3,2,1,104,82,22,5,2,3,1,1,0,2,0,2,0,0,0,2,1,1,4,2,2,1,1,0,1,0,1,0,0,0,2,1,1,1,0,1,0,0,0,1,0,1,0,0,0,0,0,0,399,186,213
23,95,Shadhnagar,Rangareddy,23,Kothur,575224,0000,VILLAGE,Kodicherla,Rural,339,1419,747,672,200,118,82,207,107,100,611,336,275,562,367,195,857,380,477,757,387,370,421,229,192,128,73,55,177,69,108,1,1,0,115,86,29,336,158,178,3,1,2,325,151,174,0,0,0,8,6,2,334,157,177,3,1,2,323,150,173,0,0,0,8,6,2,2,1,1,0,0,0,2,1,1,0,0,0,0,0,0,662,360,302
23,95,Shadhnagar,Rangareddy,23,Kothur,575225,0000,VILLAGE,Seriguda (Bhadrai Palle),Rural,389,1566,836,730,195,111,84,117,64,53,1,0,1,796,490,306,770,346,424,898,473,425,894,472,422,541,284,257,305,151,154,7,6,1,41,31,10,4,1,3,2,1,1,0,0,0,1,0,1,1,0,1,4,1,3,2,1,1,0,0,0,1,0,1,1,0,1,0,0,0,0,0,0,0,0,0,0,0,0,0,0,0,668,363,305
23,95,Shadhnagar,Rangareddy,23,Kothur,575226,0000,VILLAGE,Siddapur,Rural,682,3004,1582,1422,470,265,205,453,232,221,1120,587,533,1168,727,441,1836,855,981,1648,888,760,1394,797,597,718,503,215,542,207,335,20,14,6,114,73,41,254,91,163,39,10,29,117,16,101,7,4,3,91,61,30,251,90,161,39,10,29,115,16,99,6,3,3,91,61,30,3,1,2,0,0,0,2,0,2,1,1,0,0,0,0,1356,694,662
23,95,Shadhnagar,Rangareddy,15,Keshampeta,575228,0000,VILLAGE,Papireddiguda,Rural,603,2506,1291,1215,322,177,145,372,206,166,435,217,218,1271,794,477,1235,497,738,1327,725,602,964,560,404,354,240,114,418,158,260,9,4,5,183,158,25,363,165,198,3,2,1,338,149,189,2,1,1,20,13,7,359,163,196,3,2,1,338,149,189,1,1,0,17,11,6,4,2,2,0,0,0,0,0,0,1,0,1,3,2,1,1179,566,613
23,95,Shadhnagar,Rangareddy,15,Keshampeta,575229,0000,VILLAGE,Sangam,Rural,691,2745,1434,1311,413,221,192,662,339,323,451,241,210,1284,804,480,1461,630,831,1501,839,662,1365,822,543,518,316,202,509,232,277,7,5,2,331,269,62,136,17,119,2,0,2,122,5,117,4,4,0,8,8,0,130,13,117,2,0,2,119,4,115,2,2,0,7,7,0,6,4,2,0,0,0,3,1,2,2,2,0,1,1,0,1244,595,649
23,95,Shadhnagar,Rangareddy,15,Keshampeta,575230,0000,VILLAGE,Eklaskhanpeta,Rural,471,2008,1030,978,310,164,146,293,152,141,278,150,128,881,520,361,1127,510,617,1030,555,475,786,424,362,202,107,95,400,189,211,12,9,3,172,119,53,244,131,113,65,44,21,98,39,59,12,8,4,69,40,29,192,105,87,65,44,21,80,33,47,12,8,4,35,20,15,52,26,26,0,0,0,18,6,12,0,0,0,34,20,14,978,475,503
23,95,Shadhnagar,Rangareddy,15,Keshampeta,575231,0000,VILLAGE,Bhairkhanpalle,Rural,248,1066,541,525,166,77,89,232,118,114,183,93,90,463,295,168,603,246,357,499,291,208,417,279,138,223,147,76,140,86,54,27,22,5,27,24,3,82,12,70,5,2,3,67,6,61,5,2,3,5,2,3,82,12,70,5,2,3,67,6,61,5,2,3,5,2,3,0,0,0,0,0,0,0,0,0,0,0,0,0,0,0,567,250,317
23,95,Shadhnagar,Rangareddy,15,Keshampeta,575232,0000,VILLAGE,Santhapur,Rural,503,2177,1141,1036,240,127,113,713,356,357,112,62,50,1098,680,418,1079,461,618,1038,621,417,1027,616,411,338,223,115,595,313,282,2,1,1,92,79,13,11,5,6,7,2,5,3,2,1,0,0,0,1,1,0,11,5,6,7,2,5,3,2,1,0,0,0,1,1,0,0,0,0,0,0,0,0,0,0,0,0,0,0,0,0,1139,520,619
23,95,Shadhnagar,Rangareddy,15,Keshampeta,575233,0000,VILLAGE,Kothapeta,Rural,731,3322,1708,1614,373,195,178,656,335,321,18,9,9,1765,1074,691,1557,634,923,1524,947,577,1411,931,480,431,338,93,579,256,323,8,6,2,393,331,62,113,16,97,78,1,77,19,3,16,3,2,1,13,10,3,101,11,90,78,1,77,13,2,11,1,0,1,9,8,1,12,5,7,0,0,0,6,1,5,2,2,0,4,2,2,1798,761,1037
23,95,Shadhnagar,Rangareddy,15,Keshampeta,575234,0000,VILLAGE,Alwal,Rural,624,2595,1336,1259,303,158,145,627,319,308,48,29,19,1394,845,549,1201,491,710,1535,814,721,1233,669,564,452,290,162,637,281,356,5,4,1,139,94,45,302,145,157,44,23,21,176,76,100,7,1,6,75,45,30,292,140,152,42,23,19,170,72,98,7,1,6,73,44,29,10,5,5,2,0,2,6,4,2,0,0,0,2,1,1,1060,522,538
23,95,Shadhnagar,Rangareddy,15,Keshampeta,575235,0000,VILLAGE,Vemulanarva,Rural,642,2755,1414,1341,375,196,179,505,259,246,423,234,189,1368,851,517,1387,563,824,1587,825,762,1536,805,731,621,381,240,644,227,417,51,18,33,220,179,41,51,20,31,3,1,2,20,5,15,1,0,1,27,14,13,50,19,31,3,1,2,20,5,15,1,0,1,26,13,13,1,1,0,0,0,0,0,0,0,0,0,0,1,1,0,1168,589,579
23,95,Shadhnagar,Rangareddy,15,Keshampeta,575236,0000,VILLAGE,Dattaipalle,Rural,126,553,282,271,59,35,24,120,66,54,0,0,0,275,154,121,278,128,150,294,161,133,292,160,132,129,84,45,125,47,78,0,0,0,38,29,9,2,1,1,0,0,0,0,0,0,0,0,0,2,1,1,1,1,0,0,0,0,0,0,0,0,0,0,1,1,0,1,0,1,0,0,0,0,0,0,0,0,0,1,0,1,259,121,138
23,95,Shadhnagar,Rangareddy,15,Keshampeta,575237,0000,VILLAGE,Ippalapalle,Rural,561,2340,1178,1162,366,190,176,316,165,151,1122,551,571,1047,646,401,1293,532,761,1211,641,570,1072,621,451,325,231,94,418,159,259,25,14,11,304,217,87,139,20,119,10,4,6,97,11,86,4,0,4,28,5,23,126,17,109,9,3,6,87,9,78,2,0,2,28,5,23,13,3,10,1,1,0,10,2,8,2,0,2,0,0,0,1129,537,592
23,95,Shadhnagar,Rangareddy,15,Keshampeta,575238,0000,VILLAGE,Pomalpalle,Rural,684,2900,1493,1407,327,181,146,561,268,293,58,29,29,1347,819,528,1553,674,879,1843,953,890,1478,899,579,533,433,100,742,294,448,14,12,2,189,160,29,365,54,311,6,1,5,346,48,298,0,0,0,13,5,8,308,25,283,5,0,5,292,20,272,0,0,0,11,5,6,57,29,28,1,1,0,54,28,26,0,0,0,2,0,2,1057,540,517
23,95,Shadhnagar,Rangareddy,15,Keshampeta,575239,0000,VILLAGE,Chintakuntapalle,Rural,155,691,346,345,74,37,37,151,72,79,0,0,0,352,213,139,339,133,206,357,198,159,355,198,157,143,85,58,165,70,95,0,0,0,47,43,4,2,0,2,0,0,0,2,0,2,0,0,0,0,0,0,1,0,1,0,0,0,1,0,1,0,0,0,0,0,0,1,0,1,0,0,0,1,0,1,0,0,0,0,0,0,334,148,186
23,95,Shadhnagar,Rangareddy,15,Keshampeta,575240,0000,VILLAGE,Keshampet,Rural,1037,4431,2242,2189,528,264,264,743,390,353,328,156,172,2233,1307,926,2198,935,1263,2267,1276,991,1886,1147,739,682,459,223,758,323,435,39,20,19,407,345,62,381,129,252,7,4,3,337,99,238,8,4,4,29,22,7,373,126,247,6,4,2,334,99,235,8,4,4,25,19,6,8,3,5,1,0,1,3,0,3,0,0,0,4,3,1,2164,966,1198
23,95,Shadhnagar,Rangareddy,15,Keshampeta,575241,0000,VILLAGE,Chowlapalle(East),Rural,392,1659,838,821,256,126,130,417,203,214,9,6,3,775,474,301,884,364,520,860,446,414,819,436,383,380,220,160,269,77,192,14,10,4,156,129,27,41,10,31,6,0,6,25,4,21,0,0,0,10,6,4,38,9,29,6,0,6,24,4,20,0,0,0,8,5,3,3,1,2,0,0,0,1,0,1,0,0,0,2,1,1,799,392,407
23,95,Shadhnagar,Rangareddy,15,Keshampeta,575242,0000,VILLAGE,Bodanampalle,Rural,274,1107,532,575,111,55,56,195,90,105,0,0,0,564,319,245,543,213,330,589,298,291,459,286,173,175,131,44,255,129,126,6,5,1,23,21,2,130,12,118,14,4,10,115,8,107,0,0,0,1,0,1,129,12,117,14,4,10,114,8,106,0,0,0,1,0,1,1,0,1,0,0,0,1,0,1,0,0,0,0,0,0,518,234,284
23,95,Shadhnagar,Rangareddy,15,Keshampeta,575243,0000,VILLAGE,Kakunoor,Rural,541,2232,1132,1100,308,152,156,534,278,256,0,0,0,1071,639,432,1161,493,668,1052,616,436,932,562,370,613,361,252,202,101,101,14,12,2,103,88,15,120,54,66,12,5,7,98,43,55,2,1,1,8,5,3,118,53,65,12,5,7,96,42,54,2,1,1,8,5,3,2,1,1,0,0,0,2,1,1,0,0,0,0,0,0,1180,516,664
23,95,Shadhnagar,Rangareddy,15,Keshampeta,575244,0000,VILLAGE,Lemamidi,Rural,426,1739,880,859,201,101,100,510,256,254,158,88,70,907,565,342,832,315,517,888,527,361,868,521,347,352,215,137,275,103,172,7,5,2,234,198,36,20,6,14,5,1,4,6,1,5,0,0,0,9,4,5,17,6,11,5,1,4,3,1,2,0,0,0,9,4,5,3,0,3,0,0,0,3,0,3,0,0,0,0,0,0,851,353,498
23,95,Shadhnagar,Rangareddy,15,Keshampeta,575245,0000,VILLAGE,Nirdavelly,Rural,701,2950,1478,1472,349,180,169,591,308,283,357,173,184,1464,869,595,1486,609,877,1493,848,645,1343,817,526,414,297,117,571,241,330,23,4,19,335,275,60,150,31,119,14,3,11,120,17,103,0,0,0,16,11,5,149,30,119,14,3,11,119,16,103,0,0,0,16,11,5,1,1,0,0,0,0,1,1,0,0,0,0,0,0,0,1457,630,827
23,95,Shadhnagar,Rangareddy,15,Keshampeta,575246,0000,VILLAGE,Thommidirekula,Rural,450,1821,923,898,238,128,110,386,188,198,180,93,87,933,578,355,888,345,543,1075,552,523,915,485,430,465,258,207,234,95,139,57,27,30,159,105,54,160,67,93,8,3,5,113,45,68,3,2,1,36,17,19,153,63,90,6,2,4,108,42,66,3,2,1,36,17,19,7,4,3,2,1,1,5,3,2,0,0,0,0,0,0,746,371,375
23,95,Shadhnagar,Rangareddy,15,Keshampeta,575247,0000,VILLAGE,Lingamdana,Rural,234,995,496,499,123,60,63,320,155,165,3,2,1,596,340,256,399,156,243,565,297,268,506,265,241,213,105,108,174,78,96,17,3,14,102,79,23,59,32,27,1,1,0,50,24,26,2,2,0,6,5,1,59,32,27,1,1,0,50,24,26,2,2,0,6,5,1,0,0,0,0,0,0,0,0,0,0,0,0,0,0,0,430,199,231
23,93,Kandukur,Rangareddy,14,Talakondapalle,575248,0000,VILLAGE,Seriramakrishnapur,Rural,80,324,165,159,20,10,10,53,28,25,0,0,0,185,114,71,139,51,88,168,93,75,162,90,72,107,57,50,41,20,21,0,0,0,14,13,1,6,3,3,1,1,0,5,2,3,0,0,0,0,0,0,6,3,3,1,1,0,5,2,3,0,0,0,0,0,0,0,0,0,0,0,0,0,0,0,0,0,0,0,0,0,156,72,84
23,93,Kandukur,Rangareddy,14,Talakondapalle,575249,0000,VILLAGE,Lingarapalle,Rural,272,1200,607,593,154,71,83,661,336,325,43,18,25,543,334,209,657,273,384,646,342,304,643,340,303,162,99,63,449,214,235,0,0,0,32,27,5,3,2,1,1,0,1,0,0,0,0,0,0,2,2,0,3,2,1,1,0,1,0,0,0,0,0,0,2,2,0,0,0,0,0,0,0,0,0,0,0,0,0,0,0,0,554,265,289
23,93,Kandukur,Rangareddy,14,Talakondapalle,575250,0000,VILLAGE,Padakal,Rural,1178,4883,2510,2373,597,312,285,791,404,387,1217,654,563,2211,1419,792,2672,1091,1581,2400,1305,1095,1794,1100,694,894,568,326,494,226,268,56,33,23,350,273,77,606,205,401,81,21,60,422,120,302,9,3,6,94,61,33,592,199,393,80,20,60,413,118,295,7,2,5,92,59,33,14,6,8,1,1,0,9,2,7,2,1,1,2,2,0,2483,1205,1278
23,93,Kandukur,Rangareddy,16,Kadthal,575251,0000,VILLAGE,Makthamadharam,Rural,405,1834,916,918,253,134,119,574,292,282,439,224,215,835,476,359,999,440,559,935,486,449,814,458,356,387,211,176,330,164,166,3,2,1,94,81,13,121,28,93,8,2,6,72,9,63,5,2,3,36,15,21,109,25,84,6,1,5,68,8,60,1,1,0,34,15,19,12,3,9,2,1,1,4,1,3,4,1,3,2,0,2,899,430,469
23,93,Kandukur,Rangareddy,16,Kadthal,575252,0000,VILLAGE,Ravichedu,Rural,686,3040,1548,1492,433,232,201,514,264,250,315,171,144,1224,720,504,1816,828,988,1648,894,754,1594,872,722,721,544,177,738,232,506,26,10,16,109,86,23,54,22,32,1,0,1,39,14,25,2,1,1,12,7,5,43,18,25,1,0,1,30,11,19,2,1,1,10,6,4,11,4,7,0,0,0,9,3,6,0,0,0,2,1,1,1392,654,738
23,93,Kandukur,Rangareddy,16,Kadthal,575253,0000,VILLAGE,Takrajguda,Rural,38,173,97,76,24,16,8,0,0,0,165,91,74,80,58,22,93,39,54,82,44,38,77,40,37,52,25,27,14,5,9,0,0,0,11,10,1,5,4,1,1,1,0,1,0,1,0,0,0,3,3,0,3,2,1,0,0,0,1,0,1,0,0,0,2,2,0,2,2,0,1,1,0,0,0,0,0,0,0,1,1,0,91,53,38
23,93,Kandukur,Rangareddy,16,Kadthal,575254,0000,VILLAGE,Nyamathapur,Rural,232,939,479,460,133,65,68,31,18,13,151,73,78,352,220,132,587,259,328,566,305,261,560,302,258,228,123,105,268,125,143,1,1,0,63,53,10,6,3,3,3,1,2,3,2,1,0,0,0,0,0,0,6,3,3,3,1,2,3,2,1,0,0,0,0,0,0,0,0,0,0,0,0,0,0,0,0,0,0,0,0,0,373,174,199
23,93,Kandukur,Rangareddy,16,Kadthal,575255,0000,VILLAGE,Nagireddiguda,Rural,40,184,90,94,44,21,23,0,0,0,175,85,90,27,22,5,157,68,89,98,50,48,91,45,46,62,30,32,23,10,13,0,0,0,6,5,1,7,5,2,5,4,1,1,1,0,0,0,0,1,0,1,3,2,1,3,2,1,0,0,0,0,0,0,0,0,0,4,3,1,2,2,0,1,1,0,0,0,0,1,0,1,86,40,46
23,93,Kandukur,Rangareddy,16,Kadthal,575256,0000,VILLAGE,Vampuguda,Rural,104,422,220,202,48,28,20,155,83,72,0,0,0,220,139,81,202,81,121,231,121,110,142,113,29,47,45,2,79,57,22,0,0,0,16,11,5,89,8,81,4,2,2,82,6,76,0,0,0,3,0,3,88,8,80,4,2,2,81,6,75,0,0,0,3,0,3,1,0,1,0,0,0,1,0,1,0,0,0,0,0,0,191,99,92
23,93,Kandukur,Rangareddy,16,Kadthal,575257,0000,VILLAGE,Chellampalle,Rural,389,1798,930,868,229,124,105,289,143,146,443,225,218,812,483,329,986,447,539,1107,579,528,960,498,462,531,265,266,273,122,151,41,34,7,115,77,38,147,81,66,33,20,13,88,43,45,7,4,3,19,14,5,60,37,23,13,10,3,32,18,14,4,2,2,11,7,4,87,44,43,20,10,10,56,25,31,3,2,1,8,7,1,691,351,340
23,93,Kandukur,Rangareddy,16,Kadthal,575258,0000,VILLAGE,Salarpur,Rural,541,2388,1224,1164,402,201,201,424,207,217,1590,826,764,749,473,276,1639,751,888,1182,594,588,1075,572,503,408,305,103,622,225,397,0,0,0,45,42,3,107,22,85,4,1,3,94,15,79,1,0,1,8,6,2,107,22,85,4,1,3,94,15,79,1,0,1,8,6,2,0,0,0,0,0,0,0,0,0,0,0,0,0,0,0,1206,630,576
23,93,Kandukur,Rangareddy,14,Talakondapalle,575259,0000,VILLAGE,Cheepunuthala,Rural,296,1113,550,563,122,64,58,477,242,235,2,1,1,574,354,220,539,196,343,686,344,342,665,335,330,194,96,98,384,180,204,15,7,8,72,52,20,21,9,12,4,1,3,12,6,6,0,0,0,5,2,3,18,7,11,3,0,3,10,5,5,0,0,0,5,2,3,3,2,1,1,1,0,2,1,1,0,0,0,0,0,0,427,206,221
23,93,Kandukur,Rangareddy,14,Talakondapalle,575260,0000,VILLAGE,Yadavalli,Rural,294,1374,707,667,186,94,92,154,77,77,750,379,371,494,292,202,880,415,465,798,417,381,779,407,372,248,146,102,430,190,240,8,1,7,93,70,23,19,10,9,1,1,0,11,6,5,0,0,0,7,3,4,19,10,9,1,1,0,11,6,5,0,0,0,7,3,4,0,0,0,0,0,0,0,0,0,0,0,0,0,0,0,576,290,286
23,93,Kandukur,Rangareddy,14,Talakondapalle,575261,0000,VILLAGE,Chennaram,Rural,160,684,347,337,91,47,44,149,76,73,218,107,111,268,168,100,416,179,237,427,215,212,408,207,201,68,49,19,267,102,165,4,0,4,69,56,13,19,8,11,0,0,0,13,5,8,1,0,1,5,3,2,19,8,11,0,0,0,13,5,8,1,0,1,5,3,2,0,0,0,0,0,0,0,0,0,0,0,0,0,0,0,257,132,125
23,93,Kandukur,Rangareddy,14,Talakondapalle,575262,0000,VILLAGE,Chukkapur,Rural,713,2886,1464,1422,400,215,185,588,290,298,986,506,480,1206,747,459,1680,717,963,1487,817,670,961,621,340,311,241,70,399,175,224,41,30,11,210,175,35,526,196,330,35,21,14,404,113,291,10,5,5,77,57,20,508,192,316,34,20,14,392,111,281,8,5,3,74,56,18,18,4,14,1,1,0,12,2,10,2,0,2,3,1,2,1399,647,752
23,93,Kandukur,Rangareddy,14,Talakondapalle,575263,0000,VILLAGE,Talakondapalle,Rural,1181,5157,2665,2492,676,349,327,1407,736,671,1339,713,626,2439,1530,909,2718,1135,1583,2894,1611,1283,2400,1367,1033,1092,689,403,778,243,535,35,21,14,495,414,81,494,244,250,49,23,26,267,116,151,27,11,16,151,94,57,487,241,246,49,23,26,263,115,148,26,11,15,149,92,57,7,3,4,0,0,0,4,1,3,1,0,1,2,2,0,2263,1054,1209
23,93,Kandukur,Rangareddy,14,Talakondapalle,575264,0000,VILLAGE,Badnapur,Rural,38,156,89,67,12,8,4,88,51,37,0,0,0,83,57,26,73,32,41,95,52,43,95,52,43,60,37,23,29,9,20,0,0,0,6,6,0,0,0,0,0,0,0,0,0,0,0,0,0,0,0,0,0,0,0,0,0,0,0,0,0,0,0,0,0,0,0,0,0,0,0,0,0,0,0,0,0,0,0,0,0,0,61,37,24
23,93,Kandukur,Rangareddy,14,Talakondapalle,575265,0000,VILLAGE,Chandradana,Rural,562,2352,1207,1145,263,139,124,416,232,184,465,233,232,1289,802,487,1063,405,658,1172,711,461,742,494,248,445,269,176,72,32,40,29,21,8,196,172,24,430,217,213,14,10,4,329,134,195,4,2,2,83,71,12,410,212,198,14,10,4,312,131,181,4,2,2,80,69,11,20,5,15,0,0,0,17,3,14,0,0,0,3,2,1,1180,496,684
23,93,Kandukur,Rangareddy,14,Talakondapalle,575266,0000,VILLAGE,Julapalle,Rural,320,1477,759,718,179,87,92,271,132,139,84,46,38,720,438,282,757,321,436,892,481,411,625,348,277,203,121,82,330,155,175,0,0,0,92,72,20,267,133,134,11,5,6,242,117,125,0,0,0,14,11,3,266,133,133,10,5,5,242,117,125,0,0,0,14,11,3,1,0,1,1,0,1,0,0,0,0,0,0,0,0,0,585,278,307
23,93,Kandukur,Rangareddy,14,Talakondapalle,575267,0000,VILLAGE,Antharam,Rural,367,1403,729,674,165,90,75,351,179,172,18,10,8,648,404,244,755,325,430,779,406,373,433,240,193,140,113,27,218,69,149,18,11,7,57,47,10,346,166,180,18,12,6,300,134,166,1,1,0,27,19,8,328,158,170,17,11,6,289,131,158,1,1,0,21,15,6,18,8,10,1,1,0,11,3,8,0,0,0,6,4,2,624,323,301
23,93,Kandukur,Rangareddy,14,Talakondapalle,575268,0000,VILLAGE,Venkatapurpatti Veljala,Rural,279,1167,582,585,158,86,72,196,92,104,90,39,51,487,288,199,680,294,386,620,324,296,171,156,15,90,87,3,8,4,4,6,3,3,67,62,5,449,168,281,7,4,3,418,150,268,2,1,1,22,13,9,443,165,278,7,4,3,416,150,266,2,1,1,18,10,8,6,3,3,0,0,0,2,0,2,0,0,0,4,3,1,547,258,289
23,93,Kandukur,Rangareddy,14,Talakondapalle,575270,0000,VILLAGE,Veljala,Rural,1232,5188,2706,2482,608,328,280,1059,543,516,44,20,24,2753,1696,1057,2435,1010,1425,2678,1481,1197,1887,1145,742,670,460,210,703,297,406,63,46,17,451,342,109,791,336,455,87,43,44,547,191,356,43,22,21,114,80,34,704,305,399,71,33,38,499,181,318,32,18,14,102,73,29,87,31,56,16,10,6,48,10,38,11,4,7,12,7,5,2510,1225,1285
23,93,Kandukur,Rangareddy,14,Talakondapalle,575271,0000,VILLAGE,Medakpalle,Rural,215,962,496,466,100,50,50,263,138,125,0,0,0,469,287,182,493,209,284,562,302,260,545,297,248,224,170,54,251,67,184,2,2,0,68,58,10,17,5,12,1,0,1,9,2,7,0,0,0,7,3,4,14,3,11,1,0,1,8,2,6,0,0,0,5,1,4,3,2,1,0,0,0,1,0,1,0,0,0,2,2,0,400,194,206
23,93,Kandukur,Rangareddy,14,Talakondapalle,575272,0000,VILLAGE,Rampur,Rural,774,3255,1650,1605,359,192,167,729,383,346,16,6,10,1633,989,644,1622,661,961,1779,1005,774,1683,977,706,593,352,241,608,242,366,17,9,8,465,374,91,96,28,68,12,6,6,65,16,49,1,0,1,18,6,12,49,16,33,8,5,3,27,7,20,1,0,1,13,4,9,47,12,35,4,1,3,38,9,29,0,0,0,5,2,3,1476,645,831
23,93,Kandukur,Rangareddy,14,Talakondapalle,575273,0000,VILLAGE,Khanapur,Rural,362,1711,869,842,212,110,102,311,163,148,372,189,183,919,536,383,792,333,459,828,481,347,619,385,234,187,133,54,281,122,159,36,29,7,115,101,14,209,96,113,0,0,0,145,42,103,1,1,0,63,53,10,206,94,112,0,0,0,144,42,102,1,1,0,61,51,10,3,2,1,0,0,0,1,0,1,0,0,0,2,2,0,883,388,495
23,93,Kandukur,Rangareddy,14,Talakondapalle,575274,0000,VILLAGE,Garvipalle,Rural,118,507,258,249,52,29,23,75,38,37,140,69,71,239,140,99,268,118,150,284,135,149,283,134,149,0,0,0,276,129,147,2,2,0,5,3,2,1,1,0,1,1,0,0,0,0,0,0,0,0,0,0,1,1,0,1,1,0,0,0,0,0,0,0,0,0,0,0,0,0,0,0,0,0,0,0,0,0,0,0,0,0,223,123,100
23,93,Kandukur,Rangareddy,14,Talakondapalle,575275,0000,VILLAGE,Venkatraopeta,Rural,534,2311,1155,1156,315,165,150,184,80,104,1388,704,684,904,610,294,1407,545,862,1308,611,697,1249,587,662,673,383,290,406,82,324,19,0,19,151,122,29,59,24,35,8,3,5,18,2,16,12,3,9,21,16,5,48,20,28,8,3,5,14,2,12,9,3,6,17,12,5,11,4,7,0,0,0,4,0,4,3,0,3,4,4,0,1003,544,459
23,93,Kandukur,Rangareddy,14,Talakondapalle,575276,0000,VILLAGE,Gattu Ippalapalle,Rural,917,3947,2001,1946,434,233,201,796,397,399,613,319,294,1961,1202,759,1986,799,1187,2319,1183,1136,1959,1035,924,1144,644,500,448,168,280,161,79,82,206,144,62,360,148,212,56,24,32,178,60,118,18,11,7,108,53,55,338,136,202,55,24,31,162,51,111,13,8,5,108,53,55,22,12,10,1,0,1,16,9,7,5,3,2,0,0,0,1628,818,810
23,93,Kandukur,Rangareddy,16,Kadthal,575277,0000,VILLAGE,Vasudevapur,Rural,192,954,509,445,125,66,59,46,27,19,793,422,371,382,275,107,572,234,338,502,271,231,488,263,225,298,147,151,99,40,59,0,0,0,91,76,15,14,8,6,5,2,3,3,1,2,0,0,0,6,5,1,12,8,4,4,2,2,3,1,2,0,0,0,5,5,0,2,0,2,1,0,1,0,0,0,0,0,0,1,0,1,452,238,214
23,93,Kandukur,Rangareddy,16,Kadthal,575278,0000,VILLAGE,Karkalpahad,Rural,610,2827,1471,1356,385,221,164,308,164,144,1425,743,682,1181,765,416,1646,706,940,1508,800,708,1378,762,616,440,244,196,531,227,304,21,16,5,386,275,111,130,38,92,11,3,8,101,27,74,2,1,1,16,7,9,102,31,71,7,2,5,78,22,56,1,0,1,16,7,9,28,7,21,4,1,3,23,5,18,1,1,0,0,0,0,1319,671,648
23,93,Kandukur,Rangareddy,16,Kadthal,575279,0000,VILLAGE,Kadthal,Rural,2446,11663,6304,5359,1779,950,829,1295,652,643,4883,2814,2069,5723,3755,1968,5940,2549,3391,5562,3103,2459,5260,2994,2266,2316,1351,965,1458,544,914,85,41,44,1401,1058,343,302,109,193,45,25,20,153,26,127,23,10,13,81,48,33,271,95,176,29,16,13,151,26,125,20,10,10,71,43,28,31,14,17,16,9,7,2,0,2,3,0,3,10,5,5,6101,3201,2900
23,93,Kandukur,Rangareddy,16,Kadthal,575280,0000,VILLAGE,Ekrajguda,Rural,3,13,5,8,2,0,2,0,0,0,0,0,0,9,4,5,4,1,3,5,5,0,5,5,0,0,0,0,1,1,0,0,0,0,4,4,0,0,0,0,0,0,0,0,0,0,0,0,0,0,0,0,0,0,0,0,0,0,0,0,0,0,0,0,0,0,0,0,0,0,0,0,0,0,0,0,0,0,0,0,0,0,8,0,8
23,93,Kandukur,Rangareddy,16,Kadthal,575281,0000,VILLAGE,Mudwin,Rural,1428,6012,3142,2870,714,371,343,852,483,369,439,232,207,2556,1608,948,3456,1534,1922,3340,1796,1544,2594,1457,1137,786,503,283,1243,485,758,33,22,11,532,447,85,746,339,407,43,23,20,651,281,370,1,1,0,51,34,17,713,320,393,43,23,20,627,268,359,1,1,0,42,28,14,33,19,14,0,0,0,24,13,11,0,0,0,9,6,3,2672,1346,1326
23,93,Kandukur,Rangareddy,16,Kadthal,575282,0000,VILLAGE,Cherikondapattipadkal,Rural,496,2299,1209,1090,384,219,165,149,80,69,1307,695,612,837,536,301,1462,673,789,1262,647,615,1208,606,602,581,319,262,489,186,303,2,1,1,136,100,36,54,41,13,2,2,0,13,4,9,0,0,0,39,35,4,46,34,12,2,2,0,13,4,9,0,0,0,31,28,3,8,7,1,0,0,0,0,0,0,0,0,0,8,7,1,1037,562,475
23,93,Kandukur,Rangareddy,16,Kadthal,575283,0000,VILLAGE,Cherikonda(P_Kurty),Rural,416,1860,964,896,220,125,95,476,245,231,14,7,7,813,494,319,1047,470,577,954,514,440,951,514,437,276,147,129,551,255,296,3,3,0,121,109,12,3,0,3,1,0,1,2,0,2,0,0,0,0,0,0,3,0,3,1,0,1,2,0,2,0,0,0,0,0,0,0,0,0,0,0,0,0,0,0,0,0,0,0,0,0,906,450,456
23,93,Kandukur,Rangareddy,13,Amangal,575284,0000,VILLAGE,Settipalle,Rural,378,1667,851,816,168,95,73,528,263,265,0,0,0,790,492,298,877,359,518,947,510,437,893,479,414,251,182,69,340,79,261,24,12,12,278,206,72,54,31,23,19,15,4,17,4,13,4,2,2,14,10,4,13,8,5,1,1,0,1,0,1,3,1,2,8,6,2,41,23,18,18,14,4,16,4,12,1,1,0,6,4,2,720,341,379
23,93,Kandukur,Rangareddy,13,Amangal,575285,0000,VILLAGE,Akuthotapalle,Rural,768,3457,1746,1711,404,200,204,526,266,260,865,439,426,1798,1111,687,1659,635,1024,1620,940,680,1582,924,658,563,400,163,605,211,394,51,39,12,363,274,89,38,16,22,4,1,3,16,3,13,1,1,0,17,11,6,36,15,21,4,1,3,15,3,12,1,1,0,16,10,6,2,1,1,0,0,0,1,0,1,0,0,0,1,1,0,1837,806,1031
23,93,Kandukur,Rangareddy,13,Amangal,575286,0000,VILLAGE,Konapur,Rural,264,1130,570,560,110,53,57,320,159,161,3,1,2,561,354,207,569,216,353,569,313,256,567,312,255,135,87,48,261,83,178,13,10,3,158,132,26,2,1,1,0,0,0,2,1,1,0,0,0,0,0,0,2,1,1,0,0,0,2,1,1,0,0,0,0,0,0,0,0,0,0,0,0,0,0,0,0,0,0,0,0,0,561,257,304
23,93,Kandukur,Rangareddy,13,Amangal,575287,0000,VILLAGE,Ramanuthula,Rural,281,1289,648,641,225,119,106,0,0,0,1034,522,512,458,303,155,831,345,486,684,334,350,614,320,294,225,165,60,263,45,218,0,0,0,126,110,16,70,14,56,0,0,0,62,8,54,0,0,0,8,6,2,66,13,53,0,0,0,60,8,52,0,0,0,6,5,1,4,1,3,0,0,0,2,0,2,0,0,0,2,1,1,605,314,291
23,93,Kandukur,Rangareddy,13,Amangal,575288,0000,VILLAGE,Vithaipalli,Rural,360,1454,755,699,181,103,78,159,86,73,651,336,315,710,454,256,744,301,443,726,410,316,707,404,303,243,144,99,255,112,143,11,7,4,198,141,57,19,6,13,2,1,1,17,5,12,0,0,0,0,0,0,18,6,12,2,1,1,16,5,11,0,0,0,0,0,0,1,0,1,0,0,0,1,0,1,0,0,0,0,0,0,728,345,383
23,93,Kandukur,Rangareddy,13,Amangal,575289,0000,VILLAGE,Amangal,Rural,5269,23882,12236,11646,2981,1574,1407,3515,1794,1721,5652,2862,2790,13111,7792,5319,10771,4444,6327,10729,6519,4210,9423,6056,3367,2286,1511,775,1913,646,1267,172,122,50,5052,3777,1275,1306,463,843,102,36,66,635,135,500,48,21,27,521,271,250,1187,432,755,93,32,61,579,126,453,41,18,23,474,256,218,119,31,88,9,4,5,56,9,47,7,3,4,47,15,32,13153,5717,7436
23,93,Kandukur,Rangareddy,13,Amangal,575290,0000,VILLAGE,Chennampalle,Rural,183,797,405,392,83,41,42,447,229,218,0,0,0,435,276,159,362,129,233,413,232,181,412,231,181,87,42,45,149,61,88,0,0,0,176,128,48,1,1,0,0,0,0,0,0,0,0,0,0,1,1,0,1,1,0,0,0,0,0,0,0,0,0,0,1,1,0,0,0,0,0,0,0,0,0,0,0,0,0,0,0,0,384,173,211
23,93,Kandukur,Rangareddy,13,Amangal,575291,0000,VILLAGE,Singam palle,Rural,170,770,391,379,87,43,44,363,179,184,0,0,0,275,175,100,495,216,279,456,233,223,456,233,223,133,80,53,289,125,164,3,2,1,31,26,5,0,0,0,0,0,0,0,0,0,0,0,0,0,0,0,0,0,0,0,0,0,0,0,0,0,0,0,0,0,0,0,0,0,0,0,0,0,0,0,0,0,0,0,0,0,314,158,156
23,93,Kandukur,Rangareddy,13,Amangal,575292,0000,VILLAGE,Polepalle,Rural,426,1960,995,965,278,143,135,286,152,134,650,331,319,893,560,333,1067,435,632,1128,590,538,1046,562,484,273,150,123,538,223,315,6,4,2,229,185,44,82,28,54,13,8,5,54,11,43,0,0,0,15,9,6,47,15,32,5,3,2,31,6,25,0,0,0,11,6,5,35,13,22,8,5,3,23,5,18,0,0,0,4,3,1,832,405,427
23,92,Ibrahimpatnam,Rangareddy,12,Madgul,575293,0000,VILLAGE,Aurpalle,Rural,874,3504,1828,1676,358,196,162,1014,521,493,20,13,7,1715,1095,620,1789,733,1056,1899,1043,856,1743,975,768,530,343,187,771,269,502,26,15,11,416,348,68,156,68,88,3,2,1,71,12,59,33,23,10,49,31,18,150,66,84,3,2,1,70,12,58,32,22,10,45,30,15,6,2,4,0,0,0,1,0,1,1,1,0,4,1,3,1605,785,820
23,92,Ibrahimpatnam,Rangareddy,12,Madgul,575294,0000,VILLAGE,Dodlapahad,Rural,275,1280,656,624,129,65,64,98,46,52,0,0,0,621,401,220,659,255,404,695,367,328,670,355,315,222,134,88,334,130,204,24,12,12,90,79,11,25,12,13,2,2,0,10,4,6,6,0,6,7,6,1,22,10,12,2,2,0,8,3,5,6,0,6,6,5,1,3,2,1,0,0,0,2,1,1,0,0,0,1,1,0,585,289,296
23,92,Ibrahimpatnam,Rangareddy,12,Madgul,575295,0000,VILLAGE,Nagilla,Rural,1075,4786,2464,2322,614,322,292,936,486,450,1269,673,596,2055,1263,792,2731,1201,1530,2197,1186,1011,2080,1128,952,630,415,215,1043,382,661,58,41,17,349,290,59,117,58,59,12,8,4,55,23,32,10,3,7,40,24,16,108,56,52,11,8,3,54,23,31,8,3,5,35,22,13,9,2,7,1,0,1,1,0,1,2,0,2,5,2,3,2589,1278,1311
23,92,Ibrahimpatnam,Rangareddy,12,Madgul,575296,0000,VILLAGE,Appareddipalle,Rural,821,3748,1893,1855,468,246,222,477,237,240,1895,966,929,1725,1068,657,2023,825,1198,2091,1053,1038,1485,772,713,955,552,403,388,113,275,13,9,4,129,98,31,606,281,325,99,62,37,366,106,260,41,30,11,100,83,17,543,251,292,95,59,36,317,88,229,37,27,10,94,77,17,63,30,33,4,3,1,49,18,31,4,3,1,6,6,0,1657,840,817
23,92,Ibrahimpatnam,Rangareddy,12,Madgul,575297,0000,VILLAGE,Kulkulpalle,Rural,768,3409,1723,1686,420,219,201,897,453,444,167,82,85,1619,997,622,1790,726,1064,1872,990,882,1054,689,365,337,196,141,218,86,132,44,37,7,455,370,85,818,301,517,11,2,9,711,246,465,16,8,8,80,45,35,793,293,500,7,2,5,709,246,463,12,7,5,65,38,27,25,8,17,4,0,4,2,0,2,4,1,3,15,7,8,1537,733,804
23,92,Ibrahimpatnam,Rangareddy,12,Madgul,575298,0000,VILLAGE,Madgul,Rural,1424,6414,3238,3176,690,350,340,1553,754,799,177,93,84,3333,1959,1374,3081,1279,1802,3427,1843,1584,2872,1622,1250,1027,634,393,1123,455,668,98,56,42,624,477,147,555,221,334,16,4,12,398,145,253,44,15,29,97,57,40,505,201,304,13,3,10,374,138,236,34,12,22,84,48,36,50,20,30,3,1,2,24,7,17,10,3,7,13,9,4,2987,1395,1592
23,92,Ibrahimpatnam,Rangareddy,12,Madgul,575299,0000,VILLAGE,Kalakonda,Rural,1095,4735,2392,2343,587,292,295,905,454,451,689,363,326,2233,1380,853,2502,1012,1490,2478,1338,1140,2116,1234,882,958,649,309,889,361,528,36,27,9,233,197,36,362,104,258,133,16,117,206,77,129,6,2,4,17,9,8,361,104,257,133,16,117,205,77,128,6,2,4,17,9,8,1,0,1,0,0,0,1,0,1,0,0,0,0,0,0,2257,1054,1203
23,92,Ibrahimpatnam,Rangareddy,12,Madgul,575300,0000,VILLAGE,Irwin,Rural,1376,5769,2911,2858,713,358,355,1480,734,746,327,168,159,2763,1659,1104,3006,1252,1754,3199,1707,1492,2813,1598,1215,1015,727,288,1056,351,705,40,31,9,702,489,213,386,109,277,24,10,14,198,39,159,32,4,28,132,56,76,357,92,265,18,5,13,191,34,157,27,4,23,121,49,72,29,17,12,6,5,1,7,5,2,5,0,5,11,7,4,2570,1204,1366
23,92,Ibrahimpatnam,Rangareddy,12,Madgul,575301,0000,VILLAGE,Brahmanapalle,Rural,826,3448,1750,1698,361,174,187,800,408,392,78,41,37,2016,1172,844,1432,578,854,1763,971,792,1740,960,780,736,393,343,754,397,357,19,13,6,231,157,74,23,11,12,2,1,1,11,4,7,0,0,0,10,6,4,23,11,12,2,1,1,11,4,7,0,0,0,10,6,4,0,0,0,0,0,0,0,0,0,0,0,0,0,0,0,1685,779,906
23,92,Ibrahimpatnam,Rangareddy,12,Madgul,575302,0000,VILLAGE,Anneboinpalle,Rural,261,1130,572,558,145,69,76,353,173,180,9,5,4,552,341,211,578,231,347,674,354,320,654,346,308,233,165,68,317,93,224,14,9,5,90,79,11,20,8,12,0,0,0,8,0,8,1,0,1,11,8,3,19,7,12,0,0,0,8,0,8,1,0,1,10,7,3,1,1,0,0,0,0,0,0,0,0,0,0,1,1,0,456,218,238
23,92,Ibrahimpatnam,Rangareddy,12,Madgul,575304,0000,VILLAGE,Suddapalle,Rural,312,1347,695,652,131,64,67,252,126,126,4,2,2,596,377,219,751,318,433,790,397,393,718,366,352,180,169,11,437,123,314,23,13,10,78,61,17,72,31,41,6,0,6,21,10,11,2,1,1,43,20,23,69,30,39,6,0,6,20,10,10,2,1,1,41,19,22,3,1,2,0,0,0,1,0,1,0,0,0,2,1,1,557,298,259
23,92,Ibrahimpatnam,Rangareddy,12,Madgul,575305,0000,VILLAGE,Arkapalle,Rural,896,3985,2089,1896,534,290,244,1061,537,524,1344,715,629,1778,1126,652,2207,963,1244,2192,1132,1060,2097,1099,998,1040,545,495,838,376,462,29,22,7,190,156,34,95,33,62,8,2,6,75,22,53,1,1,0,11,8,3,81,26,55,7,2,5,62,15,47,1,1,0,11,8,3,14,7,7,1,0,1,13,7,6,0,0,0,0,0,0,1793,957,836
23,92,Ibrahimpatnam,Rangareddy,12,Madgul,575306,0000,VILLAGE,Girikothapalle,Rural,516,2106,1055,1051,245,122,123,431,221,210,298,154,144,963,601,362,1143,454,689,1110,597,513,863,516,347,504,335,169,179,39,140,5,5,0,175,137,38,247,81,166,59,24,35,174,51,123,1,0,1,13,6,7,213,67,146,54,21,33,147,40,107,0,0,0,12,6,6,34,14,20,5,3,2,27,11,16,1,0,1,1,0,1,996,458,538
23,92,Ibrahimpatnam,Rangareddy,12,Madgul,575307,0000,VILLAGE,Andugul,Rural,752,3472,1776,1696,489,269,220,471,244,227,1783,921,862,1378,859,519,2094,917,1177,1913,968,945,1815,955,860,888,531,357,618,202,416,26,14,12,283,208,75,98,13,85,58,3,55,29,3,26,0,0,0,11,7,4,98,13,85,58,3,55,29,3,26,0,0,0,11,7,4,0,0,0,0,0,0,0,0,0,0,0,0,0,0,0,1559,808,751
23,92,Ibrahimpatnam,Rangareddy,08,Abdullapurmet,574202,0001,WARD,Turkayamjal,Urban,3733,15689,7984,7705,1944,1015,929,2685,1368,1317,1553,785,768,10092,5564,4528,5597,2420,3177,6501,4338,2163,5715,3991,1724,241,173,68,678,261,417,148,82,66,4648,3475,1173,786,347,439,8,5,3,91,17,74,117,32,85,570,293,277,602,265,337,8,5,3,54,12,42,85,17,68,455,231,224,184,82,102,0,0,0,37,5,32,32,15,17,115,62,53,9188,3646,5542
23,92,Ibrahimpatnam,Rangareddy,08,Abdullapurmet,574203,0001,WARD,Omerkhan Daira,Urban,1440,5349,2861,2488,568,310,258,516,282,234,50,24,26,4063,2333,1730,1286,528,758,2593,1736,857,2287,1599,688,11,6,5,32,25,7,33,21,12,2211,1547,664,306,137,169,0,0,0,6,5,1,46,19,27,254,113,141,306,137,169,0,0,0,6,5,1,46,19,27,254,113,141,0,0,0,0,0,0,0,0,0,0,0,0,0,0,0,2756,1125,1631
23,93,Kandukur,Rangareddy,05,Balapur,574213,0001,WARD,Jillalguda,Urban,6489,27461,14017,13444,3342,1690,1652,4250,2108,2142,2229,1179,1050,19375,10637,8738,8086,3380,4706,9915,7565,2350,8404,6699,1705,128,87,41,84,60,24,424,313,111,7768,6239,1529,1511,866,645,27,14,13,24,9,15,224,65,159,1236,778,458,1062,549,513,25,12,13,17,6,11,198,53,145,822,478,344,449,317,132,2,2,0,7,3,4,26,12,14,414,300,114,17546,6452,11094
23,93,Kandukur,Rangareddy,05,Balapur,574214,0001,WARD,Meerpet,Urban,7513,32013,16282,15731,3628,1851,1777,4615,2300,2315,1270,667,603,23820,12855,10965,8193,3427,4766,11204,8625,2579,9972,7885,2087,77,56,21,138,101,37,156,104,52,9601,7624,1977,1232,740,492,34,17,17,22,15,7,29,20,9,1147,688,459,1135,678,457,31,14,17,18,11,7,17,10,7,1069,643,426,97,62,35,3,3,0,4,4,0,12,10,2,78,45,33,20809,7657,13152
23,93,Kandukur,Rangareddy,05,Balapur,574215,0001,WARD,Badangpet,Urban,3712,15913,8054,7859,1901,952,949,2980,1504,1476,396,204,192,11223,6155,5068,4690,1899,2791,5611,4345,1266,4605,3678,927,59,45,14,111,45,66,79,58,21,4356,3530,826,1006,667,339,4,4,0,69,33,36,29,15,14,904,615,289,764,522,242,3,3,0,42,16,26,21,13,8,698,490,208,242,145,97,1,1,0,27,17,10,8,2,6,206,125,81,10302,3709,6593
23,93,Kandukur,Rangareddy,05,Balapur,574216,0001,WARD,Kothapet,Urban,2351,12740,6386,6354,2090,1089,1001,249,136,113,22,14,8,8166,4191,3975,4574,2195,2379,4006,3031,975,2699,2274,425,28,22,6,73,44,29,231,187,44,2367,2021,346,1307,757,550,15,8,7,55,40,15,131,73,58,1106,636,470,1214,692,522,15,8,7,53,38,15,95,54,41,1051,592,459,93,65,28,0,0,0,2,2,0,36,19,17,55,44,11,8734,3355,5379
23,94,Rajendranagar,Rangareddy,03,Gandipet,574242,0001,WARD,Narsingi,Urban,1906,9449,4551,4898,1292,674,618,2201,839,1362,82,30,52,6387,3136,3251,3062,1415,1647,3213,2436,777,2565,2072,493,47,17,30,49,43,6,150,111,39,2319,1901,418,648,364,284,19,11,8,19,9,10,96,62,34,514,282,232,547,304,243,19,11,8,15,7,8,78,52,26,435,234,201,101,60,41,0,0,0,4,2,2,18,10,8,79,48,31,6236,2115,4121
23,94,Rajendranagar,Rangareddy,19,Shamshabad,574760,0001,WARD,Shamshabad,Urban,7274,32583,16935,15648,4306,2229,2077,3253,1621,1632,456,228,228,22025,12400,9625,10558,4535,6023,11859,9142,2717,9811,7853,1958,240,211,29,323,197,126,307,161,146,8941,7284,1657,2048,1289,759,95,40,55,561,358,203,90,45,45,1302,846,456,1843,1163,680,94,39,55,517,334,183,71,36,35,1161,754,407,205,126,79,1,1,0,44,24,20,19,9,10,141,92,49,20724,7793,12931
23,92,Ibrahimpatnam,Rangareddy,09,Ibrahimpatnam,574853,0001,WARD,Ibrahimpatnam (Bagath) (CT),Urban,2520,12349,5969,6380,1235,661,574,2931,1318,1613,312,107,205,8040,4160,3880,4309,1809,2500,4150,3004,1146,3792,2822,970,413,328,85,824,438,386,122,93,29,2433,1963,470,358,182,176,33,8,25,97,44,53,4,2,2,224,128,96,302,154,148,33,8,25,88,42,46,3,2,1,178,102,76,56,28,28,0,0,0,9,2,7,1,0,1,46,26,20,8199,2965,5234
23,95,Shadhnagar,Rangareddy,25,Farooqnagar,575211,0001,WARD,Farooqnagar(U_A),Urban,10328,45675,23328,22347,5847,3012,2835,2840,1407,1433,1081,554,527,32238,17806,14432,13437,5522,7915,15952,12405,3547,14131,11370,2761,444,371,73,676,337,339,414,268,146,12597,10394,2203,1821,1035,786,27,14,13,318,130,188,78,46,32,1398,845,553,1644,955,689,27,14,13,281,116,165,57,39,18,1279,786,493,177,80,97,0,0,0,37,14,23,21,7,14,119,59,60,29723,10923,18800
23,95,Shadhnagar,Rangareddy,23,Kothur,575227,0001,WARD,Kothur,Urban,2525,10519,5635,4884,1540,838,702,1223,601,622,440,197,243,6922,4068,2854,3597,1567,2030,4235,3351,884,4014,3240,774,442,260,182,281,135,146,89,76,13,3202,2769,433,221,111,110,8,7,1,33,11,22,13,4,9,167,89,78,200,100,100,8,7,1,30,11,19,9,3,6,153,79,74,21,11,10,0,0,0,3,0,3,4,1,3,14,10,4,6284,2284,4000
23,92,Ibrahimpatnam,Rangareddy,07,Hayathnagar,900185,0010,WARD,Hayathnagar_Khalsa,Urban,16304,68115,35052,33063,7441,3933,3508,5772,2914,2858,3056,1661,1395,50987,27599,23388,17128,7453,9675,24414,18894,5520,20944,16935,4009,143,100,43,560,329,231,486,327,159,19755,16179,3576,3470,1959,1511,88,39,49,175,92,83,110,44,66,3097,1784,1313,3318,1878,1440,88,39,49,153,80,73,103,43,60,2974,1716,1258,152,81,71,0,0,0,22,12,10,7,1,6,123,68,55,43701,16158,27543
23,92,Ibrahimpatnam,Rangareddy,07,Hayathnagar,900184,0011,WARD,Hayathnagar_Bagath,Urban,12332,50462,25680,24782,4775,2479,2296,2385,1230,1155,578,289,289,41928,22008,19920,8534,3672,4862,17879,13584,4295,16122,12681,3441,176,152,24,108,76,32,186,116,70,15652,12337,3315,1757,903,854,43,31,12,23,17,6,48,19,29,1643,836,807,1655,841,814,43,31,12,21,15,6,37,11,26,1554,784,770,102,62,40,0,0,0,2,2,0,11,8,3,89,52,37,32583,12096,20487
23,93,Kandukur,Rangareddy,06,Saroornagar,900179,0047,WARD,Saroornagar,Urban,7080,28793,14758,14035,2453,1284,1169,869,441,428,198,111,87,23808,12653,11155,4985,2105,2880,10886,7983,2903,9015,6876,2139,103,69,34,128,61,67,122,69,53,8662,6677,1985,1871,1107,764,50,29,21,19,6,13,74,31,43,1728,1041,687,1798,1063,735,50,29,21,19,6,13,67,25,42,1662,1003,659,73,44,29,0,0,0,0,0,0,7,6,1,66,38,28,17907,6775,11132
23,94,Rajendranagar,Rangareddy,04,Rajendranagar,900168,0057,WARD,Shivarampally-Jageer,Urban,9964,53631,27507,26124,7895,4050,3845,1248,658,590,415,217,198,32308,17068,15240,21323,10439,10884,17242,13488,3754,13362,11077,2285,105,75,30,319,240,79,359,252,107,12579,10510,2069,3880,2411,1469,56,27,29,269,212,57,360,222,138,3195,1950,1245,3243,1969,1274,53,25,28,204,155,49,258,148,110,2728,1641,1087,637,442,195,3,2,1,65,57,8,102,74,28,467,309,158,36389,14019,22370
23,94,Rajendranagar,Rangareddy,04,Rajendranagar,900166,0058,WARD,Mylardevpally,Urban,12237,52306,27228,25078,7042,3663,3379,3946,1982,1964,825,455,370,32942,18806,14136,19364,8422,10942,23354,16061,7293,20640,14686,5954,81,59,22,180,123,57,1176,715,461,19203,13789,5414,2714,1375,1339,23,12,11,74,25,49,141,43,98,2476,1295,1181,2611,1318,1293,22,12,10,70,24,46,131,39,92,2388,1243,1145,103,57,46,1,0,1,4,1,3,10,4,6,88,52,36,28952,11167,17785
23,94,Rajendranagar,Rangareddy,04,Rajendranagar,900162,0059,WARD,Hyderguda,Urban,13104,57040,28734,28306,6871,3533,3338,9727,4844,4883,1402,726,676,41610,22206,19404,15430,6528,8902,20135,15143,4992,17609,13640,3969,200,149,51,530,325,205,352,242,110,16527,12924,3603,2526,1503,1023,84,33,51,133,68,65,120,61,59,2189,1341,848,2266,1330,936,84,33,51,118,59,59,106,51,55,1958,1187,771,260,173,87,0,0,0,15,9,6,14,10,4,231,154,77,36905,13591,23314
23,94,Rajendranagar,Rangareddy,04,Rajendranagar,900158,0060,WARD,Attapur,Urban,13083,66846,34234,32612,10025,5091,4934,2364,1195,1169,414,206,208,40726,21808,18918,26120,12426,13694,23053,17163,5890,16450,13258,3192,140,89,51,281,183,98,656,428,228,15373,12558,2815,6603,3905,2698,116,47,69,164,62,102,381,161,220,5942,3635,2307,5838,3531,2307,110,47,63,135,49,86,274,109,165,5319,3326,1993,765,374,391,6,0,6,29,13,16,107,52,55,623,309,314,43793,17071,26722
23,93,Kandukur,Rangareddy,06,Saroornagar,900177,0070,WARD,Mansoorabad,Urban,13591,57417,29442,27975,6645,3456,3189,4255,2165,2090,1582,836,746,42363,22915,19448,15054,6527,8527,20569,15667,4902,18140,14435,3705,248,140,108,194,134,60,693,385,308,17005,13776,3229,2429,1232,1197,153,70,83,64,31,33,123,43,80,2089,1088,1001,2186,1070,1116,151,70,81,53,26,27,109,37,72,1873,937,936,243,162,81,2,0,2,11,5,6,14,6,8,216,151,65,36848,13775,23073
23,94,Rajendranagar,Rangareddy,02,Serilingampally,900134,0111,WARD,Gachibowli,Urban,11784,54122,28831,25291,6353,3317,3036,5968,3105,2863,1487,797,690,39502,22383,17119,14620,6448,8172,19834,14153,5681,16591,12378,4213,104,65,39,314,207,107,544,304,240,15629,11802,3827,3243,1775,1468,55,32,23,105,57,48,184,49,135,2899,1637,1262,2647,1458,1189,54,31,23,78,40,38,152,34,118,2363,1353,1010,596,317,279,1,1,0,27,17,10,32,15,17,536,284,252,34288,14678,19610
23,94,Rajendranagar,Rangareddy,02,Serilingampally,900155,0112,WARD,Serilingampally,Urban,22527,93141,48202,44939,12635,6605,6030,6574,3323,3251,1867,1002,865,61981,34207,27774,31160,13995,17165,38019,27421,10598,29630,22570,7060,218,122,96,738,520,218,1054,562,492,27620,21366,6254,8389,4851,3538,118,54,64,374,258,116,984,486,498,6913,4053,2860,6877,3743,3134,113,50,63,181,100,81,578,173,405,6005,3420,2585,1512,1108,404,5,4,1,193,158,35,406,313,93,908,633,275,55122,20781,34341
23,94,Rajendranagar,Rangareddy,02,Serilingampally,900138,0113,WARD,Hafeezpet,Urban,19378,78284,40768,37516,9815,5116,4699,5492,2862,2630,2010,1049,961,56613,30799,25814,21671,9969,11702,31357,22826,8531,26619,20104,6515,289,210,79,777,509,268,1001,661,340,24552,18724,5828,4738,2722,2016,106,60,46,339,261,78,293,89,204,4000,2312,1688,4438,2547,1891,105,59,46,325,256,69,221,43,178,3787,2189,1598,300,175,125,1,1,0,14,5,9,72,46,26,213,123,90,46927,17942,28985
23,94,Rajendranagar,Rangareddy,02,Serilingampally,900132,0114,WARD,Chanda Nagar,Urban,20925,83773,42755,41018,10091,5185,4906,3919,2018,1901,1285,670,615,64105,34019,30086,19668,8736,10932,33170,24387,8783,27737,21529,6208,219,126,93,699,479,220,1269,847,422,25550,20077,5473,5433,2858,2575,98,51,47,131,62,69,564,243,321,4640,2502,2138,5204,2722,2482,97,50,47,125,57,68,524,221,303,4458,2394,2064,229,136,93,1,1,0,6,5,1,40,22,18,182,108,74,50603,18368,32235
23,92,Ibrahimpatnam,Rangareddy,08,Abdullapurmet,574204,0168,WARD,Hathiguda,Urban,22,91,49,42,4,2,2,8,6,2,0,0,0,69,39,30,22,10,12,24,23,1,24,23,1,6,6,0,1,0,1,1,1,0,16,16,0,0,0,0,0,0,0,0,0,0,0,0,0,0,0,0,0,0,0,0,0,0,0,0,0,0,0,0,0,0,0,0,0,0,0,0,0,0,0,0,0,0,0,0,0,0,67,26,41
23,92,Ibrahimpatnam,Rangareddy,08,Abdullapurmet,574205,0169,WARD,Tatti Annaram,Urban,1086,4499,2348,2151,522,293,229,1030,536,494,47,31,16,2739,1600,1139,1760,748,1012,2087,1313,774,1704,1135,569,34,24,10,320,173,147,43,24,19,1307,914,393,383,178,205,4,3,1,19,8,11,108,33,75,252,134,118,320,162,158,4,3,1,17,7,10,76,30,46,223,122,101,63,16,47,0,0,0,2,1,1,32,3,29,29,12,17,2412,1035,1377
23,92,Ibrahimpatnam,Rangareddy,08,Abdullapurmet,574206,0170,WARD,Tatti Khana,Urban,23,103,54,49,11,5,6,5,3,2,37,19,18,46,28,18,57,26,31,54,34,20,17,16,1,0,0,0,0,0,0,4,4,0,13,12,1,37,18,19,0,0,0,2,0,2,16,3,13,19,15,4,36,18,18,0,0,0,2,0,2,15,3,12,19,15,4,1,0,1,0,0,0,0,0,0,1,0,1,0,0,0,49,20,29
23,92,Ibrahimpatnam,Rangareddy,07,Hayathnagar,574207,0171,WARD,Kalvancha,Urban,767,3013,1562,1451,353,176,177,88,44,44,46,24,22,2346,1263,1083,667,299,368,987,789,198,893,728,165,8,6,2,11,3,8,5,2,3,869,717,152,94,61,33,3,1,2,0,0,0,4,2,2,87,58,29,89,59,30,3,1,2,0,0,0,4,2,2,82,56,26,5,2,3,0,0,0,0,0,0,0,0,0,5,2,3,2026,773,1253
23,92,Ibrahimpatnam,Rangareddy,08,Abdullapurmet,574208,0172,WARD,Manneguda,Urban,134,561,290,271,67,32,35,17,8,9,8,4,4,354,197,157,207,93,114,244,155,89,239,153,86,117,71,46,25,14,11,13,7,6,84,61,23,5,2,3,0,0,0,3,1,2,0,0,0,2,1,1,5,2,3,0,0,0,3,1,2,0,0,0,2,1,1,0,0,0,0,0,0,0,0,0,0,0,0,0,0,0,317,135,182
23,92,Ibrahimpatnam,Rangareddy,08,Abdullapurmet,574209,0173,WARD,Toroor (Faroor),Urban,1352,5923,3046,2877,757,417,340,906,458,448,30,15,15,3402,1946,1456,2521,1100,1421,2431,1645,786,2360,1618,742,503,344,159,380,140,240,19,10,9,1458,1124,334,71,27,44,11,6,5,22,4,18,6,0,6,32,17,15,57,23,34,11,6,5,16,4,12,4,0,4,26,13,13,14,4,10,0,0,0,6,0,6,2,0,2,6,4,2,3492,1401,2091
23,92,Ibrahimpatnam,Rangareddy,08,Abdullapurmet,574210,0174,WARD,Munganoor,Urban,440,1899,899,1000,226,106,120,383,186,197,91,44,47,1191,654,537,708,245,463,709,509,200,641,472,169,41,28,13,35,17,18,52,45,7,513,382,131,68,37,31,8,0,8,6,3,3,6,6,0,48,28,20,64,33,31,8,0,8,4,1,3,6,6,0,46,26,20,4,4,0,0,0,0,2,2,0,0,0,0,2,2,0,1190,390,800
23,92,Ibrahimpatnam,Rangareddy,08,Abdullapurmet,574211,0175,WARD,Pedda Amberpet,Urban,2029,8541,4292,4249,932,491,441,1669,869,800,46,20,26,5587,3051,2536,2954,1241,1713,3255,2289,966,3064,2206,858,64,46,18,55,29,26,12,10,2,2933,2121,812,191,83,108,12,6,6,5,0,5,5,3,2,169,74,95,177,77,100,12,6,6,4,0,4,5,3,2,156,68,88,14,6,8,0,0,0,1,0,1,0,0,0,13,6,7,5286,2003,3283
23,92,Ibrahimpatnam,Rangareddy,08,Abdullapurmet,573960,0176,WARD,Injapur,Urban,1049,4308,2248,2060,524,300,224,1026,525,501,790,436,354,2748,1578,1170,1560,670,890,1556,1179,377,1338,1066,272,25,21,4,118,68,50,49,37,12,1146,940,206,218,113,105,3,3,0,80,33,47,5,2,3,130,75,55,218,113,105,3,3,0,80,33,47,5,2,3,130,75,55,0,0,0,0,0,0,0,0,0,0,0,0,0,0,0,2752,1069,1683
23,92,Ibrahimpatnam,Rangareddy,08,Abdullapurmet,573961,0177,WARD,Kuntloor,Urban,1734,7041,3569,3472,828,414,414,1214,622,592,98,44,54,4363,2433,1930,2678,1136,1542,2960,2006,954,2448,1782,666,28,21,7,253,138,115,73,33,40,2094,1590,504,512,224,288,4,3,1,114,36,78,12,4,8,382,181,201,450,197,253,4,3,1,109,35,74,9,2,7,328,157,171,62,27,35,0,0,0,5,1,4,3,2,1,54,24,30,4081,1563,2518
23,93,Kandukur,Rangareddy,05,Balapur,574217,0178,WARD,Medibowli,Urban,477,2023,1025,998,188,104,84,108,57,51,52,32,20,1717,888,829,306,137,169,667,534,133,614,495,119,2,1,1,0,0,0,0,0,0,612,494,118,53,39,14,2,1,1,0,0,0,0,0,0,51,38,13,43,30,13,2,1,1,0,0,0,0,0,0,41,29,12,10,9,1,0,0,0,0,0,0,0,0,0,10,9,1,1356,491,865
23,93,Kandukur,Rangareddy,05,Balapur,574218,0179,WARD,Almasguda,Urban,1490,6356,3249,3107,697,367,330,619,331,288,205,115,90,4475,2438,2037,1881,811,1070,2357,1817,540,2143,1687,456,130,87,43,131,73,58,35,22,13,1847,1505,342,214,130,84,7,2,5,5,2,3,6,3,3,196,123,73,210,129,81,7,2,5,5,2,3,5,3,2,193,122,71,4,1,3,0,0,0,0,0,0,1,0,1,3,1,2,3999,1432,2567
23,93,Kandukur,Rangareddy,05,Balapur,574219,0180,WARD,Davudkhanguda,Urban,139,612,297,315,59,26,33,92,49,43,46,20,26,434,226,208,178,71,107,222,164,58,217,163,54,5,5,0,23,10,13,8,8,0,181,140,41,5,1,4,1,0,1,0,0,0,0,0,0,4,1,3,5,1,4,1,0,1,0,0,0,0,0,0,4,1,3,0,0,0,0,0,0,0,0,0,0,0,0,0,0,0,390,133,257
23,93,Kandukur,Rangareddy,05,Balapur,574220,0181,WARD,Chintalakunta,Urban,203,933,420,513,108,53,55,84,44,40,186,90,96,419,238,181,514,182,332,303,208,95,125,104,21,0,0,0,0,0,0,0,0,0,125,104,21,178,104,74,0,0,0,1,0,1,1,0,1,176,104,72,177,103,74,0,0,0,1,0,1,1,0,1,175,103,72,1,1,0,0,0,0,0,0,0,0,0,0,1,1,0,630,212,418
23,93,Kandukur,Rangareddy,05,Balapur,574221,0182,WARD,Renukapur,Urban,6,20,11,9,6,4,2,0,0,0,0,0,0,2,1,1,18,10,8,11,6,5,11,6,5,0,0,0,11,6,5,0,0,0,0,0,0,0,0,0,0,0,0,0,0,0,0,0,0,0,0,0,0,0,0,0,0,0,0,0,0,0,0,0,0,0,0,0,0,0,0,0,0,0,0,0,0,0,0,0,0,0,9,5,4
23,93,Kandukur,Rangareddy,05,Balapur,574222,0183,WARD,Jalpalle,Urban,2660,13065,6800,6265,1729,910,819,1349,700,649,251,134,117,7513,4208,3305,5552,2592,2960,4898,3298,1600,3387,2438,949,77,41,36,562,385,177,200,152,48,2548,1860,688,1511,860,651,26,13,13,225,123,102,552,348,204,708,376,332,839,452,387,25,12,13,72,42,30,187,98,89,555,300,255,672,408,264,1,1,0,153,81,72,365,250,115,153,76,77,8167,3502,4665
23,93,Kandukur,Rangareddy,05,Balapur,574223,0184,WARD,Mamidipalle,Urban,2574,12900,6677,6223,1885,1036,849,1193,656,537,512,258,254,7438,4108,3330,5462,2569,2893,4457,3261,1196,4001,3027,974,76,43,33,90,46,44,43,20,23,3792,2918,874,456,234,222,24,11,13,59,10,49,14,7,7,359,206,153,415,217,198,23,11,12,55,10,45,12,7,5,325,189,136,41,17,24,1,0,1,4,0,4,2,0,2,34,17,17,8443,3416,5027
23,93,Kandukur,Rangareddy,05,Balapur,574224,0185,WARD,Kurmalguda,Urban,351,1488,791,697,151,88,63,246,127,119,0,0,0,996,591,405,492,200,292,591,427,164,481,353,128,72,51,21,67,27,40,12,10,2,330,265,65,110,74,36,3,2,1,21,10,11,4,3,1,82,59,23,107,72,35,3,2,1,19,9,10,4,3,1,81,58,23,3,2,1,0,0,0,2,1,1,0,0,0,1,1,0,897,364,533
23,93,Kandukur,Rangareddy,05,Balapur,574225,0186,WARD,Nadargul,Urban,3426,15172,7791,7381,1649,859,790,2515,1302,1213,357,178,179,10555,5791,4764,4617,2000,2617,6462,4372,2090,5368,3760,1608,622,389,233,990,477,513,68,50,18,3688,2844,844,1094,612,482,36,17,19,402,182,220,48,17,31,608,396,212,913,503,410,33,16,17,319,136,183,32,14,18,529,337,192,181,109,72,3,1,2,83,46,37,16,3,13,79,59,20,8710,3419,5291
23,93,Kandukur,Rangareddy,05,Balapur,573957,0187,WARD,Balapur,Urban,6561,34326,17486,16840,4236,2200,2036,2479,1244,1235,160,81,79,21092,11588,9504,13234,5898,7336,11269,8513,2756,9670,7598,2072,298,197,101,502,266,236,312,138,174,8558,6997,1561,1599,915,684,211,97,114,62,34,28,60,25,35,1266,759,507,1410,776,634,211,97,114,53,27,26,34,13,21,1112,639,473,189,139,50,0,0,0,9,7,2,26,12,14,154,120,34,23057,8973,14084
23,93,Kandukur,Rangareddy,05,Balapur,573958,0188,WARD,Venkatapur,Urban,263,1223,614,609,160,72,88,83,38,45,22,11,11,719,415,304,504,199,305,474,336,138,226,164,62,4,4,0,74,43,31,9,7,2,139,110,29,248,172,76,1,0,1,28,10,18,14,10,4,205,152,53,139,100,39,1,0,1,10,6,4,11,9,2,117,85,32,109,72,37,0,0,0,18,4,14,3,1,2,88,67,21,749,278,471
23,93,Kandukur,Rangareddy,05,Balapur,573959,0189,WARD,Mallapur,Urban,838,3725,1956,1769,549,288,261,291,154,137,701,410,291,1868,1145,723,1857,811,1046,1662,1030,632,1369,944,425,136,84,52,185,92,93,21,17,4,1027,751,276,293,86,207,7,6,1,96,12,84,11,2,9,179,66,113,278,79,199,7,6,1,96,12,84,11,2,9,164,59,105,15,7,8,0,0,0,0,0,0,0,0,0,15,7,8,2063,926,1137
23,94,Rajendranagar,Rangareddy,03,Gandipet,573962,0190,WARD,Hydershakot,Urban,1388,6131,3130,3001,699,368,331,571,298,273,75,39,36,4659,2491,2168,1472,639,833,2181,1707,474,1811,1454,357,23,18,5,10,7,3,55,46,9,1723,1383,340,370,253,117,17,6,11,9,4,5,11,5,6,333,238,95,321,219,102,17,6,11,6,2,4,11,5,6,287,206,81,49,34,15,0,0,0,3,2,1,0,0,0,46,32,14,3950,1423,2527
23,94,Rajendranagar,Rangareddy,03,Gandipet,574245,0191,WARD,Alizapur,Urban,112,587,295,292,79,47,32,24,13,11,0,0,0,367,199,168,220,96,124,182,141,41,174,139,35,6,3,3,14,13,1,4,4,0,150,119,31,8,2,6,0,0,0,0,0,0,0,0,0,8,2,6,8,2,6,0,0,0,0,0,0,0,0,0,8,2,6,0,0,0,0,0,0,0,0,0,0,0,0,0,0,0,405,154,251
23,93,Kandukur,Rangareddy,06,Saroornagar,900174,0191,WARD,Gaddiannaram,Urban,8915,37079,18845,18234,3592,1905,1687,1217,625,592,380,196,184,30403,15903,14500,6676,2942,3734,13449,10339,3110,11871,9435,2436,133,103,30,81,55,26,145,93,52,11512,9184,2328,1578,904,674,66,22,44,48,30,18,90,71,19,1374,781,593,1371,739,632,65,22,43,39,24,15,38,27,11,1229,666,563,207,165,42,1,0,1,9,6,3,52,44,8,145,115,30,23630,8506,15124
23,94,Rajendranagar,Rangareddy,03,Gandipet,574246,0192,WARD,Neknampur,Urban,334,1661,834,827,243,118,125,559,282,277,5,4,1,1040,552,488,621,282,339,542,397,145,321,277,44,1,1,0,8,8,0,9,6,3,303,262,41,221,120,101,4,3,1,11,5,6,8,2,6,198,110,88,210,115,95,4,3,1,11,5,6,3,1,2,192,106,86,11,5,6,0,0,0,0,0,0,5,1,4,6,4,2,1119,437,682
23,93,Kandukur,Rangareddy,06,Saroornagar,900179,0192,WARD,Saroornagar,Urban,13608,55245,27792,27453,5536,2838,2698,2770,1427,1343,817,444,373,43136,22557,20579,12109,5235,6874,21453,15544,5909,18665,14291,4374,194,135,59,148,92,56,426,323,103,17897,13741,4156,2788,1253,1535,100,47,53,151,71,80,347,81,266,2190,1054,1136,2633,1162,1471,99,46,53,128,61,67,317,63,254,2089,992,1097,155,91,64,1,1,0,23,10,13,30,18,12,101,62,39,33792,12248,21544
23,94,Rajendranagar,Rangareddy,03,Gandipet,574247,0193,WARD,Kokapet,Urban,748,3471,1627,1844,517,233,284,310,167,143,7,5,2,1761,941,820,1710,686,1024,1394,874,520,550,369,181,14,6,8,180,102,78,22,14,8,334,247,87,844,505,339,6,6,0,49,24,25,9,5,4,780,470,310,605,375,230,6,6,0,42,20,22,9,5,4,548,344,204,239,130,109,0,0,0,7,4,3,0,0,0,232,126,106,2077,753,1324
23,93,Kandukur,Rangareddy,06,Saroornagar,900179,0193,WARD,Saroornagar,Urban,12394,51227,26325,24902,5589,2968,2621,2902,1490,1412,548,294,254,39108,20908,18200,12119,5417,6702,18722,14330,4392,16056,12599,3457,95,74,21,335,254,81,348,254,94,15278,12017,3261,2666,1731,935,60,32,28,45,30,15,73,32,41,2488,1637,851,1852,1057,795,57,29,28,30,19,11,48,19,29,1717,990,727,814,674,140,3,3,0,15,11,4,25,13,12,771,647,124,32505,11995,20510
23,94,Rajendranagar,Rangareddy,03,Gandipet,574248,0194,WARD,Manikonda Jagir,Urban,993,4093,2035,2058,576,301,275,647,320,327,13,7,6,2859,1513,1346,1234,522,712,1363,1124,239,1299,1090,209,10,10,0,10,10,0,9,6,3,1270,1064,206,64,34,30,0,0,0,1,0,1,0,0,0,63,34,29,63,33,30,0,0,0,1,0,1,0,0,0,62,33,29,1,1,0,0,0,0,0,0,0,0,0,0,1,1,0,2730,911,1819
23,93,Kandukur,Rangareddy,06,Saroornagar,900173,0194,WARD,Champapet,Urban,13591,57789,29739,28050,6772,3517,3255,6319,3201,3118,1757,957,800,42166,22923,19243,15623,6816,8807,20641,16079,4562,17894,14324,3570,356,256,100,558,473,85,535,233,302,16445,13362,3083,2747,1755,992,82,42,40,76,41,35,171,48,123,2418,1624,794,2501,1606,895,81,41,40,64,38,26,142,40,102,2214,1487,727,246,149,97,1,1,0,12,3,9,29,8,21,204,137,67,37148,13660,23488
23,94,Rajendranagar,Rangareddy,03,Gandipet,574249,0195,WARD,Manikonda_Khalsa,Urban,0,0,0,0,0,0,0,0,0,0,0,0,0,0,0,0,0,0,0,0,0,0,0,0,0,0,0,0,0,0,0,0,0,0,0,0,0,0,0,0,0,0,0,0,0,0,0,0,0,0,0,0,0,0,0,0,0,0,0,0,0,0,0,0,0,0,0,0,0,0,0,0,0,0,0,0,0,0,0,0,0,0,0,0,0
23,94,Rajendranagar,Rangareddy,03,Gandipet,574250,0196,WARD,Puppalguda,Urban,1713,7348,3742,3606,893,452,441,514,274,240,52,27,25,5179,2827,2352,2169,915,1254,2833,2003,830,2117,1565,552,95,40,55,73,42,31,30,25,5,1919,1458,461,716,438,278,23,13,10,32,21,11,8,1,7,653,403,250,647,382,265,22,12,10,17,12,5,7,1,6,601,357,244,69,56,13,1,1,0,15,9,6,1,0,1,52,46,6,4515,1739,2776
23,93,Kandukur,Rangareddy,06,Saroornagar,900175,0196,WARD,Karmanghat,Urban,19401,81484,41850,39634,9741,5112,4629,6599,3324,3275,4094,2199,1895,58101,31852,26249,23383,9998,13385,28652,21880,6772,24472,19661,4811,347,301,46,480,339,141,349,233,116,23296,18788,4508,4180,2219,1961,91,58,33,217,74,143,157,78,79,3715,2009,1706,3424,2027,1397,80,53,27,200,66,134,120,70,50,3024,1838,1186,756,192,564,11,5,6,17,8,9,37,8,29,691,171,520,52832,19970,32862
23,94,Rajendranagar,Rangareddy,19,Shamshabad,573964,0197,WARD,Shahajadibegum,Urban,0,0,0,0,0,0,0,0,0,0,0,0,0,0,0,0,0,0,0,0,0,0,0,0,0,0,0,0,0,0,0,0,0,0,0,0,0,0,0,0,0,0,0,0,0,0,0,0,0,0,0,0,0,0,0,0,0,0,0,0,0,0,0,0,0,0,0,0,0,0,0,0,0,0,0,0,0,0,0,0,0,0,0,0,0
23,94,Rajendranagar,Rangareddy,19,Shamshabad,574761,0198,WARD,Satamrai,Urban,574,2481,1267,1214,304,168,136,857,442,415,335,178,157,1316,743,573,1165,524,641,1233,736,497,1181,709,472,12,10,2,18,7,11,5,3,2,1146,689,457,52,27,25,3,3,0,3,2,1,0,0,0,46,22,24,46,24,22,3,3,0,3,2,1,0,0,0,40,19,21,6,3,3,0,0,0,0,0,0,0,0,0,6,3,3,1248,531,717
23,94,Rajendranagar,Rangareddy,19,Shamshabad,574762,0199,WARD,Pashambanda,Urban,10,42,23,19,1,1,0,0,0,0,5,2,3,31,19,12,11,4,7,21,14,7,18,14,4,9,6,3,0,0,0,0,0,0,9,8,1,3,0,3,0,0,0,3,0,3,0,0,0,0,0,0,3,0,3,0,0,0,3,0,3,0,0,0,0,0,0,0,0,0,0,0,0,0,0,0,0,0,0,0,0,0,21,9,12