DISTRICT_CODE,DIVISION_CODE,DIVISION_NAME,Name_District,Mandal_Code,Name_Mandal,Village_Code,Ward,Level1,VName,TRU,No_HH,TOT_P,TOT_M,TOT_F,P_06,M_06,F_06,P_SC,M_SC,F_SC,P_ST,M_ST,F_ST,P_LIT,M_LIT,F_LIT,P_ILL,M_ILL,F_ILL,TOT_WORK_P,TOT_WORK_M,TOT_WORK_F,MAINWORK_P,MAINWORK_M,MAINWORK_F,MAIN_CL_P,MAIN_CL_M,MAIN_CL_F,MAIN_AL_P,MAIN_AL_M,MAIN_AL_F,MAIN_HH_P,MAIN_HH_M,MAIN_HH_F,MAIN_OT_P,MAIN_OT_M,MAIN_OT_F,MARGWORK_P,MARGWORK_M,MARGWORK_F,MARG_CL_P,MARG_CL_M,MARG_CL_F,MARG_AL_P,MARG_AL_M,MARG_AL_F,MARG_HH_P,MARG_HH_M,MARG_HH_F,MARG_OT_P,MARG_OT_M,MARG_OT_F,MARGWORK_3_6_P,MARGWORK_3_6_M,MARGWORK_3_6_F,MARG_CL_3_6_P,MARG_CL_3_6_M,MARG_CL_3_6_F,MARG_AL_3_6_P,MARG_AL_3_6_M,MARG_AL_3_6_F,MARG_HH_3_6_P,MARG_HH_3_6_M,MARG_HH_3_6_F,MARG_OT_3_6_P,MARG_OT_3_6_M,MARG_OT_3_6_F,MARGWORK_0_3_P,MARGWORK_0_3_M,MARGWORK_0_3_F,MARG_CL_0_3_P,MARG_CL_0_3_M,MARG_CL_0_3_F,MARG_AL_0_3_P,MARG_AL_0_3_M,MARG_AL_0_3_F,MARG_HH_0_3_P,MARG_HH_0_3_M,MARG_HH_0_3_F,MARG_OT_0_3_P,MARG_OT_0_3_M,MARG_OT_0_3_F,NON_WORK_P,NON_WORK_M,NON_WORK_F
16,93,Narayankhed,Sangareddy,01,Kangti,571117,0000,VILLAGE,Babulgaon,Rural,322,1602,803,799,300,150,150,376,199,177,300,152,148,487,297,190,1115,506,609,868,428,440,750,401,349,60,36,24,649,342,307,8,4,4,33,19,14,118,27,91,3,1,2,115,26,89,0,0,0,0,0,0,117,26,91,3,1,2,114,25,89,0,0,0,0,0,0,1,1,0,0,0,0,1,1,0,0,0,0,0,0,0,734,375,359
16,93,Narayankhed,Sangareddy,01,Kangti,572699,0000,VILLAGE,Degulawadi,Rural,490,2497,1293,1204,374,194,180,436,230,206,409,222,187,923,581,342,1574,712,862,1162,701,461,1079,657,422,339,207,132,608,341,267,22,17,5,110,92,18,83,44,39,7,5,2,49,22,27,4,0,4,23,17,6,67,39,28,6,4,2,44,20,24,1,0,1,16,15,1,16,5,11,1,1,0,5,2,3,3,0,3,7,2,5,1335,592,743
16,93,Narayankhed,Sangareddy,01,Kangti,572700,0000,VILLAGE,Chowkanpalle,Rural,279,1622,841,781,251,129,122,351,189,162,747,380,367,588,379,209,1034,462,572,840,436,404,628,390,238,83,72,11,509,286,223,0,0,0,36,32,4,212,46,166,1,0,1,197,38,159,1,1,0,13,7,6,206,44,162,1,0,1,192,37,155,1,1,0,12,6,6,6,2,4,0,0,0,5,1,4,0,0,0,1,1,0,782,405,377
16,93,Narayankhed,Sangareddy,01,Kangti,572701,0000,VILLAGE,Borgi Aurad,Rural,474,2383,1209,1174,352,171,181,74,39,35,127,65,62,630,408,222,1753,801,952,1399,725,674,1053,626,427,595,414,181,343,119,224,23,21,2,92,72,20,346,99,247,4,2,2,313,81,232,2,0,2,27,16,11,333,90,243,3,2,1,303,73,230,2,0,2,25,15,10,13,9,4,1,0,1,10,8,2,0,0,0,2,1,1,984,484,500
16,93,Narayankhed,Sangareddy,01,Kangti,572702,0000,VILLAGE,Chapta [B],Rural,173,1038,517,521,171,94,77,350,178,172,191,97,94,446,265,181,592,252,340,505,259,246,500,258,242,188,113,75,265,113,152,6,4,2,41,28,13,5,1,4,0,0,0,5,1,4,0,0,0,0,0,0,5,1,4,0,0,0,5,1,4,0,0,0,0,0,0,0,0,0,0,0,0,0,0,0,0,0,0,0,0,0,533,258,275
16,93,Narayankhed,Sangareddy,01,Kangti,572703,0000,VILLAGE,Ghanpur,Rural,158,808,403,405,118,57,61,123,56,67,72,41,31,234,148,86,574,255,319,430,213,217,429,213,216,154,131,23,269,76,193,0,0,0,6,6,0,1,0,1,0,0,0,1,0,1,0,0,0,0,0,0,1,0,1,0,0,0,1,0,1,0,0,0,0,0,0,0,0,0,0,0,0,0,0,0,0,0,0,0,0,0,378,190,188
16,93,Narayankhed,Sangareddy,01,Kangti,572704,0000,VILLAGE,Jamgikhurd,Rural,234,1158,576,582,156,70,86,265,124,141,0,0,0,594,363,231,564,213,351,579,298,281,577,298,279,56,41,15,494,239,255,1,1,0,26,17,9,2,0,2,0,0,0,0,0,0,0,0,0,2,0,2,2,0,2,0,0,0,0,0,0,0,0,0,2,0,2,0,0,0,0,0,0,0,0,0,0,0,0,0,0,0,579,278,301
16,93,Narayankhed,Sangareddy,01,Kangti,572705,0000,VILLAGE,Jamgiburg kalan,Rural,415,2114,1055,1059,349,175,174,400,197,203,3,1,2,843,493,350,1271,562,709,1176,606,570,1146,591,555,653,351,302,410,189,221,24,17,7,59,34,25,30,15,15,2,1,1,11,6,5,4,4,0,13,4,9,30,15,15,2,1,1,11,6,5,4,4,0,13,4,9,0,0,0,0,0,0,0,0,0,0,0,0,0,0,0,938,449,489
16,93,Narayankhed,Sangareddy,01,Kangti,572706,0000,VILLAGE,Yampalle,Rural,1,1,1,0,0,0,0,0,0,0,0,0,0,1,1,0,0,0,0,1,1,0,1,1,0,0,0,0,1,1,0,0,0,0,0,0,0,0,0,0,0,0,0,0,0,0,0,0,0,0,0,0,0,0,0,0,0,0,0,0,0,0,0,0,0,0,0,0,0,0,0,0,0,0,0,0,0,0,0,0,0,0,0,0,0
16,93,Narayankhed,Sangareddy,01,Kangti,572708,0000,VILLAGE,Tadkal,Rural,746,3856,1929,1927,615,322,293,360,184,176,277,151,126,1654,980,674,2202,949,1253,1536,1014,522,1375,913,462,233,172,61,703,377,326,41,26,15,398,338,60,161,101,60,5,5,0,120,62,58,6,6,0,30,28,2,110,79,31,3,3,0,75,45,30,5,5,0,27,26,1,51,22,29,2,2,0,45,17,28,1,1,0,3,2,1,2320,915,1405
16,93,Narayankhed,Sangareddy,01,Kangti,572709,0000,VILLAGE,Murkunjal,Rural,205,1015,515,500,142,70,72,254,134,120,13,6,7,422,257,165,593,258,335,532,265,267,499,245,254,81,43,38,371,181,190,4,2,2,43,19,24,33,20,13,2,1,1,10,6,4,1,1,0,20,12,8,26,16,10,2,1,1,9,6,3,1,1,0,14,8,6,7,4,3,0,0,0,1,0,1,0,0,0,6,4,2,483,250,233
16,93,Narayankhed,Sangareddy,01,Kangti,572710,0000,VILLAGE,Chapta [Khurd],Rural,281,1540,784,756,176,84,92,381,201,180,0,0,0,728,443,285,812,341,471,674,441,233,666,438,228,251,193,58,386,221,165,10,7,3,19,17,2,8,3,5,1,0,1,4,2,2,1,0,1,2,1,1,4,1,3,1,0,1,1,0,1,1,0,1,1,1,0,4,2,2,0,0,0,3,2,1,0,0,0,1,0,1,866,343,523
16,93,Narayankhed,Sangareddy,01,Kangti,572711,0000,VILLAGE,Kangti,Rural,721,4207,2200,2007,610,324,286,694,394,300,651,333,318,2169,1353,816,2038,847,1191,1685,1019,666,1549,961,588,650,382,268,492,239,253,49,29,20,358,311,47,136,58,78,23,8,15,71,16,55,6,3,3,36,31,5,128,55,73,23,8,15,68,16,52,3,2,1,34,29,5,8,3,5,0,0,0,3,0,3,3,1,2,2,2,0,2522,1181,1341
16,93,Narayankhed,Sangareddy,01,Kangti,572712,0000,VILLAGE,Bheemra,Rural,362,1997,1040,957,290,158,132,573,284,289,231,131,100,859,523,336,1138,517,621,1010,545,465,980,531,449,199,125,74,689,331,358,5,3,2,87,72,15,30,14,16,7,3,4,8,4,4,2,0,2,13,7,6,30,14,16,7,3,4,8,4,4,2,0,2,13,7,6,0,0,0,0,0,0,0,0,0,0,0,0,0,0,0,987,495,492
16,93,Narayankhed,Sangareddy,01,Kangti,572713,0000,VILLAGE,Nagoor [K],Rural,236,1390,696,694,206,95,111,266,130,136,127,66,61,616,375,241,774,321,453,696,387,309,686,382,304,284,138,146,267,139,128,6,2,4,129,103,26,10,5,5,0,0,0,4,1,3,1,0,1,5,4,1,10,5,5,0,0,0,4,1,3,1,0,1,5,4,1,0,0,0,0,0,0,0,0,0,0,0,0,0,0,0,694,309,385
16,93,Narayankhed,Sangareddy,01,Kangti,572714,0000,VILLAGE,Nagoor [B],Rural,335,1860,942,918,271,147,124,363,193,170,103,56,47,644,390,254,1216,552,664,1022,513,509,801,423,378,419,228,191,309,150,159,6,5,1,67,40,27,221,90,131,2,2,0,197,76,121,0,0,0,22,12,10,221,90,131,2,2,0,197,76,121,0,0,0,22,12,10,0,0,0,0,0,0,0,0,0,0,0,0,0,0,0,838,429,409
16,93,Narayankhed,Sangareddy,01,Kangti,572715,0000,VILLAGE,Turkwadgaon,Rural,609,3507,1768,1739,578,290,288,803,397,406,840,419,421,1305,853,452,2202,915,1287,1804,945,859,1589,895,694,504,289,215,945,510,435,24,10,14,116,86,30,215,50,165,2,2,0,192,37,155,7,3,4,14,8,6,210,47,163,2,2,0,188,35,153,7,3,4,13,7,6,5,3,2,0,0,0,4,2,2,0,0,0,1,1,0,1703,823,880
16,93,Narayankhed,Sangareddy,01,Kangti,572716,0000,VILLAGE,Sukalteerth,Rural,204,1277,630,647,168,88,80,400,196,204,110,62,48,487,281,206,790,349,441,776,369,407,738,358,380,244,125,119,423,196,227,0,0,0,71,37,34,38,11,27,0,0,0,19,5,14,1,0,1,18,6,12,38,11,27,0,0,0,19,5,14,1,0,1,18,6,12,0,0,0,0,0,0,0,0,0,0,0,0,0,0,0,501,261,240
16,93,Narayankhed,Sangareddy,01,Kangti,572717,0000,VILLAGE,Gajulpahad,Rural,353,1845,943,902,316,167,149,270,137,133,493,250,243,578,361,217,1267,582,685,1077,551,526,1066,547,519,615,306,309,322,157,165,14,7,7,115,77,38,11,4,7,4,2,2,5,1,4,0,0,0,2,1,1,11,4,7,4,2,2,5,1,4,0,0,0,2,1,1,0,0,0,0,0,0,0,0,0,0,0,0,0,0,0,768,392,376
16,93,Narayankhed,Sangareddy,01,Kangti,572718,0000,VILLAGE,Rasole,Rural,215,1045,511,534,147,76,71,266,136,130,0,0,0,424,258,166,621,253,368,554,293,261,539,287,252,266,150,116,238,106,132,2,1,1,33,30,3,15,6,9,5,4,1,10,2,8,0,0,0,0,0,0,15,6,9,5,4,1,10,2,8,0,0,0,0,0,0,0,0,0,0,0,0,0,0,0,0,0,0,0,0,0,491,218,273
16,93,Narayankhed,Sangareddy,01,Kangti,572719,0000,VILLAGE,Bhanswada,Rural,153,736,373,363,93,52,41,291,144,147,0,0,0,309,177,132,427,196,231,385,194,191,220,187,33,18,15,3,189,163,26,0,0,0,13,9,4,165,7,158,0,0,0,164,7,157,1,0,1,0,0,0,96,5,91,0,0,0,95,5,90,1,0,1,0,0,0,69,2,67,0,0,0,69,2,67,0,0,0,0,0,0,351,179,172
16,93,Narayankhed,Sangareddy,01,Kangti,572720,0000,VILLAGE,Damaragiddi [Panchamahal],Rural,270,1432,740,692,167,95,72,367,174,193,0,0,0,660,425,235,772,315,457,850,420,430,678,401,277,191,165,26,408,167,241,11,11,0,68,58,10,172,19,153,6,2,4,156,11,145,1,0,1,9,6,3,162,17,145,4,1,3,148,10,138,1,0,1,9,6,3,10,2,8,2,1,1,8,1,7,0,0,0,0,0,0,582,320,262
16,93,Narayankhed,Sangareddy,02,Sirgapoor,572721,0000,VILLAGE,Gardegaon,Rural,225,1173,591,582,157,81,76,155,74,81,0,0,0,445,260,185,728,331,397,644,329,315,529,311,218,181,148,33,286,113,173,12,8,4,50,42,8,115,18,97,0,0,0,93,7,86,3,3,0,19,8,11,114,17,97,0,0,0,93,7,86,3,3,0,18,7,11,1,1,0,0,0,0,0,0,0,0,0,0,1,1,0,529,262,267
16,93,Narayankhed,Sangareddy,01,Kangti,572722,0000,VILLAGE,Naganpalle,Rural,240,1199,613,586,148,75,73,279,151,128,0,0,0,514,317,197,685,296,389,614,358,256,469,269,200,243,138,105,161,92,69,20,4,16,45,35,10,145,89,56,8,7,1,119,73,46,11,3,8,7,6,1,94,60,34,6,6,0,75,48,27,6,0,6,7,6,1,51,29,22,2,1,1,44,25,19,5,3,2,0,0,0,585,255,330
16,93,Narayankhed,Sangareddy,02,Sirgapoor,572723,0000,VILLAGE,Potpalle,Rural,203,1195,618,577,167,87,80,401,203,198,227,129,98,485,305,180,710,313,397,679,363,316,678,363,315,442,259,183,159,45,114,0,0,0,77,59,18,1,0,1,0,0,0,1,0,1,0,0,0,0,0,0,1,0,1,0,0,0,1,0,1,0,0,0,0,0,0,0,0,0,0,0,0,0,0,0,0,0,0,0,0,0,516,255,261
16,93,Narayankhed,Sangareddy,01,Kangti,572724,0000,VILLAGE,Ramathirath,Rural,236,1262,634,628,182,88,94,0,0,0,164,82,82,429,265,164,833,369,464,666,366,300,610,331,279,143,96,47,383,174,209,5,4,1,79,57,22,56,35,21,0,0,0,52,31,21,0,0,0,4,4,0,54,33,21,0,0,0,50,29,21,0,0,0,4,4,0,2,2,0,0,0,0,2,2,0,0,0,0,0,0,0,596,268,328
16,93,Narayankhed,Sangareddy,01,Kangti,572725,0000,VILLAGE,Sidhangarga,Rural,289,1598,834,764,209,107,102,464,246,218,154,74,80,610,385,225,988,449,539,825,478,347,817,472,345,268,167,101,347,128,219,26,26,0,176,151,25,8,6,2,0,0,0,0,0,0,0,0,0,8,6,2,8,6,2,0,0,0,0,0,0,0,0,0,8,6,2,0,0,0,0,0,0,0,0,0,0,0,0,0,0,0,773,356,417
16,93,Narayankhed,Sangareddy,01,Kangti,572726,0000,VILLAGE,Enkemori,Rural,215,1106,573,533,177,95,82,255,130,125,101,51,50,261,143,118,845,430,415,610,333,277,583,326,257,421,279,142,143,34,109,0,0,0,19,13,6,27,7,20,3,2,1,21,3,18,0,0,0,3,2,1,25,7,18,3,2,1,20,3,17,0,0,0,2,2,0,2,0,2,0,0,0,1,0,1,0,0,0,1,0,1,496,240,256
16,93,Narayankhed,Sangareddy,02,Sirgapoor,572727,0000,VILLAGE,Wasar,Rural,611,3652,1902,1750,554,291,263,498,267,231,1518,782,736,1445,924,521,2207,978,1229,1943,970,973,1642,830,812,126,81,45,1262,624,638,17,2,15,237,123,114,301,140,161,1,1,0,263,116,147,12,6,6,25,17,8,266,130,136,1,1,0,233,109,124,12,6,6,20,14,6,35,10,25,0,0,0,30,7,23,0,0,0,5,3,2,1709,932,777
16,93,Narayankhed,Sangareddy,02,Sirgapoor,572728,0000,VILLAGE,Wangdhal,Rural,342,1939,1001,938,321,162,159,264,139,125,882,451,431,733,457,276,1206,544,662,957,535,422,934,524,410,126,102,24,745,381,364,8,0,8,55,41,14,23,11,12,1,0,1,7,4,3,2,0,2,13,7,6,19,9,10,1,0,1,7,4,3,0,0,0,11,5,6,4,2,2,0,0,0,0,0,0,2,0,2,2,2,0,982,466,516
16,93,Narayankhed,Sangareddy,02,Sirgapoor,572729,0000,VILLAGE,Goudgaon [K],Rural,101,544,268,276,72,33,39,211,108,103,0,0,0,247,150,97,297,118,179,316,163,153,285,154,131,158,91,67,103,49,54,13,7,6,11,7,4,31,9,22,10,2,8,14,6,8,2,0,2,5,1,4,23,7,16,6,0,6,13,6,7,0,0,0,4,1,3,8,2,6,4,2,2,1,0,1,2,0,2,1,0,1,228,105,123
16,93,Narayankhed,Sangareddy,02,Sirgapoor,572730,0000,VILLAGE,Chimal Pahad,Rural,237,1217,622,595,167,83,84,250,129,121,0,0,0,519,317,202,698,305,393,670,359,311,488,326,162,74,64,10,344,227,117,1,0,1,69,35,34,182,33,149,35,3,32,142,27,115,0,0,0,5,3,2,145,23,122,26,1,25,114,19,95,0,0,0,5,3,2,37,10,27,9,2,7,28,8,20,0,0,0,0,0,0,547,263,284
16,93,Narayankhed,Sangareddy,02,Sirgapoor,572731,0000,VILLAGE,Sangam,Rural,71,360,196,164,75,48,27,66,34,32,88,47,41,120,80,40,240,116,124,205,107,98,205,107,98,142,77,65,61,28,33,0,0,0,2,2,0,0,0,0,0,0,0,0,0,0,0,0,0,0,0,0,0,0,0,0,0,0,0,0,0,0,0,0,0,0,0,0,0,0,0,0,0,0,0,0,0,0,0,0,0,0,155,89,66
16,93,Narayankhed,Sangareddy,05,Nagalgidda,572732,0000,VILLAGE,Goudgaon (Janwada),Rural,93,554,292,262,33,23,10,1,0,1,0,0,0,363,230,133,191,62,129,277,138,139,276,138,138,97,47,50,177,90,87,2,1,1,0,0,0,1,0,1,0,0,0,1,0,1,0,0,0,0,0,0,1,0,1,0,0,0,1,0,1,0,0,0,0,0,0,0,0,0,0,0,0,0,0,0,0,0,0,0,0,0,277,154,123
16,93,Narayankhed,Sangareddy,05,Nagalgidda,572733,0000,VILLAGE,Audathpur,Rural,285,1553,795,758,233,117,116,246,125,121,96,50,46,625,380,245,928,415,513,796,443,353,621,365,256,144,92,52,312,166,146,54,14,40,111,93,18,175,78,97,37,16,21,108,55,53,15,0,15,15,7,8,165,71,94,37,16,21,101,50,51,14,0,14,13,5,8,10,7,3,0,0,0,7,5,2,1,0,1,2,2,0,757,352,405
16,93,Narayankhed,Sangareddy,05,Nagalgidda,572734,0000,VILLAGE,Yesgi,Rural,222,1136,561,575,182,95,87,260,121,139,101,56,45,427,243,184,709,318,391,416,265,151,413,264,149,261,169,92,91,57,34,18,4,14,43,34,9,3,1,2,0,0,0,3,1,2,0,0,0,0,0,0,3,1,2,0,0,0,3,1,2,0,0,0,0,0,0,0,0,0,0,0,0,0,0,0,0,0,0,0,0,0,720,296,424
16,93,Narayankhed,Sangareddy,05,Nagalgidda,572735,0000,VILLAGE,Karsgutti,Rural,666,3465,1767,1698,567,275,292,568,286,282,1491,759,732,976,627,349,2489,1140,1349,1864,943,921,280,233,47,132,127,5,124,84,40,3,3,0,21,19,2,1584,710,874,3,2,1,1525,677,848,15,5,10,41,26,15,1514,683,831,3,2,1,1481,660,821,4,2,2,26,19,7,70,27,43,0,0,0,44,17,27,11,3,8,15,7,8,1601,824,777
16,93,Narayankhed,Sangareddy,05,Nagalgidda,572736,0000,VILLAGE,Errakipalle,Rural,648,3822,1971,1851,645,335,310,458,224,234,2482,1295,1187,1144,762,382,2678,1209,1469,2229,1086,1143,2040,1032,1008,1343,706,637,663,301,362,5,3,2,29,22,7,189,54,135,42,21,21,144,31,113,0,0,0,3,2,1,180,51,129,37,19,18,140,30,110,0,0,0,3,2,1,9,3,6,5,2,3,4,1,3,0,0,0,0,0,0,1593,885,708
16,93,Narayankhed,Sangareddy,05,Nagalgidda,572737,0000,VILLAGE,Enekpalle,Rural,253,1563,814,749,219,126,93,272,134,138,843,454,389,524,352,172,1039,462,577,921,465,456,654,376,278,368,245,123,277,122,155,0,0,0,9,9,0,267,89,178,3,2,1,264,87,177,0,0,0,0,0,0,180,44,136,2,2,0,178,42,136,0,0,0,0,0,0,87,45,42,1,0,1,86,45,41,0,0,0,0,0,0,642,349,293
16,93,Narayankhed,Sangareddy,05,Nagalgidda,572738,0000,VILLAGE,Utpalle,Rural,251,1127,561,566,179,85,94,159,68,91,32,17,15,467,270,197,660,291,369,581,296,285,580,295,285,57,35,22,491,234,257,0,0,0,32,26,6,1,1,0,0,0,0,1,1,0,0,0,0,0,0,0,0,0,0,0,0,0,0,0,0,0,0,0,0,0,0,1,1,0,0,0,0,1,1,0,0,0,0,0,0,0,546,265,281
16,93,Narayankhed,Sangareddy,05,Nagalgidda,572739,0000,VILLAGE,Shari Damargidda,Rural,342,1939,1017,922,317,167,150,324,175,149,897,482,415,746,474,272,1193,543,650,1098,576,522,1033,542,491,104,73,31,894,444,450,6,4,2,29,21,8,65,34,31,1,0,1,53,24,29,1,0,1,10,10,0,47,25,22,1,0,1,36,16,20,1,0,1,9,9,0,18,9,9,0,0,0,17,8,9,0,0,0,1,1,0,841,441,400
16,93,Narayankhed,Sangareddy,05,Nagalgidda,572740,0000,VILLAGE,Yarriboguda,Rural,85,507,243,264,75,34,41,192,90,102,40,18,22,193,117,76,314,126,188,249,133,116,248,133,115,92,49,43,143,72,71,0,0,0,13,12,1,1,0,1,0,0,0,0,0,0,1,0,1,0,0,0,1,0,1,0,0,0,0,0,0,1,0,1,0,0,0,0,0,0,0,0,0,0,0,0,0,0,0,0,0,0,258,110,148
16,93,Narayankhed,Sangareddy,05,Nagalgidda,572741,0000,VILLAGE,Nagalgidda,Rural,310,1738,863,875,229,117,112,523,255,268,317,157,160,763,472,291,975,391,584,959,503,456,298,244,54,124,114,10,84,49,35,2,2,0,88,79,9,661,259,402,43,35,8,594,205,389,12,8,4,12,11,1,656,257,399,43,35,8,592,205,387,9,6,3,12,11,1,5,2,3,0,0,0,2,0,2,3,2,1,0,0,0,779,360,419
16,93,Narayankhed,Sangareddy,05,Nagalgidda,572742,0000,VILLAGE,Gondagaon,Rural,223,1163,588,575,144,72,72,272,134,138,0,0,0,556,308,248,607,280,327,524,344,180,513,340,173,154,134,20,313,171,142,14,9,5,32,26,6,11,4,7,0,0,0,9,4,5,1,0,1,1,0,1,8,3,5,0,0,0,6,3,3,1,0,1,1,0,1,3,1,2,0,0,0,3,1,2,0,0,0,0,0,0,639,244,395
16,93,Narayankhed,Sangareddy,05,Nagalgidda,572743,0000,VILLAGE,Mavinelli,Rural,451,2206,1162,1044,325,169,156,325,181,144,1152,596,556,936,594,342,1270,568,702,1204,627,577,1197,625,572,642,446,196,520,152,368,1,1,0,34,26,8,7,2,5,0,0,0,2,0,2,1,0,1,4,2,2,6,2,4,0,0,0,2,0,2,0,0,0,4,2,2,1,0,1,0,0,0,0,0,0,1,0,1,0,0,0,1002,535,467
16,93,Narayankhed,Sangareddy,05,Nagalgidda,572744,0000,VILLAGE,Shikarkhana,Rural,111,566,292,274,60,31,29,112,61,51,0,0,0,282,176,106,284,116,168,288,167,121,178,105,73,86,52,34,68,34,34,0,0,0,24,19,5,110,62,48,1,0,1,39,13,26,0,0,0,70,49,21,109,62,47,1,0,1,39,13,26,0,0,0,69,49,20,1,0,1,0,0,0,0,0,0,0,0,0,1,0,1,278,125,153
16,93,Narayankhed,Sangareddy,05,Nagalgidda,572745,0000,VILLAGE,Kharamungi,Rural,482,2905,1484,1421,424,214,210,114,59,55,40,26,14,1334,782,552,1571,702,869,1593,841,752,1581,835,746,5,4,1,1399,713,686,5,0,5,172,118,54,12,6,6,0,0,0,6,1,5,0,0,0,6,5,1,8,3,5,0,0,0,4,0,4,0,0,0,4,3,1,4,3,1,0,0,0,2,1,1,0,0,0,2,2,0,1312,643,669
16,93,Narayankhed,Sangareddy,05,Nagalgidda,572746,0000,VILLAGE,Shapur,Rural,155,854,416,438,98,48,50,195,98,97,0,0,0,394,212,182,460,204,256,343,215,128,343,215,128,41,34,7,290,169,121,0,0,0,12,12,0,0,0,0,0,0,0,0,0,0,0,0,0,0,0,0,0,0,0,0,0,0,0,0,0,0,0,0,0,0,0,0,0,0,0,0,0,0,0,0,0,0,0,0,0,0,511,201,310
16,93,Narayankhed,Sangareddy,05,Nagalgidda,572747,0000,VILLAGE,Morgi,Rural,203,1015,513,502,96,50,46,393,203,190,0,0,0,493,296,197,522,217,305,489,307,182,450,278,172,77,75,2,334,173,161,0,0,0,39,30,9,39,29,10,0,0,0,33,25,8,0,0,0,6,4,2,36,27,9,0,0,0,31,24,7,0,0,0,5,3,2,3,2,1,0,0,0,2,1,1,0,0,0,1,1,0,526,206,320
16,93,Narayankhed,Sangareddy,05,Nagalgidda,572748,0000,VILLAGE,Gudur,Rural,226,1200,597,603,180,84,96,307,156,151,0,0,0,574,342,232,626,255,371,636,321,315,626,319,307,142,131,11,451,165,286,3,2,1,30,21,9,10,2,8,1,1,0,7,1,6,1,0,1,1,0,1,5,1,4,1,1,0,2,0,2,1,0,1,1,0,1,5,1,4,0,0,0,5,1,4,0,0,0,0,0,0,564,276,288
16,93,Narayankhed,Sangareddy,05,Nagalgidda,572749,0000,VILLAGE,Keswar,Rural,80,383,211,172,36,21,15,196,121,75,0,0,0,177,113,64,206,98,108,215,116,99,197,112,85,131,73,58,62,36,26,0,0,0,4,3,1,18,4,14,2,0,2,16,4,12,0,0,0,0,0,0,18,4,14,2,0,2,16,4,12,0,0,0,0,0,0,0,0,0,0,0,0,0,0,0,0,0,0,0,0,0,168,95,73
16,93,Narayankhed,Sangareddy,05,Nagalgidda,572750,0000,VILLAGE,Valloor,Rural,270,1495,799,696,216,109,107,437,223,214,0,0,0,602,367,235,893,432,461,782,464,318,682,404,278,270,166,104,341,196,145,2,2,0,69,40,29,100,60,40,2,1,1,93,56,37,1,1,0,4,2,2,98,59,39,2,1,1,92,56,36,0,0,0,4,2,2,2,1,1,0,0,0,1,0,1,1,1,0,0,0,0,713,335,378
16,93,Narayankhed,Sangareddy,05,Nagalgidda,572751,0000,VILLAGE,Pusalpahad,Rural,114,561,290,271,58,33,25,164,91,73,0,0,0,254,164,90,307,126,181,297,149,148,267,140,127,130,72,58,120,56,64,3,2,1,14,10,4,30,9,21,1,0,1,18,4,14,1,1,0,10,4,6,26,7,19,1,0,1,14,2,12,1,1,0,10,4,6,4,2,2,0,0,0,4,2,2,0,0,0,0,0,0,264,141,123
16,93,Narayankhed,Sangareddy,05,Nagalgidda,572752,0000,VILLAGE,Mukthapur,Rural,224,1146,604,542,185,96,89,328,165,163,64,31,33,557,318,239,589,286,303,580,285,295,576,284,292,5,4,1,541,260,281,18,12,6,12,8,4,4,1,3,0,0,0,3,1,2,0,0,0,1,0,1,4,1,3,0,0,0,3,1,2,0,0,0,1,0,1,0,0,0,0,0,0,0,0,0,0,0,0,0,0,0,566,319,247
16,93,Narayankhed,Sangareddy,06,Manoor,572753,0000,VILLAGE,Shelgera,Rural,284,1536,789,747,195,94,101,305,152,153,39,20,19,651,383,268,885,406,479,883,470,413,822,443,379,130,118,12,575,246,329,10,6,4,107,73,34,61,27,34,2,0,2,55,26,29,1,0,1,3,1,2,57,27,30,1,0,1,53,26,27,0,0,0,3,1,2,4,0,4,1,0,1,2,0,2,1,0,1,0,0,0,653,319,334
16,93,Narayankhed,Sangareddy,06,Manoor,572754,0000,VILLAGE,Kamalapur,Rural,72,435,216,219,73,35,38,105,48,57,92,46,46,169,100,69,266,116,150,262,144,118,234,130,104,61,42,19,123,50,73,3,2,1,47,36,11,28,14,14,1,0,1,3,0,3,0,0,0,24,14,10,25,13,12,1,0,1,1,0,1,0,0,0,23,13,10,3,1,2,0,0,0,2,0,2,0,0,0,1,1,0,173,72,101
16,93,Narayankhed,Sangareddy,06,Manoor,572755,0000,VILLAGE,Timmapur,Rural,184,985,496,489,126,66,60,177,94,83,240,105,135,446,293,153,539,203,336,561,283,278,435,223,212,42,29,13,349,162,187,3,1,2,41,31,10,126,60,66,4,1,3,84,28,56,3,3,0,35,28,7,123,58,65,4,1,3,83,27,56,2,2,0,34,28,6,3,2,1,0,0,0,1,1,0,1,1,0,1,0,1,424,213,211
16,93,Narayankhed,Sangareddy,06,Manoor,572756,0000,VILLAGE,Davvur,Rural,378,1983,1022,961,293,154,139,651,339,312,211,107,104,755,464,291,1228,558,670,1033,539,494,713,388,325,167,107,60,444,221,223,15,1,14,87,59,28,320,151,169,13,7,6,269,133,136,19,5,14,19,6,13,300,145,155,11,6,5,268,133,135,7,2,5,14,4,10,20,6,14,2,1,1,1,0,1,12,3,9,5,2,3,950,483,467
16,93,Narayankhed,Sangareddy,06,Manoor,572757,0000,VILLAGE,Manoor,Rural,352,1900,1003,897,230,120,110,265,135,130,100,65,35,825,526,299,1075,477,598,978,530,448,722,437,285,283,189,94,297,141,156,24,9,15,118,98,20,256,93,163,18,11,7,217,73,144,13,4,9,8,5,3,182,71,111,8,5,3,155,59,96,12,3,9,7,4,3,74,22,52,10,6,4,62,14,48,1,1,0,1,1,0,922,473,449
16,93,Narayankhed,Sangareddy,06,Manoor,572758,0000,VILLAGE,Dosapalle,Rural,74,292,137,155,39,17,22,104,49,55,0,0,0,116,66,50,176,71,105,182,90,92,159,80,79,93,53,40,59,23,36,0,0,0,7,4,3,23,10,13,21,10,11,2,0,2,0,0,0,0,0,0,6,1,5,4,1,3,2,0,2,0,0,0,0,0,0,17,9,8,17,9,8,0,0,0,0,0,0,0,0,0,110,47,63
16,93,Narayankhed,Sangareddy,06,Manoor,572759,0000,VILLAGE,Yelgoi,Rural,338,1784,931,853,265,147,118,246,120,126,73,39,34,673,416,257,1111,515,596,1068,581,487,951,555,396,221,186,35,532,266,266,2,2,0,196,101,95,117,26,91,66,5,61,30,12,18,0,0,0,21,9,12,111,24,87,61,4,57,29,11,18,0,0,0,21,9,12,6,2,4,5,1,4,1,1,0,0,0,0,0,0,0,716,350,366
16,93,Narayankhed,Sangareddy,06,Manoor,572760,0000,VILLAGE,Thornal,Rural,222,1222,609,613,147,76,71,301,160,141,0,0,0,595,339,256,627,270,357,716,369,347,658,351,307,206,177,29,412,143,269,1,1,0,39,30,9,58,18,40,19,2,17,38,15,23,0,0,0,1,1,0,57,18,39,18,2,16,38,15,23,0,0,0,1,1,0,1,0,1,1,0,1,0,0,0,0,0,0,0,0,0,506,240,266
16,93,Narayankhed,Sangareddy,06,Manoor,572761,0000,VILLAGE,Nadigadda Hukrana,Rural,233,881,415,466,105,48,57,296,127,169,0,0,0,309,190,119,572,225,347,617,298,319,596,288,308,182,99,83,408,188,220,0,0,0,6,1,5,21,10,11,5,5,0,13,4,9,0,0,0,3,1,2,16,7,9,4,4,0,12,3,9,0,0,0,0,0,0,5,3,2,1,1,0,1,1,0,0,0,0,3,1,2,264,117,147
16,93,Narayankhed,Sangareddy,06,Manoor,572762,0000,VILLAGE,Pulkurthy,Rural,306,1596,738,858,210,100,110,421,207,214,2,0,2,846,437,409,750,301,449,716,427,289,668,411,257,215,154,61,293,146,147,4,3,1,156,108,48,48,16,32,2,0,2,43,14,29,0,0,0,3,2,1,38,10,28,2,0,2,35,9,26,0,0,0,1,1,0,10,6,4,0,0,0,8,5,3,0,0,0,2,1,1,880,311,569
16,93,Narayankhed,Sangareddy,06,Manoor,572763,0000,VILLAGE,Badalgaon,Rural,216,971,488,483,114,55,59,211,110,101,29,15,14,435,276,159,536,212,324,519,287,232,512,283,229,160,96,64,280,141,139,13,6,7,59,40,19,7,4,3,1,1,0,6,3,3,0,0,0,0,0,0,7,4,3,1,1,0,6,3,3,0,0,0,0,0,0,0,0,0,0,0,0,0,0,0,0,0,0,0,0,0,452,201,251
16,93,Narayankhed,Sangareddy,06,Manoor,572764,0000,VILLAGE,Athimail,Rural,292,1445,714,731,168,82,86,355,189,166,0,0,0,675,412,263,770,302,468,754,409,345,420,244,176,57,55,2,345,177,168,0,0,0,18,12,6,334,165,169,13,5,8,310,151,159,0,0,0,11,9,2,324,161,163,13,5,8,300,147,153,0,0,0,11,9,2,10,4,6,0,0,0,10,4,6,0,0,0,0,0,0,691,305,386
16,93,Narayankhed,Sangareddy,06,Manoor,572765,0000,VILLAGE,Bellapur,Rural,358,1917,1011,906,241,114,127,246,129,117,0,0,0,943,615,328,974,396,578,807,549,258,783,541,242,122,116,6,483,268,215,9,8,1,169,149,20,24,8,16,2,1,1,15,2,13,0,0,0,7,5,2,23,7,16,2,1,1,14,1,13,0,0,0,7,5,2,1,1,0,0,0,0,1,1,0,0,0,0,0,0,0,1110,462,648
16,93,Narayankhed,Sangareddy,06,Manoor,572766,0000,VILLAGE,Maikode,Rural,401,1997,1032,965,243,130,113,446,238,208,142,78,64,936,572,364,1061,460,601,1062,576,486,482,323,159,342,241,101,94,54,40,0,0,0,46,28,18,580,253,327,5,3,2,561,237,324,0,0,0,14,13,1,578,253,325,5,3,2,559,237,322,0,0,0,14,13,1,2,0,2,0,0,0,2,0,2,0,0,0,0,0,0,935,456,479
16,93,Narayankhed,Sangareddy,06,Manoor,572767,0000,VILLAGE,Ranapur,Rural,233,1262,676,586,136,77,59,432,223,209,67,40,27,609,396,213,653,280,373,669,368,301,406,256,150,70,67,3,311,169,142,1,1,0,24,19,5,263,112,151,6,1,5,251,107,144,0,0,0,6,4,2,263,112,151,6,1,5,251,107,144,0,0,0,6,4,2,0,0,0,0,0,0,0,0,0,0,0,0,0,0,0,593,308,285
16,93,Narayankhed,Sangareddy,06,Manoor,572768,0000,VILLAGE,Gatlingampalle,Rural,37,172,85,87,29,16,13,43,23,20,0,0,0,79,43,36,93,42,51,84,49,35,84,49,35,25,16,9,53,28,25,1,1,0,5,4,1,0,0,0,0,0,0,0,0,0,0,0,0,0,0,0,0,0,0,0,0,0,0,0,0,0,0,0,0,0,0,0,0,0,0,0,0,0,0,0,0,0,0,0,0,0,88,36,52
16,93,Narayankhed,Sangareddy,06,Manoor,572769,0000,VILLAGE,Dudhagonda,Rural,259,1291,658,633,123,60,63,353,171,182,0,0,0,586,362,224,705,296,409,735,392,343,709,382,327,171,92,79,509,271,238,0,0,0,29,19,10,26,10,16,5,2,3,18,6,12,1,0,1,2,2,0,23,8,15,4,2,2,17,5,12,1,0,1,1,1,0,3,2,1,1,0,1,1,1,0,0,0,0,1,1,0,556,266,290
16,93,Narayankhed,Sangareddy,06,Manoor,572770,0000,VILLAGE,Tumnoor,Rural,179,983,498,485,122,57,65,294,147,147,48,22,26,323,196,127,660,302,358,563,284,279,561,283,278,413,211,202,145,71,74,0,0,0,3,1,2,2,1,1,2,1,1,0,0,0,0,0,0,0,0,0,2,1,1,2,1,1,0,0,0,0,0,0,0,0,0,0,0,0,0,0,0,0,0,0,0,0,0,0,0,0,420,214,206
16,93,Narayankhed,Sangareddy,06,Manoor,572771,0000,VILLAGE,Mugdumpur,Rural,81,426,210,216,66,30,36,274,138,136,0,0,0,159,96,63,267,114,153,217,115,102,210,111,99,23,13,10,179,92,87,4,3,1,4,3,1,7,4,3,2,2,0,5,2,3,0,0,0,0,0,0,7,4,3,2,2,0,5,2,3,0,0,0,0,0,0,0,0,0,0,0,0,0,0,0,0,0,0,0,0,0,209,95,114
16,93,Narayankhed,Sangareddy,06,Manoor,572772,0000,VILLAGE,Borancha,Rural,472,2478,1265,1213,310,179,131,419,198,221,0,0,0,1066,660,406,1412,605,807,1322,712,610,949,593,356,265,180,85,493,244,249,19,17,2,172,152,20,373,119,254,3,0,3,332,96,236,10,4,6,28,19,9,342,109,233,3,0,3,310,90,220,5,1,4,24,18,6,31,10,21,0,0,0,22,6,16,5,3,2,4,1,3,1156,553,603
16,93,Narayankhed,Sangareddy,06,Manoor,572773,0000,VILLAGE,Danvar,Rural,212,1145,581,564,121,62,59,357,177,180,0,0,0,606,375,231,539,206,333,591,341,250,516,318,198,95,69,26,321,161,160,0,0,0,100,88,12,75,23,52,10,0,10,60,22,38,1,0,1,4,1,3,35,12,23,8,0,8,27,12,15,0,0,0,0,0,0,40,11,29,2,0,2,33,10,23,1,0,1,4,1,3,554,240,314
16,93,Narayankhed,Sangareddy,06,Manoor,572774,0000,VILLAGE,Islampur,Rural,44,200,94,106,15,7,8,4,2,2,0,0,0,60,36,24,140,58,82,123,59,64,113,56,57,12,7,5,93,43,50,3,1,2,5,5,0,10,3,7,2,2,0,1,0,1,2,0,2,5,1,4,9,2,7,1,1,0,1,0,1,2,0,2,5,1,4,1,1,0,1,1,0,0,0,0,0,0,0,0,0,0,77,35,42
16,93,Narayankhed,Sangareddy,06,Manoor,572775,0000,VILLAGE,Raipalle,Rural,217,1096,578,518,145,82,63,185,92,93,0,0,0,560,355,205,536,223,313,628,362,266,474,274,200,96,67,29,264,130,134,56,33,23,58,44,14,154,88,66,4,4,0,19,10,9,80,42,38,51,32,19,124,69,55,3,3,0,19,10,9,55,26,29,47,30,17,30,19,11,1,1,0,0,0,0,25,16,9,4,2,2,468,216,252
16,93,Narayankhed,Sangareddy,06,Manoor,572776,0000,VILLAGE,Usirkapalle,Rural,130,606,301,305,68,31,37,19,8,11,0,0,0,274,174,100,332,127,205,375,184,191,361,176,185,16,8,8,319,155,164,8,3,5,18,10,8,14,8,6,0,0,0,8,3,5,1,1,0,5,4,1,14,8,6,0,0,0,8,3,5,1,1,0,5,4,1,0,0,0,0,0,0,0,0,0,0,0,0,0,0,0,231,117,114
16,93,Narayankhed,Sangareddy,04,Narayankhed,572777,0000,VILLAGE,Hangarga [K],Rural,393,2221,1163,1058,337,188,149,566,283,283,819,421,398,758,474,284,1463,689,774,1274,656,618,1254,646,608,256,152,104,895,429,466,0,0,0,103,65,38,20,10,10,0,0,0,10,6,4,1,1,0,9,3,6,20,10,10,0,0,0,10,6,4,1,1,0,9,3,6,0,0,0,0,0,0,0,0,0,0,0,0,0,0,0,947,507,440
16,93,Narayankhed,Sangareddy,02,Sirgapoor,572778,0000,VILLAGE,Ujjalampahad,Rural,211,1134,564,570,126,57,69,266,147,119,43,20,23,510,320,190,624,244,380,484,286,198,478,283,195,39,36,3,380,201,179,0,0,0,59,46,13,6,3,3,0,0,0,5,2,3,0,0,0,1,1,0,6,3,3,0,0,0,5,2,3,0,0,0,1,1,0,0,0,0,0,0,0,0,0,0,0,0,0,0,0,0,650,278,372
16,93,Narayankhed,Sangareddy,04,Narayankhed,572779,0000,VILLAGE,Chaptakhadeem,Rural,819,4267,2205,2062,587,292,295,465,232,233,1700,889,811,1786,1159,627,2481,1046,1435,2168,1159,1009,1604,963,641,434,274,160,1049,589,460,24,17,7,97,83,14,564,196,368,8,5,3,530,177,353,14,7,7,12,7,5,557,195,362,8,5,3,525,176,349,14,7,7,10,7,3,7,1,6,0,0,0,5,1,4,0,0,0,2,0,2,2099,1046,1053
16,93,Narayankhed,Sangareddy,04,Narayankhed,572780,0000,VILLAGE,Ryakal,Rural,1006,4841,2419,2422,732,363,369,915,463,452,1189,611,578,2106,1266,840,2735,1153,1582,2468,1302,1166,1873,1094,779,311,242,69,1251,601,650,35,31,4,276,220,56,595,208,387,59,26,33,465,147,318,19,14,5,52,21,31,553,192,361,54,23,31,436,138,298,16,12,4,47,19,28,42,16,26,5,3,2,29,9,20,3,2,1,5,2,3,2373,1117,1256
16,93,Narayankhed,Sangareddy,04,Narayankhed,572781,0000,VILLAGE,Kamjipoor,Rural,144,765,418,347,126,63,63,99,53,46,480,267,213,295,212,83,470,206,264,426,204,222,419,204,215,344,164,180,55,26,29,11,8,3,9,6,3,7,0,7,5,0,5,2,0,2,0,0,0,0,0,0,7,0,7,5,0,5,2,0,2,0,0,0,0,0,0,0,0,0,0,0,0,0,0,0,0,0,0,0,0,0,339,214,125
16,93,Narayankhed,Sangareddy,04,Narayankhed,572782,0000,VILLAGE,Sanjivanrao Pet,Rural,729,3687,1855,1832,479,241,238,263,145,118,0,0,0,1711,1024,687,1976,831,1145,1845,1002,843,1433,817,616,345,209,136,887,450,437,21,12,9,180,146,34,412,185,227,17,6,11,384,173,211,0,0,0,11,6,5,390,176,214,16,6,10,365,164,201,0,0,0,9,6,3,22,9,13,1,0,1,19,9,10,0,0,0,2,0,2,1842,853,989
16,93,Narayankhed,Sangareddy,28,Nizampet,572783,0000,VILLAGE,Ryalamadugu,Rural,574,2663,1362,1301,425,221,204,354,191,163,1499,765,734,988,632,356,1675,730,945,1196,695,501,788,503,285,169,155,14,553,287,266,6,6,0,60,55,5,408,192,216,11,7,4,383,176,207,1,1,0,13,8,5,167,153,14,5,5,0,152,142,10,1,1,0,9,5,4,241,39,202,6,2,4,231,34,197,0,0,0,4,3,1,1467,667,800
16,93,Narayankhed,Sangareddy,28,Nizampet,572784,0000,VILLAGE,Nizampet,Rural,1652,6931,3432,3499,928,481,447,714,348,366,534,276,258,2922,1720,1202,4009,1712,2297,3467,1909,1558,3169,1738,1431,447,272,175,2250,1109,1141,51,36,15,421,321,100,298,171,127,11,4,7,196,108,88,6,1,5,85,58,27,294,169,125,11,4,7,195,107,88,5,1,4,83,57,26,4,2,2,0,0,0,1,1,0,1,0,1,2,1,1,3464,1523,1941
16,93,Narayankhed,Sangareddy,04,Narayankhed,572785,0000,VILLAGE,Namalimet,Rural,348,1750,906,844,248,123,125,337,178,159,314,156,158,578,364,214,1172,542,630,952,488,464,186,109,77,26,17,9,132,73,59,3,2,1,25,17,8,766,379,387,4,3,1,719,353,366,27,11,16,16,12,4,647,330,317,3,3,0,601,304,297,27,11,16,16,12,4,119,49,70,1,0,1,118,49,69,0,0,0,0,0,0,798,418,380
16,93,Narayankhed,Sangareddy,04,Narayankhed,572786,0000,VILLAGE,Narasapur,Rural,232,1083,542,541,139,74,65,7,4,3,500,263,237,465,288,177,618,254,364,559,262,297,515,243,272,189,92,97,303,136,167,5,3,2,18,12,6,44,19,25,0,0,0,40,18,22,0,0,0,4,1,3,38,17,21,0,0,0,36,17,19,0,0,0,2,0,2,6,2,4,0,0,0,4,1,3,0,0,0,2,1,1,524,280,244
16,93,Narayankhed,Sangareddy,04,Narayankhed,572787,0000,VILLAGE,Kondapur,Rural,237,1275,658,617,225,117,108,0,0,0,1265,654,611,528,347,181,747,311,436,644,302,342,621,294,327,330,193,137,217,44,173,4,1,3,70,56,14,23,8,15,5,2,3,5,1,4,1,0,1,12,5,7,22,7,15,5,2,3,4,0,4,1,0,1,12,5,7,1,1,0,0,0,0,1,1,0,0,0,0,0,0,0,631,356,275
16,93,Narayankhed,Sangareddy,04,Narayankhed,572788,0000,VILLAGE,Chandkhanpalle,Rural,319,1711,837,874,221,107,114,2,1,1,40,20,20,707,405,302,1004,432,572,830,469,361,819,467,352,110,81,29,588,284,304,5,3,2,116,99,17,11,2,9,0,0,0,10,2,8,0,0,0,1,0,1,8,1,7,0,0,0,7,1,6,0,0,0,1,0,1,3,1,2,0,0,0,3,1,2,0,0,0,0,0,0,881,368,513
16,93,Narayankhed,Sangareddy,04,Narayankhed,572789,0000,VILLAGE,Gangapur,Rural,750,3710,1905,1805,503,264,239,289,146,143,767,412,355,1547,975,572,2163,930,1233,1965,1046,919,1278,728,550,321,216,105,656,284,372,51,31,20,250,197,53,687,318,369,6,5,1,633,278,355,4,3,1,44,32,12,660,305,355,6,5,1,608,267,341,3,2,1,43,31,12,27,13,14,0,0,0,25,11,14,1,1,0,1,1,0,1745,859,886
16,93,Narayankhed,Sangareddy,04,Narayankhed,572790,0000,VILLAGE,Nagapur,Rural,104,563,281,282,96,44,52,103,50,53,410,209,201,207,129,78,356,152,204,305,162,143,192,99,93,4,3,1,167,80,87,0,0,0,21,16,5,113,63,50,0,0,0,103,56,47,0,0,0,10,7,3,110,61,49,0,0,0,103,56,47,0,0,0,7,5,2,3,2,1,0,0,0,0,0,0,0,0,0,3,2,1,258,119,139
16,93,Narayankhed,Sangareddy,04,Narayankhed,572791,0000,VILLAGE,Allapur,Rural,70,396,212,184,52,27,25,142,78,64,0,0,0,183,121,62,213,91,122,209,106,103,137,71,66,68,32,36,39,18,21,0,0,0,30,21,9,72,35,37,4,3,1,40,20,20,0,0,0,28,12,16,71,34,37,4,3,1,40,20,20,0,0,0,27,11,16,1,1,0,0,0,0,0,0,0,0,0,0,1,1,0,187,106,81
16,93,Narayankhed,Sangareddy,04,Narayankhed,572792,0000,VILLAGE,Hangarga [B],Rural,216,1059,533,526,117,63,54,187,92,95,114,59,55,542,319,223,517,214,303,535,295,240,169,142,27,36,27,9,19,12,7,0,0,0,114,103,11,366,153,213,6,5,1,334,136,198,0,0,0,26,12,14,178,96,82,6,5,1,153,82,71,0,0,0,19,9,10,188,57,131,0,0,0,181,54,127,0,0,0,7,3,4,524,238,286
16,93,Narayankhed,Sangareddy,04,Narayankhed,572793,0000,VILLAGE,Abenda,Rural,714,4228,2108,2120,634,301,333,680,354,326,1310,668,642,1880,1150,730,2348,958,1390,2268,1182,1086,1721,1010,711,511,341,170,952,456,496,2,1,1,256,212,44,547,172,375,19,11,8,499,153,346,3,0,3,26,8,18,497,151,346,10,4,6,462,140,322,2,0,2,23,7,16,50,21,29,9,7,2,37,13,24,1,0,1,3,1,2,1960,926,1034
16,93,Narayankhed,Sangareddy,04,Narayankhed,572794,0000,VILLAGE,Gadthihokrana,Rural,134,746,379,367,83,41,42,279,145,134,0,0,0,369,218,151,377,161,216,427,206,221,418,205,213,195,190,5,218,11,207,0,0,0,5,4,1,9,1,8,1,1,0,6,0,6,0,0,0,2,0,2,9,1,8,1,1,0,6,0,6,0,0,0,2,0,2,0,0,0,0,0,0,0,0,0,0,0,0,0,0,0,319,173,146
16,93,Narayankhed,Sangareddy,04,Narayankhed,572795,0000,VILLAGE,Mansoorpur,Rural,207,922,461,461,117,64,53,910,454,456,0,0,0,413,233,180,509,228,281,389,223,166,367,212,155,7,5,2,304,168,136,2,1,1,54,38,16,22,11,11,0,0,0,6,2,4,0,0,0,16,9,7,18,10,8,0,0,0,4,1,3,0,0,0,14,9,5,4,1,3,0,0,0,2,1,1,0,0,0,2,0,2,533,238,295
16,93,Narayankhed,Sangareddy,04,Narayankhed,572796,0000,VILLAGE,Venkatapur,Rural,389,1792,937,855,242,138,104,101,52,49,955,503,452,768,500,268,1024,437,587,911,475,436,795,416,379,411,212,199,324,158,166,4,3,1,56,43,13,116,59,57,2,1,1,109,55,54,1,1,0,4,2,2,53,26,27,2,1,1,46,22,24,1,1,0,4,2,2,63,33,30,0,0,0,63,33,30,0,0,0,0,0,0,881,462,419
16,93,Narayankhed,Sangareddy,04,Narayankhed,572797,0000,VILLAGE,Hanmanthraopet,Rural,375,1711,840,871,195,93,102,249,117,132,5,4,1,852,513,339,859,327,532,752,474,278,243,174,69,13,8,5,64,33,31,26,19,7,140,114,26,509,300,209,39,27,12,239,136,103,11,5,6,220,132,88,480,290,190,39,27,12,224,133,91,10,4,6,207,126,81,29,10,19,0,0,0,15,3,12,1,1,0,13,6,7,959,366,593
16,93,Narayankhed,Sangareddy,04,Narayankhed,572798,0000,VILLAGE,Madhavar,Rural,609,3149,1595,1554,492,257,235,408,210,198,339,169,170,1077,691,386,2072,904,1168,1691,870,821,1607,828,779,139,90,49,1342,657,685,24,20,4,102,61,41,84,42,42,3,1,2,40,16,24,0,0,0,41,25,16,82,40,42,3,1,2,39,15,24,0,0,0,40,24,16,2,2,0,0,0,0,1,1,0,0,0,0,1,1,0,1458,725,733
16,93,Narayankhed,Sangareddy,04,Narayankhed,572799,0000,VILLAGE,Lingapur,Rural,494,2365,1182,1183,349,182,167,388,192,196,43,18,25,1104,649,455,1261,533,728,1229,646,583,1226,643,583,81,54,27,981,484,497,7,5,2,157,100,57,3,3,0,0,0,0,1,1,0,0,0,0,2,2,0,3,3,0,0,0,0,1,1,0,0,0,0,2,2,0,0,0,0,0,0,0,0,0,0,0,0,0,0,0,0,1136,536,600
16,93,Narayankhed,Sangareddy,04,Narayankhed,572800,0000,VILLAGE,Jukal,Rural,224,1103,543,560,157,81,76,202,106,96,339,169,170,520,308,212,583,235,348,456,294,162,420,276,144,247,174,73,128,67,61,8,3,5,37,32,5,36,18,18,1,1,0,30,14,16,2,1,1,3,2,1,36,18,18,1,1,0,30,14,16,2,1,1,3,2,1,0,0,0,0,0,0,0,0,0,0,0,0,0,0,0,647,249,398
16,93,Narayankhed,Sangareddy,04,Narayankhed,572801,0000,VILLAGE,Chandapur,Rural,83,393,188,205,55,26,29,129,66,63,0,0,0,166,93,73,227,95,132,127,100,27,82,78,4,57,57,0,3,3,0,2,1,1,20,17,3,45,22,23,0,0,0,29,11,18,3,1,2,13,10,3,44,21,23,0,0,0,29,11,18,3,1,2,12,9,3,1,1,0,0,0,0,0,0,0,0,0,0,1,1,0,266,88,178
16,93,Narayankhed,Sangareddy,04,Narayankhed,572802,0000,VILLAGE,Anthwar,Rural,149,802,389,413,104,42,62,540,260,280,0,0,0,428,242,186,374,147,227,413,226,187,413,226,187,27,18,9,343,180,163,1,1,0,42,27,15,0,0,0,0,0,0,0,0,0,0,0,0,0,0,0,0,0,0,0,0,0,0,0,0,0,0,0,0,0,0,0,0,0,0,0,0,0,0,0,0,0,0,0,0,0,389,163,226
16,93,Narayankhed,Sangareddy,04,Narayankhed,572803,0000,VILLAGE,Bhanapur,Rural,115,524,256,268,66,32,34,110,47,63,0,0,0,251,135,116,273,121,152,292,148,144,290,148,142,10,7,3,275,138,137,1,0,1,4,3,1,2,0,2,0,0,0,2,0,2,0,0,0,0,0,0,2,0,2,0,0,0,2,0,2,0,0,0,0,0,0,0,0,0,0,0,0,0,0,0,0,0,0,0,0,0,232,108,124
16,93,Narayankhed,Sangareddy,04,Narayankhed,572804,0000,VILLAGE,Juzalpur,Rural,72,354,193,161,41,23,18,0,0,0,0,0,0,196,126,70,158,67,91,111,97,14,72,68,4,50,49,1,1,1,0,0,0,0,21,18,3,39,29,10,0,0,0,37,27,10,2,2,0,0,0,0,39,29,10,0,0,0,37,27,10,2,2,0,0,0,0,0,0,0,0,0,0,0,0,0,0,0,0,0,0,0,243,96,147
16,93,Narayankhed,Sangareddy,04,Narayankhed,572805,0000,VILLAGE,Jagannathpur,Rural,109,539,292,247,64,30,34,0,0,0,0,0,0,256,171,85,283,121,162,275,155,120,275,155,120,155,92,63,93,39,54,0,0,0,27,24,3,0,0,0,0,0,0,0,0,0,0,0,0,0,0,0,0,0,0,0,0,0,0,0,0,0,0,0,0,0,0,0,0,0,0,0,0,0,0,0,0,0,0,0,0,0,264,137,127
16,93,Narayankhed,Sangareddy,04,Narayankhed,572806,0000,VILLAGE,Pipri,Rural,183,1151,564,587,235,115,120,46,21,25,898,438,460,461,277,184,690,287,403,543,285,258,521,275,246,175,117,58,289,109,180,8,7,1,49,42,7,22,10,12,1,0,1,10,5,5,5,0,5,6,5,1,22,10,12,1,0,1,10,5,5,5,0,5,6,5,1,0,0,0,0,0,0,0,0,0,0,0,0,0,0,0,608,279,329
16,93,Narayankhed,Sangareddy,04,Narayankhed,572807,0000,VILLAGE,Panchagaon,Rural,225,1147,573,574,139,66,73,371,180,191,0,0,0,502,290,212,645,283,362,620,319,301,616,317,299,1,1,0,592,301,291,0,0,0,23,15,8,4,2,2,0,0,0,4,2,2,0,0,0,0,0,0,3,2,1,0,0,0,3,2,1,0,0,0,0,0,0,1,0,1,0,0,0,1,0,1,0,0,0,0,0,0,527,254,273
16,93,Narayankhed,Sangareddy,04,Narayankhed,572808,0000,VILLAGE,Paidpalle,Rural,281,1433,714,719,179,91,88,597,304,293,0,0,0,650,392,258,783,322,461,777,397,380,635,351,284,173,143,30,373,134,239,1,1,0,88,73,15,142,46,96,4,1,3,132,40,92,1,1,0,5,4,1,136,43,93,4,1,3,126,37,89,1,1,0,5,4,1,6,3,3,0,0,0,6,3,3,0,0,0,0,0,0,656,317,339
16,93,Narayankhed,Sangareddy,04,Narayankhed,572809,0000,VILLAGE,Sathagaon,Rural,223,1240,636,604,144,74,70,0,0,0,7,3,4,479,305,174,761,331,430,747,367,380,6,6,0,0,0,0,3,3,0,0,0,0,3,3,0,741,361,380,0,0,0,737,357,380,1,1,0,3,3,0,6,4,2,0,0,0,5,3,2,0,0,0,1,1,0,735,357,378,0,0,0,732,354,378,1,1,0,2,2,0,493,269,224
16,93,Narayankhed,Sangareddy,04,Narayankhed,572810,0000,VILLAGE,Ananthasagar,Rural,629,3164,1593,1571,414,203,211,676,332,344,304,161,143,1342,807,535,1822,786,1036,1341,846,495,1110,752,358,278,200,78,526,324,202,46,39,7,260,189,71,231,94,137,10,5,5,100,37,63,9,6,3,112,46,66,202,90,112,9,5,4,87,36,51,7,6,1,99,43,56,29,4,25,1,0,1,13,1,12,2,0,2,13,3,10,1823,747,1076
16,93,Narayankhed,Sangareddy,04,Narayankhed,572811,0000,VILLAGE,Rudrar,Rural,357,1698,877,821,235,120,115,419,215,204,0,0,0,729,455,274,969,422,547,893,490,403,875,483,392,133,74,59,556,268,288,30,13,17,156,128,28,18,7,11,1,0,1,12,4,8,1,1,0,4,2,2,12,4,8,1,0,1,7,2,5,0,0,0,4,2,2,6,3,3,0,0,0,5,2,3,1,1,0,0,0,0,805,387,418
16,93,Narayankhed,Sangareddy,02,Sirgapoor,572813,0000,VILLAGE,Mubarakpoor,Rural,219,1021,541,480,171,100,71,284,151,133,0,0,0,348,219,129,673,322,351,566,301,265,483,288,195,148,127,21,270,103,167,3,2,1,62,56,6,83,13,70,6,2,4,76,10,66,0,0,0,1,1,0,79,10,69,4,1,3,74,8,66,0,0,0,1,1,0,4,3,1,2,1,1,2,2,0,0,0,0,0,0,0,455,240,215
16,93,Narayankhed,Sangareddy,02,Sirgapoor,572814,0000,VILLAGE,Bokkasgaon,Rural,187,855,440,415,112,59,53,330,168,162,0,0,0,388,255,133,467,185,282,502,252,250,502,252,250,47,21,26,425,212,213,3,2,1,27,17,10,0,0,0,0,0,0,0,0,0,0,0,0,0,0,0,0,0,0,0,0,0,0,0,0,0,0,0,0,0,0,0,0,0,0,0,0,0,0,0,0,0,0,0,0,0,353,188,165
16,93,Narayankhed,Sangareddy,02,Sirgapoor,572815,0000,VILLAGE,Anthergaon,Rural,375,1876,958,918,277,148,129,356,176,180,367,191,176,588,352,236,1288,606,682,1051,563,488,1034,558,476,675,364,311,330,172,158,0,0,0,29,22,7,17,5,12,1,1,0,15,3,12,0,0,0,1,1,0,16,5,11,1,1,0,14,3,11,0,0,0,1,1,0,1,0,1,0,0,0,1,0,1,0,0,0,0,0,0,825,395,430
16,93,Narayankhed,Sangareddy,02,Sirgapoor,572816,0000,VILLAGE,Pochapoor,Rural,387,1817,908,909,225,109,116,449,234,215,8,3,5,707,442,265,1110,466,644,1140,569,571,545,306,239,417,225,192,54,29,25,20,15,5,54,37,17,595,263,332,16,10,6,550,240,310,12,6,6,17,7,10,570,253,317,15,9,6,528,232,296,11,5,6,16,7,9,25,10,15,1,1,0,22,8,14,1,1,0,1,0,1,677,339,338
16,93,Narayankhed,Sangareddy,03,Kalher,572817,0000,VILLAGE,Bibipet,Rural,586,2833,1435,1398,367,192,175,452,221,231,688,342,346,1163,746,417,1670,689,981,1488,821,667,835,513,322,413,238,175,245,128,117,38,30,8,139,117,22,653,308,345,9,5,4,612,283,329,16,9,7,16,11,5,647,306,341,7,4,3,608,282,326,16,9,7,16,11,5,6,2,4,2,1,1,4,1,3,0,0,0,0,0,0,1345,614,731
16,93,Narayankhed,Sangareddy,03,Kalher,572818,0000,VILLAGE,Fathepoor,Rural,205,1028,518,510,119,53,66,192,96,96,0,0,0,434,288,146,594,230,364,561,289,272,347,203,144,161,153,8,163,31,132,0,0,0,23,19,4,214,86,128,0,0,0,210,83,127,2,1,1,2,2,0,171,75,96,0,0,0,167,72,95,2,1,1,2,2,0,43,11,32,0,0,0,43,11,32,0,0,0,0,0,0,467,229,238
16,93,Narayankhed,Sangareddy,03,Kalher,572819,0000,VILLAGE,Mardi,Rural,769,3451,1674,1777,445,225,220,596,293,303,496,237,259,1229,727,502,2222,947,1275,1918,982,936,1333,706,627,667,438,229,499,157,342,21,9,12,146,102,44,585,276,309,16,7,9,454,188,266,7,5,2,108,76,32,373,185,188,14,5,9,289,123,166,3,3,0,67,54,13,212,91,121,2,2,0,165,65,100,4,2,2,41,22,19,1533,692,841
16,93,Narayankhed,Sangareddy,03,Kalher,572820,0000,VILLAGE,Kalher,Rural,731,3640,1767,1873,497,235,262,264,135,129,541,282,259,1547,938,609,2093,829,1264,1892,976,916,848,502,346,151,102,49,525,261,264,32,14,18,140,125,15,1044,474,570,94,36,58,846,369,477,15,4,11,89,65,24,1025,464,561,93,36,57,834,364,470,14,3,11,84,61,23,19,10,9,1,0,1,12,5,7,1,1,0,5,4,1,1748,791,957
16,93,Narayankhed,Sangareddy,03,Kalher,572821,0000,VILLAGE,Masan Palle,Rural,586,2543,1266,1277,269,132,137,412,207,205,165,82,83,1083,656,427,1460,610,850,1420,727,693,836,456,380,58,47,11,711,353,358,0,0,0,67,56,11,584,271,313,8,3,5,573,267,306,0,0,0,3,1,2,577,266,311,8,3,5,566,262,304,0,0,0,3,1,2,7,5,2,0,0,0,7,5,2,0,0,0,0,0,0,1123,539,584
16,93,Narayankhed,Sangareddy,03,Kalher,572822,0000,VILLAGE,Mahadev Palle,Rural,185,979,485,494,114,54,60,28,18,10,0,0,0,375,229,146,604,256,348,502,286,216,315,204,111,263,162,101,20,11,9,5,4,1,27,27,0,187,82,105,6,3,3,178,78,100,2,0,2,1,1,0,187,82,105,6,3,3,178,78,100,2,0,2,1,1,0,0,0,0,0,0,0,0,0,0,0,0,0,0,0,0,477,199,278
16,93,Narayankhed,Sangareddy,03,Kalher,572823,0000,VILLAGE,Khanapoor (B),Rural,129,631,332,299,86,50,36,140,72,68,19,8,11,187,121,66,444,211,233,379,184,195,4,3,1,1,1,0,0,0,0,0,0,0,3,2,1,375,181,194,0,0,0,363,173,190,0,0,0,12,8,4,372,179,193,0,0,0,360,171,189,0,0,0,12,8,4,3,2,1,0,0,0,3,2,1,0,0,0,0,0,0,252,148,104
16,93,Narayankhed,Sangareddy,28,Nizampet,572824,0000,VILLAGE,Ramreddi Pet,Rural,438,1978,992,986,253,120,133,168,88,80,89,50,39,802,495,307,1176,497,679,1000,493,507,282,245,37,165,145,20,47,42,5,1,1,0,69,57,12,718,248,470,3,1,2,683,221,462,1,1,0,31,25,6,718,248,470,3,1,2,683,221,462,1,1,0,31,25,6,0,0,0,0,0,0,0,0,0,0,0,0,0,0,0,978,499,479
16,93,Narayankhed,Sangareddy,28,Nizampet,572825,0000,VILLAGE,Bachepalle,Rural,855,3617,1803,1814,522,275,247,451,218,233,1244,641,603,1426,877,549,2191,926,1265,1909,954,955,871,460,411,111,71,40,573,259,314,6,5,1,181,125,56,1038,494,544,21,12,9,877,394,483,13,4,9,127,84,43,863,437,426,20,11,9,731,346,385,10,4,6,102,76,26,175,57,118,1,1,0,146,48,98,3,0,3,25,8,17,1708,849,859
16,93,Narayankhed,Sangareddy,03,Kalher,572826,0000,VILLAGE,Meerkhanpet,Rural,340,1649,786,863,238,112,126,328,163,165,541,251,290,646,363,283,1003,423,580,815,430,385,317,177,140,196,100,96,34,15,19,24,19,5,63,43,20,498,253,245,8,6,2,423,204,219,12,8,4,55,35,20,294,152,142,7,5,2,238,122,116,11,7,4,38,18,20,204,101,103,1,1,0,185,82,103,1,1,0,17,17,0,834,356,478
16,93,Narayankhed,Sangareddy,03,Kalher,572827,0000,VILLAGE,Raparthy,Rural,341,1677,817,860,184,96,88,293,141,152,0,0,0,782,477,305,895,340,555,915,475,440,891,471,420,416,271,145,368,121,247,14,12,2,93,67,26,24,4,20,3,1,2,17,2,15,0,0,0,4,1,3,16,4,12,3,1,2,10,2,8,0,0,0,3,1,2,8,0,8,0,0,0,7,0,7,0,0,0,1,0,1,762,342,420
16,93,Narayankhed,Sangareddy,03,Kalher,572828,0000,VILLAGE,Krishnapoor,Rural,564,2564,1256,1308,291,145,146,311,144,167,109,57,52,1092,668,424,1472,588,884,1221,686,535,1186,663,523,461,343,118,585,202,383,13,12,1,127,106,21,35,23,12,0,0,0,12,5,7,1,1,0,22,17,5,31,21,10,0,0,0,12,5,7,1,1,0,18,15,3,4,2,2,0,0,0,0,0,0,0,0,0,4,2,2,1343,570,773
16,93,Narayankhed,Sangareddy,03,Kalher,572829,0000,VILLAGE,Khanapur (Kadeem),Rural,231,1117,549,568,144,73,71,146,67,79,291,143,148,437,262,175,680,287,393,590,299,291,451,270,181,248,158,90,139,67,72,0,0,0,64,45,19,139,29,110,1,0,1,132,26,106,0,0,0,6,3,3,139,29,110,1,0,1,132,26,106,0,0,0,6,3,3,0,0,0,0,0,0,0,0,0,0,0,0,0,0,0,527,250,277
16,93,Narayankhed,Sangareddy,02,Sirgapoor,572830,0000,VILLAGE,Khajapur,Rural,242,1282,648,634,213,108,105,156,76,80,347,177,170,440,274,166,842,374,468,641,331,310,623,321,302,73,61,12,505,224,281,3,1,2,42,35,7,18,10,8,2,1,1,8,3,5,0,0,0,8,6,2,16,8,8,2,1,1,7,2,5,0,0,0,7,5,2,2,2,0,0,0,0,1,1,0,0,0,0,1,1,0,641,317,324
16,93,Narayankhed,Sangareddy,02,Sirgapoor,572831,0000,VILLAGE,Gosaipalle,Rural,198,810,394,416,99,56,43,224,100,124,0,0,0,308,189,119,502,205,297,542,256,286,534,250,284,6,3,3,519,241,278,1,1,0,8,5,3,8,6,2,0,0,0,6,5,1,0,0,0,2,1,1,8,6,2,0,0,0,6,5,1,0,0,0,2,1,1,0,0,0,0,0,0,0,0,0,0,0,0,0,0,0,268,138,130
16,93,Narayankhed,Sangareddy,02,Sirgapoor,572832,0000,VILLAGE,Sultanabad,Rural,260,1821,1232,589,161,86,75,699,604,95,108,73,35,1143,955,188,678,277,401,611,321,290,607,321,286,11,8,3,495,234,261,0,0,0,101,79,22,4,0,4,0,0,0,0,0,0,0,0,0,4,0,4,4,0,4,0,0,0,0,0,0,0,0,0,4,0,4,0,0,0,0,0,0,0,0,0,0,0,0,0,0,0,1210,911,299
16,93,Narayankhed,Sangareddy,02,Sirgapoor,572833,0000,VILLAGE,Sirgapoor,Rural,1114,5608,2840,2768,859,439,420,565,320,245,1919,991,928,2220,1365,855,3388,1475,1913,2572,1422,1150,2187,1256,931,583,361,222,1245,617,628,54,45,9,305,233,72,385,166,219,53,27,26,294,114,180,3,2,1,35,23,12,373,162,211,52,27,25,289,114,175,3,2,1,29,19,10,12,4,8,1,0,1,5,0,5,0,0,0,6,4,2,3036,1418,1618
16,93,Narayankhed,Sangareddy,02,Sirgapoor,572834,0000,VILLAGE,Kadpal,Rural,763,3488,1756,1732,386,196,190,690,355,335,197,96,101,1467,925,542,2021,831,1190,1914,982,932,1660,867,793,517,294,223,976,465,511,43,23,20,124,85,39,254,115,139,3,1,2,235,105,130,3,2,1,13,7,6,201,102,99,2,1,1,188,95,93,2,1,1,9,5,4,53,13,40,1,0,1,47,10,37,1,1,0,4,2,2,1574,774,800
16,93,Narayankhed,Sangareddy,28,Nizampet,572835,0000,VILLAGE,Nagdhar,Rural,733,3703,1857,1846,477,253,224,546,262,284,1021,528,493,1454,892,562,2249,965,1284,1894,1008,886,1171,645,526,607,333,274,355,168,187,81,45,36,128,99,29,723,363,360,14,7,7,646,318,328,20,13,7,43,25,18,691,344,347,13,7,6,637,313,324,17,11,6,24,13,11,32,19,13,1,0,1,9,5,4,3,2,1,19,12,7,1809,849,960
16,93,Narayankhed,Sangareddy,28,Nizampet,572836,0000,VILLAGE,Mungepalle,Rural,323,1498,770,728,214,107,107,137,68,69,348,176,172,607,378,229,891,392,499,720,396,324,465,271,194,44,41,3,260,119,141,19,11,8,142,100,42,255,125,130,9,5,4,226,108,118,3,1,2,17,11,6,254,124,130,9,5,4,226,108,118,3,1,2,16,10,6,1,1,0,0,0,0,0,0,0,0,0,0,1,1,0,778,374,404
16,93,Narayankhed,Sangareddy,28,Nizampet,572840,0000,VILLAGE,Jambikunta,Rural,312,1275,635,640,161,80,81,458,224,234,0,0,0,633,391,242,642,244,398,604,358,246,591,351,240,134,128,6,381,158,223,0,0,0,76,65,11,13,7,6,5,5,0,4,1,3,0,0,0,4,1,3,13,7,6,5,5,0,4,1,3,0,0,0,4,1,3,0,0,0,0,0,0,0,0,0,0,0,0,0,0,0,671,277,394
16,94,Andole-Jogipet,Sangareddy,14,Watpalle,573228,0000,VILLAGE,Pothulaboguda,Rural,440,2276,1132,1144,253,126,127,925,455,470,0,0,0,1065,632,433,1211,500,711,1064,583,481,1020,562,458,69,56,13,850,414,436,7,7,0,94,85,9,44,21,23,3,1,2,33,12,21,1,1,0,7,7,0,20,9,11,0,0,0,14,3,11,1,1,0,5,5,0,24,12,12,3,1,2,19,9,10,0,0,0,2,2,0,1212,549,663
16,94,Andole-Jogipet,Sangareddy,14,Watpalle,573229,0000,VILLAGE,Gorrekal,Rural,428,2053,1022,1031,233,99,134,493,246,247,0,0,0,1010,615,395,1043,407,636,1020,592,428,815,559,256,231,206,25,455,245,210,9,8,1,120,100,20,205,33,172,53,9,44,131,17,114,7,1,6,14,6,8,132,30,102,23,7,16,90,16,74,7,1,6,12,6,6,73,3,70,30,2,28,41,1,40,0,0,0,2,0,2,1033,430,603
16,94,Andole-Jogipet,Sangareddy,14,Watpalle,573230,0000,VILLAGE,Watpalle,Rural,304,1568,799,769,162,76,86,399,206,193,218,105,113,820,502,318,748,297,451,911,504,407,834,467,367,202,117,85,476,229,247,12,8,4,144,113,31,77,37,40,7,4,3,23,12,11,3,0,3,44,21,23,39,21,18,4,1,3,4,0,4,0,0,0,31,20,11,38,16,22,3,3,0,19,12,7,3,0,3,13,1,12,657,295,362
16,94,Andole-Jogipet,Sangareddy,14,Watpalle,573231,0000,VILLAGE,Shahednagar(Ghatpalle),Rural,190,905,469,436,63,31,32,231,125,106,7,4,3,428,267,161,477,202,275,457,259,198,288,211,77,105,90,15,137,85,52,1,0,1,45,36,9,169,48,121,3,2,1,161,43,118,2,0,2,3,3,0,152,45,107,2,2,0,145,40,105,2,0,2,3,3,0,17,3,14,1,0,1,16,3,13,0,0,0,0,0,0,448,210,238
16,94,Andole-Jogipet,Sangareddy,14,Watpalle,573232,0000,VILLAGE,Gowtapoor,Rural,94,528,275,253,101,55,46,142,75,67,0,0,0,233,136,97,295,139,156,253,125,128,251,125,126,250,124,126,0,0,0,1,1,0,0,0,0,2,0,2,2,0,2,0,0,0,0,0,0,0,0,0,2,0,2,2,0,2,0,0,0,0,0,0,0,0,0,0,0,0,0,0,0,0,0,0,0,0,0,0,0,0,275,150,125
16,94,Andole-Jogipet,Sangareddy,14,Watpalle,573233,0000,VILLAGE,Palvatla,Rural,298,1318,643,675,171,82,89,428,205,223,0,0,0,635,378,257,683,265,418,708,390,318,548,336,212,372,201,171,85,51,34,0,0,0,91,84,7,160,54,106,40,9,31,114,41,73,0,0,0,6,4,2,123,43,80,27,4,23,92,36,56,0,0,0,4,3,1,37,11,26,13,5,8,22,5,17,0,0,0,2,1,1,610,253,357
16,94,Andole-Jogipet,Sangareddy,14,Watpalle,573234,0000,VILLAGE,Nagulapalle,Rural,378,1908,951,957,218,103,115,504,247,257,0,0,0,1034,612,422,874,339,535,878,503,375,869,498,371,160,145,15,645,300,345,6,5,1,58,48,10,9,5,4,0,0,0,8,4,4,0,0,0,1,1,0,7,4,3,0,0,0,6,3,3,0,0,0,1,1,0,2,1,1,0,0,0,2,1,1,0,0,0,0,0,0,1030,448,582
16,94,Andole-Jogipet,Sangareddy,14,Watpalle,573236,0000,VILLAGE,Buddaipalle,Rural,38,171,87,84,20,10,10,153,77,76,0,0,0,58,32,26,113,55,58,97,48,49,97,48,49,39,19,20,57,28,29,0,0,0,1,1,0,0,0,0,0,0,0,0,0,0,0,0,0,0,0,0,0,0,0,0,0,0,0,0,0,0,0,0,0,0,0,0,0,0,0,0,0,0,0,0,0,0,0,0,0,0,74,39,35
16,94,Andole-Jogipet,Sangareddy,14,Watpalle,573237,0000,VILLAGE,Bijilipur,Rural,395,1910,957,953,244,117,127,512,262,250,0,0,0,861,535,326,1049,422,627,905,482,423,549,406,143,192,192,0,231,101,130,2,2,0,124,111,13,356,76,280,2,1,1,344,69,275,7,3,4,3,3,0,287,59,228,2,1,1,278,53,225,4,2,2,3,3,0,69,17,52,0,0,0,66,16,50,3,1,2,0,0,0,1005,475,530
16,94,Andole-Jogipet,Sangareddy,14,Watpalle,573238,0000,VILLAGE,Marvelly,Rural,618,2751,1419,1332,293,148,145,601,307,294,23,9,14,1398,874,524,1353,545,808,1569,846,723,1338,818,520,328,248,80,768,380,388,46,25,21,196,165,31,231,28,203,3,1,2,213,23,190,2,0,2,13,4,9,226,25,201,3,1,2,209,21,188,2,0,2,12,3,9,5,3,2,0,0,0,4,2,2,0,0,0,1,1,0,1182,573,609
16,94,Andole-Jogipet,Sangareddy,14,Watpalle,573239,0000,VILLAGE,Keroor,Rural,295,1501,754,747,183,83,100,531,256,275,0,0,0,722,440,282,779,314,465,750,398,352,737,395,342,54,35,19,620,310,310,8,3,5,55,47,8,13,3,10,5,1,4,5,2,3,1,0,1,2,0,2,12,3,9,5,1,4,5,2,3,1,0,1,1,0,1,1,0,1,0,0,0,0,0,0,0,0,0,1,0,1,751,356,395
16,94,Andole-Jogipet,Sangareddy,14,Watpalle,573249,0000,VILLAGE,Medikunda,Rural,307,1604,821,783,195,102,93,389,201,188,127,64,63,690,427,263,914,394,520,822,420,402,682,376,306,261,141,120,362,190,172,4,3,1,55,42,13,140,44,96,2,0,2,121,40,81,12,3,9,5,1,4,136,43,93,2,0,2,118,39,79,12,3,9,4,1,3,4,1,3,0,0,0,3,1,2,0,0,0,1,0,1,782,401,381
16,94,Andole-Jogipet,Sangareddy,14,Watpalle,573250,0000,VILLAGE,Dudiyal,Rural,359,1733,873,860,253,135,118,225,113,112,707,357,350,767,451,316,966,422,544,926,454,472,602,297,305,466,252,214,75,11,64,7,5,2,54,29,25,324,157,167,2,2,0,311,148,163,0,0,0,11,7,4,320,155,165,2,2,0,311,148,163,0,0,0,7,5,2,4,2,2,0,0,0,0,0,0,0,0,0,4,2,2,807,419,388
16,94,Andole-Jogipet,Sangareddy,14,Watpalle,573259,0000,VILLAGE,Puladugu,Rural,190,783,399,384,78,39,39,182,89,93,0,0,0,362,223,139,421,176,245,388,238,150,211,197,14,53,53,0,76,64,12,2,2,0,80,78,2,177,41,136,0,0,0,151,24,127,2,0,2,24,17,7,108,30,78,0,0,0,88,16,72,2,0,2,18,14,4,69,11,58,0,0,0,63,8,55,0,0,0,6,3,3,395,161,234
16,94,Andole-Jogipet,Sangareddy,14,Watpalle,573260,0000,VILLAGE,Devenoor,Rural,301,1668,896,772,174,93,81,389,211,178,20,15,5,887,572,315,781,324,457,682,431,251,582,415,167,148,101,47,252,148,104,5,5,0,177,161,16,100,16,84,2,1,1,74,7,67,5,0,5,19,8,11,32,7,25,2,1,1,20,3,17,1,0,1,9,3,6,68,9,59,0,0,0,54,4,50,4,0,4,10,5,5,986,465,521
16,94,Andole-Jogipet,Sangareddy,14,Watpalle,573261,0000,VILLAGE,Bhootkur,Rural,208,1141,575,566,130,68,62,323,165,158,0,0,0,607,379,228,534,196,338,686,340,346,638,324,314,429,241,188,106,28,78,10,4,6,93,51,42,48,16,32,9,3,6,16,1,15,3,0,3,20,12,8,42,15,27,5,3,2,16,1,15,2,0,2,19,11,8,6,1,5,4,0,4,0,0,0,1,0,1,1,1,0,455,235,220
16,94,Andole-Jogipet,Sangareddy,14,Watpalle,573262,0000,VILLAGE,Usrikpalle,Rural,332,1482,743,739,154,81,73,377,190,187,0,0,0,666,385,281,816,358,458,766,398,368,733,385,348,112,75,37,546,248,298,2,0,2,73,62,11,33,13,20,4,0,4,26,11,15,1,0,1,2,2,0,24,9,15,4,0,4,18,8,10,1,0,1,1,1,0,9,4,5,0,0,0,8,3,5,0,0,0,1,1,0,716,345,371
16,94,Andole-Jogipet,Sangareddy,14,Watpalle,573263,0000,VILLAGE,Nirjipala,Rural,222,1017,510,507,121,55,66,317,153,164,0,0,0,431,282,149,586,228,358,579,291,288,421,250,171,35,33,2,313,153,160,4,3,1,69,61,8,158,41,117,2,1,1,118,29,89,22,5,17,16,6,10,126,34,92,2,1,1,94,24,70,20,5,15,10,4,6,32,7,25,0,0,0,24,5,19,2,0,2,6,2,4,438,219,219
16,94,Andole-Jogipet,Sangareddy,14,Watpalle,573264,0000,VILLAGE,Khaderabad,Rural,894,4206,2091,2115,465,243,222,921,445,476,0,0,0,1993,1172,821,2213,919,1294,2279,1230,1049,1711,964,747,334,249,85,1083,493,590,19,11,8,275,211,64,568,266,302,11,4,7,93,28,65,27,7,20,437,227,210,288,148,140,11,4,7,66,22,44,17,5,12,194,117,77,280,118,162,0,0,0,27,6,21,10,2,8,243,110,133,1927,861,1066
16,92,Zahirabad,Sangareddy,07,Raikode,573265,0000,VILLAGE,Matoor,Rural,111,676,350,326,67,38,29,140,72,68,12,6,6,238,134,104,438,216,222,575,303,272,506,268,238,31,15,16,466,248,218,0,0,0,9,5,4,69,35,34,5,4,1,64,31,33,0,0,0,0,0,0,68,35,33,5,4,1,63,31,32,0,0,0,0,0,0,1,0,1,0,0,0,1,0,1,0,0,0,0,0,0,101,47,54
16,92,Zahirabad,Sangareddy,07,Raikode,573266,0000,VILLAGE,Khanjamalpur,Rural,162,766,388,378,109,53,56,104,54,50,0,0,0,289,170,119,477,218,259,376,246,130,356,239,117,108,105,3,227,117,110,0,0,0,21,17,4,20,7,13,1,0,1,18,6,12,1,1,0,0,0,0,15,4,11,1,0,1,14,4,10,0,0,0,0,0,0,5,3,2,0,0,0,4,2,2,1,1,0,0,0,0,390,142,248
16,92,Zahirabad,Sangareddy,07,Raikode,573267,0000,VILLAGE,Itkepalle,Rural,324,1261,630,631,169,89,80,29,14,15,2,1,1,612,355,257,649,275,374,703,363,340,693,359,334,44,29,15,560,276,284,0,0,0,89,54,35,10,4,6,0,0,0,5,2,3,0,0,0,5,2,3,10,4,6,0,0,0,5,2,3,0,0,0,5,2,3,0,0,0,0,0,0,0,0,0,0,0,0,0,0,0,558,267,291
16,92,Zahirabad,Sangareddy,07,Raikode,573268,0000,VILLAGE,Pampad,Rural,313,1594,830,764,213,111,102,407,214,193,51,31,20,706,432,274,888,398,490,794,473,321,287,259,28,110,98,12,129,116,13,5,5,0,43,40,3,507,214,293,11,3,8,447,190,257,18,6,12,31,15,16,498,208,290,11,3,8,440,184,256,18,6,12,29,15,14,9,6,3,0,0,0,7,6,1,0,0,0,2,0,2,800,357,443
16,92,Zahirabad,Sangareddy,07,Raikode,573269,0000,VILLAGE,Sirur,Rural,364,1753,903,850,253,145,108,223,108,115,0,0,0,829,477,352,924,426,498,742,456,286,692,431,261,170,151,19,428,201,227,7,4,3,87,75,12,50,25,25,0,0,0,44,22,22,2,1,1,4,2,2,50,25,25,0,0,0,44,22,22,2,1,1,4,2,2,0,0,0,0,0,0,0,0,0,0,0,0,0,0,0,1011,447,564
16,92,Zahirabad,Sangareddy,07,Raikode,573270,0000,VILLAGE,Mahbathpur,Rural,147,613,307,306,74,42,32,0,0,0,0,0,0,260,152,108,353,155,198,277,155,122,277,155,122,48,33,15,187,83,104,5,5,0,37,34,3,0,0,0,0,0,0,0,0,0,0,0,0,0,0,0,0,0,0,0,0,0,0,0,0,0,0,0,0,0,0,0,0,0,0,0,0,0,0,0,0,0,0,0,0,0,336,152,184
16,92,Zahirabad,Sangareddy,07,Raikode,573271,0000,VILLAGE,Shapur,Rural,121,578,296,282,60,37,23,128,61,67,29,18,11,287,168,119,291,128,163,285,165,120,257,150,107,120,73,47,92,46,46,3,2,1,42,29,13,28,15,13,3,2,1,11,6,5,2,1,1,12,6,6,12,7,5,3,2,1,6,3,3,0,0,0,3,2,1,16,8,8,0,0,0,5,3,2,2,1,1,9,4,5,293,131,162
16,92,Zahirabad,Sangareddy,07,Raikode,573273,0000,VILLAGE,Nagwar,Rural,294,1227,619,608,144,63,81,253,127,126,0,0,0,640,374,266,587,245,342,540,338,202,348,250,98,114,78,36,123,71,52,2,1,1,109,100,9,192,88,104,0,0,0,189,86,103,0,0,0,3,2,1,182,87,95,0,0,0,179,85,94,0,0,0,3,2,1,10,1,9,0,0,0,10,1,9,0,0,0,0,0,0,687,281,406
16,92,Zahirabad,Sangareddy,07,Raikode,573274,0000,VILLAGE,Kushnoor,Rural,252,1325,691,634,148,87,61,272,144,128,0,0,0,623,391,232,702,300,402,794,411,383,738,390,348,142,107,35,546,242,304,10,6,4,40,35,5,56,21,35,7,7,0,45,12,33,1,0,1,3,2,1,30,12,18,3,3,0,25,8,17,1,0,1,1,1,0,26,9,17,4,4,0,20,4,16,0,0,0,2,1,1,531,280,251
16,92,Zahirabad,Sangareddy,07,Raikode,573275,0000,VILLAGE,Hulgera,Rural,292,1517,787,730,154,91,63,562,280,282,0,0,0,562,303,259,955,484,471,937,500,437,900,477,423,116,101,15,736,365,371,31,2,29,17,9,8,37,23,14,0,0,0,27,17,10,2,1,1,8,5,3,37,23,14,0,0,0,27,17,10,2,1,1,8,5,3,0,0,0,0,0,0,0,0,0,0,0,0,0,0,0,580,287,293
16,92,Zahirabad,Sangareddy,07,Raikode,573276,0000,VILLAGE,Shamshuddinpur,Rural,226,1074,471,603,132,63,69,285,144,141,0,0,0,463,216,247,611,255,356,662,283,379,472,216,256,58,20,38,364,176,188,6,1,5,44,19,25,190,67,123,4,3,1,148,50,98,7,3,4,31,11,20,174,61,113,4,3,1,137,47,90,2,0,2,31,11,20,16,6,10,0,0,0,11,3,8,5,3,2,0,0,0,412,188,224
16,92,Zahirabad,Sangareddy,07,Raikode,573278,0000,VILLAGE,Allapur,Rural,175,879,449,430,125,61,64,229,109,120,0,0,0,411,247,164,468,202,266,503,272,231,500,271,229,7,7,0,456,242,214,0,0,0,37,22,15,3,1,2,0,0,0,0,0,0,2,1,1,1,0,1,3,1,2,0,0,0,0,0,0,2,1,1,1,0,1,0,0,0,0,0,0,0,0,0,0,0,0,0,0,0,376,177,199
16,92,Zahirabad,Sangareddy,07,Raikode,573279,0000,VILLAGE,Raikode,Rural,797,4063,2190,1873,505,268,237,732,414,318,56,35,21,1929,1239,690,2134,951,1183,1898,1129,769,1404,897,507,397,257,140,650,352,298,6,4,2,351,284,67,494,232,262,2,0,2,386,172,214,2,1,1,104,59,45,491,230,261,2,0,2,384,170,214,2,1,1,103,59,44,3,2,1,0,0,0,2,2,0,0,0,0,1,0,1,2165,1061,1104
16,92,Zahirabad,Sangareddy,07,Raikode,573280,0000,VILLAGE,Jamga (Khurd),Rural,219,1075,564,511,96,55,41,208,106,102,0,0,0,546,336,210,529,228,301,559,322,237,378,233,145,220,191,29,131,18,113,1,1,0,26,23,3,181,89,92,1,0,1,178,87,91,0,0,0,2,2,0,179,88,91,0,0,0,178,87,91,0,0,0,1,1,0,2,1,1,1,0,1,0,0,0,0,0,0,1,1,0,516,242,274
16,92,Zahirabad,Sangareddy,07,Raikode,573282,0000,VILLAGE,Doultabad,Rural,92,472,246,226,53,30,23,273,142,131,0,0,0,238,151,87,234,95,139,237,132,105,24,15,9,12,7,5,11,7,4,0,0,0,1,1,0,213,117,96,3,2,1,207,112,95,1,1,0,2,2,0,213,117,96,3,2,1,207,112,95,1,1,0,2,2,0,0,0,0,0,0,0,0,0,0,0,0,0,0,0,0,235,114,121
16,92,Zahirabad,Sangareddy,07,Raikode,573283,0000,VILLAGE,Peapalpalle,Rural,450,2433,1247,1186,296,153,143,535,270,265,9,6,3,1047,631,416,1386,616,770,1241,692,549,833,485,348,92,60,32,596,317,279,14,9,5,131,99,32,408,207,201,15,10,5,310,143,167,24,17,7,59,37,22,329,155,174,11,7,4,278,128,150,11,6,5,29,14,15,79,52,27,4,3,1,32,15,17,13,11,2,30,23,7,1192,555,637
16,92,Zahirabad,Sangareddy,07,Raikode,573284,0000,VILLAGE,Moratga,Rural,92,414,218,196,44,25,19,124,64,60,0,0,0,227,144,83,187,74,113,227,121,106,28,24,4,0,0,0,6,5,1,7,7,0,15,12,3,199,97,102,23,20,3,166,68,98,1,1,0,9,8,1,198,97,101,23,20,3,165,68,97,1,1,0,9,8,1,1,0,1,0,0,0,1,0,1,0,0,0,0,0,0,187,97,90
16,92,Zahirabad,Sangareddy,07,Raikode,573285,0000,VILLAGE,Mamidipalle,Rural,249,1549,828,721,190,101,89,303,168,135,0,0,0,857,506,351,692,322,370,597,426,171,434,336,98,44,39,5,270,183,87,0,0,0,120,114,6,163,90,73,0,0,0,159,88,71,0,0,0,4,2,2,163,90,73,0,0,0,159,88,71,0,0,0,4,2,2,0,0,0,0,0,0,0,0,0,0,0,0,0,0,0,952,402,550
16,92,Zahirabad,Sangareddy,07,Raikode,573286,0000,VILLAGE,Indoor,Rural,323,1367,688,679,138,73,65,373,192,181,0,0,0,594,364,230,773,324,449,682,378,304,675,377,298,29,18,11,551,281,270,8,5,3,87,73,14,7,1,6,0,0,0,6,0,6,0,0,0,1,1,0,5,1,4,0,0,0,4,0,4,0,0,0,1,1,0,2,0,2,0,0,0,2,0,2,0,0,0,0,0,0,685,310,375
16,92,Zahirabad,Sangareddy,07,Raikode,573287,0000,VILLAGE,Mustafapur,Rural,40,193,108,85,23,15,8,83,47,36,0,0,0,92,60,32,101,48,53,115,64,51,114,63,51,1,1,0,106,56,50,3,3,0,4,3,1,1,1,0,0,0,0,0,0,0,1,1,0,0,0,0,1,1,0,0,0,0,0,0,0,1,1,0,0,0,0,0,0,0,0,0,0,0,0,0,0,0,0,0,0,0,78,44,34
16,92,Zahirabad,Sangareddy,07,Raikode,573288,0000,VILLAGE,Karchal,Rural,296,1469,766,703,143,75,68,331,166,165,0,0,0,783,475,308,686,291,395,682,421,261,678,419,259,98,74,24,463,247,216,15,11,4,102,87,15,4,2,2,1,1,0,1,0,1,0,0,0,2,1,1,4,2,2,1,1,0,1,0,1,0,0,0,2,1,1,0,0,0,0,0,0,0,0,0,0,0,0,0,0,0,787,345,442
16,92,Zahirabad,Sangareddy,07,Raikode,573289,0000,VILLAGE,Mohammadapur,Rural,150,816,411,405,68,38,30,176,87,89,0,0,0,386,220,166,430,191,239,428,237,191,174,112,62,132,74,58,1,1,0,2,2,0,39,35,4,254,125,129,23,13,10,228,110,118,1,0,1,2,2,0,254,125,129,23,13,10,228,110,118,1,0,1,2,2,0,0,0,0,0,0,0,0,0,0,0,0,0,0,0,0,388,174,214
16,92,Zahirabad,Sangareddy,07,Raikode,573290,0000,VILLAGE,Nallampalle,Rural,269,1242,616,626,119,60,59,333,164,169,0,0,0,608,340,268,634,276,358,705,373,332,421,278,143,123,91,32,247,147,100,5,5,0,46,35,11,284,95,189,22,5,17,257,88,169,0,0,0,5,2,3,270,93,177,20,5,15,246,86,160,0,0,0,4,2,2,14,2,12,2,0,2,11,2,9,0,0,0,1,0,1,537,243,294
16,92,Zahirabad,Sangareddy,07,Raikode,573291,0000,VILLAGE,Dharmapur,Rural,150,689,333,356,67,33,34,249,124,125,0,0,0,407,235,172,282,98,184,401,188,213,217,162,55,129,120,9,56,18,38,5,1,4,27,23,4,184,26,158,7,3,4,140,21,119,31,0,31,6,2,4,171,25,146,7,3,4,137,20,117,23,0,23,4,2,2,13,1,12,0,0,0,3,1,2,8,0,8,2,0,2,288,145,143
16,92,Zahirabad,Sangareddy,07,Raikode,573292,0000,VILLAGE,Yousufpur,Rural,167,903,449,454,112,43,69,179,90,89,0,0,0,474,292,182,429,157,272,423,260,163,160,134,26,97,95,2,22,7,15,30,26,4,11,6,5,263,126,137,1,1,0,257,120,137,3,3,0,2,2,0,263,126,137,1,1,0,257,120,137,3,3,0,2,2,0,0,0,0,0,0,0,0,0,0,0,0,0,0,0,0,480,189,291
16,92,Zahirabad,Sangareddy,07,Raikode,573293,0000,VILLAGE,Singitham,Rural,600,2660,1356,1304,321,164,157,731,384,347,0,0,0,1368,801,567,1292,555,737,1215,739,476,933,582,351,259,166,93,481,244,237,6,6,0,187,166,21,282,157,125,3,1,2,169,78,91,11,6,5,99,72,27,244,141,103,2,1,1,153,76,77,2,1,1,87,63,24,38,16,22,1,0,1,16,2,14,9,5,4,12,9,3,1445,617,828
16,92,Zahirabad,Sangareddy,07,Raikode,573294,0000,VILLAGE,Raipalle [Patti Karchal],Rural,263,1265,637,628,154,78,76,271,136,135,0,0,0,620,376,244,645,261,384,589,357,232,403,254,149,95,63,32,212,105,107,8,8,0,88,78,10,186,103,83,5,2,3,174,95,79,0,0,0,7,6,1,118,67,51,4,1,3,107,60,47,0,0,0,7,6,1,68,36,32,1,1,0,67,35,32,0,0,0,0,0,0,676,280,396
16,92,Zahirabad,Sangareddy,07,Raikode,573295,0000,VILLAGE,Naganpalle,Rural,185,851,449,402,115,60,55,145,78,67,0,0,0,361,240,121,490,209,281,505,265,240,480,252,228,53,34,19,393,196,197,3,2,1,31,20,11,25,13,12,0,0,0,8,3,5,1,0,1,16,10,6,24,12,12,0,0,0,8,3,5,1,0,1,15,9,6,1,1,0,0,0,0,0,0,0,0,0,0,1,1,0,346,184,162
16,92,Zahirabad,Sangareddy,07,Raikode,573296,0000,VILLAGE,Hasnabad,Rural,531,2416,1218,1198,309,145,164,588,278,310,0,0,0,963,607,356,1453,611,842,1328,699,629,1140,631,509,14,14,0,1061,567,494,16,10,6,49,40,9,188,68,120,3,3,0,140,36,104,11,4,7,34,25,9,183,64,119,3,3,0,139,36,103,8,1,7,33,24,9,5,4,1,0,0,0,1,0,1,3,3,0,1,1,0,1088,519,569
16,92,Zahirabad,Sangareddy,07,Raikode,573297,0000,VILLAGE,Kodoor,Rural,172,829,430,399,106,62,44,259,145,114,0,0,0,377,229,148,452,201,251,435,238,197,429,236,193,10,5,5,371,191,180,4,4,0,44,36,8,6,2,4,0,0,0,5,1,4,0,0,0,1,1,0,6,2,4,0,0,0,5,1,4,0,0,0,1,1,0,0,0,0,0,0,0,0,0,0,0,0,0,0,0,0,394,192,202
16,92,Zahirabad,Sangareddy,07,Raikode,573299,0000,VILLAGE,Auranganagar (Patti Hasnabad),Rural,137,712,361,351,80,35,45,102,47,55,0,0,0,398,242,156,314,119,195,389,214,175,377,208,169,70,48,22,193,73,120,5,4,1,109,83,26,12,6,6,0,0,0,4,1,3,1,0,1,7,5,2,9,3,6,0,0,0,4,1,3,1,0,1,4,2,2,3,3,0,0,0,0,0,0,0,0,0,0,3,3,0,323,147,176
16,92,Zahirabad,Sangareddy,07,Raikode,573300,0000,VILLAGE,Yenkepalle,Rural,78,411,224,187,50,31,19,121,60,61,0,0,0,248,153,95,163,71,92,249,132,117,248,132,116,44,25,19,188,96,92,0,0,0,16,11,5,1,0,1,0,0,0,1,0,1,0,0,0,0,0,0,1,0,1,0,0,0,1,0,1,0,0,0,0,0,0,0,0,0,0,0,0,0,0,0,0,0,0,0,0,0,162,92,70
16,92,Zahirabad,Sangareddy,07,Raikode,573301,0000,VILLAGE,Sangapur,Rural,347,1640,811,829,213,115,98,194,93,101,122,64,58,917,526,391,723,285,438,949,484,465,938,479,459,272,154,118,556,268,288,68,34,34,42,23,19,11,5,6,0,0,0,3,2,1,3,0,3,5,3,2,6,3,3,0,0,0,3,2,1,2,0,2,1,1,0,5,2,3,0,0,0,0,0,0,1,0,1,4,2,2,691,327,364
16,92,Zahirabad,Sangareddy,08,Naykal,573302,0000,VILLAGE,Hussainnagar,Rural,225,1304,670,634,161,91,70,429,213,216,8,4,4,663,384,279,641,286,355,676,364,312,506,292,214,99,75,24,281,145,136,19,11,8,107,61,46,170,72,98,12,4,8,53,18,35,10,6,4,95,44,51,164,69,95,12,4,8,48,16,32,10,6,4,94,43,51,6,3,3,0,0,0,5,2,3,0,0,0,1,1,0,628,306,322
16,92,Zahirabad,Sangareddy,08,Naykal,573303,0000,VILLAGE,Cheekurthi,Rural,230,1223,617,606,167,82,85,0,0,0,0,0,0,671,392,279,552,225,327,739,378,361,712,369,343,448,223,225,206,105,101,10,4,6,48,37,11,27,9,18,4,2,2,6,1,5,1,0,1,16,6,10,23,8,15,4,2,2,4,0,4,0,0,0,15,6,9,4,1,3,0,0,0,2,1,1,1,0,1,1,0,1,484,239,245
16,92,Zahirabad,Sangareddy,08,Naykal,573304,0000,VILLAGE,Ameerabad,Rural,126,505,232,273,49,23,26,116,57,59,0,0,0,216,126,90,289,106,183,303,143,160,301,141,160,82,43,39,190,76,114,1,0,1,28,22,6,2,2,0,0,0,0,2,2,0,0,0,0,0,0,0,2,2,0,0,0,0,2,2,0,0,0,0,0,0,0,0,0,0,0,0,0,0,0,0,0,0,0,0,0,0,202,89,113
16,92,Zahirabad,Sangareddy,08,Naykal,573305,0000,VILLAGE,Kakijanwada,Rural,250,1244,641,603,92,53,39,103,55,48,31,18,13,544,299,245,700,342,358,966,497,469,606,301,305,51,28,23,542,267,275,0,0,0,13,6,7,360,196,164,7,5,2,308,174,134,1,0,1,44,17,27,297,158,139,7,5,2,245,136,109,1,0,1,44,17,27,63,38,25,0,0,0,63,38,25,0,0,0,0,0,0,278,144,134
16,92,Zahirabad,Sangareddy,08,Naykal,573306,0000,VILLAGE,Murthujapur,Rural,120,672,336,336,87,35,52,173,89,84,0,0,0,387,220,167,285,116,169,365,192,173,359,190,169,105,53,52,248,133,115,1,0,1,5,4,1,6,2,4,2,1,1,3,1,2,0,0,0,1,0,1,5,2,3,2,1,1,2,1,1,0,0,0,1,0,1,1,0,1,0,0,0,1,0,1,0,0,0,0,0,0,307,144,163
16,92,Zahirabad,Sangareddy,08,Naykal,573307,0000,VILLAGE,Chalki,Rural,282,1347,689,658,150,80,70,324,169,155,0,0,0,631,381,250,716,308,408,745,399,346,722,387,335,182,124,58,336,146,190,40,20,20,164,97,67,23,12,11,0,0,0,7,5,2,2,0,2,14,7,7,21,12,9,0,0,0,7,5,2,0,0,0,14,7,7,2,0,2,0,0,0,0,0,0,2,0,2,0,0,0,602,290,312
16,92,Zahirabad,Sangareddy,08,Naykal,573308,0000,VILLAGE,Humnapur,Rural,109,586,298,288,48,26,22,157,84,73,0,0,0,341,189,152,245,109,136,255,153,102,246,148,98,71,44,27,160,94,66,0,0,0,15,10,5,9,5,4,3,2,1,6,3,3,0,0,0,0,0,0,9,5,4,3,2,1,6,3,3,0,0,0,0,0,0,0,0,0,0,0,0,0,0,0,0,0,0,0,0,0,331,145,186
16,92,Zahirabad,Sangareddy,08,Naykal,573309,0000,VILLAGE,Raghapur,Rural,248,1277,651,626,134,67,67,335,179,156,26,14,12,581,342,239,696,309,387,698,380,318,561,359,202,80,53,27,460,287,173,0,0,0,21,19,2,137,21,116,0,0,0,133,20,113,0,0,0,4,1,3,132,21,111,0,0,0,128,20,108,0,0,0,4,1,3,5,0,5,0,0,0,5,0,5,0,0,0,0,0,0,579,271,308
16,92,Zahirabad,Sangareddy,08,Naykal,573310,0000,VILLAGE,Ibrahimpur,Rural,224,1223,593,630,145,66,79,565,268,297,0,0,0,546,313,233,677,280,397,616,326,290,280,170,110,55,35,20,157,70,87,0,0,0,68,65,3,336,156,180,5,2,3,281,118,163,6,1,5,44,35,9,267,130,137,3,2,1,236,105,131,1,0,1,27,23,4,69,26,43,2,0,2,45,13,32,5,1,4,17,12,5,607,267,340
16,92,Zahirabad,Sangareddy,08,Naykal,573311,0000,VILLAGE,Chingepalle,Rural,225,1200,595,605,143,80,63,337,166,171,0,0,0,541,297,244,659,298,361,599,317,282,593,314,279,189,118,71,349,148,201,1,1,0,54,47,7,6,3,3,2,1,1,1,1,0,0,0,0,3,1,2,5,2,3,2,1,1,1,1,0,0,0,0,2,0,2,1,1,0,0,0,0,0,0,0,0,0,0,1,1,0,601,278,323
16,92,Zahirabad,Sangareddy,08,Naykal,573312,0000,VILLAGE,Mariampur,Rural,159,728,377,351,110,72,38,305,157,148,0,0,0,382,216,166,346,161,185,415,222,193,339,200,139,6,6,0,300,170,130,1,1,0,32,23,9,76,22,54,6,4,2,43,13,30,0,0,0,27,5,22,67,20,47,4,3,1,43,13,30,0,0,0,20,4,16,9,2,7,2,1,1,0,0,0,0,0,0,7,1,6,313,155,158
16,92,Zahirabad,Sangareddy,08,Naykal,573313,0000,VILLAGE,Ratnapur,Rural,378,2140,1107,1033,286,159,127,581,310,271,13,7,6,1075,625,450,1065,482,583,944,626,318,943,626,317,160,141,19,595,328,267,4,3,1,184,154,30,1,0,1,0,0,0,0,0,0,0,0,0,1,0,1,1,0,1,0,0,0,0,0,0,0,0,0,1,0,1,0,0,0,0,0,0,0,0,0,0,0,0,0,0,0,1196,481,715
16,92,Zahirabad,Sangareddy,08,Naykal,573314,0000,VILLAGE,Malgi,Rural,483,2392,1238,1154,359,179,180,447,221,226,0,0,0,930,531,399,1462,707,755,1282,720,562,1087,646,441,86,63,23,759,423,336,1,1,0,241,159,82,195,74,121,6,1,5,151,41,110,0,0,0,38,32,6,180,68,112,4,1,3,144,40,104,0,0,0,32,27,5,15,6,9,2,0,2,7,1,6,0,0,0,6,5,1,1110,518,592
16,92,Zahirabad,Sangareddy,08,Naykal,573315,0000,VILLAGE,Dappur,Rural,411,2152,1129,1023,265,138,127,338,183,155,0,0,0,919,547,372,1233,582,651,1123,661,462,1055,636,419,122,99,23,768,426,342,88,52,36,77,59,18,68,25,43,2,0,2,31,8,23,2,1,1,33,16,17,65,24,41,2,0,2,30,7,23,2,1,1,31,16,15,3,1,2,0,0,0,1,1,0,0,0,0,2,0,2,1029,468,561
16,92,Zahirabad,Sangareddy,08,Naykal,573316,0000,VILLAGE,Waddi,Rural,388,2042,1037,1005,284,142,142,292,152,140,21,10,11,998,589,409,1044,448,596,1091,612,479,1016,588,428,459,246,213,372,190,182,1,0,1,184,152,32,75,24,51,0,0,0,67,20,47,1,0,1,7,4,3,65,21,44,0,0,0,59,17,42,0,0,0,6,4,2,10,3,7,0,0,0,8,3,5,1,0,1,1,0,1,951,425,526
16,92,Zahirabad,Sangareddy,08,Naykal,573317,0000,VILLAGE,Shamshallapur,Rural,194,942,482,460,125,61,64,464,238,226,0,0,0,487,278,209,455,204,251,452,271,181,336,219,117,45,40,5,222,120,102,2,1,1,67,58,9,116,52,64,6,1,5,99,42,57,1,0,1,10,9,1,108,47,61,6,1,5,93,39,54,1,0,1,8,7,1,8,5,3,0,0,0,6,3,3,0,0,0,2,2,0,490,211,279
16,92,Zahirabad,Sangareddy,08,Naykal,573318,0000,VILLAGE,Ganeshpur,Rural,130,751,381,370,102,59,43,338,174,164,3,1,2,375,215,160,376,166,210,468,234,234,452,225,227,173,84,89,250,121,129,1,1,0,28,19,9,16,9,7,0,0,0,14,7,7,1,1,0,1,1,0,16,9,7,0,0,0,14,7,7,1,1,0,1,1,0,0,0,0,0,0,0,0,0,0,0,0,0,0,0,0,283,147,136
16,92,Zahirabad,Sangareddy,08,Naykal,573319,0000,VILLAGE,Husselli,Rural,176,873,457,416,126,71,55,236,127,109,0,0,0,431,247,184,442,210,232,481,266,215,143,132,11,81,80,1,20,14,6,0,0,0,42,38,4,338,134,204,7,3,4,213,86,127,47,9,38,71,36,35,107,23,84,2,2,0,87,8,79,2,0,2,16,13,3,231,111,120,5,1,4,126,78,48,45,9,36,55,23,32,392,191,201
16,92,Zahirabad,Sangareddy,08,Naykal,573320,0000,VILLAGE,Ganjoti,Rural,354,1854,936,918,250,131,119,352,171,181,43,21,22,946,539,407,908,397,511,1046,532,514,1030,523,507,327,192,135,591,256,335,14,5,9,98,70,28,16,9,7,0,0,0,6,1,5,1,1,0,9,7,2,14,7,7,0,0,0,6,1,5,0,0,0,8,6,2,2,2,0,0,0,0,0,0,0,1,1,0,1,1,0,808,404,404
16,92,Zahirabad,Sangareddy,08,Naykal,573321,0000,VILLAGE,Ramtheerth,Rural,196,1037,502,535,152,72,80,233,112,121,0,0,0,512,293,219,525,209,316,507,262,245,499,259,240,257,131,126,218,110,108,2,2,0,22,16,6,8,3,5,2,1,1,2,1,1,0,0,0,4,1,3,5,2,3,0,0,0,2,1,1,0,0,0,3,1,2,3,1,2,2,1,1,0,0,0,0,0,0,1,0,1,530,240,290
16,92,Zahirabad,Sangareddy,08,Naykal,573322,0000,VILLAGE,Nyalkal,Rural,642,3450,1712,1738,439,241,198,1099,560,539,102,58,44,1635,885,750,1815,827,988,1727,1010,717,1303,901,402,259,195,64,789,504,285,13,10,3,242,192,50,424,109,315,41,5,36,266,47,219,20,9,11,97,48,49,374,94,280,39,4,35,228,37,191,15,6,9,92,47,45,50,15,35,2,1,1,38,10,28,5,3,2,5,1,4,1723,702,1021
16,92,Zahirabad,Sangareddy,08,Naykal,573323,0000,VILLAGE,Atnur,Rural,252,1412,729,683,236,118,118,1,1,0,0,0,0,764,446,318,648,283,365,761,423,338,528,330,198,237,156,81,247,137,110,3,3,0,41,34,7,233,93,140,27,2,25,163,67,96,3,2,1,40,22,18,183,91,92,6,2,4,136,66,70,1,1,0,40,22,18,50,2,48,21,0,21,27,1,26,2,1,1,0,0,0,651,306,345
16,92,Zahirabad,Sangareddy,08,Naykal,573324,0000,VILLAGE,Mirjapur[N],Rural,183,938,487,451,89,45,44,308,153,155,0,0,0,466,293,173,472,194,278,501,301,200,465,269,196,109,76,33,299,146,153,0,0,0,57,47,10,36,32,4,2,2,0,0,0,0,0,0,0,34,30,4,36,32,4,2,2,0,0,0,0,0,0,0,34,30,4,0,0,0,0,0,0,0,0,0,0,0,0,0,0,0,437,186,251
16,92,Zahirabad,Sangareddy,08,Naykal,573325,0000,VILLAGE,Tatpalle,Rural,54,280,151,129,38,22,16,104,60,44,0,0,0,136,86,50,144,65,79,135,82,53,132,80,52,34,27,7,89,44,45,1,1,0,8,8,0,3,2,1,0,0,0,0,0,0,0,0,0,3,2,1,3,2,1,0,0,0,0,0,0,0,0,0,3,2,1,0,0,0,0,0,0,0,0,0,0,0,0,0,0,0,145,69,76
16,92,Zahirabad,Sangareddy,08,Naykal,573326,0000,VILLAGE,Tekur,Rural,263,1165,576,589,149,65,84,303,148,155,0,0,0,622,363,259,543,213,330,589,327,262,518,318,200,110,80,30,292,145,147,9,6,3,107,87,20,71,9,62,30,0,30,19,1,18,2,1,1,20,7,13,52,7,45,19,0,19,13,0,13,2,1,1,18,6,12,19,2,17,11,0,11,6,1,5,0,0,0,2,1,1,576,249,327
16,92,Zahirabad,Sangareddy,08,Naykal,573327,0000,VILLAGE,Mungi,Rural,370,1688,844,844,231,118,113,607,303,304,0,0,0,724,424,300,964,420,544,825,472,353,290,160,130,42,33,9,160,75,85,28,16,12,60,36,24,535,312,223,32,27,5,349,185,164,32,16,16,122,84,38,272,153,119,25,21,4,187,100,87,25,11,14,35,21,14,263,159,104,7,6,1,162,85,77,7,5,2,87,63,24,863,372,491
16,92,Zahirabad,Sangareddy,08,Naykal,573328,0000,VILLAGE,Rukmapur,Rural,108,564,292,272,74,41,33,86,45,41,188,96,92,261,157,104,303,135,168,237,152,85,235,152,83,73,59,14,115,63,52,6,2,4,41,28,13,2,0,2,0,0,0,1,0,1,1,0,1,0,0,0,2,0,2,0,0,0,1,0,1,1,0,1,0,0,0,0,0,0,0,0,0,0,0,0,0,0,0,0,0,0,327,140,187
16,92,Zahirabad,Sangareddy,08,Naykal,573329,0000,VILLAGE,Hadnur,Rural,664,3658,1807,1851,440,234,206,737,381,356,62,31,31,1998,1112,886,1660,695,965,1501,916,585,1330,827,503,365,221,144,425,182,243,89,72,17,451,352,99,171,89,82,38,21,17,68,25,43,2,2,0,63,41,22,163,82,81,38,21,17,67,24,43,2,2,0,56,35,21,8,7,1,0,0,0,1,1,0,0,0,0,7,6,1,2157,891,1266
16,92,Zahirabad,Sangareddy,08,Naykal,573330,0000,VILLAGE,Narmtabad,Rural,212,1045,509,536,134,68,66,521,257,264,0,0,0,530,288,242,515,221,294,576,320,256,574,318,256,157,96,61,390,203,187,2,2,0,25,17,8,2,2,0,0,0,0,0,0,0,0,0,0,2,2,0,1,1,0,0,0,0,0,0,0,0,0,0,1,1,0,1,1,0,0,0,0,0,0,0,0,0,0,1,1,0,469,189,280
16,92,Zahirabad,Sangareddy,08,Naykal,573331,0000,VILLAGE,Mamidgi,Rural,513,2665,1312,1353,329,158,171,972,493,479,83,42,41,1365,748,617,1300,564,736,1347,785,562,1299,764,535,490,289,201,613,320,293,19,6,13,177,149,28,48,21,27,2,1,1,7,2,5,5,1,4,34,17,17,41,20,21,1,1,0,5,2,3,3,1,2,32,16,16,7,1,6,1,0,1,2,0,2,2,0,2,2,1,1,1318,527,791
16,92,Zahirabad,Sangareddy,08,Naykal,573332,0000,VILLAGE,Rajola,Rural,250,1313,674,639,174,95,79,285,142,143,5,3,2,619,363,256,694,311,383,624,377,247,520,328,192,50,32,18,361,203,158,23,14,9,86,79,7,104,49,55,8,4,4,63,30,33,10,2,8,23,13,10,97,44,53,8,4,4,60,28,32,9,2,7,20,10,10,7,5,2,0,0,0,3,2,1,1,0,1,3,3,0,689,297,392
16,92,Zahirabad,Sangareddy,08,Naykal,573333,0000,VILLAGE,Kalbemal,Rural,358,1989,983,1006,277,123,154,535,257,278,0,0,0,957,537,420,1032,446,586,847,529,318,838,524,314,212,159,53,451,304,147,8,4,4,167,57,110,9,5,4,0,0,0,3,1,2,0,0,0,6,4,2,9,5,4,0,0,0,3,1,2,0,0,0,6,4,2,0,0,0,0,0,0,0,0,0,0,0,0,0,0,0,1142,454,688
16,92,Zahirabad,Sangareddy,08,Naykal,573334,0000,VILLAGE,Basanthpur,Rural,264,1400,700,700,176,87,89,548,267,281,0,0,0,768,447,321,632,253,379,620,377,243,123,103,20,85,75,10,3,2,1,1,1,0,34,25,9,497,274,223,1,0,1,478,260,218,2,1,1,16,13,3,497,274,223,1,0,1,478,260,218,2,1,1,16,13,3,0,0,0,0,0,0,0,0,0,0,0,0,0,0,0,780,323,457
16,92,Zahirabad,Sangareddy,08,Naykal,573335,0000,VILLAGE,Metalkunta,Rural,517,2440,1211,1229,291,144,147,896,444,452,31,19,12,1437,811,626,1003,400,603,1312,725,587,988,601,387,220,137,83,530,265,265,44,32,12,194,167,27,324,124,200,4,2,2,220,70,150,9,5,4,91,47,44,296,111,185,3,2,1,201,58,143,8,4,4,84,47,37,28,13,15,1,0,1,19,12,7,1,1,0,7,0,7,1128,486,642
16,92,Zahirabad,Sangareddy,08,Naykal,573336,0000,VILLAGE,Gangwar,Rural,246,1322,655,667,138,60,78,457,217,240,0,0,0,752,444,308,570,211,359,655,374,281,597,343,254,198,112,86,271,134,137,8,6,2,120,91,29,58,31,27,2,0,2,48,26,22,1,1,0,7,4,3,57,31,26,2,0,2,47,26,21,1,1,0,7,4,3,1,0,1,0,0,0,1,0,1,0,0,0,0,0,0,667,281,386
16,92,Zahirabad,Sangareddy,08,Naykal,573337,0000,VILLAGE,Mirzapur[B],Rural,363,1944,1012,932,253,123,130,489,244,245,68,34,34,1144,654,490,800,358,442,1063,561,502,998,527,471,258,118,140,506,247,259,69,47,22,165,115,50,65,34,31,3,2,1,19,9,10,2,1,1,41,22,19,62,33,29,3,2,1,16,8,8,2,1,1,41,22,19,3,1,2,0,0,0,3,1,2,0,0,0,0,0,0,881,451,430
16,92,Zahirabad,Sangareddy,08,Naykal,573338,0000,VILLAGE,Khaleelpur[M],Rural,207,995,514,481,109,61,48,1,1,0,0,0,0,562,359,203,433,155,278,641,330,311,557,306,251,63,42,21,313,147,166,67,22,45,114,95,19,84,24,60,0,0,0,33,10,23,26,2,24,25,12,13,64,20,44,0,0,0,30,10,20,15,0,15,19,10,9,20,4,16,0,0,0,3,0,3,11,2,9,6,2,4,354,184,170
16,92,Zahirabad,Sangareddy,08,Naykal,573339,0000,VILLAGE,Rejinthal,Rural,578,2973,1527,1446,374,204,170,785,391,394,12,8,4,1480,854,626,1493,673,820,1546,900,646,1441,853,588,234,176,58,1056,554,502,12,5,7,139,118,21,105,47,58,10,7,3,81,33,48,0,0,0,14,7,7,101,44,57,9,6,3,78,31,47,0,0,0,14,7,7,4,3,1,1,1,0,3,2,1,0,0,0,0,0,0,1427,627,800
16,92,Zahirabad,Sangareddy,08,Naykal,573340,0000,VILLAGE,Malkanpahad,Rural,72,377,185,192,47,22,25,235,106,129,0,0,0,205,113,92,172,72,100,208,108,100,183,101,82,79,42,37,48,21,27,0,0,0,56,38,18,25,7,18,6,2,4,8,1,7,0,0,0,11,4,7,17,5,12,4,1,3,5,1,4,0,0,0,8,3,5,8,2,6,2,1,1,3,0,3,0,0,0,3,1,2,169,77,92
16,92,Zahirabad,Sangareddy,10,Mogdampalle,573341,0000,VILLAGE,Madgi,Rural,389,2175,1121,1054,318,171,147,201,97,104,0,0,0,1079,615,464,1096,506,590,1022,603,419,641,414,227,65,48,17,430,230,200,21,18,3,125,118,7,381,189,192,11,3,8,280,111,169,4,2,2,86,73,13,372,185,187,11,3,8,276,110,166,3,2,1,82,70,12,9,4,5,0,0,0,4,1,3,1,0,1,4,3,1,1153,518,635
16,92,Zahirabad,Sangareddy,09,Zahirabad,573342,0000,VILLAGE,Chiragpalle,Rural,561,2777,1394,1383,372,170,202,577,284,293,4,1,3,1469,869,600,1308,525,783,1247,791,456,1207,770,437,154,127,27,744,356,388,16,12,4,293,275,18,40,21,19,8,4,4,16,5,11,1,1,0,15,11,4,36,18,18,8,4,4,14,4,10,1,1,0,13,9,4,4,3,1,0,0,0,2,1,1,0,0,0,2,2,0,1530,603,927
16,92,Zahirabad,Sangareddy,09,Zahirabad,573343,0000,VILLAGE,Satwar,Rural,748,3876,1955,1921,529,270,259,770,377,393,19,8,11,2059,1159,900,1817,796,1021,1711,1079,632,1058,762,296,72,65,7,776,506,270,18,16,2,192,175,17,653,317,336,19,12,7,493,213,280,13,11,2,128,81,47,301,122,179,10,5,5,188,53,135,3,2,1,100,62,38,352,195,157,9,7,2,305,160,145,10,9,1,28,19,9,2165,876,1289
16,92,Zahirabad,Sangareddy,09,Zahirabad,573344,0000,VILLAGE,Buchnelli,Rural,305,1539,765,774,191,100,91,82,44,38,5,3,2,812,453,359,727,312,415,647,431,216,607,415,192,48,39,9,529,349,180,0,0,0,30,27,3,40,16,24,2,2,0,36,13,23,0,0,0,2,1,1,40,16,24,2,2,0,36,13,23,0,0,0,2,1,1,0,0,0,0,0,0,0,0,0,0,0,0,0,0,0,892,334,558
16,92,Zahirabad,Sangareddy,09,Zahirabad,573345,0000,VILLAGE,Burdipahad,Rural,470,2209,1143,1066,257,140,117,719,362,357,10,5,5,1164,720,444,1045,423,622,1128,653,475,1061,619,442,307,184,123,539,256,283,24,16,8,191,163,28,67,34,33,8,6,2,29,9,20,0,0,0,30,19,11,62,31,31,7,6,1,28,8,20,0,0,0,27,17,10,5,3,2,1,0,1,1,1,0,0,0,0,3,2,1,1081,490,591
16,92,Zahirabad,Sangareddy,09,Zahirabad,573346,0000,VILLAGE,Tumkunta,Rural,167,840,425,415,118,59,59,530,254,276,0,0,0,443,248,195,397,177,220,431,247,184,431,247,184,132,72,60,239,123,116,0,0,0,60,52,8,0,0,0,0,0,0,0,0,0,0,0,0,0,0,0,0,0,0,0,0,0,0,0,0,0,0,0,0,0,0,0,0,0,0,0,0,0,0,0,0,0,0,0,0,0,409,178,231
16,92,Zahirabad,Sangareddy,09,Zahirabad,573347,0000,VILLAGE,Kothur [B],Rural,535,2592,1291,1301,313,149,164,184,89,95,1,1,0,1565,891,674,1027,400,627,1029,711,318,981,682,299,77,61,16,483,263,220,27,16,11,394,342,52,48,29,19,13,9,4,22,8,14,2,2,0,11,10,1,23,15,8,3,1,2,8,3,5,2,2,0,10,9,1,25,14,11,10,8,2,14,5,9,0,0,0,1,1,0,1563,580,983
16,92,Zahirabad,Sangareddy,09,Zahirabad,573348,0000,VILLAGE,Didgi,Rural,410,2073,1020,1053,275,123,152,832,397,435,0,0,0,1149,647,502,924,373,551,840,535,305,601,396,205,71,57,14,361,201,160,5,2,3,164,136,28,239,139,100,0,0,0,203,109,94,0,0,0,36,30,6,237,138,99,0,0,0,202,109,93,0,0,0,35,29,6,2,1,1,0,0,0,1,0,1,0,0,0,1,1,0,1233,485,748
16,92,Zahirabad,Sangareddy,09,Zahirabad,573349,0000,VILLAGE,Algole,Rural,626,2784,1356,1428,304,149,155,1039,509,530,56,31,25,1485,852,633,1299,504,795,1470,787,683,1297,730,567,243,145,98,677,321,356,95,60,35,282,204,78,173,57,116,16,2,14,46,11,35,51,11,40,60,33,27,151,55,96,11,2,9,42,11,31,42,9,33,56,33,23,22,2,20,5,0,5,4,0,4,9,2,7,4,0,4,1314,569,745
16,92,Zahirabad,Sangareddy,09,Zahirabad,573350,0000,VILLAGE,Kasimpur,Rural,460,2315,1162,1153,302,151,151,477,239,238,0,0,0,1071,609,462,1244,553,691,1266,699,567,979,601,378,197,154,43,621,321,300,33,22,11,128,104,24,287,98,189,13,7,6,201,58,143,16,6,10,57,27,30,263,86,177,10,5,5,198,57,141,10,4,6,45,20,25,24,12,12,3,2,1,3,1,2,6,2,4,12,7,5,1049,463,586
16,92,Zahirabad,Sangareddy,10,Mogdampalle,573351,0000,VILLAGE,Asadgunj,Rural,249,1377,720,657,230,116,114,16,16,0,0,0,0,735,425,310,642,295,347,420,340,80,379,316,63,43,39,4,206,149,57,3,3,0,127,125,2,41,24,17,2,0,2,24,10,14,0,0,0,15,14,1,32,23,9,1,0,1,18,10,8,0,0,0,13,13,0,9,1,8,1,0,1,6,0,6,0,0,0,2,1,1,957,380,577
16,92,Zahirabad,Sangareddy,10,Mogdampalle,573352,0000,VILLAGE,Gopanpalle,Rural,354,1827,904,923,270,144,126,428,214,214,6,3,3,985,572,413,842,332,510,833,476,357,549,353,196,117,90,27,241,110,131,18,6,12,173,147,26,284,123,161,4,2,2,168,49,119,10,6,4,102,66,36,271,114,157,4,2,2,162,45,117,8,5,3,97,62,35,13,9,4,0,0,0,6,4,2,2,1,1,5,4,1,994,428,566
16,92,Zahirabad,Sangareddy,10,Mogdampalle,573353,0000,VILLAGE,Godegarpalle (Patti Dhanasiri),Rural,249,1079,534,545,146,74,72,413,203,210,0,0,0,577,348,229,502,186,316,526,281,245,466,262,204,54,41,13,355,174,181,4,2,2,53,45,8,60,19,41,4,1,3,53,17,36,0,0,0,3,1,2,55,19,36,4,1,3,50,17,33,0,0,0,1,1,0,5,0,5,0,0,0,3,0,3,0,0,0,2,0,2,553,253,300
16,92,Zahirabad,Sangareddy,10,Mogdampalle,573354,0000,VILLAGE,Khan Jamalapur,Rural,269,1119,537,582,163,85,78,337,157,180,0,0,0,569,301,268,550,236,314,574,304,270,508,278,230,175,93,82,295,152,143,1,1,0,37,32,5,66,26,40,4,2,2,42,9,33,1,0,1,19,15,4,64,25,39,4,2,2,42,9,33,1,0,1,17,14,3,2,1,1,0,0,0,0,0,0,0,0,0,2,1,1,545,233,312
16,92,Zahirabad,Sangareddy,10,Mogdampalle,573355,0000,VILLAGE,Dhanasiri,Rural,802,4320,2168,2152,583,309,274,1285,643,642,0,0,0,2281,1263,1018,2039,905,1134,1957,1182,775,1596,1035,561,325,240,85,844,428,416,26,16,10,401,351,50,361,147,214,15,3,12,252,91,161,33,9,24,61,44,17,338,146,192,10,3,7,243,91,152,28,9,19,57,43,14,23,1,22,5,0,5,9,0,9,5,0,5,4,1,3,2363,986,1377
16,92,Zahirabad,Sangareddy,10,Mogdampalle,573356,0000,VILLAGE,Gudpalle,Rural,425,2427,1232,1195,262,134,128,748,379,369,101,51,50,1262,710,552,1165,522,643,1345,738,607,1179,656,523,73,53,20,995,541,454,11,3,8,100,59,41,166,82,84,1,1,0,100,44,56,17,2,15,48,35,13,151,74,77,1,1,0,89,39,50,17,2,15,44,32,12,15,8,7,0,0,0,11,5,6,0,0,0,4,3,1,1082,494,588
16,92,Zahirabad,Sangareddy,10,Mogdampalle,573357,0000,VILLAGE,Auranganagar,Rural,239,1302,679,623,192,104,88,0,0,0,0,0,0,820,473,347,482,206,276,426,344,82,409,336,73,169,153,16,178,125,53,0,0,0,62,58,4,17,8,9,3,0,3,6,1,5,0,0,0,8,7,1,16,8,8,2,0,2,6,1,5,0,0,0,8,7,1,1,0,1,1,0,1,0,0,0,0,0,0,0,0,0,876,335,541
16,92,Zahirabad,Sangareddy,10,Mogdampalle,573358,0000,VILLAGE,Gousabad,Rural,251,1339,673,666,169,80,89,67,33,34,614,319,295,584,379,205,755,294,461,709,360,349,652,338,314,168,101,67,437,207,230,2,1,1,45,29,16,57,22,35,1,0,1,50,17,33,0,0,0,6,5,1,53,19,34,1,0,1,48,16,32,0,0,0,4,3,1,4,3,1,0,0,0,2,1,1,0,0,0,2,2,0,630,313,317
16,92,Zahirabad,Sangareddy,10,Mogdampalle,573359,0000,VILLAGE,Mogdampalle,Rural,2045,10948,5627,5321,1722,904,818,1167,561,606,4783,2471,2312,4229,2648,1581,6719,2979,3740,5300,2886,2414,4771,2686,2085,724,458,266,3195,1620,1575,69,23,46,783,585,198,529,200,329,58,27,31,333,108,225,18,4,14,120,61,59,484,188,296,51,22,29,310,103,207,11,3,8,112,60,52,45,12,33,7,5,2,23,5,18,7,1,6,8,1,7,5648,2741,2907
16,92,Zahirabad,Sangareddy,10,Mogdampalle,573360,0000,VILLAGE,Ippepalle,Rural,286,1323,680,643,183,97,86,402,204,198,1,0,1,642,371,271,681,309,372,687,382,305,655,370,285,410,215,195,138,62,76,0,0,0,107,93,14,32,12,20,10,3,7,4,0,4,1,1,0,17,8,9,8,4,4,2,0,2,2,0,2,1,1,0,3,3,0,24,8,16,8,3,5,2,0,2,0,0,0,14,5,9,636,298,338
16,92,Zahirabad,Sangareddy,10,Mogdampalle,573361,0000,VILLAGE,Mannapur,Rural,439,2175,1077,1098,318,166,152,579,289,290,345,173,172,910,536,374,1265,541,724,1252,599,653,799,371,428,94,57,37,601,278,323,16,6,10,88,30,58,453,228,225,6,3,3,348,170,178,10,7,3,89,48,41,440,223,217,4,2,2,345,170,175,10,7,3,81,44,37,13,5,8,2,1,1,3,0,3,0,0,0,8,4,4,923,478,445
16,92,Zahirabad,Sangareddy,10,Mogdampalle,573362,0000,VILLAGE,Raipalle [ P_D_],Rural,193,1120,565,555,214,109,105,0,0,0,1098,555,543,408,267,141,712,298,414,572,292,280,561,289,272,300,155,145,218,103,115,1,0,1,42,31,11,11,3,8,2,0,2,3,0,3,0,0,0,6,3,3,9,3,6,2,0,2,2,0,2,0,0,0,5,3,2,2,0,2,0,0,0,1,0,1,0,0,0,1,0,1,548,273,275
16,92,Zahirabad,Sangareddy,09,Zahirabad,573363,0000,VILLAGE,Hothi [B],Rural,1331,6926,3519,3407,1011,525,486,1345,659,686,2023,1029,994,3191,1889,1302,3735,1630,2105,3403,1939,1464,3217,1819,1398,676,410,266,2083,1044,1039,23,20,3,435,345,90,186,120,66,4,2,2,114,57,57,1,0,1,67,61,6,180,118,62,3,2,1,111,57,54,1,0,1,65,59,6,6,2,4,1,0,1,3,0,3,0,0,0,2,2,0,3523,1580,1943
16,92,Zahirabad,Sangareddy,09,Zahirabad,573364,0000,VILLAGE,Ranjole,Rural,1350,6578,3302,3276,845,452,393,1276,647,629,67,30,37,3777,2088,1689,2801,1214,1587,2619,1740,879,1806,1333,473,169,126,43,841,511,330,66,53,13,730,643,87,813,407,406,31,18,13,537,251,286,96,33,63,149,105,44,628,322,306,24,14,10,426,199,227,56,22,34,122,87,35,185,85,100,7,4,3,111,52,59,40,11,29,27,18,9,3959,1562,2397
16,92,Zahirabad,Sangareddy,09,Zahirabad,573365,0000,VILLAGE,Raipalle,Rural,348,1564,749,815,183,88,95,650,309,341,61,29,32,849,471,378,715,278,437,862,439,423,806,423,383,279,163,116,447,209,238,11,4,7,69,47,22,56,16,40,3,0,3,33,10,23,3,0,3,17,6,11,56,16,40,3,0,3,33,10,23,3,0,3,17,6,11,0,0,0,0,0,0,0,0,0,0,0,0,0,0,0,702,310,392
16,92,Zahirabad,Sangareddy,09,Zahirabad,573366,0000,VILLAGE,Huggelli,Rural,587,3199,1592,1607,450,221,229,1052,518,534,526,258,268,1604,931,673,1595,661,934,1482,809,673,1413,782,631,391,214,177,711,322,389,21,9,12,290,237,53,69,27,42,4,0,4,47,20,27,1,0,1,17,7,10,60,26,34,3,0,3,46,20,26,0,0,0,11,6,5,9,1,8,1,0,1,1,0,1,1,0,1,6,1,5,1717,783,934
16,92,Zahirabad,Sangareddy,09,Zahirabad,573367,0000,VILLAGE,Shaikapur,Rural,934,4807,2483,2324,717,383,334,424,213,211,541,274,267,2551,1442,1109,2256,1041,1215,1815,1293,522,1662,1215,447,223,195,28,938,576,362,8,6,2,493,438,55,153,78,75,5,2,3,92,41,51,5,0,5,51,35,16,145,77,68,4,1,3,89,41,48,2,0,2,50,35,15,8,1,7,1,1,0,3,0,3,3,0,3,1,0,1,2992,1190,1802
16,92,Zahirabad,Sangareddy,09,Zahirabad,573368,0000,VILLAGE,Anegunta,Rural,506,2502,1266,1236,376,184,192,288,140,148,1185,592,593,862,578,284,1640,688,952,1447,738,709,1413,719,694,267,222,45,984,388,596,26,9,17,136,100,36,34,19,15,4,1,3,26,15,11,0,0,0,4,3,1,19,9,10,3,0,3,13,7,6,0,0,0,3,2,1,15,10,5,1,1,0,13,8,5,0,0,0,1,1,0,1055,528,527
16,92,Zahirabad,Sangareddy,10,Mogdampalle,573369,0000,VILLAGE,Parvathapur,Rural,87,394,195,199,47,24,23,89,48,41,55,28,27,195,104,91,199,91,108,205,119,86,201,118,83,82,43,39,8,5,3,0,0,0,111,70,41,4,1,3,0,0,0,0,0,0,1,0,1,3,1,2,4,1,3,0,0,0,0,0,0,1,0,1,3,1,2,0,0,0,0,0,0,0,0,0,0,0,0,0,0,0,189,76,113
16,92,Zahirabad,Sangareddy,10,Mogdampalle,573370,0000,VILLAGE,Sarjaraopet,Rural,185,919,467,452,168,90,78,0,0,0,915,464,451,252,190,62,667,277,390,458,220,238,315,165,150,175,94,81,113,46,67,2,2,0,25,23,2,143,55,88,2,0,2,137,53,84,0,0,0,4,2,2,143,55,88,2,0,2,137,53,84,0,0,0,4,2,2,0,0,0,0,0,0,0,0,0,0,0,0,0,0,0,461,247,214
16,92,Zahirabad,Sangareddy,10,Mogdampalle,573371,0000,VILLAGE,Malkapur [Jadi],Rural,543,2601,1334,1267,348,185,163,511,248,263,0,0,0,1295,813,482,1306,521,785,1523,794,729,1380,714,666,671,357,314,611,294,317,19,8,11,79,55,24,143,80,63,4,4,0,81,33,48,32,22,10,26,21,5,118,65,53,4,4,0,77,33,44,17,12,5,20,16,4,25,15,10,0,0,0,4,0,4,15,10,5,6,5,1,1078,540,538
16,92,Zahirabad,Sangareddy,09,Zahirabad,573372,0000,VILLAGE,Malchelma,Rural,722,3983,2072,1911,548,265,283,526,257,269,436,244,192,2169,1265,904,1814,807,1007,1611,1052,559,1412,933,479,220,177,43,743,365,378,8,7,1,441,384,57,199,119,80,24,13,11,116,53,63,5,4,1,54,49,5,191,114,77,24,13,11,112,52,60,5,4,1,50,45,5,8,5,3,0,0,0,4,1,3,0,0,0,4,4,0,2372,1020,1352
16,92,Zahirabad,Sangareddy,11,Kohir,573378,0000,VILLAGE,Madri,Rural,370,1908,981,927,206,97,109,541,265,276,2,1,1,973,581,392,935,400,535,808,519,289,611,415,196,210,176,34,220,98,122,9,5,4,172,136,36,197,104,93,3,0,3,127,46,81,0,0,0,67,58,9,181,93,88,3,0,3,122,46,76,0,0,0,56,47,9,16,11,5,0,0,0,5,0,5,0,0,0,11,11,0,1100,462,638
16,92,Zahirabad,Sangareddy,11,Kohir,573379,0000,VILLAGE,Digwal,Rural,896,4596,2352,2244,559,293,266,1045,522,523,16,7,9,2814,1606,1208,1782,746,1036,1714,1222,492,1443,1072,371,324,263,61,454,222,232,38,22,16,627,565,62,271,150,121,14,3,11,158,67,91,12,10,2,87,70,17,249,136,113,11,2,9,152,64,88,11,9,2,75,61,14,22,14,8,3,1,2,6,3,3,1,1,0,12,9,3,2882,1130,1752
16,92,Zahirabad,Sangareddy,11,Kohir,573380,0000,VILLAGE,Kavelli,Rural,624,2928,1494,1434,379,191,188,764,392,372,5,3,2,1835,1051,784,1093,443,650,1218,788,430,1125,737,388,95,75,20,734,408,326,5,4,1,291,250,41,93,51,42,0,0,0,15,5,10,3,2,1,75,44,31,57,32,25,0,0,0,10,3,7,2,1,1,45,28,17,36,19,17,0,0,0,5,2,3,1,1,0,30,16,14,1710,706,1004
16,92,Zahirabad,Sangareddy,11,Kohir,573381,0000,VILLAGE,Chinthalghat,Rural,403,1748,870,878,166,80,86,596,297,299,0,0,0,960,577,383,788,293,495,982,525,457,775,423,352,42,34,8,639,319,320,4,2,2,90,68,22,207,102,105,9,3,6,187,93,94,4,1,3,7,5,2,196,99,97,9,3,6,179,91,88,2,1,1,6,4,2,11,3,8,0,0,0,8,2,6,2,0,2,1,1,0,766,345,421
16,92,Zahirabad,Sangareddy,11,Kohir,573382,0000,VILLAGE,Kothur Patti Digwal,Rural,143,635,322,313,76,40,36,228,111,117,0,0,0,323,189,134,312,133,179,356,188,168,322,179,143,58,33,25,202,94,108,0,0,0,62,52,10,34,9,25,1,0,1,4,0,4,0,0,0,29,9,20,34,9,25,1,0,1,4,0,4,0,0,0,29,9,20,0,0,0,0,0,0,0,0,0,0,0,0,0,0,0,279,134,145
16,92,Zahirabad,Sangareddy,11,Kohir,573383,0000,VILLAGE,Venkatapur,Rural,420,1931,981,950,217,117,100,576,287,289,0,0,0,1029,616,413,902,365,537,1132,557,575,1123,551,572,172,90,82,926,447,479,1,0,1,24,14,10,9,6,3,3,2,1,4,2,2,0,0,0,2,2,0,8,6,2,3,2,1,3,2,1,0,0,0,2,2,0,1,0,1,0,0,0,1,0,1,0,0,0,0,0,0,799,424,375
16,92,Zahirabad,Sangareddy,11,Kohir,573384,0000,VILLAGE,Pothireddypalle,Rural,245,1232,627,605,159,83,76,396,201,195,0,0,0,662,389,273,570,238,332,532,339,193,462,325,137,145,115,30,208,113,95,1,1,0,108,96,12,70,14,56,10,0,10,55,12,43,0,0,0,5,2,3,63,12,51,10,0,10,49,10,39,0,0,0,4,2,2,7,2,5,0,0,0,6,2,4,0,0,0,1,0,1,700,288,412
16,92,Zahirabad,Sangareddy,11,Kohir,573385,0000,VILLAGE,Kohir,Rural,3082,15075,7446,7629,2091,1058,1033,3398,1627,1771,104,53,51,9213,4816,4397,5862,2630,3232,5110,3607,1503,4245,3052,1193,355,281,74,1667,952,715,161,128,33,2062,1691,371,865,555,310,27,11,16,383,259,124,56,40,16,399,245,154,824,533,291,23,10,13,376,253,123,55,40,15,370,230,140,41,22,19,4,1,3,7,6,1,1,0,1,29,15,14,9965,3839,6126
16,92,Zahirabad,Sangareddy,11,Kohir,573386,0000,VILLAGE,Rajnelli,Rural,275,1228,602,626,125,62,63,553,260,293,1,0,1,749,421,328,479,181,298,658,347,311,555,299,256,25,22,3,425,213,212,43,22,21,62,42,20,103,48,55,14,6,8,48,25,23,10,4,6,31,13,18,101,47,54,14,6,8,48,25,23,10,4,6,29,12,17,2,1,1,0,0,0,0,0,0,0,0,0,2,1,1,570,255,315
16,92,Zahirabad,Sangareddy,11,Kohir,573387,0000,VILLAGE,Gurjuwada,Rural,473,2237,1109,1128,269,134,135,773,361,412,1,0,1,1327,739,588,910,370,540,978,598,380,853,540,313,179,127,52,428,218,210,2,2,0,244,193,51,125,58,67,0,0,0,111,49,62,0,0,0,14,9,5,111,53,58,0,0,0,99,46,53,0,0,0,12,7,5,14,5,9,0,0,0,12,3,9,0,0,0,2,2,0,1259,511,748
16,92,Zahirabad,Sangareddy,11,Kohir,573388,0000,VILLAGE,Picharagad,Rural,739,3727,1816,1911,557,289,268,1152,536,616,824,434,390,1957,1095,862,1770,721,1049,1623,980,643,1316,796,520,233,186,47,927,490,437,2,2,0,154,118,36,307,184,123,2,1,1,243,137,106,13,6,7,49,40,9,285,173,112,2,1,1,232,133,99,11,6,5,40,33,7,22,11,11,0,0,0,11,4,7,2,0,2,9,7,2,2104,836,1268
16,92,Zahirabad,Sangareddy,11,Kohir,573389,0000,VILLAGE,Machreddipalle,Rural,484,2291,1112,1179,285,145,140,825,393,432,19,12,7,1370,755,615,921,357,564,1054,625,429,601,396,205,146,131,15,308,146,162,11,11,0,136,108,28,453,229,224,9,6,3,417,211,206,3,0,3,24,12,12,445,226,219,9,6,3,411,208,203,3,0,3,22,12,10,8,3,5,0,0,0,6,3,3,0,0,0,2,0,2,1237,487,750
16,92,Zahirabad,Sangareddy,11,Kohir,573390,0000,VILLAGE,Sajjapur,Rural,305,1453,738,715,191,93,98,557,278,279,0,0,0,747,429,318,706,309,397,722,395,327,700,389,311,285,159,126,329,165,164,2,1,1,84,64,20,22,6,16,1,1,0,12,3,9,4,0,4,5,2,3,21,6,15,1,1,0,12,3,9,4,0,4,4,2,2,1,0,1,0,0,0,0,0,0,0,0,0,1,0,1,731,343,388
16,92,Zahirabad,Sangareddy,11,Kohir,573391,0000,VILLAGE,Khanapur,Rural,327,1441,734,707,172,94,78,511,249,262,0,0,0,726,423,303,715,311,404,687,430,257,379,259,120,97,68,29,239,151,88,2,2,0,41,38,3,308,171,137,2,0,2,300,165,135,1,1,0,5,5,0,306,169,137,2,0,2,299,164,135,1,1,0,4,4,0,2,2,0,0,0,0,1,1,0,0,0,0,1,1,0,754,304,450
16,92,Zahirabad,Sangareddy,11,Kohir,573392,0000,VILLAGE,Parsapalle,Rural,268,1375,694,681,205,106,99,578,294,284,0,0,0,671,391,280,704,303,401,593,348,245,491,307,184,69,46,23,364,215,149,3,1,2,55,45,10,102,41,61,2,1,1,90,31,59,1,0,1,9,9,0,98,38,60,2,1,1,86,28,58,1,0,1,9,9,0,4,3,1,0,0,0,4,3,1,0,0,0,0,0,0,782,346,436
16,92,Zahirabad,Sangareddy,11,Kohir,573393,0000,VILLAGE,Siddapur Pattikohir,Rural,101,538,265,273,109,49,60,2,1,1,524,258,266,256,170,86,282,95,187,242,128,114,236,125,111,20,14,6,194,97,97,1,1,0,21,13,8,6,3,3,1,0,1,3,1,2,0,0,0,2,2,0,6,3,3,1,0,1,3,1,2,0,0,0,2,2,0,0,0,0,0,0,0,0,0,0,0,0,0,0,0,0,296,137,159
16,92,Zahirabad,Sangareddy,11,Kohir,573394,0000,VILLAGE,Godgar Palle,Rural,485,2456,1254,1202,320,161,159,506,246,260,447,239,208,1171,734,437,1285,520,765,1266,684,582,1217,656,561,278,168,110,825,392,433,5,5,0,109,91,18,49,28,21,3,2,1,41,24,17,0,0,0,5,2,3,47,28,19,3,2,1,41,24,17,0,0,0,3,2,1,2,0,2,0,0,0,0,0,0,0,0,0,2,0,2,1190,570,620
16,92,Zahirabad,Sangareddy,11,Kohir,573395,0000,VILLAGE,Badampet,Rural,254,1442,743,699,220,120,100,692,352,340,34,17,17,678,420,258,764,323,441,704,366,338,701,364,337,96,76,20,529,246,283,0,0,0,76,42,34,3,2,1,0,0,0,2,2,0,0,0,0,1,0,1,3,2,1,0,0,0,2,2,0,0,0,0,1,0,1,0,0,0,0,0,0,0,0,0,0,0,0,0,0,0,738,377,361
16,92,Zahirabad,Sangareddy,11,Kohir,573396,0000,VILLAGE,Maniyarpalle,Rural,498,2387,1212,1175,271,141,130,742,365,377,176,90,86,1187,686,501,1200,526,674,1371,691,680,1162,599,563,399,226,173,564,275,289,60,28,32,139,70,69,209,92,117,21,10,11,21,8,13,12,2,10,155,72,83,207,91,116,21,10,11,21,8,13,10,1,9,155,72,83,2,1,1,0,0,0,0,0,0,2,1,1,0,0,0,1016,521,495
16,92,Zahirabad,Sangareddy,11,Kohir,573397,0000,VILLAGE,Bilalpur,Rural,937,3982,2020,1962,587,298,289,1452,729,723,16,8,8,2073,1224,849,1909,796,1113,2209,1168,1041,1822,976,846,208,112,96,1428,740,688,19,11,8,167,113,54,387,192,195,23,12,11,306,147,159,4,3,1,54,30,24,373,185,188,17,9,8,304,147,157,4,3,1,48,26,22,14,7,7,6,3,3,2,0,2,0,0,0,6,4,2,1773,852,921
16,92,Zahirabad,Sangareddy,11,Kohir,573398,0000,VILLAGE,Kothur Pattikohir,Rural,216,1066,536,530,153,76,77,0,0,0,0,0,0,487,298,189,579,238,341,596,313,283,591,311,280,117,73,44,413,188,225,6,2,4,55,48,7,5,2,3,0,0,0,5,2,3,0,0,0,0,0,0,5,2,3,0,0,0,5,2,3,0,0,0,0,0,0,0,0,0,0,0,0,0,0,0,0,0,0,0,0,0,470,223,247
16,92,Zahirabad,Sangareddy,11,Kohir,573399,0000,VILLAGE,Paidigummal,Rural,633,2972,1508,1464,389,209,180,1473,755,718,230,121,109,1496,881,615,1476,627,849,1581,842,739,1352,753,599,48,40,8,1248,673,575,5,4,1,51,36,15,229,89,140,4,3,1,209,74,135,0,0,0,16,12,4,228,88,140,3,2,1,209,74,135,0,0,0,16,12,4,1,1,0,1,1,0,0,0,0,0,0,0,0,0,0,1391,666,725
16,92,Zahirabad,Sangareddy,11,Kohir,573400,0000,VILLAGE,Nagireddy Palle,Rural,423,1990,1046,944,216,114,102,726,371,355,32,18,14,909,545,364,1081,501,580,989,550,439,913,499,414,10,5,5,852,458,394,7,7,0,44,29,15,76,51,25,0,0,0,31,15,16,11,9,2,34,27,7,70,47,23,0,0,0,31,15,16,6,6,0,33,26,7,6,4,2,0,0,0,0,0,0,5,3,2,1,1,0,1001,496,505
16,92,Zahirabad,Sangareddy,12,Jharasangam,573401,0000,VILLAGE,Siddapur,Rural,130,730,356,374,118,45,73,165,78,87,0,0,0,359,213,146,371,143,228,479,247,232,313,193,120,74,55,19,133,68,65,3,2,1,103,68,35,166,54,112,11,8,3,70,23,47,2,1,1,83,22,61,119,42,77,8,5,3,57,19,38,1,0,1,53,18,35,47,12,35,3,3,0,13,4,9,1,1,0,30,4,26,251,109,142
16,92,Zahirabad,Sangareddy,12,Jharasangam,573402,0000,VILLAGE,Vanampalle,Rural,248,1107,546,561,160,88,72,273,131,142,511,248,263,465,285,180,642,261,381,598,292,306,501,257,244,316,151,165,163,87,76,1,1,0,21,18,3,97,35,62,21,9,12,69,19,50,0,0,0,7,7,0,86,32,54,18,7,11,61,18,43,0,0,0,7,7,0,11,3,8,3,2,1,8,1,7,0,0,0,0,0,0,509,254,255
16,92,Zahirabad,Sangareddy,12,Jharasangam,573403,0000,VILLAGE,Gangapur,Rural,103,603,323,280,80,44,36,164,91,73,0,0,0,325,209,116,278,114,164,356,178,178,9,7,2,6,4,2,2,2,0,0,0,0,1,1,0,347,171,176,0,0,0,345,170,175,1,0,1,1,1,0,347,171,176,0,0,0,345,170,175,1,0,1,1,1,0,0,0,0,0,0,0,0,0,0,0,0,0,0,0,0,247,145,102
16,92,Zahirabad,Sangareddy,12,Jharasangam,573404,0000,VILLAGE,Kollur,Rural,225,1133,574,559,110,50,60,336,174,162,3,1,2,619,387,232,514,187,327,645,332,313,481,254,227,98,60,38,347,166,181,7,7,0,29,21,8,164,78,86,6,4,2,142,64,78,0,0,0,16,10,6,155,74,81,5,3,2,138,62,76,0,0,0,12,9,3,9,4,5,1,1,0,4,2,2,0,0,0,4,1,3,488,242,246
16,92,Zahirabad,Sangareddy,12,Jharasangam,573405,0000,VILLAGE,Tummanpalle,Rural,166,921,459,462,116,50,66,197,99,98,0,0,0,537,319,218,384,140,244,445,273,172,411,254,157,133,90,43,162,67,95,1,1,0,115,96,19,34,19,15,4,3,1,16,6,10,0,0,0,14,10,4,34,19,15,4,3,1,16,6,10,0,0,0,14,10,4,0,0,0,0,0,0,0,0,0,0,0,0,0,0,0,476,186,290
16,92,Zahirabad,Sangareddy,12,Jharasangam,573406,0000,VILLAGE,Kappad,Rural,130,707,368,339,90,45,45,259,134,125,0,0,0,355,222,133,352,146,206,414,213,201,371,207,164,55,33,22,177,74,103,2,2,0,137,98,39,43,6,37,0,0,0,3,2,1,0,0,0,40,4,36,27,5,22,0,0,0,2,1,1,0,0,0,25,4,21,16,1,15,0,0,0,1,1,0,0,0,0,15,0,15,293,155,138
16,92,Zahirabad,Sangareddy,12,Jharasangam,573407,0000,VILLAGE,Kamalpalle,Rural,185,829,437,392,85,46,39,274,142,132,0,0,0,440,272,168,389,165,224,449,232,217,410,216,194,50,32,18,296,136,160,4,2,2,60,46,14,39,16,23,4,2,2,30,11,19,1,0,1,4,3,1,36,16,20,4,2,2,28,11,17,1,0,1,3,3,0,3,0,3,0,0,0,2,0,2,0,0,0,1,0,1,380,205,175
16,92,Zahirabad,Sangareddy,12,Jharasangam,573408,0000,VILLAGE,Narsapur,Rural,157,796,415,381,88,44,44,192,98,94,0,0,0,411,260,151,385,155,230,403,260,143,183,159,24,72,71,1,36,24,12,0,0,0,75,64,11,220,101,119,7,5,2,191,78,113,1,1,0,21,17,4,102,63,39,5,3,2,80,47,33,1,1,0,16,12,4,118,38,80,2,2,0,111,31,80,0,0,0,5,5,0,393,155,238
16,92,Zahirabad,Sangareddy,12,Jharasangam,573409,0000,VILLAGE,Sangam [Khurd],Rural,95,446,235,211,54,33,21,136,78,58,0,0,0,201,121,80,245,114,131,271,150,121,228,134,94,95,55,40,74,31,43,3,3,0,56,45,11,43,16,27,32,10,22,7,3,4,1,0,1,3,3,0,3,2,1,1,0,1,0,0,0,0,0,0,2,2,0,40,14,26,31,10,21,7,3,4,1,0,1,1,1,0,175,85,90
16,92,Zahirabad,Sangareddy,12,Jharasangam,573410,0000,VILLAGE,Kakkerwada,Rural,280,1225,622,603,128,59,69,409,197,212,0,0,0,624,388,236,601,234,367,757,399,358,756,398,358,245,159,86,485,220,265,3,1,2,23,18,5,1,1,0,0,0,0,1,1,0,0,0,0,0,0,0,1,1,0,0,0,0,1,1,0,0,0,0,0,0,0,0,0,0,0,0,0,0,0,0,0,0,0,0,0,0,468,223,245
16,92,Zahirabad,Sangareddy,12,Jharasangam,573411,0000,VILLAGE,Chilepalle,Rural,270,1826,956,870,285,158,127,285,143,142,420,253,167,870,478,392,956,478,478,868,486,382,676,442,234,261,186,75,309,188,121,18,12,6,88,56,32,192,44,148,7,3,4,22,9,13,1,0,1,162,32,130,191,43,148,6,2,4,22,9,13,1,0,1,162,32,130,1,1,0,1,1,0,0,0,0,0,0,0,0,0,0,958,470,488
16,92,Zahirabad,Sangareddy,12,Jharasangam,573412,0000,VILLAGE,Yelgoi,Rural,621,3233,1652,1581,459,234,225,905,466,439,104,56,48,1519,926,593,1714,726,988,1613,925,688,1269,818,451,178,142,36,792,450,342,36,17,19,263,209,54,344,107,237,13,9,4,240,58,182,23,2,21,68,38,30,341,107,234,12,9,3,239,58,181,22,2,20,68,38,30,3,0,3,1,0,1,1,0,1,1,0,1,0,0,0,1620,727,893
16,92,Zahirabad,Sangareddy,12,Jharasangam,573413,0000,VILLAGE,Potpalle,Rural,487,2237,1155,1082,290,150,140,806,405,401,0,0,0,1077,663,414,1160,492,668,1276,666,610,1262,657,605,23,19,4,953,503,450,4,0,4,282,135,147,14,9,5,1,1,0,6,2,4,0,0,0,7,6,1,13,9,4,1,1,0,5,2,3,0,0,0,7,6,1,1,0,1,0,0,0,1,0,1,0,0,0,0,0,0,961,489,472
16,92,Zahirabad,Sangareddy,12,Jharasangam,573414,0000,VILLAGE,Bardipur,Rural,393,1878,946,932,204,114,90,812,398,414,8,5,3,1065,617,448,813,329,484,877,529,348,443,366,77,136,128,8,175,120,55,0,0,0,132,118,14,434,163,271,18,11,7,344,85,259,1,1,0,71,66,5,302,128,174,18,11,7,219,56,163,1,1,0,64,60,4,132,35,97,0,0,0,125,29,96,0,0,0,7,6,1,1001,417,584
16,92,Zahirabad,Sangareddy,12,Jharasangam,573415,0000,VILLAGE,Kuppanagar,Rural,610,2940,1488,1452,375,190,185,720,352,368,12,6,6,1493,871,622,1447,617,830,1437,812,625,1429,807,622,234,140,94,889,441,448,4,4,0,302,222,80,8,5,3,1,1,0,5,2,3,0,0,0,2,2,0,7,4,3,1,1,0,5,2,3,0,0,0,1,1,0,1,1,0,0,0,0,0,0,0,0,0,0,1,1,0,1503,676,827
16,92,Zahirabad,Sangareddy,12,Jharasangam,573416,0000,VILLAGE,Jharasangam,Rural,654,3176,1626,1550,393,214,179,932,478,454,21,12,9,1941,1124,817,1235,502,733,1242,843,399,1131,803,328,134,104,30,476,278,198,12,9,3,509,412,97,111,40,71,1,1,0,83,19,64,2,0,2,25,20,5,107,39,68,1,1,0,79,18,61,2,0,2,25,20,5,4,1,3,0,0,0,4,1,3,0,0,0,0,0,0,1934,783,1151
16,92,Zahirabad,Sangareddy,12,Jharasangam,573417,0000,VILLAGE,Bopanpalle,Rural,201,854,453,401,94,48,46,258,136,122,0,0,0,494,310,184,360,143,217,435,262,173,410,243,167,64,51,13,291,145,146,5,5,0,50,42,8,25,19,6,1,0,1,14,11,3,0,0,0,10,8,2,20,14,6,1,0,1,10,7,3,0,0,0,9,7,2,5,5,0,0,0,0,4,4,0,0,0,0,1,1,0,419,191,228
16,92,Zahirabad,Sangareddy,12,Jharasangam,573418,0000,VILLAGE,Boregaon,Rural,121,540,281,259,55,26,29,204,79,125,0,0,0,199,118,81,341,163,178,318,165,153,189,98,91,133,72,61,35,14,21,6,3,3,15,9,6,129,67,62,2,2,0,112,56,56,5,4,1,10,5,5,13,12,1,2,2,0,2,2,0,3,3,0,6,5,1,116,55,61,0,0,0,110,54,56,2,1,1,4,0,4,222,116,106
16,92,Zahirabad,Sangareddy,12,Jharasangam,573419,0000,VILLAGE,Guntamarpalle,Rural,189,933,456,477,100,49,51,158,75,83,0,0,0,498,287,211,435,169,266,433,259,174,243,191,52,107,97,10,56,26,30,1,0,1,79,68,11,190,68,122,1,1,0,173,55,118,0,0,0,16,12,4,184,66,118,1,1,0,167,53,114,0,0,0,16,12,4,6,2,4,0,0,0,6,2,4,0,0,0,0,0,0,500,197,303
16,92,Zahirabad,Sangareddy,12,Jharasangam,573420,0000,VILLAGE,Jeerlapalle,Rural,366,1659,833,826,209,116,93,476,244,232,0,0,0,775,447,328,884,386,498,833,436,397,574,313,261,110,105,5,339,96,243,4,2,2,121,110,11,259,123,136,1,0,1,231,106,125,5,2,3,22,15,7,249,120,129,1,0,1,222,104,118,5,2,3,21,14,7,10,3,7,0,0,0,9,2,7,0,0,0,1,1,0,826,397,429
16,92,Zahirabad,Sangareddy,12,Jharasangam,573421,0000,VILLAGE,Junegaon,Rural,175,820,417,403,102,53,49,180,89,91,0,0,0,425,261,164,395,156,239,413,231,182,290,201,89,39,29,10,220,143,77,3,3,0,28,26,2,123,30,93,8,1,7,110,28,82,3,0,3,2,1,1,116,29,87,8,1,7,104,27,77,2,0,2,2,1,1,7,1,6,0,0,0,6,1,5,1,0,1,0,0,0,407,186,221
16,92,Zahirabad,Sangareddy,12,Jharasangam,573422,0000,VILLAGE,Islampur,Rural,65,245,121,124,22,13,9,89,43,46,0,0,0,134,75,59,111,46,65,137,70,67,77,62,15,38,37,1,37,23,14,0,0,0,2,2,0,60,8,52,31,4,27,27,2,25,0,0,0,2,2,0,43,6,37,20,3,17,21,1,20,0,0,0,2,2,0,17,2,15,11,1,10,6,1,5,0,0,0,0,0,0,108,51,57
16,92,Zahirabad,Sangareddy,12,Jharasangam,573423,0000,VILLAGE,Edakulapalle,Rural,341,1555,824,731,210,135,75,426,217,209,13,6,7,806,470,336,749,354,395,1008,534,474,563,316,247,154,114,40,368,178,190,12,5,7,29,19,10,445,218,227,22,9,13,357,172,185,14,7,7,52,30,22,137,60,77,12,5,7,73,24,49,6,2,4,46,29,17,308,158,150,10,4,6,284,148,136,8,5,3,6,1,5,547,290,257
16,92,Zahirabad,Sangareddy,12,Jharasangam,573424,0000,VILLAGE,Chilemamidi,Rural,240,1231,635,596,161,77,84,376,200,176,0,0,0,533,332,201,698,303,395,711,370,341,691,353,338,16,9,7,636,322,314,12,4,8,27,18,9,20,17,3,0,0,0,2,2,0,2,2,0,16,13,3,1,1,0,0,0,0,1,1,0,0,0,0,0,0,0,19,16,3,0,0,0,1,1,0,2,2,0,16,13,3,520,265,255
16,92,Zahirabad,Sangareddy,12,Jharasangam,573425,0000,VILLAGE,Devarampalle,Rural,158,730,355,375,70,25,45,294,136,158,0,0,0,356,203,153,374,152,222,438,231,207,436,229,207,4,4,0,423,219,204,0,0,0,9,6,3,2,2,0,0,0,0,1,1,0,0,0,0,1,1,0,2,2,0,0,0,0,1,1,0,0,0,0,1,1,0,0,0,0,0,0,0,0,0,0,0,0,0,0,0,0,292,124,168
16,92,Zahirabad,Sangareddy,12,Jharasangam,573426,0000,VILLAGE,Pyarawaram,Rural,115,578,290,288,67,37,30,236,120,116,0,0,0,266,160,106,312,130,182,246,133,113,128,72,56,39,26,13,53,24,29,1,1,0,35,21,14,118,61,57,10,5,5,79,42,37,8,4,4,21,10,11,115,60,55,9,5,4,78,41,37,8,4,4,20,10,10,3,1,2,1,0,1,1,1,0,0,0,0,1,0,1,332,157,175
16,92,Zahirabad,Sangareddy,12,Jharasangam,573427,0000,VILLAGE,Medpalle,Rural,253,1302,681,621,132,74,58,280,153,127,0,0,0,695,426,269,607,255,352,670,399,271,661,395,266,167,137,30,340,193,147,3,2,1,151,63,88,9,4,5,1,1,0,5,3,2,1,0,1,2,0,2,9,4,5,1,1,0,5,3,2,1,0,1,2,0,2,0,0,0,0,0,0,0,0,0,0,0,0,0,0,0,632,282,350
16,92,Zahirabad,Sangareddy,12,Jharasangam,573429,0000,VILLAGE,Machnoor,Rural,437,2161,1077,1084,285,153,132,849,423,426,2,1,1,992,559,433,1169,518,651,973,570,403,806,497,309,147,108,39,455,232,223,12,6,6,192,151,41,167,73,94,4,3,1,132,53,79,0,0,0,31,17,14,166,73,93,4,3,1,131,53,78,0,0,0,31,17,14,1,0,1,0,0,0,1,0,1,0,0,0,0,0,0,1188,507,681
16,92,Zahirabad,Sangareddy,12,Jharasangam,573430,0000,VILLAGE,Krishnapur,Rural,288,1451,743,708,184,96,88,366,185,181,5,1,4,726,432,294,725,311,414,573,420,153,542,395,147,76,70,6,312,185,127,7,4,3,147,136,11,31,25,6,1,0,1,15,12,3,3,1,2,12,12,0,31,25,6,1,0,1,15,12,3,3,1,2,12,12,0,0,0,0,0,0,0,0,0,0,0,0,0,0,0,0,878,323,555
16,92,Zahirabad,Sangareddy,12,Jharasangam,573431,0000,VILLAGE,Bidekanna,Rural,381,1857,922,935,257,132,125,892,442,450,29,15,14,847,472,375,1010,450,560,926,495,431,828,449,379,537,284,253,227,117,110,4,2,2,60,46,14,98,46,52,5,2,3,85,40,45,0,0,0,8,4,4,97,45,52,5,2,3,85,40,45,0,0,0,7,3,4,1,1,0,0,0,0,0,0,0,0,0,0,1,1,0,931,427,504
16,92,Zahirabad,Sangareddy,12,Jharasangam,573432,0000,VILLAGE,Edulapalle,Rural,428,1971,1020,951,206,108,98,340,171,169,5,4,1,1008,630,378,963,390,573,1173,603,570,1067,551,516,249,145,104,578,308,270,14,11,3,226,87,139,106,52,54,5,3,2,18,6,12,1,1,0,82,42,40,105,51,54,5,3,2,17,5,12,1,1,0,82,42,40,1,1,0,0,0,0,1,1,0,0,0,0,0,0,0,798,417,381
16,92,Zahirabad,Sangareddy,12,Jharasangam,573433,0000,VILLAGE,Giniyarpalle,Rural,235,1375,706,669,172,88,84,233,128,105,0,0,0,629,366,263,746,340,406,696,405,291,666,392,274,55,36,19,540,298,242,2,2,0,69,56,13,30,13,17,5,3,2,22,8,14,0,0,0,3,2,1,30,13,17,5,3,2,22,8,14,0,0,0,3,2,1,0,0,0,0,0,0,0,0,0,0,0,0,0,0,0,679,301,378
16,92,Zahirabad,Sangareddy,12,Jharasangam,573434,0000,VILLAGE,Chilkepalle,Rural,251,1123,551,572,114,59,55,327,167,160,5,4,1,557,336,221,566,215,351,606,326,280,598,321,277,42,34,8,479,227,252,4,2,2,73,58,15,8,5,3,0,0,0,6,4,2,0,0,0,2,1,1,8,5,3,0,0,0,6,4,2,0,0,0,2,1,1,0,0,0,0,0,0,0,0,0,0,0,0,0,0,0,517,225,292
16,92,Zahirabad,Sangareddy,12,Jharasangam,573435,0000,VILLAGE,Ananthasagar,Rural,90,411,208,203,34,16,18,97,46,51,0,0,0,222,129,93,189,79,110,263,131,132,226,115,111,63,31,32,128,62,66,2,1,1,33,21,12,37,16,21,8,3,5,21,10,11,1,0,1,7,3,4,37,16,21,8,3,5,21,10,11,1,0,1,7,3,4,0,0,0,0,0,0,0,0,0,0,0,0,0,0,0,148,77,71
16,91,Sangareddy,Sangareddy,13,Munipalli,573436,0000,VILLAGE,Pedda Loni,Rural,400,1798,889,909,157,91,66,367,185,182,0,0,0,766,462,304,1032,427,605,857,475,382,209,122,87,167,94,73,24,13,11,0,0,0,18,15,3,648,353,295,15,7,8,596,325,271,9,4,5,28,17,11,625,343,282,15,7,8,574,315,259,9,4,5,27,17,10,23,10,13,0,0,0,22,10,12,0,0,0,1,0,1,941,414,527
16,91,Sangareddy,Sangareddy,13,Munipalli,573437,0000,VILLAGE,Chilepalle,Rural,320,1471,740,731,207,91,116,320,160,160,0,0,0,742,446,296,729,294,435,772,426,346,488,351,137,204,128,76,160,116,44,2,1,1,122,106,16,284,75,209,7,4,3,222,40,182,0,0,0,55,31,24,282,74,208,7,4,3,220,39,181,0,0,0,55,31,24,2,1,1,0,0,0,2,1,1,0,0,0,0,0,0,699,314,385
16,91,Sangareddy,Sangareddy,13,Munipalli,573438,0000,VILLAGE,Belur,Rural,78,370,197,173,33,21,12,227,122,105,0,0,0,179,120,59,191,77,114,218,113,105,209,110,99,18,17,1,141,54,87,0,0,0,50,39,11,9,3,6,1,1,0,6,1,5,0,0,0,2,1,1,7,2,5,1,1,0,5,0,5,0,0,0,1,1,0,2,1,1,0,0,0,1,1,0,0,0,0,1,0,1,152,84,68
16,91,Sangareddy,Sangareddy,13,Munipalli,573439,0000,VILLAGE,Kallapalle,Rural,65,220,108,112,27,12,15,127,60,67,2,1,1,105,63,42,115,45,70,125,64,61,114,60,54,10,8,2,59,19,40,0,0,0,45,33,12,11,4,7,2,2,0,7,1,6,0,0,0,2,1,1,10,4,6,2,2,0,7,1,6,0,0,0,1,1,0,1,0,1,0,0,0,0,0,0,0,0,0,1,0,1,95,44,51
16,91,Sangareddy,Sangareddy,13,Munipalli,573441,0000,VILLAGE,Makthakesaram,Rural,252,1296,655,641,155,80,75,506,259,247,0,0,0,545,330,215,751,325,426,741,396,345,684,365,319,41,32,9,583,299,284,16,8,8,44,26,18,57,31,26,2,2,0,25,11,14,1,1,0,29,17,12,29,15,14,0,0,0,9,5,4,1,1,0,19,9,10,28,16,12,2,2,0,16,6,10,0,0,0,10,8,2,555,259,296
16,91,Sangareddy,Sangareddy,13,Munipalli,573442,0000,VILLAGE,Garlapalle,Rural,342,1407,702,705,154,74,80,368,190,178,0,0,0,797,480,317,610,222,388,841,401,440,388,225,163,20,12,8,319,169,150,7,6,1,42,38,4,453,176,277,35,19,16,397,147,250,8,1,7,13,9,4,120,54,66,31,17,14,72,30,42,7,1,6,10,6,4,333,122,211,4,2,2,325,117,208,1,0,1,3,3,0,566,301,265
16,91,Sangareddy,Sangareddy,13,Munipalli,573443,0000,VILLAGE,Chinna Loni,Rural,215,919,465,454,105,61,44,301,144,157,0,0,0,441,261,180,478,204,274,515,272,243,373,205,168,198,115,83,132,53,79,14,13,1,29,24,5,142,67,75,2,2,0,121,53,68,7,4,3,12,8,4,140,67,73,2,2,0,119,53,66,7,4,3,12,8,4,2,0,2,0,0,0,2,0,2,0,0,0,0,0,0,404,193,211
16,91,Sangareddy,Sangareddy,13,Munipalli,573444,0000,VILLAGE,Tatipalle,Rural,358,2128,1107,1021,278,150,128,591,319,272,49,22,27,953,592,361,1175,515,660,1290,671,619,727,492,235,257,226,31,417,219,198,16,15,1,37,32,5,563,179,384,14,12,2,470,143,327,58,18,40,21,6,15,562,178,384,14,12,2,470,143,327,58,18,40,20,5,15,1,1,0,0,0,0,0,0,0,0,0,0,1,1,0,838,436,402
16,91,Sangareddy,Sangareddy,13,Munipalli,573445,0000,VILLAGE,Mansanpalle,Rural,103,615,308,307,78,38,40,220,109,111,0,0,0,282,163,119,333,145,188,424,212,212,369,187,182,29,18,11,326,161,165,6,3,3,8,5,3,55,25,30,1,1,0,40,16,24,4,3,1,10,5,5,55,25,30,1,1,0,40,16,24,4,3,1,10,5,5,0,0,0,0,0,0,0,0,0,0,0,0,0,0,0,191,96,95
16,91,Sangareddy,Sangareddy,13,Munipalli,573446,0000,VILLAGE,Bodpalle,Rural,127,802,436,366,77,35,42,25,12,13,0,0,0,422,256,166,380,180,200,545,305,240,372,222,150,175,128,47,187,89,98,0,0,0,10,5,5,173,83,90,32,23,9,111,41,70,21,13,8,9,6,3,167,78,89,31,22,9,109,39,70,19,11,8,8,6,2,6,5,1,1,1,0,2,2,0,2,2,0,1,0,1,257,131,126
16,91,Sangareddy,Sangareddy,13,Munipalli,573447,0000,VILLAGE,Thakkadpalle,Rural,155,682,352,330,77,39,38,192,102,90,0,0,0,315,207,108,367,145,222,293,187,106,144,118,26,100,90,10,37,23,14,0,0,0,7,5,2,149,69,80,41,8,33,106,61,45,1,0,1,1,0,1,146,68,78,41,8,33,104,60,44,0,0,0,1,0,1,3,1,2,0,0,0,2,1,1,1,0,1,0,0,0,389,165,224
16,91,Sangareddy,Sangareddy,13,Munipalli,573448,0000,VILLAGE,Allapuram,Rural,169,711,342,369,79,38,41,136,68,68,0,0,0,397,229,168,314,113,201,236,229,7,221,215,6,72,72,0,96,95,1,0,0,0,53,48,5,15,14,1,1,1,0,3,2,1,0,0,0,11,11,0,12,11,1,1,1,0,3,2,1,0,0,0,8,8,0,3,3,0,0,0,0,0,0,0,0,0,0,3,3,0,475,113,362
16,91,Sangareddy,Sangareddy,13,Munipalli,573449,0000,VILLAGE,Mallikarjunpalle,Rural,254,1272,635,637,147,72,75,402,206,196,48,27,21,680,389,291,592,246,346,729,397,332,520,302,218,61,43,18,342,170,172,17,12,5,100,77,23,209,95,114,3,2,1,185,76,109,2,2,0,19,15,4,206,94,112,3,2,1,183,76,107,1,1,0,19,15,4,3,1,2,0,0,0,2,0,2,1,1,0,0,0,0,543,238,305
16,91,Sangareddy,Sangareddy,13,Munipalli,573451,0000,VILLAGE,Bhusareddipalle,Rural,416,1835,906,929,205,90,115,235,113,122,0,0,0,989,588,401,846,318,528,949,541,408,930,534,396,160,121,39,696,355,341,0,0,0,74,58,16,19,7,12,4,3,1,13,4,9,0,0,0,2,0,2,18,7,11,4,3,1,13,4,9,0,0,0,1,0,1,1,0,1,0,0,0,0,0,0,0,0,0,1,0,1,886,365,521
16,91,Sangareddy,Sangareddy,13,Munipalli,573452,0000,VILLAGE,Hydlapoor,Rural,135,658,319,339,91,48,43,177,84,93,1,0,1,306,173,133,352,146,206,312,172,140,38,20,18,33,17,16,0,0,0,1,0,1,4,3,1,274,152,122,0,0,0,72,40,32,0,0,0,202,112,90,260,144,116,0,0,0,72,40,32,0,0,0,188,104,84,14,8,6,0,0,0,0,0,0,0,0,0,14,8,6,346,147,199
16,91,Sangareddy,Sangareddy,13,Munipalli,573453,0000,VILLAGE,Chinnachelmeda,Rural,235,1242,633,609,173,92,81,319,154,165,0,0,0,604,353,251,638,280,358,538,357,181,436,302,134,248,177,71,103,46,57,1,1,0,84,78,6,102,55,47,3,1,2,83,46,37,0,0,0,16,8,8,95,49,46,2,0,2,80,44,36,0,0,0,13,5,8,7,6,1,1,1,0,3,2,1,0,0,0,3,3,0,704,276,428
16,91,Sangareddy,Sangareddy,13,Munipalli,573454,0000,VILLAGE,Antharam,Rural,328,1626,777,849,194,90,104,433,206,227,0,0,0,760,448,312,866,329,537,929,470,459,787,423,364,156,101,55,460,207,253,77,35,42,94,80,14,142,47,95,2,0,2,129,42,87,3,0,3,8,5,3,140,46,94,2,0,2,127,41,86,3,0,3,8,5,3,2,1,1,0,0,0,2,1,1,0,0,0,0,0,0,697,307,390
16,91,Sangareddy,Sangareddy,13,Munipalli,573455,0000,VILLAGE,Pedda Chelmeda,Rural,504,2100,1065,1035,243,134,109,135,72,63,238,124,114,1145,674,471,955,391,564,1077,581,496,1047,569,478,328,163,165,535,266,269,53,38,15,131,102,29,30,12,18,4,3,1,10,2,8,1,0,1,15,7,8,29,12,17,4,3,1,9,2,7,1,0,1,15,7,8,1,0,1,0,0,0,1,0,1,0,0,0,0,0,0,1023,484,539
16,91,Sangareddy,Sangareddy,13,Munipalli,573456,0000,VILLAGE,Bodishetpalle,Rural,190,757,399,358,91,45,46,185,101,84,0,0,0,434,285,149,323,114,209,255,239,16,140,134,6,127,122,5,2,1,1,0,0,0,11,11,0,115,105,10,4,0,4,68,63,5,1,1,0,42,41,1,55,48,7,4,0,4,9,6,3,1,1,0,41,41,0,60,57,3,0,0,0,59,57,2,0,0,0,1,0,1,502,160,342
16,91,Sangareddy,Sangareddy,13,Munipalli,573457,0000,VILLAGE,Melasangam,Rural,341,1470,738,732,161,77,84,514,261,253,0,0,0,763,466,297,707,272,435,780,438,342,727,399,328,223,142,81,408,182,226,12,9,3,84,66,18,53,39,14,8,6,2,10,5,5,3,1,2,32,27,5,45,34,11,8,6,2,8,4,4,3,1,2,26,23,3,8,5,3,0,0,0,2,1,1,0,0,0,6,4,2,690,300,390
16,91,Sangareddy,Sangareddy,13,Munipalli,573458,0000,VILLAGE,Moqdumpalle,Rural,181,816,399,417,109,54,55,234,113,121,1,1,0,525,264,261,291,135,156,467,243,224,460,241,219,72,38,34,382,199,183,0,0,0,6,4,2,7,2,5,0,0,0,7,2,5,0,0,0,0,0,0,7,2,5,0,0,0,7,2,5,0,0,0,0,0,0,0,0,0,0,0,0,0,0,0,0,0,0,0,0,0,349,156,193
16,91,Sangareddy,Sangareddy,13,Munipalli,573459,0000,VILLAGE,Lingampalle,Rural,334,1720,887,833,270,144,126,411,211,200,1,1,0,837,467,370,883,420,463,789,477,312,774,473,301,240,167,73,459,249,210,16,10,6,59,47,12,15,4,11,1,0,1,10,3,7,0,0,0,4,1,3,15,4,11,1,0,1,10,3,7,0,0,0,4,1,3,0,0,0,0,0,0,0,0,0,0,0,0,0,0,0,931,410,521
16,91,Sangareddy,Sangareddy,13,Munipalli,573460,0000,VILLAGE,Kankole,Rural,486,2626,1336,1290,337,179,158,287,141,146,6,3,3,1540,887,653,1086,449,637,1138,696,442,921,581,340,364,251,113,295,130,165,7,3,4,255,197,58,217,115,102,8,7,1,146,69,77,5,3,2,58,36,22,186,101,85,4,4,0,138,68,70,4,2,2,40,27,13,31,14,17,4,3,1,8,1,7,1,1,0,18,9,9,1488,640,848
16,91,Sangareddy,Sangareddy,13,Munipalli,573461,0000,VILLAGE,Khammampalle,Rural,477,2156,1084,1072,242,129,113,344,175,169,0,0,0,1177,677,500,979,407,572,963,595,368,752,446,306,449,238,211,148,72,76,8,2,6,147,134,13,211,149,62,39,27,12,114,68,46,3,1,2,55,53,2,211,149,62,39,27,12,114,68,46,3,1,2,55,53,2,0,0,0,0,0,0,0,0,0,0,0,0,0,0,0,1193,489,704
16,91,Sangareddy,Sangareddy,13,Munipalli,573462,0000,VILLAGE,Polkampalle,Rural,202,923,480,443,91,55,36,240,123,117,15,11,4,487,292,195,436,188,248,511,246,265,268,200,68,69,59,10,138,112,26,23,8,15,38,21,17,243,46,197,9,5,4,105,30,75,124,9,115,5,2,3,239,45,194,8,4,4,104,30,74,124,9,115,3,2,1,4,1,3,1,1,0,1,0,1,0,0,0,2,0,2,412,234,178
16,91,Sangareddy,Sangareddy,13,Munipalli,573463,0000,VILLAGE,Munpalle,Rural,705,3393,1707,1686,363,193,170,724,376,348,19,12,7,1923,1130,793,1470,577,893,1705,945,760,1347,793,554,233,197,36,745,356,389,28,19,9,341,221,120,358,152,206,18,13,5,237,103,134,43,8,35,60,28,32,294,133,161,17,13,4,183,85,98,38,8,30,56,27,29,64,19,45,1,0,1,54,18,36,5,0,5,4,1,3,1688,762,926
16,91,Sangareddy,Sangareddy,13,Munipalli,573464,0000,VILLAGE,Gorreghat,Rural,116,583,297,286,69,42,27,118,63,55,0,0,0,312,196,116,271,101,170,322,169,153,264,156,108,59,59,0,157,68,89,2,2,0,46,27,19,58,13,45,3,2,1,30,6,24,1,0,1,24,5,19,49,12,37,3,2,1,25,5,20,0,0,0,21,5,16,9,1,8,0,0,0,5,1,4,1,0,1,3,0,3,261,128,133
16,91,Sangareddy,Sangareddy,13,Munipalli,573465,0000,VILLAGE,Ibrahimpur,Rural,138,607,298,309,111,52,59,121,59,62,0,0,0,274,159,115,333,139,194,308,158,150,268,129,139,75,74,1,155,25,130,8,6,2,30,24,6,40,29,11,1,1,0,7,3,4,4,0,4,28,25,3,40,29,11,1,1,0,7,3,4,4,0,4,28,25,3,0,0,0,0,0,0,0,0,0,0,0,0,0,0,0,299,140,159
16,91,Sangareddy,Sangareddy,13,Munipalli,573466,0000,VILLAGE,Budhera,Rural,610,2801,1404,1397,334,155,179,468,224,244,16,11,5,1598,968,630,1203,436,767,1233,766,467,1149,731,418,295,233,62,433,159,274,10,6,4,411,333,78,84,35,49,7,5,2,26,5,21,2,1,1,49,24,25,78,33,45,6,4,2,24,5,19,2,1,1,46,23,23,6,2,4,1,1,0,2,0,2,0,0,0,3,1,2,1568,638,930
16,91,Sangareddy,Sangareddy,13,Munipalli,573467,0000,VILLAGE,Pedda Gopalaram,Rural,386,1961,996,965,228,115,113,776,400,376,5,3,2,1035,633,402,926,363,563,762,526,236,729,498,231,223,177,46,316,147,169,6,5,1,184,169,15,33,28,5,2,2,0,24,19,5,0,0,0,7,7,0,28,23,5,1,1,0,21,16,5,0,0,0,6,6,0,5,5,0,1,1,0,3,3,0,0,0,0,1,1,0,1199,470,729
16,94,Andole-Jogipet,Sangareddy,16,Pulkal,573469,0000,VILLAGE,Manthoor,Rural,273,1422,724,698,181,100,81,530,271,259,0,0,0,552,331,221,870,393,477,611,374,237,513,346,167,51,39,12,392,247,145,0,0,0,70,60,10,98,28,70,4,1,3,83,17,66,0,0,0,11,10,1,97,28,69,4,1,3,82,17,65,0,0,0,11,10,1,1,0,1,0,0,0,1,0,1,0,0,0,0,0,0,811,350,461
16,94,Andole-Jogipet,Sangareddy,16,Pulkal,573470,0000,VILLAGE,Raipahad,Rural,140,671,328,343,86,48,38,163,69,94,0,0,0,271,150,121,400,178,222,325,176,149,322,174,148,67,59,8,229,93,136,6,4,2,20,18,2,3,2,1,0,0,0,2,1,1,0,0,0,1,1,0,3,2,1,0,0,0,2,1,1,0,0,0,1,1,0,0,0,0,0,0,0,0,0,0,0,0,0,0,0,0,346,152,194
16,94,Andole-Jogipet,Sangareddy,16,Pulkal,573471,0000,VILLAGE,Peddareddipet,Rural,508,2314,1179,1135,305,169,136,334,174,160,0,0,0,1062,643,419,1252,536,716,1154,651,503,912,528,384,407,246,161,381,181,200,0,0,0,124,101,23,242,123,119,22,13,9,180,85,95,4,1,3,36,24,12,231,119,112,22,13,9,177,84,93,2,1,1,30,21,9,11,4,7,0,0,0,3,1,2,2,0,2,6,3,3,1160,528,632
16,94,Andole-Jogipet,Sangareddy,16,Pulkal,573473,0000,VILLAGE,Singoor,Rural,528,2382,1211,1171,277,142,135,567,283,284,0,0,0,1281,765,516,1101,446,655,1266,716,550,1135,664,471,74,66,8,719,371,348,56,28,28,286,199,87,131,52,79,8,4,4,76,32,44,8,1,7,39,15,24,88,38,50,3,1,2,51,24,27,2,0,2,32,13,19,43,14,29,5,3,2,25,8,17,6,1,5,7,2,5,1116,495,621
16,94,Andole-Jogipet,Sangareddy,16,Pulkal,573474,0000,VILLAGE,Pocharam,Rural,394,1763,867,896,197,92,105,519,258,261,0,0,0,860,499,361,903,368,535,905,521,384,901,521,380,462,294,168,366,175,191,1,1,0,72,51,21,4,0,4,0,0,0,3,0,3,0,0,0,1,0,1,4,0,4,0,0,0,3,0,3,0,0,0,1,0,1,0,0,0,0,0,0,0,0,0,0,0,0,0,0,0,858,346,512
16,94,Andole-Jogipet,Sangareddy,16,Pulkal,573475,0000,VILLAGE,Muddaipet,Rural,231,1105,570,535,97,58,39,339,176,163,0,0,0,559,323,236,546,247,299,571,324,247,571,324,247,110,100,10,392,162,230,9,6,3,60,56,4,0,0,0,0,0,0,0,0,0,0,0,0,0,0,0,0,0,0,0,0,0,0,0,0,0,0,0,0,0,0,0,0,0,0,0,0,0,0,0,0,0,0,0,0,0,534,246,288
16,94,Andole-Jogipet,Sangareddy,16,Pulkal,573476,0000,VILLAGE,Pulkal,Rural,664,3006,1521,1485,393,204,189,541,263,278,7,3,4,1507,917,590,1499,604,895,1517,860,657,1274,784,490,198,164,34,826,416,410,37,28,9,213,176,37,243,76,167,9,4,5,229,68,161,0,0,0,5,4,1,242,75,167,9,4,5,229,68,161,0,0,0,4,3,1,1,1,0,0,0,0,0,0,0,0,0,0,1,1,0,1489,661,828
16,94,Andole-Jogipet,Sangareddy,16,Pulkal,573477,0000,VILLAGE,Baswapur,Rural,331,1581,806,775,229,125,104,499,247,252,0,0,0,708,432,276,873,374,499,812,454,358,743,429,314,123,104,19,473,204,269,6,5,1,141,116,25,69,25,44,2,1,1,56,15,41,3,1,2,8,8,0,62,23,39,2,1,1,49,13,36,3,1,2,8,8,0,7,2,5,0,0,0,7,2,5,0,0,0,0,0,0,769,352,417
16,94,Andole-Jogipet,Sangareddy,16,Pulkal,573478,0000,VILLAGE,Mudimanik,Rural,651,3146,1549,1597,382,189,193,760,361,399,287,141,146,1351,790,561,1795,759,1036,1630,898,732,1344,771,573,261,216,45,862,395,467,7,4,3,214,156,58,286,127,159,7,3,4,224,95,129,7,4,3,48,25,23,101,43,58,6,3,3,61,22,39,1,1,0,33,17,16,185,84,101,1,0,1,163,73,90,6,3,3,15,8,7,1516,651,865
16,94,Andole-Jogipet,Sangareddy,16,Pulkal,573479,0000,VILLAGE,Sureddi Itkyal,Rural,382,1665,842,823,190,98,92,402,208,194,5,1,4,806,490,316,859,352,507,870,463,407,437,248,189,59,57,2,292,117,175,3,1,2,83,73,10,433,215,218,2,2,0,409,201,208,0,0,0,22,12,10,428,212,216,2,2,0,405,199,206,0,0,0,21,11,10,5,3,2,0,0,0,4,2,2,0,0,0,1,1,0,795,379,416
16,94,Andole-Jogipet,Sangareddy,16,Pulkal,573480,0000,VILLAGE,Lakshmisagar,Rural,388,2021,998,1023,277,138,139,65,34,31,1554,773,781,897,571,326,1124,427,697,1078,520,558,613,440,173,515,367,148,17,10,7,4,4,0,77,59,18,465,80,385,68,6,62,391,71,320,0,0,0,6,3,3,408,58,350,65,5,60,339,51,288,0,0,0,4,2,2,57,22,35,3,1,2,52,20,32,0,0,0,2,1,1,943,478,465
16,94,Andole-Jogipet,Sangareddy,27,Chowtakur,573481,0000,VILLAGE,Posanipalle,Rural,186,935,464,471,103,49,54,583,289,294,0,0,0,468,266,202,467,198,269,526,274,252,70,57,13,25,20,5,6,4,2,6,6,0,33,27,6,456,217,239,11,5,6,416,192,224,9,4,5,20,16,4,454,216,238,11,5,6,415,192,223,8,3,5,20,16,4,2,1,1,0,0,0,1,0,1,1,1,0,0,0,0,409,190,219
16,94,Andole-Jogipet,Sangareddy,27,Chowtakur,573482,0000,VILLAGE,Choutkur,Rural,1339,5867,2981,2886,652,352,300,1096,555,541,795,415,380,2975,1811,1164,2892,1170,1722,2989,1648,1341,2057,1353,704,796,516,280,930,553,377,18,15,3,313,269,44,932,295,637,62,15,47,788,217,571,23,18,5,59,45,14,862,262,600,61,14,47,734,196,538,12,9,3,55,43,12,70,33,37,1,1,0,54,21,33,11,9,2,4,2,2,2878,1333,1545
16,94,Andole-Jogipet,Sangareddy,16,Pulkal,573483,0000,VILLAGE,Minpur,Rural,608,2661,1319,1342,306,161,145,473,231,242,352,175,177,1068,660,408,1593,659,934,1664,851,813,1191,716,475,537,361,176,473,232,241,50,25,25,131,98,33,473,135,338,15,9,6,287,74,213,76,6,70,95,46,49,414,119,295,15,9,6,268,67,201,45,2,43,86,41,45,59,16,43,0,0,0,19,7,12,31,4,27,9,5,4,997,468,529
16,94,Andole-Jogipet,Sangareddy,16,Pulkal,573484,0000,VILLAGE,Kodur,Rural,250,1154,566,588,133,64,69,201,91,110,60,32,28,618,361,257,536,205,331,646,357,289,616,340,276,108,70,38,408,192,216,2,2,0,98,76,22,30,17,13,0,0,0,25,13,12,1,0,1,4,4,0,29,16,13,0,0,0,24,12,12,1,0,1,4,4,0,1,1,0,0,0,0,1,1,0,0,0,0,0,0,0,508,209,299
16,94,Andole-Jogipet,Sangareddy,16,Pulkal,573485,0000,VILLAGE,Esojipet,Rural,249,1138,566,572,146,73,73,471,241,230,1,1,0,612,361,251,526,205,321,602,349,253,321,201,120,66,59,7,206,104,102,4,4,0,45,34,11,281,148,133,21,18,3,215,104,111,11,6,5,34,20,14,63,36,27,16,15,1,18,8,10,6,2,4,23,11,12,218,112,106,5,3,2,197,96,101,5,4,1,11,9,2,536,217,319
16,94,Andole-Jogipet,Sangareddy,16,Pulkal,573486,0000,VILLAGE,Gangulur,Rural,683,3244,1594,1650,381,189,192,615,288,327,803,425,378,1579,940,639,1665,654,1011,1600,894,706,1090,672,418,212,145,67,587,281,306,33,26,7,258,220,38,510,222,288,22,6,16,479,209,270,0,0,0,9,7,2,332,125,207,20,5,15,304,114,190,0,0,0,8,6,2,178,97,81,2,1,1,175,95,80,0,0,0,1,1,0,1644,700,944
16,94,Andole-Jogipet,Sangareddy,27,Chowtakur,573487,0000,VILLAGE,Seriramreddiguda,Rural,61,258,123,135,24,11,13,19,7,12,0,0,0,137,84,53,121,39,82,112,56,56,21,16,5,15,14,1,2,1,1,3,1,2,1,0,1,91,40,51,2,2,0,87,37,50,0,0,0,2,1,1,90,39,51,2,2,0,86,36,50,0,0,0,2,1,1,1,1,0,0,0,0,1,1,0,0,0,0,0,0,0,146,67,79
16,94,Andole-Jogipet,Sangareddy,27,Chowtakur,573488,0000,VILLAGE,Sultanpur,Rural,242,1136,563,573,140,68,72,402,193,209,0,0,0,552,323,229,584,240,344,514,306,208,399,264,135,115,88,27,154,71,83,19,13,6,111,92,19,115,42,73,6,2,4,91,26,65,0,0,0,18,14,4,86,36,50,4,1,3,67,23,44,0,0,0,15,12,3,29,6,23,2,1,1,24,3,21,0,0,0,3,2,1,622,257,365
16,94,Andole-Jogipet,Sangareddy,27,Chowtakur,573489,0000,VILLAGE,Sarafpalle,Rural,143,615,293,322,85,39,46,147,64,83,0,0,0,343,194,149,272,99,173,285,181,104,277,176,101,101,77,24,95,29,66,8,7,1,73,63,10,8,5,3,0,0,0,3,1,2,0,0,0,5,4,1,5,4,1,0,0,0,0,0,0,0,0,0,5,4,1,3,1,2,0,0,0,3,1,2,0,0,0,0,0,0,330,112,218
16,94,Andole-Jogipet,Sangareddy,27,Chowtakur,573490,0000,VILLAGE,Korpole,Rural,847,3456,1693,1763,393,192,201,639,312,327,62,34,28,1827,1039,788,1629,654,975,1803,995,808,1408,873,535,283,235,48,939,483,456,16,15,1,170,140,30,395,122,273,54,8,46,306,90,216,8,6,2,27,18,9,384,119,265,53,8,45,297,87,210,7,6,1,27,18,9,11,3,8,1,0,1,9,3,6,1,0,1,0,0,0,1653,698,955
16,94,Andole-Jogipet,Sangareddy,27,Chowtakur,573491,0000,VILLAGE,Lingampalle,Rural,152,754,391,363,90,46,44,440,232,208,0,0,0,388,247,141,366,144,222,392,225,167,390,224,166,68,67,1,293,131,162,0,0,0,29,26,3,2,1,1,0,0,0,0,0,0,0,0,0,2,1,1,2,1,1,0,0,0,0,0,0,0,0,0,2,1,1,0,0,0,0,0,0,0,0,0,0,0,0,0,0,0,362,166,196
16,94,Andole-Jogipet,Sangareddy,27,Chowtakur,573492,0000,VILLAGE,Venkatakistapur (Angadipet),Rural,264,1089,538,551,170,76,94,205,96,109,0,0,0,529,327,202,560,211,349,579,312,267,549,303,246,244,133,111,197,70,127,7,7,0,101,93,8,30,9,21,4,2,2,20,5,15,1,0,1,5,2,3,26,7,19,4,2,2,17,3,14,1,0,1,4,2,2,4,2,2,0,0,0,3,2,1,0,0,0,1,0,1,510,226,284
16,94,Andole-Jogipet,Sangareddy,27,Chowtakur,573493,0000,VILLAGE,Taddanpalle,Rural,156,691,354,337,93,48,45,115,53,62,0,0,0,382,241,141,309,113,196,386,192,194,21,10,11,0,0,0,19,8,11,0,0,0,2,2,0,365,182,183,0,0,0,360,180,180,0,0,0,5,2,3,115,54,61,0,0,0,115,54,61,0,0,0,0,0,0,250,128,122,0,0,0,245,126,119,0,0,0,5,2,3,305,162,143
16,94,Andole-Jogipet,Sangareddy,27,Chowtakur,573494,0000,VILLAGE,Gangojipet,Rural,218,902,443,459,134,65,69,277,139,138,0,0,0,463,259,204,439,184,255,455,255,200,437,247,190,18,13,5,335,173,162,0,0,0,84,61,23,18,8,10,3,2,1,12,5,7,0,0,0,3,1,2,18,8,10,3,2,1,12,5,7,0,0,0,3,1,2,0,0,0,0,0,0,0,0,0,0,0,0,0,0,0,447,188,259
16,94,Andole-Jogipet,Sangareddy,27,Chowtakur,573495,0000,VILLAGE,Chakriyal,Rural,400,1814,923,891,205,111,94,556,296,260,0,0,0,952,564,388,862,359,503,923,532,391,713,441,272,157,141,16,399,172,227,8,7,1,149,121,28,210,91,119,6,4,2,188,79,109,2,1,1,14,7,7,210,91,119,6,4,2,188,79,109,2,1,1,14,7,7,0,0,0,0,0,0,0,0,0,0,0,0,0,0,0,891,391,500
16,94,Andole-Jogipet,Sangareddy,27,Chowtakur,573496,0000,VILLAGE,Sivampet,Rural,781,3300,1659,1641,436,217,219,606,312,294,20,9,11,1525,911,614,1775,748,1027,1473,933,540,1158,753,405,118,90,28,502,213,289,45,31,14,493,419,74,315,180,135,18,8,10,110,39,71,29,22,7,158,111,47,291,167,124,17,8,9,102,36,66,25,19,6,147,104,43,24,13,11,1,0,1,8,3,5,4,3,1,11,7,4,1827,726,1101
16,94,Andole-Jogipet,Sangareddy,27,Chowtakur,573497,0000,VILLAGE,Vendikole,Rural,295,1296,672,624,115,62,53,334,181,153,0,0,0,717,438,279,579,234,345,586,369,217,578,367,211,115,110,5,317,125,192,0,0,0,146,132,14,8,2,6,1,1,0,7,1,6,0,0,0,0,0,0,7,2,5,1,1,0,6,1,5,0,0,0,0,0,0,1,0,1,0,0,0,1,0,1,0,0,0,0,0,0,710,303,407
16,94,Andole-Jogipet,Sangareddy,15,Andhole,573498,0000,VILLAGE,Talelma,Rural,512,2459,1210,1249,258,125,133,315,153,162,0,0,0,1218,719,499,1241,491,750,1313,729,584,1077,618,459,288,202,86,629,285,344,10,4,6,150,127,23,236,111,125,15,8,7,106,41,65,48,17,31,67,45,22,108,60,48,11,5,6,28,13,15,26,11,15,43,31,12,128,51,77,4,3,1,78,28,50,22,6,16,24,14,10,1146,481,665
16,94,Andole-Jogipet,Sangareddy,15,Andhole,573499,0000,VILLAGE,Serimallaredipalle,Rural,112,522,257,265,57,27,30,53,26,27,0,0,0,250,155,95,272,102,170,266,148,118,252,140,112,43,40,3,153,50,103,1,1,0,55,49,6,14,8,6,0,0,0,8,3,5,0,0,0,6,5,1,13,7,6,0,0,0,7,2,5,0,0,0,6,5,1,1,1,0,0,0,0,1,1,0,0,0,0,0,0,0,256,109,147
16,94,Andole-Jogipet,Sangareddy,15,Andhole,573500,0000,VILLAGE,Kansanpalle,Rural,392,1905,940,965,228,105,123,318,150,168,0,0,0,821,506,315,1084,434,650,950,535,415,802,516,286,208,184,24,418,187,231,12,7,5,164,138,26,148,19,129,6,2,4,133,13,120,1,0,1,8,4,4,146,18,128,6,2,4,132,13,119,1,0,1,7,3,4,2,1,1,0,0,0,1,0,1,0,0,0,1,1,0,955,405,550
16,94,Andole-Jogipet,Sangareddy,15,Andhole,573501,0000,VILLAGE,Ramsanpalle,Rural,447,1980,990,990,242,127,115,572,281,291,100,59,41,943,574,369,1037,416,621,1006,541,465,933,519,414,224,188,36,593,235,358,13,12,1,103,84,19,73,22,51,4,0,4,66,21,45,1,1,0,2,0,2,73,22,51,4,0,4,66,21,45,1,1,0,2,0,2,0,0,0,0,0,0,0,0,0,0,0,0,0,0,0,974,449,525
16,94,Andole-Jogipet,Sangareddy,15,Andhole,573502,0000,VILLAGE,Kichanapalle,Rural,203,743,352,391,102,54,48,54,26,28,0,0,0,341,189,152,402,163,239,432,202,230,428,199,229,20,14,6,397,176,221,0,0,0,11,9,2,4,3,1,1,1,0,2,1,1,0,0,0,1,1,0,4,3,1,1,1,0,2,1,1,0,0,0,1,1,0,0,0,0,0,0,0,0,0,0,0,0,0,0,0,0,311,150,161
16,94,Andole-Jogipet,Sangareddy,15,Andhole,573503,0000,VILLAGE,Chintakunta,Rural,296,1356,670,686,186,99,87,354,188,166,0,0,0,644,375,269,712,295,417,695,372,323,684,366,318,141,82,59,427,199,228,3,1,2,113,84,29,11,6,5,1,0,1,0,0,0,0,0,0,10,6,4,5,1,4,1,0,1,0,0,0,0,0,0,4,1,3,6,5,1,0,0,0,0,0,0,0,0,0,6,5,1,661,298,363
16,94,Andole-Jogipet,Sangareddy,15,Andhole,573504,0000,VILLAGE,Rollapahad,Rural,177,829,418,411,104,58,46,302,159,143,0,0,0,387,229,158,442,189,253,461,245,216,236,219,17,95,94,1,106,94,12,0,0,0,35,31,4,225,26,199,85,9,76,130,13,117,0,0,0,10,4,6,217,21,196,83,8,75,125,10,115,0,0,0,9,3,6,8,5,3,2,1,1,5,3,2,0,0,0,1,1,0,368,173,195
16,94,Andole-Jogipet,Sangareddy,15,Andhole,573505,0000,VILLAGE,Mansanpalle,Rural,300,1265,626,639,158,77,81,492,241,251,0,0,0,540,332,208,725,294,431,713,357,356,517,270,247,165,87,78,320,170,150,14,5,9,18,8,10,196,87,109,1,0,1,170,76,94,11,7,4,14,4,10,191,84,107,1,0,1,169,75,94,7,5,2,14,4,10,5,3,2,0,0,0,1,1,0,4,2,2,0,0,0,552,269,283
16,94,Andole-Jogipet,Sangareddy,15,Andhole,573506,0000,VILLAGE,Posanipet,Rural,327,1550,788,762,183,92,91,484,246,238,0,0,0,786,491,295,764,297,467,814,461,353,703,414,289,369,202,167,169,62,107,2,2,0,163,148,15,111,47,64,37,15,22,50,13,37,0,0,0,24,19,5,90,36,54,29,13,16,43,10,33,0,0,0,18,13,5,21,11,10,8,2,6,7,3,4,0,0,0,6,6,0,736,327,409
16,94,Andole-Jogipet,Sangareddy,15,Andhole,573507,0000,VILLAGE,Ananthasagar,Rural,340,1425,707,718,197,98,99,538,260,278,0,0,0,591,367,224,834,340,494,685,370,315,641,350,291,97,68,29,464,213,251,1,1,0,79,68,11,44,20,24,0,0,0,43,19,24,0,0,0,1,1,0,44,20,24,0,0,0,43,19,24,0,0,0,1,1,0,0,0,0,0,0,0,0,0,0,0,0,0,0,0,0,740,337,403
16,94,Andole-Jogipet,Sangareddy,15,Andhole,573508,0000,VILLAGE,Danampalle,Rural,82,308,156,152,37,16,21,187,92,95,0,0,0,89,58,31,219,98,121,189,92,97,176,84,92,29,25,4,141,56,85,0,0,0,6,3,3,13,8,5,0,0,0,12,7,5,0,0,0,1,1,0,9,5,4,0,0,0,8,4,4,0,0,0,1,1,0,4,3,1,0,0,0,4,3,1,0,0,0,0,0,0,119,64,55
16,94,Andole-Jogipet,Sangareddy,15,Andhole,573509,0000,VILLAGE,Yerraram,Rural,286,1140,552,588,149,77,72,319,156,163,9,4,5,437,256,181,703,296,407,589,314,275,567,306,261,123,118,5,305,83,222,5,2,3,134,103,31,22,8,14,2,0,2,13,3,10,0,0,0,7,5,2,17,6,11,2,0,2,10,3,7,0,0,0,5,3,2,5,2,3,0,0,0,3,0,3,0,0,0,2,2,0,551,238,313
16,94,Andole-Jogipet,Sangareddy,15,Andhole,573510,0000,VILLAGE,Neerdigunta,Rural,607,2788,1393,1395,349,159,190,542,255,287,21,11,10,1287,787,500,1501,606,895,1352,756,596,1101,651,450,89,80,9,823,419,404,18,10,8,171,142,29,251,105,146,4,4,0,239,95,144,2,0,2,6,6,0,247,103,144,4,4,0,237,94,143,1,0,1,5,5,0,4,2,2,0,0,0,2,1,1,1,0,1,1,1,0,1436,637,799
16,94,Andole-Jogipet,Sangareddy,15,Andhole,573511,0000,VILLAGE,Brahmanpalle,Rural,171,753,395,358,81,42,39,315,164,151,0,0,0,310,193,117,443,202,241,394,209,185,393,208,185,32,31,1,333,154,179,2,1,1,26,22,4,1,1,0,0,0,0,0,0,0,0,0,0,1,1,0,1,1,0,0,0,0,0,0,0,0,0,0,1,1,0,0,0,0,0,0,0,0,0,0,0,0,0,0,0,0,359,186,173
16,94,Andole-Jogipet,Sangareddy,15,Andhole,573512,0000,VILLAGE,Aksanpalle,Rural,504,2186,1123,1063,268,149,119,608,319,289,9,5,4,980,596,384,1206,527,679,1118,611,507,1108,610,498,151,97,54,868,442,426,2,1,1,87,70,17,10,1,9,5,0,5,4,1,3,0,0,0,1,0,1,7,0,7,4,0,4,2,0,2,0,0,0,1,0,1,3,1,2,1,0,1,2,1,1,0,0,0,0,0,0,1068,512,556
16,94,Andole-Jogipet,Sangareddy,15,Andhole,573513,0000,VILLAGE,Tadamanoor,Rural,441,2008,1022,986,237,127,110,435,226,209,0,0,0,820,485,335,1188,537,651,997,550,447,951,537,414,209,154,55,611,273,338,2,1,1,129,109,20,46,13,33,7,2,5,36,9,27,0,0,0,3,2,1,33,11,22,1,1,0,29,8,21,0,0,0,3,2,1,13,2,11,6,1,5,7,1,6,0,0,0,0,0,0,1011,472,539
16,94,Andole-Jogipet,Sangareddy,15,Andhole,573514,0000,VILLAGE,Kodekal,Rural,254,1110,545,565,107,57,50,236,120,116,0,0,0,492,291,201,618,254,364,571,318,253,567,316,251,178,168,10,364,130,234,0,0,0,25,18,7,4,2,2,0,0,0,2,1,1,0,0,0,2,1,1,3,2,1,0,0,0,2,1,1,0,0,0,1,1,0,1,0,1,0,0,0,0,0,0,0,0,0,1,0,1,539,227,312
16,94,Andole-Jogipet,Sangareddy,15,Andhole,573515,0000,VILLAGE,Nadlapur,Rural,288,1261,649,612,121,60,61,430,220,210,0,0,0,588,367,221,673,282,391,706,380,326,623,344,279,145,95,50,378,167,211,3,3,0,97,79,18,83,36,47,5,1,4,48,16,32,0,0,0,30,19,11,75,30,45,5,1,4,48,16,32,0,0,0,22,13,9,8,6,2,0,0,0,0,0,0,0,0,0,8,6,2,555,269,286
16,94,Andole-Jogipet,Sangareddy,15,Andhole,573516,0000,VILLAGE,Dakoor,Rural,1168,5246,2625,2621,609,325,284,1262,633,629,0,0,0,2544,1510,1034,2702,1115,1587,2639,1410,1229,2441,1339,1102,440,387,53,1533,592,941,51,40,11,417,320,97,198,71,127,23,13,10,115,25,90,15,6,9,45,27,18,176,66,110,22,13,9,100,23,77,14,5,9,40,25,15,22,5,17,1,0,1,15,2,13,1,1,0,5,2,3,2607,1215,1392
16,94,Andole-Jogipet,Sangareddy,15,Andhole,573517,0000,VILLAGE,Masanpalle,Rural,380,1576,787,789,216,106,110,0,0,0,0,0,0,718,434,284,858,353,505,841,448,393,768,421,347,260,200,60,337,89,248,5,0,5,166,132,34,73,27,46,6,6,0,43,6,37,2,1,1,22,14,8,70,25,45,6,6,0,42,6,36,1,0,1,21,13,8,3,2,1,0,0,0,1,0,1,1,1,0,1,1,0,735,339,396
16,94,Andole-Jogipet,Sangareddy,15,Andhole,573518,0000,VILLAGE,Pothareddipalle,Rural,413,1781,876,905,206,97,109,6,3,3,32,18,14,798,474,324,983,402,581,1027,528,499,717,436,281,78,69,9,496,256,240,17,9,8,126,102,24,310,92,218,36,3,33,225,66,159,5,1,4,44,22,22,289,84,205,35,3,32,212,61,151,4,0,4,38,20,18,21,8,13,1,0,1,13,5,8,1,1,0,6,2,4,754,348,406
16,94,Andole-Jogipet,Sangareddy,15,Andhole,573519,0000,VILLAGE,Kondareddypalle,Rural,166,813,399,414,101,51,50,202,99,103,241,123,118,318,202,116,495,197,298,429,229,200,421,224,197,110,93,17,262,101,161,1,1,0,48,29,19,8,5,3,1,1,0,5,2,3,0,0,0,2,2,0,8,5,3,1,1,0,5,2,3,0,0,0,2,2,0,0,0,0,0,0,0,0,0,0,0,0,0,0,0,0,384,170,214
16,94,Andole-Jogipet,Sangareddy,15,Andhole,573520,0000,VILLAGE,Sangupet,Rural,331,1436,699,737,184,96,88,654,308,346,0,0,0,764,439,325,672,260,412,653,370,283,623,357,266,66,46,20,396,187,209,8,5,3,153,119,34,30,13,17,3,1,2,18,6,12,0,0,0,9,6,3,29,12,17,3,1,2,18,6,12,0,0,0,8,5,3,1,1,0,0,0,0,0,0,0,0,0,0,1,1,0,783,329,454
16,94,Andole-Jogipet,Sangareddy,15,Andhole,573521,0000,VILLAGE,Andole,Rural,1016,5457,2278,3179,552,295,257,1505,439,1066,85,0,85,3330,1422,1908,2127,856,1271,2068,1237,831,1266,868,398,107,84,23,550,274,276,40,34,6,569,476,93,802,369,433,14,8,6,616,251,365,12,3,9,160,107,53,747,350,397,13,8,5,598,249,349,9,2,7,127,91,36,55,19,36,1,0,1,18,2,16,3,1,2,33,16,17,3389,1041,2348
16,94,Andole-Jogipet,Sangareddy,15,Andhole,573522,0000,VILLAGE,Saibanpet,Rural,231,966,470,496,103,47,56,389,186,203,0,0,0,505,306,199,461,164,297,491,267,224,407,233,174,98,66,32,248,117,131,1,1,0,60,49,11,84,34,50,3,3,0,78,30,48,0,0,0,3,1,2,83,34,49,3,3,0,77,30,47,0,0,0,3,1,2,1,0,1,0,0,0,1,0,1,0,0,0,0,0,0,475,203,272
16,94,Andole-Jogipet,Sangareddy,15,Andhole,573523,0000,VILLAGE,Almaipet,Rural,474,2179,1090,1089,268,143,125,653,331,322,0,0,0,1017,629,388,1162,461,701,1119,620,499,882,511,371,443,271,172,280,112,168,19,13,6,140,115,25,237,109,128,18,10,8,190,76,114,1,0,1,28,23,5,224,105,119,17,10,7,180,73,107,1,0,1,26,22,4,13,4,9,1,0,1,10,3,7,0,0,0,2,1,1,1060,470,590
16,91,Sangareddy,Sangareddy,20,Hathanoora,573785,0000,VILLAGE,Sirpuram,Rural,780,3629,1862,1767,481,246,235,241,131,110,886,479,407,1420,950,470,2209,912,1297,1808,990,818,1637,920,717,624,375,249,799,373,426,9,7,2,205,165,40,171,70,101,5,2,3,140,48,92,2,1,1,24,19,5,163,68,95,5,2,3,132,46,86,2,1,1,24,19,5,8,2,6,0,0,0,8,2,6,0,0,0,0,0,0,1821,872,949
16,91,Sangareddy,Sangareddy,20,Hathanoora,573786,0000,VILLAGE,Lingapur,Rural,305,1557,775,782,195,105,90,2,1,1,1,0,1,673,411,262,884,364,520,827,421,406,239,192,47,122,119,3,106,64,42,0,0,0,11,9,2,588,229,359,5,4,1,581,225,356,1,0,1,1,0,1,527,211,316,3,3,0,522,208,314,1,0,1,1,0,1,61,18,43,2,1,1,59,17,42,0,0,0,0,0,0,730,354,376
16,91,Sangareddy,Sangareddy,20,Hathanoora,573787,0000,VILLAGE,Cheekumadduru,Rural,243,1212,612,600,140,76,64,258,127,131,0,0,0,613,377,236,599,235,364,630,330,300,209,155,54,61,46,15,81,52,29,14,9,5,53,48,5,421,175,246,29,12,17,305,112,193,14,5,9,73,46,27,393,162,231,29,12,17,286,104,182,12,4,8,66,42,24,28,13,15,0,0,0,19,8,11,2,1,1,7,4,3,582,282,300
16,91,Sangareddy,Sangareddy,20,Hathanoora,573788,0000,VILLAGE,Koniyal,Rural,491,2309,1142,1167,280,140,140,449,220,229,2,0,2,1105,672,433,1204,470,734,1134,604,530,873,491,382,115,78,37,675,343,332,2,0,2,81,70,11,261,113,148,1,1,0,242,101,141,8,3,5,10,8,2,257,112,145,1,1,0,242,101,141,6,3,3,8,7,1,4,1,3,0,0,0,0,0,0,2,0,2,2,1,1,1175,538,637
16,91,Sangareddy,Sangareddy,20,Hathanoora,573789,0000,VILLAGE,Panyal,Rural,430,2036,1009,1027,260,132,128,339,159,180,0,0,0,985,585,400,1051,424,627,1250,628,622,843,476,367,243,156,87,496,249,247,19,15,4,85,56,29,407,152,255,57,38,19,215,71,144,62,10,52,73,33,40,393,149,244,57,38,19,210,70,140,57,10,47,69,31,38,14,3,11,0,0,0,5,1,4,5,0,5,4,2,2,786,381,405
16,91,Sangareddy,Sangareddy,20,Hathanoora,573790,0000,VILLAGE,Madhura(Madharam),Rural,134,571,260,311,62,33,29,6,2,4,0,0,0,226,116,110,345,144,201,337,153,184,21,9,12,14,6,8,1,0,1,0,0,0,6,3,3,316,144,172,0,0,0,311,141,170,0,0,0,5,3,2,316,144,172,0,0,0,311,141,170,0,0,0,5,3,2,0,0,0,0,0,0,0,0,0,0,0,0,0,0,0,234,107,127
16,91,Sangareddy,Sangareddy,20,Hathanoora,573791,0000,VILLAGE,Govindarajupalle,Rural,237,1095,544,551,137,68,69,174,87,87,24,11,13,454,272,182,641,272,369,513,278,235,482,258,224,155,89,66,300,146,154,3,2,1,24,21,3,31,20,11,3,3,0,16,5,11,1,1,0,11,11,0,29,19,10,3,3,0,14,4,10,1,1,0,11,11,0,2,1,1,0,0,0,2,1,1,0,0,0,0,0,0,582,266,316
16,91,Sangareddy,Sangareddy,20,Hathanoora,573792,0000,VILLAGE,Naguldevpalle,Rural,322,1325,650,675,157,81,76,475,234,241,123,60,63,569,348,221,756,302,454,685,346,339,354,209,145,131,122,9,148,25,123,1,1,0,74,61,13,331,137,194,70,65,5,243,62,181,0,0,0,18,10,8,269,123,146,65,60,5,187,54,133,0,0,0,17,9,8,62,14,48,5,5,0,56,8,48,0,0,0,1,1,0,640,304,336
16,91,Sangareddy,Sangareddy,20,Hathanoora,573793,0000,VILLAGE,Sikandarpur,Rural,549,2644,1333,1311,283,136,147,326,165,161,693,354,339,1117,694,423,1527,639,888,1281,763,518,899,561,338,675,386,289,148,108,40,12,12,0,64,55,9,382,202,180,83,47,36,270,126,144,0,0,0,29,29,0,375,197,178,80,45,35,266,123,143,0,0,0,29,29,0,7,5,2,3,2,1,4,3,1,0,0,0,0,0,0,1363,570,793
16,91,Sangareddy,Sangareddy,20,Hathanoora,573794,0000,VILLAGE,Hathanoora,Rural,1196,6605,3708,2897,715,354,361,1499,1142,357,264,86,178,3781,2573,1208,2824,1135,1689,2693,1555,1138,1364,903,461,560,380,180,373,158,215,12,5,7,419,360,59,1329,652,677,62,34,28,1137,521,616,4,3,1,126,94,32,1297,633,664,61,34,27,1112,506,606,4,3,1,120,90,30,32,19,13,1,0,1,25,15,10,0,0,0,6,4,2,3912,2153,1759
16,91,Sangareddy,Sangareddy,20,Hathanoora,573795,0000,VILLAGE,Kasal,Rural,832,3789,1898,1891,491,237,254,769,384,385,48,23,25,2074,1245,829,1715,653,1062,1637,1024,613,675,551,124,168,154,14,114,38,76,17,15,2,376,344,32,962,473,489,33,28,5,769,311,458,17,14,3,143,120,23,908,461,447,32,27,5,721,305,416,17,14,3,138,115,23,54,12,42,1,1,0,48,6,42,0,0,0,5,5,0,2152,874,1278
16,91,Sangareddy,Sangareddy,20,Hathanoora,573796,0000,VILLAGE,Devalpalle,Rural,174,735,371,364,87,45,42,182,95,87,0,0,0,375,223,152,360,148,212,366,215,151,366,215,151,61,41,20,226,112,114,0,0,0,79,62,17,0,0,0,0,0,0,0,0,0,0,0,0,0,0,0,0,0,0,0,0,0,0,0,0,0,0,0,0,0,0,0,0,0,0,0,0,0,0,0,0,0,0,0,0,0,369,156,213
16,91,Sangareddy,Sangareddy,20,Hathanoora,573797,0000,VILLAGE,Doultabad (Kothapet),Rural,1041,4579,2311,2268,562,276,286,857,422,435,129,62,67,2725,1567,1158,1854,744,1110,1631,1187,444,1045,851,194,106,92,14,126,63,63,33,31,2,780,665,115,586,336,250,23,14,9,414,210,204,26,25,1,123,87,36,368,184,184,16,8,8,245,100,145,10,9,1,97,67,30,218,152,66,7,6,1,169,110,59,16,16,0,26,20,6,2948,1124,1824
16,91,Sangareddy,Sangareddy,20,Hathanoora,573798,0000,VILLAGE,Mangapur,Rural,258,1208,609,599,163,82,81,375,183,192,17,9,8,594,364,230,614,245,369,663,367,296,256,170,86,42,38,4,129,60,69,4,3,1,81,69,12,407,197,210,6,4,2,321,123,198,6,2,4,74,68,6,263,125,138,5,3,2,194,66,128,4,2,2,60,54,6,144,72,72,1,1,0,127,57,70,2,0,2,14,14,0,545,242,303
16,91,Sangareddy,Sangareddy,20,Hathanoora,573799,0000,VILLAGE,Nastipur,Rural,200,1011,585,426,103,61,42,222,130,92,40,40,0,592,412,180,419,173,246,471,249,222,300,187,113,94,55,39,98,40,58,6,2,4,102,90,12,171,62,109,14,3,11,100,27,73,4,0,4,53,32,21,134,59,75,4,3,1,94,26,68,1,0,1,35,30,5,37,3,34,10,0,10,6,1,5,3,0,3,18,2,16,540,336,204
16,91,Sangareddy,Sangareddy,20,Hathanoora,573800,0000,VILLAGE,Macherla,Rural,203,869,428,441,114,51,63,627,308,319,38,19,19,305,183,122,564,245,319,472,243,229,166,113,53,20,18,2,120,77,43,4,2,2,22,16,6,306,130,176,6,1,5,285,116,169,2,1,1,13,12,1,306,130,176,6,1,5,285,116,169,2,1,1,13,12,1,0,0,0,0,0,0,0,0,0,0,0,0,0,0,0,397,185,212
16,91,Sangareddy,Sangareddy,20,Hathanoora,573801,0000,VILLAGE,Taherkhapet,Rural,162,887,496,391,73,37,36,12,6,6,7,6,1,506,331,175,381,165,216,376,215,161,365,211,154,37,36,1,183,58,125,0,0,0,145,117,28,11,4,7,1,1,0,8,1,7,0,0,0,2,2,0,11,4,7,1,1,0,8,1,7,0,0,0,2,2,0,0,0,0,0,0,0,0,0,0,0,0,0,0,0,0,511,281,230
16,91,Sangareddy,Sangareddy,20,Hathanoora,573802,0000,VILLAGE,Malkapur,Rural,129,642,324,318,62,29,33,90,47,43,0,0,0,391,215,176,251,109,142,232,173,59,225,167,58,32,31,1,66,42,24,0,0,0,127,94,33,7,6,1,2,2,0,1,1,0,0,0,0,4,3,1,7,6,1,2,2,0,1,1,0,0,0,0,4,3,1,0,0,0,0,0,0,0,0,0,0,0,0,0,0,0,410,151,259
16,91,Sangareddy,Sangareddy,20,Hathanoora,573803,0000,VILLAGE,Reddikhanapur,Rural,293,1625,838,787,220,132,88,432,217,215,10,4,6,814,498,316,811,340,471,748,445,303,429,302,127,99,78,21,218,118,100,2,2,0,110,104,6,319,143,176,5,4,1,274,103,171,1,1,0,39,35,4,319,143,176,5,4,1,274,103,171,1,1,0,39,35,4,0,0,0,0,0,0,0,0,0,0,0,0,0,0,0,877,393,484
16,91,Sangareddy,Sangareddy,20,Hathanoora,573804,0000,VILLAGE,Borpatla,Rural,578,2633,1285,1348,316,163,153,765,367,398,32,19,13,1295,759,536,1338,526,812,1124,690,434,483,401,82,172,153,19,112,71,41,7,6,1,192,171,21,641,289,352,3,2,1,484,172,312,2,0,2,152,115,37,630,283,347,3,2,1,478,169,309,2,0,2,147,112,35,11,6,5,0,0,0,6,3,3,0,0,0,5,3,2,1509,595,914
16,91,Sangareddy,Sangareddy,20,Hathanoora,573805,0000,VILLAGE,Palapnoor,Rural,222,1008,508,500,140,75,65,167,84,83,0,0,0,472,283,189,536,225,311,510,279,231,449,248,201,196,100,96,169,78,91,10,7,3,74,63,11,61,31,30,4,2,2,26,7,19,0,0,0,31,22,9,60,30,30,4,2,2,26,7,19,0,0,0,30,21,9,1,1,0,0,0,0,0,0,0,0,0,0,1,1,0,498,229,269
16,91,Sangareddy,Sangareddy,20,Hathanoora,573806,0000,VILLAGE,Gundla Machanur,Rural,377,1838,935,903,212,116,96,501,259,242,1,1,0,829,509,320,1009,426,583,1046,555,491,800,483,317,117,85,32,478,232,246,12,8,4,193,158,35,246,72,174,9,5,4,194,42,152,2,1,1,41,24,17,234,68,166,9,5,4,184,40,144,1,0,1,40,23,17,12,4,8,0,0,0,10,2,8,1,1,0,1,1,0,792,380,412
16,91,Sangareddy,Sangareddy,20,Hathanoora,573807,0000,VILLAGE,Chandapur,Rural,238,1050,538,512,145,78,67,183,79,104,5,3,2,537,323,214,513,215,298,523,298,225,430,267,163,222,113,109,55,20,35,2,2,0,151,132,19,93,31,62,2,1,1,70,17,53,6,3,3,15,10,5,72,21,51,2,1,1,52,10,42,6,3,3,12,7,5,21,10,11,0,0,0,18,7,11,0,0,0,3,3,0,527,240,287
16,91,Sangareddy,Sangareddy,20,Hathanoora,573808,0000,VILLAGE,Turkal Khanapur,Rural,171,715,359,356,100,46,54,297,134,163,17,9,8,388,234,154,327,125,202,355,225,130,354,224,130,8,8,0,197,87,110,0,0,0,149,129,20,1,1,0,0,0,0,0,0,0,0,0,0,1,1,0,1,1,0,0,0,0,0,0,0,0,0,0,1,1,0,0,0,0,0,0,0,0,0,0,0,0,0,0,0,0,360,134,226
16,91,Sangareddy,Sangareddy,20,Hathanoora,573809,0000,VILLAGE,Sadullanagar,Rural,303,1307,642,665,160,74,86,115,56,59,4,4,0,737,422,315,570,220,350,451,255,196,396,229,167,52,28,24,101,43,58,6,5,1,237,153,84,55,26,29,8,2,6,17,6,11,1,1,0,29,17,12,52,25,27,7,2,5,17,6,11,1,1,0,27,16,11,3,1,2,1,0,1,0,0,0,0,0,0,2,1,1,856,387,469
16,91,Sangareddy,Sangareddy,20,Hathanoora,573810,0000,VILLAGE,Chintalcheruvu,Rural,874,3861,1910,1951,482,231,251,726,336,390,392,186,206,1949,1121,828,1912,789,1123,2339,1251,1088,1604,857,747,286,232,54,880,389,491,25,17,8,413,219,194,735,394,341,5,3,2,608,311,297,5,3,2,117,77,40,731,393,338,4,3,1,605,310,295,5,3,2,117,77,40,4,1,3,1,0,1,3,1,2,0,0,0,0,0,0,1522,659,863
16,91,Sangareddy,Sangareddy,20,Hathanoora,573811,0000,VILLAGE,Yellammaguda,Rural,526,2331,1186,1145,317,159,158,678,344,334,44,24,20,1073,666,407,1258,520,738,1160,671,489,730,475,255,129,118,11,407,195,212,9,7,2,185,155,30,430,196,234,2,0,2,158,77,81,8,5,3,262,114,148,394,187,207,2,0,2,143,75,68,8,5,3,241,107,134,36,9,27,0,0,0,15,2,13,0,0,0,21,7,14,1171,515,656
16,91,Sangareddy,Sangareddy,20,Hathanoora,573812,0000,VILLAGE,Kodapak,Rural,152,596,288,308,81,43,38,43,25,18,28,11,17,283,158,125,313,130,183,294,163,131,130,110,20,20,16,4,12,10,2,0,0,0,98,84,14,164,53,111,2,1,1,142,39,103,0,0,0,20,13,7,162,53,109,2,1,1,140,39,101,0,0,0,20,13,7,2,0,2,0,0,0,2,0,2,0,0,0,0,0,0,302,125,177
16,91,Sangareddy,Sangareddy,20,Hathanoora,573813,0000,VILLAGE,Nagaram,Rural,175,756,378,378,103,53,50,224,113,111,0,0,0,411,245,166,345,133,212,442,217,225,436,215,221,197,105,92,214,94,120,5,2,3,20,14,6,6,2,4,3,1,2,1,0,1,1,0,1,1,1,0,4,2,2,2,1,1,0,0,0,1,0,1,1,1,0,2,0,2,1,0,1,1,0,1,0,0,0,0,0,0,314,161,153
16,91,Sangareddy,Sangareddy,20,Hathanoora,573814,0000,VILLAGE,Sharkhanpalli,Rural,178,683,347,336,95,50,45,65,36,29,0,0,0,366,227,139,317,120,197,348,201,147,347,201,146,79,66,13,177,55,122,2,2,0,89,78,11,1,0,1,0,0,0,1,0,1,0,0,0,0,0,0,1,0,1,0,0,0,1,0,1,0,0,0,0,0,0,0,0,0,0,0,0,0,0,0,0,0,0,0,0,0,335,146,189
16,91,Sangareddy,Sangareddy,20,Hathanoora,573815,0000,VILLAGE,Royyapalle,Rural,123,603,304,299,72,41,31,70,35,35,0,0,0,271,165,106,332,139,193,426,230,196,319,189,130,143,75,68,70,21,49,0,0,0,106,93,13,107,41,66,14,5,9,10,2,8,82,33,49,1,1,0,6,0,6,3,0,3,1,0,1,2,0,2,0,0,0,101,41,60,11,5,6,9,2,7,80,33,47,1,1,0,177,74,103
16,91,Sangareddy,Sangareddy,20,Hathanoora,573816,0000,VILLAGE,Akwanchaguda,Rural,53,226,119,107,31,19,12,24,9,15,0,0,0,118,76,42,108,43,65,135,73,62,35,27,8,12,9,3,16,12,4,1,1,0,6,5,1,100,46,54,3,1,2,93,43,50,0,0,0,4,2,2,97,45,52,3,1,2,90,42,48,0,0,0,4,2,2,3,1,2,0,0,0,3,1,2,0,0,0,0,0,0,91,46,45
16,91,Sangareddy,Sangareddy,17,Sadasivpet,573817,0000,VILLAGE,Malapahad,Rural,164,836,411,425,138,59,79,206,102,104,0,0,0,335,195,140,501,216,285,538,263,275,476,234,242,43,21,22,420,202,218,0,0,0,13,11,2,62,29,33,8,4,4,51,24,27,0,0,0,3,1,2,55,26,29,8,4,4,44,21,23,0,0,0,3,1,2,7,3,4,0,0,0,7,3,4,0,0,0,0,0,0,298,148,150
16,91,Sangareddy,Sangareddy,17,Sadasivpet,573818,0000,VILLAGE,Etigaddasangam,Rural,286,1374,697,677,158,77,81,370,187,183,0,0,0,597,369,228,777,328,449,826,399,427,590,368,222,101,89,12,431,231,200,10,7,3,48,41,7,236,31,205,87,8,79,132,17,115,6,2,4,11,4,7,165,20,145,71,6,65,83,11,72,4,1,3,7,2,5,71,11,60,16,2,14,49,6,43,2,1,1,4,2,2,548,298,250
16,91,Sangareddy,Sangareddy,17,Sadasivpet,573819,0000,VILLAGE,Pottipalle,Rural,271,1163,576,587,161,79,82,375,180,195,0,0,0,498,312,186,665,264,401,632,356,276,281,232,49,175,146,29,76,60,16,1,1,0,29,25,4,351,124,227,2,0,2,324,101,223,1,1,0,24,22,2,313,98,215,2,0,2,301,89,212,0,0,0,10,9,1,38,26,12,0,0,0,23,12,11,1,1,0,14,13,1,531,220,311
16,91,Sangareddy,Sangareddy,17,Sadasivpet,573820,0000,VILLAGE,Kolkur,Rural,492,2114,1049,1065,178,80,98,588,285,303,39,20,19,1135,698,437,979,351,628,1105,630,475,1086,626,460,209,156,53,676,304,372,14,11,3,187,155,32,19,4,15,3,0,3,14,2,12,0,0,0,2,2,0,14,4,10,2,0,2,10,2,8,0,0,0,2,2,0,5,0,5,1,0,1,4,0,4,0,0,0,0,0,0,1009,419,590
16,91,Sangareddy,Sangareddy,17,Sadasivpet,573821,0000,VILLAGE,Nizampur,Rural,727,2982,1489,1493,318,157,161,654,319,335,22,22,0,1574,947,627,1408,542,866,1425,869,556,1138,693,445,238,187,51,699,346,353,13,12,1,188,148,40,287,176,111,7,4,3,109,65,44,35,5,30,136,102,34,223,127,96,5,3,2,82,47,35,30,1,29,106,76,30,64,49,15,2,1,1,27,18,9,5,4,1,30,26,4,1557,620,937
16,91,Sangareddy,Sangareddy,17,Sadasivpet,573822,0000,VILLAGE,Machireddipalle,Rural,325,1518,779,739,182,105,77,379,181,198,1,1,0,731,443,288,787,336,451,767,410,357,660,357,303,236,132,104,330,146,184,0,0,0,94,79,15,107,53,54,5,1,4,97,48,49,0,0,0,5,4,1,107,53,54,5,1,4,97,48,49,0,0,0,5,4,1,0,0,0,0,0,0,0,0,0,0,0,0,0,0,0,751,369,382
16,91,Sangareddy,Sangareddy,17,Sadasivpet,573823,0000,VILLAGE,Atmakur,Rural,872,3749,1852,1897,429,216,213,824,407,417,0,0,0,1892,1119,773,1857,733,1124,2188,1116,1072,1333,779,554,153,119,34,778,420,358,11,8,3,391,232,159,855,337,518,15,1,14,781,302,479,6,4,2,53,30,23,843,332,511,15,1,14,775,302,473,3,2,1,50,27,23,12,5,7,0,0,0,6,0,6,3,2,1,3,3,0,1561,736,825
16,91,Sangareddy,Sangareddy,17,Sadasivpet,573824,0000,VILLAGE,Babilgaon,Rural,404,1854,912,942,208,98,110,608,294,314,0,0,0,839,489,350,1015,423,592,927,526,401,917,521,396,321,185,136,352,138,214,11,6,5,233,192,41,10,5,5,6,2,4,3,2,1,0,0,0,1,1,0,10,5,5,6,2,4,3,2,1,0,0,0,1,1,0,0,0,0,0,0,0,0,0,0,0,0,0,0,0,0,927,386,541
16,91,Sangareddy,Sangareddy,17,Sadasivpet,573825,0000,VILLAGE,Yellaram,Rural,252,1212,620,592,139,72,67,486,246,240,0,0,0,571,330,241,641,290,351,686,364,322,514,297,217,75,48,27,336,167,169,15,10,5,88,72,16,172,67,105,19,7,12,108,35,73,10,5,5,35,20,15,155,62,93,19,7,12,101,34,67,6,3,3,29,18,11,17,5,12,0,0,0,7,1,6,4,2,2,6,2,4,526,256,270
16,91,Sangareddy,Sangareddy,17,Sadasivpet,573826,0000,VILLAGE,Nagulpalle,Rural,206,1026,522,504,108,57,51,436,229,207,0,0,0,569,333,236,457,189,268,501,284,217,472,267,205,284,160,124,130,59,71,0,0,0,58,48,10,29,17,12,12,6,6,8,2,6,0,0,0,9,9,0,28,16,12,12,6,6,8,2,6,0,0,0,8,8,0,1,1,0,0,0,0,0,0,0,0,0,0,1,1,0,525,238,287
16,91,Sangareddy,Sangareddy,17,Sadasivpet,573827,0000,VILLAGE,Chandapur,Rural,258,1300,659,641,161,86,75,441,225,216,0,0,0,768,441,327,532,218,314,560,357,203,89,80,9,54,51,3,2,0,2,7,7,0,26,22,4,471,277,194,27,22,5,267,124,143,36,25,11,141,106,35,413,245,168,22,20,2,260,121,139,24,17,7,107,87,20,58,32,26,5,2,3,7,3,4,12,8,4,34,19,15,740,302,438
16,91,Sangareddy,Sangareddy,17,Sadasivpet,573828,0000,VILLAGE,Enkepalle,Rural,209,959,498,461,139,72,67,283,148,135,0,0,0,481,285,196,478,213,265,576,306,270,567,300,267,3,2,1,543,281,262,2,0,2,19,17,2,9,6,3,0,0,0,8,5,3,0,0,0,1,1,0,9,6,3,0,0,0,8,5,3,0,0,0,1,1,0,0,0,0,0,0,0,0,0,0,0,0,0,0,0,0,383,192,191
16,91,Sangareddy,Sangareddy,17,Sadasivpet,573829,0000,VILLAGE,Ishratabad,Rural,179,829,411,418,142,62,80,126,59,67,0,0,0,377,216,161,452,195,257,484,259,225,441,238,203,33,16,17,356,188,168,6,1,5,46,33,13,43,21,22,0,0,0,33,15,18,1,0,1,9,6,3,43,21,22,0,0,0,33,15,18,1,0,1,9,6,3,0,0,0,0,0,0,0,0,0,0,0,0,0,0,0,345,152,193
16,91,Sangareddy,Sangareddy,17,Sadasivpet,573830,0000,VILLAGE,Venkatapur,Rural,504,2346,1167,1179,286,140,146,440,214,226,6,3,3,1137,673,464,1209,494,715,1183,660,523,904,595,309,71,57,14,600,341,259,5,3,2,228,194,34,279,65,214,21,9,12,224,29,195,3,0,3,31,27,4,249,53,196,17,7,10,202,22,180,3,0,3,27,24,3,30,12,18,4,2,2,22,7,15,0,0,0,4,3,1,1163,507,656
16,91,Sangareddy,Sangareddy,17,Sadasivpet,573831,0000,VILLAGE,Ankanpalle,Rural,246,1181,622,559,99,49,50,336,176,160,22,13,9,678,421,257,503,201,302,712,386,326,507,330,177,183,125,58,208,102,106,7,5,2,109,98,11,205,56,149,5,1,4,193,50,143,4,2,2,3,3,0,122,22,100,1,0,1,115,17,98,3,2,1,3,3,0,83,34,49,4,1,3,78,33,45,1,0,1,0,0,0,469,236,233
16,91,Sangareddy,Sangareddy,17,Sadasivpet,573832,0000,VILLAGE,Konapur,Rural,392,1987,1005,982,214,109,105,463,219,244,2,1,1,1155,705,450,832,300,532,926,565,361,723,497,226,158,112,46,238,105,133,23,17,6,304,263,41,203,68,135,5,2,3,158,42,116,4,1,3,36,23,13,192,62,130,5,2,3,151,38,113,4,1,3,32,21,11,11,6,5,0,0,0,7,4,3,0,0,0,4,2,2,1061,440,621
16,91,Sangareddy,Sangareddy,17,Sadasivpet,573833,0000,VILLAGE,Arur,Rural,457,2018,1018,1000,243,124,119,226,112,114,4,2,2,1065,648,417,953,370,583,1013,595,418,931,549,382,102,89,13,549,232,317,54,39,15,226,189,37,82,46,36,3,3,0,65,32,33,0,0,0,14,11,3,58,32,26,1,1,0,44,21,23,0,0,0,13,10,3,24,14,10,2,2,0,21,11,10,0,0,0,1,1,0,1005,423,582
16,91,Sangareddy,Sangareddy,17,Sadasivpet,573834,0000,VILLAGE,Milgirpet,Rural,208,932,471,461,93,52,41,212,112,100,6,3,3,503,303,200,429,168,261,539,279,260,529,277,252,153,133,20,328,101,227,6,4,2,42,39,3,10,2,8,0,0,0,7,0,7,1,0,1,2,2,0,9,2,7,0,0,0,6,0,6,1,0,1,2,2,0,1,0,1,0,0,0,1,0,1,0,0,0,0,0,0,393,192,201
16,91,Sangareddy,Sangareddy,17,Sadasivpet,573835,0000,VILLAGE,Suraram,Rural,293,1251,636,615,172,97,75,164,83,81,55,31,24,759,425,334,492,211,281,865,448,417,617,331,286,445,224,221,39,15,24,20,7,13,113,85,28,248,117,131,10,3,7,3,3,0,0,0,0,235,111,124,35,17,18,10,3,7,3,3,0,0,0,0,22,11,11,213,100,113,0,0,0,0,0,0,0,0,0,213,100,113,386,188,198
16,91,Sangareddy,Sangareddy,17,Sadasivpet,573836,0000,VILLAGE,Thangadpalle,Rural,365,1601,812,789,204,106,98,483,237,246,188,97,91,901,531,370,700,281,419,926,473,453,874,461,413,563,273,290,101,46,55,50,22,28,160,120,40,52,12,40,7,0,7,7,2,5,29,6,23,9,4,5,15,7,8,0,0,0,4,2,2,4,2,2,7,3,4,37,5,32,7,0,7,3,0,3,25,4,21,2,1,1,675,339,336
16,91,Sangareddy,Sangareddy,17,Sadasivpet,573837,0000,VILLAGE,Maddikunta (Part),Rural,701,3542,1763,1779,415,207,208,734,360,374,447,225,222,2004,1129,875,1538,634,904,1613,977,636,1326,884,442,297,218,79,695,365,330,12,10,2,322,291,31,287,93,194,15,7,8,228,54,174,12,7,5,32,25,7,195,62,133,8,4,4,151,33,118,10,5,5,26,20,6,92,31,61,7,3,4,77,21,56,2,2,0,6,5,1,1929,786,1143
16,91,Sangareddy,Sangareddy,17,Sadasivpet,573838,0000,VILLAGE,Kambalpalle,Rural,263,1095,553,542,141,70,71,312,150,162,0,0,0,526,305,221,569,248,321,573,314,259,368,245,123,185,123,62,90,44,46,2,1,1,91,77,14,205,69,136,9,6,3,166,43,123,3,0,3,27,20,7,175,58,117,6,4,2,148,40,108,3,0,3,18,14,4,30,11,19,3,2,1,18,3,15,0,0,0,9,6,3,522,239,283
16,91,Sangareddy,Sangareddy,17,Sadasivpet,573840,0000,VILLAGE,Regenthal,Rural,243,989,486,503,96,48,48,408,193,215,0,0,0,577,329,248,412,157,255,543,289,254,396,248,148,318,193,125,14,7,7,16,11,5,48,37,11,147,41,106,55,7,48,19,5,14,5,1,4,68,28,40,138,38,100,54,7,47,19,5,14,3,0,3,62,26,36,9,3,6,1,0,1,0,0,0,2,1,1,6,2,4,446,197,249
16,91,Sangareddy,Sangareddy,17,Sadasivpet,573841,0000,VILLAGE,Veltur,Rural,565,2630,1282,1348,290,145,145,748,370,378,0,0,0,1345,769,576,1285,513,772,1329,737,592,1301,724,577,848,478,370,323,141,182,28,20,8,102,85,17,28,13,15,5,2,3,8,4,4,0,0,0,15,7,8,28,13,15,5,2,3,8,4,4,0,0,0,15,7,8,0,0,0,0,0,0,0,0,0,0,0,0,0,0,0,1301,545,756
16,91,Sangareddy,Sangareddy,17,Sadasivpet,573842,0000,VILLAGE,Mubarakpur,Rural,383,1746,872,874,238,121,117,741,376,365,0,0,0,983,606,377,763,266,497,982,526,456,780,435,345,123,73,50,551,272,279,6,4,2,100,86,14,202,91,111,1,0,1,195,87,108,3,1,2,3,3,0,201,91,110,1,0,1,195,87,108,2,1,1,3,3,0,1,0,1,0,0,0,0,0,0,1,0,1,0,0,0,764,346,418
16,91,Sangareddy,Sangareddy,17,Sadasivpet,573843,0000,VILLAGE,Peddapur,Rural,891,4183,2156,2027,548,284,264,329,166,163,10,6,4,2379,1441,938,1804,715,1089,1904,1140,764,1615,1019,596,396,299,97,697,276,421,62,44,18,460,400,60,289,121,168,19,8,11,172,64,108,14,7,7,84,42,42,209,97,112,18,8,10,110,46,64,9,5,4,72,38,34,80,24,56,1,0,1,62,18,44,5,2,3,12,4,8,2279,1016,1263
16,91,Sangareddy,Sangareddy,18,Kondapur,573846,0000,VILLAGE,Garakurthi,Rural,239,935,463,472,100,52,48,89,42,47,84,38,46,475,266,209,460,197,263,553,299,254,292,171,121,165,100,65,85,41,44,6,4,2,36,26,10,261,128,133,2,1,1,256,125,131,0,0,0,3,2,1,260,128,132,2,1,1,255,125,130,0,0,0,3,2,1,1,0,1,0,0,0,1,0,1,0,0,0,0,0,0,382,164,218
16,91,Sangareddy,Sangareddy,18,Kondapur,573847,0000,VILLAGE,Aliabad,Rural,144,632,300,332,85,40,45,186,94,92,0,0,0,361,195,166,271,105,166,278,178,100,256,169,87,36,30,6,193,118,75,3,3,0,24,18,6,22,9,13,0,0,0,14,3,11,1,0,1,7,6,1,19,8,11,0,0,0,12,2,10,1,0,1,6,6,0,3,1,2,0,0,0,2,1,1,0,0,0,1,0,1,354,122,232
16,91,Sangareddy,Sangareddy,18,Kondapur,573848,0000,VILLAGE,Togurpalle,Rural,754,3478,1740,1738,372,180,192,755,379,376,11,8,3,1885,1122,763,1593,618,975,1546,928,618,931,659,272,235,164,71,295,153,142,6,5,1,395,337,58,615,269,346,23,9,14,526,224,302,8,5,3,58,31,27,589,257,332,21,8,13,514,220,294,6,4,2,48,25,23,26,12,14,2,1,1,12,4,8,2,1,1,10,6,4,1932,812,1120
16,91,Sangareddy,Sangareddy,18,Kondapur,573849,0000,VILLAGE,Girmapur,Rural,181,838,426,412,129,66,63,125,68,57,12,5,7,433,266,167,405,160,245,390,214,176,386,210,176,23,16,7,331,170,161,0,0,0,32,24,8,4,4,0,0,0,0,3,3,0,0,0,0,1,1,0,4,4,0,0,0,0,3,3,0,0,0,0,1,1,0,0,0,0,0,0,0,0,0,0,0,0,0,0,0,0,448,212,236
16,91,Sangareddy,Sangareddy,18,Kondapur,573850,0000,VILLAGE,Malkapur,Rural,1245,5482,2747,2735,668,336,332,1452,732,720,80,41,39,3279,1852,1427,2203,895,1308,2218,1524,694,1459,1187,272,230,218,12,407,256,151,29,29,0,793,684,109,759,337,422,47,34,13,604,243,361,32,20,12,76,40,36,666,304,362,44,32,12,534,221,313,28,19,9,60,32,28,93,33,60,3,2,1,70,22,48,4,1,3,16,8,8,3264,1223,2041
16,91,Sangareddy,Sangareddy,18,Kondapur,573851,0000,VILLAGE,Kutubshapet,Rural,67,236,121,115,29,15,14,67,40,27,0,0,0,117,69,48,119,52,67,122,72,50,116,69,47,10,10,0,96,52,44,1,0,1,9,7,2,6,3,3,0,0,0,6,3,3,0,0,0,0,0,0,6,3,3,0,0,0,6,3,3,0,0,0,0,0,0,0,0,0,0,0,0,0,0,0,0,0,0,0,0,0,114,49,65
16,91,Sangareddy,Sangareddy,18,Kondapur,573852,0000,VILLAGE,Mallepalle,Rural,462,1957,984,973,245,115,130,757,373,384,6,4,2,1075,644,431,882,340,542,951,566,385,824,512,312,81,63,18,494,241,253,28,14,14,221,194,27,127,54,73,0,0,0,114,43,71,2,1,1,11,10,1,120,50,70,0,0,0,108,40,68,1,0,1,11,10,1,7,4,3,0,0,0,6,3,3,1,1,0,0,0,0,1006,418,588
16,91,Sangareddy,Sangareddy,18,Kondapur,573853,0000,VILLAGE,Goplaram (Kurd),Rural,200,896,459,437,104,60,44,440,226,214,0,0,0,486,288,198,410,171,239,453,258,195,193,116,77,160,93,67,1,1,0,5,4,1,27,18,9,260,142,118,0,0,0,252,138,114,3,1,2,5,3,2,258,142,116,0,0,0,251,138,113,3,1,2,4,3,1,2,0,2,0,0,0,1,0,1,0,0,0,1,0,1,443,201,242
16,91,Sangareddy,Sangareddy,18,Kondapur,573854,0000,VILLAGE,Kondapur,Rural,954,4251,2177,2074,564,266,298,881,441,440,701,361,340,2119,1291,828,2132,886,1246,2074,1301,773,1875,1215,660,367,256,111,1138,643,495,36,15,21,334,301,33,199,86,113,14,7,7,151,53,98,10,6,4,24,20,4,180,76,104,11,4,7,144,51,93,8,6,2,17,15,2,19,10,9,3,3,0,7,2,5,2,0,2,7,5,2,2177,876,1301
16,91,Sangareddy,Sangareddy,18,Kondapur,573855,0000,VILLAGE,Marepalle,Rural,613,2678,1346,1332,284,142,142,830,396,434,109,57,52,1433,871,562,1245,475,770,1485,777,708,396,227,169,134,106,28,158,47,111,18,15,3,86,59,27,1089,550,539,21,16,5,948,455,493,31,19,12,89,60,29,1075,540,535,21,16,5,944,454,490,24,13,11,86,57,29,14,10,4,0,0,0,4,1,3,7,6,1,3,3,0,1193,569,624
16,91,Sangareddy,Sangareddy,18,Kondapur,573856,0000,VILLAGE,Ananthasagar,Rural,791,3442,1721,1721,381,187,194,898,458,440,147,72,75,1839,1109,730,1603,612,991,1821,1045,776,1328,848,480,296,225,71,750,382,368,34,26,8,248,215,33,493,197,296,34,10,24,399,145,254,3,2,1,57,40,17,379,152,227,19,5,14,310,110,200,1,1,0,49,36,13,114,45,69,15,5,10,89,35,54,2,1,1,8,4,4,1621,676,945
16,91,Sangareddy,Sangareddy,18,Kondapur,573857,0000,VILLAGE,Saidapur,Rural,308,1554,783,771,222,113,109,390,199,191,458,220,238,816,490,326,738,293,445,725,412,313,705,407,298,246,176,70,314,110,204,1,0,1,144,121,23,20,5,15,3,1,2,10,1,9,0,0,0,7,3,4,15,3,12,2,1,1,7,0,7,0,0,0,6,2,4,5,2,3,1,0,1,3,1,2,0,0,0,1,1,0,829,371,458
16,91,Sangareddy,Sangareddy,18,Kondapur,573858,0000,VILLAGE,Machepalle,Rural,252,1144,583,561,212,126,86,0,0,0,1129,577,552,402,250,152,742,333,409,598,286,312,305,188,117,228,149,79,44,17,27,5,0,5,28,22,6,293,98,195,4,4,0,283,92,191,1,0,1,5,2,3,289,98,191,4,4,0,279,92,187,1,0,1,5,2,3,4,0,4,0,0,0,4,0,4,0,0,0,0,0,0,546,297,249
16,91,Sangareddy,Sangareddy,18,Kondapur,573859,0000,VILLAGE,Haridaspur,Rural,261,1231,656,575,156,87,69,205,105,100,683,375,308,566,387,179,665,269,396,683,372,311,650,351,299,401,230,171,161,51,110,1,1,0,87,69,18,33,21,12,12,8,4,12,6,6,0,0,0,9,7,2,26,15,11,9,5,4,9,4,5,0,0,0,8,6,2,7,6,1,3,3,0,3,2,1,0,0,0,1,1,0,548,284,264
16,91,Sangareddy,Sangareddy,18,Kondapur,573860,0000,VILLAGE,Terpole,Rural,747,2913,1450,1463,326,155,171,477,237,240,15,7,8,1517,890,627,1396,560,836,1523,884,639,976,589,387,128,107,21,644,309,335,18,16,2,186,157,29,547,295,252,18,11,7,502,264,238,1,1,0,26,19,7,265,213,52,14,9,5,229,188,41,1,1,0,21,15,6,282,82,200,4,2,2,273,76,197,0,0,0,5,4,1,1390,566,824
16,91,Sangareddy,Sangareddy,18,Kondapur,573861,0000,VILLAGE,Gunthapalle,Rural,299,1364,681,683,121,60,61,306,149,157,0,0,0,787,470,317,577,211,366,763,407,356,746,397,349,114,99,15,517,201,316,4,3,1,111,94,17,17,10,7,0,0,0,5,4,1,0,0,0,12,6,6,16,9,7,0,0,0,4,3,1,0,0,0,12,6,6,1,1,0,0,0,0,1,1,0,0,0,0,0,0,0,601,274,327
16,91,Sangareddy,Sangareddy,18,Kondapur,573862,0000,VILLAGE,Gollapalle,Rural,503,2087,1044,1043,230,118,112,155,69,86,7,4,3,1285,747,538,802,297,505,1157,591,566,855,434,421,576,277,299,187,84,103,8,6,2,84,67,17,302,157,145,46,24,22,166,68,98,17,9,8,73,56,17,238,128,110,24,15,9,136,56,80,16,8,8,62,49,13,64,29,35,22,9,13,30,12,18,1,1,0,11,7,4,930,453,477
16,91,Sangareddy,Sangareddy,18,Kondapur,573863,0000,VILLAGE,Mohammadapur,Rural,229,1082,555,527,130,71,59,371,184,187,0,0,0,555,332,223,527,223,304,621,317,304,552,274,278,25,14,11,498,238,260,1,1,0,28,21,7,69,43,26,1,1,0,49,24,25,1,1,0,18,17,1,66,40,26,1,1,0,48,23,25,1,1,0,16,15,1,3,3,0,0,0,0,1,1,0,0,0,0,2,2,0,461,238,223
16,91,Sangareddy,Sangareddy,18,Kondapur,573864,0000,VILLAGE,Gangaram,Rural,479,2053,1045,1008,241,115,126,588,302,286,331,174,157,1051,653,398,1002,392,610,1079,584,495,974,540,434,231,180,51,657,291,366,4,2,2,82,67,15,105,44,61,12,5,7,81,33,48,1,1,0,11,5,6,101,42,59,12,5,7,80,32,48,1,1,0,8,4,4,4,2,2,0,0,0,1,1,0,0,0,0,3,1,2,974,461,513
16,91,Sangareddy,Sangareddy,18,Kondapur,573865,0000,VILLAGE,Chi_Konapur,Rural,412,1776,889,887,207,108,99,572,289,283,6,3,3,913,543,370,863,346,517,975,527,448,555,305,250,171,89,82,297,141,156,3,3,0,84,72,12,420,222,198,18,11,7,355,175,180,3,2,1,44,34,10,416,219,197,18,11,7,354,174,180,3,2,1,41,32,9,4,3,1,0,0,0,1,1,0,0,0,0,3,2,1,801,362,439
16,91,Sangareddy,Sangareddy,18,Kondapur,573866,0000,VILLAGE,Mansanipalle,Rural,300,1198,611,587,131,66,65,386,194,192,0,0,0,672,410,262,526,201,325,688,371,317,617,332,285,331,200,131,216,76,140,1,1,0,69,55,14,71,39,32,13,7,6,46,23,23,2,1,1,10,8,2,46,21,25,8,2,6,33,14,19,0,0,0,5,5,0,25,18,7,5,5,0,13,9,4,2,1,1,5,3,2,510,240,270
16,91,Sangareddy,Sangareddy,18,Kondapur,573867,0000,VILLAGE,Munidevunipalle,Rural,364,1546,794,752,184,106,78,397,192,205,5,2,3,865,518,347,681,276,405,795,421,374,771,409,362,258,149,109,447,207,240,10,9,1,56,44,12,24,12,12,1,0,1,12,3,9,2,2,0,9,7,2,11,4,7,1,0,1,5,0,5,2,2,0,3,2,1,13,8,5,0,0,0,7,3,4,0,0,0,6,5,1,751,373,378
16,91,Sangareddy,Sangareddy,18,Kondapur,573868,0000,VILLAGE,Gadimalkapuram,Rural,49,212,106,106,29,14,15,87,46,41,0,0,0,99,62,37,113,44,69,113,59,54,111,59,52,13,11,2,83,35,48,1,1,0,14,12,2,2,0,2,0,0,0,2,0,2,0,0,0,0,0,0,1,0,1,0,0,0,1,0,1,0,0,0,0,0,0,1,0,1,0,0,0,1,0,1,0,0,0,0,0,0,99,47,52
16,91,Sangareddy,Sangareddy,19,Sangareddy,573869,0000,VILLAGE,Irigipalle,Rural,241,906,453,453,92,50,42,352,174,178,12,6,6,537,323,214,369,130,239,446,255,191,408,239,169,141,100,41,172,75,97,8,5,3,87,59,28,38,16,22,1,1,0,29,11,18,2,1,1,6,3,3,36,15,21,1,1,0,27,10,17,2,1,1,6,3,3,2,1,1,0,0,0,2,1,1,0,0,0,0,0,0,460,198,262
16,91,Sangareddy,Sangareddy,19,Sangareddy,573870,0000,VILLAGE,Chintalpalle_part,Rural,84,384,188,196,45,15,30,125,53,72,0,0,0,219,133,86,165,55,110,192,113,79,185,108,77,41,32,9,69,23,46,2,2,0,73,51,22,7,5,2,1,1,0,1,0,1,0,0,0,5,4,1,6,5,1,1,1,0,1,0,1,0,0,0,4,4,0,1,0,1,0,0,0,0,0,0,0,0,0,1,0,1,192,75,117
16,91,Sangareddy,Sangareddy,19,Sangareddy,573871,0000,VILLAGE,Kalabgoor,Rural,903,4187,2120,2067,528,263,265,793,400,393,20,8,12,2575,1544,1031,1612,576,1036,1723,1124,599,1444,996,448,146,115,31,434,176,258,9,3,6,855,702,153,279,128,151,6,0,6,158,50,108,10,4,6,105,74,31,257,117,140,6,0,6,142,44,98,9,4,5,100,69,31,22,11,11,0,0,0,16,6,10,1,0,1,5,5,0,2464,996,1468
16,91,Sangareddy,Sangareddy,19,Sangareddy,573872,0000,VILLAGE,Tadlapalle,Rural,452,2214,1131,1083,270,139,131,530,260,270,12,6,6,1200,703,497,1014,428,586,960,623,337,717,515,202,136,89,47,220,113,107,3,1,2,358,312,46,243,108,135,6,3,3,202,79,123,2,1,1,33,25,8,145,84,61,5,3,2,114,60,54,2,1,1,24,20,4,98,24,74,1,0,1,88,19,69,0,0,0,9,5,4,1254,508,746
16,91,Sangareddy,Sangareddy,19,Sangareddy,573873,0000,VILLAGE,Kulabgoor,Rural,292,1289,642,647,148,68,80,385,184,201,3,2,1,766,445,321,523,197,326,565,362,203,529,339,190,114,72,42,275,155,120,3,3,0,137,109,28,36,23,13,2,2,0,21,11,10,0,0,0,13,10,3,32,21,11,2,2,0,17,9,8,0,0,0,13,10,3,4,2,2,0,0,0,4,2,2,0,0,0,0,0,0,724,280,444
16,91,Sangareddy,Sangareddy,19,Sangareddy,573874,0000,VILLAGE,Fasalwadi,Rural,789,3554,1801,1753,453,241,212,649,308,341,538,278,260,1889,1123,766,1665,678,987,1701,1006,695,954,637,317,334,241,93,213,74,139,58,40,18,349,282,67,747,369,378,8,5,3,537,221,316,12,7,5,190,136,54,725,358,367,8,5,3,527,215,312,12,7,5,178,131,47,22,11,11,0,0,0,10,6,4,0,0,0,12,5,7,1853,795,1058
16,91,Sangareddy,Sangareddy,19,Sangareddy,573875,0000,VILLAGE,Ismailkhanpet,Rural,1625,7060,3591,3469,952,499,453,1157,578,579,611,324,287,3561,2078,1483,3499,1513,1986,3253,2004,1249,2156,1453,703,412,272,140,535,260,275,37,25,12,1172,896,276,1097,551,546,23,17,6,522,227,295,28,15,13,524,292,232,1063,536,527,23,17,6,511,224,287,26,14,12,503,281,222,34,15,19,0,0,0,11,3,8,2,1,1,21,11,10,3807,1587,2220
16,91,Sangareddy,Sangareddy,23,Kandi,573876,0000,VILLAGE,Arutla,Rural,264,1197,608,589,142,81,61,221,109,112,0,0,0,549,314,235,648,294,354,645,361,284,632,356,276,104,86,18,312,103,209,15,11,4,201,156,45,13,5,8,1,1,0,6,1,5,0,0,0,6,3,3,13,5,8,1,1,0,6,1,5,0,0,0,6,3,3,0,0,0,0,0,0,0,0,0,0,0,0,0,0,0,552,247,305
16,91,Sangareddy,Sangareddy,23,Kandi,573877,0000,VILLAGE,Chidruppa,Rural,533,2389,1185,1204,306,142,164,248,119,129,283,149,134,1124,666,458,1265,519,746,1162,716,446,1023,641,382,181,160,21,506,187,319,1,1,0,335,293,42,139,75,64,2,1,1,111,58,53,2,1,1,24,15,9,132,72,60,2,1,1,107,57,50,2,1,1,21,13,8,7,3,4,0,0,0,4,1,3,0,0,0,3,2,1,1227,469,758
16,91,Sangareddy,Sangareddy,23,Kandi,573878,0000,VILLAGE,Byathole,Rural,258,1163,578,585,212,113,99,279,141,138,326,163,163,468,278,190,695,300,395,616,321,295,325,244,81,117,104,13,165,119,46,7,5,2,36,16,20,291,77,214,32,22,10,182,25,157,10,4,6,67,26,41,276,68,208,28,18,10,176,22,154,10,4,6,62,24,38,15,9,6,4,4,0,6,3,3,0,0,0,5,2,3,547,257,290
16,91,Sangareddy,Sangareddy,23,Kandi,573879,0000,VILLAGE,Edthanur,Rural,544,2346,1194,1152,370,205,165,424,201,223,693,361,332,1037,614,423,1309,580,729,1130,659,471,1067,623,444,181,174,7,404,115,289,10,10,0,472,324,148,63,36,27,2,1,1,6,3,3,0,0,0,55,32,23,54,28,26,2,1,1,6,3,3,0,0,0,46,24,22,9,8,1,0,0,0,0,0,0,0,0,0,9,8,1,1216,535,681
16,91,Sangareddy,Sangareddy,23,Kandi,573880,0000,VILLAGE,Mamidipalle,Rural,697,3221,1627,1594,453,236,217,478,236,242,1613,840,773,1597,1003,594,1624,624,1000,1541,837,704,1170,738,432,287,166,121,360,154,206,39,28,11,484,390,94,371,99,272,4,4,0,340,82,258,9,0,9,18,13,5,337,93,244,4,4,0,310,78,232,7,0,7,16,11,5,34,6,28,0,0,0,30,4,26,2,0,2,2,2,0,1680,790,890
16,91,Sangareddy,Sangareddy,19,Sangareddy,573881,0000,VILLAGE,Mohd_Shapur,Rural,27,131,66,65,35,16,19,0,0,0,131,66,65,54,36,18,77,30,47,58,28,30,58,28,30,49,20,29,0,0,0,0,0,0,9,8,1,0,0,0,0,0,0,0,0,0,0,0,0,0,0,0,0,0,0,0,0,0,0,0,0,0,0,0,0,0,0,0,0,0,0,0,0,0,0,0,0,0,0,0,0,0,73,38,35
16,91,Sangareddy,Sangareddy,19,Sangareddy,573882,0000,VILLAGE,Nagapur,Rural,253,1030,533,497,119,76,43,526,273,253,10,6,4,482,290,192,548,243,305,588,319,269,208,151,57,89,59,30,32,20,12,6,5,1,81,67,14,380,168,212,11,10,1,189,68,121,52,24,28,128,66,62,277,128,149,10,9,1,145,56,89,33,18,15,89,45,44,103,40,63,1,1,0,44,12,32,19,6,13,39,21,18,442,214,228
16,91,Sangareddy,Sangareddy,23,Kandi,573883,0000,VILLAGE,Kandi,Rural,1562,7492,3882,3610,887,434,453,1486,744,742,462,239,223,4424,2684,1740,3068,1198,1870,2964,1994,970,1970,1500,470,333,295,38,569,323,246,56,50,6,1012,832,180,994,494,500,75,9,66,465,178,287,56,33,23,398,274,124,832,393,439,73,8,65,380,139,241,38,23,15,341,223,118,162,101,61,2,1,1,85,39,46,18,10,8,57,51,6,4528,1888,2640
16,91,Sangareddy,Sangareddy,23,Kandi,573884,0000,VILLAGE,Koulampet,Rural,333,1498,785,713,221,127,94,224,122,102,15,5,10,883,532,351,615,253,362,514,399,115,355,281,74,43,31,12,51,21,30,90,83,7,171,146,25,159,118,41,0,0,0,7,3,4,6,2,4,146,113,33,154,116,38,0,0,0,7,3,4,5,2,3,142,111,31,5,2,3,0,0,0,0,0,0,1,0,1,4,2,2,984,386,598
16,91,Sangareddy,Sangareddy,23,Kandi,573885,0000,VILLAGE,Kasipur,Rural,387,1769,871,898,235,108,127,273,128,145,0,0,0,975,556,419,794,315,479,737,478,259,694,457,237,104,80,24,318,149,169,28,20,8,244,208,36,43,21,22,0,0,0,11,4,7,8,1,7,24,16,8,40,20,20,0,0,0,10,4,6,8,1,7,22,15,7,3,1,2,0,0,0,1,0,1,0,0,0,2,1,1,1032,393,639
16,91,Sangareddy,Sangareddy,19,Sangareddy,573886,0000,VILLAGE,Kothlapur,Rural,440,1887,954,933,254,137,117,728,366,362,27,15,12,1019,600,419,868,354,514,865,525,340,441,304,137,108,105,3,173,59,114,15,8,7,145,132,13,424,221,203,4,2,2,317,132,185,1,1,0,102,86,16,421,220,201,4,2,2,315,131,184,1,1,0,101,86,15,3,1,2,0,0,0,2,1,1,0,0,0,1,0,1,1022,429,593
16,91,Sangareddy,Sangareddy,23,Kandi,573887,0000,VILLAGE,Utharpalle,Rural,310,1445,716,729,164,75,89,180,93,87,0,0,0,830,479,351,615,237,378,695,425,270,621,383,238,171,140,31,335,164,171,55,36,19,60,43,17,74,42,32,2,0,2,20,12,8,9,5,4,43,25,18,69,38,31,2,0,2,20,12,8,6,3,3,41,23,18,5,4,1,0,0,0,0,0,0,3,2,1,2,2,0,750,291,459
16,91,Sangareddy,Sangareddy,23,Kandi,573888,0000,VILLAGE,Makthaalloor,Rural,315,1353,672,681,170,83,87,353,185,168,0,0,0,688,428,260,665,244,421,687,392,295,204,186,18,79,74,5,17,14,3,5,5,0,103,93,10,483,206,277,11,5,6,436,175,261,5,0,5,31,26,5,478,205,273,11,5,6,432,175,257,5,0,5,30,25,5,5,1,4,0,0,0,4,0,4,0,0,0,1,1,0,666,280,386
16,91,Sangareddy,Sangareddy,23,Kandi,573889,0000,VILLAGE,Kalvemula,Rural,723,3122,1595,1527,383,192,191,564,290,274,1,1,0,1577,940,637,1545,655,890,1735,953,782,1385,789,596,671,386,285,556,271,285,14,9,5,144,123,21,350,164,186,16,8,8,318,147,171,10,6,4,6,3,3,348,162,186,16,8,8,317,146,171,10,6,4,5,2,3,2,2,0,0,0,0,1,1,0,0,0,0,1,1,0,1387,642,745
16,91,Sangareddy,Sangareddy,23,Kandi,573890,0000,VILLAGE,Topgonda,Rural,221,962,492,470,111,57,54,132,64,68,0,0,0,560,343,217,402,149,253,462,291,171,334,238,96,82,67,15,135,64,71,11,9,2,106,98,8,128,53,75,12,4,8,77,21,56,2,0,2,37,28,9,98,42,56,8,3,5,57,16,41,2,0,2,31,23,8,30,11,19,4,1,3,20,5,15,0,0,0,6,5,1,500,201,299
16,91,Sangareddy,Sangareddy,23,Kandi,573891,0000,VILLAGE,Julkal,Rural,516,2152,1089,1063,319,164,155,306,153,153,0,0,0,998,588,410,1154,501,653,1097,631,466,690,437,253,309,177,132,185,96,89,22,14,8,174,150,24,407,194,213,3,1,2,383,176,207,3,2,1,18,15,3,397,189,208,3,1,2,377,174,203,3,2,1,14,12,2,10,5,5,0,0,0,6,2,4,0,0,0,4,3,1,1055,458,597
16,91,Sangareddy,Sangareddy,23,Kandi,573892,0000,VILLAGE,Indrakaran,Rural,762,3337,1715,1622,365,196,169,783,393,390,1,0,1,1862,1135,727,1475,580,895,1547,1007,540,1406,929,477,290,183,107,417,128,289,11,6,5,688,612,76,141,78,63,4,3,1,110,55,55,0,0,0,27,20,7,130,70,60,4,3,1,101,49,52,0,0,0,25,18,7,11,8,3,0,0,0,9,6,3,0,0,0,2,2,0,1790,708,1082
16,91,Sangareddy,Sangareddy,23,Kandi,573893,0000,VILLAGE,Cheriyal,Rural,655,2873,1448,1425,385,185,200,813,411,402,157,87,70,1586,960,626,1287,488,799,1568,903,665,1194,747,447,372,221,151,260,116,144,78,49,29,484,361,123,374,156,218,27,15,12,205,64,141,49,20,29,93,57,36,355,146,209,27,15,12,199,62,137,48,19,29,81,50,31,19,10,9,0,0,0,6,2,4,1,1,0,12,7,5,1305,545,760
16,91,Sangareddy,Sangareddy,21,Gummadidala,573896,0000,VILLAGE,Lakshmapur,Rural,35,159,79,80,33,18,15,0,0,0,47,22,25,72,43,29,87,36,51,108,52,56,99,48,51,38,23,15,50,19,31,3,2,1,8,4,4,9,4,5,0,0,0,8,4,4,1,0,1,0,0,0,9,4,5,0,0,0,8,4,4,1,0,1,0,0,0,0,0,0,0,0,0,0,0,0,0,0,0,0,0,0,51,27,24
16,91,Sangareddy,Sangareddy,21,Gummadidala,573897,0000,VILLAGE,Kothapalle,Rural,368,1559,787,772,199,109,90,389,200,189,84,44,40,883,509,374,676,278,398,849,483,366,807,459,348,279,225,54,391,137,254,14,4,10,123,93,30,42,24,18,3,3,0,24,12,12,4,1,3,11,8,3,24,15,9,3,3,0,12,5,7,2,1,1,7,6,1,18,9,9,0,0,0,12,7,5,2,0,2,4,2,2,710,304,406
16,91,Sangareddy,Sangareddy,21,Gummadidala,573898,0000,VILLAGE,Pyaranagar,Rural,40,171,78,93,23,9,14,0,0,0,52,21,31,55,30,25,116,48,68,96,45,51,91,44,47,51,25,26,13,5,8,0,0,0,27,14,13,5,1,4,2,1,1,3,0,3,0,0,0,0,0,0,1,0,1,0,0,0,1,0,1,0,0,0,0,0,0,4,1,3,2,1,1,2,0,2,0,0,0,0,0,0,75,33,42
16,91,Sangareddy,Sangareddy,21,Gummadidala,573899,0000,VILLAGE,Nallapalle,Rural,427,1876,954,922,231,133,98,448,228,220,4,3,1,970,569,401,906,385,521,1126,577,549,1064,559,505,821,446,375,161,44,117,4,3,1,78,66,12,62,18,44,19,4,15,32,10,22,3,0,3,8,4,4,41,9,32,14,2,12,20,5,15,3,0,3,4,2,2,21,9,12,5,2,3,12,5,7,0,0,0,4,2,2,750,377,373
16,91,Sangareddy,Sangareddy,21,Gummadidala,573900,0000,VILLAGE,Mambapur,Rural,203,809,398,411,93,50,43,280,131,149,15,8,7,410,237,173,399,161,238,409,247,162,294,213,81,43,35,8,98,56,42,6,4,2,147,118,29,115,34,81,2,0,2,94,24,70,0,0,0,19,10,9,105,29,76,2,0,2,85,19,66,0,0,0,18,10,8,10,5,5,0,0,0,9,5,4,0,0,0,1,0,1,400,151,249
16,91,Sangareddy,Sangareddy,21,Gummadidala,573901,0000,VILLAGE,Antharam,Rural,207,861,450,411,92,53,39,130,73,57,0,0,0,509,293,216,352,157,195,545,311,234,468,284,184,255,139,116,68,28,40,3,3,0,142,114,28,77,27,50,59,22,37,16,5,11,0,0,0,2,0,2,26,4,22,16,4,12,8,0,8,0,0,0,2,0,2,51,23,28,43,18,25,8,5,3,0,0,0,0,0,0,316,139,177
16,91,Sangareddy,Sangareddy,21,Gummadidala,573902,0000,VILLAGE,Kankunta,Rural,1227,5091,2517,2574,624,316,308,812,396,416,15,7,8,2547,1466,1081,2544,1051,1493,2644,1471,1173,2295,1374,921,720,465,255,949,449,500,55,32,23,571,428,143,349,97,252,97,16,81,187,44,143,6,2,4,59,35,24,331,91,240,90,12,78,181,44,137,6,2,4,54,33,21,18,6,12,7,4,3,6,0,6,0,0,0,5,2,3,2447,1046,1401
16,91,Sangareddy,Sangareddy,21,Gummadidala,573903,0000,VILLAGE,Dacharam,Rural,164,872,459,413,128,74,54,455,240,215,0,0,0,482,298,184,390,161,229,311,239,72,190,160,30,126,105,21,4,3,1,1,1,0,59,51,8,121,79,42,1,1,0,99,61,38,11,8,3,10,9,1,91,66,25,1,1,0,79,54,25,5,5,0,6,6,0,30,13,17,0,0,0,20,7,13,6,3,3,4,3,1,561,220,341
16,91,Sangareddy,Sangareddy,21,Gummadidala,573904,0000,VILLAGE,Gummadidala,Rural,2017,8032,4065,3967,967,512,455,752,382,370,224,111,113,4860,2738,2122,3172,1327,1845,3771,2432,1339,3610,2388,1222,539,374,165,1003,413,590,68,40,28,2000,1561,439,161,44,117,4,1,3,96,8,88,4,1,3,57,34,23,135,40,95,3,1,2,79,5,74,1,1,0,52,33,19,26,4,22,1,0,1,17,3,14,3,0,3,5,1,4,4261,1633,2628
16,91,Sangareddy,Sangareddy,21,Gummadidala,573905,0000,VILLAGE,Domadugu,Rural,1062,4183,2164,2019,526,272,254,560,288,272,44,21,23,2730,1590,1140,1453,574,879,1600,1243,357,1444,1182,262,242,152,90,51,27,24,44,36,8,1107,967,140,156,61,95,17,5,12,69,19,50,4,1,3,66,36,30,136,53,83,15,5,10,69,19,50,2,1,1,50,28,22,20,8,12,2,0,2,0,0,0,2,0,2,16,8,8,2583,921,1662
16,91,Sangareddy,Sangareddy,22,Jinnaram,573906,0000,VILLAGE,Vailal,Rural,538,2167,1100,1067,225,117,108,504,238,266,0,0,0,1269,764,505,898,336,562,1020,619,401,710,477,233,167,125,42,193,69,124,23,15,8,327,268,59,310,142,168,9,4,5,220,82,138,15,8,7,66,48,18,279,127,152,7,3,4,203,75,128,11,6,5,58,43,15,31,15,16,2,1,1,17,7,10,4,2,2,8,5,3,1147,481,666
16,91,Sangareddy,Sangareddy,22,Jinnaram,573907,0000,VILLAGE,Jinnaram,Rural,849,4336,2497,1839,501,262,239,838,463,375,545,533,12,2658,1825,833,1678,672,1006,1797,1109,688,1344,1029,315,279,222,57,361,233,128,83,49,34,621,525,96,453,80,373,48,8,40,339,40,299,10,4,6,56,28,28,436,71,365,48,8,40,338,40,298,9,4,5,41,19,22,17,9,8,0,0,0,1,0,1,1,0,1,15,9,6,2539,1388,1151
16,91,Sangareddy,Sangareddy,22,Jinnaram,573909,0000,VILLAGE,Mangampet,Rural,159,727,383,344,77,43,34,30,18,12,0,0,0,397,254,143,330,129,201,377,260,117,311,224,87,97,87,10,155,82,73,5,3,2,54,52,2,66,36,30,3,0,3,56,29,27,0,0,0,7,7,0,66,36,30,3,0,3,56,29,27,0,0,0,7,7,0,0,0,0,0,0,0,0,0,0,0,0,0,0,0,0,350,123,227
16,91,Sangareddy,Sangareddy,22,Jinnaram,573910,0000,VILLAGE,Gotla,Rural,374,1632,833,799,191,101,90,203,98,105,17,7,10,834,506,328,798,327,471,816,484,332,689,436,253,156,112,44,293,113,180,4,2,2,236,209,27,127,48,79,8,5,3,81,15,66,1,0,1,37,28,9,120,45,75,7,4,3,78,13,65,1,0,1,34,28,6,7,3,4,1,1,0,3,2,1,0,0,0,3,0,3,816,349,467
16,91,Sangareddy,Sangareddy,22,Jinnaram,573911,0000,VILLAGE,Solakpalle,Rural,609,2422,1237,1185,336,185,151,407,220,187,139,69,70,1079,645,434,1343,592,751,1238,702,536,1007,579,428,347,295,52,517,166,351,6,5,1,137,113,24,231,123,108,5,5,0,168,84,84,5,3,2,53,31,22,154,80,74,5,5,0,116,59,57,0,0,0,33,16,17,77,43,34,0,0,0,52,25,27,5,3,2,20,15,5,1184,535,649
16,91,Sangareddy,Sangareddy,22,Jinnaram,573912,0000,VILLAGE,Amdoor,Rural,293,1211,616,595,124,52,72,164,78,86,4,2,2,578,358,220,633,258,375,662,402,260,549,357,192,361,222,139,59,23,36,4,2,2,125,110,15,113,45,68,1,0,1,100,36,64,0,0,0,12,9,3,113,45,68,1,0,1,100,36,64,0,0,0,12,9,3,0,0,0,0,0,0,0,0,0,0,0,0,0,0,0,549,214,335
16,91,Sangareddy,Sangareddy,22,Jinnaram,573913,0000,VILLAGE,Sivanagar,Rural,342,1653,836,817,200,104,96,115,57,58,0,0,0,934,521,413,719,315,404,652,463,189,552,423,129,45,43,2,161,65,96,6,5,1,340,310,30,100,40,60,4,2,2,36,9,27,1,0,1,59,29,30,79,32,47,4,2,2,22,5,17,1,0,1,52,25,27,21,8,13,0,0,0,14,4,10,0,0,0,7,4,3,1001,373,628
16,91,Sangareddy,Sangareddy,22,Jinnaram,573914,0000,VILLAGE,Kodakanchi,Rural,232,1049,524,525,118,70,48,79,38,41,14,8,6,534,306,228,515,218,297,529,302,227,516,300,216,100,67,33,193,43,150,27,24,3,196,166,30,13,2,11,1,0,1,10,0,10,0,0,0,2,2,0,13,2,11,1,0,1,10,0,10,0,0,0,2,2,0,0,0,0,0,0,0,0,0,0,0,0,0,0,0,0,520,222,298
16,91,Sangareddy,Sangareddy,22,Jinnaram,573915,0000,VILLAGE,Puttaguda,Rural,264,1078,529,549,161,71,90,80,36,44,5,2,3,429,254,175,649,275,374,631,342,289,404,230,174,111,71,40,233,117,116,0,0,0,60,42,18,227,112,115,1,0,1,0,0,0,0,0,0,226,112,114,227,112,115,1,0,1,0,0,0,0,0,0,226,112,114,0,0,0,0,0,0,0,0,0,0,0,0,0,0,0,447,187,260
16,91,Sangareddy,Sangareddy,22,Jinnaram,573916,0000,VILLAGE,Nalthur,Rural,298,1286,656,630,142,76,66,204,111,93,0,0,0,638,373,265,648,283,365,710,400,310,518,334,184,126,99,27,237,121,116,8,6,2,147,108,39,192,66,126,3,3,0,170,46,124,1,1,0,18,16,2,176,64,112,3,3,0,154,44,110,1,1,0,18,16,2,16,2,14,0,0,0,16,2,14,0,0,0,0,0,0,576,256,320
16,91,Sangareddy,Sangareddy,22,Jinnaram,573917,0000,VILLAGE,Madharam,Rural,583,2489,1251,1238,280,153,127,583,297,286,58,32,26,1251,736,515,1238,515,723,1220,743,477,1003,692,311,339,237,102,331,157,174,21,17,4,312,281,31,217,51,166,10,7,3,158,20,138,2,0,2,47,24,23,201,42,159,8,6,2,149,15,134,2,0,2,42,21,21,16,9,7,2,1,1,9,5,4,0,0,0,5,3,2,1269,508,761
16,91,Sangareddy,Sangareddy,22,Jinnaram,573918,0000,VILLAGE,Khazipalle,Rural,393,1813,887,926,263,112,151,252,122,130,33,16,17,823,463,360,990,424,566,649,502,147,617,479,138,47,40,7,203,155,48,9,8,1,358,276,82,32,23,9,2,1,1,0,0,0,5,4,1,25,18,7,30,21,9,2,1,1,0,0,0,5,4,1,23,16,7,2,2,0,0,0,0,0,0,0,0,0,0,2,2,0,1164,385,779
16,91,Sangareddy,Sangareddy,22,Jinnaram,573919,0000,VILLAGE,Kistaipalle,Rural,275,1246,618,628,230,122,108,227,111,116,2,1,1,466,274,192,780,344,436,559,342,217,355,271,84,31,27,4,28,18,10,6,4,2,290,222,68,204,71,133,2,0,2,24,2,22,18,0,18,160,69,91,189,69,120,2,0,2,18,2,16,15,0,15,154,67,87,15,2,13,0,0,0,6,0,6,3,0,3,6,2,4,687,276,411
16,91,Sangareddy,Sangareddy,22,Jinnaram,573920,0000,VILLAGE,Chetlapotharam,Rural,417,1645,867,778,206,110,96,174,95,79,20,12,8,824,510,314,821,357,464,898,590,308,825,549,276,59,38,21,27,12,15,12,4,8,727,495,232,73,41,32,1,0,1,20,9,11,0,0,0,52,32,20,60,32,28,1,0,1,16,7,9,0,0,0,43,25,18,13,9,4,0,0,0,4,2,2,0,0,0,9,7,2,747,277,470
16,91,Sangareddy,Sangareddy,22,Jinnaram,573921,0000,VILLAGE,Gaddipotharam,Rural,203,797,400,397,97,48,49,87,43,44,4,2,2,412,243,169,385,157,228,400,258,142,397,255,142,33,26,7,8,4,4,6,6,0,350,219,131,3,3,0,2,2,0,0,0,0,0,0,0,1,1,0,3,3,0,2,2,0,0,0,0,0,0,0,1,1,0,0,0,0,0,0,0,0,0,0,0,0,0,0,0,0,397,142,255
16,91,Sangareddy,Sangareddy,24,Patancheruvu,573925,0000,VILLAGE,Rudraram,Rural,1494,6143,3130,3013,774,383,391,1005,492,513,99,51,48,3653,2136,1517,2490,994,1496,2512,1786,726,2214,1634,580,147,107,40,257,108,149,198,142,56,1612,1277,335,298,152,146,8,1,7,52,15,37,33,16,17,205,120,85,258,134,124,8,1,7,47,14,33,29,13,16,174,106,68,40,18,22,0,0,0,5,1,4,4,3,1,31,14,17,3631,1344,2287
16,91,Sangareddy,Sangareddy,24,Patancheruvu,573926,0000,VILLAGE,Lakdaram,Rural,851,3733,1881,1852,403,218,185,463,230,233,10,10,0,2174,1238,936,1559,643,916,1709,1078,631,1081,740,341,123,110,13,475,235,240,13,3,10,470,392,78,628,338,290,87,64,23,266,148,118,8,8,0,267,118,149,315,203,112,83,61,22,126,71,55,7,7,0,99,64,35,313,135,178,4,3,1,140,77,63,1,1,0,168,54,114,2024,803,1221
16,91,Sangareddy,Sangareddy,24,Patancheruvu,573927,0000,VILLAGE,Chinnakanjerla,Rural,387,1678,824,854,221,111,110,279,144,135,14,7,7,762,429,333,916,395,521,755,461,294,545,377,168,87,65,22,241,140,101,18,10,8,199,162,37,210,84,126,3,1,2,142,46,96,3,1,2,62,36,26,130,62,68,2,1,1,101,41,60,2,1,1,25,19,6,80,22,58,1,0,1,41,5,36,1,0,1,37,17,20,923,363,560
16,91,Sangareddy,Sangareddy,24,Patancheruvu,573928,0000,VILLAGE,Peddakanjerla,Rural,450,1982,1004,978,252,122,130,415,203,212,2,2,0,1044,638,406,938,366,572,925,550,375,829,524,305,96,84,12,435,187,248,9,5,4,289,248,41,96,26,70,1,1,0,70,12,58,5,1,4,20,12,8,69,21,48,1,1,0,48,9,39,2,0,2,18,11,7,27,5,22,0,0,0,22,3,19,3,1,2,2,1,1,1057,454,603
16,91,Sangareddy,Sangareddy,25,Ameenapur,573929,0000,VILLAGE,Wadakpalle,Rural,249,1307,670,637,160,85,75,164,78,86,0,0,0,647,392,255,660,278,382,749,382,367,729,375,354,130,56,74,511,252,259,9,5,4,79,62,17,20,7,13,4,0,4,11,5,6,3,1,2,2,1,1,20,7,13,4,0,4,11,5,6,3,1,2,2,1,1,0,0,0,0,0,0,0,0,0,0,0,0,0,0,0,558,288,270
16,91,Sangareddy,Sangareddy,25,Ameenapur,573930,0000,VILLAGE,Sultanpur,Rural,802,3639,1812,1827,507,241,266,659,313,346,50,26,24,1708,993,715,1931,819,1112,1549,1048,501,1324,968,356,91,71,20,125,34,91,3,2,1,1105,861,244,225,80,145,1,1,0,121,15,106,1,1,0,102,63,39,210,76,134,1,1,0,112,14,98,1,1,0,96,60,36,15,4,11,0,0,0,9,1,8,0,0,0,6,3,3,2090,764,1326
16,91,Sangareddy,Sangareddy,25,Ameenapur,573931,0000,VILLAGE,Krishtareddipet,Rural,356,1623,813,810,215,105,110,433,222,211,43,17,26,954,554,400,669,259,410,619,456,163,508,399,109,23,17,6,9,5,4,10,8,2,466,369,97,111,57,54,3,1,2,7,3,4,4,3,1,97,50,47,93,46,47,2,0,2,6,3,3,3,2,1,82,41,41,18,11,7,1,1,0,1,0,1,1,1,0,15,9,6,1004,357,647
16,91,Sangareddy,Sangareddy,24,Patancheruvu,573932,0000,VILLAGE,Rameshwar Banda,Rural,508,2309,1156,1153,292,140,152,469,230,239,37,18,19,1081,661,420,1228,495,733,1073,634,439,950,614,336,58,46,12,50,37,13,122,30,92,720,501,219,123,20,103,9,3,6,77,5,72,7,2,5,30,10,20,114,17,97,8,2,6,74,4,70,6,2,4,26,9,17,9,3,6,1,1,0,3,1,2,1,0,1,4,1,3,1236,522,714
16,91,Sangareddy,Sangareddy,24,Patancheruvu,573933,0000,VILLAGE,Indresham,Rural,522,2198,1113,1085,342,169,173,667,328,339,45,23,22,1159,655,504,1039,458,581,950,641,309,877,593,284,99,77,22,369,180,189,21,15,6,388,321,67,73,48,25,4,4,0,35,13,22,4,4,0,30,27,3,69,45,24,4,4,0,34,13,21,2,2,0,29,26,3,4,3,1,0,0,0,1,0,1,2,2,0,1,1,0,1248,472,776
16,91,Sangareddy,Sangareddy,24,Patancheruvu,573934,0000,VILLAGE,Inole,Rural,281,1190,578,612,160,78,82,633,303,330,11,5,6,793,407,386,397,171,226,825,404,421,682,339,343,239,116,123,324,163,161,35,17,18,84,43,41,143,65,78,14,8,6,89,38,51,15,5,10,25,14,11,101,45,56,13,7,6,61,24,37,4,1,3,23,13,10,42,20,22,1,1,0,28,14,14,11,4,7,2,1,1,365,174,191
16,91,Sangareddy,Sangareddy,24,Patancheruvu,573935,0000,VILLAGE,Bachuguda,Rural,179,816,412,404,87,39,48,157,75,82,0,0,0,454,262,192,362,150,212,454,264,190,402,248,154,154,105,49,157,69,88,17,11,6,74,63,11,52,16,36,12,4,8,24,6,18,4,2,2,12,4,8,50,15,35,12,4,8,22,5,17,4,2,2,12,4,8,2,1,1,0,0,0,2,1,1,0,0,0,0,0,0,362,148,214
16,91,Sangareddy,Sangareddy,24,Patancheruvu,573936,0000,VILLAGE,Pashamylaram,Rural,573,2338,1258,1080,271,136,135,489,247,242,103,69,34,1325,836,489,1013,422,591,1249,824,425,575,421,154,36,30,6,31,18,13,31,21,10,477,352,125,674,403,271,42,21,21,156,51,105,23,13,10,453,318,135,600,350,250,39,19,20,146,49,97,16,10,6,399,272,127,74,53,21,3,2,1,10,2,8,7,3,4,54,46,8,1089,434,655
16,91,Sangareddy,Sangareddy,24,Patancheruvu,573937,0000,VILLAGE,Kyasaram,Rural,669,2752,1420,1332,342,179,163,699,361,338,10,7,3,1518,923,595,1234,497,737,1251,842,409,1051,765,286,232,168,64,257,91,166,20,15,5,542,491,51,200,77,123,15,3,12,134,37,97,3,1,2,48,36,12,193,73,120,14,2,12,132,36,96,2,1,1,45,34,11,7,4,3,1,1,0,2,1,1,1,0,1,3,2,1,1501,578,923
16,91,Sangareddy,Sangareddy,24,Patancheruvu,573938,0000,VILLAGE,Nandigaon,Rural,744,3257,1613,1644,396,186,210,709,342,367,2,1,1,1703,976,727,1554,637,917,1562,927,635,1045,654,391,203,146,57,491,215,276,52,35,17,299,258,41,517,273,244,17,8,9,362,183,179,92,54,38,46,28,18,432,241,191,13,7,6,329,168,161,53,43,10,37,23,14,85,32,53,4,1,3,33,15,18,39,11,28,9,5,4,1695,686,1009
16,91,Sangareddy,Sangareddy,24,Patancheruvu,573939,0000,VILLAGE,Patighanpur,Rural,970,4328,2188,2140,564,291,273,655,336,319,32,14,18,2432,1452,980,1896,736,1160,1935,1250,685,1223,938,285,311,252,59,332,172,160,48,43,5,532,471,61,712,312,400,44,17,27,320,100,220,28,14,14,320,181,139,607,263,344,43,16,27,294,94,200,18,10,8,252,143,109,105,49,56,1,1,0,26,6,20,10,4,6,68,38,30,2393,938,1455
16,91,Sangareddy,Sangareddy,24,Patancheruvu,573940,0000,VILLAGE,Kardanur,Rural,280,1121,560,561,156,76,80,280,135,145,7,5,2,677,395,282,444,165,279,471,313,158,458,308,150,67,42,25,121,79,42,0,0,0,270,187,83,13,5,8,5,3,2,0,0,0,0,0,0,8,2,6,12,5,7,5,3,2,0,0,0,0,0,0,7,2,5,1,0,1,0,0,0,0,0,0,0,0,0,1,0,1,650,247,403
16,91,Sangareddy,Sangareddy,24,Patancheruvu,573941,0000,VILLAGE,Pocharam,Rural,389,1800,887,913,243,130,113,402,194,208,27,14,13,936,515,421,864,372,492,827,517,310,226,194,32,100,86,14,9,6,3,1,0,1,116,102,14,601,323,278,12,8,4,245,58,187,5,2,3,339,255,84,440,250,190,11,7,4,163,49,114,4,2,2,262,192,70,161,73,88,1,1,0,82,9,73,1,0,1,77,63,14,973,370,603
16,91,Sangareddy,Sangareddy,25,Ameenapur,573943,0000,VILLAGE,Patelguda,Rural,230,1074,549,525,122,56,66,155,75,80,0,0,0,607,359,248,467,190,277,411,279,132,276,214,62,23,13,10,22,11,11,2,2,0,229,188,41,135,65,70,79,42,37,47,17,30,0,0,0,9,6,3,87,59,28,57,40,17,21,13,8,0,0,0,9,6,3,48,6,42,22,2,20,26,4,22,0,0,0,0,0,0,663,270,393
16,91,Sangareddy,Sangareddy,25,Ameenapur,573944,0000,VILLAGE,Ilapur,Rural,322,1344,757,587,193,109,84,172,95,77,387,203,184,489,328,161,855,429,426,771,480,291,763,477,286,95,55,40,299,129,170,12,7,5,357,286,71,8,3,5,4,2,2,0,0,0,1,0,1,3,1,2,8,3,5,4,2,2,0,0,0,1,0,1,3,1,2,0,0,0,0,0,0,0,0,0,0,0,0,0,0,0,573,277,296
16,91,Sangareddy,Sangareddy,26,Ramachandrapuram,573950,0000,VILLAGE,Velmula,Rural,802,3456,1831,1625,429,220,209,589,310,279,305,149,156,1804,1115,689,1652,716,936,1523,1040,483,1219,943,276,303,191,112,322,214,108,25,23,2,569,515,54,304,97,207,11,3,8,236,64,172,10,3,7,47,27,20,251,73,178,11,3,8,188,43,145,8,2,6,44,25,19,53,24,29,0,0,0,48,21,27,2,1,1,3,2,1,1933,791,1142
16,91,Sangareddy,Sangareddy,26,Ramachandrapuram,573951,0000,VILLAGE,Kachireddipalle,Rural,37,131,62,69,10,6,4,0,0,0,0,0,0,120,56,64,11,6,5,55,41,14,54,40,14,1,1,0,3,3,0,0,0,0,50,36,14,1,1,0,0,0,0,0,0,0,0,0,0,1,1,0,1,1,0,0,0,0,0,0,0,0,0,0,1,1,0,0,0,0,0,0,0,0,0,0,0,0,0,0,0,0,76,21,55
16,91,Sangareddy,Sangareddy,26,Ramachandrapuram,573953,0000,VILLAGE,Edulanagulapalle,Rural,514,2414,1238,1176,332,173,159,410,216,194,4,3,1,1325,789,536,1089,449,640,1050,695,355,742,560,182,198,161,37,243,141,102,7,5,2,294,253,41,308,135,173,31,5,26,159,39,120,9,4,5,109,87,22,305,133,172,31,5,26,157,38,119,9,4,5,108,86,22,3,2,1,0,0,0,2,1,1,0,0,0,1,1,0,1364,543,821
16,91,Sangareddy,Sangareddy,26,Ramachandrapuram,573954,0000,VILLAGE,Kollur,Rural,733,3217,1674,1543,480,243,237,600,304,296,310,159,151,1619,946,673,1598,728,870,1461,938,523,790,684,106,159,116,43,195,164,31,9,9,0,427,395,32,671,254,417,31,15,16,504,135,369,2,1,1,134,103,31,642,245,397,30,15,15,483,131,352,2,1,1,127,98,29,29,9,20,1,0,1,21,4,17,0,0,0,7,5,2,1756,736,1020
16,91,Sangareddy,Sangareddy,26,Ramachandrapuram,573955,0000,VILLAGE,Osman Nagar,Rural,132,684,342,342,113,58,55,265,130,135,0,0,0,301,166,135,383,176,207,257,147,110,87,62,25,36,26,10,10,5,5,0,0,0,41,31,10,170,85,85,53,30,23,78,38,40,9,5,4,30,12,18,163,81,82,50,28,22,76,37,39,9,5,4,28,11,17,7,4,3,3,2,1,2,1,1,0,0,0,2,1,1,427,195,232
16,93,Narayankhed,Sangareddy,04,Narayankhed,572812,0001,WARD,Narayankhed (CT),Urban,3014,15610,7963,7647,2069,1071,998,1136,567,569,247,129,118,10198,5768,4430,5412,2195,3217,5268,3896,1372,4169,3287,882,227,191,36,494,265,229,104,76,28,3344,2755,589,1099,609,490,22,13,9,419,200,219,44,21,23,614,375,239,1005,554,451,22,13,9,395,188,207,34,17,17,554,336,218,94,55,39,0,0,0,24,12,12,10,4,6,60,39,21,10342,4067,6275
16,92,Zahirabad,Sangareddy,09,Zahirabad,573373,0001,WARD,Allipur,Urban,2292,11276,5674,5602,1453,697,756,1556,780,776,105,50,55,8043,4371,3672,3233,1303,1930,3628,2764,864,3261,2549,712,93,64,29,431,247,184,66,50,16,2671,2188,483,367,215,152,8,6,2,81,34,47,21,9,12,257,166,91,331,192,139,7,6,1,70,30,40,21,9,12,233,147,86,36,23,13,1,0,1,11,4,7,0,0,0,24,19,5,7648,2910,4738
16,94,Andole-Jogipet,Sangareddy,15,Andhole,573524,0001,WARD,Jogipet,Urban,3762,18494,9165,9329,2142,1087,1055,1516,683,833,207,154,53,12142,6670,5472,6352,2495,3857,6948,4819,2129,6055,4357,1698,472,282,190,1309,687,622,233,180,53,4041,3208,833,893,462,431,21,14,7,226,97,129,51,24,27,595,327,268,845,438,407,21,14,7,211,90,121,43,20,23,570,314,256,48,24,24,0,0,0,15,7,8,8,4,4,25,13,12,11546,4346,7200
16,91,Sangareddy,Sangareddy,19,Sangareddy,573894,0001,WARD,Pothreddipalle,Urban,2637,11514,5843,5671,1475,760,715,1392,712,680,308,164,144,8409,4584,3825,3105,1259,1846,3890,3074,816,3614,2904,710,110,93,17,231,100,131,49,32,17,3224,2679,545,276,170,106,20,15,5,68,27,41,11,3,8,177,125,52,263,163,100,20,15,5,65,27,38,11,3,8,167,118,49,13,7,6,0,0,0,3,0,3,0,0,0,10,7,3,7624,2769,4855
16,91,Sangareddy,Sangareddy,23,Kandi,573895,0001,WARD,Eddumailaram,Urban,2801,11759,6318,5441,712,371,341,2035,1069,966,689,360,329,9684,5554,4130,2075,764,1311,4227,3262,965,3681,2966,715,112,56,56,526,253,273,12,7,5,3031,2650,381,546,296,250,11,6,5,32,10,22,4,1,3,499,279,220,522,282,240,11,6,5,26,8,18,4,1,3,481,267,214,24,14,10,0,0,0,6,2,4,0,0,0,18,12,6,7532,3056,4476
16,91,Sangareddy,Sangareddy,21,Gummadidala,573922,0001,WARD,Bonthapalle,Urban,1659,6608,3449,3159,839,416,423,525,248,277,215,110,105,3998,2395,1603,2610,1054,1556,2906,2144,762,2810,2097,713,89,80,9,618,293,325,52,43,9,2051,1681,370,96,47,49,4,3,1,43,11,32,0,0,0,49,33,16,92,46,46,4,3,1,40,11,29,0,0,0,48,32,16,4,1,3,0,0,0,3,0,3,0,0,0,1,1,0,3702,1305,2397
16,91,Sangareddy,Sangareddy,21,Gummadidala,573923,0001,WARD,Annaram,Urban,1613,6840,3473,3367,974,469,505,880,437,443,606,320,286,3990,2290,1700,2850,1183,1667,3320,2101,1219,2981,1931,1050,167,97,70,395,203,192,36,22,14,2383,1609,774,339,170,169,11,5,6,55,22,33,8,2,6,265,141,124,297,150,147,8,4,4,47,20,27,8,2,6,234,124,110,42,20,22,3,1,2,8,2,6,0,0,0,31,17,14,3520,1372,2148
16,91,Sangareddy,Sangareddy,22,Jinnaram,573924,0001,WARD,Bollaram,Urban,9314,34667,19385,15282,4817,2493,2324,2660,1414,1246,382,211,171,21736,13587,8149,12931,5798,7133,16331,12791,3540,15519,12393,3126,26,23,3,151,107,44,147,100,47,15195,12163,3032,812,398,414,6,1,5,8,3,5,31,6,25,767,388,379,699,337,362,6,1,5,7,3,4,26,5,21,660,328,332,113,61,52,0,0,0,1,0,1,5,1,4,107,60,47,18336,6594,11742
16,91,Sangareddy,Sangareddy,24,Patancheruvu,573945,0001,WARD,Chitkul,Urban,1329,5596,2837,2759,669,337,332,1107,554,553,99,49,50,3407,1951,1456,2189,886,1303,2559,1712,847,1812,1363,449,54,44,10,129,66,63,45,21,24,1584,1232,352,747,349,398,9,5,4,175,62,113,89,14,75,474,268,206,641,292,349,9,5,4,125,39,86,83,10,73,424,238,186,106,57,49,0,0,0,50,23,27,6,4,2,50,30,20,3037,1125,1912
16,91,Sangareddy,Sangareddy,24,Patancheruvu,573946,0001,WARD,Isnapur,Urban,2082,8276,4378,3898,1100,583,517,460,235,225,47,29,18,5369,3119,2250,2907,1259,1648,3260,2504,756,2701,2234,467,50,46,4,236,138,98,200,138,62,2215,1912,303,559,270,289,4,2,2,149,91,58,50,9,41,356,168,188,510,253,257,4,2,2,132,82,50,44,7,37,330,162,168,49,17,32,0,0,0,17,9,8,6,2,4,26,6,20,5016,1874,3142
16,91,Sangareddy,Sangareddy,24,Patancheruvu,573947,0001,WARD,Muthangi,Urban,2211,8777,4490,4287,1208,587,621,1356,688,668,314,162,152,5760,3302,2458,3017,1188,1829,3469,2603,866,2970,2382,588,45,31,14,113,59,54,116,78,38,2696,2214,482,499,221,278,11,8,3,122,40,82,23,9,14,343,164,179,436,193,243,10,7,3,117,38,79,21,8,13,288,140,148,63,28,35,1,1,0,5,2,3,2,1,1,55,24,31,5308,1887,3421
16,91,Sangareddy,Sangareddy,25,Ameenapur,573948,0001,WARD,Ameenapur,Urban,9120,36452,18737,17715,4955,2520,2435,3427,1757,1670,329,169,160,25484,13969,11515,10968,4768,6200,13894,10785,3109,11946,9645,2301,151,132,19,569,376,193,243,163,80,10983,8974,2009,1948,1140,808,32,21,11,311,176,135,191,115,76,1414,828,586,1746,1018,728,32,21,11,258,149,109,184,111,73,1272,737,535,202,122,80,0,0,0,53,27,26,7,4,3,142,91,51,22558,7952,14606
16,91,Sangareddy,Sangareddy,24,Patancheruvu,573949,0001,WARD,Bhanur,Urban,2267,9203,4696,4507,909,481,428,1263,629,634,340,167,173,6728,3683,3045,2475,1013,1462,3494,2583,911,2703,2198,505,170,146,24,344,244,100,39,34,5,2150,1774,376,791,385,406,44,19,25,321,91,230,18,12,6,408,263,145,732,359,373,42,18,24,310,88,222,17,12,5,363,241,122,59,26,33,2,1,1,11,3,8,1,0,1,45,22,23,5709,2113,3596
16,91,Sangareddy,Sangareddy,26,Ramachandrapuram,573956,0001,WARD,Ramachandrapuram,Urban,3919,15381,8085,7296,1468,754,714,2793,1453,1340,533,299,234,12341,6871,5470,3040,1214,1826,6088,4586,1502,5565,4284,1281,22,13,9,60,38,22,81,36,45,5402,4197,1205,523,302,221,5,2,3,10,5,5,19,9,10,489,286,203,465,264,201,5,2,3,8,3,5,12,4,8,440,255,185,58,38,20,0,0,0,2,2,0,7,5,2,49,31,18,9293,3499,5794
16,92,Zahirabad,Sangareddy,09,Zahirabad,802915,0001,WARD,Zahirabad_U,Urban,1770,9029,4614,4415,1164,614,550,967,481,486,74,33,41,6017,3261,2756,3012,1353,1659,3155,2281,874,2248,1824,424,59,52,7,237,114,123,46,36,10,1906,1622,284,907,457,450,9,8,1,58,23,35,130,16,114,710,410,300,721,335,386,4,3,1,53,19,34,105,10,95,559,303,256,186,122,64,5,5,0,5,4,1,25,6,19,151,107,44,5874,2333,3541
16,91,Sangareddy,Sangareddy,17,Sadasivpet,802916,0001,WARD,Sadasivpet,Urban,1248,5896,2951,2945,715,368,347,934,489,445,70,41,29,3875,2108,1767,2021,843,1178,1972,1493,479,1626,1287,339,57,43,14,237,131,106,23,17,6,1309,1096,213,346,206,140,8,4,4,59,31,28,7,1,6,272,170,102,300,178,122,5,3,2,45,23,22,6,1,5,244,151,93,46,28,18,3,1,2,14,8,6,1,0,1,28,19,9,3924,1458,2466
16,91,Sangareddy,Sangareddy,19,Sangareddy,802917,0001,WARD,Sangareddy_U,Urban,1163,5245,2606,2639,658,328,330,723,360,363,17,6,11,3568,1963,1605,1677,643,1034,1917,1439,478,969,800,169,15,14,1,62,38,24,23,21,2,869,727,142,948,639,309,11,10,1,367,198,169,17,10,7,553,421,132,632,410,222,11,10,1,204,101,103,10,4,6,407,295,112,316,229,87,0,0,0,163,97,66,7,6,1,146,126,20,3328,1167,2161
16,92,Zahirabad,Sangareddy,09,Zahirabad,802915,0002,WARD,Zahirabad_U,Urban,1428,7571,3805,3766,1019,513,506,2018,996,1022,40,24,16,5154,2771,2383,2417,1034,1383,2620,1903,717,2355,1757,598,33,31,2,48,34,14,68,46,22,2206,1646,560,265,146,119,5,2,3,15,9,6,28,8,20,217,127,90,245,132,113,5,2,3,14,8,6,26,7,19,200,115,85,20,14,6,0,0,0,1,1,0,2,1,1,17,12,5,4951,1902,3049
16,91,Sangareddy,Sangareddy,17,Sadasivpet,802916,0002,WARD,Sadasivpet,Urban,1663,8325,4384,3941,970,523,447,506,254,252,22,16,6,5759,3303,2456,2566,1081,1485,2892,2078,814,2428,1774,654,38,34,4,196,97,99,297,94,203,1897,1549,348,464,304,160,7,6,1,188,129,59,16,3,13,253,166,87,427,276,151,7,6,1,171,117,54,14,2,12,235,151,84,37,28,9,0,0,0,17,12,5,2,1,1,18,15,3,5433,2306,3127
16,91,Sangareddy,Sangareddy,19,Sangareddy,802917,0002,WARD,Sangareddy_U,Urban,1413,6769,3418,3351,766,402,364,645,331,314,8,2,6,5039,2743,2296,1730,675,1055,1992,1585,407,1666,1364,302,30,28,2,123,84,39,40,26,14,1473,1226,247,326,221,105,3,2,1,14,9,5,6,4,2,303,206,97,284,190,94,3,2,1,11,7,4,5,3,2,265,178,87,42,31,11,0,0,0,3,2,1,1,1,0,38,28,10,4777,1833,2944
16,92,Zahirabad,Sangareddy,09,Zahirabad,802915,0003,WARD,Zahirabad_U,Urban,2632,13899,7040,6859,1934,995,939,335,163,172,17,8,9,9407,5103,4304,4492,1937,2555,4186,3359,827,3636,3011,625,101,73,28,148,121,27,131,101,30,3256,2716,540,550,348,202,23,13,10,11,4,7,32,12,20,484,319,165,415,245,170,23,13,10,7,3,4,31,12,19,354,217,137,135,103,32,0,0,0,4,1,3,1,0,1,130,102,28,9713,3681,6032
16,91,Sangareddy,Sangareddy,17,Sadasivpet,802916,0003,WARD,Sadasivpet,Urban,2356,10843,5563,5280,1454,760,694,634,321,313,79,42,37,7524,4154,3370,3319,1409,1910,3295,2866,429,3021,2681,340,60,55,5,186,134,52,130,113,17,2645,2379,266,274,185,89,19,14,5,36,22,14,9,7,2,210,142,68,249,171,78,18,14,4,34,20,14,7,5,2,190,132,58,25,14,11,1,0,1,2,2,0,2,2,0,20,10,10,7548,2697,4851
16,91,Sangareddy,Sangareddy,19,Sangareddy,802917,0003,WARD,Sangareddy_U,Urban,2131,10109,4987,5122,1248,630,618,2202,1064,1138,371,90,281,7557,4010,3547,2552,977,1575,3098,2469,629,2728,2235,493,26,24,2,376,311,65,52,42,10,2274,1858,416,370,234,136,5,4,1,50,26,24,22,5,17,293,199,94,328,213,115,5,4,1,30,16,14,21,5,16,272,188,84,42,21,21,0,0,0,20,10,10,1,0,1,21,11,10,7011,2518,4493
16,92,Zahirabad,Sangareddy,09,Zahirabad,802915,0004,WARD,Zahirabad_U,Urban,1093,5945,2996,2949,734,383,351,682,329,353,0,0,0,3882,2117,1765,2063,879,1184,1847,1458,389,1553,1254,299,58,53,5,276,167,109,88,74,14,1131,960,171,294,204,90,2,2,0,69,40,29,152,118,34,71,44,27,135,93,42,2,2,0,45,30,15,23,19,4,65,42,23,159,111,48,0,0,0,24,10,14,129,99,30,6,2,4,4098,1538,2560
16,91,Sangareddy,Sangareddy,17,Sadasivpet,802916,0004,WARD,Sadasivpet,Urban,2168,9474,4775,4699,1157,616,541,287,141,146,20,12,8,6677,3712,2965,2797,1063,1734,3161,2449,712,2618,2107,511,86,71,15,129,65,64,59,39,20,2344,1932,412,543,342,201,9,5,4,100,50,50,15,6,9,419,281,138,467,301,166,8,5,3,72,40,32,11,6,5,376,250,126,76,41,35,1,0,1,28,10,18,4,0,4,43,31,12,6313,2326,3987
16,91,Sangareddy,Sangareddy,19,Sangareddy,802917,0004,WARD,Sangareddy_U,Urban,3789,17692,9080,8612,2183,1157,1026,2253,1148,1105,332,172,160,12937,7143,5794,4755,1937,2818,6134,4690,1444,5070,4098,972,57,51,6,187,133,54,132,65,67,4694,3849,845,1064,592,472,3,3,0,37,20,17,49,12,37,975,557,418,978,530,448,3,3,0,33,19,14,47,11,36,895,497,398,86,62,24,0,0,0,4,1,3,2,1,1,80,60,20,11558,4390,7168
16,92,Zahirabad,Sangareddy,09,Zahirabad,802915,0005,WARD,Zahirabad_U,Urban,2702,14088,7109,6979,2065,1059,1006,247,125,122,176,95,81,9201,4992,4209,4887,2117,2770,4472,3609,863,3852,3228,624,64,55,9,84,50,34,45,35,10,3659,3088,571,620,381,239,7,4,3,24,10,14,28,6,22,561,361,200,547,321,226,7,4,3,22,10,12,26,6,20,492,301,191,73,60,13,0,0,0,2,0,2,2,0,2,69,60,9,9616,3500,6116
16,91,Sangareddy,Sangareddy,17,Sadasivpet,802916,0005,WARD,Sadasivpet,Urban,786,3472,1702,1770,409,180,229,567,267,300,36,19,17,1979,1122,857,1493,580,913,1537,985,552,739,517,222,12,7,5,196,106,90,26,15,11,505,389,116,798,468,330,2,2,0,403,208,195,61,29,32,332,229,103,658,424,234,2,2,0,334,201,133,51,27,24,271,194,77,140,44,96,0,0,0,69,7,62,10,2,8,61,35,26,1935,717,1218
16,91,Sangareddy,Sangareddy,19,Sangareddy,802917,0005,WARD,Sangareddy_U,Urban,4566,22273,11232,11041,2841,1461,1380,2419,1230,1189,399,202,197,16146,8704,7442,6127,2528,3599,6950,5561,1389,5870,4870,1000,107,100,7,280,195,85,195,141,54,5288,4434,854,1080,691,389,14,8,6,132,87,45,99,45,54,835,551,284,878,569,309,13,7,6,93,59,34,59,33,26,713,470,243,202,122,80,1,1,0,39,28,11,40,12,28,122,81,41,15323,5671,9652
16,92,Zahirabad,Sangareddy,09,Zahirabad,573344,0006,WARD,Buchnelli,Urban,129,631,323,308,75,45,30,553,279,274,0,0,0,333,188,145,298,135,163,405,207,198,394,202,192,0,0,0,387,196,191,1,1,0,6,5,1,11,5,6,0,0,0,3,1,2,3,2,1,5,2,3,11,5,6,0,0,0,3,1,2,3,2,1,5,2,3,0,0,0,0,0,0,0,0,0,0,0,0,0,0,0,226,116,110
16,91,Sangareddy,Sangareddy,17,Sadasivpet,802916,0006,WARD,Sadasivpet,Urban,848,3680,1907,1773,479,248,231,411,231,180,82,44,38,2617,1466,1151,1063,441,622,1198,1015,183,1018,867,151,14,14,0,26,22,4,24,20,4,954,811,143,180,148,32,7,4,3,7,2,5,3,1,2,163,141,22,176,146,30,7,4,3,5,2,3,3,1,2,161,139,22,4,2,2,0,0,0,2,0,2,0,0,0,2,2,0,2482,892,1590
16,91,Sangareddy,Sangareddy,19,Sangareddy,802917,0006,WARD,Sangareddy_U,Urban,1783,9288,4663,4625,1211,609,602,611,303,308,39,14,25,6695,3624,3071,2593,1039,1554,2776,2300,476,2195,1897,298,38,31,7,53,41,12,94,84,10,2010,1741,269,581,403,178,8,6,2,38,25,13,70,59,11,465,313,152,505,340,165,7,5,2,29,17,12,59,49,10,410,269,141,76,63,13,1,1,0,9,8,1,11,10,1,55,44,11,6512,2363,4149
16,92,Zahirabad,Sangareddy,09,Zahirabad,573374,0007,WARD,Pastapur,Urban,1112,4878,2554,2324,552,320,232,958,479,479,20,15,5,2995,1720,1275,1883,834,1049,1982,1267,715,1333,927,406,111,78,33,289,159,130,22,18,4,911,672,239,649,340,309,7,6,1,186,91,95,31,14,17,425,229,196,281,160,121,4,3,1,27,13,14,21,9,12,229,135,94,368,180,188,3,3,0,159,78,81,10,5,5,196,94,102,2896,1287,1609
16,91,Sangareddy,Sangareddy,19,Sangareddy,573870,0007,WARD,Chintalpalle_part,Urban,102,968,720,248,68,36,32,234,212,22,125,125,0,783,654,129,185,66,119,226,140,86,154,110,44,3,3,0,27,17,10,0,0,0,124,90,34,72,30,42,0,0,0,0,0,0,0,0,0,72,30,42,71,29,42,0,0,0,0,0,0,0,0,0,71,29,42,1,1,0,0,0,0,0,0,0,0,0,0,1,1,0,742,580,162
16,91,Sangareddy,Sangareddy,17,Sadasivpet,802916,0007,WARD,Sadasivpet,Urban,241,1260,644,616,185,103,82,66,31,35,0,0,0,784,419,365,476,225,251,342,311,31,316,292,24,2,2,0,24,20,4,4,4,0,286,266,20,26,19,7,1,1,0,10,4,6,0,0,0,15,14,1,26,19,7,1,1,0,10,4,6,0,0,0,15,14,1,0,0,0,0,0,0,0,0,0,0,0,0,0,0,0,918,333,585
16,92,Zahirabad,Sangareddy,09,Zahirabad,573375,0008,WARD,Tamadpalle,Urban,214,966,482,484,149,75,74,5,1,4,0,0,0,492,279,213,474,203,271,375,258,117,144,129,15,1,1,0,35,32,3,20,19,1,88,77,11,231,129,102,2,0,2,89,56,33,44,31,13,96,42,54,228,126,102,2,0,2,88,55,33,43,30,13,95,41,54,3,3,0,0,0,0,1,1,0,1,1,0,1,1,0,591,224,367
16,91,Sangareddy,Sangareddy,17,Sadasivpet,573844,0008,WARD,Siddapur ( R),Urban,202,860,428,432,100,48,52,0,0,0,0,0,0,499,293,206,361,135,226,320,241,79,169,156,13,67,61,6,15,14,1,1,1,0,86,80,6,151,85,66,7,4,3,89,41,48,0,0,0,55,40,15,140,78,62,5,3,2,87,39,48,0,0,0,48,36,12,11,7,4,2,1,1,2,2,0,0,0,0,7,4,3,540,187,353
16,92,Zahirabad,Sangareddy,09,Zahirabad,573376,0009,WARD,Chinna Hyderabad,Urban,1957,10341,5234,5107,1584,812,772,998,501,497,190,101,89,5756,3186,2570,4585,2048,2537,3465,2569,896,2800,2155,645,111,80,31,857,517,340,64,43,21,1768,1515,253,665,414,251,10,4,6,66,11,55,21,11,10,568,388,180,575,368,207,10,4,6,63,10,53,12,8,4,490,346,144,90,46,44,0,0,0,3,1,2,9,3,6,78,42,36,6876,2665,4211
16,91,Sangareddy,Sangareddy,17,Sadasivpet,573845,0009,WARD,Nandikandi,Urban,935,4097,1986,2111,474,226,248,898,439,459,73,39,34,2422,1369,1053,1675,617,1058,1862,1117,745,1622,991,631,187,136,51,819,347,472,14,12,2,602,496,106,240,126,114,4,1,3,108,29,79,1,0,1,127,96,31,211,113,98,4,1,3,100,28,72,1,0,1,106,84,22,29,13,16,0,0,0,8,1,7,0,0,0,21,12,9,2235,869,1366
16,92,Zahirabad,Sangareddy,09,Zahirabad,573377,0010,WARD,Hothi(K),Urban,787,3818,1912,1906,607,306,301,828,403,425,668,332,336,1822,1045,777,1996,867,1129,1645,986,659,1184,703,481,293,158,135,538,261,277,12,8,4,341,276,65,461,283,178,1,1,0,232,117,115,16,7,9,212,158,54,395,234,161,1,1,0,205,98,107,13,6,7,176,129,47,66,49,17,0,0,0,27,19,8,3,1,2,36,29,7,2173,926,1247
16,91,Sangareddy,Sangareddy,17,Sadasivpet,573837,0010,WARD,Maddikunta (Part),Urban,5,13,7,6,0,0,0,0,0,0,0,0,0,10,7,3,3,0,3,6,5,1,6,5,1,0,0,0,4,3,1,0,0,0,2,2,0,0,0,0,0,0,0,0,0,0,0,0,0,0,0,0,0,0,0,0,0,0,0,0,0,0,0,0,0,0,0,0,0,0,0,0,0,0,0,0,0,0,0,0,0,0,7,2,5
16,91,Sangareddy,Sangareddy,26,Ramachandrapuram,573956,0115,WARD,Ramachandrapuram,Urban,16868,70187,35606,34581,8429,4302,4127,8191,4140,4051,1045,508,537,50759,27556,23203,19428,8050,11378,25310,19327,5983,20495,16235,4260,165,126,39,377,262,115,1227,968,259,18726,14879,3847,4815,3092,1723,37,19,18,296,181,115,397,269,128,4085,2623,1462,3443,2167,1276,34,17,17,181,111,70,247,153,94,2981,1886,1095,1372,925,447,3,2,1,115,70,45,150,116,34,1104,737,367,44877,16279,28598
16,91,Sangareddy,Sangareddy,24,Patancheruvu,900194,0116,WARD,Patancheruvu,Urban,11067,46255,23971,22284,6185,3128,3057,4605,2353,2252,517,280,237,32644,18345,14299,13611,5626,7985,16200,13271,2929,13055,11055,2000,100,81,19,527,369,158,481,410,71,11947,10195,1752,3145,2216,929,38,26,12,216,114,102,171,125,46,2720,1951,769,2615,1837,778,38,26,12,182,100,82,97,63,34,2298,1648,650,530,379,151,0,0,0,34,14,20,74,62,12,422,303,119,30055,10700,19355
16,91,Sangareddy,Sangareddy,26,Ramachandrapuram,573966,0151,WARD,Tellapur,Urban,3326,14403,7385,7018,1809,912,897,2280,1138,1142,496,273,223,10457,5797,4660,3946,1588,2358,5172,4070,1102,4578,3678,900,309,248,61,307,185,122,72,58,14,3890,3187,703,594,392,202,17,13,4,88,33,55,16,8,8,473,338,135,536,352,184,16,12,4,83,32,51,15,8,7,422,300,122,58,40,18,1,1,0,5,1,4,1,0,1,51,38,13,9231,3315,5916
16,91,Sangareddy,Sangareddy,26,Ramachandrapuram,573967,0152,WARD,Bandlaguda,Urban,1735,7237,3818,3419,990,503,487,636,322,314,101,49,52,4807,2788,2019,2430,1030,1400,3054,2227,827,2628,2023,605,32,21,11,51,24,27,195,156,39,2350,1822,528,426,204,222,4,2,2,10,3,7,68,19,49,344,180,164,377,176,201,3,2,1,7,3,4,55,13,42,312,158,154,49,28,21,1,0,1,3,0,3,13,6,7,32,22,10,4183,1591,2592