DISTRICT_CODE,DIVISION_CODE,DIVISION_NAME,Name_District,Mandal_Code,Name_Mandal,Village_Code,Ward,Level1,VName,TRU,No_HH,TOT_P,TOT_M,TOT_F,P_06,M_06,F_06,P_SC,M_SC,F_SC,P_ST,M_ST,F_ST,P_LIT,M_LIT,F_LIT,P_ILL,M_ILL,F_ILL,TOT_WORK_P,TOT_WORK_M,TOT_WORK_F,MAINWORK_P,MAINWORK_M,MAINWORK_F,MAIN_CL_P,MAIN_CL_M,MAIN_CL_F,MAIN_AL_P,MAIN_AL_M,MAIN_AL_F,MAIN_HH_P,MAIN_HH_M,MAIN_HH_F,MAIN_OT_P,MAIN_OT_M,MAIN_OT_F,MARGWORK_P,MARGWORK_M,MARGWORK_F,MARG_CL_P,MARG_CL_M,MARG_CL_F,MARG_AL_P,MARG_AL_M,MARG_AL_F,MARG_HH_P,MARG_HH_M,MARG_HH_F,MARG_OT_P,MARG_OT_M,MARG_OT_F,MARGWORK_3_6_P,MARGWORK_3_6_M,MARGWORK_3_6_F,MARG_CL_3_6_P,MARG_CL_3_6_M,MARG_CL_3_6_F,MARG_AL_3_6_P,MARG_AL_3_6_M,MARG_AL_3_6_F,MARG_HH_3_6_P,MARG_HH_3_6_M,MARG_HH_3_6_F,MARG_OT_3_6_P,MARG_OT_3_6_M,MARG_OT_3_6_F,MARGWORK_0_3_P,MARGWORK_0_3_M,MARGWORK_0_3_F,MARG_CL_0_3_P,MARG_CL_0_3_M,MARG_CL_0_3_F,MARG_AL_0_3_P,MARG_AL_0_3_M,MARG_AL_0_3_F,MARG_HH_0_3_P,MARG_HH_0_3_M,MARG_HH_0_3_F,MARG_OT_0_3_P,MARG_OT_0_3_M,MARG_OT_0_3_F,NON_WORK_P,NON_WORK_M,NON_WORK_F
18,92,Husnabad,Siddipet,04,Bejjanki,572488,0000,VILLAGE,Gundaram(P_S_),Rural,761,2899,1478,1421,250,143,107,748,379,369,33,14,19,1643,966,677,1256,512,744,1646,889,757,1587,862,725,460,252,208,891,438,453,50,27,23,186,145,41,59,27,32,3,1,2,41,17,24,3,1,2,12,8,4,56,26,30,3,1,2,38,16,22,3,1,2,12,8,4,3,1,2,0,0,0,3,1,2,0,0,0,0,0,0,1253,589,664
18,92,Husnabad,Siddipet,04,Bejjanki,572499,0000,VILLAGE,Vadlur-Begumpet,Rural,1176,4537,2193,2344,339,175,164,1249,599,650,54,27,27,2514,1374,1140,2023,819,1204,2650,1384,1266,2072,1107,965,515,285,230,1272,599,673,12,9,3,273,214,59,578,277,301,17,7,10,543,258,285,1,1,0,17,11,6,576,275,301,17,7,10,543,258,285,1,1,0,15,9,6,2,2,0,0,0,0,0,0,0,0,0,0,2,2,0,1887,809,1078
18,92,Husnabad,Siddipet,04,Bejjanki,572502,0000,VILLAGE,Veerapur,Rural,222,864,415,449,55,32,23,242,111,131,11,4,7,527,283,244,337,132,205,498,251,247,247,131,116,150,84,66,59,17,42,0,0,0,38,30,8,251,120,131,10,2,8,216,96,120,12,12,0,13,10,3,248,119,129,10,2,8,216,96,120,12,12,0,10,9,1,3,1,2,0,0,0,0,0,0,0,0,0,3,1,2,366,164,202
18,92,Husnabad,Siddipet,04,Bejjanki,572503,0000,VILLAGE,Bejjanki,Rural,1835,7804,4024,3780,664,357,307,1653,848,805,85,45,40,4840,2884,1956,2964,1140,1824,3702,2042,1660,3468,1962,1506,773,454,319,1698,805,893,140,74,66,857,629,228,234,80,154,19,7,12,143,43,100,13,6,7,59,24,35,223,75,148,17,6,11,138,40,98,9,5,4,59,24,35,11,5,6,2,1,1,5,3,2,4,1,3,0,0,0,4102,1982,2120
18,92,Husnabad,Siddipet,04,Bejjanki,572504,0000,VILLAGE,Kallepalle,Rural,959,3718,1805,1913,263,120,143,1025,505,520,33,15,18,2233,1284,949,1485,521,964,1934,1025,909,1703,915,788,453,335,118,913,334,579,65,31,34,272,215,57,231,110,121,7,5,2,170,68,102,7,4,3,47,33,14,84,39,45,6,4,2,48,20,28,6,3,3,24,12,12,147,71,76,1,1,0,122,48,74,1,1,0,23,21,2,1784,780,1004
18,92,Husnabad,Siddipet,04,Bejjanki,572505,0000,VILLAGE,Cheelapur,Rural,313,1293,650,643,89,46,43,288,149,139,14,5,9,757,457,300,536,193,343,695,367,328,668,356,312,102,48,54,362,172,190,9,4,5,195,132,63,27,11,16,3,1,2,12,4,8,2,1,1,10,5,5,25,10,15,3,1,2,11,3,8,2,1,1,9,5,4,2,1,1,0,0,0,1,1,0,0,0,0,1,0,1,598,283,315
18,92,Husnabad,Siddipet,04,Bejjanki,572506,0000,VILLAGE,Regulapalle,Rural,526,2260,1098,1162,199,100,99,379,173,206,17,8,9,1231,693,538,1029,405,624,1193,600,593,1176,590,586,414,253,161,574,191,383,45,31,14,143,115,28,17,10,7,12,8,4,3,1,2,0,0,0,2,1,1,16,9,7,12,8,4,3,1,2,0,0,0,1,0,1,1,1,0,0,0,0,0,0,0,0,0,0,1,1,0,1067,498,569
18,92,Husnabad,Siddipet,04,Bejjanki,572507,0000,VILLAGE,Potharam,Rural,139,533,266,267,43,23,20,348,170,178,0,0,0,289,167,122,244,99,145,321,162,159,280,140,140,6,4,2,243,115,128,7,2,5,24,19,5,41,22,19,0,0,0,10,7,3,30,14,16,1,1,0,13,9,4,0,0,0,10,7,3,2,1,1,1,1,0,28,13,15,0,0,0,0,0,0,28,13,15,0,0,0,212,104,108
18,92,Husnabad,Siddipet,04,Bejjanki,572508,0000,VILLAGE,Muthannapet,Rural,320,1246,616,630,111,54,57,463,239,224,10,5,5,721,408,313,525,208,317,754,381,373,541,330,211,198,135,63,246,119,127,10,8,2,87,68,19,213,51,162,5,2,3,191,35,156,1,0,1,16,14,2,175,36,139,3,1,2,160,24,136,1,0,1,11,11,0,38,15,23,2,1,1,31,11,20,0,0,0,5,3,2,492,235,257
18,92,Husnabad,Siddipet,04,Bejjanki,572509,0000,VILLAGE,Guggilla,Rural,570,2375,1176,1199,197,95,102,590,287,303,25,11,14,1365,819,546,1010,357,653,1293,697,596,1180,640,540,433,239,194,538,235,303,13,12,1,196,154,42,113,57,56,7,5,2,61,20,41,6,4,2,39,28,11,107,55,52,6,4,2,57,20,37,5,3,2,39,28,11,6,2,4,1,1,0,4,0,4,1,1,0,0,0,0,1082,479,603
18,92,Husnabad,Siddipet,04,Bejjanki,572510,0000,VILLAGE,Gagillapur,Rural,468,1799,914,885,147,77,70,479,246,233,26,16,10,1022,626,396,777,288,489,1013,541,472,801,514,287,119,84,35,520,292,228,33,27,6,129,111,18,212,27,185,42,2,40,160,20,140,1,0,1,9,5,4,204,24,180,42,2,40,152,17,135,1,0,1,9,5,4,8,3,5,0,0,0,8,3,5,0,0,0,0,0,0,786,373,413
18,92,Husnabad,Siddipet,04,Bejjanki,572511,0000,VILLAGE,Dacharam,Rural,593,2368,1166,1202,200,107,93,442,230,212,11,5,6,1301,745,556,1067,421,646,1318,738,580,1297,731,566,210,136,74,889,431,458,19,15,4,179,149,30,21,7,14,6,2,4,11,4,7,0,0,0,4,1,3,19,6,13,6,2,4,10,4,6,0,0,0,3,0,3,2,1,1,0,0,0,1,0,1,0,0,0,1,1,0,1050,428,622
18,92,Husnabad,Siddipet,04,Bejjanki,572512,0000,VILLAGE,Thotapalle,Rural,671,2447,1184,1263,163,84,79,811,391,420,31,19,12,1370,781,589,1077,403,674,1300,689,611,953,641,312,264,207,57,471,257,214,19,15,4,199,162,37,347,48,299,5,2,3,332,43,289,2,0,2,8,3,5,321,40,281,2,0,2,311,37,274,0,0,0,8,3,5,26,8,18,3,2,1,21,6,15,2,0,2,0,0,0,1147,495,652
18,92,Husnabad,Siddipet,04,Bejjanki,572513,0000,VILLAGE,Devakkapalle,Rural,239,921,449,472,53,28,25,228,108,120,8,5,3,550,313,237,371,136,235,510,255,255,485,254,231,111,82,29,320,137,183,1,1,0,53,34,19,25,1,24,16,1,15,8,0,8,0,0,0,1,0,1,25,1,24,16,1,15,8,0,8,0,0,0,1,0,1,0,0,0,0,0,0,0,0,0,0,0,0,0,0,0,411,194,217
18,92,Husnabad,Siddipet,05,Koheda,572589,0000,VILLAGE,Sanigaram,Rural,1312,5189,2595,2594,424,214,210,1324,645,679,37,18,19,3239,1867,1372,1950,728,1222,2533,1339,1194,2430,1299,1131,514,285,229,1316,594,722,181,101,80,419,319,100,103,40,63,3,1,2,64,17,47,2,1,1,34,21,13,92,34,58,3,1,2,57,14,43,2,1,1,30,18,12,11,6,5,0,0,0,7,3,4,0,0,0,4,3,1,2656,1256,1400
18,92,Husnabad,Siddipet,05,Koheda,572590,0000,VILLAGE,Gundareddipalle,Rural,507,1808,878,930,139,72,67,229,100,129,17,8,9,894,538,356,914,340,574,1062,502,560,987,468,519,357,181,176,427,170,257,6,3,3,197,114,83,75,34,41,1,0,1,26,6,20,2,1,1,46,27,19,73,32,41,1,0,1,26,6,20,2,1,1,44,25,19,2,2,0,0,0,0,0,0,0,0,0,0,2,2,0,746,376,370
18,92,Husnabad,Siddipet,05,Koheda,572591,0000,VILLAGE,Baswapur,Rural,1541,6064,3017,3047,529,284,245,1428,704,724,497,242,255,3427,2012,1415,2637,1005,1632,3224,1668,1556,2977,1606,1371,1031,615,416,1497,704,793,72,29,43,377,258,119,247,62,185,11,5,6,183,36,147,6,1,5,47,20,27,236,58,178,9,4,5,177,34,143,5,1,4,45,19,26,11,4,7,2,1,1,6,2,4,1,0,1,2,1,1,2840,1349,1491
18,92,Husnabad,Siddipet,05,Koheda,572592,0000,VILLAGE,Kurella,Rural,614,2347,1172,1175,181,87,94,11,5,6,77,44,33,1387,814,573,960,358,602,1469,745,724,707,441,266,377,223,154,143,67,76,34,21,13,153,130,23,762,304,458,104,46,58,585,217,368,20,10,10,53,31,22,593,234,359,31,12,19,512,194,318,12,5,7,38,23,15,169,70,99,73,34,39,73,23,50,8,5,3,15,8,7,878,427,451
18,92,Husnabad,Siddipet,05,Koheda,572593,0000,VILLAGE,Thangallapalle,Rural,846,3105,1481,1624,306,161,145,636,304,332,47,26,21,1647,979,668,1458,502,956,1690,840,850,1668,831,837,328,207,121,566,190,376,145,65,80,629,369,260,22,9,13,0,0,0,7,2,5,0,0,0,15,7,8,7,3,4,0,0,0,2,1,1,0,0,0,5,2,3,15,6,9,0,0,0,5,1,4,0,0,0,10,5,5,1415,641,774
18,92,Husnabad,Siddipet,05,Koheda,572594,0000,VILLAGE,Vinjapalle,Rural,681,2537,1238,1299,201,94,107,543,277,266,10,6,4,1368,795,573,1169,443,726,1494,761,733,1453,744,709,364,207,157,866,370,496,23,16,7,200,151,49,41,17,24,3,2,1,28,10,18,1,0,1,9,5,4,23,7,16,1,1,0,17,5,12,1,0,1,4,1,3,18,10,8,2,1,1,11,5,6,0,0,0,5,4,1,1043,477,566
18,92,Husnabad,Siddipet,05,Koheda,572595,0000,VILLAGE,Ramachandrapur,Rural,441,1659,821,838,96,45,51,458,232,226,25,14,11,964,562,402,695,259,436,926,462,464,851,444,407,236,153,83,501,203,298,12,8,4,102,80,22,75,18,57,4,1,3,56,11,45,4,1,3,11,5,6,54,11,43,4,1,3,39,4,35,4,1,3,7,5,2,21,7,14,0,0,0,17,7,10,0,0,0,4,0,4,733,359,374
18,92,Husnabad,Siddipet,05,Koheda,572596,0000,VILLAGE,Varikolu,Rural,578,1963,955,1008,130,81,49,379,191,188,13,5,8,1170,661,509,793,294,499,1072,529,543,1048,512,536,305,190,115,609,211,398,29,24,5,105,87,18,24,17,7,1,1,0,4,1,3,10,6,4,9,9,0,23,17,6,1,1,0,4,1,3,9,6,3,9,9,0,1,0,1,0,0,0,0,0,0,1,0,1,0,0,0,891,426,465
18,92,Husnabad,Siddipet,05,Koheda,572597,0000,VILLAGE,Gottalamitta,Rural,166,593,270,323,31,10,21,349,154,195,9,3,6,295,168,127,298,102,196,330,163,167,269,143,126,178,92,86,46,20,26,2,1,1,43,30,13,61,20,41,0,0,0,58,18,40,0,0,0,3,2,1,59,20,39,0,0,0,57,18,39,0,0,0,2,2,0,2,0,2,0,0,0,1,0,1,0,0,0,1,0,1,263,107,156
18,92,Husnabad,Siddipet,05,Koheda,572598,0000,VILLAGE,Narayanapur,Rural,422,1548,757,791,149,78,71,195,97,98,14,5,9,792,466,326,756,291,465,912,442,470,450,230,220,213,111,102,141,55,86,57,33,24,39,31,8,462,212,250,3,0,3,324,141,183,7,2,5,128,69,59,345,155,190,2,0,2,317,139,178,1,1,0,25,15,10,117,57,60,1,0,1,7,2,5,6,1,5,103,54,49,636,315,321
18,92,Husnabad,Siddipet,05,Koheda,572599,0000,VILLAGE,Sriramulapalle,Rural,412,1628,828,800,113,65,48,355,185,170,29,13,16,1011,588,423,617,240,377,887,465,422,606,353,253,207,131,76,231,104,127,45,38,7,123,80,43,281,112,169,9,5,4,191,60,131,25,1,24,56,46,10,279,112,167,9,5,4,191,60,131,24,1,23,55,46,9,2,0,2,0,0,0,0,0,0,1,0,1,1,0,1,741,363,378
18,92,Husnabad,Siddipet,05,Koheda,572600,0000,VILLAGE,Nakkira Kommula,Rural,214,785,384,401,66,35,31,155,86,69,0,0,0,411,227,184,374,157,217,462,232,230,414,217,197,101,51,50,167,63,104,8,4,4,138,99,39,48,15,33,3,3,0,38,5,33,1,1,0,6,6,0,38,8,30,1,1,0,32,2,30,1,1,0,4,4,0,10,7,3,2,2,0,6,3,3,0,0,0,2,2,0,323,152,171
18,92,Husnabad,Siddipet,05,Koheda,572601,0000,VILLAGE,Pariveda,Rural,345,1248,577,671,90,34,56,361,167,194,13,7,6,623,333,290,625,244,381,726,348,378,620,328,292,166,106,60,345,135,210,5,4,1,104,83,21,106,20,86,14,2,12,85,15,70,0,0,0,7,3,4,101,18,83,14,2,12,80,13,67,0,0,0,7,3,4,5,2,3,0,0,0,5,2,3,0,0,0,0,0,0,522,229,293
18,92,Husnabad,Siddipet,05,Koheda,572602,0000,VILLAGE,Kachapur,Rural,570,2195,1101,1094,182,95,87,389,196,193,8,5,3,1275,745,530,920,356,564,1279,671,608,1198,647,551,697,387,310,346,154,192,16,12,4,139,94,45,81,24,57,35,3,32,16,6,10,0,0,0,30,15,15,71,19,52,35,3,32,10,4,6,0,0,0,26,12,14,10,5,5,0,0,0,6,2,4,0,0,0,4,3,1,916,430,486
18,92,Husnabad,Siddipet,05,Koheda,572603,0000,VILLAGE,Koheda,Rural,1784,7422,4000,3422,577,298,279,1519,999,520,225,137,88,4432,2797,1635,2990,1203,1787,3712,1980,1732,3492,1891,1601,1170,733,437,1379,495,884,108,51,57,835,612,223,220,89,131,12,8,4,147,44,103,15,9,6,46,28,18,209,84,125,12,8,4,139,42,97,15,9,6,43,25,18,11,5,6,0,0,0,8,2,6,0,0,0,3,3,0,3710,2020,1690
18,92,Husnabad,Siddipet,05,Koheda,572604,0000,VILLAGE,Samudrala,Rural,1130,4554,2260,2294,409,192,217,549,271,278,42,18,24,2563,1503,1060,1991,757,1234,2634,1391,1243,2583,1372,1211,975,525,450,1247,601,646,71,27,44,290,219,71,51,19,32,7,2,5,25,7,18,7,2,5,12,8,4,34,12,22,4,2,2,17,6,11,5,0,5,8,4,4,17,7,10,3,0,3,8,1,7,2,2,0,4,4,0,1920,869,1051
18,92,Husnabad,Siddipet,06,Husnabad,572605,0000,VILLAGE,Potlapalle,Rural,641,2436,1209,1227,196,101,95,495,247,248,38,23,15,1276,774,502,1160,435,725,1247,670,577,1202,645,557,204,170,34,749,264,485,26,17,9,223,194,29,45,25,20,5,5,0,29,13,16,2,0,2,9,7,2,42,25,17,5,5,0,29,13,16,0,0,0,8,7,1,3,0,3,0,0,0,0,0,0,2,0,2,1,0,1,1189,539,650
18,92,Husnabad,Siddipet,06,Husnabad,572606,0000,VILLAGE,Husnabad,Rural,5385,22082,11245,10837,1983,1061,922,4322,2279,2043,769,370,399,15026,8422,6604,7056,2823,4233,8921,5791,3130,7845,5442,2403,1045,733,312,1737,706,1031,285,193,92,4778,3810,968,1076,349,727,43,15,28,531,150,381,77,18,59,425,166,259,906,278,628,39,14,25,483,131,352,68,15,53,316,118,198,170,71,99,4,1,3,48,19,29,9,3,6,109,48,61,13161,5454,7707
18,92,Husnabad,Siddipet,06,Husnabad,572607,0000,VILLAGE,Madudha,Rural,381,1410,717,693,99,51,48,100,52,48,13,7,6,812,477,335,598,240,358,851,430,421,830,420,410,243,139,104,542,245,297,5,4,1,40,32,8,21,10,11,5,0,5,15,9,6,0,0,0,1,1,0,21,10,11,5,0,5,15,9,6,0,0,0,1,1,0,0,0,0,0,0,0,0,0,0,0,0,0,0,0,0,559,287,272
18,92,Husnabad,Siddipet,06,Husnabad,572608,0000,VILLAGE,Mohammadapuram,Rural,548,1929,977,952,153,82,71,214,118,96,1,1,0,1048,631,417,881,346,535,1078,552,526,905,473,432,252,168,84,586,254,332,3,1,2,64,50,14,173,79,94,3,1,2,151,61,90,6,5,1,13,12,1,167,77,90,3,1,2,146,60,86,6,5,1,12,11,1,6,2,4,0,0,0,5,1,4,0,0,0,1,1,0,851,425,426
18,92,Husnabad,Siddipet,06,Husnabad,572609,0000,VILLAGE,Nagaram,Rural,253,910,461,449,69,34,35,91,49,42,8,4,4,490,290,200,420,171,249,512,267,245,476,248,228,117,65,52,244,115,129,9,8,1,106,60,46,36,19,17,4,1,3,5,3,2,1,0,1,26,15,11,10,5,5,1,1,0,3,1,2,0,0,0,6,3,3,26,14,12,3,0,3,2,2,0,1,0,1,20,12,8,398,194,204
18,92,Husnabad,Siddipet,06,Husnabad,572610,0000,VILLAGE,Ummapur,Rural,383,1414,704,710,133,65,68,237,116,121,628,320,308,683,399,284,731,305,426,788,401,387,777,395,382,433,209,224,281,145,136,2,1,1,61,40,21,11,6,5,1,0,1,3,1,2,0,0,0,7,5,2,8,5,3,0,0,0,3,1,2,0,0,0,5,4,1,3,1,2,1,0,1,0,0,0,0,0,0,2,1,1,626,303,323
18,92,Husnabad,Siddipet,06,Husnabad,572611,0000,VILLAGE,Mirzapur,Rural,777,3121,1456,1665,280,150,130,438,214,224,1421,608,813,1520,784,736,1601,672,929,1598,775,823,1474,723,751,698,422,276,580,149,431,8,5,3,188,147,41,124,52,72,25,9,16,76,29,47,0,0,0,23,14,9,104,44,60,24,8,16,61,24,37,0,0,0,19,12,7,20,8,12,1,1,0,15,5,10,0,0,0,4,2,2,1523,681,842
18,92,Husnabad,Siddipet,06,Husnabad,572612,0000,VILLAGE,Potharam S,Rural,656,2398,1190,1208,206,95,111,450,218,232,2,1,1,1440,848,592,958,342,616,1216,653,563,768,541,227,179,130,49,375,220,155,6,6,0,208,185,23,448,112,336,110,21,89,260,48,212,3,0,3,75,43,32,381,94,287,93,16,77,215,36,179,3,0,3,70,42,28,67,18,49,17,5,12,45,12,33,0,0,0,5,1,4,1182,537,645
18,92,Husnabad,Siddipet,06,Husnabad,572613,0000,VILLAGE,Thotapalle S,Rural,584,2336,1179,1157,203,95,108,570,290,280,20,12,8,1293,769,524,1043,410,633,1269,676,593,950,585,365,159,119,40,600,303,297,11,10,1,180,153,27,319,91,228,44,14,30,222,55,167,2,1,1,51,21,30,290,76,214,44,14,30,195,41,154,1,1,0,50,20,30,29,15,14,0,0,0,27,14,13,1,0,1,1,1,0,1067,503,564
18,92,Husnabad,Siddipet,06,Husnabad,572614,0000,VILLAGE,Kuchanpalle,Rural,404,1508,754,754,154,82,72,586,292,294,55,25,30,800,459,341,708,295,413,756,417,339,684,377,307,303,168,135,248,91,157,2,2,0,131,116,15,72,40,32,5,4,1,39,19,20,2,2,0,26,15,11,69,39,30,5,4,1,38,19,19,1,1,0,25,15,10,3,1,2,0,0,0,1,0,1,1,1,0,1,0,1,752,337,415
18,92,Husnabad,Siddipet,06,Husnabad,572615,0000,VILLAGE,Pandilla,Rural,874,3152,1549,1603,222,98,124,508,242,266,28,14,14,1886,1053,833,1266,496,770,1846,954,892,1565,849,716,801,440,361,460,191,269,1,1,0,303,217,86,281,105,176,44,18,26,220,75,145,7,4,3,10,8,2,221,79,142,36,15,21,173,56,117,5,2,3,7,6,1,60,26,34,8,3,5,47,19,28,2,2,0,3,2,1,1306,595,711
18,92,Husnabad,Siddipet,07,Akkannapeta,572616,0000,VILLAGE,Regonda,Rural,1106,4313,2142,2171,442,233,209,562,274,288,698,351,347,2094,1180,914,2219,962,1257,2235,1233,1002,1704,1062,642,923,633,290,494,227,267,9,6,3,278,196,82,531,171,360,22,11,11,271,52,219,15,3,12,223,105,118,492,159,333,20,10,10,252,48,204,13,2,11,207,99,108,39,12,27,2,1,1,19,4,15,2,1,1,16,6,10,2078,909,1169
18,92,Husnabad,Siddipet,07,Akkannapeta,572617,0000,VILLAGE,Gouravelli,Rural,1232,4694,2367,2327,442,227,215,382,186,196,634,327,307,2392,1420,972,2302,947,1355,2651,1381,1270,2413,1304,1109,715,510,205,1374,537,837,32,20,12,292,237,55,238,77,161,36,11,25,153,35,118,3,2,1,46,29,17,235,74,161,36,11,25,152,34,118,2,1,1,45,28,17,3,3,0,0,0,0,1,1,0,1,1,0,1,1,0,2043,986,1057
18,92,Husnabad,Siddipet,07,Akkannapeta,572618,0000,VILLAGE,Potharam J,Rural,243,910,459,451,68,37,31,113,57,56,19,9,10,479,284,195,431,175,256,498,256,242,493,252,241,273,164,109,164,45,119,3,2,1,53,41,12,5,4,1,1,1,0,3,2,1,0,0,0,1,1,0,5,4,1,1,1,0,3,2,1,0,0,0,1,1,0,0,0,0,0,0,0,0,0,0,0,0,0,0,0,0,412,203,209
18,92,Husnabad,Siddipet,07,Akkannapeta,572619,0000,VILLAGE,Nandaram,Rural,300,1171,580,591,131,66,65,141,68,73,613,302,311,510,307,203,661,273,388,640,308,332,614,296,318,468,234,234,82,30,52,33,15,18,31,17,14,26,12,14,6,3,3,12,5,7,3,3,0,5,1,4,21,9,12,5,2,3,9,4,5,2,2,0,5,1,4,5,3,2,1,1,0,3,1,2,1,1,0,0,0,0,531,272,259
18,92,Husnabad,Siddipet,07,Akkannapeta,572620,0000,VILLAGE,Ramavaram,Rural,507,2100,1061,1039,188,96,92,432,219,213,34,16,18,1168,689,479,932,372,560,1178,626,552,553,426,127,185,162,23,146,87,59,27,21,6,195,156,39,625,200,425,38,21,17,290,53,237,43,14,29,254,112,142,444,144,300,16,9,7,245,44,201,22,3,19,161,88,73,181,56,125,22,12,10,45,9,36,21,11,10,93,24,69,922,435,487
18,92,Husnabad,Siddipet,07,Akkannapeta,572621,0000,VILLAGE,Gandipalle,Rural,905,3671,1848,1823,389,211,178,327,172,155,1729,884,845,1737,1004,733,1934,844,1090,2033,1040,993,1884,1006,878,834,630,204,780,183,597,33,24,9,237,169,68,149,34,115,35,7,28,58,9,49,16,4,12,40,14,26,146,33,113,34,7,27,58,9,49,15,3,12,39,14,25,3,1,2,1,0,1,0,0,0,1,1,0,1,0,1,1638,808,830
18,92,Husnabad,Siddipet,07,Akkannapeta,572622,0000,VILLAGE,Dongala Dharmaram,Rural,289,1267,661,606,136,70,66,221,120,101,406,220,186,690,433,257,577,228,349,681,354,327,650,341,309,416,273,143,206,45,161,1,0,1,27,23,4,31,13,18,4,1,3,27,12,15,0,0,0,0,0,0,31,13,18,4,1,3,27,12,15,0,0,0,0,0,0,0,0,0,0,0,0,0,0,0,0,0,0,0,0,0,586,307,279
18,92,Husnabad,Siddipet,07,Akkannapeta,572623,0000,VILLAGE,Jangaon,Rural,775,3008,1523,1485,260,138,122,625,311,314,23,10,13,1621,977,644,1387,546,841,1678,872,806,1671,871,800,535,314,221,911,394,517,21,13,8,204,150,54,7,1,6,0,0,0,1,0,1,0,0,0,6,1,5,3,0,3,0,0,0,1,0,1,0,0,0,2,0,2,4,1,3,0,0,0,0,0,0,0,0,0,4,1,3,1330,651,679
18,92,Husnabad,Siddipet,07,Akkannapeta,572624,0000,VILLAGE,Akkannapeta,Rural,1100,4315,2153,2162,388,196,192,549,271,278,1375,706,669,2138,1244,894,2177,909,1268,2366,1216,1150,1827,999,828,1055,613,442,579,233,346,41,22,19,152,131,21,539,217,322,61,24,37,396,150,246,13,7,6,69,36,33,277,95,182,47,17,30,164,44,120,3,1,2,63,33,30,262,122,140,14,7,7,232,106,126,10,6,4,6,3,3,1949,937,1012
18,92,Husnabad,Siddipet,07,Akkannapeta,572625,0000,VILLAGE,Anthakkapeta,Rural,746,2691,1365,1326,195,114,81,410,224,186,51,26,25,1571,940,631,1120,425,695,1592,830,762,1372,753,619,368,238,130,613,246,367,66,29,37,325,240,85,220,77,143,30,14,16,85,8,77,12,5,7,93,50,43,131,30,101,10,3,7,76,7,69,8,3,5,37,17,20,89,47,42,20,11,9,9,1,8,4,2,2,56,33,23,1099,535,564
18,92,Husnabad,Siddipet,07,Akkannapeta,572626,0000,VILLAGE,Choutapalle,Rural,376,1428,694,734,110,58,52,433,217,216,8,5,3,804,463,341,624,231,393,770,389,381,423,253,170,240,148,92,81,38,43,7,4,3,95,63,32,347,136,211,11,5,6,158,51,107,18,4,14,160,76,84,322,133,189,11,5,6,142,49,93,14,4,10,155,75,80,25,3,22,0,0,0,16,2,14,4,0,4,5,1,4,658,305,353
18,92,Husnabad,Siddipet,07,Akkannapeta,572627,0000,VILLAGE,Keshavapur,Rural,558,2184,1103,1081,190,101,89,180,88,92,37,18,19,1139,667,472,1045,436,609,1229,653,576,1092,578,514,504,293,211,506,221,285,5,4,1,77,60,17,137,75,62,20,12,8,102,53,49,1,0,1,14,10,4,137,75,62,20,12,8,102,53,49,1,0,1,14,10,4,0,0,0,0,0,0,0,0,0,0,0,0,0,0,0,955,450,505
18,92,Husnabad,Siddipet,07,Akkannapeta,572628,0000,VILLAGE,Malampalle,Rural,1113,4345,2196,2149,376,203,173,745,378,367,767,397,370,2213,1302,911,2132,894,1238,2382,1207,1175,2355,1195,1160,911,590,321,1272,462,810,31,22,9,141,121,20,27,12,15,1,1,0,14,5,9,3,0,3,9,6,3,26,11,15,1,1,0,14,5,9,3,0,3,8,5,3,1,1,0,0,0,0,0,0,0,0,0,0,1,1,0,1963,989,974
18,92,Husnabad,Siddipet,07,Akkannapeta,572683,0000,VILLAGE,Katkur,Rural,1065,4189,2082,2107,408,203,205,693,346,347,1260,642,618,2046,1194,852,2143,888,1255,2244,1188,1056,1964,1120,844,679,434,245,990,457,533,5,3,2,290,226,64,280,68,212,12,2,10,259,59,200,1,1,0,8,6,2,226,44,182,9,1,8,209,37,172,1,1,0,7,5,2,54,24,30,3,1,2,50,22,28,0,0,0,1,1,0,1945,894,1051
18,91,Siddipet,Siddipet,01,Dubbak,572950,0000,VILLAGE,Akaram,Rural,1071,4529,2264,2265,442,214,228,817,416,401,18,10,8,2339,1446,893,2190,818,1372,2437,1240,1197,2385,1218,1167,604,435,169,671,425,246,504,22,482,606,336,270,52,22,30,3,0,3,25,11,14,5,0,5,19,11,8,47,19,28,2,0,2,21,8,13,5,0,5,19,11,8,5,3,2,1,0,1,4,3,1,0,0,0,0,0,0,2092,1024,1068
18,91,Siddipet,Siddipet,01,Dubbak,572951,0000,VILLAGE,Gambheerpur,Rural,729,3035,1528,1507,335,181,154,672,332,340,601,315,286,1551,942,609,1484,586,898,1608,813,795,1482,748,734,289,192,97,629,365,264,402,52,350,162,139,23,126,65,61,0,0,0,94,43,51,1,1,0,31,21,10,118,63,55,0,0,0,87,41,46,1,1,0,30,21,9,8,2,6,0,0,0,7,2,5,0,0,0,1,0,1,1427,715,712
18,91,Siddipet,Siddipet,01,Dubbak,572952,0000,VILLAGE,Potharam,Rural,257,1185,616,569,114,66,48,182,94,88,49,24,25,589,374,215,596,242,354,615,336,279,594,321,273,250,199,51,121,71,50,105,11,94,118,40,78,21,15,6,0,0,0,19,14,5,0,0,0,2,1,1,7,5,2,0,0,0,7,5,2,0,0,0,0,0,0,14,10,4,0,0,0,12,9,3,0,0,0,2,1,1,570,280,290
18,91,Siddipet,Siddipet,01,Dubbak,572953,0000,VILLAGE,Arepalle,Rural,191,705,361,344,80,42,38,91,54,37,9,4,5,356,226,130,349,135,214,398,198,200,304,140,164,105,74,31,9,5,4,3,1,2,187,60,127,94,58,36,7,4,3,49,25,24,0,0,0,38,29,9,87,57,30,7,4,3,42,24,18,0,0,0,38,29,9,7,1,6,0,0,0,7,1,6,0,0,0,0,0,0,307,163,144
18,91,Siddipet,Siddipet,01,Dubbak,572954,0000,VILLAGE,Cheekode,Rural,1379,5426,2716,2710,563,302,261,1025,511,514,89,41,48,2846,1690,1156,2580,1026,1554,2795,1474,1321,1956,1009,947,732,485,247,544,308,236,334,34,300,346,182,164,839,465,374,50,39,11,428,252,176,173,42,131,188,132,56,677,404,273,48,38,10,370,226,144,115,33,82,144,107,37,162,61,101,2,1,1,58,26,32,58,9,49,44,25,19,2631,1242,1389
18,91,Siddipet,Siddipet,01,Dubbak,572955,0000,VILLAGE,Dubbak,Rural,2978,12349,6071,6278,1235,608,627,1949,972,977,110,57,53,7805,4521,3284,4544,1550,2994,5791,3162,2629,5451,2964,2487,374,268,106,1024,617,407,643,135,508,3410,1944,1466,340,198,142,18,11,7,61,24,37,40,12,28,221,151,70,283,164,119,16,11,5,54,22,32,34,11,23,179,120,59,57,34,23,2,0,2,7,2,5,6,1,5,42,31,11,6558,2909,3649
18,91,Siddipet,Siddipet,01,Dubbak,572956,0000,VILLAGE,Mallaipalle,Rural,133,525,260,265,51,28,23,143,73,70,0,0,0,285,170,115,240,90,150,314,148,166,140,127,13,59,57,2,49,44,5,14,10,4,18,16,2,174,21,153,27,4,23,98,11,87,40,1,39,9,5,4,152,15,137,25,3,22,79,7,72,39,0,39,9,5,4,22,6,16,2,1,1,19,4,15,1,1,0,0,0,0,211,112,99
18,91,Siddipet,Siddipet,01,Dubbak,572957,0000,VILLAGE,Rajakkapet,Rural,500,2085,1005,1080,202,95,107,164,81,83,19,11,8,1049,620,429,1036,385,651,1065,556,509,946,505,441,284,209,75,302,168,134,88,17,71,272,111,161,119,51,68,2,1,1,72,32,40,9,3,6,36,15,21,116,51,65,2,1,1,70,32,38,9,3,6,35,15,20,3,0,3,0,0,0,2,0,2,0,0,0,1,0,1,1020,449,571
18,91,Siddipet,Siddipet,01,Dubbak,572958,0000,VILLAGE,Yellapur,Rural,59,227,112,115,22,7,15,227,112,115,0,0,0,107,67,40,120,45,75,143,73,70,129,66,63,0,0,0,115,62,53,0,0,0,14,4,10,14,7,7,0,0,0,13,6,7,1,1,0,0,0,0,6,3,3,0,0,0,6,3,3,0,0,0,0,0,0,8,4,4,0,0,0,7,3,4,1,1,0,0,0,0,84,39,45
18,91,Siddipet,Siddipet,01,Dubbak,572959,0000,VILLAGE,Chillapur,Rural,728,2928,1462,1466,235,119,116,676,344,332,25,12,13,1516,902,614,1412,560,852,1546,804,742,1525,798,727,553,326,227,430,269,161,24,11,13,518,192,326,21,6,15,1,1,0,10,4,6,5,0,5,5,1,4,18,4,14,0,0,0,10,4,6,4,0,4,4,0,4,3,2,1,1,1,0,0,0,0,1,0,1,1,1,0,1382,658,724
18,91,Siddipet,Siddipet,01,Dubbak,572960,0000,VILLAGE,Dumpalpalle,Rural,876,3839,1924,1915,406,215,191,816,404,412,25,11,14,2000,1202,798,1839,722,1117,2039,1040,999,2030,1037,993,710,458,252,721,391,330,171,15,156,428,173,255,9,3,6,2,1,1,3,1,2,0,0,0,4,1,3,8,3,5,2,1,1,3,1,2,0,0,0,3,1,2,1,0,1,0,0,0,0,0,0,0,0,0,1,0,1,1800,884,916
18,91,Siddipet,Siddipet,01,Dubbak,572961,0000,VILLAGE,Chervapur,Rural,274,1095,549,546,97,63,34,203,98,105,11,4,7,590,338,252,505,211,294,553,279,274,508,252,256,201,147,54,77,57,20,166,7,159,64,41,23,45,27,18,0,0,0,32,22,10,7,1,6,6,4,2,42,26,16,0,0,0,32,22,10,5,1,4,5,3,2,3,1,2,0,0,0,0,0,0,2,0,2,1,1,0,542,270,272
18,91,Siddipet,Siddipet,01,Dubbak,572962,0000,VILLAGE,Lachapet,Rural,715,2847,1368,1479,294,140,154,319,150,169,0,0,0,1757,1032,725,1090,336,754,1377,720,657,1360,709,651,92,62,30,130,77,53,239,21,218,899,549,350,17,11,6,0,0,0,3,1,2,1,0,1,13,10,3,16,10,6,0,0,0,3,1,2,1,0,1,12,9,3,1,1,0,0,0,0,0,0,0,0,0,0,1,1,0,1470,648,822
18,91,Siddipet,Siddipet,01,Dubbak,572963,0000,VILLAGE,Ramakkapet,Rural,715,3439,1413,2026,277,142,135,1145,311,834,43,5,38,2160,973,1187,1279,440,839,1430,705,725,1380,660,720,102,88,14,472,264,208,225,29,196,581,279,302,50,45,5,2,2,0,27,24,3,5,4,1,16,15,1,50,45,5,2,2,0,27,24,3,5,4,1,16,15,1,0,0,0,0,0,0,0,0,0,0,0,0,0,0,0,2009,708,1301
18,91,Siddipet,Siddipet,25,Akbarpet-Bhoompally,572964,0000,VILLAGE,Boppapur,Rural,190,832,413,419,82,46,36,232,113,119,7,3,4,445,258,187,387,155,232,427,233,194,248,131,117,62,49,13,43,29,14,77,1,76,66,52,14,179,102,77,5,5,0,99,58,41,31,0,31,44,39,5,138,82,56,3,3,0,70,46,24,27,0,27,38,33,5,41,20,21,2,2,0,29,12,17,4,0,4,6,6,0,405,180,225
18,91,Siddipet,Siddipet,25,Akbarpet-Bhoompally,572966,0000,VILLAGE,Engurthi,Rural,454,1887,918,969,182,95,87,395,182,213,12,6,6,949,576,373,938,342,596,1026,499,527,930,443,487,123,101,22,391,239,152,123,4,119,293,99,194,96,56,40,2,2,0,53,27,26,1,0,1,40,27,13,83,49,34,2,2,0,48,24,24,1,0,1,32,23,9,13,7,6,0,0,0,5,3,2,0,0,0,8,4,4,861,419,442
18,91,Siddipet,Siddipet,25,Akbarpet-Bhoompally,572967,0000,VILLAGE,Pothareddipet,Rural,1388,6211,3071,3140,612,321,291,1413,715,698,20,14,6,3102,1871,1231,3109,1200,1909,3374,1688,1686,3053,1559,1494,943,699,244,901,458,443,378,33,345,831,369,462,321,129,192,10,7,3,173,76,97,82,10,72,56,36,20,171,64,107,7,5,2,103,35,68,28,3,25,33,21,12,150,65,85,3,2,1,70,41,29,54,7,47,23,15,8,2837,1383,1454
18,91,Siddipet,Siddipet,25,Akbarpet-Bhoompally,572968,0000,VILLAGE,Chittapur,Rural,458,2047,1022,1025,200,101,99,236,122,114,9,4,5,1160,715,445,887,307,580,1043,537,506,846,459,387,350,265,85,160,27,133,150,23,127,186,144,42,197,78,119,11,8,3,85,55,30,75,1,74,26,14,12,186,74,112,11,8,3,76,52,24,75,1,74,24,13,11,11,4,7,0,0,0,9,3,6,0,0,0,2,1,1,1004,485,519
18,91,Siddipet,Siddipet,25,Akbarpet-Bhoompally,572969,0000,VILLAGE,Chowdarpalle,Rural,156,733,394,339,50,33,17,54,32,22,0,0,0,417,274,143,316,120,196,390,191,199,383,185,198,104,77,27,72,37,35,164,34,130,43,37,6,7,6,1,1,1,0,1,1,0,1,0,1,4,4,0,6,5,1,1,1,0,1,1,0,1,0,1,3,3,0,1,1,0,0,0,0,0,0,0,0,0,0,1,1,0,343,203,140
18,91,Siddipet,Siddipet,01,Dubbak,572970,0000,VILLAGE,Dharmajipet,Rural,951,3917,1917,2000,375,202,173,587,292,295,55,31,24,1981,1212,769,1936,705,1231,2145,1073,1072,1857,947,910,344,251,93,478,272,206,251,113,138,784,311,473,288,126,162,8,5,3,136,58,78,56,8,48,88,55,33,180,75,105,6,4,2,56,20,36,46,6,40,72,45,27,108,51,57,2,1,1,80,38,42,10,2,8,16,10,6,1772,844,928
18,91,Siddipet,Siddipet,01,Dubbak,572971,0000,VILLAGE,Habshipur,Rural,547,2266,1141,1125,199,109,90,876,455,421,24,11,13,1291,793,498,975,348,627,1115,578,537,833,435,398,405,233,172,164,96,68,126,12,114,138,94,44,282,143,139,5,3,2,227,116,111,5,2,3,45,22,23,271,136,135,5,3,2,224,114,110,4,1,3,38,18,20,11,7,4,0,0,0,3,2,1,1,1,0,7,4,3,1151,563,588
18,91,Siddipet,Siddipet,01,Dubbak,572972,0000,VILLAGE,Pedda Gundavelly,Rural,968,4063,1988,2075,430,230,200,1010,488,522,63,26,37,2055,1242,813,2008,746,1262,2030,1038,992,1945,1000,945,481,309,172,566,308,258,134,8,126,764,375,389,85,38,47,3,2,1,30,15,15,14,1,13,38,20,18,78,33,45,3,2,1,27,13,14,14,1,13,34,17,17,7,5,2,0,0,0,3,2,1,0,0,0,4,3,1,2033,950,1083
18,91,Siddipet,Siddipet,01,Dubbak,572973,0000,VILLAGE,Hasan Mirapur,Rural,172,726,365,361,67,34,33,114,58,56,6,3,3,392,247,145,334,118,216,372,194,178,346,184,162,82,68,14,103,27,76,0,0,0,161,89,72,26,10,16,4,3,1,19,5,14,0,0,0,3,2,1,18,4,14,2,2,0,14,1,13,0,0,0,2,1,1,8,6,2,2,1,1,5,4,1,0,0,0,1,1,0,354,171,183
18,91,Siddipet,Siddipet,01,Dubbak,572974,0000,VILLAGE,Appanpalle,Rural,434,1630,798,832,154,76,78,267,126,141,7,5,2,848,520,328,782,278,504,945,464,481,943,462,481,504,260,244,314,158,156,41,2,39,84,42,42,2,2,0,0,0,0,1,1,0,0,0,0,1,1,0,2,2,0,0,0,0,1,1,0,0,0,0,1,1,0,0,0,0,0,0,0,0,0,0,0,0,0,0,0,0,685,334,351
18,91,Siddipet,Siddipet,01,Dubbak,572975,0000,VILLAGE,Thimmapur,Rural,800,3321,1648,1673,308,179,129,742,359,383,50,19,31,1867,1073,794,1454,575,879,1714,872,842,1523,797,726,431,307,124,284,154,130,105,11,94,703,325,378,191,75,116,3,1,2,110,46,64,11,0,11,67,28,39,160,64,96,2,1,1,97,41,56,7,0,7,54,22,32,31,11,20,1,0,1,13,5,8,4,0,4,13,6,7,1607,776,831
18,91,Siddipet,Siddipet,02,Siddipet_Rural,572976,0000,VILLAGE,Chintamadaka,Rural,579,2335,1134,1201,265,126,139,486,246,240,9,4,5,1132,655,477,1203,479,724,1335,657,678,1136,580,556,553,357,196,183,105,78,283,28,255,117,90,27,199,77,122,5,2,3,172,71,101,14,0,14,8,4,4,178,72,106,5,2,3,157,67,90,9,0,9,7,3,4,21,5,16,0,0,0,15,4,11,5,0,5,1,1,0,1000,477,523
18,91,Siddipet,Siddipet,02,Siddipet_Rural,572977,0000,VILLAGE,Machapur [Patti Dubbak],Rural,316,1318,648,670,154,83,71,40,18,22,19,11,8,654,384,270,664,264,400,656,353,303,536,341,195,205,162,43,138,83,55,90,4,86,103,92,11,120,12,108,1,1,0,8,3,5,103,1,102,8,7,1,119,12,107,1,1,0,8,3,5,102,1,101,8,7,1,1,0,1,0,0,0,0,0,0,1,0,1,0,0,0,662,295,367
18,91,Siddipet,Siddipet,23,Narayanraopet,572978,0000,VILLAGE,Ibrahimpur,Rural,265,1051,513,538,109,54,55,385,184,201,3,1,2,543,323,220,508,190,318,537,275,262,532,275,257,176,108,68,173,83,90,86,15,71,97,69,28,5,0,5,0,0,0,3,0,3,2,0,2,0,0,0,5,0,5,0,0,0,3,0,3,2,0,2,0,0,0,0,0,0,0,0,0,0,0,0,0,0,0,0,0,0,514,238,276
18,91,Siddipet,Siddipet,23,Narayanraopet,572979,0000,VILLAGE,Narayanraopet,Rural,1766,7354,3649,3705,707,351,356,1398,676,722,78,38,40,3974,2352,1622,3380,1297,2083,3923,2025,1898,3405,1844,1561,1017,728,289,870,425,445,691,72,619,827,619,208,518,181,337,78,36,42,181,54,127,151,16,135,108,75,33,467,162,305,76,36,40,160,49,111,137,12,125,94,65,29,51,19,32,2,0,2,21,5,16,14,4,10,14,10,4,3431,1624,1807
18,91,Siddipet,Siddipet,02,Siddipet_Rural,572980,0000,VILLAGE,Seetharampalle,Rural,174,708,360,348,62,32,30,248,116,132,0,0,0,408,240,168,300,120,180,364,196,168,364,196,168,206,121,85,61,28,33,43,2,41,54,45,9,0,0,0,0,0,0,0,0,0,0,0,0,0,0,0,0,0,0,0,0,0,0,0,0,0,0,0,0,0,0,0,0,0,0,0,0,0,0,0,0,0,0,0,0,0,344,164,180
18,91,Siddipet,Siddipet,02,Siddipet_Rural,572981,0000,VILLAGE,Ankampet,Rural,41,186,95,91,20,11,9,13,6,7,0,0,0,102,63,39,84,32,52,113,57,56,113,57,56,78,42,36,7,4,3,16,0,16,12,11,1,0,0,0,0,0,0,0,0,0,0,0,0,0,0,0,0,0,0,0,0,0,0,0,0,0,0,0,0,0,0,0,0,0,0,0,0,0,0,0,0,0,0,0,0,0,73,38,35
18,91,Siddipet,Siddipet,02,Siddipet_Rural,572982,0000,VILLAGE,Raghavapur,Rural,1324,5591,2800,2791,535,296,239,1249,607,642,86,38,48,2900,1730,1170,2691,1070,1621,3006,1537,1469,2463,1312,1151,792,506,286,755,408,347,435,48,387,481,350,131,543,225,318,81,25,56,214,79,135,61,7,54,187,114,73,463,192,271,75,20,55,192,72,120,52,6,46,144,94,50,80,33,47,6,5,1,22,7,15,9,1,8,43,20,23,2585,1263,1322
18,91,Siddipet,Siddipet,02,Siddipet_Rural,572983,0000,VILLAGE,Pullur,Rural,1206,4883,2419,2464,457,224,233,1082,518,564,32,21,11,2676,1618,1058,2207,801,1406,2695,1404,1291,2592,1360,1232,845,477,368,739,382,357,351,26,325,657,475,182,103,44,59,13,6,7,59,19,40,5,1,4,26,18,8,76,34,42,8,3,5,43,14,29,2,1,1,23,16,7,27,10,17,5,3,2,16,5,11,3,0,3,3,2,1,2188,1015,1173
18,91,Siddipet,Siddipet,02,Siddipet_Rural,572984,0000,VILLAGE,Raorukal,Rural,656,2667,1296,1371,213,113,100,785,387,398,56,29,27,1441,856,585,1226,440,786,1441,719,722,1403,705,698,435,270,165,447,209,238,9,3,6,512,223,289,38,14,24,2,2,0,18,9,9,1,0,1,17,3,14,33,11,22,2,2,0,15,6,9,1,0,1,15,3,12,5,3,2,0,0,0,3,3,0,0,0,0,2,0,2,1226,577,649
18,91,Siddipet,Siddipet,02,Siddipet_Rural,572985,0000,VILLAGE,Tornal,Rural,561,2443,1267,1176,229,123,106,753,394,359,12,8,4,1328,811,517,1115,456,659,1214,634,580,840,443,397,287,182,105,133,81,52,203,9,194,217,171,46,374,191,183,11,6,5,233,98,135,10,5,5,120,82,38,369,189,180,11,6,5,229,97,132,10,5,5,119,81,38,5,2,3,0,0,0,4,1,3,0,0,0,1,1,0,1229,633,596
18,91,Siddipet,Siddipet,02,Siddipet_Rural,572986,0000,VILLAGE,Bussapur,Rural,401,1579,808,771,153,79,74,297,160,137,10,6,4,789,494,295,790,314,476,873,454,419,797,429,368,213,150,63,360,191,169,120,6,114,104,82,22,76,25,51,0,0,0,31,14,17,33,2,31,12,9,3,73,23,50,0,0,0,29,13,16,33,2,31,11,8,3,3,2,1,0,0,0,2,1,1,0,0,0,1,1,0,706,354,352
18,91,Siddipet,Siddipet,02,Siddipet_Rural,572987,0000,VILLAGE,Venkatapur,Rural,302,1293,656,637,119,55,64,390,201,189,39,20,19,662,402,260,631,254,377,616,332,284,597,323,274,300,190,110,103,47,56,116,17,99,78,69,9,19,9,10,0,0,0,8,1,7,3,0,3,8,8,0,15,7,8,0,0,0,7,1,6,2,0,2,6,6,0,4,2,2,0,0,0,1,0,1,1,0,1,2,2,0,677,324,353
18,91,Siddipet,Siddipet,09,Siddipet_Urban,572988,0000,VILLAGE,Tadkapalle,Rural,781,3406,1780,1626,327,169,158,678,330,348,36,34,2,1929,1212,717,1477,568,909,1628,866,762,1531,848,683,402,254,148,392,151,241,236,18,218,501,425,76,97,18,79,17,7,10,25,2,23,26,2,24,29,7,22,48,11,37,11,4,7,14,2,12,14,1,13,9,4,5,49,7,42,6,3,3,11,0,11,12,1,11,20,3,17,1778,914,864
18,91,Siddipet,Siddipet,09,Siddipet_Urban,572989,0000,VILLAGE,Ensanpalle,Rural,1011,4307,2120,2187,438,224,214,811,393,418,23,12,11,2292,1326,966,2015,794,1221,2277,1197,1080,2246,1177,1069,518,300,218,532,229,303,387,13,374,809,635,174,31,20,11,1,1,0,10,8,2,2,0,2,18,11,7,28,18,10,1,1,0,8,6,2,1,0,1,18,11,7,3,2,1,0,0,0,2,2,0,1,0,1,0,0,0,2030,923,1107
18,91,Siddipet,Siddipet,02,Siddipet_Rural,572990,0000,VILLAGE,Irkode,Rural,595,2410,1183,1227,275,147,128,637,312,325,6,2,4,1229,730,499,1181,453,728,1306,660,646,1238,621,617,526,302,224,205,83,122,236,17,219,271,219,52,68,39,29,10,6,4,24,8,16,9,6,3,25,19,6,68,39,29,10,6,4,24,8,16,9,6,3,25,19,6,0,0,0,0,0,0,0,0,0,0,0,0,0,0,0,1104,523,581
18,91,Siddipet,Siddipet,09,Siddipet_Urban,572991,0000,VILLAGE,Burugupalle,Rural,286,1254,632,622,150,86,64,260,133,127,7,4,3,682,399,283,572,233,339,672,377,295,430,313,117,118,84,34,40,27,13,13,9,4,259,193,66,242,64,178,23,4,19,76,15,61,56,5,51,87,40,47,215,50,165,22,3,19,59,8,51,56,5,51,78,34,44,27,14,13,1,1,0,17,7,10,0,0,0,9,6,3,582,255,327
18,91,Siddipet,Siddipet,02,Siddipet_Rural,572992,0000,VILLAGE,Gundavallikhurd,Rural,629,2617,1326,1291,214,107,107,487,236,251,28,15,13,1564,919,645,1053,407,646,1380,723,657,1342,705,637,480,315,165,377,172,205,150,7,143,335,211,124,38,18,20,1,0,1,16,3,13,1,0,1,20,15,5,37,18,19,1,0,1,15,3,12,1,0,1,20,15,5,1,0,1,0,0,0,1,0,1,0,0,0,0,0,0,1237,603,634
18,91,Siddipet,Siddipet,09,Siddipet_Urban,572993,0000,VILLAGE,Mittapalle,Rural,1475,6793,3131,3662,604,315,289,1752,667,1085,79,26,53,4165,2131,2034,2628,1000,1628,2886,1597,1289,2773,1554,1219,582,346,236,919,441,478,282,49,233,990,718,272,113,43,70,20,13,7,64,19,45,11,2,9,18,9,9,90,36,54,12,9,3,53,18,35,11,2,9,14,7,7,23,7,16,8,4,4,11,1,10,0,0,0,4,2,2,3907,1534,2373
18,91,Siddipet,Siddipet,09,Siddipet_Urban,572994,0000,VILLAGE,Ponnal,Rural,815,3426,1692,1734,315,152,163,623,308,315,30,19,11,2067,1221,846,1359,471,888,1722,917,805,1344,702,642,394,225,169,317,147,170,207,34,173,426,296,130,378,215,163,9,6,3,230,119,111,30,3,27,109,87,22,300,173,127,6,4,2,184,97,87,28,2,26,82,70,12,78,42,36,3,2,1,46,22,24,2,1,1,27,17,10,1704,775,929
18,91,Siddipet,Siddipet,09,Siddipet_Urban,572995,0000,VILLAGE,Nacharpalle,Rural,246,1173,574,599,115,58,57,120,53,67,3,1,2,531,306,225,642,268,374,606,314,292,452,282,170,170,117,53,167,114,53,47,1,46,68,50,18,154,32,122,4,2,2,106,20,86,0,0,0,44,10,34,154,32,122,4,2,2,106,20,86,0,0,0,44,10,34,0,0,0,0,0,0,0,0,0,0,0,0,0,0,0,567,260,307
18,91,Siddipet,Siddipet,09,Siddipet_Urban,572996,0000,VILLAGE,Bakrichapial,Rural,487,1993,988,1005,214,119,95,351,173,178,39,16,23,1096,654,442,897,334,563,1053,546,507,970,510,460,170,115,55,452,218,234,154,28,126,194,149,45,83,36,47,4,3,1,24,9,15,25,4,21,30,20,10,56,29,27,4,3,1,17,7,10,12,3,9,23,16,7,27,7,20,0,0,0,7,2,5,13,1,12,7,4,3,940,442,498
18,91,Siddipet,Siddipet,23,Narayanraopet,573000,0000,VILLAGE,Malyal,Rural,418,1723,846,877,141,75,66,424,210,214,10,5,5,773,483,290,950,363,587,961,472,489,448,299,149,142,105,37,161,99,62,23,14,9,122,81,41,513,173,340,23,12,11,353,131,222,84,3,81,53,27,26,425,136,289,15,8,7,294,108,186,81,3,78,35,17,18,88,37,51,8,4,4,59,23,36,3,0,3,18,10,8,762,374,388
18,91,Siddipet,Siddipet,23,Narayanraopet,573001,0000,VILLAGE,Gurralagondi,Rural,663,2718,1391,1327,247,134,113,506,250,256,7,3,4,1469,901,568,1249,490,759,1381,745,636,1160,646,514,336,220,116,374,227,147,212,16,196,238,183,55,221,99,122,65,44,21,81,25,56,56,17,39,19,13,6,48,20,28,7,4,3,24,7,17,11,5,6,6,4,2,173,79,94,58,40,18,57,18,39,45,12,33,13,9,4,1337,646,691
18,91,Siddipet,Siddipet,23,Narayanraopet,573002,0000,VILLAGE,Jakkapur,Rural,1483,6006,2998,3008,543,262,281,629,325,304,60,30,30,2967,1733,1234,3039,1265,1774,3290,1664,1626,3156,1588,1568,1403,902,501,734,349,385,502,45,457,517,292,225,134,76,58,19,7,12,18,6,12,23,15,8,74,48,26,98,53,45,17,5,12,18,6,12,15,11,4,48,31,17,36,23,13,2,2,0,0,0,0,8,4,4,26,17,9,2716,1334,1382
18,91,Siddipet,Siddipet,03,Chinnakodur,573003,0000,VILLAGE,Vittalpur,Rural,624,2560,1296,1264,215,104,111,371,188,183,23,11,12,1177,723,454,1383,573,810,1500,780,720,1473,771,702,966,511,455,251,112,139,103,27,76,153,121,32,27,9,18,5,1,4,15,6,9,5,0,5,2,2,0,20,7,13,4,1,3,11,4,7,3,0,3,2,2,0,7,2,5,1,0,1,4,2,2,2,0,2,0,0,0,1060,516,544
18,91,Siddipet,Siddipet,03,Chinnakodur,573004,0000,VILLAGE,Allipur,Rural,1579,6283,3120,3163,628,333,295,1271,643,628,43,21,22,3228,1855,1373,3055,1265,1790,3367,1751,1616,2896,1564,1332,1257,740,517,965,460,505,217,49,168,457,315,142,471,187,284,53,16,37,221,55,166,27,7,20,170,109,61,386,147,239,36,8,28,186,44,142,25,6,19,139,89,50,85,40,45,17,8,9,35,11,24,2,1,1,31,20,11,2916,1369,1547
18,91,Siddipet,Siddipet,03,Chinnakodur,573005,0000,VILLAGE,Chowdaram,Rural,495,1984,964,1020,192,93,99,267,124,143,6,3,3,924,526,398,1060,438,622,1130,567,563,1128,566,562,792,424,368,227,88,139,38,6,32,71,48,23,2,1,1,1,1,0,0,0,0,0,0,0,1,0,1,2,1,1,1,1,0,0,0,0,0,0,0,1,0,1,0,0,0,0,0,0,0,0,0,0,0,0,0,0,0,854,397,457
18,91,Siddipet,Siddipet,03,Chinnakodur,573006,0000,VILLAGE,Ananthasagar,Rural,491,2075,1013,1062,238,131,107,349,178,171,14,7,7,1093,618,475,982,395,587,1018,575,443,709,435,274,159,126,33,245,104,141,18,5,13,287,200,87,309,140,169,10,4,6,190,64,126,14,5,9,95,67,28,204,108,96,9,4,5,117,46,71,13,5,8,65,53,12,105,32,73,1,0,1,73,18,55,1,0,1,30,14,16,1057,438,619
18,91,Siddipet,Siddipet,03,Chinnakodur,573007,0000,VILLAGE,Cherla Ankireddipalle,Rural,378,1592,788,804,149,71,78,402,207,195,15,7,8,856,510,346,736,278,458,833,425,408,797,419,378,240,155,85,447,202,245,40,9,31,70,53,17,36,6,30,0,0,0,18,4,14,15,0,15,3,2,1,35,6,29,0,0,0,18,4,14,14,0,14,3,2,1,1,0,1,0,0,0,0,0,0,1,0,1,0,0,0,759,363,396
18,91,Siddipet,Siddipet,03,Chinnakodur,573008,0000,VILLAGE,Mallaram,Rural,185,777,403,374,88,53,35,243,128,115,10,6,4,396,248,148,381,155,226,441,227,214,433,222,211,123,60,63,266,131,135,8,3,5,36,28,8,8,5,3,2,1,1,1,0,1,1,1,0,4,3,1,8,5,3,2,1,1,1,0,1,1,1,0,4,3,1,0,0,0,0,0,0,0,0,0,0,0,0,0,0,0,336,176,160
18,91,Siddipet,Siddipet,03,Chinnakodur,573009,0000,VILLAGE,Medipalle,Rural,419,1720,895,825,165,98,67,207,102,105,12,7,5,938,579,359,782,316,466,959,498,461,956,497,459,224,147,77,373,135,238,14,3,11,345,212,133,3,1,2,0,0,0,0,0,0,0,0,0,3,1,2,2,0,2,0,0,0,0,0,0,0,0,0,2,0,2,1,1,0,0,0,0,0,0,0,0,0,0,1,1,0,761,397,364
18,91,Siddipet,Siddipet,03,Chinnakodur,573010,0000,VILLAGE,Chinnakodur,Rural,1464,6143,3050,3093,538,273,265,1178,584,594,41,20,21,3530,2083,1447,2613,967,1646,3190,1677,1513,2834,1511,1323,623,360,263,861,416,445,375,48,327,975,687,288,356,166,190,13,7,6,235,86,149,14,5,9,94,68,26,315,152,163,11,6,5,211,80,131,11,4,7,82,62,20,41,14,27,2,1,1,24,6,18,3,1,2,12,6,6,2953,1373,1580
18,91,Siddipet,Siddipet,03,Chinnakodur,573011,0000,VILLAGE,Machapur,Rural,616,2406,1189,1217,182,100,82,844,405,439,0,0,0,1120,661,459,1286,528,758,1244,639,605,1015,597,418,534,346,188,307,128,179,36,27,9,138,96,42,229,42,187,28,3,25,149,23,126,25,6,19,27,10,17,202,34,168,27,2,25,127,17,110,23,5,18,25,10,15,27,8,19,1,1,0,22,6,16,2,1,1,2,0,2,1162,550,612
18,91,Siddipet,Siddipet,03,Chinnakodur,573012,0000,VILLAGE,Gangapur,Rural,439,1907,954,953,163,84,79,341,172,169,6,2,4,979,590,389,928,364,564,989,501,488,856,448,408,461,257,204,295,133,162,32,8,24,68,50,18,133,53,80,3,2,1,38,10,28,52,13,39,40,28,12,110,44,66,3,2,1,32,7,25,41,12,29,34,23,11,23,9,14,0,0,0,6,3,3,11,1,10,6,5,1,918,453,465
18,91,Siddipet,Siddipet,03,Chinnakodur,573013,0000,VILLAGE,Ramancha,Rural,804,3290,1601,1689,333,153,180,776,367,409,29,16,13,1745,1049,696,1545,552,993,1755,877,878,1551,829,722,453,272,181,479,235,244,193,32,161,426,290,136,204,48,156,16,7,9,91,18,73,44,4,40,53,19,34,183,42,141,15,6,9,82,17,65,38,2,36,48,17,31,21,6,15,1,1,0,9,1,8,6,2,4,5,2,3,1535,724,811
18,91,Siddipet,Siddipet,03,Chinnakodur,573014,0000,VILLAGE,Chandlapur,Rural,815,3384,1640,1744,288,139,149,443,216,227,43,21,22,1891,1129,762,1493,511,982,1839,923,916,1662,841,821,571,337,234,327,159,168,343,48,295,421,297,124,177,82,95,8,4,4,98,29,69,8,2,6,63,47,16,152,69,83,6,3,3,82,24,58,8,2,6,56,40,16,25,13,12,2,1,1,16,5,11,0,0,0,7,7,0,1545,717,828
18,91,Siddipet,Siddipet,03,Chinnakodur,573015,0000,VILLAGE,Peddakodur,Rural,651,2550,1258,1292,251,134,117,531,260,271,66,32,34,1472,869,603,1078,389,689,1414,707,707,1343,670,673,259,149,110,413,209,204,272,34,238,399,278,121,71,37,34,7,1,6,28,12,16,6,2,4,30,22,8,60,31,29,7,1,6,26,12,14,6,2,4,21,16,5,11,6,5,0,0,0,2,0,2,0,0,0,9,6,3,1136,551,585
18,91,Siddipet,Siddipet,09,Siddipet_Urban,573016,0000,VILLAGE,Mandapalle,Rural,455,1997,958,1039,194,105,89,465,228,237,15,9,6,1081,587,494,916,371,545,1006,567,439,990,556,434,178,153,25,504,228,276,137,26,111,171,149,22,16,11,5,0,0,0,8,6,2,6,4,2,2,1,1,7,4,3,0,0,0,3,2,1,2,1,1,2,1,1,9,7,2,0,0,0,5,4,1,4,3,1,0,0,0,991,391,600
18,91,Siddipet,Siddipet,03,Chinnakodur,573017,0000,VILLAGE,Gonepalle,Rural,582,2407,1207,1200,208,108,100,369,188,181,20,11,9,1392,832,560,1015,375,640,1237,668,569,879,484,395,395,225,170,174,82,92,67,10,57,243,167,76,358,184,174,4,2,2,85,30,55,5,0,5,264,152,112,341,179,162,4,2,2,81,30,51,4,0,4,252,147,105,17,5,12,0,0,0,4,0,4,1,0,1,12,5,7,1170,539,631
18,91,Siddipet,Siddipet,03,Chinnakodur,573018,0000,VILLAGE,Ramuni Patta,Rural,416,1669,840,829,141,66,75,479,238,241,9,5,4,999,603,396,670,237,433,877,458,419,753,414,339,245,132,113,131,60,71,128,9,119,249,213,36,124,44,80,2,0,2,78,24,54,5,0,5,39,20,19,113,41,72,2,0,2,70,22,48,4,0,4,37,19,18,11,3,8,0,0,0,8,2,6,1,0,1,2,1,1,792,382,410
18,91,Siddipet,Siddipet,03,Chinnakodur,573019,0000,VILLAGE,Ibrahimpur,Rural,591,2745,1393,1352,353,196,157,479,239,240,5,2,3,1370,800,570,1375,593,782,1404,735,669,1064,624,440,265,175,90,314,122,192,158,69,89,327,258,69,340,111,229,77,24,53,149,35,114,14,0,14,100,52,48,331,109,222,77,24,53,144,34,110,14,0,14,96,51,45,9,2,7,0,0,0,5,1,4,0,0,0,4,1,3,1341,658,683
18,91,Siddipet,Siddipet,03,Chinnakodur,573020,0000,VILLAGE,Kothurpalle,Rural,187,788,379,409,80,37,43,165,78,87,1,1,0,402,236,166,386,143,243,408,218,190,256,147,109,142,82,60,40,19,21,13,2,11,61,44,17,152,71,81,8,3,5,87,41,46,11,1,10,46,26,20,152,71,81,8,3,5,87,41,46,11,1,10,46,26,20,0,0,0,0,0,0,0,0,0,0,0,0,0,0,0,380,161,219
18,91,Siddipet,Siddipet,03,Chinnakodur,573021,0000,VILLAGE,Sivampalle,Rural,16,61,28,33,4,1,3,10,5,5,0,0,0,37,19,18,24,9,15,31,16,15,29,15,14,21,12,9,3,1,2,2,0,2,3,2,1,2,1,1,0,0,0,2,1,1,0,0,0,0,0,0,0,0,0,0,0,0,0,0,0,0,0,0,0,0,0,2,1,1,0,0,0,2,1,1,0,0,0,0,0,0,30,12,18
18,91,Siddipet,Siddipet,03,Chinnakodur,573022,0000,VILLAGE,Sikandlapur,Rural,362,1486,763,723,148,76,72,216,106,110,38,23,15,711,432,279,775,331,444,848,449,399,808,434,374,411,237,174,214,90,124,45,4,41,138,103,35,40,15,25,4,2,2,24,8,16,6,0,6,6,5,1,25,9,16,2,0,2,13,5,8,5,0,5,5,4,1,15,6,9,2,2,0,11,3,8,1,0,1,1,1,0,638,314,324
18,91,Siddipet,Siddipet,08,Nanganur,573023,0000,VILLAGE,Mundrai,Rural,337,1425,706,719,136,68,68,239,129,110,76,41,35,724,420,304,701,286,415,661,401,260,635,389,246,259,160,99,143,75,68,29,8,21,204,146,58,26,12,14,2,0,2,10,5,5,1,0,1,13,7,6,17,8,9,2,0,2,9,4,5,1,0,1,5,4,1,9,4,5,0,0,0,1,1,0,0,0,0,8,3,5,764,305,459
18,91,Siddipet,Siddipet,08,Nanganur,573024,0000,VILLAGE,Rajagopalpet,Rural,571,2469,1207,1262,263,124,139,629,311,318,4,2,2,1374,818,556,1095,389,706,1226,679,547,1092,642,450,220,159,61,429,209,220,143,32,111,300,242,58,134,37,97,3,1,2,26,7,19,73,8,65,32,21,11,111,27,84,1,0,1,22,6,16,70,8,62,18,13,5,23,10,13,2,1,1,4,1,3,3,0,3,14,8,6,1243,528,715
18,91,Siddipet,Siddipet,08,Nanganur,573025,0000,VILLAGE,Palamakula,Rural,802,3292,1736,1556,268,146,122,699,390,309,120,67,53,1962,1222,740,1330,514,816,1597,866,731,677,502,175,314,272,42,91,34,57,61,18,43,211,178,33,920,364,556,36,30,6,584,209,375,147,15,132,153,110,43,811,323,488,24,19,5,516,185,331,127,12,115,144,107,37,109,41,68,12,11,1,68,24,44,20,3,17,9,3,6,1695,870,825
18,91,Siddipet,Siddipet,03,Chinnakodur,573026,0000,VILLAGE,Oblapur,Rural,301,1149,565,584,129,60,69,160,77,83,7,5,2,543,310,233,606,255,351,624,313,311,550,293,257,346,183,163,48,28,20,2,1,1,154,81,73,74,20,54,6,3,3,55,8,47,1,0,1,12,9,3,63,13,50,2,1,1,52,7,45,1,0,1,8,5,3,11,7,4,4,2,2,3,1,2,0,0,0,4,4,0,525,252,273
18,91,Siddipet,Siddipet,08,Nanganur,573027,0000,VILLAGE,Baddipadaga,Rural,893,3561,1752,1809,340,171,169,577,294,283,439,219,220,1943,1177,766,1618,575,1043,1903,990,913,1720,938,782,573,403,170,688,252,436,99,6,93,360,277,83,183,52,131,12,3,9,121,32,89,16,2,14,34,15,19,152,39,113,10,2,8,106,26,80,12,1,11,24,10,14,31,13,18,2,1,1,15,6,9,4,1,3,10,5,5,1658,762,896
18,91,Siddipet,Siddipet,08,Nanganur,573028,0000,VILLAGE,Rampur,Rural,313,1336,647,689,120,63,57,252,118,134,82,41,41,717,402,315,619,245,374,750,376,374,745,376,369,194,110,84,350,166,184,65,2,63,136,98,38,5,0,5,0,0,0,2,0,2,1,0,1,2,0,2,2,0,2,0,0,0,2,0,2,0,0,0,0,0,0,3,0,3,0,0,0,0,0,0,1,0,1,2,0,2,586,271,315
18,91,Siddipet,Siddipet,08,Nanganur,573029,0000,VILLAGE,Maqdumpur,Rural,447,1885,943,942,188,99,89,357,176,181,1,0,1,972,582,390,913,361,552,1016,525,491,860,499,361,345,264,81,219,63,156,4,4,0,292,168,124,156,26,130,20,7,13,50,11,39,1,0,1,85,8,77,142,20,122,18,5,13,41,7,34,0,0,0,83,8,75,14,6,8,2,2,0,9,4,5,1,0,1,2,0,2,869,418,451
18,91,Siddipet,Siddipet,08,Nanganur,573030,0000,VILLAGE,Venkatapur,Rural,312,1281,619,662,127,59,68,173,88,85,35,20,15,690,400,290,591,219,372,695,358,337,661,345,316,270,162,108,255,91,164,27,9,18,109,83,26,34,13,21,7,3,4,20,7,13,1,0,1,6,3,3,20,5,15,4,1,3,11,2,9,0,0,0,5,2,3,14,8,6,3,2,1,9,5,4,1,0,1,1,1,0,586,261,325
18,91,Siddipet,Siddipet,08,Nanganur,573031,0000,VILLAGE,Konaipalle,Rural,193,735,378,357,51,23,28,141,75,66,14,6,8,389,244,145,346,134,212,479,253,226,397,233,164,318,187,131,32,15,17,0,0,0,47,31,16,82,20,62,7,2,5,68,15,53,0,0,0,7,3,4,59,6,53,5,0,5,52,6,46,0,0,0,2,0,2,23,14,9,2,2,0,16,9,7,0,0,0,5,3,2,256,125,131
18,91,Siddipet,Siddipet,09,Siddipet_Urban,573032,0000,VILLAGE,Velkatur,Rural,364,1635,856,779,158,69,89,518,288,230,3,0,3,913,588,325,722,268,454,905,469,436,892,460,432,426,223,203,249,94,155,39,4,35,178,139,39,13,9,4,6,4,2,5,4,1,0,0,0,2,1,1,5,4,1,0,0,0,4,3,1,0,0,0,1,1,0,8,5,3,6,4,2,1,1,0,0,0,0,1,0,1,730,387,343
18,91,Siddipet,Siddipet,08,Nanganur,573033,0000,VILLAGE,Thimmaipalle,Rural,329,1301,666,635,123,60,63,153,75,78,6,3,3,754,450,304,547,216,331,694,366,328,682,359,323,281,186,95,183,66,117,115,25,90,103,82,21,12,7,5,1,1,0,2,2,0,3,0,3,6,4,2,11,6,5,1,1,0,2,2,0,3,0,3,5,3,2,1,1,0,0,0,0,0,0,0,0,0,0,1,1,0,607,300,307
18,91,Siddipet,Siddipet,08,Nanganur,573034,0000,VILLAGE,Narmetta,Rural,724,3087,1513,1574,336,163,173,521,262,259,31,17,14,1645,957,688,1442,556,886,1534,829,705,1349,776,573,564,350,214,472,250,222,95,13,82,218,163,55,185,53,132,4,2,2,144,37,107,23,2,21,14,12,2,158,43,115,4,2,2,117,27,90,23,2,21,14,12,2,27,10,17,0,0,0,27,10,17,0,0,0,0,0,0,1553,684,869
18,91,Siddipet,Siddipet,08,Nanganur,573035,0000,VILLAGE,Khanapur,Rural,310,1332,673,659,114,64,50,243,127,116,0,0,0,702,421,281,630,252,378,668,357,311,557,313,244,203,127,76,224,119,105,51,3,48,79,64,15,111,44,67,12,3,9,83,39,44,13,1,12,3,1,2,108,43,65,11,3,8,83,39,44,13,1,12,1,0,1,3,1,2,1,0,1,0,0,0,0,0,0,2,1,1,664,316,348
18,91,Siddipet,Siddipet,08,Nanganur,573036,0000,VILLAGE,Nagrajpalle,Rural,146,724,359,365,83,33,50,241,120,121,0,0,0,422,247,175,302,112,190,380,207,173,353,193,160,224,121,103,71,39,32,17,0,17,41,33,8,27,14,13,2,2,0,15,8,7,5,0,5,5,4,1,27,14,13,2,2,0,15,8,7,5,0,5,5,4,1,0,0,0,0,0,0,0,0,0,0,0,0,0,0,0,344,152,192
18,91,Siddipet,Siddipet,08,Nanganur,573037,0000,VILLAGE,Ankushapur,Rural,256,1114,548,566,100,47,53,180,87,93,9,5,4,635,367,268,479,181,298,669,368,301,520,313,207,211,158,53,199,90,109,28,1,27,82,64,18,149,55,94,3,1,2,118,46,72,14,4,10,14,4,10,84,22,62,1,1,0,71,17,54,4,2,2,8,2,6,65,33,32,2,0,2,47,29,18,10,2,8,6,2,4,445,180,265
18,91,Siddipet,Siddipet,08,Nanganur,573038,0000,VILLAGE,Nanganur,Rural,1681,6950,3574,3376,707,368,339,1260,662,598,74,41,33,4027,2465,1562,2923,1109,1814,3522,1905,1617,2718,1549,1169,727,469,258,888,455,433,339,42,297,764,583,181,804,356,448,61,25,36,389,169,220,93,5,88,261,157,104,637,282,355,50,17,33,318,138,180,70,4,66,199,123,76,167,74,93,11,8,3,71,31,40,23,1,22,62,34,28,3428,1669,1759
18,91,Siddipet,Siddipet,08,Nanganur,573039,0000,VILLAGE,Ghanpur,Rural,315,1210,606,604,111,49,62,250,125,125,8,5,3,575,348,227,635,258,377,699,347,352,697,347,350,465,286,179,213,55,158,4,1,3,15,5,10,2,0,2,0,0,0,2,0,2,0,0,0,0,0,0,2,0,2,0,0,0,2,0,2,0,0,0,0,0,0,0,0,0,0,0,0,0,0,0,0,0,0,0,0,0,511,259,252
18,91,Siddipet,Siddipet,08,Nanganur,573040,0000,VILLAGE,Akkanepalle,Rural,492,2025,1025,1000,175,97,78,390,207,183,10,6,4,1155,695,460,870,330,540,1110,571,539,1051,553,498,591,335,256,259,101,158,46,10,36,155,107,48,59,18,41,2,1,1,27,10,17,0,0,0,30,7,23,53,17,36,2,1,1,22,9,13,0,0,0,29,7,22,6,1,5,0,0,0,5,1,4,0,0,0,1,0,1,915,454,461
18,91,Siddipet,Siddipet,08,Nanganur,573041,0000,VILLAGE,Gatlamallial,Rural,686,2783,1384,1399,250,130,120,294,143,151,136,63,73,1470,849,621,1313,535,778,1484,764,720,1236,680,556,542,366,176,490,179,311,10,1,9,194,134,60,248,84,164,7,4,3,194,56,138,8,0,8,39,24,15,197,61,136,6,3,3,159,42,117,5,0,5,27,16,11,51,23,28,1,1,0,35,14,21,3,0,3,12,8,4,1299,620,679
18,91,Siddipet,Siddipet,08,Nanganur,573042,0000,VILLAGE,Kondamrajpalle,Rural,297,1259,632,627,131,62,69,150,77,73,4,2,2,614,347,267,645,285,360,655,340,315,410,244,166,201,169,32,164,44,120,3,0,3,42,31,11,245,96,149,6,5,1,188,63,125,17,6,11,34,22,12,113,49,64,5,4,1,77,30,47,15,6,9,16,9,7,132,47,85,1,1,0,111,33,78,2,0,2,18,13,5,604,292,312
18,91,Siddipet,Siddipet,08,Nanganur,573043,0000,VILLAGE,Khata,Rural,320,1241,606,635,107,54,53,275,138,137,11,4,7,693,409,284,548,197,351,783,411,372,596,333,263,273,153,120,195,91,104,35,9,26,93,80,13,187,78,109,43,24,19,128,49,79,9,1,8,7,4,3,109,43,66,9,4,5,89,34,55,6,1,5,5,4,1,78,35,43,34,20,14,39,15,24,3,0,3,2,0,2,458,195,263
18,93,Gajwel,Siddipet,19,Kondapak,573044,0000,VILLAGE,Marpadga,Rural,1442,6303,3105,3198,590,288,302,1560,745,815,3,1,2,3241,1927,1314,3062,1178,1884,3436,1816,1620,2889,1598,1291,958,631,327,765,377,388,435,57,378,731,533,198,547,218,329,27,18,9,156,53,103,185,43,142,179,104,75,330,150,180,20,13,7,129,46,83,42,11,31,139,80,59,217,68,149,7,5,2,27,7,20,143,32,111,40,24,16,2867,1289,1578
18,93,Gajwel,Siddipet,19,Kondapak,573045,0000,VILLAGE,Duddada,Rural,1255,5728,2908,2820,586,295,291,919,444,475,59,36,23,3178,1913,1265,2550,995,1555,2745,1458,1287,2529,1392,1137,534,347,187,913,437,476,228,40,188,854,568,286,216,66,150,8,4,4,126,29,97,17,2,15,65,31,34,208,66,142,8,4,4,120,29,91,16,2,14,64,31,33,8,0,8,0,0,0,6,0,6,1,0,1,1,0,1,2983,1450,1533
18,93,Gajwel,Siddipet,19,Kondapak,573046,0000,VILLAGE,Bandaram,Rural,525,2188,1084,1104,191,110,81,374,196,178,12,5,7,1100,654,446,1088,430,658,1139,586,553,1116,578,538,286,155,131,561,273,288,99,20,79,170,130,40,23,8,15,6,3,3,10,4,6,5,1,4,2,0,2,19,8,11,4,3,1,10,4,6,3,1,2,2,0,2,4,0,4,2,0,2,0,0,0,2,0,2,0,0,0,1049,498,551
18,93,Gajwel,Siddipet,19,Kondapak,573047,0000,VILLAGE,Ankireddipalle,Rural,673,2886,1476,1410,320,172,148,606,319,287,29,15,14,1536,939,597,1350,537,813,1465,761,704,1232,655,577,380,245,135,350,150,200,158,18,140,344,242,102,233,106,127,14,7,7,168,77,91,11,2,9,40,20,20,196,96,100,13,6,7,149,73,76,7,1,6,27,16,11,37,10,27,1,1,0,19,4,15,4,1,3,13,4,9,1421,715,706
18,93,Gajwel,Siddipet,19,Kondapak,573048,0000,VILLAGE,Viswanathapalle,Rural,56,299,150,149,34,19,15,0,0,0,0,0,0,115,65,50,184,85,99,168,86,82,155,81,74,146,78,68,0,0,0,0,0,0,9,3,6,13,5,8,0,0,0,7,2,5,0,0,0,6,3,3,9,3,6,0,0,0,7,2,5,0,0,0,2,1,1,4,2,2,0,0,0,0,0,0,0,0,0,4,2,2,131,64,67
18,93,Gajwel,Siddipet,19,Kondapak,573049,0000,VILLAGE,Velikattu,Rural,462,2084,1060,1024,207,119,88,599,311,288,14,7,7,1107,660,447,977,400,577,976,529,447,663,369,294,234,121,113,181,92,89,10,0,10,238,156,82,313,160,153,2,0,2,221,96,125,6,5,1,84,59,25,221,105,116,2,0,2,171,70,101,4,3,1,44,32,12,92,55,37,0,0,0,50,26,24,2,2,0,40,27,13,1108,531,577
18,93,Gajwel,Siddipet,19,Kondapak,573050,0000,VILLAGE,Zapthi Nacharam,Rural,289,1289,634,655,132,64,68,403,187,216,5,2,3,665,397,268,624,237,387,696,348,348,655,331,324,255,156,99,237,93,144,64,13,51,99,69,30,41,17,24,6,3,3,18,4,14,10,4,6,7,6,1,41,17,24,6,3,3,18,4,14,10,4,6,7,6,1,0,0,0,0,0,0,0,0,0,0,0,0,0,0,0,593,286,307
18,93,Gajwel,Siddipet,19,Kondapak,573051,0000,VILLAGE,Sirsingandla,Rural,926,3953,1960,1993,487,230,257,1005,491,514,21,12,9,1839,1106,733,2114,854,1260,2096,1094,1002,1969,1047,922,512,337,175,779,335,444,24,10,14,654,365,289,127,47,80,6,3,3,49,15,34,6,3,3,66,26,40,125,46,79,6,3,3,49,15,34,6,3,3,64,25,39,2,1,1,0,0,0,0,0,0,0,0,0,2,1,1,1857,866,991
18,93,Gajwel,Siddipet,19,Kondapak,573052,0000,VILLAGE,Giraipalle,Rural,106,516,253,263,67,34,33,104,53,51,0,0,0,252,145,107,264,108,156,256,121,135,250,119,131,96,80,16,102,19,83,34,7,27,18,13,5,6,2,4,0,0,0,4,1,3,1,1,0,1,0,1,4,1,3,0,0,0,3,1,2,0,0,0,1,0,1,2,1,1,0,0,0,1,0,1,1,1,0,0,0,0,260,132,128
18,93,Gajwel,Siddipet,19,Kondapak,573053,0000,VILLAGE,Kondapak,Rural,1247,5607,2784,2823,566,295,271,1111,551,560,20,8,12,3011,1764,1247,2596,1020,1576,2780,1458,1322,2395,1310,1085,792,463,329,782,343,439,250,43,207,571,461,110,385,148,237,14,9,5,283,95,188,15,0,15,73,44,29,249,88,161,12,8,4,178,48,130,4,0,4,55,32,23,136,60,76,2,1,1,105,47,58,11,0,11,18,12,6,2827,1326,1501
18,93,Gajwel,Siddipet,19,Kondapak,573054,0000,VILLAGE,Thimmareddipalle,Rural,376,1692,818,874,186,82,104,289,143,146,1,1,0,862,507,355,830,311,519,935,478,457,851,444,407,599,307,292,120,59,61,38,4,34,94,74,20,84,34,50,0,0,0,57,21,36,8,1,7,19,12,7,61,28,33,0,0,0,38,17,21,6,0,6,17,11,6,23,6,17,0,0,0,19,4,15,2,1,1,2,1,1,757,340,417
18,93,Gajwel,Siddipet,26,Kukunoorpally,573055,0000,VILLAGE,Lakudaram,Rural,481,1945,933,1012,262,122,140,377,180,197,9,3,6,838,472,366,1107,461,646,976,477,499,804,434,370,276,235,41,368,128,240,80,12,68,80,59,21,172,43,129,2,0,2,111,31,80,42,2,40,17,10,7,158,40,118,1,0,1,101,28,73,41,2,39,15,10,5,14,3,11,1,0,1,10,3,7,1,0,1,2,0,2,969,456,513
18,93,Gajwel,Siddipet,26,Kukunoorpally,573056,0000,VILLAGE,Madinipally,Rural,284,1311,658,653,149,75,74,478,246,232,0,0,0,651,378,273,660,280,380,703,371,332,416,284,132,181,163,18,143,54,89,4,3,1,88,64,24,287,87,200,129,31,98,99,36,63,0,0,0,59,20,39,263,81,182,119,28,91,87,33,54,0,0,0,57,20,37,24,6,18,10,3,7,12,3,9,0,0,0,2,0,2,608,287,321
18,93,Gajwel,Siddipet,26,Kukunoorpally,573057,0000,VILLAGE,Mathapalle,Rural,159,737,367,370,93,51,42,125,62,63,0,0,0,362,210,152,375,157,218,414,207,207,406,204,202,232,125,107,142,65,77,7,0,7,25,14,11,8,3,5,1,0,1,7,3,4,0,0,0,0,0,0,8,3,5,1,0,1,7,3,4,0,0,0,0,0,0,0,0,0,0,0,0,0,0,0,0,0,0,0,0,0,323,160,163
18,93,Gajwel,Siddipet,26,Kukunoorpally,573058,0000,VILLAGE,Konaipalle,Rural,144,660,332,328,102,54,48,115,59,56,0,0,0,278,176,102,382,156,226,389,203,186,387,203,184,113,69,44,72,28,44,21,1,20,181,105,76,2,0,2,0,0,0,0,0,0,0,0,0,2,0,2,2,0,2,0,0,0,0,0,0,0,0,0,2,0,2,0,0,0,0,0,0,0,0,0,0,0,0,0,0,0,271,129,142
18,93,Gajwel,Siddipet,26,Kukunoorpally,573059,0000,VILLAGE,Errapalle,Rural,401,1745,884,861,198,107,91,504,257,247,17,10,7,856,518,338,889,366,523,882,461,421,832,444,388,301,189,112,257,111,146,114,20,94,160,124,36,50,17,33,0,0,0,33,8,25,5,0,5,12,9,3,48,16,32,0,0,0,32,7,25,4,0,4,12,9,3,2,1,1,0,0,0,1,1,0,1,0,1,0,0,0,863,423,440
18,93,Gajwel,Siddipet,26,Kukunoorpally,573060,0000,VILLAGE,Singaram,Rural,111,561,288,273,69,32,37,197,105,92,0,0,0,291,183,108,270,105,165,293,165,128,288,163,125,208,116,92,49,28,21,0,0,0,31,19,12,5,2,3,2,1,1,3,1,2,0,0,0,0,0,0,4,1,3,2,1,1,2,0,2,0,0,0,0,0,0,1,1,0,0,0,0,1,1,0,0,0,0,0,0,0,268,123,145
18,93,Gajwel,Siddipet,26,Kukunoorpally,573061,0000,VILLAGE,Thipparam,Rural,272,1208,594,614,141,71,70,422,210,212,11,4,7,531,319,212,677,275,402,713,350,363,704,347,357,190,123,67,339,121,218,3,0,3,172,103,69,9,3,6,0,0,0,5,1,4,0,0,0,4,2,2,9,3,6,0,0,0,5,1,4,0,0,0,4,2,2,0,0,0,0,0,0,0,0,0,0,0,0,0,0,0,495,244,251
18,93,Gajwel,Siddipet,26,Kukunoorpally,573062,0000,VILLAGE,Muddapur,Rural,119,506,259,247,67,35,32,83,41,42,0,0,0,210,130,80,296,129,167,279,143,136,272,143,129,82,50,32,147,68,79,8,0,8,35,25,10,7,0,7,0,0,0,0,0,0,4,0,4,3,0,3,6,0,6,0,0,0,0,0,0,4,0,4,2,0,2,1,0,1,0,0,0,0,0,0,0,0,0,1,0,1,227,116,111
18,93,Gajwel,Siddipet,26,Kukunoorpally,573063,0000,VILLAGE,Mangole,Rural,470,2008,968,1040,220,105,115,349,168,181,5,3,2,977,558,419,1031,410,621,1019,544,475,679,371,308,170,117,53,324,178,146,84,6,78,101,70,31,340,173,167,10,3,7,219,97,122,21,7,14,90,66,24,242,123,119,9,3,6,176,83,93,18,6,12,39,31,8,98,50,48,1,0,1,43,14,29,3,1,2,51,35,16,989,424,565
18,93,Gajwel,Siddipet,26,Kukunoorpally,573064,0000,VILLAGE,Kuknurpalle,Rural,1124,5366,2701,2665,655,347,308,638,320,318,9,4,5,2761,1604,1157,2605,1097,1508,2529,1438,1091,2054,1250,804,520,421,99,700,308,392,229,38,191,605,483,122,475,188,287,32,11,21,323,99,224,1,0,1,119,78,41,436,169,267,26,7,19,308,96,212,1,0,1,101,66,35,39,19,20,6,4,2,15,3,12,0,0,0,18,12,6,2837,1263,1574
18,91,Siddipet,Siddipet,10,Thoguta,573065,0000,VILLAGE,Ghanpur,Rural,518,2093,1018,1075,222,111,111,522,249,273,24,10,14,998,588,410,1095,430,665,1158,575,583,1034,513,521,550,299,251,197,80,117,101,15,86,186,119,67,124,62,62,23,12,11,47,20,27,7,2,5,47,28,19,124,62,62,23,12,11,47,20,27,7,2,5,47,28,19,0,0,0,0,0,0,0,0,0,0,0,0,0,0,0,935,443,492
18,91,Siddipet,Siddipet,10,Thoguta,573066,0000,VILLAGE,Thoguta,Rural,919,3833,1869,1964,371,178,193,631,309,322,20,10,10,1533,889,644,2300,980,1320,2145,1100,1045,2011,1049,962,1097,646,451,542,201,341,125,30,95,247,172,75,134,51,83,9,4,5,43,16,27,28,4,24,54,27,27,87,32,55,9,4,5,26,9,17,18,1,17,34,18,16,47,19,28,0,0,0,17,7,10,10,3,7,20,9,11,1688,769,919
18,91,Siddipet,Siddipet,10,Thoguta,573067,0000,VILLAGE,Thukkapur,Rural,294,1296,675,621,174,107,67,215,107,108,0,0,0,625,393,232,671,282,389,678,367,311,594,318,276,454,243,211,67,30,37,25,3,22,48,42,6,84,49,35,0,0,0,40,6,34,0,0,0,44,43,1,75,48,27,0,0,0,32,6,26,0,0,0,43,42,1,9,1,8,0,0,0,8,0,8,0,0,0,1,1,0,618,308,310
18,91,Siddipet,Siddipet,10,Thoguta,573068,0000,VILLAGE,Yellareddipeta,Rural,553,2517,1224,1293,309,164,145,566,268,298,19,13,6,1228,709,519,1289,515,774,1261,658,603,1159,619,540,307,181,126,355,200,155,235,24,211,262,214,48,102,39,63,5,3,2,59,20,39,16,3,13,22,13,9,91,35,56,4,3,1,56,19,37,10,1,9,21,12,9,11,4,7,1,0,1,3,1,2,6,2,4,1,1,0,1256,566,690
18,91,Siddipet,Siddipet,10,Thoguta,573069,0000,VILLAGE,Bandarupalle,Rural,396,1668,826,842,180,96,84,213,105,108,0,0,0,850,502,348,818,324,494,970,491,479,878,461,417,265,246,19,369,113,256,85,1,84,159,101,58,92,30,62,4,3,1,63,14,49,10,3,7,15,10,5,72,22,50,4,3,1,48,8,40,10,3,7,10,8,2,20,8,12,0,0,0,15,6,9,0,0,0,5,2,3,698,335,363
18,91,Siddipet,Siddipet,10,Thoguta,573070,0000,VILLAGE,P Masanpalle,Rural,413,1767,892,875,172,94,78,166,91,75,30,17,13,858,519,339,909,373,536,964,491,473,950,488,462,78,71,7,741,370,371,69,1,68,62,46,16,14,3,11,0,0,0,7,2,5,3,0,3,4,1,3,8,2,6,0,0,0,4,1,3,1,0,1,3,1,2,6,1,5,0,0,0,3,1,2,2,0,2,1,0,1,803,401,402
18,91,Siddipet,Siddipet,10,Thoguta,573071,0000,VILLAGE,Eligaddakistapur,Rural,743,3320,1662,1658,361,169,192,388,195,193,350,175,175,1643,1002,641,1677,660,1017,1782,955,827,1737,934,803,905,527,378,263,114,149,150,21,129,419,272,147,45,21,24,9,5,4,12,3,9,4,2,2,20,11,9,37,15,22,8,5,3,9,1,8,4,2,2,16,7,9,8,6,2,1,0,1,3,2,1,0,0,0,4,4,0,1538,707,831
18,91,Siddipet,Siddipet,10,Thoguta,573072,0000,VILLAGE,Vemulaghat,Rural,617,2805,1384,1421,298,154,144,590,300,290,34,19,15,1366,800,566,1439,584,855,1500,775,725,1185,649,536,530,326,204,140,55,85,267,63,204,248,205,43,315,126,189,30,9,21,222,100,122,38,1,37,25,16,9,293,121,172,24,8,16,212,98,114,35,0,35,22,15,7,22,5,17,6,1,5,10,2,8,3,1,2,3,1,2,1305,609,696
18,91,Siddipet,Siddipet,10,Thoguta,573073,0000,VILLAGE,Pallepahad,Rural,416,1767,850,917,207,100,107,475,236,239,320,154,166,709,420,289,1058,430,628,988,470,518,897,459,438,443,226,217,302,137,165,23,11,12,129,85,44,91,11,80,0,0,0,75,8,67,15,2,13,1,1,0,84,6,78,0,0,0,70,4,66,13,1,12,1,1,0,7,5,2,0,0,0,5,4,1,2,1,1,0,0,0,779,380,399
18,91,Siddipet,Siddipet,10,Thoguta,573074,0000,VILLAGE,Gudikandula,Rural,862,3877,1927,1950,465,247,218,702,356,346,23,12,11,1964,1160,804,1913,767,1146,2112,1077,1035,1988,1011,977,684,440,244,631,299,332,288,25,263,385,247,138,124,66,58,26,16,10,49,21,28,6,3,3,43,26,17,95,50,45,21,13,8,35,14,21,4,3,1,35,20,15,29,16,13,5,3,2,14,7,7,2,0,2,8,6,2,1765,850,915
18,91,Siddipet,Siddipet,10,Thoguta,573075,0000,VILLAGE,Kangal,Rural,442,1971,974,997,200,98,102,324,162,162,3,2,1,966,576,390,1005,398,607,1012,520,492,937,490,447,461,259,202,223,104,119,75,7,68,178,120,58,75,30,45,3,1,2,40,12,28,6,4,2,26,13,13,70,28,42,2,1,1,39,12,27,5,3,2,24,12,12,5,2,3,1,0,1,1,0,1,1,1,0,2,1,1,959,454,505
18,91,Siddipet,Siddipet,10,Thoguta,573076,0000,VILLAGE,Lingampet,Rural,140,594,293,301,80,43,37,153,74,79,0,0,0,294,175,119,300,118,182,339,172,167,280,136,144,84,63,21,92,58,34,86,3,83,18,12,6,59,36,23,25,23,2,30,13,17,4,0,4,0,0,0,52,32,20,22,20,2,26,12,14,4,0,4,0,0,0,7,4,3,3,3,0,4,1,3,0,0,0,0,0,0,255,121,134
18,91,Siddipet,Siddipet,10,Thoguta,573077,0000,VILLAGE,Zaptilingareddipalle,Rural,322,1342,636,706,154,58,96,288,138,150,8,3,5,633,385,248,709,251,458,732,374,358,626,366,260,410,261,149,79,19,60,3,1,2,134,85,49,106,8,98,16,2,14,38,4,34,8,1,7,44,1,43,102,8,94,14,2,12,38,4,34,7,1,6,43,1,42,4,0,4,2,0,2,0,0,0,1,0,1,1,0,1,610,262,348
18,91,Siddipet,Siddipet,10,Thoguta,573078,0000,VILLAGE,Lingapur,Rural,453,1953,984,969,219,118,101,343,183,160,14,7,7,857,517,340,1096,467,629,1184,584,600,1171,579,592,997,495,502,89,37,52,6,1,5,79,46,33,13,5,8,1,1,0,7,4,3,5,0,5,0,0,0,13,5,8,1,1,0,7,4,3,5,0,5,0,0,0,0,0,0,0,0,0,0,0,0,0,0,0,0,0,0,769,400,369
18,91,Siddipet,Siddipet,10,Thoguta,573079,0000,VILLAGE,Venkatraopet,Rural,644,2765,1339,1426,325,159,166,538,267,271,26,14,12,1310,788,522,1455,551,904,1483,757,726,1428,731,697,765,401,364,436,207,229,80,13,67,147,110,37,55,26,29,10,5,5,36,16,20,1,1,0,8,4,4,54,25,29,10,5,5,36,16,20,0,0,0,8,4,4,1,1,0,0,0,0,0,0,0,1,1,0,0,0,0,1282,582,700
18,91,Siddipet,Siddipet,10,Thoguta,573080,0000,VILLAGE,Chandapur,Rural,209,920,452,468,118,52,66,213,108,105,12,7,5,487,306,181,433,146,287,486,254,232,481,251,230,236,139,97,71,31,40,34,3,31,140,78,62,5,3,2,0,0,0,4,2,2,0,0,0,1,1,0,4,2,2,0,0,0,4,2,2,0,0,0,0,0,0,1,1,0,0,0,0,0,0,0,0,0,0,1,1,0,434,198,236
18,91,Siddipet,Siddipet,25,Akbarpet-Bhoompally,573081,0000,VILLAGE,Khazipur,Rural,609,2777,1376,1401,311,156,155,862,431,431,19,10,9,1440,873,567,1337,503,834,1469,755,714,1445,748,697,410,260,150,615,359,256,271,11,260,149,118,31,24,7,17,5,2,3,5,3,2,7,1,6,7,1,6,15,6,9,4,2,2,4,3,1,5,1,4,2,0,2,9,1,8,1,0,1,1,0,1,2,0,2,5,1,4,1308,621,687
18,91,Siddipet,Siddipet,25,Akbarpet-Bhoompally,573082,0000,VILLAGE,Bhoompalle,Rural,958,4227,2042,2185,429,204,225,1150,538,612,47,21,26,2158,1232,926,2069,810,1259,2438,1248,1190,2042,1078,964,441,325,116,750,407,343,439,66,373,412,280,132,396,170,226,16,5,11,211,94,117,49,4,45,120,67,53,271,114,157,14,5,9,147,69,78,42,2,40,68,38,30,125,56,69,2,0,2,64,25,39,7,2,5,52,29,23,1789,794,995
18,91,Siddipet,Siddipet,25,Akbarpet-Bhoompally,573083,0000,VILLAGE,Kudavelle,Rural,89,370,162,208,47,20,27,0,0,0,0,0,0,160,84,76,210,78,132,202,91,111,198,90,108,84,65,19,13,5,8,75,1,74,26,19,7,4,1,3,0,0,0,1,0,1,2,0,2,1,1,0,2,0,2,0,0,0,1,0,1,1,0,1,0,0,0,2,1,1,0,0,0,0,0,0,1,0,1,1,1,0,168,71,97
18,91,Siddipet,Siddipet,25,Akbarpet-Bhoompally,573084,0000,VILLAGE,Mothey,Rural,584,2603,1305,1298,251,137,114,459,220,239,16,7,9,1409,852,557,1194,453,741,1426,723,703,1050,576,474,422,314,108,218,130,88,259,6,253,151,126,25,376,147,229,34,17,17,185,95,90,122,7,115,35,28,7,271,131,140,30,13,17,171,87,84,38,4,34,32,27,5,105,16,89,4,4,0,14,8,6,84,3,81,3,1,2,1177,582,595
18,91,Siddipet,Siddipet,11,Mirdoddi,573085,0000,VILLAGE,Kasulabad,Rural,447,1890,943,947,175,91,84,485,239,246,1,1,0,1022,616,406,868,327,541,951,465,486,941,459,482,257,189,68,362,210,152,233,17,216,89,43,46,10,6,4,6,3,3,2,2,0,0,0,0,2,1,1,8,4,4,4,1,3,2,2,0,0,0,0,2,1,1,2,2,0,2,2,0,0,0,0,0,0,0,0,0,0,939,478,461
18,91,Siddipet,Siddipet,11,Mirdoddi,573086,0000,VILLAGE,Mirdoddi,Rural,1603,6899,3570,3329,666,361,305,1328,716,612,73,35,38,3805,2328,1477,3094,1242,1852,3536,1842,1694,2840,1612,1228,838,560,278,755,415,340,536,58,478,711,579,132,696,230,466,20,14,6,323,127,196,227,10,217,126,79,47,515,185,330,19,13,6,249,102,147,149,6,143,98,64,34,181,45,136,1,1,0,74,25,49,78,4,74,28,15,13,3363,1728,1635
18,91,Siddipet,Siddipet,11,Mirdoddi,573087,0000,VILLAGE,Dharmaram,Rural,300,1381,690,691,131,69,62,343,172,171,3,2,1,711,424,287,670,266,404,741,376,365,694,349,345,246,157,89,162,89,73,173,7,166,113,96,17,47,27,20,1,0,1,17,8,9,9,2,7,20,17,3,41,22,19,1,0,1,15,6,9,8,2,6,17,14,3,6,5,1,0,0,0,2,2,0,1,0,1,3,3,0,640,314,326
18,91,Siddipet,Siddipet,11,Mirdoddi,573088,0000,VILLAGE,Kondapur,Rural,386,1589,791,798,143,77,66,285,137,148,15,7,8,907,525,382,682,266,416,819,437,382,795,426,369,283,179,104,152,79,73,188,22,166,172,146,26,24,11,13,1,0,1,15,6,9,0,0,0,8,5,3,21,9,12,1,0,1,13,5,8,0,0,0,7,4,3,3,2,1,0,0,0,2,1,1,0,0,0,1,1,0,770,354,416
18,91,Siddipet,Siddipet,11,Mirdoddi,573089,0000,VILLAGE,Andey,Rural,553,2393,1202,1191,235,127,108,657,326,331,4,2,2,1231,732,499,1162,470,692,1245,635,610,956,506,450,431,262,169,125,78,47,216,18,198,184,148,36,289,129,160,27,18,9,192,95,97,52,3,49,18,13,5,248,120,128,27,18,9,186,94,92,24,1,23,11,7,4,41,9,32,0,0,0,6,1,5,28,2,26,7,6,1,1148,567,581
18,91,Siddipet,Siddipet,11,Mirdoddi,573090,0000,VILLAGE,Alwal,Rural,669,2931,1473,1458,309,168,141,406,205,201,26,14,12,1511,928,583,1420,545,875,1624,826,798,1443,715,728,591,375,216,255,108,147,335,18,317,262,214,48,181,111,70,3,2,1,53,26,27,30,3,27,95,80,15,171,102,69,1,0,1,50,24,26,30,3,27,90,75,15,10,9,1,2,2,0,3,2,1,0,0,0,5,5,0,1307,647,660
18,91,Siddipet,Siddipet,11,Mirdoddi,573091,0000,VILLAGE,Lingupalle,Rural,105,424,212,212,53,32,21,411,206,205,0,0,0,195,124,71,229,88,141,239,115,124,209,102,107,157,79,78,24,14,10,13,0,13,15,9,6,30,13,17,0,0,0,3,1,2,0,0,0,27,12,15,30,13,17,0,0,0,3,1,2,0,0,0,27,12,15,0,0,0,0,0,0,0,0,0,0,0,0,0,0,0,185,97,88
18,91,Siddipet,Siddipet,11,Mirdoddi,573092,0000,VILLAGE,Mallupalle,Rural,426,1998,1001,997,225,109,116,401,200,201,11,3,8,1016,605,411,982,396,586,1212,610,602,1101,551,550,306,224,82,313,164,149,215,7,208,267,156,111,111,59,52,18,14,4,29,25,4,22,1,21,42,19,23,26,11,15,7,3,4,1,1,0,8,1,7,10,6,4,85,48,37,11,11,0,28,24,4,14,0,14,32,13,19,786,391,395
18,91,Siddipet,Siddipet,25,Akbarpet-Bhoompally,573093,0000,VILLAGE,Rudraram,Rural,814,3412,1674,1738,359,189,170,684,336,348,49,19,30,1658,1005,653,1754,669,1085,1813,905,908,1314,745,569,315,265,50,506,321,185,311,12,299,182,147,35,499,160,339,18,13,5,154,98,56,255,4,251,72,45,27,478,148,330,17,12,5,145,93,52,250,4,246,66,39,27,21,12,9,1,1,0,9,5,4,5,0,5,6,6,0,1599,769,830
18,91,Siddipet,Siddipet,25,Akbarpet-Bhoompally,573094,0000,VILLAGE,Veerareddipalle,Rural,465,2202,1123,1079,302,167,135,428,210,218,10,7,3,981,600,381,1221,523,698,1205,603,602,1124,574,550,436,261,175,279,99,180,117,12,105,292,202,90,81,29,52,5,1,4,61,21,40,5,2,3,10,5,5,58,22,36,1,0,1,48,18,30,5,2,3,4,2,2,23,7,16,4,1,3,13,3,10,0,0,0,6,3,3,997,520,477
18,91,Siddipet,Siddipet,25,Akbarpet-Bhoompally,573095,0000,VILLAGE,Jangapalle,Rural,431,2072,1021,1051,184,94,90,454,214,240,2,1,1,1153,685,468,919,336,583,995,553,442,856,537,319,470,341,129,165,97,68,131,23,108,90,76,14,139,16,123,46,8,38,64,6,58,27,2,25,2,0,2,139,16,123,46,8,38,64,6,58,27,2,25,2,0,2,0,0,0,0,0,0,0,0,0,0,0,0,0,0,0,1077,468,609
18,91,Siddipet,Siddipet,25,Akbarpet-Bhoompally,573096,0000,VILLAGE,Almaspur,Rural,107,461,235,226,64,34,30,85,40,45,0,0,0,189,119,70,272,116,156,249,127,122,249,127,122,179,97,82,26,11,15,24,0,24,20,19,1,0,0,0,0,0,0,0,0,0,0,0,0,0,0,0,0,0,0,0,0,0,0,0,0,0,0,0,0,0,0,0,0,0,0,0,0,0,0,0,0,0,0,0,0,0,212,108,104
18,91,Siddipet,Siddipet,11,Mirdoddi,573097,0000,VILLAGE,Chepial,Rural,875,4373,1817,2556,400,192,208,1215,380,835,75,25,50,2298,997,1301,2075,820,1255,2093,1060,1033,1987,1009,978,1186,661,525,335,164,171,277,31,246,189,153,36,106,51,55,13,7,6,56,25,31,15,2,13,22,17,5,83,43,40,12,7,5,40,20,20,12,2,10,19,14,5,23,8,15,1,0,1,16,5,11,3,0,3,3,3,0,2280,757,1523
18,91,Siddipet,Siddipet,12,Doultabad,573098,0000,VILLAGE,Doultabad,Rural,774,3374,1666,1708,381,212,169,325,154,171,162,79,83,1770,1035,735,1604,631,973,1751,918,833,1472,819,653,431,289,142,481,233,248,145,36,109,415,261,154,279,99,180,25,13,12,213,65,148,8,2,6,33,19,14,258,96,162,24,13,11,196,62,134,7,2,5,31,19,12,21,3,18,1,0,1,17,3,14,1,0,1,2,0,2,1623,748,875
18,91,Siddipet,Siddipet,12,Doultabad,573099,0000,VILLAGE,Lingarajpalle,Rural,141,549,266,283,59,30,29,0,0,0,0,0,0,248,150,98,301,116,185,333,161,172,327,159,168,192,149,43,124,3,121,1,0,1,10,7,3,6,2,4,3,2,1,3,0,3,0,0,0,0,0,0,6,2,4,3,2,1,3,0,3,0,0,0,0,0,0,0,0,0,0,0,0,0,0,0,0,0,0,0,0,0,216,105,111
18,91,Siddipet,Siddipet,12,Doultabad,573100,0000,VILLAGE,Dommat,Rural,1010,4465,2196,2269,506,246,260,876,437,439,38,21,17,2169,1306,863,2296,890,1406,2482,1252,1230,2143,1107,1036,935,598,337,711,272,439,124,29,95,373,208,165,339,145,194,64,28,36,175,64,111,31,12,19,69,41,28,177,69,108,19,5,14,112,41,71,10,1,9,36,22,14,162,76,86,45,23,22,63,23,40,21,11,10,33,19,14,1983,944,1039
18,91,Siddipet,Siddipet,12,Doultabad,573101,0000,VILLAGE,Surampalle,Rural,581,2770,1361,1409,314,156,158,803,378,425,47,26,21,1343,822,521,1427,539,888,1514,768,746,1508,768,740,941,507,434,445,184,261,11,6,5,111,71,40,6,0,6,2,0,2,3,0,3,0,0,0,1,0,1,6,0,6,2,0,2,3,0,3,0,0,0,1,0,1,0,0,0,0,0,0,0,0,0,0,0,0,0,0,0,1256,593,663
18,93,Gajwel,Siddipet,13,Rayapole,573102,0000,VILLAGE,Mantoor,Rural,408,1820,892,928,212,110,102,325,164,161,10,3,7,851,499,352,969,393,576,945,509,436,843,471,372,406,247,159,299,147,152,26,18,8,112,59,53,102,38,64,25,3,22,42,17,25,21,8,13,14,10,4,101,37,64,25,3,22,42,17,25,21,8,13,13,9,4,1,1,0,0,0,0,0,0,0,0,0,0,1,1,0,875,383,492
18,93,Gajwel,Siddipet,13,Rayapole,573103,0000,VILLAGE,Anajpur,Rural,594,2550,1283,1267,299,155,144,639,316,323,17,6,11,1166,686,480,1384,597,787,1415,721,694,1113,603,510,888,495,393,78,29,49,86,35,51,61,44,17,302,118,184,7,4,3,276,106,170,9,3,6,10,5,5,296,117,179,7,4,3,272,105,167,8,3,5,9,5,4,6,1,5,0,0,0,4,1,3,1,0,1,1,0,1,1135,562,573
18,93,Gajwel,Siddipet,13,Rayapole,573104,0000,VILLAGE,Rayapole,Rural,1073,4775,2389,2386,490,250,240,1126,575,551,12,5,7,2309,1383,926,2466,1006,1460,2608,1325,1283,1942,1001,941,1023,547,476,565,230,335,65,31,34,289,193,96,666,324,342,10,5,5,599,293,306,3,1,2,54,25,29,589,282,307,7,3,4,540,262,278,1,0,1,41,17,24,77,42,35,3,2,1,59,31,28,2,1,1,13,8,5,2167,1064,1103
18,91,Siddipet,Siddipet,12,Doultabad,573105,0000,VILLAGE,Mubarakpur,Rural,769,3431,1720,1711,382,211,171,627,336,291,26,16,10,1705,1014,691,1726,706,1020,1991,988,1003,1951,969,982,1140,562,578,215,104,111,43,13,30,553,290,263,40,19,21,9,2,7,12,5,7,1,0,1,18,12,6,27,14,13,8,1,7,5,3,2,1,0,1,13,10,3,13,5,8,1,1,0,7,2,5,0,0,0,5,2,3,1440,732,708
18,91,Siddipet,Siddipet,12,Doultabad,573106,0000,VILLAGE,Seripalle Bandaram,Rural,272,1199,588,611,136,64,72,131,63,68,0,0,0,534,312,222,665,276,389,672,342,330,672,342,330,529,274,255,98,36,62,14,11,3,31,21,10,0,0,0,0,0,0,0,0,0,0,0,0,0,0,0,0,0,0,0,0,0,0,0,0,0,0,0,0,0,0,0,0,0,0,0,0,0,0,0,0,0,0,0,0,0,527,246,281
18,91,Siddipet,Siddipet,12,Doultabad,573107,0000,VILLAGE,Konapur,Rural,93,400,187,213,31,11,20,202,99,103,0,0,0,175,105,70,225,82,143,253,126,127,84,52,32,68,42,26,6,5,1,0,0,0,10,5,5,169,74,95,3,1,2,166,73,93,0,0,0,0,0,0,110,58,52,3,1,2,107,57,50,0,0,0,0,0,0,59,16,43,0,0,0,59,16,43,0,0,0,0,0,0,147,61,86
18,91,Siddipet,Siddipet,12,Doultabad,573108,0000,VILLAGE,Deepayampalle,Rural,161,669,339,330,64,32,32,0,0,0,0,0,0,334,203,131,335,136,199,355,180,175,355,180,175,280,139,141,60,30,30,2,1,1,13,10,3,0,0,0,0,0,0,0,0,0,0,0,0,0,0,0,0,0,0,0,0,0,0,0,0,0,0,0,0,0,0,0,0,0,0,0,0,0,0,0,0,0,0,0,0,0,314,159,155
18,91,Siddipet,Siddipet,12,Doultabad,573109,0000,VILLAGE,Godugupalle,Rural,294,1416,719,697,147,78,69,428,223,205,0,0,0,709,438,271,707,281,426,656,350,306,583,346,237,420,286,134,109,31,78,3,1,2,51,28,23,73,4,69,2,0,2,65,4,61,1,0,1,5,0,5,72,4,68,2,0,2,64,4,60,1,0,1,5,0,5,1,0,1,0,0,0,1,0,1,0,0,0,0,0,0,760,369,391
18,91,Siddipet,Siddipet,12,Doultabad,573110,0000,VILLAGE,Mohamadshapur,Rural,309,1321,697,624,182,102,80,282,151,131,608,323,285,526,344,182,795,353,442,822,404,418,486,315,171,430,292,138,23,12,11,15,0,15,18,11,7,336,89,247,5,2,3,218,20,198,2,0,2,111,67,44,329,87,242,5,2,3,215,20,195,1,0,1,108,65,43,7,2,5,0,0,0,3,0,3,1,0,1,3,2,1,499,293,206
18,91,Siddipet,Siddipet,12,Doultabad,573111,0000,VILLAGE,Narasampalle (Patti Dommat),Rural,160,752,380,372,83,38,45,127,65,62,0,0,0,324,196,128,428,184,244,450,231,219,412,225,187,353,202,151,48,15,33,0,0,0,11,8,3,38,6,32,0,0,0,36,4,32,1,1,0,1,1,0,37,5,32,0,0,0,36,4,32,0,0,0,1,1,0,1,1,0,0,0,0,0,0,0,1,1,0,0,0,0,302,149,153
18,91,Siddipet,Siddipet,12,Doultabad,573112,0000,VILLAGE,Indupiriyal,Rural,425,2058,1057,1001,223,115,108,739,381,358,20,10,10,1006,628,378,1052,429,623,1152,605,547,1128,594,534,601,353,248,362,137,225,24,13,11,141,91,50,24,11,13,0,0,0,14,4,10,0,0,0,10,7,3,20,10,10,0,0,0,10,3,7,0,0,0,10,7,3,4,1,3,0,0,0,4,1,3,0,0,0,0,0,0,906,452,454
18,91,Siddipet,Siddipet,12,Doultabad,573113,0000,VILLAGE,Seethrampalle,Rural,2,2,2,0,0,0,0,0,0,0,0,0,0,2,2,0,0,0,0,2,2,0,2,2,0,0,0,0,0,0,0,0,0,0,2,2,0,0,0,0,0,0,0,0,0,0,0,0,0,0,0,0,0,0,0,0,0,0,0,0,0,0,0,0,0,0,0,0,0,0,0,0,0,0,0,0,0,0,0,0,0,0,0,0,0
18,91,Siddipet,Siddipet,12,Doultabad,573114,0000,VILLAGE,Machanpalle,Rural,340,1499,719,780,168,82,86,172,78,94,17,9,8,645,372,273,854,347,507,798,386,412,786,380,406,685,340,345,76,22,54,9,5,4,16,13,3,12,6,6,2,2,0,7,3,4,1,0,1,2,1,1,11,5,6,1,1,0,7,3,4,1,0,1,2,1,1,1,1,0,1,1,0,0,0,0,0,0,0,0,0,0,701,333,368
18,93,Gajwel,Siddipet,13,Rayapole,573116,0000,VILLAGE,Yelkal,Rural,468,2135,1033,1102,293,146,147,247,122,125,16,9,7,924,555,369,1211,478,733,1158,590,568,1034,536,498,717,387,330,190,69,121,8,6,2,119,74,45,124,54,70,16,10,6,64,26,38,0,0,0,44,18,26,88,43,45,11,7,4,42,21,21,0,0,0,35,15,20,36,11,25,5,3,2,22,5,17,0,0,0,9,3,6,977,443,534
18,93,Gajwel,Siddipet,13,Rayapole,573117,0000,VILLAGE,Begumpet,Rural,261,1044,525,519,121,68,53,240,121,119,46,21,25,568,347,221,476,178,298,584,298,286,507,269,238,278,176,102,131,30,101,24,13,11,74,50,24,77,29,48,5,3,2,64,22,42,6,2,4,2,2,0,73,28,45,5,3,2,60,21,39,6,2,4,2,2,0,4,1,3,0,0,0,4,1,3,0,0,0,0,0,0,460,227,233
18,91,Siddipet,Siddipet,12,Doultabad,573118,0000,VILLAGE,Appaipalle,Rural,132,570,281,289,72,40,32,0,0,0,0,0,0,233,137,96,337,144,193,326,158,168,326,158,168,292,149,143,32,9,23,0,0,0,2,0,2,0,0,0,0,0,0,0,0,0,0,0,0,0,0,0,0,0,0,0,0,0,0,0,0,0,0,0,0,0,0,0,0,0,0,0,0,0,0,0,0,0,0,0,0,0,244,123,121
18,93,Gajwel,Siddipet,13,Rayapole,573119,0000,VILLAGE,Waddepalle,Rural,598,2808,1430,1378,346,184,162,525,266,259,11,4,7,1192,724,468,1616,706,910,1601,848,753,1402,765,637,836,555,281,403,121,282,94,38,56,69,51,18,199,83,116,46,24,22,110,40,70,24,10,14,19,9,10,187,81,106,40,22,18,106,40,66,22,10,12,19,9,10,12,2,10,6,2,4,4,0,4,2,0,2,0,0,0,1207,582,625
18,93,Gajwel,Siddipet,13,Rayapole,573120,0000,VILLAGE,Ankireddipalli,Rural,204,942,449,493,103,49,54,131,59,72,0,0,0,398,221,177,544,228,316,522,267,255,426,232,194,351,191,160,50,24,26,4,3,1,21,14,7,96,35,61,8,2,6,69,25,44,7,1,6,12,7,5,95,34,61,8,2,6,69,25,44,6,0,6,12,7,5,1,1,0,0,0,0,0,0,0,1,1,0,0,0,0,420,182,238
18,93,Gajwel,Siddipet,13,Rayapole,573121,0000,VILLAGE,Ramasagar,Rural,608,2592,1292,1300,321,167,154,336,162,174,4,1,3,1087,673,414,1505,619,886,1423,723,700,1401,713,688,1115,561,554,192,89,103,24,12,12,70,51,19,22,10,12,3,1,2,14,5,9,1,0,1,4,4,0,21,9,12,3,1,2,14,5,9,1,0,1,3,3,0,1,1,0,0,0,0,0,0,0,0,0,0,1,1,0,1169,569,600
18,93,Gajwel,Siddipet,13,Rayapole,573122,0000,VILLAGE,Ramaram,Rural,549,2504,1273,1231,356,180,176,555,288,267,0,0,0,967,600,367,1537,673,864,1349,678,671,1161,663,498,525,303,222,400,174,226,5,2,3,231,184,47,188,15,173,9,4,5,164,6,158,3,1,2,12,4,8,132,10,122,2,0,2,122,5,117,1,1,0,7,4,3,56,5,51,7,4,3,42,1,41,2,0,2,5,0,5,1155,595,560
18,91,Siddipet,Siddipet,12,Doultabad,573123,0000,VILLAGE,Tirmalapur,Rural,501,2204,1102,1102,260,134,126,784,399,385,12,7,5,978,576,402,1226,526,700,1248,624,624,666,428,238,277,236,41,208,82,126,29,9,20,152,101,51,582,196,386,68,57,11,338,66,272,30,5,25,146,68,78,555,185,370,66,55,11,321,59,262,28,5,23,140,66,74,27,11,16,2,2,0,17,7,10,2,0,2,6,2,4,956,478,478
18,93,Gajwel,Siddipet,13,Rayapole,573125,0000,VILLAGE,Kothapalle,Rural,417,2128,1056,1072,264,127,137,672,334,338,13,8,5,943,587,356,1185,469,716,1162,576,586,1089,535,554,1028,496,532,18,10,8,4,3,1,39,26,13,73,41,32,7,5,2,30,13,17,1,0,1,35,23,12,72,40,32,6,4,2,30,13,17,1,0,1,35,23,12,1,1,0,1,1,0,0,0,0,0,0,0,0,0,0,966,480,486
18,93,Gajwel,Siddipet,13,Rayapole,573126,0000,VILLAGE,Chinna Masanpalle,Rural,168,687,338,349,65,34,31,216,108,108,3,2,1,323,199,124,364,139,225,389,211,178,383,210,173,263,141,122,58,25,33,5,1,4,57,43,14,6,1,5,2,0,2,4,1,3,0,0,0,0,0,0,5,0,5,2,0,2,3,0,3,0,0,0,0,0,0,1,1,0,0,0,0,1,1,0,0,0,0,0,0,0,298,127,171
18,93,Gajwel,Siddipet,18,Gajwel,573127,0000,VILLAGE,Arepalle (Sivar Bejgaon),Rural,153,617,306,311,81,45,36,0,0,0,4,3,1,326,182,144,291,124,167,301,151,150,301,151,150,182,100,82,85,41,44,10,0,10,24,10,14,0,0,0,0,0,0,0,0,0,0,0,0,0,0,0,0,0,0,0,0,0,0,0,0,0,0,0,0,0,0,0,0,0,0,0,0,0,0,0,0,0,0,0,0,0,316,155,161
18,93,Gajwel,Siddipet,13,Rayapole,573128,0000,VILLAGE,Lingareddipalle,Rural,287,1271,620,651,179,89,90,272,122,150,8,5,3,528,321,207,743,299,444,699,349,350,629,322,307,374,195,179,134,41,93,14,6,8,107,80,27,70,27,43,2,0,2,25,8,17,3,2,1,40,17,23,65,26,39,1,0,1,25,8,17,2,2,0,37,16,21,5,1,4,1,0,1,0,0,0,1,0,1,3,1,2,572,271,301
18,93,Gajwel,Siddipet,13,Rayapole,573129,0000,VILLAGE,Arepalle (Sivar Jaligaon),Rural,273,1272,617,655,180,104,76,164,77,87,4,1,3,591,329,262,681,288,393,654,307,347,641,301,340,224,110,114,327,127,200,26,15,11,64,49,15,13,6,7,2,0,2,6,2,4,1,1,0,4,3,1,13,6,7,2,0,2,6,2,4,1,1,0,4,3,1,0,0,0,0,0,0,0,0,0,0,0,0,0,0,0,618,310,308
18,91,Siddipet,Siddipet,12,Doultabad,573140,0000,VILLAGE,Upperpalle,Rural,446,2017,992,1025,244,135,109,308,148,160,12,6,6,881,520,361,1136,472,664,1170,583,587,1037,569,468,816,440,376,104,48,56,41,22,19,76,59,17,133,14,119,3,1,2,27,6,21,92,4,88,11,3,8,120,10,110,3,1,2,14,2,12,92,4,88,11,3,8,13,4,9,0,0,0,13,4,9,0,0,0,0,0,0,847,409,438
18,91,Siddipet,Siddipet,12,Doultabad,573141,0000,VILLAGE,Govindapur,Rural,462,2192,1100,1092,249,136,113,604,311,293,10,5,5,950,566,384,1242,534,708,1290,635,655,1106,623,483,465,315,150,540,259,281,4,1,3,97,48,49,184,12,172,3,2,1,124,6,118,45,0,45,12,4,8,182,11,171,3,2,1,122,5,117,45,0,45,12,4,8,2,1,1,0,0,0,2,1,1,0,0,0,0,0,0,902,465,437
18,93,Gajwel,Siddipet,18,Gajwel,573617,0000,VILLAGE,Dilalpur,Rural,463,1872,915,957,188,97,91,343,160,183,13,6,7,959,551,408,913,364,549,931,521,410,918,515,403,379,243,136,303,113,190,6,4,2,230,155,75,13,6,7,0,0,0,6,3,3,0,0,0,7,3,4,13,6,7,0,0,0,6,3,3,0,0,0,7,3,4,0,0,0,0,0,0,0,0,0,0,0,0,0,0,0,941,394,547
18,93,Gajwel,Siddipet,18,Gajwel,573618,0000,VILLAGE,Seripalle,Rural,200,895,426,469,106,49,57,294,132,162,0,0,0,417,247,170,478,179,299,468,236,232,328,186,142,99,64,35,192,97,95,1,1,0,36,24,12,140,50,90,4,1,3,99,31,68,21,6,15,16,12,4,114,39,75,3,0,3,85,26,59,13,3,10,13,10,3,26,11,15,1,1,0,14,5,9,8,3,5,3,2,1,427,190,237
18,93,Gajwel,Siddipet,18,Gajwel,573619,0000,VILLAGE,Kolgur,Rural,533,2090,1053,1037,237,119,118,465,243,222,14,7,7,1039,617,422,1051,436,615,1011,537,474,1001,530,471,563,301,262,293,127,166,13,2,11,132,100,32,10,7,3,5,3,2,5,4,1,0,0,0,0,0,0,8,5,3,4,2,2,4,3,1,0,0,0,0,0,0,2,2,0,1,1,0,1,1,0,0,0,0,0,0,0,1079,516,563
18,93,Gajwel,Siddipet,18,Gajwel,573620,0000,VILLAGE,Ahmadipur,Rural,856,3580,1825,1755,365,206,159,937,486,451,34,20,14,1658,1019,639,1922,806,1116,2176,1118,1058,1457,893,564,761,530,231,437,176,261,86,51,35,173,136,37,719,225,494,74,36,38,537,148,389,49,15,34,59,26,33,378,82,296,34,11,23,280,57,223,29,6,23,35,8,27,341,143,198,40,25,15,257,91,166,20,9,11,24,18,6,1404,707,697
18,93,Gajwel,Siddipet,18,Gajwel,573621,0000,VILLAGE,Singatam,Rural,463,1990,995,995,235,111,124,377,183,194,11,6,5,984,590,394,1006,405,601,1076,579,497,637,434,203,317,235,82,185,97,88,15,7,8,120,95,25,439,145,294,34,9,25,305,93,212,41,14,27,59,29,30,422,140,282,32,8,24,293,90,203,40,13,27,57,29,28,17,5,12,2,1,1,12,3,9,1,1,0,2,0,2,914,416,498
18,93,Gajwel,Siddipet,18,Gajwel,573622,0000,VILLAGE,Burugupalle,Rural,380,1624,798,826,161,84,77,347,174,173,0,0,0,919,511,408,705,287,418,824,460,364,775,437,338,294,234,60,242,74,168,50,7,43,189,122,67,49,23,26,2,1,1,34,16,18,0,0,0,13,6,7,49,23,26,2,1,1,34,16,18,0,0,0,13,6,7,0,0,0,0,0,0,0,0,0,0,0,0,0,0,0,800,338,462
18,93,Gajwel,Siddipet,18,Gajwel,573623,0000,VILLAGE,Dacharam,Rural,371,1390,690,700,108,56,52,454,211,243,7,4,3,833,479,354,557,211,346,579,361,218,571,358,213,308,222,86,163,59,104,12,6,6,88,71,17,8,3,5,0,0,0,5,1,4,1,0,1,2,2,0,5,2,3,0,0,0,2,0,2,1,0,1,2,2,0,3,1,2,0,0,0,3,1,2,0,0,0,0,0,0,811,329,482
18,93,Gajwel,Siddipet,18,Gajwel,573624,0000,VILLAGE,Pedched,Rural,709,3066,1540,1526,351,196,155,1104,559,545,9,6,3,1502,873,629,1564,667,897,1573,825,748,1353,753,600,647,357,290,424,195,229,37,10,27,245,191,54,220,72,148,36,19,17,126,22,104,9,3,6,49,28,21,193,60,133,32,17,15,114,18,96,5,1,4,42,24,18,27,12,15,4,2,2,12,4,8,4,2,2,7,4,3,1493,715,778
18,93,Gajwel,Siddipet,18,Gajwel,573625,0000,VILLAGE,Bejgaon,Rural,513,2265,1117,1148,248,124,124,664,328,336,12,4,8,1092,651,441,1173,466,707,1265,643,622,940,525,415,524,310,214,264,119,145,43,19,24,109,77,32,325,118,207,37,10,27,97,30,67,40,14,26,151,64,87,264,89,175,34,7,27,82,26,56,33,11,22,115,45,70,61,29,32,3,3,0,15,4,11,7,3,4,36,19,17,1000,474,526
18,93,Gajwel,Siddipet,18,Gajwel,573626,0000,VILLAGE,Bayyaram,Rural,414,1688,850,838,166,89,77,455,236,219,1,0,1,861,522,339,827,328,499,1007,507,500,949,481,468,681,332,349,197,101,96,19,12,7,52,36,16,58,26,32,0,0,0,39,15,24,2,2,0,17,9,8,49,24,25,0,0,0,34,14,20,2,2,0,13,8,5,9,2,7,0,0,0,5,1,4,0,0,0,4,1,3,681,343,338
18,93,Gajwel,Siddipet,18,Gajwel,573627,0000,VILLAGE,Jaligaon,Rural,844,3661,1842,1819,436,228,208,1005,504,501,18,7,11,1709,1058,651,1952,784,1168,1968,1017,951,1612,932,680,627,464,163,733,253,480,33,18,15,219,197,22,356,85,271,81,32,49,198,27,171,30,0,30,47,26,21,344,79,265,78,29,49,189,24,165,30,0,30,47,26,21,12,6,6,3,3,0,9,3,6,0,0,0,0,0,0,1693,825,868
18,93,Gajwel,Siddipet,18,Gajwel,573628,0000,VILLAGE,Dharmareddipalle,Rural,559,2522,1228,1294,340,172,168,476,221,255,11,4,7,1221,690,531,1301,538,763,1418,736,682,1307,714,593,864,471,393,310,127,183,9,6,3,124,110,14,111,22,89,22,2,20,53,6,47,10,3,7,26,11,15,105,21,84,21,1,20,51,6,45,10,3,7,23,11,12,6,1,5,1,1,0,2,0,2,0,0,0,3,0,3,1104,492,612
18,93,Gajwel,Siddipet,18,Gajwel,573629,0000,VILLAGE,Bangla Venkatapur,Rural,401,1909,971,938,252,126,126,280,147,133,7,5,2,939,579,360,970,392,578,1034,564,470,934,514,420,359,213,146,392,160,232,6,4,2,177,137,40,100,50,50,0,0,0,65,28,37,0,0,0,35,22,13,70,37,33,0,0,0,40,16,24,0,0,0,30,21,9,30,13,17,0,0,0,25,12,13,0,0,0,5,1,4,875,407,468
18,93,Gajwel,Siddipet,18,Gajwel,573630,0000,VILLAGE,Maqtamasanpalle,Rural,204,930,473,457,148,73,75,109,59,50,0,0,0,414,249,165,516,224,292,442,235,207,438,233,205,68,55,13,265,78,187,1,1,0,104,99,5,4,2,2,0,0,0,2,0,2,0,0,0,2,2,0,4,2,2,0,0,0,2,0,2,0,0,0,2,2,0,0,0,0,0,0,0,0,0,0,0,0,0,0,0,0,488,238,250
18,93,Gajwel,Siddipet,18,Gajwel,573631,0000,VILLAGE,Komatibanda,Rural,169,776,368,408,95,49,46,135,68,67,0,0,0,366,192,174,410,176,234,438,226,212,218,126,92,174,86,88,2,1,1,0,0,0,42,39,3,220,100,120,1,0,1,140,49,91,0,0,0,79,51,28,212,96,116,1,0,1,134,47,87,0,0,0,77,49,28,8,4,4,0,0,0,6,2,4,0,0,0,2,2,0,338,142,196
18,93,Gajwel,Siddipet,18,Gajwel,573632,0000,VILLAGE,Sangapur,Rural,136,721,351,370,88,43,45,93,47,46,0,0,0,407,216,191,314,135,179,292,200,92,269,192,77,39,31,8,57,23,34,2,0,2,171,138,33,23,8,15,1,1,0,8,0,8,0,0,0,14,7,7,9,6,3,0,0,0,2,0,2,0,0,0,7,6,1,14,2,12,1,1,0,6,0,6,0,0,0,7,1,6,429,151,278
18,93,Gajwel,Siddipet,18,Gajwel,573633,0000,VILLAGE,Mutrajpalle,Rural,856,3713,1843,1870,462,230,232,372,189,183,16,4,12,2315,1267,1048,1398,576,822,1602,958,644,1411,885,526,322,224,98,372,134,238,23,12,11,694,515,179,191,73,118,9,6,3,87,22,65,10,2,8,85,43,42,178,66,112,7,5,2,86,21,65,9,2,7,76,38,38,13,7,6,2,1,1,1,1,0,1,0,1,9,5,4,2111,885,1226
18,93,Gajwel,Siddipet,18,Gajwel,573634,0000,VILLAGE,Pragnapur,Rural,1607,7289,3712,3577,794,407,387,1086,528,558,208,105,103,4202,2430,1772,3087,1282,1805,3301,1985,1316,3045,1898,1147,529,355,174,710,316,394,119,35,84,1687,1192,495,256,87,169,22,10,12,145,41,104,7,1,6,82,35,47,210,78,132,17,8,9,112,36,76,5,1,4,76,33,43,46,9,37,5,2,3,33,5,28,2,0,2,6,2,4,3988,1727,2261
18,93,Gajwel,Siddipet,18,Gajwel,573635,0000,VILLAGE,Srigiripalle,Rural,455,2083,1016,1067,245,135,110,538,264,274,15,10,5,1071,605,466,1012,411,601,1003,535,468,972,526,446,252,211,41,549,194,355,13,9,4,158,112,46,31,9,22,9,6,3,17,2,15,1,0,1,4,1,3,30,9,21,9,6,3,16,2,14,1,0,1,4,1,3,1,0,1,0,0,0,1,0,1,0,0,0,0,0,0,1080,481,599
18,93,Gajwel,Siddipet,18,Gajwel,573636,0000,VILLAGE,Akkaram,Rural,422,1834,906,928,243,123,120,364,174,190,6,3,3,850,500,350,984,406,578,957,492,465,766,441,325,337,220,117,244,91,153,21,8,13,164,122,42,191,51,140,20,11,9,143,25,118,0,0,0,28,15,13,129,41,88,16,8,8,88,18,70,0,0,0,25,15,10,62,10,52,4,3,1,55,7,48,0,0,0,3,0,3,877,414,463
18,93,Gajwel,Siddipet,18,Gajwel,573638,0000,VILLAGE,Datarpalle,Rural,217,968,471,497,131,57,74,220,113,107,3,1,2,437,260,177,531,211,320,516,251,265,516,251,265,315,193,122,148,25,123,10,5,5,43,28,15,0,0,0,0,0,0,0,0,0,0,0,0,0,0,0,0,0,0,0,0,0,0,0,0,0,0,0,0,0,0,0,0,0,0,0,0,0,0,0,0,0,0,0,0,0,452,220,232
18,93,Gajwel,Siddipet,18,Gajwel,573639,0000,VILLAGE,Kyasaram,Rural,242,1063,544,519,110,57,53,512,260,252,9,5,4,579,351,228,484,193,291,589,306,283,539,285,254,271,138,133,165,61,104,43,38,5,60,48,12,50,21,29,11,4,7,21,6,15,7,3,4,11,8,3,42,18,24,8,2,6,20,6,14,3,2,1,11,8,3,8,3,5,3,2,1,1,0,1,4,1,3,0,0,0,474,238,236
18,93,Gajwel,Siddipet,18,Gajwel,573640,0000,VILLAGE,Rimmanguda,Rural,486,2106,1027,1079,217,114,103,585,275,310,1,1,0,1151,654,497,955,373,582,1030,542,488,638,370,268,287,183,104,133,30,103,4,2,2,214,155,59,392,172,220,4,3,1,320,124,196,4,3,1,64,42,22,381,165,216,3,2,1,316,122,194,3,2,1,59,39,20,11,7,4,1,1,0,4,2,2,1,1,0,5,3,2,1076,485,591
18,93,Gajwel,Siddipet,18,Gajwel,573641,0000,VILLAGE,Kodakondla,Rural,543,2268,1150,1118,245,136,109,659,339,320,36,15,21,1128,667,461,1140,483,657,1100,570,530,584,332,252,255,145,110,160,79,81,42,23,19,127,85,42,516,238,278,14,7,7,418,182,236,15,5,10,69,44,25,436,198,238,13,6,7,347,148,199,13,4,9,63,40,23,80,40,40,1,1,0,71,34,37,2,1,1,6,4,2,1168,580,588
18,93,Gajwel,Siddipet,26,Kukunoorpally,573643,0000,VILLAGE,Ramachandrapur,Rural,64,321,162,159,34,17,17,82,42,40,0,0,0,143,91,52,178,71,107,170,77,93,170,77,93,134,65,69,27,6,21,0,0,0,9,6,3,0,0,0,0,0,0,0,0,0,0,0,0,0,0,0,0,0,0,0,0,0,0,0,0,0,0,0,0,0,0,0,0,0,0,0,0,0,0,0,0,0,0,0,0,0,151,85,66
18,93,Gajwel,Siddipet,17,Jagadevpur,573644,0000,VILLAGE,Venkatapur,Rural,133,577,307,270,47,23,24,225,122,103,0,0,0,273,170,103,304,137,167,338,181,157,304,168,136,96,58,38,152,90,62,40,6,34,16,14,2,34,13,21,7,3,4,23,9,14,3,0,3,1,1,0,30,12,18,5,2,3,22,9,13,2,0,2,1,1,0,4,1,3,2,1,1,1,0,1,1,0,1,0,0,0,239,126,113
18,93,Gajwel,Siddipet,26,Kukunoorpally,573645,0000,VILLAGE,Chinna Kistapur,Rural,396,1572,746,826,181,75,106,559,273,286,2,0,2,796,459,337,776,287,489,728,383,345,613,360,253,276,179,97,219,108,111,12,5,7,106,68,38,115,23,92,26,9,17,61,1,60,3,1,2,25,12,13,103,19,84,22,7,15,54,0,54,3,1,2,24,11,13,12,4,8,4,2,2,7,1,6,0,0,0,1,1,0,844,363,481
18,93,Gajwel,Siddipet,26,Kukunoorpally,573646,0000,VILLAGE,Yellaiguda,Rural,123,551,270,281,74,31,43,173,79,94,0,0,0,241,146,95,310,124,186,241,125,116,165,98,67,132,88,44,18,3,15,0,0,0,15,7,8,76,27,49,0,0,0,75,26,49,0,0,0,1,1,0,74,26,48,0,0,0,73,25,48,0,0,0,1,1,0,2,1,1,0,0,0,2,1,1,0,0,0,0,0,0,310,145,165
18,93,Gajwel,Siddipet,17,Jagadevpur,573647,0000,VILLAGE,Teegul Narasapur,Rural,407,1991,1002,989,228,109,119,416,214,202,2,2,0,952,564,388,1039,438,601,1056,515,541,1004,494,510,621,406,215,314,53,261,9,4,5,60,31,29,52,21,31,5,3,2,28,9,19,2,1,1,17,8,9,41,15,26,4,2,2,24,7,17,2,1,1,11,5,6,11,6,5,1,1,0,4,2,2,0,0,0,6,3,3,935,487,448
18,93,Gajwel,Siddipet,17,Jagadevpur,573648,0000,VILLAGE,Chatlapalle,Rural,366,1604,806,798,190,91,99,293,140,153,15,8,7,804,488,316,800,318,482,864,460,404,857,458,399,298,232,66,488,167,321,19,13,6,52,46,6,7,2,5,0,0,0,7,2,5,0,0,0,0,0,0,5,1,4,0,0,0,5,1,4,0,0,0,0,0,0,2,1,1,0,0,0,2,1,1,0,0,0,0,0,0,740,346,394
18,93,Gajwel,Siddipet,17,Jagadevpur,573649,0000,VILLAGE,Wattipalle,Rural,467,1908,918,990,225,101,124,349,167,182,25,12,13,1015,588,427,893,330,563,1017,518,499,991,507,484,364,248,116,468,181,287,91,25,66,68,53,15,26,11,15,1,0,1,8,0,8,2,1,1,15,10,5,21,10,11,1,0,1,4,0,4,2,1,1,14,9,5,5,1,4,0,0,0,4,0,4,0,0,0,1,1,0,891,400,491
18,93,Gajwel,Siddipet,17,Jagadevpur,573650,0000,VILLAGE,Baswapur,Rural,327,1334,644,690,147,78,69,243,124,119,21,10,11,663,379,284,671,265,406,897,436,461,853,415,438,440,243,197,104,19,85,8,5,3,301,148,153,44,21,23,0,0,0,24,8,16,7,2,5,13,11,2,44,21,23,0,0,0,24,8,16,7,2,5,13,11,2,0,0,0,0,0,0,0,0,0,0,0,0,0,0,0,437,208,229
18,93,Gajwel,Siddipet,17,Jagadevpur,573651,0000,VILLAGE,Gopalpur,Rural,43,190,96,94,18,5,13,26,12,14,0,0,0,100,65,35,90,31,59,95,49,46,89,48,41,47,43,4,39,3,36,1,0,1,2,2,0,6,1,5,2,1,1,3,0,3,1,0,1,0,0,0,6,1,5,2,1,1,3,0,3,1,0,1,0,0,0,0,0,0,0,0,0,0,0,0,0,0,0,0,0,0,95,47,48
18,93,Gajwel,Siddipet,17,Jagadevpur,573652,0000,VILLAGE,Thimmapur,Rural,310,1360,671,689,172,82,90,376,185,191,0,0,0,643,387,256,717,284,433,697,324,373,421,259,162,254,188,66,107,33,74,11,6,5,49,32,17,276,65,211,5,5,0,196,37,159,36,1,35,39,22,17,254,61,193,5,5,0,185,35,150,27,1,26,37,20,17,22,4,18,0,0,0,11,2,9,9,0,9,2,2,0,663,347,316
18,93,Gajwel,Siddipet,17,Jagadevpur,573653,0000,VILLAGE,Ananthsagar,Rural,143,671,335,336,84,39,45,63,29,34,5,2,3,274,162,112,397,173,224,388,200,188,307,194,113,133,120,13,121,47,74,25,2,23,28,25,3,81,6,75,0,0,0,76,1,75,0,0,0,5,5,0,79,4,75,0,0,0,76,1,75,0,0,0,3,3,0,2,2,0,0,0,0,0,0,0,0,0,0,2,2,0,283,135,148
18,93,Gajwel,Siddipet,26,Kukunoorpally,573654,0000,VILLAGE,Rayavaram,Rural,293,1300,623,677,168,78,90,406,195,211,6,3,3,589,338,251,711,285,426,700,339,361,697,339,358,363,208,155,207,54,153,5,2,3,122,75,47,3,0,3,0,0,0,0,0,0,0,0,0,3,0,3,3,0,3,0,0,0,0,0,0,0,0,0,3,0,3,0,0,0,0,0,0,0,0,0,0,0,0,0,0,0,600,284,316
18,93,Gajwel,Siddipet,17,Jagadevpur,573655,0000,VILLAGE,Teegul,Rural,996,4271,2137,2134,448,214,234,1004,507,497,32,15,17,2234,1333,901,2037,804,1233,2303,1181,1122,1827,1060,767,828,512,316,669,340,329,73,24,49,257,184,73,476,121,355,8,2,6,417,90,327,23,11,12,28,18,10,461,116,345,7,2,5,406,86,320,22,10,12,26,18,8,15,5,10,1,0,1,11,4,7,1,1,0,2,0,2,1968,956,1012
18,93,Gajwel,Siddipet,16,Markook,573656,0000,VILLAGE,Angadi kistapur,Rural,224,998,500,498,110,59,51,135,70,65,22,11,11,530,318,212,468,182,286,391,272,119,226,213,13,177,173,4,29,21,8,6,6,0,14,13,1,165,59,106,1,1,0,164,58,106,0,0,0,0,0,0,162,56,106,1,1,0,161,55,106,0,0,0,0,0,0,3,3,0,0,0,0,3,3,0,0,0,0,0,0,0,607,228,379
18,93,Gajwel,Siddipet,16,Markook,573657,0000,VILLAGE,Cheberthy,Rural,719,2954,1442,1512,332,171,161,649,314,335,27,13,14,1440,830,610,1514,612,902,1484,765,719,1204,603,601,575,321,254,438,145,293,19,11,8,172,126,46,280,162,118,27,23,4,176,84,92,20,14,6,57,41,16,169,85,84,15,13,2,91,28,63,11,7,4,52,37,15,111,77,34,12,10,2,85,56,29,9,7,2,5,4,1,1470,677,793
18,93,Gajwel,Siddipet,17,Jagadevpur,573658,0000,VILLAGE,Alirajapet,Rural,498,1991,990,1001,208,105,103,707,353,354,7,2,5,1136,651,485,855,339,516,969,493,476,745,407,338,244,159,85,408,187,221,5,2,3,88,59,29,224,86,138,30,13,17,136,39,97,7,4,3,51,30,21,201,83,118,29,13,16,119,36,83,6,4,2,47,30,17,23,3,20,1,0,1,17,3,14,1,0,1,4,0,4,1022,497,525
18,93,Gajwel,Siddipet,16,Markook,573659,0000,VILLAGE,Erravalle,Rural,348,1445,717,728,177,82,95,555,290,265,11,4,7,680,417,263,765,300,465,749,390,359,367,289,78,136,132,4,110,55,55,4,0,4,117,102,15,382,101,281,2,1,1,354,93,261,9,0,9,17,7,10,322,95,227,2,1,1,302,88,214,4,0,4,14,6,8,60,6,54,0,0,0,52,5,47,5,0,5,3,1,2,696,327,369
18,93,Gajwel,Siddipet,16,Markook,573660,0000,VILLAGE,Sivar Venkatapur,Rural,228,998,485,513,108,52,56,99,42,57,7,4,3,485,288,197,513,197,316,568,286,282,491,250,241,415,207,208,59,27,32,2,2,0,15,14,1,77,36,41,9,5,4,55,21,34,3,3,0,10,7,3,51,23,28,7,4,3,36,13,23,2,2,0,6,4,2,26,13,13,2,1,1,19,8,11,1,1,0,4,3,1,430,199,231
18,93,Gajwel,Siddipet,16,Markook,573661,0000,VILLAGE,Vardarajpur,Rural,355,1432,712,720,185,95,90,152,80,72,14,8,6,574,327,247,858,385,473,766,398,368,536,357,179,406,266,140,25,18,7,6,1,5,99,72,27,230,41,189,4,2,2,214,35,179,6,2,4,6,2,4,223,41,182,4,2,2,207,35,172,6,2,4,6,2,4,7,0,7,0,0,0,7,0,7,0,0,0,0,0,0,666,314,352
18,93,Gajwel,Siddipet,17,Jagadevpur,573662,0000,VILLAGE,Dharmaram,Rural,154,626,315,311,63,30,33,76,40,36,0,0,0,275,146,129,351,169,182,343,177,166,300,157,143,224,117,107,35,11,24,3,1,2,38,28,10,43,20,23,23,13,10,17,6,11,1,0,1,2,1,1,38,18,20,19,11,8,17,6,11,1,0,1,1,1,0,5,2,3,4,2,2,0,0,0,0,0,0,1,0,1,283,138,145
18,93,Gajwel,Siddipet,17,Jagadevpur,573663,0000,VILLAGE,Itikyal,Rural,849,3539,1755,1784,447,222,225,351,170,181,24,15,9,1544,942,602,1995,813,1182,1864,927,937,1211,797,414,474,406,68,544,247,297,17,8,9,176,136,40,653,130,523,11,5,6,592,91,501,8,5,3,42,29,13,609,108,501,11,5,6,553,73,480,8,5,3,37,25,12,44,22,22,0,0,0,39,18,21,0,0,0,5,4,1,1675,828,847
18,93,Gajwel,Siddipet,17,Jagadevpur,573664,0000,VILLAGE,Peerlapalle,Rural,401,1752,854,898,212,102,110,428,203,225,9,5,4,833,491,342,919,363,556,894,481,413,824,444,380,219,146,73,520,231,289,6,2,4,79,65,14,70,37,33,2,1,1,31,16,15,17,6,11,20,14,6,62,34,28,2,1,1,31,16,15,15,6,9,14,11,3,8,3,5,0,0,0,0,0,0,2,0,2,6,3,3,858,373,485
18,93,Gajwel,Siddipet,17,Jagadevpur,573665,0000,VILLAGE,Jagadevpur,Rural,1369,6091,2969,3122,661,321,340,684,337,347,38,19,19,3605,1970,1635,2486,999,1487,2501,1545,956,2091,1376,715,453,301,152,808,443,365,50,17,33,780,615,165,410,169,241,18,3,15,233,79,154,21,4,17,138,83,55,401,166,235,18,3,15,228,79,149,19,3,16,136,81,55,9,3,6,0,0,0,5,0,5,2,1,1,2,2,0,3590,1424,2166
18,93,Gajwel,Siddipet,17,Jagadevpur,573666,0000,VILLAGE,Gollapalle,Rural,462,1798,894,904,198,107,91,269,141,128,0,0,0,908,546,362,890,348,542,858,479,379,743,444,299,189,172,17,370,140,230,24,9,15,160,123,37,115,35,80,3,2,1,61,23,38,33,3,30,18,7,11,107,33,74,3,2,1,61,23,38,26,2,24,17,6,11,8,2,6,0,0,0,0,0,0,7,1,6,1,1,0,940,415,525
18,93,Gajwel,Siddipet,26,Kukunoorpally,573667,0000,VILLAGE,Venkatapur (Bg),Rural,128,569,283,286,50,18,32,106,51,55,0,0,0,293,191,102,276,92,184,326,160,166,271,147,124,120,118,2,130,12,118,3,2,1,18,15,3,55,13,42,11,0,11,37,8,29,2,0,2,5,5,0,47,12,35,11,0,11,30,7,23,1,0,1,5,5,0,8,1,7,0,0,0,7,1,6,1,0,1,0,0,0,243,123,120
18,93,Gajwel,Siddipet,17,Jagadevpur,573668,0000,VILLAGE,Munigadapa,Rural,801,3352,1696,1656,399,221,178,539,276,263,25,11,14,1697,1002,695,1655,694,961,1796,889,907,1522,768,754,501,309,192,843,347,496,8,2,6,170,110,60,274,121,153,78,41,37,161,70,91,11,4,7,24,6,18,269,118,151,78,41,37,161,70,91,11,4,7,19,3,16,5,3,2,0,0,0,0,0,0,0,0,0,5,3,2,1556,807,749
18,93,Gajwel,Siddipet,17,Jagadevpur,573669,0000,VILLAGE,Kondapur,Rural,75,312,148,164,46,23,23,0,0,0,0,0,0,124,67,57,188,81,107,157,81,76,138,67,71,105,58,47,33,9,24,0,0,0,0,0,0,19,14,5,0,0,0,0,0,0,0,0,0,19,14,5,19,14,5,0,0,0,0,0,0,0,0,0,19,14,5,0,0,0,0,0,0,0,0,0,0,0,0,0,0,0,155,67,88
18,93,Gajwel,Siddipet,17,Jagadevpur,573670,0000,VILLAGE,Doulapur,Rural,415,1586,789,797,160,81,79,218,110,108,0,0,0,813,498,315,773,291,482,914,451,463,735,373,362,238,159,79,369,123,246,19,7,12,109,84,25,179,78,101,0,0,0,39,12,27,44,7,37,96,59,37,149,70,79,0,0,0,24,8,16,35,6,29,90,56,34,30,8,22,0,0,0,15,4,11,9,1,8,6,3,3,672,338,334
18,93,Gajwel,Siddipet,14,Wargal,573672,0000,VILLAGE,Nacharam,Rural,486,2288,1158,1130,303,168,135,433,222,211,15,7,8,1304,793,511,984,365,619,1152,612,540,873,523,350,426,235,191,165,64,101,52,46,6,230,178,52,279,89,190,60,19,41,120,24,96,62,23,39,37,23,14,239,72,167,57,17,40,104,21,83,54,19,35,24,15,9,40,17,23,3,2,1,16,3,13,8,4,4,13,8,5,1136,546,590
18,93,Gajwel,Siddipet,14,Wargal,573673,0000,VILLAGE,Majidpalle,Rural,552,2770,1402,1368,344,185,159,287,146,141,8,4,4,1448,852,596,1322,550,772,1311,719,592,1107,622,485,523,288,235,336,134,202,10,5,5,238,195,43,204,97,107,7,7,0,159,63,96,2,1,1,36,26,10,193,88,105,6,6,0,154,59,95,2,1,1,31,22,9,11,9,2,1,1,0,5,4,1,0,0,0,5,4,1,1459,683,776
18,93,Gajwel,Siddipet,14,Wargal,573674,0000,VILLAGE,Mentur,Rural,721,3458,1744,1714,393,210,183,620,318,302,32,15,17,1779,1058,721,1679,686,993,1650,957,693,1635,951,684,864,451,413,292,114,178,33,21,12,446,365,81,15,6,9,1,0,1,9,2,7,0,0,0,5,4,1,9,3,6,1,0,1,5,1,4,0,0,0,3,2,1,6,3,3,0,0,0,4,1,3,0,0,0,2,2,0,1808,787,1021
18,93,Gajwel,Siddipet,14,Wargal,573675,0000,VILLAGE,Jabbapur,Rural,199,899,450,449,142,72,70,100,48,52,0,0,0,326,198,128,573,252,321,490,259,231,484,254,230,338,169,169,58,14,44,0,0,0,88,71,17,6,5,1,2,2,0,2,1,1,0,0,0,2,2,0,6,5,1,2,2,0,2,1,1,0,0,0,2,2,0,0,0,0,0,0,0,0,0,0,0,0,0,0,0,0,409,191,218
18,93,Gajwel,Siddipet,14,Wargal,573676,0000,VILLAGE,Mylaram,Rural,517,2262,1147,1115,274,141,133,419,220,199,10,6,4,949,568,381,1313,579,734,1200,614,586,1174,599,575,388,226,162,581,235,346,12,7,5,193,131,62,26,15,11,2,1,1,17,8,9,0,0,0,7,6,1,24,14,10,2,1,1,16,8,8,0,0,0,6,5,1,2,1,1,0,0,0,1,0,1,0,0,0,1,1,0,1062,533,529
18,93,Gajwel,Siddipet,14,Wargal,573678,0000,VILLAGE,Govindapur,Rural,122,578,287,291,71,38,33,230,115,115,0,0,0,283,163,120,295,124,171,305,161,144,305,161,144,150,101,49,100,13,87,0,0,0,55,47,8,0,0,0,0,0,0,0,0,0,0,0,0,0,0,0,0,0,0,0,0,0,0,0,0,0,0,0,0,0,0,0,0,0,0,0,0,0,0,0,0,0,0,0,0,0,273,126,147
18,93,Gajwel,Siddipet,14,Wargal,573679,0000,VILLAGE,Girmapur,Rural,163,641,329,312,62,33,29,155,79,76,21,8,13,358,210,148,283,119,164,394,189,205,361,179,182,143,90,53,129,41,88,5,3,2,84,45,39,33,10,23,1,1,0,26,7,19,1,0,1,5,2,3,26,8,18,1,1,0,19,5,14,1,0,1,5,2,3,7,2,5,0,0,0,7,2,5,0,0,0,0,0,0,247,140,107
18,93,Gajwel,Siddipet,14,Wargal,573680,0000,VILLAGE,Madharam,Rural,91,515,262,253,45,28,17,321,157,164,0,0,0,268,155,113,247,107,140,270,153,117,180,96,84,67,38,29,78,29,49,0,0,0,35,29,6,90,57,33,5,5,0,60,29,31,0,0,0,25,23,2,90,57,33,5,5,0,60,29,31,0,0,0,25,23,2,0,0,0,0,0,0,0,0,0,0,0,0,0,0,0,245,109,136
18,93,Gajwel,Siddipet,14,Wargal,573681,0000,VILLAGE,Chandapur,Rural,16,65,29,36,1,1,0,0,0,0,0,0,0,54,28,26,11,1,10,17,9,8,14,8,6,9,7,2,0,0,0,0,0,0,5,1,4,3,1,2,0,0,0,2,0,2,0,0,0,1,1,0,3,1,2,0,0,0,2,0,2,0,0,0,1,1,0,0,0,0,0,0,0,0,0,0,0,0,0,0,0,0,48,20,28
18,93,Gajwel,Siddipet,14,Wargal,573682,0000,VILLAGE,Veluru,Rural,692,2943,1454,1489,359,188,171,562,267,295,0,0,0,1358,776,582,1585,678,907,1591,825,766,1410,782,628,527,349,178,621,227,394,29,20,9,233,186,47,181,43,138,16,7,9,111,17,94,19,7,12,35,12,23,143,36,107,13,7,6,97,13,84,10,7,3,23,9,14,38,7,31,3,0,3,14,4,10,9,0,9,12,3,9,1352,629,723
18,93,Gajwel,Siddipet,14,Wargal,573683,0000,VILLAGE,Ananthagiripalle,Rural,347,1374,688,686,183,87,96,198,98,100,13,9,4,582,349,233,792,339,453,690,365,325,465,328,137,299,220,79,84,44,40,0,0,0,82,64,18,225,37,188,16,13,3,202,20,182,0,0,0,7,4,3,219,33,186,11,9,2,201,20,181,0,0,0,7,4,3,6,4,2,5,4,1,1,0,1,0,0,0,0,0,0,684,323,361
18,93,Gajwel,Siddipet,14,Wargal,573685,0000,VILLAGE,Meenjipeta,Rural,406,1570,795,775,171,77,94,202,104,98,21,12,9,747,463,284,823,332,491,827,442,385,796,426,370,456,241,215,208,90,118,6,2,4,126,93,33,31,16,15,1,1,0,18,8,10,0,0,0,12,7,5,29,14,15,1,1,0,18,8,10,0,0,0,10,5,5,2,2,0,0,0,0,0,0,0,0,0,0,2,2,0,743,353,390
18,93,Gajwel,Siddipet,14,Wargal,573686,0000,VILLAGE,Tunki Makta,Rural,123,544,273,271,68,37,31,79,38,41,0,0,0,230,146,84,314,127,187,286,146,140,223,113,110,146,72,74,67,33,34,1,0,1,9,8,1,63,33,30,0,0,0,59,29,30,0,0,0,4,4,0,63,33,30,0,0,0,59,29,30,0,0,0,4,4,0,0,0,0,0,0,0,0,0,0,0,0,0,0,0,0,258,127,131
18,93,Gajwel,Siddipet,14,Wargal,573687,0000,VILLAGE,Tunkikhalasa,Rural,700,3063,1585,1478,350,180,170,792,400,392,29,17,12,1580,952,628,1483,633,850,1869,1101,768,1189,789,400,458,332,126,524,300,224,20,7,13,187,150,37,680,312,368,25,9,16,244,51,193,14,2,12,397,250,147,524,252,272,22,7,15,182,26,156,11,2,9,309,217,92,156,60,96,3,2,1,62,25,37,3,0,3,88,33,55,1194,484,710
18,93,Gajwel,Siddipet,14,Wargal,573688,0000,VILLAGE,Amberpet,Rural,227,991,493,498,130,53,77,145,70,75,25,14,11,535,320,215,456,173,283,514,283,231,510,283,227,217,146,71,219,77,142,45,34,11,29,26,3,4,0,4,0,0,0,1,0,1,0,0,0,3,0,3,4,0,4,0,0,0,1,0,1,0,0,0,3,0,3,0,0,0,0,0,0,0,0,0,0,0,0,0,0,0,477,210,267
18,93,Gajwel,Siddipet,14,Wargal,573689,0000,VILLAGE,Sitarampalle,Rural,146,638,309,329,118,53,65,22,12,10,282,137,145,175,106,69,463,203,260,440,217,223,356,174,182,246,120,126,66,25,41,4,1,3,40,28,12,84,43,41,57,36,21,19,6,13,2,1,1,6,0,6,3,1,2,1,1,0,1,0,1,0,0,0,1,0,1,81,42,39,56,35,21,18,6,12,2,1,1,5,0,5,198,92,106
18,93,Gajwel,Siddipet,14,Wargal,573690,0000,VILLAGE,Shakaram,Rural,94,463,237,226,54,28,26,217,113,104,0,0,0,225,139,86,238,98,140,216,123,93,215,122,93,89,75,14,106,27,79,1,1,0,19,19,0,1,1,0,0,0,0,0,0,0,0,0,0,1,1,0,1,1,0,0,0,0,0,0,0,0,0,0,1,1,0,0,0,0,0,0,0,0,0,0,0,0,0,0,0,0,247,114,133
18,93,Gajwel,Siddipet,14,Wargal,573691,0000,VILLAGE,Wargal,Rural,1983,9464,4889,4575,1114,555,559,1313,658,655,296,156,140,4770,2910,1860,4694,1979,2715,4427,2440,1987,4151,2319,1832,2045,1207,838,1278,459,819,85,55,30,743,598,145,276,121,155,66,57,9,155,35,120,5,2,3,50,27,23,210,85,125,58,50,8,114,19,95,5,2,3,33,14,19,66,36,30,8,7,1,41,16,25,0,0,0,17,13,4,5037,2449,2588
18,93,Gajwel,Siddipet,14,Wargal,573692,0000,VILLAGE,Gouraram,Rural,548,2414,1220,1194,332,175,157,260,121,139,9,5,4,1398,805,593,1016,415,601,1013,642,371,909,587,322,243,164,79,195,65,130,22,12,10,449,346,103,104,55,49,15,9,6,28,6,22,2,0,2,59,40,19,96,51,45,13,8,5,26,6,20,2,0,2,55,37,18,8,4,4,2,1,1,2,0,2,0,0,0,4,3,1,1401,578,823
18,93,Gajwel,Siddipet,14,Wargal,573693,0000,VILLAGE,Singaipalle,Rural,223,793,411,382,92,50,42,129,67,62,0,0,0,436,270,166,357,141,216,462,234,228,370,193,177,151,80,71,208,103,105,1,1,0,10,9,1,92,41,51,1,0,1,88,40,48,0,0,0,3,1,2,92,41,51,1,0,1,88,40,48,0,0,0,3,1,2,0,0,0,0,0,0,0,0,0,0,0,0,0,0,0,331,177,154
18,93,Gajwel,Siddipet,16,Markook,573694,0000,VILLAGE,Pamulaparthi,Rural,1401,5763,2874,2889,712,334,378,1029,504,525,12,7,5,2595,1586,1009,3168,1288,1880,3140,1618,1522,3013,1559,1454,886,553,333,1807,772,1035,13,9,4,307,225,82,127,59,68,8,5,3,107,45,62,2,1,1,10,8,2,115,54,61,7,4,3,98,43,55,2,1,1,8,6,2,12,5,7,1,1,0,9,2,7,0,0,0,2,2,0,2623,1256,1367
18,93,Gajwel,Siddipet,15,Mulug,573695,0000,VILLAGE,Banda Thimmapur,Rural,177,808,399,409,123,66,57,154,76,78,0,0,0,369,213,156,439,186,253,415,221,194,371,201,170,86,55,31,160,67,93,2,2,0,123,77,46,44,20,24,3,3,0,19,3,16,0,0,0,22,14,8,37,15,22,2,2,0,19,3,16,0,0,0,16,10,6,7,5,2,1,1,0,0,0,0,0,0,0,6,4,2,393,178,215
18,93,Gajwel,Siddipet,15,Mulug,573696,0000,VILLAGE,Kokkonda,Rural,471,2153,1084,1069,243,118,125,320,158,162,11,6,5,1146,702,444,1007,382,625,1087,603,484,722,411,311,384,209,175,156,66,90,10,7,3,172,129,43,365,192,173,64,31,33,125,37,88,5,4,1,171,120,51,355,187,168,64,31,33,125,37,88,4,3,1,162,116,46,10,5,5,0,0,0,0,0,0,1,1,0,9,4,5,1066,481,585
18,93,Gajwel,Siddipet,15,Mulug,573697,0000,VILLAGE,Kothur,Rural,576,2581,1291,1290,341,182,159,429,195,234,12,5,7,1181,674,507,1400,617,783,1390,724,666,1308,689,619,288,148,140,711,350,361,6,5,1,303,186,117,82,35,47,1,1,0,55,18,37,0,0,0,26,16,10,71,31,40,1,1,0,48,16,32,0,0,0,22,14,8,11,4,7,0,0,0,7,2,5,0,0,0,4,2,2,1191,567,624
18,93,Gajwel,Siddipet,15,Mulug,573698,0000,VILLAGE,Banda Mailaram,Rural,365,1502,728,774,209,97,112,360,166,194,9,5,4,728,436,292,774,292,482,771,423,348,669,383,286,265,141,124,176,68,108,1,0,1,227,174,53,102,40,62,11,5,6,44,13,31,1,0,1,46,22,24,99,38,61,11,5,6,42,11,31,1,0,1,45,22,23,3,2,1,0,0,0,2,2,0,0,0,0,1,0,1,731,305,426
18,93,Gajwel,Siddipet,15,Mulug,573699,0000,VILLAGE,Baswapur,Rural,200,890,459,431,128,71,57,316,159,157,0,0,0,460,277,183,430,182,248,451,263,188,351,228,123,57,39,18,91,36,55,3,0,3,200,153,47,100,35,65,5,2,3,38,9,29,3,1,2,54,23,31,75,27,48,3,2,1,34,8,26,3,1,2,35,16,19,25,8,17,2,0,2,4,1,3,0,0,0,19,7,12,439,196,243
18,93,Gajwel,Siddipet,15,Mulug,573700,0000,VILLAGE,Dasarlapalle,Rural,112,480,258,222,75,45,30,72,39,33,102,55,47,202,129,73,278,129,149,299,154,145,299,154,145,188,114,74,62,10,52,0,0,0,49,30,19,0,0,0,0,0,0,0,0,0,0,0,0,0,0,0,0,0,0,0,0,0,0,0,0,0,0,0,0,0,0,0,0,0,0,0,0,0,0,0,0,0,0,0,0,0,181,104,77
18,93,Gajwel,Siddipet,15,Mulug,573701,0000,VILLAGE,Achaipalle,Rural,242,1077,560,517,155,83,72,217,109,108,0,0,0,464,273,191,613,287,326,624,339,285,548,298,250,181,98,83,305,150,155,1,0,1,61,50,11,76,41,35,0,0,0,66,34,32,3,2,1,7,5,2,75,40,35,0,0,0,66,34,32,3,2,1,6,4,2,1,1,0,0,0,0,0,0,0,0,0,0,1,1,0,453,221,232
18,93,Gajwel,Siddipet,15,Mulug,573702,0000,VILLAGE,Singannaguda,Rural,243,1043,511,532,130,62,68,312,159,153,0,0,0,521,312,209,522,199,323,621,318,303,611,311,300,93,50,43,299,135,164,79,30,49,140,96,44,10,7,3,1,1,0,2,2,0,2,0,2,5,4,1,9,7,2,1,1,0,2,2,0,1,0,1,5,4,1,1,0,1,0,0,0,0,0,0,1,0,1,0,0,0,422,193,229
18,93,Gajwel,Siddipet,15,Mulug,573703,0000,VILLAGE,Srirampur,Rural,171,780,406,374,107,57,50,154,74,80,0,0,0,345,210,135,435,196,239,445,226,219,443,225,218,373,180,193,21,7,14,0,0,0,49,38,11,2,1,1,1,1,0,1,0,1,0,0,0,0,0,0,1,1,0,1,1,0,0,0,0,0,0,0,0,0,0,1,0,1,0,0,0,1,0,1,0,0,0,0,0,0,335,180,155
18,93,Gajwel,Siddipet,15,Mulug,573704,0000,VILLAGE,Narsapur,Rural,286,1173,589,584,186,93,93,185,85,100,26,14,12,607,363,244,566,226,340,621,352,269,606,340,266,266,143,123,89,40,49,25,15,10,226,142,84,15,12,3,3,2,1,1,0,1,0,0,0,11,10,1,13,10,3,3,2,1,1,0,1,0,0,0,9,8,1,2,2,0,0,0,0,0,0,0,0,0,0,2,2,0,552,237,315
18,93,Gajwel,Siddipet,15,Mulug,573705,0000,VILLAGE,Tuniki Bollaram,Rural,488,2047,1021,1026,225,112,113,355,181,174,7,5,2,1070,623,447,977,398,579,1106,588,518,1000,544,456,484,261,223,244,85,159,28,15,13,244,183,61,106,44,62,1,0,1,92,36,56,2,0,2,11,8,3,101,42,59,1,0,1,88,35,53,2,0,2,10,7,3,5,2,3,0,0,0,4,1,3,0,0,0,1,1,0,941,433,508
18,93,Gajwel,Siddipet,15,Mulug,573706,0000,VILLAGE,Mulug,Rural,1283,5628,2825,2803,718,366,352,1069,541,528,77,42,35,2826,1650,1176,2802,1175,1627,2985,1629,1356,2670,1488,1182,1286,710,576,827,337,490,20,12,8,537,429,108,315,141,174,27,9,18,258,112,146,2,1,1,28,19,9,299,137,162,14,5,9,257,112,145,2,1,1,26,19,7,16,4,12,13,4,9,1,0,1,0,0,0,2,0,2,2643,1196,1447
18,93,Gajwel,Siddipet,15,Mulug,573707,0000,VILLAGE,Lakshmakkapalle,Rural,259,1142,588,554,143,67,76,152,81,71,0,0,0,582,361,221,560,227,333,525,284,241,474,250,224,127,118,9,291,84,207,1,0,1,55,48,7,51,34,17,19,19,0,19,3,16,1,1,0,12,11,1,49,32,17,19,19,0,18,2,16,1,1,0,11,10,1,2,2,0,0,0,0,1,1,0,0,0,0,1,1,0,617,304,313
18,93,Gajwel,Siddipet,15,Mulug,573708,0000,VILLAGE,Chinna Thimmapur,Rural,288,1251,644,607,180,94,86,137,69,68,0,0,0,744,428,316,507,216,291,579,341,238,553,335,218,195,118,77,163,55,108,47,35,12,148,127,21,26,6,20,3,1,2,13,2,11,3,0,3,7,3,4,25,5,20,2,0,2,13,2,11,3,0,3,7,3,4,1,1,0,1,1,0,0,0,0,0,0,0,0,0,0,672,303,369
18,93,Gajwel,Siddipet,15,Mulug,573709,0000,VILLAGE,Zapthi Singaipalle,Rural,114,508,251,257,63,33,30,113,56,57,0,0,0,289,167,122,219,84,135,202,135,67,197,134,63,82,63,19,44,15,29,2,1,1,69,55,14,5,1,4,2,0,2,0,0,0,0,0,0,3,1,2,5,1,4,2,0,2,0,0,0,0,0,0,3,1,2,0,0,0,0,0,0,0,0,0,0,0,0,0,0,0,306,116,190
18,93,Gajwel,Siddipet,15,Mulug,573710,0000,VILLAGE,Gangadharpalle,Rural,95,373,191,182,44,24,20,0,0,0,0,0,0,200,124,76,173,67,106,183,109,74,171,104,67,43,29,14,24,7,17,3,2,1,101,66,35,12,5,7,1,1,0,4,0,4,0,0,0,7,4,3,12,5,7,1,1,0,4,0,4,0,0,0,7,4,3,0,0,0,0,0,0,0,0,0,0,0,0,0,0,0,190,82,108
18,93,Gajwel,Siddipet,15,Mulug,573711,0000,VILLAGE,Chilla Sagar,Rural,945,4089,2078,2011,456,242,214,877,448,429,7,5,2,1962,1172,790,2127,906,1221,2168,1181,987,2044,1128,916,899,517,382,691,260,431,19,11,8,435,340,95,124,53,71,29,9,20,56,18,38,3,1,2,36,25,11,113,50,63,27,9,18,51,17,34,3,1,2,32,23,9,11,3,8,2,0,2,5,1,4,0,0,0,4,2,2,1921,897,1024
18,93,Gajwel,Siddipet,15,Mulug,573712,0000,VILLAGE,Mustafa Guda,Rural,15,37,18,19,2,2,0,0,0,0,0,0,0,24,12,12,13,6,7,1,1,0,1,1,0,0,0,0,1,1,0,0,0,0,0,0,0,0,0,0,0,0,0,0,0,0,0,0,0,0,0,0,0,0,0,0,0,0,0,0,0,0,0,0,0,0,0,0,0,0,0,0,0,0,0,0,0,0,0,0,0,0,36,17,19
18,93,Gajwel,Siddipet,15,Mulug,573713,0000,VILLAGE,Narsampalle,Rural,254,1117,557,560,143,76,67,371,181,190,8,5,3,557,321,236,560,236,324,467,245,222,417,225,192,89,52,37,223,99,124,2,2,0,103,72,31,50,20,30,11,3,8,15,3,12,1,0,1,23,14,9,45,17,28,10,3,7,15,3,12,1,0,1,19,11,8,5,3,2,1,0,1,0,0,0,0,0,0,4,3,1,650,312,338
18,93,Gajwel,Siddipet,15,Mulug,573714,0000,VILLAGE,Bhilampur,Rural,305,1406,700,706,146,75,71,374,180,194,16,9,7,736,419,317,670,281,389,752,399,353,636,354,282,344,184,160,193,92,101,7,5,2,92,73,19,116,45,71,16,8,8,79,24,55,0,0,0,21,13,8,115,45,70,16,8,8,78,24,54,0,0,0,21,13,8,1,0,1,0,0,0,1,0,1,0,0,0,0,0,0,654,301,353
18,93,Gajwel,Siddipet,15,Mulug,573715,0000,VILLAGE,Thanedharpalle,Rural,171,721,370,351,103,62,41,146,72,74,272,140,132,274,158,116,447,212,235,377,187,190,375,187,188,65,34,31,277,128,149,1,0,1,32,25,7,2,0,2,0,0,0,2,0,2,0,0,0,0,0,0,2,0,2,0,0,0,2,0,2,0,0,0,0,0,0,0,0,0,0,0,0,0,0,0,0,0,0,0,0,0,344,183,161
18,93,Gajwel,Siddipet,15,Mulug,573716,0000,VILLAGE,Mandial,Rural,413,1645,818,827,165,82,83,477,234,243,20,12,8,736,448,288,909,370,539,784,435,349,605,375,230,166,113,53,329,171,158,9,5,4,101,86,15,179,60,119,5,4,1,157,49,108,7,0,7,10,7,3,155,58,97,5,4,1,136,48,88,5,0,5,9,6,3,24,2,22,0,0,0,21,1,20,2,0,2,1,1,0,861,383,478
18,93,Gajwel,Siddipet,16,Markook,573717,0000,VILLAGE,Markook,Rural,1089,4962,2467,2495,545,295,250,935,470,465,31,15,16,2343,1366,977,2619,1101,1518,2627,1414,1213,2407,1336,1071,1056,666,390,965,379,586,41,22,19,345,269,76,220,78,142,17,6,11,169,56,113,12,3,9,22,13,9,214,76,138,17,6,11,165,55,110,11,3,8,21,12,9,6,2,4,0,0,0,4,1,3,1,0,1,1,1,0,2335,1053,1282
18,93,Gajwel,Siddipet,15,Mulug,573718,0000,VILLAGE,Aliabad(Adivimasjid),Rural,185,874,448,426,105,52,53,244,129,115,0,0,0,469,266,203,405,182,223,382,248,134,377,247,130,123,84,39,111,53,58,20,6,14,123,104,19,5,1,4,0,0,0,0,0,0,4,0,4,1,1,0,5,1,4,0,0,0,0,0,0,4,0,4,1,1,0,0,0,0,0,0,0,0,0,0,0,0,0,0,0,0,492,200,292
18,93,Gajwel,Siddipet,15,Mulug,573719,0000,VILLAGE,Kothial,Rural,358,1442,726,716,161,106,55,199,101,98,33,19,14,725,398,327,717,328,389,767,383,384,764,381,383,199,141,58,549,228,321,0,0,0,16,12,4,3,2,1,0,0,0,2,1,1,0,0,0,1,1,0,3,2,1,0,0,0,2,1,1,0,0,0,1,1,0,0,0,0,0,0,0,0,0,0,0,0,0,0,0,0,675,343,332
18,93,Gajwel,Siddipet,16,Markook,573720,0000,VILLAGE,Karkapatla,Rural,256,1035,523,512,102,51,51,191,90,101,21,9,12,488,288,200,547,235,312,596,308,288,588,305,283,317,169,148,261,128,133,0,0,0,10,8,2,8,3,5,2,1,1,6,2,4,0,0,0,0,0,0,8,3,5,2,1,1,6,2,4,0,0,0,0,0,0,0,0,0,0,0,0,0,0,0,0,0,0,0,0,0,439,215,224
18,93,Gajwel,Siddipet,16,Markook,573721,0000,VILLAGE,Damarakunta,Rural,718,3312,1658,1654,330,180,150,928,447,481,6,2,4,1692,983,709,1620,675,945,1710,890,820,1669,874,795,756,468,288,738,291,447,19,12,7,156,103,53,41,16,25,11,8,3,28,7,21,1,0,1,1,1,0,38,14,24,9,6,3,27,7,20,1,0,1,1,1,0,3,2,1,2,2,0,1,0,1,0,0,0,0,0,0,1602,768,834
18,91,Siddipet,Siddipet,21,Cheriyal,577605,0000,VILLAGE,Tadoor,Rural,323,1350,670,680,130,60,70,297,156,141,14,7,7,674,426,248,676,244,432,694,368,326,532,323,209,154,116,38,259,134,125,28,2,26,91,71,20,162,45,117,26,13,13,116,24,92,13,1,12,7,7,0,161,45,116,26,13,13,115,24,91,13,1,12,7,7,0,1,0,1,0,0,0,1,0,1,0,0,0,0,0,0,656,302,354
18,91,Siddipet,Siddipet,21,Cheriyal,577606,0000,VILLAGE,Chityal,Rural,530,2315,1132,1183,279,138,141,505,250,255,23,10,13,1158,694,464,1157,438,719,1244,638,606,1238,637,601,520,369,151,387,72,315,137,28,109,194,168,26,6,1,5,1,1,0,1,0,1,2,0,2,2,0,2,4,1,3,1,1,0,1,0,1,1,0,1,1,0,1,2,0,2,0,0,0,0,0,0,1,0,1,1,0,1,1071,494,577
18,91,Siddipet,Siddipet,21,Cheriyal,577607,0000,VILLAGE,Danampalle,Rural,309,1219,595,624,123,68,55,224,113,111,0,0,0,617,353,264,602,242,360,626,318,308,328,176,152,139,131,8,94,8,86,53,4,49,42,33,9,298,142,156,1,0,1,259,137,122,33,1,32,5,4,1,298,142,156,1,0,1,259,137,122,33,1,32,5,4,1,0,0,0,0,0,0,0,0,0,0,0,0,0,0,0,593,277,316
18,91,Siddipet,Siddipet,21,Cheriyal,577608,0000,VILLAGE,Dommata,Rural,580,2593,1309,1284,277,138,139,593,292,301,10,7,3,1470,876,594,1123,433,690,1420,726,694,1025,647,378,352,271,81,449,242,207,118,42,76,106,92,14,395,79,316,19,4,15,278,46,232,50,2,48,48,27,21,348,69,279,18,3,15,267,42,225,30,2,28,33,22,11,47,10,37,1,1,0,11,4,7,20,0,20,15,5,10,1173,583,590
18,91,Siddipet,Siddipet,21,Cheriyal,577609,0000,VILLAGE,Akunur,Rural,1375,5803,2879,2924,648,328,320,1008,535,473,7,3,4,2994,1786,1208,2809,1093,1716,3120,1567,1553,2435,1279,1156,839,474,365,886,351,535,187,58,129,523,396,127,685,288,397,78,40,38,367,134,233,44,13,31,196,101,95,580,242,338,78,40,38,342,127,215,38,10,28,122,65,57,105,46,59,0,0,0,25,7,18,6,3,3,74,36,38,2683,1312,1371
18,91,Siddipet,Siddipet,21,Cheriyal,577610,0000,VILLAGE,Cheriyal,Rural,4199,18310,9217,9093,1812,877,935,3453,1864,1589,93,57,36,11668,6774,4894,6642,2443,4199,8023,4650,3373,7198,4301,2897,1405,940,465,2025,869,1156,719,101,618,3049,2391,658,825,349,476,65,47,18,328,120,208,127,11,116,305,171,134,659,293,366,60,43,17,276,98,178,75,9,66,248,143,105,166,56,110,5,4,1,52,22,30,52,2,50,57,28,29,10287,4567,5720
18,91,Siddipet,Siddipet,21,Cheriyal,577611,0000,VILLAGE,Vechareni,Rural,640,2796,1378,1418,312,166,146,940,469,471,4,1,3,1458,866,592,1338,512,826,1523,749,774,1302,716,586,418,293,125,484,173,311,143,55,88,257,195,62,221,33,188,1,1,0,151,4,147,38,10,28,31,18,13,219,33,186,1,1,0,149,4,145,38,10,28,31,18,13,2,0,2,0,0,0,2,0,2,0,0,0,0,0,0,1273,629,644
18,91,Siddipet,Siddipet,20,Komaravelly,577612,0000,VILLAGE,Kistampeta,Rural,381,1769,906,863,181,90,91,621,315,306,8,4,4,1003,616,387,766,290,476,966,495,471,894,460,434,172,122,50,436,184,252,112,34,78,174,120,54,72,35,37,2,0,2,48,22,26,1,0,1,21,13,8,72,35,37,2,0,2,48,22,26,1,0,1,21,13,8,0,0,0,0,0,0,0,0,0,0,0,0,0,0,0,803,411,392
18,91,Siddipet,Siddipet,20,Komaravelly,577613,0000,VILLAGE,Marrimuchala,Rural,504,1910,938,972,155,76,79,682,334,348,7,4,3,1080,642,438,830,296,534,935,514,421,930,512,418,201,130,71,383,157,226,97,36,61,249,189,60,5,2,3,0,0,0,3,1,2,1,0,1,1,1,0,5,2,3,0,0,0,3,1,2,1,0,1,1,1,0,0,0,0,0,0,0,0,0,0,0,0,0,0,0,0,975,424,551
18,91,Siddipet,Siddipet,20,Komaravelly,577614,0000,VILLAGE,Gouraipalle,Rural,368,1575,776,799,136,74,62,287,135,152,0,0,0,797,467,330,778,309,469,763,392,371,760,392,368,347,237,110,299,106,193,13,3,10,101,46,55,3,0,3,0,0,0,3,0,3,0,0,0,0,0,0,3,0,3,0,0,0,3,0,3,0,0,0,0,0,0,0,0,0,0,0,0,0,0,0,0,0,0,0,0,0,812,384,428
18,91,Siddipet,Siddipet,20,Komaravelly,577615,0000,VILLAGE,Komaravelly,Rural,822,3813,1903,1910,400,194,206,599,304,295,19,10,9,2070,1234,836,1743,669,1074,1880,1075,805,1462,880,582,366,309,57,377,112,265,167,51,116,552,408,144,418,195,223,14,11,3,202,56,146,34,5,29,168,123,45,401,189,212,13,10,3,197,54,143,34,5,29,157,120,37,17,6,11,1,1,0,5,2,3,0,0,0,11,3,8,1933,828,1105
18,91,Siddipet,Siddipet,20,Komaravelly,577616,0000,VILLAGE,Ramsagar,Rural,264,1126,567,559,136,82,54,432,217,215,12,7,5,543,320,223,583,247,336,763,385,378,352,225,127,243,151,92,39,22,17,2,1,1,68,51,17,411,160,251,6,4,2,256,88,168,7,0,7,142,68,74,345,130,215,6,4,2,251,87,164,6,0,6,82,39,43,66,30,36,0,0,0,5,1,4,1,0,1,60,29,31,363,182,181
18,91,Siddipet,Siddipet,20,Komaravelly,577617,0000,VILLAGE,Ainapur,Rural,871,3765,1845,1920,407,191,216,803,386,417,9,5,4,2033,1192,841,1732,653,1079,1939,1045,894,1692,978,714,521,366,155,828,368,460,40,11,29,303,233,70,247,67,180,9,2,7,180,47,133,26,0,26,32,18,14,234,62,172,9,2,7,171,44,127,25,0,25,29,16,13,13,5,8,0,0,0,9,3,6,1,0,1,3,2,1,1826,800,1026
18,91,Siddipet,Siddipet,20,Komaravelly,577618,0000,VILLAGE,Thapaspalle,Rural,169,846,429,417,94,41,53,99,49,50,0,0,0,419,256,163,427,173,254,473,237,236,470,236,234,263,138,125,135,61,74,12,0,12,60,37,23,3,1,2,0,0,0,1,1,0,1,0,1,1,0,1,2,0,2,0,0,0,0,0,0,1,0,1,1,0,1,1,1,0,0,0,0,1,1,0,0,0,0,0,0,0,373,192,181
18,91,Siddipet,Siddipet,20,Komaravelly,577619,0000,VILLAGE,Guruvannapeta,Rural,413,1945,993,952,229,117,112,327,155,172,0,0,0,880,557,323,1065,436,629,1085,544,541,1031,523,508,300,182,118,537,207,330,22,6,16,172,128,44,54,21,33,1,1,0,41,16,25,0,0,0,12,4,8,42,17,25,1,1,0,30,13,17,0,0,0,11,3,8,12,4,8,0,0,0,11,3,8,0,0,0,1,1,0,860,449,411
18,91,Siddipet,Siddipet,20,Komaravelly,577620,0000,VILLAGE,Posanpalle,Rural,276,1282,626,656,149,84,65,311,148,163,6,3,3,741,399,342,541,227,314,763,384,379,757,383,374,350,207,143,344,125,219,8,3,5,55,48,7,6,1,5,0,0,0,6,1,5,0,0,0,0,0,0,6,1,5,0,0,0,6,1,5,0,0,0,0,0,0,0,0,0,0,0,0,0,0,0,0,0,0,0,0,0,519,242,277
18,91,Siddipet,Siddipet,21,Cheriyal,577621,0000,VILLAGE,Nagapuri,Rural,850,3779,1872,1907,394,197,197,797,402,395,0,0,0,1886,1141,745,1893,731,1162,2018,1035,983,1913,1006,907,708,423,285,893,401,492,91,22,69,221,160,61,105,29,76,7,2,5,79,21,58,6,0,6,13,6,7,74,24,50,6,2,4,54,17,37,3,0,3,11,5,6,31,5,26,1,0,1,25,4,21,3,0,3,2,1,1,1761,837,924
18,91,Siddipet,Siddipet,21,Cheriyal,577622,0000,VILLAGE,Peddarajupeta,Rural,241,1049,522,527,114,52,62,422,205,217,0,0,0,597,367,230,452,155,297,524,272,252,364,210,154,171,101,70,83,32,51,10,5,5,100,72,28,160,62,98,3,1,2,87,22,65,3,1,2,67,38,29,147,57,90,1,0,1,81,21,60,3,1,2,62,35,27,13,5,8,2,1,1,6,1,5,0,0,0,5,3,2,525,250,275
18,91,Siddipet,Siddipet,21,Cheriyal,577623,0000,VILLAGE,Kadavergu,Rural,1306,5627,2797,2830,554,281,273,1281,636,645,39,21,18,3064,1868,1196,2563,929,1634,2893,1518,1375,2414,1318,1096,1113,763,350,699,190,509,144,52,92,458,313,145,479,200,279,13,8,5,321,132,189,55,6,49,90,54,36,466,196,270,13,8,5,314,131,183,52,5,47,87,52,35,13,4,9,0,0,0,7,1,6,3,1,2,3,2,1,2734,1279,1455
18,91,Siddipet,Siddipet,21,Cheriyal,577624,0000,VILLAGE,Chunchankota,Rural,622,2495,1268,1227,258,132,126,583,306,277,29,15,14,1223,766,457,1272,502,770,1316,673,643,1170,612,558,523,308,215,359,150,209,46,9,37,242,145,97,146,61,85,3,1,2,76,19,57,11,7,4,56,34,22,129,54,75,3,1,2,71,18,53,4,4,0,51,31,20,17,7,10,0,0,0,5,1,4,7,3,4,5,3,2,1179,595,584
18,91,Siddipet,Siddipet,21,Cheriyal,577625,0000,VILLAGE,Mushyala,Rural,1244,5442,2877,2565,463,251,212,860,443,417,14,9,5,3220,2030,1190,2222,847,1375,2599,1385,1214,2434,1345,1089,871,500,371,813,345,468,127,31,96,623,469,154,165,40,125,7,5,2,117,19,98,7,2,5,34,14,20,152,38,114,7,5,2,106,18,88,6,2,4,33,13,20,13,2,11,0,0,0,11,1,10,1,0,1,1,1,0,2843,1492,1351
18,91,Siddipet,Siddipet,21,Cheriyal,577626,0000,VILLAGE,Kamalayapalli,Rural,251,941,460,481,84,45,39,175,78,97,15,6,9,470,271,199,471,189,282,503,239,264,318,176,142,173,125,48,96,28,68,12,3,9,37,20,17,185,63,122,22,11,11,79,28,51,50,4,46,34,20,14,145,51,94,20,11,9,62,22,40,40,3,37,23,15,8,40,12,28,2,0,2,17,6,11,10,1,9,11,5,6,438,221,217
18,91,Siddipet,Siddipet,21,Cheriyal,577627,0000,VILLAGE,Arjunpatla,Rural,308,1222,621,601,114,57,57,296,163,133,16,10,6,686,419,267,536,202,334,553,300,253,285,196,89,67,58,9,16,9,7,11,6,5,191,123,68,268,104,164,3,3,0,212,75,137,24,4,20,29,22,7,267,104,163,3,3,0,211,75,136,24,4,20,29,22,7,1,0,1,0,0,0,1,0,1,0,0,0,0,0,0,669,321,348
18,92,Husnabad,Siddipet,24,Dhoolmitta,577628,0000,VILLAGE,Jalapalle,Rural,330,1484,737,747,147,75,72,171,85,86,16,10,6,799,457,342,685,280,405,797,435,362,732,400,332,151,103,48,356,178,178,82,9,73,143,110,33,65,35,30,2,1,1,60,32,28,0,0,0,3,2,1,22,13,9,2,1,1,18,11,7,0,0,0,2,1,1,43,22,21,0,0,0,42,21,21,0,0,0,1,1,0,687,302,385
18,92,Husnabad,Siddipet,24,Dhoolmitta,577629,0000,VILLAGE,Lingapur,Rural,345,1403,700,703,123,65,58,381,180,201,7,4,3,781,450,331,622,250,372,729,373,356,585,342,243,294,191,103,157,65,92,40,8,32,94,78,16,144,31,113,5,1,4,122,15,107,0,0,0,17,15,2,121,21,100,5,1,4,107,12,95,0,0,0,9,8,1,23,10,13,0,0,0,15,3,12,0,0,0,8,7,1,674,327,347
18,92,Husnabad,Siddipet,24,Dhoolmitta,577630,0000,VILLAGE,Dhoolmitta,Rural,678,2609,1283,1326,240,123,117,537,273,264,21,11,10,1489,877,612,1120,406,714,1309,674,635,1190,654,536,364,210,154,375,168,207,145,42,103,306,234,72,119,20,99,7,0,7,77,10,67,5,0,5,30,10,20,103,15,88,7,0,7,65,6,59,3,0,3,28,9,19,16,5,11,0,0,0,12,4,8,2,0,2,2,1,1,1300,609,691
18,92,Husnabad,Siddipet,24,Dhoolmitta,577631,0000,VILLAGE,Thornala,Rural,284,1187,575,612,116,52,64,36,15,21,4,1,3,648,381,267,539,194,345,642,324,318,577,306,271,160,140,20,254,78,176,72,10,62,91,78,13,65,18,47,2,1,1,44,6,38,8,3,5,11,8,3,51,16,35,2,1,1,32,5,27,8,3,5,9,7,2,14,2,12,0,0,0,12,1,11,0,0,0,2,1,1,545,251,294
18,92,Husnabad,Siddipet,24,Dhoolmitta,577632,0000,VILLAGE,Bekkal,Rural,439,2020,1003,1017,200,107,93,385,185,200,158,79,79,1020,595,425,1000,408,592,1074,565,509,1063,560,503,508,318,190,231,34,197,6,2,4,318,206,112,11,5,6,0,0,0,7,3,4,0,0,0,4,2,2,10,4,6,0,0,0,7,3,4,0,0,0,3,1,2,1,1,0,0,0,0,0,0,0,0,0,0,1,1,0,946,438,508
18,92,Husnabad,Siddipet,24,Dhoolmitta,577633,0000,VILLAGE,Kondapur,Rural,647,2858,1436,1422,352,179,173,321,166,155,1989,1002,987,1271,783,488,1587,653,934,1482,732,750,1390,698,692,962,566,396,341,62,279,3,3,0,84,67,17,92,34,58,5,2,3,81,28,53,1,0,1,5,4,1,92,34,58,5,2,3,81,28,53,1,0,1,5,4,1,0,0,0,0,0,0,0,0,0,0,0,0,0,0,0,1376,704,672
18,92,Husnabad,Siddipet,24,Dhoolmitta,577634,0000,VILLAGE,Kootigal,Rural,430,1684,816,868,159,80,79,365,182,183,529,263,266,820,484,336,864,332,532,833,400,433,823,398,425,372,246,126,337,76,261,23,9,14,91,67,24,10,2,8,0,0,0,8,1,7,0,0,0,2,1,1,9,2,7,0,0,0,7,1,6,0,0,0,2,1,1,1,0,1,0,0,0,1,0,1,0,0,0,0,0,0,851,416,435
18,92,Husnabad,Siddipet,24,Dhoolmitta,577635,0000,VILLAGE,Bairanpalle,Rural,549,2256,1098,1158,213,104,109,230,107,123,27,11,16,1321,753,568,935,345,590,1192,616,576,1183,611,572,426,292,134,524,196,328,90,21,69,143,102,41,9,5,4,2,2,0,1,0,1,1,0,1,5,3,2,8,5,3,2,2,0,1,0,1,0,0,0,5,3,2,1,0,1,0,0,0,0,0,0,1,0,1,0,0,0,1064,482,582
18,92,Husnabad,Siddipet,22,Maddur,577636,0000,VILLAGE,Vallampatla,Rural,410,1758,878,880,162,89,73,334,174,160,0,0,0,996,583,413,762,295,467,928,479,449,793,419,374,510,266,244,136,43,93,6,2,4,141,108,33,135,60,75,3,2,1,67,23,44,1,0,1,64,35,29,132,59,73,3,2,1,65,22,43,1,0,1,63,35,28,3,1,2,0,0,0,2,1,1,0,0,0,1,0,1,830,399,431
18,92,Husnabad,Siddipet,22,Maddur,577637,0000,VILLAGE,Gagillapur,Rural,517,2285,1122,1163,231,108,123,395,199,196,2,1,1,1213,709,504,1072,413,659,1172,593,579,802,516,286,197,143,54,447,265,182,28,8,20,130,100,30,370,77,293,16,2,14,321,62,259,6,1,5,27,12,15,352,73,279,16,2,14,312,61,251,4,1,3,20,9,11,18,4,14,0,0,0,9,1,8,2,0,2,7,3,4,1113,529,584
18,92,Husnabad,Siddipet,22,Maddur,577638,0000,VILLAGE,Narsaipalle,Rural,439,1821,885,936,137,68,69,345,163,182,132,67,65,988,568,420,833,317,516,945,486,459,933,480,453,359,242,117,407,143,264,61,15,46,106,80,26,12,6,6,2,1,1,3,2,1,0,0,0,7,3,4,7,5,2,2,1,1,2,2,0,0,0,0,3,2,1,5,1,4,0,0,0,1,0,1,0,0,0,4,1,3,876,399,477
18,92,Husnabad,Siddipet,22,Maddur,577639,0000,VILLAGE,Maddur,Rural,673,3221,1668,1553,333,166,167,775,434,341,13,8,5,2223,1278,945,998,390,608,1229,778,451,1141,734,407,237,157,80,351,157,194,46,12,34,507,408,99,88,44,44,3,2,1,26,6,20,4,1,3,55,35,20,74,39,35,3,2,1,22,6,16,4,1,3,45,30,15,14,5,9,0,0,0,4,0,4,0,0,0,10,5,5,1992,890,1102
18,92,Husnabad,Siddipet,22,Maddur,577640,0000,VILLAGE,Salakpoor,Rural,464,1926,944,982,203,103,100,432,217,215,36,20,16,1084,628,456,842,316,526,946,515,431,936,510,426,285,186,99,288,59,229,30,17,13,333,248,85,10,5,5,0,0,0,5,0,5,1,1,0,4,4,0,7,4,3,0,0,0,3,0,3,0,0,0,4,4,0,3,1,2,0,0,0,2,0,2,1,1,0,0,0,0,980,429,551
18,92,Husnabad,Siddipet,22,Maddur,577641,0000,VILLAGE,Marmamula,Rural,493,2200,1115,1085,228,123,105,294,152,142,0,0,0,1265,733,532,935,382,553,1134,614,520,968,541,427,483,296,187,336,139,197,5,1,4,144,105,39,166,73,93,3,1,2,130,51,79,2,0,2,31,21,10,135,64,71,3,1,2,106,46,60,2,0,2,24,17,7,31,9,22,0,0,0,24,5,19,0,0,0,7,4,3,1066,501,565
18,92,Husnabad,Siddipet,22,Maddur,577642,0000,VILLAGE,Dharmaram,Rural,161,752,391,361,80,48,32,195,108,87,0,0,0,399,249,150,353,142,211,411,208,203,397,199,198,183,99,84,109,33,76,28,6,22,77,61,16,14,9,5,1,1,0,4,2,2,4,1,3,5,5,0,13,8,5,1,1,0,4,2,2,4,1,3,4,4,0,1,1,0,0,0,0,0,0,0,0,0,0,1,1,0,341,183,158
18,92,Husnabad,Siddipet,22,Maddur,577643,0000,VILLAGE,Lakkapalle,Rural,54,256,125,131,29,18,11,7,4,3,0,0,0,189,99,90,67,26,41,150,70,80,141,65,76,103,40,63,25,13,12,0,0,0,13,12,1,9,5,4,2,2,0,3,0,3,0,0,0,4,3,1,8,5,3,2,2,0,2,0,2,0,0,0,4,3,1,1,0,1,0,0,0,1,0,1,0,0,0,0,0,0,106,55,51
18,92,Husnabad,Siddipet,22,Maddur,577644,0000,VILLAGE,Rebarthi,Rural,742,2875,1431,1444,207,111,96,503,259,244,1,1,0,1553,923,630,1322,508,814,1467,766,701,1193,673,520,634,370,264,274,105,169,19,5,14,266,193,73,274,93,181,7,4,3,242,75,167,6,1,5,19,13,6,262,90,172,6,3,3,233,73,160,5,1,4,18,13,5,12,3,9,1,1,0,9,2,7,1,0,1,1,0,1,1408,665,743
18,92,Husnabad,Siddipet,22,Maddur,577645,0000,VILLAGE,Vangapalle,Rural,259,1118,559,559,102,57,45,416,203,213,0,0,0,650,364,286,468,195,273,544,269,275,398,263,135,183,116,67,165,98,67,0,0,0,50,49,1,146,6,140,25,1,24,105,4,101,0,0,0,16,1,15,131,6,125,25,1,24,98,4,94,0,0,0,8,1,7,15,0,15,0,0,0,7,0,7,0,0,0,8,0,8,574,290,284
18,92,Husnabad,Siddipet,22,Maddur,577646,0000,VILLAGE,Ladnoorr,Rural,670,2855,1408,1447,269,123,146,760,362,398,17,7,10,1696,985,711,1159,423,736,1353,737,616,1287,706,581,474,268,206,456,181,275,41,15,26,316,242,74,66,31,35,1,0,1,41,19,22,4,0,4,20,12,8,59,29,30,1,0,1,38,18,20,1,0,1,19,11,8,7,2,5,0,0,0,3,1,2,3,0,3,1,1,0,1502,671,831
18,91,Siddipet,Siddipet,09,Siddipet_Urban,572997,0001,WARD,Siddipet,Urban,9617,40707,20302,20405,4206,2159,2047,3300,1645,1655,537,299,238,28351,15861,12490,12356,4441,7915,17123,10602,6521,14488,9530,4958,596,409,187,711,352,359,2440,481,1959,10741,8288,2453,2635,1072,1563,32,25,7,184,87,97,706,60,646,1713,900,813,2181,821,1360,22,16,6,132,59,73,614,53,561,1413,693,720,454,251,203,10,9,1,52,28,24,92,7,85,300,207,93,23584,9700,13884
18,91,Siddipet,Siddipet,09,Siddipet_Urban,572998,0001,WARD,Narsapur,Urban,1569,6647,3303,3344,764,384,380,919,454,465,33,17,16,3868,2197,1671,2779,1106,1673,2909,1778,1131,2336,1464,872,283,172,111,464,287,177,165,15,150,1424,990,434,573,314,259,9,6,3,56,28,28,19,9,10,489,271,218,476,242,234,7,5,2,43,21,22,17,9,8,409,207,202,97,72,25,2,1,1,13,7,6,2,0,2,80,64,16,3738,1525,2213
18,93,Gajwel,Siddipet,18,Gajwel,573642,0001,WARD,Gajwel,Urban,5547,24961,12497,12464,2785,1434,1351,2177,1033,1144,494,272,222,16936,9410,7526,8025,3087,4938,9804,6500,3304,8306,5812,2494,785,598,187,1155,465,690,463,176,287,5903,4573,1330,1498,688,810,29,14,15,203,68,135,103,43,60,1163,563,600,1379,622,757,27,13,14,188,60,128,99,41,58,1065,508,557,119,66,53,2,1,1,15,8,7,4,2,2,98,55,43,15157,5997,9160
18,91,Siddipet,Siddipet,09,Siddipet_Urban,802914,0001,WARD,Siddipet (M),Urban,1179,5293,2613,2680,571,283,288,254,113,141,5,3,2,3639,1996,1643,1654,617,1037,2039,1408,631,1914,1359,555,65,42,23,58,35,23,268,55,213,1523,1227,296,125,49,76,3,2,1,23,6,17,29,4,25,70,37,33,102,44,58,3,2,1,21,6,15,19,4,15,59,32,27,23,5,18,0,0,0,2,0,2,10,0,10,11,5,6,3254,1205,2049
18,91,Siddipet,Siddipet,09,Siddipet_Urban,802914,0002,WARD,Siddipet (M),Urban,1835,8620,4220,4400,1050,519,531,3322,1593,1729,34,16,18,5472,2977,2495,3148,1243,1905,3352,2228,1124,2956,1997,959,14,12,2,74,24,50,309,75,234,2559,1886,673,396,231,165,0,0,0,12,3,9,51,17,34,333,211,122,165,94,71,0,0,0,5,0,5,17,4,13,143,90,53,231,137,94,0,0,0,7,3,4,34,13,21,190,121,69,5268,1992,3276
18,91,Siddipet,Siddipet,09,Siddipet_Urban,802914,0003,WARD,Siddipet (M),Urban,736,3347,1664,1683,316,160,156,631,303,328,0,0,0,2401,1334,1067,946,330,616,1219,858,361,1188,853,335,24,19,5,98,60,38,96,24,72,970,750,220,31,5,26,1,0,1,1,0,1,6,0,6,23,5,18,13,3,10,1,0,1,1,0,1,0,0,0,11,3,8,18,2,16,0,0,0,0,0,0,6,0,6,12,2,10,2128,806,1322
18,91,Siddipet,Siddipet,09,Siddipet_Urban,802914,0004,WARD,Siddipet (M),Urban,457,2025,996,1029,192,106,86,20,9,11,11,6,5,1608,848,760,417,148,269,645,531,114,639,527,112,3,3,0,5,0,5,79,70,9,552,454,98,6,4,2,0,0,0,1,1,0,1,0,1,4,3,1,4,2,2,0,0,0,1,1,0,1,0,1,2,1,1,2,2,0,0,0,0,0,0,0,0,0,0,2,2,0,1380,465,915
18,91,Siddipet,Siddipet,09,Siddipet_Urban,802914,0005,WARD,Siddipet (M),Urban,466,2173,1064,1109,203,102,101,0,0,0,0,0,0,1578,854,724,595,210,385,874,588,286,870,586,284,2,2,0,3,2,1,7,2,5,858,580,278,4,2,2,0,0,0,0,0,0,0,0,0,4,2,2,3,2,1,0,0,0,0,0,0,0,0,0,3,2,1,1,0,1,0,0,0,0,0,0,0,0,0,1,0,1,1299,476,823
18,91,Siddipet,Siddipet,09,Siddipet_Urban,802914,0006,WARD,Siddipet (M),Urban,802,3543,1775,1768,359,182,177,9,3,6,0,0,0,2425,1359,1066,1118,416,702,1465,973,492,1422,944,478,23,15,8,25,15,10,296,54,242,1078,860,218,43,29,14,0,0,0,5,2,3,5,0,5,33,27,6,37,26,11,0,0,0,5,2,3,3,0,3,29,24,5,6,3,3,0,0,0,0,0,0,2,0,2,4,3,1,2078,802,1276
18,91,Siddipet,Siddipet,09,Siddipet_Urban,802914,0007,WARD,Siddipet (M),Urban,286,1304,664,640,108,57,51,0,0,0,0,0,0,1017,563,454,287,101,186,454,375,79,190,161,29,0,0,0,2,1,1,0,0,0,188,160,28,264,214,50,1,1,0,6,5,1,180,137,43,77,71,6,56,48,8,1,1,0,5,5,0,11,8,3,39,34,5,208,166,42,0,0,0,1,0,1,169,129,40,38,37,1,850,289,561
18,91,Siddipet,Siddipet,09,Siddipet_Urban,802914,0008,WARD,Siddipet (M),Urban,713,3100,1554,1546,291,150,141,20,10,10,8,3,5,2506,1342,1164,594,212,382,1103,839,264,950,761,189,9,8,1,1,1,0,23,8,15,917,744,173,153,78,75,1,0,1,6,4,2,8,7,1,138,67,71,125,62,63,1,0,1,5,3,2,4,3,1,115,56,59,28,16,12,0,0,0,1,1,0,4,4,0,23,11,12,1997,715,1282
18,91,Siddipet,Siddipet,09,Siddipet_Urban,802914,0009,WARD,Siddipet (M),Urban,634,2872,1449,1423,283,152,131,54,27,27,14,9,5,2294,1243,1051,578,206,372,1099,771,328,1043,736,307,6,4,2,2,1,1,115,35,80,920,696,224,56,35,21,1,0,1,1,0,1,4,2,2,50,33,17,50,33,17,1,0,1,1,0,1,4,2,2,44,31,13,6,2,4,0,0,0,0,0,0,0,0,0,6,2,4,1773,678,1095
18,91,Siddipet,Siddipet,09,Siddipet_Urban,802914,0010,WARD,Siddipet (M),Urban,2106,9260,4633,4627,1008,545,463,38,16,22,0,0,0,5922,3311,2611,3338,1322,2016,3911,2393,1518,3475,2135,1340,33,23,10,87,48,39,800,85,715,2555,1979,576,436,258,178,5,4,1,48,20,28,79,21,58,304,213,91,372,228,144,4,3,1,39,19,20,73,17,56,256,189,67,64,30,34,1,1,0,9,1,8,6,4,2,48,24,24,5349,2240,3109
18,91,Siddipet,Siddipet,09,Siddipet_Urban,802914,0011,WARD,Siddipet (M),Urban,2073,8779,4377,4402,783,395,388,213,97,116,34,16,18,6971,3787,3184,1808,590,1218,3113,2294,819,2977,2247,730,54,53,1,25,18,7,442,160,282,2456,2016,440,136,47,89,2,2,0,2,1,1,25,5,20,107,39,68,116,39,77,2,2,0,2,1,1,20,4,16,92,32,60,20,8,12,0,0,0,0,0,0,5,1,4,15,7,8,5666,2083,3583
18,91,Siddipet,Siddipet,09,Siddipet_Urban,802914,0012,WARD,Siddipet (M),Urban,3213,14842,7357,7485,1549,789,760,302,136,166,405,203,202,11318,6052,5266,3524,1305,2219,5049,3649,1400,4506,3380,1126,42,36,6,56,31,25,709,300,409,3699,3013,686,543,269,274,2,1,1,15,9,6,119,10,109,407,249,158,486,239,247,1,0,1,10,6,4,110,9,101,365,224,141,57,30,27,1,1,0,5,3,2,9,1,8,42,25,17,9793,3708,6085
18,91,Siddipet,Siddipet,09,Siddipet_Urban,572999,0013,WARD,Imambad,Urban,379,1579,798,781,133,68,65,505,254,251,7,4,3,896,534,362,683,264,419,887,455,432,606,307,299,245,132,113,133,67,66,55,8,47,173,100,73,281,148,133,0,0,0,19,10,9,0,0,0,262,138,124,279,147,132,0,0,0,17,9,8,0,0,0,262,138,124,2,1,1,0,0,0,2,1,1,0,0,0,0,0,0,692,343,349