DISTRICT_CODE,DIVISION_CODE,DIVISION_NAME,Name_District,Mandal_Code,Name_Mandal,Village_Code,Ward,Level1,VName,TRU,No_HH,TOT_P,TOT_M,TOT_F,P_06,M_06,F_06,P_SC,M_SC,F_SC,P_ST,M_ST,F_ST,P_LIT,M_LIT,F_LIT,P_ILL,M_ILL,F_ILL,TOT_WORK_P,TOT_WORK_M,TOT_WORK_F,MAINWORK_P,MAINWORK_M,MAINWORK_F,MAIN_CL_P,MAIN_CL_M,MAIN_CL_F,MAIN_AL_P,MAIN_AL_M,MAIN_AL_F,MAIN_HH_P,MAIN_HH_M,MAIN_HH_F,MAIN_OT_P,MAIN_OT_M,MAIN_OT_F,MARGWORK_P,MARGWORK_M,MARGWORK_F,MARG_CL_P,MARG_CL_M,MARG_CL_F,MARG_AL_P,MARG_AL_M,MARG_AL_F,MARG_HH_P,MARG_HH_M,MARG_HH_F,MARG_OT_P,MARG_OT_M,MARG_OT_F,MARGWORK_3_6_P,MARGWORK_3_6_M,MARGWORK_3_6_F,MARG_CL_3_6_P,MARG_CL_3_6_M,MARG_CL_3_6_F,MARG_AL_3_6_P,MARG_AL_3_6_M,MARG_AL_3_6_F,MARG_HH_3_6_P,MARG_HH_3_6_M,MARG_HH_3_6_F,MARG_OT_3_6_P,MARG_OT_3_6_M,MARG_OT_3_6_F,MARGWORK_0_3_P,MARGWORK_0_3_M,MARGWORK_0_3_F,MARG_CL_0_3_P,MARG_CL_0_3_M,MARG_CL_0_3_F,MARG_AL_0_3_P,MARG_AL_0_3_M,MARG_AL_0_3_F,MARG_HH_0_3_P,MARG_HH_0_3_M,MARG_HH_0_3_F,MARG_OT_0_3_P,MARG_OT_0_3_M,MARG_OT_0_3_F,NON_WORK_P,NON_WORK_M,NON_WORK_F
24,91,Vikarabad,Vikarabad,01,Marpalle,573969,0000,VILLAGE,Jamshedapur,Rural,154,639,330,309,85,42,43,95,47,48,0,0,0,341,210,131,298,120,178,330,190,140,132,113,19,46,45,1,31,15,16,1,1,0,54,52,2,198,77,121,26,5,21,158,63,95,3,1,2,11,8,3,198,77,121,26,5,21,158,63,95,3,1,2,11,8,3,0,0,0,0,0,0,0,0,0,0,0,0,0,0,0,309,140,169
24,91,Vikarabad,Vikarabad,01,Marpalle,573970,0000,VILLAGE,Ghanpur,Rural,263,1357,687,670,175,81,94,467,245,222,2,1,1,691,395,296,666,292,374,809,437,372,476,257,219,358,176,182,48,25,23,0,0,0,70,56,14,333,180,153,3,2,1,315,166,149,4,3,1,11,9,2,313,171,142,3,2,1,298,159,139,3,2,1,9,8,1,20,9,11,0,0,0,17,7,10,1,1,0,2,1,1,548,250,298
24,91,Vikarabad,Vikarabad,01,Marpalle,573971,0000,VILLAGE,Mogiligundla,Rural,219,1040,532,508,123,61,62,251,127,124,19,7,12,568,333,235,472,199,273,602,314,288,362,256,106,107,103,4,201,105,96,6,6,0,48,42,6,240,58,182,8,8,0,207,39,168,8,1,7,17,10,7,233,58,175,8,8,0,201,39,162,8,1,7,16,10,6,7,0,7,0,0,0,6,0,6,0,0,0,1,0,1,438,218,220
24,91,Vikarabad,Vikarabad,01,Marpalle,573972,0000,VILLAGE,Komshetpalle,Rural,482,2241,1154,1087,267,138,129,360,182,178,0,0,0,1172,692,480,1069,462,607,1006,646,360,818,560,258,174,130,44,371,182,189,4,4,0,269,244,25,188,86,102,13,3,10,165,78,87,1,0,1,9,5,4,169,81,88,10,3,7,152,74,78,1,0,1,6,4,2,19,5,14,3,0,3,13,4,9,0,0,0,3,1,2,1235,508,727
24,91,Vikarabad,Vikarabad,01,Marpalle,573973,0000,VILLAGE,Bilkal,Rural,265,1284,642,642,172,84,88,313,150,163,0,0,0,708,418,290,576,224,352,693,360,333,681,356,325,109,70,39,497,231,266,2,0,2,73,55,18,12,4,8,1,0,1,10,3,7,0,0,0,1,1,0,12,4,8,1,0,1,10,3,7,0,0,0,1,1,0,0,0,0,0,0,0,0,0,0,0,0,0,0,0,0,591,282,309
24,91,Vikarabad,Vikarabad,01,Marpalle,573974,0000,VILLAGE,Mallikarjungiri,Rural,116,478,253,225,51,33,18,264,134,130,0,0,0,253,150,103,225,103,122,272,154,118,209,124,85,50,30,20,113,54,59,4,4,0,42,36,6,63,30,33,3,1,2,56,26,30,0,0,0,4,3,1,63,30,33,3,1,2,56,26,30,0,0,0,4,3,1,0,0,0,0,0,0,0,0,0,0,0,0,0,0,0,206,99,107
24,91,Vikarabad,Vikarabad,01,Marpalle,573975,0000,VILLAGE,Pilligundla,Rural,190,876,449,427,110,60,50,155,83,72,0,0,0,477,297,180,399,152,247,407,241,166,391,233,158,136,133,3,216,64,152,0,0,0,39,36,3,16,8,8,4,3,1,11,5,6,0,0,0,1,0,1,16,8,8,4,3,1,11,5,6,0,0,0,1,0,1,0,0,0,0,0,0,0,0,0,0,0,0,0,0,0,469,208,261
24,91,Vikarabad,Vikarabad,01,Marpalle,573976,0000,VILLAGE,Gundlamarpalle,Rural,162,785,391,394,115,58,57,249,115,134,0,0,0,387,231,156,398,160,238,444,233,211,430,229,201,84,69,15,329,149,180,3,3,0,14,8,6,14,4,10,1,0,1,11,3,8,0,0,0,2,1,1,14,4,10,1,0,1,11,3,8,0,0,0,2,1,1,0,0,0,0,0,0,0,0,0,0,0,0,0,0,0,341,158,183
24,91,Vikarabad,Vikarabad,01,Marpalle,573977,0000,VILLAGE,Narsapur,Rural,383,1553,797,756,233,119,114,311,151,160,654,335,319,656,410,246,897,387,510,896,460,436,871,452,419,484,252,232,317,140,177,1,1,0,69,59,10,25,8,17,11,4,7,9,3,6,0,0,0,5,1,4,24,7,17,10,3,7,9,3,6,0,0,0,5,1,4,1,1,0,1,1,0,0,0,0,0,0,0,0,0,0,657,337,320
24,91,Vikarabad,Vikarabad,01,Marpalle,573978,0000,VILLAGE,Thummalapalle,Rural,331,1426,722,704,147,79,68,511,251,260,0,0,0,617,362,255,809,360,449,875,474,401,620,347,273,551,295,256,18,11,7,1,0,1,50,41,9,255,127,128,25,12,13,208,98,110,1,1,0,21,16,5,241,118,123,25,12,13,195,90,105,1,1,0,20,15,5,14,9,5,0,0,0,13,8,5,0,0,0,1,1,0,551,248,303
24,91,Vikarabad,Vikarabad,01,Marpalle,573979,0000,VILLAGE,Dargulpalle,Rural,121,471,241,230,85,44,41,153,78,75,0,0,0,171,106,65,300,135,165,270,140,130,264,135,129,0,0,0,263,135,128,0,0,0,1,0,1,6,5,1,0,0,0,1,1,0,0,0,0,5,4,1,6,5,1,0,0,0,1,1,0,0,0,0,5,4,1,0,0,0,0,0,0,0,0,0,0,0,0,0,0,0,201,101,100
24,91,Vikarabad,Vikarabad,01,Marpalle,573980,0000,VILLAGE,Patloor,Rural,1125,5565,2801,2764,721,341,380,1115,539,576,310,149,161,2868,1653,1215,2697,1148,1549,2661,1483,1178,1983,1134,849,721,456,265,1004,482,522,39,19,20,219,177,42,678,349,329,140,84,56,442,199,243,10,5,5,86,61,25,657,342,315,137,82,55,429,197,232,9,4,5,82,59,23,21,7,14,3,2,1,13,2,11,1,1,0,4,2,2,2904,1318,1586
24,91,Vikarabad,Vikarabad,01,Marpalle,573981,0000,VILLAGE,Ramapur,Rural,51,289,151,138,35,17,18,0,0,0,0,0,0,125,73,52,164,78,86,128,62,66,67,56,11,48,39,9,19,17,2,0,0,0,0,0,0,61,6,55,0,0,0,61,6,55,0,0,0,0,0,0,7,3,4,0,0,0,7,3,4,0,0,0,0,0,0,54,3,51,0,0,0,54,3,51,0,0,0,0,0,0,161,89,72
24,91,Vikarabad,Vikarabad,01,Marpalle,573982,0000,VILLAGE,Allapur,Rural,13,62,28,34,6,2,4,60,27,33,0,0,0,26,13,13,36,15,21,24,13,11,13,13,0,11,11,0,2,2,0,0,0,0,0,0,0,11,0,11,0,0,0,11,0,11,0,0,0,0,0,0,0,0,0,0,0,0,0,0,0,0,0,0,0,0,0,11,0,11,0,0,0,11,0,11,0,0,0,0,0,0,38,15,23
24,91,Vikarabad,Vikarabad,01,Marpalle,573983,0000,VILLAGE,Panchalingal,Rural,429,2215,1164,1051,297,151,146,617,337,280,2,1,1,1139,704,435,1076,460,616,1125,586,539,1110,578,532,737,438,299,307,99,208,12,2,10,54,39,15,15,8,7,9,6,3,3,0,3,0,0,0,3,2,1,15,8,7,9,6,3,3,0,3,0,0,0,3,2,1,0,0,0,0,0,0,0,0,0,0,0,0,0,0,0,1090,578,512
24,91,Vikarabad,Vikarabad,01,Marpalle,573984,0000,VILLAGE,Sirpura,Rural,910,4002,1971,2031,441,192,249,1462,689,773,2,2,0,2041,1235,806,1961,736,1225,2236,1179,1057,2107,1126,981,455,363,92,1364,520,844,38,28,10,250,215,35,129,53,76,21,5,16,62,24,38,5,2,3,41,22,19,92,40,52,16,4,12,40,14,26,4,2,2,32,20,12,37,13,24,5,1,4,22,10,12,1,0,1,9,2,7,1766,792,974
24,91,Vikarabad,Vikarabad,01,Marpalle,573985,0000,VILLAGE,Veerlapalle,Rural,397,1708,840,868,166,90,76,337,163,174,30,14,16,899,535,364,809,305,504,1047,521,526,1036,515,521,473,245,228,506,242,264,11,10,1,46,18,28,11,6,5,0,0,0,11,6,5,0,0,0,0,0,0,7,3,4,0,0,0,7,3,4,0,0,0,0,0,0,4,3,1,0,0,0,4,3,1,0,0,0,0,0,0,661,319,342
24,91,Vikarabad,Vikarabad,01,Marpalle,573986,0000,VILLAGE,Kothlapur,Rural,625,2977,1480,1497,374,185,189,1323,667,656,0,0,0,1449,851,598,1528,629,899,1556,757,799,709,351,358,186,141,45,457,160,297,11,8,3,55,42,13,847,406,441,55,36,19,767,354,413,10,5,5,15,11,4,822,395,427,51,33,18,748,347,401,10,5,5,13,10,3,25,11,14,4,3,1,19,7,12,0,0,0,2,1,1,1421,723,698
24,91,Vikarabad,Vikarabad,01,Marpalle,573987,0000,VILLAGE,Marpalle Kalan,Rural,1498,7282,3703,3579,831,423,408,1766,837,929,335,260,75,4063,2343,1720,3219,1360,1859,3238,1907,1331,2549,1615,934,798,511,287,1004,495,509,55,46,9,692,563,129,689,292,397,33,18,15,469,187,282,29,12,17,158,75,83,616,264,352,29,17,12,432,174,258,18,8,10,137,65,72,73,28,45,4,1,3,37,13,24,11,4,7,21,10,11,4044,1796,2248
24,91,Vikarabad,Vikarabad,01,Marpalle,573988,0000,VILLAGE,Buchanpalle,Rural,733,3223,1576,1647,438,212,226,616,292,324,443,223,220,1469,853,616,1754,723,1031,1939,934,1005,1894,912,982,1071,501,570,702,329,373,9,5,4,112,77,35,45,22,23,9,3,6,18,8,10,2,2,0,16,9,7,44,22,22,8,3,5,18,8,10,2,2,0,16,9,7,1,0,1,1,0,1,0,0,0,0,0,0,0,0,0,1284,642,642
24,91,Vikarabad,Vikarabad,01,Marpalle,573989,0000,VILLAGE,Damasthapur,Rural,373,1562,767,795,161,77,84,349,178,171,3,3,0,734,430,304,828,337,491,963,474,489,926,460,466,530,262,268,359,169,190,1,1,0,36,28,8,37,14,23,6,1,5,24,9,15,0,0,0,7,4,3,24,8,16,6,1,5,14,6,8,0,0,0,4,1,3,13,6,7,0,0,0,10,3,7,0,0,0,3,3,0,599,293,306
24,91,Vikarabad,Vikarabad,01,Marpalle,573990,0000,VILLAGE,Kalkoda,Rural,649,3036,1497,1539,388,186,202,810,390,420,11,8,3,1509,879,630,1527,618,909,1631,854,777,1601,843,758,965,506,459,509,246,263,28,17,11,99,74,25,30,11,19,6,5,1,17,3,14,1,1,0,6,2,4,23,10,13,6,5,1,10,2,8,1,1,0,6,2,4,7,1,6,0,0,0,7,1,6,0,0,0,0,0,0,1405,643,762
24,91,Vikarabad,Vikarabad,01,Marpalle,573991,0000,VILLAGE,Shapur,Rural,140,696,347,349,122,71,51,110,59,51,504,248,256,247,148,99,449,199,250,304,144,160,1,0,1,0,0,0,0,0,0,0,0,0,1,0,1,303,144,159,4,1,3,296,141,155,1,1,0,2,1,1,298,141,157,4,1,3,292,139,153,0,0,0,2,1,1,5,3,2,0,0,0,4,2,2,1,1,0,0,0,0,392,203,189
24,91,Vikarabad,Vikarabad,01,Marpalle,573992,0000,VILLAGE,Peddapur,Rural,173,837,429,408,77,38,39,136,71,65,0,0,0,450,278,172,387,151,236,443,222,221,372,197,175,332,178,154,14,5,9,0,0,0,26,14,12,71,25,46,27,11,16,41,11,30,0,0,0,3,3,0,64,22,42,25,10,15,36,9,27,0,0,0,3,3,0,7,3,4,2,1,1,5,2,3,0,0,0,0,0,0,394,207,187
24,91,Vikarabad,Vikarabad,01,Marpalle,573993,0000,VILLAGE,Ravalapalle,Rural,430,1963,977,986,211,99,112,723,343,380,0,0,0,1076,631,445,887,346,541,1102,542,560,1005,499,506,915,449,466,53,25,28,6,4,2,31,21,10,97,43,54,17,6,11,36,11,25,7,4,3,37,22,15,87,39,48,15,5,10,32,11,21,4,1,3,36,22,14,10,4,6,2,1,1,4,0,4,3,3,0,1,0,1,861,435,426
24,91,Vikarabad,Vikarabad,01,Marpalle,573994,0000,VILLAGE,Kudgunta,Rural,80,411,206,205,58,33,25,66,33,33,14,7,7,181,106,75,230,100,130,251,126,125,175,100,75,160,91,69,1,0,1,0,0,0,14,9,5,76,26,50,49,17,32,27,9,18,0,0,0,0,0,0,57,19,38,39,14,25,18,5,13,0,0,0,0,0,0,19,7,12,10,3,7,9,4,5,0,0,0,0,0,0,160,80,80
24,91,Vikarabad,Vikarabad,01,Marpalle,573995,0000,VILLAGE,Kotmarpalle,Rural,494,2428,1230,1198,272,128,144,814,415,399,0,0,0,1217,749,468,1211,481,730,1103,673,430,1044,643,401,645,483,162,288,77,211,12,11,1,99,72,27,59,30,29,16,11,5,21,5,16,1,0,1,21,14,7,50,27,23,15,10,5,18,5,13,0,0,0,17,12,5,9,3,6,1,1,0,3,0,3,1,0,1,4,2,2,1325,557,768
24,91,Vikarabad,Vikarabad,01,Marpalle,573996,0000,VILLAGE,Thimmapur,Rural,155,684,349,335,64,34,30,378,191,187,0,0,0,340,207,133,344,142,202,409,203,206,372,185,187,185,101,84,171,72,99,12,9,3,4,3,1,37,18,19,9,6,3,18,7,11,2,1,1,8,4,4,37,18,19,9,6,3,18,7,11,2,1,1,8,4,4,0,0,0,0,0,0,0,0,0,0,0,0,0,0,0,275,146,129
24,91,Vikarabad,Vikarabad,02,Mominpet,573997,0000,VILLAGE,Ravalapalle,Rural,96,404,198,206,32,15,17,21,8,13,0,0,0,269,148,121,135,50,85,239,124,115,217,120,97,161,95,66,46,19,27,5,4,1,5,2,3,22,4,18,14,3,11,7,0,7,1,1,0,0,0,0,22,4,18,14,3,11,7,0,7,1,1,0,0,0,0,0,0,0,0,0,0,0,0,0,0,0,0,0,0,0,165,74,91
24,91,Vikarabad,Vikarabad,02,Mominpet,573998,0000,VILLAGE,Kolkonda,Rural,386,1851,924,927,211,94,117,446,232,214,0,0,0,910,546,364,941,378,563,1039,569,470,806,500,306,441,253,188,250,145,105,11,8,3,104,94,10,233,69,164,51,24,27,158,27,131,3,2,1,21,16,5,178,38,140,35,16,19,129,13,116,1,0,1,13,9,4,55,31,24,16,8,8,29,14,15,2,2,0,8,7,1,812,355,457
24,91,Vikarabad,Vikarabad,02,Mominpet,573999,0000,VILLAGE,Amradi Khurd,Rural,308,1292,656,636,130,62,68,306,159,147,0,0,0,727,427,300,565,229,336,720,380,340,696,366,330,226,117,109,421,206,215,1,1,0,48,42,6,24,14,10,5,3,2,15,8,7,0,0,0,4,3,1,24,14,10,5,3,2,15,8,7,0,0,0,4,3,1,0,0,0,0,0,0,0,0,0,0,0,0,0,0,0,572,276,296
24,91,Vikarabad,Vikarabad,02,Mominpet,574000,0000,VILLAGE,Amradi Kalan,Rural,321,1433,704,729,145,76,69,635,306,329,0,0,0,782,436,346,651,268,383,785,401,384,783,399,384,416,246,170,279,79,200,3,3,0,85,71,14,2,2,0,0,0,0,0,0,0,0,0,0,2,2,0,2,2,0,0,0,0,0,0,0,0,0,0,2,2,0,0,0,0,0,0,0,0,0,0,0,0,0,0,0,0,648,303,345
24,91,Vikarabad,Vikarabad,02,Mominpet,574001,0000,VILLAGE,Mekavanampalle,Rural,476,2059,998,1061,237,119,118,631,302,329,167,81,86,1069,594,475,990,404,586,1022,569,453,1010,566,444,570,309,261,182,58,124,7,2,5,251,197,54,12,3,9,5,2,3,4,0,4,0,0,0,3,1,2,6,2,4,1,1,0,3,0,3,0,0,0,2,1,1,6,1,5,4,1,3,1,0,1,0,0,0,1,0,1,1037,429,608
24,91,Vikarabad,Vikarabad,02,Mominpet,574002,0000,VILLAGE,Rallagudpalle,Rural,267,1125,578,547,174,96,78,37,17,20,797,411,386,531,334,197,594,244,350,586,285,301,512,249,263,238,119,119,216,92,124,2,1,1,56,37,19,74,36,38,3,0,3,57,27,30,0,0,0,14,9,5,73,35,38,3,0,3,57,27,30,0,0,0,13,8,5,1,1,0,0,0,0,0,0,0,0,0,0,1,1,0,539,293,246
24,91,Vikarabad,Vikarabad,02,Mominpet,574003,0000,VILLAGE,Tekulapalle,Rural,827,3570,1854,1716,408,220,188,420,217,203,729,389,340,1921,1184,737,1649,670,979,2109,1126,983,1276,812,464,240,173,67,952,567,385,8,6,2,76,66,10,833,314,519,40,14,26,766,290,476,5,2,3,22,8,14,814,308,506,37,13,24,760,286,474,3,2,1,14,7,7,19,6,13,3,1,2,6,4,2,2,0,2,8,1,7,1461,728,733
24,91,Vikarabad,Vikarabad,02,Mominpet,574004,0000,VILLAGE,Kaslabad,Rural,169,732,361,371,85,45,40,359,178,181,155,76,79,344,199,145,388,162,226,412,206,206,112,72,40,84,49,35,6,4,2,1,1,0,21,18,3,300,134,166,3,1,2,287,129,158,0,0,0,10,4,6,300,134,166,3,1,2,287,129,158,0,0,0,10,4,6,0,0,0,0,0,0,0,0,0,0,0,0,0,0,0,320,155,165
24,91,Vikarabad,Vikarabad,02,Mominpet,574005,0000,VILLAGE,Burugupalle,Rural,225,1047,535,512,114,59,55,555,283,272,0,0,0,503,294,209,544,241,303,606,315,291,519,276,243,319,163,156,121,51,70,0,0,0,79,62,17,87,39,48,3,1,2,82,38,44,1,0,1,1,0,1,86,39,47,3,1,2,82,38,44,0,0,0,1,0,1,1,0,1,0,0,0,0,0,0,1,0,1,0,0,0,441,220,221
24,91,Vikarabad,Vikarabad,02,Mominpet,574006,0000,VILLAGE,Mominpet,Rural,1759,8229,4131,4098,942,488,454,2161,1067,1094,33,25,8,4879,2780,2099,3350,1351,1999,3464,2204,1260,2978,1989,989,794,570,224,1090,570,520,65,40,25,1029,809,220,486,215,271,14,4,10,270,91,179,11,4,7,191,116,75,321,148,173,13,4,9,203,80,123,8,3,5,97,61,36,165,67,98,1,0,1,67,11,56,3,1,2,94,55,39,4765,1927,2838
24,91,Vikarabad,Vikarabad,02,Mominpet,574007,0000,VILLAGE,Morangpalle,Rural,498,2173,1053,1120,258,133,125,788,364,424,0,0,0,1062,617,445,1111,436,675,1240,628,612,673,411,262,246,182,64,308,136,172,6,3,3,113,90,23,567,217,350,27,17,10,489,165,324,5,2,3,46,33,13,560,212,348,27,17,10,485,162,323,5,2,3,43,31,12,7,5,2,0,0,0,4,3,1,0,0,0,3,2,1,933,425,508
24,91,Vikarabad,Vikarabad,02,Mominpet,574008,0000,VILLAGE,Yenkepalle,Rural,251,1207,599,608,117,69,48,601,298,303,8,6,2,666,370,296,541,229,312,641,342,299,627,334,293,57,31,26,490,235,255,0,0,0,80,68,12,14,8,6,2,1,1,3,2,1,0,0,0,9,5,4,14,8,6,2,1,1,3,2,1,0,0,0,9,5,4,0,0,0,0,0,0,0,0,0,0,0,0,0,0,0,566,257,309
24,91,Vikarabad,Vikarabad,02,Mominpet,574009,0000,VILLAGE,Syedalipur,Rural,172,700,346,354,63,31,32,246,125,121,0,0,0,398,233,165,302,113,189,454,229,225,452,227,225,261,133,128,188,93,95,3,1,2,0,0,0,2,2,0,1,1,0,1,1,0,0,0,0,0,0,0,2,2,0,1,1,0,1,1,0,0,0,0,0,0,0,0,0,0,0,0,0,0,0,0,0,0,0,0,0,0,246,117,129
24,91,Vikarabad,Vikarabad,02,Mominpet,574010,0000,VILLAGE,Izrachettempalle,Rural,232,1230,625,605,255,129,126,11,6,5,1192,605,587,396,273,123,834,352,482,669,341,328,606,319,287,21,11,10,565,294,271,2,0,2,18,14,4,63,22,41,0,0,0,57,22,35,0,0,0,6,0,6,61,22,39,0,0,0,55,22,33,0,0,0,6,0,6,2,0,2,0,0,0,2,0,2,0,0,0,0,0,0,561,284,277
24,91,Vikarabad,Vikarabad,02,Mominpet,574011,0000,VILLAGE,Kesaram,Rural,456,2066,1031,1035,262,124,138,758,374,384,0,0,0,1124,678,446,942,353,589,1127,573,554,1022,535,487,119,75,44,809,410,399,4,2,2,90,48,42,105,38,67,3,3,0,90,28,62,0,0,0,12,7,5,67,30,37,3,3,0,55,22,33,0,0,0,9,5,4,38,8,30,0,0,0,35,6,29,0,0,0,3,2,1,939,458,481
24,91,Vikarabad,Vikarabad,02,Mominpet,574012,0000,VILLAGE,Durgamcheru,Rural,386,1862,944,918,216,111,105,746,380,366,0,0,0,1023,583,440,839,361,478,1149,579,570,1145,577,568,413,199,214,679,338,341,0,0,0,53,40,13,4,2,2,0,0,0,4,2,2,0,0,0,0,0,0,4,2,2,0,0,0,4,2,2,0,0,0,0,0,0,0,0,0,0,0,0,0,0,0,0,0,0,0,0,0,713,365,348
24,91,Vikarabad,Vikarabad,02,Mominpet,574013,0000,VILLAGE,Velchal,Rural,367,1696,835,861,205,107,98,549,275,274,7,4,3,979,550,429,717,285,432,974,493,481,900,456,444,247,124,123,566,266,300,0,0,0,87,66,21,74,37,37,44,23,21,17,5,12,1,1,0,12,8,4,39,16,23,18,8,10,14,4,10,0,0,0,7,4,3,35,21,14,26,15,11,3,1,2,1,1,0,5,4,1,722,342,380
24,91,Vikarabad,Vikarabad,02,Mominpet,574014,0000,VILLAGE,Ramnathgudpalle,Rural,321,1328,649,679,135,71,64,323,153,170,0,0,0,744,430,314,584,219,365,716,361,355,532,332,200,254,194,60,206,82,124,1,1,0,71,55,16,184,29,155,19,3,16,149,18,131,6,4,2,10,4,6,168,21,147,16,2,14,144,16,128,1,0,1,7,3,4,16,8,8,3,1,2,5,2,3,5,4,1,3,1,2,612,288,324
24,91,Vikarabad,Vikarabad,02,Mominpet,574015,0000,VILLAGE,Govindapur,Rural,204,894,448,446,117,65,52,459,239,220,0,0,0,405,251,154,489,197,292,530,268,262,490,254,236,132,61,71,311,153,158,3,3,0,44,37,7,40,14,26,5,0,5,30,12,18,0,0,0,5,2,3,23,10,13,0,0,0,20,9,11,0,0,0,3,1,2,17,4,13,5,0,5,10,3,7,0,0,0,2,1,1,364,180,184
24,91,Vikarabad,Vikarabad,02,Mominpet,574016,0000,VILLAGE,Yenkathala,Rural,948,4146,2064,2082,462,231,231,1062,524,538,7,4,3,2289,1361,928,1857,703,1154,2289,1233,1056,2022,1155,867,1244,656,588,491,255,236,40,23,17,247,221,26,267,78,189,11,7,4,193,31,162,0,0,0,63,40,23,204,75,129,11,7,4,131,29,102,0,0,0,62,39,23,63,3,60,0,0,0,62,2,60,0,0,0,1,1,0,1857,831,1026
24,91,Vikarabad,Vikarabad,02,Mominpet,574017,0000,VILLAGE,Devarampalle,Rural,292,1314,662,652,129,67,62,573,286,287,0,0,0,740,441,299,574,221,353,812,401,411,289,151,138,264,131,133,2,2,0,0,0,0,23,18,5,523,250,273,237,109,128,277,135,142,0,0,0,9,6,3,506,244,262,231,107,124,269,131,138,0,0,0,6,6,0,17,6,11,6,2,4,8,4,4,0,0,0,3,0,3,502,261,241
24,91,Vikarabad,Vikarabad,02,Mominpet,574018,0000,VILLAGE,Chakrampalle,Rural,245,1121,546,575,116,55,61,251,120,131,10,5,5,603,361,242,518,185,333,601,326,275,585,320,265,349,182,167,175,84,91,5,3,2,56,51,5,16,6,10,1,1,0,2,2,0,0,0,0,13,3,10,13,4,9,0,0,0,2,2,0,0,0,0,11,2,9,3,2,1,1,1,0,0,0,0,0,0,0,2,1,1,520,220,300
24,91,Vikarabad,Vikarabad,02,Mominpet,574019,0000,VILLAGE,Cheemaldari,Rural,392,1782,910,872,168,93,75,526,268,258,32,16,16,1015,582,433,767,328,439,1025,543,482,1019,539,480,679,350,329,252,113,139,1,1,0,87,75,12,6,4,2,2,1,1,3,2,1,0,0,0,1,1,0,6,4,2,2,1,1,3,2,1,0,0,0,1,1,0,0,0,0,0,0,0,0,0,0,0,0,0,0,0,0,757,367,390
24,91,Vikarabad,Vikarabad,03,Nawabpet,574020,0000,VILLAGE,Kojjavanampalle,Rural,300,1435,731,704,152,96,56,696,335,361,0,0,0,755,457,298,680,274,406,739,413,326,693,388,305,266,151,115,356,174,182,4,4,0,67,59,8,46,25,21,3,0,3,38,21,17,0,0,0,5,4,1,44,23,21,3,0,3,36,19,17,0,0,0,5,4,1,2,2,0,0,0,0,2,2,0,0,0,0,0,0,0,696,318,378
24,91,Vikarabad,Vikarabad,03,Nawabpet,574021,0000,VILLAGE,Kadcharla,Rural,243,1211,608,603,117,53,64,548,279,269,0,0,0,642,364,278,569,244,325,775,393,382,747,379,368,278,196,82,420,143,277,3,3,0,46,37,9,28,14,14,6,3,3,14,6,8,0,0,0,8,5,3,28,14,14,6,3,3,14,6,8,0,0,0,8,5,3,0,0,0,0,0,0,0,0,0,0,0,0,0,0,0,436,215,221
24,91,Vikarabad,Vikarabad,03,Nawabpet,574022,0000,VILLAGE,Madaram,Rural,232,1129,562,567,136,66,70,268,134,134,0,0,0,555,319,236,574,243,331,655,338,317,567,293,274,538,276,262,4,0,4,5,2,3,20,15,5,88,45,43,7,2,5,64,33,31,0,0,0,17,10,7,70,36,34,7,2,5,49,26,23,0,0,0,14,8,6,18,9,9,0,0,0,15,7,8,0,0,0,3,2,1,474,224,250
24,91,Vikarabad,Vikarabad,03,Nawabpet,574023,0000,VILLAGE,Arkathala,Rural,318,1424,734,690,171,87,84,410,217,193,0,0,0,715,444,271,709,290,419,833,437,396,806,425,381,494,316,178,245,58,187,3,3,0,64,48,16,27,12,15,2,1,1,10,1,9,0,0,0,15,10,5,24,10,14,2,1,1,9,1,8,0,0,0,13,8,5,3,2,1,0,0,0,1,0,1,0,0,0,2,2,0,591,297,294
24,91,Vikarabad,Vikarabad,03,Nawabpet,574024,0000,VILLAGE,Meenapallekalan,Rural,327,1554,778,776,172,87,85,587,282,305,0,0,0,924,551,373,630,227,403,968,489,479,914,466,448,486,247,239,368,186,182,3,2,1,57,31,26,54,23,31,5,2,3,36,14,22,0,0,0,13,7,6,51,21,30,5,2,3,34,12,22,0,0,0,12,7,5,3,2,1,0,0,0,2,2,0,0,0,0,1,0,1,586,289,297
24,91,Vikarabad,Vikarabad,03,Nawabpet,574025,0000,VILLAGE,Yavapur,Rural,130,594,321,273,49,29,20,317,158,159,0,0,0,318,187,131,276,134,142,362,190,172,328,175,153,294,157,137,4,2,2,4,1,3,26,15,11,34,15,19,16,8,8,0,0,0,0,0,0,18,7,11,32,14,18,15,7,8,0,0,0,0,0,0,17,7,10,2,1,1,1,1,0,0,0,0,0,0,0,1,0,1,232,131,101
24,91,Vikarabad,Vikarabad,03,Nawabpet,574026,0000,VILLAGE,Vatti Minapalle,Rural,112,490,256,234,42,22,20,78,40,38,0,0,0,266,170,96,224,86,138,250,130,120,249,129,120,190,114,76,48,6,42,0,0,0,11,9,2,1,1,0,0,0,0,0,0,0,0,0,0,1,1,0,1,1,0,0,0,0,0,0,0,0,0,0,1,1,0,0,0,0,0,0,0,0,0,0,0,0,0,0,0,0,240,126,114
24,91,Vikarabad,Vikarabad,03,Nawabpet,574027,0000,VILLAGE,Madireddipalle,Rural,382,1762,884,878,192,98,94,687,335,352,0,0,0,947,552,395,815,332,483,933,502,431,920,494,426,408,261,147,444,179,265,6,5,1,62,49,13,13,8,5,0,0,0,7,6,1,0,0,0,6,2,4,13,8,5,0,0,0,7,6,1,0,0,0,6,2,4,0,0,0,0,0,0,0,0,0,0,0,0,0,0,0,829,382,447
24,91,Vikarabad,Vikarabad,03,Nawabpet,574028,0000,VILLAGE,Yellakonda,Rural,1019,4477,2262,2215,538,271,267,1066,546,520,19,12,7,2363,1405,958,2114,857,1257,2556,1372,1184,2255,1236,1019,1315,702,613,688,336,352,22,18,4,230,180,50,301,136,165,87,32,55,136,44,92,7,4,3,71,56,15,284,125,159,83,30,53,130,42,88,5,2,3,66,51,15,17,11,6,4,2,2,6,2,4,2,2,0,5,5,0,1921,890,1031
24,91,Vikarabad,Vikarabad,03,Nawabpet,574029,0000,VILLAGE,Mubarakpur,Rural,365,1477,736,741,136,70,66,464,226,238,0,0,0,799,468,331,678,268,410,868,435,433,856,432,424,452,221,231,351,174,177,5,3,2,48,34,14,12,3,9,7,3,4,5,0,5,0,0,0,0,0,0,12,3,9,7,3,4,5,0,5,0,0,0,0,0,0,0,0,0,0,0,0,0,0,0,0,0,0,0,0,0,609,301,308
24,91,Vikarabad,Vikarabad,03,Nawabpet,574030,0000,VILLAGE,Gubbad Fathepur,Rural,210,874,431,443,93,37,56,290,146,144,0,0,0,442,248,194,432,183,249,485,258,227,366,201,165,326,174,152,18,9,9,2,2,0,20,16,4,119,57,62,9,5,4,92,41,51,1,1,0,17,10,7,116,57,59,8,5,3,90,41,49,1,1,0,17,10,7,3,0,3,1,0,1,2,0,2,0,0,0,0,0,0,389,173,216
24,91,Vikarabad,Vikarabad,03,Nawabpet,574031,0000,VILLAGE,Gangeda,Rural,361,1554,778,776,168,90,78,362,184,178,0,0,0,871,506,365,683,272,411,908,458,450,902,456,446,824,432,392,50,0,50,2,1,1,26,23,3,6,2,4,1,1,0,4,0,4,0,0,0,1,1,0,6,2,4,1,1,0,4,0,4,0,0,0,1,1,0,0,0,0,0,0,0,0,0,0,0,0,0,0,0,0,646,320,326
24,91,Vikarabad,Vikarabad,03,Nawabpet,574032,0000,VILLAGE,Lingampalle,Rural,240,1081,556,525,137,72,65,170,85,85,0,0,0,559,346,213,522,210,312,574,299,275,552,288,264,315,189,126,167,46,121,6,4,2,64,49,15,22,11,11,6,4,2,2,1,1,2,1,1,12,5,7,16,8,8,5,3,2,0,0,0,0,0,0,11,5,6,6,3,3,1,1,0,2,1,1,2,1,1,1,0,1,507,257,250
24,91,Vikarabad,Vikarabad,03,Nawabpet,574033,0000,VILLAGE,Pulumamidi,Rural,797,3367,1729,1638,364,183,181,972,504,468,0,0,0,1961,1175,786,1406,554,852,1740,943,797,1716,927,789,693,372,321,850,411,439,24,16,8,149,128,21,24,16,8,8,3,5,5,3,2,0,0,0,11,10,1,24,16,8,8,3,5,5,3,2,0,0,0,11,10,1,0,0,0,0,0,0,0,0,0,0,0,0,0,0,0,1627,786,841
24,91,Vikarabad,Vikarabad,03,Nawabpet,574034,0000,VILLAGE,Dathapur,Rural,141,497,257,240,48,20,28,57,25,32,0,0,0,327,205,122,170,52,118,306,160,146,298,156,142,274,144,130,11,3,8,1,0,1,12,9,3,8,4,4,4,1,3,0,0,0,0,0,0,4,3,1,8,4,4,4,1,3,0,0,0,0,0,0,4,3,1,0,0,0,0,0,0,0,0,0,0,0,0,0,0,0,191,97,94
24,91,Vikarabad,Vikarabad,03,Nawabpet,574035,0000,VILLAGE,Nawabpet,Rural,293,1302,725,577,112,58,54,77,73,4,0,0,0,859,584,275,443,141,302,541,297,244,423,266,157,123,82,41,130,61,69,10,6,4,160,117,43,118,31,87,16,6,10,85,16,69,1,0,1,16,9,7,118,31,87,16,6,10,85,16,69,1,0,1,16,9,7,0,0,0,0,0,0,0,0,0,0,0,0,0,0,0,761,428,333
24,91,Vikarabad,Vikarabad,03,Nawabpet,574036,0000,VILLAGE,Ekmamidi,Rural,1128,5177,2571,2606,620,329,291,1005,508,497,0,0,0,2833,1635,1198,2344,936,1408,2699,1456,1243,2033,1194,839,523,419,104,803,342,461,28,18,10,679,415,264,666,262,404,56,32,24,454,143,311,13,3,10,143,84,59,589,226,363,49,28,21,412,129,283,10,2,8,118,67,51,77,36,41,7,4,3,42,14,28,3,1,2,25,17,8,2478,1115,1363
24,91,Vikarabad,Vikarabad,03,Nawabpet,574037,0000,VILLAGE,Chittigidda,Rural,1246,5387,2710,2677,640,322,318,1524,766,758,164,75,89,3076,1792,1284,2311,918,1393,2990,1537,1453,2385,1326,1059,1045,584,461,1139,587,552,11,10,1,190,145,45,605,211,394,51,28,23,452,122,330,3,2,1,99,59,40,399,170,229,38,17,21,273,99,174,1,1,0,87,53,34,206,41,165,13,11,2,179,23,156,2,1,1,12,6,6,2397,1173,1224
24,91,Vikarabad,Vikarabad,03,Nawabpet,574038,0000,VILLAGE,Chinchelpet,Rural,542,2455,1282,1173,234,127,107,980,508,472,1,0,1,1436,889,547,1019,393,626,1162,643,519,990,568,422,248,141,107,579,287,292,10,9,1,153,131,22,172,75,97,42,20,22,103,38,65,3,2,1,24,15,9,170,74,96,42,20,22,101,37,64,3,2,1,24,15,9,2,1,1,0,0,0,2,1,1,0,0,0,0,0,0,1293,639,654
24,91,Vikarabad,Vikarabad,03,Nawabpet,574039,0000,VILLAGE,Attapur,Rural,113,527,260,267,41,22,19,250,120,130,0,0,0,323,186,137,204,74,130,308,149,159,254,126,128,66,33,33,137,52,85,0,0,0,51,41,10,54,23,31,15,7,8,37,15,22,0,0,0,2,1,1,50,23,27,15,7,8,33,15,18,0,0,0,2,1,1,4,0,4,0,0,0,4,0,4,0,0,0,0,0,0,219,111,108
24,91,Vikarabad,Vikarabad,03,Nawabpet,574040,0000,VILLAGE,Aknapur,Rural,429,1772,912,860,176,91,85,717,372,345,0,0,0,1037,616,421,735,296,439,955,516,439,914,492,422,677,354,323,164,76,88,11,11,0,62,51,11,41,24,17,18,10,8,14,7,7,2,1,1,7,6,1,41,24,17,18,10,8,14,7,7,2,1,1,7,6,1,0,0,0,0,0,0,0,0,0,0,0,0,0,0,0,817,396,421
24,91,Vikarabad,Vikarabad,03,Nawabpet,574041,0000,VILLAGE,Poolapalle,Rural,392,1737,900,837,141,74,67,460,233,227,3,2,1,1065,640,425,672,260,412,970,499,471,906,467,439,670,388,282,150,12,138,10,3,7,76,64,12,64,32,32,35,18,17,11,1,10,0,0,0,18,13,5,64,32,32,35,18,17,11,1,10,0,0,0,18,13,5,0,0,0,0,0,0,0,0,0,0,0,0,0,0,0,767,401,366
24,91,Vikarabad,Vikarabad,04,Vikarabad,574313,0000,VILLAGE,Peelaram,Rural,220,1086,559,527,116,62,54,408,207,201,0,0,0,497,308,189,589,251,338,690,377,313,622,345,277,255,207,48,46,20,26,24,16,8,297,102,195,68,32,36,1,1,0,16,4,12,2,0,2,49,27,22,68,32,36,1,1,0,16,4,12,2,0,2,49,27,22,0,0,0,0,0,0,0,0,0,0,0,0,0,0,0,396,182,214
24,91,Vikarabad,Vikarabad,04,Vikarabad,574314,0000,VILLAGE,Mailardevrampalle,Rural,516,2433,1194,1239,291,143,148,839,392,447,0,0,0,1172,691,481,1261,503,758,1469,730,739,850,502,348,580,297,283,177,141,36,28,17,11,65,47,18,619,228,391,73,27,46,516,188,328,17,7,10,13,6,7,618,228,390,73,27,46,516,188,328,16,7,9,13,6,7,1,0,1,0,0,0,0,0,0,1,0,1,0,0,0,964,464,500
24,91,Vikarabad,Vikarabad,04,Vikarabad,574315,0000,VILLAGE,Madanpalle,Rural,383,1770,870,900,231,107,124,213,111,102,100,50,50,701,428,273,1069,442,627,1174,589,585,1150,574,576,1016,496,520,97,48,49,0,0,0,37,30,7,24,15,9,5,3,2,5,3,2,0,0,0,14,9,5,19,13,6,2,2,0,4,3,1,0,0,0,13,8,5,5,2,3,3,1,2,1,0,1,0,0,0,1,1,0,596,281,315
24,91,Vikarabad,Vikarabad,04,Vikarabad,574316,0000,VILLAGE,Phulmaddi,Rural,516,2355,1221,1134,263,148,115,547,282,265,0,0,0,1166,708,458,1189,513,676,1373,693,680,1275,677,598,896,474,422,360,187,173,3,3,0,16,13,3,98,16,82,33,5,28,57,8,49,3,1,2,5,2,3,15,5,10,2,0,2,6,2,4,2,1,1,5,2,3,83,11,72,31,5,26,51,6,45,1,0,1,0,0,0,982,528,454
24,91,Vikarabad,Vikarabad,04,Vikarabad,574317,0000,VILLAGE,Yerravally,Rural,308,1207,598,609,150,82,68,236,111,125,98,45,53,633,351,282,574,247,327,745,374,371,704,360,344,328,178,150,323,146,177,10,7,3,43,29,14,41,14,27,9,6,3,20,3,17,3,0,3,9,5,4,41,14,27,9,6,3,20,3,17,3,0,3,9,5,4,0,0,0,0,0,0,0,0,0,0,0,0,0,0,0,462,224,238
24,91,Vikarabad,Vikarabad,04,Vikarabad,574318,0000,VILLAGE,Athvelly,Rural,346,1536,758,778,162,94,68,737,362,375,0,0,0,751,421,330,785,337,448,694,420,274,606,368,238,168,135,33,348,157,191,18,15,3,72,61,11,88,52,36,6,3,3,36,17,19,0,0,0,46,32,14,88,52,36,6,3,3,36,17,19,0,0,0,46,32,14,0,0,0,0,0,0,0,0,0,0,0,0,0,0,0,842,338,504
24,91,Vikarabad,Vikarabad,04,Vikarabad,574319,0000,VILLAGE,Kompalle,Rural,195,775,391,384,50,30,20,0,0,0,0,0,0,238,139,99,537,252,285,546,284,262,520,270,250,69,41,28,356,166,190,2,1,1,93,62,31,26,14,12,2,2,0,6,3,3,0,0,0,18,9,9,26,14,12,2,2,0,6,3,3,0,0,0,18,9,9,0,0,0,0,0,0,0,0,0,0,0,0,0,0,0,229,107,122
24,91,Vikarabad,Vikarabad,04,Vikarabad,574320,0000,VILLAGE,Girgetpalle (R),Rural,476,2000,992,1008,213,120,93,276,134,142,416,205,211,984,555,429,1016,437,579,1129,559,570,616,370,246,370,247,123,135,50,85,20,6,14,91,67,24,513,189,324,17,9,8,330,86,244,7,2,5,159,92,67,510,188,322,16,8,8,330,86,244,7,2,5,157,92,65,3,1,2,1,1,0,0,0,0,0,0,0,2,0,2,871,433,438
24,91,Vikarabad,Vikarabad,04,Vikarabad,574321,0000,VILLAGE,Narayanapur,Rural,237,969,476,493,98,53,45,320,159,161,29,14,15,415,241,174,554,235,319,803,400,403,555,273,282,134,89,45,367,151,216,6,4,2,48,29,19,248,127,121,12,9,3,30,12,18,0,0,0,206,106,100,248,127,121,12,9,3,30,12,18,0,0,0,206,106,100,0,0,0,0,0,0,0,0,0,0,0,0,0,0,0,166,76,90
24,91,Vikarabad,Vikarabad,04,Vikarabad,574322,0000,VILLAGE,Pendlimadgu,Rural,137,586,316,270,52,30,22,184,97,87,0,0,0,346,230,116,240,86,154,334,174,160,317,169,148,270,144,126,35,17,18,0,0,0,12,8,4,17,5,12,4,0,4,8,1,7,0,0,0,5,4,1,16,4,12,4,0,4,8,1,7,0,0,0,4,3,1,1,1,0,0,0,0,0,0,0,0,0,0,1,1,0,252,142,110
24,91,Vikarabad,Vikarabad,04,Vikarabad,574323,0000,VILLAGE,Kamareddiguda,Rural,141,628,304,324,62,38,24,154,75,79,0,0,0,354,214,140,274,90,184,346,174,172,320,158,162,153,73,80,129,60,69,7,3,4,31,22,9,26,16,10,12,6,6,7,3,4,0,0,0,7,7,0,26,16,10,12,6,6,7,3,4,0,0,0,7,7,0,0,0,0,0,0,0,0,0,0,0,0,0,0,0,0,282,130,152
24,91,Vikarabad,Vikarabad,04,Vikarabad,574324,0000,VILLAGE,Pathur,Rural,153,625,306,319,65,37,28,80,37,43,0,0,0,389,231,158,236,75,161,430,210,220,244,138,106,139,83,56,56,19,37,8,6,2,41,30,11,186,72,114,61,25,36,54,18,36,3,0,3,68,29,39,177,70,107,57,24,33,49,17,32,3,0,3,68,29,39,9,2,7,4,1,3,5,1,4,0,0,0,0,0,0,195,96,99
24,91,Vikarabad,Vikarabad,04,Vikarabad,574325,0000,VILLAGE,Pulusumamidi,Rural,393,1665,849,816,164,84,80,334,175,159,0,0,0,1023,629,394,642,220,422,927,475,452,900,458,442,599,281,318,178,75,103,22,16,6,101,86,15,27,17,10,6,2,4,3,1,2,1,1,0,17,13,4,27,17,10,6,2,4,3,1,2,1,1,0,17,13,4,0,0,0,0,0,0,0,0,0,0,0,0,0,0,0,738,374,364
24,91,Vikarabad,Vikarabad,04,Vikarabad,574326,0000,VILLAGE,Sidloor Mungal,Rural,208,966,533,433,103,66,37,0,0,0,0,0,0,564,352,212,402,181,221,707,374,333,513,274,239,482,251,231,5,3,2,4,3,1,22,17,5,194,100,94,24,9,15,27,15,12,2,1,1,141,75,66,150,76,74,16,7,9,5,3,2,0,0,0,129,66,63,44,24,20,8,2,6,22,12,10,2,1,1,12,9,3,259,159,100
24,91,Vikarabad,Vikarabad,04,Vikarabad,574327,0000,VILLAGE,Sidloor (Chenchelam),Rural,244,1220,650,570,123,70,53,798,424,374,0,0,0,662,415,247,558,235,323,652,366,286,557,313,244,414,231,183,98,45,53,2,1,1,43,36,7,95,53,42,8,3,5,65,32,33,0,0,0,22,18,4,23,13,10,3,2,1,17,8,9,0,0,0,3,3,0,72,40,32,5,1,4,48,24,24,0,0,0,19,15,4,568,284,284
24,91,Vikarabad,Vikarabad,04,Vikarabad,574328,0000,VILLAGE,Sidloor Paigah,Rural,343,1701,875,826,236,127,109,121,58,63,408,207,201,836,507,329,865,368,497,892,455,437,856,439,417,585,307,278,131,52,79,3,2,1,137,78,59,36,16,20,13,7,6,13,5,8,1,0,1,9,4,5,34,15,19,13,7,6,13,5,8,0,0,0,8,3,5,2,1,1,0,0,0,0,0,0,1,0,1,1,1,0,809,420,389
24,91,Vikarabad,Vikarabad,04,Vikarabad,574329,0000,VILLAGE,Peerampalle,Rural,238,1011,523,488,75,48,27,209,106,103,0,0,0,652,384,268,359,139,220,712,359,353,651,322,329,602,291,311,0,0,0,6,2,4,43,29,14,61,37,24,3,1,2,0,0,0,0,0,0,58,36,22,61,37,24,3,1,2,0,0,0,0,0,0,58,36,22,0,0,0,0,0,0,0,0,0,0,0,0,0,0,0,299,164,135
24,91,Vikarabad,Vikarabad,04,Vikarabad,574330,0000,VILLAGE,Burhanpalle,Rural,121,703,349,354,87,49,38,231,115,116,238,106,132,362,212,150,341,137,204,360,187,173,349,176,173,77,41,36,257,121,136,6,5,1,9,9,0,11,11,0,1,1,0,2,2,0,4,4,0,4,4,0,5,5,0,0,0,0,1,1,0,0,0,0,4,4,0,6,6,0,1,1,0,1,1,0,4,4,0,0,0,0,343,162,181
24,91,Vikarabad,Vikarabad,04,Vikarabad,574331,0000,VILLAGE,Dhannaram,Rural,438,1949,958,991,209,92,117,701,333,368,383,184,199,1022,605,417,927,353,574,950,506,444,579,363,216,122,83,39,325,163,162,3,3,0,129,114,15,371,143,228,28,12,16,231,87,144,5,3,2,107,41,66,363,140,223,28,12,16,231,87,144,5,3,2,99,38,61,8,3,5,0,0,0,0,0,0,0,0,0,8,3,5,999,452,547
24,91,Vikarabad,Vikarabad,04,Vikarabad,574333,0000,VILLAGE,Burgupalle,Rural,178,842,424,418,98,52,46,219,110,109,88,51,37,452,269,183,390,155,235,384,232,152,376,226,150,188,126,62,107,36,71,14,8,6,67,56,11,8,6,2,2,2,0,0,0,0,0,0,0,6,4,2,8,6,2,2,2,0,0,0,0,0,0,0,6,4,2,0,0,0,0,0,0,0,0,0,0,0,0,0,0,0,458,192,266
24,91,Vikarabad,Vikarabad,04,Vikarabad,574335,0000,VILLAGE,Dyacharam,Rural,135,674,357,317,71,43,28,258,135,123,0,0,0,360,213,147,314,144,170,512,257,255,503,255,248,166,79,87,251,127,124,1,0,1,85,49,36,9,2,7,6,2,4,0,0,0,0,0,0,3,0,3,9,2,7,6,2,4,0,0,0,0,0,0,3,0,3,0,0,0,0,0,0,0,0,0,0,0,0,0,0,0,162,100,62
24,91,Vikarabad,Vikarabad,04,Vikarabad,574336,0000,VILLAGE,Ainapur,Rural,39,175,92,83,19,9,10,42,25,17,0,0,0,71,44,27,104,48,56,93,43,50,34,24,10,10,7,3,22,16,6,1,0,1,1,1,0,59,19,40,1,0,1,55,16,39,0,0,0,3,3,0,52,17,35,1,0,1,49,15,34,0,0,0,2,2,0,7,2,5,0,0,0,6,1,5,0,0,0,1,1,0,82,49,33
24,91,Vikarabad,Vikarabad,04,Vikarabad,574337,0000,VILLAGE,Gottimukla,Rural,365,1782,879,903,195,92,103,317,155,162,0,0,0,940,552,388,842,327,515,1038,515,523,1005,495,510,839,404,435,98,35,63,2,2,0,66,54,12,33,20,13,2,0,2,4,1,3,0,0,0,27,19,8,22,12,10,2,0,2,4,1,3,0,0,0,16,11,5,11,8,3,0,0,0,0,0,0,0,0,0,11,8,3,744,364,380
24,91,Vikarabad,Vikarabad,04,Vikarabad,574338,0000,VILLAGE,Madgul Chittempalle,Rural,605,2821,1429,1392,364,183,181,803,397,406,134,55,79,1078,637,441,1743,792,951,1690,842,848,1636,815,821,1027,521,506,447,194,253,42,22,20,120,78,42,54,27,27,21,12,9,12,5,7,12,6,6,9,4,5,50,26,24,20,11,9,12,5,7,12,6,6,6,4,2,4,1,3,1,1,0,0,0,0,0,0,0,3,0,3,1131,587,544
24,91,Vikarabad,Vikarabad,04,Vikarabad,574339,0000,VILLAGE,Gudpalle,Rural,175,788,399,389,89,39,50,246,135,111,3,1,2,416,246,170,372,153,219,438,237,201,434,237,197,205,109,96,169,81,88,2,2,0,58,45,13,4,0,4,0,0,0,0,0,0,0,0,0,4,0,4,4,0,4,0,0,0,0,0,0,0,0,0,4,0,4,0,0,0,0,0,0,0,0,0,0,0,0,0,0,0,350,162,188
24,91,Vikarabad,Vikarabad,10,Dharur,574340,0000,VILLAGE,Nagasamundar,Rural,798,3691,1855,1836,389,214,175,552,280,272,0,0,0,1651,995,656,2040,860,1180,1732,942,790,1626,907,719,635,432,203,642,248,394,97,58,39,252,169,83,106,35,71,12,6,6,67,8,59,2,1,1,25,20,5,102,33,69,12,6,6,64,7,57,2,1,1,24,19,5,4,2,2,0,0,0,3,1,2,0,0,0,1,1,0,1959,913,1046
24,91,Vikarabad,Vikarabad,10,Dharur,574341,0000,VILLAGE,Gangaram,Rural,205,851,410,441,97,45,52,41,18,23,0,0,0,392,218,174,459,192,267,509,253,256,504,250,254,106,70,36,374,157,217,0,0,0,24,23,1,5,3,2,1,0,1,4,3,1,0,0,0,0,0,0,1,1,0,0,0,0,1,1,0,0,0,0,0,0,0,4,2,2,1,0,1,3,2,1,0,0,0,0,0,0,342,157,185
24,91,Vikarabad,Vikarabad,10,Dharur,574342,0000,VILLAGE,Narsapur,Rural,125,546,259,287,81,40,41,111,52,59,0,0,0,194,112,82,352,147,205,302,147,155,302,147,155,38,26,12,259,117,142,0,0,0,5,4,1,0,0,0,0,0,0,0,0,0,0,0,0,0,0,0,0,0,0,0,0,0,0,0,0,0,0,0,0,0,0,0,0,0,0,0,0,0,0,0,0,0,0,0,0,0,244,112,132
24,91,Vikarabad,Vikarabad,10,Dharur,574343,0000,VILLAGE,Dharmapur,Rural,123,564,285,279,71,37,34,179,91,88,0,0,0,257,160,97,307,125,182,269,156,113,186,116,70,72,50,22,97,54,43,5,2,3,12,10,2,83,40,43,23,11,12,53,23,30,2,1,1,5,5,0,81,39,42,23,11,12,51,22,29,2,1,1,5,5,0,2,1,1,0,0,0,2,1,1,0,0,0,0,0,0,295,129,166
24,91,Vikarabad,Vikarabad,04,Vikarabad,574344,0000,VILLAGE,Chiltampalle,Rural,248,1213,593,620,164,79,85,15,8,7,0,0,0,608,345,263,605,248,357,667,347,320,658,345,313,431,239,192,174,67,107,3,2,1,50,37,13,9,2,7,0,0,0,4,0,4,0,0,0,5,2,3,8,2,6,0,0,0,3,0,3,0,0,0,5,2,3,1,0,1,0,0,0,1,0,1,0,0,0,0,0,0,546,246,300
24,91,Vikarabad,Vikarabad,10,Dharur,574345,0000,VILLAGE,Somaram,Rural,277,1311,665,646,140,65,75,467,230,237,0,0,0,630,383,247,681,282,399,746,393,353,694,353,341,328,181,147,293,127,166,9,6,3,64,39,25,52,40,12,3,1,2,39,30,9,1,1,0,9,8,1,50,38,12,3,1,2,39,30,9,1,1,0,7,6,1,2,2,0,0,0,0,0,0,0,0,0,0,2,2,0,565,272,293
24,91,Vikarabad,Vikarabad,10,Dharur,574346,0000,VILLAGE,Kacharam,Rural,59,278,144,134,32,22,10,0,0,0,0,0,0,139,84,55,139,60,79,148,81,67,143,77,66,90,54,36,43,16,27,0,0,0,10,7,3,5,4,1,0,0,0,0,0,0,0,0,0,5,4,1,5,4,1,0,0,0,0,0,0,0,0,0,5,4,1,0,0,0,0,0,0,0,0,0,0,0,0,0,0,0,130,63,67
24,91,Vikarabad,Vikarabad,10,Dharur,574347,0000,VILLAGE,Kondapur Khurd,Rural,201,912,444,468,100,43,57,500,233,267,0,0,0,495,287,208,417,157,260,517,266,251,495,259,236,263,168,95,195,61,134,2,1,1,35,29,6,22,7,15,1,1,0,19,6,13,0,0,0,2,0,2,21,7,14,1,1,0,19,6,13,0,0,0,1,0,1,1,0,1,0,0,0,0,0,0,0,0,0,1,0,1,395,178,217
24,91,Vikarabad,Vikarabad,10,Dharur,574348,0000,VILLAGE,Kukinda,Rural,298,1391,667,724,175,82,93,188,93,95,11,5,6,717,408,309,674,259,415,760,364,396,749,360,389,363,206,157,292,91,201,8,5,3,86,58,28,11,4,7,0,0,0,8,1,7,0,0,0,3,3,0,9,3,6,0,0,0,7,1,6,0,0,0,2,2,0,2,1,1,0,0,0,1,0,1,0,0,0,1,1,0,631,303,328
24,91,Vikarabad,Vikarabad,10,Dharur,574349,0000,VILLAGE,Ousapalle,Rural,154,711,365,346,79,40,39,106,56,50,0,0,0,354,211,143,357,154,203,412,210,202,410,210,200,170,89,81,220,106,114,0,0,0,20,15,5,2,0,2,1,0,1,0,0,0,0,0,0,1,0,1,2,0,2,1,0,1,0,0,0,0,0,0,1,0,1,0,0,0,0,0,0,0,0,0,0,0,0,0,0,0,299,155,144
24,91,Vikarabad,Vikarabad,10,Dharur,574351,0000,VILLAGE,Allapur,Rural,107,542,259,283,48,30,18,131,64,67,0,0,0,279,154,125,263,105,158,324,159,165,304,156,148,88,78,10,196,66,130,6,4,2,14,8,6,20,3,17,2,0,2,12,3,9,4,0,4,2,0,2,19,3,16,2,0,2,12,3,9,3,0,3,2,0,2,1,0,1,0,0,0,0,0,0,1,0,1,0,0,0,218,100,118
24,91,Vikarabad,Vikarabad,10,Dharur,574352,0000,VILLAGE,Rampur,Rural,186,993,509,484,162,96,66,9,6,3,984,503,481,289,189,100,704,320,384,589,271,318,586,269,317,315,158,157,116,30,86,2,1,1,153,80,73,3,2,1,1,1,0,0,0,0,1,0,1,1,1,0,2,2,0,1,1,0,0,0,0,0,0,0,1,1,0,1,0,1,0,0,0,0,0,0,1,0,1,0,0,0,404,238,166
24,91,Vikarabad,Vikarabad,10,Dharur,574353,0000,VILLAGE,Ghattepalle,Rural,223,1027,508,519,130,63,67,293,147,146,137,68,69,431,252,179,596,256,340,527,271,256,503,264,239,133,131,2,331,106,225,4,2,2,35,25,10,24,7,17,0,0,0,18,4,14,0,0,0,6,3,3,14,3,11,0,0,0,11,1,10,0,0,0,3,2,1,10,4,6,0,0,0,7,3,4,0,0,0,3,1,2,500,237,263
24,91,Vikarabad,Vikarabad,10,Dharur,574354,0000,VILLAGE,Rudraram,Rural,176,831,395,436,83,33,50,269,137,132,4,3,1,307,159,148,524,236,288,486,239,247,485,239,246,324,158,166,154,79,75,3,1,2,4,1,3,1,0,1,0,0,0,1,0,1,0,0,0,0,0,0,1,0,1,0,0,0,1,0,1,0,0,0,0,0,0,0,0,0,0,0,0,0,0,0,0,0,0,0,0,0,345,156,189
24,91,Vikarabad,Vikarabad,10,Dharur,574355,0000,VILLAGE,Dharur,Rural,1140,6029,3031,2998,754,396,358,834,375,459,1459,715,744,3195,1809,1386,2834,1222,1612,2487,1506,981,2254,1424,830,307,214,93,1156,567,589,152,114,38,639,529,110,233,82,151,5,2,3,186,45,141,5,5,0,37,30,7,208,66,142,5,2,3,169,36,133,2,2,0,32,26,6,25,16,9,0,0,0,17,9,8,3,3,0,5,4,1,3542,1525,2017
24,91,Vikarabad,Vikarabad,10,Dharur,574356,0000,VILLAGE,Allipur,Rural,267,1209,609,600,161,83,78,545,283,262,0,0,0,545,326,219,664,283,381,716,368,348,712,367,345,475,240,235,177,85,92,17,9,8,43,33,10,4,1,3,3,1,2,0,0,0,0,0,0,1,0,1,4,1,3,3,1,2,0,0,0,0,0,0,1,0,1,0,0,0,0,0,0,0,0,0,0,0,0,0,0,0,493,241,252
24,91,Vikarabad,Vikarabad,10,Dharur,574357,0000,VILLAGE,Ebbanoor,Rural,249,1190,610,580,143,72,71,307,151,156,0,0,0,724,422,302,466,188,278,715,377,338,535,306,229,317,194,123,182,84,98,5,4,1,31,24,7,180,71,109,15,5,10,148,55,93,5,3,2,12,8,4,162,61,101,12,5,7,135,47,88,5,3,2,10,6,4,18,10,8,3,0,3,13,8,5,0,0,0,2,2,0,475,233,242
24,91,Vikarabad,Vikarabad,10,Dharur,574358,0000,VILLAGE,Kerelly,Rural,371,1747,906,841,192,107,85,312,146,166,0,0,0,954,575,379,793,331,462,983,510,473,783,464,319,429,317,112,266,72,194,6,5,1,82,70,12,200,46,154,29,13,16,154,24,130,3,3,0,14,6,8,191,42,149,27,11,16,149,22,127,3,3,0,12,6,6,9,4,5,2,2,0,5,2,3,0,0,0,2,0,2,764,396,368
24,91,Vikarabad,Vikarabad,10,Dharur,574359,0000,VILLAGE,Bacharam,Rural,73,327,151,176,41,17,24,78,35,43,0,0,0,139,71,68,188,80,108,250,120,130,234,113,121,183,91,92,20,8,12,4,3,1,27,11,16,16,7,9,5,2,3,1,0,1,0,0,0,10,5,5,16,7,9,5,2,3,1,0,1,0,0,0,10,5,5,0,0,0,0,0,0,0,0,0,0,0,0,0,0,0,77,31,46
24,91,Vikarabad,Vikarabad,10,Dharur,574360,0000,VILLAGE,Haridaspalle,Rural,193,866,436,430,74,43,31,99,44,55,0,0,0,445,257,188,421,179,242,492,270,222,390,251,139,273,187,86,60,15,45,3,2,1,54,47,7,102,19,83,5,2,3,93,14,79,0,0,0,4,3,1,102,19,83,5,2,3,93,14,79,0,0,0,4,3,1,0,0,0,0,0,0,0,0,0,0,0,0,0,0,0,374,166,208
24,91,Vikarabad,Vikarabad,10,Dharur,574361,0000,VILLAGE,Chintakunta,Rural,257,1153,586,567,130,72,58,316,158,158,98,48,50,580,335,245,573,251,322,699,358,341,455,249,206,241,186,55,144,26,118,2,0,2,68,37,31,244,109,135,75,57,18,145,36,109,6,2,4,18,14,4,218,99,119,65,54,11,136,33,103,3,1,2,14,11,3,26,10,16,10,3,7,9,3,6,3,1,2,4,3,1,454,228,226
24,91,Vikarabad,Vikarabad,10,Dharur,574362,0000,VILLAGE,Dornal,Rural,442,1774,861,913,237,112,125,113,53,60,308,142,166,955,558,397,819,303,516,933,480,453,744,384,360,534,270,264,140,54,86,2,2,0,68,58,10,189,96,93,10,5,5,64,15,49,2,2,0,113,74,39,182,92,90,10,5,5,63,15,48,0,0,0,109,72,37,7,4,3,0,0,0,1,0,1,2,2,0,4,2,2,841,381,460
24,91,Vikarabad,Vikarabad,10,Dharur,574363,0000,VILLAGE,Kummar Palle,Rural,253,1099,560,539,185,94,91,40,17,23,281,144,137,407,250,157,692,310,382,656,335,321,365,237,128,110,86,24,157,81,76,31,22,9,67,48,19,291,98,193,19,14,5,147,26,121,54,21,33,71,37,34,206,60,146,15,11,4,126,20,106,22,8,14,43,21,22,85,38,47,4,3,1,21,6,15,32,13,19,28,16,12,443,225,218
24,91,Vikarabad,Vikarabad,10,Dharur,574364,0000,VILLAGE,Mailaram,Rural,263,1180,618,562,187,110,77,54,32,22,828,431,397,545,325,220,635,293,342,684,346,338,357,174,183,220,108,112,85,36,49,0,0,0,52,30,22,327,172,155,9,4,5,280,152,128,3,1,2,35,15,20,326,172,154,9,4,5,280,152,128,3,1,2,34,15,19,1,0,1,0,0,0,0,0,0,0,0,0,1,0,1,496,272,224
24,91,Vikarabad,Vikarabad,10,Dharur,574365,0000,VILLAGE,Tharigopul,Rural,426,1824,878,946,240,126,114,462,223,239,32,17,15,957,539,418,867,339,528,992,507,485,747,431,316,424,235,189,161,75,86,9,6,3,153,115,38,245,76,169,2,1,1,176,30,146,25,15,10,42,30,12,226,69,157,1,0,1,163,28,135,24,15,9,38,26,12,19,7,12,1,1,0,13,2,11,1,0,1,4,4,0,832,371,461
24,91,Vikarabad,Vikarabad,10,Dharur,574366,0000,VILLAGE,Nagaram,Rural,332,1387,690,697,178,82,96,260,136,124,18,11,7,692,399,293,695,291,404,690,367,323,645,332,313,136,104,32,419,158,261,25,17,8,65,53,12,45,35,10,1,0,1,1,0,1,14,11,3,29,24,5,36,28,8,1,0,1,1,0,1,14,11,3,20,17,3,9,7,2,0,0,0,0,0,0,0,0,0,9,7,2,697,323,374
24,91,Vikarabad,Vikarabad,10,Dharur,574367,0000,VILLAGE,Ampalle,Rural,175,803,413,390,87,50,37,54,26,28,86,46,40,399,247,152,404,166,238,508,251,257,236,135,101,68,63,5,152,63,89,0,0,0,16,9,7,272,116,156,35,27,8,224,79,145,5,3,2,8,7,1,263,113,150,35,27,8,216,77,139,5,3,2,7,6,1,9,3,6,0,0,0,8,2,6,0,0,0,1,1,0,295,162,133
24,91,Vikarabad,Vikarabad,10,Dharur,574368,0000,VILLAGE,Gurudotla,Rural,312,1790,946,844,233,117,116,22,11,11,1305,691,614,786,508,278,1004,438,566,956,487,469,628,347,281,488,294,194,53,10,43,39,5,34,48,38,10,328,140,188,18,11,7,207,79,128,24,5,19,79,45,34,284,122,162,15,8,7,189,73,116,20,5,15,60,36,24,44,18,26,3,3,0,18,6,12,4,0,4,19,9,10,834,459,375
24,91,Vikarabad,Vikarabad,10,Dharur,574369,0000,VILLAGE,Mominkhurd,Rural,128,630,295,335,85,38,47,122,55,67,0,0,0,328,179,149,302,116,186,360,183,177,358,181,177,312,168,144,32,3,29,3,2,1,11,8,3,2,2,0,0,0,0,0,0,0,0,0,0,2,2,0,2,2,0,0,0,0,0,0,0,0,0,0,2,2,0,0,0,0,0,0,0,0,0,0,0,0,0,0,0,0,270,112,158
24,91,Vikarabad,Vikarabad,10,Dharur,574370,0000,VILLAGE,Rajapur,Rural,159,691,343,348,94,51,43,131,59,72,0,0,0,324,175,149,367,168,199,381,193,188,275,150,125,167,106,61,49,16,33,12,9,3,47,19,28,106,43,63,11,4,7,55,18,37,2,1,1,38,20,18,105,42,63,11,4,7,55,18,37,2,1,1,37,19,18,1,1,0,0,0,0,0,0,0,0,0,0,1,1,0,310,150,160
24,91,Vikarabad,Vikarabad,10,Dharur,574371,0000,VILLAGE,Mominkalan,Rural,318,1488,706,782,196,95,101,317,141,176,0,0,0,821,449,372,667,257,410,755,377,378,741,370,371,422,264,158,282,76,206,10,8,2,27,22,5,14,7,7,7,5,2,5,0,5,0,0,0,2,2,0,14,7,7,7,5,2,5,0,5,0,0,0,2,2,0,0,0,0,0,0,0,0,0,0,0,0,0,0,0,0,733,329,404
24,91,Vikarabad,Vikarabad,10,Dharur,574372,0000,VILLAGE,Antharam,Rural,183,820,385,435,100,43,57,159,66,93,0,0,0,374,206,168,446,179,267,418,210,208,412,206,206,265,141,124,130,52,78,2,2,0,15,11,4,6,4,2,1,1,0,4,3,1,1,0,1,0,0,0,6,4,2,1,1,0,4,3,1,1,0,1,0,0,0,0,0,0,0,0,0,0,0,0,0,0,0,0,0,0,402,175,227
24,91,Vikarabad,Vikarabad,10,Dharur,574373,0000,VILLAGE,Nagsanpalle,Rural,96,508,256,252,58,29,29,61,31,30,0,0,0,257,159,98,251,97,154,279,141,138,272,137,135,139,72,67,118,52,66,1,1,0,14,12,2,7,4,3,0,0,0,7,4,3,0,0,0,0,0,0,7,4,3,0,0,0,7,4,3,0,0,0,0,0,0,0,0,0,0,0,0,0,0,0,0,0,0,0,0,0,229,115,114
24,91,Vikarabad,Vikarabad,10,Dharur,574374,0000,VILLAGE,Kondapur  Kalan,Rural,164,651,310,341,76,34,42,295,139,156,0,0,0,314,175,139,337,135,202,377,195,182,373,193,180,237,119,118,77,27,50,2,1,1,57,46,11,4,2,2,0,0,0,1,1,0,0,0,0,3,1,2,4,2,2,0,0,0,1,1,0,0,0,0,3,1,2,0,0,0,0,0,0,0,0,0,0,0,0,0,0,0,274,115,159
24,91,Vikarabad,Vikarabad,04,Vikarabad,574375,0000,VILLAGE,Zaidupalle,Rural,207,935,446,489,91,43,48,456,212,244,0,0,0,592,330,262,343,116,227,488,281,207,476,276,200,235,112,123,77,28,49,1,0,1,163,136,27,12,5,7,0,0,0,10,4,6,0,0,0,2,1,1,11,4,7,0,0,0,10,4,6,0,0,0,1,0,1,1,1,0,0,0,0,0,0,0,0,0,0,1,1,0,447,165,282
24,91,Vikarabad,Vikarabad,04,Vikarabad,574376,0000,VILLAGE,Surpanpalle,Rural,225,1006,528,478,123,69,54,201,99,102,0,0,0,504,294,210,502,234,268,587,313,274,582,311,271,176,102,74,370,176,194,3,2,1,33,31,2,5,2,3,0,0,0,3,0,3,1,1,0,1,1,0,5,2,3,0,0,0,3,0,3,1,1,0,1,1,0,0,0,0,0,0,0,0,0,0,0,0,0,0,0,0,419,215,204
24,91,Vikarabad,Vikarabad,04,Vikarabad,574377,0000,VILLAGE,Godamguda,Rural,196,932,470,462,124,70,54,267,134,133,37,16,21,529,315,214,403,155,248,537,272,265,503,250,253,270,131,139,121,44,77,32,8,24,80,67,13,34,22,12,9,5,4,14,7,7,0,0,0,11,10,1,33,21,12,9,5,4,14,7,7,0,0,0,10,9,1,1,1,0,0,0,0,0,0,0,0,0,0,1,1,0,395,198,197
24,91,Vikarabad,Vikarabad,12,Bantwaram,574378,0000,VILLAGE,Bopanwaram,Rural,388,1910,953,957,263,132,131,759,367,392,0,0,0,886,533,353,1024,420,604,961,517,444,951,512,439,454,246,208,365,166,199,6,3,3,126,97,29,10,5,5,0,0,0,5,1,4,0,0,0,5,4,1,9,4,5,0,0,0,5,1,4,0,0,0,4,3,1,1,1,0,0,0,0,0,0,0,0,0,0,1,1,0,949,436,513
24,91,Vikarabad,Vikarabad,12,Bantwaram,574379,0000,VILLAGE,Turmamidi,Rural,1355,5775,2906,2869,621,325,296,1926,977,949,16,16,0,2806,1593,1213,2969,1313,1656,3124,1634,1490,2679,1439,1240,527,331,196,1911,938,973,14,7,7,227,163,64,445,195,250,5,2,3,269,119,150,60,9,51,111,65,46,361,164,197,5,2,3,220,95,125,41,8,33,95,59,36,84,31,53,0,0,0,49,24,25,19,1,18,16,6,10,2651,1272,1379
24,91,Vikarabad,Vikarabad,12,Bantwaram,574380,0000,VILLAGE,Bantwaram,Rural,824,3507,1759,1748,427,231,196,794,392,402,19,7,12,1750,1025,725,1757,734,1023,1957,957,1000,1931,947,984,1544,756,788,299,135,164,10,5,5,78,51,27,26,10,16,11,6,5,8,1,7,1,1,0,6,2,4,25,10,15,10,6,4,8,1,7,1,1,0,6,2,4,1,0,1,1,0,1,0,0,0,0,0,0,0,0,0,1550,802,748
24,91,Vikarabad,Vikarabad,12,Bantwaram,574381,0000,VILLAGE,Nagaram,Rural,150,735,363,372,117,53,64,2,0,2,202,99,103,351,229,122,384,134,250,408,207,201,402,204,198,352,180,172,35,17,18,2,1,1,13,6,7,6,3,3,4,2,2,0,0,0,0,0,0,2,1,1,5,2,3,4,2,2,0,0,0,0,0,0,1,0,1,1,1,0,0,0,0,0,0,0,0,0,0,1,1,0,327,156,171
24,91,Vikarabad,Vikarabad,12,Bantwaram,574382,0000,VILLAGE,Rompalle,Rural,458,1684,815,869,192,95,97,504,250,254,4,3,1,667,379,288,1017,436,581,1071,505,566,1057,498,559,593,321,272,411,151,260,19,4,15,34,22,12,14,7,7,4,2,2,5,3,2,4,2,2,1,0,1,11,6,5,3,1,2,4,3,1,4,2,2,0,0,0,3,1,2,1,1,0,1,0,1,0,0,0,1,0,1,613,310,303
24,91,Vikarabad,Vikarabad,12,Bantwaram,574383,0000,VILLAGE,Mangraspalle,Rural,95,431,216,215,56,24,32,289,142,147,0,0,0,175,111,64,256,105,151,241,114,127,133,100,33,49,46,3,75,47,28,2,2,0,7,5,2,108,14,94,2,2,0,101,10,91,2,0,2,3,2,1,106,14,92,2,2,0,100,10,90,1,0,1,3,2,1,2,0,2,0,0,0,1,0,1,1,0,1,0,0,0,190,102,88
24,91,Vikarabad,Vikarabad,12,Bantwaram,574384,0000,VILLAGE,Salbathapur,Rural,366,1613,795,818,169,85,84,894,433,461,0,0,0,835,492,343,778,303,475,863,440,423,724,390,334,100,96,4,517,204,313,2,0,2,105,90,15,139,50,89,1,0,1,121,37,84,0,0,0,17,13,4,138,49,89,1,0,1,120,36,84,0,0,0,17,13,4,1,1,0,0,0,0,1,1,0,0,0,0,0,0,0,750,355,395
24,91,Vikarabad,Vikarabad,12,Bantwaram,574386,0000,VILLAGE,Madhvapur,Rural,97,386,200,186,48,29,19,94,44,50,4,3,1,115,71,44,271,129,142,230,109,121,17,11,6,8,6,2,6,4,2,0,0,0,3,1,2,213,98,115,205,94,111,8,4,4,0,0,0,0,0,0,213,98,115,205,94,111,8,4,4,0,0,0,0,0,0,0,0,0,0,0,0,0,0,0,0,0,0,0,0,0,156,91,65
24,91,Vikarabad,Vikarabad,11,Kotepally,574387,0000,VILLAGE,Kothapalle,Rural,312,1333,661,672,155,85,70,339,171,168,0,0,0,630,383,247,703,278,425,781,379,402,636,354,282,163,151,12,438,176,262,5,3,2,30,24,6,145,25,120,0,0,0,138,19,119,2,1,1,5,5,0,141,23,118,0,0,0,134,17,117,2,1,1,5,5,0,4,2,2,0,0,0,4,2,2,0,0,0,0,0,0,552,282,270
24,91,Vikarabad,Vikarabad,12,Bantwaram,574388,0000,VILLAGE,Sultanpur,Rural,166,641,297,344,90,48,42,7,3,4,0,0,0,277,145,132,364,152,212,354,163,191,347,160,187,332,153,179,1,0,1,7,2,5,7,5,2,7,3,4,1,1,0,0,0,0,0,0,0,6,2,4,7,3,4,1,1,0,0,0,0,0,0,0,6,2,4,0,0,0,0,0,0,0,0,0,0,0,0,0,0,0,287,134,153
24,91,Vikarabad,Vikarabad,12,Bantwaram,574389,0000,VILLAGE,Noorullapur,Rural,57,209,101,108,15,9,6,33,15,18,0,0,0,158,84,74,51,17,34,112,52,60,110,51,59,88,42,46,15,4,11,0,0,0,7,5,2,2,1,1,0,0,0,2,1,1,0,0,0,0,0,0,2,1,1,0,0,0,2,1,1,0,0,0,0,0,0,0,0,0,0,0,0,0,0,0,0,0,0,0,0,0,97,49,48
24,91,Vikarabad,Vikarabad,12,Bantwaram,574390,0000,VILLAGE,Yacharam,Rural,139,462,216,246,53,20,33,49,18,31,0,0,0,258,147,111,204,69,135,298,152,146,298,152,146,294,150,144,1,0,1,2,2,0,1,0,1,0,0,0,0,0,0,0,0,0,0,0,0,0,0,0,0,0,0,0,0,0,0,0,0,0,0,0,0,0,0,0,0,0,0,0,0,0,0,0,0,0,0,0,0,0,164,64,100
24,91,Vikarabad,Vikarabad,12,Bantwaram,574391,0000,VILLAGE,Somaram _M,Rural,204,876,452,424,90,50,40,301,152,149,0,0,0,438,275,163,438,177,261,488,256,232,282,182,100,91,85,6,167,76,91,1,1,0,23,20,3,206,74,132,10,6,4,179,59,120,4,1,3,13,8,5,198,71,127,10,6,4,174,57,117,2,0,2,12,8,4,8,3,5,0,0,0,5,2,3,2,1,1,1,0,1,388,196,192
24,91,Vikarabad,Vikarabad,11,Kotepally,574393,0000,VILLAGE,Barwad,Rural,590,2672,1314,1358,322,174,148,710,352,358,403,212,191,1181,702,479,1491,612,879,1677,831,846,1655,818,837,1047,529,518,509,221,288,1,1,0,98,67,31,22,13,9,10,7,3,11,6,5,0,0,0,1,0,1,22,13,9,10,7,3,11,6,5,0,0,0,1,0,1,0,0,0,0,0,0,0,0,0,0,0,0,0,0,0,995,483,512
24,91,Vikarabad,Vikarabad,11,Kotepally,574394,0000,VILLAGE,Mothkupalle,Rural,464,2072,1025,1047,226,103,123,621,303,318,0,0,0,1041,625,416,1031,400,631,1210,646,564,1191,639,552,930,489,441,153,73,80,30,15,15,78,62,16,19,7,12,2,0,2,11,4,7,2,0,2,4,3,1,17,7,10,1,0,1,11,4,7,1,0,1,4,3,1,2,0,2,1,0,1,0,0,0,1,0,1,0,0,0,862,379,483
24,91,Vikarabad,Vikarabad,11,Kotepally,574395,0000,VILLAGE,Nagsanpalle,Rural,260,1217,612,605,174,81,93,373,186,187,245,128,117,476,301,175,741,311,430,760,373,387,755,370,385,673,335,338,41,17,24,12,4,8,29,14,15,5,3,2,1,1,0,0,0,0,0,0,0,4,2,2,5,3,2,1,1,0,0,0,0,0,0,0,4,2,2,0,0,0,0,0,0,0,0,0,0,0,0,0,0,0,457,239,218
24,91,Vikarabad,Vikarabad,11,Kotepally,574396,0000,VILLAGE,Beerol,Rural,188,801,422,379,80,40,40,314,164,150,0,0,0,411,266,145,390,156,234,503,261,242,478,247,231,427,224,203,48,21,27,0,0,0,3,2,1,25,14,11,12,7,5,10,5,5,0,0,0,3,2,1,21,12,9,11,6,5,7,4,3,0,0,0,3,2,1,4,2,2,1,1,0,3,1,2,0,0,0,0,0,0,298,161,137
24,91,Vikarabad,Vikarabad,11,Kotepally,574397,0000,VILLAGE,Kareempur,Rural,128,699,359,340,95,60,35,258,128,130,0,0,0,389,215,174,310,144,166,406,212,194,403,211,192,3,1,2,388,204,184,0,0,0,12,6,6,3,1,2,0,0,0,3,1,2,0,0,0,0,0,0,2,1,1,0,0,0,2,1,1,0,0,0,0,0,0,1,0,1,0,0,0,1,0,1,0,0,0,0,0,0,293,147,146
24,91,Vikarabad,Vikarabad,11,Kotepally,574398,0000,VILLAGE,Yenkepalle,Rural,168,741,379,362,95,58,37,0,0,0,0,0,0,329,199,130,412,180,232,430,209,221,428,207,221,347,164,183,58,23,35,3,1,2,20,19,1,2,2,0,0,0,0,0,0,0,0,0,0,2,2,0,2,2,0,0,0,0,0,0,0,0,0,0,2,2,0,0,0,0,0,0,0,0,0,0,0,0,0,0,0,0,311,170,141
24,91,Vikarabad,Vikarabad,11,Kotepally,574399,0000,VILLAGE,Yennaram,Rural,400,1907,931,976,231,117,114,601,280,321,0,0,0,986,560,426,921,371,550,1121,550,571,1000,515,485,275,192,83,617,251,366,11,8,3,97,64,33,121,35,86,20,12,8,79,13,66,1,0,1,21,10,11,107,32,75,20,12,8,67,11,56,1,0,1,19,9,10,14,3,11,0,0,0,12,2,10,0,0,0,2,1,1,786,381,405
24,91,Vikarabad,Vikarabad,11,Kotepally,574400,0000,VILLAGE,Rampur,Rural,366,1358,680,678,154,83,71,318,147,171,1,1,0,731,443,288,627,237,390,769,408,361,759,403,356,555,284,271,91,32,59,10,5,5,103,82,21,10,5,5,1,0,1,3,1,2,0,0,0,6,4,2,9,5,4,1,0,1,3,1,2,0,0,0,5,4,1,1,0,1,0,0,0,0,0,0,0,0,0,1,0,1,589,272,317
24,91,Vikarabad,Vikarabad,11,Kotepally,574401,0000,VILLAGE,Jinnaram,Rural,281,1261,648,613,155,85,70,288,145,143,0,0,0,601,380,221,660,268,392,791,408,383,783,406,377,441,229,212,278,125,153,6,3,3,58,49,9,8,2,6,1,0,1,4,1,3,0,0,0,3,1,2,8,2,6,1,0,1,4,1,3,0,0,0,3,1,2,0,0,0,0,0,0,0,0,0,0,0,0,0,0,0,470,240,230
24,91,Vikarabad,Vikarabad,11,Kotepally,574402,0000,VILLAGE,Kankanalapalle,Rural,120,547,262,285,57,28,29,239,116,123,4,0,4,297,170,127,250,92,158,291,155,136,291,155,136,62,54,8,202,82,120,0,0,0,27,19,8,0,0,0,0,0,0,0,0,0,0,0,0,0,0,0,0,0,0,0,0,0,0,0,0,0,0,0,0,0,0,0,0,0,0,0,0,0,0,0,0,0,0,0,0,0,256,107,149
24,91,Vikarabad,Vikarabad,11,Kotepally,574403,0000,VILLAGE,Malshetpalle,Rural,70,322,167,155,43,21,22,0,0,0,320,167,153,60,46,14,262,121,141,203,112,91,85,65,20,65,53,12,12,7,5,3,2,1,5,3,2,118,47,71,12,8,4,86,27,59,5,2,3,15,10,5,114,45,69,11,7,4,86,27,59,2,1,1,15,10,5,4,2,2,1,1,0,0,0,0,3,1,2,0,0,0,119,55,64
24,92,Tandur,Vikarabad,13,Peddemul,574405,0000,VILLAGE,Adkicherla,Rural,557,2804,1377,1427,395,184,211,329,154,175,747,378,369,1107,653,454,1697,724,973,1475,758,717,1463,756,707,514,282,232,853,404,449,4,2,2,92,68,24,12,2,10,6,1,5,5,1,4,0,0,0,1,0,1,12,2,10,6,1,5,5,1,4,0,0,0,1,0,1,0,0,0,0,0,0,0,0,0,0,0,0,0,0,0,1329,619,710
24,92,Tandur,Vikarabad,13,Peddemul,574406,0000,VILLAGE,Pashapur,Rural,221,1060,531,529,193,106,87,2,1,1,681,341,340,298,216,82,762,315,447,676,328,348,174,112,62,43,32,11,27,22,5,3,1,2,101,57,44,502,216,286,99,73,26,363,124,239,1,0,1,39,19,20,340,171,169,96,72,24,207,80,127,1,0,1,36,19,17,162,45,117,3,1,2,156,44,112,0,0,0,3,0,3,384,203,181
24,92,Tandur,Vikarabad,13,Peddemul,574408,0000,VILLAGE,Tattapalle,Rural,1357,6753,3520,3233,953,508,445,627,332,295,2928,1528,1400,2572,1599,973,4181,1921,2260,3880,2058,1822,3089,1688,1401,2187,1298,889,674,228,446,38,23,15,190,139,51,791,370,421,226,168,58,386,104,282,24,2,22,155,96,59,717,339,378,198,156,42,341,85,256,23,2,21,155,96,59,74,31,43,28,12,16,45,19,26,1,0,1,0,0,0,2873,1462,1411
24,92,Tandur,Vikarabad,13,Peddemul,574409,0000,VILLAGE,Nagulpalle,Rural,400,1974,959,1015,222,108,114,734,361,373,0,0,0,900,547,353,1074,412,662,1140,555,585,1106,537,569,507,279,228,480,177,303,9,5,4,110,76,34,34,18,16,9,7,2,23,9,14,0,0,0,2,2,0,30,16,14,9,7,2,19,7,12,0,0,0,2,2,0,4,2,2,0,0,0,4,2,2,0,0,0,0,0,0,834,404,430
24,92,Tandur,Vikarabad,13,Peddemul,574410,0000,VILLAGE,Rudraram,Rural,196,889,426,463,92,47,45,154,77,77,0,0,0,445,254,191,444,172,272,468,230,238,423,212,211,202,111,91,167,81,86,1,0,1,53,20,33,45,18,27,3,2,1,31,13,18,0,0,0,11,3,8,43,17,26,3,2,1,30,12,18,0,0,0,10,3,7,2,1,1,0,0,0,1,1,0,0,0,0,1,0,1,421,196,225
24,92,Tandur,Vikarabad,13,Peddemul,574411,0000,VILLAGE,Athakur,Rural,253,1264,614,650,152,76,76,134,64,70,531,254,277,503,306,197,761,308,453,913,434,479,473,293,180,330,242,88,124,39,85,4,1,3,15,11,4,440,141,299,181,90,91,253,49,204,3,0,3,3,2,1,410,140,270,181,90,91,223,48,175,3,0,3,3,2,1,30,1,29,0,0,0,30,1,29,0,0,0,0,0,0,351,180,171
24,92,Tandur,Vikarabad,13,Peddemul,574413,0000,VILLAGE,Indoor,Rural,601,3045,1496,1549,385,200,185,648,325,323,568,273,295,1552,890,662,1493,606,887,1468,833,635,1318,778,540,699,447,252,437,180,257,23,19,4,159,132,27,150,55,95,9,5,4,98,16,82,7,5,2,36,29,7,139,50,89,3,3,0,96,16,80,6,4,2,34,27,7,11,5,6,6,2,4,2,0,2,1,1,0,2,2,0,1577,663,914
24,92,Tandur,Vikarabad,13,Peddemul,574414,0000,VILLAGE,Peddemul,Rural,1118,5185,2591,2594,657,341,316,1381,681,700,296,150,146,2471,1429,1042,2714,1162,1552,2463,1390,1073,2429,1376,1053,608,397,211,1240,533,707,44,25,19,537,421,116,34,14,20,0,0,0,18,7,11,1,0,1,15,7,8,32,13,19,0,0,0,18,7,11,1,0,1,13,6,7,2,1,1,0,0,0,0,0,0,0,0,0,2,1,1,2722,1201,1521
24,92,Tandur,Vikarabad,13,Peddemul,574415,0000,VILLAGE,Gopalpur,Rural,243,1024,516,508,96,46,50,223,111,112,0,0,0,466,280,186,558,236,322,766,404,362,743,388,355,193,171,22,411,141,270,97,53,44,42,23,19,23,16,7,5,4,1,4,0,4,5,4,1,9,8,1,22,16,6,4,4,0,4,0,4,5,4,1,9,8,1,1,0,1,1,0,1,0,0,0,0,0,0,0,0,0,258,112,146
24,92,Tandur,Vikarabad,13,Peddemul,574416,0000,VILLAGE,Thimsanpalle,Rural,95,465,223,242,53,28,25,253,120,133,11,4,7,207,114,93,258,109,149,275,124,151,271,123,148,59,58,1,169,44,125,3,2,1,40,19,21,4,1,3,1,1,0,2,0,2,0,0,0,1,0,1,4,1,3,1,1,0,2,0,2,0,0,0,1,0,1,0,0,0,0,0,0,0,0,0,0,0,0,0,0,0,190,99,91
24,91,Vikarabad,Vikarabad,11,Kotepally,574417,0000,VILLAGE,Indole,Rural,201,861,426,435,76,27,49,15,11,4,0,0,0,527,315,212,334,111,223,538,260,278,427,212,215,175,111,64,95,56,39,3,1,2,154,44,110,111,48,63,4,4,0,11,6,5,3,0,3,93,38,55,88,36,52,4,4,0,8,5,3,2,0,2,74,27,47,23,12,11,0,0,0,3,1,2,1,0,1,19,11,8,323,166,157
24,91,Vikarabad,Vikarabad,11,Kotepally,574418,0000,VILLAGE,Vagulapur,Rural,153,722,358,364,66,28,38,442,212,230,0,0,0,324,193,131,398,165,233,460,234,226,451,228,223,145,128,17,213,58,155,8,5,3,85,37,48,9,6,3,0,0,0,1,1,0,1,1,0,7,4,3,6,4,2,0,0,0,1,1,0,1,1,0,4,2,2,3,2,1,0,0,0,0,0,0,0,0,0,3,2,1,262,124,138
24,91,Vikarabad,Vikarabad,11,Kotepally,574420,0000,VILLAGE,Kotpalle,Rural,1271,5491,2685,2806,667,336,331,896,428,468,7,2,5,3073,1712,1361,2418,973,1445,2642,1500,1142,1737,1031,706,728,441,287,483,179,304,55,36,19,471,375,96,905,469,436,31,18,13,462,178,284,30,16,14,382,257,125,831,433,398,30,18,12,403,153,250,27,14,13,371,248,123,74,36,38,1,0,1,59,25,34,3,2,1,11,9,2,2849,1185,1664
24,92,Tandur,Vikarabad,13,Peddemul,574422,0000,VILLAGE,Marpalle,Rural,301,1347,659,688,198,100,98,159,76,83,350,176,174,569,348,221,778,311,467,789,395,394,764,387,377,168,101,67,536,242,294,10,6,4,50,38,12,25,8,17,6,1,5,10,2,8,3,1,2,6,4,2,22,5,17,6,1,5,10,2,8,2,0,2,4,2,2,3,3,0,0,0,0,0,0,0,1,1,0,2,2,0,558,264,294
24,92,Tandur,Vikarabad,13,Peddemul,574423,0000,VILLAGE,Mansampalle,Rural,162,866,423,443,152,88,64,18,9,9,598,297,301,326,186,140,540,237,303,438,216,222,427,212,215,140,94,46,249,95,154,0,0,0,38,23,15,11,4,7,2,1,1,6,1,5,0,0,0,3,2,1,11,4,7,2,1,1,6,1,5,0,0,0,3,2,1,0,0,0,0,0,0,0,0,0,0,0,0,0,0,0,428,207,221
24,92,Tandur,Vikarabad,13,Peddemul,574424,0000,VILLAGE,Duggapur,Rural,118,604,296,308,75,38,37,170,88,82,15,6,9,268,161,107,336,135,201,363,167,196,350,160,190,114,109,5,232,48,184,1,1,0,3,2,1,13,7,6,0,0,0,6,2,4,3,2,1,4,3,1,11,6,5,0,0,0,5,2,3,2,1,1,4,3,1,2,1,1,0,0,0,1,0,1,1,1,0,0,0,0,241,129,112
24,92,Tandur,Vikarabad,13,Peddemul,574425,0000,VILLAGE,Jangaon,Rural,486,2340,1169,1171,315,157,158,486,246,240,0,0,0,1042,584,458,1298,585,713,1426,703,723,1321,659,662,302,188,114,752,334,418,51,24,27,216,113,103,105,44,61,17,8,9,28,13,15,11,4,7,49,19,30,96,42,54,16,8,8,24,12,12,11,4,7,45,18,27,9,2,7,1,0,1,4,1,3,0,0,0,4,1,3,914,466,448
24,92,Tandur,Vikarabad,13,Peddemul,574426,0000,VILLAGE,Khanapur,Rural,77,365,180,185,48,27,21,145,69,76,0,0,0,191,108,83,174,72,102,240,115,125,240,115,125,235,112,123,0,0,0,0,0,0,5,3,2,0,0,0,0,0,0,0,0,0,0,0,0,0,0,0,0,0,0,0,0,0,0,0,0,0,0,0,0,0,0,0,0,0,0,0,0,0,0,0,0,0,0,0,0,0,125,65,60
24,92,Tandur,Vikarabad,13,Peddemul,574427,0000,VILLAGE,Buddaram,Rural,200,808,405,403,93,52,41,207,102,105,0,0,0,409,239,170,399,166,233,500,252,248,488,247,241,38,23,15,428,211,217,9,4,5,13,9,4,12,5,7,2,2,0,5,3,2,0,0,0,5,0,5,12,5,7,2,2,0,5,3,2,0,0,0,5,0,5,0,0,0,0,0,0,0,0,0,0,0,0,0,0,0,308,153,155
24,92,Tandur,Vikarabad,13,Peddemul,574428,0000,VILLAGE,Hanmapur,Rural,138,726,373,353,74,41,33,487,254,233,0,0,0,341,205,136,385,168,217,389,196,193,273,152,121,103,99,4,153,41,112,0,0,0,17,12,5,116,44,72,4,2,2,102,35,67,1,1,0,9,6,3,9,6,3,2,1,1,0,0,0,1,1,0,6,4,2,107,38,69,2,1,1,102,35,67,0,0,0,3,2,1,337,177,160
24,92,Tandur,Vikarabad,13,Peddemul,574429,0000,VILLAGE,Girmapur,Rural,100,462,229,233,61,19,42,126,59,67,206,103,103,183,127,56,279,102,177,248,133,115,225,126,99,117,78,39,81,25,56,0,0,0,27,23,4,23,7,16,5,2,3,17,5,12,0,0,0,1,0,1,15,4,11,2,0,2,12,4,8,0,0,0,1,0,1,8,3,5,3,2,1,5,1,4,0,0,0,0,0,0,214,96,118
24,92,Tandur,Vikarabad,13,Peddemul,574430,0000,VILLAGE,Gotlapalle,Rural,256,1145,565,580,163,77,86,187,87,100,0,0,0,533,306,227,612,259,353,554,322,232,492,293,199,131,99,32,237,102,135,5,3,2,119,89,30,62,29,33,2,2,0,43,12,31,2,2,0,15,13,2,61,28,33,2,2,0,42,11,31,2,2,0,15,13,2,1,1,0,0,0,0,1,1,0,0,0,0,0,0,0,591,243,348
24,92,Tandur,Vikarabad,13,Peddemul,574431,0000,VILLAGE,Gazipur,Rural,393,1664,831,833,156,77,79,311,152,159,0,0,0,923,552,371,741,279,462,859,490,369,813,471,342,242,199,43,394,124,270,3,3,0,174,145,29,46,19,27,2,0,2,16,2,14,3,1,2,25,16,9,41,18,23,2,0,2,12,2,10,3,1,2,24,15,9,5,1,4,0,0,0,4,0,4,0,0,0,1,1,0,805,341,464
24,92,Tandur,Vikarabad,13,Peddemul,574432,0000,VILLAGE,Kandanelli,Rural,692,3076,1500,1576,393,194,199,549,261,288,749,382,367,1394,818,576,1682,682,1000,1486,817,669,1255,734,521,427,250,177,636,347,289,15,7,8,177,130,47,231,83,148,14,7,7,158,41,117,2,1,1,57,34,23,217,76,141,9,5,4,152,38,114,2,1,1,54,32,22,14,7,7,5,2,3,6,3,3,0,0,0,3,2,1,1590,683,907
24,92,Tandur,Vikarabad,13,Peddemul,574433,0000,VILLAGE,Rukmapur,Rural,279,1208,583,625,157,77,80,220,95,125,6,2,4,644,365,279,564,218,346,646,315,331,479,249,230,118,90,28,309,122,187,3,2,1,49,35,14,167,66,101,1,0,1,160,62,98,0,0,0,6,4,2,164,64,100,1,0,1,159,62,97,0,0,0,4,2,2,3,2,1,0,0,0,1,0,1,0,0,0,2,2,0,562,268,294
24,92,Tandur,Vikarabad,13,Peddemul,574434,0000,VILLAGE,Mambapur,Rural,627,2893,1390,1503,392,203,189,583,283,300,7,3,4,1271,725,546,1622,665,957,1403,756,647,1025,587,438,263,145,118,480,231,249,14,10,4,268,201,67,378,169,209,13,8,5,205,88,117,12,3,9,148,70,78,374,168,206,11,7,4,203,88,115,12,3,9,148,70,78,4,1,3,2,1,1,2,0,2,0,0,0,0,0,0,1490,634,856
24,92,Tandur,Vikarabad,13,Peddemul,574435,0000,VILLAGE,Regondi,Rural,291,1278,610,668,179,88,91,237,122,115,501,238,263,604,337,267,674,273,401,752,383,369,747,380,367,17,9,8,675,330,345,5,3,2,50,38,12,5,3,2,0,0,0,5,3,2,0,0,0,0,0,0,4,2,2,0,0,0,4,2,2,0,0,0,0,0,0,1,1,0,0,0,0,1,1,0,0,0,0,0,0,0,526,227,299
24,92,Tandur,Vikarabad,13,Peddemul,574436,0000,VILLAGE,Kondapur,Rural,208,995,500,495,146,71,75,32,15,17,141,67,74,414,265,149,581,235,346,598,287,311,291,152,139,14,10,4,256,127,129,0,0,0,21,15,6,307,135,172,10,5,5,261,110,151,6,3,3,30,17,13,289,127,162,9,5,4,249,105,144,4,2,2,27,15,12,18,8,10,1,0,1,12,5,7,2,1,1,3,2,1,397,213,184
24,92,Tandur,Vikarabad,13,Peddemul,574437,0000,VILLAGE,Madananthapur,Rural,116,579,290,289,97,55,42,0,0,0,560,283,277,191,109,82,388,181,207,290,143,147,285,142,143,24,20,4,209,90,119,0,0,0,52,32,20,5,1,4,0,0,0,3,0,3,0,0,0,2,1,1,5,1,4,0,0,0,3,0,3,0,0,0,2,1,1,0,0,0,0,0,0,0,0,0,0,0,0,0,0,0,289,147,142
24,92,Tandur,Vikarabad,14,Tandur,574439,0000,VILLAGE,Sangam Kalan,Rural,406,1832,907,925,235,114,121,382,191,191,27,16,11,1010,558,452,822,349,473,964,511,453,499,354,145,155,124,31,212,111,101,3,2,1,129,117,12,465,157,308,39,19,20,390,116,274,0,0,0,36,22,14,460,155,305,38,19,19,387,115,272,0,0,0,35,21,14,5,2,3,1,0,1,3,1,2,0,0,0,1,1,0,868,396,472
24,92,Tandur,Vikarabad,14,Tandur,574440,0000,VILLAGE,Malkapur,Rural,1012,4322,2240,2082,487,271,216,271,132,139,19,10,9,2016,1212,804,2306,1028,1278,1974,1248,726,1694,1113,581,75,50,25,429,205,224,66,42,24,1124,816,308,280,135,145,10,7,3,19,6,13,73,41,32,178,81,97,280,135,145,10,7,3,19,6,13,73,41,32,178,81,97,0,0,0,0,0,0,0,0,0,0,0,0,0,0,0,2348,992,1356
24,92,Tandur,Vikarabad,14,Tandur,574441,0000,VILLAGE,Kothlapur Khurd,Rural,284,1214,599,615,134,67,67,177,89,88,85,39,46,548,325,223,666,274,392,663,352,311,211,119,92,55,30,25,35,14,21,13,11,2,108,64,44,452,233,219,25,18,7,253,124,129,12,6,6,162,85,77,135,67,68,13,11,2,51,24,27,5,2,3,66,30,36,317,166,151,12,7,5,202,100,102,7,4,3,96,55,41,551,247,304
24,92,Tandur,Vikarabad,14,Tandur,574442,0000,VILLAGE,Kotbaspalle,Rural,525,2473,1217,1256,318,172,146,380,186,194,50,27,23,987,554,433,1486,663,823,1329,732,597,1283,716,567,101,62,39,284,122,162,17,6,11,881,526,355,46,16,30,21,8,13,12,2,10,1,1,0,12,5,7,43,14,29,20,8,12,12,2,10,1,1,0,10,3,7,3,2,1,1,0,1,0,0,0,0,0,0,2,2,0,1144,485,659
24,92,Tandur,Vikarabad,14,Tandur,574443,0000,VILLAGE,Inole,Rural,210,960,476,484,107,62,45,226,110,116,17,10,7,448,277,171,512,199,313,475,253,222,312,185,127,69,62,7,134,38,96,1,1,0,108,84,24,163,68,95,16,6,10,114,39,75,0,0,0,33,23,10,149,63,86,15,6,9,105,37,68,0,0,0,29,20,9,14,5,9,1,0,1,9,2,7,0,0,0,4,3,1,485,223,262
24,92,Tandur,Vikarabad,14,Tandur,574444,0000,VILLAGE,Gingurthy,Rural,602,2717,1312,1405,290,129,161,574,293,281,200,91,109,1182,727,455,1535,585,950,1403,786,617,398,311,87,135,104,31,109,85,24,6,4,2,148,118,30,1005,475,530,6,2,4,878,405,473,9,2,7,112,66,46,953,453,500,6,2,4,841,391,450,9,2,7,97,58,39,52,22,30,0,0,0,37,14,23,0,0,0,15,8,7,1314,526,788
24,92,Tandur,Vikarabad,14,Tandur,574445,0000,VILLAGE,Jodandapur,Rural,322,1483,756,727,174,101,73,113,60,53,569,289,280,664,396,268,819,360,459,748,384,364,513,330,183,266,208,58,173,70,103,0,0,0,74,52,22,235,54,181,13,1,12,148,31,117,1,1,0,73,21,52,213,52,161,13,1,12,144,31,113,0,0,0,56,20,36,22,2,20,0,0,0,4,0,4,1,1,0,17,1,16,735,372,363
24,92,Tandur,Vikarabad,14,Tandur,574446,0000,VILLAGE,Shankarreddipalle,Rural,129,612,289,323,62,28,34,74,35,39,217,97,120,304,163,141,308,126,182,357,180,177,322,164,158,113,89,24,184,55,129,2,2,0,23,18,5,35,16,19,4,2,2,19,8,11,0,0,0,12,6,6,35,16,19,4,2,2,19,8,11,0,0,0,12,6,6,0,0,0,0,0,0,0,0,0,0,0,0,0,0,0,255,109,146
24,92,Tandur,Vikarabad,14,Tandur,574447,0000,VILLAGE,Parwathapur,Rural,169,715,344,371,80,39,41,109,56,53,170,85,85,387,227,160,328,117,211,469,214,255,370,182,188,72,64,8,229,76,153,11,9,2,58,33,25,99,32,67,5,4,1,72,17,55,2,2,0,20,9,11,88,27,61,5,4,1,64,14,50,1,1,0,18,8,10,11,5,6,0,0,0,8,3,5,1,1,0,2,1,1,246,130,116
24,92,Tandur,Vikarabad,14,Tandur,574448,0000,VILLAGE,Mittabachpalle,Rural,279,1270,648,622,139,76,63,323,161,162,68,31,37,644,384,260,626,264,362,660,355,305,320,210,110,123,105,18,180,92,88,5,3,2,12,10,2,340,145,195,13,6,7,235,92,143,13,7,6,79,40,39,329,140,189,12,5,7,230,91,139,9,5,4,78,39,39,11,5,6,1,1,0,5,1,4,4,2,2,1,1,0,610,293,317
24,92,Tandur,Vikarabad,14,Tandur,574449,0000,VILLAGE,Guntabachpalle,Rural,102,457,233,224,49,28,21,172,80,92,65,32,33,232,140,92,225,93,132,234,119,115,196,109,87,58,42,16,133,62,71,2,2,0,3,3,0,38,10,28,5,1,4,32,8,24,1,1,0,0,0,0,38,10,28,5,1,4,32,8,24,1,1,0,0,0,0,0,0,0,0,0,0,0,0,0,0,0,0,0,0,0,223,114,109
24,92,Tandur,Vikarabad,14,Tandur,574450,0000,VILLAGE,Karankote,Rural,2008,8706,4505,4201,812,437,375,1395,688,707,72,36,36,5164,2967,2197,3542,1538,2004,3768,2465,1303,3539,2361,1178,188,139,49,814,364,450,200,166,34,2337,1692,645,229,104,125,11,6,5,36,13,23,32,18,14,150,67,83,226,103,123,11,6,5,35,13,22,32,18,14,148,66,82,3,1,2,0,0,0,1,0,1,0,0,0,2,1,1,4938,2040,2898
24,92,Tandur,Vikarabad,14,Tandur,574451,0000,VILLAGE,Ogipur,Rural,259,1197,602,595,149,68,81,346,167,179,64,35,29,641,381,260,556,221,335,598,344,254,570,329,241,96,62,34,42,17,25,11,5,6,421,245,176,28,15,13,3,2,1,0,0,0,0,0,0,25,13,12,28,15,13,3,2,1,0,0,0,0,0,0,25,13,12,0,0,0,0,0,0,0,0,0,0,0,0,0,0,0,599,258,341
24,92,Tandur,Vikarabad,14,Tandur,574452,0000,VILLAGE,Chandravancha,Rural,213,964,468,496,98,56,42,336,158,178,6,5,1,520,282,238,444,186,258,597,277,320,577,274,303,103,75,28,353,113,240,7,3,4,114,83,31,20,3,17,1,0,1,8,2,6,0,0,0,11,1,10,17,3,14,1,0,1,8,2,6,0,0,0,8,1,7,3,0,3,0,0,0,0,0,0,0,0,0,3,0,3,367,191,176
24,92,Tandur,Vikarabad,14,Tandur,574453,0000,VILLAGE,Chittighanapur,Rural,168,744,359,385,60,25,35,150,75,75,0,0,0,267,161,106,477,198,279,378,206,172,358,202,156,50,50,0,172,34,138,9,8,1,127,110,17,20,4,16,1,1,0,13,1,12,0,0,0,6,2,4,19,4,15,1,1,0,13,1,12,0,0,0,5,2,3,1,0,1,0,0,0,0,0,0,0,0,0,1,0,1,366,153,213
24,92,Tandur,Vikarabad,14,Tandur,574454,0000,VILLAGE,Belkatur,Rural,464,1987,966,1021,210,110,100,345,169,176,45,24,21,997,558,439,990,408,582,1038,572,466,683,479,204,150,114,36,171,50,121,21,19,2,341,296,45,355,93,262,48,15,33,204,32,172,15,3,12,88,43,45,311,80,231,40,13,27,196,30,166,8,2,6,67,35,32,44,13,31,8,2,6,8,2,6,7,1,6,21,8,13,949,394,555
24,92,Tandur,Vikarabad,14,Tandur,574455,0000,VILLAGE,Veeredpalle,Rural,133,556,276,280,55,28,27,99,51,48,0,0,0,291,176,115,265,100,165,463,232,231,393,199,194,158,116,42,216,68,148,1,0,1,18,15,3,70,33,37,6,4,2,27,4,23,1,0,1,36,25,11,63,30,33,5,3,2,24,4,20,1,0,1,33,23,10,7,3,4,1,1,0,3,0,3,0,0,0,3,2,1,93,44,49
24,92,Tandur,Vikarabad,14,Tandur,574456,0000,VILLAGE,Rampur,Rural,137,647,329,318,90,52,38,63,32,31,417,208,209,305,181,124,342,148,194,403,217,186,363,207,156,155,122,33,169,58,111,6,4,2,33,23,10,40,10,30,3,2,1,26,3,23,1,0,1,10,5,5,39,9,30,3,2,1,26,3,23,1,0,1,9,4,5,1,1,0,0,0,0,0,0,0,0,0,0,1,1,0,244,112,132
24,92,Tandur,Vikarabad,14,Tandur,574457,0000,VILLAGE,Allapur S,Rural,730,3215,1599,1616,327,177,150,274,135,139,32,16,16,1674,983,691,1541,616,925,1795,972,823,1637,897,740,290,206,84,687,268,419,43,22,21,617,401,216,158,75,83,29,14,15,31,9,22,16,7,9,82,45,37,152,72,80,29,14,15,30,9,21,12,5,7,81,44,37,6,3,3,0,0,0,1,0,1,4,2,2,1,1,0,1420,627,793
24,92,Tandur,Vikarabad,14,Tandur,574458,0000,VILLAGE,Chintamanipatam,Rural,124,585,301,284,43,23,20,85,46,39,22,7,15,307,173,134,278,128,150,343,172,171,317,163,154,110,104,6,123,17,106,16,8,8,68,34,34,26,9,17,2,1,1,8,0,8,0,0,0,16,8,8,23,9,14,2,1,1,7,0,7,0,0,0,14,8,6,3,0,3,0,0,0,1,0,1,0,0,0,2,0,2,242,129,113
24,92,Tandur,Vikarabad,14,Tandur,574459,0000,VILLAGE,Chengole,Rural,588,2606,1269,1337,296,143,153,733,345,388,3,2,1,1089,627,462,1517,642,875,1332,700,632,491,335,156,153,140,13,160,65,95,38,29,9,140,101,39,841,365,476,15,9,6,615,235,380,2,1,1,209,120,89,745,324,421,13,8,5,523,197,326,2,1,1,207,118,89,96,41,55,2,1,1,92,38,54,0,0,0,2,2,0,1274,569,705
24,92,Tandur,Vikarabad,14,Tandur,574460,0000,VILLAGE,Antaram Buzurg,Rural,1150,5141,2548,2593,707,366,341,1099,546,553,569,274,295,2684,1485,1199,2457,1063,1394,2224,1410,814,1935,1252,683,363,271,92,687,283,404,70,46,24,815,652,163,289,158,131,20,7,13,58,32,26,59,31,28,152,88,64,271,147,124,20,7,13,56,31,25,56,29,27,139,80,59,18,11,7,0,0,0,2,1,1,3,2,1,13,8,5,2917,1138,1779
24,92,Tandur,Vikarabad,14,Tandur,574461,0000,VILLAGE,Goutapur,Rural,470,1941,989,952,258,139,119,17,9,8,12,9,3,998,591,407,943,398,545,960,564,396,902,536,366,98,70,28,306,96,210,69,42,27,429,328,101,58,28,30,8,3,5,8,5,3,7,3,4,35,17,18,53,24,29,8,3,5,6,3,3,7,3,4,32,15,17,5,4,1,0,0,0,2,2,0,0,0,0,3,2,1,981,425,556
24,92,Tandur,Vikarabad,14,Tandur,574462,0000,VILLAGE,Gopanpalle,Rural,39,165,88,77,20,11,9,0,0,0,0,0,0,109,63,46,56,25,31,83,47,36,38,29,9,11,9,2,7,5,2,2,1,1,18,14,4,45,18,27,1,1,0,14,2,12,1,0,1,29,15,14,37,13,24,1,1,0,14,2,12,0,0,0,22,10,12,8,5,3,0,0,0,0,0,0,1,0,1,7,5,2,82,41,41
24,92,Tandur,Vikarabad,14,Tandur,574463,0000,VILLAGE,Elmakanna,Rural,303,1399,667,732,169,84,85,319,143,176,1,0,1,611,353,258,788,314,474,805,401,404,240,172,68,105,91,14,48,20,28,9,8,1,78,53,25,565,229,336,3,1,2,488,198,290,8,2,6,66,28,38,283,89,194,1,0,1,216,64,152,7,1,6,59,24,35,282,140,142,2,1,1,272,134,138,1,1,0,7,4,3,594,266,328
24,92,Tandur,Vikarabad,14,Tandur,574464,0000,VILLAGE,Narayanpur,Rural,332,1455,697,758,114,49,65,547,264,283,34,19,15,738,445,293,717,252,465,759,412,347,663,403,260,201,126,75,300,141,159,21,14,7,141,122,19,96,9,87,32,3,29,57,1,56,2,1,1,5,4,1,95,9,86,31,3,28,57,1,56,2,1,1,5,4,1,1,0,1,1,0,1,0,0,0,0,0,0,0,0,0,696,285,411
24,92,Tandur,Vikarabad,14,Tandur,574465,0000,VILLAGE,Eershetpalle,Rural,130,607,303,304,27,13,14,112,49,63,0,0,0,371,210,161,236,93,143,364,197,167,96,68,28,21,17,4,31,13,18,9,8,1,35,30,5,268,129,139,23,16,7,170,64,106,10,4,6,65,45,20,255,127,128,23,16,7,159,62,97,9,4,5,64,45,19,13,2,11,0,0,0,11,2,9,1,0,1,1,0,1,243,106,137
24,92,Tandur,Vikarabad,14,Tandur,574466,0000,VILLAGE,Machanoor,Rural,2,3,2,1,0,0,0,0,0,0,0,0,0,1,1,0,2,1,1,2,1,1,0,0,0,0,0,0,0,0,0,0,0,0,0,0,0,2,1,1,1,1,0,1,0,1,0,0,0,0,0,0,2,1,1,1,1,0,1,0,1,0,0,0,0,0,0,0,0,0,0,0,0,0,0,0,0,0,0,0,0,0,1,1,0
24,92,Tandur,Vikarabad,14,Tandur,574467,0000,VILLAGE,Gonur,Rural,205,1021,503,518,126,63,63,440,207,233,5,2,3,566,298,268,455,205,250,526,272,254,460,239,221,89,51,38,334,160,174,0,0,0,37,28,9,66,33,33,24,11,13,23,8,15,2,1,1,17,13,4,57,31,26,22,11,11,17,7,10,2,1,1,16,12,4,9,2,7,2,0,2,6,1,5,0,0,0,1,1,0,495,231,264
24,92,Tandur,Vikarabad,14,Tandur,574468,0000,VILLAGE,Konapur,Rural,102,454,197,257,44,19,25,118,57,61,0,0,0,230,124,106,224,73,151,195,107,88,148,95,53,12,9,3,71,34,37,8,6,2,57,46,11,47,12,35,1,0,1,29,8,21,2,0,2,15,4,11,45,12,33,1,0,1,28,8,20,2,0,2,14,4,10,2,0,2,0,0,0,1,0,1,0,0,0,1,0,1,259,90,169
24,92,Tandur,Vikarabad,14,Tandur,574469,0000,VILLAGE,Chengeshpur,Rural,183,809,405,404,91,49,42,251,125,126,11,6,5,345,203,142,464,202,262,444,252,192,223,157,66,59,56,3,110,57,53,3,0,3,51,44,7,221,95,126,5,2,3,198,84,114,2,2,0,16,7,9,221,95,126,5,2,3,198,84,114,2,2,0,16,7,9,0,0,0,0,0,0,0,0,0,0,0,0,0,0,0,365,153,212
24,92,Tandur,Vikarabad,14,Tandur,574470,0000,VILLAGE,Khanjapur,Rural,120,615,311,304,48,32,16,195,100,95,0,0,0,305,176,129,310,135,175,323,174,149,166,137,29,95,90,5,15,3,12,0,0,0,56,44,12,157,37,120,2,2,0,143,27,116,0,0,0,12,8,4,146,32,114,2,2,0,134,24,110,0,0,0,10,6,4,11,5,6,0,0,0,9,3,6,0,0,0,2,2,0,292,137,155
24,92,Tandur,Vikarabad,14,Tandur,574471,0000,VILLAGE,Bijwar,Rural,137,685,335,350,55,33,22,100,50,50,0,0,0,342,198,144,343,137,206,571,282,289,404,211,193,128,97,31,195,68,127,7,4,3,74,42,32,167,71,96,3,1,2,1,0,1,0,0,0,163,70,93,4,1,3,0,0,0,0,0,0,0,0,0,4,1,3,163,70,93,3,1,2,1,0,1,0,0,0,159,69,90,114,53,61
24,92,Tandur,Vikarabad,14,Tandur,574472,0000,VILLAGE,Bonkoor,Rural,20,104,49,55,10,5,5,56,28,28,0,0,0,47,25,22,57,24,33,85,40,45,63,32,31,21,12,9,34,15,19,0,0,0,8,5,3,22,8,14,0,0,0,0,0,0,0,0,0,22,8,14,1,1,0,0,0,0,0,0,0,0,0,0,1,1,0,21,7,14,0,0,0,0,0,0,0,0,0,21,7,14,19,9,10
24,92,Tandur,Vikarabad,15,Basheerabad,574473,0000,VILLAGE,Inderched,Rural,163,763,389,374,101,58,43,173,86,87,9,6,3,457,279,178,306,110,196,492,240,252,462,223,239,127,67,60,307,140,167,1,1,0,27,15,12,30,17,13,0,0,0,9,4,5,0,0,0,21,13,8,29,17,12,0,0,0,8,4,4,0,0,0,21,13,8,1,0,1,0,0,0,1,0,1,0,0,0,0,0,0,271,149,122
24,92,Tandur,Vikarabad,15,Basheerabad,574474,0000,VILLAGE,Gangwar,Rural,51,245,114,131,38,14,24,0,0,0,0,0,0,73,46,27,172,68,104,119,73,46,119,73,46,3,3,0,32,18,14,0,0,0,84,52,32,0,0,0,0,0,0,0,0,0,0,0,0,0,0,0,0,0,0,0,0,0,0,0,0,0,0,0,0,0,0,0,0,0,0,0,0,0,0,0,0,0,0,0,0,0,126,41,85
24,92,Tandur,Vikarabad,15,Basheerabad,574475,0000,VILLAGE,Kyadgira,Rural,260,1083,532,551,156,79,77,54,28,26,0,0,0,561,310,251,522,222,300,558,310,248,550,305,245,99,81,18,321,137,184,7,2,5,123,85,38,8,5,3,0,0,0,4,3,1,1,0,1,3,2,1,5,2,3,0,0,0,3,2,1,1,0,1,1,0,1,3,3,0,0,0,0,1,1,0,0,0,0,2,2,0,525,222,303
24,92,Tandur,Vikarabad,15,Basheerabad,574476,0000,VILLAGE,Jeevangi,Rural,647,2959,1433,1526,311,168,143,761,376,385,125,59,66,1626,949,677,1333,484,849,1594,806,788,1566,793,773,453,293,160,677,265,412,30,13,17,406,222,184,28,13,15,2,1,1,14,5,9,3,1,2,9,6,3,24,11,13,2,1,1,13,5,8,3,1,2,6,4,2,4,2,2,0,0,0,1,0,1,0,0,0,3,2,1,1365,627,738
24,92,Tandur,Vikarabad,15,Basheerabad,574477,0000,VILLAGE,Manthatti,Rural,421,1916,924,992,176,83,93,594,302,292,13,6,7,915,544,371,1001,380,621,1095,549,546,240,141,99,168,101,67,25,9,16,13,8,5,34,23,11,855,408,447,69,42,27,577,254,323,73,36,37,136,76,60,659,320,339,66,40,26,415,183,232,60,28,32,118,69,49,196,88,108,3,2,1,162,71,91,13,8,5,18,7,11,821,375,446
24,92,Tandur,Vikarabad,15,Basheerabad,574478,0000,VILLAGE,Reddighanapur,Rural,303,1458,717,741,161,72,89,267,130,137,0,0,0,797,470,327,661,247,414,948,509,439,441,259,182,213,130,83,130,47,83,4,4,0,94,78,16,507,250,257,3,1,2,279,144,135,6,2,4,219,103,116,493,241,252,2,1,1,275,141,134,6,2,4,210,97,113,14,9,5,1,0,1,4,3,1,0,0,0,9,6,3,510,208,302
24,92,Tandur,Vikarabad,15,Basheerabad,574480,0000,VILLAGE,Kamsanpalle Maqta,Rural,81,378,188,190,46,21,25,18,11,7,0,0,0,162,106,56,216,82,134,299,150,149,73,43,30,24,22,2,26,11,15,12,3,9,11,7,4,226,107,119,34,28,6,113,38,75,31,15,16,48,26,22,226,107,119,34,28,6,113,38,75,31,15,16,48,26,22,0,0,0,0,0,0,0,0,0,0,0,0,0,0,0,79,38,41
24,92,Tandur,Vikarabad,15,Basheerabad,574481,0000,VILLAGE,Masanpalle  (M),Rural,182,848,429,419,129,68,61,65,31,34,372,198,174,326,200,126,522,229,293,432,213,219,419,211,208,46,35,11,346,162,184,1,0,1,26,14,12,13,2,11,1,0,1,11,2,9,0,0,0,1,0,1,12,2,10,1,0,1,10,2,8,0,0,0,1,0,1,1,0,1,0,0,0,1,0,1,0,0,0,0,0,0,416,216,200
24,92,Tandur,Vikarabad,15,Basheerabad,574482,0000,VILLAGE,Korviched,Rural,472,2240,1083,1157,301,138,163,402,195,207,495,229,266,1014,614,400,1226,469,757,1142,594,548,1088,567,521,77,59,18,716,334,382,14,11,3,281,163,118,54,27,27,2,1,1,18,12,6,16,5,11,18,9,9,33,17,16,0,0,0,15,9,6,6,2,4,12,6,6,21,10,11,2,1,1,3,3,0,10,3,7,6,3,3,1098,489,609
24,92,Tandur,Vikarabad,15,Basheerabad,574483,0000,VILLAGE,Navalga,Rural,769,3983,2015,1968,636,336,300,549,265,284,2143,1122,1021,1754,1071,683,2229,944,1285,2060,1058,1002,1940,983,957,547,374,173,1133,427,706,17,9,8,243,173,70,120,75,45,27,17,10,32,15,17,1,1,0,60,42,18,113,72,41,24,15,9,29,14,15,1,1,0,59,42,17,7,3,4,3,2,1,3,1,2,0,0,0,1,0,1,1923,957,966
24,92,Tandur,Vikarabad,15,Basheerabad,574484,0000,VILLAGE,Allapur (Basheerabad),Rural,167,763,393,370,121,63,58,459,238,221,14,6,8,410,265,145,353,128,225,377,208,169,362,200,162,51,50,1,202,57,145,0,0,0,109,93,16,15,8,7,2,2,0,3,0,3,0,0,0,10,6,4,15,8,7,2,2,0,3,0,3,0,0,0,10,6,4,0,0,0,0,0,0,0,0,0,0,0,0,0,0,0,386,185,201
24,92,Tandur,Vikarabad,15,Basheerabad,574485,0000,VILLAGE,Manthangoud,Rural,240,1377,690,687,174,97,77,170,86,84,907,463,444,724,420,304,653,270,383,731,373,358,540,285,255,66,45,21,401,188,213,7,4,3,66,48,18,191,88,103,5,2,3,165,72,93,1,1,0,20,13,7,40,23,17,4,1,3,17,10,7,0,0,0,19,12,7,151,65,86,1,1,0,148,62,86,1,1,0,1,1,0,646,317,329
24,92,Tandur,Vikarabad,15,Basheerabad,574486,0000,VILLAGE,Damerched,Rural,480,2506,1261,1245,294,164,130,0,0,0,881,429,452,855,543,312,1651,718,933,1430,707,723,1124,612,512,546,353,193,291,147,144,199,59,140,88,53,35,306,95,211,22,4,18,166,42,124,33,9,24,85,40,45,278,87,191,17,4,13,161,41,120,29,9,20,71,33,38,28,8,20,5,0,5,5,1,4,4,0,4,14,7,7,1076,554,522
24,92,Tandur,Vikarabad,15,Basheerabad,574487,0000,VILLAGE,Parwathpalle,Rural,263,1361,692,669,146,75,71,160,73,87,0,0,0,709,424,285,652,268,384,646,321,325,422,260,162,275,190,85,79,35,44,10,5,5,58,30,28,224,61,163,25,13,12,171,30,141,1,0,1,27,18,9,217,58,159,23,12,11,168,29,139,1,0,1,25,17,8,7,3,4,2,1,1,3,1,2,0,0,0,2,1,1,715,371,344
24,92,Tandur,Vikarabad,15,Basheerabad,574488,0000,VILLAGE,Kothlapur Buzurg,Rural,148,949,468,481,184,86,98,64,30,34,615,306,309,316,207,109,633,261,372,511,248,263,326,204,122,262,166,96,23,14,9,13,5,8,28,19,9,185,44,141,26,7,19,101,19,82,29,6,23,29,12,17,163,40,123,20,6,14,94,17,77,23,5,18,26,12,14,22,4,18,6,1,5,7,2,5,6,1,5,3,0,3,438,220,218
24,92,Tandur,Vikarabad,15,Basheerabad,574489,0000,VILLAGE,Ekmai,Rural,629,2906,1418,1488,327,164,163,466,219,247,17,8,9,1527,892,635,1379,526,853,1421,795,626,1346,784,562,313,210,103,802,380,422,6,3,3,225,191,34,75,11,64,14,5,9,60,6,54,0,0,0,1,0,1,75,11,64,14,5,9,60,6,54,0,0,0,1,0,1,0,0,0,0,0,0,0,0,0,0,0,0,0,0,0,1485,623,862
24,92,Tandur,Vikarabad,15,Basheerabad,574490,0000,VILLAGE,Kamsanpalle Buzurg,Rural,133,818,430,388,88,46,42,109,60,49,48,26,22,405,244,161,413,186,227,497,255,242,490,252,238,126,116,10,341,125,216,4,1,3,19,10,9,7,3,4,0,0,0,3,0,3,0,0,0,4,3,1,7,3,4,0,0,0,3,0,3,0,0,0,4,3,1,0,0,0,0,0,0,0,0,0,0,0,0,0,0,0,321,175,146
24,92,Tandur,Vikarabad,15,Basheerabad,574491,0000,VILLAGE,Mailwar,Rural,554,2829,1411,1418,289,157,132,269,154,115,123,62,61,1331,769,562,1498,642,856,1559,803,756,1205,670,535,365,237,128,515,200,315,61,37,24,264,196,68,354,133,221,9,5,4,276,100,176,21,5,16,48,23,25,347,133,214,9,5,4,273,100,173,19,5,14,46,23,23,7,0,7,0,0,0,3,0,3,2,0,2,2,0,2,1270,608,662
24,92,Tandur,Vikarabad,15,Basheerabad,574492,0000,VILLAGE,Ismailpur,Rural,68,449,233,216,68,36,32,0,0,0,448,232,216,129,93,36,320,140,180,269,130,139,265,128,137,257,125,132,6,3,3,1,0,1,1,0,1,4,2,2,2,1,1,0,0,0,0,0,0,2,1,1,2,1,1,1,0,1,0,0,0,0,0,0,1,1,0,2,1,1,1,1,0,0,0,0,0,0,0,1,0,1,180,103,77
24,92,Tandur,Vikarabad,15,Basheerabad,574493,0000,VILLAGE,Neelapalle,Rural,158,905,447,458,95,47,48,85,41,44,121,56,65,442,264,178,463,183,280,666,321,345,598,291,307,161,98,63,406,173,233,20,14,6,11,6,5,68,30,38,8,4,4,22,7,15,12,7,5,26,12,14,59,25,34,8,4,4,21,7,14,4,2,2,26,12,14,9,5,4,0,0,0,1,0,1,8,5,3,0,0,0,239,126,113
24,92,Tandur,Vikarabad,15,Basheerabad,574494,0000,VILLAGE,Jalalpur,Rural,139,722,296,426,58,23,35,76,30,46,182,74,108,255,144,111,467,152,315,409,173,236,223,96,127,14,9,5,201,82,119,1,0,1,7,5,2,186,77,109,16,11,5,162,63,99,2,0,2,6,3,3,153,60,93,13,8,5,133,49,84,1,0,1,6,3,3,33,17,16,3,3,0,29,14,15,1,0,1,0,0,0,313,123,190
24,92,Tandur,Vikarabad,15,Basheerabad,574495,0000,VILLAGE,Marpalle,Rural,156,731,344,387,74,39,35,422,203,219,0,0,0,370,224,146,361,120,241,502,224,278,213,136,77,140,114,26,62,15,47,4,2,2,7,5,2,289,88,201,22,9,13,224,62,162,4,1,3,39,16,23,286,87,199,22,9,13,224,62,162,1,0,1,39,16,23,3,1,2,0,0,0,0,0,0,3,1,2,0,0,0,229,120,109
24,92,Tandur,Vikarabad,15,Basheerabad,574497,0000,VILLAGE,Gotiga Kalan,Rural,157,830,420,410,85,41,44,178,84,94,0,0,0,388,237,151,442,183,259,421,232,189,408,229,179,158,136,22,219,69,150,2,2,0,29,22,7,13,3,10,0,0,0,12,3,9,1,0,1,0,0,0,11,2,9,0,0,0,10,2,8,1,0,1,0,0,0,2,1,1,0,0,0,2,1,1,0,0,0,0,0,0,409,188,221
24,92,Tandur,Vikarabad,15,Basheerabad,574498,0000,VILLAGE,Gotiga Khurd,Rural,224,914,450,464,117,67,50,114,56,58,36,15,21,426,264,162,488,186,302,476,244,232,114,71,43,71,40,31,2,1,1,14,11,3,27,19,8,362,173,189,25,13,12,282,124,158,9,7,2,46,29,17,276,142,134,20,10,10,206,99,107,6,5,1,44,28,16,86,31,55,5,3,2,76,25,51,3,2,1,2,1,1,438,206,232
24,92,Tandur,Vikarabad,15,Basheerabad,574499,0000,VILLAGE,Malkangiri,Rural,85,381,190,191,34,23,11,211,101,110,2,1,1,218,123,95,163,67,96,244,126,118,176,102,74,68,43,25,64,22,42,0,0,0,44,37,7,68,24,44,24,16,8,37,6,31,0,0,0,7,2,5,45,18,27,16,11,5,22,5,17,0,0,0,7,2,5,23,6,17,8,5,3,15,1,14,0,0,0,0,0,0,137,64,73
24,92,Tandur,Vikarabad,15,Basheerabad,574500,0000,VILLAGE,Khasimpur,Rural,255,1115,532,583,151,72,79,414,198,216,25,15,10,500,287,213,615,245,370,598,289,309,180,124,56,52,48,4,92,50,42,0,0,0,36,26,10,418,165,253,46,30,16,354,121,233,2,1,1,16,13,3,411,164,247,46,30,16,348,121,227,2,1,1,15,12,3,7,1,6,0,0,0,6,0,6,0,0,0,1,1,0,517,243,274
24,92,Tandur,Vikarabad,15,Basheerabad,574501,0000,VILLAGE,Bahadurpur,Rural,170,890,441,449,117,59,58,134,62,72,40,20,20,354,214,140,536,227,309,492,248,244,252,206,46,159,154,5,55,19,36,1,1,0,37,32,5,240,42,198,6,1,5,233,40,193,0,0,0,1,1,0,237,41,196,5,0,5,231,40,191,0,0,0,1,1,0,3,1,2,1,1,0,2,0,2,0,0,0,0,0,0,398,193,205
24,92,Tandur,Vikarabad,15,Basheerabad,574502,0000,VILLAGE,Koppankote,Rural,102,532,270,262,91,47,44,0,0,0,489,248,241,158,109,49,374,161,213,273,140,133,273,140,133,268,139,129,3,0,3,0,0,0,2,1,1,0,0,0,0,0,0,0,0,0,0,0,0,0,0,0,0,0,0,0,0,0,0,0,0,0,0,0,0,0,0,0,0,0,0,0,0,0,0,0,0,0,0,0,0,0,259,130,129
24,92,Tandur,Vikarabad,16,Yelal,574504,0000,VILLAGE,Agnoor,Rural,538,2683,1326,1357,302,161,141,593,292,301,6,3,3,1468,844,624,1215,482,733,1280,703,577,760,444,316,304,201,103,241,75,166,7,6,1,208,162,46,520,259,261,20,17,3,423,188,235,18,15,3,59,39,20,303,177,126,20,17,3,215,112,103,15,13,2,53,35,18,217,82,135,0,0,0,208,76,132,3,2,1,6,4,2,1403,623,780
24,92,Tandur,Vikarabad,16,Yelal,574506,0000,VILLAGE,Kokat,Rural,1021,5412,2448,2964,625,345,280,1106,455,651,719,352,367,3501,1607,1894,1911,841,1070,1796,1224,572,1699,1174,525,568,396,172,429,172,257,87,73,14,615,533,82,97,50,47,5,1,4,27,4,23,7,3,4,58,42,16,82,42,40,5,1,4,25,3,22,7,3,4,45,35,10,15,8,7,0,0,0,2,1,1,0,0,0,13,7,6,3616,1224,2392
24,92,Tandur,Vikarabad,16,Yelal,574507,0000,VILLAGE,Mazrasangam,Rural,220,1039,539,500,137,75,62,194,94,100,0,0,0,546,325,221,493,214,279,668,344,324,629,326,303,261,191,70,207,33,174,25,14,11,136,88,48,39,18,21,11,5,6,13,5,8,5,1,4,10,7,3,37,17,20,9,4,5,13,5,8,5,1,4,10,7,3,2,1,1,2,1,1,0,0,0,0,0,0,0,0,0,371,195,176
24,92,Tandur,Vikarabad,16,Yelal,574508,0000,VILLAGE,Raghapur,Rural,165,745,360,385,97,51,46,192,93,99,0,0,0,320,180,140,425,180,245,362,187,175,116,99,17,42,42,0,14,13,1,2,2,0,58,42,16,246,88,158,0,0,0,234,81,153,0,0,0,12,7,5,244,87,157,0,0,0,234,81,153,0,0,0,10,6,4,2,1,1,0,0,0,0,0,0,0,0,0,2,1,1,383,173,210
24,92,Tandur,Vikarabad,16,Yelal,574509,0000,VILLAGE,Kamalapur,Rural,233,1049,521,528,109,66,43,3,1,2,0,0,0,507,295,212,542,226,316,597,308,289,355,218,137,108,100,8,221,99,122,1,1,0,25,18,7,242,90,152,10,1,9,163,30,133,3,3,0,66,56,10,232,89,143,10,1,9,153,29,124,3,3,0,66,56,10,10,1,9,0,0,0,10,1,9,0,0,0,0,0,0,452,213,239
24,92,Tandur,Vikarabad,16,Yelal,574510,0000,VILLAGE,Adhalipur,Rural,103,467,245,222,50,35,15,105,60,45,0,0,0,235,156,79,232,89,143,264,129,135,158,78,80,149,71,78,3,1,2,0,0,0,6,6,0,106,51,55,2,1,1,79,31,48,3,2,1,22,17,5,103,49,54,2,1,1,79,31,48,0,0,0,22,17,5,3,2,1,0,0,0,0,0,0,3,2,1,0,0,0,203,116,87
24,92,Tandur,Vikarabad,16,Yelal,574511,0000,VILLAGE,Banapur,Rural,140,624,320,304,90,51,39,69,32,37,300,153,147,262,168,94,362,152,210,393,197,196,384,194,190,254,130,124,84,31,53,0,0,0,46,33,13,9,3,6,5,3,2,4,0,4,0,0,0,0,0,0,9,3,6,5,3,2,4,0,4,0,0,0,0,0,0,0,0,0,0,0,0,0,0,0,0,0,0,0,0,0,231,123,108
24,92,Tandur,Vikarabad,16,Yelal,574512,0000,VILLAGE,Gangasagar,Rural,158,742,362,380,106,53,53,44,25,19,510,245,265,254,148,106,488,214,274,430,205,225,429,205,224,0,0,0,424,202,222,1,0,1,4,3,1,1,0,1,0,0,0,1,0,1,0,0,0,0,0,0,1,0,1,0,0,0,1,0,1,0,0,0,0,0,0,0,0,0,0,0,0,0,0,0,0,0,0,0,0,0,312,157,155
24,92,Tandur,Vikarabad,16,Yelal,574513,0000,VILLAGE,Rasnam,Rural,402,2047,1012,1035,225,113,112,256,130,126,6,2,4,847,487,360,1200,525,675,1125,602,523,1116,599,517,538,311,227,516,245,271,25,14,11,37,29,8,9,3,6,1,0,1,6,2,4,2,1,1,0,0,0,5,0,5,1,0,1,4,0,4,0,0,0,0,0,0,4,3,1,0,0,0,2,2,0,2,1,1,0,0,0,922,410,512
24,92,Tandur,Vikarabad,16,Yelal,574514,0000,VILLAGE,Achuthapur,Rural,209,985,504,481,113,63,50,261,137,124,4,1,3,406,239,167,579,265,314,478,299,179,191,182,9,154,152,2,7,4,3,0,0,0,30,26,4,287,117,170,5,2,3,273,111,162,4,2,2,5,2,3,284,117,167,5,2,3,272,111,161,4,2,2,3,2,1,3,0,3,0,0,0,1,0,1,0,0,0,2,0,2,507,205,302
24,92,Tandur,Vikarabad,16,Yelal,574515,0000,VILLAGE,Pagdial,Rural,393,1849,888,961,229,111,118,364,172,192,0,0,0,723,395,328,1126,493,633,970,514,456,802,435,367,155,134,21,548,216,332,2,2,0,97,83,14,168,79,89,3,2,1,165,77,88,0,0,0,0,0,0,168,79,89,3,2,1,165,77,88,0,0,0,0,0,0,0,0,0,0,0,0,0,0,0,0,0,0,0,0,0,879,374,505
24,92,Tandur,Vikarabad,16,Yelal,574516,0000,VILLAGE,Annasagar,Rural,126,617,321,296,71,40,31,249,134,115,0,0,0,314,175,139,303,146,157,329,172,157,143,100,43,98,74,24,30,15,15,1,0,1,14,11,3,186,72,114,15,8,7,131,45,86,10,3,7,30,16,14,183,70,113,15,8,7,129,44,85,10,3,7,29,15,14,3,2,1,0,0,0,2,1,1,0,0,0,1,1,0,288,149,139
24,92,Tandur,Vikarabad,16,Yelal,574517,0000,VILLAGE,Bhagaipalle,Rural,78,344,172,172,33,11,22,119,57,62,0,0,0,144,85,59,200,87,113,200,104,96,31,30,1,22,22,0,4,3,1,2,2,0,3,3,0,169,74,95,1,1,0,162,71,91,1,0,1,5,2,3,169,74,95,1,1,0,162,71,91,1,0,1,5,2,3,0,0,0,0,0,0,0,0,0,0,0,0,0,0,0,144,68,76
24,92,Tandur,Vikarabad,16,Yelal,574518,0000,VILLAGE,Nagasamundar,Rural,270,1185,602,583,131,69,62,366,181,185,0,0,0,531,311,220,654,291,363,639,353,286,292,254,38,179,177,2,57,30,27,5,4,1,51,43,8,347,99,248,9,7,2,305,71,234,10,7,3,23,14,9,346,99,247,9,7,2,305,71,234,10,7,3,22,14,8,1,0,1,0,0,0,0,0,0,0,0,0,1,0,1,546,249,297
24,92,Tandur,Vikarabad,16,Yelal,574519,0000,VILLAGE,Viswanathpur,Rural,183,930,473,457,112,51,61,167,85,82,0,0,0,465,279,186,465,194,271,507,294,213,262,244,18,146,142,4,56,51,5,24,18,6,36,33,3,245,50,195,9,5,4,221,41,180,12,1,11,3,3,0,242,48,194,8,4,4,219,40,179,12,1,11,3,3,0,3,2,1,1,1,0,2,1,1,0,0,0,0,0,0,423,179,244
24,92,Tandur,Vikarabad,16,Yelal,574520,0000,VILLAGE,Yelal,Rural,691,3235,1521,1714,330,175,155,368,170,198,119,56,63,1963,1080,883,1272,441,831,1423,780,643,900,589,311,107,93,14,282,122,160,53,27,26,458,347,111,523,191,332,27,18,9,303,95,208,14,3,11,179,75,104,506,179,327,27,18,9,300,93,207,13,2,11,166,66,100,17,12,5,0,0,0,3,2,1,1,1,0,13,9,4,1812,741,1071
24,92,Tandur,Vikarabad,16,Yelal,574521,0000,VILLAGE,Hajipur,Rural,264,1255,608,647,179,86,93,2,2,0,0,0,0,453,236,217,802,372,430,690,349,341,686,346,340,344,189,155,306,126,180,1,1,0,35,30,5,4,3,1,0,0,0,0,0,0,0,0,0,4,3,1,4,3,1,0,0,0,0,0,0,0,0,0,4,3,1,0,0,0,0,0,0,0,0,0,0,0,0,0,0,0,565,259,306
24,92,Tandur,Vikarabad,16,Yelal,574522,0000,VILLAGE,Jakkepalle,Rural,210,938,443,495,144,68,76,285,134,151,0,0,0,384,228,156,554,215,339,548,267,281,395,226,169,95,91,4,230,89,141,4,3,1,66,43,23,153,41,112,3,2,1,101,11,90,0,0,0,49,28,21,143,39,104,3,2,1,94,10,84,0,0,0,46,27,19,10,2,8,0,0,0,7,1,6,0,0,0,3,1,2,390,176,214
24,92,Tandur,Vikarabad,16,Yelal,574523,0000,VILLAGE,Amberpet,Rural,89,383,196,187,59,38,21,0,0,0,0,0,0,189,108,81,194,88,106,174,85,89,78,65,13,31,31,0,30,18,12,9,9,0,8,7,1,96,20,76,1,1,0,83,14,69,5,1,4,7,4,3,93,18,75,1,1,0,81,13,68,5,1,4,6,3,3,3,2,1,0,0,0,2,1,1,0,0,0,1,1,0,209,111,98
24,92,Tandur,Vikarabad,16,Yelal,574524,0000,VILLAGE,Bennur,Rural,340,1450,688,762,177,91,86,532,248,284,0,0,0,662,365,297,788,323,465,815,407,408,803,401,402,260,135,125,447,203,244,3,1,2,93,62,31,12,6,6,3,1,2,5,2,3,0,0,0,4,3,1,11,5,6,3,1,2,4,1,3,0,0,0,4,3,1,1,1,0,0,0,0,1,1,0,0,0,0,0,0,0,635,281,354
24,92,Tandur,Vikarabad,16,Yelal,574525,0000,VILLAGE,Lakshminarayanapur,Rural,148,706,359,347,81,47,34,319,165,154,11,4,7,318,197,121,388,162,226,374,193,181,345,179,166,90,62,28,182,72,110,5,3,2,68,42,26,29,14,15,7,2,5,10,2,8,0,0,0,12,10,2,17,10,7,2,1,1,5,1,4,0,0,0,10,8,2,12,4,8,5,1,4,5,1,4,0,0,0,2,2,0,332,166,166
24,92,Tandur,Vikarabad,16,Yelal,574526,0000,VILLAGE,Chennaram,Rural,263,1192,576,616,141,79,62,455,222,233,1,1,0,515,291,224,677,285,392,722,359,363,471,244,227,29,22,7,388,181,207,2,1,1,52,40,12,251,115,136,10,9,1,187,71,116,5,1,4,49,34,15,244,114,130,10,9,1,183,71,112,5,1,4,46,33,13,7,1,6,0,0,0,4,0,4,0,0,0,3,1,2,470,217,253
24,92,Tandur,Vikarabad,16,Yelal,574527,0000,VILLAGE,Yenkapalle,Rural,193,859,428,431,89,45,44,207,103,104,0,0,0,418,257,161,441,171,270,391,197,194,298,176,122,148,131,17,115,22,93,16,11,5,19,12,7,93,21,72,7,6,1,58,8,50,21,4,17,7,3,4,66,18,48,7,6,1,47,8,39,10,3,7,2,1,1,27,3,24,0,0,0,11,0,11,11,1,10,5,2,3,468,231,237
24,92,Tandur,Vikarabad,16,Yelal,574528,0000,VILLAGE,Payarkampalle,Rural,205,948,485,463,134,71,63,329,163,166,324,161,163,398,257,141,550,228,322,551,279,272,230,181,49,166,155,11,38,7,31,2,2,0,24,17,7,321,98,223,10,4,6,278,77,201,15,7,8,18,10,8,292,85,207,10,4,6,268,71,197,3,2,1,11,8,3,29,13,16,0,0,0,10,6,4,12,5,7,7,2,5,397,206,191
24,92,Tandur,Vikarabad,16,Yelal,574529,0000,VILLAGE,Juntpalle,Rural,1139,5350,2640,2710,690,357,333,770,365,405,486,231,255,2191,1335,856,3159,1305,1854,3341,1659,1682,2477,1275,1202,807,521,286,1366,557,809,32,16,16,272,181,91,864,384,480,54,33,21,622,256,366,4,1,3,184,94,90,806,366,440,51,30,21,589,247,342,3,1,2,163,88,75,58,18,40,3,3,0,33,9,24,1,0,1,21,6,15,2009,981,1028
24,92,Tandur,Vikarabad,16,Yelal,574530,0000,VILLAGE,Doulapur,Rural,79,400,199,201,50,28,22,34,18,16,92,44,48,188,117,71,212,82,130,224,111,113,222,109,113,39,21,18,128,46,82,0,0,0,55,42,13,2,2,0,2,2,0,0,0,0,0,0,0,0,0,0,2,2,0,2,2,0,0,0,0,0,0,0,0,0,0,0,0,0,0,0,0,0,0,0,0,0,0,0,0,0,176,88,88
24,92,Tandur,Vikarabad,16,Yelal,574531,0000,VILLAGE,Girijapur,Rural,76,360,181,179,51,27,24,58,27,31,0,0,0,152,94,58,208,87,121,206,105,101,206,105,101,36,18,18,154,73,81,0,0,0,16,14,2,0,0,0,0,0,0,0,0,0,0,0,0,0,0,0,0,0,0,0,0,0,0,0,0,0,0,0,0,0,0,0,0,0,0,0,0,0,0,0,0,0,0,0,0,0,154,76,78
24,92,Tandur,Vikarabad,16,Yelal,574532,0000,VILLAGE,Thimmaipalle,Rural,345,1619,825,794,167,86,81,526,273,253,0,0,0,751,455,296,868,370,498,1001,491,510,955,470,485,342,226,116,573,212,361,4,1,3,36,31,5,46,21,25,8,6,2,4,0,4,0,0,0,34,15,19,46,21,25,8,6,2,4,0,4,0,0,0,34,15,19,0,0,0,0,0,0,0,0,0,0,0,0,0,0,0,618,334,284
24,92,Tandur,Vikarabad,16,Yelal,574533,0000,VILLAGE,Mukundapur,Rural,148,788,380,408,130,62,68,64,35,29,399,185,214,212,132,80,576,248,328,392,183,209,176,166,10,150,150,0,12,6,6,2,2,0,12,8,4,216,17,199,8,5,3,206,11,195,2,1,1,0,0,0,212,15,197,8,5,3,202,9,193,2,1,1,0,0,0,4,2,2,0,0,0,4,2,2,0,0,0,0,0,0,396,197,199
24,92,Tandur,Vikarabad,16,Yelal,574534,0000,VILLAGE,Kishtapur,Rural,105,484,226,258,51,23,28,166,74,92,0,0,0,194,96,98,290,130,160,305,147,158,297,145,152,108,101,7,172,34,138,1,1,0,16,9,7,8,2,6,1,1,0,5,0,5,1,0,1,1,1,0,8,2,6,1,1,0,5,0,5,1,0,1,1,1,0,0,0,0,0,0,0,0,0,0,0,0,0,0,0,0,179,79,100
24,92,Tandur,Vikarabad,16,Yelal,574535,0000,VILLAGE,Gorepalle,Rural,254,1059,541,518,136,82,54,234,120,114,0,0,0,413,252,161,646,289,357,593,304,289,592,303,289,72,50,22,466,211,255,2,1,1,52,41,11,1,1,0,1,1,0,0,0,0,0,0,0,0,0,0,1,1,0,1,1,0,0,0,0,0,0,0,0,0,0,0,0,0,0,0,0,0,0,0,0,0,0,0,0,0,466,237,229
24,92,Tandur,Vikarabad,16,Yelal,574536,0000,VILLAGE,Devanoor,Rural,393,1986,949,1037,281,136,145,331,149,182,276,129,147,807,459,348,1179,490,689,1065,520,545,1004,494,510,225,158,67,646,244,402,12,10,2,121,82,39,61,26,35,4,4,0,48,15,33,1,0,1,8,7,1,50,22,28,3,3,0,39,13,26,1,0,1,7,6,1,11,4,7,1,1,0,9,2,7,0,0,0,1,1,0,921,429,492
24,92,Tandur,Vikarabad,16,Yelal,574537,0000,VILLAGE,Muddaipet,Rural,333,1565,790,775,200,108,92,69,36,33,413,206,207,819,487,332,746,303,443,953,472,481,833,431,402,202,190,12,403,103,300,41,23,18,187,115,72,120,41,79,7,4,3,54,9,45,30,14,16,29,14,15,118,40,78,7,4,3,53,9,44,30,14,16,28,13,15,2,1,1,0,0,0,1,0,1,0,0,0,1,1,0,612,318,294
24,91,Vikarabad,Vikarabad,08,Doma,574538,0000,VILLAGE,Budlapur,Rural,233,1425,715,710,205,108,97,142,75,67,923,467,456,533,335,198,892,380,512,757,344,413,669,329,340,348,195,153,145,24,121,3,1,2,173,109,64,88,15,73,5,1,4,65,9,56,1,1,0,17,4,13,82,13,69,4,1,3,63,8,55,1,1,0,14,3,11,6,2,4,1,0,1,2,1,1,0,0,0,3,1,2,668,371,297
24,91,Vikarabad,Vikarabad,08,Doma,574539,0000,VILLAGE,Kishtapur,Rural,542,2907,1473,1434,392,208,184,569,276,293,644,350,294,1388,838,550,1519,635,884,1618,826,792,1284,747,537,505,349,156,517,219,298,31,16,15,231,163,68,334,79,255,76,34,42,133,9,124,33,9,24,92,27,65,322,74,248,73,32,41,128,8,120,30,8,22,91,26,65,12,5,7,3,2,1,5,1,4,3,1,2,1,1,0,1289,647,642
24,91,Vikarabad,Vikarabad,08,Doma,574540,0000,VILLAGE,Pothreddypalle,Rural,96,557,283,274,75,32,43,159,78,81,84,42,42,204,130,74,353,153,200,315,164,151,315,164,151,304,158,146,4,2,2,0,0,0,7,4,3,0,0,0,0,0,0,0,0,0,0,0,0,0,0,0,0,0,0,0,0,0,0,0,0,0,0,0,0,0,0,0,0,0,0,0,0,0,0,0,0,0,0,0,0,0,242,119,123
24,91,Vikarabad,Vikarabad,08,Doma,574541,0000,VILLAGE,Ootpalle,Rural,282,1302,658,644,157,76,81,202,103,99,288,140,148,633,362,271,669,296,373,768,398,370,322,171,151,276,141,135,15,5,10,0,0,0,31,25,6,446,227,219,13,8,5,385,204,181,9,2,7,39,13,26,443,225,218,13,8,5,384,204,180,9,2,7,37,11,26,3,2,1,0,0,0,1,0,1,0,0,0,2,2,0,534,260,274
24,91,Vikarabad,Vikarabad,08,Doma,574542,0000,VILLAGE,Bompalle,Rural,478,2495,1256,1239,324,175,149,441,215,226,659,332,327,1112,674,438,1383,582,801,1373,702,671,1051,614,437,347,274,73,336,104,232,7,5,2,361,231,130,322,88,234,64,18,46,176,34,142,15,7,8,67,29,38,256,67,189,59,16,43,135,24,111,15,7,8,47,20,27,66,21,45,5,2,3,41,10,31,0,0,0,20,9,11,1122,554,568
24,91,Vikarabad,Vikarabad,08,Doma,574543,0000,VILLAGE,Sivareddipalle,Rural,284,1348,684,664,175,102,73,279,139,140,182,90,92,653,384,269,695,300,395,668,360,308,495,339,156,132,112,20,272,144,128,2,2,0,89,81,8,173,21,152,62,3,59,101,10,91,1,0,1,9,8,1,168,18,150,60,3,57,101,10,91,1,0,1,6,5,1,5,3,2,2,0,2,0,0,0,0,0,0,3,3,0,680,324,356
24,91,Vikarabad,Vikarabad,08,Doma,574544,0000,VILLAGE,Gudur,Rural,300,1192,609,583,135,74,61,180,90,90,31,15,16,598,363,235,594,246,348,647,321,326,588,314,274,223,160,63,233,67,166,25,12,13,107,75,32,59,7,52,20,4,16,14,1,13,17,0,17,8,2,6,58,7,51,19,4,15,14,1,13,17,0,17,8,2,6,1,0,1,1,0,1,0,0,0,0,0,0,0,0,0,545,288,257
24,91,Vikarabad,Vikarabad,08,Doma,574545,0000,VILLAGE,Dongayankepalle,Rural,196,1092,527,565,131,64,67,131,65,66,203,95,108,569,333,236,523,194,329,588,318,270,449,281,168,151,129,22,198,71,127,25,16,9,75,65,10,139,37,102,4,1,3,85,19,66,36,11,25,14,6,8,137,37,100,4,1,3,84,19,65,35,11,24,14,6,8,2,0,2,0,0,0,1,0,1,1,0,1,0,0,0,504,209,295
24,91,Vikarabad,Vikarabad,08,Doma,574546,0000,VILLAGE,Dornalpalle,Rural,274,1264,647,617,171,98,73,155,77,78,122,69,53,538,320,218,726,327,399,611,325,286,504,296,208,287,188,99,158,59,99,6,5,1,53,44,9,107,29,78,5,2,3,84,19,65,5,0,5,13,8,5,100,27,73,5,2,3,79,17,62,4,0,4,12,8,4,7,2,5,0,0,0,5,2,3,1,0,1,1,0,1,653,322,331
24,91,Vikarabad,Vikarabad,08,Doma,574547,0000,VILLAGE,Bachpalle,Rural,246,1245,612,633,175,81,94,262,137,125,74,40,34,549,320,229,696,292,404,694,359,335,533,337,196,286,205,81,174,75,99,0,0,0,73,57,16,161,22,139,3,2,1,149,13,136,0,0,0,9,7,2,159,21,138,3,2,1,147,12,135,0,0,0,9,7,2,2,1,1,0,0,0,2,1,1,0,0,0,0,0,0,551,253,298
24,91,Vikarabad,Vikarabad,08,Doma,574548,0000,VILLAGE,Doma,Rural,928,4353,2164,2189,504,267,237,793,379,414,17,8,9,2436,1418,1018,1917,746,1171,2280,1198,1082,1653,986,667,551,452,99,717,234,483,17,12,5,368,288,80,627,212,415,23,12,11,497,158,339,28,9,19,79,33,46,610,211,399,23,12,11,485,158,327,25,9,16,77,32,45,17,1,16,0,0,0,12,0,12,3,0,3,2,1,1,2073,966,1107
24,91,Vikarabad,Vikarabad,08,Doma,574549,0000,VILLAGE,Timmaipalle,Rural,138,679,320,359,78,30,48,117,53,64,77,32,45,257,163,94,422,157,265,403,189,214,403,189,214,43,41,2,346,139,207,2,2,0,12,7,5,0,0,0,0,0,0,0,0,0,0,0,0,0,0,0,0,0,0,0,0,0,0,0,0,0,0,0,0,0,0,0,0,0,0,0,0,0,0,0,0,0,0,0,0,0,276,131,145
24,91,Vikarabad,Vikarabad,08,Doma,574550,0000,VILLAGE,Rakonda,Rural,178,793,388,405,88,44,44,85,41,44,73,36,37,362,213,149,431,175,256,436,218,218,425,212,213,254,157,97,150,38,112,6,4,2,15,13,2,11,6,5,0,0,0,7,5,2,0,0,0,4,1,3,9,5,4,0,0,0,6,4,2,0,0,0,3,1,2,2,1,1,0,0,0,1,1,0,0,0,0,1,0,1,357,170,187
24,91,Vikarabad,Vikarabad,08,Doma,574551,0000,VILLAGE,Linganpalle,Rural,64,358,175,183,49,22,27,0,0,0,4,3,1,153,91,62,205,84,121,184,91,93,181,90,91,153,81,72,25,7,18,0,0,0,3,2,1,3,1,2,2,0,2,0,0,0,0,0,0,1,1,0,3,1,2,2,0,2,0,0,0,0,0,0,1,1,0,0,0,0,0,0,0,0,0,0,0,0,0,0,0,0,174,84,90
24,91,Vikarabad,Vikarabad,08,Doma,574552,0000,VILLAGE,Dirsampalle,Rural,603,3240,1602,1638,476,225,251,412,190,222,488,245,243,1281,798,483,1959,804,1155,1883,908,975,1218,641,577,584,351,233,554,229,325,20,11,9,60,50,10,665,267,398,450,223,227,196,33,163,4,2,2,15,9,6,655,262,393,447,221,226,191,32,159,4,2,2,13,7,6,10,5,5,3,2,1,5,1,4,0,0,0,2,2,0,1357,694,663
24,91,Vikarabad,Vikarabad,08,Doma,574553,0000,VILLAGE,Brahmanpalle,Rural,448,2285,1156,1129,428,237,191,125,57,68,1555,803,752,703,452,251,1582,704,878,1255,630,625,970,536,434,568,398,170,343,99,244,10,6,4,49,33,16,285,94,191,28,14,14,179,45,134,59,27,32,19,8,11,219,66,153,26,13,13,159,36,123,15,9,6,19,8,11,66,28,38,2,1,1,20,9,11,44,18,26,0,0,0,1030,526,504
24,91,Vikarabad,Vikarabad,08,Doma,574554,0000,VILLAGE,Ganjipalle,Rural,177,1006,533,473,156,77,79,0,0,0,446,231,215,325,223,102,681,310,371,570,293,277,439,283,156,179,175,4,119,24,95,0,0,0,141,84,57,131,10,121,5,3,2,124,6,118,0,0,0,2,1,1,131,10,121,5,3,2,124,6,118,0,0,0,2,1,1,0,0,0,0,0,0,0,0,0,0,0,0,0,0,0,436,240,196
24,91,Vikarabad,Vikarabad,08,Doma,574555,0000,VILLAGE,Badampalle,Rural,273,1250,597,653,193,100,93,311,147,164,295,134,161,497,282,215,753,315,438,933,437,496,467,274,193,218,156,62,206,77,129,7,6,1,36,35,1,466,163,303,80,35,45,201,33,168,20,9,11,165,86,79,221,51,170,17,10,7,150,9,141,16,8,8,38,24,14,245,112,133,63,25,38,51,24,27,4,1,3,127,62,65,317,160,157
24,91,Vikarabad,Vikarabad,08,Doma,574556,0000,VILLAGE,Kondaipalle,Rural,242,1196,598,598,169,87,82,267,128,139,42,23,19,476,289,187,720,309,411,717,352,365,702,343,359,421,292,129,219,18,201,14,2,12,48,31,17,15,9,6,2,1,1,2,1,1,0,0,0,11,7,4,15,9,6,2,1,1,2,1,1,0,0,0,11,7,4,0,0,0,0,0,0,0,0,0,0,0,0,0,0,0,479,246,233
24,91,Vikarabad,Vikarabad,08,Doma,574557,0000,VILLAGE,Gumdal,Rural,409,2412,1213,1199,402,188,214,598,297,301,298,154,144,778,476,302,1634,737,897,1342,675,667,1285,638,647,463,360,103,727,222,505,24,16,8,71,40,31,57,37,20,8,6,2,11,4,7,15,12,3,23,15,8,48,29,19,7,5,2,8,1,7,11,9,2,22,14,8,9,8,1,1,1,0,3,3,0,4,3,1,1,1,0,1070,538,532
24,91,Vikarabad,Vikarabad,08,Doma,574558,0000,VILLAGE,Dadapur,Rural,691,3822,1934,1888,557,304,253,552,275,277,316,156,160,1628,980,648,2194,954,1240,2063,1053,1010,2001,1024,977,924,517,407,755,278,477,75,34,41,247,195,52,62,29,33,21,13,8,17,7,10,12,5,7,12,4,8,47,25,22,17,10,7,15,7,8,10,5,5,5,3,2,15,4,11,4,3,1,2,0,2,2,0,2,7,1,6,1759,881,878
24,91,Vikarabad,Vikarabad,08,Doma,574559,0000,VILLAGE,Khammam Nacharam,Rural,94,424,215,209,57,25,32,117,55,62,6,3,3,182,115,67,242,100,142,235,130,105,231,127,104,93,92,1,97,7,90,0,0,0,41,28,13,4,3,1,1,1,0,2,1,1,0,0,0,1,1,0,2,1,1,1,1,0,1,0,1,0,0,0,0,0,0,2,2,0,0,0,0,1,1,0,0,0,0,1,1,0,189,85,104
24,91,Vikarabad,Vikarabad,08,Doma,574560,0000,VILLAGE,Mallepalle,Rural,300,1585,792,793,225,116,109,504,250,254,172,91,81,734,424,310,851,368,483,920,458,462,866,425,441,28,22,6,795,381,414,24,14,10,19,8,11,54,33,21,0,0,0,44,26,18,1,1,0,9,6,3,17,13,4,0,0,0,15,11,4,1,1,0,1,1,0,37,20,17,0,0,0,29,15,14,0,0,0,8,5,3,665,334,331
24,91,Vikarabad,Vikarabad,08,Doma,574561,0000,VILLAGE,Batla Chandraram,Rural,105,532,275,257,98,51,47,53,26,27,39,22,17,250,162,88,282,113,169,422,218,204,411,209,202,296,149,147,2,0,2,3,2,1,110,58,52,11,9,2,4,2,2,0,0,0,1,1,0,6,6,0,11,9,2,4,2,2,0,0,0,1,1,0,6,6,0,0,0,0,0,0,0,0,0,0,0,0,0,0,0,0,110,57,53
24,91,Vikarabad,Vikarabad,08,Doma,574562,0000,VILLAGE,Ananthareddipalle,Rural,54,245,119,126,31,13,18,0,0,0,0,0,0,117,79,38,128,40,88,150,75,75,139,69,70,95,49,46,21,7,14,7,0,7,16,13,3,11,6,5,0,0,0,6,3,3,1,0,1,4,3,1,8,3,5,0,0,0,5,2,3,1,0,1,2,1,1,3,3,0,0,0,0,1,1,0,0,0,0,2,2,0,95,44,51
24,91,Vikarabad,Vikarabad,08,Doma,574563,0000,VILLAGE,Ainapur,Rural,512,2774,1408,1366,382,210,172,764,391,373,6,4,2,1326,802,524,1448,606,842,1432,818,614,1258,789,469,700,499,201,389,171,218,10,6,4,159,113,46,174,29,145,32,10,22,120,9,111,4,0,4,18,10,8,87,15,72,15,5,10,62,5,57,2,0,2,8,5,3,87,14,73,17,5,12,58,4,54,2,0,2,10,5,5,1342,590,752
24,91,Vikarabad,Vikarabad,08,Doma,574564,0000,VILLAGE,Palepalle,Rural,288,1275,622,653,132,73,59,280,145,135,0,0,0,619,365,254,656,257,399,641,346,295,506,316,190,149,127,22,259,108,151,9,8,1,89,73,16,135,30,105,2,0,2,129,28,101,0,0,0,4,2,2,135,30,105,2,0,2,129,28,101,0,0,0,4,2,2,0,0,0,0,0,0,0,0,0,0,0,0,0,0,0,634,276,358
24,91,Vikarabad,Vikarabad,08,Doma,574565,0000,VILLAGE,Mothkur,Rural,1058,5168,2593,2575,653,330,323,863,437,426,1435,734,701,2310,1371,939,2858,1222,1636,2656,1328,1328,2006,1020,986,825,507,318,872,299,573,4,2,2,305,212,93,650,308,342,235,172,63,346,99,247,11,2,9,58,35,23,335,180,155,95,91,4,189,59,130,2,1,1,49,29,20,315,128,187,140,81,59,157,40,117,9,1,8,9,6,3,2512,1265,1247
24,91,Vikarabad,Vikarabad,07,Kulkacharla,574595,0000,VILLAGE,Chellapur,Rural,310,1434,757,677,207,113,94,243,136,107,256,145,111,631,389,242,803,368,435,755,381,374,705,363,342,358,258,100,286,66,220,10,9,1,51,30,21,50,18,32,8,3,5,31,8,23,0,0,0,11,7,4,45,16,29,6,2,4,31,8,23,0,0,0,8,6,2,5,2,3,2,1,1,0,0,0,0,0,0,3,1,2,679,376,303
24,91,Vikarabad,Vikarabad,07,Kulkacharla,574596,0000,VILLAGE,Salveed,Rural,426,1843,926,917,229,125,104,381,194,187,635,317,318,845,494,351,998,432,566,896,433,463,511,255,256,386,197,189,82,26,56,6,3,3,37,29,8,385,178,207,7,2,5,360,166,194,8,4,4,10,6,4,381,175,206,7,2,5,357,164,193,8,4,4,9,5,4,4,3,1,0,0,0,3,2,1,0,0,0,1,1,0,947,493,454
24,91,Vikarabad,Vikarabad,07,Kulkacharla,574597,0000,VILLAGE,Ghanapur,Rural,270,1466,716,750,222,112,110,243,130,113,457,220,237,585,326,259,881,390,491,786,381,405,553,326,227,332,258,74,137,28,109,6,3,3,78,37,41,233,55,178,22,13,9,174,21,153,6,2,4,31,19,12,228,55,173,22,13,9,172,21,151,5,2,3,29,19,10,5,0,5,0,0,0,2,0,2,1,0,1,2,0,2,680,335,345
24,91,Vikarabad,Vikarabad,07,Kulkacharla,574598,0000,VILLAGE,Kulkacharla,Rural,1597,7624,3869,3755,872,455,417,945,474,471,1052,559,493,4070,2384,1686,3554,1485,2069,3309,1781,1528,2020,1308,712,975,720,255,335,95,240,40,27,13,670,466,204,1289,473,816,74,39,35,1033,299,734,2,2,0,180,133,47,1238,446,792,73,38,35,1004,291,713,1,1,0,160,116,44,51,27,24,1,1,0,29,8,21,1,1,0,20,17,3,4315,2088,2227
24,91,Vikarabad,Vikarabad,07,Kulkacharla,574599,0000,VILLAGE,Bomreddipalle,Rural,226,1174,579,595,144,71,73,209,102,107,18,8,10,601,338,263,573,241,332,668,337,331,647,324,323,321,164,157,281,131,150,15,8,7,30,21,9,21,13,8,2,1,1,1,1,0,3,1,2,15,10,5,20,12,8,2,1,1,1,1,0,3,1,2,14,9,5,1,1,0,0,0,0,0,0,0,0,0,0,1,1,0,506,242,264
24,91,Vikarabad,Vikarabad,07,Kulkacharla,574600,0000,VILLAGE,Bandayelkacherla,Rural,1006,5396,2806,2590,584,304,280,664,327,337,1447,949,498,2932,1776,1156,2464,1030,1434,2323,1201,1122,2029,1097,932,761,585,176,920,237,683,56,36,20,292,239,53,294,104,190,77,49,28,184,36,148,6,2,4,27,17,10,267,93,174,74,48,26,165,28,137,4,2,2,24,15,9,27,11,16,3,1,2,19,8,11,2,0,2,3,2,1,3073,1605,1468
24,91,Vikarabad,Vikarabad,07,Kulkacharla,574601,0000,VILLAGE,Peerampalle,Rural,298,1530,788,742,187,88,99,30,20,10,610,317,293,640,388,252,890,400,490,788,433,355,734,408,326,229,119,110,316,157,159,3,3,0,186,129,57,54,25,29,4,2,2,11,2,9,0,0,0,39,21,18,44,19,25,4,2,2,11,2,9,0,0,0,29,15,14,10,6,4,0,0,0,0,0,0,0,0,0,10,6,4,742,355,387
24,91,Vikarabad,Vikarabad,07,Kulkacharla,574602,0000,VILLAGE,Mujahidpur,Rural,1010,5344,2801,2543,667,340,327,616,306,310,1917,1038,879,2550,1639,911,2794,1162,1632,2605,1313,1292,1470,806,664,551,372,179,325,75,250,58,27,31,536,332,204,1135,507,628,215,115,100,753,297,456,36,20,16,131,75,56,1109,496,613,212,114,98,742,293,449,34,19,15,121,70,51,26,11,15,3,1,2,11,4,7,2,1,1,10,5,5,2739,1488,1251
24,91,Vikarabad,Vikarabad,07,Kulkacharla,574603,0000,VILLAGE,Allapur,Rural,137,684,334,350,118,61,57,0,0,0,475,225,250,242,154,88,442,180,262,350,148,202,143,84,59,74,60,14,55,15,40,0,0,0,14,9,5,207,64,143,54,33,21,152,30,122,0,0,0,1,1,0,182,59,123,48,31,17,133,27,106,0,0,0,1,1,0,25,5,20,6,2,4,19,3,16,0,0,0,0,0,0,334,186,148
24,91,Vikarabad,Vikarabad,19,Chowdapur,574604,0000,VILLAGE,Lingampalle,Rural,291,1464,757,707,188,102,86,75,35,40,880,466,414,580,361,219,884,396,488,741,358,383,549,309,240,410,249,161,53,10,43,3,2,1,83,48,35,192,49,143,14,5,9,96,8,88,3,1,2,79,35,44,181,45,136,14,5,9,91,7,84,1,1,0,75,32,43,11,4,7,0,0,0,5,1,4,2,0,2,4,3,1,723,399,324
24,91,Vikarabad,Vikarabad,19,Chowdapur,574605,0000,VILLAGE,Adavivenkatapur,Rural,464,2332,1223,1109,384,224,160,13,4,9,1791,937,854,1030,617,413,1302,606,696,1077,512,565,1005,490,515,529,422,107,428,42,386,10,5,5,38,21,17,72,22,50,7,4,3,11,1,10,0,0,0,54,17,37,72,22,50,7,4,3,11,1,10,0,0,0,54,17,37,0,0,0,0,0,0,0,0,0,0,0,0,0,0,0,1255,711,544
24,91,Vikarabad,Vikarabad,07,Kulkacharla,574606,0000,VILLAGE,Tirumalapur,Rural,570,2445,1242,1203,272,157,115,180,96,84,886,465,421,1101,651,450,1344,591,753,1359,673,686,1028,541,487,613,361,252,313,115,198,6,3,3,96,62,34,331,132,199,85,73,12,204,40,164,1,0,1,41,19,22,320,127,193,78,70,8,202,39,163,1,0,1,39,18,21,11,5,6,7,3,4,2,1,1,0,0,0,2,1,1,1086,569,517
24,91,Vikarabad,Vikarabad,07,Kulkacharla,574607,0000,VILLAGE,Ippaipalle,Rural,426,2113,1087,1026,236,113,123,377,196,181,256,127,129,1069,659,410,1044,428,616,1108,561,547,1000,509,491,330,290,40,427,65,362,16,9,7,227,145,82,108,52,56,10,9,1,53,17,36,0,0,0,45,26,19,106,51,55,10,9,1,52,17,35,0,0,0,44,25,19,2,1,1,0,0,0,1,0,1,0,0,0,1,1,0,1005,526,479
24,91,Vikarabad,Vikarabad,07,Kulkacharla,574608,0000,VILLAGE,Anantharam,Rural,643,3274,1694,1580,472,246,226,567,265,302,1240,637,603,1546,956,590,1728,738,990,1642,845,797,1567,804,763,513,422,91,801,209,592,15,5,10,238,168,70,75,41,34,10,8,2,21,5,16,1,0,1,43,28,15,69,37,32,10,8,2,18,2,16,0,0,0,41,27,14,6,4,2,0,0,0,3,3,0,1,0,1,2,1,1,1632,849,783
24,91,Vikarabad,Vikarabad,07,Kulkacharla,574609,0000,VILLAGE,Almaskhanpet,Rural,9,50,25,25,4,2,2,0,0,0,0,0,0,20,12,8,30,13,17,25,13,12,12,12,0,12,12,0,0,0,0,0,0,0,0,0,0,13,1,12,1,1,0,12,0,12,0,0,0,0,0,0,13,1,12,1,1,0,12,0,12,0,0,0,0,0,0,0,0,0,0,0,0,0,0,0,0,0,0,0,0,0,25,12,13
24,91,Vikarabad,Vikarabad,07,Kulkacharla,574610,0000,VILLAGE,Puttapahad,Rural,454,2391,1190,1201,346,167,179,246,129,117,76,33,43,1162,717,445,1229,473,756,1248,662,586,974,574,400,467,287,180,305,129,176,19,16,3,183,142,41,274,88,186,27,13,14,148,35,113,8,2,6,91,38,53,253,83,170,27,13,14,133,33,100,7,2,5,86,35,51,21,5,16,0,0,0,15,2,13,1,0,1,5,3,2,1143,528,615
24,91,Vikarabad,Vikarabad,07,Kulkacharla,574611,0000,VILLAGE,Ananthasagar,Rural,262,1212,641,571,175,99,76,46,24,22,253,133,120,436,287,149,776,354,422,768,383,385,388,203,185,143,111,32,216,77,139,4,4,0,25,11,14,380,180,200,12,9,3,64,18,46,2,0,2,302,153,149,343,161,182,12,9,3,61,17,44,2,0,2,268,135,133,37,19,18,0,0,0,3,1,2,0,0,0,34,18,16,444,258,186
24,91,Vikarabad,Vikarabad,07,Kulkacharla,574612,0000,VILLAGE,Kusumasamudram,Rural,959,5313,2523,2790,711,354,357,540,260,280,1707,743,964,2335,1229,1106,2978,1294,1684,3068,1523,1545,1991,1030,961,750,558,192,943,285,658,59,34,25,239,153,86,1077,493,584,187,116,71,496,182,314,37,18,19,357,177,180,973,446,527,168,103,65,444,167,277,28,17,11,333,159,174,104,47,57,19,13,6,52,15,37,9,1,8,24,18,6,2245,1000,1245
24,91,Vikarabad,Vikarabad,19,Chowdapur,574613,0000,VILLAGE,Vittalapur,Rural,282,1349,678,671,249,132,117,8,5,3,853,423,430,323,212,111,1026,466,560,683,358,325,560,340,220,236,229,7,285,84,201,4,2,2,35,25,10,123,18,105,3,2,1,113,12,101,1,1,0,6,3,3,120,16,104,2,1,1,111,11,100,1,1,0,6,3,3,3,2,1,1,1,0,2,1,1,0,0,0,0,0,0,666,320,346
24,91,Vikarabad,Vikarabad,19,Chowdapur,574614,0000,VILLAGE,Chowdapur,Rural,643,3048,1537,1511,434,223,211,648,328,320,104,51,53,1363,797,566,1685,740,945,1508,820,688,1070,753,317,472,466,6,329,95,234,5,4,1,264,188,76,438,67,371,11,7,4,377,41,336,1,0,1,49,19,30,432,65,367,11,7,4,373,40,333,1,0,1,47,18,29,6,2,4,0,0,0,4,1,3,0,0,0,2,1,1,1540,717,823
24,91,Vikarabad,Vikarabad,19,Chowdapur,574615,0000,VILLAGE,Mandipal,Rural,347,1687,825,862,228,112,116,235,115,120,47,24,23,706,412,294,981,413,568,923,459,464,728,434,294,328,255,73,159,43,116,4,2,2,237,134,103,195,25,170,18,8,10,134,8,126,20,0,20,23,9,14,188,23,165,18,8,10,130,8,122,20,0,20,20,7,13,7,2,5,0,0,0,4,0,4,0,0,0,3,2,1,764,366,398
24,91,Vikarabad,Vikarabad,19,Chowdapur,574616,0000,VILLAGE,Veerapur,Rural,259,1124,568,556,138,66,72,232,120,112,0,0,0,466,287,179,658,281,377,629,327,302,564,301,263,354,209,145,164,50,114,1,1,0,45,41,4,65,26,39,0,0,0,65,26,39,0,0,0,0,0,0,15,8,7,0,0,0,15,8,7,0,0,0,0,0,0,50,18,32,0,0,0,50,18,32,0,0,0,0,0,0,495,241,254
24,91,Vikarabad,Vikarabad,19,Chowdapur,574617,0000,VILLAGE,Makta Venkatapur,Rural,306,1741,878,863,226,114,112,5,3,2,1016,520,496,710,414,296,1031,464,567,869,412,457,508,282,226,174,144,30,314,122,192,1,1,0,19,15,4,361,130,231,221,106,115,116,12,104,0,0,0,24,12,12,347,124,223,210,100,110,113,12,101,0,0,0,24,12,12,14,6,8,11,6,5,3,0,3,0,0,0,0,0,0,872,466,406
24,91,Vikarabad,Vikarabad,19,Chowdapur,574618,0000,VILLAGE,Kothapalle,Rural,621,3577,1919,1658,538,290,248,465,244,221,1045,591,454,1372,920,452,2205,999,1206,1978,960,1018,1944,941,1003,611,424,187,1238,453,785,34,22,12,61,42,19,34,19,15,15,7,8,8,3,5,8,6,2,3,3,0,26,15,11,9,4,5,7,2,5,7,6,1,3,3,0,8,4,4,6,3,3,1,1,0,1,0,1,0,0,0,1599,959,640
24,91,Vikarabad,Vikarabad,19,Chowdapur,574619,0000,VILLAGE,Pursampalle,Rural,120,559,281,278,82,41,41,125,68,57,0,0,0,208,132,76,351,149,202,347,170,177,305,156,149,164,112,52,119,29,90,3,1,2,19,14,5,42,14,28,7,3,4,24,4,20,2,1,1,9,6,3,37,12,25,6,3,3,21,3,18,2,1,1,8,5,3,5,2,3,1,0,1,3,1,2,0,0,0,1,1,0,212,111,101
24,91,Vikarabad,Vikarabad,19,Chowdapur,574620,0000,VILLAGE,Malkapur,Rural,281,1251,635,616,166,86,80,180,94,86,161,83,78,536,332,204,715,303,412,581,388,193,457,335,122,246,174,72,92,74,18,46,34,12,73,53,20,124,53,71,44,16,28,13,4,9,30,15,15,37,18,19,76,38,38,33,12,21,9,3,6,13,11,2,21,12,9,48,15,33,11,4,7,4,1,3,17,4,13,16,6,10,670,247,423
24,91,Vikarabad,Vikarabad,19,Chowdapur,574621,0000,VILLAGE,Markal,Rural,973,4685,2379,2306,598,307,291,721,382,339,99,69,30,2330,1429,901,2355,950,1405,2379,1227,1152,1875,1032,843,1012,572,440,477,181,296,25,17,8,361,262,99,504,195,309,37,22,15,250,50,200,18,8,10,199,115,84,471,179,292,34,20,14,229,42,187,14,5,9,194,112,82,33,16,17,3,2,1,21,8,13,4,3,1,5,3,2,2306,1152,1154
24,91,Vikarabad,Vikarabad,19,Chowdapur,574622,0000,VILLAGE,Kanmankalva,Rural,378,1920,973,947,286,151,135,512,263,249,178,92,86,913,550,363,1007,423,584,997,551,446,969,536,433,272,176,96,520,229,291,8,7,1,169,124,45,28,15,13,0,0,0,26,13,13,0,0,0,2,2,0,3,3,0,0,0,0,1,1,0,0,0,0,2,2,0,25,12,13,0,0,0,25,12,13,0,0,0,0,0,0,923,422,501
24,91,Vikarabad,Vikarabad,19,Chowdapur,574623,0000,VILLAGE,Magullapalle,Rural,28,155,86,69,20,10,10,86,50,36,0,0,0,55,36,19,100,50,50,63,42,21,36,27,9,22,18,4,4,1,3,1,1,0,9,7,2,27,15,12,0,0,0,25,14,11,0,0,0,2,1,1,26,15,11,0,0,0,25,14,11,0,0,0,1,1,0,1,0,1,0,0,0,0,0,0,0,0,0,1,0,1,92,44,48
24,91,Vikarabad,Vikarabad,19,Chowdapur,574624,0000,VILLAGE,Chakalpalle,Rural,370,2096,1063,1033,300,161,139,6,5,1,1098,568,530,829,491,338,1267,572,695,1136,590,546,1006,534,472,666,352,314,96,26,70,24,15,9,220,141,79,130,56,74,7,5,2,65,13,52,8,3,5,50,35,15,125,55,70,6,4,2,61,13,48,8,3,5,50,35,15,5,1,4,1,1,0,4,0,4,0,0,0,0,0,0,960,473,487
24,91,Vikarabad,Vikarabad,06,Pargi,574625,0000,VILLAGE,Ibrahimpur,Rural,378,1878,948,930,207,105,102,374,189,185,532,272,260,905,559,346,973,389,584,940,499,441,896,480,416,278,252,26,554,185,369,2,2,0,62,41,21,44,19,25,4,2,2,33,12,21,3,2,1,4,3,1,36,16,20,4,2,2,28,11,17,0,0,0,4,3,1,8,3,5,0,0,0,5,1,4,3,2,1,0,0,0,938,449,489
24,91,Vikarabad,Vikarabad,06,Pargi,574626,0000,VILLAGE,Mittakodur,Rural,503,2345,1171,1174,287,153,134,514,261,253,0,0,0,1062,606,456,1283,565,718,1359,716,643,1124,616,508,790,439,351,241,99,142,24,22,2,69,56,13,235,100,135,15,12,3,201,73,128,4,2,2,15,13,2,231,97,134,13,11,2,200,72,128,3,1,2,15,13,2,4,3,1,2,1,1,1,1,0,1,1,0,0,0,0,986,455,531
24,91,Vikarabad,Vikarabad,06,Pargi,574627,0000,VILLAGE,Lakhanapur,Rural,145,639,301,338,81,28,53,275,139,136,0,0,0,288,160,128,351,141,210,350,180,170,349,179,170,63,40,23,258,124,134,9,4,5,19,11,8,1,1,0,0,0,0,0,0,0,1,1,0,0,0,0,1,1,0,0,0,0,0,0,0,1,1,0,0,0,0,0,0,0,0,0,0,0,0,0,0,0,0,0,0,0,289,121,168
24,91,Vikarabad,Vikarabad,06,Pargi,574629,0000,VILLAGE,Barkatpalle,Rural,282,1346,691,655,148,81,67,601,313,288,0,0,0,674,414,260,672,277,395,728,380,348,449,300,149,244,229,15,180,54,126,5,2,3,20,15,5,279,80,199,3,1,2,259,70,189,13,6,7,4,3,1,80,27,53,0,0,0,68,20,48,10,5,5,2,2,0,199,53,146,3,1,2,191,50,141,3,1,2,2,1,1,618,311,307
24,91,Vikarabad,Vikarabad,06,Pargi,574630,0000,VILLAGE,Naskal,Rural,684,3136,1551,1585,406,206,200,879,420,459,0,0,0,1583,928,655,1553,623,930,1616,881,735,1541,856,685,1001,593,408,333,128,205,59,20,39,148,115,33,75,25,50,47,11,36,13,3,10,0,0,0,15,11,4,71,23,48,46,11,35,10,1,9,0,0,0,15,11,4,4,2,2,1,0,1,3,2,1,0,0,0,0,0,0,1520,670,850
24,91,Vikarabad,Vikarabad,06,Pargi,574631,0000,VILLAGE,Rangapur,Rural,179,867,453,414,111,57,54,101,51,50,201,103,98,447,289,158,420,164,256,490,250,240,474,240,234,149,78,71,286,132,154,7,6,1,32,24,8,16,10,6,0,0,0,11,6,5,2,2,0,3,2,1,15,10,5,0,0,0,11,6,5,2,2,0,2,2,0,1,0,1,0,0,0,0,0,0,0,0,0,1,0,1,377,203,174
24,91,Vikarabad,Vikarabad,06,Pargi,574632,0000,VILLAGE,Basireddipalle,Rural,219,1028,529,499,120,69,51,15,9,6,0,0,0,548,328,220,480,201,279,594,304,290,397,232,165,156,105,51,195,89,106,0,0,0,46,38,8,197,72,125,74,33,41,109,33,76,0,0,0,14,6,8,146,42,104,41,14,27,94,23,71,0,0,0,11,5,6,51,30,21,33,19,14,15,10,5,0,0,0,3,1,2,434,225,209
24,91,Vikarabad,Vikarabad,06,Pargi,574633,0000,VILLAGE,Nazeerabad,Rural,213,1084,518,566,168,73,95,0,0,0,1065,510,555,432,268,164,652,250,402,627,297,330,569,267,302,330,196,134,210,53,157,2,0,2,27,18,9,58,30,28,4,4,0,23,1,22,0,0,0,31,25,6,58,30,28,4,4,0,23,1,22,0,0,0,31,25,6,0,0,0,0,0,0,0,0,0,0,0,0,0,0,0,457,221,236
24,91,Vikarabad,Vikarabad,06,Pargi,574634,0000,VILLAGE,Shakapur,Rural,2,9,2,7,0,0,0,0,0,0,0,0,0,7,2,5,2,0,2,7,2,5,4,1,3,2,1,1,0,0,0,1,0,1,1,0,1,3,1,2,0,0,0,0,0,0,0,0,0,3,1,2,3,1,2,0,0,0,0,0,0,0,0,0,3,1,2,0,0,0,0,0,0,0,0,0,0,0,0,0,0,0,2,0,2
24,91,Vikarabad,Vikarabad,06,Pargi,574635,0000,VILLAGE,Pargi,Rural,3824,18241,9142,9099,2440,1245,1195,2392,1125,1267,504,243,261,11583,6430,5153,6658,2712,3946,6979,4650,2329,5887,4104,1783,1215,857,358,1189,503,686,157,115,42,3326,2629,697,1092,546,546,77,50,27,404,131,273,56,38,18,555,327,228,820,410,410,59,38,21,274,89,185,42,27,15,445,256,189,272,136,136,18,12,6,130,42,88,14,11,3,110,71,39,11262,4492,6770
24,91,Vikarabad,Vikarabad,06,Pargi,574636,0000,VILLAGE,Rukumpalle,Rural,133,695,340,355,83,50,33,87,41,46,0,0,0,315,172,143,380,168,212,307,163,144,296,156,140,129,125,4,143,15,128,2,1,1,22,15,7,11,7,4,0,0,0,6,3,3,0,0,0,5,4,1,11,7,4,0,0,0,6,3,3,0,0,0,5,4,1,0,0,0,0,0,0,0,0,0,0,0,0,0,0,0,388,177,211
24,91,Vikarabad,Vikarabad,06,Pargi,574637,0000,VILLAGE,Chigralpalle,Rural,296,1457,693,764,166,64,102,303,131,172,0,0,0,681,400,281,776,293,483,787,407,380,764,392,372,70,40,30,564,249,315,21,19,2,109,84,25,23,15,8,3,2,1,8,2,6,4,4,0,8,7,1,23,15,8,3,2,1,8,2,6,4,4,0,8,7,1,0,0,0,0,0,0,0,0,0,0,0,0,0,0,0,670,286,384
24,91,Vikarabad,Vikarabad,06,Pargi,574638,0000,VILLAGE,Govindapur,Rural,214,1005,517,488,116,64,52,163,89,74,187,109,78,404,242,162,601,275,326,482,274,208,354,240,114,53,43,10,207,121,86,1,1,0,93,75,18,128,34,94,4,4,0,118,28,90,1,0,1,5,2,3,128,34,94,4,4,0,118,28,90,1,0,1,5,2,3,0,0,0,0,0,0,0,0,0,0,0,0,0,0,0,523,243,280
24,91,Vikarabad,Vikarabad,06,Pargi,574639,0000,VILLAGE,Malkaipet,Rural,99,559,283,276,98,52,46,0,0,0,534,270,264,202,128,74,357,155,202,328,160,168,321,157,164,310,153,157,8,2,6,0,0,0,3,2,1,7,3,4,4,2,2,0,0,0,0,0,0,3,1,2,7,3,4,4,2,2,0,0,0,0,0,0,3,1,2,0,0,0,0,0,0,0,0,0,0,0,0,0,0,0,231,123,108
24,91,Vikarabad,Vikarabad,06,Pargi,574640,0000,VILLAGE,Gadsingapur,Rural,412,1906,926,980,214,115,99,480,229,251,310,157,153,940,538,402,966,388,578,1009,543,466,479,300,179,234,171,63,115,27,88,4,2,2,126,100,26,530,243,287,47,35,12,411,154,257,13,9,4,59,45,14,380,183,197,43,34,9,283,109,174,10,6,4,44,34,10,150,60,90,4,1,3,128,45,83,3,3,0,15,11,4,897,383,514
24,91,Vikarabad,Vikarabad,06,Pargi,574641,0000,VILLAGE,Rangampalle,Rural,431,1994,976,1018,234,115,119,256,117,139,358,176,182,796,486,310,1198,490,708,1142,567,575,1131,565,566,579,380,199,489,136,353,1,0,1,62,49,13,11,2,9,2,0,2,5,1,4,0,0,0,4,1,3,10,2,8,1,0,1,5,1,4,0,0,0,4,1,3,1,0,1,1,0,1,0,0,0,0,0,0,0,0,0,852,409,443
24,91,Vikarabad,Vikarabad,06,Pargi,574642,0000,VILLAGE,Ramreddipalle,Rural,44,200,99,101,35,18,17,8,4,4,138,68,70,81,50,31,119,49,70,108,52,56,108,52,56,36,29,7,72,23,49,0,0,0,0,0,0,0,0,0,0,0,0,0,0,0,0,0,0,0,0,0,0,0,0,0,0,0,0,0,0,0,0,0,0,0,0,0,0,0,0,0,0,0,0,0,0,0,0,0,0,0,92,47,45
24,91,Vikarabad,Vikarabad,06,Pargi,574643,0000,VILLAGE,Sondepur,Rural,114,637,320,317,108,58,50,0,0,0,626,313,313,225,143,82,412,177,235,374,182,192,364,177,187,176,155,21,171,8,163,1,1,0,16,13,3,10,5,5,1,1,0,6,3,3,0,0,0,3,1,2,9,5,4,1,1,0,5,3,2,0,0,0,3,1,2,1,0,1,0,0,0,1,0,1,0,0,0,0,0,0,263,138,125
24,91,Vikarabad,Vikarabad,06,Pargi,574644,0000,VILLAGE,Babapur,Rural,191,935,447,488,123,47,76,24,9,15,3,1,2,425,262,163,510,185,325,547,259,288,542,256,286,405,190,215,94,36,58,0,0,0,43,30,13,5,3,2,0,0,0,2,0,2,0,0,0,3,3,0,5,3,2,0,0,0,2,0,2,0,0,0,3,3,0,0,0,0,0,0,0,0,0,0,0,0,0,0,0,0,388,188,200
24,91,Vikarabad,Vikarabad,06,Pargi,574645,0000,VILLAGE,Roopkhanpet,Rural,437,2180,1091,1089,341,174,167,449,220,229,61,33,28,908,548,360,1272,543,729,1279,624,655,1272,623,649,625,360,265,512,164,348,19,15,4,116,84,32,7,1,6,4,0,4,2,1,1,1,0,1,0,0,0,7,1,6,4,0,4,2,1,1,1,0,1,0,0,0,0,0,0,0,0,0,0,0,0,0,0,0,0,0,0,901,467,434
24,91,Vikarabad,Vikarabad,06,Pargi,574646,0000,VILLAGE,Sulthanpur,Rural,409,1911,925,986,241,129,112,481,232,249,178,86,92,1013,585,428,898,340,558,894,485,409,753,432,321,381,215,166,192,86,106,10,6,4,170,125,45,141,53,88,6,1,5,113,33,80,0,0,0,22,19,3,141,53,88,6,1,5,113,33,80,0,0,0,22,19,3,0,0,0,0,0,0,0,0,0,0,0,0,0,0,0,1017,440,577
24,91,Vikarabad,Vikarabad,06,Pargi,574647,0000,VILLAGE,Narayanpur,Rural,380,1798,923,875,230,122,108,636,333,303,0,0,0,885,525,360,913,398,515,911,477,434,888,464,424,504,319,185,293,70,223,5,2,3,86,73,13,23,13,10,5,3,2,10,3,7,1,1,0,7,6,1,23,13,10,5,3,2,10,3,7,1,1,0,7,6,1,0,0,0,0,0,0,0,0,0,0,0,0,0,0,0,887,446,441
24,91,Vikarabad,Vikarabad,06,Pargi,574648,0000,VILLAGE,Raghavapur,Rural,174,751,384,367,83,40,43,270,129,141,0,0,0,399,246,153,352,138,214,350,203,147,349,203,146,148,114,34,114,17,97,1,0,1,86,72,14,1,0,1,1,0,1,0,0,0,0,0,0,0,0,0,1,0,1,1,0,1,0,0,0,0,0,0,0,0,0,0,0,0,0,0,0,0,0,0,0,0,0,0,0,0,401,181,220
24,91,Vikarabad,Vikarabad,06,Pargi,574649,0000,VILLAGE,Syedmalkapur,Rural,216,983,529,454,103,56,47,0,0,0,0,0,0,679,392,287,304,137,167,556,330,226,466,285,181,189,161,28,150,37,113,15,5,10,112,82,30,90,45,45,17,10,7,20,7,13,5,3,2,48,25,23,83,41,42,17,10,7,19,6,13,2,2,0,45,23,22,7,4,3,0,0,0,1,1,0,3,1,2,3,2,1,427,199,228
24,91,Vikarabad,Vikarabad,06,Pargi,574650,0000,VILLAGE,Kadlapur,Rural,288,1267,624,643,160,66,94,209,104,105,81,44,37,583,361,222,684,263,421,711,342,369,669,318,351,306,238,68,312,38,274,18,14,4,33,28,5,42,24,18,4,1,3,13,6,7,2,1,1,23,16,7,40,22,18,4,1,3,13,6,7,1,0,1,22,15,7,2,2,0,0,0,0,0,0,0,1,1,0,1,1,0,556,282,274
24,91,Vikarabad,Vikarabad,06,Pargi,574652,0000,VILLAGE,Madharam,Rural,592,2639,1309,1330,377,187,190,602,289,313,0,0,0,1288,759,529,1351,550,801,1397,689,708,1366,681,685,815,451,364,481,171,310,6,3,3,64,56,8,31,8,23,7,3,4,15,1,14,1,0,1,8,4,4,28,6,22,6,2,4,14,1,13,1,0,1,7,3,4,3,2,1,1,1,0,1,0,1,0,0,0,1,1,0,1242,620,622
24,91,Vikarabad,Vikarabad,06,Pargi,574653,0000,VILLAGE,Rapole,Rural,590,2857,1448,1409,375,193,182,773,381,392,35,17,18,1642,967,675,1215,481,734,1460,791,669,817,554,263,539,371,168,98,29,69,16,14,2,164,140,24,643,237,406,141,34,107,402,166,236,31,7,24,69,30,39,566,219,347,128,30,98,373,163,210,9,3,6,56,23,33,77,18,59,13,4,9,29,3,26,22,4,18,13,7,6,1397,657,740
24,91,Vikarabad,Vikarabad,06,Pargi,574654,0000,VILLAGE,Yabajiguda,Rural,192,879,431,448,102,49,53,447,207,240,0,0,0,478,280,198,401,151,250,528,261,267,522,258,264,183,163,20,315,76,239,2,0,2,22,19,3,6,3,3,2,2,0,2,0,2,0,0,0,2,1,1,6,3,3,2,2,0,2,0,2,0,0,0,2,1,1,0,0,0,0,0,0,0,0,0,0,0,0,0,0,0,351,170,181
24,91,Vikarabad,Vikarabad,06,Pargi,574655,0000,VILLAGE,Tondapalle,Rural,310,1316,645,671,144,78,66,425,198,227,0,0,0,769,430,339,547,215,332,624,324,300,522,294,228,239,163,76,246,100,146,5,5,0,32,26,6,102,30,72,52,6,46,30,10,20,5,5,0,15,9,6,99,28,71,51,6,45,28,8,20,5,5,0,15,9,6,3,2,1,1,0,1,2,2,0,0,0,0,0,0,0,692,321,371
24,91,Vikarabad,Vikarabad,06,Pargi,574656,0000,VILLAGE,Chityal,Rural,392,1979,980,999,276,139,137,699,340,359,2,1,1,1054,601,453,925,379,546,1038,561,477,896,515,381,377,267,110,272,84,188,50,23,27,197,141,56,142,46,96,18,12,6,74,9,65,24,11,13,26,14,12,119,40,79,14,10,4,62,7,55,22,10,12,21,13,8,23,6,17,4,2,2,12,2,10,2,1,1,5,1,4,941,419,522
24,91,Vikarabad,Vikarabad,06,Pargi,574657,0000,VILLAGE,Khudavanpur,Rural,260,1239,601,638,146,71,75,459,219,240,0,0,0,652,371,281,587,230,357,594,341,253,341,223,118,162,102,60,61,19,42,0,0,0,118,102,16,253,118,135,18,16,2,191,70,121,16,10,6,28,22,6,193,96,97,18,16,2,149,59,90,5,4,1,21,17,4,60,22,38,0,0,0,42,11,31,11,6,5,7,5,2,645,260,385
24,91,Vikarabad,Vikarabad,06,Pargi,574658,0000,VILLAGE,Jafferpalle,Rural,143,609,318,291,87,45,42,233,126,107,0,0,0,344,215,129,265,103,162,357,182,175,353,179,174,344,173,171,3,2,1,0,0,0,6,4,2,4,3,1,1,1,0,0,0,0,0,0,0,3,2,1,4,3,1,1,1,0,0,0,0,0,0,0,3,2,1,0,0,0,0,0,0,0,0,0,0,0,0,0,0,0,252,136,116
24,91,Vikarabad,Vikarabad,06,Pargi,574659,0000,VILLAGE,Ravalpalle,Rural,163,745,377,368,120,70,50,161,80,81,0,0,0,292,175,117,453,202,251,411,214,197,402,208,194,384,193,191,1,0,1,2,1,1,15,14,1,9,6,3,2,2,0,1,0,1,0,0,0,6,4,2,8,5,3,2,2,0,1,0,1,0,0,0,5,3,2,1,1,0,0,0,0,0,0,0,0,0,0,1,1,0,334,163,171
24,91,Vikarabad,Vikarabad,06,Pargi,574660,0000,VILLAGE,Syedpalle,Rural,407,1729,860,869,203,111,92,392,201,191,0,0,0,871,529,342,858,331,527,1143,568,575,765,395,370,308,235,73,423,140,283,8,2,6,26,18,8,378,173,205,85,42,43,280,122,158,2,1,1,11,8,3,272,125,147,8,5,3,252,111,141,1,1,0,11,8,3,106,48,58,77,37,40,28,11,17,1,0,1,0,0,0,586,292,294
24,91,Vikarabad,Vikarabad,06,Pargi,574661,0000,VILLAGE,Heerapur,Rural,27,141,68,73,13,10,3,50,26,24,76,32,44,71,35,36,70,33,37,87,41,46,87,41,46,65,30,35,22,11,11,0,0,0,0,0,0,0,0,0,0,0,0,0,0,0,0,0,0,0,0,0,0,0,0,0,0,0,0,0,0,0,0,0,0,0,0,0,0,0,0,0,0,0,0,0,0,0,0,0,0,0,54,27,27
24,91,Vikarabad,Vikarabad,05,Pudur,574662,0000,VILLAGE,Manneguda (Paigah),Rural,15,57,31,26,14,8,6,0,0,0,57,31,26,24,16,8,33,15,18,27,13,14,7,3,4,2,1,1,4,1,3,0,0,0,1,1,0,20,10,10,0,0,0,19,9,10,0,0,0,1,1,0,20,10,10,0,0,0,19,9,10,0,0,0,1,1,0,0,0,0,0,0,0,0,0,0,0,0,0,0,0,0,30,18,12
24,91,Vikarabad,Vikarabad,05,Pudur,574663,0000,VILLAGE,Yenkepalle,Rural,354,1598,814,784,215,122,93,156,80,76,173,85,88,787,470,317,811,344,467,818,426,392,675,359,316,306,157,149,211,101,110,14,12,2,144,89,55,143,67,76,40,19,21,72,25,47,1,0,1,30,23,7,130,64,66,35,17,18,68,25,43,1,0,1,26,22,4,13,3,10,5,2,3,4,0,4,0,0,0,4,1,3,780,388,392
24,91,Vikarabad,Vikarabad,05,Pudur,574664,0000,VILLAGE,Mirzapur,Rural,301,1379,709,670,202,100,102,253,131,122,0,0,0,639,380,259,740,329,411,747,373,374,39,25,14,3,2,1,14,8,6,3,1,2,19,14,5,708,348,360,32,16,16,655,319,336,1,0,1,20,13,7,705,347,358,32,16,16,653,318,335,1,0,1,19,13,6,3,1,2,0,0,0,2,1,1,0,0,0,1,0,1,632,336,296
24,91,Vikarabad,Vikarabad,05,Pudur,574665,0000,VILLAGE,Manneguda (Sarecas),Rural,344,1771,884,887,235,121,114,227,104,123,11,7,4,1224,653,571,547,231,316,654,426,228,545,375,170,87,68,19,165,90,75,36,27,9,257,190,67,109,51,58,4,2,2,48,14,34,10,3,7,47,32,15,102,48,54,4,2,2,47,14,33,6,1,5,45,31,14,7,3,4,0,0,0,1,0,1,4,2,2,2,1,1,1117,458,659
24,91,Vikarabad,Vikarabad,05,Pudur,574666,0000,VILLAGE,Kandlapalle,Rural,385,1671,853,818,168,91,77,439,210,229,4,1,3,1013,617,396,658,236,422,1007,513,494,756,398,358,569,299,270,89,35,54,24,11,13,74,53,21,251,115,136,22,11,11,76,26,50,5,1,4,148,77,71,244,112,132,20,10,10,75,26,49,2,0,2,147,76,71,7,3,4,2,1,1,1,0,1,3,1,2,1,1,0,664,340,324
24,91,Vikarabad,Vikarabad,05,Pudur,574667,0000,VILLAGE,Angadichittimpalle,Rural,403,1820,937,883,226,115,111,864,443,421,0,0,0,1025,641,384,795,296,499,743,470,273,486,357,129,259,192,67,58,33,25,7,6,1,162,126,36,257,113,144,91,29,62,111,47,64,1,0,1,54,37,17,253,111,142,90,29,61,109,46,63,1,0,1,53,36,17,4,2,2,1,0,1,2,1,1,0,0,0,1,1,0,1077,467,610
24,91,Vikarabad,Vikarabad,05,Pudur,574668,0000,VILLAGE,Pothireddiguda,Rural,62,255,126,129,36,18,18,34,12,22,0,0,0,130,78,52,125,48,77,140,78,62,139,77,62,0,0,0,128,68,60,0,0,0,11,9,2,1,1,0,0,0,0,1,1,0,0,0,0,0,0,0,1,1,0,0,0,0,1,1,0,0,0,0,0,0,0,0,0,0,0,0,0,0,0,0,0,0,0,0,0,0,115,48,67
24,91,Vikarabad,Vikarabad,05,Pudur,574669,0000,VILLAGE,Bakapur,Rural,111,442,224,218,48,16,32,217,107,110,0,0,0,270,166,104,172,58,114,246,130,116,246,130,116,4,4,0,223,111,112,0,0,0,19,15,4,0,0,0,0,0,0,0,0,0,0,0,0,0,0,0,0,0,0,0,0,0,0,0,0,0,0,0,0,0,0,0,0,0,0,0,0,0,0,0,0,0,0,0,0,0,196,94,102
24,91,Vikarabad,Vikarabad,05,Pudur,574670,0000,VILLAGE,Kothapalle,Rural,159,799,419,380,89,50,39,160,90,70,0,0,0,426,273,153,373,146,227,375,225,150,144,83,61,87,43,44,24,12,12,0,0,0,33,28,5,231,142,89,85,78,7,137,61,76,4,2,2,5,1,4,229,141,88,85,78,7,135,60,75,4,2,2,5,1,4,2,1,1,0,0,0,2,1,1,0,0,0,0,0,0,424,194,230
24,91,Vikarabad,Vikarabad,05,Pudur,574671,0000,VILLAGE,Cheelapur,Rural,290,1276,640,636,157,82,75,369,186,183,0,0,0,612,339,273,664,301,363,798,398,400,597,345,252,415,248,167,144,72,72,2,1,1,36,24,12,201,53,148,108,13,95,38,9,29,0,0,0,55,31,24,198,52,146,106,12,94,37,9,28,0,0,0,55,31,24,3,1,2,2,1,1,1,0,1,0,0,0,0,0,0,478,242,236
24,91,Vikarabad,Vikarabad,05,Pudur,574672,0000,VILLAGE,Gangupalle,Rural,254,1198,646,552,171,84,87,402,213,189,77,35,42,660,425,235,538,221,317,617,341,276,596,332,264,313,168,145,213,103,110,4,4,0,66,57,9,21,9,12,1,1,0,16,5,11,1,1,0,3,2,1,18,7,11,1,1,0,14,4,10,1,1,0,2,1,1,3,2,1,0,0,0,2,1,1,0,0,0,1,1,0,581,305,276
24,91,Vikarabad,Vikarabad,05,Pudur,574673,0000,VILLAGE,Pudur,Rural,715,3421,1722,1699,426,212,214,766,364,402,78,33,45,1868,1079,789,1553,643,910,1901,1018,883,1798,972,826,963,515,448,544,238,306,27,16,11,264,203,61,103,46,57,15,10,5,7,0,7,0,0,0,81,36,45,98,43,55,12,8,4,6,0,6,0,0,0,80,35,45,5,3,2,3,2,1,1,0,1,0,0,0,1,1,0,1520,704,816
24,91,Vikarabad,Vikarabad,05,Pudur,574675,0000,VILLAGE,Thimmapur,Rural,101,457,230,227,39,14,25,87,41,46,14,7,7,242,149,93,215,81,134,249,117,132,243,114,129,3,0,3,236,111,125,0,0,0,4,3,1,6,3,3,5,2,3,1,1,0,0,0,0,0,0,0,6,3,3,5,2,3,1,1,0,0,0,0,0,0,0,0,0,0,0,0,0,0,0,0,0,0,0,0,0,0,208,113,95
24,91,Vikarabad,Vikarabad,05,Pudur,574676,0000,VILLAGE,Changomul,Rural,642,3109,1541,1568,369,184,185,555,289,266,14,8,6,1702,956,746,1407,585,822,1507,852,655,1214,715,499,305,201,104,715,354,361,11,8,3,183,152,31,293,137,156,83,48,35,155,46,109,1,0,1,54,43,11,273,129,144,80,46,34,142,41,101,1,0,1,50,42,8,20,8,12,3,2,1,13,5,8,0,0,0,4,1,3,1602,689,913
24,91,Vikarabad,Vikarabad,05,Pudur,574677,0000,VILLAGE,Regadimamidipalle,Rural,218,908,474,434,86,45,41,180,94,86,7,5,2,544,340,204,364,134,230,526,276,250,451,239,212,384,204,180,25,12,13,9,2,7,33,21,12,75,37,38,4,3,1,55,27,28,2,1,1,14,6,8,73,36,37,3,2,1,55,27,28,2,1,1,13,6,7,2,1,1,1,1,0,0,0,0,0,0,0,1,0,1,382,198,184
24,91,Vikarabad,Vikarabad,05,Pudur,574678,0000,VILLAGE,Mittakankal,Rural,160,775,401,374,98,55,43,286,149,137,0,0,0,353,225,128,422,176,246,426,221,205,419,216,203,120,59,61,296,155,141,0,0,0,3,2,1,7,5,2,2,1,1,1,1,0,0,0,0,4,3,1,6,5,1,1,1,0,1,1,0,0,0,0,4,3,1,1,0,1,1,0,1,0,0,0,0,0,0,0,0,0,349,180,169
24,91,Vikarabad,Vikarabad,05,Pudur,574679,0000,VILLAGE,Quthbullapur,Rural,258,1061,540,521,96,46,50,471,242,229,0,0,0,600,341,259,461,199,262,592,323,269,557,302,255,278,153,125,212,101,111,1,0,1,66,48,18,35,21,14,11,5,6,15,11,4,0,0,0,9,5,4,34,20,14,10,4,6,15,11,4,0,0,0,9,5,4,1,1,0,1,1,0,0,0,0,0,0,0,0,0,0,469,217,252
24,91,Vikarabad,Vikarabad,05,Pudur,574680,0000,VILLAGE,Medikonda,Rural,120,615,304,311,67,35,32,140,76,64,2,1,1,269,143,126,346,161,185,358,175,183,344,169,175,309,150,159,25,13,12,0,0,0,10,6,4,14,6,8,2,1,1,6,3,3,0,0,0,6,2,4,14,6,8,2,1,1,6,3,3,0,0,0,6,2,4,0,0,0,0,0,0,0,0,0,0,0,0,0,0,0,257,129,128
24,91,Vikarabad,Vikarabad,05,Pudur,574681,0000,VILLAGE,Rakamcherla,Rural,166,686,364,322,100,57,43,143,72,71,266,138,128,340,230,110,346,134,212,335,176,159,281,154,127,79,72,7,173,62,111,7,3,4,22,17,5,54,22,32,1,1,0,39,11,28,1,1,0,13,9,4,48,20,28,1,1,0,36,11,25,1,1,0,10,7,3,6,2,4,0,0,0,3,0,3,0,0,0,3,2,1,351,188,163
24,91,Vikarabad,Vikarabad,05,Pudur,574682,0000,VILLAGE,Thirmalapur,Rural,158,789,388,401,126,61,65,0,0,0,708,343,365,270,164,106,519,224,295,389,184,205,383,180,203,311,156,155,29,4,25,7,2,5,36,18,18,6,4,2,4,2,2,0,0,0,0,0,0,2,2,0,6,4,2,4,2,2,0,0,0,0,0,0,2,2,0,0,0,0,0,0,0,0,0,0,0,0,0,0,0,0,400,204,196
24,91,Vikarabad,Vikarabad,05,Pudur,574683,0000,VILLAGE,Somangurthy,Rural,498,2261,1135,1126,253,138,115,524,270,254,34,20,14,1125,660,465,1136,475,661,1313,641,672,1123,616,507,510,398,112,553,179,374,4,3,1,56,36,20,190,25,165,5,2,3,164,11,153,0,0,0,21,12,9,157,25,132,5,2,3,131,11,120,0,0,0,21,12,9,33,0,33,0,0,0,33,0,33,0,0,0,0,0,0,948,494,454
24,91,Vikarabad,Vikarabad,05,Pudur,574684,0000,VILLAGE,Kervelli,Rural,224,966,487,479,96,40,56,140,74,66,0,0,0,501,297,204,465,190,275,519,262,257,513,258,255,265,129,136,188,89,99,15,11,4,45,29,16,6,4,2,1,1,0,2,1,1,0,0,0,3,2,1,6,4,2,1,1,0,2,1,1,0,0,0,3,2,1,0,0,0,0,0,0,0,0,0,0,0,0,0,0,0,447,225,222
24,91,Vikarabad,Vikarabad,05,Pudur,574685,0000,VILLAGE,Sirgaipalle,Rural,127,651,347,304,80,47,33,0,0,0,2,2,0,381,231,150,270,116,154,174,100,74,125,70,55,54,30,24,60,30,30,1,0,1,10,10,0,49,30,19,22,13,9,9,6,3,2,1,1,16,10,6,47,28,19,21,12,9,8,5,3,2,1,1,16,10,6,2,2,0,1,1,0,1,1,0,0,0,0,0,0,0,477,247,230
24,91,Vikarabad,Vikarabad,05,Pudur,574686,0000,VILLAGE,Peddaumanthal,Rural,658,2959,1475,1484,302,133,169,828,415,413,21,10,11,1650,968,682,1309,507,802,1578,834,744,1502,806,696,903,490,413,413,179,234,16,9,7,170,128,42,76,28,48,20,5,15,32,9,23,0,0,0,24,14,10,73,26,47,19,4,15,31,9,22,0,0,0,23,13,10,3,2,1,1,1,0,1,0,1,0,0,0,1,1,0,1381,641,740
24,91,Vikarabad,Vikarabad,05,Pudur,574687,0000,VILLAGE,Medipalle Kalan,Rural,266,1436,703,733,178,85,93,273,136,137,0,0,0,792,437,355,644,266,378,724,359,365,587,300,287,445,227,218,59,24,35,5,4,1,78,45,33,137,59,78,12,7,5,73,24,49,7,4,3,45,24,21,120,50,70,9,6,3,69,21,48,6,4,2,36,19,17,17,9,8,3,1,2,4,3,1,1,0,1,9,5,4,712,344,368
24,91,Vikarabad,Vikarabad,05,Pudur,574688,0000,VILLAGE,Kodmoor,Rural,243,1481,758,723,182,84,98,445,234,211,0,0,0,804,488,316,677,270,407,876,433,443,822,417,405,493,296,197,268,85,183,11,2,9,50,34,16,54,16,38,4,2,2,27,7,20,1,0,1,22,7,15,53,16,37,4,2,2,27,7,20,1,0,1,21,7,14,1,0,1,0,0,0,0,0,0,0,0,0,1,0,1,605,325,280
24,91,Vikarabad,Vikarabad,05,Pudur,574689,0000,VILLAGE,Kankal,Rural,681,3088,1516,1572,378,190,188,744,367,377,0,0,0,1533,852,681,1555,664,891,1679,877,802,1620,847,773,1043,597,446,442,151,291,18,12,6,117,87,30,59,30,29,14,9,5,18,4,14,8,6,2,19,11,8,52,27,25,14,9,5,15,2,13,8,6,2,15,10,5,7,3,4,0,0,0,3,2,1,0,0,0,4,1,3,1409,639,770
24,91,Vikarabad,Vikarabad,05,Pudur,574690,0000,VILLAGE,Manchanpalle,Rural,616,2838,1449,1389,314,158,156,958,492,466,2,1,1,1559,929,630,1279,520,759,1443,772,671,852,492,360,301,201,100,416,183,233,12,5,7,123,103,20,591,280,311,72,51,21,487,209,278,5,3,2,27,17,10,587,277,310,72,51,21,486,208,278,4,2,2,25,16,9,4,3,1,0,0,0,1,1,0,1,1,0,2,1,1,1395,677,718
24,91,Vikarabad,Vikarabad,05,Pudur,574691,0000,VILLAGE,Ghatpalle,Rural,107,528,268,260,61,33,28,411,207,204,0,0,0,295,166,129,233,102,131,281,143,138,43,33,10,14,13,1,12,9,3,1,0,1,16,11,5,238,110,128,0,0,0,237,110,127,0,0,0,1,0,1,238,110,128,0,0,0,237,110,127,0,0,0,1,0,1,0,0,0,0,0,0,0,0,0,0,0,0,0,0,0,247,125,122
24,91,Vikarabad,Vikarabad,05,Pudur,574692,0000,VILLAGE,Turkayenkepalle,Rural,218,1089,556,533,94,50,44,57,35,22,8,5,3,605,369,236,484,187,297,577,289,288,536,270,266,314,157,157,140,70,70,26,9,17,56,34,22,41,19,22,13,8,5,2,2,0,1,0,1,25,9,16,41,19,22,13,8,5,2,2,0,1,0,1,25,9,16,0,0,0,0,0,0,0,0,0,0,0,0,0,0,0,512,267,245
24,91,Vikarabad,Vikarabad,05,Pudur,574693,0000,VILLAGE,Nizampet Medipalle,Rural,350,1547,792,755,190,97,93,592,297,295,0,0,0,826,489,337,721,303,418,1044,550,494,567,426,141,435,341,94,23,5,18,15,7,8,94,73,21,477,124,353,322,61,261,80,26,54,18,9,9,57,28,29,335,58,277,233,15,218,59,20,39,7,3,4,36,20,16,142,66,76,89,46,43,21,6,15,11,6,5,21,8,13,503,242,261
24,91,Vikarabad,Vikarabad,05,Pudur,574694,0000,VILLAGE,Chintalapalle,Rural,217,1060,535,525,105,55,50,293,144,149,0,0,0,596,337,259,464,198,266,638,329,309,478,272,206,400,233,167,38,11,27,12,9,3,28,19,9,160,57,103,21,9,12,99,30,69,5,3,2,35,15,20,87,28,59,12,4,8,46,13,33,1,0,1,28,11,17,73,29,44,9,5,4,53,17,36,4,3,1,7,4,3,422,206,216
24,91,Vikarabad,Vikarabad,05,Pudur,574695,0000,VILLAGE,Pudgurthy,Rural,193,893,444,449,128,70,58,211,103,108,0,0,0,404,228,176,489,216,273,484,249,235,484,249,235,469,237,232,2,1,1,3,3,0,10,8,2,0,0,0,0,0,0,0,0,0,0,0,0,0,0,0,0,0,0,0,0,0,0,0,0,0,0,0,0,0,0,0,0,0,0,0,0,0,0,0,0,0,0,0,0,0,409,195,214
24,92,Tandur,Vikarabad,17,Kodangal,574899,0000,VILLAGE,Rudraram,Rural,1209,6041,3026,3015,787,408,379,1762,882,880,379,191,188,2715,1639,1076,3326,1387,1939,3079,1656,1423,2472,1467,1005,942,633,309,1175,540,635,23,18,5,332,276,56,607,189,418,12,3,9,529,148,381,8,1,7,58,37,21,535,171,364,11,3,8,474,140,334,7,0,7,43,28,15,72,18,54,1,0,1,55,8,47,1,1,0,15,9,6,2962,1370,1592
24,92,Tandur,Vikarabad,17,Kodangal,574900,0000,VILLAGE,Nagaram,Rural,180,877,439,438,94,46,48,329,167,162,0,0,0,476,277,199,401,162,239,510,281,229,508,280,228,106,76,30,381,187,194,4,4,0,17,13,4,2,1,1,0,0,0,2,1,1,0,0,0,0,0,0,2,1,1,0,0,0,2,1,1,0,0,0,0,0,0,0,0,0,0,0,0,0,0,0,0,0,0,0,0,0,367,158,209
24,92,Tandur,Vikarabad,17,Kodangal,574901,0000,VILLAGE,Annaram,Rural,371,1739,880,859,229,113,116,522,272,250,0,0,0,732,460,272,1007,420,587,1010,550,460,524,396,128,282,271,11,154,50,104,3,3,0,85,72,13,486,154,332,175,9,166,268,106,162,0,0,0,43,39,4,442,146,296,139,2,137,262,106,156,0,0,0,41,38,3,44,8,36,36,7,29,6,0,6,0,0,0,2,1,1,729,330,399
24,92,Tandur,Vikarabad,17,Kodangal,574902,0000,VILLAGE,Chitlapalle,Rural,527,2902,1468,1434,486,261,225,421,215,206,592,299,293,1034,620,414,1868,848,1020,1533,806,727,1493,787,706,420,314,106,830,294,536,6,5,1,237,174,63,40,19,21,3,0,3,22,8,14,1,0,1,14,11,3,38,18,20,3,0,3,21,8,13,1,0,1,13,10,3,2,1,1,0,0,0,1,0,1,0,0,0,1,1,0,1369,662,707
24,92,Tandur,Vikarabad,17,Kodangal,574903,0000,VILLAGE,Appaipalle,Rural,311,1433,700,733,234,122,112,189,89,100,4,2,2,602,338,264,831,362,469,749,372,377,685,339,346,18,11,7,570,253,317,20,12,8,77,63,14,64,33,31,5,5,0,20,7,13,7,5,2,32,16,16,60,32,28,5,5,0,18,6,12,7,5,2,30,16,14,4,1,3,0,0,0,2,1,1,0,0,0,2,0,2,684,328,356
24,92,Tandur,Vikarabad,17,Kodangal,574904,0000,VILLAGE,Udimeswar,Rural,210,1005,498,507,141,72,69,366,187,179,0,0,0,438,264,174,567,234,333,533,276,257,526,273,253,108,97,11,359,130,229,2,2,0,57,44,13,7,3,4,0,0,0,5,2,3,0,0,0,2,1,1,5,1,4,0,0,0,4,1,3,0,0,0,1,0,1,2,2,0,0,0,0,1,1,0,0,0,0,1,1,0,472,222,250
24,92,Tandur,Vikarabad,17,Kodangal,574905,0000,VILLAGE,Kodangal,Rural,3052,14294,7051,7243,1873,962,911,1832,893,939,447,226,221,8386,4695,3691,5908,2356,3552,6130,3756,2374,4519,3050,1469,790,538,252,1375,609,766,261,163,98,2093,1740,353,1611,706,905,25,12,13,1107,423,684,129,39,90,350,232,118,1451,654,797,22,11,11,1010,401,609,108,30,78,311,212,99,160,52,108,3,1,2,97,22,75,21,9,12,39,20,19,8164,3295,4869
24,92,Tandur,Vikarabad,17,Kodangal,574906,0000,VILLAGE,Angadi Raichur,Rural,981,4698,2316,2382,605,329,276,913,418,495,14,9,5,1963,1146,817,2735,1170,1565,2286,1293,993,1803,1135,668,1113,788,325,484,179,305,25,18,7,181,150,31,483,158,325,34,19,15,387,90,297,9,6,3,53,43,10,464,152,312,29,17,12,374,87,287,9,6,3,52,42,10,19,6,13,5,2,3,13,3,10,0,0,0,1,1,0,2412,1023,1389
24,92,Tandur,Vikarabad,17,Kodangal,574907,0000,VILLAGE,Tekalkode,Rural,388,1859,903,956,266,133,133,518,245,273,452,220,232,705,439,266,1154,464,690,1096,519,577,700,410,290,235,154,81,352,156,196,20,18,2,93,82,11,396,109,287,6,1,5,383,104,279,0,0,0,7,4,3,396,109,287,6,1,5,383,104,279,0,0,0,7,4,3,0,0,0,0,0,0,0,0,0,0,0,0,0,0,0,763,384,379
24,92,Tandur,Vikarabad,17,Kodangal,574908,0000,VILLAGE,Upparpalle,Rural,39,178,90,88,11,8,3,63,31,32,48,26,22,82,42,40,96,48,48,92,45,47,89,44,45,21,16,5,59,20,39,0,0,0,9,8,1,3,1,2,0,0,0,2,0,2,0,0,0,1,1,0,2,1,1,0,0,0,1,0,1,0,0,0,1,1,0,1,0,1,0,0,0,1,0,1,0,0,0,0,0,0,86,45,41
24,92,Tandur,Vikarabad,17,Kodangal,574909,0000,VILLAGE,Gandlepalle,Rural,22,115,62,53,23,9,14,0,0,0,115,62,53,9,7,2,106,55,51,64,37,27,60,34,26,12,6,6,47,27,20,0,0,0,1,1,0,4,3,1,1,1,0,3,2,1,0,0,0,0,0,0,4,3,1,1,1,0,3,2,1,0,0,0,0,0,0,0,0,0,0,0,0,0,0,0,0,0,0,0,0,0,51,25,26
24,92,Tandur,Vikarabad,17,Kodangal,574910,0000,VILLAGE,Kastoorpalle,Rural,253,1331,636,695,174,88,86,283,138,145,0,0,0,359,203,156,972,433,539,719,353,366,706,349,357,157,107,50,491,208,283,4,3,1,54,31,23,13,4,9,0,0,0,4,2,2,1,0,1,8,2,6,13,4,9,0,0,0,4,2,2,1,0,1,8,2,6,0,0,0,0,0,0,0,0,0,0,0,0,0,0,0,612,283,329
24,92,Tandur,Vikarabad,17,Kodangal,574911,0000,VILLAGE,Indanoor,Rural,280,1376,684,692,161,86,75,465,229,236,9,5,4,589,367,222,787,317,470,435,281,154,258,212,46,187,160,27,8,2,6,15,11,4,48,39,9,177,69,108,6,5,1,162,59,103,2,0,2,7,5,2,177,69,108,6,5,1,162,59,103,2,0,2,7,5,2,0,0,0,0,0,0,0,0,0,0,0,0,0,0,0,941,403,538
24,92,Tandur,Vikarabad,17,Kodangal,574912,0000,VILLAGE,Ravalpalle,Rural,615,3011,1493,1518,370,189,181,530,257,273,42,21,21,1418,820,598,1593,673,920,1471,841,630,1169,703,466,324,268,56,475,168,307,34,21,13,336,246,90,302,138,164,18,16,2,230,90,140,11,6,5,43,26,17,254,115,139,18,16,2,185,68,117,11,6,5,40,25,15,48,23,25,0,0,0,45,22,23,0,0,0,3,1,2,1540,652,888
24,92,Tandur,Vikarabad,17,Kodangal,574913,0000,VILLAGE,Chinna Nandigam,Rural,262,1276,627,649,184,100,84,491,253,238,0,0,0,408,243,165,868,384,484,669,335,334,642,325,317,309,155,154,291,141,150,11,5,6,31,24,7,27,10,17,0,0,0,18,4,14,4,2,2,5,4,1,25,9,16,0,0,0,16,3,13,4,2,2,5,4,1,2,1,1,0,0,0,2,1,1,0,0,0,0,0,0,607,292,315
24,92,Tandur,Vikarabad,17,Kodangal,574914,0000,VILLAGE,Peddanandigam,Rural,436,2116,1043,1073,297,145,152,368,186,182,144,68,76,958,580,378,1158,463,695,1099,592,507,858,515,343,289,253,36,360,99,261,86,68,18,123,95,28,241,77,164,65,26,39,92,24,68,26,3,23,58,24,34,238,76,162,65,26,39,92,24,68,26,3,23,55,23,32,3,1,2,0,0,0,0,0,0,0,0,0,3,1,2,1017,451,566
24,92,Tandur,Vikarabad,17,Kodangal,574915,0000,VILLAGE,Pyalamaddi,Rural,198,913,453,460,124,58,66,307,153,154,0,0,0,346,214,132,567,239,328,512,260,252,331,208,123,206,141,65,55,18,37,2,2,0,68,47,21,181,52,129,6,4,2,129,21,108,3,2,1,43,25,18,166,44,122,5,3,2,122,19,103,3,2,1,36,20,16,15,8,7,1,1,0,7,2,5,0,0,0,7,5,2,401,193,208
24,92,Tandur,Vikarabad,17,Kodangal,574916,0000,VILLAGE,Parsapur,Rural,588,2761,1365,1396,435,239,196,396,187,209,704,345,359,1158,704,454,1603,661,942,1417,708,709,998,508,490,378,208,170,524,233,291,8,4,4,88,63,25,419,200,219,10,6,4,354,155,199,12,9,3,43,30,13,409,194,215,10,6,4,351,154,197,10,8,2,38,26,12,10,6,4,0,0,0,3,1,2,2,1,1,5,4,1,1344,657,687
24,92,Tandur,Vikarabad,17,Kodangal,574917,0000,VILLAGE,Hasnabad,Rural,1059,5748,2811,2937,732,350,382,665,328,337,22,10,12,2834,1646,1188,2914,1165,1749,2857,1548,1309,2615,1463,1152,861,511,350,1252,548,704,44,30,14,458,374,84,242,85,157,7,4,3,165,40,125,2,0,2,68,41,27,217,76,141,6,3,3,147,35,112,2,0,2,62,38,24,25,9,16,1,1,0,18,5,13,0,0,0,6,3,3,2891,1263,1628
24,92,Tandur,Vikarabad,09,Bomraspeta,574918,0000,VILLAGE,Yenkepalle,Rural,356,1579,753,826,211,94,117,200,95,105,0,0,0,702,400,302,877,353,524,905,468,437,669,376,293,239,213,26,362,103,259,17,16,1,51,44,7,236,92,144,23,15,8,191,60,131,6,5,1,16,12,4,227,90,137,23,15,8,183,59,124,6,5,1,15,11,4,9,2,7,0,0,0,8,1,7,0,0,0,1,1,0,674,285,389
24,92,Tandur,Vikarabad,09,Bomraspeta,574919,0000,VILLAGE,Wadicherla,Rural,362,1930,908,1022,281,135,146,183,82,101,853,419,434,597,334,263,1333,574,759,1172,550,622,1038,508,530,538,305,233,405,148,257,4,3,1,91,52,39,134,42,92,21,3,18,84,28,56,1,0,1,28,11,17,122,42,80,15,3,12,82,28,54,1,0,1,24,11,13,12,0,12,6,0,6,2,0,2,0,0,0,4,0,4,758,358,400
24,92,Tandur,Vikarabad,09,Bomraspeta,574920,0000,VILLAGE,Kothur,Rural,515,2518,1251,1267,365,187,178,412,198,214,306,149,157,872,552,320,1646,699,947,1395,697,698,1111,650,461,615,427,188,295,86,209,23,17,6,178,120,58,284,47,237,21,0,21,237,36,201,1,0,1,25,11,14,241,40,201,21,0,21,196,30,166,1,0,1,23,10,13,43,7,36,0,0,0,41,6,35,0,0,0,2,1,1,1123,554,569
24,92,Tandur,Vikarabad,09,Bomraspeta,574921,0000,VILLAGE,Thunkumetla,Rural,532,2847,1393,1454,424,210,214,415,205,210,903,439,464,1203,721,482,1644,672,972,1520,812,708,1282,702,580,765,387,378,262,115,147,31,24,7,224,176,48,238,110,128,6,3,3,83,27,56,30,11,19,119,69,50,228,108,120,6,3,3,82,27,55,26,10,16,114,68,46,10,2,8,0,0,0,1,0,1,4,1,3,5,1,4,1327,581,746
24,92,Tandur,Vikarabad,09,Bomraspeta,574922,0000,VILLAGE,Bomraspet,Rural,1084,5538,2749,2789,681,353,328,598,314,284,535,262,273,2539,1463,1076,2999,1286,1713,2795,1530,1265,2627,1473,1154,1243,738,505,859,346,513,46,18,28,479,371,108,168,57,111,7,5,2,145,41,104,1,1,0,15,10,5,166,55,111,5,3,2,145,41,104,1,1,0,15,10,5,2,2,0,2,2,0,0,0,0,0,0,0,0,0,0,2743,1219,1524
24,92,Tandur,Vikarabad,09,Bomraspeta,574923,0000,VILLAGE,Dupcherla,Rural,196,832,411,421,90,49,41,387,188,199,30,18,12,335,190,145,497,221,276,463,234,229,455,228,227,386,194,192,32,8,24,0,0,0,37,26,11,8,6,2,1,0,1,0,0,0,0,0,0,7,6,1,8,6,2,1,0,1,0,0,0,0,0,0,7,6,1,0,0,0,0,0,0,0,0,0,0,0,0,0,0,0,369,177,192
24,92,Tandur,Vikarabad,09,Bomraspeta,574924,0000,VILLAGE,Salimdapur,Rural,207,1407,693,714,231,128,103,144,70,74,973,474,499,401,241,160,1006,452,554,804,380,424,804,380,424,401,336,65,388,34,354,0,0,0,15,10,5,0,0,0,0,0,0,0,0,0,0,0,0,0,0,0,0,0,0,0,0,0,0,0,0,0,0,0,0,0,0,0,0,0,0,0,0,0,0,0,0,0,0,0,0,0,603,313,290
24,92,Tandur,Vikarabad,09,Bomraspeta,574925,0000,VILLAGE,Madanpalle,Rural,218,1337,669,668,193,108,85,59,31,28,766,394,372,450,264,186,887,405,482,808,402,406,768,384,384,573,328,245,147,20,127,0,0,0,48,36,12,40,18,22,9,4,5,31,14,17,0,0,0,0,0,0,16,5,11,7,4,3,9,1,8,0,0,0,0,0,0,24,13,11,2,0,2,22,13,9,0,0,0,0,0,0,529,267,262
24,92,Tandur,Vikarabad,09,Bomraspeta,574926,0000,VILLAGE,Burhanpoor,Rural,605,3326,1683,1643,494,250,244,475,231,244,1869,948,921,1110,743,367,2216,940,1276,1930,958,972,1529,767,762,783,398,385,422,145,277,26,19,7,298,205,93,401,191,210,33,28,5,290,126,164,9,4,5,69,33,36,351,163,188,16,12,4,275,125,150,8,3,5,52,23,29,50,28,22,17,16,1,15,1,14,1,1,0,17,10,7,1396,725,671
24,92,Tandur,Vikarabad,09,Bomraspeta,574927,0000,VILLAGE,Metlakunta,Rural,686,3523,1783,1740,477,271,206,62,34,28,1704,857,847,1339,818,521,2184,965,1219,2012,1032,980,1799,966,833,1238,738,500,295,79,216,39,17,22,227,132,95,213,66,147,7,4,3,120,21,99,12,3,9,74,38,36,198,57,141,7,4,3,119,21,98,11,3,8,61,29,32,15,9,6,0,0,0,1,0,1,1,0,1,13,9,4,1511,751,760
24,92,Tandur,Vikarabad,09,Bomraspeta,574928,0000,VILLAGE,Namdarpur,Rural,385,1974,981,993,258,132,126,352,168,184,610,292,318,774,472,302,1200,509,691,1079,548,531,1031,531,500,254,220,34,597,184,413,8,6,2,172,121,51,48,17,31,0,0,0,35,10,25,0,0,0,13,7,6,43,14,29,0,0,0,32,8,24,0,0,0,11,6,5,5,3,2,0,0,0,3,2,1,0,0,0,2,1,1,895,433,462
24,92,Tandur,Vikarabad,09,Bomraspeta,574929,0000,VILLAGE,Lingampalle,Rural,199,1006,510,496,110,58,52,182,87,95,4,2,2,462,277,185,544,233,311,624,301,323,611,293,318,367,176,191,240,116,124,1,0,1,3,1,2,13,8,5,2,1,1,6,4,2,3,2,1,2,1,1,9,5,4,1,0,1,6,4,2,0,0,0,2,1,1,4,3,1,1,1,0,0,0,0,3,2,1,0,0,0,382,209,173
24,92,Tandur,Vikarabad,09,Bomraspeta,574930,0000,VILLAGE,Nagireddipalli,Rural,110,624,315,309,92,45,47,0,0,0,0,0,0,274,165,109,350,150,200,320,182,138,313,181,132,197,102,95,28,10,18,4,4,0,84,65,19,7,1,6,2,1,1,3,0,3,0,0,0,2,0,2,3,1,2,1,1,0,1,0,1,0,0,0,1,0,1,4,0,4,1,0,1,2,0,2,0,0,0,1,0,1,304,133,171
24,92,Tandur,Vikarabad,09,Bomraspeta,574933,0000,VILLAGE,Regadmailwar,Rural,693,3410,1725,1685,526,273,253,722,364,358,1142,590,552,1268,816,452,2142,909,1233,1816,921,895,1496,785,711,565,433,132,566,126,440,55,34,21,310,192,118,320,136,184,111,51,60,168,62,106,6,2,4,35,21,14,311,132,179,107,49,58,166,61,105,5,2,3,33,20,13,9,4,5,4,2,2,2,1,1,1,0,1,2,1,1,1594,804,790
24,92,Tandur,Vikarabad,20,Dudyal,574934,0000,VILLAGE,Nazkhanpalle,Rural,130,609,298,311,85,40,45,248,128,120,18,8,10,227,131,96,382,167,215,343,161,182,323,151,172,103,101,2,178,16,162,4,2,2,38,32,6,20,10,10,3,3,0,8,0,8,1,1,0,8,6,2,20,10,10,3,3,0,8,0,8,1,1,0,8,6,2,0,0,0,0,0,0,0,0,0,0,0,0,0,0,0,266,137,129
24,92,Tandur,Vikarabad,20,Dudyal,574935,0000,VILLAGE,Chilmalmailwar,Rural,545,3046,1524,1522,443,227,216,379,182,197,1666,837,829,1068,681,387,1978,843,1135,1686,833,853,1652,820,832,864,453,411,499,176,323,28,21,7,261,170,91,34,13,21,7,4,3,15,3,12,1,1,0,11,5,6,32,12,20,7,4,3,15,3,12,0,0,0,10,5,5,2,1,1,0,0,0,0,0,0,1,1,0,1,0,1,1360,691,669
24,92,Tandur,Vikarabad,20,Dudyal,574936,0000,VILLAGE,Amsanpalle,Rural,108,506,255,251,72,30,42,48,23,25,91,48,43,197,127,70,309,128,181,319,160,159,318,159,159,309,154,155,7,3,4,0,0,0,2,2,0,1,1,0,1,1,0,0,0,0,0,0,0,0,0,0,1,1,0,1,1,0,0,0,0,0,0,0,0,0,0,0,0,0,0,0,0,0,0,0,0,0,0,0,0,0,187,95,92
24,92,Tandur,Vikarabad,09,Bomraspeta,574937,0000,VILLAGE,Chowdarpalle,Rural,336,1753,861,892,267,135,132,258,125,133,0,0,0,538,316,222,1215,545,670,987,501,486,977,496,481,676,365,311,233,76,157,0,0,0,68,55,13,10,5,5,4,2,2,3,2,1,0,0,0,3,1,2,7,4,3,2,1,1,3,2,1,0,0,0,2,1,1,3,1,2,2,1,1,0,0,0,0,0,0,1,0,1,766,360,406
24,92,Tandur,Vikarabad,09,Bomraspeta,574938,0000,VILLAGE,Erupumalla,Rural,627,3160,1597,1563,433,235,198,447,221,226,1447,741,706,1223,746,477,1937,851,1086,1760,862,898,1402,822,580,1002,673,329,262,59,203,16,6,10,122,84,38,358,40,318,21,9,12,321,22,299,2,1,1,14,8,6,352,38,314,21,9,12,318,22,296,0,0,0,13,7,6,6,2,4,0,0,0,3,0,3,2,1,1,1,1,0,1400,735,665
24,92,Tandur,Vikarabad,20,Dudyal,574939,0000,VILLAGE,Gouraram,Rural,289,1485,759,726,176,92,84,275,135,140,433,233,200,867,513,354,618,246,372,607,391,216,551,350,201,305,227,78,184,83,101,1,0,1,61,40,21,56,41,15,2,1,1,28,16,12,3,3,0,23,21,2,56,41,15,2,1,1,28,16,12,3,3,0,23,21,2,0,0,0,0,0,0,0,0,0,0,0,0,0,0,0,878,368,510
24,92,Tandur,Vikarabad,20,Dudyal,574940,0000,VILLAGE,Dudyal,Rural,1031,5469,2723,2746,789,405,384,1124,557,567,401,196,205,2422,1478,944,3047,1245,1802,2886,1500,1386,2667,1432,1235,1632,950,682,549,148,401,106,41,65,380,293,87,219,68,151,26,18,8,164,32,132,4,2,2,25,16,9,159,50,109,20,15,5,116,18,98,3,2,1,20,15,5,60,18,42,6,3,3,48,14,34,1,0,1,5,1,4,2583,1223,1360
24,92,Tandur,Vikarabad,20,Dudyal,574941,0000,VILLAGE,Lagcherla,Rural,371,2092,1063,1029,259,130,129,206,108,98,706,363,343,829,529,300,1263,534,729,1185,612,573,1005,553,452,577,416,161,344,82,262,9,5,4,75,50,25,180,59,121,5,1,4,112,7,105,8,8,0,55,43,12,174,55,119,5,1,4,111,7,104,7,7,0,51,40,11,6,4,2,0,0,0,1,0,1,1,1,0,4,3,1,907,451,456
24,92,Tandur,Vikarabad,20,Dudyal,574942,0000,VILLAGE,Erlapalle,Rural,259,1240,619,621,173,96,77,120,58,62,558,277,281,501,301,200,739,318,421,657,341,316,641,339,302,333,218,115,249,84,165,0,0,0,59,37,22,16,2,14,3,1,2,10,1,9,0,0,0,3,0,3,13,1,12,2,0,2,9,1,8,0,0,0,2,0,2,3,1,2,1,1,0,1,0,1,0,0,0,1,0,1,583,278,305
24,92,Tandur,Vikarabad,20,Dudyal,574943,0000,VILLAGE,Hakimpeta,Rural,410,1965,988,977,262,135,127,245,118,127,5,2,3,957,600,357,1008,388,620,1012,519,493,742,405,337,353,209,144,207,70,137,8,2,6,174,124,50,270,114,156,20,11,9,224,90,134,4,1,3,22,12,10,255,108,147,19,10,9,215,88,127,3,1,2,18,9,9,15,6,9,1,1,0,9,2,7,1,0,1,4,3,1,953,469,484
24,92,Tandur,Vikarabad,20,Dudyal,574944,0000,VILLAGE,Polepalle,Rural,565,2761,1347,1414,395,202,193,658,314,344,178,92,86,1143,677,466,1618,670,948,1531,764,767,1298,743,555,857,504,353,275,122,153,11,5,6,155,112,43,233,21,212,27,3,24,195,16,179,0,0,0,11,2,9,233,21,212,27,3,24,195,16,179,0,0,0,11,2,9,0,0,0,0,0,0,0,0,0,0,0,0,0,0,0,1230,583,647
24,92,Tandur,Vikarabad,18,Doulatabad,574969,0000,VILLAGE,Chandrakal,Rural,416,2013,988,1025,214,108,106,589,286,303,1,1,0,1065,623,442,948,365,583,934,485,449,905,470,435,196,136,60,537,232,305,8,2,6,164,100,64,29,15,14,2,1,1,14,5,9,1,1,0,12,8,4,20,9,11,2,1,1,14,5,9,1,1,0,3,2,1,9,6,3,0,0,0,0,0,0,0,0,0,9,6,3,1079,503,576
24,92,Tandur,Vikarabad,18,Doulatabad,574970,0000,VILLAGE,Kuppagiri,Rural,261,1175,601,574,140,69,71,674,347,327,0,0,0,553,345,208,622,256,366,559,302,257,480,262,218,241,144,97,137,42,95,12,9,3,90,67,23,79,40,39,3,3,0,52,22,30,5,2,3,19,13,6,79,40,39,3,3,0,52,22,30,5,2,3,19,13,6,0,0,0,0,0,0,0,0,0,0,0,0,0,0,0,616,299,317
24,92,Tandur,Vikarabad,18,Doulatabad,574971,0000,VILLAGE,Matoor,Rural,403,2009,1021,988,261,149,112,693,349,344,27,11,16,817,494,323,1192,527,665,1236,622,614,1178,598,580,462,247,215,503,238,265,40,12,28,173,101,72,58,24,34,4,2,2,28,10,18,17,5,12,9,7,2,53,21,32,4,2,2,23,7,16,17,5,12,9,7,2,5,3,2,0,0,0,5,3,2,0,0,0,0,0,0,773,399,374
24,92,Tandur,Vikarabad,18,Doulatabad,574972,0000,VILLAGE,Neetur,Rural,549,2668,1331,1337,330,168,162,338,172,166,0,0,0,1152,675,477,1516,656,860,1546,786,760,1537,784,753,406,256,150,1058,471,587,9,6,3,64,51,13,9,2,7,0,0,0,4,0,4,0,0,0,5,2,3,9,2,7,0,0,0,4,0,4,0,0,0,5,2,3,0,0,0,0,0,0,0,0,0,0,0,0,0,0,0,1122,545,577
24,92,Tandur,Vikarabad,18,Doulatabad,574973,0000,VILLAGE,Kowdeed,Rural,141,690,332,358,76,47,29,203,92,111,21,10,11,278,164,114,412,168,244,441,199,242,439,199,240,115,82,33,297,103,194,0,0,0,27,14,13,2,0,2,2,0,2,0,0,0,0,0,0,0,0,0,2,0,2,2,0,2,0,0,0,0,0,0,0,0,0,0,0,0,0,0,0,0,0,0,0,0,0,0,0,0,249,133,116
24,92,Tandur,Vikarabad,18,Doulatabad,574974,0000,VILLAGE,Nandaram,Rural,248,954,472,482,122,66,56,217,105,112,0,0,0,502,305,197,452,167,285,458,258,200,401,235,166,279,176,103,81,29,52,8,4,4,33,26,7,57,23,34,19,7,12,19,5,14,4,2,2,15,9,6,49,19,30,14,5,9,16,3,13,4,2,2,15,9,6,8,4,4,5,2,3,3,2,1,0,0,0,0,0,0,496,214,282
24,92,Tandur,Vikarabad,20,Dudyal,574975,0000,VILLAGE,Kudrimalla,Rural,624,3118,1530,1588,356,189,167,179,87,92,231,110,121,1356,810,546,1762,720,1042,2041,1039,1002,1971,1016,955,888,586,302,644,161,483,6,4,2,433,265,168,70,23,47,8,3,5,49,13,36,0,0,0,13,7,6,68,23,45,8,3,5,47,13,34,0,0,0,13,7,6,2,0,2,0,0,0,2,0,2,0,0,0,0,0,0,1077,491,586
24,92,Tandur,Vikarabad,18,Doulatabad,574976,0000,VILLAGE,Saleempur,Rural,86,324,168,156,44,25,19,103,54,49,0,0,0,151,94,57,173,74,99,199,99,100,65,45,20,50,40,10,14,5,9,0,0,0,1,0,1,134,54,80,0,0,0,130,52,78,1,0,1,3,2,1,131,53,78,0,0,0,130,52,78,0,0,0,1,1,0,3,1,2,0,0,0,0,0,0,1,0,1,2,1,1,125,69,56
24,92,Tandur,Vikarabad,18,Doulatabad,574977,0000,VILLAGE,Suraipalle,Rural,232,1058,534,524,164,88,76,264,124,140,0,0,0,341,203,138,717,331,386,530,261,269,514,253,261,321,214,107,183,33,150,3,1,2,7,5,2,16,8,8,3,3,0,11,3,8,0,0,0,2,2,0,13,6,7,3,3,0,9,2,7,0,0,0,1,1,0,3,2,1,0,0,0,2,1,1,0,0,0,1,1,0,528,273,255
24,92,Tandur,Vikarabad,18,Doulatabad,574978,0000,VILLAGE,Imdapur,Rural,297,1324,657,667,198,98,100,325,155,170,265,144,121,585,380,205,739,277,462,810,387,423,554,298,256,353,225,128,139,41,98,13,5,8,49,27,22,256,89,167,6,3,3,210,72,138,4,0,4,36,14,22,254,88,166,6,3,3,208,71,137,4,0,4,36,14,22,2,1,1,0,0,0,2,1,1,0,0,0,0,0,0,514,270,244
24,92,Tandur,Vikarabad,18,Doulatabad,574979,0000,VILLAGE,Yamki,Rural,144,914,464,450,130,73,57,129,59,70,114,55,59,279,183,96,635,281,354,518,245,273,433,222,211,281,192,89,150,28,122,0,0,0,2,2,0,85,23,62,24,11,13,59,12,47,0,0,0,2,0,2,83,22,61,23,11,12,58,11,47,0,0,0,2,0,2,2,1,1,1,0,1,1,1,0,0,0,0,0,0,0,396,219,177
24,92,Tandur,Vikarabad,18,Doulatabad,574980,0000,VILLAGE,Doulatabad,Rural,1598,8170,4025,4145,1157,581,576,1203,595,608,180,92,88,2817,1716,1101,5353,2309,3044,4662,2336,2326,3369,1792,1577,1461,907,554,1279,509,770,121,62,59,508,314,194,1293,544,749,89,56,33,924,365,559,101,30,71,179,93,86,1141,483,658,84,53,31,817,322,495,88,26,62,152,82,70,152,61,91,5,3,2,107,43,64,13,4,9,27,11,16,3508,1689,1819
24,92,Tandur,Vikarabad,18,Doulatabad,574981,0000,VILLAGE,Bichal,Rural,539,2587,1260,1327,367,186,181,360,176,184,169,83,86,944,575,369,1643,685,958,1487,733,754,1295,701,594,665,463,202,467,116,351,29,18,11,134,104,30,192,32,160,31,5,26,157,24,133,0,0,0,4,3,1,174,25,149,31,5,26,139,17,122,0,0,0,4,3,1,18,7,11,0,0,0,18,7,11,0,0,0,0,0,0,1100,527,573
24,92,Tandur,Vikarabad,18,Doulatabad,574982,0000,VILLAGE,Anthwar,Rural,365,1897,953,944,245,124,121,369,188,181,0,0,0,794,494,300,1103,459,644,1058,527,531,897,490,407,742,413,329,86,31,55,12,9,3,57,37,20,161,37,124,3,0,3,126,12,114,7,6,1,25,19,6,150,27,123,3,0,3,124,11,113,6,5,1,17,11,6,11,10,1,0,0,0,2,1,1,1,1,0,8,8,0,839,426,413
24,92,Tandur,Vikarabad,18,Doulatabad,574983,0000,VILLAGE,Balampeta,Rural,477,2286,1140,1146,271,139,132,198,95,103,10,3,7,973,607,366,1313,533,780,1236,654,582,982,592,390,535,359,176,174,51,123,125,65,60,148,117,31,254,62,192,19,3,16,199,36,163,13,10,3,23,13,10,238,49,189,19,3,16,189,29,160,9,6,3,21,11,10,16,13,3,0,0,0,10,7,3,4,4,0,2,2,0,1050,486,564
24,92,Tandur,Vikarabad,18,Doulatabad,574984,0000,VILLAGE,Gundepalle,Rural,248,1125,589,536,143,77,66,318,171,147,0,0,0,469,298,171,656,291,365,590,356,234,475,336,139,172,167,5,161,97,64,3,3,0,139,69,70,115,20,95,1,1,0,111,16,95,0,0,0,3,3,0,114,20,94,1,1,0,110,16,94,0,0,0,3,3,0,1,0,1,0,0,0,1,0,1,0,0,0,0,0,0,535,233,302
24,92,Tandur,Vikarabad,18,Doulatabad,574985,0000,VILLAGE,Allapur,Rural,246,1270,642,628,205,101,104,367,184,183,75,36,39,395,251,144,875,391,484,734,366,368,686,343,343,295,159,136,319,142,177,1,0,1,71,42,29,48,23,25,4,1,3,23,11,12,0,0,0,21,11,10,40,21,19,2,1,1,17,9,8,0,0,0,21,11,10,8,2,6,2,0,2,6,2,4,0,0,0,0,0,0,536,276,260
24,92,Tandur,Vikarabad,18,Doulatabad,574986,0000,VILLAGE,Thimmareddipalle,Rural,531,2525,1240,1285,364,181,183,381,183,198,198,94,104,909,562,347,1616,678,938,1695,830,865,1313,715,598,428,322,106,621,231,390,2,0,2,262,162,100,382,115,267,16,14,2,325,81,244,2,2,0,39,18,21,294,72,222,16,14,2,240,39,201,1,1,0,37,18,19,88,43,45,0,0,0,85,42,43,1,1,0,2,0,2,830,410,420
24,92,Tandur,Vikarabad,18,Doulatabad,574987,0000,VILLAGE,Sultanpur,Rural,340,1779,892,887,226,114,112,180,102,78,4,3,1,710,440,270,1069,452,617,926,482,444,922,480,442,412,235,177,460,209,251,7,7,0,43,29,14,4,2,2,0,0,0,4,2,2,0,0,0,0,0,0,3,1,2,0,0,0,3,1,2,0,0,0,0,0,0,1,1,0,0,0,0,1,1,0,0,0,0,0,0,0,853,410,443
24,92,Tandur,Vikarabad,18,Doulatabad,574988,0000,VILLAGE,Thirumalapur,Rural,78,373,193,180,58,31,27,100,52,48,0,0,0,136,89,47,237,104,133,203,107,96,86,83,3,76,76,0,4,3,1,0,0,0,6,4,2,117,24,93,8,8,0,95,8,87,0,0,0,14,8,6,116,24,92,8,8,0,94,8,86,0,0,0,14,8,6,1,0,1,0,0,0,1,0,1,0,0,0,0,0,0,170,86,84
24,92,Tandur,Vikarabad,18,Doulatabad,574989,0000,VILLAGE,Nagasar,Rural,175,879,427,452,126,77,49,275,139,136,220,106,114,326,196,130,553,231,322,533,237,296,452,202,250,51,25,26,363,156,207,1,1,0,37,20,17,81,35,46,2,1,1,22,10,12,0,0,0,57,24,33,80,34,46,1,0,1,22,10,12,0,0,0,57,24,33,1,1,0,1,1,0,0,0,0,0,0,0,0,0,0,346,190,156
24,92,Tandur,Vikarabad,18,Doulatabad,574990,0000,VILLAGE,Devarfaslawad,Rural,580,3263,1638,1625,536,283,253,349,156,193,1469,761,708,1056,670,386,2207,968,1239,1830,935,895,1736,899,837,558,483,75,945,259,686,9,3,6,224,154,70,94,36,58,5,2,3,49,8,41,0,0,0,40,26,14,90,36,54,4,2,2,48,8,40,0,0,0,38,26,12,4,0,4,1,0,1,1,0,1,0,0,0,2,0,2,1433,703,730
24,92,Tandur,Vikarabad,18,Doulatabad,574991,0000,VILLAGE,Polkampalle,Rural,303,1267,618,649,161,74,87,223,103,120,445,215,230,544,325,219,723,293,430,705,340,365,684,330,354,281,226,55,254,41,213,4,1,3,145,62,83,21,10,11,2,2,0,10,4,6,0,0,0,9,4,5,19,8,11,1,1,0,9,3,6,0,0,0,9,4,5,2,2,0,1,1,0,1,1,0,0,0,0,0,0,0,562,278,284
24,92,Tandur,Vikarabad,18,Doulatabad,574992,0000,VILLAGE,Gokafaslwad,Rural,886,4434,2231,2203,703,378,325,791,381,410,785,392,393,1647,1018,629,2787,1213,1574,2337,1257,1080,1337,798,539,660,405,255,376,156,220,17,13,4,284,224,60,1000,459,541,112,64,48,642,267,375,21,12,9,225,116,109,833,394,439,110,62,48,500,215,285,16,9,7,207,108,99,167,65,102,2,2,0,142,52,90,5,3,2,18,8,10,2097,974,1123
24,92,Tandur,Vikarabad,18,Doulatabad,574993,0000,VILLAGE,Erlapalle,Rural,319,1501,755,746,190,95,95,473,240,233,0,0,0,422,263,159,1079,492,587,859,436,423,498,318,180,434,276,158,18,7,11,2,1,1,44,34,10,361,118,243,10,2,8,322,98,224,2,1,1,27,17,10,358,118,240,9,2,7,320,98,222,2,1,1,27,17,10,3,0,3,1,0,1,2,0,2,0,0,0,0,0,0,642,319,323
24,92,Tandur,Vikarabad,18,Doulatabad,574994,0000,VILLAGE,Challapur,Rural,370,1894,955,939,259,129,130,125,60,65,33,15,18,715,453,262,1179,502,677,1055,550,505,687,376,311,435,262,173,155,48,107,48,31,17,49,35,14,368,174,194,5,0,5,347,165,182,2,0,2,14,9,5,367,174,193,4,0,4,347,165,182,2,0,2,14,9,5,1,0,1,1,0,1,0,0,0,0,0,0,0,0,0,839,405,434
24,92,Tandur,Vikarabad,15,Basheerabad,574503,0001,WARD,Navandgi (CT),Urban,1323,6711,3393,3318,856,455,401,844,420,424,881,446,435,3819,2177,1642,2892,1216,1676,3017,1783,1234,2001,1206,795,103,86,17,551,280,271,520,309,211,827,531,296,1016,577,439,9,9,0,207,91,116,17,7,10,783,470,313,800,457,343,9,9,0,191,85,106,10,4,6,590,359,231,216,120,96,0,0,0,16,6,10,7,3,4,193,111,82,3694,1610,2084
24,91,Vikarabad,Vikarabad,04,Vikarabad,802920,0001,WARD,Vicarabad (M),Urban,233,1274,624,650,156,84,72,495,253,242,0,0,0,731,401,330,543,223,320,614,322,292,157,86,71,120,68,52,8,3,5,0,0,0,29,15,14,457,236,221,3,1,2,437,225,212,4,4,0,13,6,7,440,229,211,3,1,2,422,219,203,4,4,0,11,5,6,17,7,10,0,0,0,15,6,9,0,0,0,2,1,1,660,302,358
24,92,Tandur,Vikarabad,14,Tandur,802921,0001,WARD,Tandur_M,Urban,3229,15963,8004,7959,2090,1066,1024,682,330,352,381,183,198,9648,5334,4314,6315,2670,3645,5503,3946,1557,4423,3453,970,253,179,74,326,201,125,215,144,71,3629,2929,700,1080,493,587,8,4,4,309,102,207,143,31,112,620,356,264,971,450,521,8,4,4,231,74,157,137,29,108,595,343,252,109,43,66,0,0,0,78,28,50,6,2,4,25,13,12,10460,4058,6402
24,91,Vikarabad,Vikarabad,04,Vikarabad,802920,0002,WARD,Vicarabad (M),Urban,661,3557,1778,1779,409,219,190,349,59,290,1321,745,576,2237,1219,1018,1320,559,761,1140,774,366,1068,723,345,204,102,102,145,61,84,10,10,0,709,550,159,72,51,21,2,2,0,45,33,12,5,2,3,20,14,6,28,15,13,1,1,0,13,7,6,1,0,1,13,7,6,44,36,8,1,1,0,32,26,6,4,2,2,7,7,0,2417,1004,1413
24,92,Tandur,Vikarabad,14,Tandur,802921,0002,WARD,Tandur_M,Urban,2046,10161,5123,5038,1299,686,613,402,191,211,317,69,248,6665,3510,3155,3496,1613,1883,3304,2595,709,2916,2341,575,177,148,29,334,192,142,50,42,8,2355,1959,396,388,254,134,8,5,3,55,19,36,26,18,8,299,212,87,365,240,125,8,5,3,54,19,35,26,18,8,277,198,79,23,14,9,0,0,0,1,0,1,0,0,0,22,14,8,6857,2528,4329
24,91,Vikarabad,Vikarabad,04,Vikarabad,802920,0003,WARD,Vicarabad (M),Urban,524,2565,1315,1250,309,165,144,287,153,134,20,12,8,1656,941,715,909,374,535,956,709,247,896,672,224,66,45,21,259,145,114,9,6,3,562,476,86,60,37,23,1,1,0,33,18,15,2,1,1,24,17,7,22,11,11,0,0,0,11,4,7,0,0,0,11,7,4,38,26,12,1,1,0,22,14,8,2,1,1,13,10,3,1609,606,1003
24,92,Tandur,Vikarabad,14,Tandur,802921,0003,WARD,Tandur_M,Urban,872,4340,2166,2174,562,286,276,206,104,102,70,32,38,3206,1709,1497,1134,457,677,1334,1071,263,1168,958,210,11,7,4,7,2,5,51,39,12,1099,910,189,166,113,53,1,1,0,6,5,1,9,3,6,150,104,46,158,110,48,1,1,0,6,5,1,7,2,5,144,102,42,8,3,5,0,0,0,0,0,0,2,1,1,6,2,4,3006,1095,1911
24,91,Vikarabad,Vikarabad,04,Vikarabad,802920,0004,WARD,Vicarabad (M),Urban,8711,40913,20521,20392,4627,2370,2257,6787,3279,3508,1026,520,506,29532,15963,13569,11381,4558,6823,13403,10007,3396,11772,9048,2724,593,464,129,849,443,406,352,206,146,9978,7935,2043,1631,959,672,28,18,10,646,337,309,78,46,32,879,558,321,1537,905,632,28,18,10,626,330,296,69,43,26,814,514,300,94,54,40,0,0,0,20,7,13,9,3,6,65,44,21,27510,10514,16996
24,92,Tandur,Vikarabad,14,Tandur,802921,0004,WARD,Tandur_M,Urban,982,4461,2255,2206,446,227,219,92,42,50,60,32,28,3286,1788,1498,1175,467,708,1465,1167,298,1291,1049,242,31,29,2,17,15,2,40,31,9,1203,974,229,174,118,56,4,2,2,31,30,1,36,32,4,103,54,49,147,96,51,4,2,2,26,25,1,27,24,3,90,45,45,27,22,5,0,0,0,5,5,0,9,8,1,13,9,4,2996,1088,1908
24,91,Vikarabad,Vikarabad,04,Vikarabad,802920,0005,WARD,Vicarabad (M),Urban,369,2128,867,1261,193,95,98,903,290,613,414,194,220,1304,560,744,824,307,517,872,473,399,407,239,168,77,39,38,166,71,95,6,4,2,158,125,33,465,234,231,1,1,0,397,192,205,2,2,0,65,39,26,463,233,230,1,1,0,396,192,204,2,2,0,64,38,26,2,1,1,0,0,0,1,0,1,0,0,0,1,1,0,1256,394,862
24,92,Tandur,Vikarabad,14,Tandur,802921,0005,WARD,Tandur_M,Urban,1332,6559,3251,3308,790,391,399,29,17,12,44,27,17,4522,2417,2105,2037,834,1203,2037,1686,351,1678,1459,219,37,34,3,28,16,12,58,48,10,1555,1361,194,359,227,132,4,3,1,51,35,16,27,20,7,277,169,108,303,183,120,4,3,1,50,34,16,22,16,6,227,130,97,56,44,12,0,0,0,1,1,0,5,4,1,50,39,11,4522,1565,2957
24,92,Tandur,Vikarabad,14,Tandur,802921,0006,WARD,Tandur_M,Urban,1520,7597,3779,3818,920,451,469,188,80,108,13,9,4,5450,2869,2581,2147,910,1237,2382,1895,487,2075,1717,358,32,28,4,43,34,9,70,32,38,1930,1623,307,307,178,129,4,1,3,49,23,26,19,7,12,235,147,88,237,142,95,4,1,3,48,22,26,12,4,8,173,115,58,70,36,34,0,0,0,1,1,0,7,3,4,62,32,30,5215,1884,3331
24,91,Vikarabad,Vikarabad,04,Vikarabad,802920,0007,WARD,Vicarabad (M),Urban,591,2706,1362,1344,308,161,147,867,420,447,66,33,33,1629,961,668,1077,401,676,1197,730,467,1016,637,379,251,133,118,325,149,176,17,13,4,423,342,81,181,93,88,7,4,3,98,42,56,14,6,8,62,41,21,180,93,87,7,4,3,97,42,55,14,6,8,62,41,21,1,0,1,0,0,0,1,0,1,0,0,0,0,0,0,1509,632,877
24,92,Tandur,Vikarabad,14,Tandur,802921,0007,WARD,Tandur_M,Urban,795,4105,2068,2037,425,212,213,358,175,183,66,37,29,3041,1616,1425,1064,452,612,1277,1011,266,1145,906,239,23,20,3,19,9,10,67,41,26,1036,836,200,132,105,27,6,4,2,6,4,2,2,0,2,118,97,21,120,96,24,6,4,2,6,4,2,1,0,1,107,88,19,12,9,3,0,0,0,0,0,0,1,0,1,11,9,2,2828,1057,1771
24,92,Tandur,Vikarabad,14,Tandur,802921,0008,WARD,Tandur_M,Urban,2440,11929,5949,5980,1306,678,628,1953,942,1011,77,39,38,7662,4197,3465,4267,1752,2515,4385,3059,1326,3810,2792,1018,116,96,20,422,262,160,115,60,55,3157,2374,783,575,267,308,12,5,7,123,43,80,100,33,67,340,186,154,442,215,227,8,4,4,94,36,58,42,19,23,298,156,142,133,52,81,4,1,3,29,7,22,58,14,44,42,30,12,7544,2890,4654