DISTRICT_CODE,DIVISION_CODE,DIVISION_NAME,Name_District,Mandal_Code,Name_Mandal,Village_Code,Ward,Level1,VName,TRU,No_HH,TOT_P,TOT_M,TOT_F,P_06,M_06,F_06,P_SC,M_SC,F_SC,P_ST,M_ST,F_ST,P_LIT,M_LIT,F_LIT,P_ILL,M_ILL,F_ILL,TOT_WORK_P,TOT_WORK_M,TOT_WORK_F,MAINWORK_P,MAINWORK_M,MAINWORK_F,MAIN_CL_P,MAIN_CL_M,MAIN_CL_F,MAIN_AL_P,MAIN_AL_M,MAIN_AL_F,MAIN_HH_P,MAIN_HH_M,MAIN_HH_F,MAIN_OT_P,MAIN_OT_M,MAIN_OT_F,MARGWORK_P,MARGWORK_M,MARGWORK_F,MARG_CL_P,MARG_CL_M,MARG_CL_F,MARG_AL_P,MARG_AL_M,MARG_AL_F,MARG_HH_P,MARG_HH_M,MARG_HH_F,MARG_OT_P,MARG_OT_M,MARG_OT_F,MARGWORK_3_6_P,MARGWORK_3_6_M,MARGWORK_3_6_F,MARG_CL_3_6_P,MARG_CL_3_6_M,MARG_CL_3_6_F,MARG_AL_3_6_P,MARG_AL_3_6_M,MARG_AL_3_6_F,MARG_HH_3_6_P,MARG_HH_3_6_M,MARG_HH_3_6_F,MARG_OT_3_6_P,MARG_OT_3_6_M,MARG_OT_3_6_F,MARGWORK_0_3_P,MARGWORK_0_3_M,MARGWORK_0_3_F,MARG_CL_0_3_P,MARG_CL_0_3_M,MARG_CL_0_3_F,MARG_AL_0_3_P,MARG_AL_0_3_M,MARG_AL_0_3_F,MARG_HH_0_3_P,MARG_HH_0_3_M,MARG_HH_0_3_F,MARG_OT_0_3_P,MARG_OT_0_3_M,MARG_OT_0_3_F,NON_WORK_P,NON_WORK_M,NON_WORK_F
20,91,Bhongiri,Yadadri Bhuvanagiri,07,Bommalaramaram,576452,0000,VILLAGE,Thimma Puram,Rural,399,1647,850,797,206,107,99,139,65,74,381,195,186,814,484,330,833,366,467,955,488,467,320,253,67,137,130,7,80,41,39,8,6,2,95,76,19,635,235,400,34,21,13,552,198,354,3,1,2,46,15,31,632,234,398,34,21,13,550,197,353,2,1,1,46,15,31,3,1,2,0,0,0,2,1,1,1,0,1,0,0,0,692,362,330
20,91,Bhongiri,Yadadri Bhuvanagiri,07,Bommalaramaram,576453,0000,VILLAGE,Boinpalle,Rural,133,584,289,295,108,53,55,30,18,12,487,241,246,224,139,85,360,150,210,299,154,145,215,128,87,45,43,2,58,5,53,1,0,1,111,80,31,84,26,58,6,3,3,23,1,22,0,0,0,55,22,33,82,26,56,6,3,3,22,1,21,0,0,0,54,22,32,2,0,2,0,0,0,1,0,1,0,0,0,1,0,1,285,135,150
20,91,Bhongiri,Yadadri Bhuvanagiri,07,Bommalaramaram,576454,0000,VILLAGE,Somajipalle,Rural,38,166,84,82,20,9,11,0,0,0,165,84,81,59,35,24,107,49,58,89,43,46,89,43,46,0,0,0,88,43,45,0,0,0,1,0,1,0,0,0,0,0,0,0,0,0,0,0,0,0,0,0,0,0,0,0,0,0,0,0,0,0,0,0,0,0,0,0,0,0,0,0,0,0,0,0,0,0,0,0,0,0,77,41,36
20,91,Bhongiri,Yadadri Bhuvanagiri,07,Bommalaramaram,576455,0000,VILLAGE,Muneerabad,Rural,104,414,198,216,60,35,25,69,30,39,50,27,23,199,109,90,215,89,126,240,123,117,239,123,116,139,74,65,96,46,50,0,0,0,4,3,1,1,0,1,1,0,1,0,0,0,0,0,0,0,0,0,1,0,1,1,0,1,0,0,0,0,0,0,0,0,0,0,0,0,0,0,0,0,0,0,0,0,0,0,0,0,174,75,99
20,91,Bhongiri,Yadadri Bhuvanagiri,07,Bommalaramaram,576456,0000,VILLAGE,Bandakadi Palle,Rural,104,383,177,206,36,13,23,55,27,28,5,2,3,234,129,105,149,48,101,211,122,89,159,110,49,45,33,12,32,17,15,22,16,6,60,44,16,52,12,40,3,0,3,29,1,28,10,7,3,10,4,6,46,12,34,3,0,3,26,1,25,9,7,2,8,4,4,6,0,6,0,0,0,3,0,3,1,0,1,2,0,2,172,55,117
20,91,Bhongiri,Yadadri Bhuvanagiri,07,Bommalaramaram,576457,0000,VILLAGE,Thumakunta,Rural,295,1166,580,586,148,72,76,444,222,222,13,6,7,581,335,246,585,245,340,579,346,233,555,333,222,56,41,15,199,48,151,2,2,0,298,242,56,24,13,11,1,1,0,14,5,9,0,0,0,9,7,2,16,9,7,1,1,0,9,4,5,0,0,0,6,4,2,8,4,4,0,0,0,5,1,4,0,0,0,3,3,0,587,234,353
20,91,Bhongiri,Yadadri Bhuvanagiri,07,Bommalaramaram,576458,0000,VILLAGE,Jalalpur,Rural,448,1690,840,850,180,103,77,509,255,254,22,10,12,982,569,413,708,271,437,914,523,391,709,464,245,101,74,27,204,110,94,149,59,90,255,221,34,205,59,146,9,4,5,148,32,116,15,2,13,33,21,12,166,44,122,9,4,5,122,24,98,11,1,10,24,15,9,39,15,24,0,0,0,26,8,18,4,1,3,9,6,3,776,317,459
20,91,Bhongiri,Yadadri Bhuvanagiri,07,Bommalaramaram,576459,0000,VILLAGE,Pyararam,Rural,380,1496,766,730,153,85,68,196,108,88,302,163,139,728,428,300,768,338,430,904,468,436,876,461,415,176,97,79,571,288,283,6,2,4,123,74,49,28,7,21,7,1,6,20,6,14,0,0,0,1,0,1,28,7,21,7,1,6,20,6,14,0,0,0,1,0,1,0,0,0,0,0,0,0,0,0,0,0,0,0,0,0,592,298,294
20,91,Bhongiri,Yadadri Bhuvanagiri,07,Bommalaramaram,576460,0000,VILLAGE,Solipeta,Rural,247,1000,492,508,92,44,48,181,92,89,173,88,85,488,299,189,512,193,319,473,259,214,201,141,60,42,37,5,93,45,48,2,2,0,64,57,7,272,118,154,12,9,3,178,68,110,6,2,4,76,39,37,249,110,139,11,8,3,157,62,95,6,2,4,75,38,37,23,8,15,1,1,0,21,6,15,0,0,0,1,1,0,527,233,294
20,91,Bhongiri,Yadadri Bhuvanagiri,07,Bommalaramaram,576461,0000,VILLAGE,Cheekati Mamidi,Rural,1290,5777,2943,2834,834,422,412,274,134,140,3161,1642,1519,2460,1524,936,3317,1419,1898,3182,1656,1526,2280,1373,907,274,253,21,934,397,537,14,6,8,1058,717,341,902,283,619,42,17,25,715,203,512,7,0,7,138,63,75,482,144,338,36,15,21,312,72,240,7,0,7,127,57,70,420,139,281,6,2,4,403,131,272,0,0,0,11,6,5,2595,1287,1308
20,91,Bhongiri,Yadadri Bhuvanagiri,07,Bommalaramaram,576462,0000,VILLAGE,Maryala,Rural,1652,7129,3646,3483,868,461,407,892,458,434,2944,1515,1429,3578,2153,1425,3551,1493,2058,3926,2103,1823,3304,1955,1349,1036,721,315,1353,554,799,53,29,24,862,651,211,622,148,474,39,16,23,424,44,380,1,1,0,158,87,71,534,130,404,37,15,22,367,38,329,0,0,0,130,77,53,88,18,70,2,1,1,57,6,51,1,1,0,28,10,18,3203,1543,1660
20,91,Bhongiri,Yadadri Bhuvanagiri,07,Bommalaramaram,576463,0000,VILLAGE,Malyal,Rural,285,1209,628,581,159,96,63,306,168,138,0,0,0,655,414,241,554,214,340,619,350,269,413,309,104,98,75,23,104,64,40,0,0,0,211,170,41,206,41,165,1,0,1,122,24,98,57,2,55,26,15,11,177,38,139,1,0,1,117,23,94,38,1,37,21,14,7,29,3,26,0,0,0,5,1,4,19,1,18,5,1,4,590,278,312
20,91,Bhongiri,Yadadri Bhuvanagiri,07,Bommalaramaram,576464,0000,VILLAGE,Yavapur,Rural,108,450,239,211,63,34,29,3,3,0,369,192,177,206,135,71,244,104,140,227,119,108,159,97,62,38,28,10,44,14,30,2,1,1,75,54,21,68,22,46,6,3,3,46,8,38,0,0,0,16,11,5,49,15,34,3,2,1,37,6,31,0,0,0,9,7,2,19,7,12,3,1,2,9,2,7,0,0,0,7,4,3,223,120,103
20,91,Bhongiri,Yadadri Bhuvanagiri,07,Bommalaramaram,576465,0000,VILLAGE,Rangapuram,Rural,191,704,347,357,79,44,35,72,33,39,0,0,0,397,224,173,307,123,184,436,224,212,72,43,29,54,32,22,7,3,4,1,1,0,10,7,3,364,181,183,3,2,1,314,139,175,2,1,1,45,39,6,364,181,183,3,2,1,314,139,175,2,1,1,45,39,6,0,0,0,0,0,0,0,0,0,0,0,0,0,0,0,268,123,145
20,91,Bhongiri,Yadadri Bhuvanagiri,07,Bommalaramaram,576466,0000,VILLAGE,Ramlingampalle,Rural,350,1383,683,700,155,72,83,287,142,145,0,0,0,759,452,307,624,231,393,667,407,260,635,392,243,77,64,13,249,92,157,7,4,3,302,232,70,32,15,17,1,1,0,19,5,14,0,0,0,12,9,3,32,15,17,1,1,0,19,5,14,0,0,0,12,9,3,0,0,0,0,0,0,0,0,0,0,0,0,0,0,0,716,276,440
20,91,Bhongiri,Yadadri Bhuvanagiri,07,Bommalaramaram,576467,0000,VILLAGE,Pedda Parvathapur,Rural,220,1033,527,506,106,61,45,141,72,69,53,30,23,597,340,257,436,187,249,536,296,240,532,293,239,354,175,179,84,45,39,4,2,2,90,71,19,4,3,1,3,2,1,0,0,0,0,0,0,1,1,0,4,3,1,3,2,1,0,0,0,0,0,0,1,1,0,0,0,0,0,0,0,0,0,0,0,0,0,0,0,0,497,231,266
20,91,Bhongiri,Yadadri Bhuvanagiri,07,Bommalaramaram,576468,0000,VILLAGE,Bommalaramaram,Rural,724,3080,1483,1597,292,148,144,457,208,249,72,22,50,1899,1044,855,1181,439,742,1479,844,635,1400,821,579,271,182,89,421,155,266,34,17,17,674,467,207,79,23,56,24,9,15,29,5,24,2,0,2,24,9,15,76,22,54,24,9,15,28,4,24,1,0,1,23,9,14,3,1,2,0,0,0,1,1,0,1,0,1,1,0,1,1601,639,962
20,91,Bhongiri,Yadadri Bhuvanagiri,07,Bommalaramaram,576469,0000,VILLAGE,Thirumalagiri,Rural,167,752,385,367,115,56,59,36,15,21,635,328,307,301,189,112,451,196,255,391,208,183,381,208,173,63,42,21,227,90,137,0,0,0,91,76,15,10,0,10,0,0,0,6,0,6,0,0,0,4,0,4,6,0,6,0,0,0,4,0,4,0,0,0,2,0,2,4,0,4,0,0,0,2,0,2,0,0,0,2,0,2,361,177,184
20,91,Bhongiri,Yadadri Bhuvanagiri,07,Bommalaramaram,576470,0000,VILLAGE,Naginenipalle,Rural,481,1922,980,942,244,130,114,201,106,95,13,6,7,1046,602,444,876,378,498,946,563,383,615,409,206,142,104,38,180,53,127,11,7,4,282,245,37,331,154,177,18,5,13,194,48,146,7,3,4,112,98,14,307,142,165,18,5,13,182,46,136,6,3,3,101,88,13,24,12,12,0,0,0,12,2,10,1,0,1,11,10,1,976,417,559
20,91,Bhongiri,Yadadri Bhuvanagiri,07,Bommalaramaram,576471,0000,VILLAGE,Masireddipalle,Rural,158,519,240,279,59,28,31,106,49,57,0,0,0,265,146,119,254,94,160,270,132,138,110,65,45,15,9,6,69,40,29,0,0,0,26,16,10,160,67,93,37,19,18,109,38,71,4,2,2,10,8,2,157,66,91,37,19,18,107,38,69,4,2,2,9,7,2,3,1,2,0,0,0,2,0,2,0,0,0,1,1,0,249,108,141
20,91,Bhongiri,Yadadri Bhuvanagiri,07,Bommalaramaram,576472,0000,VILLAGE,Hazipur,Rural,292,1118,567,551,112,57,55,216,116,100,46,24,22,648,406,242,470,161,309,692,377,315,692,377,315,226,113,113,229,79,150,10,5,5,227,180,47,0,0,0,0,0,0,0,0,0,0,0,0,0,0,0,0,0,0,0,0,0,0,0,0,0,0,0,0,0,0,0,0,0,0,0,0,0,0,0,0,0,0,0,0,0,426,190,236
20,91,Bhongiri,Yadadri Bhuvanagiri,07,Bommalaramaram,576473,0000,VILLAGE,Mailaram,Rural,388,1601,816,785,174,91,83,129,68,61,660,341,319,734,444,290,867,372,495,991,520,471,939,494,445,181,109,72,498,236,262,1,0,1,259,149,110,52,26,26,1,0,1,4,1,3,0,0,0,47,25,22,51,25,26,1,0,1,4,1,3,0,0,0,46,24,22,1,1,0,0,0,0,0,0,0,0,0,0,1,1,0,610,296,314
20,91,Bhongiri,Yadadri Bhuvanagiri,07,Bommalaramaram,576474,0000,VILLAGE,Medipalle,Rural,497,2025,1017,1008,199,93,106,375,186,189,9,5,4,1201,721,480,824,296,528,1036,594,442,693,480,213,123,106,17,222,84,138,6,4,2,342,286,56,343,114,229,5,3,2,237,28,209,0,0,0,101,83,18,327,109,218,3,2,1,228,27,201,0,0,0,96,80,16,16,5,11,2,1,1,9,1,8,0,0,0,5,3,2,989,423,566
20,91,Bhongiri,Yadadri Bhuvanagiri,01,Turkapalle_M,576475,0000,VILLAGE,Gopalpuram,Rural,243,1125,583,542,144,71,73,44,22,22,0,0,0,529,317,212,596,266,330,490,335,155,288,261,27,67,66,1,153,137,16,2,2,0,66,56,10,202,74,128,10,7,3,182,61,121,0,0,0,10,6,4,202,74,128,10,7,3,182,61,121,0,0,0,10,6,4,0,0,0,0,0,0,0,0,0,0,0,0,0,0,0,635,248,387
20,91,Bhongiri,Yadadri Bhuvanagiri,01,Turkapalle_M,576476,0000,VILLAGE,Kondapur,Rural,246,1171,599,572,141,66,75,213,116,97,0,0,0,763,445,318,408,154,254,680,358,322,146,139,7,130,127,3,10,7,3,1,1,0,5,4,1,534,219,315,12,6,6,516,208,308,4,3,1,2,2,0,530,217,313,12,6,6,513,207,306,4,3,1,1,1,0,4,2,2,0,0,0,3,1,2,0,0,0,1,1,0,491,241,250
20,91,Bhongiri,Yadadri Bhuvanagiri,01,Turkapalle_M,576477,0000,VILLAGE,Srinivaspur,Rural,50,273,135,138,31,20,11,0,0,0,0,0,0,147,81,66,126,54,72,139,71,68,38,35,3,31,28,3,6,6,0,0,0,0,1,1,0,101,36,65,2,2,0,99,34,65,0,0,0,0,0,0,101,36,65,2,2,0,99,34,65,0,0,0,0,0,0,0,0,0,0,0,0,0,0,0,0,0,0,0,0,0,134,64,70
20,91,Bhongiri,Yadadri Bhuvanagiri,01,Turkapalle_M,576478,0000,VILLAGE,Tirumalapur,Rural,313,1203,594,609,130,64,66,137,69,68,2,1,1,624,362,262,579,232,347,597,323,274,461,304,157,186,131,55,160,77,83,4,3,1,111,93,18,136,19,117,25,4,21,93,14,79,8,0,8,10,1,9,125,15,110,23,2,21,84,12,72,8,0,8,10,1,9,11,4,7,2,2,0,9,2,7,0,0,0,0,0,0,606,271,335
20,91,Bhongiri,Yadadri Bhuvanagiri,01,Turkapalle_M,576479,0000,VILLAGE,Veerareddi Palle,Rural,435,1835,899,936,174,97,77,237,115,122,4,2,2,935,543,392,900,356,544,937,501,436,913,493,420,281,201,80,495,192,303,6,6,0,131,94,37,24,8,16,3,0,3,8,1,7,2,1,1,11,6,5,21,6,15,3,0,3,7,0,7,0,0,0,11,6,5,3,2,1,0,0,0,1,1,0,2,1,1,0,0,0,898,398,500
20,91,Bhongiri,Yadadri Bhuvanagiri,01,Turkapalle_M,576480,0000,VILLAGE,Gandamalla,Rural,729,2958,1459,1499,308,152,156,319,157,162,0,0,0,1468,823,645,1490,636,854,1637,849,788,1533,831,702,817,467,350,554,243,311,13,6,7,149,115,34,104,18,86,13,6,7,87,11,76,0,0,0,4,1,3,100,16,84,12,5,7,84,10,74,0,0,0,4,1,3,4,2,2,1,1,0,3,1,2,0,0,0,0,0,0,1321,610,711
20,91,Bhongiri,Yadadri Bhuvanagiri,01,Turkapalle_M,576481,0000,VILLAGE,Konapur,Rural,185,718,376,342,87,45,42,14,7,7,194,101,93,278,170,108,440,206,234,396,215,181,336,208,128,78,56,22,234,130,104,5,5,0,19,17,2,60,7,53,3,1,2,52,4,48,0,0,0,5,2,3,59,7,52,3,1,2,52,4,48,0,0,0,4,2,2,1,0,1,0,0,0,0,0,0,0,0,0,1,0,1,322,161,161
20,91,Bhongiri,Yadadri Bhuvanagiri,01,Turkapalle_M,576482,0000,VILLAGE,Ibrahimpuram,Rural,307,1119,558,561,98,52,46,309,152,157,0,0,0,592,361,231,527,197,330,585,310,275,393,242,151,141,97,44,89,25,64,19,9,10,144,111,33,192,68,124,3,2,1,180,61,119,6,4,2,3,1,2,181,68,113,3,2,1,169,61,108,6,4,2,3,1,2,11,0,11,0,0,0,11,0,11,0,0,0,0,0,0,534,248,286
20,91,Bhongiri,Yadadri Bhuvanagiri,01,Turkapalle_M,576483,0000,VILLAGE,Dattaipalle,Rural,358,1397,712,685,142,79,63,249,130,119,0,0,0,868,494,374,529,218,311,704,380,324,589,343,246,109,89,20,297,116,181,4,2,2,179,136,43,115,37,78,6,2,4,76,10,66,1,1,0,32,24,8,98,32,66,6,2,4,64,9,55,1,1,0,27,20,7,17,5,12,0,0,0,12,1,11,0,0,0,5,4,1,693,332,361
20,91,Bhongiri,Yadadri Bhuvanagiri,01,Turkapalle_M,576484,0000,VILLAGE,Mannevari Turkapalle,Rural,615,2571,1282,1289,305,157,148,445,218,227,8,2,6,1550,902,648,1021,380,641,1133,704,429,924,633,291,202,183,19,350,142,208,33,28,5,339,280,59,209,71,138,27,8,19,112,21,91,14,3,11,56,39,17,199,70,129,25,8,17,105,20,85,13,3,10,56,39,17,10,1,9,2,0,2,7,1,6,1,0,1,0,0,0,1438,578,860
20,91,Bhongiri,Yadadri Bhuvanagiri,01,Turkapalle_M,576485,0000,VILLAGE,VasalaMarri,Rural,459,1763,871,892,162,77,85,249,118,131,128,66,62,930,549,381,833,322,511,874,492,382,779,449,330,197,142,55,431,183,248,12,4,8,139,120,19,95,43,52,21,9,12,35,9,26,5,0,5,34,25,9,66,31,35,16,8,8,24,8,16,4,0,4,22,15,7,29,12,17,5,1,4,11,1,10,1,0,1,12,10,2,889,379,510
20,91,Bhongiri,Yadadri Bhuvanagiri,01,Turkapalle_M,576486,0000,VILLAGE,Malka Puram,Rural,394,1722,901,821,249,143,106,149,73,76,1141,600,541,868,509,359,854,392,462,850,441,409,668,416,252,197,175,22,375,164,211,9,6,3,87,71,16,182,25,157,9,9,0,163,11,152,1,0,1,9,5,4,175,22,153,9,9,0,159,10,149,1,0,1,6,3,3,7,3,4,0,0,0,4,1,3,0,0,0,3,2,1,872,460,412
20,91,Bhongiri,Yadadri Bhuvanagiri,01,Turkapalle_M,576487,0000,VILLAGE,China Laxma Puram,Rural,252,1134,565,569,143,69,74,150,80,70,262,137,125,728,401,327,406,164,242,524,313,211,457,285,172,121,99,22,260,146,114,6,4,2,70,36,34,67,28,39,3,1,2,56,22,34,1,1,0,7,4,3,65,28,37,3,1,2,54,22,32,1,1,0,7,4,3,2,0,2,0,0,0,2,0,2,0,0,0,0,0,0,610,252,358
20,91,Bhongiri,Yadadri Bhuvanagiri,01,Turkapalle_M,576488,0000,VILLAGE,Nagai Palle,Rural,280,1280,623,657,241,122,119,76,40,36,1026,501,525,427,244,183,853,379,474,612,320,292,19,18,1,11,10,1,0,0,0,0,0,0,8,8,0,593,302,291,0,0,0,582,293,289,4,2,2,7,7,0,593,302,291,0,0,0,582,293,289,4,2,2,7,7,0,0,0,0,0,0,0,0,0,0,0,0,0,0,0,0,668,303,365
20,91,Bhongiri,Yadadri Bhuvanagiri,01,Turkapalle_M,576489,0000,VILLAGE,Madha Puram,Rural,819,3400,1727,1673,371,190,181,488,246,242,292,150,142,1957,1166,791,1443,561,882,1543,896,647,1249,761,488,222,172,50,543,223,320,109,70,39,375,296,79,294,135,159,17,11,6,192,79,113,36,17,19,49,28,21,280,125,155,16,10,6,189,77,112,29,12,17,46,26,20,14,10,4,1,1,0,3,2,1,7,5,2,3,2,1,1857,831,1026
20,91,Bhongiri,Yadadri Bhuvanagiri,01,Turkapalle_M,576490,0000,VILLAGE,Dharmaram,Rural,229,1026,533,493,170,102,68,77,37,40,867,454,413,442,253,189,584,280,304,577,296,281,483,286,197,270,157,113,166,90,76,0,0,0,47,39,8,94,10,84,0,0,0,80,5,75,5,0,5,9,5,4,85,8,77,0,0,0,74,3,71,4,0,4,7,5,2,9,2,7,0,0,0,6,2,4,1,0,1,2,0,2,449,237,212
20,91,Bhongiri,Yadadri Bhuvanagiri,01,Turkapalle_M,576491,0000,VILLAGE,Mulakala pallle,Rural,459,2094,1074,1020,310,153,157,181,90,91,1288,661,627,864,553,311,1230,521,709,1075,563,512,986,544,442,210,174,36,646,262,384,13,10,3,117,98,19,89,19,70,4,1,3,84,18,66,0,0,0,1,0,1,88,19,69,4,1,3,83,18,65,0,0,0,1,0,1,1,0,1,0,0,0,1,0,1,0,0,0,0,0,0,1019,511,508
20,91,Bhongiri,Yadadri Bhuvanagiri,01,Turkapalle_M,576492,0000,VILLAGE,Palle Pahad,Rural,628,2643,1334,1309,338,164,174,253,131,122,1287,664,623,1119,693,426,1524,641,883,1221,685,536,919,604,315,347,328,19,411,143,268,4,3,1,157,130,27,302,81,221,3,2,1,274,60,214,1,0,1,24,19,5,292,80,212,3,2,1,265,60,205,1,0,1,23,18,5,10,1,9,0,0,0,9,0,9,0,0,0,1,1,0,1422,649,773
20,91,Bhongiri,Yadadri Bhuvanagiri,01,Turkapalle_M,576493,0000,VILLAGE,Rusta Puram,Rural,540,2392,1201,1191,300,154,146,239,117,122,1603,812,791,1059,623,436,1333,578,755,1217,639,578,1130,601,529,132,86,46,768,383,385,85,47,38,145,85,60,87,38,49,15,3,12,20,7,13,7,4,3,45,24,21,81,35,46,15,3,12,20,7,13,7,4,3,39,21,18,6,3,3,0,0,0,0,0,0,0,0,0,6,3,3,1175,562,613
20,91,Bhongiri,Yadadri Bhuvanagiri,01,Turkapalle_M,576494,0000,VILLAGE,Venkatapur,Rural,276,1176,581,595,136,71,65,199,91,108,153,79,74,693,392,301,483,189,294,575,322,253,356,224,132,177,159,18,158,45,113,1,1,0,20,19,1,219,98,121,5,3,2,176,60,116,0,0,0,38,35,3,218,98,120,5,3,2,176,60,116,0,0,0,37,35,2,1,0,1,0,0,0,0,0,0,0,0,0,1,0,1,601,259,342
20,91,Bhongiri,Yadadri Bhuvanagiri,01,Turkapalle_M,576496,0000,VILLAGE,Velpupalle,Rural,191,797,407,390,108,62,46,103,57,46,218,114,104,407,247,160,390,160,230,413,227,186,358,198,160,82,77,5,195,45,150,0,0,0,81,76,5,55,29,26,1,1,0,50,24,26,0,0,0,4,4,0,54,28,26,1,1,0,49,23,26,0,0,0,4,4,0,1,1,0,0,0,0,1,1,0,0,0,0,0,0,0,384,180,204
20,91,Bhongiri,Yadadri Bhuvanagiri,02,Rajapet,576497,0000,VILLAGE,Singaram,Rural,497,2092,1024,1068,191,90,101,437,211,226,7,4,3,1120,649,471,972,375,597,1227,635,592,1056,595,461,414,322,92,467,162,305,68,22,46,107,89,18,171,40,131,7,5,2,127,22,105,16,0,16,21,13,8,167,39,128,6,5,1,125,21,104,15,0,15,21,13,8,4,1,3,1,0,1,2,1,1,1,0,1,0,0,0,865,389,476
20,91,Bhongiri,Yadadri Bhuvanagiri,02,Rajapet,576498,0000,VILLAGE,Jala,Rural,290,1182,608,574,125,83,42,196,103,93,15,15,0,610,354,256,572,254,318,648,314,334,600,303,297,313,215,98,218,41,177,2,1,1,67,46,21,48,11,37,6,2,4,38,8,30,0,0,0,4,1,3,45,11,34,6,2,4,36,8,28,0,0,0,3,1,2,3,0,3,0,0,0,2,0,2,0,0,0,1,0,1,534,294,240
20,91,Bhongiri,Yadadri Bhuvanagiri,02,Rajapet,576499,0000,VILLAGE,Kurraram,Rural,297,1316,653,663,111,51,60,354,170,184,0,0,0,731,442,289,585,211,374,720,387,333,688,378,310,262,169,93,304,120,184,0,0,0,122,89,33,32,9,23,6,3,3,12,2,10,2,0,2,12,4,8,31,9,22,6,3,3,12,2,10,2,0,2,11,4,7,1,0,1,0,0,0,0,0,0,0,0,0,1,0,1,596,266,330
20,91,Bhongiri,Yadadri Bhuvanagiri,02,Rajapet,576500,0000,VILLAGE,Burugupalle,Rural,120,532,275,257,47,21,26,209,107,102,0,0,0,329,203,126,203,72,131,179,154,25,157,146,11,45,43,2,58,52,6,5,5,0,49,46,3,22,8,14,4,1,3,15,5,10,0,0,0,3,2,1,19,6,13,4,1,3,14,4,10,0,0,0,1,1,0,3,2,1,0,0,0,1,1,0,0,0,0,2,1,1,353,121,232
20,91,Bhongiri,Yadadri Bhuvanagiri,02,Rajapet,576501,0000,VILLAGE,Bondugula,Rural,819,3467,1728,1739,325,162,163,653,326,327,5,4,1,1998,1167,831,1469,561,908,1778,964,814,1529,862,667,474,292,182,565,232,333,81,24,57,409,314,95,249,102,147,2,0,2,188,64,124,13,4,9,46,34,12,234,98,136,2,0,2,182,63,119,7,3,4,43,32,11,15,4,11,0,0,0,6,1,5,6,1,5,3,2,1,1689,764,925
20,91,Bhongiri,Yadadri Bhuvanagiri,02,Rajapet,576502,0000,VILLAGE,Parupalle,Rural,352,1514,786,728,116,57,59,353,167,186,13,5,8,942,596,346,572,190,382,795,417,378,722,385,337,234,197,37,370,98,272,8,8,0,110,82,28,73,32,41,11,7,4,36,8,28,1,0,1,25,17,8,70,30,40,11,7,4,34,7,27,1,0,1,24,16,8,3,2,1,0,0,0,2,1,1,0,0,0,1,1,0,719,369,350
20,91,Bhongiri,Yadadri Bhuvanagiri,02,Rajapet,576503,0000,VILLAGE,Pamukunta,Rural,945,4144,2125,2019,595,308,287,407,203,204,954,487,467,1769,1126,643,2375,999,1376,2520,1304,1216,2073,1201,872,704,596,108,924,302,622,42,35,7,403,268,135,447,103,344,15,4,11,375,82,293,34,6,28,23,11,12,310,45,265,9,2,7,256,33,223,27,0,27,18,10,8,137,58,79,6,2,4,119,49,70,7,6,1,5,1,4,1624,821,803
20,91,Bhongiri,Yadadri Bhuvanagiri,02,Rajapet,576504,0000,VILLAGE,Narsapur,Rural,213,958,488,470,98,48,50,88,41,47,0,0,0,507,303,204,451,185,266,560,294,266,262,241,21,183,179,4,35,24,11,18,14,4,26,24,2,298,53,245,25,9,16,264,36,228,4,3,1,5,5,0,292,49,243,24,8,16,261,35,226,3,2,1,4,4,0,6,4,2,1,1,0,3,1,2,1,1,0,1,1,0,398,194,204
20,91,Bhongiri,Yadadri Bhuvanagiri,02,Rajapet,576505,0000,VILLAGE,Renikunta,Rural,567,2250,1067,1183,226,107,119,400,186,214,10,3,7,1342,755,587,908,312,596,1191,627,564,904,525,379,169,124,45,287,104,183,48,39,9,400,258,142,287,102,185,6,2,4,121,14,107,17,4,13,143,82,61,246,90,156,4,2,2,101,10,91,11,1,10,130,77,53,41,12,29,2,0,2,20,4,16,6,3,3,13,5,8,1059,440,619
20,91,Bhongiri,Yadadri Bhuvanagiri,02,Rajapet,576506,0000,VILLAGE,Rajapet,Rural,1020,4902,2700,2202,452,241,211,1257,884,373,47,31,16,3269,2065,1204,1633,635,998,1907,1162,745,1357,897,460,158,135,23,435,216,219,130,69,61,634,477,157,550,265,285,11,8,3,204,64,140,42,11,31,293,182,111,438,235,203,9,6,3,154,55,99,21,10,11,254,164,90,112,30,82,2,2,0,50,9,41,21,1,20,39,18,21,2995,1538,1457
20,91,Bhongiri,Yadadri Bhuvanagiri,02,Rajapet,576507,0000,VILLAGE,Nemla,Rural,613,2734,1380,1354,261,126,135,577,293,284,11,6,5,1406,867,539,1328,513,815,1404,809,595,841,566,275,291,231,60,330,159,171,33,17,16,187,159,28,563,243,320,14,5,9,484,192,292,8,4,4,57,42,15,501,207,294,12,4,8,436,165,271,6,4,2,47,34,13,62,36,26,2,1,1,48,27,21,2,0,2,10,8,2,1330,571,759
20,91,Bhongiri,Yadadri Bhuvanagiri,02,Rajapet,576508,0000,VILLAGE,Basanthapur,Rural,113,390,200,190,25,14,11,55,28,27,0,0,0,241,147,94,149,53,96,181,118,63,176,115,61,51,49,2,59,11,48,0,0,0,66,55,11,5,3,2,0,0,0,2,0,2,0,0,0,3,3,0,4,3,1,0,0,0,1,0,1,0,0,0,3,3,0,1,0,1,0,0,0,1,0,1,0,0,0,0,0,0,209,82,127
20,91,Bhongiri,Yadadri Bhuvanagiri,02,Rajapet,576509,0000,VILLAGE,Kalapalle,Rural,198,753,387,366,71,39,32,298,161,137,0,0,0,418,252,166,335,135,200,375,206,169,297,177,120,28,23,5,160,76,84,14,9,5,95,69,26,78,29,49,2,2,0,53,19,34,11,5,6,12,3,9,78,29,49,2,2,0,53,19,34,11,5,6,12,3,9,0,0,0,0,0,0,0,0,0,0,0,0,0,0,0,378,181,197
20,91,Bhongiri,Yadadri Bhuvanagiri,02,Rajapet,576510,0000,VILLAGE,Begumpet,Rural,592,2402,1232,1170,226,117,109,670,336,334,10,5,5,1283,785,498,1119,447,672,1357,725,632,1162,681,481,393,287,106,468,170,298,22,16,6,279,208,71,195,44,151,37,5,32,115,21,94,13,4,9,30,14,16,173,39,134,32,3,29,102,19,83,11,4,7,28,13,15,22,5,17,5,2,3,13,2,11,2,0,2,2,1,1,1045,507,538
20,91,Bhongiri,Yadadri Bhuvanagiri,02,Rajapet,576511,0000,VILLAGE,Challur,Rural,567,2196,1121,1075,224,127,97,391,197,194,13,8,5,1164,710,454,1032,411,621,1168,643,525,1138,632,506,290,188,102,399,136,263,122,61,61,327,247,80,30,11,19,0,0,0,7,2,5,1,0,1,22,9,13,26,10,16,0,0,0,5,1,4,0,0,0,21,9,12,4,1,3,0,0,0,2,1,1,1,0,1,1,0,1,1028,478,550
20,91,Bhongiri,Yadadri Bhuvanagiri,02,Rajapet,576512,0000,VILLAGE,Doddi Venkatapur,Rural,400,1641,799,842,166,86,80,359,172,187,0,0,0,948,538,410,693,261,432,906,472,434,894,468,426,234,150,84,461,163,298,22,15,7,177,140,37,12,4,8,1,0,1,6,2,4,0,0,0,5,2,3,11,3,8,1,0,1,6,2,4,0,0,0,4,1,3,1,1,0,0,0,0,0,0,0,0,0,0,1,1,0,735,327,408
20,91,Bhongiri,Yadadri Bhuvanagiri,02,Rajapet,576513,0000,VILLAGE,Somaram,Rural,425,1593,798,795,127,59,68,524,267,257,8,5,3,910,550,360,683,248,435,846,439,407,837,434,403,191,125,66,411,134,277,32,15,17,203,160,43,9,5,4,0,0,0,3,1,2,0,0,0,6,4,2,9,5,4,0,0,0,3,1,2,0,0,0,6,4,2,0,0,0,0,0,0,0,0,0,0,0,0,0,0,0,747,359,388
20,91,Bhongiri,Yadadri Bhuvanagiri,02,Rajapet,576514,0000,VILLAGE,Lakshmakkapalle,Rural,93,380,194,186,26,11,15,110,56,54,0,0,0,183,112,71,197,82,115,148,103,45,146,102,44,81,72,9,40,11,29,7,3,4,18,16,2,2,1,1,0,0,0,2,1,1,0,0,0,0,0,0,2,1,1,0,0,0,2,1,1,0,0,0,0,0,0,0,0,0,0,0,0,0,0,0,0,0,0,0,0,0,232,91,141
20,91,Bhongiri,Yadadri Bhuvanagiri,05,Yadagirigutta,576516,0000,VILLAGE,Mallapur,Rural,793,3308,1648,1660,316,164,152,397,201,196,145,66,79,1915,1095,820,1393,553,840,1685,939,746,1551,896,655,552,331,221,622,251,371,22,8,14,355,306,49,134,43,91,9,4,5,100,18,82,3,2,1,22,19,3,126,40,86,8,3,5,95,18,77,3,2,1,20,17,3,8,3,5,1,1,0,5,0,5,0,0,0,2,2,0,1623,709,914
20,91,Bhongiri,Yadadri Bhuvanagiri,05,Yadagirigutta,576517,0000,VILLAGE,Gowraipalle,Rural,724,3059,1507,1552,273,136,137,281,134,147,0,0,0,1959,1133,826,1100,374,726,1543,849,694,1291,756,535,177,131,46,357,163,194,466,241,225,291,221,70,252,93,159,1,1,0,126,36,90,21,4,17,104,52,52,251,92,159,1,1,0,126,36,90,20,3,17,104,52,52,1,1,0,0,0,0,0,0,0,1,1,0,0,0,0,1516,658,858
20,91,Bhongiri,Yadadri Bhuvanagiri,05,Yadagirigutta,576518,0000,VILLAGE,Sadu Velle,Rural,507,1894,934,960,199,100,99,251,115,136,0,0,0,1122,662,460,772,272,500,1042,540,502,585,492,93,230,193,37,42,33,9,87,75,12,226,191,35,457,48,409,85,5,80,148,9,139,116,4,112,108,30,78,405,42,363,75,5,70,141,9,132,102,4,98,87,24,63,52,6,46,10,0,10,7,0,7,14,0,14,21,6,15,852,394,458
20,91,Bhongiri,Yadadri Bhuvanagiri,05,Yadagirigutta,576519,0000,VILLAGE,Kacharam,Rural,555,2023,979,1044,182,94,88,435,212,223,4,2,2,1090,631,459,933,348,585,1090,590,500,794,530,264,297,225,72,260,104,156,30,27,3,207,174,33,296,60,236,3,0,3,219,20,199,26,6,20,48,34,14,277,48,229,3,0,3,212,19,193,25,5,20,37,24,13,19,12,7,0,0,0,7,1,6,1,1,0,11,10,1,933,389,544
20,91,Bhongiri,Yadadri Bhuvanagiri,05,Yadagirigutta,576520,0000,VILLAGE,Masaipet,Rural,939,3919,1960,1959,386,194,192,610,298,312,27,16,11,2191,1288,903,1728,672,1056,1856,1065,791,1424,847,577,239,175,64,723,317,406,8,3,5,454,352,102,432,218,214,0,0,0,58,9,49,10,7,3,364,202,162,411,210,201,0,0,0,57,9,48,10,7,3,344,194,150,21,8,13,0,0,0,1,0,1,0,0,0,20,8,12,2063,895,1168
20,91,Bhongiri,Yadadri Bhuvanagiri,05,Yadagirigutta,576521,0000,VILLAGE,Peddakandukur,Rural,560,2299,1152,1147,238,111,127,365,181,184,103,59,44,1480,857,623,819,295,524,1109,649,460,525,377,148,55,41,14,71,19,52,7,4,3,392,313,79,584,272,312,49,37,12,410,151,259,1,1,0,124,83,41,533,252,281,48,37,11,381,147,234,1,1,0,103,67,36,51,20,31,1,0,1,29,4,25,0,0,0,21,16,5,1190,503,687
20,91,Bhongiri,Yadadri Bhuvanagiri,05,Yadagirigutta,576522,0000,VILLAGE,Saidapur,Rural,519,2092,1021,1071,240,118,122,392,198,194,0,0,0,1221,708,513,871,313,558,1056,569,487,914,519,395,298,203,95,384,132,252,16,8,8,216,176,40,142,50,92,7,2,5,83,21,62,8,0,8,44,27,17,131,45,86,6,2,4,77,19,58,7,0,7,41,24,17,11,5,6,1,0,1,6,2,4,1,0,1,3,3,0,1036,452,584
20,91,Bhongiri,Yadadri Bhuvanagiri,05,Yadagirigutta,576523,0000,VILLAGE,DatharPalle,Rural,595,2343,1176,1167,248,123,125,253,125,128,3,1,2,1256,729,527,1087,447,640,1179,682,497,867,595,272,141,126,15,268,84,184,4,4,0,454,381,73,312,87,225,8,4,4,227,27,200,2,2,0,75,54,21,296,81,215,6,4,2,220,26,194,2,2,0,68,49,19,16,6,10,2,0,2,7,1,6,0,0,0,7,5,2,1164,494,670
20,91,Bhongiri,Yadadri Bhuvanagiri,05,Yadagirigutta,576524,0000,VILLAGE,Jangam Palle,Rural,464,1879,946,933,232,121,111,201,102,99,395,208,187,890,545,345,989,401,588,1005,568,437,772,550,222,187,172,15,335,143,192,1,0,1,249,235,14,233,18,215,10,1,9,210,11,199,1,0,1,12,6,6,206,9,197,10,1,9,189,6,183,1,0,1,6,2,4,27,9,18,0,0,0,21,5,16,0,0,0,6,4,2,874,378,496
20,91,Bhongiri,Yadadri Bhuvanagiri,05,Yadagirigutta,576525,0000,VILLAGE,Vangapalle,Rural,797,3242,1580,1662,320,160,160,862,422,440,43,24,19,1820,1004,816,1422,576,846,1537,867,670,648,454,194,105,79,26,202,94,108,27,21,6,314,260,54,889,413,476,12,8,4,673,269,404,9,4,5,195,132,63,823,388,435,11,7,4,624,255,369,7,3,4,181,123,58,66,25,41,1,1,0,49,14,35,2,1,1,14,9,5,1705,713,992
20,91,Bhongiri,Yadadri Bhuvanagiri,05,Yadagirigutta,576526,0000,VILLAGE,Rmojipet,Rural,247,1009,504,505,91,46,45,445,223,222,0,0,0,662,379,283,347,125,222,454,266,188,243,206,37,21,20,1,17,11,6,14,14,0,191,161,30,211,60,151,7,4,3,186,48,138,5,1,4,13,7,6,201,56,145,6,3,3,179,46,133,4,1,3,12,6,6,10,4,6,1,1,0,7,2,5,1,0,1,1,1,0,555,238,317
20,91,Bhongiri,Yadadri Bhuvanagiri,05,Yadagirigutta,576527,0000,VILLAGE,Chinnakandukur,Rural,509,2040,1035,1005,233,122,111,410,210,200,0,0,0,1121,664,457,919,371,548,1015,582,433,797,541,256,211,173,38,304,110,194,2,2,0,280,256,24,218,41,177,17,2,15,168,18,150,1,0,1,32,21,11,197,34,163,17,2,15,151,14,137,1,0,1,28,18,10,21,7,14,0,0,0,17,4,13,0,0,0,4,3,1,1025,453,572
20,91,Bhongiri,Yadadri Bhuvanagiri,05,Yadagirigutta,576528,0000,VILLAGE,Choller,Rural,742,2872,1446,1426,254,137,117,607,295,312,99,50,49,1615,945,670,1257,501,756,1521,834,687,1172,766,406,276,236,40,490,190,300,39,28,11,367,312,55,349,68,281,9,3,6,266,26,240,18,7,11,56,32,24,306,59,247,8,2,6,240,25,215,15,6,9,43,26,17,43,9,34,1,1,0,26,1,25,3,1,2,13,6,7,1351,612,739
20,91,Bhongiri,Yadadri Bhuvanagiri,04,Mootakondur,576529,0000,VILLAGE,Moota Kondur,Rural,1557,5954,3014,2940,509,276,233,585,289,296,44,24,20,3525,2104,1421,2429,910,1519,3264,1735,1529,2387,1496,891,633,415,218,1141,580,561,41,27,14,572,474,98,877,239,638,23,9,14,794,191,603,13,7,6,47,32,15,843,225,618,23,9,14,771,182,589,11,7,4,38,27,11,34,14,20,0,0,0,23,9,14,2,0,2,9,5,4,2690,1279,1411
20,91,Bhongiri,Yadadri Bhuvanagiri,04,Mootakondur,576530,0000,VILLAGE,Vartoor,Rural,356,1326,664,662,86,51,35,33,17,16,9,6,3,767,470,297,559,194,365,747,409,338,551,313,238,164,114,50,216,50,166,17,16,1,154,133,21,196,96,100,8,4,4,175,82,93,2,1,1,11,9,2,192,96,96,6,4,2,174,82,92,2,1,1,10,9,1,4,0,4,2,0,2,1,0,1,0,0,0,1,0,1,579,255,324
20,91,Bhongiri,Yadadri Bhuvanagiri,03,Alair,576532,0000,VILLAGE,Kolanupaka,Rural,2289,8860,4431,4429,864,437,427,1934,973,961,67,35,32,5107,3000,2107,3753,1431,2322,4538,2532,2006,3978,2304,1674,558,447,111,2320,1063,1257,124,80,44,976,714,262,560,228,332,11,8,3,334,109,225,74,41,33,141,70,71,546,225,321,10,7,3,328,107,221,73,41,32,135,70,65,14,3,11,1,1,0,6,2,4,1,0,1,6,0,6,4322,1899,2423
20,91,Bhongiri,Yadadri Bhuvanagiri,03,Alair,576533,0000,VILLAGE,Srinivasapuram,Rural,192,855,411,444,77,35,42,31,16,15,0,0,0,460,257,203,395,154,241,403,227,176,399,226,173,234,143,91,145,70,75,2,1,1,18,12,6,4,1,3,0,0,0,2,1,1,0,0,0,2,0,2,4,1,3,0,0,0,2,1,1,0,0,0,2,0,2,0,0,0,0,0,0,0,0,0,0,0,0,0,0,0,452,184,268
20,91,Bhongiri,Yadadri Bhuvanagiri,03,Alair,576534,0000,VILLAGE,Patelguda,Rural,265,1003,526,477,82,46,36,294,157,137,5,3,2,651,395,256,352,131,221,583,319,264,181,122,59,75,62,13,86,46,40,2,1,1,18,13,5,402,197,205,40,29,11,193,48,145,2,1,1,167,119,48,298,177,121,25,22,3,119,40,79,1,0,1,153,115,38,104,20,84,15,7,8,74,8,66,1,1,0,14,4,10,420,207,213
20,91,Bhongiri,Yadadri Bhuvanagiri,03,Alair,576535,0000,VILLAGE,Tangutoor,Rural,593,2092,1034,1058,179,95,84,468,221,247,28,11,17,1203,716,487,889,318,571,1093,559,534,907,502,405,218,166,52,427,154,273,61,41,20,201,141,60,186,57,129,7,1,6,128,34,94,20,7,13,31,15,16,170,49,121,7,1,6,124,32,92,16,5,11,23,11,12,16,8,8,0,0,0,4,2,2,4,2,2,8,4,4,999,475,524
20,91,Bhongiri,Yadadri Bhuvanagiri,03,Alair,576536,0000,VILLAGE,Sharajpet,Rural,655,2455,1181,1274,226,112,114,760,366,394,20,6,14,1470,811,659,985,370,615,1167,646,521,1013,602,411,203,135,68,358,111,247,79,40,39,373,316,57,154,44,110,8,1,7,110,18,92,9,1,8,27,24,3,127,37,90,8,1,7,87,14,73,8,1,7,24,21,3,27,7,20,0,0,0,23,4,19,1,0,1,3,3,0,1288,535,753
20,91,Bhongiri,Yadadri Bhuvanagiri,03,Alair,576537,0000,VILLAGE,Alair,Rural,4603,18054,8996,9058,1744,894,850,2800,1392,1408,746,392,354,12348,6957,5391,5706,2039,3667,7644,4779,2865,6326,4309,2017,599,456,143,1220,463,757,566,228,338,3941,3162,779,1318,470,848,44,23,21,577,164,413,117,35,82,580,248,332,1203,414,789,44,23,21,536,150,386,107,29,78,516,212,304,115,56,59,0,0,0,41,14,27,10,6,4,64,36,28,10410,4217,6193
20,91,Bhongiri,Yadadri Bhuvanagiri,03,Alair,576538,0000,VILLAGE,Bahadurpet,Rural,261,975,493,482,93,47,46,131,68,63,4,1,3,583,343,240,392,150,242,547,276,271,378,223,155,60,50,10,241,111,130,3,3,0,74,59,15,169,53,116,2,1,1,155,44,111,0,0,0,12,8,4,18,9,9,0,0,0,12,5,7,0,0,0,6,4,2,151,44,107,2,1,1,143,39,104,0,0,0,6,4,2,428,217,211
20,91,Bhongiri,Yadadri Bhuvanagiri,03,Alair,576539,0000,VILLAGE,Manthapuri,Rural,305,1164,576,588,130,64,66,296,136,160,0,0,0,584,345,239,580,231,349,548,320,228,423,305,118,57,49,8,26,12,14,60,32,28,280,212,68,125,15,110,0,0,0,99,2,97,13,6,7,13,7,6,120,15,105,0,0,0,94,2,92,13,6,7,13,7,6,5,0,5,0,0,0,5,0,5,0,0,0,0,0,0,616,256,360
20,91,Bhongiri,Yadadri Bhuvanagiri,04,Mootakondur,576540,0000,VILLAGE,Dilawarpur,Rural,199,882,448,434,83,40,43,126,63,63,0,0,0,492,291,201,390,157,233,502,268,234,383,218,165,111,81,30,181,64,117,13,7,6,78,66,12,119,50,69,1,0,1,104,41,63,5,1,4,9,8,1,116,50,66,1,0,1,103,41,62,4,1,3,8,8,0,3,0,3,0,0,0,1,0,1,1,0,1,1,0,1,380,180,200
20,91,Bhongiri,Yadadri Bhuvanagiri,04,Mootakondur,576541,0000,VILLAGE,Ikkkurthi,Rural,350,1251,628,623,95,45,50,353,179,174,0,0,0,716,429,287,535,199,336,618,341,277,482,289,193,79,66,13,169,82,87,13,12,1,221,129,92,136,52,84,2,1,1,113,33,80,19,17,2,2,1,1,125,50,75,2,1,1,104,32,72,17,16,1,2,1,1,11,2,9,0,0,0,9,1,8,2,1,1,0,0,0,633,287,346
20,91,Bhongiri,Yadadri Bhuvanagiri,03,Alair,576542,0000,VILLAGE,Kollur,Rural,1146,4152,2068,2084,336,177,159,994,493,501,72,36,36,2429,1402,1027,1723,666,1057,2044,1154,890,1662,995,667,415,313,102,783,283,500,42,31,11,422,368,54,382,159,223,6,6,0,305,103,202,4,1,3,67,49,18,374,156,218,6,6,0,298,101,197,4,1,3,66,48,18,8,3,5,0,0,0,7,2,5,0,0,0,1,1,0,2108,914,1194
20,91,Bhongiri,Yadadri Bhuvanagiri,04,Mootakondur,576543,0000,VILLAGE,Matoor,Rural,414,1529,757,772,109,59,50,319,149,170,14,5,9,863,509,354,666,248,418,760,413,347,753,411,342,277,192,85,307,81,226,7,5,2,162,133,29,7,2,5,1,0,1,5,2,3,0,0,0,1,0,1,7,2,5,1,0,1,5,2,3,0,0,0,1,0,1,0,0,0,0,0,0,0,0,0,0,0,0,0,0,0,769,344,425
20,91,Bhongiri,Yadadri Bhuvanagiri,04,Mootakondur,576544,0000,VILLAGE,Ammanpalle,Rural,552,2049,1037,1012,210,111,99,611,311,300,25,13,12,1023,614,409,1026,423,603,1006,591,415,868,566,302,236,199,37,458,241,217,49,28,21,125,98,27,138,25,113,53,13,40,74,9,65,3,1,2,8,2,6,125,18,107,47,9,38,68,7,61,3,1,2,7,1,6,13,7,6,6,4,2,6,2,4,0,0,0,1,1,0,1043,446,597
20,91,Bhongiri,Yadadri Bhuvanagiri,03,Alair,576545,0000,VILLAGE,Golankonda,Rural,537,2044,1013,1031,184,91,93,735,368,367,7,4,3,1187,676,511,857,337,520,992,545,447,863,488,375,259,216,43,389,94,295,2,2,0,213,176,37,129,57,72,7,2,5,67,12,55,1,0,1,54,43,11,128,57,71,7,2,5,66,12,54,1,0,1,54,43,11,1,0,1,0,0,0,1,0,1,0,0,0,0,0,0,1052,468,584
20,91,Bhongiri,Yadadri Bhuvanagiri,17,Gundala,576546,0000,VILLAGE,Kommepalle,Rural,191,740,358,382,69,32,37,206,100,106,76,31,45,351,204,147,389,154,235,423,206,217,365,186,179,350,178,172,0,0,0,4,2,2,11,6,5,58,20,38,0,0,0,56,18,38,0,0,0,2,2,0,47,15,32,0,0,0,46,14,32,0,0,0,1,1,0,11,5,6,0,0,0,10,4,6,0,0,0,1,1,0,317,152,165
20,91,Bhongiri,Yadadri Bhuvanagiri,17,Gundala,576547,0000,VILLAGE,Anantaram,Rural,555,2324,1185,1139,222,118,104,621,313,308,21,13,8,1159,661,498,1165,524,641,1346,671,675,1292,651,641,557,316,241,620,261,359,1,0,1,114,74,40,54,20,34,2,0,2,21,7,14,2,1,1,29,12,17,50,18,32,2,0,2,18,6,12,2,1,1,28,11,17,4,2,2,0,0,0,3,1,2,0,0,0,1,1,0,978,514,464
20,91,Bhongiri,Yadadri Bhuvanagiri,17,Gundala,576548,0000,VILLAGE,Velmajala,Rural,650,2789,1443,1346,270,151,119,602,312,290,44,22,22,1402,842,560,1387,601,786,1456,781,675,1027,581,446,559,374,185,338,99,239,20,15,5,110,93,17,429,200,229,26,17,9,359,154,205,15,9,6,29,20,9,328,154,174,18,11,7,288,128,160,4,2,2,18,13,5,101,46,55,8,6,2,71,26,45,11,7,4,11,7,4,1333,662,671
20,91,Bhongiri,Yadadri Bhuvanagiri,17,Gundala,576549,0000,VILLAGE,Seetarampur,Rural,591,2267,1113,1154,197,86,111,518,254,264,53,24,29,1250,741,509,1017,372,645,1247,655,592,639,499,140,277,267,10,256,145,111,9,7,2,97,80,17,608,156,452,12,4,8,549,133,416,12,10,2,35,9,26,569,144,425,11,4,7,520,126,394,7,6,1,31,8,23,39,12,27,1,0,1,29,7,22,5,4,1,4,1,3,1020,458,562
20,91,Bhongiri,Yadadri Bhuvanagiri,17,Gundala,576550,0000,VILLAGE,Marpadaga,Rural,432,1754,905,849,151,84,67,545,276,269,11,6,5,1021,605,416,733,300,433,997,502,495,550,371,179,179,108,71,351,247,104,8,7,1,12,9,3,447,131,316,9,3,6,373,92,281,32,18,14,33,18,15,396,110,286,7,2,5,337,76,261,29,18,11,23,14,9,51,21,30,2,1,1,36,16,20,3,0,3,10,4,6,757,403,354
20,91,Bhongiri,Yadadri Bhuvanagiri,17,Gundala,576551,0000,VILLAGE,Gangapur,Rural,229,885,431,454,72,32,40,278,136,142,0,0,0,492,277,215,393,154,239,414,208,206,273,207,66,103,88,15,136,91,45,0,0,0,34,28,6,141,1,140,0,0,0,140,1,139,0,0,0,1,0,1,141,1,140,0,0,0,140,1,139,0,0,0,1,0,1,0,0,0,0,0,0,0,0,0,0,0,0,0,0,0,471,223,248
20,91,Bhongiri,Yadadri Bhuvanagiri,17,Gundala,576552,0000,VILLAGE,Masanpalle,Rural,462,1907,946,961,185,82,103,364,186,178,0,0,0,1055,610,445,852,336,516,1029,562,467,677,398,279,209,147,62,298,141,157,19,10,9,151,100,51,352,164,188,2,1,1,332,150,182,3,3,0,15,10,5,350,163,187,2,1,1,330,149,181,3,3,0,15,10,5,2,1,1,0,0,0,2,1,1,0,0,0,0,0,0,878,384,494
20,91,Bhongiri,Yadadri Bhuvanagiri,17,Gundala,576553,0000,VILLAGE,Ramaram,Rural,355,1411,722,689,115,65,50,250,129,121,5,4,1,762,448,314,649,274,375,693,385,308,360,215,145,209,131,78,72,20,52,4,3,1,75,61,14,333,170,163,2,1,1,288,132,156,5,2,3,38,35,3,332,170,162,2,1,1,288,132,156,4,2,2,38,35,3,1,0,1,0,0,0,0,0,0,1,0,1,0,0,0,718,337,381
20,91,Bhongiri,Yadadri Bhuvanagiri,17,Gundala,576554,0000,VILLAGE,Brahmanpalle,Rural,408,1755,882,873,150,78,72,308,150,158,0,0,0,941,549,392,814,333,481,850,459,391,621,366,255,231,181,50,170,25,145,1,1,0,219,159,60,229,93,136,12,5,7,154,54,100,0,0,0,63,34,29,229,93,136,12,5,7,154,54,100,0,0,0,63,34,29,0,0,0,0,0,0,0,0,0,0,0,0,0,0,0,905,423,482
20,91,Bhongiri,Yadadri Bhuvanagiri,17,Gundala,576555,0000,VILLAGE,Suddala,Rural,482,1972,973,999,165,82,83,430,215,215,8,4,4,1345,747,598,627,226,401,1076,547,529,1056,541,515,269,127,142,658,319,339,37,20,17,92,75,17,20,6,14,5,2,3,13,4,9,1,0,1,1,0,1,19,6,13,4,2,2,13,4,9,1,0,1,1,0,1,1,0,1,1,0,1,0,0,0,0,0,0,0,0,0,896,426,470
20,91,Bhongiri,Yadadri Bhuvanagiri,04,Mootakondur,576556,0000,VILLAGE,Teryala,Rural,451,1714,879,835,118,68,50,334,164,170,3,2,1,992,584,408,722,295,427,966,492,474,950,489,461,314,239,75,554,178,376,3,2,1,79,70,9,16,3,13,0,0,0,14,2,12,0,0,0,2,1,1,14,2,12,0,0,0,14,2,12,0,0,0,0,0,0,2,1,1,0,0,0,0,0,0,0,0,0,2,1,1,748,387,361
20,91,Bhongiri,Yadadri Bhuvanagiri,14,Atmakur_M,576557,0000,VILLAGE,Palle Pahad,Rural,353,1406,708,698,99,58,41,225,112,113,0,0,0,810,474,336,596,234,362,592,336,256,264,257,7,229,224,5,6,6,0,4,4,0,25,23,2,328,79,249,4,0,4,278,40,238,1,0,1,45,39,6,304,78,226,4,0,4,257,40,217,0,0,0,43,38,5,24,1,23,0,0,0,21,0,21,1,0,1,2,1,1,814,372,442
20,91,Bhongiri,Yadadri Bhuvanagiri,14,Atmakur_M,576558,0000,VILLAGE,Parupalle,Rural,475,1685,844,841,142,72,70,249,122,127,15,7,8,922,556,366,763,288,475,960,500,460,947,496,451,401,237,164,469,199,270,8,7,1,69,53,16,13,4,9,1,1,0,11,3,8,0,0,0,1,0,1,9,3,6,1,1,0,7,2,5,0,0,0,1,0,1,4,1,3,0,0,0,4,1,3,0,0,0,0,0,0,725,344,381
20,91,Bhongiri,Yadadri Bhuvanagiri,17,Gundala,576559,0000,VILLAGE,Ambala,Rural,413,1613,804,809,152,81,71,388,196,192,0,0,0,811,465,346,802,339,463,882,457,425,817,436,381,115,100,15,485,155,330,0,0,0,217,181,36,65,21,44,1,1,0,47,11,36,0,0,0,17,9,8,56,19,37,1,1,0,42,11,31,0,0,0,13,7,6,9,2,7,0,0,0,5,0,5,0,0,0,4,2,2,731,347,384
20,91,Bhongiri,Yadadri Bhuvanagiri,17,Gundala,576560,0000,VILLAGE,Gundala,Rural,1028,3892,1917,1975,343,178,165,795,411,384,10,6,4,2238,1314,924,1654,603,1051,2077,1058,1019,1412,876,536,526,360,166,521,227,294,31,16,15,334,273,61,665,182,483,5,2,3,628,170,458,13,0,13,19,10,9,651,180,471,5,2,3,616,168,448,11,0,11,19,10,9,14,2,12,0,0,0,12,2,10,2,0,2,0,0,0,1815,859,956
20,91,Bhongiri,Yadadri Bhuvanagiri,17,Gundala,576561,0000,VILLAGE,Turkalashapur,Rural,462,1841,935,906,211,111,100,522,255,267,3,2,1,905,527,378,936,408,528,946,483,463,486,333,153,149,133,16,251,132,119,8,6,2,78,62,16,460,150,310,0,0,0,431,128,303,5,3,2,24,19,5,439,139,300,0,0,0,414,119,295,4,3,1,21,17,4,21,11,10,0,0,0,17,9,8,1,0,1,3,2,1,895,452,443
20,91,Bhongiri,Yadadri Bhuvanagiri,17,Gundala,576562,0000,VILLAGE,Vangala,Rural,117,475,249,226,49,24,25,290,154,136,0,0,0,251,148,103,224,101,123,235,135,100,42,30,12,28,20,8,1,1,0,0,0,0,13,9,4,193,105,88,0,0,0,186,100,86,0,0,0,7,5,2,192,104,88,0,0,0,186,100,86,0,0,0,6,4,2,1,1,0,0,0,0,0,0,0,0,0,0,1,1,0,240,114,126
20,91,Bhongiri,Yadadri Bhuvanagiri,17,Gundala,576563,0000,VILLAGE,Pedda padishala,Rural,526,2043,1045,998,204,114,90,397,197,200,16,9,7,861,522,339,1182,523,659,1108,582,526,844,448,396,640,331,309,102,48,54,41,23,18,61,46,15,264,134,130,4,2,2,239,115,124,6,4,2,15,13,2,254,132,122,4,2,2,229,113,116,6,4,2,15,13,2,10,2,8,0,0,0,10,2,8,0,0,0,0,0,0,935,463,472
20,91,Bhongiri,Yadadri Bhuvanagiri,17,Gundala,576564,0000,VILLAGE,BandaKothapalle,Rural,485,1916,958,958,224,119,105,679,339,340,124,62,62,919,534,385,997,424,573,935,526,409,766,514,252,140,139,1,501,269,232,3,2,1,122,104,18,169,12,157,2,0,2,157,10,147,0,0,0,10,2,8,169,12,157,2,0,2,157,10,147,0,0,0,10,2,8,0,0,0,0,0,0,0,0,0,0,0,0,0,0,0,981,432,549
20,91,Bhongiri,Yadadri Bhuvanagiri,17,Gundala,576565,0000,VILLAGE,Vasthakondur,Rural,457,1801,907,894,192,91,101,347,171,176,67,38,29,882,536,346,919,371,548,1007,515,492,636,370,266,269,195,74,303,125,178,16,11,5,48,39,9,371,145,226,19,8,11,301,114,187,6,4,2,45,19,26,343,141,202,16,8,8,276,110,166,6,4,2,45,19,26,28,4,24,3,0,3,25,4,21,0,0,0,0,0,0,794,392,402
20,91,Bhongiri,Yadadri Bhuvanagiri,15,Mothkur,576679,0000,VILLAGE,Mothkur,Rural,3202,12616,6397,6219,1142,587,555,1997,1019,978,85,42,43,8094,4621,3473,4522,1776,2746,5720,3468,2252,4803,3175,1628,704,537,167,1304,497,807,222,135,87,2573,2006,567,917,293,624,19,11,8,648,170,478,35,10,25,215,102,113,858,261,597,15,7,8,632,165,467,26,6,20,185,83,102,59,32,27,4,4,0,16,5,11,9,4,5,30,19,11,6896,2929,3967
20,91,Bhongiri,Yadadri Bhuvanagiri,15,Mothkur,576680,0000,VILLAGE,Konda Gadapa,Rural,516,2024,992,1032,209,110,99,771,380,391,26,12,14,1021,596,425,1003,396,607,1114,571,543,545,319,226,187,100,87,155,71,84,14,6,8,189,142,47,569,252,317,4,4,0,488,195,293,7,3,4,70,50,20,494,231,263,4,4,0,428,187,241,6,2,4,56,38,18,75,21,54,0,0,0,60,8,52,1,1,0,14,12,2,910,421,489
20,91,Bhongiri,Yadadri Bhuvanagiri,15,Mothkur,576681,0000,VILLAGE,Sadarshapur,Rural,253,870,429,441,66,35,31,215,106,109,0,0,0,442,268,174,428,161,267,539,263,276,534,260,274,265,152,113,207,67,140,7,4,3,55,37,18,5,3,2,2,2,0,2,0,2,0,0,0,1,1,0,5,3,2,2,2,0,2,0,2,0,0,0,1,1,0,0,0,0,0,0,0,0,0,0,0,0,0,0,0,0,331,166,165
20,91,Bhongiri,Yadadri Bhuvanagiri,16,Addagudur,576682,0000,VILLAGE,Chinnapadishala,Rural,265,1110,547,563,115,54,61,236,115,121,6,4,2,543,312,231,567,235,332,632,322,310,465,248,217,46,30,16,383,196,187,0,0,0,36,22,14,167,74,93,1,0,1,136,60,76,6,3,3,24,11,13,139,61,78,0,0,0,111,47,64,6,3,3,22,11,11,28,13,15,1,0,1,25,13,12,0,0,0,2,0,2,478,225,253
20,91,Bhongiri,Yadadri Bhuvanagiri,16,Addagudur,576683,0000,VILLAGE,Janakipur,Rural,352,1483,734,749,164,75,89,252,125,127,32,16,16,783,445,338,700,289,411,823,394,429,702,375,327,146,121,25,314,88,226,31,21,10,211,145,66,121,19,102,2,1,1,90,11,79,5,2,3,24,5,19,92,16,76,1,1,0,65,10,55,4,1,3,22,4,18,29,3,26,1,0,1,25,1,24,1,1,0,2,1,1,660,340,320
20,91,Bhongiri,Yadadri Bhuvanagiri,16,Addagudur,576684,0000,VILLAGE,Chira Gudurr,Rural,324,1339,668,671,139,78,61,246,120,126,19,10,9,970,533,437,369,135,234,840,403,437,780,368,412,275,140,135,470,209,261,3,3,0,32,16,16,60,35,25,1,1,0,8,6,2,1,0,1,50,28,22,60,35,25,1,1,0,8,6,2,1,0,1,50,28,22,0,0,0,0,0,0,0,0,0,0,0,0,0,0,0,499,265,234
20,91,Bhongiri,Yadadri Bhuvanagiri,16,Addagudur,576685,0000,VILLAGE,Kotamarthi,Rural,698,2460,1224,1236,200,101,99,359,177,182,0,0,0,1234,733,501,1226,491,735,1300,662,638,1001,607,394,416,329,87,430,143,287,11,11,0,144,124,20,299,55,244,45,12,33,221,20,201,2,2,0,31,21,10,277,47,230,43,10,33,204,17,187,2,2,0,28,18,10,22,8,14,2,2,0,17,3,14,0,0,0,3,3,0,1160,562,598
20,91,Bhongiri,Yadadri Bhuvanagiri,16,Addagudur,576686,0000,VILLAGE,Choulla Ramaram,Rural,459,1723,871,852,157,86,71,493,258,235,18,9,9,890,527,363,833,344,489,954,470,484,929,464,465,430,280,150,396,101,295,28,22,6,75,61,14,25,6,19,1,0,1,12,3,9,6,2,4,6,1,5,23,6,17,1,0,1,11,3,8,6,2,4,5,1,4,2,0,2,0,0,0,1,0,1,0,0,0,1,0,1,769,401,368
20,91,Bhongiri,Yadadri Bhuvanagiri,16,Addagudur,576687,0000,VILLAGE,Addagudur,Rural,1443,5611,2762,2849,503,232,271,1775,872,903,84,47,37,3386,1955,1431,2225,807,1418,2777,1494,1283,2638,1455,1183,587,422,165,1500,602,898,59,45,14,492,386,106,139,39,100,2,1,1,114,20,94,5,5,0,18,13,5,135,38,97,2,1,1,110,19,91,5,5,0,18,13,5,4,1,3,0,0,0,4,1,3,0,0,0,0,0,0,2834,1268,1566
20,91,Bhongiri,Yadadri Bhuvanagiri,16,Addagudur,576688,0000,VILLAGE,Kanchanpalle,Rural,401,1700,867,833,173,91,82,573,288,285,0,0,0,887,515,372,813,352,461,903,477,426,883,469,414,169,129,40,625,270,355,4,3,1,85,67,18,20,8,12,1,0,1,10,3,7,0,0,0,9,5,4,16,6,10,1,0,1,10,3,7,0,0,0,5,3,2,4,2,2,0,0,0,0,0,0,0,0,0,4,2,2,797,390,407
20,91,Bhongiri,Yadadri Bhuvanagiri,15,Mothkur,576689,0000,VILLAGE,Patimatla,Rural,334,1235,613,622,106,54,52,38,22,16,0,0,0,698,416,282,537,197,340,701,354,347,685,348,337,215,124,91,292,88,204,15,12,3,163,124,39,16,6,10,1,1,0,5,0,5,3,1,2,7,4,3,15,5,10,1,1,0,5,0,5,2,0,2,7,4,3,1,1,0,0,0,0,0,0,0,1,1,0,0,0,0,534,259,275
20,91,Bhongiri,Yadadri Bhuvanagiri,15,Mothkur,576690,0000,VILLAGE,Bijilapur,Rural,357,1284,641,643,100,45,55,205,110,95,6,3,3,751,456,295,533,185,348,635,315,320,454,269,185,150,95,55,183,77,106,27,20,7,94,77,17,181,46,135,2,2,0,140,21,119,8,0,8,31,23,8,117,34,83,2,2,0,95,19,76,3,0,3,17,13,4,64,12,52,0,0,0,45,2,43,5,0,5,14,10,4,649,326,323
20,91,Bhongiri,Yadadri Bhuvanagiri,15,Mothkur,576691,0000,VILLAGE,Musitpatla,Rural,297,994,492,502,74,35,39,265,123,142,0,0,0,520,311,209,474,181,293,567,284,283,466,268,198,134,115,19,234,68,166,19,17,2,79,68,11,101,16,85,2,0,2,79,10,69,1,0,1,19,6,13,94,14,80,2,0,2,73,8,65,1,0,1,18,6,12,7,2,5,0,0,0,6,2,4,0,0,0,1,0,1,427,208,219
20,91,Bhongiri,Yadadri Bhuvanagiri,15,Mothkur,576692,0000,VILLAGE,Panaka banda,Rural,305,1228,603,625,123,59,64,383,187,196,5,4,1,640,378,262,588,225,363,675,336,339,399,256,143,109,106,3,145,33,112,3,1,2,142,116,26,276,80,196,1,1,0,187,45,142,4,2,2,84,32,52,254,78,176,1,1,0,180,44,136,4,2,2,69,31,38,22,2,20,0,0,0,7,1,6,0,0,0,15,1,14,553,267,286
20,91,Bhongiri,Yadadri Bhuvanagiri,15,Mothkur,576693,0000,VILLAGE,Paladugu,Rural,504,1963,980,983,198,105,93,411,202,209,12,6,6,1152,670,482,811,310,501,976,523,453,806,496,310,143,141,2,507,224,283,37,29,8,119,102,17,170,27,143,3,2,1,156,20,136,3,2,1,8,3,5,167,25,142,3,2,1,153,18,135,3,2,1,8,3,5,3,2,1,0,0,0,3,2,1,0,0,0,0,0,0,987,457,530
20,91,Bhongiri,Yadadri Bhuvanagiri,15,Mothkur,576694,0000,VILLAGE,Dattappaguda,Rural,580,2229,1120,1109,210,100,110,542,271,271,46,22,24,1200,701,499,1029,419,610,1092,583,509,1004,557,447,187,131,56,591,253,338,6,6,0,220,167,53,88,26,62,4,1,3,62,10,52,0,0,0,22,15,7,82,24,58,4,1,3,59,10,49,0,0,0,19,13,6,6,2,4,0,0,0,3,0,3,0,0,0,3,2,1,1137,537,600
20,91,Bhongiri,Yadadri Bhuvanagiri,15,Mothkur,576695,0000,VILLAGE,Podichedu,Rural,530,2096,1048,1048,249,133,116,599,304,295,8,4,4,1124,663,461,972,385,587,1041,538,503,1017,530,487,222,132,90,664,300,364,8,3,5,123,95,28,24,8,16,4,2,2,16,3,13,0,0,0,4,3,1,18,4,14,4,2,2,12,1,11,0,0,0,2,1,1,6,4,2,0,0,0,4,2,2,0,0,0,2,2,0,1055,510,545
20,91,Bhongiri,Yadadri Bhuvanagiri,15,Mothkur,576696,0000,VILLAGE,Anajipur,Rural,296,1116,584,532,117,64,53,324,171,153,0,0,0,611,387,224,505,197,308,617,318,299,599,315,284,187,116,71,365,158,207,2,2,0,45,39,6,18,3,15,1,1,0,10,1,9,4,0,4,3,1,2,13,2,11,1,1,0,6,0,6,4,0,4,2,1,1,5,1,4,0,0,0,4,1,3,0,0,0,1,0,1,499,266,233
20,91,Bhongiri,Yadadri Bhuvanagiri,15,Mothkur,576697,0000,VILLAGE,Dacharam,Rural,532,2190,1111,1079,218,115,103,508,280,228,13,8,5,1190,715,475,1000,396,604,1201,611,590,1112,569,543,233,168,65,667,254,413,39,24,15,173,123,50,89,42,47,3,1,2,42,18,24,8,3,5,36,20,16,88,42,46,3,1,2,41,18,23,8,3,5,36,20,16,1,0,1,0,0,0,1,0,1,0,0,0,0,0,0,989,500,489
20,91,Bhongiri,Yadadri Bhuvanagiri,16,Addagudur,576698,0000,VILLAGE,Repaka P,Rural,567,2229,1117,1112,199,96,103,512,260,252,4,1,3,1224,726,498,1005,391,614,1155,585,570,1036,543,493,223,172,51,667,266,401,1,0,1,145,105,40,119,42,77,3,1,2,99,28,71,1,0,1,16,13,3,110,36,74,3,1,2,91,23,68,1,0,1,15,12,3,9,6,3,0,0,0,8,5,3,0,0,0,1,1,0,1074,532,542
20,91,Bhongiri,Yadadri Bhuvanagiri,16,Addagudur,576699,0000,VILLAGE,Veldevi,Rural,776,2929,1454,1475,301,154,147,862,431,431,11,5,6,1467,857,610,1462,597,865,1554,799,755,1278,663,615,211,134,77,755,307,448,31,22,9,281,200,81,276,136,140,8,5,3,226,102,124,2,1,1,40,28,12,228,107,121,6,4,2,192,84,108,0,0,0,30,19,11,48,29,19,2,1,1,34,18,16,2,1,1,10,9,1,1375,655,720
20,91,Bhongiri,Yadadri Bhuvanagiri,16,Addagudur,576700,0000,VILLAGE,Singaram,Rural,1007,4030,2048,1982,426,206,220,1083,567,516,5,3,2,2120,1260,860,1910,788,1122,2175,1129,1046,1922,1078,844,850,533,317,903,415,488,19,8,11,150,122,28,253,51,202,28,15,13,204,25,179,2,0,2,19,11,8,231,44,187,25,13,12,189,22,167,1,0,1,16,9,7,22,7,15,3,2,1,15,3,12,1,0,1,3,2,1,1855,919,936
20,91,Bhongiri,Yadadri Bhuvanagiri,16,Addagudur,576701,0000,VILLAGE,Dharmaram,Rural,326,1235,609,626,105,61,44,399,203,196,0,0,0,667,363,304,568,246,322,649,328,321,626,320,306,65,48,17,521,241,280,1,0,1,39,31,8,23,8,15,0,0,0,13,4,9,9,4,5,1,0,1,23,8,15,0,0,0,13,4,9,9,4,5,1,0,1,0,0,0,0,0,0,0,0,0,0,0,0,0,0,0,586,281,305
20,91,Bhongiri,Yadadri Bhuvanagiri,04,Mootakondur,576702,0000,VILLAGE,Chada,Rural,1895,7729,3919,3810,776,436,340,1567,823,744,87,45,42,4066,2413,1653,3663,1506,2157,4165,2233,1932,3857,2167,1690,617,456,161,2311,962,1349,81,63,18,848,686,162,308,66,242,5,2,3,255,29,226,4,3,1,44,32,12,295,61,234,5,2,3,243,24,219,3,3,0,44,32,12,13,5,8,0,0,0,12,5,7,1,0,1,0,0,0,3564,1686,1878
20,91,Bhongiri,Yadadri Bhuvanagiri,04,Mootakondur,576703,0000,VILLAGE,Dursaganpalle,Rural,37,149,77,72,12,7,5,118,63,55,0,0,0,74,47,27,75,30,45,90,45,45,40,39,1,12,12,0,20,19,1,0,0,0,8,8,0,50,6,44,0,0,0,48,5,43,0,0,0,2,1,1,26,5,21,0,0,0,24,4,20,0,0,0,2,1,1,24,1,23,0,0,0,24,1,23,0,0,0,0,0,0,59,32,27
20,91,Bhongiri,Yadadri Bhuvanagiri,04,Mootakondur,576704,0000,VILLAGE,Chandepalle,Rural,306,1212,604,608,77,43,34,261,129,132,26,12,14,708,427,281,504,177,327,631,333,298,383,283,100,154,131,23,108,40,68,5,5,0,116,107,9,248,50,198,8,6,2,223,37,186,7,1,6,10,6,4,150,42,108,8,6,2,129,29,100,5,1,4,8,6,2,98,8,90,0,0,0,94,8,86,2,0,2,2,0,2,581,271,310
20,91,Bhongiri,Yadadri Bhuvanagiri,04,Mootakondur,576705,0000,VILLAGE,Chamapur,Rural,132,529,254,275,45,21,24,199,95,104,0,0,0,267,152,115,262,102,160,317,163,154,273,141,132,91,48,43,133,52,81,1,0,1,48,41,7,44,22,22,0,0,0,26,5,21,0,0,0,18,17,1,42,20,22,0,0,0,26,5,21,0,0,0,16,15,1,2,2,0,0,0,0,0,0,0,0,0,0,2,2,0,212,91,121
20,91,Bhongiri,Yadadri Bhuvanagiri,14,Atmakur_M,576706,0000,VILLAGE,Singaram,Rural,244,948,494,454,68,33,35,313,172,141,0,0,0,506,319,187,442,175,267,479,268,211,477,267,210,133,70,63,271,132,139,29,26,3,44,39,5,2,1,1,0,0,0,1,0,1,0,0,0,1,1,0,2,1,1,0,0,0,1,0,1,0,0,0,1,1,0,0,0,0,0,0,0,0,0,0,0,0,0,0,0,0,469,226,243
20,91,Bhongiri,Yadadri Bhuvanagiri,14,Atmakur_M,576707,0000,VILLAGE,Kalwapalle,Rural,58,248,133,115,12,9,3,0,0,0,0,0,0,134,80,54,114,53,61,158,82,76,154,82,72,109,57,52,40,22,18,0,0,0,5,3,2,4,0,4,2,0,2,2,0,2,0,0,0,0,0,0,4,0,4,2,0,2,2,0,2,0,0,0,0,0,0,0,0,0,0,0,0,0,0,0,0,0,0,0,0,0,90,51,39
20,91,Bhongiri,Yadadri Bhuvanagiri,14,Atmakur_M,576708,0000,VILLAGE,Moripirala,Rural,332,1351,697,654,103,49,54,147,76,71,0,0,0,792,474,318,559,223,336,791,413,378,789,412,377,337,202,135,389,158,231,0,0,0,63,52,11,2,1,1,0,0,0,2,1,1,0,0,0,0,0,0,2,1,1,0,0,0,2,1,1,0,0,0,0,0,0,0,0,0,0,0,0,0,0,0,0,0,0,0,0,0,560,284,276
20,91,Bhongiri,Yadadri Bhuvanagiri,14,Atmakur_M,576709,0000,VILLAGE,Koratikal,Rural,580,2180,1077,1103,185,89,96,404,196,208,2,1,1,1234,718,516,946,359,587,1193,618,575,1081,568,513,173,103,70,738,337,401,13,8,5,157,120,37,112,50,62,9,6,3,87,32,55,2,0,2,14,12,2,92,44,48,8,6,2,70,27,43,1,0,1,13,11,2,20,6,14,1,0,1,17,5,12,1,0,1,1,1,0,987,459,528
20,91,Bhongiri,Yadadri Bhuvanagiri,14,Atmakur_M,576710,0000,VILLAGE,Rahimkhanpet,Rural,610,2394,1253,1141,199,113,86,321,170,151,11,4,7,1300,784,516,1094,469,625,1280,682,598,1229,672,557,178,114,64,806,366,440,42,28,14,203,164,39,51,10,41,0,0,0,44,10,34,2,0,2,5,0,5,47,8,39,0,0,0,40,8,32,2,0,2,5,0,5,4,2,2,0,0,0,4,2,2,0,0,0,0,0,0,1114,571,543
20,91,Bhongiri,Yadadri Bhuvanagiri,14,Atmakur_M,576711,0000,VILLAGE,Atmakur,Rural,1388,5960,3047,2913,518,258,260,802,472,330,101,56,45,3763,2213,1550,2197,834,1363,2515,1453,1062,2153,1328,825,447,309,138,679,254,425,42,34,8,985,731,254,362,125,237,6,4,2,107,13,94,12,7,5,237,101,136,187,74,113,6,4,2,57,9,48,7,4,3,117,57,60,175,51,124,0,0,0,50,4,46,5,3,2,120,44,76,3445,1594,1851
20,91,Bhongiri,Yadadri Bhuvanagiri,14,Atmakur_M,576712,0000,VILLAGE,Raipalle,Rural,191,809,423,386,66,35,31,178,84,94,0,0,0,469,288,181,340,135,205,400,220,180,394,216,178,79,49,30,218,83,135,2,1,1,95,83,12,6,4,2,3,2,1,0,0,0,0,0,0,3,2,1,6,4,2,3,2,1,0,0,0,0,0,0,3,2,1,0,0,0,0,0,0,0,0,0,0,0,0,0,0,0,409,203,206
20,91,Bhongiri,Yadadri Bhuvanagiri,14,Atmakur_M,576713,0000,VILLAGE,Sarvepalle,Rural,199,783,385,398,62,36,26,246,125,121,1,1,0,487,268,219,296,117,179,388,211,177,236,200,36,76,71,5,55,36,19,6,6,0,99,87,12,152,11,141,8,0,8,133,6,127,3,1,2,8,4,4,150,11,139,8,0,8,131,6,125,3,1,2,8,4,4,2,0,2,0,0,0,2,0,2,0,0,0,0,0,0,395,174,221
20,91,Bhongiri,Yadadri Bhuvanagiri,14,Atmakur_M,576715,0000,VILLAGE,Thukkapur,Rural,329,1413,734,679,158,91,67,328,168,160,55,30,25,694,413,281,719,321,398,740,401,339,731,397,334,163,108,55,432,177,255,35,27,8,101,85,16,9,4,5,2,1,1,5,2,3,0,0,0,2,1,1,9,4,5,2,1,1,5,2,3,0,0,0,2,1,1,0,0,0,0,0,0,0,0,0,0,0,0,0,0,0,673,333,340
20,91,Bhongiri,Yadadri Bhuvanagiri,14,Atmakur_M,576716,0000,VILLAGE,Pallerla,Rural,754,2902,1456,1446,227,119,108,533,282,251,56,26,30,1567,908,659,1335,548,787,1522,798,724,1389,777,612,560,357,203,568,216,352,68,43,25,193,161,32,133,21,112,6,3,3,115,16,99,7,1,6,5,1,4,123,21,102,6,3,3,105,16,89,7,1,6,5,1,4,10,0,10,0,0,0,10,0,10,0,0,0,0,0,0,1380,658,722
20,91,Bhongiri,Yadadri Bhuvanagiri,14,Atmakur_M,576717,0000,VILLAGE,Lingaraj Palle,Rural,188,816,427,389,67,33,34,135,69,66,0,0,0,521,322,199,295,105,190,356,201,155,201,195,6,96,96,0,57,51,6,0,0,0,48,48,0,155,6,149,0,0,0,153,5,148,0,0,0,2,1,1,155,6,149,0,0,0,153,5,148,0,0,0,2,1,1,0,0,0,0,0,0,0,0,0,0,0,0,0,0,0,460,226,234
20,92,Choutuppal,Yadadri Bhuvanagiri,13,Valigonda,576718,0000,VILLAGE,Narsapur,Rural,275,1146,597,549,121,70,51,225,115,110,0,0,0,622,382,240,524,215,309,606,323,283,599,318,281,216,166,50,336,114,222,3,1,2,44,37,7,7,5,2,0,0,0,1,0,1,0,0,0,6,5,1,7,5,2,0,0,0,1,0,1,0,0,0,6,5,1,0,0,0,0,0,0,0,0,0,0,0,0,0,0,0,540,274,266
20,92,Choutuppal,Yadadri Bhuvanagiri,13,Valigonda,576719,0000,VILLAGE,Dupelli,Rural,563,2041,1020,1021,177,103,74,419,225,194,9,3,6,1179,687,492,862,333,529,1125,575,550,670,434,236,278,239,39,300,116,184,24,18,6,68,61,7,455,141,314,2,2,0,404,100,304,5,1,4,44,38,6,452,139,313,2,2,0,403,100,303,4,0,4,43,37,6,3,2,1,0,0,0,1,0,1,1,1,0,1,1,0,916,445,471
20,91,Bhongiri,Yadadri Bhuvanagiri,14,Atmakur_M,576720,0000,VILLAGE,Raghavapur,Rural,254,930,460,470,93,46,47,179,90,89,0,0,0,482,285,197,448,175,273,503,268,235,498,266,232,90,75,15,300,98,202,28,17,11,80,76,4,5,2,3,0,0,0,5,2,3,0,0,0,0,0,0,5,2,3,0,0,0,5,2,3,0,0,0,0,0,0,0,0,0,0,0,0,0,0,0,0,0,0,0,0,0,427,192,235
20,91,Bhongiri,Yadadri Bhuvanagiri,14,Atmakur_M,576721,0000,VILLAGE,Kurella,Rural,647,2589,1302,1287,219,110,109,434,217,217,12,6,6,1404,821,583,1185,481,704,1341,748,593,1229,711,518,155,148,7,785,312,473,7,5,2,282,246,36,112,37,75,0,0,0,107,34,73,0,0,0,5,3,2,109,34,75,0,0,0,106,33,73,0,0,0,3,1,2,3,3,0,0,0,0,1,1,0,0,0,0,2,2,0,1248,554,694
20,91,Bhongiri,Yadadri Bhuvanagiri,14,Atmakur_M,576722,0000,VILLAGE,Khaprai Palle,Rural,799,3065,1539,1526,284,140,144,631,324,307,11,5,6,1730,1031,699,1335,508,827,1623,860,763,1376,812,564,441,308,133,608,239,369,14,10,4,313,255,58,247,48,199,17,6,11,211,31,180,5,0,5,14,11,3,231,45,186,15,6,9,197,28,169,5,0,5,14,11,3,16,3,13,2,0,2,14,3,11,0,0,0,0,0,0,1442,679,763
20,92,Choutuppal,Yadadri Bhuvanagiri,13,Valigonda,576723,0000,VILLAGE,Tekulasomaram,Rural,387,1572,768,804,153,82,71,522,253,269,2,0,2,903,508,395,669,260,409,758,422,336,673,382,291,114,69,45,343,122,221,4,3,1,212,188,24,85,40,45,4,2,2,67,27,40,0,0,0,14,11,3,77,37,40,3,2,1,61,25,36,0,0,0,13,10,3,8,3,5,1,0,1,6,2,4,0,0,0,1,1,0,814,346,468
20,92,Choutuppal,Yadadri Bhuvanagiri,13,Valigonda,576724,0000,VILLAGE,Pahilwanpur,Rural,405,1513,769,744,121,63,58,277,139,138,24,12,12,800,501,299,713,268,445,791,413,378,467,273,194,174,97,77,167,65,102,14,13,1,112,98,14,324,140,184,21,17,4,286,111,175,5,3,2,12,9,3,265,129,136,17,15,2,233,103,130,4,2,2,11,9,2,59,11,48,4,2,2,53,8,45,1,1,0,1,0,1,722,356,366
20,92,Choutuppal,Yadadri Bhuvanagiri,13,Valigonda,576725,0000,VILLAGE,Kanchanpalle,Rural,284,1068,562,506,101,56,45,185,86,99,0,0,0,584,364,220,484,198,286,662,357,305,655,352,303,259,174,85,214,27,187,20,11,9,162,140,22,7,5,2,5,4,1,1,0,1,0,0,0,1,1,0,6,5,1,4,4,0,1,0,1,0,0,0,1,1,0,1,0,1,1,0,1,0,0,0,0,0,0,0,0,0,406,205,201
20,92,Choutuppal,Yadadri Bhuvanagiri,13,Valigonda,576726,0000,VILLAGE,Puligilla,Rural,837,3274,1658,1616,248,126,122,734,389,345,20,7,13,1875,1134,741,1399,524,875,1603,850,753,1346,804,542,313,262,51,713,260,453,23,15,8,297,267,30,257,46,211,14,4,10,227,33,194,1,1,0,15,8,7,201,33,168,5,2,3,184,25,159,1,1,0,11,5,6,56,13,43,9,2,7,43,8,35,0,0,0,4,3,1,1671,808,863
20,92,Choutuppal,Yadadri Bhuvanagiri,13,Valigonda,576727,0000,VILLAGE,Moghilipaka,Rural,329,1241,626,615,101,51,50,273,139,134,8,3,5,656,390,266,585,236,349,627,346,281,571,342,229,112,95,17,287,98,189,7,5,2,165,144,21,56,4,52,21,0,21,28,0,28,1,1,0,6,3,3,51,4,47,21,0,21,24,0,24,1,1,0,5,3,2,5,0,5,0,0,0,4,0,4,0,0,0,1,0,1,614,280,334
20,92,Choutuppal,Yadadri Bhuvanagiri,13,Valigonda,576729,0000,VILLAGE,Mungala_Turkapallyi,Rural,408,1582,794,788,139,84,55,310,148,162,11,7,4,879,509,370,703,285,418,891,458,433,719,400,319,124,104,20,367,130,237,1,0,1,227,166,61,172,58,114,1,0,1,153,49,104,6,2,4,12,7,5,168,58,110,1,0,1,150,49,101,6,2,4,11,7,4,4,0,4,0,0,0,3,0,3,0,0,0,1,0,1,691,336,355
20,92,Choutuppal,Yadadri Bhuvanagiri,13,Valigonda,576730,0000,VILLAGE,Muddapur,Rural,145,526,269,257,38,19,19,75,34,41,0,0,0,285,166,119,241,103,138,307,166,141,171,142,29,51,48,3,53,37,16,2,2,0,65,55,10,136,24,112,2,0,2,123,18,105,3,1,2,8,5,3,112,19,93,0,0,0,107,16,91,1,1,0,4,2,2,24,5,19,2,0,2,16,2,14,2,0,2,4,3,1,219,103,116
20,92,Choutuppal,Yadadri Bhuvanagiri,13,Valigonda,576731,0000,VILLAGE,Arrur,Rural,1144,4315,2164,2151,416,207,209,800,397,403,55,26,29,2498,1444,1054,1817,720,1097,2164,1253,911,1988,1155,833,506,340,166,823,306,517,23,16,7,636,493,143,176,98,78,10,8,2,96,36,60,18,13,5,52,41,11,170,94,76,10,8,2,95,36,59,16,11,5,49,39,10,6,4,2,0,0,0,1,0,1,2,2,0,3,2,1,2151,911,1240
20,92,Choutuppal,Yadadri Bhuvanagiri,13,Valigonda,576732,0000,VILLAGE,Malle palle,Rural,310,1304,675,629,134,79,55,248,129,119,15,8,7,724,414,310,580,261,319,679,381,298,503,343,160,117,107,10,176,44,132,0,0,0,210,192,18,176,38,138,4,2,2,158,26,132,2,2,0,12,8,4,174,38,136,4,2,2,156,26,130,2,2,0,12,8,4,2,0,2,0,0,0,2,0,2,0,0,0,0,0,0,625,294,331
20,92,Choutuppal,Yadadri Bhuvanagiri,13,Valigonda,576733,0000,VILLAGE,SunkiShala,Rural,298,1190,588,602,116,69,47,416,203,213,4,1,3,759,416,343,431,172,259,602,339,263,423,273,150,111,80,31,155,63,92,14,12,2,143,118,25,179,66,113,1,1,0,169,60,109,4,3,1,5,2,3,179,66,113,1,1,0,169,60,109,4,3,1,5,2,3,0,0,0,0,0,0,0,0,0,0,0,0,0,0,0,588,249,339
20,92,Choutuppal,Yadadri Bhuvanagiri,13,Valigonda,576734,0000,VILLAGE,Redlarepaka,Rural,738,3075,1571,1504,260,133,127,715,368,347,36,20,16,1854,1108,746,1221,463,758,1560,831,729,992,669,323,392,273,119,280,112,168,9,7,2,311,277,34,568,162,406,8,4,4,533,136,397,7,7,0,20,15,5,565,160,405,8,4,4,531,135,396,7,7,0,19,14,5,3,2,1,0,0,0,2,1,1,0,0,0,1,1,0,1515,740,775
20,92,Choutuppal,Yadadri Bhuvanagiri,13,Valigonda,576735,0000,VILLAGE,Poddatur,Rural,1332,5517,2791,2726,509,280,229,877,446,431,21,14,7,3240,1905,1335,2277,886,1391,2826,1547,1279,2148,1332,816,514,362,152,905,378,527,36,28,8,693,564,129,678,215,463,23,3,20,599,188,411,16,6,10,40,18,22,623,203,420,20,3,17,555,179,376,13,4,9,35,17,18,55,12,43,3,0,3,44,9,35,3,2,1,5,1,4,2691,1244,1447
20,92,Choutuppal,Yadadri Bhuvanagiri,13,Valigonda,576736,0000,VILLAGE,Sangam,Rural,736,2933,1494,1439,311,168,143,382,196,186,27,13,14,1432,875,557,1501,619,882,1411,823,588,1328,811,517,271,232,39,607,185,422,34,26,8,416,368,48,83,12,71,5,1,4,58,4,54,6,1,5,14,6,8,58,8,50,4,0,4,39,2,37,4,1,3,11,5,6,25,4,21,1,1,0,19,2,17,2,0,2,3,1,2,1522,671,851
20,92,Choutuppal,Yadadri Bhuvanagiri,13,Valigonda,576737,0000,VILLAGE,Verkatpalle,Rural,393,1672,858,814,186,91,95,636,327,309,1,1,0,979,576,403,693,282,411,812,479,333,534,441,93,154,147,7,135,73,62,9,5,4,236,216,20,278,38,240,1,1,0,257,22,235,0,0,0,20,15,5,268,36,232,1,1,0,248,20,228,0,0,0,19,15,4,10,2,8,0,0,0,9,2,7,0,0,0,1,0,1,860,379,481
20,92,Choutuppal,Yadadri Bhuvanagiri,13,Valigonda,576738,0000,VILLAGE,Gokaram,Rural,751,3066,1553,1513,292,155,137,442,223,219,5,3,2,1660,948,712,1406,605,801,1442,838,604,1127,770,357,194,179,15,485,199,286,27,16,11,421,376,45,315,68,247,10,5,5,274,49,225,3,1,2,28,13,15,299,61,238,7,2,5,266,47,219,3,1,2,23,11,12,16,7,9,3,3,0,8,2,6,0,0,0,5,2,3,1624,715,909
20,92,Choutuppal,Yadadri Bhuvanagiri,13,Valigonda,576739,0000,VILLAGE,Golle_palle,Rural,589,2217,1135,1082,202,108,94,104,57,47,0,0,0,1273,740,533,944,395,549,1022,594,428,944,527,417,201,125,76,449,191,258,76,46,30,218,165,53,78,67,11,0,0,0,8,3,5,11,10,1,59,54,5,69,61,8,0,0,0,5,2,3,11,10,1,53,49,4,9,6,3,0,0,0,3,1,2,0,0,0,6,5,1,1195,541,654
20,92,Choutuppal,Yadadri Bhuvanagiri,13,Valigonda,576740,0000,VILLAGE,Nemilikalawa,Rural,113,477,245,232,39,24,15,114,60,54,0,0,0,286,183,103,191,62,129,227,133,94,220,129,91,30,30,0,99,26,73,1,1,0,90,72,18,7,4,3,1,1,0,3,0,3,0,0,0,3,3,0,6,4,2,1,1,0,2,0,2,0,0,0,3,3,0,1,0,1,0,0,0,1,0,1,0,0,0,0,0,0,250,112,138
20,92,Choutuppal,Yadadri Bhuvanagiri,13,Valigonda,576741,0000,VILLAGE,Voligonda,Rural,1660,7324,3831,3493,768,412,356,854,438,416,44,25,19,5162,3016,2146,2162,815,1347,3067,1932,1135,2638,1734,904,295,225,70,501,224,277,330,194,136,1512,1091,421,429,198,231,32,20,12,95,27,68,40,16,24,262,135,127,395,186,209,32,20,12,83,22,61,31,13,18,249,131,118,34,12,22,0,0,0,12,5,7,9,3,6,13,4,9,4257,1899,2358
20,92,Choutuppal,Yadadri Bhuvanagiri,13,Valigonda,576742,0000,VILLAGE,Nagaram,Rural,507,1984,1018,966,190,109,81,750,379,371,1,0,1,1132,676,456,852,342,510,1001,561,440,668,409,259,75,52,23,341,161,180,8,7,1,244,189,55,333,152,181,10,8,2,243,94,149,7,4,3,73,46,27,332,152,180,10,8,2,243,94,149,7,4,3,72,46,26,1,0,1,0,0,0,0,0,0,0,0,0,1,0,1,983,457,526
20,92,Choutuppal,Yadadri Bhuvanagiri,13,Valigonda,576743,0000,VILLAGE,Velvarthy,Rural,1032,3952,2045,1907,329,174,155,778,397,381,18,9,9,2366,1429,937,1586,616,970,1947,1091,856,1658,970,688,298,223,75,739,292,447,57,35,22,564,420,144,289,121,168,13,7,6,70,15,55,10,3,7,196,96,100,284,118,166,13,7,6,67,13,54,10,3,7,194,95,99,5,3,2,0,0,0,3,2,1,0,0,0,2,1,1,2005,954,1051
20,92,Choutuppal,Yadadri Bhuvanagiri,13,Valigonda,576744,0000,VILLAGE,Lothukunta,Rural,153,741,360,381,94,43,51,89,47,42,0,0,0,380,223,157,361,137,224,381,191,190,42,29,13,4,4,0,17,11,6,1,1,0,20,13,7,339,162,177,1,1,0,322,149,173,8,5,3,8,7,1,295,142,153,1,1,0,280,130,150,7,5,2,7,6,1,44,20,24,0,0,0,42,19,23,1,0,1,1,1,0,360,169,191
20,92,Choutuppal,Yadadri Bhuvanagiri,13,Valigonda,576745,0000,VILLAGE,Gurnath_Palli,Rural,138,637,337,300,59,33,26,238,123,115,4,1,3,401,234,167,236,103,133,357,182,175,332,172,160,159,104,55,140,48,92,19,12,7,14,8,6,25,10,15,4,2,2,3,0,3,7,1,6,11,7,4,23,9,14,4,2,2,3,0,3,5,0,5,11,7,4,2,1,1,0,0,0,0,0,0,2,1,1,0,0,0,280,155,125
20,92,Choutuppal,Yadadri Bhuvanagiri,13,Valigonda,576746,0000,VILLAGE,Gangapur,Rural,20,78,34,44,5,1,4,62,28,34,0,0,0,41,19,22,37,15,22,36,19,17,36,19,17,10,7,3,21,7,14,0,0,0,5,5,0,0,0,0,0,0,0,0,0,0,0,0,0,0,0,0,0,0,0,0,0,0,0,0,0,0,0,0,0,0,0,0,0,0,0,0,0,0,0,0,0,0,0,0,0,0,42,15,27
20,92,Choutuppal,Yadadri Bhuvanagiri,13,Valigonda,576747,0000,VILLAGE,Venkatapur,Rural,234,936,468,468,77,35,42,133,65,68,3,2,1,469,272,197,467,196,271,493,273,220,323,237,86,71,68,3,137,71,66,7,6,1,108,92,16,170,36,134,3,0,3,134,14,120,3,0,3,30,22,8,153,35,118,3,0,3,119,14,105,3,0,3,28,21,7,17,1,16,0,0,0,15,0,15,0,0,0,2,1,1,443,195,248
20,92,Choutuppal,Yadadri Bhuvanagiri,13,Valigonda,576748,0000,VILLAGE,Chittapur,Rural,230,876,450,426,76,46,30,205,105,100,0,0,0,440,265,175,436,185,251,474,249,225,473,249,224,139,74,65,276,134,142,0,0,0,58,41,17,1,0,1,0,0,0,1,0,1,0,0,0,0,0,0,1,0,1,0,0,0,1,0,1,0,0,0,0,0,0,0,0,0,0,0,0,0,0,0,0,0,0,0,0,0,402,201,201
20,92,Choutuppal,Yadadri Bhuvanagiri,13,Valigonda,576749,0000,VILLAGE,Goparaj_Palle,Rural,198,968,482,486,81,41,40,251,113,138,0,0,0,545,322,223,423,160,263,434,249,185,423,243,180,114,106,8,229,70,159,2,0,2,78,67,11,11,6,5,3,2,1,4,1,3,0,0,0,4,3,1,10,6,4,3,2,1,3,1,2,0,0,0,4,3,1,1,0,1,0,0,0,1,0,1,0,0,0,0,0,0,534,233,301
20,92,Choutuppal,Yadadri Bhuvanagiri,13,Valigonda,576750,0000,VILLAGE,Vemulakonda,Rural,514,2060,1051,1009,160,92,68,618,316,302,9,5,4,1169,719,450,891,332,559,986,563,423,838,498,340,126,104,22,418,183,235,39,32,7,255,179,76,148,65,83,8,6,2,49,8,41,35,16,19,56,35,21,124,60,64,7,5,2,39,7,32,33,16,17,45,32,13,24,5,19,1,1,0,10,1,9,2,0,2,11,3,8,1074,488,586
20,91,Bhongiri,Yadadri Bhuvanagiri,06,Bhongiri,576751,0000,VILLAGE,Tajpur,Rural,263,1172,606,566,147,86,61,112,57,55,0,0,0,646,403,243,526,203,323,606,356,250,404,303,101,59,35,24,41,26,15,3,2,1,301,240,61,202,53,149,1,0,1,158,30,128,3,2,1,40,21,19,182,47,135,1,0,1,144,26,118,2,2,0,35,19,16,20,6,14,0,0,0,14,4,10,1,0,1,5,2,3,566,250,316
20,91,Bhongiri,Yadadri Bhuvanagiri,06,Bhongiri,576752,0000,VILLAGE,Hanmapur,Rural,655,2513,1278,1235,271,152,119,309,155,154,0,0,0,1307,794,513,1206,484,722,1279,719,560,980,596,384,205,115,90,323,99,224,12,8,4,440,374,66,299,123,176,3,1,2,217,71,146,0,0,0,79,51,28,294,122,172,3,1,2,213,71,142,0,0,0,78,50,28,5,1,4,0,0,0,4,0,4,0,0,0,1,1,0,1234,559,675
20,91,Bhongiri,Yadadri Bhuvanagiri,06,Bhongiri,576753,0000,VILLAGE,Wadaparthy,Rural,532,2248,1115,1133,226,105,121,299,155,144,7,3,4,1271,768,503,977,347,630,1330,722,608,715,458,257,221,127,94,203,87,116,5,5,0,286,239,47,615,264,351,4,3,1,494,177,317,4,3,1,113,81,32,601,257,344,4,3,1,485,173,312,4,3,1,108,78,30,14,7,7,0,0,0,9,4,5,0,0,0,5,3,2,918,393,525
20,91,Bhongiri,Yadadri Bhuvanagiri,06,Bhongiri,576754,0000,VILLAGE,Timmapur,Rural,485,2007,1002,1005,200,109,91,6,4,2,28,15,13,979,580,399,1028,422,606,1048,596,452,471,315,156,122,113,9,128,48,80,55,21,34,166,133,33,577,281,296,8,3,5,508,230,278,5,1,4,56,47,9,568,276,292,7,3,4,500,225,275,5,1,4,56,47,9,9,5,4,1,0,1,8,5,3,0,0,0,0,0,0,959,406,553
20,91,Bhongiri,Yadadri Bhuvanagiri,06,Bhongiri,576755,0000,VILLAGE,Baswapur,Rural,623,2643,1336,1307,284,138,146,243,119,124,29,15,14,1390,818,572,1253,518,735,1357,776,581,1189,759,430,436,284,152,410,171,239,22,15,7,321,289,32,168,17,151,2,1,1,163,15,148,0,0,0,3,1,2,126,8,118,2,1,1,121,6,115,0,0,0,3,1,2,42,9,33,0,0,0,42,9,33,0,0,0,0,0,0,1286,560,726
20,91,Bhongiri,Yadadri Bhuvanagiri,06,Bhongiri,576756,0000,VILLAGE,Rayagiri,Rural,1995,8163,4155,4008,847,450,397,1216,620,596,105,47,58,5049,2879,2170,3114,1276,1838,3896,2335,1561,3092,1979,1113,485,337,148,926,320,606,62,44,18,1619,1278,341,804,356,448,58,36,22,350,130,220,36,25,11,360,165,195,775,347,428,58,36,22,347,130,217,34,24,10,336,157,179,29,9,20,0,0,0,3,0,3,2,1,1,24,8,16,4267,1820,2447
20,91,Bhongiri,Yadadri Bhuvanagiri,06,Bhongiri,576757,0000,VILLAGE,Kesaram,Rural,261,1083,524,559,97,40,57,372,168,204,0,0,0,663,389,274,420,135,285,538,311,227,515,308,207,97,67,30,242,93,149,1,1,0,175,147,28,23,3,20,4,0,4,17,3,14,0,0,0,2,0,2,22,3,19,4,0,4,16,3,13,0,0,0,2,0,2,1,0,1,0,0,0,1,0,1,0,0,0,0,0,0,545,213,332
20,91,Bhongiri,Yadadri Bhuvanagiri,06,Bhongiri,576758,0000,VILLAGE,Kunoor,Rural,335,1252,651,601,133,70,63,316,177,139,16,8,8,733,443,290,519,208,311,614,353,261,570,347,223,147,104,43,255,105,150,2,2,0,166,136,30,44,6,38,2,1,1,38,3,35,0,0,0,4,2,2,38,6,32,1,1,0,35,3,32,0,0,0,2,2,0,6,0,6,1,0,1,3,0,3,0,0,0,2,0,2,638,298,340
20,91,Bhongiri,Yadadri Bhuvanagiri,06,Bhongiri,576759,0000,VILLAGE,Chandupatla,Rural,525,2122,1051,1071,182,90,92,322,148,174,4,2,2,999,591,408,1123,460,663,1122,613,509,1060,586,474,210,126,84,608,277,331,44,29,15,198,154,44,62,27,35,3,1,2,29,11,18,14,7,7,16,8,8,56,24,32,1,0,1,26,9,17,14,7,7,15,8,7,6,3,3,2,1,1,3,2,1,0,0,0,1,0,1,1000,438,562
20,91,Bhongiri,Yadadri Bhuvanagiri,06,Bhongiri,576760,0000,VILLAGE,Cheemala Kondur,Rural,319,1252,651,601,97,57,40,301,159,142,30,14,16,752,461,291,500,190,310,732,367,365,624,330,294,69,44,25,368,146,222,38,16,22,149,124,25,108,37,71,5,3,2,71,14,57,8,6,2,24,14,10,102,37,65,4,3,1,70,14,56,7,6,1,21,14,7,6,0,6,1,0,1,1,0,1,1,0,1,3,0,3,520,284,236
20,91,Bhongiri,Yadadri Bhuvanagiri,06,Bhongiri,576761,0000,VILLAGE,Mustyalapalli,Rural,180,735,379,356,69,37,32,213,107,106,0,0,0,420,245,175,315,134,181,376,195,181,367,192,175,185,92,93,100,34,66,7,6,1,75,60,15,9,3,6,0,0,0,6,0,6,0,0,0,3,3,0,6,2,4,0,0,0,4,0,4,0,0,0,2,2,0,3,1,2,0,0,0,2,0,2,0,0,0,1,1,0,359,184,175
20,91,Bhongiri,Yadadri Bhuvanagiri,06,Bhongiri,576762,0000,VILLAGE,Veera Vally,Rural,498,1935,986,949,138,68,70,337,167,170,11,4,7,1049,630,419,886,356,530,1091,584,507,1053,562,491,222,175,47,620,206,414,19,11,8,192,170,22,38,22,16,5,5,0,26,10,16,1,1,0,6,6,0,9,8,1,1,1,0,3,2,1,0,0,0,5,5,0,29,14,15,4,4,0,23,8,15,1,1,0,1,1,0,844,402,442
20,91,Bhongiri,Yadadri Bhuvanagiri,06,Bhongiri,576763,0000,VILLAGE,Banda Somaram,Rural,340,1313,646,667,108,59,49,242,118,124,0,0,0,766,452,314,547,194,353,694,381,313,658,363,295,104,78,26,254,53,201,4,3,1,296,229,67,36,18,18,2,1,1,18,6,12,1,0,1,15,11,4,26,12,14,1,1,0,14,4,10,1,0,1,10,7,3,10,6,4,1,0,1,4,2,2,0,0,0,5,4,1,619,265,354
20,91,Bhongiri,Yadadri Bhuvanagiri,06,Bhongiri,576764,0000,VILLAGE,Gouse Nagar,Rural,230,902,466,436,74,41,33,137,66,71,0,0,0,525,323,202,377,143,234,510,278,232,357,257,100,80,59,21,140,78,62,0,0,0,137,120,17,153,21,132,1,1,0,141,14,127,0,0,0,11,6,5,152,20,132,1,1,0,141,14,127,0,0,0,10,5,5,1,1,0,0,0,0,0,0,0,0,0,0,1,1,0,392,188,204
20,91,Bhongiri,Yadadri Bhuvanagiri,06,Bhongiri,576765,0000,VILLAGE,Yerram Balle,Rural,151,649,324,325,73,38,35,94,45,49,5,3,2,344,207,137,305,117,188,349,193,156,272,154,118,93,47,46,94,37,57,24,18,6,61,52,9,77,39,38,14,8,6,38,14,24,7,2,5,18,15,3,72,37,35,14,8,6,36,13,23,5,2,3,17,14,3,5,2,3,0,0,0,2,1,1,2,0,2,1,1,0,300,131,169
20,91,Bhongiri,Yadadri Bhuvanagiri,06,Bhongiri,576766,0000,VILLAGE,Tukkapur,Rural,498,1919,981,938,207,96,111,396,204,192,5,3,2,978,617,361,941,364,577,1016,574,442,725,437,288,278,161,117,170,37,133,1,1,0,276,238,38,291,137,154,13,10,3,251,106,145,0,0,0,27,21,6,287,135,152,13,10,3,249,106,143,0,0,0,25,19,6,4,2,2,0,0,0,2,0,2,0,0,0,2,2,0,903,407,496
20,91,Bhongiri,Yadadri Bhuvanagiri,06,Bhongiri,576767,0000,VILLAGE,Ramachandrapur,Rural,144,594,280,314,63,29,34,95,42,53,0,0,0,327,181,146,267,99,168,290,156,134,276,149,127,18,11,7,229,120,109,0,0,0,29,18,11,14,7,7,0,0,0,12,5,7,0,0,0,2,2,0,10,5,5,0,0,0,9,4,5,0,0,0,1,1,0,4,2,2,0,0,0,3,1,2,0,0,0,1,1,0,304,124,180
20,91,Bhongiri,Yadadri Bhuvanagiri,06,Bhongiri,576768,0000,VILLAGE,Penchikla Pahad,Rural,170,741,376,365,88,43,45,338,174,164,0,0,0,457,271,186,284,105,179,372,204,168,333,194,139,122,63,59,135,67,68,0,0,0,76,64,12,39,10,29,4,1,3,31,8,23,0,0,0,4,1,3,37,10,27,4,1,3,29,8,21,0,0,0,4,1,3,2,0,2,0,0,0,2,0,2,0,0,0,0,0,0,369,172,197
20,91,Bhongiri,Yadadri Bhuvanagiri,06,Bhongiri,576769,0000,VILLAGE,Anantharam,Rural,459,1965,1016,949,162,88,74,393,193,200,30,16,14,1123,686,437,842,330,512,873,515,358,837,498,339,139,95,44,400,158,242,31,20,11,267,225,42,36,17,19,6,3,3,17,5,12,0,0,0,13,9,4,36,17,19,6,3,3,17,5,12,0,0,0,13,9,4,0,0,0,0,0,0,0,0,0,0,0,0,0,0,0,1092,501,591
20,91,Bhongiri,Yadadri Bhuvanagiri,06,Bhongiri,576770,0000,VILLAGE,Pagidi Palle,Rural,201,1114,727,387,138,102,36,268,139,129,0,0,0,737,548,189,377,179,198,426,238,188,376,217,159,35,21,14,223,104,119,0,0,0,118,92,26,50,21,29,2,2,0,36,15,21,0,0,0,12,4,8,31,9,22,0,0,0,23,6,17,0,0,0,8,3,5,19,12,7,2,2,0,13,9,4,0,0,0,4,1,3,688,489,199
20,91,Bhongiri,Yadadri Bhuvanagiri,06,Bhongiri,576771,0000,VILLAGE,Bommai Palle,Rural,262,1089,541,548,110,51,59,169,88,81,13,6,7,580,340,240,509,201,308,538,316,222,531,313,218,166,90,76,173,62,111,1,1,0,191,160,31,7,3,4,1,0,1,2,1,1,2,1,1,2,1,1,7,3,4,1,0,1,2,1,1,2,1,1,2,1,1,0,0,0,0,0,0,0,0,0,0,0,0,0,0,0,551,225,326
20,91,Bhongiri,Yadadri Bhuvanagiri,06,Bhongiri,576772,0000,VILLAGE,Anjipur,Rural,589,2272,1167,1105,252,139,113,404,205,199,113,53,60,1343,794,549,929,373,556,1168,679,489,1111,675,436,105,80,25,413,120,293,152,105,47,441,370,71,57,4,53,6,2,4,37,1,36,5,0,5,9,1,8,50,4,46,4,2,2,36,1,35,4,0,4,6,1,5,7,0,7,2,0,2,1,0,1,1,0,1,3,0,3,1104,488,616
20,91,Bhongiri,Yadadri Bhuvanagiri,06,Bhongiri,576773,0000,VILLAGE,Nandanam,Rural,594,2449,1213,1236,286,153,133,771,378,393,3,1,2,1369,798,571,1080,415,665,1210,674,536,825,593,232,135,117,18,206,76,130,28,16,12,456,384,72,385,81,304,6,4,2,291,35,256,10,3,7,78,39,39,367,78,289,6,4,2,279,34,245,9,3,6,73,37,36,18,3,15,0,0,0,12,1,11,1,0,1,5,2,3,1239,539,700
20,91,Bhongiri,Yadadri Bhuvanagiri,06,Bhongiri,576774,0000,VILLAGE,Sure Palle,Rural,610,2509,1294,1215,308,159,149,222,110,112,1606,829,777,1235,748,487,1274,546,728,1363,702,661,1136,591,545,812,422,390,238,106,132,16,11,5,70,52,18,227,111,116,13,6,7,152,73,79,12,6,6,50,26,24,207,102,105,11,4,7,136,66,70,10,6,4,50,26,24,20,9,11,2,2,0,16,7,9,2,0,2,0,0,0,1146,592,554
20,91,Bhongiri,Yadadri Bhuvanagiri,06,Bhongiri,576775,0000,VILLAGE,Bolle Palle,Rural,1041,4436,2290,2146,373,188,185,610,301,309,779,461,318,2573,1605,968,1863,685,1178,2154,1125,1029,1857,1042,815,320,245,75,867,331,536,47,34,13,623,432,191,297,83,214,28,18,10,204,42,162,14,3,11,51,20,31,261,62,199,10,4,6,193,38,155,14,3,11,44,17,27,36,21,15,18,14,4,11,4,7,0,0,0,7,3,4,2282,1165,1117
20,91,Bhongiri,Yadadri Bhuvanagiri,06,Bhongiri,576776,0000,VILLAGE,Nagireddipalle,Rural,279,1122,592,530,113,60,53,0,0,0,0,0,0,653,392,261,469,200,269,606,340,266,599,340,259,253,184,69,242,69,173,6,5,1,98,82,16,7,0,7,0,0,0,4,0,4,0,0,0,3,0,3,7,0,7,0,0,0,4,0,4,0,0,0,3,0,3,0,0,0,0,0,0,0,0,0,0,0,0,0,0,0,516,252,264
20,91,Bhongiri,Yadadri Bhuvanagiri,08,Bibinagar,576777,0000,VILLAGE,Rayarao Pet,Rural,329,1366,681,685,151,74,77,231,108,123,0,0,0,941,535,406,425,146,279,622,410,212,388,251,137,54,40,14,139,42,97,5,4,1,190,165,25,234,159,75,7,6,1,33,16,17,106,59,47,88,78,10,214,146,68,7,6,1,27,16,11,105,58,47,75,66,9,20,13,7,0,0,0,6,0,6,1,1,0,13,12,1,744,271,473
20,91,Bhongiri,Yadadri Bhuvanagiri,08,Bibinagar,576778,0000,VILLAGE,Jameelapet,Rural,292,1340,664,676,186,91,95,307,154,153,8,3,5,707,406,301,633,258,375,637,377,260,513,340,173,53,43,10,214,99,115,6,2,4,240,196,44,124,37,87,2,0,2,113,30,83,1,1,0,8,6,2,124,37,87,2,0,2,113,30,83,1,1,0,8,6,2,0,0,0,0,0,0,0,0,0,0,0,0,0,0,0,703,287,416
20,91,Bhongiri,Yadadri Bhuvanagiri,08,Bibinagar,576779,0000,VILLAGE,Jiyapalle,Rural,270,1248,643,605,184,106,78,91,37,54,79,42,37,665,380,285,583,263,320,565,371,194,251,164,87,45,35,10,90,34,56,5,4,1,111,91,20,314,207,107,0,0,0,115,33,82,6,5,1,193,169,24,313,206,107,0,0,0,114,32,82,6,5,1,193,169,24,1,1,0,0,0,0,1,1,0,0,0,0,0,0,0,683,272,411
20,91,Bhongiri,Yadadri Bhuvanagiri,08,Bibinagar,576780,0000,VILLAGE,Mahadevpur,Rural,79,350,174,176,38,18,20,114,57,57,0,0,0,205,122,83,145,52,93,168,115,53,168,115,53,28,17,11,62,24,38,0,0,0,78,74,4,0,0,0,0,0,0,0,0,0,0,0,0,0,0,0,0,0,0,0,0,0,0,0,0,0,0,0,0,0,0,0,0,0,0,0,0,0,0,0,0,0,0,0,0,0,182,59,123
20,91,Bhongiri,Yadadri Bhuvanagiri,08,Bibinagar,576781,0000,VILLAGE,Kondamadugu,Rural,1154,4746,2414,2332,497,264,233,842,422,420,71,33,38,2900,1696,1204,1846,718,1128,2205,1455,750,2154,1431,723,198,148,50,654,286,368,23,13,10,1279,984,295,51,24,27,3,1,2,16,4,12,5,2,3,27,17,10,40,17,23,3,1,2,12,2,10,4,1,3,21,13,8,11,7,4,0,0,0,4,2,2,1,1,0,6,4,2,2541,959,1582
20,91,Bhongiri,Yadadri Bhuvanagiri,08,Bibinagar,576782,0000,VILLAGE,Jainpalle,Rural,329,1421,729,692,116,58,58,197,106,91,8,3,5,804,503,301,617,226,391,709,445,264,626,394,232,113,81,32,376,194,182,9,9,0,128,110,18,83,51,32,7,3,4,37,15,22,2,2,0,37,31,6,79,48,31,7,3,4,37,15,22,2,2,0,33,28,5,4,3,1,0,0,0,0,0,0,0,0,0,4,3,1,712,284,428
20,91,Bhongiri,Yadadri Bhuvanagiri,08,Bibinagar,576783,0000,VILLAGE,Gudur,Rural,657,2751,1362,1389,252,132,120,591,286,305,40,19,21,1678,964,714,1073,398,675,1045,753,292,845,669,176,187,165,22,102,54,48,7,4,3,549,446,103,200,84,116,1,0,1,126,50,76,4,2,2,69,32,37,185,80,105,0,0,0,115,47,68,4,2,2,66,31,35,15,4,11,1,0,1,11,3,8,0,0,0,3,1,2,1706,609,1097
20,91,Bhongiri,Yadadri Bhuvanagiri,08,Bibinagar,576784,0000,VILLAGE,Rangapur,Rural,82,341,179,162,46,30,16,192,105,87,0,0,0,194,107,87,147,72,75,127,88,39,110,88,22,10,9,1,3,1,2,0,0,0,97,78,19,17,0,17,6,0,6,6,0,6,0,0,0,5,0,5,14,0,14,5,0,5,4,0,4,0,0,0,5,0,5,3,0,3,1,0,1,2,0,2,0,0,0,0,0,0,214,91,123
20,91,Bhongiri,Yadadri Bhuvanagiri,08,Bibinagar,576785,0000,VILLAGE,Bagdayara,Rural,66,273,137,136,37,23,14,0,0,0,0,0,0,191,101,90,82,36,46,134,77,57,3,3,0,1,1,0,0,0,0,0,0,0,2,2,0,131,74,57,24,19,5,55,25,30,0,0,0,52,30,22,24,10,14,5,4,1,7,1,6,0,0,0,12,5,7,107,64,43,19,15,4,48,24,24,0,0,0,40,25,15,139,60,79
20,91,Bhongiri,Yadadri Bhuvanagiri,08,Bibinagar,576786,0000,VILLAGE,Nemarugomula,Rural,387,1711,882,829,212,115,97,287,141,146,413,213,200,984,595,389,727,287,440,808,514,294,505,387,118,108,74,34,52,36,16,17,15,2,328,262,66,303,127,176,7,4,3,271,111,160,2,1,1,23,11,12,88,22,66,6,4,2,67,11,56,2,1,1,13,6,7,215,105,110,1,0,1,204,100,104,0,0,0,10,5,5,903,368,535
20,91,Bhongiri,Yadadri Bhuvanagiri,08,Bibinagar,576787,0000,VILLAGE,Padamati Somaram,Rural,354,1449,720,729,195,91,104,315,162,153,25,11,14,818,469,349,631,251,380,694,410,284,419,288,131,43,39,4,180,88,92,56,40,16,140,121,19,275,122,153,1,1,0,41,13,28,151,63,88,82,45,37,186,77,109,1,1,0,14,3,11,129,51,78,42,22,20,89,45,44,0,0,0,27,10,17,22,12,10,40,23,17,755,310,445
20,91,Bhongiri,Yadadri Bhuvanagiri,08,Bibinagar,576788,0000,VILLAGE,Venkiryal,Rural,1028,4278,2174,2104,500,255,245,795,392,403,31,15,16,2298,1333,965,1980,841,1139,1995,1181,814,1534,1090,444,270,248,22,782,418,364,11,9,2,471,415,56,461,91,370,19,9,10,398,56,342,2,1,1,42,25,17,440,85,355,18,9,9,385,55,330,2,1,1,35,20,15,21,6,15,1,0,1,13,1,12,0,0,0,7,5,2,2283,993,1290
20,91,Bhongiri,Yadadri Bhuvanagiri,08,Bibinagar,576789,0000,VILLAGE,Maktha Anantharam,Rural,286,1325,644,681,161,81,80,99,42,57,7,4,3,673,399,274,652,245,407,827,396,431,749,372,377,144,72,72,463,218,245,24,12,12,118,70,48,78,24,54,12,4,8,50,17,33,5,1,4,11,2,9,73,23,50,11,4,7,48,16,32,4,1,3,10,2,8,5,1,4,1,0,1,2,1,1,1,0,1,1,0,1,498,248,250
20,91,Bhongiri,Yadadri Bhuvanagiri,08,Bibinagar,576790,0000,VILLAGE,Rudravelly,Rural,259,1085,559,526,130,63,67,281,141,140,4,3,1,587,349,238,498,210,288,547,332,215,468,317,151,105,82,23,138,61,77,1,1,0,224,173,51,79,15,64,8,0,8,63,8,55,0,0,0,8,7,1,67,12,55,7,0,7,54,7,47,0,0,0,6,5,1,12,3,9,1,0,1,9,1,8,0,0,0,2,2,0,538,227,311
20,91,Bhongiri,Yadadri Bhuvanagiri,08,Bibinagar,576791,0000,VILLAGE,Raghavapur,Rural,535,2205,1119,1086,240,119,121,462,224,238,55,30,25,1328,784,544,877,335,542,1029,618,411,714,504,210,156,97,59,127,44,83,17,13,4,414,350,64,315,114,201,2,1,1,208,48,160,3,0,3,102,65,37,295,108,187,2,1,1,197,46,151,2,0,2,94,61,33,20,6,14,0,0,0,11,2,9,1,0,1,8,4,4,1176,501,675
20,91,Bhongiri,Yadadri Bhuvanagiri,08,Bibinagar,576792,0000,VILLAGE,Raheem Khan Guda,Rural,182,764,397,367,84,44,40,344,176,168,0,0,0,465,291,174,299,106,193,353,229,124,350,227,123,27,18,9,167,70,97,1,0,1,155,139,16,3,2,1,0,0,0,2,1,1,0,0,0,1,1,0,3,2,1,0,0,0,2,1,1,0,0,0,1,1,0,0,0,0,0,0,0,0,0,0,0,0,0,0,0,0,411,168,243
20,91,Bhongiri,Yadadri Bhuvanagiri,08,Bibinagar,576793,0000,VILLAGE,Brahmanapalle,Rural,563,2319,1163,1156,272,130,142,359,182,177,446,224,222,1333,765,568,986,398,588,1095,657,438,949,602,347,157,94,63,413,198,215,21,11,10,358,299,59,146,55,91,5,1,4,104,36,68,4,1,3,33,17,16,107,46,61,5,1,4,75,31,44,2,0,2,25,14,11,39,9,30,0,0,0,29,5,24,2,1,1,8,3,5,1224,506,718
20,91,Bhongiri,Yadadri Bhuvanagiri,08,Bibinagar,576794,0000,VILLAGE,Annampatla,Rural,207,909,469,440,92,49,43,188,100,88,68,38,30,543,313,230,366,156,210,379,265,114,357,250,107,193,122,71,9,1,8,2,1,1,153,126,27,22,15,7,1,0,1,1,0,1,1,1,0,19,14,5,22,15,7,1,0,1,1,0,1,1,1,0,19,14,5,0,0,0,0,0,0,0,0,0,0,0,0,0,0,0,530,204,326
20,91,Bhongiri,Yadadri Bhuvanagiri,08,Bibinagar,576795,0000,VILLAGE,Maqdoompalle,Rural,447,1775,890,885,167,91,76,224,117,107,13,7,6,996,558,438,779,332,447,893,495,398,533,380,153,218,152,66,138,78,60,40,33,7,137,117,20,360,115,245,13,7,6,294,75,219,32,18,14,21,15,6,165,86,79,10,6,4,113,52,61,28,16,12,14,12,2,195,29,166,3,1,2,181,23,158,4,2,2,7,3,4,882,395,487
20,91,Bhongiri,Yadadri Bhuvanagiri,08,Bibinagar,576796,0000,VILLAGE,Chinnaravulapalli,Rural,902,3644,1867,1777,412,200,212,570,289,281,604,314,290,1962,1164,798,1682,703,979,1659,1012,647,1314,903,411,182,157,25,438,173,265,14,11,3,680,562,118,345,109,236,6,2,4,161,24,137,1,1,0,177,82,95,208,45,163,2,0,2,143,18,125,0,0,0,63,27,36,137,64,73,4,2,2,18,6,12,1,1,0,114,55,59,1985,855,1130
20,91,Bhongiri,Yadadri Bhuvanagiri,08,Bibinagar,576797,0000,VILLAGE,Ravi Pahad,Rural,263,1070,555,515,141,69,72,67,35,32,594,306,288,501,324,177,569,231,338,539,304,235,147,127,20,38,32,6,7,2,5,2,1,1,100,92,8,392,177,215,16,6,10,327,139,188,13,4,9,36,28,8,320,160,160,16,6,10,267,125,142,7,3,4,30,26,4,72,17,55,0,0,0,60,14,46,6,1,5,6,2,4,531,251,280
20,91,Bhongiri,Yadadri Bhuvanagiri,08,Bibinagar,576798,0000,VILLAGE,Gurrala Dandi,Rural,416,1837,951,886,253,139,114,117,64,53,1587,823,764,723,439,284,1114,512,602,988,528,460,671,374,297,238,196,42,305,70,235,18,12,6,110,96,14,317,154,163,48,46,2,224,70,154,3,2,1,42,36,6,168,139,29,43,42,1,82,61,21,3,2,1,40,34,6,149,15,134,5,4,1,142,9,133,0,0,0,2,2,0,849,423,426
20,91,Bhongiri,Yadadri Bhuvanagiri,08,Bibinagar,576799,0000,VILLAGE,Jam Palle,Rural,333,1148,592,556,150,88,62,106,63,43,568,295,273,508,311,197,640,281,359,671,347,324,657,343,314,174,113,61,418,179,239,0,0,0,65,51,14,14,4,10,3,0,3,7,1,6,0,0,0,4,3,1,11,4,7,3,0,3,5,1,4,0,0,0,3,3,0,3,0,3,0,0,0,2,0,2,0,0,0,1,0,1,477,245,232
20,91,Bhongiri,Yadadri Bhuvanagiri,08,Bibinagar,576800,0000,VILLAGE,Madharam,Rural,219,823,415,408,66,33,33,6,4,2,42,21,21,463,282,181,360,133,227,448,242,206,293,207,86,129,76,53,18,3,15,6,5,1,140,123,17,155,35,120,5,1,4,138,27,111,0,0,0,12,7,5,130,31,99,5,1,4,114,24,90,0,0,0,11,6,5,25,4,21,0,0,0,24,3,21,0,0,0,1,1,0,375,173,202
20,92,Choutuppal,Yadadri Bhuvanagiri,09,Pochampalle,576802,0000,VILLAGE,Pillaipalle,Rural,710,3110,1596,1514,416,211,205,769,395,374,79,42,37,1713,1019,694,1397,577,820,1414,935,479,894,734,160,186,158,28,177,128,49,18,13,5,513,435,78,520,201,319,22,4,18,366,103,263,14,4,10,118,90,28,489,192,297,18,3,15,343,97,246,13,3,10,115,89,26,31,9,22,4,1,3,23,6,17,1,1,0,3,1,2,1696,661,1035
20,92,Choutuppal,Yadadri Bhuvanagiri,09,Pochampalle,576803,0000,VILLAGE,Alinagar,Rural,160,694,376,318,86,51,35,0,0,0,40,21,19,382,244,138,312,132,180,335,197,138,324,193,131,58,57,1,184,69,115,3,1,2,79,66,13,11,4,7,0,0,0,9,2,7,0,0,0,2,2,0,10,4,6,0,0,0,8,2,6,0,0,0,2,2,0,1,0,1,0,0,0,1,0,1,0,0,0,0,0,0,359,179,180
20,92,Choutuppal,Yadadri Bhuvanagiri,09,Pochampalle,576804,0000,VILLAGE,Julur,Rural,1223,5143,2639,2504,525,287,238,1332,682,650,31,19,12,2866,1733,1133,2277,906,1371,2669,1534,1135,2568,1486,1082,594,324,270,1317,598,719,12,8,4,645,556,89,101,48,53,11,3,8,52,12,40,0,0,0,38,33,5,71,33,38,11,3,8,32,6,26,0,0,0,28,24,4,30,15,15,0,0,0,20,6,14,0,0,0,10,9,1,2474,1105,1369
20,92,Choutuppal,Yadadri Bhuvanagiri,09,Pochampalle,576805,0000,VILLAGE,Khapraipalle,Rural,422,1733,903,830,169,99,70,105,56,49,20,13,7,995,579,416,738,324,414,875,506,369,798,497,301,192,118,74,346,146,200,17,8,9,243,225,18,77,9,68,1,1,0,70,3,67,0,0,0,6,5,1,74,7,67,0,0,0,69,3,66,0,0,0,5,4,1,3,2,1,1,1,0,1,0,1,0,0,0,1,1,0,858,397,461
20,92,Choutuppal,Yadadri Bhuvanagiri,09,Pochampalle,576806,0000,VILLAGE,Peddaravulapalle,Rural,465,1947,998,949,213,114,99,363,182,181,18,7,11,1096,654,442,851,344,507,987,546,441,802,495,307,178,138,40,470,219,251,20,18,2,134,120,14,185,51,134,9,5,4,139,21,118,4,2,2,33,23,10,174,48,126,6,4,2,131,19,112,4,2,2,33,23,10,11,3,8,3,1,2,8,2,6,0,0,0,0,0,0,960,452,508
20,92,Choutuppal,Yadadri Bhuvanagiri,09,Pochampalle,576807,0000,VILLAGE,Indriyala,Rural,1014,4313,2193,2120,435,236,199,776,395,381,413,197,216,2480,1452,1028,1833,741,1092,2202,1264,938,1541,1055,486,574,402,172,660,382,278,14,9,5,293,262,31,661,209,452,22,15,7,404,116,288,19,8,11,216,70,146,514,156,358,18,13,5,294,82,212,15,6,9,187,55,132,147,53,94,4,2,2,110,34,76,4,2,2,29,15,14,2111,929,1182
20,92,Choutuppal,Yadadri Bhuvanagiri,09,Pochampalle,576808,0000,VILLAGE,Ramalingampalle,Rural,107,429,228,201,50,34,16,78,43,35,0,0,0,231,136,95,198,92,106,233,124,109,231,123,108,38,37,1,100,6,94,0,0,0,93,80,13,2,1,1,1,0,1,0,0,0,0,0,0,1,1,0,2,1,1,1,0,1,0,0,0,0,0,0,1,1,0,0,0,0,0,0,0,0,0,0,0,0,0,0,0,0,196,104,92
20,92,Choutuppal,Yadadri Bhuvanagiri,09,Pochampalle,576809,0000,VILLAGE,Gousekonda,Rural,364,1535,776,759,187,100,87,208,111,97,250,118,132,812,466,346,723,310,413,756,451,305,652,418,234,175,115,60,222,111,111,7,1,6,248,191,57,104,33,71,2,2,0,84,18,66,0,0,0,18,13,5,96,29,67,2,2,0,80,16,64,0,0,0,14,11,3,8,4,4,0,0,0,4,2,2,0,0,0,4,2,2,779,325,454
20,92,Choutuppal,Yadadri Bhuvanagiri,09,Pochampalle,576810,0000,VILLAGE,Abdulla Nagar,Rural,16,64,31,33,5,2,3,0,0,0,0,0,0,38,22,16,26,9,17,34,23,11,21,21,0,8,8,0,0,0,0,0,0,0,13,13,0,13,2,11,0,0,0,10,0,10,0,0,0,3,2,1,13,2,11,0,0,0,10,0,10,0,0,0,3,2,1,0,0,0,0,0,0,0,0,0,0,0,0,0,0,0,30,8,22
20,92,Choutuppal,Yadadri Bhuvanagiri,09,Pochampalle,576811,0000,VILLAGE,Mukthapur,Rural,487,2140,1111,1029,239,122,117,510,260,250,21,9,12,1224,738,486,916,373,543,1066,619,447,826,574,252,122,116,6,318,130,188,29,19,10,357,309,48,240,45,195,7,3,4,187,14,173,8,4,4,38,24,14,236,44,192,7,3,4,185,14,171,7,4,3,37,23,14,4,1,3,0,0,0,2,0,2,1,0,1,1,1,0,1074,492,582
20,92,Choutuppal,Yadadri Bhuvanagiri,09,Pochampalle,576812,0000,VILLAGE,Jagatth Palle,Rural,194,748,386,362,66,39,27,9,6,3,0,0,0,386,231,155,362,155,207,390,218,172,160,111,49,79,46,33,18,7,11,0,0,0,63,58,5,230,107,123,55,19,36,87,17,70,0,0,0,88,71,17,204,96,108,54,19,35,75,15,60,0,0,0,75,62,13,26,11,15,1,0,1,12,2,10,0,0,0,13,9,4,358,168,190
20,92,Choutuppal,Yadadri Bhuvanagiri,09,Pochampalle,576813,0000,VILLAGE,Deshmukhi,Rural,532,2610,1574,1036,285,167,118,193,106,87,12,6,6,1707,1174,533,903,400,503,1042,671,371,672,501,171,62,49,13,82,44,38,25,17,8,503,391,112,370,170,200,7,5,2,106,23,83,11,6,5,246,136,110,349,163,186,6,5,1,98,21,77,8,5,3,237,132,105,21,7,14,1,0,1,8,2,6,3,1,2,9,4,5,1568,903,665
20,92,Choutuppal,Yadadri Bhuvanagiri,09,Pochampalle,576814,0000,VILLAGE,Revanpalle,Rural,447,1898,965,933,195,99,96,387,197,190,4,2,2,1122,667,455,776,298,478,873,541,332,638,500,138,196,157,39,148,69,79,60,53,7,234,221,13,235,41,194,2,0,2,207,24,183,1,1,0,25,16,9,156,39,117,2,0,2,129,22,107,1,1,0,24,16,8,79,2,77,0,0,0,78,2,76,0,0,0,1,0,1,1025,424,601
20,92,Choutuppal,Yadadri Bhuvanagiri,09,Pochampalle,576815,0000,VILLAGE,Danthur,Rural,305,1312,679,633,187,92,95,17,7,10,10,3,7,742,457,285,570,222,348,687,389,298,668,378,290,64,48,16,319,103,216,7,6,1,278,221,57,19,11,8,1,1,0,4,0,4,0,0,0,14,10,4,19,11,8,1,1,0,4,0,4,0,0,0,14,10,4,0,0,0,0,0,0,0,0,0,0,0,0,0,0,0,625,290,335
20,92,Choutuppal,Yadadri Bhuvanagiri,09,Pochampalle,576816,0000,VILLAGE,VankaMamidi,Rural,324,1376,707,669,170,93,77,353,179,174,12,6,6,819,498,321,557,209,348,526,379,147,509,372,137,79,68,11,212,108,104,3,3,0,215,193,22,17,7,10,2,0,2,8,1,7,0,0,0,7,6,1,17,7,10,2,0,2,8,1,7,0,0,0,7,6,1,0,0,0,0,0,0,0,0,0,0,0,0,0,0,0,850,328,522
20,92,Choutuppal,Yadadri Bhuvanagiri,09,Pochampalle,576817,0000,VILLAGE,Dharma Reddi Palle,Rural,186,805,412,393,76,36,40,158,75,83,15,10,5,480,288,192,325,124,201,388,231,157,383,229,154,70,59,11,191,60,131,0,0,0,122,110,12,5,2,3,0,0,0,5,2,3,0,0,0,0,0,0,5,2,3,0,0,0,5,2,3,0,0,0,0,0,0,0,0,0,0,0,0,0,0,0,0,0,0,0,0,0,417,181,236
20,92,Choutuppal,Yadadri Bhuvanagiri,09,Pochampalle,576818,0000,VILLAGE,Kanumukala,Rural,252,932,463,469,78,42,36,241,125,116,8,4,4,481,280,201,451,183,268,453,269,184,440,267,173,77,75,2,239,80,159,0,0,0,124,112,12,13,2,11,1,0,1,2,0,2,0,0,0,10,2,8,8,1,7,1,0,1,2,0,2,0,0,0,5,1,4,5,1,4,0,0,0,0,0,0,0,0,0,5,1,4,479,194,285
20,92,Choutuppal,Yadadri Bhuvanagiri,09,Pochampalle,576819,0000,VILLAGE,Bheeman Palle,Rural,334,1438,746,692,157,83,74,228,116,112,13,4,9,850,518,332,588,228,360,772,444,328,525,348,177,178,135,43,186,88,98,13,9,4,148,116,32,247,96,151,13,4,9,160,53,107,7,1,6,67,38,29,206,72,134,11,2,9,127,37,90,6,0,6,62,33,29,41,24,17,2,2,0,33,16,17,1,1,0,5,5,0,666,302,364
20,92,Choutuppal,Yadadri Bhuvanagiri,09,Pochampalle,576820,0000,VILLAGE,Jalalpur,Rural,313,1445,763,682,141,77,64,296,166,130,20,11,9,949,565,384,496,198,298,622,385,237,503,372,131,60,49,11,29,5,24,15,9,6,399,309,90,119,13,106,1,0,1,88,4,84,5,2,3,25,7,18,116,12,104,1,0,1,87,4,83,5,2,3,23,6,17,3,1,2,0,0,0,1,0,1,0,0,0,2,1,1,823,378,445
20,92,Choutuppal,Yadadri Bhuvanagiri,09,Pochampalle,576821,0000,VILLAGE,Mehar Nagar,Rural,220,866,452,414,102,54,48,378,195,183,0,0,0,465,292,173,401,160,241,468,253,215,414,243,171,69,44,25,84,11,73,0,0,0,261,188,73,54,10,44,5,2,3,9,2,7,0,0,0,40,6,34,33,9,24,5,2,3,8,2,6,0,0,0,20,5,15,21,1,20,0,0,0,1,0,1,0,0,0,20,1,19,398,199,199
20,92,Choutuppal,Yadadri Bhuvanagiri,09,Pochampalle,576822,0000,VILLAGE,Hyderpur,Rural,69,289,143,146,29,14,15,3,1,2,0,0,0,179,102,77,110,41,69,177,94,83,86,76,10,44,38,6,3,3,0,0,0,0,39,35,4,91,18,73,0,0,0,87,15,72,3,2,1,1,1,0,87,16,71,0,0,0,86,15,71,0,0,0,1,1,0,4,2,2,0,0,0,1,0,1,3,2,1,0,0,0,112,49,63
20,92,Choutuppal,Yadadri Bhuvanagiri,09,Pochampalle,576823,0000,VILLAGE,Jiblak Palle,Rural,825,3262,1709,1553,407,226,181,765,396,369,1,0,1,1762,1097,665,1500,612,888,1656,952,704,1505,908,597,250,165,85,588,241,347,47,18,29,620,484,136,151,44,107,1,0,1,83,13,70,8,3,5,59,28,31,116,35,81,1,0,1,67,8,59,4,3,1,44,24,20,35,9,26,0,0,0,16,5,11,4,0,4,15,4,11,1606,757,849
20,92,Choutuppal,Yadadri Bhuvanagiri,10,Choutuppal,576825,0000,VILLAGE,Tupranpet,Rural,360,1501,829,672,175,87,88,204,99,105,3,3,0,862,563,299,639,266,373,709,432,277,669,424,245,98,77,21,123,18,105,12,6,6,436,323,113,40,8,32,0,0,0,21,1,20,9,0,9,10,7,3,18,7,11,0,0,0,8,1,7,2,0,2,8,6,2,22,1,21,0,0,0,13,0,13,7,0,7,2,1,1,792,397,395
20,92,Choutuppal,Yadadri Bhuvanagiri,10,Choutuppal,576826,0000,VILLAGE,Malkapur,Rural,841,3665,1832,1833,520,268,252,1058,520,538,10,5,5,2073,1195,878,1592,637,955,1479,946,533,1286,882,404,275,195,80,249,69,180,31,20,11,731,598,133,193,64,129,6,0,6,154,55,99,8,1,7,25,8,17,187,64,123,6,0,6,149,55,94,7,1,6,25,8,17,6,0,6,0,0,0,5,0,5,1,0,1,0,0,0,2186,886,1300
20,92,Choutuppal,Yadadri Bhuvanagiri,10,Choutuppal,576827,0000,VILLAGE,Allapur,Rural,147,687,343,344,75,39,36,137,71,66,0,0,0,397,220,177,290,123,167,370,215,155,365,213,152,143,74,69,81,31,50,8,7,1,133,101,32,5,2,3,2,1,1,1,0,1,0,0,0,2,1,1,5,2,3,2,1,1,1,0,1,0,0,0,2,1,1,0,0,0,0,0,0,0,0,0,0,0,0,0,0,0,317,128,189
20,92,Choutuppal,Yadadri Bhuvanagiri,10,Choutuppal,576828,0000,VILLAGE,Peepal_Pahad,Rural,678,2789,1413,1376,344,173,171,448,212,236,639,328,311,1408,838,570,1381,575,806,1421,766,655,1067,719,348,227,200,27,195,66,129,7,3,4,638,450,188,354,47,307,183,18,165,33,2,31,2,0,2,136,27,109,309,40,269,183,18,165,29,0,29,0,0,0,97,22,75,45,7,38,0,0,0,4,2,2,2,0,2,39,5,34,1368,647,721
20,92,Choutuppal,Yadadri Bhuvanagiri,10,Choutuppal,576829,0000,VILLAGE,Devalammanagaram,Rural,1541,6321,3253,3068,592,294,298,821,425,396,23,11,12,3961,2366,1595,2360,887,1473,2986,1859,1127,2870,1807,1063,348,212,136,427,191,236,785,481,304,1310,923,387,116,52,64,17,8,9,21,2,19,26,12,14,52,30,22,93,42,51,14,5,9,16,1,15,22,11,11,41,25,16,23,10,13,3,3,0,5,1,4,4,1,3,11,5,6,3335,1394,1941
20,92,Choutuppal,Yadadri Bhuvanagiri,10,Choutuppal,576830,0000,VILLAGE,Khairathpur,Rural,220,832,436,396,99,47,52,225,114,111,3,1,2,447,284,163,385,152,233,399,242,157,352,229,123,42,40,2,145,46,99,13,11,2,152,132,20,47,13,34,7,2,5,20,0,20,3,0,3,17,11,6,37,10,27,7,2,5,15,0,15,2,0,2,13,8,5,10,3,7,0,0,0,5,0,5,1,0,1,4,3,1,433,194,239
20,92,Choutuppal,Yadadri Bhuvanagiri,10,Choutuppal,576831,0000,VILLAGE,Yellagiri,Rural,258,964,500,464,125,65,60,4,2,2,0,0,0,508,310,198,456,190,266,490,261,229,180,120,60,126,73,53,7,4,3,0,0,0,47,43,4,310,141,169,17,9,8,285,128,157,0,0,0,8,4,4,309,141,168,17,9,8,284,128,156,0,0,0,8,4,4,1,0,1,0,0,0,1,0,1,0,0,0,0,0,0,474,239,235
20,92,Choutuppal,Yadadri Bhuvanagiri,10,Choutuppal,576832,0000,VILLAGE,Lakkaram,Rural,954,3945,2024,1921,525,278,247,674,339,335,51,23,28,2282,1341,941,1663,683,980,1799,1123,676,1713,1107,606,283,168,115,567,243,324,39,23,16,824,673,151,86,16,70,2,1,1,74,9,65,0,0,0,10,6,4,79,12,67,1,0,1,69,7,62,0,0,0,9,5,4,7,4,3,1,1,0,5,2,3,0,0,0,1,1,0,2146,901,1245
20,92,Choutuppal,Yadadri Bhuvanagiri,10,Choutuppal,576833,0000,VILLAGE,Chinnakondur,Rural,1518,6062,3094,2968,603,313,290,1176,607,569,17,9,8,3449,2077,1372,2613,1017,1596,2931,1733,1198,2472,1610,862,682,423,259,783,320,463,54,43,11,953,824,129,459,123,336,44,6,38,298,50,248,19,4,15,98,63,35,408,112,296,41,4,37,261,46,215,15,4,11,91,58,33,51,11,40,3,2,1,37,4,33,4,0,4,7,5,2,3131,1361,1770
20,92,Choutuppal,Yadadri Bhuvanagiri,10,Choutuppal,576834,0000,VILLAGE,Nelapatla,Rural,747,3052,1566,1486,303,141,162,157,88,69,29,27,2,1901,1135,766,1151,431,720,1503,851,652,1099,798,301,133,94,39,149,44,105,240,163,77,577,497,80,404,53,351,24,3,21,206,22,184,75,4,71,99,24,75,380,47,333,22,2,20,201,21,180,68,3,65,89,21,68,24,6,18,2,1,1,5,1,4,7,1,6,10,3,7,1549,715,834
20,92,Choutuppal,Yadadri Bhuvanagiri,10,Choutuppal,576835,0000,VILLAGE,Jaikesaram,Rural,750,3065,1571,1494,280,146,134,382,195,187,4,3,1,1779,1081,698,1286,490,796,1557,898,659,1482,881,601,216,149,67,485,96,389,43,31,12,738,605,133,75,17,58,1,0,1,18,3,15,2,1,1,54,13,41,27,10,17,1,0,1,13,2,11,1,1,0,12,7,5,48,7,41,0,0,0,5,1,4,1,0,1,42,6,36,1508,673,835
20,92,Choutuppal,Yadadri Bhuvanagiri,10,Choutuppal,576836,0000,VILLAGE,Swamulavari_Lingotam,Rural,608,2629,1345,1284,282,148,134,417,205,212,26,15,11,1565,928,637,1064,417,647,1270,764,506,1076,750,326,143,116,27,255,89,166,141,87,54,537,458,79,194,14,180,6,2,4,132,5,127,22,3,19,34,4,30,193,14,179,6,2,4,131,5,126,22,3,19,34,4,30,1,0,1,0,0,0,1,0,1,0,0,0,0,0,0,1359,581,778
20,92,Choutuppal,Yadadri Bhuvanagiri,10,Choutuppal,576837,0000,VILLAGE,Tallasingaram,Rural,389,1597,785,812,165,78,87,434,213,221,7,4,3,919,534,385,678,251,427,747,455,292,557,422,135,81,71,10,130,56,74,7,7,0,339,288,51,190,33,157,4,0,4,146,18,128,2,0,2,38,15,23,180,32,148,4,0,4,143,18,125,2,0,2,31,14,17,10,1,9,0,0,0,3,0,3,0,0,0,7,1,6,850,330,520
20,92,Choutuppal,Yadadri Bhuvanagiri,10,Choutuppal,576838,0000,VILLAGE,TangadPalle,Rural,1719,6940,3509,3431,835,427,408,1366,677,689,19,10,9,4058,2368,1690,2882,1141,1741,3073,1832,1241,2763,1719,1044,249,171,78,1335,566,769,93,67,26,1086,915,171,310,113,197,11,5,6,170,35,135,7,1,6,122,72,50,248,104,144,10,5,5,120,31,89,6,1,5,112,67,45,62,9,53,1,0,1,50,4,46,1,0,1,10,5,5,3867,1677,2190
20,92,Choutuppal,Yadadri Bhuvanagiri,10,Choutuppal,576839,0000,VILLAGE,Lingojiguda,Rural,968,3888,1986,1902,404,200,204,732,370,362,36,18,18,2259,1352,907,1629,634,995,1858,1131,727,1812,1116,696,385,239,146,445,108,337,14,9,5,968,760,208,46,15,31,6,3,3,22,2,20,0,0,0,18,10,8,32,15,17,6,3,3,9,2,7,0,0,0,17,10,7,14,0,14,0,0,0,13,0,13,0,0,0,1,0,1,2030,855,1175
20,92,Choutuppal,Yadadri Bhuvanagiri,10,Choutuppal,576840,0000,VILLAGE,Panthangi,Rural,1549,6307,3229,3078,670,361,309,1087,538,549,26,14,12,3691,2189,1502,2616,1040,1576,3052,1797,1255,2748,1745,1003,584,355,229,882,311,571,34,23,11,1248,1056,192,304,52,252,57,14,43,192,14,178,3,1,2,52,23,29,252,46,206,49,13,36,157,11,146,3,1,2,43,21,22,52,6,46,8,1,7,35,3,32,0,0,0,9,2,7,3255,1432,1823
20,92,Choutuppal,Yadadri Bhuvanagiri,12,Ramannapeta,576842,0000,VILLAGE,Thummalaguda,Rural,1186,4596,2273,2323,414,220,194,895,436,459,40,21,19,2646,1555,1091,1950,718,1232,2369,1312,1057,2276,1266,1010,392,271,121,1126,393,733,59,42,17,699,560,139,93,46,47,14,9,5,49,18,31,4,2,2,26,17,9,70,34,36,12,7,5,31,8,23,3,2,1,24,17,7,23,12,11,2,2,0,18,10,8,1,0,1,2,0,2,2227,961,1266
20,92,Choutuppal,Yadadri Bhuvanagiri,12,Ramannapeta,576843,0000,VILLAGE,Yellanki,Rural,1428,5846,2933,2913,535,260,275,942,477,465,68,33,35,3262,1903,1359,2584,1030,1554,3068,1728,1340,2647,1531,1116,554,431,123,755,189,566,224,123,101,1114,788,326,421,197,224,5,3,2,96,22,74,36,14,22,284,158,126,276,113,163,5,3,2,62,8,54,30,10,20,179,92,87,145,84,61,0,0,0,34,14,20,6,4,2,105,66,39,2778,1205,1573
20,92,Choutuppal,Yadadri Bhuvanagiri,12,Ramannapeta,576844,0000,VILLAGE,Siripuram,Rural,1144,4379,2192,2187,377,199,178,421,211,210,42,22,20,2692,1567,1125,1687,625,1062,2146,1215,931,1366,969,397,192,143,49,250,140,110,410,267,143,514,419,95,780,246,534,104,30,74,284,44,240,269,95,174,123,77,46,752,236,516,104,30,74,279,41,238,255,93,162,114,72,42,28,10,18,0,0,0,5,3,2,14,2,12,9,5,4,2233,977,1256
20,92,Choutuppal,Yadadri Bhuvanagiri,12,Ramannapeta,576845,0000,VILLAGE,Bogaram,Rural,437,1683,828,855,168,85,83,241,119,122,0,0,0,1032,592,440,651,236,415,906,480,426,496,361,135,59,57,2,71,27,44,77,59,18,289,218,71,410,119,291,11,3,8,209,34,175,67,9,58,123,73,50,373,107,266,10,2,8,187,29,158,67,9,58,109,67,42,37,12,25,1,1,0,22,5,17,0,0,0,14,6,8,777,348,429
20,92,Choutuppal,Yadadri Bhuvanagiri,12,Ramannapeta,576846,0000,VILLAGE,Nidhanapalle,Rural,242,858,447,411,89,58,31,217,109,108,0,0,0,441,270,171,417,177,240,438,245,193,435,244,191,89,66,23,217,62,155,0,0,0,129,116,13,3,1,2,0,0,0,3,1,2,0,0,0,0,0,0,2,1,1,0,0,0,2,1,1,0,0,0,0,0,0,1,0,1,0,0,0,1,0,1,0,0,0,0,0,0,420,202,218
20,92,Choutuppal,Yadadri Bhuvanagiri,12,Ramannapeta,576847,0000,VILLAGE,Shobanadripuram,Rural,428,1583,769,814,155,85,70,409,199,210,0,0,0,854,484,370,729,285,444,805,433,372,685,416,269,131,119,12,368,129,239,2,1,1,184,167,17,120,17,103,3,1,2,103,10,93,0,0,0,14,6,8,115,16,99,3,1,2,100,9,91,0,0,0,12,6,6,5,1,4,0,0,0,3,1,2,0,0,0,2,0,2,778,336,442
20,92,Choutuppal,Yadadri Bhuvanagiri,12,Ramannapeta,576848,0000,VILLAGE,Laxma Puram,Rural,442,1872,961,911,137,75,62,321,176,145,11,5,6,1019,585,434,853,376,477,1001,518,483,604,426,178,363,245,118,123,75,48,23,23,0,95,83,12,397,92,305,18,12,6,333,46,287,19,11,8,27,23,4,312,56,256,15,10,5,269,28,241,10,4,6,18,14,4,85,36,49,3,2,1,64,18,46,9,7,2,9,9,0,871,443,428
20,92,Choutuppal,Yadadri Bhuvanagiri,12,Ramannapeta,576849,0000,VILLAGE,Neernemula,Rural,420,1810,910,900,170,93,77,613,317,296,22,14,8,1105,629,476,705,281,424,733,450,283,541,389,152,130,113,17,200,86,114,35,30,5,176,160,16,192,61,131,13,9,4,132,17,115,3,0,3,44,35,9,159,52,107,12,8,4,106,14,92,2,0,2,39,30,9,33,9,24,1,1,0,26,3,23,1,0,1,5,5,0,1077,460,617
20,92,Choutuppal,Yadadri Bhuvanagiri,12,Ramannapeta,576850,0000,VILLAGE,Janampalle,Rural,464,2230,895,1335,180,88,92,309,127,182,29,6,23,1437,583,854,793,312,481,963,498,465,733,444,289,120,119,1,331,95,236,33,20,13,249,210,39,230,54,176,10,6,4,173,26,147,19,4,15,28,18,10,189,41,148,9,5,4,144,21,123,15,2,13,21,13,8,41,13,28,1,1,0,29,5,24,4,2,2,7,5,2,1267,397,870
20,92,Choutuppal,Yadadri Bhuvanagiri,12,Ramannapeta,576851,0000,VILLAGE,Dubbaka,Rural,472,1839,903,936,165,80,85,470,232,238,31,15,16,984,572,412,855,331,524,900,491,409,763,478,285,222,151,71,299,134,165,1,1,0,241,192,49,137,13,124,6,4,2,123,4,119,0,0,0,8,5,3,67,8,59,4,4,0,57,1,56,0,0,0,6,3,3,70,5,65,2,0,2,66,3,63,0,0,0,2,2,0,939,412,527
20,92,Choutuppal,Yadadri Bhuvanagiri,12,Ramannapeta,576852,0000,VILLAGE,Munipanpula,Rural,606,2217,1104,1113,215,113,102,792,394,398,47,23,24,1280,776,504,937,328,609,1035,568,467,772,433,339,93,80,13,417,145,272,20,15,5,242,193,49,263,135,128,4,4,0,147,46,101,1,0,1,111,85,26,247,128,119,4,4,0,143,46,97,1,0,1,99,78,21,16,7,9,0,0,0,4,0,4,0,0,0,12,7,5,1182,536,646
20,92,Choutuppal,Yadadri Bhuvanagiri,12,Ramannapeta,576853,0000,VILLAGE,Palliwada,Rural,446,1947,982,965,265,135,130,862,424,438,4,2,2,972,612,360,975,370,605,902,495,407,826,468,358,119,104,15,488,178,310,0,0,0,219,186,33,76,27,49,5,3,2,52,14,38,0,0,0,19,10,9,58,19,39,4,2,2,40,10,30,0,0,0,14,7,7,18,8,10,1,1,0,12,4,8,0,0,0,5,3,2,1045,487,558
20,92,Choutuppal,Yadadri Bhuvanagiri,12,Ramannapeta,576854,0000,VILLAGE,Iskilla,Rural,415,1584,801,783,167,84,83,449,232,217,0,0,0,812,488,324,772,313,459,824,462,362,789,442,347,147,99,48,500,226,274,3,1,2,139,116,23,35,20,15,7,4,3,20,10,10,0,0,0,8,6,2,26,17,9,4,3,1,14,8,6,0,0,0,8,6,2,9,3,6,3,1,2,6,2,4,0,0,0,0,0,0,760,339,421
20,92,Choutuppal,Yadadri Bhuvanagiri,12,Ramannapeta,576855,0000,VILLAGE,Uthatoor,Rural,389,1390,704,686,147,76,71,466,234,232,7,3,4,794,467,327,596,237,359,763,437,326,515,380,135,186,180,6,118,38,80,10,3,7,201,159,42,248,57,191,1,0,1,215,41,174,0,0,0,32,16,16,143,35,108,0,0,0,123,26,97,0,0,0,20,9,11,105,22,83,1,0,1,92,15,77,0,0,0,12,7,5,627,267,360
20,92,Choutuppal,Yadadri Bhuvanagiri,12,Ramannapeta,576856,0000,VILLAGE,Kakkireni,Rural,614,2473,1256,1217,259,153,106,388,194,194,1,0,1,1268,753,515,1205,503,702,1301,681,620,1205,642,563,325,249,76,722,266,456,17,10,7,141,117,24,96,39,57,8,6,2,78,28,50,3,1,2,7,4,3,62,22,40,3,3,0,51,15,36,2,1,1,6,3,3,34,17,17,5,3,2,27,13,14,1,0,1,1,1,0,1172,575,597
20,92,Choutuppal,Yadadri Bhuvanagiri,12,Ramannapeta,576857,0000,VILLAGE,Yennaram,Rural,490,2017,1046,971,196,112,84,399,198,201,110,59,51,1083,656,427,934,390,544,970,529,441,807,501,306,192,148,44,277,78,199,2,2,0,336,273,63,163,28,135,6,1,5,127,15,112,2,0,2,28,12,16,163,28,135,6,1,5,127,15,112,2,0,2,28,12,16,0,0,0,0,0,0,0,0,0,0,0,0,0,0,0,1047,517,530
20,92,Choutuppal,Yadadri Bhuvanagiri,12,Ramannapeta,576858,0000,VILLAGE,Bachuppala,Rural,107,427,213,214,49,21,28,116,56,60,0,0,0,193,108,85,234,105,129,222,118,104,216,116,100,99,76,23,109,34,75,0,0,0,8,6,2,6,2,4,0,0,0,5,1,4,0,0,0,1,1,0,6,2,4,0,0,0,5,1,4,0,0,0,1,1,0,0,0,0,0,0,0,0,0,0,0,0,0,0,0,0,205,95,110
20,92,Choutuppal,Yadadri Bhuvanagiri,12,Ramannapeta,576859,0000,VILLAGE,Suraram,Rural,267,1059,545,514,93,44,49,259,141,118,0,0,0,535,332,203,524,213,311,605,322,283,588,318,270,296,175,121,184,56,128,25,19,6,83,68,15,17,4,13,2,2,0,14,2,12,0,0,0,1,0,1,11,3,8,2,2,0,9,1,8,0,0,0,0,0,0,6,1,5,0,0,0,5,1,4,0,0,0,1,0,1,454,223,231
20,92,Choutuppal,Yadadri Bhuvanagiri,12,Ramannapeta,576860,0000,VILLAGE,B_Thurkapalle,Rural,163,739,346,393,80,38,42,234,106,128,0,0,0,368,199,169,371,147,224,389,190,199,312,168,144,68,55,13,207,80,127,2,1,1,35,32,3,77,22,55,5,3,2,46,7,39,8,6,2,18,6,12,43,15,28,4,3,1,25,4,21,6,4,2,8,4,4,34,7,27,1,0,1,21,3,18,2,2,0,10,2,8,350,156,194
20,92,Choutuppal,Yadadri Bhuvanagiri,12,Ramannapeta,576861,0000,VILLAGE,Kunkudu Pamula,Rural,201,783,389,394,75,38,37,176,88,88,0,0,0,420,238,182,363,151,212,395,217,178,390,217,173,99,77,22,168,41,127,0,0,0,123,99,24,5,0,5,0,0,0,5,0,5,0,0,0,0,0,0,2,0,2,0,0,0,2,0,2,0,0,0,0,0,0,3,0,3,0,0,0,3,0,3,0,0,0,0,0,0,388,172,216
20,92,Choutuppal,Yadadri Bhuvanagiri,11,Narayanapur,577133,0000,VILLAGE,Rachakonda,Rural,344,1300,682,618,249,144,105,70,35,35,1182,621,561,403,264,139,897,418,479,769,382,387,191,149,42,41,32,9,89,71,18,3,2,1,58,44,14,578,233,345,3,2,1,571,228,343,0,0,0,4,3,1,568,229,339,3,2,1,561,224,337,0,0,0,4,3,1,10,4,6,0,0,0,10,4,6,0,0,0,0,0,0,531,300,231
20,92,Choutuppal,Yadadri Bhuvanagiri,11,Narayanapur,577134,0000,VILLAGE,Mahammadabad,Rural,288,1173,614,559,159,85,74,171,96,75,536,285,251,563,375,188,610,239,371,561,323,238,492,284,208,182,96,86,212,105,107,4,4,0,94,79,15,69,39,30,1,0,1,64,35,29,0,0,0,4,4,0,66,37,29,1,0,1,62,34,28,0,0,0,3,3,0,3,2,1,0,0,0,2,1,1,0,0,0,1,1,0,612,291,321
20,92,Choutuppal,Yadadri Bhuvanagiri,11,Narayanapur,577135,0000,VILLAGE,Guddi_Malkapuram,Rural,237,896,442,454,103,54,49,113,56,57,25,14,11,468,283,185,428,159,269,484,262,222,288,187,101,84,46,38,48,10,38,8,7,1,148,124,24,196,75,121,8,7,1,133,35,98,0,0,0,55,33,22,148,57,91,0,0,0,98,28,70,0,0,0,50,29,21,48,18,30,8,7,1,35,7,28,0,0,0,5,4,1,412,180,232
20,92,Choutuppal,Yadadri Bhuvanagiri,11,Narayanapur,577136,0000,VILLAGE,Kothulapuram,Rural,159,581,280,301,83,44,39,156,75,81,0,0,0,286,166,120,295,114,181,262,145,117,140,124,16,23,20,3,26,21,5,2,2,0,89,81,8,122,21,101,7,1,6,74,5,69,4,0,4,37,15,22,91,15,76,6,1,5,55,4,51,3,0,3,27,10,17,31,6,25,1,0,1,19,1,18,1,0,1,10,5,5,319,135,184
20,92,Choutuppal,Yadadri Bhuvanagiri,11,Narayanapur,577137,0000,VILLAGE,Chimiriyala,Rural,277,1049,530,519,112,61,51,107,57,50,0,0,0,541,317,224,508,213,295,564,319,245,479,306,173,78,58,20,166,44,122,0,0,0,235,204,31,85,13,72,3,1,2,67,5,62,2,2,0,13,5,8,82,12,70,3,1,2,65,5,60,2,2,0,12,4,8,3,1,2,0,0,0,2,0,2,0,0,0,1,1,0,485,211,274
20,92,Choutuppal,Yadadri Bhuvanagiri,11,Narayanapur,577138,0000,VILLAGE,Narayanapur,Rural,1820,7927,3832,4095,784,409,375,1077,492,585,503,171,332,4939,2664,2275,2988,1168,1820,3544,2106,1438,3175,1983,1192,300,233,67,1136,474,662,185,114,71,1554,1162,392,369,123,246,14,2,12,269,86,183,3,0,3,83,35,48,340,114,226,11,2,9,253,83,170,3,0,3,73,29,44,29,9,20,3,0,3,16,3,13,0,0,0,10,6,4,4383,1726,2657
20,92,Choutuppal,Yadadri Bhuvanagiri,11,Narayanapur,577139,0000,VILLAGE,Kankanalgudem,Rural,305,1067,533,534,107,58,49,365,184,181,47,25,22,568,323,245,499,210,289,588,333,255,582,329,253,48,27,21,351,170,181,13,11,2,170,121,49,6,4,2,1,1,0,2,0,2,0,0,0,3,3,0,4,2,2,1,1,0,2,0,2,0,0,0,1,1,0,2,2,0,0,0,0,0,0,0,0,0,0,2,2,0,479,200,279
20,92,Choutuppal,Yadadri Bhuvanagiri,11,Narayanapur,577140,0000,VILLAGE,Kothagudem,Rural,328,1199,605,594,118,62,56,196,99,97,0,0,0,657,395,262,542,210,332,655,346,309,578,321,257,175,95,80,243,102,141,0,0,0,160,124,36,77,25,52,2,2,0,56,9,47,1,1,0,18,13,5,73,24,49,2,2,0,55,9,46,1,1,0,15,12,3,4,1,3,0,0,0,1,0,1,0,0,0,3,1,2,544,259,285
20,92,Choutuppal,Yadadri Bhuvanagiri,11,Narayanapur,577141,0000,VILLAGE,Jangam,Rural,1415,5663,2911,2752,773,419,354,1081,534,547,2321,1226,1095,2610,1612,998,3053,1299,1754,2761,1564,1197,2320,1513,807,298,264,34,1071,449,622,11,8,3,940,792,148,441,51,390,3,2,1,396,30,366,1,0,1,41,19,22,425,43,382,1,0,1,386,28,358,1,0,1,37,15,22,16,8,8,2,2,0,10,2,8,0,0,0,4,4,0,2902,1347,1555
20,92,Choutuppal,Yadadri Bhuvanagiri,11,Narayanapur,577142,0000,VILLAGE,Vailapalle,Rural,1108,4872,2560,2312,623,367,256,222,120,102,3049,1611,1438,2112,1351,761,2760,1209,1551,2521,1326,1195,1964,1188,776,404,263,141,1078,476,602,15,11,4,467,438,29,557,138,419,7,1,6,511,123,388,7,3,4,32,11,21,542,134,408,7,1,6,496,119,377,7,3,4,32,11,21,15,4,11,0,0,0,15,4,11,0,0,0,0,0,0,2351,1234,1117
20,92,Choutuppal,Yadadri Bhuvanagiri,11,Narayanapur,577143,0000,VILLAGE,Chillapuram,Rural,848,3505,1824,1681,457,261,196,237,131,106,1748,925,823,1642,1056,586,1863,768,1095,2028,1059,969,1628,883,745,278,229,49,1023,357,666,16,16,0,311,281,30,400,176,224,36,13,23,249,85,164,6,4,2,109,74,35,319,142,177,27,6,21,193,63,130,3,3,0,96,70,26,81,34,47,9,7,2,56,22,34,3,1,2,13,4,9,1477,765,712
20,92,Choutuppal,Yadadri Bhuvanagiri,11,Narayanapur,577144,0000,VILLAGE,Sarvail,Rural,1957,8084,4433,3651,803,432,371,1970,1044,926,143,96,47,4911,3157,1754,3173,1276,1897,4254,2292,1962,3314,1927,1387,566,392,174,1634,614,1020,55,47,8,1059,874,185,940,365,575,73,34,39,680,214,466,38,11,27,149,106,43,626,237,389,48,23,25,432,116,316,29,7,22,117,91,26,314,128,186,25,11,14,248,98,150,9,4,5,32,15,17,3830,2141,1689
20,92,Choutuppal,Yadadri Bhuvanagiri,11,Narayanapur,577145,0000,VILLAGE,Gujja,Rural,635,2413,1237,1176,236,128,108,547,274,273,5,3,2,1277,768,509,1136,469,667,1571,825,746,1316,706,610,415,247,168,637,254,383,4,3,1,260,202,58,255,119,136,46,23,23,190,90,100,0,0,0,19,6,13,41,11,30,2,0,2,36,11,25,0,0,0,3,0,3,214,108,106,44,23,21,154,79,75,0,0,0,16,6,10,842,412,430
20,92,Choutuppal,Yadadri Bhuvanagiri,11,Narayanapur,577146,0000,VILLAGE,Puttapaka,Rural,1152,4606,2394,2212,421,228,193,678,359,319,32,14,18,2883,1704,1179,1723,690,1033,2888,1584,1304,2179,1308,871,179,125,54,661,314,347,885,490,395,454,379,75,709,276,433,41,6,35,432,176,256,146,51,95,90,43,47,366,96,270,38,4,34,180,42,138,93,22,71,55,28,27,343,180,163,3,2,1,252,134,118,53,29,24,35,15,20,1718,810,908
20,91,Bhongiri,Yadadri Bhuvanagiri,02,Rajapet,576515,0001,WARD,Raghunathpur,Urban,956,4008,2048,1960,353,177,176,705,370,335,0,0,0,2633,1579,1054,1375,469,906,2151,1166,985,1718,988,730,146,114,32,228,81,147,830,440,390,514,353,161,433,178,255,17,9,8,252,98,154,82,30,52,82,41,41,360,148,212,13,6,7,227,91,136,58,20,38,62,31,31,73,30,43,4,3,1,25,7,18,24,10,14,20,10,10,1857,882,975
20,91,Bhongiri,Yadadri Bhuvanagiri,05,Yadagirigutta,576531,0001,WARD,Yadagiripalle(P) U,Urban,3649,15232,7681,7551,1702,890,812,1878,948,930,203,100,103,10267,5795,4472,4965,1886,3079,6328,4265,2063,5494,3949,1545,266,202,64,565,228,337,408,250,158,4255,3269,986,834,316,518,16,7,9,316,83,233,73,24,49,429,202,227,743,273,470,15,7,8,280,69,211,68,23,45,380,174,206,91,43,48,1,0,1,36,14,22,5,1,4,49,28,21,8904,3416,5488
20,91,Bhongiri,Yadadri Bhuvanagiri,08,Bibinagar,576801,0001,WARD,Bibinagar,Urban,1954,8320,4246,4074,951,491,460,1525,800,725,198,99,99,5769,3245,2524,2551,1001,1550,3068,2295,773,2656,2129,527,67,53,14,256,140,116,96,59,37,2237,1877,360,412,166,246,0,0,0,168,49,119,17,4,13,227,113,114,380,155,225,0,0,0,164,47,117,12,1,11,204,107,97,32,11,21,0,0,0,4,2,2,5,3,2,23,6,17,5252,1951,3301
20,92,Choutuppal,Yadadri Bhuvanagiri,09,Pochampalle,576824,0001,WARD,Pochampalle,Urban,3028,12972,6574,6398,1246,634,612,1050,504,546,171,82,89,8558,4958,3600,4414,1616,2798,6062,3720,2342,4569,3107,1462,354,257,97,405,137,268,1114,588,526,2696,2125,571,1493,613,880,96,59,37,401,124,277,429,135,294,567,295,272,1330,547,783,78,50,28,353,106,247,398,131,267,501,260,241,163,66,97,18,9,9,48,18,30,31,4,27,66,35,31,6910,2854,4056
20,92,Choutuppal,Yadadri Bhuvanagiri,10,Choutuppal,576841,0001,WARD,Choutuppal,Urban,4565,19092,9588,9504,2410,1241,1169,1779,877,902,445,222,223,13748,7416,6332,5344,2172,3172,6921,5232,1689,6564,5131,1433,199,136,63,154,66,88,330,196,134,5881,4733,1148,357,101,256,8,1,7,32,2,30,39,1,38,278,97,181,305,84,221,6,1,5,30,2,28,36,1,35,233,80,153,52,17,35,2,0,2,2,0,2,3,0,3,45,17,28,12171,4356,7815
20,92,Choutuppal,Yadadri Bhuvanagiri,12,Ramannapeta,576862,0001,WARD,Ramannapeta,Urban,2427,10202,5186,5016,941,499,442,1708,851,857,118,60,58,7173,4043,3130,3029,1143,1886,4214,2645,1569,3837,2512,1325,279,200,79,757,242,515,201,125,76,2600,1945,655,377,133,244,5,1,4,91,20,71,24,7,17,257,105,152,267,87,180,5,1,4,65,11,54,19,5,14,178,70,108,110,46,64,0,0,0,26,9,17,5,2,3,79,35,44,5988,2541,3447
20,91,Bhongiri,Yadadri Bhuvanagiri,06,Bhongiri,802926,0001,WARD,Bhongir,Urban,6481,28811,14973,13838,3131,1595,1536,3756,2139,1617,633,441,192,20899,11866,9033,7912,3107,4805,10454,7548,2906,9007,6894,2113,113,84,29,450,220,230,362,252,110,8082,6338,1744,1447,654,793,15,9,6,142,28,114,156,62,94,1134,555,579,1078,446,632,14,9,5,134,28,106,115,39,76,815,370,445,369,208,161,1,0,1,8,0,8,41,23,18,319,185,134,18357,7425,10932
20,91,Bhongiri,Yadadri Bhuvanagiri,06,Bhongiri,802926,0002,WARD,Bhongir,Urban,2189,9343,4575,4768,938,493,445,2486,1177,1309,121,52,69,6841,3677,3164,2502,898,1604,3253,2299,954,2782,2076,706,83,68,15,507,298,209,124,90,34,2068,1620,448,471,223,248,8,6,2,134,56,78,26,11,15,303,150,153,408,206,202,8,6,2,121,56,65,25,11,14,254,133,121,63,17,46,0,0,0,13,0,13,1,0,1,49,17,32,6090,2276,3814
20,91,Bhongiri,Yadadri Bhuvanagiri,06,Bhongiri,802926,0003,WARD,Bhongir,Urban,2481,10934,5352,5582,1210,614,596,1081,536,545,45,17,28,8020,4238,3782,2914,1114,1800,3822,2863,959,3559,2728,831,41,36,5,368,150,218,66,32,34,3084,2510,574,263,135,128,2,1,1,45,10,35,10,2,8,206,122,84,186,83,103,2,1,1,34,6,28,10,2,8,140,74,66,77,52,25,0,0,0,11,4,7,0,0,0,66,48,18,7112,2489,4623
20,91,Bhongiri,Yadadri Bhuvanagiri,06,Bhongiri,802926,0004,WARD,Bhongir,Urban,403,1639,826,813,191,101,90,134,68,66,0,0,0,839,504,335,800,322,478,790,498,292,599,453,146,100,79,21,124,67,57,15,12,3,360,295,65,191,45,146,3,2,1,156,32,124,8,1,7,24,10,14,142,39,103,3,2,1,111,27,84,6,1,5,22,9,13,49,6,43,0,0,0,45,5,40,2,0,2,2,1,1,849,328,521
20,91,Bhongiri,Yadadri Bhuvanagiri,06,Bhongiri,802926,0005,WARD,Bhongir,Urban,642,2612,1347,1265,244,119,125,86,42,44,11,5,6,2090,1148,942,522,199,323,901,724,177,868,708,160,21,18,3,17,10,7,34,28,6,796,652,144,33,16,17,0,0,0,3,1,2,3,3,0,27,12,15,27,15,12,0,0,0,2,1,1,2,2,0,23,12,11,6,1,5,0,0,0,1,0,1,1,1,0,4,0,4,1711,623,1088